B_on_W_5.76  also includes: pdf boundaries emin,emax, angmin, angmax....    
 
*  projectile surface binding energy parameter: 5.76 eV     
*  parameter esbparm only added in first of the 84 blocks 
 
 
    5.  10.81   74. 183.84  1.00E+00  0.00E+00  0.00E+00  0.00E+00  5.76E+00   5   0.00

  0.00000E+00  0.00000E+00  0.00000E+00  0.00000E+00  0.00000E+00       0.00000E+00  0.00000E+00

  0.00000E+00  0.00000E+00  0.00000E+00  0.00000E+00  0.00000E+00       0.00000E+00  0.00000E+00
  0.00000E+00  0.00000E+00  0.00000E+00  0.00000E+00  0.00000E+00       0.00000E+00  0.00000E+00
  0.00000E+00  0.00000E+00  0.00000E+00  0.00000E+00  0.00000E+00       0.00000E+00  0.00000E+00
  0.00000E+00  0.00000E+00  0.00000E+00  0.00000E+00  0.00000E+00       0.00000E+00  0.00000E+00
  0.00000E+00  0.00000E+00  0.00000E+00  0.00000E+00  0.00000E+00       0.00000E+00  0.00000E+00

  0.00000E+00  0.00000E+00  0.00000E+00  0.00000E+00  0.00000E+00       0.00000E+00  0.00000E+00
  0.00000E+00  0.00000E+00  0.00000E+00  0.00000E+00  0.00000E+00       0.00000E+00  0.00000E+00
  0.00000E+00  0.00000E+00  0.00000E+00  0.00000E+00  0.00000E+00       0.00000E+00  0.00000E+00
  0.00000E+00  0.00000E+00  0.00000E+00  0.00000E+00  0.00000E+00       0.00000E+00  0.00000E+00
  0.00000E+00  0.00000E+00  0.00000E+00  0.00000E+00  0.00000E+00       0.00000E+00  0.00000E+00
  0.00000E+00  0.00000E+00  0.00000E+00  0.00000E+00  0.00000E+00       0.00000E+00  0.00000E+00
  0.00000E+00  0.00000E+00  0.00000E+00  0.00000E+00  0.00000E+00       0.00000E+00  0.00000E+00
  0.00000E+00  0.00000E+00  0.00000E+00  0.00000E+00  0.00000E+00       0.00000E+00  0.00000E+00
  0.00000E+00  0.00000E+00  0.00000E+00  0.00000E+00  0.00000E+00       0.00000E+00  0.00000E+00
  0.00000E+00  0.00000E+00  0.00000E+00  0.00000E+00  0.00000E+00       0.00000E+00  0.00000E+00
  0.00000E+00  0.00000E+00  0.00000E+00  0.00000E+00  0.00000E+00       0.00000E+00  0.00000E+00
  0.00000E+00  0.00000E+00  0.00000E+00  0.00000E+00  0.00000E+00       0.00000E+00  0.00000E+00
  0.00000E+00  0.00000E+00  0.00000E+00  0.00000E+00  0.00000E+00       0.00000E+00  0.00000E+00
  0.00000E+00  0.00000E+00  0.00000E+00  0.00000E+00  0.00000E+00       0.00000E+00  0.00000E+00
  0.00000E+00  0.00000E+00  0.00000E+00  0.00000E+00  0.00000E+00       0.00000E+00  0.00000E+00
  0.00000E+00  0.00000E+00  0.00000E+00  0.00000E+00  0.00000E+00       0.00000E+00  0.00000E+00
  0.00000E+00  0.00000E+00  0.00000E+00  0.00000E+00  0.00000E+00       0.00000E+00  0.00000E+00
  0.00000E+00  0.00000E+00  0.00000E+00  0.00000E+00  0.00000E+00       0.00000E+00  0.00000E+00
  0.00000E+00  0.00000E+00  0.00000E+00  0.00000E+00  0.00000E+00       0.00000E+00  0.00000E+00
  0.00000E+00  0.00000E+00  0.00000E+00  0.00000E+00  0.00000E+00       0.00000E+00  0.00000E+00
  0.00000E+00  0.00000E+00  0.00000E+00  0.00000E+00  0.00000E+00       0.00000E+00  0.00000E+00
  0.00000E+00  0.00000E+00  0.00000E+00  0.00000E+00  0.00000E+00       0.00000E+00  0.00000E+00
  0.00000E+00  0.00000E+00  0.00000E+00  0.00000E+00  0.00000E+00       0.00000E+00  0.00000E+00
  0.00000E+00  0.00000E+00  0.00000E+00  0.00000E+00  0.00000E+00       0.00000E+00  0.00000E+00
  0.00000E+00  0.00000E+00  0.00000E+00  0.00000E+00  0.00000E+00       0.00000E+00  0.00000E+00


    5.  10.81   74. 183.84  1.00E+00  3.00E+01  0.00E+00  0.00E+00     5   0.00

  0.00000E+00  0.00000E+00  0.00000E+00  0.00000E+00  0.00000E+00       0.00000E+00  0.00000E+00

  0.00000E+00  0.00000E+00  0.00000E+00  0.00000E+00  0.00000E+00       0.00000E+00  0.00000E+00
  0.00000E+00  0.00000E+00  0.00000E+00  0.00000E+00  0.00000E+00       0.00000E+00  0.00000E+00
  0.00000E+00  0.00000E+00  0.00000E+00  0.00000E+00  0.00000E+00       0.00000E+00  0.00000E+00
  0.00000E+00  0.00000E+00  0.00000E+00  0.00000E+00  0.00000E+00       0.00000E+00  0.00000E+00
  0.00000E+00  0.00000E+00  0.00000E+00  0.00000E+00  0.00000E+00       0.00000E+00  0.00000E+00

  0.00000E+00  0.00000E+00  0.00000E+00  0.00000E+00  0.00000E+00       0.00000E+00  0.00000E+00
  0.00000E+00  0.00000E+00  0.00000E+00  0.00000E+00  0.00000E+00       0.00000E+00  0.00000E+00
  0.00000E+00  0.00000E+00  0.00000E+00  0.00000E+00  0.00000E+00       0.00000E+00  0.00000E+00
  0.00000E+00  0.00000E+00  0.00000E+00  0.00000E+00  0.00000E+00       0.00000E+00  0.00000E+00
  0.00000E+00  0.00000E+00  0.00000E+00  0.00000E+00  0.00000E+00       0.00000E+00  0.00000E+00
  0.00000E+00  0.00000E+00  0.00000E+00  0.00000E+00  0.00000E+00       0.00000E+00  0.00000E+00
  0.00000E+00  0.00000E+00  0.00000E+00  0.00000E+00  0.00000E+00       0.00000E+00  0.00000E+00
  0.00000E+00  0.00000E+00  0.00000E+00  0.00000E+00  0.00000E+00       0.00000E+00  0.00000E+00
  0.00000E+00  0.00000E+00  0.00000E+00  0.00000E+00  0.00000E+00       0.00000E+00  0.00000E+00
  0.00000E+00  0.00000E+00  0.00000E+00  0.00000E+00  0.00000E+00       0.00000E+00  0.00000E+00
  0.00000E+00  0.00000E+00  0.00000E+00  0.00000E+00  0.00000E+00       0.00000E+00  0.00000E+00
  0.00000E+00  0.00000E+00  0.00000E+00  0.00000E+00  0.00000E+00       0.00000E+00  0.00000E+00
  0.00000E+00  0.00000E+00  0.00000E+00  0.00000E+00  0.00000E+00       0.00000E+00  0.00000E+00
  0.00000E+00  0.00000E+00  0.00000E+00  0.00000E+00  0.00000E+00       0.00000E+00  0.00000E+00
  0.00000E+00  0.00000E+00  0.00000E+00  0.00000E+00  0.00000E+00       0.00000E+00  0.00000E+00
  0.00000E+00  0.00000E+00  0.00000E+00  0.00000E+00  0.00000E+00       0.00000E+00  0.00000E+00
  0.00000E+00  0.00000E+00  0.00000E+00  0.00000E+00  0.00000E+00       0.00000E+00  0.00000E+00
  0.00000E+00  0.00000E+00  0.00000E+00  0.00000E+00  0.00000E+00       0.00000E+00  0.00000E+00
  0.00000E+00  0.00000E+00  0.00000E+00  0.00000E+00  0.00000E+00       0.00000E+00  0.00000E+00
  0.00000E+00  0.00000E+00  0.00000E+00  0.00000E+00  0.00000E+00       0.00000E+00  0.00000E+00
  0.00000E+00  0.00000E+00  0.00000E+00  0.00000E+00  0.00000E+00       0.00000E+00  0.00000E+00
  0.00000E+00  0.00000E+00  0.00000E+00  0.00000E+00  0.00000E+00       0.00000E+00  0.00000E+00
  0.00000E+00  0.00000E+00  0.00000E+00  0.00000E+00  0.00000E+00       0.00000E+00  0.00000E+00
  0.00000E+00  0.00000E+00  0.00000E+00  0.00000E+00  0.00000E+00       0.00000E+00  0.00000E+00
  0.00000E+00  0.00000E+00  0.00000E+00  0.00000E+00  0.00000E+00       0.00000E+00  0.00000E+00


    5.  10.81   74. 183.84  1.00E+00  4.50E+01  0.00E+00  0.00E+00     5   0.00

  0.00000E+00  0.00000E+00  0.00000E+00  0.00000E+00  0.00000E+00       0.00000E+00  0.00000E+00

  0.00000E+00  0.00000E+00  0.00000E+00  0.00000E+00  0.00000E+00       0.00000E+00  0.00000E+00
  0.00000E+00  0.00000E+00  0.00000E+00  0.00000E+00  0.00000E+00       0.00000E+00  0.00000E+00
  0.00000E+00  0.00000E+00  0.00000E+00  0.00000E+00  0.00000E+00       0.00000E+00  0.00000E+00
  0.00000E+00  0.00000E+00  0.00000E+00  0.00000E+00  0.00000E+00       0.00000E+00  0.00000E+00
  0.00000E+00  0.00000E+00  0.00000E+00  0.00000E+00  0.00000E+00       0.00000E+00  0.00000E+00

  0.00000E+00  0.00000E+00  0.00000E+00  0.00000E+00  0.00000E+00       0.00000E+00  0.00000E+00
  0.00000E+00  0.00000E+00  0.00000E+00  0.00000E+00  0.00000E+00       0.00000E+00  0.00000E+00
  0.00000E+00  0.00000E+00  0.00000E+00  0.00000E+00  0.00000E+00       0.00000E+00  0.00000E+00
  0.00000E+00  0.00000E+00  0.00000E+00  0.00000E+00  0.00000E+00       0.00000E+00  0.00000E+00
  0.00000E+00  0.00000E+00  0.00000E+00  0.00000E+00  0.00000E+00       0.00000E+00  0.00000E+00
  0.00000E+00  0.00000E+00  0.00000E+00  0.00000E+00  0.00000E+00       0.00000E+00  0.00000E+00
  0.00000E+00  0.00000E+00  0.00000E+00  0.00000E+00  0.00000E+00       0.00000E+00  0.00000E+00
  0.00000E+00  0.00000E+00  0.00000E+00  0.00000E+00  0.00000E+00       0.00000E+00  0.00000E+00
  0.00000E+00  0.00000E+00  0.00000E+00  0.00000E+00  0.00000E+00       0.00000E+00  0.00000E+00
  0.00000E+00  0.00000E+00  0.00000E+00  0.00000E+00  0.00000E+00       0.00000E+00  0.00000E+00
  0.00000E+00  0.00000E+00  0.00000E+00  0.00000E+00  0.00000E+00       0.00000E+00  0.00000E+00
  0.00000E+00  0.00000E+00  0.00000E+00  0.00000E+00  0.00000E+00       0.00000E+00  0.00000E+00
  0.00000E+00  0.00000E+00  0.00000E+00  0.00000E+00  0.00000E+00       0.00000E+00  0.00000E+00
  0.00000E+00  0.00000E+00  0.00000E+00  0.00000E+00  0.00000E+00       0.00000E+00  0.00000E+00
  0.00000E+00  0.00000E+00  0.00000E+00  0.00000E+00  0.00000E+00       0.00000E+00  0.00000E+00
  0.00000E+00  0.00000E+00  0.00000E+00  0.00000E+00  0.00000E+00       0.00000E+00  0.00000E+00
  0.00000E+00  0.00000E+00  0.00000E+00  0.00000E+00  0.00000E+00       0.00000E+00  0.00000E+00
  0.00000E+00  0.00000E+00  0.00000E+00  0.00000E+00  0.00000E+00       0.00000E+00  0.00000E+00
  0.00000E+00  0.00000E+00  0.00000E+00  0.00000E+00  0.00000E+00       0.00000E+00  0.00000E+00
  0.00000E+00  0.00000E+00  0.00000E+00  0.00000E+00  0.00000E+00       0.00000E+00  0.00000E+00
  0.00000E+00  0.00000E+00  0.00000E+00  0.00000E+00  0.00000E+00       0.00000E+00  0.00000E+00
  0.00000E+00  0.00000E+00  0.00000E+00  0.00000E+00  0.00000E+00       0.00000E+00  0.00000E+00
  0.00000E+00  0.00000E+00  0.00000E+00  0.00000E+00  0.00000E+00       0.00000E+00  0.00000E+00
  0.00000E+00  0.00000E+00  0.00000E+00  0.00000E+00  0.00000E+00       0.00000E+00  0.00000E+00
  0.00000E+00  0.00000E+00  0.00000E+00  0.00000E+00  0.00000E+00       0.00000E+00  0.00000E+00


    5.  10.81   74. 183.84  1.00E+00  6.00E+01  0.00E+00  0.00E+00     5   0.00

  0.00000E+00  0.00000E+00  0.00000E+00  0.00000E+00  0.00000E+00       0.00000E+00  0.00000E+00

  0.00000E+00  0.00000E+00  0.00000E+00  0.00000E+00  0.00000E+00       0.00000E+00  0.00000E+00
  0.00000E+00  0.00000E+00  0.00000E+00  0.00000E+00  0.00000E+00       0.00000E+00  0.00000E+00
  0.00000E+00  0.00000E+00  0.00000E+00  0.00000E+00  0.00000E+00       0.00000E+00  0.00000E+00
  0.00000E+00  0.00000E+00  0.00000E+00  0.00000E+00  0.00000E+00       0.00000E+00  0.00000E+00
  0.00000E+00  0.00000E+00  0.00000E+00  0.00000E+00  0.00000E+00       0.00000E+00  0.00000E+00

  0.00000E+00  0.00000E+00  0.00000E+00  0.00000E+00  0.00000E+00       0.00000E+00  0.00000E+00
  0.00000E+00  0.00000E+00  0.00000E+00  0.00000E+00  0.00000E+00       0.00000E+00  0.00000E+00
  0.00000E+00  0.00000E+00  0.00000E+00  0.00000E+00  0.00000E+00       0.00000E+00  0.00000E+00
  0.00000E+00  0.00000E+00  0.00000E+00  0.00000E+00  0.00000E+00       0.00000E+00  0.00000E+00
  0.00000E+00  0.00000E+00  0.00000E+00  0.00000E+00  0.00000E+00       0.00000E+00  0.00000E+00
  0.00000E+00  0.00000E+00  0.00000E+00  0.00000E+00  0.00000E+00       0.00000E+00  0.00000E+00
  0.00000E+00  0.00000E+00  0.00000E+00  0.00000E+00  0.00000E+00       0.00000E+00  0.00000E+00
  0.00000E+00  0.00000E+00  0.00000E+00  0.00000E+00  0.00000E+00       0.00000E+00  0.00000E+00
  0.00000E+00  0.00000E+00  0.00000E+00  0.00000E+00  0.00000E+00       0.00000E+00  0.00000E+00
  0.00000E+00  0.00000E+00  0.00000E+00  0.00000E+00  0.00000E+00       0.00000E+00  0.00000E+00
  0.00000E+00  0.00000E+00  0.00000E+00  0.00000E+00  0.00000E+00       0.00000E+00  0.00000E+00
  0.00000E+00  0.00000E+00  0.00000E+00  0.00000E+00  0.00000E+00       0.00000E+00  0.00000E+00
  0.00000E+00  0.00000E+00  0.00000E+00  0.00000E+00  0.00000E+00       0.00000E+00  0.00000E+00
  0.00000E+00  0.00000E+00  0.00000E+00  0.00000E+00  0.00000E+00       0.00000E+00  0.00000E+00
  0.00000E+00  0.00000E+00  0.00000E+00  0.00000E+00  0.00000E+00       0.00000E+00  0.00000E+00
  0.00000E+00  0.00000E+00  0.00000E+00  0.00000E+00  0.00000E+00       0.00000E+00  0.00000E+00
  0.00000E+00  0.00000E+00  0.00000E+00  0.00000E+00  0.00000E+00       0.00000E+00  0.00000E+00
  0.00000E+00  0.00000E+00  0.00000E+00  0.00000E+00  0.00000E+00       0.00000E+00  0.00000E+00
  0.00000E+00  0.00000E+00  0.00000E+00  0.00000E+00  0.00000E+00       0.00000E+00  0.00000E+00
  0.00000E+00  0.00000E+00  0.00000E+00  0.00000E+00  0.00000E+00       0.00000E+00  0.00000E+00
  0.00000E+00  0.00000E+00  0.00000E+00  0.00000E+00  0.00000E+00       0.00000E+00  0.00000E+00
  0.00000E+00  0.00000E+00  0.00000E+00  0.00000E+00  0.00000E+00       0.00000E+00  0.00000E+00
  0.00000E+00  0.00000E+00  0.00000E+00  0.00000E+00  0.00000E+00       0.00000E+00  0.00000E+00
  0.00000E+00  0.00000E+00  0.00000E+00  0.00000E+00  0.00000E+00       0.00000E+00  0.00000E+00
  0.00000E+00  0.00000E+00  0.00000E+00  0.00000E+00  0.00000E+00       0.00000E+00  0.00000E+00


    5.  10.81   74. 183.84  1.00E+00  7.00E+01  0.00E+00  0.00E+00     5   0.00

  0.00000E+00  0.00000E+00  0.00000E+00  0.00000E+00  0.00000E+00       0.00000E+00  0.00000E+00

  0.00000E+00  0.00000E+00  0.00000E+00  0.00000E+00  0.00000E+00       0.00000E+00  0.00000E+00
  0.00000E+00  0.00000E+00  0.00000E+00  0.00000E+00  0.00000E+00       0.00000E+00  0.00000E+00
  0.00000E+00  0.00000E+00  0.00000E+00  0.00000E+00  0.00000E+00       0.00000E+00  0.00000E+00
  0.00000E+00  0.00000E+00  0.00000E+00  0.00000E+00  0.00000E+00       0.00000E+00  0.00000E+00
  0.00000E+00  0.00000E+00  0.00000E+00  0.00000E+00  0.00000E+00       0.00000E+00  0.00000E+00

  0.00000E+00  0.00000E+00  0.00000E+00  0.00000E+00  0.00000E+00       0.00000E+00  0.00000E+00
  0.00000E+00  0.00000E+00  0.00000E+00  0.00000E+00  0.00000E+00       0.00000E+00  0.00000E+00
  0.00000E+00  0.00000E+00  0.00000E+00  0.00000E+00  0.00000E+00       0.00000E+00  0.00000E+00
  0.00000E+00  0.00000E+00  0.00000E+00  0.00000E+00  0.00000E+00       0.00000E+00  0.00000E+00
  0.00000E+00  0.00000E+00  0.00000E+00  0.00000E+00  0.00000E+00       0.00000E+00  0.00000E+00
  0.00000E+00  0.00000E+00  0.00000E+00  0.00000E+00  0.00000E+00       0.00000E+00  0.00000E+00
  0.00000E+00  0.00000E+00  0.00000E+00  0.00000E+00  0.00000E+00       0.00000E+00  0.00000E+00
  0.00000E+00  0.00000E+00  0.00000E+00  0.00000E+00  0.00000E+00       0.00000E+00  0.00000E+00
  0.00000E+00  0.00000E+00  0.00000E+00  0.00000E+00  0.00000E+00       0.00000E+00  0.00000E+00
  0.00000E+00  0.00000E+00  0.00000E+00  0.00000E+00  0.00000E+00       0.00000E+00  0.00000E+00
  0.00000E+00  0.00000E+00  0.00000E+00  0.00000E+00  0.00000E+00       0.00000E+00  0.00000E+00
  0.00000E+00  0.00000E+00  0.00000E+00  0.00000E+00  0.00000E+00       0.00000E+00  0.00000E+00
  0.00000E+00  0.00000E+00  0.00000E+00  0.00000E+00  0.00000E+00       0.00000E+00  0.00000E+00
  0.00000E+00  0.00000E+00  0.00000E+00  0.00000E+00  0.00000E+00       0.00000E+00  0.00000E+00
  0.00000E+00  0.00000E+00  0.00000E+00  0.00000E+00  0.00000E+00       0.00000E+00  0.00000E+00
  0.00000E+00  0.00000E+00  0.00000E+00  0.00000E+00  0.00000E+00       0.00000E+00  0.00000E+00
  0.00000E+00  0.00000E+00  0.00000E+00  0.00000E+00  0.00000E+00       0.00000E+00  0.00000E+00
  0.00000E+00  0.00000E+00  0.00000E+00  0.00000E+00  0.00000E+00       0.00000E+00  0.00000E+00
  0.00000E+00  0.00000E+00  0.00000E+00  0.00000E+00  0.00000E+00       0.00000E+00  0.00000E+00
  0.00000E+00  0.00000E+00  0.00000E+00  0.00000E+00  0.00000E+00       0.00000E+00  0.00000E+00
  0.00000E+00  0.00000E+00  0.00000E+00  0.00000E+00  0.00000E+00       0.00000E+00  0.00000E+00
  0.00000E+00  0.00000E+00  0.00000E+00  0.00000E+00  0.00000E+00       0.00000E+00  0.00000E+00
  0.00000E+00  0.00000E+00  0.00000E+00  0.00000E+00  0.00000E+00       0.00000E+00  0.00000E+00
  0.00000E+00  0.00000E+00  0.00000E+00  0.00000E+00  0.00000E+00       0.00000E+00  0.00000E+00
  0.00000E+00  0.00000E+00  0.00000E+00  0.00000E+00  0.00000E+00       0.00000E+00  0.00000E+00


    5.  10.81   74. 183.84  1.00E+00  8.00E+01  0.00E+00  0.00E+00     5   0.00

  0.00000E+00  0.00000E+00  0.00000E+00  0.00000E+00  0.00000E+00       0.00000E+00  0.00000E+00

  0.00000E+00  0.00000E+00  0.00000E+00  0.00000E+00  0.00000E+00       0.00000E+00  0.00000E+00
  0.00000E+00  0.00000E+00  0.00000E+00  0.00000E+00  0.00000E+00       0.00000E+00  0.00000E+00
  0.00000E+00  0.00000E+00  0.00000E+00  0.00000E+00  0.00000E+00       0.00000E+00  0.00000E+00
  0.00000E+00  0.00000E+00  0.00000E+00  0.00000E+00  0.00000E+00       0.00000E+00  0.00000E+00
  0.00000E+00  0.00000E+00  0.00000E+00  0.00000E+00  0.00000E+00       0.00000E+00  0.00000E+00

  0.00000E+00  0.00000E+00  0.00000E+00  0.00000E+00  0.00000E+00       0.00000E+00  0.00000E+00
  0.00000E+00  0.00000E+00  0.00000E+00  0.00000E+00  0.00000E+00       0.00000E+00  0.00000E+00
  0.00000E+00  0.00000E+00  0.00000E+00  0.00000E+00  0.00000E+00       0.00000E+00  0.00000E+00
  0.00000E+00  0.00000E+00  0.00000E+00  0.00000E+00  0.00000E+00       0.00000E+00  0.00000E+00
  0.00000E+00  0.00000E+00  0.00000E+00  0.00000E+00  0.00000E+00       0.00000E+00  0.00000E+00
  0.00000E+00  0.00000E+00  0.00000E+00  0.00000E+00  0.00000E+00       0.00000E+00  0.00000E+00
  0.00000E+00  0.00000E+00  0.00000E+00  0.00000E+00  0.00000E+00       0.00000E+00  0.00000E+00
  0.00000E+00  0.00000E+00  0.00000E+00  0.00000E+00  0.00000E+00       0.00000E+00  0.00000E+00
  0.00000E+00  0.00000E+00  0.00000E+00  0.00000E+00  0.00000E+00       0.00000E+00  0.00000E+00
  0.00000E+00  0.00000E+00  0.00000E+00  0.00000E+00  0.00000E+00       0.00000E+00  0.00000E+00
  0.00000E+00  0.00000E+00  0.00000E+00  0.00000E+00  0.00000E+00       0.00000E+00  0.00000E+00
  0.00000E+00  0.00000E+00  0.00000E+00  0.00000E+00  0.00000E+00       0.00000E+00  0.00000E+00
  0.00000E+00  0.00000E+00  0.00000E+00  0.00000E+00  0.00000E+00       0.00000E+00  0.00000E+00
  0.00000E+00  0.00000E+00  0.00000E+00  0.00000E+00  0.00000E+00       0.00000E+00  0.00000E+00
  0.00000E+00  0.00000E+00  0.00000E+00  0.00000E+00  0.00000E+00       0.00000E+00  0.00000E+00
  0.00000E+00  0.00000E+00  0.00000E+00  0.00000E+00  0.00000E+00       0.00000E+00  0.00000E+00
  0.00000E+00  0.00000E+00  0.00000E+00  0.00000E+00  0.00000E+00       0.00000E+00  0.00000E+00
  0.00000E+00  0.00000E+00  0.00000E+00  0.00000E+00  0.00000E+00       0.00000E+00  0.00000E+00
  0.00000E+00  0.00000E+00  0.00000E+00  0.00000E+00  0.00000E+00       0.00000E+00  0.00000E+00
  0.00000E+00  0.00000E+00  0.00000E+00  0.00000E+00  0.00000E+00       0.00000E+00  0.00000E+00
  0.00000E+00  0.00000E+00  0.00000E+00  0.00000E+00  0.00000E+00       0.00000E+00  0.00000E+00
  0.00000E+00  0.00000E+00  0.00000E+00  0.00000E+00  0.00000E+00       0.00000E+00  0.00000E+00
  0.00000E+00  0.00000E+00  0.00000E+00  0.00000E+00  0.00000E+00       0.00000E+00  0.00000E+00
  0.00000E+00  0.00000E+00  0.00000E+00  0.00000E+00  0.00000E+00       0.00000E+00  0.00000E+00
  0.00000E+00  0.00000E+00  0.00000E+00  0.00000E+00  0.00000E+00       0.00000E+00  0.00000E+00


    5.  10.81   74. 183.84  1.00E+00  8.50E+01  0.00E+00  0.00E+00     5   0.00

  0.00000E+00  0.00000E+00  0.00000E+00  0.00000E+00  0.00000E+00       0.00000E+00  0.00000E+00

  0.00000E+00  0.00000E+00  0.00000E+00  0.00000E+00  0.00000E+00       0.00000E+00  0.00000E+00
  0.00000E+00  0.00000E+00  0.00000E+00  0.00000E+00  0.00000E+00       0.00000E+00  0.00000E+00
  0.00000E+00  0.00000E+00  0.00000E+00  0.00000E+00  0.00000E+00       0.00000E+00  0.00000E+00
  0.00000E+00  0.00000E+00  0.00000E+00  0.00000E+00  0.00000E+00       0.00000E+00  0.00000E+00
  0.00000E+00  0.00000E+00  0.00000E+00  0.00000E+00  0.00000E+00       0.00000E+00  0.00000E+00

  0.00000E+00  0.00000E+00  0.00000E+00  0.00000E+00  0.00000E+00       0.00000E+00  0.00000E+00
  0.00000E+00  0.00000E+00  0.00000E+00  0.00000E+00  0.00000E+00       0.00000E+00  0.00000E+00
  0.00000E+00  0.00000E+00  0.00000E+00  0.00000E+00  0.00000E+00       0.00000E+00  0.00000E+00
  0.00000E+00  0.00000E+00  0.00000E+00  0.00000E+00  0.00000E+00       0.00000E+00  0.00000E+00
  0.00000E+00  0.00000E+00  0.00000E+00  0.00000E+00  0.00000E+00       0.00000E+00  0.00000E+00
  0.00000E+00  0.00000E+00  0.00000E+00  0.00000E+00  0.00000E+00       0.00000E+00  0.00000E+00
  0.00000E+00  0.00000E+00  0.00000E+00  0.00000E+00  0.00000E+00       0.00000E+00  0.00000E+00
  0.00000E+00  0.00000E+00  0.00000E+00  0.00000E+00  0.00000E+00       0.00000E+00  0.00000E+00
  0.00000E+00  0.00000E+00  0.00000E+00  0.00000E+00  0.00000E+00       0.00000E+00  0.00000E+00
  0.00000E+00  0.00000E+00  0.00000E+00  0.00000E+00  0.00000E+00       0.00000E+00  0.00000E+00
  0.00000E+00  0.00000E+00  0.00000E+00  0.00000E+00  0.00000E+00       0.00000E+00  0.00000E+00
  0.00000E+00  0.00000E+00  0.00000E+00  0.00000E+00  0.00000E+00       0.00000E+00  0.00000E+00
  0.00000E+00  0.00000E+00  0.00000E+00  0.00000E+00  0.00000E+00       0.00000E+00  0.00000E+00
  0.00000E+00  0.00000E+00  0.00000E+00  0.00000E+00  0.00000E+00       0.00000E+00  0.00000E+00
  0.00000E+00  0.00000E+00  0.00000E+00  0.00000E+00  0.00000E+00       0.00000E+00  0.00000E+00
  0.00000E+00  0.00000E+00  0.00000E+00  0.00000E+00  0.00000E+00       0.00000E+00  0.00000E+00
  0.00000E+00  0.00000E+00  0.00000E+00  0.00000E+00  0.00000E+00       0.00000E+00  0.00000E+00
  0.00000E+00  0.00000E+00  0.00000E+00  0.00000E+00  0.00000E+00       0.00000E+00  0.00000E+00
  0.00000E+00  0.00000E+00  0.00000E+00  0.00000E+00  0.00000E+00       0.00000E+00  0.00000E+00
  0.00000E+00  0.00000E+00  0.00000E+00  0.00000E+00  0.00000E+00       0.00000E+00  0.00000E+00
  0.00000E+00  0.00000E+00  0.00000E+00  0.00000E+00  0.00000E+00       0.00000E+00  0.00000E+00
  0.00000E+00  0.00000E+00  0.00000E+00  0.00000E+00  0.00000E+00       0.00000E+00  0.00000E+00
  0.00000E+00  0.00000E+00  0.00000E+00  0.00000E+00  0.00000E+00       0.00000E+00  0.00000E+00
  0.00000E+00  0.00000E+00  0.00000E+00  0.00000E+00  0.00000E+00       0.00000E+00  0.00000E+00
  0.00000E+00  0.00000E+00  0.00000E+00  0.00000E+00  0.00000E+00       0.00000E+00  0.00000E+00


    5.  10.81   74. 183.84  2.00E+00  0.00E+00  5.57E-03  7.17E-04     5   0.00

  7.14380E-02  1.31680E-01  2.23050E-01  3.46400E-01  4.98300E-01       4.68560E-03  9.07130E-01

  3.16930E-01  5.51270E-01  7.09710E-01  8.37590E-01  9.55105E-01       5.56000E-03  9.99910E-01
  3.04595E-01  5.30975E-01  6.92685E-01  8.17500E-01  9.38485E-01       1.22910E-02  9.99390E-01
  2.88695E-01  5.02535E-01  6.70275E-01  8.14870E-01  9.38700E-01       1.42790E-02  9.99540E-01
  3.11175E-01  5.39210E-01  6.98005E-01  8.38245E-01  9.47515E-01       1.53180E-02  9.99880E-01
  2.75325E-01  4.85165E-01  6.39165E-01  7.80510E-01  9.27655E-01       5.37690E-03  9.99830E-01

 -9.47585E-01 -5.01680E-01  8.48528E-02  6.38513E-01  9.53745E-01      -1.00000E+00  9.99020E-01
 -9.41225E-01 -4.78150E-01 -4.01460E-02  5.60137E-01  9.42365E-01      -9.99300E-01  9.98380E-01
 -9.24887E-01 -5.75250E-01 -3.66898E-02  5.23760E-01  9.73002E-01      -9.99680E-01  9.94090E-01
 -9.65930E-01 -6.51242E-01 -9.44014E-02  5.58943E-01  9.22098E-01      -1.00000E+00  9.94670E-01
 -9.27205E-01 -5.11035E-01 -1.74925E-03  5.61065E-01  9.48617E-01      -9.99890E-01  9.95700E-01
 -9.34315E-01 -5.78403E-01  7.55108E-02  6.24630E-01  9.63023E-01      -9.99980E-01  9.99050E-01
 -9.58000E-01 -6.53145E-01  3.54650E-03  5.77730E-01  9.34425E-01      -1.00000E+00  9.96860E-01
 -9.38173E-01 -5.56780E-01 -1.03465E-02  5.18950E-01  9.11945E-01      -1.00000E+00  9.98450E-01
 -9.71163E-01 -6.88505E-01  1.71570E-03  5.92577E-01  9.26363E-01      -1.00000E+00  9.98940E-01
 -9.50403E-01 -5.85463E-01  6.20495E-02  6.29210E-01  9.63985E-01      -9.99890E-01  9.94040E-01
 -9.45638E-01 -6.21400E-01 -3.58888E-02  6.24273E-01  9.41632E-01      -9.99990E-01  9.98390E-01
 -9.20445E-01 -5.66473E-01  7.25750E-02  6.48473E-01  9.53183E-01      -9.99990E-01  9.99810E-01
 -9.49723E-01 -5.49857E-01 -2.76835E-02  5.56310E-01  9.50100E-01      -1.00000E+00  9.99230E-01
 -9.23478E-01 -5.15618E-01  8.70374E-02  6.19742E-01  9.54483E-01      -9.99950E-01  9.99490E-01
 -9.17735E-01 -5.54972E-01  3.51805E-02  6.39238E-01  9.59960E-01      -9.99950E-01  9.97640E-01
 -9.46738E-01 -6.33190E-01 -1.34128E-01  4.91255E-01  9.27772E-01      -1.00000E+00  9.97290E-01
 -9.12318E-01 -4.68680E-01  7.63295E-02  7.21925E-01  9.76093E-01      -9.99960E-01  9.99330E-01
 -9.23870E-01 -5.83940E-01 -6.61737E-02  6.36980E-01  9.60245E-01      -1.00000E+00  9.99510E-01
 -9.52222E-01 -5.31270E-01  1.39726E-01  6.18097E-01  9.59083E-01      -9.99940E-01  9.99860E-01
 -9.20515E-01 -4.97595E-01 -4.58079E-02  4.58254E-01  9.27400E-01      -1.00000E+00  9.99290E-01
 -9.39080E-01 -6.32003E-01  3.97527E-02  6.58982E-01  9.53805E-01      -9.99990E-01  9.96750E-01
 -9.41145E-01 -5.02005E-01  2.69394E-02  5.89265E-01  9.53255E-01      -1.00000E+00  9.97430E-01
 -9.48450E-01 -5.56273E-01  6.63633E-02  5.72395E-01  9.67755E-01      -9.99990E-01  9.99690E-01
 -9.14235E-01 -5.41170E-01  7.30122E-02  5.85037E-01  9.46020E-01      -9.99990E-01  9.98180E-01
 -9.52590E-01 -5.80327E-01 -9.71028E-02  5.08290E-01  9.34485E-01      -9.99980E-01  9.96470E-01


    5.  10.81   74. 183.84  2.00E+00  3.00E+01  8.64E-03  1.50E-03     5   0.00

  1.07010E-01  1.98670E-01  3.15330E-01  4.45650E-01  6.42520E-01       3.68500E-03  1.17950E+00

  3.26390E-01  5.56960E-01  7.14990E-01  8.43635E-01  9.49160E-01       1.76700E-02  9.99940E-01
  3.16295E-01  5.47800E-01  7.04415E-01  8.29645E-01  9.45235E-01       1.67580E-02  9.99870E-01
  2.98985E-01  5.18965E-01  6.74775E-01  8.13350E-01  9.37935E-01       1.22810E-02  9.99850E-01
  3.00150E-01  5.19740E-01  6.81120E-01  8.14920E-01  9.46975E-01       1.15770E-02  9.99820E-01
  2.66605E-01  4.83640E-01  6.48385E-01  7.85240E-01  9.23725E-01       2.04840E-02  9.99870E-01

 -9.53285E-01 -6.71863E-01 -1.06651E-01  4.62960E-01  9.36858E-01      -9.99950E-01  9.99160E-01
 -9.53868E-01 -5.98210E-01 -1.10980E-01  5.42570E-01  9.33170E-01      -1.00000E+00  9.99400E-01
 -9.52952E-01 -6.72712E-01 -6.79677E-02  5.04103E-01  9.37800E-01      -9.99990E-01  9.99500E-01
 -9.43330E-01 -5.63902E-01 -2.87149E-02  5.48323E-01  9.19260E-01      -9.99960E-01  9.99870E-01
 -9.32597E-01 -5.84545E-01 -1.07728E-01  5.42207E-01  9.34682E-01      -1.00000E+00  9.99920E-01
 -8.62393E-01 -2.73328E-01  3.46223E-01  7.62653E-01  9.68703E-01      -1.00000E+00  9.99970E-01
 -8.56753E-01 -2.03300E-01  3.65700E-01  7.52345E-01  9.78982E-01      -9.99940E-01  9.99880E-01
 -8.79500E-01 -3.88205E-01  2.15645E-01  7.10292E-01  9.71770E-01      -9.99990E-01  9.99760E-01
 -8.70633E-01 -2.97420E-01  3.36698E-01  7.44937E-01  9.62997E-01      -1.00000E+00  9.99740E-01
 -9.51653E-01 -4.82150E-01  1.01048E-01  6.65813E-01  9.49440E-01      -1.00000E+00  9.99970E-01
 -8.14837E-01 -1.31949E-01  4.06273E-01  7.84017E-01  9.80678E-01      -9.99950E-01  9.99840E-01
 -8.97007E-01 -1.59293E-01  4.09762E-01  7.92270E-01  9.81755E-01      -1.00000E+00  9.99930E-01
 -8.58897E-01 -2.52895E-01  3.26165E-01  7.32447E-01  9.62650E-01      -1.00000E+00  9.99800E-01
 -9.10478E-01 -3.50118E-01  2.02808E-01  6.74527E-01  9.70518E-01      -9.99990E-01  9.98670E-01
 -9.42800E-01 -5.47275E-01  1.53294E-01  6.67420E-01  9.62830E-01      -1.00000E+00  9.99060E-01
 -8.21703E-01 -1.28214E-01  5.13713E-01  8.25583E-01  9.79893E-01      -9.99850E-01  9.99770E-01
 -8.23848E-01 -1.46603E-01  4.47885E-01  8.23057E-01  9.74172E-01      -9.99950E-01  9.99700E-01
 -8.61557E-01 -2.00137E-01  3.87428E-01  7.82128E-01  9.79650E-01      -9.99920E-01  9.99750E-01
 -8.78520E-01 -3.34052E-01  2.88080E-01  7.30940E-01  9.65278E-01      -1.00000E+00  9.99640E-01
 -9.20832E-01 -5.02448E-01  1.06187E-01  6.68358E-01  9.60520E-01      -9.99980E-01  9.99390E-01
 -3.08932E-01  2.91208E-01  6.41240E-01  8.85217E-01  9.86930E-01      -9.96290E-01  9.99650E-01
 -4.74275E-01  2.89382E-01  7.15400E-01  8.98760E-01  9.90810E-01      -9.99940E-01  9.99790E-01
 -6.40965E-01  2.28102E-01  6.24132E-01  8.68140E-01  9.87470E-01      -9.99530E-01  9.99850E-01
 -6.16810E-01  1.38477E-01  6.01542E-01  8.49172E-01  9.86853E-01      -9.99930E-01  9.98870E-01
 -7.65733E-01 -1.29715E-01  5.00980E-01  8.43927E-01  9.83023E-01      -9.99850E-01  9.99840E-01


    5.  10.81   74. 183.84  2.00E+00  4.50E+01  1.13E-02  2.23E-03     5   0.00

  1.37010E-01  2.46800E-01  3.65560E-01  5.02490E-01  7.06730E-01       2.77820E-03  1.21440E+00

  3.21980E-01  5.44720E-01  7.10135E-01  8.38560E-01  9.51350E-01       1.88310E-02  9.99990E-01
  3.11725E-01  5.39000E-01  6.96015E-01  8.26545E-01  9.44655E-01       9.88820E-03  9.99890E-01
  3.11345E-01  5.25240E-01  6.84740E-01  8.25005E-01  9.42960E-01       3.86760E-03  9.99690E-01
  2.87530E-01  5.17695E-01  6.77430E-01  8.18010E-01  9.40345E-01       8.54140E-03  9.99950E-01
  2.70635E-01  4.82110E-01  6.39165E-01  7.81640E-01  9.25820E-01       1.21950E-02  1.00000E+00

 -9.46185E-01 -6.43495E-01 -1.03327E-01  5.07352E-01  9.41480E-01      -1.00000E+00  9.98770E-01
 -9.55200E-01 -6.54803E-01 -1.11255E-01  4.90045E-01  9.32210E-01      -9.99990E-01  9.99510E-01
 -9.59218E-01 -6.54580E-01 -1.03285E-01  5.49378E-01  9.46880E-01      -1.00000E+00  9.99950E-01
 -9.46855E-01 -6.27088E-01 -7.83780E-02  5.33918E-01  9.44655E-01      -1.00000E+00  9.99920E-01
 -9.54020E-01 -6.35848E-01 -7.91138E-02  5.42310E-01  9.54145E-01      -1.00000E+00  9.98600E-01
 -8.51113E-01 -2.29715E-01  3.50325E-01  7.67330E-01  9.83457E-01      -9.99970E-01  9.99480E-01
 -8.70493E-01 -3.16802E-01  2.91463E-01  7.37532E-01  9.71007E-01      -9.99930E-01  9.99970E-01
 -8.79010E-01 -2.95067E-01  2.53640E-01  7.14020E-01  9.67580E-01      -9.99990E-01  9.98160E-01
 -9.24725E-01 -3.22118E-01  2.44320E-01  7.10788E-01  9.65810E-01      -1.00000E+00  9.99620E-01
 -8.92338E-01 -4.31092E-01  1.45047E-01  6.01873E-01  9.55917E-01      -9.99970E-01  9.99750E-01
 -8.04285E-01 -1.17670E-01  4.50733E-01  8.15133E-01  9.75478E-01      -9.99950E-01  9.99830E-01
 -8.10085E-01 -1.21817E-01  4.39720E-01  7.89530E-01  9.79407E-01      -9.99990E-01  9.99710E-01
 -9.18623E-01 -3.25280E-01  3.35657E-01  7.74600E-01  9.67395E-01      -9.99970E-01  9.99760E-01
 -9.11583E-01 -3.36060E-01  2.76380E-01  7.40072E-01  9.78155E-01      -1.00000E+00  9.99730E-01
 -9.32235E-01 -4.16992E-01  1.63579E-01  6.61235E-01  9.48918E-01      -9.99990E-01  9.97650E-01
 -7.09527E-01  4.66200E-02  5.12550E-01  8.59372E-01  9.88548E-01      -9.99520E-01  1.00000E+00
 -6.98385E-01  4.41082E-02  5.66142E-01  8.53175E-01  9.87285E-01      -9.99960E-01  9.99720E-01
 -8.35520E-01 -1.18274E-01  4.83003E-01  8.27473E-01  9.81588E-01      -9.99950E-01  9.99110E-01
 -8.38718E-01 -1.87710E-01  3.79970E-01  7.67833E-01  9.71380E-01      -1.00000E+00  9.99930E-01
 -8.81965E-01 -3.13185E-01  2.75810E-01  7.25140E-01  9.60157E-01      -1.00000E+00  9.99520E-01
 -1.61813E-01  4.13680E-01  7.49893E-01  9.10282E-01  9.90990E-01      -9.99660E-01  1.00000E+00
 -2.31014E-01  4.09892E-01  7.21812E-01  9.17795E-01  9.90258E-01      -9.99310E-01  9.99950E-01
 -3.17137E-01  3.47350E-01  7.19775E-01  9.08828E-01  9.90707E-01      -9.99470E-01  9.99780E-01
 -5.51785E-01  1.72940E-01  5.59865E-01  8.56823E-01  9.83665E-01      -1.00000E+00  9.99940E-01
 -8.21275E-01 -7.48770E-02  4.92465E-01  8.22218E-01  9.80933E-01      -9.99980E-01  9.99930E-01


    5.  10.81   74. 183.84  2.00E+00  6.00E+01  1.42E-02  3.09E-03     5   0.00

  1.62070E-01  2.87390E-01  4.11020E-01  5.54700E-01  7.54150E-01       3.65340E-03  1.34990E+00

  3.22050E-01  5.50125E-01  7.07095E-01  8.36375E-01  9.49640E-01       8.96760E-03  9.99910E-01
  3.19890E-01  5.46770E-01  7.12710E-01  8.39695E-01  9.51705E-01       6.07340E-03  9.99860E-01
  3.17730E-01  5.38145E-01  6.94265E-01  8.29670E-01  9.43030E-01       2.10020E-02  9.99930E-01
  2.88330E-01  5.04585E-01  6.71995E-01  8.15865E-01  9.41135E-01       9.31020E-03  9.99840E-01
  2.55755E-01  4.65660E-01  6.23470E-01  7.66630E-01  9.14205E-01       1.12500E-02  9.99710E-01

 -9.61673E-01 -6.11970E-01 -7.03790E-02  5.27497E-01  9.43860E-01      -1.00000E+00  9.99480E-01
 -9.28920E-01 -5.78540E-01 -1.84150E-02  5.94747E-01  9.27355E-01      -9.99950E-01  9.99670E-01
 -9.31117E-01 -6.24912E-01 -1.59004E-01  4.74090E-01  9.43165E-01      -1.00000E+00  9.99340E-01
 -9.62105E-01 -6.65188E-01 -9.58250E-02  5.59155E-01  9.50503E-01      -1.00000E+00  9.99210E-01
 -9.56740E-01 -6.14453E-01 -2.87640E-02  5.61970E-01  9.43838E-01      -1.00000E+00  9.99330E-01
 -8.81802E-01 -3.20015E-01  2.28137E-01  7.21882E-01  9.67858E-01      -9.99930E-01  9.99860E-01
 -8.84150E-01 -3.56052E-01  1.77677E-01  7.03673E-01  9.68077E-01      -1.00000E+00  9.99650E-01
 -9.14373E-01 -3.52350E-01  2.51930E-01  6.91997E-01  9.57510E-01      -9.99960E-01  9.99880E-01
 -9.28725E-01 -4.86885E-01  1.64801E-01  6.96093E-01  9.68732E-01      -1.00000E+00  9.99960E-01
 -9.25870E-01 -5.37817E-01  4.67033E-02  5.95160E-01  9.39602E-01      -1.00000E+00  9.98670E-01
 -7.86772E-01  7.47000E-03  4.95760E-01  8.15407E-01  9.77557E-01      -9.99940E-01  9.99840E-01
 -7.79382E-01 -8.50100E-03  4.52122E-01  7.94070E-01  9.80675E-01      -1.00000E+00  9.99840E-01
 -8.58733E-01 -1.91290E-01  4.19108E-01  7.80800E-01  9.71765E-01      -9.99900E-01  9.99860E-01
 -9.01648E-01 -3.55730E-01  3.00403E-01  7.50725E-01  9.68027E-01      -1.00000E+00  9.99970E-01
 -9.05660E-01 -4.20802E-01  2.18037E-01  7.15803E-01  9.52433E-01      -9.99980E-01  9.98290E-01
 -5.81798E-01  1.99213E-01  6.16100E-01  8.69590E-01  9.83100E-01      -9.99980E-01  9.99870E-01
 -6.19152E-01  1.09688E-01  5.73478E-01  8.59527E-01  9.87940E-01      -9.99870E-01  9.99980E-01
 -7.77070E-01  3.54723E-02  5.31445E-01  8.47690E-01  9.84675E-01      -1.00000E+00  9.99990E-01
 -8.38590E-01 -1.55355E-01  4.17923E-01  8.18660E-01  9.80012E-01      -1.00000E+00  9.99510E-01
 -8.92245E-01 -2.91728E-01  2.66361E-01  7.41657E-01  9.78660E-01      -1.00000E+00  9.99930E-01
  4.78125E-03  5.42833E-01  7.96477E-01  9.31218E-01  9.93398E-01      -9.99970E-01  9.99980E-01
 -1.14089E-01  4.95245E-01  7.70367E-01  9.28847E-01  9.91240E-01      -9.99820E-01  9.99980E-01
 -2.97815E-01  4.02678E-01  7.71408E-01  9.19408E-01  9.89020E-01      -9.99990E-01  9.99980E-01
 -4.22205E-01  3.16041E-01  6.99277E-01  9.08222E-01  9.88955E-01      -9.99870E-01  9.99980E-01
 -8.32492E-01  4.79847E-02  5.48465E-01  8.61418E-01  9.84062E-01      -9.99970E-01  9.99840E-01


    5.  10.81   74. 183.84  2.00E+00  7.00E+01  1.57E-02  3.62E-03     5   0.00

  1.77610E-01  3.13010E-01  4.38740E-01  5.75950E-01  7.76790E-01       2.75330E-03  1.43760E+00

  3.21860E-01  5.50870E-01  7.08010E-01  8.35275E-01  9.48270E-01       1.70100E-02  9.99960E-01
  3.15190E-01  5.39620E-01  7.01520E-01  8.34720E-01  9.50405E-01       1.29990E-02  9.99920E-01
  3.03800E-01  5.28540E-01  6.84585E-01  8.24385E-01  9.44475E-01       1.18350E-02  9.99960E-01
  2.83355E-01  5.19545E-01  6.78440E-01  8.17775E-01  9.36390E-01       1.26720E-02  9.99970E-01
  2.51585E-01  4.63360E-01  6.15395E-01  7.61640E-01  9.11235E-01       1.92820E-02  9.99820E-01

 -9.56875E-01 -6.45007E-01 -1.20820E-01  4.97717E-01  9.20645E-01      -1.00000E+00  9.99860E-01
 -9.38590E-01 -6.04008E-01 -6.03527E-02  5.36002E-01  9.47838E-01      -9.99990E-01  9.99860E-01
 -9.56075E-01 -6.63238E-01 -5.83338E-02  5.03930E-01  9.46778E-01      -1.00000E+00  9.99810E-01
 -9.65025E-01 -6.63140E-01 -5.52903E-02  5.04950E-01  9.56075E-01      -1.00000E+00  9.99950E-01
 -9.50433E-01 -6.11487E-01 -5.24555E-02  5.67298E-01  9.39745E-01      -1.00000E+00  9.99950E-01
 -8.55668E-01 -3.18798E-01  1.79568E-01  6.88685E-01  9.59243E-01      -9.99990E-01  9.99730E-01
 -8.77885E-01 -2.84178E-01  2.72985E-01  7.41800E-01  9.72087E-01      -9.99990E-01  9.99970E-01
 -9.04285E-01 -3.85147E-01  2.35815E-01  7.21585E-01  9.68565E-01      -1.00000E+00  9.99820E-01
 -9.24948E-01 -4.20745E-01  2.21738E-01  7.18108E-01  9.74655E-01      -9.99960E-01  9.99980E-01
 -9.29090E-01 -5.07112E-01  1.14305E-01  6.36215E-01  9.49065E-01      -1.00000E+00  9.99520E-01
 -7.57777E-01 -1.95100E-02  4.55050E-01  7.73805E-01  9.68570E-01      -1.00000E+00  9.99790E-01
 -7.60382E-01 -2.52525E-02  4.64690E-01  8.02495E-01  9.77670E-01      -1.00000E+00  9.99950E-01
 -8.30460E-01 -8.71370E-02  4.71192E-01  7.81303E-01  9.79795E-01      -1.00000E+00  9.99950E-01
 -8.58485E-01 -2.29294E-01  3.47642E-01  7.55528E-01  9.69317E-01      -1.00000E+00  9.98640E-01
 -9.07650E-01 -3.34195E-01  2.53510E-01  7.04915E-01  9.65743E-01      -1.00000E+00  9.99990E-01
 -5.16290E-01  2.09355E-01  6.14460E-01  8.80668E-01  9.88552E-01      -9.99960E-01  9.99880E-01
 -6.31000E-01  1.12584E-01  5.94823E-01  8.63812E-01  9.85705E-01      -9.99920E-01  9.99950E-01
 -6.95307E-01  6.46725E-02  5.88638E-01  8.58167E-01  9.86875E-01      -1.00000E+00  9.99970E-01
 -7.49992E-01 -4.48722E-02  4.88395E-01  8.26542E-01  9.83192E-01      -1.00000E+00  9.99950E-01
 -8.95705E-01 -2.96135E-01  3.03690E-01  7.79212E-01  9.75148E-01      -9.99990E-01  9.99900E-01
  4.88705E-02  5.46937E-01  7.88045E-01  9.28700E-01  9.93525E-01      -9.99490E-01  9.99970E-01
 -5.33037E-02  5.12020E-01  7.65575E-01  9.11752E-01  9.92432E-01      -9.99970E-01  9.99950E-01
 -2.06984E-01  4.85633E-01  7.84003E-01  9.29255E-01  9.93125E-01      -9.99700E-01  1.00000E+00
 -4.39515E-01  4.18040E-01  7.42062E-01  9.12032E-01  9.91220E-01      -1.00000E+00  9.99950E-01
 -7.62983E-01  4.64000E-02  5.34037E-01  8.25192E-01  9.75747E-01      -9.99930E-01  9.99810E-01


    5.  10.81   74. 183.84  2.00E+00  8.00E+01  1.69E-02  3.98E-03     5   0.00

  1.86730E-01  3.26610E-01  4.50790E-01  5.85690E-01  7.86920E-01       1.83230E-03  1.42310E+00

  3.14435E-01  5.46395E-01  7.04395E-01  8.36940E-01  9.48025E-01       5.46030E-03  9.99930E-01
  3.07455E-01  5.31980E-01  6.99865E-01  8.26515E-01  9.48480E-01       1.31800E-02  9.99930E-01
  3.18600E-01  5.41975E-01  7.00540E-01  8.24135E-01  9.46410E-01       9.81020E-03  9.99990E-01
  2.89490E-01  5.17875E-01  6.76075E-01  8.14125E-01  9.39750E-01       1.20510E-02  9.99980E-01
  2.63235E-01  4.70835E-01  6.27645E-01  7.64160E-01  9.16140E-01       5.36660E-03  9.99950E-01

 -9.51887E-01 -6.05333E-01 -9.35362E-02  5.09252E-01  9.29305E-01      -1.00000E+00  9.99760E-01
 -9.38340E-01 -5.83760E-01 -6.01287E-02  4.88645E-01  9.31265E-01      -1.00000E+00  9.99960E-01
 -9.44542E-01 -5.63438E-01 -5.73773E-02  5.02300E-01  9.38348E-01      -1.00000E+00  9.98920E-01
 -9.49295E-01 -6.15755E-01 -8.90088E-02  5.30757E-01  9.43288E-01      -1.00000E+00  9.99940E-01
 -9.56812E-01 -5.67365E-01  1.48810E-02  5.89948E-01  9.58817E-01      -9.99990E-01  9.99930E-01
 -8.59752E-01 -2.73515E-01  3.10390E-01  7.48287E-01  9.66935E-01      -1.00000E+00  9.99770E-01
 -8.73870E-01 -3.19032E-01  2.11253E-01  6.93542E-01  9.63862E-01      -9.99990E-01  9.99820E-01
 -9.02660E-01 -3.95083E-01  1.93552E-01  6.69370E-01  9.62002E-01      -9.99990E-01  9.99560E-01
 -9.22197E-01 -5.05567E-01  1.56861E-01  7.03630E-01  9.66900E-01      -1.00000E+00  9.99550E-01
 -9.40333E-01 -5.04595E-01  4.93984E-02  6.33910E-01  9.54963E-01      -9.99990E-01  9.99900E-01
 -7.50657E-01 -7.23270E-02  4.89607E-01  7.92667E-01  9.77600E-01      -1.00000E+00  9.99990E-01
 -8.13582E-01 -1.14686E-01  4.38725E-01  8.01017E-01  9.84633E-01      -9.99940E-01  9.99990E-01
 -7.81787E-01 -1.12073E-01  4.56500E-01  8.18102E-01  9.82975E-01      -1.00000E+00  9.99850E-01
 -8.54137E-01 -9.91443E-02  4.32235E-01  7.76880E-01  9.72533E-01      -1.00000E+00  9.99960E-01
 -8.97475E-01 -3.76422E-01  2.14183E-01  6.88895E-01  9.69585E-01      -9.99960E-01  9.99900E-01
 -5.12073E-01  2.43525E-01  6.55990E-01  8.75960E-01  9.87823E-01      -1.00000E+00  9.99890E-01
 -5.84723E-01  1.65850E-01  6.06110E-01  8.60438E-01  9.88007E-01      -9.99980E-01  9.99810E-01
 -7.12710E-01  7.16364E-02  5.64338E-01  8.58860E-01  9.83210E-01      -9.99970E-01  9.99790E-01
 -8.05875E-01 -3.03412E-02  5.23680E-01  8.24362E-01  9.77858E-01      -1.00000E+00  9.99900E-01
 -8.70513E-01 -3.04861E-01  3.33354E-01  7.28605E-01  9.74565E-01      -9.99950E-01  9.99850E-01
 -5.98750E-03  5.32622E-01  7.88037E-01  9.23625E-01  9.88128E-01      -9.92080E-01  9.99880E-01
 -1.03133E-01  5.24738E-01  7.76077E-01  9.20890E-01  9.91262E-01      -9.99980E-01  9.99970E-01
 -1.94242E-01  4.70485E-01  7.58912E-01  9.26623E-01  9.92410E-01      -1.00000E+00  9.99980E-01
 -3.93259E-01  3.33037E-01  7.22650E-01  9.07883E-01  9.89138E-01      -1.00000E+00  9.99920E-01
 -7.09910E-01  3.80850E-02  5.44355E-01  8.56437E-01  9.79008E-01      -9.99950E-01  9.99920E-01


    5.  10.81   74. 183.84  2.00E+00  8.50E+01  1.75E-02  4.13E-03     5   0.00

  1.85720E-01  3.24710E-01  4.51610E-01  5.88840E-01  7.95760E-01       3.80200E-03  1.32890E+00

  3.13745E-01  5.55185E-01  7.07280E-01  8.38225E-01  9.49445E-01       1.56310E-02  9.99970E-01
  3.17550E-01  5.51715E-01  7.12475E-01  8.37735E-01  9.49125E-01       8.34610E-03  9.99920E-01
  3.13980E-01  5.41020E-01  6.96665E-01  8.25225E-01  9.43400E-01       4.25930E-03  9.99700E-01
  2.93455E-01  5.13860E-01  6.76220E-01  8.10360E-01  9.34210E-01       8.22110E-03  9.99970E-01
  2.62150E-01  4.63220E-01  6.19875E-01  7.64300E-01  9.14805E-01       1.83230E-03  9.99920E-01

 -9.49570E-01 -6.63950E-01 -1.14016E-01  4.88540E-01  9.40765E-01      -1.00000E+00  9.99950E-01
 -9.35855E-01 -6.20010E-01 -4.14713E-02  5.16038E-01  9.44360E-01      -9.99970E-01  9.99880E-01
 -9.54245E-01 -6.22677E-01 -3.16589E-02  5.66425E-01  9.50440E-01      -1.00000E+00  9.99700E-01
 -9.52250E-01 -6.34105E-01 -8.63380E-02  5.31423E-01  9.56217E-01      -1.00000E+00  9.99930E-01
 -9.60935E-01 -6.33845E-01 -1.02512E-01  5.24937E-01  9.33198E-01      -1.00000E+00  9.99830E-01
 -8.74145E-01 -3.22070E-01  2.65293E-01  7.59015E-01  9.69050E-01      -1.00000E+00  9.99900E-01
 -9.08190E-01 -3.79617E-01  2.66143E-01  7.10225E-01  9.61840E-01      -1.00000E+00  9.99920E-01
 -9.28823E-01 -4.29187E-01  1.68639E-01  7.02953E-01  9.64612E-01      -1.00000E+00  9.99520E-01
 -9.05752E-01 -3.66317E-01  1.97020E-01  7.23388E-01  9.71965E-01      -9.99970E-01  9.99960E-01
 -9.48533E-01 -5.60055E-01  4.60970E-02  6.35190E-01  9.56220E-01      -1.00000E+00  9.99950E-01
 -7.88053E-01  1.66875E-02  5.03962E-01  8.04882E-01  9.80658E-01      -1.00000E+00  9.99940E-01
 -8.17257E-01 -4.88628E-02  4.53902E-01  7.91377E-01  9.81150E-01      -1.00000E+00  9.99990E-01
 -8.01850E-01 -1.44058E-01  4.34007E-01  7.92057E-01  9.75973E-01      -9.99990E-01  9.99970E-01
 -8.79925E-01 -2.51933E-01  3.04163E-01  7.57362E-01  9.69908E-01      -9.99950E-01  9.99960E-01
 -9.04095E-01 -3.33090E-01  2.64355E-01  7.21363E-01  9.67477E-01      -1.00000E+00  9.99960E-01
 -5.45795E-01  2.46067E-01  6.39835E-01  8.85088E-01  9.84108E-01      -9.99940E-01  9.99850E-01
 -6.18598E-01  1.43710E-01  6.09545E-01  8.64627E-01  9.86908E-01      -1.00000E+00  9.99710E-01
 -7.16575E-01  1.13347E-01  5.79767E-01  8.58088E-01  9.84185E-01      -9.99980E-01  9.99960E-01
 -7.77150E-01 -5.08135E-02  5.13210E-01  8.22917E-01  9.79082E-01      -1.00000E+00  1.00000E+00
 -8.88277E-01 -2.83545E-01  3.27292E-01  7.39637E-01  9.76075E-01      -1.00000E+00  9.99970E-01
 -1.24985E-02  5.42670E-01  8.08207E-01  9.35825E-01  9.92600E-01      -9.99990E-01  9.99990E-01
 -1.09463E-01  4.95683E-01  7.75810E-01  9.18523E-01  9.89665E-01      -9.99640E-01  9.99970E-01
 -1.56657E-01  4.74440E-01  7.77743E-01  9.22635E-01  9.93125E-01      -1.00000E+00  9.99990E-01
 -3.59653E-01  3.92660E-01  7.40905E-01  9.00898E-01  9.89770E-01      -9.99980E-01  9.99990E-01
 -7.38880E-01  5.77458E-02  5.52107E-01  8.35205E-01  9.82685E-01      -9.99980E-01  9.99950E-01


    5.  10.81   74. 183.84  5.00E+00  0.00E+00  1.97E-01  7.75E-02     5   0.00

  9.56390E-01  1.64840E+00  2.14670E+00  2.39360E+00  2.68580E+00       4.52710E-03  3.73460E+00

  3.13725E-01  5.43615E-01  7.04585E-01  8.34420E-01  9.47930E-01       1.55500E-03  1.00000E+00
  3.11525E-01  5.43845E-01  7.03420E-01  8.34705E-01  9.48260E-01       1.34810E-03  9.99990E-01
  3.12810E-01  5.43990E-01  7.04760E-01  8.33470E-01  9.47280E-01       2.12800E-03  9.99990E-01
  3.37240E-01  5.73465E-01  7.31640E-01  8.52010E-01  9.52000E-01       9.78000E-04  9.99990E-01
  2.45885E-01  4.38400E-01  5.85305E-01  7.26210E-01  8.88100E-01       1.77580E-03  9.99980E-01

 -9.50277E-01 -5.71870E-01  1.98445E-02  5.96897E-01  9.50792E-01      -1.00000E+00  1.00000E+00
 -9.50777E-01 -5.88110E-01  1.71062E-02  5.91790E-01  9.49512E-01      -1.00000E+00  1.00000E+00
 -9.51080E-01 -5.97640E-01 -1.61272E-02  5.76225E-01  9.47118E-01      -1.00000E+00  9.99980E-01
 -9.50302E-01 -5.73427E-01  1.51683E-02  5.99095E-01  9.54082E-01      -1.00000E+00  1.00000E+00
 -9.47485E-01 -5.80805E-01  7.70338E-03  5.98270E-01  9.49160E-01      -1.00000E+00  1.00000E+00
 -9.49040E-01 -5.94152E-01 -4.02775E-03  5.85910E-01  9.49967E-01      -1.00000E+00  1.00000E+00
 -9.54322E-01 -6.08190E-01 -3.40075E-02  5.74010E-01  9.52690E-01      -1.00000E+00  1.00000E+00
 -9.48433E-01 -5.90967E-01  2.35474E-02  5.97862E-01  9.51508E-01      -1.00000E+00  1.00000E+00
 -9.54205E-01 -5.89897E-01 -9.53448E-03  5.74470E-01  9.52090E-01      -1.00000E+00  1.00000E+00
 -9.50390E-01 -5.81615E-01  1.32315E-02  5.91730E-01  9.54738E-01      -1.00000E+00  1.00000E+00
 -9.50002E-01 -5.82577E-01  5.74978E-03  5.90245E-01  9.48845E-01      -1.00000E+00  1.00000E+00
 -9.51405E-01 -6.00762E-01 -1.13396E-02  5.87210E-01  9.52242E-01      -1.00000E+00  1.00000E+00
 -9.50365E-01 -5.96248E-01 -2.59842E-03  5.85558E-01  9.53370E-01      -1.00000E+00  1.00000E+00
 -9.51218E-01 -5.87275E-01  4.70100E-03  5.90200E-01  9.52402E-01      -1.00000E+00  1.00000E+00
 -9.49395E-01 -5.89375E-01 -7.56100E-03  5.94827E-01  9.50370E-01      -1.00000E+00  1.00000E+00
 -9.53788E-01 -5.93420E-01  8.66100E-03  5.81360E-01  9.48680E-01      -1.00000E+00  1.00000E+00
 -9.48303E-01 -5.78357E-01 -1.03307E-03  5.74545E-01  9.51390E-01      -1.00000E+00  1.00000E+00
 -9.50732E-01 -5.99585E-01 -1.07513E-02  5.77117E-01  9.47410E-01      -1.00000E+00  1.00000E+00
 -9.51750E-01 -5.78527E-01  4.76415E-03  6.06220E-01  9.52848E-01      -1.00000E+00  1.00000E+00
 -9.51407E-01 -5.76930E-01  7.94345E-03  5.92663E-01  9.51500E-01      -1.00000E+00  1.00000E+00
 -9.49850E-01 -5.88010E-01 -1.84375E-02  5.78603E-01  9.51372E-01      -1.00000E+00  1.00000E+00
 -9.50560E-01 -5.97967E-01 -3.32285E-03  5.90695E-01  9.51685E-01      -1.00000E+00  1.00000E+00
 -9.49032E-01 -5.81697E-01 -1.90695E-03  5.90795E-01  9.53415E-01      -1.00000E+00  9.99990E-01
 -9.49230E-01 -5.95755E-01 -2.19300E-03  5.80993E-01  9.49458E-01      -1.00000E+00  1.00000E+00
 -9.55438E-01 -5.90703E-01 -3.30375E-03  5.80653E-01  9.52450E-01      -1.00000E+00  1.00000E+00


    5.  10.81   74. 183.84  5.00E+00  3.00E+01  2.15E-01  8.92E-02     5   0.00

  9.98790E-01  1.71940E+00  2.22900E+00  2.50900E+00  2.92900E+00       7.46210E-03  4.20220E+00

  3.15025E-01  5.44480E-01  7.03190E-01  8.34650E-01  9.47875E-01       2.60850E-03  9.99990E-01
  3.12470E-01  5.42055E-01  7.01430E-01  8.32415E-01  9.47185E-01       2.36330E-03  1.00000E+00
  3.14295E-01  5.45570E-01  7.05205E-01  8.34560E-01  9.47495E-01       1.18680E-03  1.00000E+00
  3.07970E-01  5.38985E-01  6.98835E-01  8.31605E-01  9.46255E-01       5.80590E-03  1.00000E+00
  2.49485E-01  4.45260E-01  5.94455E-01  7.37990E-01  8.99455E-01       3.04010E-03  9.99980E-01

 -9.54825E-01 -6.12918E-01 -3.17045E-02  5.65620E-01  9.48405E-01      -1.00000E+00  1.00000E+00
 -9.53530E-01 -5.92035E-01 -1.75095E-02  5.72043E-01  9.47833E-01      -1.00000E+00  1.00000E+00
 -9.53975E-01 -5.87627E-01 -2.00792E-02  5.67447E-01  9.51890E-01      -1.00000E+00  1.00000E+00
 -9.47747E-01 -6.14475E-01 -4.08953E-02  5.64588E-01  9.46963E-01      -1.00000E+00  9.99990E-01
 -9.51318E-01 -5.94170E-01 -8.01517E-03  5.86840E-01  9.52530E-01      -1.00000E+00  1.00000E+00
 -9.58032E-01 -6.19795E-01 -5.18533E-02  5.43030E-01  9.47505E-01      -1.00000E+00  1.00000E+00
 -9.56383E-01 -6.26858E-01 -7.70355E-02  5.47303E-01  9.42940E-01      -1.00000E+00  1.00000E+00
 -9.59113E-01 -6.24195E-01 -6.01215E-02  5.45513E-01  9.39650E-01      -1.00000E+00  1.00000E+00
 -9.53102E-01 -6.11240E-01 -2.73991E-02  5.66875E-01  9.47188E-01      -1.00000E+00  1.00000E+00
 -9.51923E-01 -5.95860E-01 -5.58370E-03  5.80280E-01  9.47805E-01      -1.00000E+00  1.00000E+00
 -9.65470E-01 -7.08973E-01 -2.15446E-01  4.39567E-01  9.24948E-01      -1.00000E+00  1.00000E+00
 -9.68960E-01 -7.11325E-01 -2.29775E-01  4.15060E-01  9.20255E-01      -1.00000E+00  1.00000E+00
 -9.63280E-01 -6.76655E-01 -1.65180E-01  4.67653E-01  9.32075E-01      -1.00000E+00  9.99990E-01
 -9.63760E-01 -6.81002E-01 -1.53091E-01  4.88858E-01  9.36333E-01      -1.00000E+00  9.99990E-01
 -9.57412E-01 -6.42230E-01 -7.57536E-02  5.37932E-01  9.40887E-01      -1.00000E+00  1.00000E+00
 -9.12375E-01 -5.51225E-01 -5.91950E-02  5.27475E-01  9.36090E-01      -1.00000E+00  1.00000E+00
 -9.04370E-01 -5.24578E-01 -2.56200E-02  5.29580E-01  9.45357E-01      -1.00000E+00  1.00000E+00
 -8.90050E-01 -4.89980E-01 -3.65000E-03  5.48453E-01  9.43625E-01      -1.00000E+00  1.00000E+00
 -8.96050E-01 -4.48238E-01  5.02900E-02  5.83650E-01  9.48265E-01      -1.00000E+00  1.00000E+00
 -9.17837E-01 -4.67065E-01  9.38970E-02  6.03652E-01  9.49908E-01      -1.00000E+00  1.00000E+00
 -3.32484E-01  2.80485E-01  6.35938E-01  8.68950E-01  9.85308E-01      -1.00000E+00  1.00000E+00
 -3.15215E-01  3.26902E-01  6.64288E-01  8.77290E-01  9.85813E-01      -1.00000E+00  1.00000E+00
 -3.52151E-01  3.09505E-01  6.69432E-01  8.84877E-01  9.86753E-01      -1.00000E+00  1.00000E+00
 -4.29008E-01  2.75892E-01  6.55752E-01  8.80622E-01  9.86525E-01      -1.00000E+00  1.00000E+00
 -6.73423E-01  4.86523E-02  5.47615E-01  8.42162E-01  9.82115E-01      -1.00000E+00  1.00000E+00


    5.  10.81   74. 183.84  5.00E+00  4.50E+01  2.31E-01  1.01E-01     5   0.00

  1.02850E+00  1.78370E+00  2.31490E+00  2.65430E+00  3.12620E+00       3.11380E-03  4.27120E+00

  3.15140E-01  5.43110E-01  7.03545E-01  8.34290E-01  9.47785E-01       9.99210E-04  1.00000E+00
  3.10525E-01  5.39525E-01  6.98065E-01  8.29790E-01  9.44935E-01       3.76380E-03  1.00000E+00
  3.02900E-01  5.31490E-01  6.91760E-01  8.24590E-01  9.44455E-01       6.79020E-04  1.00000E+00
  3.06715E-01  5.36945E-01  6.96620E-01  8.29765E-01  9.46960E-01       3.86400E-03  1.00000E+00
  2.45635E-01  4.38500E-01  5.88585E-01  7.32230E-01  8.96195E-01       4.68950E-03  1.00000E+00

 -9.56943E-01 -6.26353E-01 -3.97207E-02  5.55365E-01  9.46542E-01      -1.00000E+00  1.00000E+00
 -9.52777E-01 -6.13888E-01 -4.42405E-02  5.54038E-01  9.46510E-01      -1.00000E+00  1.00000E+00
 -9.53565E-01 -6.09130E-01 -3.09145E-02  5.73340E-01  9.50943E-01      -1.00000E+00  1.00000E+00
 -9.54373E-01 -6.01650E-01 -1.99224E-02  5.62843E-01  9.46618E-01      -1.00000E+00  1.00000E+00
 -9.52738E-01 -5.89150E-01  2.99650E-03  5.80885E-01  9.50230E-01      -1.00000E+00  1.00000E+00
 -9.58782E-01 -6.55707E-01 -1.20468E-01  5.24068E-01  9.41220E-01      -1.00000E+00  1.00000E+00
 -9.57483E-01 -6.36450E-01 -7.53633E-02  5.38747E-01  9.44665E-01      -1.00000E+00  1.00000E+00
 -9.54930E-01 -6.28575E-01 -6.41125E-02  5.39543E-01  9.44852E-01      -1.00000E+00  1.00000E+00
 -9.55515E-01 -6.30487E-01 -5.93475E-02  5.51345E-01  9.45380E-01      -1.00000E+00  1.00000E+00
 -9.55318E-01 -6.07040E-01 -2.40107E-02  5.84720E-01  9.48178E-01      -1.00000E+00  1.00000E+00
 -9.74137E-01 -7.60685E-01 -2.97972E-01  3.79115E-01  9.17708E-01      -1.00000E+00  1.00000E+00
 -9.72400E-01 -7.56032E-01 -2.93802E-01  3.85325E-01  9.20340E-01      -1.00000E+00  1.00000E+00
 -9.70112E-01 -7.45758E-01 -2.72222E-01  4.09172E-01  9.25198E-01      -1.00000E+00  1.00000E+00
 -9.68298E-01 -7.31245E-01 -2.30923E-01  4.33077E-01  9.26347E-01      -1.00000E+00  1.00000E+00
 -9.65512E-01 -6.82590E-01 -1.48432E-01  4.98623E-01  9.37485E-01      -1.00000E+00  1.00000E+00
 -7.44053E-01 -2.75442E-01  1.92880E-01  6.60262E-01  9.58895E-01      -1.00000E+00  1.00000E+00
 -7.45305E-01 -2.51152E-01  2.12172E-01  6.67850E-01  9.59912E-01      -1.00000E+00  1.00000E+00
 -7.69705E-01 -2.36591E-01  2.36192E-01  6.78505E-01  9.61365E-01      -1.00000E+00  1.00000E+00
 -8.08285E-01 -2.53344E-01  2.60804E-01  6.89213E-01  9.64527E-01      -1.00000E+00  1.00000E+00
 -8.97830E-01 -3.76677E-01  1.85590E-01  6.58252E-01  9.61633E-01      -1.00000E+00  1.00000E+00
 -3.66775E-02  4.62495E-01  7.32668E-01  9.03682E-01  9.89395E-01      -1.00000E+00  1.00000E+00
 -4.04025E-02  4.81320E-01  7.44315E-01  9.09255E-01  9.89418E-01      -9.99990E-01  1.00000E+00
 -7.03775E-02  4.85175E-01  7.56248E-01  9.14502E-01  9.90827E-01      -1.00000E+00  1.00000E+00
 -2.12086E-01  4.44237E-01  7.41878E-01  9.10297E-01  9.89705E-01      -1.00000E+00  1.00000E+00
 -5.74667E-01  1.81045E-01  6.21145E-01  8.74398E-01  9.86422E-01      -1.00000E+00  1.00000E+00


    5.  10.81   74. 183.84  5.00E+00  6.00E+01  2.51E-01  1.15E-01     5   0.00

  1.07120E+00  1.87190E+00  2.42450E+00  2.81300E+00  3.29530E+00       8.73790E-03  4.41460E+00

  3.11275E-01  5.43830E-01  7.02830E-01  8.31785E-01  9.47835E-01       1.39260E-03  9.99990E-01
  3.07025E-01  5.34510E-01  6.95890E-01  8.28810E-01  9.45965E-01       1.82370E-03  9.99990E-01
  3.03725E-01  5.30555E-01  6.91180E-01  8.24235E-01  9.43290E-01       4.69200E-03  1.00000E+00
  3.06885E-01  5.36650E-01  6.97150E-01  8.31100E-01  9.46100E-01       5.85130E-03  1.00000E+00
  2.40950E-01  4.32485E-01  5.79750E-01  7.20830E-01  8.85645E-01       2.14920E-03  9.99990E-01

 -9.55333E-01 -6.36470E-01 -7.12950E-02  5.41932E-01  9.45595E-01      -1.00000E+00  1.00000E+00
 -9.55642E-01 -6.21930E-01 -4.54835E-02  5.54617E-01  9.45593E-01      -1.00000E+00  1.00000E+00
 -9.53700E-01 -6.23835E-01 -5.86965E-02  5.48673E-01  9.42823E-01      -1.00000E+00  1.00000E+00
 -9.53917E-01 -6.08830E-01 -3.27420E-02  5.66617E-01  9.45717E-01      -1.00000E+00  1.00000E+00
 -9.56615E-01 -6.08893E-01 -2.65292E-02  5.86093E-01  9.50425E-01      -1.00000E+00  1.00000E+00
 -9.60265E-01 -6.52092E-01 -1.05171E-01  5.23495E-01  9.41153E-01      -1.00000E+00  1.00000E+00
 -9.62122E-01 -6.53020E-01 -9.21442E-02  5.39520E-01  9.44815E-01      -1.00000E+00  1.00000E+00
 -9.56445E-01 -6.40070E-01 -8.28678E-02  5.46957E-01  9.44080E-01      -1.00000E+00  1.00000E+00
 -9.54273E-01 -6.28393E-01 -5.94925E-02  5.43112E-01  9.41412E-01      -1.00000E+00  1.00000E+00
 -9.55488E-01 -6.12078E-01 -3.94071E-02  5.67450E-01  9.47078E-01      -1.00000E+00  1.00000E+00
 -9.64040E-01 -7.22575E-01 -2.29440E-01  4.43755E-01  9.29915E-01      -1.00000E+00  1.00000E+00
 -9.63952E-01 -7.12150E-01 -2.01735E-01  4.71307E-01  9.32135E-01      -1.00000E+00  1.00000E+00
 -9.67568E-01 -7.15338E-01 -2.15950E-01  4.55435E-01  9.30473E-01      -1.00000E+00  9.99990E-01
 -9.65892E-01 -6.98710E-01 -2.01420E-01  4.56030E-01  9.36433E-01      -1.00000E+00  1.00000E+00
 -9.63300E-01 -6.72392E-01 -1.34138E-01  4.91770E-01  9.37652E-01      -1.00000E+00  1.00000E+00
 -5.90435E-01 -8.00385E-02  3.40860E-01  7.28030E-01  9.67880E-01      -1.00000E+00  1.00000E+00
 -6.10167E-01 -6.40275E-02  3.62340E-01  7.22128E-01  9.65395E-01      -1.00000E+00  1.00000E+00
 -6.67925E-01 -8.15000E-02  3.60687E-01  7.28735E-01  9.66715E-01      -1.00000E+00  1.00000E+00
 -7.40265E-01 -1.24827E-01  3.60223E-01  7.42542E-01  9.68302E-01      -1.00000E+00  1.00000E+00
 -8.69193E-01 -2.93457E-01  2.85685E-01  7.27310E-01  9.68143E-01      -1.00000E+00  1.00000E+00
  1.06229E-01  5.51755E-01  7.78973E-01  9.21273E-01  9.91078E-01      -9.99980E-01  1.00000E+00
  1.00613E-01  5.61757E-01  7.87720E-01  9.25340E-01  9.92080E-01      -9.99990E-01  1.00000E+00
  6.43825E-02  5.62898E-01  7.95180E-01  9.26615E-01  9.92115E-01      -9.99930E-01  1.00000E+00
 -3.43050E-02  5.30140E-01  7.84987E-01  9.26720E-01  9.92017E-01      -1.00000E+00  1.00000E+00
 -4.04282E-01  2.88674E-01  6.82327E-01  8.92782E-01  9.88660E-01      -1.00000E+00  1.00000E+00


    5.  10.81   74. 183.84  5.00E+00  7.00E+01  2.64E-01  1.24E-01     5   0.00

  1.09570E+00  1.92810E+00  2.49070E+00  2.89780E+00  3.38000E+00       2.17530E-03  4.45990E+00

  3.10765E-01  5.41830E-01  7.01480E-01  8.32510E-01  9.47670E-01       7.73480E-04  1.00000E+00
  3.07205E-01  5.34895E-01  6.95690E-01  8.27935E-01  9.45335E-01       8.84500E-04  9.99980E-01
  3.02625E-01  5.30070E-01  6.90955E-01  8.25055E-01  9.44350E-01       1.71680E-03  9.99990E-01
  3.08985E-01  5.37350E-01  6.97995E-01  8.29860E-01  9.45405E-01       2.58220E-04  1.00000E+00
  2.37545E-01  4.27800E-01  5.74080E-01  7.14990E-01  8.81295E-01       1.24270E-03  9.99990E-01

 -9.56498E-01 -6.21375E-01 -6.22547E-02  5.42643E-01  9.48387E-01      -1.00000E+00  1.00000E+00
 -9.57455E-01 -6.29807E-01 -6.32485E-02  5.29870E-01  9.40895E-01      -1.00000E+00  9.99990E-01
 -9.54665E-01 -6.19547E-01 -4.22793E-02  5.57875E-01  9.49105E-01      -1.00000E+00  1.00000E+00
 -9.54892E-01 -6.13115E-01 -4.87328E-02  5.66570E-01  9.47692E-01      -1.00000E+00  1.00000E+00
 -9.56403E-01 -6.04895E-01 -2.39315E-02  5.73540E-01  9.49615E-01      -1.00000E+00  1.00000E+00
 -9.60210E-01 -6.54442E-01 -1.10525E-01  5.17142E-01  9.42688E-01      -1.00000E+00  1.00000E+00
 -9.60447E-01 -6.42948E-01 -7.40680E-02  5.44233E-01  9.46485E-01      -1.00000E+00  1.00000E+00
 -9.60540E-01 -6.42045E-01 -7.96112E-02  5.32435E-01  9.41350E-01      -1.00000E+00  1.00000E+00
 -9.57060E-01 -6.10133E-01 -4.16647E-02  5.57527E-01  9.46263E-01      -1.00000E+00  1.00000E+00
 -9.55400E-01 -6.25498E-01 -4.35272E-02  5.49830E-01  9.44568E-01      -1.00000E+00  1.00000E+00
 -9.36453E-01 -6.69575E-01 -1.76760E-01  4.91595E-01  9.35480E-01      -1.00000E+00  1.00000E+00
 -9.44142E-01 -6.74430E-01 -1.77690E-01  4.85947E-01  9.36022E-01      -1.00000E+00  1.00000E+00
 -9.57365E-01 -6.87747E-01 -1.71478E-01  4.80545E-01  9.36635E-01      -1.00000E+00  1.00000E+00
 -9.64718E-01 -6.91943E-01 -1.93412E-01  4.48470E-01  9.33107E-01      -1.00000E+00  9.99990E-01
 -9.61675E-01 -6.55825E-01 -1.05711E-01  5.08833E-01  9.40445E-01      -1.00000E+00  1.00000E+00
 -5.09805E-01 -2.11225E-02  3.73015E-01  7.38778E-01  9.67500E-01      -1.00000E+00  1.00000E+00
 -5.57635E-01 -5.58500E-03  4.11318E-01  7.52465E-01  9.69325E-01      -1.00000E+00  1.00000E+00
 -6.10605E-01 -2.56925E-02  4.14853E-01  7.61150E-01  9.70187E-01      -1.00000E+00  1.00000E+00
 -7.31450E-01 -6.60175E-02  4.18003E-01  7.71128E-01  9.73048E-01      -1.00000E+00  1.00000E+00
 -8.50645E-01 -2.52795E-01  3.12385E-01  7.42375E-01  9.70390E-01      -1.00000E+00  1.00000E+00
  1.71567E-01  5.90355E-01  7.98863E-01  9.24105E-01  9.91528E-01      -9.99690E-01  1.00000E+00
  1.49135E-01  5.94115E-01  8.05308E-01  9.31060E-01  9.92360E-01      -9.99930E-01  1.00000E+00
  1.37976E-01  6.02492E-01  8.14680E-01  9.36033E-01  9.93078E-01      -9.99600E-01  1.00000E+00
  4.28950E-02  5.64650E-01  8.02455E-01  9.34385E-01  9.92515E-01      -1.00000E+00  1.00000E+00
 -3.58032E-01  3.36145E-01  7.02270E-01  8.99530E-01  9.89390E-01      -1.00000E+00  1.00000E+00


    5.  10.81   74. 183.84  5.00E+00  8.00E+01  2.72E-01  1.31E-01     5   0.00

  1.11610E+00  1.97090E+00  2.54150E+00  2.95700E+00  3.43840E+00       1.79110E-03  4.49670E+00

  3.13315E-01  5.40875E-01  7.00805E-01  8.31390E-01  9.46745E-01       2.30650E-03  9.99990E-01
  3.01020E-01  5.26580E-01  6.89000E-01  8.24565E-01  9.44640E-01       4.93100E-03  1.00000E+00
  3.05270E-01  5.29590E-01  6.90835E-01  8.25995E-01  9.44565E-01       6.43930E-04  1.00000E+00
  3.08885E-01  5.35920E-01  6.95005E-01  8.27085E-01  9.44100E-01       2.21290E-03  1.00000E+00
  2.35650E-01  4.26670E-01  5.73920E-01  7.15390E-01  8.78965E-01       1.53210E-03  9.99980E-01

 -9.54438E-01 -6.33768E-01 -7.53845E-02  5.41080E-01  9.42610E-01      -1.00000E+00  1.00000E+00
 -9.56478E-01 -6.19328E-01 -6.17403E-02  5.48533E-01  9.44420E-01      -1.00000E+00  1.00000E+00
 -9.55780E-01 -6.27235E-01 -4.43436E-02  5.52903E-01  9.47055E-01      -1.00000E+00  1.00000E+00
 -9.54743E-01 -6.20400E-01 -4.54172E-02  5.47378E-01  9.42155E-01      -1.00000E+00  1.00000E+00
 -9.50937E-01 -6.07073E-01 -3.08178E-02  5.58460E-01  9.45442E-01      -1.00000E+00  1.00000E+00
 -9.62340E-01 -6.59045E-01 -1.11020E-01  5.26970E-01  9.41980E-01      -1.00000E+00  1.00000E+00
 -9.59467E-01 -6.46795E-01 -7.79130E-02  5.39500E-01  9.45960E-01      -1.00000E+00  1.00000E+00
 -9.59280E-01 -6.52445E-01 -9.57942E-02  5.30390E-01  9.44873E-01      -1.00000E+00  1.00000E+00
 -9.57545E-01 -6.30330E-01 -7.48135E-02  5.47655E-01  9.49153E-01      -1.00000E+00  1.00000E+00
 -9.56273E-01 -6.15128E-01 -3.81420E-02  5.52715E-01  9.43537E-01      -1.00000E+00  1.00000E+00
 -9.22590E-01 -6.30710E-01 -1.51014E-01  5.04607E-01  9.43010E-01      -1.00000E+00  1.00000E+00
 -9.33017E-01 -6.34775E-01 -1.34821E-01  5.00275E-01  9.39720E-01      -1.00000E+00  1.00000E+00
 -9.49675E-01 -6.53853E-01 -1.35371E-01  5.06602E-01  9.37933E-01      -1.00000E+00  1.00000E+00
 -9.60845E-01 -6.77345E-01 -1.49138E-01  4.83583E-01  9.37558E-01      -1.00000E+00  1.00000E+00
 -9.58160E-01 -6.40620E-01 -7.46330E-02  5.25850E-01  9.43150E-01      -1.00000E+00  1.00000E+00
 -4.69153E-01  3.59450E-02  4.17295E-01  7.52980E-01  9.70765E-01      -1.00000E+00  1.00000E+00
 -4.99395E-01  4.63375E-02  4.43148E-01  7.57890E-01  9.70530E-01      -1.00000E+00  1.00000E+00
 -5.82525E-01  2.73750E-02  4.57440E-01  7.78747E-01  9.71437E-01      -1.00000E+00  1.00000E+00
 -6.76443E-01 -1.69025E-02  4.45400E-01  7.84787E-01  9.75650E-01      -1.00000E+00  1.00000E+00
 -8.47382E-01 -2.30370E-01  3.30590E-01  7.52960E-01  9.72118E-01      -1.00000E+00  1.00000E+00
  1.99373E-01  6.10878E-01  8.13305E-01  9.35425E-01  9.92175E-01      -9.99670E-01  1.00000E+00
  2.09617E-01  6.24890E-01  8.21225E-01  9.38632E-01  9.92960E-01      -9.99960E-01  1.00000E+00
  1.46770E-01  6.08153E-01  8.18770E-01  9.35203E-01  9.92882E-01      -9.99970E-01  1.00000E+00
  7.02825E-02  5.79802E-01  8.11960E-01  9.36072E-01  9.93248E-01      -1.00000E+00  1.00000E+00
 -3.30990E-01  3.68360E-01  7.06495E-01  9.03730E-01  9.89530E-01      -1.00000E+00  1.00000E+00


    5.  10.81   74. 183.84  5.00E+00  8.50E+01  2.75E-01  1.33E-01     5   0.00

  1.12110E+00  1.98410E+00  2.55500E+00  2.97160E+00  3.45490E+00       5.79790E-03  4.49600E+00

  3.11095E-01  5.42975E-01  7.01075E-01  8.31325E-01  9.46890E-01       3.68590E-03  9.99980E-01
  3.05490E-01  5.32785E-01  6.93405E-01  8.26575E-01  9.45325E-01       2.97320E-03  9.99990E-01
  3.04690E-01  5.31560E-01  6.91300E-01  8.25295E-01  9.44315E-01       1.54300E-03  1.00000E+00
  3.05605E-01  5.33075E-01  6.94060E-01  8.27875E-01  9.44270E-01       4.29690E-03  1.00000E+00
  2.37085E-01  4.25950E-01  5.70790E-01  7.11825E-01  8.77240E-01       2.26510E-03  9.99980E-01

 -9.54695E-01 -6.23225E-01 -5.68002E-02  5.45185E-01  9.44380E-01      -1.00000E+00  1.00000E+00
 -9.58952E-01 -6.36495E-01 -6.86770E-02  5.39602E-01  9.42615E-01      -1.00000E+00  1.00000E+00
 -9.53325E-01 -6.16350E-01 -3.56514E-02  5.53627E-01  9.48732E-01      -1.00000E+00  1.00000E+00
 -9.54192E-01 -6.08300E-01 -4.03722E-02  5.61080E-01  9.42958E-01      -1.00000E+00  1.00000E+00
 -9.49190E-01 -6.01703E-01 -2.84029E-02  5.63022E-01  9.49798E-01      -1.00000E+00  1.00000E+00
 -9.56715E-01 -6.54338E-01 -9.08092E-02  5.32483E-01  9.40857E-01      -1.00000E+00  1.00000E+00
 -9.59375E-01 -6.45118E-01 -8.51293E-02  5.29555E-01  9.45450E-01      -1.00000E+00  1.00000E+00
 -9.59530E-01 -6.46530E-01 -7.65220E-02  5.43477E-01  9.43880E-01      -1.00000E+00  1.00000E+00
 -9.56342E-01 -6.23027E-01 -3.47640E-02  5.68007E-01  9.48515E-01      -1.00000E+00  1.00000E+00
 -9.56170E-01 -6.15960E-01 -3.29460E-02  5.66530E-01  9.48640E-01      -1.00000E+00  1.00000E+00
 -9.14440E-01 -6.12123E-01 -1.35066E-01  5.20440E-01  9.41395E-01      -1.00000E+00  1.00000E+00
 -9.31720E-01 -6.29675E-01 -1.39921E-01  5.02207E-01  9.40055E-01      -1.00000E+00  1.00000E+00
 -9.42003E-01 -6.41212E-01 -1.38333E-01  4.89745E-01  9.37845E-01      -1.00000E+00  1.00000E+00
 -9.56945E-01 -6.63397E-01 -1.48145E-01  4.80943E-01  9.36732E-01      -1.00000E+00  1.00000E+00
 -9.58365E-01 -6.43983E-01 -9.37108E-02  5.17935E-01  9.41268E-01      -1.00000E+00  1.00000E+00
 -4.65067E-01  4.87800E-02  4.28290E-01  7.57467E-01  9.70403E-01      -1.00000E+00  1.00000E+00
 -4.93700E-01  5.19025E-02  4.41232E-01  7.63293E-01  9.71510E-01      -1.00000E+00  1.00000E+00
 -5.53422E-01  4.24350E-02  4.61218E-01  7.79863E-01  9.71820E-01      -1.00000E+00  1.00000E+00
 -6.68213E-01  5.44750E-03  4.61373E-01  7.91075E-01  9.75392E-01      -1.00000E+00  1.00000E+00
 -8.54115E-01 -2.33636E-01  3.36643E-01  7.54075E-01  9.71580E-01      -1.00000E+00  1.00000E+00
  2.18176E-01  6.16490E-01  8.14118E-01  9.32673E-01  9.92507E-01      -9.99110E-01  1.00000E+00
  1.83390E-01  6.16858E-01  8.17653E-01  9.37013E-01  9.93265E-01      -9.99440E-01  1.00000E+00
  1.78645E-01  6.23165E-01  8.28370E-01  9.40608E-01  9.93317E-01      -9.99950E-01  1.00000E+00
  8.01915E-02  5.86337E-01  8.16095E-01  9.37835E-01  9.92982E-01      -1.00000E+00  1.00000E+00
 -3.22782E-01  3.62693E-01  7.16910E-01  9.09953E-01  9.90450E-01      -1.00000E+00  1.00000E+00


    5.  10.81   74. 183.84  1.00E+01  0.00E+00  4.57E-01  2.27E-01     5   0.00

  2.40060E+00  4.28940E+00  5.39740E+00  6.17010E+00  6.70760E+00       9.19260E-03  8.20570E+00

  3.14765E-01  5.47065E-01  7.06350E-01  8.37080E-01  9.49610E-01       4.74550E-03  1.00000E+00
  3.11620E-01  5.42375E-01  7.02330E-01  8.34525E-01  9.47840E-01       1.74940E-03  1.00000E+00
  3.20280E-01  5.53800E-01  7.13390E-01  8.42130E-01  9.50820E-01       2.32420E-03  1.00000E+00
  3.42470E-01  5.82175E-01  7.39545E-01  8.60010E-01  9.56180E-01       3.59660E-03  1.00000E+00
  2.44825E-01  4.28785E-01  5.65820E-01  6.94660E-01  8.53325E-01       1.77240E-03  9.99980E-01

 -9.50945E-01 -5.93272E-01 -5.66545E-03  5.84327E-01  9.49125E-01      -1.00000E+00  1.00000E+00
 -9.51465E-01 -5.90163E-01 -2.78313E-03  5.97115E-01  9.52202E-01      -1.00000E+00  1.00000E+00
 -9.51920E-01 -5.89048E-01 -8.13525E-04  5.80720E-01  9.47467E-01      -1.00000E+00  1.00000E+00
 -9.48867E-01 -5.79880E-01  1.44987E-02  5.89917E-01  9.52513E-01      -1.00000E+00  1.00000E+00
 -9.50450E-01 -5.82322E-01  9.70428E-03  5.89370E-01  9.51630E-01      -1.00000E+00  1.00000E+00
 -9.50518E-01 -5.91340E-01 -1.41716E-02  5.75280E-01  9.50282E-01      -1.00000E+00  1.00000E+00
 -9.51403E-01 -5.94825E-01 -1.96125E-04  5.88100E-01  9.49783E-01      -1.00000E+00  1.00000E+00
 -9.52295E-01 -5.95927E-01 -5.57325E-04  5.86285E-01  9.49355E-01      -1.00000E+00  1.00000E+00
 -9.49273E-01 -5.81762E-01  1.14690E-03  5.84045E-01  9.51987E-01      -1.00000E+00  1.00000E+00
 -9.53153E-01 -5.98360E-01 -1.49615E-02  5.77910E-01  9.51450E-01      -1.00000E+00  1.00000E+00
 -9.51788E-01 -5.85755E-01 -2.67900E-03  5.88910E-01  9.51130E-01      -1.00000E+00  1.00000E+00
 -9.50160E-01 -5.85557E-01  9.64025E-04  5.89690E-01  9.49707E-01      -1.00000E+00  1.00000E+00
 -9.51913E-01 -5.89998E-01 -1.44289E-02  5.86963E-01  9.50547E-01      -1.00000E+00  1.00000E+00
 -9.53507E-01 -5.92655E-01 -3.43232E-03  5.80400E-01  9.47667E-01      -1.00000E+00  1.00000E+00
 -9.51700E-01 -5.88735E-01 -7.39827E-03  5.82022E-01  9.51427E-01      -1.00000E+00  1.00000E+00
 -9.50665E-01 -5.92753E-01 -5.86386E-03  5.83638E-01  9.50770E-01      -1.00000E+00  1.00000E+00
 -9.51667E-01 -5.79115E-01  1.75665E-02  5.86923E-01  9.52383E-01      -1.00000E+00  1.00000E+00
 -9.50577E-01 -5.85808E-01 -2.48933E-03  5.85170E-01  9.51263E-01      -1.00000E+00  1.00000E+00
 -9.49383E-01 -5.82183E-01  9.21835E-03  5.92895E-01  9.52970E-01      -1.00000E+00  1.00000E+00
 -9.53610E-01 -5.95880E-01 -7.61987E-03  5.87873E-01  9.49958E-01      -1.00000E+00  1.00000E+00
 -9.47878E-01 -5.76318E-01  3.96720E-03  5.94438E-01  9.52542E-01      -1.00000E+00  1.00000E+00
 -9.50583E-01 -5.82353E-01  2.56205E-03  5.85583E-01  9.51040E-01      -1.00000E+00  1.00000E+00
 -9.53098E-01 -5.90002E-01 -6.22358E-03  5.79710E-01  9.49240E-01      -1.00000E+00  1.00000E+00
 -9.49870E-01 -5.78930E-01  5.64830E-03  5.80442E-01  9.50788E-01      -1.00000E+00  1.00000E+00
 -9.51723E-01 -6.02067E-01 -1.39178E-02  5.85645E-01  9.50233E-01      -1.00000E+00  1.00000E+00


    5.  10.81   74. 183.84  1.00E+01  3.00E+01  4.96E-01  2.59E-01     5   0.00

  2.54190E+00  4.48870E+00  5.62510E+00  6.35970E+00  7.13830E+00       4.05270E-03  9.02790E+00

  3.13775E-01  5.45895E-01  7.05825E-01  8.36215E-01  9.49200E-01       4.18670E-04  1.00000E+00
  3.10990E-01  5.40415E-01  7.01710E-01  8.32895E-01  9.47945E-01       8.32880E-04  1.00000E+00
  3.14480E-01  5.45340E-01  7.04620E-01  8.35295E-01  9.48330E-01       3.35400E-03  1.00000E+00
  3.09555E-01  5.37985E-01  6.97880E-01  8.31150E-01  9.45995E-01       2.59060E-03  1.00000E+00
  2.38700E-01  4.24360E-01  5.67990E-01  7.03945E-01  8.66290E-01       1.59510E-03  1.00000E+00

 -9.50768E-01 -5.91283E-01 -2.94500E-05  5.91662E-01  9.52905E-01      -1.00000E+00  1.00000E+00
 -9.49490E-01 -5.84680E-01  5.39889E-03  5.94810E-01  9.53917E-01      -1.00000E+00  1.00000E+00
 -9.52413E-01 -5.90543E-01 -1.87241E-02  5.72695E-01  9.49542E-01      -1.00000E+00  1.00000E+00
 -9.51518E-01 -5.89780E-01  7.17777E-03  5.90560E-01  9.50400E-01      -1.00000E+00  1.00000E+00
 -9.52233E-01 -5.89045E-01  1.58098E-03  5.88455E-01  9.50773E-01      -1.00000E+00  1.00000E+00
 -9.57910E-01 -6.39387E-01 -8.67163E-02  5.25345E-01  9.43150E-01      -1.00000E+00  1.00000E+00
 -9.57547E-01 -6.21165E-01 -4.71282E-02  5.60567E-01  9.47795E-01      -1.00000E+00  1.00000E+00
 -9.55442E-01 -6.26595E-01 -5.65158E-02  5.42328E-01  9.43688E-01      -1.00000E+00  1.00000E+00
 -9.54627E-01 -6.07197E-01 -2.92188E-02  5.71935E-01  9.47875E-01      -1.00000E+00  1.00000E+00
 -9.53428E-01 -6.08553E-01 -3.48103E-02  5.70647E-01  9.47858E-01      -1.00000E+00  1.00000E+00
 -9.67160E-01 -6.99630E-01 -1.93727E-01  4.51053E-01  9.30053E-01      -1.00000E+00  1.00000E+00
 -9.66635E-01 -7.00225E-01 -1.82280E-01  4.62340E-01  9.32037E-01      -1.00000E+00  1.00000E+00
 -9.64748E-01 -6.88743E-01 -1.61255E-01  4.73078E-01  9.35955E-01      -1.00000E+00  1.00000E+00
 -9.59022E-01 -6.62065E-01 -1.22947E-01  4.96025E-01  9.34335E-01      -1.00000E+00  1.00000E+00
 -9.55252E-01 -6.29487E-01 -6.70802E-02  5.45410E-01  9.46525E-01      -1.00000E+00  1.00000E+00
 -9.43593E-01 -6.77153E-01 -2.20661E-01  4.11135E-01  9.22680E-01      -1.00000E+00  1.00000E+00
 -9.23395E-01 -6.35918E-01 -1.85909E-01  4.13598E-01  9.24038E-01      -1.00000E+00  1.00000E+00
 -8.96455E-01 -5.77320E-01 -1.42945E-01  4.43013E-01  9.25578E-01      -1.00000E+00  1.00000E+00
 -8.83455E-01 -5.30195E-01 -9.48725E-02  4.74450E-01  9.29403E-01      -1.00000E+00  1.00000E+00
 -9.06940E-01 -5.08393E-01 -1.09125E-02  5.41160E-01  9.43762E-01      -1.00000E+00  1.00000E+00
 -2.29590E-01  2.87759E-01  6.17070E-01  8.52922E-01  9.82683E-01      -1.00000E+00  1.00000E+00
 -1.73220E-01  3.41055E-01  6.60203E-01  8.71260E-01  9.86122E-01      -1.00000E+00  1.00000E+00
 -1.51395E-01  3.84990E-01  6.90213E-01  8.85013E-01  9.86845E-01      -1.00000E+00  1.00000E+00
 -1.40069E-01  4.30610E-01  7.23952E-01  9.03700E-01  9.89213E-01      -1.00000E+00  1.00000E+00
 -3.72134E-01  2.99058E-01  6.73935E-01  8.90710E-01  9.87397E-01      -1.00000E+00  1.00000E+00


    5.  10.81   74. 183.84  1.00E+01  4.50E+01  5.37E-01  2.93E-01     5   0.00

  2.68000E+00  4.67350E+00  5.86950E+00  6.64630E+00  7.51070E+00       4.61080E-03  9.15120E+00

  3.11915E-01  5.41705E-01  7.02730E-01  8.34195E-01  9.47930E-01       1.49620E-03  1.00000E+00
  3.08790E-01  5.38470E-01  6.99885E-01  8.31875E-01  9.46890E-01       4.13370E-03  1.00000E+00
  3.01345E-01  5.24870E-01  6.84395E-01  8.19055E-01  9.41750E-01       2.51330E-03  1.00000E+00
  3.02550E-01  5.31095E-01  6.94465E-01  8.28425E-01  9.45280E-01       1.13380E-03  1.00000E+00
  2.30570E-01  4.10480E-01  5.49505E-01  6.85270E-01  8.53055E-01       7.50220E-04  9.99990E-01

 -9.50867E-01 -5.92963E-01 -1.10271E-02  5.84377E-01  9.51365E-01      -1.00000E+00  1.00000E+00
 -9.51882E-01 -5.96295E-01 -7.68900E-03  5.87873E-01  9.53088E-01      -1.00000E+00  1.00000E+00
 -9.53427E-01 -5.98768E-01 -1.02121E-02  5.87973E-01  9.48750E-01      -1.00000E+00  1.00000E+00
 -9.51770E-01 -5.92898E-01 -1.94278E-02  5.73865E-01  9.49035E-01      -1.00000E+00  1.00000E+00
 -9.50017E-01 -5.83808E-01 -2.38905E-03  5.89910E-01  9.50775E-01      -1.00000E+00  1.00000E+00
 -9.60545E-01 -6.64275E-01 -1.43359E-01  4.82525E-01  9.33762E-01      -1.00000E+00  1.00000E+00
 -9.58872E-01 -6.52630E-01 -1.02250E-01  5.06780E-01  9.39600E-01      -1.00000E+00  1.00000E+00
 -9.58927E-01 -6.45960E-01 -8.54557E-02  5.26942E-01  9.38590E-01      -1.00000E+00  1.00000E+00
 -9.59410E-01 -6.40757E-01 -7.76255E-02  5.36732E-01  9.40980E-01      -1.00000E+00  1.00000E+00
 -9.54000E-01 -6.21040E-01 -3.09413E-02  5.69573E-01  9.46905E-01      -1.00000E+00  1.00000E+00
 -9.79197E-01 -7.88255E-01 -3.34157E-01  3.51190E-01  9.16905E-01      -1.00000E+00  1.00000E+00
 -9.77418E-01 -7.81125E-01 -3.23305E-01  3.62828E-01  9.17492E-01      -1.00000E+00  1.00000E+00
 -9.74938E-01 -7.70913E-01 -2.87197E-01  4.06612E-01  9.23450E-01      -1.00000E+00  1.00000E+00
 -9.72883E-01 -7.30017E-01 -2.12960E-01  4.51838E-01  9.29512E-01      -1.00000E+00  1.00000E+00
 -9.62163E-01 -6.62125E-01 -1.07650E-01  5.16962E-01  9.41527E-01      -1.00000E+00  1.00000E+00
 -7.31205E-01 -3.49870E-01  9.88460E-02  6.09695E-01  9.53503E-01      -1.00000E+00  1.00000E+00
 -7.07275E-01 -3.05937E-01  1.29946E-01  6.21862E-01  9.53367E-01      -1.00000E+00  1.00000E+00
 -7.04027E-01 -2.70322E-01  1.66774E-01  6.32425E-01  9.54235E-01      -1.00000E+00  1.00000E+00
 -7.35085E-01 -2.66813E-01  1.86289E-01  6.35042E-01  9.56528E-01      -1.00000E+00  1.00000E+00
 -8.68185E-01 -3.73153E-01  1.60778E-01  6.36375E-01  9.53237E-01      -1.00000E+00  1.00000E+00
  9.39125E-02  4.97995E-01  7.37895E-01  8.99763E-01  9.88175E-01      -9.99940E-01  1.00000E+00
  1.25989E-01  5.35057E-01  7.66447E-01  9.12888E-01  9.89947E-01      -9.98870E-01  1.00000E+00
  1.43803E-01  5.63260E-01  7.86757E-01  9.22800E-01  9.91488E-01      -1.00000E+00  1.00000E+00
  1.01026E-01  5.75140E-01  7.99795E-01  9.31170E-01  9.92315E-01      -1.00000E+00  1.00000E+00
 -1.72071E-01  4.42145E-01  7.48435E-01  9.16297E-01  9.90608E-01      -1.00000E+00  1.00000E+00


    5.  10.81   74. 183.84  1.00E+01  6.00E+01  5.84E-01  3.35E-01     5   0.00

  2.86140E+00  4.92290E+00  6.17800E+00  6.99410E+00  7.85950E+00       6.44770E-03  9.42010E+00

  3.10840E-01  5.41315E-01  7.00410E-01  8.32445E-01  9.47705E-01       1.24380E-03  1.00000E+00
  3.04415E-01  5.30210E-01  6.90755E-01  8.26125E-01  9.44930E-01       6.76240E-04  1.00000E+00
  2.93735E-01  5.15345E-01  6.76420E-01  8.13285E-01  9.38580E-01       1.70820E-03  1.00000E+00
  2.98495E-01  5.26090E-01  6.89235E-01  8.24085E-01  9.43225E-01       2.31120E-03  1.00000E+00
  2.19265E-01  3.91850E-01  5.27045E-01  6.61180E-01  8.31140E-01       1.07890E-03  1.00000E+00

 -9.54190E-01 -6.01655E-01 -2.15297E-02  5.64835E-01  9.48583E-01      -1.00000E+00  1.00000E+00
 -9.53082E-01 -6.02498E-01 -2.95473E-02  5.62057E-01  9.48637E-01      -1.00000E+00  1.00000E+00
 -9.52242E-01 -5.92982E-01 -1.21000E-02  5.81552E-01  9.48492E-01      -1.00000E+00  1.00000E+00
 -9.53250E-01 -5.99515E-01 -2.19303E-02  5.74880E-01  9.49167E-01      -1.00000E+00  1.00000E+00
 -9.53317E-01 -5.97510E-01  8.94750E-04  5.83772E-01  9.50993E-01      -1.00000E+00  1.00000E+00
 -9.66782E-01 -7.09575E-01 -2.17282E-01  4.38275E-01  9.28785E-01      -1.00000E+00  1.00000E+00
 -9.67335E-01 -7.03585E-01 -1.91370E-01  4.48797E-01  9.28157E-01      -1.00000E+00  1.00000E+00
 -9.64997E-01 -6.85080E-01 -1.58877E-01  4.83538E-01  9.33798E-01      -1.00000E+00  1.00000E+00
 -9.61845E-01 -6.64645E-01 -1.28951E-01  4.98098E-01  9.37743E-01      -1.00000E+00  1.00000E+00
 -9.58225E-01 -6.33610E-01 -7.21793E-02  5.40335E-01  9.42420E-01      -1.00000E+00  1.00000E+00
 -9.73175E-01 -7.49143E-01 -2.84590E-01  4.16560E-01  9.25778E-01      -1.00000E+00  1.00000E+00
 -9.69502E-01 -7.36135E-01 -2.51085E-01  4.29330E-01  9.27615E-01      -1.00000E+00  1.00000E+00
 -9.68075E-01 -7.20788E-01 -2.23925E-01  4.45585E-01  9.30987E-01      -1.00000E+00  1.00000E+00
 -9.66983E-01 -7.05753E-01 -1.94932E-01  4.65033E-01  9.35503E-01      -1.00000E+00  1.00000E+00
 -9.61947E-01 -6.69362E-01 -1.26547E-01  5.07860E-01  9.37585E-01      -1.00000E+00  1.00000E+00
 -4.74595E-01 -6.08750E-02  3.21032E-01  7.16960E-01  9.65457E-01      -1.00000E+00  1.00000E+00
 -4.71415E-01 -2.67375E-02  3.46685E-01  7.22380E-01  9.67153E-01      -1.00000E+00  1.00000E+00
 -4.95060E-01 -3.99250E-03  3.78772E-01  7.35000E-01  9.68380E-01      -1.00000E+00  1.00000E+00
 -5.69225E-01 -1.40225E-02  3.98203E-01  7.44078E-01  9.67800E-01      -1.00000E+00  1.00000E+00
 -7.73310E-01 -1.63086E-01  3.35429E-01  7.32313E-01  9.68080E-01      -1.00000E+00  1.00000E+00
  2.76257E-01  6.14415E-01  7.96992E-01  9.22985E-01  9.91317E-01      -9.60900E-01  1.00000E+00
  2.91530E-01  6.42078E-01  8.22475E-01  9.34205E-01  9.92765E-01      -9.92270E-01  1.00000E+00
  3.06142E-01  6.63345E-01  8.39413E-01  9.44893E-01  9.93817E-01      -9.99480E-01  1.00000E+00
  2.89903E-01  6.75392E-01  8.49265E-01  9.48178E-01  9.94275E-01      -9.99890E-01  1.00000E+00
  5.46878E-02  5.80137E-01  8.13748E-01  9.38428E-01  9.93062E-01      -1.00000E+00  1.00000E+00


    5.  10.81   74. 183.84  1.00E+01  7.00E+01  6.16E-01  3.64E-01     5   0.00

  2.99950E+00  5.10240E+00  6.36660E+00  7.20770E+00  8.05740E+00       3.48800E-03  9.53660E+00

  3.10580E-01  5.40850E-01  7.00265E-01  8.32770E-01  9.47385E-01       2.83690E-03  1.00000E+00
  2.98570E-01  5.23080E-01  6.85755E-01  8.21085E-01  9.42840E-01       4.30390E-03  9.99990E-01
  2.92685E-01  5.15690E-01  6.76160E-01  8.13370E-01  9.39590E-01       1.38750E-03  1.00000E+00
  2.97715E-01  5.22225E-01  6.83640E-01  8.19960E-01  9.40620E-01       1.13110E-03  1.00000E+00
  2.13445E-01  3.83090E-01  5.16170E-01  6.49555E-01  8.21075E-01       1.40410E-03  9.99980E-01

 -9.53165E-01 -6.05428E-01 -2.99796E-02  5.67530E-01  9.46952E-01      -1.00000E+00  1.00000E+00
 -9.51620E-01 -6.01477E-01 -1.77193E-02  5.79283E-01  9.48245E-01      -1.00000E+00  1.00000E+00
 -9.52237E-01 -6.02697E-01 -2.17783E-02  5.76665E-01  9.49778E-01      -1.00000E+00  1.00000E+00
 -9.53125E-01 -5.95160E-01 -2.12016E-02  5.69760E-01  9.48375E-01      -1.00000E+00  1.00000E+00
 -9.51117E-01 -5.87590E-01  6.72590E-03  5.96228E-01  9.53008E-01      -1.00000E+00  1.00000E+00
 -9.69087E-01 -7.16217E-01 -2.21372E-01  4.38852E-01  9.26255E-01      -1.00000E+00  1.00000E+00
 -9.68445E-01 -7.11545E-01 -2.07780E-01  4.53623E-01  9.30400E-01      -1.00000E+00  1.00000E+00
 -9.66015E-01 -6.90142E-01 -1.63815E-01  4.77545E-01  9.33285E-01      -1.00000E+00  1.00000E+00
 -9.62997E-01 -6.75042E-01 -1.43420E-01  4.89093E-01  9.36292E-01      -1.00000E+00  1.00000E+00
 -9.57575E-01 -6.35452E-01 -7.82400E-02  5.42985E-01  9.43387E-01      -1.00000E+00  1.00000E+00
 -9.16063E-01 -6.58355E-01 -1.72986E-01  4.72782E-01  9.33385E-01      -1.00000E+00  1.00000E+00
 -9.31525E-01 -6.57988E-01 -1.64800E-01  4.78480E-01  9.36010E-01      -1.00000E+00  1.00000E+00
 -9.49815E-01 -6.68870E-01 -1.51262E-01  4.99110E-01  9.39890E-01      -1.00000E+00  1.00000E+00
 -9.59730E-01 -6.64623E-01 -1.37227E-01  5.01638E-01  9.40050E-01      -1.00000E+00  1.00000E+00
 -9.58735E-01 -6.39275E-01 -9.32434E-02  5.28552E-01  9.42195E-01      -1.00000E+00  1.00000E+00
 -3.54488E-01  5.23395E-02  4.00955E-01  7.54382E-01  9.71425E-01      -1.00000E+00  1.00000E+00
 -3.51870E-01  8.79602E-02  4.23648E-01  7.58528E-01  9.71658E-01      -1.00000E+00  1.00000E+00
 -3.71515E-01  1.19560E-01  4.65193E-01  7.73853E-01  9.73665E-01      -1.00000E+00  1.00000E+00
 -4.59858E-01  1.10075E-01  4.90257E-01  7.88637E-01  9.75175E-01      -1.00000E+00  1.00000E+00
 -7.15715E-01 -6.16962E-02  4.37303E-01  7.85042E-01  9.74703E-01      -1.00000E+00  1.00000E+00
  3.54820E-01  6.62417E-01  8.25845E-01  9.34708E-01  9.92478E-01      -9.59450E-01  1.00000E+00
  3.68023E-01  6.85780E-01  8.44768E-01  9.42570E-01  9.93457E-01      -8.64720E-01  1.00000E+00
  3.81315E-01  7.10383E-01  8.66457E-01  9.53545E-01  9.95045E-01      -9.73750E-01  1.00000E+00
  3.73725E-01  7.15603E-01  8.70792E-01  9.55950E-01  9.95177E-01      -9.99940E-01  1.00000E+00
  1.65750E-01  6.32393E-01  8.37033E-01  9.45680E-01  9.94132E-01      -1.00000E+00  1.00000E+00


    5.  10.81   74. 183.84  1.00E+01  8.00E+01  6.36E-01  3.85E-01     5   0.00

  3.09190E+00  5.24840E+00  6.51860E+00  7.36410E+00  8.19660E+00       6.79580E-03  9.49340E+00

  3.08080E-01  5.37905E-01  6.98445E-01  8.31475E-01  9.46710E-01       7.74530E-04  1.00000E+00
  2.95185E-01  5.19030E-01  6.81715E-01  8.18460E-01  9.42200E-01       2.60260E-03  1.00000E+00
  2.94810E-01  5.16530E-01  6.77435E-01  8.15265E-01  9.40030E-01       1.25610E-03  1.00000E+00
  2.94520E-01  5.18640E-01  6.78840E-01  8.14230E-01  9.37350E-01       1.52160E-03  1.00000E+00
  2.11290E-01  3.77890E-01  5.09020E-01  6.41310E-01  8.13655E-01       1.75900E-03  9.99990E-01

 -9.53677E-01 -6.10313E-01 -3.65221E-02  5.63137E-01  9.46665E-01      -1.00000E+00  1.00000E+00
 -9.54190E-01 -6.08845E-01 -2.48168E-02  5.67655E-01  9.47095E-01      -1.00000E+00  1.00000E+00
 -9.53000E-01 -6.01170E-01 -2.76487E-02  5.66770E-01  9.47830E-01      -1.00000E+00  1.00000E+00
 -9.54462E-01 -6.06650E-01 -2.42873E-02  5.70628E-01  9.49115E-01      -1.00000E+00  1.00000E+00
 -9.51245E-01 -5.86030E-01  1.40320E-03  5.88820E-01  9.52200E-01      -1.00000E+00  1.00000E+00
 -9.71477E-01 -7.35327E-01 -2.33332E-01  4.28175E-01  9.26880E-01      -1.00000E+00  1.00000E+00
 -9.69710E-01 -7.16920E-01 -2.03995E-01  4.51857E-01  9.29695E-01      -1.00000E+00  1.00000E+00
 -9.67180E-01 -7.03407E-01 -1.74220E-01  4.72782E-01  9.34935E-01      -1.00000E+00  1.00000E+00
 -9.63490E-01 -6.79530E-01 -1.34501E-01  4.90882E-01  9.36385E-01      -1.00000E+00  1.00000E+00
 -9.54810E-01 -6.30008E-01 -7.94802E-02  5.38040E-01  9.42390E-01      -1.00000E+00  1.00000E+00
 -8.70077E-01 -5.75183E-01 -8.72838E-02  5.10990E-01  9.41645E-01      -1.00000E+00  1.00000E+00
 -8.92628E-01 -5.78107E-01 -8.78307E-02  5.31410E-01  9.42632E-01      -1.00000E+00  1.00000E+00
 -9.24542E-01 -5.98237E-01 -9.16979E-02  5.26140E-01  9.43560E-01      -1.00000E+00  1.00000E+00
 -9.48345E-01 -6.33493E-01 -1.05116E-01  5.22618E-01  9.40773E-01      -1.00000E+00  1.00000E+00
 -9.56360E-01 -6.40305E-01 -8.60359E-02  5.21597E-01  9.38282E-01      -1.00000E+00  1.00000E+00
 -2.74622E-01  1.33828E-01  4.57665E-01  7.75937E-01  9.73322E-01      -9.99980E-01  1.00000E+00
 -2.57031E-01  1.64845E-01  4.82738E-01  7.84025E-01  9.73640E-01      -1.00000E+00  1.00000E+00
 -2.77102E-01  1.99529E-01  5.20850E-01  7.98660E-01  9.75582E-01      -1.00000E+00  1.00000E+00
 -3.65553E-01  1.90564E-01  5.49187E-01  8.16507E-01  9.76105E-01      -1.00000E+00  1.00000E+00
 -6.65208E-01 -4.33550E-03  4.76788E-01  8.05050E-01  9.77600E-01      -1.00000E+00  1.00000E+00
  4.07772E-01  6.95580E-01  8.44797E-01  9.42045E-01  9.93245E-01      -9.41000E-01  1.00000E+00
  4.18235E-01  7.16138E-01  8.61525E-01  9.49045E-01  9.93997E-01      -9.18330E-01  1.00000E+00
  4.20883E-01  7.28622E-01  8.74437E-01  9.57015E-01  9.95295E-01      -9.45630E-01  1.00000E+00
  4.22342E-01  7.40782E-01  8.82775E-01  9.59307E-01  9.95590E-01      -9.67080E-01  1.00000E+00
  2.29627E-01  6.66607E-01  8.54230E-01  9.52228E-01  9.94640E-01      -1.00000E+00  1.00000E+00


    5.  10.81   74. 183.84  1.00E+01  8.50E+01  6.43E-01  3.91E-01     5   0.00

  3.12620E+00  5.29650E+00  6.56260E+00  7.40700E+00  8.23590E+00       9.56570E-03  9.50910E+00

  3.08120E-01  5.39160E-01  6.99905E-01  8.31885E-01  9.46975E-01       2.01530E-03  1.00000E+00
  2.95470E-01  5.18330E-01  6.80055E-01  8.17640E-01  9.41480E-01       3.99020E-03  1.00000E+00
  2.93140E-01  5.16040E-01  6.78790E-01  8.16265E-01  9.40760E-01       1.49010E-03  1.00000E+00
  2.92435E-01  5.14770E-01  6.75605E-01  8.12805E-01  9.36590E-01       2.35460E-03  1.00000E+00
  2.10545E-01  3.76815E-01  5.07480E-01  6.39860E-01  8.11270E-01       9.28500E-04  9.99970E-01

 -9.55100E-01 -6.08730E-01 -3.92301E-02  5.59370E-01  9.46478E-01      -1.00000E+00  1.00000E+00
 -9.54568E-01 -6.14648E-01 -3.82429E-02  5.61352E-01  9.47330E-01      -1.00000E+00  1.00000E+00
 -9.52078E-01 -6.07967E-01 -4.00884E-02  5.58177E-01  9.48607E-01      -1.00000E+00  1.00000E+00
 -9.52898E-01 -6.07760E-01 -3.56565E-02  5.55867E-01  9.46540E-01      -1.00000E+00  1.00000E+00
 -9.54370E-01 -5.99370E-01 -5.62102E-03  5.84110E-01  9.51502E-01      -1.00000E+00  1.00000E+00
 -9.70575E-01 -7.24170E-01 -2.22282E-01  4.37745E-01  9.30410E-01      -1.00000E+00  1.00000E+00
 -9.69467E-01 -7.15290E-01 -1.95500E-01  4.56823E-01  9.31707E-01      -1.00000E+00  1.00000E+00
 -9.65948E-01 -7.03512E-01 -1.76140E-01  4.73988E-01  9.35607E-01      -1.00000E+00  1.00000E+00
 -9.61817E-01 -6.70755E-01 -1.23179E-01  5.02452E-01  9.36887E-01      -1.00000E+00  1.00000E+00
 -9.57460E-01 -6.31815E-01 -6.58160E-02  5.47338E-01  9.44312E-01      -1.00000E+00  1.00000E+00
 -8.53662E-01 -5.51527E-01 -7.68450E-02  5.31610E-01  9.44227E-01      -1.00000E+00  1.00000E+00
 -8.83158E-01 -5.64345E-01 -6.89077E-02  5.33187E-01  9.42352E-01      -1.00000E+00  1.00000E+00
 -9.14845E-01 -5.80962E-01 -8.09718E-02  5.25425E-01  9.42250E-01      -1.00000E+00  1.00000E+00
 -9.43192E-01 -6.24875E-01 -1.02201E-01  5.14180E-01  9.41158E-01      -1.00000E+00  1.00000E+00
 -9.56180E-01 -6.34118E-01 -7.17472E-02  5.33062E-01  9.41215E-01      -1.00000E+00  1.00000E+00
 -2.35760E-01  1.58634E-01  4.73977E-01  7.80300E-01  9.72768E-01      -9.99910E-01  1.00000E+00
 -2.35296E-01  1.87635E-01  4.99845E-01  7.91013E-01  9.73760E-01      -9.99970E-01  1.00000E+00
 -2.63535E-01  2.14862E-01  5.37637E-01  8.05475E-01  9.76612E-01      -1.00000E+00  1.00000E+00
 -3.59720E-01  2.12880E-01  5.62190E-01  8.21357E-01  9.78722E-01      -1.00000E+00  1.00000E+00
 -6.45868E-01  2.39475E-02  4.92755E-01  8.09823E-01  9.77550E-01      -1.00000E+00  1.00000E+00
  4.18570E-01  7.02450E-01  8.48660E-01  9.43868E-01  9.93883E-01      -9.27850E-01  1.00000E+00
  4.39402E-01  7.28350E-01  8.67643E-01  9.50808E-01  9.94340E-01      -9.76580E-01  1.00000E+00
  4.42483E-01  7.39258E-01  8.79370E-01  9.58645E-01  9.95525E-01      -9.42780E-01  1.00000E+00
  4.24857E-01  7.42708E-01  8.85000E-01  9.60783E-01  9.95663E-01      -9.99450E-01  1.00000E+00
  2.53195E-01  6.73180E-01  8.55205E-01  9.52108E-01  9.94798E-01      -1.00000E+00  1.00000E+00


    5.  10.81   74. 183.84  2.00E+01  0.00E+00  5.81E-01  3.27E-01     5   0.00

  5.45120E+00  9.97480E+00  1.24620E+01  1.39130E+01  1.48830E+01       5.57210E-03  1.71600E+01

  3.30810E-01  5.66450E-01  7.24330E-01  8.49170E-01  9.53940E-01       2.61970E-03  1.00000E+00
  3.31900E-01  5.65400E-01  7.20820E-01  8.46895E-01  9.53130E-01       2.10060E-03  1.00000E+00
  3.44925E-01  5.80540E-01  7.33080E-01  8.54485E-01  9.55365E-01       3.17150E-03  9.99990E-01
  3.70770E-01  6.11655E-01  7.59260E-01  8.68245E-01  9.56090E-01       6.90030E-04  1.00000E+00
  2.33835E-01  4.06495E-01  5.32965E-01  6.53065E-01  8.10875E-01       1.16590E-03  9.99980E-01

 -9.50387E-01 -5.87788E-01 -5.86435E-03  5.92665E-01  9.50862E-01      -1.00000E+00  1.00000E+00
 -9.51187E-01 -5.96000E-01 -6.08660E-03  5.76053E-01  9.48775E-01      -1.00000E+00  1.00000E+00
 -9.49330E-01 -5.82778E-01  1.48985E-03  5.94635E-01  9.51835E-01      -1.00000E+00  1.00000E+00
 -9.51650E-01 -5.89292E-01 -6.42618E-03  5.88765E-01  9.52457E-01      -1.00000E+00  1.00000E+00
 -9.50370E-01 -5.88618E-01  1.31604E-02  5.91240E-01  9.50562E-01      -1.00000E+00  1.00000E+00
 -9.51050E-01 -5.90583E-01 -7.71517E-03  5.80202E-01  9.51453E-01      -1.00000E+00  1.00000E+00
 -9.52155E-01 -5.91248E-01 -9.51975E-03  5.79470E-01  9.51180E-01      -1.00000E+00  1.00000E+00
 -9.51453E-01 -5.94000E-01 -6.03808E-03  5.85710E-01  9.48767E-01      -1.00000E+00  1.00000E+00
 -9.52170E-01 -5.96805E-01 -6.94281E-03  5.77660E-01  9.50743E-01      -1.00000E+00  1.00000E+00
 -9.52905E-01 -5.97460E-01 -1.65362E-02  5.77740E-01  9.48908E-01      -1.00000E+00  1.00000E+00
 -9.52702E-01 -5.91140E-01 -3.19375E-03  5.87975E-01  9.49767E-01      -1.00000E+00  1.00000E+00
 -9.53120E-01 -5.85240E-01  2.98302E-03  5.81317E-01  9.49153E-01      -1.00000E+00  1.00000E+00
 -9.50163E-01 -5.78540E-01  1.33982E-02  6.00318E-01  9.52253E-01      -1.00000E+00  1.00000E+00
 -9.50650E-01 -5.87660E-01 -3.23424E-03  5.83782E-01  9.49472E-01      -1.00000E+00  1.00000E+00
 -9.49963E-01 -5.81640E-01  7.16340E-03  5.89318E-01  9.51018E-01      -1.00000E+00  1.00000E+00
 -9.52135E-01 -5.90320E-01  4.20397E-04  5.91790E-01  9.51550E-01      -1.00000E+00  1.00000E+00
 -9.48998E-01 -5.85840E-01 -8.16552E-03  5.87050E-01  9.50962E-01      -1.00000E+00  1.00000E+00
 -9.51037E-01 -5.87595E-01 -3.60548E-03  5.83672E-01  9.50907E-01      -1.00000E+00  1.00000E+00
 -9.51050E-01 -5.81695E-01  7.20684E-03  5.93328E-01  9.48360E-01      -1.00000E+00  1.00000E+00
 -9.51628E-01 -5.91147E-01  2.21040E-03  5.81985E-01  9.50533E-01      -1.00000E+00  1.00000E+00
 -9.50535E-01 -5.89732E-01 -1.15278E-02  5.82480E-01  9.50897E-01      -1.00000E+00  1.00000E+00
 -9.53030E-01 -5.90018E-01 -7.11598E-03  5.91607E-01  9.48845E-01      -1.00000E+00  1.00000E+00
 -9.52298E-01 -5.91218E-01 -3.16577E-03  5.92193E-01  9.50250E-01      -1.00000E+00  1.00000E+00
 -9.51635E-01 -5.89105E-01  3.67595E-03  5.82350E-01  9.51977E-01      -1.00000E+00  1.00000E+00
 -9.51785E-01 -5.88538E-01 -6.42745E-03  5.84302E-01  9.49967E-01      -1.00000E+00  1.00000E+00


    5.  10.81   74. 183.84  2.00E+01  3.00E+01  6.34E-01  3.78E-01     5   0.00

  6.04240E+00  1.07160E+01  1.30660E+01  1.43760E+01  1.57690E+01       4.28770E-03  1.86070E+01

  3.30365E-01  5.64870E-01  7.23020E-01  8.48395E-01  9.53430E-01       2.38860E-03  1.00000E+00
  3.29575E-01  5.61690E-01  7.17985E-01  8.44530E-01  9.52170E-01       3.17720E-03  1.00000E+00
  3.32915E-01  5.67290E-01  7.23465E-01  8.46835E-01  9.52525E-01       1.68270E-03  1.00000E+00
  3.11300E-01  5.34755E-01  6.93425E-01  8.26285E-01  9.42610E-01       1.39750E-03  1.00000E+00
  2.22735E-01  3.94605E-01  5.25790E-01  6.53400E-01  8.16150E-01       2.78750E-03  1.00000E+00

 -9.52040E-01 -5.91417E-01 -4.72373E-03  5.84265E-01  9.51630E-01      -1.00000E+00  1.00000E+00
 -9.52712E-01 -5.88845E-01  4.91235E-03  5.97742E-01  9.52195E-01      -1.00000E+00  1.00000E+00
 -9.51183E-01 -5.84838E-01  1.01352E-02  5.93718E-01  9.50385E-01      -1.00000E+00  1.00000E+00
 -9.49495E-01 -5.74025E-01  1.58880E-02  5.99577E-01  9.52340E-01      -1.00000E+00  1.00000E+00
 -9.50455E-01 -5.89150E-01 -1.17138E-02  5.80088E-01  9.50590E-01      -1.00000E+00  1.00000E+00
 -9.58858E-01 -6.41010E-01 -9.62962E-02  5.14717E-01  9.40033E-01      -1.00000E+00  1.00000E+00
 -9.57073E-01 -6.32343E-01 -7.16655E-02  5.33480E-01  9.42747E-01      -1.00000E+00  1.00000E+00
 -9.55673E-01 -6.23615E-01 -5.06485E-02  5.49523E-01  9.44342E-01      -1.00000E+00  1.00000E+00
 -9.54070E-01 -6.00335E-01 -3.13343E-02  5.64795E-01  9.47367E-01      -1.00000E+00  1.00000E+00
 -9.52450E-01 -5.97065E-01 -2.28761E-02  5.73370E-01  9.48398E-01      -1.00000E+00  1.00000E+00
 -9.75753E-01 -7.75280E-01 -3.30330E-01  3.47295E-01  9.17953E-01      -1.00000E+00  1.00000E+00
 -9.75213E-01 -7.74575E-01 -3.26585E-01  3.46560E-01  9.13623E-01      -1.00000E+00  1.00000E+00
 -9.74695E-01 -7.62028E-01 -3.08562E-01  3.59675E-01  9.16025E-01      -1.00000E+00  1.00000E+00
 -9.71305E-01 -7.35160E-01 -2.57792E-01  4.00720E-01  9.22220E-01      -1.00000E+00  1.00000E+00
 -9.65593E-01 -6.73295E-01 -1.45366E-01  4.87767E-01  9.37125E-01      -1.00000E+00  1.00000E+00
 -9.17693E-01 -6.49430E-01 -2.64564E-01  3.25505E-01  9.02707E-01      -1.00000E+00  1.00000E+00
 -8.61787E-01 -5.55780E-01 -1.70978E-01  3.78210E-01  9.14843E-01      -1.00000E+00  1.00000E+00
 -8.01948E-01 -4.48535E-01 -5.45200E-02  4.57307E-01  9.23503E-01      -1.00000E+00  1.00000E+00
 -7.55155E-01 -3.42159E-01  7.28925E-02  5.44330E-01  9.38163E-01      -1.00000E+00  1.00000E+00
 -8.12760E-01 -3.15747E-01  1.68858E-01  6.31068E-01  9.52893E-01      -1.00000E+00  1.00000E+00
 -6.57100E-02  3.77097E-01  6.50960E-01  8.56633E-01  9.82765E-01      -9.99960E-01  1.00000E+00
  7.19000E-03  4.49700E-01  7.06215E-01  8.85462E-01  9.86985E-01      -9.99990E-01  1.00000E+00
  6.38550E-02  5.07528E-01  7.50848E-01  9.08017E-01  9.89407E-01      -9.99910E-01  1.00000E+00
  9.59375E-02  5.61440E-01  7.92620E-01  9.26678E-01  9.92097E-01      -9.99850E-01  1.00000E+00
  1.03245E-02  5.33783E-01  7.88363E-01  9.29492E-01  9.92570E-01      -1.00000E+00  1.00000E+00


    5.  10.81   74. 183.84  2.00E+01  4.50E+01  6.94E-01  4.39E-01     5   0.00

  6.79530E+00  1.14940E+01  1.37660E+01  1.51080E+01  1.65700E+01       8.98120E-03  1.89460E+01

  3.29565E-01  5.61710E-01  7.19540E-01  8.45760E-01  9.52125E-01       1.01490E-03  1.00000E+00
  3.21470E-01  5.51525E-01  7.09930E-01  8.39195E-01  9.50515E-01       2.10830E-03  1.00000E+00
  3.05970E-01  5.30285E-01  6.88670E-01  8.22805E-01  9.42660E-01       9.99920E-04  1.00000E+00
  2.97595E-01  5.19595E-01  6.79330E-01  8.11395E-01  9.32555E-01       1.43230E-03  1.00000E+00
  2.06960E-01  3.67125E-01  4.90225E-01  6.12360E-01  7.78160E-01       1.40020E-03  9.99990E-01

 -9.49540E-01 -5.78878E-01  1.92438E-02  5.98967E-01  9.52855E-01      -1.00000E+00  1.00000E+00
 -9.49910E-01 -5.87465E-01  5.86250E-04  5.89522E-01  9.49777E-01      -1.00000E+00  1.00000E+00
 -9.48457E-01 -5.75695E-01  1.31249E-02  5.90677E-01  9.51825E-01      -1.00000E+00  1.00000E+00
 -9.49112E-01 -5.85638E-01  1.18950E-02  5.96858E-01  9.53010E-01      -1.00000E+00  1.00000E+00
 -9.50583E-01 -5.87575E-01 -1.38327E-03  5.87845E-01  9.52112E-01      -1.00000E+00  1.00000E+00
 -9.67300E-01 -7.22600E-01 -2.53530E-01  3.82707E-01  9.17095E-01      -1.00000E+00  1.00000E+00
 -9.65163E-01 -6.95557E-01 -2.05263E-01  4.25772E-01  9.21850E-01      -1.00000E+00  1.00000E+00
 -9.63045E-01 -6.82122E-01 -1.68860E-01  4.54348E-01  9.31140E-01      -1.00000E+00  1.00000E+00
 -9.61108E-01 -6.51798E-01 -1.17379E-01  4.96335E-01  9.36098E-01      -1.00000E+00  1.00000E+00
 -9.57567E-01 -6.26160E-01 -7.11665E-02  5.33157E-01  9.43805E-01      -1.00000E+00  1.00000E+00
 -9.82268E-01 -8.38190E-01 -4.82895E-01  2.00143E-01  8.90123E-01      -1.00000E+00  1.00000E+00
 -9.80812E-01 -8.24587E-01 -4.56055E-01  2.11200E-01  8.86178E-01      -1.00000E+00  1.00000E+00
 -9.78128E-01 -8.06387E-01 -4.22312E-01  2.55760E-01  9.00462E-01      -1.00000E+00  1.00000E+00
 -9.73903E-01 -7.72533E-01 -3.63305E-01  3.18205E-01  9.08702E-01      -1.00000E+00  1.00000E+00
 -9.69595E-01 -7.28007E-01 -2.54335E-01  4.14620E-01  9.24317E-01      -1.00000E+00  1.00000E+00
 -5.10493E-01 -1.43836E-01  2.20517E-01  6.54900E-01  9.56263E-01      -1.00000E+00  1.00000E+00
 -4.51813E-01 -6.00150E-02  2.83538E-01  6.81838E-01  9.59488E-01      -1.00000E+00  1.00000E+00
 -4.03008E-01  3.08450E-02  3.70418E-01  7.20583E-01  9.64622E-01      -1.00000E+00  1.00000E+00
 -3.96360E-01  1.07260E-01  4.55017E-01  7.60617E-01  9.71028E-01      -1.00000E+00  1.00000E+00
 -6.00075E-01  4.78825E-02  4.90490E-01  7.98165E-01  9.76155E-01      -1.00000E+00  1.00000E+00
  2.83840E-01  6.03785E-01  7.81675E-01  9.12290E-01  9.89478E-01      -9.43270E-01  1.00000E+00
  3.26090E-01  6.45680E-01  8.17203E-01  9.31365E-01  9.91753E-01      -9.17400E-01  1.00000E+00
  3.58280E-01  6.86313E-01  8.48102E-01  9.44180E-01  9.93730E-01      -8.47040E-01  1.00000E+00
  3.85130E-01  7.14835E-01  8.70218E-01  9.54425E-01  9.94952E-01      -9.66940E-01  1.00000E+00
  2.92881E-01  6.86050E-01  8.59687E-01  9.52512E-01  9.94947E-01      -9.99960E-01  1.00000E+00


    5.  10.81   74. 183.84  2.00E+01  6.00E+01  7.67E-01  5.18E-01     5   0.00

  7.83860E+00  1.24940E+01  1.45570E+01  1.59650E+01  1.72970E+01       2.27460E-02  1.91960E+01

  3.23925E-01  5.56055E-01  7.14920E-01  8.42740E-01  9.51735E-01       1.81040E-03  1.00000E+00
  3.01505E-01  5.23675E-01  6.83735E-01  8.20515E-01  9.42535E-01       5.05220E-04  9.99990E-01
  2.96060E-01  5.21515E-01  6.85735E-01  8.25675E-01  9.45440E-01       1.80970E-03  1.00000E+00
  2.81355E-01  4.92100E-01  6.46760E-01  7.78485E-01  9.07355E-01       2.98700E-04  1.00000E+00
  1.87960E-01  3.34380E-01  4.50010E-01  5.66840E-01  7.34820E-01       7.40840E-04  9.99820E-01

 -9.53242E-01 -5.99010E-01 -1.17632E-02  5.71630E-01  9.48565E-01      -1.00000E+00  1.00000E+00
 -9.51727E-01 -5.97610E-01 -1.84282E-02  5.74200E-01  9.48495E-01      -1.00000E+00  1.00000E+00
 -9.50828E-01 -5.87522E-01 -5.96910E-03  5.80430E-01  9.49512E-01      -1.00000E+00  1.00000E+00
 -9.52085E-01 -5.87990E-01  4.60282E-03  5.81955E-01  9.49718E-01      -1.00000E+00  1.00000E+00
 -9.50943E-01 -5.95997E-01 -1.11065E-02  5.83178E-01  9.51677E-01      -1.00000E+00  1.00000E+00
 -9.78893E-01 -8.02832E-01 -3.99665E-01  2.78697E-01  8.98968E-01      -1.00000E+00  1.00000E+00
 -9.76648E-01 -7.85143E-01 -3.52227E-01  3.11377E-01  9.05710E-01      -1.00000E+00  1.00000E+00
 -9.74522E-01 -7.64040E-01 -3.01987E-01  3.65702E-01  9.16795E-01      -1.00000E+00  1.00000E+00
 -9.69635E-01 -7.27210E-01 -2.39505E-01  4.17442E-01  9.22813E-01      -1.00000E+00  1.00000E+00
 -9.63000E-01 -6.70555E-01 -1.28324E-01  5.01360E-01  9.37690E-01      -1.00000E+00  1.00000E+00
 -8.02163E-01 -5.55342E-01 -1.93366E-01  3.91240E-01  9.19608E-01      -1.00000E+00  1.00000E+00
 -7.95983E-01 -5.32195E-01 -1.62677E-01  4.23900E-01  9.25782E-01      -1.00000E+00  1.00000E+00
 -8.14242E-01 -5.18990E-01 -1.41073E-01  4.42557E-01  9.25107E-01      -1.00000E+00  1.00000E+00
 -8.68857E-01 -5.42197E-01 -1.31366E-01  4.58455E-01  9.28950E-01      -1.00000E+00  1.00000E+00
 -9.39035E-01 -6.06832E-01 -1.10188E-01  4.89635E-01  9.34077E-01      -1.00000E+00  1.00000E+00
 -1.52514E-01  1.92491E-01  4.75583E-01  7.82107E-01  9.74435E-01      -9.91150E-01  1.00000E+00
 -9.34625E-02  2.57534E-01  5.22072E-01  7.95077E-01  9.75005E-01      -9.97180E-01  1.00000E+00
 -4.08400E-02  3.39322E-01  5.93280E-01  8.22697E-01  9.78180E-01      -1.00000E+00  1.00000E+00
 -1.19050E-02  4.30725E-01  6.81922E-01  8.70035E-01  9.83797E-01      -1.00000E+00  1.00000E+00
 -2.51472E-01  3.80843E-01  7.10785E-01  8.97720E-01  9.88392E-01      -1.00000E+00  1.00000E+00
  4.88892E-01  7.26370E-01  8.51873E-01  9.41362E-01  9.93050E-01      -8.86280E-01  1.00000E+00
  5.13425E-01  7.58413E-01  8.77480E-01  9.52045E-01  9.94410E-01      -7.64550E-01  1.00000E+00
  5.43177E-01  7.86913E-01  8.99650E-01  9.64265E-01  9.96002E-01      -7.16510E-01  1.00000E+00
  5.56297E-01  8.03438E-01  9.12870E-01  9.70253E-01  9.96858E-01      -7.12630E-01  1.00000E+00
  5.09977E-01  7.87265E-01  9.08155E-01  9.69890E-01  9.96713E-01      -9.99320E-01  1.00000E+00


    5.  10.81   74. 183.84  2.00E+01  7.00E+01  8.13E-01  5.73E-01     5   0.00

  8.63920E+00  1.32200E+01  1.51480E+01  1.64920E+01  1.77190E+01       2.87090E-02  1.94020E+01

  3.17655E-01  5.49390E-01  7.07775E-01  8.38420E-01  9.49995E-01       3.03040E-03  1.00000E+00
  2.84065E-01  4.99055E-01  6.57875E-01  7.99000E-01  9.33180E-01       1.22760E-03  1.00000E+00
  3.00700E-01  5.28535E-01  6.94525E-01  8.33370E-01  9.49680E-01       2.34650E-03  1.00000E+00
  2.67385E-01  4.71585E-01  6.20450E-01  7.51155E-01  8.88325E-01       1.26440E-03  9.99990E-01
  1.77770E-01  3.18485E-01  4.28285E-01  5.43625E-01  7.07410E-01       1.24720E-03  9.99930E-01

 -9.54895E-01 -6.18588E-01 -6.28565E-02  5.35578E-01  9.41298E-01      -1.00000E+00  1.00000E+00
 -9.53930E-01 -6.16927E-01 -5.50494E-02  5.43375E-01  9.44235E-01      -1.00000E+00  1.00000E+00
 -9.57432E-01 -6.13792E-01 -3.89995E-02  5.48533E-01  9.44975E-01      -1.00000E+00  1.00000E+00
 -9.52098E-01 -6.09845E-01 -3.49682E-02  5.58625E-01  9.47577E-01      -1.00000E+00  1.00000E+00
 -9.55040E-01 -5.99657E-01 -2.33321E-02  5.74087E-01  9.45665E-01      -1.00000E+00  1.00000E+00
 -9.83690E-01 -8.43560E-01 -4.91937E-01  1.89872E-01  8.85267E-01      -1.00000E+00  1.00000E+00
 -9.81702E-01 -8.25945E-01 -4.30553E-01  2.70467E-01  9.03015E-01      -1.00000E+00  1.00000E+00
 -9.78995E-01 -8.04607E-01 -3.84810E-01  3.08357E-01  9.08557E-01      -1.00000E+00  1.00000E+00
 -9.75148E-01 -7.60125E-01 -2.86917E-01  3.87950E-01  9.20910E-01      -1.00000E+00  1.00000E+00
 -9.64370E-01 -6.72160E-01 -1.18572E-01  5.09390E-01  9.39160E-01      -1.00000E+00  1.00000E+00
 -5.70582E-01 -2.44693E-01  1.46921E-01  6.21655E-01  9.53795E-01      -1.00000E+00  1.00000E+00
 -5.85465E-01 -2.37354E-01  1.42395E-01  6.17953E-01  9.52338E-01      -1.00000E+00  1.00000E+00
 -6.23555E-01 -2.54276E-01  1.25101E-01  5.95513E-01  9.49728E-01      -1.00000E+00  1.00000E+00
 -7.04562E-01 -2.96387E-01  9.36075E-02  5.70137E-01  9.44635E-01      -1.00000E+00  1.00000E+00
 -8.64507E-01 -4.32114E-01  4.92375E-02  5.58455E-01  9.42540E-01      -1.00000E+00  1.00000E+00
  3.98870E-02  3.47998E-01  5.91385E-01  8.32930E-01  9.80683E-01      -9.99870E-01  1.00000E+00
  9.02057E-02  4.09375E-01  6.32035E-01  8.43805E-01  9.80705E-01      -9.04000E-01  1.00000E+00
  1.45387E-01  4.84915E-01  6.94530E-01  8.67857E-01  9.84425E-01      -9.44910E-01  1.00000E+00
  1.85974E-01  5.66755E-01  7.70643E-01  9.11022E-01  9.89345E-01      -9.99780E-01  1.00000E+00
 -3.72202E-03  5.31305E-01  7.86647E-01  9.26168E-01  9.92082E-01      -1.00000E+00  1.00000E+00
  5.76080E-01  7.80660E-01  8.85250E-01  9.55970E-01  9.95062E-01      -4.75260E-01  1.00000E+00
  6.03290E-01  8.06163E-01  9.04130E-01  9.63925E-01  9.95945E-01      -6.24560E-01  1.00000E+00
  6.24522E-01  8.27712E-01  9.19830E-01  9.72295E-01  9.96897E-01      -4.91000E-01  1.00000E+00
  6.32565E-01  8.39790E-01  9.28765E-01  9.75865E-01  9.97387E-01      -6.50120E-01  1.00000E+00
  6.11333E-01  8.32725E-01  9.26057E-01  9.75890E-01  9.97448E-01      -1.00000E+00  1.00000E+00


    5.  10.81   74. 183.84  2.00E+01  8.00E+01  8.47E-01  6.16E-01     5   0.00

  9.30290E+00  1.37860E+01  1.55880E+01  1.68640E+01  1.80160E+01       1.42090E-02  1.94480E+01

  3.12065E-01  5.40985E-01  7.00650E-01  8.32890E-01  9.47695E-01       2.52520E-03  1.00000E+00
  2.78605E-01  4.91735E-01  6.52575E-01  7.93745E-01  9.30635E-01       2.66240E-04  1.00000E+00
  2.96260E-01  5.21525E-01  6.89215E-01  8.31445E-01  9.49475E-01       2.05310E-03  1.00000E+00
  2.59430E-01  4.55785E-01  6.00905E-01  7.30280E-01  8.72405E-01       1.31860E-03  1.00000E+00
  1.72410E-01  3.06865E-01  4.13955E-01  5.26455E-01  6.88930E-01       4.10400E-04  9.99880E-01

 -9.58890E-01 -6.44637E-01 -1.16201E-01  4.87385E-01  9.32540E-01      -1.00000E+00  1.00000E+00
 -9.57873E-01 -6.42332E-01 -1.04159E-01  4.99880E-01  9.35210E-01      -1.00000E+00  1.00000E+00
 -9.57280E-01 -6.31520E-01 -7.90753E-02  5.17905E-01  9.39170E-01      -1.00000E+00  1.00000E+00
 -9.55595E-01 -6.30097E-01 -7.12709E-02  5.33938E-01  9.41545E-01      -1.00000E+00  1.00000E+00
 -9.54140E-01 -6.08627E-01 -3.66397E-02  5.61138E-01  9.46985E-01      -1.00000E+00  1.00000E+00
 -9.74463E-01 -7.97285E-01 -4.22563E-01  2.60740E-01  9.00135E-01      -1.00000E+00  1.00000E+00
 -9.71827E-01 -7.81475E-01 -3.84827E-01  3.03237E-01  9.09363E-01      -1.00000E+00  1.00000E+00
 -9.72330E-01 -7.67998E-01 -3.35562E-01  3.47437E-01  9.15140E-01      -1.00000E+00  1.00000E+00
 -9.72298E-01 -7.52125E-01 -2.77920E-01  3.95550E-01  9.21432E-01      -1.00000E+00  1.00000E+00
 -9.64788E-01 -6.87567E-01 -1.49281E-01  4.92565E-01  9.36820E-01      -1.00000E+00  1.00000E+00
 -4.06813E-01 -6.36758E-02  3.00267E-01  7.03110E-01  9.64175E-01      -9.99980E-01  1.00000E+00
 -3.99948E-01 -5.24200E-02  2.98963E-01  7.00325E-01  9.64435E-01      -1.00000E+00  1.00000E+00
 -4.40905E-01 -5.28050E-02  2.89203E-01  6.90187E-01  9.63590E-01      -1.00000E+00  1.00000E+00
 -5.34037E-01 -8.33925E-02  2.80699E-01  6.76180E-01  9.60392E-01      -1.00000E+00  1.00000E+00
 -7.62593E-01 -2.39430E-01  2.26954E-01  6.56820E-01  9.55842E-01      -1.00000E+00  1.00000E+00
  1.60980E-01  4.46057E-01  6.58595E-01  8.61698E-01  9.83822E-01      -8.76700E-01  1.00000E+00
  2.13396E-01  5.05583E-01  6.98928E-01  8.76555E-01  9.85580E-01      -9.00450E-01  1.00000E+00
  2.63763E-01  5.71140E-01  7.53833E-01  8.96842E-01  9.88043E-01      -9.69270E-01  1.00000E+00
  3.03790E-01  6.42572E-01  8.17075E-01  9.30230E-01  9.91965E-01      -9.33020E-01  1.00000E+00
  1.69665E-01  6.21182E-01  8.27985E-01  9.41640E-01  9.93572E-01      -1.00000E+00  1.00000E+00
  6.33170E-01  8.13917E-01  9.03258E-01  9.62848E-01  9.95847E-01      -5.30480E-01  1.00000E+00
  6.52900E-01  8.33673E-01  9.19362E-01  9.69977E-01  9.96500E-01      -3.89750E-01  1.00000E+00
  6.74038E-01  8.53013E-01  9.32037E-01  9.76425E-01  9.97450E-01      -5.98930E-01  1.00000E+00
  6.80608E-01  8.62310E-01  9.39867E-01  9.79838E-01  9.97805E-01      -6.61340E-01  1.00000E+00
  6.71280E-01  8.58475E-01  9.37848E-01  9.79532E-01  9.97790E-01      -9.51120E-01  1.00000E+00


    5.  10.81   74. 183.84  2.00E+01  8.50E+01  8.57E-01  6.28E-01     5   0.00

  9.51830E+00  1.39470E+01  1.57170E+01  1.69720E+01  1.81000E+01       2.07840E-02  1.94790E+01

  3.10385E-01  5.38225E-01  6.98340E-01  8.31970E-01  9.47810E-01       7.68900E-04  1.00000E+00
  2.78155E-01  4.92185E-01  6.52275E-01  7.94990E-01  9.31490E-01       1.17480E-03  1.00000E+00
  2.93435E-01  5.18630E-01  6.86130E-01  8.29300E-01  9.49115E-01       1.94280E-03  1.00000E+00
  2.55705E-01  4.50615E-01  5.94420E-01  7.24940E-01  8.67900E-01       1.79650E-03  1.00000E+00
  1.70385E-01  3.04470E-01  4.10025E-01  5.22310E-01  6.84415E-01       2.02750E-03  9.99910E-01

 -9.60813E-01 -6.55290E-01 -1.40000E-01  4.65182E-01  9.29358E-01      -1.00000E+00  1.00000E+00
 -9.59453E-01 -6.52688E-01 -1.23114E-01  4.86662E-01  9.31940E-01      -1.00000E+00  1.00000E+00
 -9.58533E-01 -6.45837E-01 -1.11143E-01  5.01722E-01  9.35375E-01      -1.00000E+00  1.00000E+00
 -9.57363E-01 -6.38118E-01 -8.93006E-02  5.25110E-01  9.41587E-01      -1.00000E+00  1.00000E+00
 -9.53120E-01 -6.09515E-01 -3.81358E-02  5.59932E-01  9.47063E-01      -1.00000E+00  1.00000E+00
 -9.59623E-01 -7.62780E-01 -3.77902E-01  2.94812E-01  9.05847E-01      -1.00000E+00  1.00000E+00
 -9.64650E-01 -7.54018E-01 -3.47240E-01  3.25135E-01  9.11960E-01      -1.00000E+00  1.00000E+00
 -9.68250E-01 -7.50263E-01 -3.14252E-01  3.56273E-01  9.17022E-01      -1.00000E+00  1.00000E+00
 -9.69385E-01 -7.39190E-01 -2.78935E-01  3.93103E-01  9.22962E-01      -1.00000E+00  1.00000E+00
 -9.66195E-01 -6.94740E-01 -1.62942E-01  4.83610E-01  9.36092E-01      -1.00000E+00  1.00000E+00
 -3.57068E-01 -1.87200E-02  3.32933E-01  7.20052E-01  9.67913E-01      -1.00000E+00  1.00000E+00
 -3.55025E-01  9.25000E-04  3.39697E-01  7.19780E-01  9.67380E-01      -1.00000E+00  1.00000E+00
 -3.83317E-01  7.21000E-03  3.39248E-01  7.11718E-01  9.65118E-01      -1.00000E+00  1.00000E+00
 -4.85528E-01 -2.61625E-02  3.25088E-01  6.91235E-01  9.59570E-01      -1.00000E+00  1.00000E+00
 -7.33835E-01 -1.91934E-01  2.63988E-01  6.72303E-01  9.57338E-01      -1.00000E+00  1.00000E+00
  1.98417E-01  4.76525E-01  6.79645E-01  8.70760E-01  9.85258E-01      -9.58780E-01  1.00000E+00
  2.39449E-01  5.28638E-01  7.14957E-01  8.80992E-01  9.85850E-01      -8.25080E-01  1.00000E+00
  2.98778E-01  5.97535E-01  7.70235E-01  9.04787E-01  9.88730E-01      -8.79620E-01  1.00000E+00
  3.37237E-01  6.62068E-01  8.26845E-01  9.34615E-01  9.92252E-01      -9.99840E-01  1.00000E+00
  2.14147E-01  6.40900E-01  8.38577E-01  9.46015E-01  9.94050E-01      -9.99990E-01  1.00000E+00
  6.51738E-01  8.23937E-01  9.09225E-01  9.65642E-01  9.96117E-01      -5.86040E-01  1.00000E+00
  6.71837E-01  8.44002E-01  9.24245E-01  9.72433E-01  9.96725E-01      -4.36500E-01  1.00000E+00
  6.85142E-01  8.58560E-01  9.35458E-01  9.77620E-01  9.97530E-01      -4.11610E-01  1.00000E+00
  6.96433E-01  8.69325E-01  9.41273E-01  9.80313E-01  9.97880E-01      -3.95280E-01  1.00000E+00
  6.87397E-01  8.66600E-01  9.40720E-01  9.80065E-01  9.97928E-01      -8.87300E-01  1.00000E+00


    5.  10.81   74. 183.84  5.00E+01  0.00E+00  5.78E-01  3.35E-01     5   0.00

  1.17680E+01  2.48150E+01  3.25750E+01  3.70480E+01  3.94740E+01       6.00360E-03  4.41090E+01

  3.69420E-01  6.05135E-01  7.53345E-01  8.66955E-01  9.59755E-01       9.23600E-04  1.00000E+00
  4.04245E-01  6.27600E-01  7.65430E-01  8.72265E-01  9.60970E-01       3.94350E-04  1.00000E+00
  4.06685E-01  6.25420E-01  7.61530E-01  8.68620E-01  9.59270E-01       2.54450E-03  1.00000E+00
  4.49490E-01  6.79105E-01  8.03675E-01  8.90870E-01  9.62310E-01       4.49890E-03  1.00000E+00
  2.49935E-01  4.03815E-01  5.09765E-01  6.15255E-01  7.66035E-01       1.46340E-03  9.99850E-01

 -9.52400E-01 -5.90612E-01  1.96971E-03  5.86375E-01  9.50825E-01      -1.00000E+00  1.00000E+00
 -9.53095E-01 -5.85072E-01  6.16820E-03  5.94158E-01  9.53275E-01      -1.00000E+00  1.00000E+00
 -9.50923E-01 -5.82600E-01  5.99250E-03  5.99457E-01  9.56175E-01      -1.00000E+00  1.00000E+00
 -9.50163E-01 -5.91103E-01  1.74348E-03  5.85527E-01  9.50368E-01      -1.00000E+00  1.00000E+00
 -9.50488E-01 -5.87235E-01  7.65475E-03  5.95815E-01  9.54525E-01      -1.00000E+00  1.00000E+00
 -9.51017E-01 -5.81008E-01  4.45653E-03  5.90677E-01  9.52610E-01      -1.00000E+00  1.00000E+00
 -9.49160E-01 -5.89913E-01  6.76883E-03  5.87020E-01  9.51538E-01      -1.00000E+00  1.00000E+00
 -9.52058E-01 -5.78222E-01  8.00313E-03  6.00810E-01  9.50805E-01      -1.00000E+00  1.00000E+00
 -9.51120E-01 -5.91413E-01  3.79118E-03  5.90015E-01  9.52305E-01      -1.00000E+00  1.00000E+00
 -9.50307E-01 -5.87628E-01  3.72987E-03  5.84505E-01  9.48710E-01      -1.00000E+00  1.00000E+00
 -9.51110E-01 -5.84980E-01  7.43440E-03  5.89850E-01  9.51972E-01      -1.00000E+00  1.00000E+00
 -9.51570E-01 -5.90285E-01 -4.08080E-03  5.88923E-01  9.51430E-01      -1.00000E+00  1.00000E+00
 -9.51215E-01 -5.89333E-01  1.52820E-03  5.86817E-01  9.50330E-01      -1.00000E+00  1.00000E+00
 -9.51018E-01 -5.90427E-01  6.11931E-03  5.82852E-01  9.50840E-01      -1.00000E+00  1.00000E+00
 -9.49112E-01 -5.90115E-01 -2.12642E-03  5.88105E-01  9.52022E-01      -1.00000E+00  1.00000E+00
 -9.50662E-01 -5.87875E-01  6.25498E-03  5.92415E-01  9.50020E-01      -1.00000E+00  1.00000E+00
 -9.50165E-01 -5.83230E-01  4.14410E-03  5.93533E-01  9.51882E-01      -1.00000E+00  1.00000E+00
 -9.51395E-01 -5.89618E-01  1.54925E-04  5.85990E-01  9.50340E-01      -1.00000E+00  1.00000E+00
 -9.52940E-01 -5.93463E-01  3.84672E-03  5.82642E-01  9.51750E-01      -1.00000E+00  1.00000E+00
 -9.51425E-01 -5.92553E-01 -6.95806E-03  5.82735E-01  9.50745E-01      -1.00000E+00  1.00000E+00
 -9.52002E-01 -5.86495E-01  1.21003E-02  5.91155E-01  9.51485E-01      -1.00000E+00  1.00000E+00
 -9.52830E-01 -5.89553E-01  2.95440E-03  5.88460E-01  9.49010E-01      -1.00000E+00  1.00000E+00
 -9.50892E-01 -5.88448E-01 -8.77240E-03  5.87338E-01  9.51790E-01      -1.00000E+00  1.00000E+00
 -9.49893E-01 -5.84595E-01  2.61119E-03  5.84612E-01  9.49728E-01      -1.00000E+00  1.00000E+00
 -9.54058E-01 -5.87945E-01  6.34698E-03  5.92985E-01  9.53030E-01      -1.00000E+00  1.00000E+00


    5.  10.81   74. 183.84  5.00E+01  3.00E+01  6.33E-01  3.92E-01     5   0.00

  1.35550E+01  2.74450E+01  3.46790E+01  3.82750E+01  4.16280E+01       1.40360E-02  4.70650E+01

  3.74630E-01  6.09055E-01  7.54480E-01  8.67395E-01  9.59600E-01       3.24000E-03  1.00000E+00
  3.97785E-01  6.20700E-01  7.59680E-01  8.68295E-01  9.59685E-01       3.07050E-03  1.00000E+00
  3.93885E-01  6.17215E-01  7.56555E-01  8.65910E-01  9.58435E-01       3.25680E-03  1.00000E+00
  3.41020E-01  5.62870E-01  7.14185E-01  8.37075E-01  9.43070E-01       3.09820E-03  1.00000E+00
  2.23655E-01  3.85665E-01  5.03945E-01  6.17525E-01  7.68450E-01       2.89810E-04  9.99960E-01

 -9.50662E-01 -5.92410E-01 -6.35120E-03  5.88002E-01  9.51412E-01      -1.00000E+00  1.00000E+00
 -9.51013E-01 -5.82043E-01  9.60677E-03  5.95570E-01  9.53878E-01      -1.00000E+00  1.00000E+00
 -9.50538E-01 -5.93543E-01  5.17000E-05  5.82207E-01  9.51538E-01      -1.00000E+00  1.00000E+00
 -9.51648E-01 -5.84730E-01  1.12088E-03  5.88480E-01  9.50595E-01      -1.00000E+00  1.00000E+00
 -9.49905E-01 -5.88938E-01  6.35720E-03  5.92170E-01  9.51048E-01      -1.00000E+00  1.00000E+00
 -9.51103E-01 -5.99280E-01 -1.62477E-02  5.70540E-01  9.47823E-01      -1.00000E+00  1.00000E+00
 -9.51590E-01 -5.99573E-01 -1.86303E-02  5.73550E-01  9.49812E-01      -1.00000E+00  1.00000E+00
 -9.52188E-01 -5.87617E-01 -1.68173E-03  5.86875E-01  9.49117E-01      -1.00000E+00  1.00000E+00
 -9.49690E-01 -5.83550E-01  4.28703E-03  5.94995E-01  9.51095E-01      -1.00000E+00  1.00000E+00
 -9.53172E-01 -5.90320E-01  3.70535E-03  5.93218E-01  9.50043E-01      -1.00000E+00  1.00000E+00
 -9.77482E-01 -7.91458E-01 -3.69312E-01  3.04193E-01  9.06320E-01      -1.00000E+00  1.00000E+00
 -9.74008E-01 -7.70040E-01 -3.32480E-01  3.42375E-01  9.11880E-01      -1.00000E+00  1.00000E+00
 -9.71078E-01 -7.55973E-01 -3.13960E-01  3.49455E-01  9.15708E-01      -1.00000E+00  1.00000E+00
 -9.67532E-01 -7.23935E-01 -2.54886E-01  3.92700E-01  9.22612E-01      -1.00000E+00  1.00000E+00
 -9.62538E-01 -6.72175E-01 -1.46216E-01  4.88210E-01  9.34238E-01      -1.00000E+00  1.00000E+00
 -9.29322E-01 -7.43650E-01 -4.88570E-01  2.41800E-02  8.37375E-01      -1.00000E+00  1.00000E+00
 -8.32183E-01 -5.84160E-01 -2.99347E-01  1.74036E-01  8.68020E-01      -1.00000E+00  1.00000E+00
 -7.47888E-01 -4.38086E-01 -1.16668E-01  3.18222E-01  8.92503E-01      -1.00000E+00  1.00000E+00
 -6.65070E-01 -2.80049E-01  8.67800E-02  4.85910E-01  9.18320E-01      -1.00000E+00  1.00000E+00
 -6.87403E-01 -1.83270E-01  2.67937E-01  6.60375E-01  9.52358E-01      -1.00000E+00  1.00000E+00
  2.77325E-02  3.80135E-01  6.04002E-01  8.12257E-01  9.74890E-01      -9.98500E-01  1.00000E+00
  1.27738E-01  4.88818E-01  7.03290E-01  8.67430E-01  9.82903E-01      -1.00000E+00  1.00000E+00
  2.08533E-01  5.87595E-01  7.85013E-01  9.18953E-01  9.90428E-01      -9.85930E-01  1.00000E+00
  2.64543E-01  6.49648E-01  8.35117E-01  9.42545E-01  9.93812E-01      -9.69160E-01  1.00000E+00
  2.74760E-01  6.65523E-01  8.48805E-01  9.49438E-01  9.94515E-01      -9.99820E-01  1.00000E+00


    5.  10.81   74. 183.84  5.00E+01  4.50E+01  7.04E-01  4.71E-01     5   0.00

  1.63820E+01  3.09560E+01  3.71150E+01  4.05110E+01  4.37300E+01       8.31000E-03  4.80410E+01

  3.78710E-01  6.11085E-01  7.55865E-01  8.68230E-01  9.60140E-01       1.01190E-03  1.00000E+00
  3.80970E-01  6.05175E-01  7.48225E-01  8.61755E-01  9.57525E-01       1.33470E-03  1.00000E+00
  3.41495E-01  5.63010E-01  7.15175E-01  8.40980E-01  9.50930E-01       1.50930E-03  1.00000E+00
  3.10405E-01  5.25145E-01  6.73820E-01  7.96395E-01  9.11190E-01       1.31040E-03  1.00000E+00
  1.92715E-01  3.35860E-01  4.41615E-01  5.45640E-01  6.92755E-01       1.70600E-03  9.99750E-01

 -9.52512E-01 -5.86725E-01  5.81535E-03  5.93922E-01  9.51502E-01      -1.00000E+00  1.00000E+00
 -9.50513E-01 -5.81797E-01  8.40997E-03  5.94052E-01  9.52483E-01      -1.00000E+00  1.00000E+00
 -9.52668E-01 -5.90533E-01 -2.34855E-03  5.82727E-01  9.51390E-01      -1.00000E+00  1.00000E+00
 -9.51298E-01 -5.92187E-01  5.46913E-03  5.98018E-01  9.50840E-01      -1.00000E+00  1.00000E+00
 -9.48500E-01 -5.85395E-01  3.26225E-03  5.91420E-01  9.50743E-01      -1.00000E+00  1.00000E+00
 -9.64718E-01 -6.98093E-01 -2.11889E-01  3.95725E-01  9.13565E-01      -1.00000E+00  1.00000E+00
 -9.61242E-01 -6.69085E-01 -1.59764E-01  4.62327E-01  9.29300E-01      -1.00000E+00  1.00000E+00
 -9.58530E-01 -6.53652E-01 -1.21858E-01  4.93845E-01  9.37258E-01      -1.00000E+00  1.00000E+00
 -9.57298E-01 -6.38417E-01 -8.43664E-02  5.21200E-01  9.42700E-01      -1.00000E+00  1.00000E+00
 -9.56452E-01 -6.20807E-01 -4.84413E-02  5.49802E-01  9.44445E-01      -1.00000E+00  1.00000E+00
 -9.79977E-01 -8.63475E-01 -6.28432E-01 -5.10715E-02  8.11145E-01      -1.00000E+00  1.00000E+00
 -9.54152E-01 -8.11930E-01 -5.56245E-01  5.12931E-02  8.51907E-01      -1.00000E+00  1.00000E+00
 -9.43348E-01 -7.77468E-01 -4.76665E-01  1.44612E-01  8.78337E-01      -1.00000E+00  1.00000E+00
 -9.65697E-01 -7.63820E-01 -4.02015E-01  2.20298E-01  8.82190E-01      -1.00000E+00  1.00000E+00
 -9.65450E-01 -7.07580E-01 -2.49057E-01  3.68310E-01  9.15712E-01      -1.00000E+00  1.00000E+00
 -3.70100E-01 -8.43438E-02  1.78550E-01  5.73488E-01  9.41798E-01      -1.00000E+00  1.00000E+00
 -2.77357E-01  5.30700E-02  3.13658E-01  6.52600E-01  9.52462E-01      -1.00000E+00  1.00000E+00
 -1.80036E-01  1.90078E-01  4.52015E-01  7.22943E-01  9.61890E-01      -9.99450E-01  1.00000E+00
 -9.40600E-02  3.42295E-01  6.04300E-01  8.22752E-01  9.76908E-01      -1.00000E+00  1.00000E+00
 -1.86162E-01  3.84895E-01  6.94825E-01  8.90890E-01  9.87788E-01      -1.00000E+00  1.00000E+00
  4.35333E-01  6.61085E-01  7.97113E-01  9.12480E-01  9.89495E-01      -7.50720E-01  1.00000E+00
  4.83783E-01  7.19985E-01  8.44595E-01  9.35065E-01  9.91885E-01      -7.24060E-01  1.00000E+00
  5.31005E-01  7.70628E-01  8.85510E-01  9.57450E-01  9.94905E-01      -6.97400E-01  1.00000E+00
  5.59695E-01  8.03090E-01  9.11388E-01  9.69413E-01  9.96725E-01      -5.56130E-01  1.00000E+00
  5.74703E-01  8.12172E-01  9.17960E-01  9.72165E-01  9.97065E-01      -9.92120E-01  1.00000E+00


    5.  10.81   74. 183.84  5.00E+01  6.00E+01  8.00E-01  5.91E-01     5   0.00

  2.19260E+01  3.57400E+01  4.02340E+01  4.32570E+01  4.57370E+01       2.64620E-02  4.86170E+01

  3.79040E-01  6.08875E-01  7.52445E-01  8.64900E-01  9.58615E-01       1.94030E-03  1.00000E+00
  3.18465E-01  5.35850E-01  6.87530E-01  8.17875E-01  9.38535E-01       1.32970E-03  1.00000E+00
  3.20740E-01  5.45325E-01  7.07215E-01  8.41710E-01  9.49685E-01       2.16090E-03  9.99990E-01
  2.63845E-01  4.51055E-01  5.84775E-01  6.98615E-01  8.22710E-01       2.97010E-03  9.99980E-01
  1.57685E-01  2.77170E-01  3.67940E-01  4.60925E-01  6.03730E-01       6.56950E-04  9.92810E-01

 -9.49438E-01 -5.85427E-01 -2.86290E-03  5.81045E-01  9.49135E-01      -1.00000E+00  1.00000E+00
 -9.51260E-01 -5.86465E-01 -4.99215E-03  5.73902E-01  9.48703E-01      -1.00000E+00  1.00000E+00
 -9.51490E-01 -5.86433E-01 -1.39803E-03  5.83058E-01  9.50910E-01      -1.00000E+00  1.00000E+00
 -9.51482E-01 -5.83892E-01  2.83346E-03  5.88465E-01  9.51832E-01      -1.00000E+00  1.00000E+00
 -9.49128E-01 -5.91995E-01 -4.59375E-04  5.84700E-01  9.50293E-01      -1.00000E+00  1.00000E+00
 -9.88378E-01 -8.85540E-01 -6.51937E-01 -1.12312E-01  7.92215E-01      -1.00000E+00  1.00000E+00
 -9.85018E-01 -8.57773E-01 -5.69642E-01  4.71442E-02  8.49692E-01      -1.00000E+00  1.00000E+00
 -9.81147E-01 -8.31588E-01 -5.00868E-01  1.38582E-01  8.71865E-01      -1.00000E+00  1.00000E+00
 -9.79648E-01 -8.08538E-01 -4.32040E-01  2.30407E-01  8.92570E-01      -1.00000E+00  1.00000E+00
 -9.69753E-01 -7.26403E-01 -2.25466E-01  4.21770E-01  9.23745E-01      -1.00000E+00  1.00000E+00
 -4.73183E-01 -2.14946E-01  5.33525E-02  5.01953E-01  9.30170E-01      -9.99940E-01  1.00000E+00
 -4.33500E-01 -1.44976E-01  1.22559E-01  5.54815E-01  9.40198E-01      -1.00000E+00  1.00000E+00
 -4.12490E-01 -9.15750E-02  1.85193E-01  5.72620E-01  9.41072E-01      -1.00000E+00  1.00000E+00
 -4.34038E-01 -5.36500E-02  2.53320E-01  6.04780E-01  9.46013E-01      -1.00000E+00  1.00000E+00
 -6.01749E-01 -1.04295E-01  2.93693E-01  6.57073E-01  9.51680E-01      -1.00000E+00  1.00000E+00
  1.71248E-01  4.07862E-01  5.99205E-01  8.25505E-01  9.79035E-01      -7.54500E-01  1.00000E+00
  2.38291E-01  4.88572E-01  6.57595E-01  8.42898E-01  9.81258E-01      -6.97060E-01  1.00000E+00
  3.26130E-01  5.90385E-01  7.42850E-01  8.78308E-01  9.83940E-01      -7.51690E-01  1.00000E+00
  4.24805E-01  7.03622E-01  8.42255E-01  9.36470E-01  9.92295E-01      -7.79060E-01  1.00000E+00
  4.26833E-01  7.46020E-01  8.85905E-01  9.61888E-01  9.95805E-01      -9.99930E-01  1.00000E+00
  6.72192E-01  8.17597E-01  8.95720E-01  9.57342E-01  9.94777E-01      -2.27830E-01  1.00000E+00
  7.02322E-01  8.48058E-01  9.19785E-01  9.68310E-01  9.96397E-01      -2.55950E-01  1.00000E+00
  7.29928E-01  8.76635E-01  9.41712E-01  9.78873E-01  9.97670E-01      -2.07210E-01  1.00000E+00
  7.38375E-01  8.90790E-01  9.52002E-01  9.83620E-01  9.98300E-01      -3.17740E-01  1.00000E+00
  7.42565E-01  8.90775E-01  9.52852E-01  9.84413E-01  9.98285E-01      -1.55600E-01  1.00000E+00


    5.  10.81   74. 183.84  5.00E+01  7.00E+01  8.69E-01  6.86E-01     5   0.00

  2.75170E+01  3.85820E+01  4.24330E+01  4.48410E+01  4.68570E+01       2.13750E-02  4.89800E+01

  3.55480E-01  5.82660E-01  7.31260E-01  8.50820E-01  9.53820E-01       2.02790E-03  1.00000E+00
  2.99235E-01  5.19545E-01  6.78680E-01  8.16730E-01  9.40035E-01       6.58010E-04  1.00000E+00
  2.88680E-01  5.01130E-01  6.57390E-01  7.92685E-01  9.12295E-01       1.42430E-03  1.00000E+00
  2.29300E-01  3.98380E-01  5.19635E-01  6.25515E-01  7.54605E-01       2.10170E-03  9.97060E-01
  1.37775E-01  2.44065E-01  3.26250E-01  4.13685E-01  5.47585E-01       2.56700E-04  9.55370E-01

 -9.66128E-01 -6.99135E-01 -2.17681E-01  3.78903E-01  9.07615E-01      -1.00000E+00  1.00000E+00
 -9.62987E-01 -6.75202E-01 -1.63517E-01  4.46572E-01  9.25220E-01      -1.00000E+00  1.00000E+00
 -9.61847E-01 -6.64105E-01 -1.39675E-01  4.76755E-01  9.34418E-01      -1.00000E+00  1.00000E+00
 -9.58978E-01 -6.51095E-01 -1.12020E-01  5.09825E-01  9.39395E-01      -1.00000E+00  1.00000E+00
 -9.55817E-01 -6.22308E-01 -5.67707E-02  5.55117E-01  9.46375E-01      -1.00000E+00  1.00000E+00
 -7.93743E-01 -6.20027E-01 -3.85824E-01  7.69850E-02  8.17182E-01      -1.00000E+00  1.00000E+00
 -7.91917E-01 -5.99067E-01 -3.52775E-01  1.59065E-01  8.56890E-01      -1.00000E+00  1.00000E+00
 -8.18965E-01 -6.03167E-01 -3.33049E-01  2.07854E-01  8.74355E-01      -1.00000E+00  1.00000E+00
 -8.93887E-01 -6.51800E-01 -3.30819E-01  2.47595E-01  8.91185E-01      -1.00000E+00  1.00000E+00
 -9.61115E-01 -6.96410E-01 -2.42718E-01  3.59160E-01  9.08845E-01      -1.00000E+00  1.00000E+00
 -5.42047E-02  1.94526E-01  4.38207E-01  7.46985E-01  9.67720E-01      -9.28910E-01  1.00000E+00
 -1.04850E-02  2.51523E-01  4.65865E-01  7.54552E-01  9.70055E-01      -8.73740E-01  1.00000E+00
  5.62225E-02  3.29727E-01  5.29090E-01  7.73145E-01  9.71147E-01      -9.31550E-01  1.00000E+00
  1.29391E-01  4.44062E-01  6.45742E-01  8.33320E-01  9.78437E-01      -9.99780E-01  1.00000E+00
  4.72777E-02  5.27175E-01  7.61423E-01  9.09288E-01  9.89190E-01      -1.00000E+00  1.00000E+00
  4.30300E-01  6.12765E-01  7.58182E-01  9.04625E-01  9.89073E-01      -5.81830E-01  1.00000E+00
  4.83500E-01  6.73122E-01  7.93715E-01  9.12797E-01  9.89718E-01      -3.87870E-01  1.00000E+00
  5.50385E-01  7.40435E-01  8.46305E-01  9.34218E-01  9.91847E-01      -4.45160E-01  1.00000E+00
  6.22960E-01  8.16035E-01  9.07405E-01  9.65080E-01  9.95847E-01      -3.68380E-01  1.00000E+00
  6.41138E-01  8.45320E-01  9.32335E-01  9.77525E-01  9.97625E-01      -5.02670E-01  1.00000E+00
  7.75782E-01  8.81463E-01  9.37410E-01  9.76372E-01  9.97398E-01      -6.41430E-02  1.00000E+00
  7.92015E-01  8.99765E-01  9.49990E-01  9.81210E-01  9.97835E-01       1.19680E-01  1.00000E+00
  8.08140E-01  9.16092E-01  9.61050E-01  9.86450E-01  9.98475E-01       2.27440E-02  1.00000E+00
  8.12548E-01  9.22800E-01  9.66383E-01  9.88848E-01  9.98780E-01       3.08990E-02  1.00000E+00
  8.16955E-01  9.24297E-01  9.67178E-01  9.89285E-01  9.98888E-01       1.35440E-01  1.00000E+00


    5.  10.81   74. 183.84  5.00E+01  8.00E+01  9.23E-01  7.70E-01     5   0.00

  3.29620E+01  4.11060E+01  4.41560E+01  4.60830E+01  4.76650E+01       4.40380E-02  4.91650E+01

  3.15210E-01  5.30700E-01  6.80800E-01  8.10510E-01  9.35815E-01       1.57390E-03  1.00000E+00
  3.06560E-01  5.29695E-01  6.97245E-01  8.39190E-01  9.53190E-01       8.13790E-04  1.00000E+00
  2.58325E-01  4.51925E-01  5.98125E-01  7.26850E-01  8.53835E-01       2.69340E-04  9.99990E-01
  2.00100E-01  3.50960E-01  4.63145E-01  5.64945E-01  6.94905E-01       6.08600E-05  9.82990E-01
  1.22259E-01  2.18280E-01  2.94460E-01  3.75975E-01  5.00150E-01       3.19450E-04  8.87800E-01

 -9.73887E-01 -7.75357E-01 -4.18870E-01  1.04380E-01  8.23065E-01      -1.00000E+00  1.00000E+00
 -9.73215E-01 -7.62480E-01 -3.95891E-01  1.72183E-01  8.64748E-01      -1.00000E+00  1.00000E+00
 -9.73127E-01 -7.59020E-01 -3.59712E-01  2.45174E-01  8.88460E-01      -1.00000E+00  1.00000E+00
 -9.71668E-01 -7.44678E-01 -2.98871E-01  3.35875E-01  9.05305E-01      -1.00000E+00  1.00000E+00
 -9.62620E-01 -6.77260E-01 -1.44049E-01  4.80652E-01  9.32000E-01      -1.00000E+00  1.00000E+00
 -3.84738E-01 -1.27908E-01  1.42343E-01  5.56642E-01  9.36345E-01      -9.99830E-01  1.00000E+00
 -3.84070E-01 -1.08605E-01  1.46354E-01  5.50755E-01  9.35538E-01      -1.00000E+00  1.00000E+00
 -4.11189E-01 -1.14755E-01  1.52429E-01  5.42090E-01  9.37115E-01      -1.00000E+00  1.00000E+00
 -4.90220E-01 -1.53677E-01  1.44117E-01  5.11040E-01  9.28500E-01      -1.00000E+00  1.00000E+00
 -6.44670E-01 -2.24082E-01  1.53348E-01  5.45268E-01  9.33795E-01      -1.00000E+00  1.00000E+00
  2.49723E-01  4.58850E-01  6.57860E-01  8.62298E-01  9.83753E-01      -6.52400E-01  1.00000E+00
  2.97715E-01  5.07872E-01  6.79678E-01  8.68223E-01  9.83897E-01      -6.93660E-01  1.00000E+00
  3.66953E-01  5.81840E-01  7.28685E-01  8.81237E-01  9.85623E-01      -5.92790E-01  1.00000E+00
  4.48915E-01  6.80172E-01  8.11993E-01  9.20343E-01  9.90228E-01      -6.44670E-01  1.00000E+00
  5.06085E-01  7.68027E-01  8.91140E-01  9.61477E-01  9.95763E-01      -9.99960E-01  1.00000E+00
  5.99795E-01  7.42330E-01  8.48310E-01  9.43035E-01  9.93840E-01      -2.96220E-01  1.00000E+00
  6.37537E-01  7.80390E-01  8.69105E-01  9.47982E-01  9.94237E-01      -3.17790E-01  1.00000E+00
  6.82270E-01  8.24625E-01  9.01910E-01  9.60888E-01  9.95317E-01      -1.40080E-01  1.00000E+00
  7.31237E-01  8.73620E-01  9.39217E-01  9.77797E-01  9.97523E-01      -1.36240E-01  1.00000E+00
  7.57860E-01  8.95277E-01  9.54063E-01  9.84437E-01  9.98335E-01      -6.18010E-02  1.00000E+00
  8.40078E-01  9.19403E-01  9.58473E-01  9.84208E-01  9.98245E-01       1.94470E-01  1.00000E+00
  8.51565E-01  9.31035E-01  9.66533E-01  9.87995E-01  9.98637E-01       2.97600E-01  1.00000E+00
  8.61368E-01  9.40007E-01  9.72308E-01  9.90627E-01  9.99005E-01       3.11540E-01  1.00000E+00
  8.63782E-01  9.43195E-01  9.75430E-01  9.91915E-01  9.99138E-01       2.06570E-01  1.00000E+00
  8.74733E-01  9.47497E-01  9.77315E-01  9.92588E-01  9.99190E-01       3.39790E-01  1.00000E+00


    5.  10.81   74. 183.84  5.00E+01  8.50E+01  9.38E-01  7.96E-01     5   0.00

  3.46520E+01  4.18570E+01  4.46610E+01  4.64430E+01  4.78920E+01       4.19090E-02  4.92390E+01

  3.06560E-01  5.22825E-01  6.75890E-01  8.09105E-01  9.34050E-01       1.12690E-03  1.00000E+00
  3.00010E-01  5.23545E-01  6.91200E-01  8.36645E-01  9.51095E-01       1.29990E-04  1.00000E+00
  2.48385E-01  4.36200E-01  5.77690E-01  7.05380E-01  8.32935E-01       8.05840E-04  9.99840E-01
  1.93700E-01  3.39585E-01  4.47445E-01  5.46855E-01  6.74325E-01       1.75210E-03  9.66840E-01
  1.17202E-01  2.10085E-01  2.84385E-01  3.64280E-01  4.83640E-01       3.22190E-04  8.75690E-01

 -9.78905E-01 -8.03520E-01 -4.53067E-01  9.59775E-02  8.30013E-01      -1.00000E+00  1.00000E+00
 -9.75407E-01 -7.80045E-01 -4.01710E-01  1.73992E-01  8.62768E-01      -1.00000E+00  1.00000E+00
 -9.71950E-01 -7.55745E-01 -3.54485E-01  2.38788E-01  8.80865E-01      -1.00000E+00  1.00000E+00
 -9.71083E-01 -7.47930E-01 -3.32600E-01  2.84529E-01  8.93288E-01      -1.00000E+00  1.00000E+00
 -9.67875E-01 -7.10468E-01 -2.16739E-01  4.24977E-01  9.27852E-01      -1.00000E+00  1.00000E+00
 -2.37429E-01  1.75775E-02  2.82798E-01  6.53925E-01  9.53080E-01      -9.99470E-01  1.00000E+00
 -2.28072E-01  3.59325E-02  2.85957E-01  6.51822E-01  9.53832E-01      -9.96140E-01  1.00000E+00
 -2.27831E-01  6.10550E-02  3.09776E-01  6.48737E-01  9.52688E-01      -9.99920E-01  1.00000E+00
 -3.02347E-01  4.38750E-02  3.18211E-01  6.35285E-01  9.46985E-01      -1.00000E+00  1.00000E+00
 -4.65737E-01 -3.18000E-02  3.35569E-01  6.68867E-01  9.52925E-01      -1.00000E+00  1.00000E+00
  3.36140E-01  5.34220E-01  7.19855E-01  8.91088E-01  9.87588E-01      -5.06490E-01  1.00000E+00
  3.82162E-01  5.74795E-01  7.31057E-01  8.90667E-01  9.87313E-01      -5.94270E-01  1.00000E+00
  4.41330E-01  6.38052E-01  7.72628E-01  9.05630E-01  9.88565E-01      -5.45300E-01  1.00000E+00
  5.19830E-01  7.25683E-01  8.41753E-01  9.33885E-01  9.92175E-01      -4.26710E-01  1.00000E+00
  5.82930E-01  8.10860E-01  9.11930E-01  9.69932E-01  9.96715E-01      -9.94750E-01  1.00000E+00
  6.46073E-01  7.76007E-01  8.71082E-01  9.51390E-01  9.94635E-01      -1.07600E-01  1.00000E+00
  6.80860E-01  8.08525E-01  8.90132E-01  9.57420E-01  9.95085E-01      -1.85100E-01  1.00000E+00
  7.19215E-01  8.48827E-01  9.17002E-01  9.67047E-01  9.96195E-01      -1.09560E-01  1.00000E+00
  7.61027E-01  8.88293E-01  9.46070E-01  9.80240E-01  9.97775E-01      -1.32780E-01  1.00000E+00
  7.87038E-01  9.08273E-01  9.59860E-01  9.86698E-01  9.98555E-01      -6.66800E-02  1.00000E+00
  8.60447E-01  9.31345E-01  9.65205E-01  9.87160E-01  9.98585E-01       2.82160E-01  1.00000E+00
  8.70260E-01  9.40455E-01  9.71868E-01  9.90045E-01  9.98822E-01       2.44330E-01  1.00000E+00
  8.75230E-01  9.46445E-01  9.75947E-01  9.91870E-01  9.99090E-01       2.13770E-01  1.00000E+00
  8.78807E-01  9.48558E-01  9.77833E-01  9.92903E-01  9.99265E-01       3.96950E-01  1.00000E+00
  8.91485E-01  9.54235E-01  9.80050E-01  9.93420E-01  9.99310E-01       3.98320E-01  1.00000E+00


    5.  10.81   74. 183.84  1.00E+02  0.00E+00  5.50E-01  3.09E-01     5   0.00

  1.97400E+01  4.57730E+01  6.29750E+01  7.39190E+01  8.02530E+01       2.18750E-02  8.80220E+01

  3.98870E-01  6.27525E-01  7.66870E-01  8.75010E-01  9.62270E-01       2.15730E-03  1.00000E+00
  4.42525E-01  6.50425E-01  7.78300E-01  8.78430E-01  9.62720E-01       2.04200E-03  1.00000E+00
  4.38170E-01  6.41740E-01  7.70300E-01  8.72640E-01  9.60485E-01       5.25810E-03  1.00000E+00
  4.82340E-01  7.00190E-01  8.18585E-01  9.00520E-01  9.69160E-01       5.22960E-03  1.00000E+00
  2.95315E-01  4.37605E-01  5.33610E-01  6.27120E-01  7.63825E-01       2.07950E-03  9.99940E-01

 -9.52815E-01 -6.02758E-01 -7.24060E-03  5.81708E-01  9.48985E-01      -1.00000E+00  1.00000E+00
 -9.50527E-01 -5.91575E-01 -1.16617E-03  5.85902E-01  9.52703E-01      -1.00000E+00  1.00000E+00
 -9.50310E-01 -5.86650E-01 -1.87183E-03  5.86115E-01  9.52260E-01      -1.00000E+00  1.00000E+00
 -9.49592E-01 -5.78685E-01  2.87520E-03  5.90875E-01  9.52465E-01      -1.00000E+00  1.00000E+00
 -9.50995E-01 -5.81610E-01  2.57534E-03  5.91832E-01  9.51285E-01      -1.00000E+00  1.00000E+00
 -9.50017E-01 -5.86255E-01  7.53643E-03  5.85500E-01  9.50845E-01      -1.00000E+00  1.00000E+00
 -9.54720E-01 -5.89893E-01  6.03820E-03  5.93770E-01  9.53292E-01      -1.00000E+00  1.00000E+00
 -9.50392E-01 -5.88315E-01  1.45117E-03  5.91340E-01  9.52703E-01      -1.00000E+00  1.00000E+00
 -9.50410E-01 -5.80785E-01  1.26540E-02  5.95508E-01  9.52623E-01      -1.00000E+00  1.00000E+00
 -9.50878E-01 -5.86970E-01  6.64539E-03  5.95425E-01  9.51540E-01      -1.00000E+00  1.00000E+00
 -9.50050E-01 -5.74577E-01  1.00895E-02  5.90765E-01  9.52618E-01      -1.00000E+00  1.00000E+00
 -9.53155E-01 -5.85940E-01  9.12750E-04  5.85960E-01  9.49037E-01      -1.00000E+00  1.00000E+00
 -9.51030E-01 -5.92228E-01 -4.18831E-03  5.89877E-01  9.51140E-01      -1.00000E+00  1.00000E+00
 -9.48713E-01 -5.80443E-01  4.78323E-03  5.91292E-01  9.50642E-01      -1.00000E+00  1.00000E+00
 -9.50838E-01 -5.93095E-01 -5.05757E-03  5.82240E-01  9.49292E-01      -1.00000E+00  1.00000E+00
 -9.50585E-01 -5.88740E-01  1.05243E-03  5.84898E-01  9.52538E-01      -1.00000E+00  1.00000E+00
 -9.50425E-01 -5.80462E-01  1.00250E-02  5.92087E-01  9.51503E-01      -1.00000E+00  1.00000E+00
 -9.50277E-01 -5.88175E-01  4.08410E-03  5.94940E-01  9.53148E-01      -1.00000E+00  1.00000E+00
 -9.51332E-01 -5.86945E-01 -9.08075E-03  5.82315E-01  9.50940E-01      -1.00000E+00  1.00000E+00
 -9.52910E-01 -5.94307E-01 -5.54187E-03  5.93820E-01  9.52998E-01      -1.00000E+00  1.00000E+00
 -9.53717E-01 -5.90108E-01 -6.95475E-03  5.84775E-01  9.52453E-01      -1.00000E+00  1.00000E+00
 -9.52172E-01 -5.94965E-01 -4.68333E-03  5.83653E-01  9.50288E-01      -1.00000E+00  1.00000E+00
 -9.51592E-01 -5.91353E-01 -5.74235E-03  5.90047E-01  9.52352E-01      -1.00000E+00  1.00000E+00
 -9.52168E-01 -5.89780E-01  8.54975E-04  5.87318E-01  9.50480E-01      -1.00000E+00  1.00000E+00
 -9.50772E-01 -5.84078E-01 -1.62502E-03  5.86053E-01  9.48762E-01      -1.00000E+00  1.00000E+00


    5.  10.81   74. 183.84  1.00E+02  3.00E+01  6.01E-01  3.62E-01     5   0.00

  2.26440E+01  5.08380E+01  6.75670E+01  7.69270E+01  8.42020E+01       8.33760E-03  9.38340E+01

  4.06325E-01  6.32675E-01  7.70705E-01  8.76460E-01  9.62340E-01       2.71100E-03  1.00000E+00
  4.39545E-01  6.45700E-01  7.74725E-01  8.76490E-01  9.62140E-01       4.00770E-03  1.00000E+00
  4.32485E-01  6.36485E-01  7.66630E-01  8.70980E-01  9.59995E-01       1.64000E-03  1.00000E+00
  3.93995E-01  5.99230E-01  7.39975E-01  8.55880E-01  9.53370E-01       2.57200E-03  9.99990E-01
  2.38835E-01  4.02335E-01  5.18365E-01  6.26805E-01  7.67940E-01       6.27100E-04  9.99970E-01

 -9.52330E-01 -5.89045E-01  5.61100E-04  5.87473E-01  9.47715E-01      -1.00000E+00  1.00000E+00
 -9.49223E-01 -5.80523E-01  5.87850E-04  5.83275E-01  9.50773E-01      -1.00000E+00  1.00000E+00
 -9.52468E-01 -5.94283E-01 -4.91938E-03  5.86380E-01  9.50875E-01      -1.00000E+00  1.00000E+00
 -9.51620E-01 -5.94603E-01 -9.48780E-03  5.86485E-01  9.51257E-01      -1.00000E+00  1.00000E+00
 -9.49228E-01 -5.83870E-01  1.41676E-02  5.99565E-01  9.53572E-01      -1.00000E+00  1.00000E+00
 -9.51905E-01 -5.88468E-01 -2.23660E-04  5.89703E-01  9.52280E-01      -1.00000E+00  1.00000E+00
 -9.50110E-01 -5.89287E-01  3.25475E-03  5.95080E-01  9.51422E-01      -1.00000E+00  1.00000E+00
 -9.52157E-01 -5.92640E-01 -1.13454E-02  5.85063E-01  9.51385E-01      -1.00000E+00  1.00000E+00
 -9.51157E-01 -5.86013E-01  1.00667E-02  5.95917E-01  9.53712E-01      -1.00000E+00  1.00000E+00
 -9.49365E-01 -5.78755E-01  5.21360E-03  5.91025E-01  9.50697E-01      -1.00000E+00  1.00000E+00
 -9.65558E-01 -7.01878E-01 -2.05497E-01  4.29610E-01  9.30255E-01      -1.00000E+00  1.00000E+00
 -9.64187E-01 -6.82418E-01 -1.67390E-01  4.60307E-01  9.32595E-01      -1.00000E+00  1.00000E+00
 -9.61435E-01 -6.63295E-01 -1.28326E-01  4.94105E-01  9.38405E-01      -1.00000E+00  1.00000E+00
 -9.60570E-01 -6.51185E-01 -1.06959E-01  5.08988E-01  9.38802E-01      -1.00000E+00  1.00000E+00
 -9.55457E-01 -6.14823E-01 -5.11000E-02  5.49612E-01  9.44442E-01      -1.00000E+00  1.00000E+00
 -9.80300E-01 -8.41745E-01 -5.36955E-01  3.68520E-02  8.38158E-01      -1.00000E+00  1.00000E+00
 -9.23728E-01 -7.30185E-01 -4.26758E-01  1.91300E-01  8.89430E-01      -1.00000E+00  1.00000E+00
 -8.32758E-01 -5.92378E-01 -2.75561E-01  2.87332E-01  9.02173E-01      -1.00000E+00  1.00000E+00
 -7.43755E-01 -4.44682E-01 -9.88100E-02  3.87484E-01  9.12525E-01      -1.00000E+00  1.00000E+00
 -7.67295E-01 -3.53283E-01  5.68400E-02  5.38708E-01  9.34185E-01      -1.00000E+00  1.00000E+00
 -5.65975E-02  2.73616E-01  4.97136E-01  7.05520E-01  9.52507E-01      -9.99990E-01  1.00000E+00
  8.13775E-02  4.20238E-01  6.40955E-01  8.17965E-01  9.72507E-01      -9.99900E-01  1.00000E+00
  1.78945E-01  5.42410E-01  7.54000E-01  9.00957E-01  9.87455E-01      -9.99370E-01  1.00000E+00
  2.60757E-01  6.37243E-01  8.21205E-01  9.35588E-01  9.92717E-01      -9.81760E-01  1.00000E+00
  2.83436E-01  6.69987E-01  8.50677E-01  9.49525E-01  9.94685E-01      -9.99900E-01  1.00000E+00


    5.  10.81   74. 183.84  1.00E+02  4.50E+01  6.71E-01  4.39E-01     5   0.00

  2.77950E+01  5.83080E+01  7.35820E+01  8.13790E+01  8.84780E+01       6.15990E-03  9.61910E+01

  4.14265E-01  6.35090E-01  7.70855E-01  8.75780E-01  9.62215E-01       1.59630E-03  1.00000E+00
  4.30510E-01  6.36675E-01  7.67035E-01  8.71210E-01  9.60020E-01       3.68390E-03  1.00000E+00
  3.86660E-01  5.94125E-01  7.31740E-01  8.46895E-01  9.50575E-01       3.96980E-03  1.00000E+00
  3.39260E-01  5.52120E-01  6.99725E-01  8.21640E-01  9.28380E-01       1.52310E-03  1.00000E+00
  2.03845E-01  3.43725E-01  4.45190E-01  5.43835E-01  6.77600E-01       8.39560E-04  9.98240E-01

 -9.49450E-01 -5.74472E-01  1.10643E-02  5.88383E-01  9.51283E-01      -1.00000E+00  1.00000E+00
 -9.49553E-01 -5.80888E-01  4.95413E-03  5.86872E-01  9.50665E-01      -1.00000E+00  1.00000E+00
 -9.51320E-01 -5.92855E-01 -1.35087E-03  5.87612E-01  9.50695E-01      -1.00000E+00  1.00000E+00
 -9.50650E-01 -5.86512E-01  6.74472E-03  5.97105E-01  9.52657E-01      -1.00000E+00  1.00000E+00
 -9.49537E-01 -5.83792E-01  1.10770E-02  5.90473E-01  9.50775E-01      -1.00000E+00  1.00000E+00
 -9.53477E-01 -6.10905E-01 -5.22652E-02  5.38033E-01  9.42773E-01      -1.00000E+00  1.00000E+00
 -9.55662E-01 -6.12398E-01 -4.45039E-02  5.54542E-01  9.44227E-01      -1.00000E+00  1.00000E+00
 -9.53917E-01 -6.03140E-01 -3.02477E-02  5.66697E-01  9.47198E-01      -1.00000E+00  1.00000E+00
 -9.51518E-01 -5.97822E-01 -1.63860E-02  5.75618E-01  9.48785E-01      -1.00000E+00  1.00000E+00
 -9.50697E-01 -5.91248E-01 -1.05509E-02  5.82837E-01  9.51750E-01      -1.00000E+00  1.00000E+00
 -9.87470E-01 -8.80582E-01 -6.16290E-01  5.41250E-03  8.49900E-01      -1.00000E+00  1.00000E+00
 -9.82930E-01 -8.41210E-01 -5.24830E-01  1.47743E-01  8.79147E-01      -1.00000E+00  1.00000E+00
 -9.79995E-01 -8.13517E-01 -4.55587E-01  2.24736E-01  8.98800E-01      -1.00000E+00  1.00000E+00
 -9.76472E-01 -7.87322E-01 -3.92157E-01  2.87660E-01  9.03037E-01      -1.00000E+00  1.00000E+00
 -9.71078E-01 -7.37210E-01 -2.73293E-01  4.02647E-01  9.23080E-01      -1.00000E+00  1.00000E+00
 -4.99908E-01 -2.57481E-01 -2.82800E-02  3.91402E-01  9.06862E-01      -9.99980E-01  1.00000E+00
 -3.85212E-01 -7.76750E-02  1.76946E-01  5.72170E-01  9.44225E-01      -9.99950E-01  1.00000E+00
 -2.95649E-01  5.31125E-02  3.31156E-01  6.56427E-01  9.54433E-01      -9.99990E-01  1.00000E+00
 -2.12023E-01  1.93207E-01  4.85102E-01  7.45185E-01  9.65400E-01      -1.00000E+00  1.00000E+00
 -3.12804E-01  2.05193E-01  5.67840E-01  8.33327E-01  9.80742E-01      -1.00000E+00  1.00000E+00
  4.18703E-01  6.29112E-01  7.58530E-01  8.77230E-01  9.83300E-01      -5.68140E-01  1.00000E+00
  4.83270E-01  7.03847E-01  8.28380E-01  9.20585E-01  9.89833E-01      -5.73980E-01  1.00000E+00
  5.42585E-01  7.65380E-01  8.79953E-01  9.55740E-01  9.94455E-01      -5.80910E-01  1.00000E+00
  5.87213E-01  8.13592E-01  9.12430E-01  9.69043E-01  9.96440E-01      -6.03460E-01  1.00000E+00
  6.11205E-01  8.29342E-01  9.24870E-01  9.75095E-01  9.97425E-01      -4.57030E-01  1.00000E+00


    5.  10.81   74. 183.84  1.00E+02  6.00E+01  7.76E-01  5.72E-01     5   0.00

  3.90770E+01  7.07060E+01  8.13950E+01  8.79730E+01  9.27740E+01       2.70620E-02  9.76070E+01

  4.18105E-01  6.36015E-01  7.70465E-01  8.75240E-01  9.61295E-01       1.44710E-03  1.00000E+00
  3.62505E-01  5.67415E-01  7.07760E-01  8.28665E-01  9.43365E-01       1.80310E-03  1.00000E+00
  3.40755E-01  5.57665E-01  7.14485E-01  8.45980E-01  9.51255E-01       2.11380E-03  1.00000E+00
  2.73565E-01  4.53155E-01  5.81455E-01  6.90215E-01  8.04665E-01       1.31450E-03  9.99980E-01
  1.50895E-01  2.61380E-01  3.43475E-01  4.25300E-01  5.45100E-01       9.56980E-04  9.37090E-01

 -9.48920E-01 -5.77800E-01  1.13261E-02  5.98320E-01  9.53637E-01      -1.00000E+00  1.00000E+00
 -9.49767E-01 -5.82363E-01  3.25837E-03  5.94337E-01  9.51647E-01      -1.00000E+00  1.00000E+00
 -9.51963E-01 -5.88400E-01 -4.92275E-04  5.89697E-01  9.51507E-01      -1.00000E+00  1.00000E+00
 -9.49892E-01 -5.79292E-01  1.19783E-03  5.88450E-01  9.49535E-01      -1.00000E+00  1.00000E+00
 -9.51497E-01 -5.88117E-01  8.71399E-03  5.93475E-01  9.52040E-01      -1.00000E+00  1.00000E+00
 -9.83313E-01 -8.50527E-01 -5.67410E-01 -1.99100E-02  8.13068E-01      -1.00000E+00  1.00000E+00
 -9.80545E-01 -8.23295E-01 -4.92567E-01  1.42330E-01  8.69298E-01      -1.00000E+00  1.00000E+00
 -9.77620E-01 -7.97338E-01 -4.15577E-01  2.53867E-01  8.98053E-01      -1.00000E+00  1.00000E+00
 -9.73935E-01 -7.64070E-01 -3.11985E-01  3.62080E-01  9.16697E-01      -1.00000E+00  1.00000E+00
 -9.65317E-01 -6.78705E-01 -1.41521E-01  4.96385E-01  9.37045E-01      -1.00000E+00  1.00000E+00
 -5.26915E-01 -2.94503E-01 -6.81250E-02  3.66868E-01  9.00380E-01      -1.00000E+00  1.00000E+00
 -4.83090E-01 -2.13479E-01  3.96700E-02  4.86125E-01  9.27418E-01      -1.00000E+00  1.00000E+00
 -4.66790E-01 -1.64100E-01  1.04415E-01  5.14410E-01  9.35723E-01      -1.00000E+00  1.00000E+00
 -4.89976E-01 -1.46822E-01  1.52773E-01  5.14840E-01  9.29535E-01      -1.00000E+00  1.00000E+00
 -5.86406E-01 -1.55505E-01  2.19232E-01  5.88782E-01  9.42097E-01      -1.00000E+00  1.00000E+00
  2.13390E-01  4.09112E-01  5.71350E-01  7.98967E-01  9.73723E-01      -6.27970E-01  1.00000E+00
  2.83617E-01  5.02535E-01  6.53465E-01  8.34958E-01  9.79920E-01      -6.56570E-01  1.00000E+00
  3.73940E-01  6.03245E-01  7.41945E-01  8.69637E-01  9.83513E-01      -6.45470E-01  1.00000E+00
  4.85425E-01  7.26105E-01  8.50000E-01  9.36957E-01  9.92003E-01      -5.37720E-01  1.00000E+00
  5.40623E-01  7.96623E-01  9.08145E-01  9.68880E-01  9.96658E-01      -9.85020E-01  1.00000E+00
  7.15965E-01  8.31913E-01  9.01178E-01  9.60253E-01  9.95315E-01      -7.66960E-02  1.00000E+00
  7.45302E-01  8.61812E-01  9.25205E-01  9.68368E-01  9.96278E-01       2.80230E-02  1.00000E+00
  7.76700E-01  8.92115E-01  9.46625E-01  9.80745E-01  9.97697E-01      -6.99490E-02  1.00000E+00
  7.95945E-01  9.13378E-01  9.60788E-01  9.86750E-01  9.98545E-01      -9.04130E-03  1.00000E+00
  8.07495E-01  9.18063E-01  9.64592E-01  9.88342E-01  9.98760E-01       1.15900E-01  1.00000E+00


    5.  10.81   74. 183.84  1.00E+02  7.00E+01  8.62E-01  6.95E-01     5   0.00

  5.44130E+01  7.95470E+01  8.74980E+01  9.18950E+01  9.52820E+01       3.04730E-02  9.83000E+01

  3.95900E-01  6.11205E-01  7.49125E-01  8.60350E-01  9.56350E-01       1.38350E-03  1.00000E+00
  3.13685E-01  5.25505E-01  6.83425E-01  8.22365E-01  9.43480E-01       2.46360E-03  1.00000E+00
  2.87485E-01  4.81935E-01  6.29140E-01  7.59045E-01  8.75050E-01       1.33750E-03  9.99990E-01
  2.12450E-01  3.61570E-01  4.70565E-01  5.65440E-01  6.77885E-01       1.20150E-03  9.73350E-01
  1.18562E-01  2.08230E-01  2.76570E-01  3.47925E-01  4.59935E-01       8.84700E-04  8.49100E-01

 -9.66363E-01 -7.00655E-01 -2.08914E-01  4.11010E-01  9.19305E-01      -1.00000E+00  1.00000E+00
 -9.62023E-01 -6.71913E-01 -1.39512E-01  4.88205E-01  9.37890E-01      -1.00000E+00  1.00000E+00
 -9.60455E-01 -6.51535E-01 -1.06807E-01  5.15055E-01  9.39388E-01      -1.00000E+00  1.00000E+00
 -9.57307E-01 -6.39733E-01 -8.61978E-02  5.29825E-01  9.41925E-01      -1.00000E+00  1.00000E+00
 -9.55062E-01 -6.14470E-01 -3.86864E-02  5.59870E-01  9.47630E-01      -1.00000E+00  1.00000E+00
 -7.35480E-01 -5.62563E-01 -3.55816E-01  1.63050E-02  7.63440E-01      -1.00000E+00  1.00000E+00
 -7.25025E-01 -5.24650E-01 -2.92754E-01  1.64088E-01  8.54380E-01      -1.00000E+00  1.00000E+00
 -7.26585E-01 -5.07183E-01 -2.50498E-01  2.32839E-01  8.85180E-01      -1.00000E+00  1.00000E+00
 -7.79512E-01 -5.25995E-01 -2.37907E-01  2.65336E-01  8.83958E-01      -1.00000E+00  1.00000E+00
 -9.29665E-01 -6.19040E-01 -1.68637E-01  4.03268E-01  9.13890E-01      -1.00000E+00  1.00000E+00
  1.01887E-01  3.01815E-01  4.92168E-01  7.55360E-01  9.66387E-01      -7.86760E-01  1.00000E+00
  1.55726E-01  3.67430E-01  5.38417E-01  7.80980E-01  9.70908E-01      -8.13450E-01  1.00000E+00
  2.27777E-01  4.51055E-01  6.05352E-01  7.96090E-01  9.72480E-01      -7.75840E-01  1.00000E+00
  3.46958E-01  5.88542E-01  7.37818E-01  8.68895E-01  9.81008E-01      -7.46140E-01  1.00000E+00
  4.19825E-01  7.21583E-01  8.64793E-01  9.50442E-01  9.94245E-01      -9.99960E-01  1.00000E+00
  5.60005E-01  6.95265E-01  8.19000E-01  9.34262E-01  9.92923E-01      -9.91360E-02  1.00000E+00
  6.09385E-01  7.44400E-01  8.37455E-01  9.34727E-01  9.92270E-01      -2.30010E-01  1.00000E+00
  6.68565E-01  8.04510E-01  8.81480E-01  9.47793E-01  9.93820E-01      -1.16950E-01  1.00000E+00
  7.33727E-01  8.70977E-01  9.33815E-01  9.74255E-01  9.96943E-01      -1.00610E-01  1.00000E+00
  7.69070E-01  9.03060E-01  9.57430E-01  9.85610E-01  9.98437E-01      -8.13430E-02  1.00000E+00
  8.40518E-01  9.11602E-01  9.51970E-01  9.81967E-01  9.98000E-01       2.09760E-01  1.00000E+00
  8.57380E-01  9.28120E-01  9.62952E-01  9.85727E-01  9.98347E-01       1.51990E-01  1.00000E+00
  8.71293E-01  9.41327E-01  9.72272E-01  9.90205E-01  9.98885E-01       2.77450E-01  1.00000E+00
  8.78653E-01  9.49740E-01  9.77853E-01  9.92627E-01  9.99215E-01       2.76640E-01  1.00000E+00
  8.82915E-01  9.51017E-01  9.78878E-01  9.93085E-01  9.99275E-01       4.15680E-01  1.00000E+00


    5.  10.81   74. 183.84  1.00E+02  8.00E+01  9.40E-01  8.21E-01     5   0.00

  7.37350E+01  8.73090E+01  9.21160E+01  9.49220E+01  9.70320E+01       3.82260E-02  9.86760E+01

  3.26240E-01  5.37295E-01  6.90330E-01  8.23685E-01  9.43115E-01       1.23890E-03  1.00000E+00
  2.89875E-01  4.98420E-01  6.61915E-01  8.05080E-01  9.19705E-01       1.56050E-03  1.00000E+00
  2.22325E-01  3.84470E-01  5.08355E-01  6.21370E-01  7.36710E-01       1.17490E-03  9.79160E-01
  1.62335E-01  2.84730E-01  3.75130E-01  4.56945E-01  5.62530E-01       3.42860E-04  8.84340E-01
  9.34305E-02  1.66550E-01  2.25315E-01  2.88400E-01  3.82305E-01       3.90810E-04  7.16670E-01

 -9.73507E-01 -7.82100E-01 -4.46790E-01  6.29705E-02  7.90363E-01      -1.00000E+00  1.00000E+00
 -9.66198E-01 -7.32077E-01 -3.43473E-01  1.90009E-01  8.54152E-01      -1.00000E+00  1.00000E+00
 -9.60540E-01 -7.01267E-01 -2.88765E-01  2.44641E-01  8.75620E-01      -1.00000E+00  1.00000E+00
 -9.63190E-01 -7.00962E-01 -2.73222E-01  2.55160E-01  8.84348E-01      -1.00000E+00  1.00000E+00
 -9.66727E-01 -7.16255E-01 -2.74674E-01  2.88703E-01  8.91927E-01      -1.00000E+00  1.00000E+00
  2.30275E-02  2.32937E-01  4.32545E-01  7.09987E-01  9.57390E-01      -8.38760E-01  1.00000E+00
  5.49575E-02  2.67512E-01  4.48488E-01  7.16415E-01  9.60065E-01      -8.45250E-01  1.00000E+00
  1.01470E-01  3.27433E-01  4.98260E-01  7.22302E-01  9.60155E-01      -8.71570E-01  1.00000E+00
  1.54707E-01  4.16502E-01  6.01145E-01  7.81225E-01  9.67465E-01      -9.61750E-01  1.00000E+00
  8.63625E-02  4.76162E-01  7.19568E-01  8.90025E-01  9.86550E-01      -1.00000E+00  1.00000E+00
  5.34817E-01  6.74088E-01  8.23152E-01  9.37490E-01  9.93275E-01      -1.13240E-01  1.00000E+00
  5.78332E-01  7.08912E-01  8.23625E-01  9.33500E-01  9.92660E-01      -2.89290E-01  1.00000E+00
  6.30220E-01  7.57745E-01  8.46805E-01  9.37717E-01  9.92657E-01      -2.27600E-01  1.00000E+00
  7.09395E-01  8.37715E-01  9.06513E-01  9.60257E-01  9.95252E-01      -8.82120E-02  1.00000E+00
  7.81290E-01  9.03165E-01  9.55573E-01  9.84595E-01  9.98373E-01       1.45990E-02  1.00000E+00
  7.66892E-01  8.52347E-01  9.21118E-01  9.73085E-01  9.97200E-01       1.58650E-01  1.00000E+00
  7.92985E-01  8.73923E-01  9.28005E-01  9.73155E-01  9.97018E-01       2.68480E-01  1.00000E+00
  8.24030E-01  9.02745E-01  9.45875E-01  9.78382E-01  9.97348E-01       1.62610E-01  1.00000E+00
  8.54155E-01  9.33650E-01  9.67700E-01  9.88220E-01  9.98683E-01       2.90040E-01  1.00000E+00
  8.76515E-01  9.48425E-01  9.77505E-01  9.92612E-01  9.99230E-01       4.05140E-01  1.00000E+00
  9.14965E-01  9.57405E-01  9.78780E-01  9.92552E-01  9.99178E-01       5.30560E-01  1.00000E+00
  9.21080E-01  9.63023E-01  9.82348E-01  9.93777E-01  9.99308E-01       5.99280E-01  1.00000E+00
  9.25955E-01  9.67855E-01  9.85387E-01  9.95045E-01  9.99475E-01       6.14230E-01  1.00000E+00
  9.28907E-01  9.70015E-01  9.87147E-01  9.95690E-01  9.99548E-01       6.01960E-01  1.00000E+00
  9.38322E-01  9.73625E-01  9.88630E-01  9.96240E-01  9.99600E-01       5.90410E-01  1.00000E+00


    5.  10.81   74. 183.84  1.00E+02  8.50E+01  9.62E-01  8.62E-01     5   0.00

  7.85400E+01  8.95860E+01  9.35070E+01  9.58200E+01  9.75230E+01       6.83040E-02  9.87980E+01

  3.09200E-01  5.29110E-01  6.92225E-01  8.31925E-01  9.50285E-01       3.05860E-03  1.00000E+00
  2.68200E-01  4.66495E-01  6.21215E-01  7.57455E-01  8.73410E-01       5.21150E-04  9.99990E-01
  1.99990E-01  3.50210E-01  4.65465E-01  5.71865E-01  6.82790E-01       7.98060E-04  9.55780E-01
  1.46075E-01  2.57785E-01  3.43170E-01  4.19935E-01  5.19305E-01       4.84840E-04  8.24580E-01
  8.67700E-02  1.55705E-01  2.10930E-01  2.69370E-01  3.51995E-01       2.65770E-04  6.61330E-01

 -7.53447E-01 -5.61130E-01 -3.43532E-01  6.88025E-02  8.13102E-01      -1.00000E+00  1.00000E+00
 -7.65547E-01 -5.43038E-01 -2.80365E-01  2.15340E-01  8.71648E-01      -1.00000E+00  1.00000E+00
 -8.18620E-01 -5.61872E-01 -2.36327E-01  2.81293E-01  8.89608E-01      -1.00000E+00  1.00000E+00
 -9.24790E-01 -6.13020E-01 -1.82978E-01  3.36817E-01  8.87158E-01      -1.00000E+00  1.00000E+00
 -9.48700E-01 -5.99345E-01 -7.35027E-02  4.68492E-01  9.17042E-01      -1.00000E+00  1.00000E+00
  2.56964E-01  4.41605E-01  6.33223E-01  8.43165E-01  9.80718E-01      -5.71750E-01  1.00000E+00
  2.95752E-01  4.73615E-01  6.31660E-01  8.31925E-01  9.78855E-01      -6.30940E-01  1.00000E+00
  3.57470E-01  5.37190E-01  6.74913E-01  8.40230E-01  9.79332E-01      -5.52920E-01  1.00000E+00
  4.45508E-01  6.39177E-01  7.70433E-01  8.87610E-01  9.84422E-01      -5.14310E-01  1.00000E+00
  5.52337E-01  7.70742E-01  8.85032E-01  9.58395E-01  9.95250E-01      -9.98710E-01  1.00000E+00
  6.45752E-01  7.65477E-01  8.83040E-01  9.60282E-01  9.95745E-01      -4.96460E-02  1.00000E+00
  6.77260E-01  7.86080E-01  8.80197E-01  9.57490E-01  9.95385E-01      -6.03760E-02  1.00000E+00
  7.20423E-01  8.22715E-01  8.93347E-01  9.59330E-01  9.95372E-01       8.02870E-02  1.00000E+00
  7.80783E-01  8.80248E-01  9.33708E-01  9.72973E-01  9.96775E-01       1.33230E-01  1.00000E+00
  8.39945E-01  9.29440E-01  9.68200E-01  9.89078E-01  9.98827E-01       2.11520E-01  1.00000E+00
  8.24068E-01  8.93558E-01  9.47460E-01  9.82135E-01  9.98070E-01       3.91320E-01  1.00000E+00
  8.40525E-01  9.05310E-01  9.48412E-01  9.81442E-01  9.97973E-01       3.23020E-01  1.00000E+00
  8.63898E-01  9.26830E-01  9.59937E-01  9.84282E-01  9.98160E-01       3.63250E-01  1.00000E+00
  8.85672E-01  9.48240E-01  9.75395E-01  9.91225E-01  9.98955E-01       4.18090E-01  1.00000E+00
  9.06083E-01  9.60305E-01  9.82682E-01  9.94230E-01  9.99405E-01       4.79490E-01  1.00000E+00
  9.32920E-01  9.66703E-01  9.83520E-01  9.94172E-01  9.99375E-01       6.85040E-01  1.00000E+00
  9.36953E-01  9.70608E-01  9.85977E-01  9.95112E-01  9.99457E-01       7.12350E-01  1.00000E+00
  9.40732E-01  9.74147E-01  9.88160E-01  9.95985E-01  9.99563E-01       6.93710E-01  1.00000E+00
  9.45092E-01  9.75960E-01  9.89402E-01  9.96468E-01  9.99625E-01       7.09730E-01  1.00000E+00
  9.54488E-01  9.80563E-01  9.91450E-01  9.97162E-01  9.99700E-01       7.44110E-01  1.00000E+00


    5.  10.81   74. 183.84  2.00E+02  0.00E+00  5.20E-01  2.82E-01     5   0.00

  3.38180E+01  8.45120E+01  1.20290E+02  1.44780E+02  1.60930E+02       4.51330E-02  1.76400E+02

  4.25920E-01  6.43850E-01  7.77110E-01  8.79080E-01  9.63185E-01       4.54480E-03  1.00000E+00
  4.57355E-01  6.56695E-01  7.80620E-01  8.78870E-01  9.62275E-01       7.07850E-03  1.00000E+00
  4.46570E-01  6.43820E-01  7.71295E-01  8.73030E-01  9.60630E-01       1.11750E-02  1.00000E+00
  4.69210E-01  6.67230E-01  7.94195E-01  8.92675E-01  9.68235E-01       1.22190E-02  1.00000E+00
  3.35580E-01  4.82845E-01  5.80325E-01  6.74010E-01  7.98380E-01       1.71100E-03  9.99970E-01

 -9.49420E-01 -5.85592E-01  1.25546E-02  5.92282E-01  9.51295E-01      -1.00000E+00  1.00000E+00
 -9.51747E-01 -5.87930E-01  2.70510E-03  5.82040E-01  9.49597E-01      -1.00000E+00  1.00000E+00
 -9.52515E-01 -5.88935E-01  2.23723E-03  5.92595E-01  9.52773E-01      -1.00000E+00  1.00000E+00
 -9.49955E-01 -5.82032E-01 -2.77480E-03  5.89580E-01  9.51450E-01      -1.00000E+00  1.00000E+00
 -9.48398E-01 -5.77945E-01  1.33292E-02  5.88465E-01  9.50638E-01      -1.00000E+00  1.00000E+00
 -9.51398E-01 -5.88725E-01 -2.24325E-03  5.89762E-01  9.51298E-01      -1.00000E+00  1.00000E+00
 -9.49338E-01 -5.87303E-01  5.54025E-04  5.93905E-01  9.50580E-01      -1.00000E+00  1.00000E+00
 -9.46765E-01 -5.83145E-01  7.34697E-03  5.94478E-01  9.51753E-01      -1.00000E+00  1.00000E+00
 -9.50810E-01 -5.93875E-01  1.07087E-03  5.82593E-01  9.51218E-01      -1.00000E+00  1.00000E+00
 -9.50350E-01 -5.93952E-01 -4.84850E-03  5.87285E-01  9.49693E-01      -1.00000E+00  1.00000E+00
 -9.50035E-01 -5.84420E-01  2.27145E-04  5.90865E-01  9.51287E-01      -1.00000E+00  1.00000E+00
 -9.50620E-01 -5.87765E-01  2.89820E-03  5.89838E-01  9.50940E-01      -1.00000E+00  1.00000E+00
 -9.53670E-01 -5.97820E-01 -1.34370E-02  5.78917E-01  9.48883E-01      -1.00000E+00  1.00000E+00
 -9.52200E-01 -5.86778E-01 -1.19758E-03  5.90418E-01  9.51657E-01      -1.00000E+00  1.00000E+00
 -9.51587E-01 -5.85240E-01 -3.07680E-03  5.86798E-01  9.52642E-01      -1.00000E+00  1.00000E+00
 -9.52012E-01 -5.91045E-01  5.50540E-03  5.88693E-01  9.51585E-01      -1.00000E+00  1.00000E+00
 -9.52757E-01 -5.91095E-01 -8.25177E-03  5.84295E-01  9.53110E-01      -1.00000E+00  1.00000E+00
 -9.49750E-01 -5.74275E-01  6.85020E-03  6.03747E-01  9.54022E-01      -1.00000E+00  1.00000E+00
 -9.49603E-01 -5.83212E-01  1.29070E-03  6.00130E-01  9.53330E-01      -1.00000E+00  1.00000E+00
 -9.53465E-01 -5.94197E-01 -4.68303E-03  5.86928E-01  9.49020E-01      -1.00000E+00  1.00000E+00
 -9.50958E-01 -5.85480E-01  6.44154E-03  5.94983E-01  9.51732E-01      -1.00000E+00  1.00000E+00
 -9.50452E-01 -5.88280E-01 -2.02726E-03  5.84015E-01  9.51172E-01      -1.00000E+00  1.00000E+00
 -9.51300E-01 -5.94768E-01 -1.15201E-02  5.76390E-01  9.49887E-01      -1.00000E+00  1.00000E+00
 -9.52643E-01 -5.86475E-01  3.75150E-04  5.87590E-01  9.51593E-01      -1.00000E+00  1.00000E+00
 -9.52895E-01 -5.83030E-01  8.63707E-03  5.92355E-01  9.51305E-01      -1.00000E+00  1.00000E+00


    5.  10.81   74. 183.84  2.00E+02  3.00E+01  5.68E-01  3.28E-01     5   0.00

  3.85270E+01  9.33770E+01  1.28910E+02  1.51800E+02  1.67840E+02       4.00010E-02  1.87390E+02

  4.30790E-01  6.44955E-01  7.77920E-01  8.79525E-01  9.63445E-01       2.80410E-03  1.00000E+00
  4.55840E-01  6.52415E-01  7.77785E-01  8.76960E-01  9.62115E-01       4.04530E-03  1.00000E+00
  4.42220E-01  6.38430E-01  7.66055E-01  8.69595E-01  9.59455E-01       4.40870E-03  1.00000E+00
  4.28635E-01  6.25690E-01  7.57875E-01  8.65525E-01  9.58730E-01       8.09690E-03  1.00000E+00
  2.55970E-01  4.22135E-01  5.44625E-01  6.56560E-01  7.93680E-01       2.02140E-03  1.00000E+00

 -9.49192E-01 -5.87468E-01  2.55750E-05  5.96085E-01  9.52605E-01      -1.00000E+00  1.00000E+00
 -9.53172E-01 -5.90597E-01  3.51008E-03  5.85272E-01  9.50697E-01      -1.00000E+00  1.00000E+00
 -9.51322E-01 -5.95368E-01 -6.36855E-03  5.93328E-01  9.49608E-01      -1.00000E+00  1.00000E+00
 -9.50593E-01 -5.78483E-01  1.05670E-02  5.93655E-01  9.51263E-01      -1.00000E+00  1.00000E+00
 -9.49133E-01 -5.83012E-01  1.56949E-02  5.94035E-01  9.51735E-01      -1.00000E+00  1.00000E+00
 -9.48915E-01 -5.76065E-01  4.89507E-03  5.90557E-01  9.52028E-01      -1.00000E+00  1.00000E+00
 -9.50617E-01 -5.84460E-01  1.30082E-02  5.93795E-01  9.51207E-01      -1.00000E+00  1.00000E+00
 -9.51017E-01 -5.89265E-01  3.92460E-03  5.86335E-01  9.48785E-01      -1.00000E+00  1.00000E+00
 -9.52345E-01 -5.96460E-01  2.86632E-03  5.91803E-01  9.49965E-01      -1.00000E+00  1.00000E+00
 -9.51558E-01 -5.82712E-01 -1.11743E-03  5.79625E-01  9.49410E-01      -1.00000E+00  1.00000E+00
 -9.58860E-01 -6.42408E-01 -9.90483E-02  5.12000E-01  9.39220E-01      -1.00000E+00  1.00000E+00
 -9.55480E-01 -6.25925E-01 -6.00212E-02  5.39650E-01  9.44263E-01      -1.00000E+00  1.00000E+00
 -9.56755E-01 -6.18745E-01 -6.36218E-02  5.47190E-01  9.46563E-01      -1.00000E+00  1.00000E+00
 -9.55275E-01 -6.06672E-01 -2.72136E-02  5.64963E-01  9.48445E-01      -1.00000E+00  1.00000E+00
 -9.51137E-01 -6.01460E-01 -1.33238E-02  5.81580E-01  9.49577E-01      -1.00000E+00  1.00000E+00
 -9.77322E-01 -7.99470E-01 -3.98165E-01  3.12019E-01  9.08913E-01      -1.00000E+00  1.00000E+00
 -9.72338E-01 -7.57857E-01 -3.35917E-01  3.57525E-01  9.19195E-01      -1.00000E+00  1.00000E+00
 -9.63672E-01 -7.13635E-01 -2.58525E-01  3.89735E-01  9.22435E-01      -1.00000E+00  1.00000E+00
 -9.58692E-01 -6.69350E-01 -1.93100E-01  4.07913E-01  9.24075E-01      -1.00000E+00  1.00000E+00
 -9.52122E-01 -6.09610E-01 -5.80905E-02  5.37722E-01  9.40808E-01      -1.00000E+00  1.00000E+00
 -2.70985E-01  1.00068E-01  3.51181E-01  5.91519E-01  9.33395E-01      -1.00000E+00  1.00000E+00
 -9.70750E-02  2.77949E-01  5.39980E-01  7.65903E-01  9.70337E-01      -1.00000E+00  1.00000E+00
  3.77200E-02  4.17928E-01  6.76930E-01  8.57407E-01  9.81610E-01      -9.99980E-01  1.00000E+00
  1.58395E-01  5.39597E-01  7.66970E-01  9.14248E-01  9.90650E-01      -9.99710E-01  1.00000E+00
  1.77661E-01  6.16810E-01  8.23743E-01  9.39317E-01  9.93387E-01      -1.00000E+00  1.00000E+00


    5.  10.81   74. 183.84  2.00E+02  4.50E+01  6.33E-01  3.98E-01     5   0.00

  4.66820E+01  1.06950E+02  1.41000E+02  1.59960E+02  1.76650E+02       5.57970E-02  1.92200E+02

  4.35385E-01  6.49540E-01  7.79750E-01  8.79970E-01  9.63215E-01       3.35700E-03  1.00000E+00
  4.47320E-01  6.43565E-01  7.70485E-01  8.72820E-01  9.60465E-01       3.38890E-03  1.00000E+00
  4.25035E-01  6.19540E-01  7.49565E-01  8.56960E-01  9.54290E-01       1.70700E-03  1.00000E+00
  3.62890E-01  5.68275E-01  7.14140E-01  8.37345E-01  9.45060E-01       5.14060E-03  1.00000E+00
  2.25910E-01  3.68245E-01  4.73580E-01  5.73825E-01  7.03860E-01       1.48920E-04  9.99590E-01

 -9.51985E-01 -5.89817E-01 -2.01945E-03  5.82950E-01  9.51462E-01      -1.00000E+00  1.00000E+00
 -9.50812E-01 -5.88512E-01 -4.66256E-03  5.82128E-01  9.50342E-01      -1.00000E+00  1.00000E+00
 -9.50930E-01 -5.83248E-01  2.58250E-04  5.89197E-01  9.51995E-01      -1.00000E+00  1.00000E+00
 -9.49875E-01 -5.88912E-01 -1.57342E-03  5.84037E-01  9.50550E-01      -1.00000E+00  1.00000E+00
 -9.50292E-01 -5.81400E-01  3.04740E-03  5.82932E-01  9.49842E-01      -1.00000E+00  1.00000E+00
 -9.54178E-01 -5.91643E-01 -3.40267E-03  5.84932E-01  9.52083E-01      -1.00000E+00  1.00000E+00
 -9.51490E-01 -5.90010E-01 -9.24950E-04  5.79838E-01  9.49582E-01      -1.00000E+00  1.00000E+00
 -9.50880E-01 -5.97778E-01 -1.67650E-03  5.80817E-01  9.49458E-01      -1.00000E+00  1.00000E+00
 -9.50395E-01 -5.88878E-01 -6.79698E-03  5.86163E-01  9.50655E-01      -1.00000E+00  1.00000E+00
 -9.51682E-01 -5.93858E-01 -5.44700E-03  5.89190E-01  9.51330E-01      -1.00000E+00  1.00000E+00
 -9.75383E-01 -7.73510E-01 -3.20765E-01  3.55107E-01  9.14802E-01      -1.00000E+00  1.00000E+00
 -9.71615E-01 -7.48545E-01 -2.61663E-01  4.13535E-01  9.25673E-01      -1.00000E+00  1.00000E+00
 -9.69583E-01 -7.23765E-01 -2.17385E-01  4.47283E-01  9.29513E-01      -1.00000E+00  1.00000E+00
 -9.67085E-01 -7.01120E-01 -1.68062E-01  4.73890E-01  9.34133E-01      -1.00000E+00  1.00000E+00
 -9.59477E-01 -6.51140E-01 -1.04245E-01  5.20485E-01  9.41702E-01      -1.00000E+00  1.00000E+00
 -7.41158E-01 -5.30100E-01 -2.89418E-01  2.39962E-01  8.87065E-01      -1.00000E+00  1.00000E+00
 -6.58565E-01 -3.66408E-01 -4.99225E-02  4.97955E-01  9.35963E-01      -1.00000E+00  1.00000E+00
 -5.95502E-01 -2.61993E-01  7.36450E-02  5.63213E-01  9.46765E-01      -1.00000E+00  1.00000E+00
 -5.40625E-01 -1.76065E-01  1.76187E-01  5.91662E-01  9.47030E-01      -1.00000E+00  1.00000E+00
 -6.04455E-01 -1.39835E-01  2.51140E-01  6.40585E-01  9.52732E-01      -1.00000E+00  1.00000E+00
  3.24683E-01  5.54843E-01  6.97790E-01  8.35658E-01  9.77008E-01      -7.52600E-01  1.00000E+00
  4.02553E-01  6.37258E-01  7.82757E-01  8.95118E-01  9.86695E-01      -7.78070E-01  1.00000E+00
  4.78693E-01  7.14432E-01  8.50683E-01  9.40648E-01  9.92465E-01      -7.21950E-01  1.00000E+00
  5.33165E-01  7.66900E-01  8.87123E-01  9.60383E-01  9.95785E-01      -6.70230E-01  1.00000E+00
  5.68665E-01  8.13695E-01  9.17340E-01  9.72222E-01  9.97090E-01      -9.57240E-01  1.00000E+00


    5.  10.81   74. 183.84  2.00E+02  6.00E+01  7.36E-01  5.24E-01     5   0.00

  6.55960E+01  1.31900E+02  1.59000E+02  1.74930E+02  1.85990E+02       2.54090E-02  1.95120E+02

  4.39770E-01  6.48770E-01  7.77905E-01  8.78645E-01  9.62455E-01       1.42720E-03  1.00000E+00
  4.13550E-01  6.09730E-01  7.43275E-01  8.54385E-01  9.53540E-01       2.53520E-03  1.00000E+00
  3.51150E-01  5.53885E-01  7.03155E-01  8.34320E-01  9.48590E-01       4.21580E-03  1.00000E+00
  2.99075E-01  4.78750E-01  6.12435E-01  7.28200E-01  8.41540E-01       8.50980E-04  9.99940E-01
  1.60105E-01  2.67580E-01  3.48810E-01  4.27265E-01  5.34830E-01       8.24210E-04  9.32980E-01

 -9.50255E-01 -5.82780E-01  4.81555E-03  5.92302E-01  9.52435E-01      -1.00000E+00  1.00000E+00
 -9.50050E-01 -5.82510E-01  8.46712E-03  5.93245E-01  9.51865E-01      -1.00000E+00  1.00000E+00
 -9.49697E-01 -5.88442E-01 -4.03705E-03  5.87455E-01  9.48440E-01      -1.00000E+00  1.00000E+00
 -9.49055E-01 -5.79878E-01  7.15173E-03  5.90418E-01  9.51083E-01      -1.00000E+00  1.00000E+00
 -9.50013E-01 -5.84415E-01  8.17692E-03  5.90300E-01  9.50040E-01      -1.00000E+00  1.00000E+00
 -9.70490E-01 -7.31083E-01 -2.72236E-01  3.64670E-01  9.14428E-01      -1.00000E+00  1.00000E+00
 -9.66657E-01 -7.03568E-01 -1.96733E-01  4.45360E-01  9.28192E-01      -1.00000E+00  1.00000E+00
 -9.64485E-01 -6.85985E-01 -1.52228E-01  4.84435E-01  9.37362E-01      -1.00000E+00  1.00000E+00
 -9.61140E-01 -6.58227E-01 -1.19521E-01  5.04675E-01  9.35368E-01      -1.00000E+00  1.00000E+00
 -9.58272E-01 -6.29117E-01 -5.88021E-02  5.52605E-01  9.46190E-01      -1.00000E+00  1.00000E+00
 -7.63053E-01 -5.81072E-01 -3.52427E-01  1.37414E-01  8.52865E-01      -1.00000E+00  1.00000E+00
 -7.30733E-01 -4.98363E-01 -2.02395E-01  3.77117E-01  9.15998E-01      -1.00000E+00  1.00000E+00
 -7.19485E-01 -4.60570E-01 -1.42292E-01  4.52062E-01  9.29670E-01      -1.00000E+00  1.00000E+00
 -7.40485E-01 -4.55063E-01 -1.09402E-01  4.51245E-01  9.30822E-01      -1.00000E+00  1.00000E+00
 -8.78910E-01 -5.17625E-01 -3.34725E-02  5.32495E-01  9.38878E-01      -1.00000E+00  1.00000E+00
  9.16450E-02  2.96513E-01  4.63130E-01  7.31715E-01  9.63775E-01      -9.09920E-01  1.00000E+00
  1.74841E-01  4.05675E-01  5.74270E-01  8.04492E-01  9.75480E-01      -8.03380E-01  1.00000E+00
  2.68277E-01  5.07567E-01  6.71860E-01  8.36580E-01  9.78575E-01      -8.07480E-01  1.00000E+00
  3.86888E-01  6.36455E-01  7.91325E-01  9.05300E-01  9.86982E-01      -8.77990E-01  1.00000E+00
  4.63255E-01  7.46905E-01  8.78845E-01  9.57370E-01  9.95250E-01      -9.99010E-01  1.00000E+00
  7.03448E-01  8.17227E-01  8.87130E-01  9.53755E-01  9.94938E-01       7.31530E-02  1.00000E+00
  7.37565E-01  8.50328E-01  9.15842E-01  9.64045E-01  9.95805E-01       2.18830E-02  1.00000E+00
  7.75455E-01  8.83462E-01  9.41392E-01  9.77795E-01  9.97385E-01       1.03610E-01  1.00000E+00
  8.06505E-01  9.10787E-01  9.57658E-01  9.85090E-01  9.98435E-01       1.34440E-01  1.00000E+00
  8.27008E-01  9.27963E-01  9.68815E-01  9.89670E-01  9.98925E-01       2.16660E-01  1.00000E+00


    5.  10.81   74. 183.84  2.00E+02  7.00E+01  8.33E-01  6.61E-01     5   0.00

  9.60750E+01  1.56380E+02  1.75180E+02  1.84910E+02  1.91580E+02       9.90420E-03  1.96570E+02

  4.31625E-01  6.35750E-01  7.66015E-01  8.70800E-01  9.59650E-01       3.33270E-03  1.00000E+00
  3.26920E-01  5.27490E-01  6.79920E-01  8.14855E-01  9.40790E-01       3.79400E-03  1.00000E+00
  2.96060E-01  4.84685E-01  6.35365E-01  7.70790E-01  8.86480E-01       3.89780E-03  1.00000E+00
  2.15410E-01  3.53155E-01  4.59965E-01  5.54670E-01  6.57575E-01       1.27240E-03  9.39650E-01
  1.12173E-01  1.94630E-01  2.56845E-01  3.18890E-01  4.11265E-01       4.60480E-04  7.65790E-01

 -9.55715E-01 -6.16535E-01 -5.99047E-02  5.41060E-01  9.44615E-01      -1.00000E+00  1.00000E+00
 -9.54140E-01 -6.13988E-01 -4.27209E-02  5.56308E-01  9.46882E-01      -1.00000E+00  1.00000E+00
 -9.52758E-01 -6.04483E-01 -3.37582E-02  5.60170E-01  9.46900E-01      -1.00000E+00  1.00000E+00
 -9.53350E-01 -6.09655E-01 -2.56203E-02  5.72345E-01  9.49308E-01      -1.00000E+00  1.00000E+00
 -9.50448E-01 -5.93705E-01 -1.31270E-02  5.76982E-01  9.48825E-01      -1.00000E+00  1.00000E+00
 -8.29908E-01 -6.74570E-01 -4.86497E-01 -5.85375E-02  7.84895E-01      -1.00000E+00  1.00000E+00
 -8.21320E-01 -6.34390E-01 -3.83213E-01  1.95367E-01  8.79500E-01      -1.00000E+00  1.00000E+00
 -8.49252E-01 -6.34127E-01 -3.22545E-01  2.98130E-01  9.07580E-01      -1.00000E+00  1.00000E+00
 -9.34553E-01 -6.80397E-01 -2.75290E-01  3.18198E-01  9.11650E-01      -1.00000E+00  1.00000E+00
 -9.60080E-01 -6.68100E-01 -1.79148E-01  3.88783E-01  9.13743E-01      -1.00000E+00  1.00000E+00
  4.88325E-02  2.45269E-01  4.26920E-01  7.05060E-01  9.57653E-01      -8.38490E-01  1.00000E+00
  1.07037E-01  3.19845E-01  4.95715E-01  7.65112E-01  9.72077E-01      -8.91650E-01  1.00000E+00
  1.75957E-01  3.95907E-01  5.60590E-01  7.73598E-01  9.72730E-01      -7.99390E-01  1.00000E+00
  2.79445E-01  5.16792E-01  6.81420E-01  8.30555E-01  9.75420E-01      -8.35660E-01  1.00000E+00
  3.60866E-01  6.63200E-01  8.29913E-01  9.35943E-01  9.92620E-01      -1.00000E+00  1.00000E+00
  5.80107E-01  7.00190E-01  8.26290E-01  9.34972E-01  9.92857E-01      -1.00970E-01  1.00000E+00
  6.29622E-01  7.49935E-01  8.43438E-01  9.40280E-01  9.93455E-01      -7.42370E-02  1.00000E+00
  6.86280E-01  8.01705E-01  8.75355E-01  9.45597E-01  9.93533E-01      -5.03270E-02  1.00000E+00
  7.59593E-01  8.71145E-01  9.30465E-01  9.71758E-01  9.96425E-01       5.32230E-02  1.00000E+00
  8.11835E-01  9.19878E-01  9.63535E-01  9.87655E-01  9.98660E-01       1.35450E-01  1.00000E+00
  8.59440E-01  9.19948E-01  9.56967E-01  9.85215E-01  9.98395E-01       4.18860E-01  1.00000E+00
  8.76110E-01  9.33148E-01  9.63945E-01  9.85690E-01  9.98390E-01       3.34990E-01  1.00000E+00
  8.92770E-01  9.47790E-01  9.74650E-01  9.91060E-01  9.99007E-01       4.98080E-01  1.00000E+00
  9.05702E-01  9.58380E-01  9.80953E-01  9.93557E-01  9.99302E-01       5.00040E-01  1.00000E+00
  9.12850E-01  9.64510E-01  9.84880E-01  9.94985E-01  9.99462E-01       4.86530E-01  1.00000E+00


    5.  10.81   74. 183.84  2.00E+02  8.00E+01  9.40E-01  8.36E-01     5   0.00

  1.52360E+02  1.79610E+02  1.87940E+02  1.92480E+02  1.95600E+02       3.85950E-02  1.97600E+02

  3.29175E-01  5.38545E-01  6.95005E-01  8.30855E-01  9.50780E-01       1.68600E-03  1.00000E+00
  2.65560E-01  4.55010E-01  6.11270E-01  7.52520E-01  8.68735E-01       1.07910E-03  1.00000E+00
  1.90335E-01  3.25480E-01  4.36105E-01  5.39500E-01  6.44160E-01       3.13280E-04  9.00940E-01
  1.33890E-01  2.35090E-01  3.12060E-01  3.80780E-01  4.66605E-01       6.48010E-04  7.38280E-01
  7.41665E-02  1.33060E-01  1.78965E-01  2.26160E-01  2.94030E-01       4.66950E-04  5.39360E-01

 -9.24295E-01 -7.04725E-01 -4.00785E-01  9.73571E-02  8.01385E-01      -1.00000E+00  1.00000E+00
 -9.27662E-01 -6.38750E-01 -2.36732E-01  2.81467E-01  8.81840E-01      -1.00000E+00  1.00000E+00
 -9.41688E-01 -6.23300E-01 -1.83680E-01  3.23153E-01  8.95687E-01      -1.00000E+00  1.00000E+00
 -9.48918E-01 -6.28552E-01 -1.68017E-01  3.33058E-01  8.91855E-01      -1.00000E+00  1.00000E+00
 -9.55955E-01 -6.40628E-01 -1.45228E-01  3.80850E-01  8.95740E-01      -1.00000E+00  1.00000E+00
  2.24647E-01  4.03990E-01  5.75225E-01  7.89725E-01  9.70243E-01      -6.47450E-01  1.00000E+00
  2.66170E-01  4.42540E-01  5.90357E-01  7.94048E-01  9.72795E-01      -6.21860E-01  1.00000E+00
  3.25678E-01  5.04020E-01  6.34208E-01  7.99697E-01  9.71903E-01      -6.32090E-01  1.00000E+00
  4.17517E-01  6.13708E-01  7.47578E-01  8.65545E-01  9.79322E-01      -5.39670E-01  1.00000E+00
  5.29332E-01  7.48545E-01  8.75700E-01  9.54133E-01  9.95032E-01      -9.99980E-01  1.00000E+00
  6.75097E-01  7.93362E-01  9.07980E-01  9.70035E-01  9.96850E-01       1.31800E-01  1.00000E+00
  7.06238E-01  8.00410E-01  8.94740E-01  9.65597E-01  9.96280E-01       8.81070E-02  1.00000E+00
  7.48633E-01  8.33085E-01  8.96192E-01  9.60965E-01  9.95705E-01       1.50800E-01  1.00000E+00
  8.07230E-01  8.87675E-01  9.34543E-01  9.72575E-01  9.96735E-01       2.75260E-01  1.00000E+00
  8.69320E-01  9.41377E-01  9.72780E-01  9.90620E-01  9.98962E-01       3.69260E-01  1.00000E+00
  8.48507E-01  9.08733E-01  9.59915E-01  9.87552E-01  9.98678E-01       5.13430E-01  1.00000E+00
  8.66308E-01  9.16880E-01  9.55097E-01  9.84648E-01  9.98395E-01       5.41310E-01  1.00000E+00
  8.87555E-01  9.35582E-01  9.63360E-01  9.85610E-01  9.98363E-01       5.78870E-01  1.00000E+00
  9.09645E-01  9.57090E-01  9.78723E-01  9.92003E-01  9.99103E-01       5.34710E-01  1.00000E+00
  9.28573E-01  9.69687E-01  9.86630E-01  9.95570E-01  9.99525E-01       5.64110E-01  1.00000E+00
  9.48828E-01  9.73547E-01  9.87520E-01  9.95988E-01  9.99585E-01       7.89050E-01  1.00000E+00
  9.52792E-01  9.76453E-01  9.88313E-01  9.95693E-01  9.99493E-01       7.59250E-01  1.00000E+00
  9.56627E-01  9.80210E-01  9.90800E-01  9.96772E-01  9.99657E-01       7.90700E-01  1.00000E+00
  9.60522E-01  9.83215E-01  9.92557E-01  9.97500E-01  9.99723E-01       7.92800E-01  1.00000E+00
  9.68250E-01  9.86350E-01  9.93992E-01  9.98027E-01  9.99793E-01       8.22520E-01  1.00000E+00


    5.  10.81   74. 183.84  2.00E+02  8.50E+01  9.74E-01  9.01E-01     5   0.00

  1.68540E+02  1.86220E+02  1.91630E+02  1.94610E+02  1.96630E+02       5.58080E-02  1.97940E+02

  2.99550E-01  5.14970E-01  6.85775E-01  8.29120E-01  9.43525E-01       1.99030E-03  9.99990E-01
  2.14630E-01  3.77700E-01  5.11370E-01  6.33600E-01  7.42870E-01       1.27390E-03  9.72330E-01
  1.48235E-01  2.65860E-01  3.61590E-01  4.50055E-01  5.39030E-01       2.77760E-04  8.29940E-01
  1.07490E-01  1.93320E-01  2.60770E-01  3.20190E-01  3.93330E-01       5.13210E-04  6.37840E-01
  6.66590E-02  1.19183E-01  1.57250E-01  1.94655E-01  2.45265E-01       1.42290E-04  4.49040E-01

 -4.90323E-01 -2.65378E-01 -2.02275E-02  2.87588E-01  8.22468E-01      -1.00000E+00  1.00000E+00
 -4.78543E-01 -2.30263E-01  2.56950E-02  3.59789E-01  8.93607E-01      -1.00000E+00  1.00000E+00
 -4.62965E-01 -1.94968E-01  7.80525E-02  4.26293E-01  9.07002E-01      -1.00000E+00  1.00000E+00
 -4.38682E-01 -1.41012E-01  1.44373E-01  4.97905E-01  9.26475E-01      -1.00000E+00  1.00000E+00
 -5.24057E-01 -1.64423E-01  1.66183E-01  5.60520E-01  9.39338E-01      -1.00000E+00  1.00000E+00
  5.75972E-01  7.21665E-01  8.60920E-01  9.54572E-01  9.95273E-01      -6.74790E-02  1.00000E+00
  6.01245E-01  7.19740E-01  8.33327E-01  9.37360E-01  9.93083E-01      -7.77120E-02  1.00000E+00
  6.51748E-01  7.60025E-01  8.42127E-01  9.34190E-01  9.92585E-01      -6.62540E-03  1.00000E+00
  7.32077E-01  8.34890E-01  8.99905E-01  9.54987E-01  9.94393E-01       1.21250E-01  1.00000E+00
  8.29008E-01  9.16792E-01  9.60565E-01  9.85942E-01  9.98467E-01       2.36080E-01  1.00000E+00
  8.14250E-01  9.05065E-01  9.63440E-01  9.88953E-01  9.98887E-01       4.59410E-01  1.00000E+00
  8.26900E-01  8.90408E-01  9.49603E-01  9.84108E-01  9.98363E-01       4.71460E-01  1.00000E+00
  8.52850E-01  9.06543E-01  9.46150E-01  9.81137E-01  9.97947E-01       5.25550E-01  1.00000E+00
  8.88493E-01  9.38017E-01  9.65198E-01  9.85780E-01  9.98302E-01       5.76240E-01  1.00000E+00
  9.24510E-01  9.66975E-01  9.85150E-01  9.94947E-01  9.99448E-01       6.53910E-01  1.00000E+00
  9.11727E-01  9.52388E-01  9.80643E-01  9.94108E-01  9.99378E-01       6.72050E-01  1.00000E+00
  9.18478E-01  9.51823E-01  9.75728E-01  9.91935E-01  9.99145E-01       7.12820E-01  1.00000E+00
  9.30033E-01  9.61675E-01  9.78853E-01  9.91832E-01  9.99092E-01       7.27830E-01  1.00000E+00
  9.44098E-01  9.73890E-01  9.87513E-01  9.95535E-01  9.99502E-01       7.50190E-01  1.00000E+00
  9.57767E-01  9.81935E-01  9.92008E-01  9.97315E-01  9.99707E-01       7.67830E-01  1.00000E+00
  9.65955E-01  9.81492E-01  9.90420E-01  9.96690E-01  9.99670E-01       8.58630E-01  1.00000E+00
  9.69257E-01  9.84280E-01  9.91870E-01  9.96942E-01  9.99640E-01       8.67960E-01  1.00000E+00
  9.73185E-01  9.87485E-01  9.94015E-01  9.97830E-01  9.99757E-01       8.78200E-01  1.00000E+00
  9.76670E-01  9.89750E-01  9.95400E-01  9.98445E-01  9.99830E-01       8.91160E-01  1.00000E+00
  9.82170E-01  9.92340E-01  9.96650E-01  9.98873E-01  9.99877E-01       9.08290E-01  1.00000E+00


    5.  10.81   74. 183.84  5.00E+02  0.00E+00  4.82E-01  2.50E-01     5   0.00

  7.27460E+01  1.93450E+02  2.83820E+02  3.49680E+02  3.98500E+02       2.44980E-02  4.40680E+02

  4.49815E-01  6.56095E-01  7.83915E-01  8.81480E-01  9.63525E-01       5.11780E-03  1.00000E+00
  4.55130E-01  6.51105E-01  7.76310E-01  8.76395E-01  9.61290E-01       8.64420E-03  1.00000E+00
  4.40275E-01  6.35400E-01  7.65460E-01  8.69310E-01  9.58885E-01       3.78980E-03  1.00000E+00
  4.45180E-01  6.40555E-01  7.69585E-01  8.72835E-01  9.60495E-01       1.52710E-02  1.00000E+00
  3.37410E-01  5.09895E-01  6.26055E-01  7.27900E-01  8.39610E-01       1.57180E-03  1.00000E+00

 -9.52490E-01 -5.90902E-01 -4.52227E-03  5.87292E-01  9.50560E-01      -1.00000E+00  1.00000E+00
 -9.50770E-01 -5.96575E-01 -4.76128E-03  5.92235E-01  9.51050E-01      -1.00000E+00  1.00000E+00
 -9.51110E-01 -5.82087E-01  2.90472E-03  5.88877E-01  9.51220E-01      -1.00000E+00  1.00000E+00
 -9.50620E-01 -5.87305E-01 -2.29792E-03  5.81940E-01  9.51098E-01      -1.00000E+00  1.00000E+00
 -9.49740E-01 -5.75845E-01  7.11425E-03  5.91250E-01  9.51920E-01      -1.00000E+00  1.00000E+00
 -9.51770E-01 -5.81930E-01  8.73302E-03  5.92758E-01  9.54110E-01      -1.00000E+00  1.00000E+00
 -9.51202E-01 -5.96833E-01 -3.05075E-03  5.80790E-01  9.52252E-01      -1.00000E+00  1.00000E+00
 -9.48292E-01 -5.85095E-01 -4.43459E-03  5.83937E-01  9.49505E-01      -1.00000E+00  1.00000E+00
 -9.49788E-01 -5.93943E-01 -7.38742E-03  5.81010E-01  9.50878E-01      -1.00000E+00  1.00000E+00
 -9.54700E-01 -5.94565E-01 -1.03566E-02  5.87033E-01  9.50682E-01      -1.00000E+00  1.00000E+00
 -9.52417E-01 -5.83632E-01 -4.14650E-03  5.81715E-01  9.49972E-01      -1.00000E+00  1.00000E+00
 -9.52762E-01 -5.89542E-01 -2.62570E-03  5.90528E-01  9.50317E-01      -1.00000E+00  1.00000E+00
 -9.51558E-01 -5.89803E-01 -6.09565E-03  5.85155E-01  9.50722E-01      -1.00000E+00  1.00000E+00
 -9.50560E-01 -5.92115E-01 -3.46250E-04  5.85578E-01  9.51720E-01      -1.00000E+00  1.00000E+00
 -9.50050E-01 -5.75625E-01  1.47103E-02  5.94910E-01  9.52788E-01      -1.00000E+00  1.00000E+00
 -9.52292E-01 -5.93803E-01 -6.30188E-03  5.97507E-01  9.52560E-01      -1.00000E+00  1.00000E+00
 -9.52732E-01 -5.97418E-01 -1.14885E-02  5.81527E-01  9.50730E-01      -1.00000E+00  1.00000E+00
 -9.50880E-01 -5.87165E-01  5.71132E-03  5.85105E-01  9.50495E-01      -1.00000E+00  1.00000E+00
 -9.51890E-01 -5.93483E-01 -9.48008E-03  5.80967E-01  9.52795E-01      -1.00000E+00  1.00000E+00
 -9.48298E-01 -5.82620E-01  9.56120E-03  5.93700E-01  9.52533E-01      -1.00000E+00  1.00000E+00
 -9.52175E-01 -5.79798E-01  2.02795E-02  5.95117E-01  9.51268E-01      -1.00000E+00  1.00000E+00
 -9.49260E-01 -5.79480E-01  1.29580E-02  5.91257E-01  9.50473E-01      -1.00000E+00  1.00000E+00
 -9.49493E-01 -5.84685E-01  1.18670E-02  5.94930E-01  9.53912E-01      -1.00000E+00  1.00000E+00
 -9.51835E-01 -5.90507E-01 -7.48017E-03  5.87425E-01  9.49838E-01      -1.00000E+00  1.00000E+00
 -9.49025E-01 -5.81935E-01  4.78275E-04  5.90215E-01  9.51550E-01      -1.00000E+00  1.00000E+00


    5.  10.81   74. 183.84  5.00E+02  3.00E+01  5.28E-01  2.91E-01     5   0.00

  8.22620E+01  2.13030E+02  3.03890E+02  3.66680E+02  4.13670E+02       4.36980E-02  4.65730E+02

  4.52180E-01  6.56805E-01  7.83585E-01  8.81370E-01  9.63540E-01       5.99090E-03  1.00000E+00
  4.53020E-01  6.47855E-01  7.73325E-01  8.75425E-01  9.60830E-01       7.97520E-03  1.00000E+00
  4.31590E-01  6.26675E-01  7.57545E-01  8.64245E-01  9.57640E-01       5.48790E-03  1.00000E+00
  4.35570E-01  6.29905E-01  7.58770E-01  8.64540E-01  9.56940E-01       5.91850E-03  1.00000E+00
  2.77885E-01  4.42650E-01  5.72165E-01  6.95300E-01  8.35260E-01       3.41270E-03  1.00000E+00

 -9.49643E-01 -5.85055E-01 -1.83850E-03  5.87285E-01  9.53475E-01      -1.00000E+00  1.00000E+00
 -9.52145E-01 -5.86905E-01  2.94698E-03  5.89645E-01  9.53272E-01      -1.00000E+00  1.00000E+00
 -9.49020E-01 -5.85090E-01 -1.74340E-03  5.88732E-01  9.52640E-01      -1.00000E+00  1.00000E+00
 -9.51863E-01 -5.94867E-01 -1.14688E-02  5.80685E-01  9.49858E-01      -1.00000E+00  1.00000E+00
 -9.52050E-01 -5.99315E-01 -1.23915E-02  5.82187E-01  9.51527E-01      -1.00000E+00  1.00000E+00
 -9.50083E-01 -5.86772E-01 -3.15083E-03  5.89398E-01  9.52600E-01      -1.00000E+00  1.00000E+00
 -9.49437E-01 -5.88447E-01 -7.99800E-04  5.85792E-01  9.50440E-01      -1.00000E+00  1.00000E+00
 -9.51652E-01 -5.86252E-01  6.18635E-03  5.95705E-01  9.50178E-01      -1.00000E+00  1.00000E+00
 -9.51465E-01 -5.89568E-01 -3.24775E-04  5.88443E-01  9.53462E-01      -1.00000E+00  1.00000E+00
 -9.53823E-01 -6.04195E-01 -9.39543E-03  5.83007E-01  9.50595E-01      -1.00000E+00  1.00000E+00
 -9.51913E-01 -6.07063E-01 -2.95486E-02  5.62802E-01  9.48085E-01      -1.00000E+00  1.00000E+00
 -9.55097E-01 -6.16525E-01 -2.67652E-02  5.68472E-01  9.46372E-01      -1.00000E+00  1.00000E+00
 -9.54000E-01 -6.07228E-01 -3.04507E-02  5.65620E-01  9.47577E-01      -1.00000E+00  1.00000E+00
 -9.54055E-01 -5.98572E-01 -1.22562E-02  5.84958E-01  9.52910E-01      -1.00000E+00  1.00000E+00
 -9.50238E-01 -5.90158E-01 -1.29577E-02  5.74490E-01  9.48887E-01      -1.00000E+00  1.00000E+00
 -9.63822E-01 -6.65007E-01 -1.06007E-01  5.37897E-01  9.41975E-01      -1.00000E+00  1.00000E+00
 -9.68058E-01 -7.07630E-01 -1.51902E-01  5.00868E-01  9.41367E-01      -1.00000E+00  1.00000E+00
 -9.67620E-01 -7.06275E-01 -1.70526E-01  4.91170E-01  9.38542E-01      -1.00000E+00  1.00000E+00
 -9.66522E-01 -7.00965E-01 -1.72955E-01  4.85897E-01  9.39558E-01      -1.00000E+00  1.00000E+00
 -9.60148E-01 -6.65085E-01 -1.41454E-01  4.98380E-01  9.38902E-01      -1.00000E+00  1.00000E+00
 -4.83915E-01 -8.24450E-02  2.25185E-01  6.06499E-01  9.53087E-01      -1.00000E+00  1.00000E+00
 -3.81531E-01  7.64025E-02  4.25575E-01  7.57105E-01  9.71300E-01      -1.00000E+00  1.00000E+00
 -2.34230E-01  2.24948E-01  5.52462E-01  8.12535E-01  9.77835E-01      -1.00000E+00  1.00000E+00
 -8.69375E-02  3.67920E-01  6.66417E-01  8.66318E-01  9.84380E-01      -1.00000E+00  1.00000E+00
 -5.55725E-02  4.25125E-01  7.18125E-01  8.97502E-01  9.88637E-01      -1.00000E+00  1.00000E+00


    5.  10.81   74. 183.84  5.00E+02  4.50E+01  5.88E-01  3.50E-01     5   0.00

  9.84570E+01  2.41780E+02  3.31330E+02  3.88300E+02  4.35500E+02       6.15880E-02  4.76630E+02

  4.52430E-01  6.55590E-01  7.82170E-01  8.80810E-01  9.63380E-01       2.64490E-03  1.00000E+00
  4.43155E-01  6.37950E-01  7.66355E-01  8.70315E-01  9.59315E-01       2.58230E-03  1.00000E+00
  4.20465E-01  6.15580E-01  7.48670E-01  8.57630E-01  9.54450E-01       9.90230E-03  1.00000E+00
  3.85355E-01  5.80025E-01  7.20660E-01  8.42525E-01  9.51210E-01       6.71170E-03  1.00000E+00
  2.48795E-01  3.97085E-01  5.13390E-01  6.24775E-01  7.62420E-01       3.12980E-03  9.99940E-01

 -9.52440E-01 -5.89418E-01 -4.75772E-03  5.89745E-01  9.53755E-01      -1.00000E+00  1.00000E+00
 -9.49532E-01 -5.83298E-01  1.43679E-02  5.97065E-01  9.51255E-01      -1.00000E+00  1.00000E+00
 -9.51063E-01 -5.94067E-01 -1.42922E-02  5.88532E-01  9.52313E-01      -1.00000E+00  1.00000E+00
 -9.50450E-01 -5.80105E-01  9.76891E-03  5.98483E-01  9.53780E-01      -1.00000E+00  1.00000E+00
 -9.48412E-01 -5.77412E-01  1.09265E-02  5.97105E-01  9.52387E-01      -1.00000E+00  1.00000E+00
 -9.50060E-01 -5.85608E-01  1.00196E-02  5.88808E-01  9.49762E-01      -1.00000E+00  1.00000E+00
 -9.52217E-01 -5.82592E-01 -3.34262E-03  5.79860E-01  9.50725E-01      -1.00000E+00  1.00000E+00
 -9.51637E-01 -5.91792E-01  6.06800E-03  5.88707E-01  9.51842E-01      -1.00000E+00  1.00000E+00
 -9.51110E-01 -5.93727E-01 -1.10018E-02  5.81207E-01  9.50237E-01      -1.00000E+00  1.00000E+00
 -9.51555E-01 -5.82668E-01 -7.17683E-03  5.82302E-01  9.52365E-01      -1.00000E+00  1.00000E+00
 -9.62677E-01 -6.68360E-01 -1.28473E-01  5.00880E-01  9.38220E-01      -1.00000E+00  1.00000E+00
 -9.60035E-01 -6.51440E-01 -1.06401E-01  5.12328E-01  9.40070E-01      -1.00000E+00  1.00000E+00
 -9.58215E-01 -6.38920E-01 -8.14280E-02  5.28602E-01  9.41110E-01      -1.00000E+00  1.00000E+00
 -9.58735E-01 -6.36877E-01 -8.27065E-02  5.35508E-01  9.41860E-01      -1.00000E+00  1.00000E+00
 -9.55742E-01 -6.18250E-01 -4.00751E-02  5.57547E-01  9.48622E-01      -1.00000E+00  1.00000E+00
 -9.37073E-01 -6.83678E-01 -2.24059E-01  4.44972E-01  9.30720E-01      -1.00000E+00  1.00000E+00
 -8.55812E-01 -5.69622E-01 -7.92875E-02  5.42972E-01  9.43087E-01      -1.00000E+00  1.00000E+00
 -8.19220E-01 -5.04040E-01 -1.55225E-02  5.71025E-01  9.48808E-01      -1.00000E+00  1.00000E+00
 -8.32093E-01 -4.87910E-01 -5.52500E-03  5.65722E-01  9.47155E-01      -1.00000E+00  1.00000E+00
 -9.20268E-01 -5.01160E-01  5.73097E-02  5.97025E-01  9.51858E-01      -1.00000E+00  1.00000E+00
  1.33865E-01  4.32520E-01  6.22493E-01  8.37495E-01  9.81545E-01      -8.53100E-01  1.00000E+00
  2.23996E-01  5.30358E-01  7.22608E-01  8.89043E-01  9.86995E-01      -9.54550E-01  1.00000E+00
  2.90144E-01  5.97215E-01  7.80847E-01  9.08953E-01  9.88885E-01      -9.28610E-01  1.00000E+00
  3.81417E-01  6.72092E-01  8.41768E-01  9.42627E-01  9.93635E-01      -9.92980E-01  1.00000E+00
  4.02687E-01  7.32005E-01  8.74183E-01  9.57422E-01  9.95297E-01      -9.99950E-01  1.00000E+00


    5.  10.81   74. 183.84  5.00E+02  6.00E+01  6.80E-01  4.57E-01     5   0.00

  1.33310E+02  2.95210E+02  3.77710E+02  4.24560E+02  4.61870E+02       6.44610E-02  4.86630E+02

  4.51545E-01  6.52860E-01  7.79430E-01  8.78825E-01  9.62645E-01       9.01930E-04  1.00000E+00
  4.24460E-01  6.19015E-01  7.51250E-01  8.59375E-01  9.55455E-01       5.59250E-03  1.00000E+00
  3.68920E-01  5.61220E-01  7.01815E-01  8.25850E-01  9.41740E-01       6.60040E-03  1.00000E+00
  3.25250E-01  5.10630E-01  6.54860E-01  7.86975E-01  9.09480E-01       4.81600E-03  1.00000E+00
  1.80280E-01  2.94090E-01  3.83940E-01  4.72255E-01  5.87755E-01       6.24520E-04  9.54580E-01

 -9.51515E-01 -5.77728E-01  3.07643E-03  5.86575E-01  9.47540E-01      -1.00000E+00  1.00000E+00
 -9.50810E-01 -5.91723E-01 -4.15276E-03  5.86085E-01  9.51183E-01      -1.00000E+00  1.00000E+00
 -9.51582E-01 -5.80458E-01  9.96650E-04  5.81170E-01  9.50420E-01      -1.00000E+00  1.00000E+00
 -9.51490E-01 -5.92395E-01 -1.96310E-03  5.83712E-01  9.50035E-01      -1.00000E+00  1.00000E+00
 -9.50730E-01 -5.90715E-01 -6.39950E-04  5.88580E-01  9.51128E-01      -1.00000E+00  1.00000E+00
 -9.58428E-01 -6.33622E-01 -7.38268E-02  5.35348E-01  9.41007E-01      -1.00000E+00  1.00000E+00
 -9.55583E-01 -6.17420E-01 -4.57583E-02  5.56293E-01  9.46930E-01      -1.00000E+00  1.00000E+00
 -9.55758E-01 -6.13317E-01 -3.93707E-02  5.49225E-01  9.45140E-01      -1.00000E+00  1.00000E+00
 -9.54465E-01 -6.04125E-01 -3.31222E-02  5.65947E-01  9.47492E-01      -1.00000E+00  1.00000E+00
 -9.52573E-01 -5.96317E-01 -1.96810E-02  5.75043E-01  9.48375E-01      -1.00000E+00  1.00000E+00
 -9.73812E-01 -7.92485E-01 -4.06928E-01  3.03702E-01  9.10038E-01      -1.00000E+00  1.00000E+00
 -9.63533E-01 -7.22812E-01 -2.37850E-01  4.46965E-01  9.31937E-01      -1.00000E+00  1.00000E+00
 -9.55795E-01 -6.82383E-01 -1.73070E-01  4.86280E-01  9.36617E-01      -1.00000E+00  1.00000E+00
 -9.58658E-01 -6.75957E-01 -1.56405E-01  4.99310E-01  9.39167E-01      -1.00000E+00  1.00000E+00
 -9.63733E-01 -6.81535E-01 -1.41294E-01  5.12262E-01  9.39960E-01      -1.00000E+00  1.00000E+00
 -2.16264E-01  4.87097E-02  3.26327E-01  7.11148E-01  9.65723E-01      -9.99860E-01  1.00000E+00
 -1.24935E-01  1.78022E-01  4.79920E-01  8.01517E-01  9.76550E-01      -9.96610E-01  1.00000E+00
 -6.96550E-02  2.57644E-01  5.27610E-01  8.13183E-01  9.79055E-01      -9.99700E-01  1.00000E+00
 -8.05000E-03  3.34213E-01  5.89355E-01  8.28635E-01  9.80750E-01      -9.99990E-01  1.00000E+00
 -1.01355E-01  3.32744E-01  6.38035E-01  8.55860E-01  9.82275E-01      -1.00000E+00  1.00000E+00
  6.17598E-01  7.58865E-01  8.45268E-01  9.33255E-01  9.92310E-01      -2.35980E-01  1.00000E+00
  6.51660E-01  7.99602E-01  8.83792E-01  9.52500E-01  9.94447E-01      -2.12610E-01  1.00000E+00
  6.99698E-01  8.37920E-01  9.16792E-01  9.66475E-01  9.96100E-01      -2.85200E-01  1.00000E+00
  7.46583E-01  8.73650E-01  9.40333E-01  9.79367E-01  9.97597E-01      -6.53720E-02  1.00000E+00
  7.89597E-01  9.08828E-01  9.58288E-01  9.85743E-01  9.98465E-01      -6.38550E-02  1.00000E+00


    5.  10.81   74. 183.84  5.00E+02  7.00E+01  7.74E-01  5.84E-01     5   0.00

  1.88680E+02  3.59770E+02  4.22700E+02  4.57560E+02  4.77910E+02       4.67550E-02  4.90820E+02

  4.44545E-01  6.43305E-01  7.70870E-01  8.73520E-01  9.60430E-01       2.94800E-03  1.00000E+00
  3.59950E-01  5.50945E-01  6.90695E-01  8.16420E-01  9.37930E-01       3.45240E-03  1.00000E+00
  3.14935E-01  5.06390E-01  6.62720E-01  8.08315E-01  9.34805E-01       4.96620E-03  1.00000E+00
  2.36775E-01  3.78260E-01  4.96455E-01  6.10515E-01  7.24540E-01       1.20170E-03  9.80200E-01
  1.20166E-01  1.98575E-01  2.63235E-01  3.28360E-01  4.15420E-01       1.78900E-04  7.73680E-01

 -9.50597E-01 -5.90012E-01 -1.59423E-03  5.86420E-01  9.51002E-01      -1.00000E+00  1.00000E+00
 -9.52290E-01 -5.93915E-01 -3.48452E-03  5.88642E-01  9.51115E-01      -1.00000E+00  1.00000E+00
 -9.49545E-01 -5.88257E-01  5.95965E-03  5.94790E-01  9.52005E-01      -1.00000E+00  1.00000E+00
 -9.51600E-01 -5.84807E-01 -3.22085E-03  5.87912E-01  9.50918E-01      -1.00000E+00  1.00000E+00
 -9.50270E-01 -5.94612E-01 -1.37950E-03  5.89730E-01  9.49695E-01      -1.00000E+00  1.00000E+00
 -9.78238E-01 -8.05588E-01 -4.45935E-01  1.84720E-01  8.81887E-01      -1.00000E+00  1.00000E+00
 -9.72945E-01 -7.62178E-01 -3.12045E-01  3.80920E-01  9.21260E-01      -1.00000E+00  1.00000E+00
 -9.69178E-01 -7.31548E-01 -2.33355E-01  4.51805E-01  9.31250E-01      -1.00000E+00  1.00000E+00
 -9.68187E-01 -7.19218E-01 -1.64102E-01  4.88017E-01  9.37545E-01      -1.00000E+00  1.00000E+00
 -9.58013E-01 -6.24760E-01 -5.19150E-02  5.59808E-01  9.46520E-01      -1.00000E+00  1.00000E+00
 -3.10700E-01 -5.43325E-02  2.13158E-01  6.25265E-01  9.51430E-01      -9.98850E-01  1.00000E+00
 -2.60893E-01  3.49200E-02  3.54013E-01  7.37810E-01  9.69025E-01      -9.99440E-01  1.00000E+00
 -2.54967E-01  5.88850E-02  3.52035E-01  7.35815E-01  9.69973E-01      -9.99840E-01  1.00000E+00
 -2.94033E-01  5.05375E-02  3.41123E-01  6.97050E-01  9.63330E-01      -1.00000E+00  1.00000E+00
 -3.41812E-01  3.18125E-02  3.66665E-01  6.85805E-01  9.58415E-01      -1.00000E+00  1.00000E+00
  4.52030E-01  6.02440E-01  7.50533E-01  9.00095E-01  9.88468E-01      -3.44680E-01  1.00000E+00
  5.07120E-01  6.60230E-01  7.88195E-01  9.20025E-01  9.90590E-01      -3.00200E-01  1.00000E+00
  5.71107E-01  7.15187E-01  8.15118E-01  9.24210E-01  9.91457E-01      -2.54090E-01  1.00000E+00
  6.60642E-01  7.98025E-01  8.82873E-01  9.47747E-01  9.93278E-01      -1.11530E-01  1.00000E+00
  7.64375E-01  8.88490E-01  9.47525E-01  9.81582E-01  9.97997E-01      -1.83970E-01  1.00000E+00
  8.44182E-01  9.11140E-01  9.57453E-01  9.86457E-01  9.98622E-01       4.59780E-01  1.00000E+00
  8.58483E-01  9.23247E-01  9.60392E-01  9.86588E-01  9.98568E-01       4.92300E-01  1.00000E+00
  8.76213E-01  9.35830E-01  9.67492E-01  9.87602E-01  9.98645E-01       4.87560E-01  1.00000E+00
  8.99250E-01  9.50520E-01  9.76985E-01  9.92040E-01  9.99112E-01       5.42060E-01  1.00000E+00
  9.23033E-01  9.66177E-01  9.84735E-01  9.94807E-01  9.99443E-01       5.72150E-01  1.00000E+00


    5.  10.81   74. 183.84  5.00E+02  8.00E+01  9.16E-01  8.07E-01     5   0.00

  3.54660E+02  4.49730E+02  4.72540E+02  4.83290E+02  4.90400E+02       2.30360E-01  4.94170E+02

  3.48845E-01  5.44150E-01  6.90895E-01  8.21780E-01  9.42400E-01       1.47250E-03  1.00000E+00
  2.47735E-01  4.26190E-01  5.87160E-01  7.40865E-01  8.68025E-01       2.59100E-03  1.00000E+00
  1.68805E-01  2.82595E-01  3.87785E-01  4.97155E-01  6.06670E-01       5.94720E-04  8.51510E-01
  1.19075E-01  2.03135E-01  2.73825E-01  3.41220E-01  4.14270E-01       1.07020E-03  6.50100E-01
  6.33955E-02  1.11797E-01  1.47955E-01  1.82475E-01  2.27745E-01       2.44260E-04  4.10700E-01

 -9.65618E-01 -7.00345E-01 -2.64936E-01  2.21926E-01  8.31307E-01      -1.00000E+00  1.00000E+00
 -9.58410E-01 -6.58335E-01 -1.97260E-01  3.63882E-01  9.13485E-01      -1.00000E+00  1.00000E+00
 -9.57105E-01 -6.43585E-01 -1.72016E-01  4.17177E-01  9.23875E-01      -1.00000E+00  1.00000E+00
 -9.53688E-01 -6.38825E-01 -1.73149E-01  4.15762E-01  9.28262E-01      -1.00000E+00  1.00000E+00
 -9.61175E-01 -6.73345E-01 -2.07187E-01  3.90840E-01  9.20697E-01      -1.00000E+00  1.00000E+00
  1.92273E-01  3.90703E-01  5.60113E-01  7.75783E-01  9.69113E-01      -7.79700E-01  1.00000E+00
  2.18315E-01  4.19338E-01  5.83573E-01  8.03720E-01  9.76073E-01      -7.46800E-01  1.00000E+00
  2.60890E-01  4.61070E-01  6.06208E-01  7.94620E-01  9.73707E-01      -6.97450E-01  1.00000E+00
  3.33512E-01  5.57553E-01  7.03817E-01  8.33410E-01  9.74950E-01      -7.19570E-01  1.00000E+00
  3.64526E-01  6.53647E-01  8.28985E-01  9.37073E-01  9.92675E-01      -1.00000E+00  1.00000E+00
  7.20133E-01  8.50112E-01  9.40125E-01  9.82442E-01  9.98223E-01       2.78680E-01  1.00000E+00
  7.36142E-01  8.34790E-01  9.25278E-01  9.75745E-01  9.97550E-01       2.62540E-01  1.00000E+00
  7.64940E-01  8.41747E-01  9.10760E-01  9.68475E-01  9.96540E-01       3.01120E-01  1.00000E+00
  8.19405E-01  8.85537E-01  9.29992E-01  9.70797E-01  9.96572E-01       3.97080E-01  1.00000E+00
  8.95988E-01  9.48855E-01  9.75563E-01  9.91300E-01  9.99055E-01       5.60350E-01  1.00000E+00
  8.79043E-01  9.41928E-01  9.79242E-01  9.93760E-01  9.99365E-01       6.78860E-01  1.00000E+00
  8.88552E-01  9.32695E-01  9.70150E-01  9.91075E-01  9.99088E-01       6.80910E-01  1.00000E+00
  9.06088E-01  9.41608E-01  9.67433E-01  9.88230E-01  9.98703E-01       6.90860E-01  1.00000E+00
  9.30195E-01  9.60902E-01  9.79122E-01  9.91563E-01  9.99020E-01       7.24220E-01  1.00000E+00
  9.54773E-01  9.79623E-01  9.90610E-01  9.96850E-01  9.99653E-01       7.84450E-01  1.00000E+00
  9.63535E-01  9.80498E-01  9.91500E-01  9.97422E-01  9.99740E-01       8.67940E-01  1.00000E+00
  9.67020E-01  9.81930E-01  9.90302E-01  9.96385E-01  9.99615E-01       8.73000E-01  1.00000E+00
  9.72257E-01  9.85653E-01  9.92855E-01  9.97340E-01  9.99705E-01       8.80580E-01  1.00000E+00
  9.77712E-01  9.89240E-01  9.94927E-01  9.98237E-01  9.99807E-01       9.00730E-01  1.00000E+00
  9.82975E-01  9.92795E-01  9.96808E-01  9.98933E-01  9.99885E-01       9.06600E-01  1.00000E+00


    5.  10.81   74. 183.84  5.00E+02  8.50E+01  9.78E-01  9.22E-01     5   0.00

  4.42800E+02  4.76860E+02  4.86040E+02  4.90650E+02  4.93590E+02       2.27360E-01  4.95470E+02

  2.56500E-01  4.58985E-01  6.32560E-01  7.80320E-01  9.01280E-01       1.85670E-03  1.00000E+00
  1.43130E-01  2.62935E-01  3.77015E-01  4.91130E-01  5.92590E-01       5.62270E-04  8.39490E-01
  1.00744E-01  1.88565E-01  2.63570E-01  3.37115E-01  4.02925E-01       2.42400E-04  6.02860E-01
  7.57550E-02  1.40360E-01  1.91100E-01  2.31800E-01  2.71335E-01       2.17830E-04  4.15780E-01
  4.91130E-02  8.24760E-02  1.05359E-01  1.26062E-01  1.52350E-01       1.28860E-04  2.47870E-01

 -2.76370E-01  2.74525E-02  3.20264E-01  5.65270E-01  8.93037E-01      -1.00000E+00  1.00000E+00
 -2.67497E-01  4.09050E-02  3.25802E-01  5.79957E-01  9.32192E-01      -1.00000E+00  1.00000E+00
 -2.43215E-01  7.22450E-02  3.64974E-01  6.01545E-01  9.37045E-01      -1.00000E+00  1.00000E+00
 -1.91440E-01  1.33347E-01  4.36328E-01  6.64447E-01  9.40433E-01      -1.00000E+00  1.00000E+00
 -1.41522E-01  1.95995E-01  5.42488E-01  7.94110E-01  9.64127E-01      -1.00000E+00  1.00000E+00
  7.92930E-01  9.22813E-01  9.75190E-01  9.93157E-01  9.99323E-01       4.05670E-01  1.00000E+00
  7.81560E-01  8.69705E-01  9.47237E-01  9.84487E-01  9.98445E-01       3.38790E-01  1.00000E+00
  8.03420E-01  8.68028E-01  9.24362E-01  9.74627E-01  9.97337E-01       4.38980E-01  1.00000E+00
  8.52807E-01  9.08217E-01  9.43405E-01  9.75538E-01  9.97153E-01       4.94460E-01  1.00000E+00
  9.19883E-01  9.60640E-01  9.81437E-01  9.93642E-01  9.99315E-01       5.92110E-01  1.00000E+00
  9.16965E-01  9.74442E-01  9.91352E-01  9.97440E-01  9.99738E-01       7.44950E-01  1.00000E+00
  9.10870E-01  9.51028E-01  9.81657E-01  9.94585E-01  9.99453E-01       7.27820E-01  1.00000E+00
  9.22915E-01  9.49788E-01  9.73398E-01  9.91635E-01  9.99175E-01       7.63800E-01  1.00000E+00
  9.44997E-01  9.66340E-01  9.80030E-01  9.91145E-01  9.98933E-01       8.03190E-01  1.00000E+00
  9.69190E-01  9.85680E-01  9.93227E-01  9.97663E-01  9.99745E-01       8.50990E-01  1.00000E+00
  9.59340E-01  9.83625E-01  9.94243E-01  9.98293E-01  9.99822E-01       8.84680E-01  1.00000E+00
  9.60520E-01  9.75692E-01  9.88425E-01  9.96365E-01  9.99642E-01       8.90940E-01  1.00000E+00
  9.68450E-01  9.80045E-01  9.87918E-01  9.95030E-01  9.99430E-01       8.95010E-01  1.00000E+00
  9.78275E-01  9.88333E-01  9.93780E-01  9.97513E-01  9.99698E-01       9.19830E-01  1.00000E+00
  9.86467E-01  9.94133E-01  9.97327E-01  9.99090E-01  9.99900E-01       9.33780E-01  1.00000E+00
  9.85005E-01  9.91055E-01  9.94973E-01  9.98175E-01  9.99805E-01       9.53480E-01  1.00000E+00
  9.87530E-01  9.93043E-01  9.96147E-01  9.98378E-01  9.99798E-01       9.60520E-01  1.00000E+00
  9.90000E-01  9.94960E-01  9.97530E-01  9.99085E-01  9.99893E-01       9.66110E-01  1.00000E+00
  9.92128E-01  9.96250E-01  9.98270E-01  9.99402E-01  9.99932E-01       9.70390E-01  1.00000E+00
  9.94510E-01  9.97585E-01  9.98933E-01  9.99645E-01  9.99962E-01       9.73120E-01  1.00000E+00


    5.  10.81   74. 183.84  1.00E+03  0.00E+00  4.54E-01  2.29E-01     5   0.00

  1.34960E+02  3.69800E+02  5.48090E+02  6.83310E+02  7.89120E+02       6.40910E-02  8.84280E+02

  4.55430E-01  6.57205E-01  7.82810E-01  8.81570E-01  9.63385E-01       1.05900E-02  1.00000E+00
  4.43920E-01  6.40515E-01  7.69685E-01  8.72065E-01  9.60035E-01       2.22690E-02  1.00000E+00
  4.25695E-01  6.25315E-01  7.58425E-01  8.65070E-01  9.57690E-01       1.34290E-02  1.00000E+00
  4.26245E-01  6.25610E-01  7.57285E-01  8.63970E-01  9.56775E-01       1.96170E-02  1.00000E+00
  3.32185E-01  5.08035E-01  6.37985E-01  7.50690E-01  8.66760E-01       1.78430E-03  1.00000E+00

 -9.51355E-01 -5.90700E-01 -2.03720E-03  5.82495E-01  9.49320E-01      -1.00000E+00  1.00000E+00
 -9.51080E-01 -5.94200E-01 -3.05750E-05  5.99213E-01  9.51500E-01      -1.00000E+00  1.00000E+00
 -9.49485E-01 -5.89193E-01  8.49740E-04  5.90222E-01  9.50518E-01      -1.00000E+00  1.00000E+00
 -9.52037E-01 -5.91920E-01  3.60220E-03  5.87237E-01  9.51332E-01      -1.00000E+00  1.00000E+00
 -9.48855E-01 -5.78210E-01  1.04972E-02  5.94058E-01  9.50335E-01      -1.00000E+00  1.00000E+00
 -9.53488E-01 -5.78050E-01  1.46958E-02  5.87643E-01  9.50462E-01      -1.00000E+00  1.00000E+00
 -9.51430E-01 -5.84810E-01  3.89598E-03  5.90025E-01  9.53075E-01      -1.00000E+00  1.00000E+00
 -9.50527E-01 -5.86725E-01  6.18110E-03  5.97930E-01  9.53698E-01      -1.00000E+00  1.00000E+00
 -9.48712E-01 -5.82555E-01 -2.61413E-03  5.87060E-01  9.50403E-01      -1.00000E+00  1.00000E+00
 -9.50338E-01 -5.83040E-01  6.02318E-03  5.99603E-01  9.51682E-01      -1.00000E+00  1.00000E+00
 -9.47730E-01 -5.78883E-01  8.69498E-03  5.94898E-01  9.52240E-01      -1.00000E+00  1.00000E+00
 -9.49788E-01 -5.85360E-01  9.52400E-04  5.93282E-01  9.52783E-01      -1.00000E+00  1.00000E+00
 -9.52495E-01 -5.90357E-01 -7.20620E-03  5.87495E-01  9.50788E-01      -1.00000E+00  1.00000E+00
 -9.51078E-01 -5.86572E-01 -1.82025E-03  5.90720E-01  9.52568E-01      -1.00000E+00  1.00000E+00
 -9.52852E-01 -5.90597E-01  6.93250E-04  5.93807E-01  9.50800E-01      -1.00000E+00  1.00000E+00
 -9.51622E-01 -5.92147E-01  3.88240E-03  5.94990E-01  9.51928E-01      -1.00000E+00  1.00000E+00
 -9.50215E-01 -5.85693E-01 -8.72725E-03  5.81803E-01  9.49017E-01      -1.00000E+00  1.00000E+00
 -9.52993E-01 -5.93627E-01 -6.89149E-03  5.85630E-01  9.52275E-01      -1.00000E+00  1.00000E+00
 -9.51785E-01 -5.89425E-01 -3.15670E-03  5.84720E-01  9.52913E-01      -1.00000E+00  1.00000E+00
 -9.49663E-01 -5.78135E-01  1.18625E-02  5.94313E-01  9.50705E-01      -1.00000E+00  1.00000E+00
 -9.51117E-01 -5.90580E-01  2.89932E-03  5.92935E-01  9.53663E-01      -1.00000E+00  1.00000E+00
 -9.50443E-01 -5.95703E-01 -1.40630E-02  5.77840E-01  9.49250E-01      -1.00000E+00  1.00000E+00
 -9.50380E-01 -5.77120E-01  1.49427E-02  5.89727E-01  9.52815E-01      -1.00000E+00  1.00000E+00
 -9.50932E-01 -5.79612E-01  4.97917E-03  5.87735E-01  9.50737E-01      -1.00000E+00  1.00000E+00
 -9.50942E-01 -5.80820E-01  6.23937E-03  5.92233E-01  9.51875E-01      -1.00000E+00  1.00000E+00


    5.  10.81   74. 183.84  1.00E+03  3.00E+01  4.97E-01  2.66E-01     5   0.00

  1.53170E+02  4.06190E+02  5.85700E+02  7.15720E+02  8.17240E+02       1.00040E-01  9.29100E+02

  4.55240E-01  6.55360E-01  7.82405E-01  8.80770E-01  9.63255E-01       2.78610E-03  1.00000E+00
  4.38555E-01  6.36655E-01  7.66320E-01  8.70710E-01  9.59560E-01       1.35290E-02  1.00000E+00
  4.20435E-01  6.20325E-01  7.53850E-01  8.62160E-01  9.56405E-01       1.87960E-02  1.00000E+00
  4.13975E-01  6.12445E-01  7.46835E-01  8.57185E-01  9.55005E-01       1.77900E-02  1.00000E+00
  2.91505E-01  4.58990E-01  5.90990E-01  7.17455E-01  8.58550E-01       9.81340E-04  1.00000E+00

 -9.50875E-01 -5.88328E-01  1.71413E-03  5.91680E-01  9.53295E-01      -1.00000E+00  1.00000E+00
 -9.52105E-01 -5.83657E-01  8.69923E-03  6.02227E-01  9.53527E-01      -1.00000E+00  1.00000E+00
 -9.50375E-01 -5.80330E-01  1.08521E-02  5.95550E-01  9.51435E-01      -1.00000E+00  1.00000E+00
 -9.49277E-01 -5.89278E-01 -7.61940E-03  5.88637E-01  9.50845E-01      -1.00000E+00  1.00000E+00
 -9.47913E-01 -5.86348E-01 -7.68044E-03  5.82793E-01  9.48180E-01      -1.00000E+00  1.00000E+00
 -9.49265E-01 -5.80008E-01  7.94115E-03  5.95800E-01  9.53287E-01      -1.00000E+00  1.00000E+00
 -9.53375E-01 -5.92685E-01 -1.08428E-02  5.86770E-01  9.50540E-01      -1.00000E+00  1.00000E+00
 -9.52245E-01 -5.92693E-01 -8.27655E-03  5.71980E-01  9.50052E-01      -1.00000E+00  1.00000E+00
 -9.50320E-01 -5.80257E-01  9.00000E-06  5.91105E-01  9.52148E-01      -1.00000E+00  1.00000E+00
 -9.51122E-01 -5.89612E-01 -1.12785E-02  5.82540E-01  9.50525E-01      -1.00000E+00  1.00000E+00
 -9.51365E-01 -5.99603E-01 -1.26011E-02  5.77573E-01  9.48825E-01      -1.00000E+00  1.00000E+00
 -9.56122E-01 -6.02438E-01 -2.30903E-02  5.66103E-01  9.47490E-01      -1.00000E+00  1.00000E+00
 -9.48465E-01 -5.84710E-01  2.28750E-04  5.96475E-01  9.52075E-01      -1.00000E+00  1.00000E+00
 -9.54245E-01 -5.99273E-01 -1.12528E-02  5.83130E-01  9.51330E-01      -1.00000E+00  1.00000E+00
 -9.51523E-01 -5.89577E-01  8.45525E-03  5.95683E-01  9.52808E-01      -1.00000E+00  1.00000E+00
 -9.59282E-01 -6.27080E-01 -4.36908E-02  5.62987E-01  9.48425E-01      -1.00000E+00  1.00000E+00
 -9.58605E-01 -6.34855E-01 -6.28782E-02  5.54875E-01  9.49590E-01      -1.00000E+00  1.00000E+00
 -9.59540E-01 -6.27890E-01 -4.97235E-02  5.61215E-01  9.45220E-01      -1.00000E+00  1.00000E+00
 -9.58143E-01 -6.38068E-01 -6.36165E-02  5.47948E-01  9.45642E-01      -1.00000E+00  1.00000E+00
 -9.57327E-01 -6.28587E-01 -5.66321E-02  5.61305E-01  9.46568E-01      -1.00000E+00  1.00000E+00
 -5.66195E-01 -1.18537E-01  2.91201E-01  7.09157E-01  9.66380E-01      -1.00000E+00  1.00000E+00
 -4.85327E-01  2.66250E-03  4.09030E-01  7.65897E-01  9.73305E-01      -1.00000E+00  1.00000E+00
 -3.98834E-01  1.03233E-01  4.77280E-01  8.00705E-01  9.78338E-01      -1.00000E+00  1.00000E+00
 -3.21627E-01  1.92558E-01  5.53643E-01  8.15310E-01  9.77685E-01      -1.00000E+00  1.00000E+00
 -2.94158E-01  2.23023E-01  6.05705E-01  8.55112E-01  9.83840E-01      -1.00000E+00  1.00000E+00


    5.  10.81   74. 183.84  1.00E+03  4.50E+01  5.55E-01  3.20E-01     5   0.00

  1.80120E+02  4.55180E+02  6.36460E+02  7.59160E+02  8.58760E+02       6.62590E-02  9.51690E+02

  4.54210E-01  6.54205E-01  7.80650E-01  8.78975E-01  9.62615E-01       8.83190E-04  1.00000E+00
  4.31080E-01  6.28820E-01  7.61095E-01  8.67115E-01  9.58270E-01       1.89510E-02  1.00000E+00
  4.08710E-01  6.07310E-01  7.43150E-01  8.55020E-01  9.53745E-01       5.78980E-03  1.00000E+00
  3.80660E-01  5.76340E-01  7.17895E-01  8.38350E-01  9.48675E-01       1.63910E-02  1.00000E+00
  2.55730E-01  4.10105E-01  5.35190E-01  6.57075E-01  8.01045E-01       7.67280E-04  9.99990E-01

 -9.50855E-01 -5.86358E-01 -5.91473E-03  5.92350E-01  9.51947E-01      -1.00000E+00  1.00000E+00
 -9.50185E-01 -5.84097E-01 -6.35197E-03  5.86867E-01  9.51168E-01      -1.00000E+00  1.00000E+00
 -9.53935E-01 -6.00755E-01 -1.54631E-02  5.79545E-01  9.47825E-01      -1.00000E+00  1.00000E+00
 -9.52418E-01 -5.89838E-01 -4.17855E-03  5.88367E-01  9.51023E-01      -1.00000E+00  1.00000E+00
 -9.51390E-01 -5.97325E-01 -1.21573E-02  5.79250E-01  9.48708E-01      -1.00000E+00  1.00000E+00
 -9.49480E-01 -5.78722E-01  1.08774E-02  5.86310E-01  9.51323E-01      -1.00000E+00  1.00000E+00
 -9.49752E-01 -5.88730E-01 -5.80075E-04  5.91515E-01  9.53215E-01      -1.00000E+00  1.00000E+00
 -9.50300E-01 -5.92777E-01 -1.32625E-02  5.85738E-01  9.49525E-01      -1.00000E+00  1.00000E+00
 -9.51055E-01 -5.83178E-01  1.80000E-05  5.87645E-01  9.49870E-01      -1.00000E+00  1.00000E+00
 -9.52785E-01 -5.90775E-01 -2.95015E-03  5.87790E-01  9.50607E-01      -1.00000E+00  1.00000E+00
 -9.56387E-01 -6.35188E-01 -7.38970E-02  5.42405E-01  9.44632E-01      -1.00000E+00  1.00000E+00
 -9.56767E-01 -6.27628E-01 -6.41550E-02  5.46615E-01  9.45603E-01      -1.00000E+00  1.00000E+00
 -9.52935E-01 -6.08783E-01 -3.40245E-02  5.65688E-01  9.47963E-01      -1.00000E+00  1.00000E+00
 -9.53392E-01 -6.07805E-01 -4.12085E-02  5.52575E-01  9.47677E-01      -1.00000E+00  1.00000E+00
 -9.51087E-01 -6.02255E-01 -1.91308E-02  5.75252E-01  9.49288E-01      -1.00000E+00  1.00000E+00
 -9.58760E-01 -6.77200E-01 -1.01938E-01  5.43783E-01  9.44123E-01      -1.00000E+00  1.00000E+00
 -9.39342E-01 -5.99980E-01 -1.48390E-02  5.92037E-01  9.52122E-01      -1.00000E+00  1.00000E+00
 -9.31025E-01 -5.65218E-01 -3.04450E-03  5.98917E-01  9.51617E-01      -1.00000E+00  1.00000E+00
 -9.34472E-01 -5.68132E-01 -5.41475E-03  5.99575E-01  9.51667E-01      -1.00000E+00  1.00000E+00
 -9.45083E-01 -5.81588E-01 -3.34957E-02  5.64150E-01  9.47955E-01      -1.00000E+00  1.00000E+00
 -4.33250E-03  3.62400E-01  6.16962E-01  8.57095E-01  9.84680E-01      -9.99990E-01  1.00000E+00
  8.98650E-02  4.63545E-01  7.09557E-01  8.95197E-01  9.88117E-01      -9.99850E-01  1.00000E+00
  1.57147E-01  5.20047E-01  7.36152E-01  9.01832E-01  9.88873E-01      -9.99830E-01  1.00000E+00
  2.27785E-01  5.81967E-01  7.89662E-01  9.21647E-01  9.90733E-01      -9.95710E-01  1.00000E+00
  2.37496E-01  6.22340E-01  8.23003E-01  9.39780E-01  9.93345E-01      -1.00000E+00  1.00000E+00


    5.  10.81   74. 183.84  1.00E+03  6.00E+01  6.43E-01  4.16E-01     5   0.00

  2.37650E+02  5.48750E+02  7.22210E+02  8.26140E+02  9.13670E+02       7.90540E-02  9.71170E+02

  4.50290E-01  6.50065E-01  7.76615E-01  8.76940E-01  9.61885E-01       2.85740E-03  1.00000E+00
  4.14455E-01  6.12305E-01  7.47680E-01  8.57975E-01  9.54910E-01       8.58700E-03  1.00000E+00
  3.71535E-01  5.62240E-01  7.02195E-01  8.25705E-01  9.42650E-01       8.26130E-03  1.00000E+00
  3.28110E-01  5.16935E-01  6.65725E-01  8.01875E-01  9.30330E-01       7.28750E-03  1.00000E+00
  1.96210E-01  3.15895E-01  4.16100E-01  5.16750E-01  6.48875E-01       8.39890E-04  9.97760E-01

 -9.50950E-01 -5.89043E-01  1.77120E-03  5.92738E-01  9.51967E-01      -1.00000E+00  1.00000E+00
 -9.52175E-01 -5.90833E-01 -6.74400E-03  5.84540E-01  9.50830E-01      -1.00000E+00  1.00000E+00
 -9.52108E-01 -5.92870E-01  1.63758E-03  5.82498E-01  9.51128E-01      -1.00000E+00  1.00000E+00
 -9.51000E-01 -5.86413E-01 -2.81600E-03  5.93477E-01  9.50622E-01      -1.00000E+00  1.00000E+00
 -9.49155E-01 -5.79720E-01  2.98730E-03  5.90450E-01  9.49772E-01      -1.00000E+00  1.00000E+00
 -9.53325E-01 -5.97628E-01 -1.42690E-02  5.75890E-01  9.49383E-01      -1.00000E+00  1.00000E+00
 -9.52775E-01 -6.02838E-01 -1.73539E-02  5.76165E-01  9.50632E-01      -1.00000E+00  1.00000E+00
 -9.52550E-01 -6.05805E-01 -1.65417E-02  5.76128E-01  9.50575E-01      -1.00000E+00  1.00000E+00
 -9.53835E-01 -6.02920E-01 -2.04188E-02  5.75875E-01  9.49960E-01      -1.00000E+00  1.00000E+00
 -9.50543E-01 -5.89500E-01 -2.71173E-03  5.83952E-01  9.51043E-01      -1.00000E+00  1.00000E+00
 -9.75722E-01 -7.53685E-01 -2.28353E-01  4.69005E-01  9.35412E-01      -1.00000E+00  1.00000E+00
 -9.69055E-01 -7.01178E-01 -1.43223E-01  5.07428E-01  9.43190E-01      -1.00000E+00  1.00000E+00
 -9.66778E-01 -6.78872E-01 -9.40847E-02  5.43535E-01  9.44072E-01      -1.00000E+00  1.00000E+00
 -9.61047E-01 -6.35705E-01 -4.58295E-02  5.67350E-01  9.48558E-01      -1.00000E+00  1.00000E+00
 -9.55120E-01 -6.11032E-01 -2.23339E-02  5.77607E-01  9.50520E-01      -1.00000E+00  1.00000E+00
 -4.61965E-01 -1.29212E-01  3.08256E-01  7.32615E-01  9.68430E-01      -9.99990E-01  1.00000E+00
 -3.75223E-01  9.50500E-03  4.37383E-01  7.91530E-01  9.77345E-01      -1.00000E+00  1.00000E+00
 -3.59580E-01  4.53600E-02  4.46990E-01  7.90362E-01  9.76677E-01      -1.00000E+00  1.00000E+00
 -3.95218E-01  2.63250E-02  4.03663E-01  7.67255E-01  9.73893E-01      -1.00000E+00  1.00000E+00
 -4.52128E-01 -1.58250E-02  3.69437E-01  7.40380E-01  9.69682E-01      -1.00000E+00  1.00000E+00
  5.20137E-01  7.08450E-01  8.30048E-01  9.37267E-01  9.92785E-01      -3.97410E-01  1.00000E+00
  5.57092E-01  7.48962E-01  8.63092E-01  9.51015E-01  9.94528E-01      -4.74320E-01  1.00000E+00
  6.01815E-01  7.84510E-01  8.85983E-01  9.55765E-01  9.95038E-01      -4.03850E-01  1.00000E+00
  6.56872E-01  8.26833E-01  9.17075E-01  9.70155E-01  9.96740E-01      -4.37480E-01  1.00000E+00
  7.19595E-01  8.71370E-01  9.41167E-01  9.79592E-01  9.97803E-01      -3.45110E-01  1.00000E+00


    5.  10.81   74. 183.84  1.00E+03  7.00E+01  7.29E-01  5.27E-01     5   0.00

  3.21190E+02  6.61190E+02  8.10130E+02  8.96450E+02  9.50730E+02       2.28200E-02  9.80450E+02

  4.43235E-01  6.41215E-01  7.70110E-01  8.72520E-01  9.60090E-01       2.34810E-03  1.00000E+00
  3.78320E-01  5.72950E-01  7.13045E-01  8.33975E-01  9.45655E-01       1.53650E-02  1.00000E+00
  3.13615E-01  5.03515E-01  6.56180E-01  7.99785E-01  9.37745E-01       6.38470E-03  1.00000E+00
  2.53775E-01  4.06185E-01  5.36950E-01  6.70010E-01  8.06820E-01       1.85420E-03  9.99970E-01
  1.31443E-01  2.14710E-01  2.86780E-01  3.61995E-01  4.62015E-01       6.25530E-04  8.29550E-01

 -9.50642E-01 -5.87155E-01  4.80500E-03  5.92997E-01  9.51925E-01      -1.00000E+00  1.00000E+00
 -9.50935E-01 -5.83350E-01  3.59368E-03  5.95615E-01  9.51418E-01      -1.00000E+00  1.00000E+00
 -9.50182E-01 -5.86580E-01 -1.45287E-03  5.92448E-01  9.51660E-01      -1.00000E+00  1.00000E+00
 -9.50817E-01 -5.93272E-01 -3.12750E-05  5.91605E-01  9.51385E-01      -1.00000E+00  1.00000E+00
 -9.51160E-01 -5.91380E-01  4.43770E-03  5.89958E-01  9.52212E-01      -1.00000E+00  1.00000E+00
 -9.66485E-01 -7.04163E-01 -1.78751E-01  4.73463E-01  9.34612E-01      -1.00000E+00  1.00000E+00
 -9.64117E-01 -6.71023E-01 -1.22220E-01  5.16110E-01  9.39375E-01      -1.00000E+00  1.00000E+00
 -9.60337E-01 -6.50863E-01 -8.55790E-02  5.41795E-01  9.44167E-01      -1.00000E+00  1.00000E+00
 -9.58800E-01 -6.30735E-01 -5.06815E-02  5.54553E-01  9.47730E-01      -1.00000E+00  1.00000E+00
 -9.54780E-01 -6.02838E-01 -1.91650E-02  5.70327E-01  9.46703E-01      -1.00000E+00  1.00000E+00
 -6.62430E-01 -3.79949E-01  1.19725E-02  5.60180E-01  9.47008E-01      -1.00000E+00  1.00000E+00
 -6.29700E-01 -2.88795E-01  1.90405E-01  6.79120E-01  9.63380E-01      -1.00000E+00  1.00000E+00
 -6.26825E-01 -2.69147E-01  2.20629E-01  6.92465E-01  9.66270E-01      -1.00000E+00  1.00000E+00
 -6.65577E-01 -3.08088E-01  1.59482E-01  6.67022E-01  9.61242E-01      -1.00000E+00  1.00000E+00
 -8.49850E-01 -4.28575E-01  1.06224E-01  6.26593E-01  9.52802E-01      -1.00000E+00  1.00000E+00
  2.63954E-01  4.73340E-01  6.91975E-01  8.86787E-01  9.87020E-01      -6.17210E-01  1.00000E+00
  3.29430E-01  5.50480E-01  7.59767E-01  9.15042E-01  9.90568E-01      -6.26150E-01  1.00000E+00
  3.79897E-01  5.95285E-01  7.65380E-01  9.15272E-01  9.90648E-01      -6.48430E-01  1.00000E+00
  4.58980E-01  6.67945E-01  8.03630E-01  9.21478E-01  9.90818E-01      -5.70890E-01  1.00000E+00
  5.88680E-01  7.87045E-01  8.95700E-01  9.62590E-01  9.95700E-01      -9.63320E-01  1.00000E+00
  8.04435E-01  8.89857E-01  9.47235E-01  9.82615E-01  9.98173E-01       2.36420E-01  1.00000E+00
  8.17703E-01  9.00860E-01  9.50228E-01  9.82880E-01  9.98162E-01       3.10240E-01  1.00000E+00
  8.35263E-01  9.13032E-01  9.55070E-01  9.83170E-01  9.98067E-01       3.25440E-01  1.00000E+00
  8.62787E-01  9.32702E-01  9.68380E-01  9.88762E-01  9.98765E-01       3.74590E-01  1.00000E+00
  9.00215E-01  9.54448E-01  9.79145E-01  9.92858E-01  9.99227E-01       4.41030E-01  1.00000E+00


    5.  10.81   74. 183.84  1.00E+03  8.00E+01  8.77E-01  7.51E-01     5   0.00

  5.99390E+02  8.71900E+02  9.38270E+02  9.63340E+02  9.79980E+02       1.84100E-01  9.88240E+02

  3.68440E-01  5.63540E-01  7.04620E-01  8.27570E-01  9.43860E-01       7.29940E-03  1.00000E+00
  2.54535E-01  4.36265E-01  6.01965E-01  7.65775E-01  9.11165E-01       1.76630E-03  1.00000E+00
  1.70885E-01  2.85090E-01  3.99920E-01  5.27130E-01  6.56530E-01       9.52280E-04  9.29040E-01
  1.20295E-01  1.95695E-01  2.67030E-01  3.46535E-01  4.32735E-01       4.75340E-04  6.68110E-01
  6.34045E-02  1.08471E-01  1.44990E-01  1.79655E-01  2.26185E-01       1.84890E-04  3.98740E-01

 -9.67807E-01 -7.27150E-01 -2.97383E-01  3.11233E-01  8.98585E-01      -1.00000E+00  1.00000E+00
 -9.63885E-01 -6.97050E-01 -1.71569E-01  4.83520E-01  9.36457E-01      -1.00000E+00  1.00000E+00
 -9.63928E-01 -6.78083E-01 -1.13290E-01  5.26172E-01  9.44802E-01      -1.00000E+00  1.00000E+00
 -9.57995E-01 -6.34665E-01 -5.76707E-02  5.57192E-01  9.49727E-01      -1.00000E+00  1.00000E+00
 -9.52015E-01 -5.95015E-01 -1.21378E-02  5.89085E-01  9.51840E-01      -1.00000E+00  1.00000E+00
 -1.40195E-01  1.26468E-01  3.58987E-01  6.78527E-01  9.58482E-01      -9.94410E-01  1.00000E+00
 -1.26262E-01  1.77301E-01  4.39420E-01  7.72968E-01  9.74675E-01      -9.91270E-01  1.00000E+00
 -1.39845E-01  1.78062E-01  4.20978E-01  7.60365E-01  9.71923E-01      -9.97890E-01  1.00000E+00
 -2.24902E-01  1.38382E-01  4.05734E-01  6.97310E-01  9.63385E-01      -1.00000E+00  1.00000E+00
 -2.02660E-01  1.57828E-01  4.79927E-01  7.29627E-01  9.61795E-01      -1.00000E+00  1.00000E+00
  6.51957E-01  7.98760E-01  9.08763E-01  9.71892E-01  9.97242E-01       7.65410E-02  1.00000E+00
  6.65573E-01  7.90300E-01  8.98800E-01  9.67112E-01  9.96563E-01       5.73550E-02  1.00000E+00
  6.91850E-01  7.92382E-01  8.83185E-01  9.59413E-01  9.95622E-01       1.47350E-01  1.00000E+00
  7.52933E-01  8.39597E-01  9.00045E-01  9.57278E-01  9.94912E-01       2.09500E-01  1.00000E+00
  8.58387E-01  9.27598E-01  9.64477E-01  9.86977E-01  9.98463E-01       3.85930E-01  1.00000E+00
  8.68348E-01  9.48400E-01  9.81955E-01  9.94780E-01  9.99472E-01       6.16390E-01  1.00000E+00
  8.73332E-01  9.37337E-01  9.75915E-01  9.92587E-01  9.99252E-01       6.50480E-01  1.00000E+00
  8.84845E-01  9.32270E-01  9.68610E-01  9.90120E-01  9.98943E-01       6.64750E-01  1.00000E+00
  9.10892E-01  9.46720E-01  9.70247E-01  9.88765E-01  9.98740E-01       7.15860E-01  1.00000E+00
  9.48840E-01  9.75095E-01  9.88150E-01  9.95837E-01  9.99537E-01       7.57800E-01  1.00000E+00
  9.63450E-01  9.81615E-01  9.92760E-01  9.97835E-01  9.99772E-01       8.63010E-01  1.00000E+00
  9.64940E-01  9.81152E-01  9.90088E-01  9.96713E-01  9.99653E-01       8.78420E-01  1.00000E+00
  9.69683E-01  9.84543E-01  9.91847E-01  9.96720E-01  9.99620E-01       8.90690E-01  1.00000E+00
  9.75690E-01  9.88618E-01  9.94845E-01  9.98265E-01  9.99815E-01       8.99800E-01  1.00000E+00
  9.83533E-01  9.92360E-01  9.96520E-01  9.98865E-01  9.99878E-01       9.24220E-01  1.00000E+00


    5.  10.81   74. 183.84  1.00E+03  8.50E+01  9.72E-01  9.17E-01     5   0.00

  8.89910E+02  9.58730E+02  9.75300E+02  9.83230E+02  9.87950E+02       1.98280E-01  9.91650E+02

  2.29470E-01  4.22890E-01  5.97485E-01  7.52355E-01  8.84585E-01       1.80290E-03  1.00000E+00
  1.15635E-01  2.11215E-01  3.14800E-01  4.32480E-01  5.41640E-01       1.42410E-03  7.85910E-01
  8.51875E-02  1.57070E-01  2.23780E-01  2.92340E-01  3.52020E-01       8.50320E-04  5.20800E-01
  6.58070E-02  1.17420E-01  1.55985E-01  1.89695E-01  2.22530E-01       1.28650E-04  3.25790E-01
  3.82690E-02  6.30210E-02  8.13855E-02  9.95045E-02  1.22773E-01       1.57270E-04  1.98020E-01

 -2.35172E-01  9.11575E-02  3.96100E-01  6.23822E-01  9.24863E-01      -1.00000E+00  1.00000E+00
 -2.38175E-01  9.06575E-02  3.85546E-01  6.53585E-01  9.53980E-01      -1.00000E+00  1.00000E+00
 -2.25788E-01  9.56500E-02  4.01452E-01  6.48742E-01  9.52203E-01      -1.00000E+00  1.00000E+00
 -1.82240E-01  1.44090E-01  4.57929E-01  6.87142E-01  9.50048E-01      -1.00000E+00  1.00000E+00
 -1.35065E-01  1.93833E-01  5.48087E-01  7.98290E-01  9.67657E-01      -1.00000E+00  1.00000E+00
  8.52210E-01  9.60292E-01  9.88082E-01  9.96778E-01  9.99680E-01       3.90300E-01  1.00000E+00
  8.25338E-01  9.18985E-01  9.71280E-01  9.91818E-01  9.99175E-01       4.89280E-01  1.00000E+00
  8.29635E-01  8.90715E-01  9.46963E-01  9.83423E-01  9.98365E-01       5.27590E-01  1.00000E+00
  8.68110E-01  9.15485E-01  9.46910E-01  9.77910E-01  9.97362E-01       5.60680E-01  1.00000E+00
  9.30063E-01  9.65792E-01  9.83620E-01  9.94235E-01  9.99358E-01       6.92700E-01  1.00000E+00
  9.45043E-01  9.85797E-01  9.95365E-01  9.98660E-01  9.99865E-01       8.18050E-01  1.00000E+00
  9.32233E-01  9.67048E-01  9.88437E-01  9.96687E-01  9.99672E-01       8.19800E-01  1.00000E+00
  9.39468E-01  9.61045E-01  9.80648E-01  9.93963E-01  9.99382E-01       8.42210E-01  1.00000E+00
  9.56730E-01  9.73085E-01  9.83353E-01  9.92817E-01  9.99117E-01       8.58610E-01  1.00000E+00
  9.78028E-01  9.89325E-01  9.95045E-01  9.98273E-01  9.99812E-01       8.92090E-01  1.00000E+00
  9.73825E-01  9.89695E-01  9.96182E-01  9.98835E-01  9.99885E-01       9.30720E-01  1.00000E+00
  9.73388E-01  9.84328E-01  9.92790E-01  9.97695E-01  9.99762E-01       9.31960E-01  1.00000E+00
  9.78522E-01  9.86683E-01  9.92573E-01  9.97237E-01  9.99693E-01       9.40510E-01  1.00000E+00
  9.85055E-01  9.91730E-01  9.95447E-01  9.98213E-01  9.99793E-01       9.54760E-01  1.00000E+00
  9.91640E-01  9.96043E-01  9.98225E-01  9.99390E-01  9.99935E-01       9.65700E-01  1.00000E+00
  9.90800E-01  9.95393E-01  9.97828E-01  9.99268E-01  9.99923E-01       9.71750E-01  1.00000E+00
  9.92023E-01  9.96145E-01  9.98233E-01  9.99405E-01  9.99935E-01       9.74280E-01  1.00000E+00
  9.93110E-01  9.96672E-01  9.98465E-01  9.99472E-01  9.99945E-01       9.77150E-01  1.00000E+00
  9.94305E-01  9.97355E-01  9.98788E-01  9.99580E-01  9.99953E-01       9.80780E-01  1.00000E+00
  9.96150E-01  9.98285E-01  9.99240E-01  9.99740E-01  9.99972E-01       9.83360E-01  1.00000E+00


    5.  10.81   74. 183.84  2.00E+03  0.00E+00  4.22E-01  2.07E-01     5   0.00

  2.57030E+02  7.09660E+02  1.05740E+03  1.33220E+03  1.56220E+03       1.99720E-02  1.78230E+03

  4.52555E-01  6.53045E-01  7.79920E-01  8.79105E-01  9.62415E-01       1.10880E-03  1.00000E+00
  4.28950E-01  6.31680E-01  7.64025E-01  8.69645E-01  9.59650E-01       5.53130E-03  1.00000E+00
  4.13010E-01  6.18575E-01  7.54905E-01  8.64095E-01  9.56950E-01       3.56570E-02  1.00000E+00
  4.08840E-01  6.13945E-01  7.50495E-01  8.60550E-01  9.55550E-01       3.12230E-02  9.99990E-01
  3.24895E-01  5.06805E-01  6.40500E-01  7.61735E-01  8.88945E-01       8.59100E-03  1.00000E+00

 -9.49947E-01 -5.92218E-01 -4.28260E-03  5.83675E-01  9.51188E-01      -1.00000E+00  1.00000E+00
 -9.50928E-01 -5.78740E-01  8.47623E-03  5.95967E-01  9.52842E-01      -1.00000E+00  1.00000E+00
 -9.48202E-01 -5.90502E-01 -8.84900E-03  5.81415E-01  9.50710E-01      -1.00000E+00  1.00000E+00
 -9.50285E-01 -5.81197E-01  1.01597E-02  5.92582E-01  9.49850E-01      -1.00000E+00  1.00000E+00
 -9.51378E-01 -5.87755E-01 -4.49550E-03  5.83940E-01  9.50960E-01      -1.00000E+00  1.00000E+00
 -9.51885E-01 -5.87160E-01  3.27395E-03  5.87122E-01  9.51835E-01      -1.00000E+00  1.00000E+00
 -9.51952E-01 -5.93583E-01 -1.35896E-02  5.82737E-01  9.49830E-01      -1.00000E+00  1.00000E+00
 -9.53310E-01 -5.85538E-01 -4.57900E-04  5.88427E-01  9.50143E-01      -1.00000E+00  1.00000E+00
 -9.48353E-01 -5.82987E-01  3.28163E-03  5.91457E-01  9.51537E-01      -1.00000E+00  1.00000E+00
 -9.50652E-01 -5.90932E-01 -4.93895E-03  5.87470E-01  9.52175E-01      -1.00000E+00  1.00000E+00
 -9.48717E-01 -5.90165E-01  2.82467E-03  5.89222E-01  9.51595E-01      -1.00000E+00  1.00000E+00
 -9.50322E-01 -5.87835E-01 -6.70752E-04  5.89422E-01  9.51742E-01      -1.00000E+00  1.00000E+00
 -9.49433E-01 -5.82167E-01  9.50650E-03  5.90775E-01  9.50647E-01      -1.00000E+00  1.00000E+00
 -9.51880E-01 -5.87190E-01 -4.41418E-03  5.96388E-01  9.52125E-01      -1.00000E+00  1.00000E+00
 -9.52018E-01 -5.83673E-01  5.45625E-03  5.89745E-01  9.52302E-01      -1.00000E+00  1.00000E+00
 -9.52202E-01 -5.89708E-01  7.18256E-03  5.96952E-01  9.50750E-01      -1.00000E+00  1.00000E+00
 -9.52137E-01 -5.89090E-01  6.48813E-03  5.94885E-01  9.51588E-01      -1.00000E+00  1.00000E+00
 -9.51753E-01 -5.76525E-01  8.64195E-03  5.77778E-01  9.51653E-01      -1.00000E+00  1.00000E+00
 -9.50052E-01 -5.86448E-01 -2.86470E-03  5.86030E-01  9.51037E-01      -1.00000E+00  1.00000E+00
 -9.50535E-01 -5.83558E-01 -2.61825E-04  5.99185E-01  9.53760E-01      -1.00000E+00  1.00000E+00
 -9.49430E-01 -5.81542E-01  9.88713E-03  5.96703E-01  9.51440E-01      -1.00000E+00  1.00000E+00
 -9.50233E-01 -5.81708E-01  9.02973E-03  5.93927E-01  9.51072E-01      -1.00000E+00  1.00000E+00
 -9.49712E-01 -5.88222E-01 -6.08200E-03  5.82765E-01  9.50995E-01      -1.00000E+00  1.00000E+00
 -9.51497E-01 -5.81603E-01  7.68817E-03  5.77307E-01  9.48928E-01      -1.00000E+00  1.00000E+00
 -9.50848E-01 -5.93608E-01 -4.59005E-03  5.81690E-01  9.51375E-01      -1.00000E+00  1.00000E+00


    5.  10.81   74. 183.84  2.00E+03  3.00E+01  4.66E-01  2.43E-01     5   0.00

  2.89040E+02  7.74730E+02  1.13030E+03  1.39730E+03  1.61490E+03       7.34950E-02  1.85960E+03

  4.50145E-01  6.50115E-01  7.78740E-01  8.78455E-01  9.62255E-01       8.26520E-03  1.00000E+00
  4.25805E-01  6.27570E-01  7.61395E-01  8.67305E-01  9.58670E-01       3.01250E-02  1.00000E+00
  4.06085E-01  6.11095E-01  7.48475E-01  8.59565E-01  9.55685E-01       2.22840E-02  9.99990E-01
  3.98175E-01  6.00120E-01  7.38565E-01  8.52360E-01  9.53145E-01       1.74510E-02  1.00000E+00
  2.92460E-01  4.65715E-01  5.99865E-01  7.28440E-01  8.71700E-01       6.98590E-03  1.00000E+00

 -9.46348E-01 -5.73122E-01  8.81288E-03  5.97245E-01  9.52430E-01      -1.00000E+00  1.00000E+00
 -9.51278E-01 -5.91388E-01  1.16540E-03  5.86828E-01  9.50035E-01      -1.00000E+00  1.00000E+00
 -9.50348E-01 -5.76562E-01  1.72458E-02  5.90997E-01  9.50728E-01      -1.00000E+00  1.00000E+00
 -9.51820E-01 -5.97032E-01 -1.06300E-02  5.85507E-01  9.49362E-01      -1.00000E+00  1.00000E+00
 -9.50792E-01 -5.90650E-01 -1.26525E-04  5.83067E-01  9.50812E-01      -1.00000E+00  1.00000E+00
 -9.51085E-01 -5.92395E-01 -9.69578E-03  5.78195E-01  9.50322E-01      -1.00000E+00  1.00000E+00
 -9.52775E-01 -5.99923E-01 -1.44058E-02  5.78307E-01  9.50600E-01      -1.00000E+00  1.00000E+00
 -9.50375E-01 -5.93515E-01 -1.13328E-03  5.78553E-01  9.51202E-01      -1.00000E+00  1.00000E+00
 -9.53192E-01 -5.89403E-01 -4.51920E-03  5.86653E-01  9.50377E-01      -1.00000E+00  1.00000E+00
 -9.50303E-01 -5.85128E-01  7.41945E-03  5.86400E-01  9.49812E-01      -1.00000E+00  1.00000E+00
 -9.52285E-01 -5.92815E-01 -1.35005E-02  5.82250E-01  9.51423E-01      -1.00000E+00  1.00000E+00
 -9.51947E-01 -5.93552E-01 -8.65750E-05  5.85943E-01  9.49490E-01      -1.00000E+00  1.00000E+00
 -9.53222E-01 -5.94310E-01 -5.66583E-03  5.84637E-01  9.47658E-01      -1.00000E+00  1.00000E+00
 -9.52460E-01 -6.03683E-01 -2.07878E-02  5.71090E-01  9.48170E-01      -1.00000E+00  1.00000E+00
 -9.51570E-01 -5.85100E-01  7.13625E-03  5.88905E-01  9.48640E-01      -1.00000E+00  1.00000E+00
 -9.51207E-01 -5.71797E-01  2.52225E-02  5.97568E-01  9.54707E-01      -1.00000E+00  1.00000E+00
 -9.52985E-01 -5.91683E-01  5.47517E-03  5.87608E-01  9.54543E-01      -1.00000E+00  1.00000E+00
 -9.51745E-01 -5.92085E-01  1.72823E-03  5.87930E-01  9.50770E-01      -1.00000E+00  1.00000E+00
 -9.50765E-01 -5.93260E-01 -6.67525E-03  5.94460E-01  9.51650E-01      -1.00000E+00  1.00000E+00
 -9.53765E-01 -5.99207E-01 -1.66649E-02  5.87878E-01  9.52632E-01      -1.00000E+00  1.00000E+00
 -6.69410E-01 -1.05575E-01  3.92300E-01  7.71538E-01  9.73110E-01      -1.00000E+00  1.00000E+00
 -5.41255E-01 -1.89500E-02  4.38433E-01  7.91185E-01  9.76668E-01      -1.00000E+00  1.00000E+00
 -4.82553E-01  5.26325E-02  4.67045E-01  8.03107E-01  9.76272E-01      -1.00000E+00  1.00000E+00
 -4.43495E-01  7.89150E-02  4.86330E-01  8.02373E-01  9.77423E-01      -1.00000E+00  1.00000E+00
 -3.84930E-01  1.02245E-01  5.12722E-01  8.11115E-01  9.79967E-01      -1.00000E+00  1.00000E+00


    5.  10.81   74. 183.84  2.00E+03  4.50E+01  5.25E-01  2.94E-01     5   0.00

  3.40370E+02  8.71130E+02  1.23000E+03  1.48470E+03  1.69500E+03       1.48850E-01  1.90160E+03

  4.48550E-01  6.48640E-01  7.77555E-01  8.77430E-01  9.62060E-01       9.16970E-03  1.00000E+00
  4.17805E-01  6.20835E-01  7.56890E-01  8.65045E-01  9.57465E-01       7.91800E-03  1.00000E+00
  3.96635E-01  5.99825E-01  7.39060E-01  8.53000E-01  9.53260E-01       2.62460E-02  1.00000E+00
  3.72860E-01  5.70285E-01  7.11795E-01  8.33525E-01  9.45530E-01       2.14000E-02  9.99990E-01
  2.56300E-01  4.16635E-01  5.46485E-01  6.75000E-01  8.25875E-01       5.44810E-03  1.00000E+00

 -9.53405E-01 -5.84835E-01  8.16845E-03  5.88095E-01  9.50277E-01      -1.00000E+00  1.00000E+00
 -9.50740E-01 -5.82407E-01  1.23214E-02  5.94130E-01  9.50993E-01      -1.00000E+00  1.00000E+00
 -9.49987E-01 -5.89213E-01 -8.75755E-03  5.92898E-01  9.51692E-01      -1.00000E+00  1.00000E+00
 -9.50000E-01 -5.86255E-01 -4.84740E-03  5.89498E-01  9.53055E-01      -1.00000E+00  1.00000E+00
 -9.50383E-01 -5.86855E-01 -5.00256E-03  5.85415E-01  9.49525E-01      -1.00000E+00  1.00000E+00
 -9.49057E-01 -5.86477E-01  1.04738E-02  5.90650E-01  9.50772E-01      -1.00000E+00  1.00000E+00
 -9.51638E-01 -5.88472E-01  5.52410E-03  5.94020E-01  9.48133E-01      -1.00000E+00  1.00000E+00
 -9.50163E-01 -5.96158E-01  2.86580E-03  5.91002E-01  9.52557E-01      -1.00000E+00  1.00000E+00
 -9.51375E-01 -5.96135E-01 -9.09825E-03  5.87222E-01  9.52342E-01      -1.00000E+00  1.00000E+00
 -9.53420E-01 -5.86838E-01  2.74775E-03  5.86642E-01  9.53318E-01      -1.00000E+00  1.00000E+00
 -9.54427E-01 -6.16762E-01 -4.17693E-02  5.61570E-01  9.46985E-01      -1.00000E+00  1.00000E+00
 -9.54673E-01 -6.00208E-01 -1.22453E-02  5.77320E-01  9.49710E-01      -1.00000E+00  1.00000E+00
 -9.53573E-01 -6.09670E-01 -2.80214E-02  5.72440E-01  9.48313E-01      -1.00000E+00  1.00000E+00
 -9.52547E-01 -5.99843E-01 -1.18479E-02  5.86400E-01  9.51128E-01      -1.00000E+00  1.00000E+00
 -9.52638E-01 -5.94363E-01 -6.90028E-03  5.86155E-01  9.51055E-01      -1.00000E+00  1.00000E+00
 -9.53950E-01 -5.90923E-01  4.13445E-02  6.26620E-01  9.56242E-01      -1.00000E+00  1.00000E+00
 -9.47218E-01 -5.65935E-01  5.26715E-02  6.36157E-01  9.57838E-01      -1.00000E+00  1.00000E+00
 -9.44285E-01 -5.60220E-01  5.90798E-02  6.39065E-01  9.59647E-01      -1.00000E+00  1.00000E+00
 -9.45453E-01 -5.68863E-01  3.44989E-02  6.21252E-01  9.55738E-01      -1.00000E+00  1.00000E+00
 -9.53230E-01 -6.08285E-01 -1.17781E-02  5.88682E-01  9.50698E-01      -1.00000E+00  1.00000E+00
 -1.18153E-01  3.09080E-01  6.37155E-01  8.70278E-01  9.85645E-01      -9.99990E-01  1.00000E+00
  6.37500E-04  4.13620E-01  7.04613E-01  8.96390E-01  9.87822E-01      -9.99820E-01  1.00000E+00
  5.56175E-02  4.63087E-01  7.25130E-01  9.03963E-01  9.89435E-01      -9.99870E-01  1.00000E+00
  1.00437E-01  5.01510E-01  7.41698E-01  9.04055E-01  9.89280E-01      -1.00000E+00  1.00000E+00
  4.32150E-02  4.99933E-01  7.63018E-01  9.17617E-01  9.91130E-01      -1.00000E+00  1.00000E+00


    5.  10.81   74. 183.84  2.00E+03  6.00E+01  6.09E-01  3.81E-01     5   0.00

  4.39020E+02  1.03830E+03  1.39160E+03  1.61440E+03  1.80450E+03       3.57230E-02  1.94030E+03

  4.41290E-01  6.41800E-01  7.71445E-01  8.73830E-01  9.60620E-01       1.33060E-02  1.00000E+00
  4.02025E-01  6.04965E-01  7.43255E-01  8.56555E-01  9.54580E-01       1.59600E-02  1.00000E+00
  3.66680E-01  5.62995E-01  7.04950E-01  8.28130E-01  9.43885E-01       1.98970E-02  1.00000E+00
  3.22445E-01  5.11030E-01  6.58715E-01  7.97430E-01  9.33195E-01       7.77000E-03  1.00000E+00
  2.01490E-01  3.28035E-01  4.36610E-01  5.50760E-01  6.96200E-01       9.40010E-04  9.99910E-01

 -9.51383E-01 -5.90437E-01 -1.46750E-03  5.85677E-01  9.49867E-01      -1.00000E+00  1.00000E+00
 -9.51603E-01 -5.92130E-01 -3.64625E-03  5.92572E-01  9.50920E-01      -1.00000E+00  1.00000E+00
 -9.50543E-01 -5.89460E-01  4.80400E-04  5.93257E-01  9.50320E-01      -1.00000E+00  1.00000E+00
 -9.50107E-01 -5.85352E-01  5.96765E-03  5.92302E-01  9.53043E-01      -1.00000E+00  1.00000E+00
 -9.50495E-01 -5.87160E-01  2.22356E-03  5.84013E-01  9.50682E-01      -1.00000E+00  1.00000E+00
 -9.51135E-01 -5.96520E-01 -1.70278E-02  5.77087E-01  9.49450E-01      -1.00000E+00  1.00000E+00
 -9.52053E-01 -6.03515E-01 -1.73059E-02  5.76700E-01  9.48142E-01      -1.00000E+00  1.00000E+00
 -9.50808E-01 -5.89400E-01 -6.00025E-03  5.84982E-01  9.51005E-01      -1.00000E+00  1.00000E+00
 -9.50045E-01 -5.83937E-01  7.89150E-04  5.95070E-01  9.51240E-01      -1.00000E+00  1.00000E+00
 -9.52490E-01 -5.93930E-01 -1.67881E-02  5.74930E-01  9.49863E-01      -1.00000E+00  1.00000E+00
 -9.60710E-01 -6.39232E-01 -4.84612E-02  5.72048E-01  9.49495E-01      -1.00000E+00  1.00000E+00
 -9.57893E-01 -6.17522E-01 -1.04810E-02  5.94337E-01  9.53873E-01      -1.00000E+00  1.00000E+00
 -9.54797E-01 -6.03905E-01  7.21625E-03  6.02337E-01  9.54080E-01      -1.00000E+00  1.00000E+00
 -9.52430E-01 -5.90620E-01 -7.51675E-03  5.87723E-01  9.50433E-01      -1.00000E+00  1.00000E+00
 -9.52568E-01 -5.88568E-01  1.31101E-02  5.91503E-01  9.51858E-01      -1.00000E+00  1.00000E+00
 -6.24707E-01 -2.16772E-01  3.17719E-01  7.52745E-01  9.71415E-01      -1.00000E+00  1.00000E+00
 -5.58900E-01 -1.04432E-01  4.11430E-01  7.90933E-01  9.76208E-01      -1.00000E+00  1.00000E+00
 -5.43143E-01 -7.86775E-02  4.17280E-01  7.86947E-01  9.76708E-01      -1.00000E+00  1.00000E+00
 -5.62043E-01 -1.07930E-01  3.71490E-01  7.70643E-01  9.74530E-01      -1.00000E+00  1.00000E+00
 -7.11168E-01 -2.19868E-01  2.93917E-01  7.25225E-01  9.68055E-01      -1.00000E+00  1.00000E+00
  4.35330E-01  6.73277E-01  8.38308E-01  9.45617E-01  9.93920E-01      -8.21830E-01  1.00000E+00
  4.74027E-01  7.18262E-01  8.65195E-01  9.53775E-01  9.94982E-01      -7.77320E-01  1.00000E+00
  5.10375E-01  7.41578E-01  8.68962E-01  9.54758E-01  9.95062E-01      -5.95620E-01  1.00000E+00
  5.60350E-01  7.75735E-01  8.90508E-01  9.60087E-01  9.95590E-01      -4.93060E-01  1.00000E+00
  6.26190E-01  8.25658E-01  9.20558E-01  9.72677E-01  9.97273E-01      -9.96880E-01  1.00000E+00


    5.  10.81   74. 183.84  2.00E+03  7.00E+01  6.91E-01  4.80E-01     5   0.00

  5.76400E+02  1.23390E+03  1.55910E+03  1.74900E+03  1.88700E+03       2.04810E-01  1.96130E+03

  4.34065E-01  6.34780E-01  7.66240E-01  8.71110E-01  9.60040E-01       2.29380E-03  1.00000E+00
  3.77130E-01  5.76150E-01  7.17895E-01  8.38805E-01  9.48085E-01       5.27640E-03  1.00000E+00
  3.12955E-01  5.01875E-01  6.52090E-01  7.92995E-01  9.30965E-01       2.15870E-02  9.99990E-01
  2.60440E-01  4.20135E-01  5.60745E-01  7.05775E-01  8.63560E-01       1.41500E-02  9.99990E-01
  1.41687E-01  2.32115E-01  3.14015E-01  4.03705E-01  5.22800E-01       3.62970E-04  9.07910E-01

 -9.50195E-01 -5.91330E-01 -4.01134E-03  5.82400E-01  9.50558E-01      -1.00000E+00  1.00000E+00
 -9.49700E-01 -5.93845E-01  1.34150E-03  5.88925E-01  9.52097E-01      -1.00000E+00  1.00000E+00
 -9.50170E-01 -5.83538E-01  8.86160E-03  5.93945E-01  9.53245E-01      -1.00000E+00  1.00000E+00
 -9.49965E-01 -5.85503E-01 -4.31560E-03  5.87207E-01  9.52817E-01      -1.00000E+00  1.00000E+00
 -9.50375E-01 -5.94585E-01 -1.69121E-02  5.73512E-01  9.48910E-01      -1.00000E+00  1.00000E+00
 -9.58315E-01 -6.27817E-01 -5.95663E-02  5.55950E-01  9.46963E-01      -1.00000E+00  1.00000E+00
 -9.54690E-01 -6.23510E-01 -4.20054E-02  5.65227E-01  9.48523E-01      -1.00000E+00  1.00000E+00
 -9.52090E-01 -5.99650E-01 -2.06309E-02  5.80490E-01  9.50557E-01      -1.00000E+00  1.00000E+00
 -9.52078E-01 -5.93217E-01 -4.40135E-03  5.85608E-01  9.49557E-01      -1.00000E+00  1.00000E+00
 -9.52993E-01 -5.99920E-01 -1.12884E-02  5.85193E-01  9.52038E-01      -1.00000E+00  1.00000E+00
 -8.21923E-01 -5.07482E-01  5.57687E-02  6.27358E-01  9.56453E-01      -1.00000E+00  1.00000E+00
 -7.96297E-01 -3.87158E-01  1.92485E-01  6.89720E-01  9.65658E-01      -1.00000E+00  1.00000E+00
 -8.31530E-01 -3.92408E-01  2.05807E-01  7.03598E-01  9.67452E-01      -1.00000E+00  1.00000E+00
 -8.89090E-01 -4.49680E-01  1.56727E-01  6.82835E-01  9.63440E-01      -1.00000E+00  1.00000E+00
 -9.39570E-01 -5.45077E-01  3.46103E-02  6.15625E-01  9.56312E-01      -1.00000E+00  1.00000E+00
  8.05920E-02  3.92325E-01  7.01215E-01  8.98940E-01  9.89400E-01      -8.73930E-01  1.00000E+00
  1.49477E-01  4.73990E-01  7.47032E-01  9.14575E-01  9.90422E-01      -8.77150E-01  1.00000E+00
  1.74492E-01  4.83745E-01  7.44850E-01  9.12535E-01  9.90120E-01      -8.81630E-01  1.00000E+00
  2.16002E-01  5.11000E-01  7.32455E-01  9.04920E-01  9.89170E-01      -8.83240E-01  1.00000E+00
  2.09665E-01  5.56368E-01  7.68470E-01  9.15032E-01  9.90563E-01      -1.00000E+00  1.00000E+00
  7.45103E-01  8.60890E-01  9.36715E-01  9.79680E-01  9.97838E-01      -1.86060E-02  1.00000E+00
  7.57545E-01  8.72333E-01  9.40917E-01  9.80668E-01  9.98005E-01       1.26940E-01  1.00000E+00
  7.75778E-01  8.84537E-01  9.42020E-01  9.80033E-01  9.97795E-01       1.36110E-01  1.00000E+00
  8.06480E-01  9.04400E-01  9.54072E-01  9.83178E-01  9.98117E-01       4.09280E-02  1.00000E+00
  8.56982E-01  9.32597E-01  9.69965E-01  9.89888E-01  9.98878E-01       1.92970E-01  1.00000E+00


    5.  10.81   74. 183.84  2.00E+03  8.00E+01  8.27E-01  6.80E-01     5   0.00

  9.81970E+02  1.63690E+03  1.83730E+03  1.91320E+03  1.95490E+03       1.76370E-01  1.97730E+03

  3.97425E-01  5.98170E-01  7.36830E-01  8.51265E-01  9.52555E-01       1.16250E-02  1.00000E+00
  2.62230E-01  4.44655E-01  6.03740E-01  7.63520E-01  9.24265E-01       9.89400E-03  1.00000E+00
  1.87895E-01  3.17785E-01  4.50840E-01  6.02820E-01  7.67385E-01       4.99230E-03  9.98260E-01
  1.22905E-01  1.99545E-01  2.79400E-01  3.76790E-01  4.92620E-01       2.46490E-03  7.63060E-01
  6.85155E-02  1.12320E-01  1.51930E-01  1.96580E-01  2.58155E-01       2.21310E-04  4.83620E-01

 -9.57393E-01 -6.21498E-01 -3.79508E-02  5.66700E-01  9.48460E-01      -1.00000E+00  1.00000E+00
 -9.53775E-01 -6.12407E-01 -3.47216E-02  5.65222E-01  9.47605E-01      -1.00000E+00  1.00000E+00
 -9.54315E-01 -6.00537E-01 -1.28645E-02  5.79182E-01  9.48278E-01      -1.00000E+00  1.00000E+00
 -9.53025E-01 -5.96453E-01 -1.31118E-02  5.87510E-01  9.50535E-01      -1.00000E+00  1.00000E+00
 -9.51615E-01 -5.89518E-01 -1.78005E-03  5.89677E-01  9.49648E-01      -1.00000E+00  1.00000E+00
 -6.00642E-01 -3.11968E-01  5.78725E-02  5.67830E-01  9.46638E-01      -1.00000E+00  1.00000E+00
 -5.72592E-01 -2.21045E-01  2.50642E-01  7.12773E-01  9.69047E-01      -1.00000E+00  1.00000E+00
 -5.75125E-01 -2.08482E-01  2.85323E-01  7.30603E-01  9.68795E-01      -1.00000E+00  1.00000E+00
 -6.28890E-01 -2.55877E-01  2.18059E-01  7.02330E-01  9.65785E-01      -1.00000E+00  1.00000E+00
 -8.40427E-01 -3.75214E-01  1.69357E-01  6.55735E-01  9.60008E-01      -1.00000E+00  1.00000E+00
  4.51495E-01  6.53000E-01  8.30943E-01  9.45867E-01  9.94810E-01      -4.39190E-01  1.00000E+00
  4.74390E-01  6.72692E-01  8.46647E-01  9.51227E-01  9.94935E-01      -4.53900E-01  1.00000E+00
  4.96700E-01  6.70150E-01  8.26597E-01  9.41125E-01  9.93890E-01      -4.01910E-01  1.00000E+00
  5.53800E-01  7.12415E-01  8.22475E-01  9.31828E-01  9.92613E-01      -3.00620E-01  1.00000E+00
  6.90450E-01  8.35152E-01  9.14780E-01  9.66472E-01  9.96140E-01      -1.60640E-01  1.00000E+00
  8.28515E-01  9.34590E-01  9.76803E-01  9.93372E-01  9.99343E-01       4.79440E-01  1.00000E+00
  8.28762E-01  9.21500E-01  9.69522E-01  9.90825E-01  9.99050E-01       4.30580E-01  1.00000E+00
  8.35425E-01  9.08920E-01  9.60773E-01  9.87405E-01  9.98683E-01       4.87830E-01  1.00000E+00
  8.61552E-01  9.16517E-01  9.55785E-01  9.83888E-01  9.98270E-01       5.58430E-01  1.00000E+00
  9.19872E-01  9.59357E-01  9.80258E-01  9.92655E-01  9.99170E-01       5.92910E-01  1.00000E+00
  9.55782E-01  9.80552E-01  9.92997E-01  9.97933E-01  9.99780E-01       8.24320E-01  1.00000E+00
  9.55670E-01  9.79150E-01  9.91407E-01  9.97360E-01  9.99720E-01       8.09170E-01  1.00000E+00
  9.57260E-01  9.78985E-01  9.90073E-01  9.96688E-01  9.99633E-01       8.29070E-01  1.00000E+00
  9.63218E-01  9.82747E-01  9.91953E-01  9.97167E-01  9.99680E-01       8.58020E-01  1.00000E+00
  9.74585E-01  9.88277E-01  9.94765E-01  9.98237E-01  9.99818E-01       8.66420E-01  1.00000E+00


    5.  10.81   74. 183.84  2.00E+03  8.50E+01  9.52E-01  8.89E-01     5   0.00

  1.71410E+03  1.91210E+03  1.94770E+03  1.96550E+03  1.97530E+03       2.23840E-01  1.98490E+03

  2.34005E-01  4.26755E-01  6.00155E-01  7.63000E-01  9.07360E-01       1.32750E-03  1.00000E+00
  1.08425E-01  1.89310E-01  2.88515E-01  4.18255E-01  5.58050E-01       6.64470E-04  8.11440E-01
  8.11180E-02  1.39725E-01  2.01640E-01  2.76825E-01  3.55985E-01       6.34200E-04  5.59010E-01
  6.21260E-02  1.03356E-01  1.37765E-01  1.73545E-01  2.16700E-01       1.39310E-04  3.35570E-01
  3.30725E-02  5.37860E-02  7.06965E-02  8.97090E-02  1.17533E-01       9.22320E-05  2.20580E-01

 -3.56778E-01 -4.79725E-02  2.47790E-01  5.95065E-01  9.47392E-01      -1.00000E+00  1.00000E+00
 -3.53460E-01 -1.85350E-02  2.95419E-01  7.06002E-01  9.66858E-01      -1.00000E+00  1.00000E+00
 -3.55945E-01 -1.82125E-02  2.94678E-01  6.83612E-01  9.63693E-01      -1.00000E+00  1.00000E+00
 -3.28210E-01  1.27750E-02  3.34450E-01  7.02545E-01  9.62965E-01      -1.00000E+00  1.00000E+00
 -3.72262E-01 -2.43475E-02  3.20525E-01  7.06415E-01  9.64692E-01      -1.00000E+00  1.00000E+00
  8.38037E-01  9.51013E-01  9.85965E-01  9.96465E-01  9.99670E-01       3.94560E-01  1.00000E+00
  8.07630E-01  9.16790E-01  9.70018E-01  9.91437E-01  9.99125E-01       3.64610E-01  1.00000E+00
  8.01310E-01  8.85433E-01  9.49368E-01  9.84422E-01  9.98448E-01       4.29740E-01  1.00000E+00
  8.31252E-01  8.92972E-01  9.37083E-01  9.75988E-01  9.97440E-01       4.86790E-01  1.00000E+00
  9.05830E-01  9.51997E-01  9.75967E-01  9.90990E-01  9.98910E-01       5.66010E-01  1.00000E+00
  9.49605E-01  9.88055E-01  9.96190E-01  9.98903E-01  9.99892E-01       8.04700E-01  1.00000E+00
  9.32972E-01  9.75160E-01  9.91422E-01  9.97502E-01  9.99742E-01       7.98230E-01  1.00000E+00
  9.32163E-01  9.63435E-01  9.85115E-01  9.95530E-01  9.99553E-01       8.16070E-01  1.00000E+00
  9.45823E-01  9.67015E-01  9.81675E-01  9.93385E-01  9.99283E-01       8.37640E-01  1.00000E+00
  9.71430E-01  9.85755E-01  9.93052E-01  9.97502E-01  9.99713E-01       8.70510E-01  1.00000E+00
  9.77538E-01  9.92123E-01  9.97160E-01  9.99175E-01  9.99918E-01       9.22790E-01  1.00000E+00
  9.75955E-01  9.88873E-01  9.95360E-01  9.98547E-01  9.99850E-01       9.28800E-01  1.00000E+00
  9.78135E-01  9.88910E-01  9.95060E-01  9.98370E-01  9.99830E-01       9.34650E-01  1.00000E+00
  9.82360E-01  9.90695E-01  9.95518E-01  9.98472E-01  9.99830E-01       9.45030E-01  1.00000E+00
  9.89415E-01  9.95025E-01  9.97665E-01  9.99202E-01  9.99910E-01       9.56490E-01  1.00000E+00
  9.93635E-01  9.97422E-01  9.98888E-01  9.99638E-01  9.99960E-01       9.69530E-01  1.00000E+00
  9.93768E-01  9.97513E-01  9.98953E-01  9.99663E-01  9.99962E-01       9.67020E-01  1.00000E+00
  9.93722E-01  9.97432E-01  9.98908E-01  9.99647E-01  9.99965E-01       9.71350E-01  1.00000E+00
  9.94063E-01  9.97402E-01  9.98870E-01  9.99628E-01  9.99955E-01       9.74460E-01  1.00000E+00
  9.95460E-01  9.98008E-01  9.99130E-01  9.99715E-01  9.99970E-01       9.78600E-01  1.00000E+00


    5.  10.81   74. 183.84  5.00E+03  0.00E+00  3.73E-01  1.76E-01     5   0.00

  6.14540E+02  1.67160E+03  2.50360E+03  3.19620E+03  3.83700E+03       1.09770E-01  4.49130E+03

  4.38930E-01  6.41570E-01  7.72195E-01  8.74840E-01  9.61635E-01       1.86580E-02  1.00000E+00
  4.13440E-01  6.22355E-01  7.60140E-01  8.66810E-01  9.58340E-01       3.53410E-02  1.00000E+00
  3.99970E-01  6.13410E-01  7.50850E-01  8.61920E-01  9.57260E-01       4.00200E-02  9.99990E-01
  3.90910E-01  6.02890E-01  7.43125E-01  8.55910E-01  9.54025E-01       4.52250E-02  9.99990E-01
  3.11550E-01  4.97675E-01  6.37735E-01  7.67065E-01  9.04515E-01       2.21310E-02  9.99990E-01

 -9.50725E-01 -5.91818E-01 -9.12192E-03  5.83555E-01  9.47013E-01      -1.00000E+00  1.00000E+00
 -9.50163E-01 -5.92775E-01 -4.10531E-03  5.91615E-01  9.50755E-01      -1.00000E+00  1.00000E+00
 -9.51228E-01 -5.89552E-01  5.39722E-03  5.80120E-01  9.51525E-01      -1.00000E+00  1.00000E+00
 -9.50690E-01 -5.85155E-01  1.85434E-03  5.85152E-01  9.51145E-01      -1.00000E+00  1.00000E+00
 -9.51337E-01 -5.90987E-01  2.08700E-04  5.84005E-01  9.52773E-01      -1.00000E+00  1.00000E+00
 -9.50365E-01 -5.89098E-01  6.93135E-04  5.86117E-01  9.50555E-01      -1.00000E+00  1.00000E+00
 -9.53812E-01 -5.87233E-01  6.93188E-03  5.86267E-01  9.51102E-01      -1.00000E+00  1.00000E+00
 -9.52638E-01 -5.91810E-01  3.14900E-04  5.86990E-01  9.49327E-01      -1.00000E+00  1.00000E+00
 -9.55120E-01 -5.92325E-01 -7.33500E-03  5.88600E-01  9.51313E-01      -1.00000E+00  1.00000E+00
 -9.52557E-01 -5.94117E-01 -6.86932E-03  5.78612E-01  9.50932E-01      -1.00000E+00  1.00000E+00
 -9.51150E-01 -5.82863E-01  1.28906E-02  5.94108E-01  9.50935E-01      -1.00000E+00  1.00000E+00
 -9.51595E-01 -5.91313E-01 -1.83547E-02  5.79558E-01  9.48285E-01      -1.00000E+00  1.00000E+00
 -9.50443E-01 -5.91360E-01 -7.99390E-03  5.74893E-01  9.49735E-01      -1.00000E+00  1.00000E+00
 -9.46565E-01 -5.78935E-01  3.06075E-04  5.89163E-01  9.50727E-01      -1.00000E+00  1.00000E+00
 -9.52925E-01 -5.92932E-01 -1.18399E-02  5.83682E-01  9.46538E-01      -1.00000E+00  1.00000E+00
 -9.52505E-01 -5.90120E-01  1.08387E-02  6.00062E-01  9.52453E-01      -1.00000E+00  1.00000E+00
 -9.51432E-01 -6.02835E-01 -7.67298E-03  5.82815E-01  9.47870E-01      -1.00000E+00  1.00000E+00
 -9.50883E-01 -5.92225E-01 -1.17968E-02  5.86315E-01  9.51223E-01      -1.00000E+00  1.00000E+00
 -9.50013E-01 -5.91643E-01  7.55665E-03  5.92352E-01  9.51415E-01      -1.00000E+00  1.00000E+00
 -9.47390E-01 -5.82342E-01  3.11525E-03  5.92305E-01  9.52355E-01      -1.00000E+00  1.00000E+00
 -9.50465E-01 -5.84558E-01  1.32677E-02  5.88227E-01  9.49195E-01      -1.00000E+00  1.00000E+00
 -9.53772E-01 -5.94590E-01 -7.14045E-03  5.85105E-01  9.48275E-01      -1.00000E+00  1.00000E+00
 -9.50217E-01 -5.83615E-01  7.91573E-03  5.94207E-01  9.49660E-01      -1.00000E+00  1.00000E+00
 -9.50083E-01 -5.86850E-01  1.04442E-02  5.96525E-01  9.52917E-01      -1.00000E+00  1.00000E+00
 -9.52422E-01 -5.88010E-01 -3.89575E-03  5.79460E-01  9.49055E-01      -1.00000E+00  1.00000E+00


    5.  10.81   74. 183.84  5.00E+03  3.00E+01  4.18E-01  2.10E-01     5   0.00

  6.93400E+02  1.82970E+03  2.68610E+03  3.36840E+03  3.97100E+03       7.74900E-02  4.67090E+03

  4.37980E-01  6.40805E-01  7.71620E-01  8.74755E-01  9.61240E-01       1.30810E-02  1.00000E+00
  4.08840E-01  6.18890E-01  7.56610E-01  8.64860E-01  9.57730E-01       3.48020E-02  1.00000E+00
  3.94275E-01  6.05530E-01  7.45405E-01  8.57460E-01  9.55170E-01       2.21200E-02  9.99990E-01
  3.81610E-01  5.87150E-01  7.27900E-01  8.45810E-01  9.50150E-01       1.90660E-02  1.00000E+00
  2.90085E-01  4.62960E-01  5.99220E-01  7.32565E-01  8.82210E-01       1.54590E-02  9.99990E-01

 -9.51722E-01 -5.91040E-01  2.30057E-03  5.75605E-01  9.47582E-01      -1.00000E+00  1.00000E+00
 -9.52713E-01 -5.88658E-01 -1.39845E-02  5.82385E-01  9.49825E-01      -1.00000E+00  1.00000E+00
 -9.49967E-01 -5.82475E-01  2.31075E-04  5.93387E-01  9.52952E-01      -1.00000E+00  1.00000E+00
 -9.52157E-01 -5.96952E-01 -7.76987E-03  5.79435E-01  9.49395E-01      -1.00000E+00  1.00000E+00
 -9.48250E-01 -5.77575E-01  1.21190E-02  5.90448E-01  9.52855E-01      -1.00000E+00  1.00000E+00
 -9.49990E-01 -5.94257E-01 -8.04605E-03  5.81732E-01  9.50425E-01      -1.00000E+00  1.00000E+00
 -9.48795E-01 -5.86155E-01  6.89100E-03  5.95735E-01  9.54765E-01      -1.00000E+00  1.00000E+00
 -9.52855E-01 -5.96940E-01 -1.21050E-03  5.85535E-01  9.51952E-01      -1.00000E+00  1.00000E+00
 -9.52322E-01 -5.87447E-01 -2.94393E-03  5.85105E-01  9.47428E-01      -1.00000E+00  1.00000E+00
 -9.52008E-01 -5.82605E-01  5.80221E-03  5.81577E-01  9.50348E-01      -1.00000E+00  1.00000E+00
 -9.47642E-01 -5.73905E-01  2.32670E-02  6.06805E-01  9.55823E-01      -1.00000E+00  1.00000E+00
 -9.51035E-01 -5.79980E-01  6.12702E-03  5.92477E-01  9.52925E-01      -1.00000E+00  1.00000E+00
 -9.53357E-01 -5.81523E-01  5.30744E-03  5.96797E-01  9.52450E-01      -1.00000E+00  1.00000E+00
 -9.49607E-01 -5.76082E-01  8.58855E-03  6.00405E-01  9.52370E-01      -1.00000E+00  1.00000E+00
 -9.49912E-01 -5.81417E-01  1.10827E-02  5.93675E-01  9.52603E-01      -1.00000E+00  1.00000E+00
 -9.43323E-01 -5.27400E-01  9.30955E-02  6.49725E-01  9.60403E-01      -1.00000E+00  1.00000E+00
 -9.44005E-01 -5.37095E-01  7.23787E-02  6.38203E-01  9.56392E-01      -1.00000E+00  1.00000E+00
 -9.43508E-01 -5.34763E-01  8.01990E-02  6.37220E-01  9.55055E-01      -1.00000E+00  1.00000E+00
 -9.47847E-01 -5.68828E-01  5.47283E-02  6.24568E-01  9.56530E-01      -1.00000E+00  1.00000E+00
 -9.48152E-01 -5.66800E-01  3.43313E-02  6.14633E-01  9.55322E-01      -1.00000E+00  1.00000E+00
 -6.88527E-01 -3.43025E-02  4.74183E-01  8.08770E-01  9.79548E-01      -1.00000E+00  1.00000E+00
 -6.37107E-01 -2.23800E-02  4.68068E-01  8.10768E-01  9.77610E-01      -1.00000E+00  1.00000E+00
 -5.79508E-01 -6.94500E-03  4.83322E-01  8.07705E-01  9.78815E-01      -1.00000E+00  1.00000E+00
 -5.22990E-01  1.03500E-02  4.63962E-01  8.09532E-01  9.78750E-01      -1.00000E+00  1.00000E+00
 -4.95631E-01 -6.09500E-03  4.49432E-01  7.90375E-01  9.75970E-01      -1.00000E+00  1.00000E+00


    5.  10.81   74. 183.84  5.00E+03  4.50E+01  4.78E-01  2.59E-01     5   0.00

  8.09030E+02  2.05440E+03  2.92820E+03  3.59240E+03  4.16520E+03       2.16030E-01  4.77210E+03

  4.34135E-01  6.38705E-01  7.69870E-01  8.73830E-01  9.60820E-01       8.17270E-03  1.00000E+00
  4.01335E-01  6.11160E-01  7.49860E-01  8.61655E-01  9.57055E-01       3.10400E-02  1.00000E+00
  3.82155E-01  5.90840E-01  7.33815E-01  8.50380E-01  9.52720E-01       1.12690E-02  1.00000E+00
  3.58430E-01  5.58070E-01  7.01155E-01  8.26220E-01  9.42885E-01       2.51280E-02  1.00000E+00
  2.53620E-01  4.15985E-01  5.49445E-01  6.83850E-01  8.42525E-01       3.96870E-03  9.99980E-01

 -9.52508E-01 -5.87490E-01  8.27922E-03  5.84655E-01  9.48935E-01      -1.00000E+00  1.00000E+00
 -9.53005E-01 -5.86460E-01 -7.61462E-03  5.77295E-01  9.48985E-01      -1.00000E+00  1.00000E+00
 -9.50545E-01 -5.87627E-01 -3.70142E-03  5.81950E-01  9.51085E-01      -1.00000E+00  1.00000E+00
 -9.49480E-01 -5.82063E-01  6.24822E-03  5.95427E-01  9.53542E-01      -1.00000E+00  1.00000E+00
 -9.50935E-01 -5.89470E-01  5.49250E-04  5.92245E-01  9.50062E-01      -1.00000E+00  1.00000E+00
 -9.52625E-01 -5.82795E-01  8.95475E-03  5.87520E-01  9.51623E-01      -1.00000E+00  1.00000E+00
 -9.52843E-01 -5.85625E-01  2.68133E-03  5.90275E-01  9.51292E-01      -1.00000E+00  1.00000E+00
 -9.49065E-01 -5.80030E-01  3.44075E-03  5.84485E-01  9.49130E-01      -1.00000E+00  1.00000E+00
 -9.53032E-01 -5.95268E-01  2.57325E-04  5.81307E-01  9.48965E-01      -1.00000E+00  1.00000E+00
 -9.50582E-01 -5.84117E-01  4.03170E-03  5.79895E-01  9.52093E-01      -1.00000E+00  1.00000E+00
 -9.45195E-01 -5.58730E-01  3.40638E-02  6.04423E-01  9.55600E-01      -1.00000E+00  1.00000E+00
 -9.49342E-01 -5.61422E-01  3.52962E-02  6.19540E-01  9.54165E-01      -1.00000E+00  1.00000E+00
 -9.47553E-01 -5.58840E-01  3.80205E-02  6.12975E-01  9.56340E-01      -1.00000E+00  1.00000E+00
 -9.50638E-01 -5.79465E-01  1.75203E-02  6.03880E-01  9.53867E-01      -1.00000E+00  1.00000E+00
 -9.49340E-01 -5.80805E-01  4.90202E-03  5.91708E-01  9.52817E-01      -1.00000E+00  1.00000E+00
 -9.29050E-01 -4.31215E-01  2.06445E-01  6.99315E-01  9.66763E-01      -1.00000E+00  1.00000E+00
 -9.29430E-01 -4.44512E-01  1.90227E-01  6.98303E-01  9.67010E-01      -1.00000E+00  1.00000E+00
 -9.38060E-01 -4.77235E-01  1.67798E-01  6.88915E-01  9.64465E-01      -1.00000E+00  1.00000E+00
 -9.34690E-01 -4.82255E-01  1.53523E-01  6.80793E-01  9.63247E-01      -1.00000E+00  1.00000E+00
 -9.43728E-01 -5.35035E-01  8.33795E-02  6.33580E-01  9.58245E-01      -1.00000E+00  1.00000E+00
 -2.19325E-01  3.02745E-01  6.78385E-01  8.92095E-01  9.88187E-01      -1.00000E+00  1.00000E+00
 -1.28532E-01  3.83249E-01  7.07575E-01  8.99967E-01  9.89428E-01      -1.00000E+00  1.00000E+00
 -9.89400E-02  3.96006E-01  7.12472E-01  9.00738E-01  9.89200E-01      -1.00000E+00  1.00000E+00
 -9.71825E-02  3.95968E-01  6.97758E-01  8.96323E-01  9.88583E-01      -9.99990E-01  1.00000E+00
 -1.76780E-01  3.36131E-01  6.72580E-01  8.82565E-01  9.87227E-01      -1.00000E+00  1.00000E+00


    5.  10.81   74. 183.84  5.00E+03  6.00E+01  5.66E-01  3.42E-01     5   0.00

  1.03160E+03  2.44090E+03  3.32700E+03  3.92720E+03  4.43750E+03       2.77780E-02  4.86140E+03

  4.26930E-01  6.32125E-01  7.65770E-01  8.70435E-01  9.59585E-01       1.18140E-02  1.00000E+00
  3.88780E-01  5.97905E-01  7.38410E-01  8.53545E-01  9.53185E-01       3.43480E-02  1.00000E+00
  3.53310E-01  5.55395E-01  7.00550E-01  8.26320E-01  9.43015E-01       3.50080E-02  1.00000E+00
  3.08425E-01  4.96580E-01  6.44995E-01  7.86180E-01  9.28945E-01       1.54770E-02  1.00000E+00
  2.01240E-01  3.34210E-01  4.50965E-01  5.75830E-01  7.38430E-01       2.91720E-03  9.99990E-01

 -9.51400E-01 -5.85453E-01 -5.14037E-03  5.81625E-01  9.50257E-01      -1.00000E+00  1.00000E+00
 -9.50505E-01 -5.79832E-01  6.19450E-04  5.83415E-01  9.51917E-01      -1.00000E+00  1.00000E+00
 -9.51880E-01 -5.85538E-01 -1.52398E-03  5.85145E-01  9.50072E-01      -1.00000E+00  1.00000E+00
 -9.51200E-01 -5.80485E-01  1.25131E-02  5.95400E-01  9.51362E-01      -1.00000E+00  1.00000E+00
 -9.52797E-01 -5.89630E-01  2.45238E-03  5.91842E-01  9.52310E-01      -1.00000E+00  1.00000E+00
 -9.51540E-01 -5.81595E-01  4.79625E-04  5.87162E-01  9.51703E-01      -1.00000E+00  1.00000E+00
 -9.49480E-01 -5.87163E-01  5.00210E-03  5.94895E-01  9.51967E-01      -1.00000E+00  1.00000E+00
 -9.50122E-01 -5.79510E-01  1.00858E-02  5.98432E-01  9.52512E-01      -1.00000E+00  1.00000E+00
 -9.52183E-01 -5.84900E-01 -5.43907E-03  5.85257E-01  9.47958E-01      -1.00000E+00  1.00000E+00
 -9.51045E-01 -5.87067E-01  1.57978E-03  5.93030E-01  9.51727E-01      -1.00000E+00  1.00000E+00
 -9.41215E-01 -5.21788E-01  1.09380E-01  6.66175E-01  9.61885E-01      -1.00000E+00  1.00000E+00
 -9.39860E-01 -5.15587E-01  1.15850E-01  6.64618E-01  9.61535E-01      -1.00000E+00  1.00000E+00
 -9.42597E-01 -5.11153E-01  1.21500E-01  6.62845E-01  9.61050E-01      -1.00000E+00  1.00000E+00
 -9.43752E-01 -5.30940E-01  8.43330E-02  6.44280E-01  9.58945E-01      -1.00000E+00  1.00000E+00
 -9.45370E-01 -5.51162E-01  4.90041E-02  6.24958E-01  9.55252E-01      -1.00000E+00  1.00000E+00
 -7.08487E-01 -1.15949E-01  4.51917E-01  8.16763E-01  9.80492E-01      -1.00000E+00  1.00000E+00
 -6.51670E-01 -6.52800E-02  4.77058E-01  8.20843E-01  9.80510E-01      -1.00000E+00  1.00000E+00
 -6.53785E-01 -7.21975E-02  4.58047E-01  8.09937E-01  9.78685E-01      -1.00000E+00  1.00000E+00
 -7.09475E-01 -1.33013E-01  4.13280E-01  7.93320E-01  9.77385E-01      -1.00000E+00  1.00000E+00
 -8.62055E-01 -3.18974E-01  2.57505E-01  7.21283E-01  9.68405E-01      -1.00000E+00  1.00000E+00
  3.62671E-01  6.81795E-01  8.60365E-01  9.53980E-01  9.95230E-01      -7.43950E-01  1.00000E+00
  3.95327E-01  7.03630E-01  8.65648E-01  9.55923E-01  9.95245E-01      -7.42650E-01  1.00000E+00
  4.15985E-01  7.04143E-01  8.66517E-01  9.55360E-01  9.95518E-01      -8.57960E-01  1.00000E+00
  4.50345E-01  7.18150E-01  8.64645E-01  9.53000E-01  9.94817E-01      -8.24600E-01  1.00000E+00
  4.82608E-01  7.52208E-01  8.85518E-01  9.59762E-01  9.95488E-01      -9.99970E-01  1.00000E+00


    5.  10.81   74. 183.84  5.00E+03  7.00E+01  6.44E-01  4.31E-01     5   0.00

  1.31170E+03  2.87650E+03  3.73110E+03  4.24760E+03  4.65260E+03       1.15040E-01  4.91100E+03

  4.17950E-01  6.26600E-01  7.61405E-01  8.68550E-01  9.59085E-01       7.06560E-03  1.00000E+00
  3.66375E-01  5.71775E-01  7.16245E-01  8.38010E-01  9.47775E-01       3.85400E-02  1.00000E+00
  3.06315E-01  4.95165E-01  6.43705E-01  7.83440E-01  9.25150E-01       2.94630E-02  9.99990E-01
  2.54495E-01  4.18050E-01  5.61720E-01  7.14925E-01  8.88300E-01       2.21180E-02  1.00000E+00
  1.48755E-01  2.47505E-01  3.39350E-01  4.45975E-01  5.94720E-01       1.19730E-03  9.88800E-01

 -9.52215E-01 -5.92545E-01 -1.28869E-02  5.80322E-01  9.50082E-01      -1.00000E+00  1.00000E+00
 -9.50480E-01 -5.79650E-01  1.01887E-02  5.82390E-01  9.50237E-01      -1.00000E+00  1.00000E+00
 -9.49048E-01 -5.88982E-01 -5.66487E-03  5.81970E-01  9.50630E-01      -1.00000E+00  1.00000E+00
 -9.50905E-01 -5.94917E-01 -4.45650E-03  5.83427E-01  9.49100E-01      -1.00000E+00  1.00000E+00
 -9.50648E-01 -5.93187E-01 -1.35042E-02  5.82418E-01  9.51060E-01      -1.00000E+00  1.00000E+00
 -9.50592E-01 -5.70735E-01  2.51350E-02  6.07805E-01  9.53315E-01      -1.00000E+00  1.00000E+00
 -9.47140E-01 -5.61885E-01  3.28620E-02  6.05860E-01  9.53925E-01      -1.00000E+00  1.00000E+00
 -9.47933E-01 -5.71693E-01  2.25686E-02  6.03865E-01  9.54928E-01      -1.00000E+00  1.00000E+00
 -9.49302E-01 -5.69740E-01  2.41195E-02  6.09760E-01  9.52040E-01      -1.00000E+00  1.00000E+00
 -9.49730E-01 -5.81165E-01  6.09730E-03  5.95255E-01  9.52660E-01      -1.00000E+00  1.00000E+00
 -9.08303E-01 -4.12262E-01  2.45285E-01  7.31775E-01  9.69712E-01      -1.00000E+00  1.00000E+00
 -8.91168E-01 -3.41820E-01  2.87950E-01  7.46612E-01  9.71840E-01      -1.00000E+00  1.00000E+00
 -8.95907E-01 -3.40435E-01  2.97288E-01  7.50360E-01  9.72947E-01      -1.00000E+00  1.00000E+00
 -9.19985E-01 -4.11413E-01  2.30932E-01  7.16920E-01  9.68370E-01      -1.00000E+00  1.00000E+00
 -9.37812E-01 -4.83440E-01  1.48005E-01  6.71827E-01  9.63313E-01      -1.00000E+00  1.00000E+00
 -7.44300E-02  4.19033E-01  7.45358E-01  9.17165E-01  9.91175E-01      -9.96420E-01  1.00000E+00
 -1.90350E-02  4.48340E-01  7.54445E-01  9.19232E-01  9.91457E-01      -9.90600E-01  1.00000E+00
 -2.08725E-02  4.33583E-01  7.38337E-01  9.13490E-01  9.90428E-01      -9.99440E-01  1.00000E+00
 -5.59525E-02  3.74015E-01  7.00278E-01  8.97165E-01  9.88715E-01      -9.99960E-01  1.00000E+00
 -2.18865E-01  2.42701E-01  5.85858E-01  8.47603E-01  9.83282E-01      -1.00000E+00  1.00000E+00
  6.72530E-01  8.48018E-01  9.38022E-01  9.80543E-01  9.97860E-01      -2.04570E-01  1.00000E+00
  6.89677E-01  8.56725E-01  9.39635E-01  9.80603E-01  9.97890E-01      -1.71770E-01  1.00000E+00
  6.98543E-01  8.52830E-01  9.34850E-01  9.78525E-01  9.97665E-01      -3.75320E-01  1.00000E+00
  7.18635E-01  8.62545E-01  9.35370E-01  9.78220E-01  9.97697E-01      -2.54420E-01  1.00000E+00
  7.73543E-01  8.96192E-01  9.52678E-01  9.83725E-01  9.98273E-01      -8.49220E-02  1.00000E+00


    5.  10.81   74. 183.84  5.00E+03  8.00E+01  7.65E-01  5.95E-01     5   0.00

  1.99820E+03  3.72700E+03  4.37950E+03  4.69770E+03  4.86200E+03       1.36000E-01  4.95040E+03

  3.96965E-01  6.04415E-01  7.42940E-01  8.56170E-01  9.54810E-01       2.66970E-02  1.00000E+00
  2.84565E-01  4.69835E-01  6.21700E-01  7.67595E-01  9.18140E-01       2.27060E-02  9.99990E-01
  2.06700E-01  3.53430E-01  4.96555E-01  6.62310E-01  8.66030E-01       1.19350E-02  1.00000E+00
  1.36565E-01  2.27660E-01  3.24865E-01  4.48830E-01  6.16870E-01       3.47750E-03  9.48630E-01
  7.25440E-02  1.19313E-01  1.68860E-01  2.31395E-01  3.23385E-01       1.19990E-03  6.44150E-01

 -9.51968E-01 -5.90390E-01 -1.17626E-02  5.83235E-01  9.51422E-01      -1.00000E+00  1.00000E+00
 -9.49708E-01 -5.90295E-01  4.72150E-03  5.86172E-01  9.51415E-01      -1.00000E+00  1.00000E+00
 -9.48155E-01 -5.79268E-01  4.03807E-03  5.93415E-01  9.51362E-01      -1.00000E+00  1.00000E+00
 -9.52122E-01 -5.86640E-01 -7.13225E-04  5.86290E-01  9.49723E-01      -1.00000E+00  1.00000E+00
 -9.51960E-01 -5.87747E-01  3.53840E-03  5.83290E-01  9.49603E-01      -1.00000E+00  1.00000E+00
 -9.13347E-01 -4.85783E-01  1.52675E-01  6.91980E-01  9.65770E-01      -1.00000E+00  1.00000E+00
 -8.84908E-01 -3.77565E-01  2.54537E-01  7.32727E-01  9.70685E-01      -1.00000E+00  1.00000E+00
 -8.86330E-01 -3.67062E-01  2.60538E-01  7.29947E-01  9.70100E-01      -1.00000E+00  1.00000E+00
 -9.14453E-01 -4.34290E-01  2.07965E-01  7.07290E-01  9.67010E-01      -1.00000E+00  1.00000E+00
 -9.43190E-01 -5.22358E-01  1.08214E-01  6.62195E-01  9.61843E-01      -1.00000E+00  1.00000E+00
  1.08840E-01  5.07622E-01  7.92098E-01  9.35935E-01  9.93445E-01      -9.72450E-01  1.00000E+00
  1.40609E-01  5.58693E-01  8.11060E-01  9.39085E-01  9.93755E-01      -9.21590E-01  1.00000E+00
  1.28415E-01  5.11865E-01  7.79362E-01  9.28690E-01  9.92495E-01      -8.88620E-01  1.00000E+00
  9.82400E-02  4.51792E-01  7.33680E-01  9.10798E-01  9.90307E-01      -9.95790E-01  1.00000E+00
 -5.02025E-02  3.65770E-01  6.48292E-01  8.65745E-01  9.85105E-01      -1.00000E+00  1.00000E+00
  7.01310E-01  8.80803E-01  9.56310E-01  9.87330E-01  9.98745E-01       7.25070E-02  1.00000E+00
  7.10850E-01  8.75810E-01  9.50985E-01  9.84818E-01  9.98437E-01       6.77290E-02  1.00000E+00
  7.09285E-01  8.56838E-01  9.41477E-01  9.81610E-01  9.98110E-01       9.43690E-02  1.00000E+00
  7.29750E-01  8.44865E-01  9.26430E-01  9.75225E-01  9.97408E-01       7.45080E-02  1.00000E+00
  8.19450E-01  9.05790E-01  9.52870E-01  9.82752E-01  9.98097E-01       1.48250E-01  1.00000E+00
  9.38185E-01  9.79153E-01  9.92457E-01  9.97750E-01  9.99778E-01       6.79880E-01  1.00000E+00
  9.31695E-01  9.73370E-01  9.89912E-01  9.96830E-01  9.99670E-01       7.04210E-01  1.00000E+00
  9.28220E-01  9.67427E-01  9.86503E-01  9.95668E-01  9.99548E-01       6.57480E-01  1.00000E+00
  9.31968E-01  9.67745E-01  9.85175E-01  9.95075E-01  9.99457E-01       7.26780E-01  1.00000E+00
  9.51493E-01  9.77598E-01  9.89997E-01  9.96612E-01  9.99640E-01       7.39510E-01  1.00000E+00


    5.  10.81   74. 183.84  5.00E+03  8.50E+01  8.99E-01  8.06E-01     5   0.00

  3.55180E+03  4.66890E+03  4.82830E+03  4.89330E+03  4.93140E+03       6.21430E-01  4.96380E+03

  2.95770E-01  4.87900E-01  6.40840E-01  7.85935E-01  9.31175E-01       1.15640E-02  1.00000E+00
  1.26705E-01  2.29930E-01  3.54565E-01  5.21190E-01  7.18125E-01       1.40300E-05  9.99570E-01
  7.73455E-02  1.24800E-01  1.84145E-01  2.78180E-01  4.28285E-01       1.00130E-03  6.89060E-01
  6.28505E-02  9.93510E-02  1.39600E-01  1.94710E-01  2.74405E-01       4.79990E-04  4.72910E-01
  3.35445E-02  5.34485E-02  7.28415E-02  9.84430E-02  1.42105E-01       3.21650E-04  2.96730E-01

 -8.88410E-01 -3.95620E-01  1.42007E-01  6.73135E-01  9.63197E-01      -1.00000E+00  1.00000E+00
 -8.56080E-01 -3.32413E-01  2.25116E-01  7.03802E-01  9.67095E-01      -1.00000E+00  1.00000E+00
 -8.65745E-01 -3.43888E-01  2.16518E-01  7.05118E-01  9.66218E-01      -1.00000E+00  1.00000E+00
 -8.94138E-01 -3.90983E-01  1.57089E-01  6.76212E-01  9.62432E-01      -1.00000E+00  1.00000E+00
 -9.31590E-01 -5.00080E-01  5.45817E-02  6.04272E-01  9.53028E-01      -1.00000E+00  1.00000E+00
  5.87228E-01  7.96547E-01  9.22095E-01  9.79660E-01  9.98250E-01      -3.66950E-01  1.00000E+00
  5.76037E-01  7.85878E-01  9.16257E-01  9.75480E-01  9.97545E-01      -3.28790E-01  1.00000E+00
  5.53230E-01  7.43578E-01  8.78505E-01  9.61407E-01  9.96140E-01      -4.70250E-01  1.00000E+00
  5.71960E-01  7.44710E-01  8.53535E-01  9.44748E-01  9.94202E-01      -3.87960E-01  1.00000E+00
  6.55882E-01  8.25160E-01  9.13960E-01  9.67920E-01  9.96332E-01      -2.50200E-01  1.00000E+00
  9.35502E-01  9.85415E-01  9.95317E-01  9.98663E-01  9.99865E-01       6.58020E-01  1.00000E+00
  9.15415E-01  9.76818E-01  9.92098E-01  9.97700E-01  9.99770E-01       6.56740E-01  1.00000E+00
  8.91610E-01  9.60960E-01  9.86255E-01  9.96030E-01  9.99595E-01       6.52200E-01  1.00000E+00
  8.86350E-01  9.40702E-01  9.75450E-01  9.92408E-01  9.99197E-01       6.45880E-01  1.00000E+00
  9.30705E-01  9.62317E-01  9.80515E-01  9.92895E-01  9.99217E-01       7.25430E-01  1.00000E+00
  9.72422E-01  9.92483E-01  9.97402E-01  9.99243E-01  9.99922E-01       8.62860E-01  1.00000E+00
  9.66127E-01  9.88865E-01  9.95918E-01  9.98753E-01  9.99872E-01       8.46990E-01  1.00000E+00
  9.60315E-01  9.84615E-01  9.94070E-01  9.98197E-01  9.99822E-01       8.44400E-01  1.00000E+00
  9.60832E-01  9.80880E-01  9.91663E-01  9.97348E-01  9.99730E-01       8.76370E-01  1.00000E+00
  9.74317E-01  9.87720E-01  9.94277E-01  9.97995E-01  9.99775E-01       8.79530E-01  1.00000E+00
  9.93947E-01  9.97965E-01  9.99188E-01  9.99750E-01  9.99975E-01       9.46130E-01  1.00000E+00
  9.92728E-01  9.97457E-01  9.99005E-01  9.99687E-01  9.99968E-01       9.42980E-01  1.00000E+00
  9.91077E-01  9.96780E-01  9.98710E-01  9.99590E-01  9.99958E-01       9.45800E-01  1.00000E+00
  9.89772E-01  9.95823E-01  9.98242E-01  9.99430E-01  9.99940E-01       9.48680E-01  1.00000E+00
  9.90820E-01  9.96067E-01  9.98280E-01  9.99430E-01  9.99937E-01       9.52610E-01  1.00000E+00



