Be_on_W_3.31  also includes: pdf boundaries emin,emax, angmin, angmax....       
 
*  projectile surface binding energy parameter: 3.31 eV     
*  parameter esbparm only added in first of the 84 blocks
 
 
    4.   9.01   74. 183.84  1.00E+00  0.00E+00  6.21E-03  8.48E-04  3.31E+00   5   0.00

  4.57750E-02  8.04460E-02  1.17050E-01  1.76740E-01  2.56740E-01       8.97600E-04  4.03690E-01

  3.38260E-01  5.46425E-01  6.98050E-01  8.24775E-01  9.37725E-01       2.46800E-02  9.99680E-01
  3.35605E-01  5.85440E-01  7.37025E-01  8.64200E-01  9.58960E-01       6.33100E-03  9.99680E-01
  2.87970E-01  5.00960E-01  6.54715E-01  7.89955E-01  9.28130E-01       3.78430E-03  9.99970E-01
  3.01995E-01  5.24880E-01  6.82185E-01  8.20340E-01  9.47590E-01       3.67510E-02  9.99960E-01
  2.71325E-01  4.81085E-01  6.41155E-01  7.77645E-01  9.18200E-01       3.33140E-02  9.99500E-01

 -9.57080E-01 -5.59543E-01 -5.29815E-02  5.59060E-01  9.40582E-01      -9.99990E-01  9.99820E-01
 -9.36318E-01 -5.60208E-01  5.69605E-02  5.59235E-01  9.45508E-01      -9.99850E-01  9.97960E-01
 -9.50995E-01 -5.45350E-01 -1.02498E-02  5.16195E-01  9.21750E-01      -9.99980E-01  9.96020E-01
 -9.38403E-01 -5.61068E-01 -5.08430E-02  6.13005E-01  9.53298E-01      -9.99990E-01  9.97280E-01
 -9.11120E-01 -5.50050E-01 -2.97250E-04  6.03740E-01  9.60048E-01      -9.99400E-01  9.99550E-01
 -9.09520E-01 -6.14755E-01 -7.66073E-02  6.08853E-01  9.54198E-01      -1.00000E+00  9.98340E-01
 -9.45893E-01 -5.31995E-01  9.93019E-02  5.85783E-01  9.33830E-01      -9.99890E-01  9.97820E-01
 -9.34818E-01 -5.85143E-01  3.59113E-02  5.83462E-01  9.53668E-01      -9.99940E-01  9.98970E-01
 -9.52165E-01 -4.86700E-01  1.05656E-01  6.64875E-01  9.55363E-01      -9.99960E-01  9.99950E-01
 -9.35555E-01 -5.62585E-01 -3.52532E-02  5.82105E-01  9.64283E-01      -9.99960E-01  9.99730E-01
 -9.33777E-01 -5.78213E-01  3.24168E-02  6.06890E-01  9.53172E-01      -9.99990E-01  9.99350E-01
 -9.42670E-01 -5.09390E-01  1.06300E-01  7.04603E-01  9.59802E-01      -9.99950E-01  9.99100E-01
 -9.64545E-01 -6.00577E-01  1.01280E-02  5.50782E-01  9.28702E-01      -1.00000E+00  9.98920E-01
 -9.57818E-01 -5.39030E-01  2.04382E-02  6.14205E-01  9.68553E-01      -1.00000E+00  9.99530E-01
 -9.25695E-01 -5.93065E-01  1.39800E-03  6.16250E-01  9.69053E-01      -1.00000E+00  9.99640E-01
 -9.45735E-01 -5.87830E-01 -1.84150E-02  5.90633E-01  9.51412E-01      -9.99980E-01  9.97310E-01
 -9.41787E-01 -5.99857E-01 -9.05300E-03  4.51777E-01  9.12205E-01      -9.99980E-01  9.98180E-01
 -9.45480E-01 -6.28038E-01 -9.68772E-02  5.02300E-01  9.48100E-01      -1.00000E+00  9.98620E-01
 -9.57035E-01 -5.26883E-01  2.76165E-02  5.85773E-01  9.53063E-01      -9.99990E-01  9.99920E-01
 -9.61817E-01 -6.06222E-01 -6.54390E-02  5.63730E-01  9.37985E-01      -9.99960E-01  9.98310E-01
 -9.45210E-01 -6.20255E-01 -9.59920E-02  5.97255E-01  9.61927E-01      -9.99820E-01  9.99300E-01
 -9.21098E-01 -6.24413E-01 -4.34640E-02  5.89290E-01  9.53963E-01      -9.99960E-01  9.98950E-01
 -9.22060E-01 -4.94598E-01  7.75592E-02  5.95882E-01  9.39947E-01      -9.99990E-01  9.98350E-01
 -9.36770E-01 -5.72770E-01  1.82325E-03  5.72562E-01  9.62168E-01      -9.99950E-01  9.99670E-01
 -9.42290E-01 -6.52020E-01 -4.32508E-02  4.59420E-01  9.29475E-01      -9.99960E-01  9.91990E-01


    4.   9.01   74. 183.84  1.00E+00  3.00E+01  9.25E-03  1.64E-03     5   0.00

  5.95590E-02  1.10280E-01  1.65240E-01  2.24990E-01  3.13940E-01       1.77950E-03  6.30230E-01

  3.13375E-01  5.35410E-01  7.00030E-01  8.35665E-01  9.47200E-01       1.50370E-02  9.99800E-01
  3.20655E-01  5.46145E-01  7.08010E-01  8.37020E-01  9.49860E-01       6.26260E-03  9.99860E-01
  3.08115E-01  5.34875E-01  6.94070E-01  8.26450E-01  9.46450E-01       1.17840E-02  9.99940E-01
  2.97180E-01  5.16975E-01  6.80195E-01  8.20560E-01  9.45700E-01       1.73560E-02  9.99950E-01
  2.70640E-01  4.84640E-01  6.31600E-01  7.77855E-01  9.18090E-01       1.22230E-02  9.99770E-01

 -9.65712E-01 -6.94707E-01 -2.32633E-01  4.46012E-01  9.23948E-01      -1.00000E+00  9.98150E-01
 -9.66365E-01 -6.55208E-01 -1.62187E-01  4.64557E-01  9.10310E-01      -1.00000E+00  9.98410E-01
 -9.66425E-01 -6.42455E-01 -9.33452E-02  5.35948E-01  9.57483E-01      -1.00000E+00  9.98760E-01
 -9.55000E-01 -5.98047E-01  5.44245E-02  5.90285E-01  9.45795E-01      -1.00000E+00  9.99170E-01
 -9.56643E-01 -6.93515E-01 -1.04688E-01  5.79480E-01  9.47923E-01      -9.99990E-01  9.99630E-01
 -8.86135E-01 -4.13182E-01  1.97694E-01  6.48460E-01  9.65540E-01      -9.99890E-01  9.99500E-01
 -9.17873E-01 -5.04355E-01  7.67347E-02  6.16690E-01  9.41660E-01      -1.00000E+00  9.98340E-01
 -9.06540E-01 -4.75083E-01  5.86444E-02  5.99985E-01  9.50822E-01      -1.00000E+00  9.99770E-01
 -9.29537E-01 -5.23177E-01  3.45984E-02  6.33590E-01  9.53290E-01      -1.00000E+00  9.99780E-01
 -9.25462E-01 -5.31605E-01  1.55477E-01  6.17387E-01  9.58567E-01      -1.00000E+00  9.99910E-01
 -8.21335E-01 -1.48175E-01  3.90720E-01  7.76862E-01  9.84197E-01      -9.99780E-01  9.99570E-01
 -8.88983E-01 -3.00505E-01  3.24843E-01  6.91562E-01  9.71460E-01      -1.00000E+00  9.99740E-01
 -8.42915E-01 -2.72153E-01  3.35160E-01  7.56658E-01  9.77483E-01      -1.00000E+00  9.99120E-01
 -9.23682E-01 -3.00880E-01  3.18738E-01  7.74305E-01  9.60290E-01      -9.99810E-01  9.99470E-01
 -8.94208E-01 -3.71715E-01  1.58677E-01  6.83905E-01  9.52863E-01      -9.99890E-01  9.99540E-01
 -8.32963E-01 -1.31123E-01  4.98922E-01  8.49350E-01  9.80892E-01      -9.99980E-01  9.99830E-01
 -8.48410E-01 -1.58839E-01  4.29845E-01  7.88088E-01  9.72960E-01      -9.99930E-01  9.99960E-01
 -8.82990E-01 -2.99662E-01  2.86813E-01  7.51155E-01  9.69237E-01      -9.99980E-01  9.99690E-01
 -8.84763E-01 -3.42502E-01  2.82856E-01  7.74098E-01  9.76800E-01      -1.00000E+00  9.99770E-01
 -9.15123E-01 -4.28120E-01  1.75532E-01  6.88765E-01  9.62670E-01      -1.00000E+00  9.99540E-01
 -4.63725E-01  1.96240E-01  5.67675E-01  8.44307E-01  9.79058E-01      -9.98670E-01  9.99990E-01
 -4.85843E-01  1.63052E-01  5.79648E-01  8.50860E-01  9.85968E-01      -9.99980E-01  9.99810E-01
 -4.96503E-01  2.22592E-01  6.43335E-01  8.55953E-01  9.78923E-01      -9.99910E-01  9.99960E-01
 -6.37070E-01  1.04567E-01  6.09413E-01  8.70875E-01  9.85500E-01      -9.99980E-01  9.99890E-01
 -8.12895E-01 -1.33270E-01  4.43818E-01  7.83350E-01  9.72440E-01      -9.99990E-01  9.99980E-01


    4.   9.01   74. 183.84  1.00E+00  4.50E+01  1.16E-02  2.34E-03     5   0.00

  7.63950E-02  1.33270E-01  1.92000E-01  2.53220E-01  3.45800E-01       1.89510E-03  6.45680E-01

  3.25955E-01  5.49735E-01  7.08900E-01  8.34295E-01  9.48810E-01       1.47130E-02  9.99900E-01
  3.14565E-01  5.51030E-01  7.06905E-01  8.38710E-01  9.48475E-01       1.56330E-02  9.99940E-01
  2.96900E-01  5.28995E-01  6.92410E-01  8.24860E-01  9.46860E-01       1.12810E-02  9.99960E-01
  2.99235E-01  5.12940E-01  6.75660E-01  8.10430E-01  9.35360E-01       1.44880E-02  9.99980E-01
  2.65925E-01  4.71780E-01  6.37470E-01  7.82240E-01  9.22555E-01       6.82150E-03  9.99810E-01

 -9.65523E-01 -6.78927E-01 -1.73775E-01  4.24720E-01  9.27700E-01      -1.00000E+00  9.99330E-01
 -9.53167E-01 -6.38675E-01 -1.51631E-01  4.39208E-01  9.21505E-01      -9.99990E-01  9.99880E-01
 -9.48810E-01 -6.83628E-01 -1.04392E-01  4.42785E-01  9.27980E-01      -9.99990E-01  9.99900E-01
 -9.50878E-01 -6.86482E-01 -8.56983E-02  4.82998E-01  9.36993E-01      -1.00000E+00  9.99570E-01
 -9.51720E-01 -5.85912E-01 -3.79755E-02  5.91083E-01  9.44267E-01      -9.99970E-01  9.99770E-01
 -8.88265E-01 -4.04565E-01  2.08017E-01  6.92912E-01  9.69530E-01      -1.00000E+00  9.99900E-01
 -8.87530E-01 -4.04478E-01  1.80680E-01  7.09122E-01  9.70760E-01      -9.99990E-01  9.99800E-01
 -9.30333E-01 -4.59058E-01  1.77003E-01  6.48740E-01  9.74997E-01      -9.99990E-01  9.99920E-01
 -9.32370E-01 -4.33285E-01  1.79163E-01  6.88312E-01  9.73187E-01      -1.00000E+00  9.99850E-01
 -9.60910E-01 -5.85145E-01 -1.85665E-03  5.96730E-01  9.56200E-01      -1.00000E+00  9.99330E-01
 -8.87903E-01 -1.69008E-01  4.44248E-01  8.07932E-01  9.82618E-01      -1.00000E+00  9.99960E-01
 -8.78835E-01 -2.18252E-01  3.85737E-01  7.74295E-01  9.70213E-01      -9.99660E-01  9.99640E-01
 -8.79202E-01 -2.94525E-01  3.24873E-01  7.31128E-01  9.67200E-01      -1.00000E+00  9.99590E-01
 -8.79163E-01 -3.64193E-01  2.82822E-01  7.15635E-01  9.52130E-01      -9.99910E-01  9.99450E-01
 -9.17755E-01 -4.54263E-01  1.08301E-01  6.58480E-01  9.69080E-01      -9.99980E-01  9.99920E-01
 -7.18660E-01  4.99164E-02  5.44830E-01  8.20342E-01  9.73735E-01      -1.00000E+00  9.99660E-01
 -7.14550E-01  2.53312E-02  5.13707E-01  8.20755E-01  9.79630E-01      -9.99980E-01  9.99960E-01
 -8.24908E-01 -2.73030E-02  4.74542E-01  8.01162E-01  9.78940E-01      -1.00000E+00  9.98810E-01
 -8.44298E-01 -1.46839E-01  4.53968E-01  8.08115E-01  9.77520E-01      -9.99950E-01  9.99900E-01
 -8.94650E-01 -2.23245E-01  3.11267E-01  7.57885E-01  9.73323E-01      -1.00000E+00  9.99670E-01
 -2.29688E-01  4.62750E-01  7.71335E-01  9.15558E-01  9.90737E-01      -9.99210E-01  9.99940E-01
 -2.32671E-01  3.95075E-01  7.07122E-01  8.85375E-01  9.84903E-01      -9.98910E-01  9.99540E-01
 -4.54540E-01  3.33292E-01  6.94930E-01  9.08400E-01  9.90287E-01      -1.00000E+00  9.99960E-01
 -5.66125E-01  2.72788E-01  6.73570E-01  8.93205E-01  9.86713E-01      -1.00000E+00  9.99980E-01
 -7.62415E-01 -3.12065E-02  4.99818E-01  8.23043E-01  9.74305E-01      -9.99840E-01  9.99880E-01


    4.   9.01   74. 183.84  1.00E+00  6.00E+01  1.41E-02  3.17E-03     5   0.00

  9.20580E-02  1.54570E-01  2.16620E-01  2.79090E-01  3.73900E-01       1.77900E-03  6.67620E-01

  3.15010E-01  5.44785E-01  7.00740E-01  8.30245E-01  9.47380E-01       3.18880E-02  9.99900E-01
  3.14135E-01  5.44285E-01  7.07390E-01  8.34745E-01  9.46580E-01       2.14130E-02  9.99960E-01
  3.05880E-01  5.32770E-01  6.97500E-01  8.32295E-01  9.45475E-01       6.04530E-03  9.99940E-01
  3.00200E-01  5.17135E-01  6.79100E-01  8.13825E-01  9.36525E-01       1.23390E-02  9.99800E-01
  2.67605E-01  4.68450E-01  6.26460E-01  7.71015E-01  9.22225E-01       9.51960E-03  9.99610E-01

 -9.63243E-01 -6.98775E-01 -1.22578E-01  5.01955E-01  9.36405E-01      -1.00000E+00  9.99630E-01
 -9.50012E-01 -6.14940E-01 -8.23525E-02  4.97425E-01  9.38253E-01      -1.00000E+00  9.99520E-01
 -9.51710E-01 -6.50155E-01 -6.39082E-02  5.00968E-01  9.39100E-01      -9.99960E-01  9.99660E-01
 -9.49930E-01 -6.10017E-01 -6.84118E-02  5.50680E-01  9.60485E-01      -1.00000E+00  9.99840E-01
 -9.55205E-01 -6.13365E-01 -2.80050E-03  6.12497E-01  9.49197E-01      -1.00000E+00  9.99050E-01
 -8.60038E-01 -3.84142E-01  1.90321E-01  6.56672E-01  9.64132E-01      -1.00000E+00  9.99510E-01
 -8.59203E-01 -3.65947E-01  1.61491E-01  6.83615E-01  9.56862E-01      -9.99790E-01  9.99480E-01
 -9.16473E-01 -4.18670E-01  1.63816E-01  7.01658E-01  9.59665E-01      -1.00000E+00  9.99660E-01
 -9.25928E-01 -4.98995E-01  1.32882E-01  6.55477E-01  9.59803E-01      -1.00000E+00  9.99570E-01
 -9.40335E-01 -5.34992E-01  2.61585E-02  6.04667E-01  9.47613E-01      -9.99970E-01  9.99950E-01
 -8.34070E-01 -1.94483E-01  3.55965E-01  7.59252E-01  9.66690E-01      -9.99700E-01  9.99760E-01
 -8.16820E-01 -1.67969E-01  3.46433E-01  7.75033E-01  9.78770E-01      -9.99990E-01  9.99930E-01
 -8.70358E-01 -3.26445E-01  2.70697E-01  7.57955E-01  9.75515E-01      -9.99970E-01  9.99950E-01
 -9.14425E-01 -3.69312E-01  2.58493E-01  6.94542E-01  9.57812E-01      -1.00000E+00  9.99980E-01
 -8.96995E-01 -4.47810E-01  2.18715E-01  6.87937E-01  9.61390E-01      -1.00000E+00  9.99920E-01
 -5.80980E-01  1.67984E-01  5.96978E-01  8.54117E-01  9.79660E-01      -9.99990E-01  9.99970E-01
 -6.38587E-01  1.38076E-01  5.88952E-01  8.64745E-01  9.81907E-01      -9.99940E-01  9.99850E-01
 -7.23628E-01  4.49082E-02  5.88398E-01  8.55697E-01  9.83722E-01      -9.99950E-01  9.99910E-01
 -8.22020E-01 -1.08824E-01  4.66723E-01  7.94667E-01  9.77530E-01      -1.00000E+00  9.99980E-01
 -8.84800E-01 -2.82105E-01  3.46522E-01  7.54935E-01  9.75415E-01      -9.99980E-01  9.99950E-01
 -2.10918E-01  4.43312E-01  7.22710E-01  9.21155E-01  9.91710E-01      -9.99570E-01  9.99960E-01
 -3.31900E-01  3.74488E-01  7.16748E-01  8.98840E-01  9.87692E-01      -9.99980E-01  9.99980E-01
 -2.96033E-01  4.17797E-01  7.37027E-01  9.10850E-01  9.89478E-01      -9.99990E-01  9.99920E-01
 -4.91453E-01  2.70427E-01  6.67283E-01  8.82632E-01  9.88250E-01      -9.99900E-01  9.99930E-01
 -7.68908E-01 -3.95338E-02  5.03463E-01  8.19187E-01  9.75645E-01      -1.00000E+00  1.00000E+00


    4.   9.01   74. 183.84  1.00E+00  7.00E+01  1.54E-02  3.61E-03     5   0.00

  9.73940E-02  1.64120E-01  2.26980E-01  2.89000E-01  3.85610E-01       1.97740E-03  7.08220E-01

  3.19125E-01  5.52755E-01  7.12385E-01  8.34780E-01  9.47655E-01       1.38050E-02  9.99930E-01
  3.08420E-01  5.42300E-01  7.03325E-01  8.36025E-01  9.49615E-01       1.39560E-02  9.99940E-01
  3.20490E-01  5.42745E-01  7.04915E-01  8.32340E-01  9.47785E-01       4.75370E-03  9.99960E-01
  2.99855E-01  5.15245E-01  6.68245E-01  8.08830E-01  9.41670E-01       1.39720E-02  9.99950E-01
  2.60805E-01  4.69175E-01  6.25510E-01  7.73370E-01  9.21820E-01       3.57380E-03  9.99920E-01

 -9.61383E-01 -7.15292E-01 -2.39718E-01  4.19158E-01  9.08842E-01      -9.99990E-01  9.99690E-01
 -9.55687E-01 -6.22863E-01 -7.78440E-02  5.31660E-01  9.33652E-01      -9.99990E-01  9.99950E-01
 -9.58673E-01 -6.41010E-01 -4.60435E-02  6.04795E-01  9.49573E-01      -1.00000E+00  9.99770E-01
 -9.61298E-01 -6.62168E-01 -6.17852E-02  5.12280E-01  9.37200E-01      -9.99990E-01  9.99360E-01
 -9.62015E-01 -6.60262E-01 -6.77468E-02  5.27212E-01  9.21083E-01      -9.99940E-01  9.98510E-01
 -8.86522E-01 -3.51712E-01  2.87265E-01  7.47685E-01  9.69243E-01      -9.99990E-01  9.99960E-01
 -9.03630E-01 -4.28492E-01  2.11562E-01  6.39853E-01  9.56670E-01      -1.00000E+00  9.99900E-01
 -9.20652E-01 -4.71035E-01  1.66048E-01  6.67297E-01  9.62340E-01      -1.00000E+00  9.99870E-01
 -9.35693E-01 -4.96282E-01  1.59860E-01  6.86435E-01  9.62475E-01      -1.00000E+00  9.99500E-01
 -9.38520E-01 -5.43112E-01  5.20340E-02  5.81177E-01  9.48178E-01      -1.00000E+00  1.00000E+00
 -8.35418E-01 -1.95667E-01  3.32185E-01  7.87340E-01  9.74118E-01      -1.00000E+00  9.99960E-01
 -8.71287E-01 -2.58893E-01  3.57607E-01  7.75375E-01  9.77283E-01      -9.99990E-01  9.99960E-01
 -8.85510E-01 -3.75647E-01  2.34418E-01  7.28675E-01  9.72867E-01      -1.00000E+00  9.99830E-01
 -8.91888E-01 -3.76412E-01  2.31365E-01  6.96522E-01  9.58305E-01      -1.00000E+00  9.99390E-01
 -9.11543E-01 -3.94055E-01  1.60582E-01  6.90148E-01  9.62572E-01      -9.99990E-01  9.99790E-01
 -5.59670E-01  1.84852E-01  6.00997E-01  8.72803E-01  9.82698E-01      -9.99960E-01  9.99970E-01
 -6.27075E-01  1.41102E-01  6.12105E-01  8.60150E-01  9.83855E-01      -1.00000E+00  9.99980E-01
 -7.15560E-01  1.11551E-01  5.89205E-01  8.43957E-01  9.83487E-01      -9.99450E-01  9.99730E-01
 -7.43073E-01 -3.02500E-04  5.49440E-01  8.44503E-01  9.86410E-01      -9.99990E-01  9.99990E-01
 -8.78752E-01 -3.04928E-01  3.02915E-01  7.40570E-01  9.74322E-01      -1.00000E+00  9.99910E-01
 -1.96691E-01  4.78425E-01  7.85813E-01  9.24340E-01  9.92740E-01      -1.00000E+00  9.99990E-01
 -8.17413E-02  4.87200E-01  7.63995E-01  9.23170E-01  9.92668E-01      -9.99920E-01  9.99900E-01
 -2.87948E-01  3.93310E-01  7.16825E-01  9.04360E-01  9.89372E-01      -1.00000E+00  9.99960E-01
 -4.79575E-01  2.76572E-01  6.81638E-01  8.92657E-01  9.88237E-01      -9.99880E-01  9.99950E-01
 -7.88565E-01 -3.85825E-02  5.21555E-01  8.26283E-01  9.85865E-01      -9.99860E-01  9.99780E-01


    4.   9.01   74. 183.84  1.00E+00  8.00E+01  1.65E-02  3.99E-03     5   0.00

  1.02900E-01  1.71260E-01  2.34830E-01  2.96370E-01  3.93850E-01       1.54810E-03  7.31340E-01

  3.21710E-01  5.50500E-01  7.17080E-01  8.38205E-01  9.47710E-01       4.09850E-03  9.99860E-01
  3.20415E-01  5.46330E-01  7.11885E-01  8.42055E-01  9.50335E-01       1.65730E-02  9.99970E-01
  3.12460E-01  5.46385E-01  7.03280E-01  8.34190E-01  9.48300E-01       6.72390E-03  9.99890E-01
  2.97820E-01  5.16175E-01  6.73355E-01  8.06960E-01  9.35785E-01       1.39980E-02  9.99740E-01
  2.71820E-01  4.72870E-01  6.34450E-01  7.77625E-01  9.21755E-01       5.77810E-03  9.99870E-01

 -9.56732E-01 -7.18035E-01 -2.63730E-01  3.69140E-01  9.11073E-01      -9.99990E-01  9.99890E-01
 -9.42643E-01 -6.25800E-01 -4.32431E-02  5.36002E-01  9.48370E-01      -1.00000E+00  9.99630E-01
 -9.53405E-01 -5.99043E-01 -7.47228E-02  5.31010E-01  9.46228E-01      -1.00000E+00  9.99950E-01
 -9.55650E-01 -6.03500E-01 -7.96515E-02  5.49490E-01  9.45223E-01      -1.00000E+00  9.99790E-01
 -9.47765E-01 -5.75635E-01  2.76565E-02  6.12243E-01  9.42885E-01      -1.00000E+00  9.99990E-01
 -9.10965E-01 -4.43812E-01  1.67487E-01  6.53465E-01  9.50650E-01      -9.99990E-01  9.99960E-01
 -9.04168E-01 -4.05598E-01  1.56454E-01  6.74170E-01  9.63745E-01      -9.99980E-01  9.99910E-01
 -8.87565E-01 -3.79398E-01  2.46408E-01  7.09288E-01  9.65800E-01      -1.00000E+00  9.99950E-01
 -9.33323E-01 -4.05220E-01  1.80467E-01  6.73880E-01  9.58847E-01      -1.00000E+00  9.99800E-01
 -9.09260E-01 -4.61145E-01  1.69330E-01  6.76980E-01  9.60390E-01      -1.00000E+00  9.99640E-01
 -8.52807E-01 -1.38192E-01  3.67145E-01  7.77375E-01  9.77662E-01      -1.00000E+00  9.99950E-01
 -8.55453E-01 -2.57947E-01  3.04063E-01  7.33653E-01  9.69570E-01      -9.99980E-01  9.99940E-01
 -8.71775E-01 -2.67505E-01  3.11675E-01  7.41487E-01  9.64195E-01      -1.00000E+00  9.99500E-01
 -8.98208E-01 -3.41398E-01  2.11669E-01  7.32252E-01  9.74590E-01      -1.00000E+00  9.99930E-01
 -9.13995E-01 -3.76458E-01  2.27540E-01  7.20433E-01  9.74833E-01      -1.00000E+00  9.99470E-01
 -4.45710E-01  2.18565E-01  6.30907E-01  8.70535E-01  9.85108E-01      -9.99960E-01  9.99870E-01
 -5.74967E-01  1.61497E-01  6.12850E-01  8.50565E-01  9.86420E-01      -9.99750E-01  9.99980E-01
 -6.72305E-01  7.42233E-02  5.77950E-01  8.48448E-01  9.80252E-01      -9.99930E-01  9.99990E-01
 -7.74975E-01  4.53503E-02  5.42417E-01  8.35495E-01  9.84170E-01      -1.00000E+00  9.99980E-01
 -8.94355E-01 -2.95605E-01  3.48510E-01  7.52412E-01  9.70395E-01      -1.00000E+00  9.99970E-01
 -2.01053E-01  4.51448E-01  7.74145E-01  9.23330E-01  9.91900E-01      -1.00000E+00  9.99900E-01
 -2.67572E-01  4.56803E-01  7.67615E-01  9.17502E-01  9.91805E-01      -9.99880E-01  9.99990E-01
 -4.21295E-01  3.49678E-01  7.18827E-01  9.04823E-01  9.88982E-01      -9.99770E-01  9.99970E-01
 -6.05070E-01  1.95547E-01  6.27042E-01  8.75510E-01  9.85132E-01      -9.99770E-01  9.99800E-01
 -7.71865E-01 -5.32825E-02  4.95205E-01  8.21150E-01  9.82240E-01      -1.00000E+00  9.99810E-01


    4.   9.01   74. 183.84  1.00E+00  8.50E+01  1.68E-02  4.11E-03     5   0.00

  1.03610E-01  1.72030E-01  2.35830E-01  2.99400E-01  3.97430E-01       2.48780E-03  7.37630E-01

  3.06830E-01  5.51225E-01  7.09850E-01  8.39540E-01  9.49635E-01       1.98480E-02  9.99860E-01
  3.28365E-01  5.53915E-01  7.09780E-01  8.36700E-01  9.48230E-01       1.17890E-02  9.99850E-01
  3.16780E-01  5.44895E-01  7.05610E-01  8.35585E-01  9.52225E-01       7.07970E-03  9.99950E-01
  3.00385E-01  5.18345E-01  6.74700E-01  8.14205E-01  9.40430E-01       1.34420E-02  9.99830E-01
  2.61405E-01  4.72005E-01  6.24605E-01  7.72470E-01  9.24485E-01       8.49300E-03  9.99850E-01

 -9.46172E-01 -7.03788E-01 -1.81855E-01  4.65318E-01  9.35235E-01      -1.00000E+00  9.99720E-01
 -9.55295E-01 -6.26765E-01 -7.55425E-02  5.28335E-01  9.32885E-01      -1.00000E+00  9.99920E-01
 -9.48430E-01 -6.24155E-01 -6.22812E-02  5.80495E-01  9.51660E-01      -1.00000E+00  9.99800E-01
 -9.54228E-01 -5.95677E-01 -4.46835E-02  5.69420E-01  9.46668E-01      -1.00000E+00  9.99900E-01
 -9.48567E-01 -5.51460E-01 -2.82682E-02  5.39665E-01  9.57383E-01      -1.00000E+00  9.99890E-01
 -9.23938E-01 -3.71742E-01  2.48082E-01  7.00468E-01  9.66212E-01      -1.00000E+00  9.99970E-01
 -9.08615E-01 -3.89285E-01  1.82293E-01  6.74822E-01  9.65918E-01      -1.00000E+00  9.99870E-01
 -8.99140E-01 -4.27670E-01  1.44726E-01  6.26443E-01  9.53833E-01      -1.00000E+00  9.99740E-01
 -9.30233E-01 -4.18360E-01  1.22525E-01  6.69593E-01  9.66030E-01      -1.00000E+00  9.99840E-01
 -9.13130E-01 -4.86062E-01  6.16665E-02  6.34465E-01  9.58815E-01      -1.00000E+00  9.99930E-01
 -8.22185E-01 -1.91817E-01  3.61855E-01  7.50642E-01  9.70570E-01      -9.99890E-01  9.99720E-01
 -8.39267E-01 -1.98963E-01  3.64260E-01  7.87197E-01  9.77770E-01      -1.00000E+00  9.99870E-01
 -8.63788E-01 -2.80308E-01  2.95513E-01  7.51385E-01  9.72407E-01      -1.00000E+00  9.99900E-01
 -8.94358E-01 -3.71475E-01  3.14650E-01  7.53725E-01  9.76302E-01      -1.00000E+00  9.99990E-01
 -9.16865E-01 -4.43642E-01  1.53918E-01  6.49285E-01  9.55525E-01      -1.00000E+00  9.99630E-01
 -5.95838E-01  1.67057E-01  6.11290E-01  8.59878E-01  9.80830E-01      -9.99930E-01  9.99950E-01
 -5.62693E-01  1.81249E-01  6.03915E-01  8.50320E-01  9.81127E-01      -9.99970E-01  9.99960E-01
 -6.82392E-01  8.84091E-02  6.08038E-01  8.76432E-01  9.84380E-01      -1.00000E+00  9.99990E-01
 -7.66480E-01 -1.85042E-02  5.21650E-01  8.58272E-01  9.86947E-01      -9.99990E-01  9.99950E-01
 -9.10805E-01 -3.07535E-01  2.91940E-01  7.12415E-01  9.60295E-01      -9.99990E-01  1.00000E+00
 -1.76902E-01  5.00915E-01  7.76495E-01  9.36493E-01  9.91955E-01      -9.99860E-01  9.99980E-01
 -2.43757E-01  4.20027E-01  7.18785E-01  9.05040E-01  9.90972E-01      -9.99960E-01  9.99830E-01
 -2.63290E-01  4.33497E-01  7.53927E-01  9.13710E-01  9.89472E-01      -9.99990E-01  9.99900E-01
 -4.57182E-01  3.40235E-01  6.96663E-01  9.04927E-01  9.90760E-01      -9.99990E-01  9.99990E-01
 -8.28788E-01 -1.62800E-02  4.86712E-01  8.26180E-01  9.85610E-01      -1.00000E+00  9.99980E-01


    4.   9.01   74. 183.84  2.00E+00  0.00E+00  1.23E-01  4.40E-02     5   0.00

  3.38040E-01  6.02970E-01  7.78410E-01  8.60060E-01  9.95920E-01       3.55550E-03  1.36190E+00

  3.14405E-01  5.47515E-01  7.06375E-01  8.36060E-01  9.49295E-01       1.38130E-03  1.00000E+00
  3.11095E-01  5.41530E-01  7.02525E-01  8.34570E-01  9.47505E-01       4.44540E-03  9.99990E-01
  3.12190E-01  5.43920E-01  7.03235E-01  8.32385E-01  9.46385E-01       9.82580E-04  9.99950E-01
  3.21560E-01  5.56525E-01  7.17695E-01  8.45570E-01  9.52625E-01       1.94220E-03  9.99990E-01
  2.57100E-01  4.55905E-01  6.03935E-01  7.45870E-01  9.01220E-01       4.23130E-03  9.99990E-01

 -9.50282E-01 -5.76947E-01  1.94160E-02  5.89670E-01  9.49523E-01      -1.00000E+00  1.00000E+00
 -9.47145E-01 -5.77830E-01 -3.01135E-03  5.95715E-01  9.53213E-01      -1.00000E+00  1.00000E+00
 -9.53100E-01 -5.90160E-01  1.71208E-03  5.81380E-01  9.54655E-01      -1.00000E+00  1.00000E+00
 -9.47627E-01 -5.90593E-01 -7.32730E-03  5.86285E-01  9.48668E-01      -1.00000E+00  1.00000E+00
 -9.54870E-01 -6.08967E-01 -3.57384E-02  5.66655E-01  9.45793E-01      -1.00000E+00  1.00000E+00
 -9.51435E-01 -5.76738E-01 -4.02559E-03  5.83975E-01  9.56228E-01      -1.00000E+00  9.99990E-01
 -9.48980E-01 -5.77115E-01  9.97707E-03  5.87020E-01  9.52215E-01      -1.00000E+00  1.00000E+00
 -9.48822E-01 -6.10590E-01 -1.89840E-02  5.78337E-01  9.50778E-01      -1.00000E+00  9.99990E-01
 -9.49607E-01 -5.81955E-01 -5.66235E-03  5.72673E-01  9.49377E-01      -1.00000E+00  9.99990E-01
 -9.49338E-01 -5.76760E-01  2.12075E-02  5.74360E-01  9.49078E-01      -1.00000E+00  1.00000E+00
 -9.52098E-01 -6.12055E-01 -3.40560E-02  5.75902E-01  9.46410E-01      -1.00000E+00  9.99990E-01
 -9.50663E-01 -5.82160E-01 -7.31547E-03  5.88955E-01  9.49935E-01      -1.00000E+00  1.00000E+00
 -9.47937E-01 -5.76555E-01  4.69750E-03  5.88540E-01  9.51080E-01      -1.00000E+00  1.00000E+00
 -9.54447E-01 -5.92160E-01 -6.98275E-03  5.86550E-01  9.52065E-01      -1.00000E+00  1.00000E+00
 -9.43885E-01 -5.72225E-01 -2.89262E-03  5.89270E-01  9.51723E-01      -1.00000E+00  1.00000E+00
 -9.47697E-01 -6.06237E-01 -2.02827E-02  5.69585E-01  9.49275E-01      -1.00000E+00  1.00000E+00
 -9.52140E-01 -5.80663E-01  5.99620E-03  5.72025E-01  9.50055E-01      -1.00000E+00  1.00000E+00
 -9.57610E-01 -5.98402E-01 -1.29054E-02  5.62163E-01  9.50365E-01      -1.00000E+00  1.00000E+00
 -9.51580E-01 -5.85087E-01  1.40057E-02  5.98440E-01  9.51295E-01      -1.00000E+00  1.00000E+00
 -9.53333E-01 -5.89380E-01  1.03317E-02  5.94665E-01  9.57272E-01      -1.00000E+00  1.00000E+00
 -9.50695E-01 -5.87350E-01  2.17800E-03  5.99475E-01  9.49835E-01      -1.00000E+00  9.99990E-01
 -9.54492E-01 -5.81930E-01  1.46117E-02  5.94323E-01  9.46755E-01      -1.00000E+00  9.99990E-01
 -9.49802E-01 -5.75087E-01  1.85933E-02  5.92363E-01  9.51520E-01      -1.00000E+00  1.00000E+00
 -9.53537E-01 -5.77730E-01  1.76260E-02  5.75603E-01  9.48543E-01      -1.00000E+00  1.00000E+00
 -9.49318E-01 -5.66775E-01  2.72652E-02  6.03742E-01  9.55798E-01      -1.00000E+00  1.00000E+00


    4.   9.01   74. 183.84  2.00E+00  3.00E+01  1.36E-01  5.18E-02     5   0.00

  3.54340E-01  6.32140E-01  8.08100E-01  9.15930E-01  1.09810E+00       5.39230E-04  1.59670E+00

  3.09865E-01  5.41335E-01  6.99355E-01  8.32390E-01  9.47180E-01       8.04070E-04  9.99980E-01
  3.07385E-01  5.37275E-01  6.97860E-01  8.31670E-01  9.47055E-01       1.59910E-03  9.99990E-01
  3.08830E-01  5.37825E-01  6.96660E-01  8.30035E-01  9.46305E-01       5.27120E-03  1.00000E+00
  3.10540E-01  5.40740E-01  6.99535E-01  8.29180E-01  9.46435E-01       4.96980E-03  9.99970E-01
  2.60885E-01  4.60505E-01  6.15575E-01  7.57665E-01  9.08930E-01       2.48200E-03  9.99980E-01

 -9.50805E-01 -5.96688E-01 -8.20290E-03  5.72477E-01  9.47098E-01      -1.00000E+00  1.00000E+00
 -9.56600E-01 -5.99962E-01 -2.43749E-02  5.74618E-01  9.50087E-01      -1.00000E+00  1.00000E+00
 -9.52335E-01 -6.05365E-01 -3.57883E-02  5.67022E-01  9.47490E-01      -1.00000E+00  1.00000E+00
 -9.53880E-01 -6.13393E-01 -2.46027E-02  5.76230E-01  9.46650E-01      -1.00000E+00  1.00000E+00
 -9.48078E-01 -5.90085E-01 -3.49040E-02  5.68375E-01  9.49088E-01      -1.00000E+00  1.00000E+00
 -9.47877E-01 -6.02205E-01 -8.75130E-03  5.87853E-01  9.45390E-01      -1.00000E+00  9.99990E-01
 -9.50533E-01 -5.95768E-01 -5.16902E-03  5.98738E-01  9.50025E-01      -1.00000E+00  9.99980E-01
 -9.49043E-01 -5.93442E-01 -1.67604E-02  5.98717E-01  9.47682E-01      -1.00000E+00  1.00000E+00
 -9.52233E-01 -5.88708E-01  7.87775E-03  5.99610E-01  9.50433E-01      -1.00000E+00  1.00000E+00
 -9.52045E-01 -5.87395E-01  2.84492E-03  5.86817E-01  9.50315E-01      -1.00000E+00  1.00000E+00
 -9.70250E-01 -7.12960E-01 -2.11211E-01  4.38300E-01  9.24970E-01      -1.00000E+00  1.00000E+00
 -9.63013E-01 -6.90800E-01 -1.64466E-01  4.67065E-01  9.34793E-01      -1.00000E+00  1.00000E+00
 -9.65407E-01 -6.97240E-01 -1.75919E-01  4.65175E-01  9.33737E-01      -1.00000E+00  1.00000E+00
 -9.57658E-01 -6.72415E-01 -1.20853E-01  4.99655E-01  9.35235E-01      -1.00000E+00  9.99990E-01
 -9.54960E-01 -6.38853E-01 -7.89895E-02  5.30810E-01  9.43657E-01      -1.00000E+00  9.99990E-01
 -9.10087E-01 -5.07405E-01  5.14000E-03  5.67103E-01  9.45592E-01      -1.00000E+00  1.00000E+00
 -9.15577E-01 -5.03552E-01  9.06500E-03  5.78267E-01  9.51852E-01      -1.00000E+00  1.00000E+00
 -9.07810E-01 -4.76558E-01  3.75250E-02  5.75122E-01  9.44803E-01      -1.00000E+00  1.00000E+00
 -9.05180E-01 -4.82910E-01  3.77700E-02  5.55410E-01  9.47600E-01      -1.00000E+00  1.00000E+00
 -9.31462E-01 -5.19320E-01  3.83750E-02  5.96502E-01  9.52555E-01      -1.00000E+00  1.00000E+00
 -4.44090E-01  2.15569E-01  6.12117E-01  8.55382E-01  9.85308E-01      -1.00000E+00  1.00000E+00
 -4.64460E-01  2.20920E-01  6.07013E-01  8.58260E-01  9.83930E-01      -1.00000E+00  9.99990E-01
 -5.11625E-01  1.93260E-01  6.02903E-01  8.53688E-01  9.82762E-01      -1.00000E+00  1.00000E+00
 -5.50113E-01  1.85883E-01  6.05472E-01  8.60818E-01  9.83500E-01      -1.00000E+00  1.00000E+00
 -7.71645E-01 -9.30923E-02  4.57890E-01  8.03018E-01  9.79420E-01      -1.00000E+00  1.00000E+00


    4.   9.01   74. 183.84  2.00E+00  4.50E+01  1.45E-01  5.82E-02     5   0.00

  3.70010E-01  6.58790E-01  8.38400E-01  9.74310E-01  1.16520E+00       1.88870E-03  1.65590E+00

  3.14070E-01  5.44380E-01  7.04075E-01  8.35635E-01  9.47515E-01       5.49170E-03  1.00000E+00
  3.10865E-01  5.37955E-01  6.97610E-01  8.29895E-01  9.47735E-01       4.20030E-03  9.99980E-01
  3.06325E-01  5.31045E-01  6.90365E-01  8.23730E-01  9.42790E-01       5.09250E-03  1.00000E+00
  3.09905E-01  5.39910E-01  7.00880E-01  8.33555E-01  9.49065E-01       5.95430E-03  9.99980E-01
  2.59910E-01  4.61010E-01  6.12490E-01  7.54305E-01  9.06990E-01       1.86600E-03  1.00000E+00

 -9.56797E-01 -6.13942E-01 -4.15341E-02  5.65200E-01  9.44068E-01      -1.00000E+00  1.00000E+00
 -9.46413E-01 -6.06213E-01 -2.91767E-02  5.70568E-01  9.50157E-01      -1.00000E+00  1.00000E+00
 -9.51298E-01 -6.11580E-01 -4.18447E-02  5.75417E-01  9.50295E-01      -1.00000E+00  1.00000E+00
 -9.51285E-01 -6.03090E-01 -3.35390E-02  5.59588E-01  9.46153E-01      -1.00000E+00  9.99990E-01
 -9.50780E-01 -5.98795E-01 -8.91000E-03  5.68875E-01  9.49843E-01      -1.00000E+00  1.00000E+00
 -9.47620E-01 -6.03117E-01 -2.47944E-02  5.63538E-01  9.45100E-01      -1.00000E+00  1.00000E+00
 -9.55175E-01 -6.17542E-01 -4.92361E-02  5.58520E-01  9.47270E-01      -1.00000E+00  1.00000E+00
 -9.53642E-01 -6.08772E-01 -3.61593E-02  5.68625E-01  9.49535E-01      -1.00000E+00  1.00000E+00
 -9.56437E-01 -6.11245E-01 -2.84167E-02  5.80828E-01  9.49162E-01      -1.00000E+00  1.00000E+00
 -9.52970E-01 -5.90420E-01 -8.23437E-03  5.82747E-01  9.51987E-01      -1.00000E+00  1.00000E+00
 -9.73963E-01 -7.61560E-01 -2.72415E-01  4.15532E-01  9.24100E-01      -1.00000E+00  1.00000E+00
 -9.71657E-01 -7.48177E-01 -2.59733E-01  4.24728E-01  9.25782E-01      -1.00000E+00  9.99980E-01
 -9.74303E-01 -7.61053E-01 -2.76222E-01  4.09440E-01  9.22675E-01      -1.00000E+00  9.99990E-01
 -9.71302E-01 -7.22492E-01 -2.26785E-01  4.29513E-01  9.29627E-01      -1.00000E+00  1.00000E+00
 -9.60423E-01 -6.55717E-01 -1.18054E-01  4.95245E-01  9.40555E-01      -1.00000E+00  9.99990E-01
 -8.10940E-01 -2.82249E-01  2.20881E-01  6.74617E-01  9.61647E-01      -1.00000E+00  1.00000E+00
 -8.22375E-01 -2.79415E-01  2.23137E-01  6.61423E-01  9.61152E-01      -1.00000E+00  1.00000E+00
 -8.48810E-01 -2.91010E-01  2.20516E-01  6.80335E-01  9.60782E-01      -1.00000E+00  9.99990E-01
 -8.78010E-01 -3.40808E-01  2.20076E-01  6.80365E-01  9.65200E-01      -1.00000E+00  9.99990E-01
 -9.22487E-01 -4.59800E-01  1.30321E-01  6.47857E-01  9.58360E-01      -1.00000E+00  1.00000E+00
 -1.72790E-01  3.89123E-01  6.97065E-01  8.88425E-01  9.88317E-01      -9.99990E-01  1.00000E+00
 -2.28157E-01  3.76587E-01  7.00937E-01  8.92408E-01  9.86120E-01      -9.99990E-01  1.00000E+00
 -2.10941E-01  3.88087E-01  7.02200E-01  8.91997E-01  9.87653E-01      -1.00000E+00  1.00000E+00
 -3.53628E-01  3.26228E-01  6.79817E-01  8.87245E-01  9.86853E-01      -9.99980E-01  9.99990E-01
 -6.55575E-01  9.99358E-02  5.85120E-01  8.54043E-01  9.83723E-01      -1.00000E+00  1.00000E+00


    4.   9.01   74. 183.84  2.00E+00  6.00E+01  1.57E-01  6.63E-02     5   0.00

  3.85740E-01  6.90170E-01  8.84660E-01  1.03590E+00  1.22530E+00       2.57450E-03  1.73350E+00

  3.10240E-01  5.41565E-01  7.00990E-01  8.32710E-01  9.47145E-01       2.45550E-03  9.99990E-01
  3.08990E-01  5.35445E-01  6.97940E-01  8.28495E-01  9.46155E-01       2.27360E-03  9.99990E-01
  3.08075E-01  5.35775E-01  6.94985E-01  8.28275E-01  9.47010E-01       4.27060E-03  9.99990E-01
  3.14370E-01  5.40505E-01  7.00875E-01  8.31865E-01  9.46810E-01       3.82060E-03  1.00000E+00
  2.59680E-01  4.56160E-01  6.04905E-01  7.45950E-01  9.01255E-01       3.15130E-03  9.99990E-01

 -9.50460E-01 -6.11500E-01 -4.47940E-02  5.49820E-01  9.40770E-01      -1.00000E+00  9.99990E-01
 -9.53895E-01 -6.29090E-01 -5.91105E-02  5.45165E-01  9.46075E-01      -1.00000E+00  1.00000E+00
 -9.56973E-01 -6.22252E-01 -5.15982E-02  5.72463E-01  9.48812E-01      -1.00000E+00  1.00000E+00
 -9.55120E-01 -6.21255E-01 -2.70768E-02  5.70265E-01  9.49213E-01      -1.00000E+00  1.00000E+00
 -9.51527E-01 -5.86350E-01 -5.10800E-03  5.71763E-01  9.44568E-01      -1.00000E+00  1.00000E+00
 -9.54953E-01 -6.21660E-01 -5.06972E-02  5.54502E-01  9.46925E-01      -1.00000E+00  1.00000E+00
 -9.56892E-01 -6.23123E-01 -3.85380E-02  5.63338E-01  9.45480E-01      -1.00000E+00  9.99990E-01
 -9.51067E-01 -6.04155E-01 -4.27238E-02  5.64337E-01  9.46858E-01      -1.00000E+00  1.00000E+00
 -9.53323E-01 -6.04132E-01 -2.67513E-02  5.68617E-01  9.50885E-01      -1.00000E+00  1.00000E+00
 -9.52840E-01 -5.85840E-01  2.28740E-03  5.76135E-01  9.44427E-01      -1.00000E+00  1.00000E+00
 -9.64580E-01 -7.26235E-01 -2.32025E-01  4.41705E-01  9.24430E-01      -1.00000E+00  1.00000E+00
 -9.67925E-01 -7.39090E-01 -2.49595E-01  4.02672E-01  9.28432E-01      -1.00000E+00  9.99990E-01
 -9.65010E-01 -7.12110E-01 -2.08620E-01  4.43940E-01  9.30517E-01      -1.00000E+00  1.00000E+00
 -9.68077E-01 -6.94642E-01 -1.76577E-01  4.51952E-01  9.29655E-01      -1.00000E+00  1.00000E+00
 -9.61572E-01 -6.61238E-01 -1.21893E-01  5.01965E-01  9.38875E-01      -1.00000E+00  1.00000E+00
 -7.22795E-01 -1.35621E-01  3.22427E-01  7.23445E-01  9.68340E-01      -1.00000E+00  1.00000E+00
 -7.48395E-01 -1.55336E-01  3.41605E-01  7.34337E-01  9.69737E-01      -1.00000E+00  9.99990E-01
 -7.89892E-01 -1.73149E-01  3.28480E-01  7.29737E-01  9.66925E-01      -1.00000E+00  1.00000E+00
 -8.35562E-01 -2.36477E-01  3.17883E-01  7.36560E-01  9.67880E-01      -1.00000E+00  1.00000E+00
 -9.10440E-01 -3.84815E-01  2.10324E-01  7.00802E-01  9.65413E-01      -1.00000E+00  1.00000E+00
 -4.49000E-02  4.74853E-01  7.44695E-01  9.05382E-01  9.88398E-01      -9.99900E-01  1.00000E+00
 -7.23850E-02  4.63240E-01  7.46025E-01  9.10597E-01  9.89390E-01      -9.99930E-01  1.00000E+00
 -8.69150E-02  4.80205E-01  7.56193E-01  9.16973E-01  9.91625E-01      -1.00000E+00  1.00000E+00
 -2.07767E-01  4.20965E-01  7.34513E-01  9.13048E-01  9.90918E-01      -1.00000E+00  1.00000E+00
 -5.81132E-01  1.59463E-01  6.15108E-01  8.65528E-01  9.85225E-01      -1.00000E+00  9.99990E-01


    4.   9.01   74. 183.84  2.00E+00  7.00E+01  1.65E-01  7.17E-02     5   0.00

  3.96750E-01  7.09680E-01  9.10430E-01  1.06580E+00  1.25660E+00       1.61610E-03  1.75830E+00

  3.13035E-01  5.41550E-01  7.00580E-01  8.33135E-01  9.47360E-01       4.91180E-03  1.00000E+00
  3.04325E-01  5.33190E-01  6.92885E-01  8.28035E-01  9.44765E-01       1.70100E-03  9.99990E-01
  3.10900E-01  5.36945E-01  6.97695E-01  8.29720E-01  9.45510E-01       2.98180E-03  1.00000E+00
  3.06975E-01  5.38390E-01  7.01230E-01  8.33950E-01  9.47790E-01       1.65790E-03  1.00000E+00
  2.54250E-01  4.49470E-01  5.99525E-01  7.42145E-01  9.00310E-01       6.00780E-04  9.99990E-01

 -9.54745E-01 -6.25880E-01 -5.79568E-02  5.54625E-01  9.47082E-01      -1.00000E+00  1.00000E+00
 -9.54915E-01 -6.23877E-01 -4.31572E-02  5.62573E-01  9.45430E-01      -1.00000E+00  1.00000E+00
 -9.54533E-01 -6.07832E-01 -3.70713E-02  5.63342E-01  9.49605E-01      -1.00000E+00  9.99990E-01
 -9.56390E-01 -6.06198E-01 -4.16567E-02  5.60808E-01  9.45460E-01      -1.00000E+00  1.00000E+00
 -9.48137E-01 -5.92463E-01 -4.86998E-03  5.77890E-01  9.52303E-01      -1.00000E+00  1.00000E+00
 -9.55645E-01 -6.35830E-01 -6.66728E-02  5.53865E-01  9.46715E-01      -1.00000E+00  1.00000E+00
 -9.54018E-01 -6.19165E-01 -3.21760E-02  5.83738E-01  9.50678E-01      -1.00000E+00  1.00000E+00
 -9.55372E-01 -6.18830E-01 -3.77953E-02  5.59673E-01  9.43570E-01      -1.00000E+00  1.00000E+00
 -9.49905E-01 -5.90220E-01 -1.44798E-02  5.79017E-01  9.53760E-01      -1.00000E+00  1.00000E+00
 -9.55605E-01 -6.19075E-01 -4.29845E-02  5.40205E-01  9.46750E-01      -1.00000E+00  1.00000E+00
 -9.40625E-01 -6.82985E-01 -2.22425E-01  4.22122E-01  9.30118E-01      -1.00000E+00  1.00000E+00
 -9.47248E-01 -6.80420E-01 -2.11351E-01  4.40403E-01  9.33397E-01      -1.00000E+00  9.99990E-01
 -9.57568E-01 -6.96785E-01 -2.08567E-01  4.31495E-01  9.27340E-01      -1.00000E+00  1.00000E+00
 -9.61952E-01 -6.93562E-01 -1.77762E-01  4.61125E-01  9.31032E-01      -1.00000E+00  1.00000E+00
 -9.58122E-01 -6.37898E-01 -8.48250E-02  5.22778E-01  9.42110E-01      -1.00000E+00  1.00000E+00
 -6.65382E-01 -1.05999E-01  3.60425E-01  7.34893E-01  9.67548E-01      -1.00000E+00  1.00000E+00
 -7.03505E-01 -1.03376E-01  3.87068E-01  7.60270E-01  9.71010E-01      -1.00000E+00  1.00000E+00
 -7.61310E-01 -1.32292E-01  3.74617E-01  7.59848E-01  9.72108E-01      -1.00000E+00  1.00000E+00
 -8.37072E-01 -2.28354E-01  3.19918E-01  7.39718E-01  9.69738E-01      -1.00000E+00  1.00000E+00
 -8.93402E-01 -3.62105E-01  2.31124E-01  7.07440E-01  9.66195E-01      -1.00000E+00  1.00000E+00
  3.21275E-02  5.20097E-01  7.65930E-01  9.12678E-01  9.90300E-01      -1.00000E+00  1.00000E+00
 -2.06500E-02  5.10115E-01  7.64320E-01  9.15830E-01  9.91113E-01      -9.99990E-01  1.00000E+00
 -6.26225E-02  5.05413E-01  7.67650E-01  9.19612E-01  9.91495E-01      -1.00000E+00  1.00000E+00
 -1.80139E-01  4.56645E-01  7.58168E-01  9.15240E-01  9.91563E-01      -1.00000E+00  1.00000E+00
 -5.74852E-01  2.00469E-01  6.33235E-01  8.79482E-01  9.86555E-01      -1.00000E+00  1.00000E+00


    4.   9.01   74. 183.84  2.00E+00  8.00E+01  1.71E-01  7.54E-02     5   0.00

  4.06620E-01  7.26740E-01  9.29340E-01  1.08780E+00  1.27770E+00       2.90690E-03  1.74430E+00

  3.13565E-01  5.42595E-01  7.03740E-01  8.34075E-01  9.46935E-01       6.81680E-03  1.00000E+00
  3.04645E-01  5.33660E-01  6.93930E-01  8.27400E-01  9.44570E-01       2.87270E-03  9.99990E-01
  3.08245E-01  5.37590E-01  6.98270E-01  8.30710E-01  9.46260E-01       6.53470E-04  1.00000E+00
  3.10400E-01  5.38730E-01  6.98910E-01  8.30045E-01  9.46250E-01       3.46900E-03  1.00000E+00
  2.52295E-01  4.49710E-01  5.98795E-01  7.40330E-01  8.99365E-01       7.95120E-04  9.99980E-01

 -9.56690E-01 -6.23800E-01 -5.93280E-02  5.47095E-01  9.45265E-01      -1.00000E+00  1.00000E+00
 -9.52890E-01 -6.21205E-01 -4.99648E-02  5.60778E-01  9.48063E-01      -1.00000E+00  1.00000E+00
 -9.57772E-01 -6.25475E-01 -6.15832E-02  5.31343E-01  9.45520E-01      -1.00000E+00  9.99990E-01
 -9.54203E-01 -6.11195E-01 -3.63545E-02  5.65490E-01  9.46152E-01      -1.00000E+00  1.00000E+00
 -9.51485E-01 -6.03557E-01 -2.59485E-02  5.82680E-01  9.46570E-01      -1.00000E+00  1.00000E+00
 -9.53912E-01 -6.13165E-01 -5.51578E-02  5.68697E-01  9.48207E-01      -1.00000E+00  1.00000E+00
 -9.56455E-01 -6.28207E-01 -6.99355E-02  5.61925E-01  9.48170E-01      -1.00000E+00  1.00000E+00
 -9.58137E-01 -6.30370E-01 -5.65443E-02  5.48965E-01  9.47860E-01      -1.00000E+00  9.99990E-01
 -9.54808E-01 -6.08742E-01 -3.75400E-02  5.71008E-01  9.46383E-01      -1.00000E+00  9.99990E-01
 -9.54248E-01 -6.02005E-01 -1.72043E-02  5.66460E-01  9.45315E-01      -1.00000E+00  1.00000E+00
 -9.30415E-01 -6.22437E-01 -1.57389E-01  4.91365E-01  9.37010E-01      -1.00000E+00  1.00000E+00
 -9.44293E-01 -6.52218E-01 -1.91045E-01  4.62612E-01  9.30588E-01      -1.00000E+00  1.00000E+00
 -9.52165E-01 -6.58385E-01 -1.71667E-01  4.34412E-01  9.27052E-01      -1.00000E+00  1.00000E+00
 -9.57403E-01 -6.49972E-01 -1.39630E-01  4.62597E-01  9.30180E-01      -1.00000E+00  1.00000E+00
 -9.54062E-01 -6.24267E-01 -7.58070E-02  5.35735E-01  9.41693E-01      -1.00000E+00  1.00000E+00
 -6.41082E-01 -5.91805E-02  3.99460E-01  7.53383E-01  9.68267E-01      -1.00000E+00  1.00000E+00
 -6.96967E-01 -5.44440E-02  4.15127E-01  7.70863E-01  9.72903E-01      -1.00000E+00  1.00000E+00
 -7.39815E-01 -1.07271E-01  3.90395E-01  7.67000E-01  9.72845E-01      -1.00000E+00  1.00000E+00
 -8.15478E-01 -1.83573E-01  3.57227E-01  7.59267E-01  9.72860E-01      -1.00000E+00  1.00000E+00
 -8.93825E-01 -3.41177E-01  2.42987E-01  7.04732E-01  9.66862E-01      -1.00000E+00  1.00000E+00
  4.93750E-02  5.40555E-01  7.76707E-01  9.21885E-01  9.91450E-01      -9.99820E-01  1.00000E+00
  1.76900E-02  5.36378E-01  7.80587E-01  9.23998E-01  9.91858E-01      -9.99820E-01  1.00000E+00
 -2.45950E-02  5.24125E-01  7.80887E-01  9.24375E-01  9.92322E-01      -9.99970E-01  1.00000E+00
 -1.38688E-01  4.94143E-01  7.71303E-01  9.24582E-01  9.91842E-01      -1.00000E+00  1.00000E+00
 -5.81975E-01  2.06544E-01  6.29668E-01  8.79053E-01  9.86618E-01      -1.00000E+00  1.00000E+00


    4.   9.01   74. 183.84  2.00E+00  8.50E+01  1.71E-01  7.62E-02     5   0.00

  4.07850E-01  7.29180E-01  9.34390E-01  1.09260E+00  1.28270E+00       2.48370E-03  1.74830E+00

  3.11185E-01  5.41595E-01  7.00135E-01  8.32845E-01  9.48010E-01       3.87220E-03  1.00000E+00
  3.07085E-01  5.32375E-01  6.91830E-01  8.24890E-01  9.43705E-01       6.30510E-03  1.00000E+00
  3.12620E-01  5.43935E-01  7.02445E-01  8.32380E-01  9.46895E-01       4.00090E-03  9.99990E-01
  3.08445E-01  5.34970E-01  6.96845E-01  8.30285E-01  9.46450E-01       2.48510E-03  1.00000E+00
  2.53440E-01  4.51045E-01  6.01480E-01  7.44615E-01  9.01495E-01       3.25200E-03  9.99970E-01

 -9.57082E-01 -6.36265E-01 -7.94567E-02  5.38403E-01  9.42098E-01      -1.00000E+00  9.99990E-01
 -9.55588E-01 -6.27265E-01 -5.61908E-02  5.56595E-01  9.44963E-01      -1.00000E+00  1.00000E+00
 -9.52060E-01 -6.21857E-01 -7.28200E-02  5.39693E-01  9.49730E-01      -1.00000E+00  1.00000E+00
 -9.56390E-01 -6.12162E-01 -4.39530E-02  5.58643E-01  9.45410E-01      -1.00000E+00  1.00000E+00
 -9.56368E-01 -6.16060E-01 -2.95150E-02  5.72807E-01  9.48183E-01      -1.00000E+00  1.00000E+00
 -9.59385E-01 -6.19532E-01 -3.31883E-02  5.55122E-01  9.44020E-01      -1.00000E+00  1.00000E+00
 -9.58852E-01 -6.29708E-01 -8.42957E-02  5.16280E-01  9.40233E-01      -1.00000E+00  1.00000E+00
 -9.55832E-01 -6.14862E-01 -4.34219E-02  5.54710E-01  9.50118E-01      -1.00000E+00  1.00000E+00
 -9.57502E-01 -6.01382E-01 -1.85898E-02  5.73800E-01  9.46738E-01      -1.00000E+00  1.00000E+00
 -9.53283E-01 -5.97568E-01 -3.39812E-02  5.62787E-01  9.46427E-01      -1.00000E+00  1.00000E+00
 -9.38530E-01 -6.37528E-01 -1.68237E-01  4.59060E-01  9.38005E-01      -1.00000E+00  9.99990E-01
 -9.39310E-01 -6.43668E-01 -1.63198E-01  4.59345E-01  9.35505E-01      -1.00000E+00  1.00000E+00
 -9.52210E-01 -6.40480E-01 -1.43681E-01  4.68745E-01  9.29383E-01      -1.00000E+00  1.00000E+00
 -9.57488E-01 -6.65523E-01 -1.52348E-01  4.76993E-01  9.36512E-01      -1.00000E+00  1.00000E+00
 -9.56650E-01 -6.25055E-01 -7.24795E-02  5.26803E-01  9.43270E-01      -1.00000E+00  1.00000E+00
 -6.35893E-01 -4.22925E-02  4.09715E-01  7.54970E-01  9.69050E-01      -1.00000E+00  1.00000E+00
 -6.84033E-01 -9.05705E-02  3.88807E-01  7.61075E-01  9.71735E-01      -1.00000E+00  1.00000E+00
 -7.37305E-01 -1.02724E-01  3.91380E-01  7.62443E-01  9.72225E-01      -1.00000E+00  1.00000E+00
 -8.16590E-01 -1.60239E-01  3.73648E-01  7.60368E-01  9.71213E-01      -1.00000E+00  1.00000E+00
 -8.91347E-01 -3.39611E-01  2.45530E-01  7.11310E-01  9.65435E-01      -1.00000E+00  1.00000E+00
  6.05725E-02  5.43935E-01  7.75218E-01  9.19922E-01  9.89680E-01      -9.99990E-01  1.00000E+00
  3.67250E-03  5.42163E-01  7.85338E-01  9.26385E-01  9.91760E-01      -9.99970E-01  1.00000E+00
 -3.67750E-02  5.24787E-01  7.83513E-01  9.25825E-01  9.92445E-01      -1.00000E+00  1.00000E+00
 -1.57759E-01  4.71463E-01  7.70293E-01  9.19185E-01  9.90650E-01      -1.00000E+00  1.00000E+00
 -5.87797E-01  1.93809E-01  6.25208E-01  8.74352E-01  9.86230E-01      -1.00000E+00  1.00000E+00


    4.   9.01   74. 183.84  5.00E+00  0.00E+00  5.02E-01  2.57E-01     5   0.00

  1.26360E+00  2.22190E+00  2.77010E+00  3.18620E+00  3.44740E+00       4.05740E-03  4.14740E+00

  3.13245E-01  5.45135E-01  7.05795E-01  8.37035E-01  9.48925E-01       2.64670E-03  1.00000E+00
  3.10685E-01  5.41150E-01  7.01170E-01  8.32755E-01  9.47015E-01       1.58260E-03  1.00000E+00
  3.13315E-01  5.44000E-01  7.04325E-01  8.34520E-01  9.47910E-01       2.06650E-03  1.00000E+00
  3.29350E-01  5.63770E-01  7.22490E-01  8.49720E-01  9.53970E-01       1.22940E-03  1.00000E+00
  2.53435E-01  4.45145E-01  5.87105E-01  7.18780E-01  8.71875E-01       6.76740E-04  1.00000E+00

 -9.51405E-01 -5.90662E-01  1.16432E-03  5.83635E-01  9.51137E-01      -1.00000E+00  1.00000E+00
 -9.50883E-01 -5.91615E-01  7.65725E-04  5.89008E-01  9.50117E-01      -1.00000E+00  1.00000E+00
 -9.51490E-01 -5.99298E-01 -1.53052E-02  5.78040E-01  9.49910E-01      -1.00000E+00  1.00000E+00
 -9.49932E-01 -5.80230E-01 -2.31228E-03  5.85210E-01  9.49197E-01      -1.00000E+00  1.00000E+00
 -9.48242E-01 -5.85922E-01 -4.00645E-03  5.94505E-01  9.49318E-01      -1.00000E+00  1.00000E+00
 -9.48605E-01 -5.86493E-01 -1.15926E-02  5.89515E-01  9.49700E-01      -1.00000E+00  1.00000E+00
 -9.51937E-01 -5.82985E-01 -5.54437E-03  5.91550E-01  9.50960E-01      -1.00000E+00  1.00000E+00
 -9.50305E-01 -5.86250E-01  7.48013E-03  5.92785E-01  9.49885E-01      -1.00000E+00  1.00000E+00
 -9.51588E-01 -5.91067E-01 -2.42225E-04  5.88150E-01  9.50303E-01      -1.00000E+00  1.00000E+00
 -9.51418E-01 -5.77495E-01 -4.03697E-03  5.86117E-01  9.48152E-01      -1.00000E+00  1.00000E+00
 -9.50900E-01 -5.89278E-01 -1.05723E-03  5.89373E-01  9.51867E-01      -1.00000E+00  1.00000E+00
 -9.48292E-01 -5.80148E-01  6.52033E-03  5.86677E-01  9.51510E-01      -1.00000E+00  1.00000E+00
 -9.52838E-01 -5.93383E-01 -8.81400E-04  5.87492E-01  9.50450E-01      -1.00000E+00  1.00000E+00
 -9.52688E-01 -6.00475E-01 -6.18120E-03  5.86520E-01  9.52335E-01      -1.00000E+00  1.00000E+00
 -9.48630E-01 -5.78170E-01  1.99934E-02  5.94718E-01  9.49128E-01      -1.00000E+00  1.00000E+00
 -9.50847E-01 -5.81635E-01  9.19037E-03  5.94718E-01  9.51327E-01      -1.00000E+00  1.00000E+00
 -9.51890E-01 -5.90520E-01 -4.81747E-03  5.81398E-01  9.49710E-01      -1.00000E+00  1.00000E+00
 -9.52830E-01 -5.87045E-01 -1.36946E-02  5.71222E-01  9.49258E-01      -1.00000E+00  1.00000E+00
 -9.52738E-01 -5.79892E-01  2.95909E-03  5.85568E-01  9.49698E-01      -1.00000E+00  1.00000E+00
 -9.51518E-01 -5.91932E-01  3.92876E-03  5.95062E-01  9.50540E-01      -1.00000E+00  1.00000E+00
 -9.48973E-01 -5.93220E-01 -6.59057E-03  5.87243E-01  9.49732E-01      -1.00000E+00  1.00000E+00
 -9.51820E-01 -5.85645E-01 -8.12020E-04  5.80545E-01  9.48550E-01      -1.00000E+00  1.00000E+00
 -9.50410E-01 -5.81260E-01  1.31194E-02  5.92970E-01  9.51060E-01      -1.00000E+00  1.00000E+00
 -9.51245E-01 -5.90100E-01 -6.72815E-03  5.79327E-01  9.49232E-01      -1.00000E+00  1.00000E+00
 -9.50362E-01 -5.92247E-01  1.50818E-03  5.88302E-01  9.50518E-01      -1.00000E+00  1.00000E+00


    4.   9.01   74. 183.84  5.00E+00  3.00E+01  5.36E-01  2.87E-01     5   0.00

  1.32360E+00  2.30900E+00  2.87980E+00  3.27050E+00  3.64320E+00       4.18470E-03  4.52070E+00

  3.13040E-01  5.44320E-01  7.04405E-01  8.34825E-01  9.47865E-01       1.81600E-03  1.00000E+00
  3.09165E-01  5.39450E-01  6.98565E-01  8.31040E-01  9.46355E-01       1.10700E-03  1.00000E+00
  3.07895E-01  5.37510E-01  6.97855E-01  8.29380E-01  9.45920E-01       2.09470E-03  1.00000E+00
  3.08865E-01  5.34730E-01  6.95425E-01  8.28935E-01  9.46595E-01       1.99920E-03  1.00000E+00
  2.45275E-01  4.35820E-01  5.83845E-01  7.22940E-01  8.82480E-01       1.30650E-03  9.99990E-01

 -9.51403E-01 -5.88565E-01 -5.53183E-03  5.81050E-01  9.50703E-01      -1.00000E+00  1.00000E+00
 -9.51987E-01 -5.88430E-01 -5.42132E-03  5.85530E-01  9.50345E-01      -1.00000E+00  1.00000E+00
 -9.49568E-01 -5.83422E-01  6.26050E-03  5.93938E-01  9.52735E-01      -1.00000E+00  1.00000E+00
 -9.50647E-01 -5.82890E-01  9.27733E-03  5.90597E-01  9.50890E-01      -1.00000E+00  1.00000E+00
 -9.50300E-01 -5.89370E-01  3.90560E-03  5.89743E-01  9.51528E-01      -1.00000E+00  1.00000E+00
 -9.54472E-01 -6.21565E-01 -6.89213E-02  5.46040E-01  9.44095E-01      -1.00000E+00  1.00000E+00
 -9.54675E-01 -6.19158E-01 -4.90558E-02  5.49092E-01  9.46187E-01      -1.00000E+00  1.00000E+00
 -9.56740E-01 -6.22560E-01 -4.88352E-02  5.54240E-01  9.46855E-01      -1.00000E+00  1.00000E+00
 -9.55335E-01 -6.11850E-01 -2.50177E-02  5.65643E-01  9.48808E-01      -1.00000E+00  1.00000E+00
 -9.47993E-01 -5.93235E-01 -9.19436E-03  5.75627E-01  9.49055E-01      -1.00000E+00  1.00000E+00
 -9.63618E-01 -6.66252E-01 -1.34618E-01  4.91175E-01  9.36813E-01      -1.00000E+00  1.00000E+00
 -9.59782E-01 -6.55812E-01 -1.07117E-01  5.12400E-01  9.37480E-01      -1.00000E+00  1.00000E+00
 -9.57780E-01 -6.46140E-01 -9.74967E-02  5.20162E-01  9.39070E-01      -1.00000E+00  1.00000E+00
 -9.55595E-01 -6.27377E-01 -6.35388E-02  5.39658E-01  9.43348E-01      -1.00000E+00  1.00000E+00
 -9.53323E-01 -6.03205E-01 -3.34930E-02  5.61050E-01  9.47580E-01      -1.00000E+00  1.00000E+00
 -9.63950E-01 -7.14117E-01 -2.37606E-01  4.20820E-01  9.27195E-01      -1.00000E+00  1.00000E+00
 -9.58090E-01 -6.86215E-01 -1.97647E-01  4.35677E-01  9.24060E-01      -1.00000E+00  1.00000E+00
 -9.54330E-01 -6.73065E-01 -1.80393E-01  4.43240E-01  9.28582E-01      -1.00000E+00  1.00000E+00
 -9.46830E-01 -6.40908E-01 -1.38299E-01  4.72058E-01  9.32462E-01      -1.00000E+00  1.00000E+00
 -9.47567E-01 -6.11557E-01 -6.18945E-02  5.44680E-01  9.44040E-01      -1.00000E+00  1.00000E+00
 -3.47687E-01  2.06110E-01  5.73105E-01  8.36890E-01  9.81017E-01      -1.00000E+00  1.00000E+00
 -2.93396E-01  2.64271E-01  6.11805E-01  8.53987E-01  9.83672E-01      -1.00000E+00  1.00000E+00
 -2.70290E-01  2.96180E-01  6.35838E-01  8.66075E-01  9.85235E-01      -1.00000E+00  1.00000E+00
 -2.78719E-01  3.32105E-01  6.63872E-01  8.78543E-01  9.86210E-01      -1.00000E+00  1.00000E+00
 -5.31073E-01  1.83897E-01  6.10962E-01  8.66130E-01  9.84705E-01      -1.00000E+00  1.00000E+00


    4.   9.01   74. 183.84  5.00E+00  4.50E+01  5.69E-01  3.16E-01     5   0.00

  1.38700E+00  2.39240E+00  2.99070E+00  3.38950E+00  3.81940E+00       3.03660E-03  4.64820E+00

  3.11885E-01  5.41985E-01  7.02710E-01  8.34155E-01  9.48165E-01       3.19440E-03  1.00000E+00
  3.07445E-01  5.37085E-01  6.97685E-01  8.30365E-01  9.46550E-01       1.89120E-03  1.00000E+00
  3.01585E-01  5.27005E-01  6.88045E-01  8.22875E-01  9.42760E-01       2.44060E-03  1.00000E+00
  2.99735E-01  5.26325E-01  6.87955E-01  8.23810E-01  9.43830E-01       2.96050E-03  1.00000E+00
  2.38185E-01  4.25695E-01  5.70790E-01  7.09520E-01  8.71110E-01       1.13250E-03  1.00000E+00

 -9.50825E-01 -5.93580E-01 -1.39139E-02  5.87710E-01  9.50597E-01      -1.00000E+00  1.00000E+00
 -9.48618E-01 -5.86053E-01 -2.34542E-03  5.94240E-01  9.51615E-01      -1.00000E+00  1.00000E+00
 -9.48472E-01 -5.82530E-01 -4.31725E-04  5.83893E-01  9.52892E-01      -1.00000E+00  1.00000E+00
 -9.52560E-01 -5.93158E-01 -6.13632E-03  5.76005E-01  9.49735E-01      -1.00000E+00  1.00000E+00
 -9.49352E-01 -5.82542E-01  1.01335E-03  5.92938E-01  9.49898E-01      -1.00000E+00  1.00000E+00
 -9.59982E-01 -6.49705E-01 -9.99825E-02  5.22482E-01  9.38512E-01      -1.00000E+00  1.00000E+00
 -9.60597E-01 -6.47930E-01 -9.38605E-02  5.21457E-01  9.40687E-01      -1.00000E+00  1.00000E+00
 -9.58303E-01 -6.31580E-01 -8.02603E-02  5.42180E-01  9.44538E-01      -1.00000E+00  1.00000E+00
 -9.54875E-01 -6.17047E-01 -5.58803E-02  5.47140E-01  9.43365E-01      -1.00000E+00  1.00000E+00
 -9.53887E-01 -6.05372E-01 -3.03677E-02  5.65543E-01  9.48130E-01      -1.00000E+00  1.00000E+00
 -9.70960E-01 -7.27957E-01 -2.30893E-01  4.30157E-01  9.27980E-01      -1.00000E+00  1.00000E+00
 -9.68155E-01 -7.10533E-01 -1.97992E-01  4.59415E-01  9.33725E-01      -1.00000E+00  1.00000E+00
 -9.63947E-01 -6.90922E-01 -1.71888E-01  4.78845E-01  9.35770E-01      -1.00000E+00  1.00000E+00
 -9.61945E-01 -6.69055E-01 -1.32825E-01  5.09497E-01  9.39575E-01      -1.00000E+00  1.00000E+00
 -9.54720E-01 -6.16735E-01 -5.04293E-02  5.39240E-01  9.44532E-01      -1.00000E+00  1.00000E+00
 -8.36850E-01 -4.99978E-01 -3.74050E-02  5.39765E-01  9.43280E-01      -1.00000E+00  1.00000E+00
 -8.31222E-01 -4.75365E-01 -2.76425E-02  5.36767E-01  9.42958E-01      -1.00000E+00  1.00000E+00
 -8.35677E-01 -4.62892E-01 -7.07250E-03  5.47242E-01  9.44095E-01      -1.00000E+00  1.00000E+00
 -8.70267E-01 -4.61078E-01  1.75125E-02  5.72515E-01  9.46502E-01      -1.00000E+00  1.00000E+00
 -9.16258E-01 -5.03395E-01  2.78675E-02  5.77022E-01  9.47775E-01      -1.00000E+00  1.00000E+00
 -3.00750E-03  4.45008E-01  7.06980E-01  8.91705E-01  9.87237E-01      -1.00000E+00  1.00000E+00
  2.34150E-02  4.67645E-01  7.23705E-01  8.98620E-01  9.88662E-01      -9.99990E-01  1.00000E+00
  1.46925E-02  4.87580E-01  7.47745E-01  9.06995E-01  9.89310E-01      -1.00000E+00  1.00000E+00
 -2.11275E-02  4.98273E-01  7.60192E-01  9.16050E-01  9.90618E-01      -1.00000E+00  1.00000E+00
 -3.07385E-01  3.55534E-01  6.99618E-01  8.95023E-01  9.88867E-01      -1.00000E+00  1.00000E+00


    4.   9.01   74. 183.84  5.00E+00  6.00E+01  6.09E-01  3.54E-01     5   0.00

  1.47090E+00  2.50650E+00  3.13840E+00  3.55210E+00  3.98000E+00       2.53100E-03  4.72490E+00

  3.10955E-01  5.41750E-01  7.02020E-01  8.32680E-01  9.47295E-01       8.97180E-04  9.99990E-01
  3.06095E-01  5.32965E-01  6.93325E-01  8.27160E-01  9.45795E-01       2.60660E-03  1.00000E+00
  2.92845E-01  5.13755E-01  6.72975E-01  8.10875E-01  9.37195E-01       1.39410E-03  1.00000E+00
  3.03415E-01  5.32945E-01  6.94910E-01  8.29265E-01  9.47020E-01       1.90820E-03  1.00000E+00
  2.31290E-01  4.12220E-01  5.54035E-01  6.90720E-01  8.55600E-01       2.61580E-03  9.99990E-01

 -9.52777E-01 -5.89900E-01 -9.46860E-03  5.86292E-01  9.51038E-01      -1.00000E+00  1.00000E+00
 -9.49860E-01 -5.93435E-01 -8.59562E-03  5.89005E-01  9.52715E-01      -1.00000E+00  1.00000E+00
 -9.50505E-01 -5.82832E-01  1.69000E-03  5.86628E-01  9.51022E-01      -1.00000E+00  1.00000E+00
 -9.50203E-01 -5.87340E-01 -8.72217E-03  5.80660E-01  9.48412E-01      -1.00000E+00  1.00000E+00
 -9.54527E-01 -5.94740E-01 -4.88833E-03  5.86638E-01  9.51933E-01      -1.00000E+00  1.00000E+00
 -9.64132E-01 -6.89295E-01 -1.73534E-01  4.61728E-01  9.29503E-01      -1.00000E+00  1.00000E+00
 -9.64753E-01 -6.84115E-01 -1.60670E-01  4.66255E-01  9.30355E-01      -1.00000E+00  1.00000E+00
 -9.61032E-01 -6.65485E-01 -1.24893E-01  4.97470E-01  9.37755E-01      -1.00000E+00  1.00000E+00
 -9.59210E-01 -6.42830E-01 -8.49185E-02  5.29108E-01  9.42023E-01      -1.00000E+00  1.00000E+00
 -9.57110E-01 -6.25177E-01 -5.56338E-02  5.46067E-01  9.44835E-01      -1.00000E+00  1.00000E+00
 -9.73878E-01 -7.58900E-01 -2.80735E-01  4.05448E-01  9.23225E-01      -1.00000E+00  1.00000E+00
 -9.71625E-01 -7.50652E-01 -2.47527E-01  4.38032E-01  9.32272E-01      -1.00000E+00  1.00000E+00
 -9.70568E-01 -7.28173E-01 -1.99870E-01  4.74848E-01  9.35520E-01      -1.00000E+00  1.00000E+00
 -9.67590E-01 -7.05948E-01 -1.69668E-01  4.83595E-01  9.36165E-01      -1.00000E+00  1.00000E+00
 -9.61718E-01 -6.43402E-01 -7.23132E-02  5.42157E-01  9.44547E-01      -1.00000E+00  1.00000E+00
 -6.14840E-01 -1.85204E-01  2.24745E-01  6.64490E-01  9.60873E-01      -1.00000E+00  1.00000E+00
 -6.37300E-01 -1.78412E-01  2.39571E-01  6.76535E-01  9.62695E-01      -1.00000E+00  1.00000E+00
 -6.79830E-01 -1.82651E-01  2.57112E-01  6.86218E-01  9.60148E-01      -1.00000E+00  1.00000E+00
 -7.52337E-01 -2.22962E-01  2.37878E-01  6.69907E-01  9.59565E-01      -1.00000E+00  1.00000E+00
 -8.86523E-01 -3.84605E-01  1.72508E-01  6.63760E-01  9.58943E-01      -1.00000E+00  1.00000E+00
  1.86312E-01  5.61727E-01  7.77467E-01  9.17497E-01  9.90700E-01      -9.99440E-01  1.00000E+00
  1.95632E-01  5.84058E-01  7.90763E-01  9.22930E-01  9.90938E-01      -1.00000E+00  1.00000E+00
  1.91494E-01  5.95897E-01  8.05107E-01  9.29950E-01  9.92465E-01      -9.99990E-01  1.00000E+00
  1.57624E-01  6.03190E-01  8.13283E-01  9.34358E-01  9.92433E-01      -9.99980E-01  1.00000E+00
 -1.36913E-01  4.74778E-01  7.67215E-01  9.23668E-01  9.91622E-01      -1.00000E+00  1.00000E+00


    4.   9.01   74. 183.84  5.00E+00  7.00E+01  6.35E-01  3.81E-01     5   0.00

  1.53710E+00  2.59610E+00  3.24220E+00  3.65500E+00  4.07220E+00       3.20170E-03  4.74840E+00

  3.09180E-01  5.38915E-01  6.98985E-01  8.32055E-01  9.46930E-01       3.89650E-03  1.00000E+00
  3.00580E-01  5.28250E-01  6.88160E-01  8.23230E-01  9.43775E-01       1.29350E-03  1.00000E+00
  2.91855E-01  5.13220E-01  6.72870E-01  8.10855E-01  9.37825E-01       2.54980E-03  1.00000E+00
  3.02340E-01  5.32310E-01  6.93620E-01  8.28390E-01  9.46020E-01       5.88110E-04  1.00000E+00
  2.27525E-01  4.06465E-01  5.46685E-01  6.82485E-01  8.50515E-01       7.33160E-04  9.99970E-01

 -9.52418E-01 -5.89207E-01 -1.54242E-02  5.80330E-01  9.49935E-01      -1.00000E+00  1.00000E+00
 -9.53290E-01 -5.93310E-01 -1.30809E-02  5.78835E-01  9.49610E-01      -1.00000E+00  1.00000E+00
 -9.51660E-01 -5.94700E-01 -9.38525E-03  5.72360E-01  9.49565E-01      -1.00000E+00  1.00000E+00
 -9.53245E-01 -5.93815E-01 -9.56719E-03  5.85503E-01  9.49307E-01      -1.00000E+00  1.00000E+00
 -9.50190E-01 -5.85793E-01  6.76450E-04  5.91847E-01  9.51248E-01      -1.00000E+00  1.00000E+00
 -9.67407E-01 -7.06840E-01 -1.97285E-01  4.48760E-01  9.30048E-01      -1.00000E+00  1.00000E+00
 -9.65977E-01 -6.91130E-01 -1.76067E-01  4.60268E-01  9.30848E-01      -1.00000E+00  1.00000E+00
 -9.63433E-01 -6.75480E-01 -1.44012E-01  4.92080E-01  9.35550E-01      -1.00000E+00  1.00000E+00
 -9.62105E-01 -6.66192E-01 -1.24571E-01  5.03195E-01  9.39250E-01      -1.00000E+00  1.00000E+00
 -9.56980E-01 -6.32422E-01 -6.59025E-02  5.45245E-01  9.46230E-01      -1.00000E+00  1.00000E+00
 -9.68023E-01 -7.15407E-01 -2.19032E-01  4.42043E-01  9.32723E-01      -1.00000E+00  1.00000E+00
 -9.65008E-01 -6.99635E-01 -1.82395E-01  4.75955E-01  9.36680E-01      -1.00000E+00  1.00000E+00
 -9.62468E-01 -6.83905E-01 -1.59787E-01  4.93120E-01  9.37773E-01      -1.00000E+00  1.00000E+00
 -9.60930E-01 -6.70470E-01 -1.38683E-01  5.12330E-01  9.39702E-01      -1.00000E+00  1.00000E+00
 -9.58800E-01 -6.44770E-01 -1.02558E-01  5.28138E-01  9.41738E-01      -1.00000E+00  1.00000E+00
 -5.05555E-01 -5.19075E-02  3.28775E-01  7.15055E-01  9.64820E-01      -1.00000E+00  1.00000E+00
 -5.28985E-01 -3.73150E-02  3.53158E-01  7.26505E-01  9.66098E-01      -1.00000E+00  1.00000E+00
 -5.89763E-01 -4.76175E-02  3.64180E-01  7.26002E-01  9.66507E-01      -1.00000E+00  1.00000E+00
 -6.85723E-01 -1.09243E-01  3.51690E-01  7.29038E-01  9.65817E-01      -1.00000E+00  1.00000E+00
 -8.54485E-01 -2.79812E-01  2.69357E-01  7.07372E-01  9.65415E-01      -1.00000E+00  1.00000E+00
  2.64906E-01  6.09670E-01  7.97660E-01  9.23515E-01  9.91092E-01      -9.85740E-01  1.00000E+00
  2.67881E-01  6.30860E-01  8.16260E-01  9.31765E-01  9.92603E-01      -9.95120E-01  1.00000E+00
  2.79479E-01  6.45255E-01  8.29947E-01  9.39158E-01  9.93370E-01      -9.99970E-01  1.00000E+00
  2.32938E-01  6.45177E-01  8.37747E-01  9.43217E-01  9.93665E-01      -9.99940E-01  1.00000E+00
 -7.64800E-02  5.12973E-01  7.82168E-01  9.27453E-01  9.92088E-01      -1.00000E+00  1.00000E+00


    4.   9.01   74. 183.84  5.00E+00  8.00E+01  6.54E-01  4.01E-01     5   0.00

  1.57960E+00  2.66540E+00  3.31290E+00  3.73020E+00  4.13580E+00       2.02580E-03  4.77110E+00

  3.09160E-01  5.38000E-01  6.98270E-01  8.30895E-01  9.46470E-01       2.48140E-03  1.00000E+00
  3.00575E-01  5.24355E-01  6.85675E-01  8.21210E-01  9.42780E-01       1.28270E-03  1.00000E+00
  2.92775E-01  5.14080E-01  6.74470E-01  8.12285E-01  9.38860E-01       5.59190E-04  1.00000E+00
  3.02830E-01  5.29920E-01  6.90665E-01  8.26005E-01  9.44440E-01       3.56050E-03  1.00000E+00
  2.25285E-01  4.03975E-01  5.42335E-01  6.80140E-01  8.50320E-01       2.34910E-04  9.99990E-01

 -9.50292E-01 -5.83345E-01  2.59025E-03  5.82685E-01  9.49152E-01      -1.00000E+00  1.00000E+00
 -9.53022E-01 -6.00795E-01 -2.30240E-02  5.67438E-01  9.47585E-01      -1.00000E+00  1.00000E+00
 -9.49288E-01 -5.99392E-01 -1.22456E-02  5.77005E-01  9.50705E-01      -1.00000E+00  1.00000E+00
 -9.53310E-01 -5.97425E-01 -8.84949E-03  5.79395E-01  9.50060E-01      -1.00000E+00  1.00000E+00
 -9.51237E-01 -5.93260E-01 -7.98963E-03  5.90407E-01  9.49342E-01      -1.00000E+00  1.00000E+00
 -9.68470E-01 -7.15622E-01 -2.05373E-01  4.40623E-01  9.29820E-01      -1.00000E+00  1.00000E+00
 -9.66825E-01 -6.99938E-01 -1.86333E-01  4.60182E-01  9.32995E-01      -1.00000E+00  1.00000E+00
 -9.65888E-01 -6.86553E-01 -1.50220E-01  4.82173E-01  9.34952E-01      -1.00000E+00  1.00000E+00
 -9.60905E-01 -6.63330E-01 -1.25300E-01  5.01690E-01  9.39013E-01      -1.00000E+00  1.00000E+00
 -9.57192E-01 -6.31605E-01 -6.55447E-02  5.46142E-01  9.43365E-01      -1.00000E+00  1.00000E+00
 -9.35588E-01 -6.66953E-01 -1.62440E-01  4.81318E-01  9.36288E-01      -1.00000E+00  1.00000E+00
 -9.43797E-01 -6.53585E-01 -1.46418E-01  4.98590E-01  9.38542E-01      -1.00000E+00  1.00000E+00
 -9.56932E-01 -6.54822E-01 -1.27298E-01  5.06328E-01  9.40705E-01      -1.00000E+00  1.00000E+00
 -9.57727E-01 -6.50218E-01 -1.18914E-01  5.15065E-01  9.40743E-01      -1.00000E+00  1.00000E+00
 -9.57753E-01 -6.31297E-01 -8.34240E-02  5.28382E-01  9.41097E-01      -1.00000E+00  1.00000E+00
 -4.20497E-01  2.90250E-02  3.95503E-01  7.38255E-01  9.68722E-01      -9.99990E-01  1.00000E+00
 -4.45282E-01  4.93100E-02  4.25758E-01  7.57552E-01  9.70790E-01      -1.00000E+00  1.00000E+00
 -5.06347E-01  3.25425E-02  4.31632E-01  7.58722E-01  9.71217E-01      -1.00000E+00  1.00000E+00
 -6.35223E-01 -3.30925E-02  4.14243E-01  7.59980E-01  9.71493E-01      -1.00000E+00  1.00000E+00
 -8.35865E-01 -2.28360E-01  3.23625E-01  7.37737E-01  9.68865E-01      -1.00000E+00  1.00000E+00
  3.15662E-01  6.42480E-01  8.16473E-01  9.31262E-01  9.91870E-01      -9.96700E-01  1.00000E+00
  3.24562E-01  6.61090E-01  8.28878E-01  9.36612E-01  9.92872E-01      -9.94690E-01  1.00000E+00
  3.15032E-01  6.73595E-01  8.45322E-01  9.45385E-01  9.93877E-01      -9.99970E-01  1.00000E+00
  2.76958E-01  6.70185E-01  8.49720E-01  9.48182E-01  9.94330E-01      -9.99980E-01  1.00000E+00
 -4.76630E-02  5.35133E-01  7.93705E-01  9.30280E-01  9.92793E-01      -1.00000E+00  1.00000E+00


    4.   9.01   74. 183.84  5.00E+00  8.50E+01  6.59E-01  4.07E-01     5   0.00

  1.59390E+00  2.68310E+00  3.33190E+00  3.74990E+00  4.15360E+00       1.61300E-03  4.75430E+00

  3.08245E-01  5.38115E-01  6.98090E-01  8.30885E-01  9.46665E-01       1.11380E-03  1.00000E+00
  2.99110E-01  5.22915E-01  6.83895E-01  8.19830E-01  9.42355E-01       7.36510E-04  1.00000E+00
  2.91730E-01  5.14130E-01  6.74925E-01  8.12760E-01  9.39330E-01       9.74670E-04  1.00000E+00
  3.02520E-01  5.26930E-01  6.87865E-01  8.23850E-01  9.43665E-01       1.90670E-03  1.00000E+00
  2.23845E-01  4.02165E-01  5.41630E-01  6.79105E-01  8.50525E-01       1.67750E-03  1.00000E+00

 -9.49923E-01 -5.87155E-01 -1.82875E-03  5.84278E-01  9.48542E-01      -1.00000E+00  1.00000E+00
 -9.50678E-01 -5.95225E-01 -1.50840E-02  5.76540E-01  9.50020E-01      -1.00000E+00  1.00000E+00
 -9.53170E-01 -6.01812E-01 -1.63324E-02  5.76575E-01  9.48747E-01      -1.00000E+00  1.00000E+00
 -9.50090E-01 -5.92215E-01 -6.57415E-03  5.81500E-01  9.50320E-01      -1.00000E+00  1.00000E+00
 -9.52643E-01 -5.94635E-01 -2.50553E-03  5.89708E-01  9.49040E-01      -1.00000E+00  1.00000E+00
 -9.68860E-01 -7.10743E-01 -2.09642E-01  4.41893E-01  9.30150E-01      -1.00000E+00  1.00000E+00
 -9.67972E-01 -7.06333E-01 -1.95238E-01  4.48130E-01  9.32558E-01      -1.00000E+00  1.00000E+00
 -9.64310E-01 -6.76270E-01 -1.54172E-01  4.78935E-01  9.35293E-01      -1.00000E+00  1.00000E+00
 -9.62017E-01 -6.66315E-01 -1.31626E-01  4.99710E-01  9.38532E-01      -1.00000E+00  1.00000E+00
 -9.58832E-01 -6.33295E-01 -7.27405E-02  5.41502E-01  9.45777E-01      -1.00000E+00  1.00000E+00
 -9.32187E-01 -6.48285E-01 -1.46972E-01  4.94032E-01  9.37525E-01      -1.00000E+00  1.00000E+00
 -9.40905E-01 -6.49815E-01 -1.36777E-01  5.01390E-01  9.38235E-01      -1.00000E+00  1.00000E+00
 -9.50032E-01 -6.41540E-01 -1.15520E-01  5.17350E-01  9.41530E-01      -1.00000E+00  1.00000E+00
 -9.57368E-01 -6.49888E-01 -1.07543E-01  5.13665E-01  9.39895E-01      -1.00000E+00  1.00000E+00
 -9.55128E-01 -6.24675E-01 -7.98288E-02  5.33057E-01  9.42805E-01      -1.00000E+00  1.00000E+00
 -3.97590E-01  5.48300E-02  4.11672E-01  7.47323E-01  9.69370E-01      -1.00000E+00  1.00000E+00
 -4.30360E-01  6.47900E-02  4.35063E-01  7.56850E-01  9.70818E-01      -1.00000E+00  1.00000E+00
 -4.97230E-01  4.62375E-02  4.50887E-01  7.66858E-01  9.71877E-01      -1.00000E+00  1.00000E+00
 -6.05620E-01  6.01250E-03  4.37865E-01  7.79425E-01  9.73600E-01      -1.00000E+00  1.00000E+00
 -8.21630E-01 -2.05432E-01  3.46222E-01  7.50103E-01  9.71668E-01      -1.00000E+00  1.00000E+00
  3.24377E-01  6.49397E-01  8.18635E-01  9.30978E-01  9.92250E-01      -9.99970E-01  1.00000E+00
  3.38780E-01  6.70268E-01  8.35540E-01  9.39130E-01  9.93097E-01      -9.76680E-01  1.00000E+00
  3.39372E-01  6.84828E-01  8.51062E-01  9.47433E-01  9.94325E-01      -9.96800E-01  1.00000E+00
  2.94699E-01  6.78233E-01  8.54043E-01  9.50360E-01  9.94622E-01      -1.00000E+00  1.00000E+00
 -4.13292E-02  5.37252E-01  7.93180E-01  9.31385E-01  9.92533E-01      -1.00000E+00  1.00000E+00


    4.   9.01   74. 183.84  1.00E+01  0.00E+00  6.55E-01  3.88E-01     5   0.00

  3.10140E+00  5.38920E+00  6.51300E+00  7.20420E+00  7.65990E+00       6.00730E-03  8.76220E+00

  3.28600E-01  5.63875E-01  7.22135E-01  8.48480E-01  9.53495E-01       2.08560E-03  1.00000E+00
  3.27935E-01  5.60555E-01  7.17065E-01  8.43720E-01  9.52030E-01       2.18960E-03  1.00000E+00
  3.38480E-01  5.72695E-01  7.26545E-01  8.49070E-01  9.53475E-01       2.55550E-03  1.00000E+00
  3.50760E-01  5.88180E-01  7.41430E-01  8.59990E-01  9.56805E-01       3.44570E-03  1.00000E+00
  2.39455E-01  4.19825E-01  5.52150E-01  6.75275E-01  8.27505E-01       5.52740E-04  1.00000E+00

 -9.51253E-01 -5.85660E-01 -6.99358E-03  5.94660E-01  9.49875E-01      -1.00000E+00  1.00000E+00
 -9.51263E-01 -5.82610E-01  8.93425E-04  5.82965E-01  9.49955E-01      -1.00000E+00  1.00000E+00
 -9.53022E-01 -5.99495E-01 -5.42675E-03  5.84590E-01  9.52717E-01      -1.00000E+00  1.00000E+00
 -9.50143E-01 -5.88750E-01  8.97875E-03  5.91560E-01  9.50998E-01      -1.00000E+00  1.00000E+00
 -9.53400E-01 -5.79155E-01  8.50317E-03  5.89960E-01  9.50370E-01      -1.00000E+00  1.00000E+00
 -9.52172E-01 -5.91785E-01 -8.15253E-03  5.84500E-01  9.51518E-01      -1.00000E+00  1.00000E+00
 -9.51132E-01 -5.83562E-01  1.88437E-03  5.81715E-01  9.50735E-01      -1.00000E+00  1.00000E+00
 -9.50738E-01 -5.89827E-01  5.06050E-03  5.92633E-01  9.53580E-01      -1.00000E+00  1.00000E+00
 -9.53065E-01 -5.88413E-01  7.33160E-04  5.85078E-01  9.50153E-01      -1.00000E+00  1.00000E+00
 -9.52050E-01 -5.90453E-01 -2.82570E-03  5.81498E-01  9.50885E-01      -1.00000E+00  1.00000E+00
 -9.51097E-01 -5.90847E-01 -4.65820E-03  5.78485E-01  9.49277E-01      -1.00000E+00  1.00000E+00
 -9.50185E-01 -5.81130E-01  4.59060E-03  5.91040E-01  9.51997E-01      -1.00000E+00  1.00000E+00
 -9.49908E-01 -5.81738E-01  8.82790E-03  5.96187E-01  9.53385E-01      -1.00000E+00  1.00000E+00
 -9.53380E-01 -5.98745E-01 -4.16957E-03  5.88542E-01  9.51940E-01      -1.00000E+00  1.00000E+00
 -9.51555E-01 -5.93935E-01 -6.49882E-03  5.86060E-01  9.49437E-01      -1.00000E+00  1.00000E+00
 -9.49825E-01 -5.89345E-01 -3.65175E-03  5.91590E-01  9.50650E-01      -1.00000E+00  1.00000E+00
 -9.49585E-01 -5.86640E-01 -5.34385E-03  5.86803E-01  9.49375E-01      -1.00000E+00  1.00000E+00
 -9.51680E-01 -5.85890E-01 -5.11177E-03  5.82815E-01  9.51228E-01      -1.00000E+00  1.00000E+00
 -9.50122E-01 -5.83888E-01 -1.63635E-03  5.85647E-01  9.49205E-01      -1.00000E+00  1.00000E+00
 -9.48603E-01 -5.86200E-01 -6.40590E-03  5.83970E-01  9.50305E-01      -1.00000E+00  1.00000E+00
 -9.50540E-01 -5.84588E-01  4.04379E-03  5.91480E-01  9.49240E-01      -1.00000E+00  1.00000E+00
 -9.51025E-01 -5.90555E-01 -1.89213E-03  5.91482E-01  9.49985E-01      -1.00000E+00  1.00000E+00
 -9.49050E-01 -5.83515E-01  2.01682E-03  5.86305E-01  9.51722E-01      -1.00000E+00  1.00000E+00
 -9.49783E-01 -5.83845E-01  6.31250E-03  5.83430E-01  9.51010E-01      -1.00000E+00  1.00000E+00
 -9.49085E-01 -5.83152E-01  9.11254E-03  5.92767E-01  9.52665E-01      -1.00000E+00  1.00000E+00


    4.   9.01   74. 183.84  1.00E+01  3.00E+01  7.02E-01  4.37E-01     5   0.00

  3.40550E+00  5.72040E+00  6.79250E+00  7.41170E+00  8.05640E+00       2.32160E-03  9.39050E+00

  3.30590E-01  5.64390E-01  7.21750E-01  8.47475E-01  9.53370E-01       9.96270E-04  1.00000E+00
  3.25160E-01  5.55925E-01  7.12965E-01  8.41145E-01  9.50540E-01       1.10650E-03  1.00000E+00
  3.24720E-01  5.55280E-01  7.11845E-01  8.38865E-01  9.49685E-01       2.26450E-03  1.00000E+00
  3.08985E-01  5.33005E-01  6.88910E-01  8.22280E-01  9.42470E-01       5.07910E-04  1.00000E+00
  2.28150E-01  4.03025E-01  5.38055E-01  6.70195E-01  8.34640E-01       1.20850E-03  9.99990E-01

 -9.50178E-01 -5.78830E-01  9.26990E-03  5.97957E-01  9.51710E-01      -1.00000E+00  1.00000E+00
 -9.48568E-01 -5.72312E-01  1.02130E-02  5.97150E-01  9.52190E-01      -1.00000E+00  1.00000E+00
 -9.51383E-01 -5.90702E-01 -1.21859E-03  5.87448E-01  9.51172E-01      -1.00000E+00  1.00000E+00
 -9.48265E-01 -5.72688E-01  1.42879E-02  5.92460E-01  9.53788E-01      -1.00000E+00  1.00000E+00
 -9.49362E-01 -5.84803E-01  4.01015E-03  5.89713E-01  9.51453E-01      -1.00000E+00  1.00000E+00
 -9.58327E-01 -6.41612E-01 -8.64477E-02  5.18818E-01  9.37987E-01      -1.00000E+00  1.00000E+00
 -9.54690E-01 -6.16280E-01 -5.70091E-02  5.40332E-01  9.43410E-01      -1.00000E+00  1.00000E+00
 -9.53213E-01 -6.09705E-01 -4.79053E-02  5.59213E-01  9.46163E-01      -1.00000E+00  1.00000E+00
 -9.53120E-01 -6.05740E-01 -2.78460E-02  5.67782E-01  9.46242E-01      -1.00000E+00  1.00000E+00
 -9.52340E-01 -6.01603E-01 -2.49988E-02  5.72893E-01  9.47993E-01      -1.00000E+00  1.00000E+00
 -9.75002E-01 -7.56760E-01 -3.00290E-01  3.62285E-01  9.17218E-01      -1.00000E+00  1.00000E+00
 -9.72250E-01 -7.44653E-01 -2.68470E-01  3.86835E-01  9.17240E-01      -1.00000E+00  1.00000E+00
 -9.70660E-01 -7.30137E-01 -2.43725E-01  4.14393E-01  9.26292E-01      -1.00000E+00  1.00000E+00
 -9.64942E-01 -6.87750E-01 -1.66715E-01  4.69380E-01  9.32410E-01      -1.00000E+00  1.00000E+00
 -9.59612E-01 -6.51797E-01 -1.07038E-01  5.09000E-01  9.38723E-01      -1.00000E+00  1.00000E+00
 -9.37868E-01 -6.62425E-01 -2.21211E-01  3.90980E-01  9.17547E-01      -1.00000E+00  1.00000E+00
 -9.03517E-01 -5.98492E-01 -1.66520E-01  4.11160E-01  9.22662E-01      -1.00000E+00  1.00000E+00
 -8.60345E-01 -5.26897E-01 -9.83150E-02  4.50777E-01  9.22653E-01      -1.00000E+00  1.00000E+00
 -8.26485E-01 -4.57463E-01 -2.14375E-02  5.18885E-01  9.37727E-01      -1.00000E+00  1.00000E+00
 -8.66610E-01 -4.16898E-01  6.80475E-02  5.77152E-01  9.44675E-01      -1.00000E+00  1.00000E+00
 -1.25177E-01  3.45225E-01  6.39683E-01  8.57797E-01  9.83410E-01      -1.00000E+00  1.00000E+00
 -6.51250E-02  4.06790E-01  6.88567E-01  8.82583E-01  9.86073E-01      -1.00000E+00  1.00000E+00
 -1.24325E-02  4.61710E-01  7.26475E-01  9.01078E-01  9.89335E-01      -1.00000E+00  1.00000E+00
  4.26875E-02  5.19667E-01  7.70310E-01  9.18085E-01  9.90990E-01      -1.00000E+00  1.00000E+00
 -1.32430E-01  4.60788E-01  7.56633E-01  9.17510E-01  9.91240E-01      -1.00000E+00  1.00000E+00


    4.   9.01   74. 183.84  1.00E+01  4.50E+01  7.51E-01  4.92E-01     5   0.00

  3.76450E+00  6.04890E+00  7.10770E+00  7.72500E+00  8.41110E+00       8.18750E-03  9.53800E+00

  3.26325E-01  5.60500E-01  7.18735E-01  8.45870E-01  9.52820E-01       1.92610E-03  1.00000E+00
  3.19765E-01  5.49570E-01  7.07650E-01  8.37105E-01  9.49120E-01       1.75710E-03  1.00000E+00
  3.03565E-01  5.25615E-01  6.83050E-01  8.16490E-01  9.39600E-01       1.81870E-03  1.00000E+00
  2.98930E-01  5.23505E-01  6.82745E-01  8.17295E-01  9.39470E-01       1.53980E-03  1.00000E+00
  2.12405E-01  3.77060E-01  5.06400E-01  6.34525E-01  8.03070E-01       2.31050E-03  9.99990E-01

 -9.49650E-01 -5.85597E-01  5.94492E-03  5.97085E-01  9.50797E-01      -1.00000E+00  1.00000E+00
 -9.49147E-01 -5.81233E-01  1.49253E-02  5.98520E-01  9.52110E-01      -1.00000E+00  1.00000E+00
 -9.51385E-01 -5.80222E-01  1.23420E-02  6.00422E-01  9.51947E-01      -1.00000E+00  1.00000E+00
 -9.51507E-01 -5.80970E-01  7.76344E-03  5.93685E-01  9.51023E-01      -1.00000E+00  1.00000E+00
 -9.50565E-01 -5.91647E-01 -4.38901E-03  5.87840E-01  9.50207E-01      -1.00000E+00  1.00000E+00
 -9.65247E-01 -7.03295E-01 -2.09932E-01  4.19447E-01  9.20623E-01      -1.00000E+00  1.00000E+00
 -9.63300E-01 -6.91125E-01 -1.87795E-01  4.46535E-01  9.29107E-01      -1.00000E+00  1.00000E+00
 -9.62060E-01 -6.72775E-01 -1.45479E-01  4.76335E-01  9.34095E-01      -1.00000E+00  1.00000E+00
 -9.61033E-01 -6.53992E-01 -1.14365E-01  4.98532E-01  9.37385E-01      -1.00000E+00  1.00000E+00
 -9.56290E-01 -6.26300E-01 -6.60307E-02  5.38295E-01  9.43030E-01      -1.00000E+00  1.00000E+00
 -9.82015E-01 -8.31242E-01 -4.52637E-01  2.29018E-01  8.94332E-01      -1.00000E+00  1.00000E+00
 -9.80875E-01 -8.17230E-01 -4.25737E-01  2.63767E-01  9.02605E-01      -1.00000E+00  1.00000E+00
 -9.77505E-01 -7.98620E-01 -3.86490E-01  2.96357E-01  9.05060E-01      -1.00000E+00  1.00000E+00
 -9.74300E-01 -7.63397E-01 -3.00547E-01  3.78442E-01  9.15158E-01      -1.00000E+00  1.00000E+00
 -9.67558E-01 -7.02543E-01 -1.77213E-01  4.80050E-01  9.35532E-01      -1.00000E+00  1.00000E+00
 -5.95015E-01 -2.12729E-01  1.80573E-01  6.37223E-01  9.54695E-01      -1.00000E+00  1.00000E+00
 -5.39925E-01 -1.35786E-01  2.60693E-01  6.76325E-01  9.60353E-01      -1.00000E+00  1.00000E+00
 -5.20722E-01 -6.66850E-02  3.27715E-01  7.11508E-01  9.64410E-01      -1.00000E+00  1.00000E+00
 -5.37845E-01 -3.19125E-02  3.64595E-01  7.29470E-01  9.66438E-01      -1.00000E+00  1.00000E+00
 -7.29135E-01 -1.32860E-01  3.45128E-01  7.39727E-01  9.68290E-01      -1.00000E+00  1.00000E+00
  2.31399E-01  5.76575E-01  7.72773E-01  9.10785E-01  9.88737E-01      -9.45010E-01  1.00000E+00
  2.68135E-01  6.15053E-01  8.03000E-01  9.27858E-01  9.91625E-01      -9.54470E-01  1.00000E+00
  2.94783E-01  6.48152E-01  8.28273E-01  9.38045E-01  9.93075E-01      -9.83480E-01  1.00000E+00
  3.12238E-01  6.79205E-01  8.52145E-01  9.49978E-01  9.94475E-01      -9.96150E-01  1.00000E+00
  1.53682E-01  6.24100E-01  8.33975E-01  9.43508E-01  9.93883E-01      -1.00000E+00  1.00000E+00


    4.   9.01   74. 183.84  1.00E+01  6.00E+01  8.10E-01  5.62E-01     5   0.00

  4.24870E+00  6.48240E+00  7.46320E+00  8.11350E+00  8.74760E+00       6.31450E-03  9.67650E+00

  3.21925E-01  5.55565E-01  7.14205E-01  8.42070E-01  9.51050E-01       2.19280E-03  1.00000E+00
  3.05700E-01  5.29720E-01  6.88745E-01  8.22255E-01  9.42550E-01       1.67670E-03  1.00000E+00
  2.97045E-01  5.18575E-01  6.79050E-01  8.17595E-01  9.40875E-01       1.85760E-03  1.00000E+00
  2.89300E-01  5.05155E-01  6.61155E-01  7.95855E-01  9.25025E-01       2.60490E-03  1.00000E+00
  1.97275E-01  3.51460E-01  4.73230E-01  5.96165E-01  7.64150E-01       1.19700E-03  9.99990E-01

 -9.50855E-01 -5.88930E-01 -5.77078E-03  5.79725E-01  9.50505E-01      -1.00000E+00  1.00000E+00
 -9.53155E-01 -5.94468E-01 -8.36977E-03  5.77260E-01  9.48395E-01      -1.00000E+00  1.00000E+00
 -9.51445E-01 -5.97230E-01 -8.60850E-03  5.85055E-01  9.48985E-01      -1.00000E+00  1.00000E+00
 -9.52265E-01 -5.85232E-01  1.50350E-03  5.87480E-01  9.50847E-01      -1.00000E+00  1.00000E+00
 -9.49255E-01 -5.87555E-01  1.69513E-03  5.83580E-01  9.49358E-01      -1.00000E+00  1.00000E+00
 -9.77127E-01 -7.80145E-01 -3.55978E-01  3.06930E-01  9.01435E-01      -1.00000E+00  1.00000E+00
 -9.72705E-01 -7.59313E-01 -3.13005E-01  3.53352E-01  9.14975E-01      -1.00000E+00  1.00000E+00
 -9.72932E-01 -7.40825E-01 -2.63625E-01  3.90210E-01  9.20950E-01      -1.00000E+00  1.00000E+00
 -9.68357E-01 -7.11155E-01 -2.03873E-01  4.41685E-01  9.28312E-01      -1.00000E+00  1.00000E+00
 -9.60817E-01 -6.60925E-01 -1.22891E-01  5.02498E-01  9.38680E-01      -1.00000E+00  1.00000E+00
 -8.54208E-01 -6.17327E-01 -2.38152E-01  3.74550E-01  9.18597E-01      -1.00000E+00  1.00000E+00
 -8.66530E-01 -6.01978E-01 -1.99467E-01  4.21010E-01  9.25088E-01      -1.00000E+00  1.00000E+00
 -8.92057E-01 -5.99615E-01 -1.66636E-01  4.47100E-01  9.30520E-01      -1.00000E+00  1.00000E+00
 -9.28950E-01 -6.25585E-01 -1.57878E-01  4.48800E-01  9.29250E-01      -1.00000E+00  1.00000E+00
 -9.54235E-01 -6.38692E-01 -1.00221E-01  5.05940E-01  9.39250E-01      -1.00000E+00  1.00000E+00
 -2.31750E-01  1.38669E-01  4.47290E-01  7.68765E-01  9.72577E-01      -9.99980E-01  1.00000E+00
 -1.96434E-01  1.97379E-01  4.93497E-01  7.81552E-01  9.72560E-01      -9.99960E-01  1.00000E+00
 -1.72762E-01  2.60779E-01  5.55787E-01  8.07608E-01  9.76388E-01      -1.00000E+00  1.00000E+00
 -1.94050E-01  3.12185E-01  6.22690E-01  8.47522E-01  9.81488E-01      -1.00000E+00  1.00000E+00
 -4.98550E-01  1.65051E-01  5.80135E-01  8.44470E-01  9.82373E-01      -1.00000E+00  1.00000E+00
  4.24720E-01  6.95638E-01  8.39845E-01  9.39232E-01  9.92917E-01      -8.88830E-01  1.00000E+00
  4.50305E-01  7.23242E-01  8.61093E-01  9.46867E-01  9.93910E-01      -9.08340E-01  1.00000E+00
  4.83743E-01  7.53218E-01  8.83325E-01  9.59220E-01  9.95385E-01      -8.31880E-01  1.00000E+00
  4.88135E-01  7.68630E-01  8.94545E-01  9.63885E-01  9.95975E-01      -9.00020E-01  1.00000E+00
  4.00375E-01  7.43150E-01  8.86807E-01  9.62945E-01  9.96115E-01      -9.99960E-01  1.00000E+00


    4.   9.01   74. 183.84  1.00E+01  7.00E+01  8.46E-01  6.10E-01     5   0.00

  4.62190E+00  6.80780E+00  7.72790E+00  8.35500E+00  8.93460E+00       7.21020E-03  9.71400E+00

  3.18995E-01  5.49725E-01  7.09045E-01  8.38595E-01  9.49805E-01       2.29070E-03  1.00000E+00
  2.88495E-01  5.05790E-01  6.65340E-01  8.05200E-01  9.36405E-01       7.29880E-04  1.00000E+00
  3.03620E-01  5.31325E-01  6.93295E-01  8.29750E-01  9.47135E-01       1.63220E-03  1.00000E+00
  2.80125E-01  4.90230E-01  6.42435E-01  7.77185E-01  9.13515E-01       1.94990E-03  1.00000E+00
  1.89580E-01  3.39260E-01  4.57100E-01  5.79250E-01  7.49745E-01       1.87410E-04  9.99950E-01

 -9.54867E-01 -6.18077E-01 -5.28855E-02  5.46080E-01  9.43582E-01      -1.00000E+00  1.00000E+00
 -9.53873E-01 -6.07720E-01 -4.12025E-02  5.52407E-01  9.47905E-01      -1.00000E+00  1.00000E+00
 -9.52890E-01 -6.08137E-01 -3.79673E-02  5.59233E-01  9.46562E-01      -1.00000E+00  1.00000E+00
 -9.54262E-01 -6.09235E-01 -3.54122E-02  5.62845E-01  9.46605E-01      -1.00000E+00  1.00000E+00
 -9.52350E-01 -5.93925E-01 -5.47570E-03  5.79080E-01  9.50190E-01      -1.00000E+00  1.00000E+00
 -9.82945E-01 -8.37773E-01 -4.59163E-01  2.34457E-01  8.93860E-01      -1.00000E+00  1.00000E+00
 -9.80947E-01 -8.15810E-01 -4.00495E-01  2.88770E-01  9.05435E-01      -1.00000E+00  1.00000E+00
 -9.77505E-01 -7.73600E-01 -3.12800E-01  3.58067E-01  9.13177E-01      -1.00000E+00  1.00000E+00
 -9.69507E-01 -7.16182E-01 -2.16795E-01  4.35482E-01  9.28132E-01      -1.00000E+00  1.00000E+00
 -9.59572E-01 -6.50890E-01 -1.09950E-01  5.22118E-01  9.41582E-01      -1.00000E+00  1.00000E+00
 -6.84362E-01 -3.42830E-01  6.61175E-02  5.78893E-01  9.47585E-01      -1.00000E+00  1.00000E+00
 -7.05833E-01 -3.50658E-01  5.33375E-02  5.71022E-01  9.46145E-01      -1.00000E+00  1.00000E+00
 -7.56328E-01 -3.79010E-01  3.86725E-02  5.66638E-01  9.46045E-01      -1.00000E+00  1.00000E+00
 -8.48115E-01 -4.45587E-01  4.93000E-03  5.41370E-01  9.42873E-01      -1.00000E+00  1.00000E+00
 -9.24682E-01 -5.31743E-01 -1.46950E-02  5.42695E-01  9.42292E-01      -1.00000E+00  1.00000E+00
 -5.40730E-02  3.00675E-01  5.66485E-01  8.15585E-01  9.77590E-01      -1.00000E+00  1.00000E+00
 -8.10000E-03  3.53167E-01  6.06785E-01  8.28448E-01  9.78875E-01      -9.99990E-01  1.00000E+00
  2.14275E-02  4.16892E-01  6.66180E-01  8.60800E-01  9.82503E-01      -1.00000E+00  1.00000E+00
 -8.62000E-03  4.59500E-01  7.14480E-01  8.91128E-01  9.87820E-01      -1.00000E+00  1.00000E+00
 -3.11853E-01  3.32130E-01  6.82225E-01  8.86628E-01  9.87613E-01      -1.00000E+00  1.00000E+00
  5.17950E-01  7.49930E-01  8.68413E-01  9.50107E-01  9.94478E-01      -6.44010E-01  1.00000E+00
  5.38120E-01  7.75312E-01  8.88915E-01  9.58910E-01  9.95460E-01      -6.52380E-01  1.00000E+00
  5.62075E-01  7.96708E-01  9.04413E-01  9.67025E-01  9.96290E-01      -7.80760E-01  1.00000E+00
  5.67885E-01  8.08220E-01  9.14375E-01  9.70635E-01  9.96878E-01      -7.54260E-01  1.00000E+00
  4.98003E-01  7.81018E-01  9.03672E-01  9.67882E-01  9.96608E-01      -9.99800E-01  1.00000E+00


    4.   9.01   74. 183.84  1.00E+01  8.00E+01  8.73E-01  6.47E-01     5   0.00

  4.92030E+00  7.06400E+00  7.92800E+00  8.52550E+00  9.06420E+00       4.56280E-03  9.74680E+00

  3.14980E-01  5.45260E-01  7.04530E-01  8.35295E-01  9.48885E-01       8.84240E-04  9.99990E-01
  2.82035E-01  4.96870E-01  6.55655E-01  7.97340E-01  9.32655E-01       6.15930E-04  1.00000E+00
  3.03480E-01  5.30980E-01  6.95510E-01  8.33160E-01  9.49265E-01       2.36630E-03  1.00000E+00
  2.71370E-01  4.75560E-01  6.26435E-01  7.62210E-01  9.03630E-01       1.52300E-03  1.00000E+00
  1.83550E-01  3.30150E-01  4.44915E-01  5.66610E-01  7.39800E-01       9.21240E-04  9.99970E-01

 -9.55695E-01 -6.29592E-01 -7.49742E-02  5.21140E-01  9.39898E-01      -1.00000E+00  1.00000E+00
 -9.58143E-01 -6.30155E-01 -8.27892E-02  5.12755E-01  9.40007E-01      -1.00000E+00  1.00000E+00
 -9.56897E-01 -6.28373E-01 -6.48836E-02  5.28367E-01  9.40822E-01      -1.00000E+00  1.00000E+00
 -9.56080E-01 -6.24575E-01 -5.50361E-02  5.51918E-01  9.46220E-01      -1.00000E+00  1.00000E+00
 -9.54295E-01 -6.04650E-01 -4.17690E-02  5.65450E-01  9.50243E-01      -1.00000E+00  1.00000E+00
 -9.79067E-01 -8.14033E-01 -4.25733E-01  2.70198E-01  8.98295E-01      -1.00000E+00  1.00000E+00
 -9.76772E-01 -7.89002E-01 -3.63480E-01  3.20447E-01  9.08328E-01      -1.00000E+00  1.00000E+00
 -9.75245E-01 -7.67925E-01 -3.11693E-01  3.64233E-01  9.15708E-01      -1.00000E+00  1.00000E+00
 -9.70030E-01 -7.31458E-01 -2.20188E-01  4.42590E-01  9.29415E-01      -1.00000E+00  1.00000E+00
 -9.61732E-01 -6.64957E-01 -1.10104E-01  5.15953E-01  9.40530E-01      -1.00000E+00  1.00000E+00
 -5.25232E-01 -1.54078E-01  2.35044E-01  6.68665E-01  9.59280E-01      -1.00000E+00  1.00000E+00
 -5.51735E-01 -1.57008E-01  2.26807E-01  6.63525E-01  9.59845E-01      -1.00000E+00  1.00000E+00
 -6.16460E-01 -1.83826E-01  2.10251E-01  6.47760E-01  9.55205E-01      -1.00000E+00  1.00000E+00
 -7.39363E-01 -2.54783E-01  1.76187E-01  6.24923E-01  9.52240E-01      -1.00000E+00  1.00000E+00
 -8.90287E-01 -4.28922E-01  1.00955E-01  6.05820E-01  9.49607E-01      -1.00000E+00  1.00000E+00
  6.97818E-02  3.99290E-01  6.35295E-01  8.44937E-01  9.81270E-01      -9.58980E-01  1.00000E+00
  1.05796E-01  4.46845E-01  6.76978E-01  8.64855E-01  9.84050E-01      -9.39970E-01  1.00000E+00
  1.35389E-01  5.04062E-01  7.25045E-01  8.91728E-01  9.86722E-01      -9.91660E-01  1.00000E+00
  1.24214E-01  5.44925E-01  7.68713E-01  9.14682E-01  9.90542E-01      -9.99950E-01  1.00000E+00
 -1.65794E-01  4.38620E-01  7.37770E-01  9.07767E-01  9.89910E-01      -1.00000E+00  1.00000E+00
  5.84317E-01  7.93978E-01  8.93933E-01  9.60338E-01  9.95432E-01      -6.22490E-01  1.00000E+00
  6.01925E-01  8.13978E-01  9.09568E-01  9.67292E-01  9.96235E-01      -5.65390E-01  1.00000E+00
  6.12055E-01  8.28483E-01  9.21850E-01  9.72645E-01  9.96958E-01      -5.77720E-01  1.00000E+00
  6.15483E-01  8.29798E-01  9.25448E-01  9.75113E-01  9.97227E-01      -6.10640E-01  1.00000E+00
  5.63177E-01  8.13725E-01  9.18438E-01  9.72970E-01  9.97140E-01      -9.99870E-01  1.00000E+00


    4.   9.01   74. 183.84  1.00E+01  8.50E+01  8.81E-01  6.58E-01     5   0.00

  5.01110E+00  7.13760E+00  7.98380E+00  8.57160E+00  9.10020E+00       1.24460E-02  9.74400E+00

  3.14610E-01  5.43605E-01  7.02640E-01  8.33600E-01  9.47760E-01       1.18990E-03  1.00000E+00
  2.81990E-01  4.96390E-01  6.55625E-01  7.97395E-01  9.32780E-01       1.92980E-03  1.00000E+00
  3.04590E-01  5.31270E-01  6.96045E-01  8.33820E-01  9.50240E-01       3.43620E-04  1.00000E+00
  2.70540E-01  4.73930E-01  6.23415E-01  7.58480E-01  9.00650E-01       6.86490E-04  1.00000E+00
  1.82565E-01  3.26815E-01  4.42000E-01  5.64360E-01  7.37765E-01       7.42200E-04  9.99980E-01

 -9.58860E-01 -6.40168E-01 -1.00817E-01  5.06452E-01  9.37782E-01      -1.00000E+00  1.00000E+00
 -9.56342E-01 -6.33380E-01 -8.82460E-02  5.17040E-01  9.40130E-01      -1.00000E+00  1.00000E+00
 -9.56455E-01 -6.31437E-01 -8.63428E-02  5.19500E-01  9.40932E-01      -1.00000E+00  1.00000E+00
 -9.54678E-01 -6.12513E-01 -5.35013E-02  5.49700E-01  9.42445E-01      -1.00000E+00  1.00000E+00
 -9.53210E-01 -6.09003E-01 -2.90021E-02  5.67080E-01  9.48403E-01      -1.00000E+00  1.00000E+00
 -9.77340E-01 -7.94750E-01 -4.02440E-01  2.78582E-01  9.00765E-01      -1.00000E+00  1.00000E+00
 -9.74193E-01 -7.78423E-01 -3.53385E-01  3.33250E-01  9.11945E-01      -1.00000E+00  1.00000E+00
 -9.71995E-01 -7.57320E-01 -3.02585E-01  3.76707E-01  9.19690E-01      -1.00000E+00  1.00000E+00
 -9.69063E-01 -7.25420E-01 -2.16275E-01  4.42333E-01  9.28045E-01      -1.00000E+00  1.00000E+00
 -9.62040E-01 -6.61305E-01 -1.13729E-01  5.19205E-01  9.42900E-01      -1.00000E+00  1.00000E+00
 -4.82738E-01 -1.06631E-01  2.72193E-01  6.88865E-01  9.63562E-01      -1.00000E+00  1.00000E+00
 -5.07223E-01 -1.02703E-01  2.63572E-01  6.78118E-01  9.61512E-01      -1.00000E+00  1.00000E+00
 -5.84703E-01 -1.36583E-01  2.54118E-01  6.66510E-01  9.59680E-01      -1.00000E+00  1.00000E+00
 -7.03048E-01 -2.07998E-01  2.21857E-01  6.52918E-01  9.57187E-01      -1.00000E+00  1.00000E+00
 -8.72145E-01 -3.79862E-01  1.45843E-01  6.28315E-01  9.54640E-01      -1.00000E+00  1.00000E+00
  1.02686E-01  4.26852E-01  6.62087E-01  8.56855E-01  9.81775E-01      -9.61400E-01  1.00000E+00
  1.41614E-01  4.74945E-01  6.97200E-01  8.75515E-01  9.85413E-01      -9.11960E-01  1.00000E+00
  1.67078E-01  5.26160E-01  7.40808E-01  8.98325E-01  9.88443E-01      -9.99030E-01  1.00000E+00
  1.66087E-01  5.69530E-01  7.82757E-01  9.19620E-01  9.90863E-01      -9.99990E-01  1.00000E+00
 -1.26181E-01  4.59760E-01  7.55515E-01  9.15675E-01  9.90610E-01      -1.00000E+00  1.00000E+00
  6.00570E-01  8.03940E-01  9.00862E-01  9.63342E-01  9.95945E-01      -5.89970E-01  1.00000E+00
  6.13577E-01  8.20657E-01  9.14375E-01  9.69108E-01  9.96378E-01      -5.21110E-01  1.00000E+00
  6.29998E-01  8.36882E-01  9.25575E-01  9.74522E-01  9.97302E-01      -4.91110E-01  1.00000E+00
  6.26760E-01  8.35060E-01  9.28257E-01  9.76310E-01  9.97518E-01      -4.84460E-01  1.00000E+00
  5.84350E-01  8.20632E-01  9.21302E-01  9.73318E-01  9.97082E-01      -9.99130E-01  1.00000E+00


    4.   9.01   74. 183.84  2.00E+01  0.00E+00  6.58E-01  4.09E-01     5   0.00

  5.91880E+00  1.13250E+01  1.39490E+01  1.52820E+01  1.61060E+01       2.67910E-03  1.79160E+01

  3.65765E-01  6.01365E-01  7.51280E-01  8.66065E-01  9.59625E-01       1.24190E-03  1.00000E+00
  3.84960E-01  6.13740E-01  7.55235E-01  8.67155E-01  9.59525E-01       3.70860E-04  1.00000E+00
  3.93920E-01  6.19840E-01  7.60205E-01  8.69140E-01  9.59870E-01       1.89370E-03  1.00000E+00
  4.03440E-01  6.36160E-01  7.73760E-01  8.73180E-01  9.54825E-01       2.06590E-03  1.00000E+00
  2.36650E-01  4.02340E-01  5.22265E-01  6.34625E-01  7.82455E-01       7.68400E-04  9.99920E-01

 -9.50635E-01 -5.84638E-01  2.86720E-03  5.87460E-01  9.52067E-01      -1.00000E+00  1.00000E+00
 -9.52340E-01 -5.94612E-01  1.89215E-03  5.88087E-01  9.51547E-01      -1.00000E+00  1.00000E+00
 -9.50037E-01 -5.85155E-01 -2.48575E-04  5.87862E-01  9.50413E-01      -1.00000E+00  1.00000E+00
 -9.52100E-01 -5.88455E-01  9.95718E-03  6.01522E-01  9.51980E-01      -1.00000E+00  1.00000E+00
 -9.50557E-01 -5.87435E-01 -6.75228E-03  5.82490E-01  9.48545E-01      -1.00000E+00  1.00000E+00
 -9.51310E-01 -5.88580E-01 -1.28427E-02  5.87143E-01  9.50890E-01      -1.00000E+00  1.00000E+00
 -9.50105E-01 -5.84883E-01  5.91325E-03  5.95128E-01  9.51393E-01      -1.00000E+00  1.00000E+00
 -9.50705E-01 -5.83640E-01 -2.07343E-03  5.90178E-01  9.49817E-01      -1.00000E+00  1.00000E+00
 -9.52502E-01 -5.92040E-01 -3.41530E-03  5.83325E-01  9.49277E-01      -1.00000E+00  1.00000E+00
 -9.49972E-01 -5.92985E-01  7.45050E-04  5.89603E-01  9.51905E-01      -1.00000E+00  1.00000E+00
 -9.50787E-01 -5.85250E-01 -5.13677E-03  5.81363E-01  9.50600E-01      -1.00000E+00  1.00000E+00
 -9.48642E-01 -5.84888E-01  2.00203E-03  5.89268E-01  9.49373E-01      -1.00000E+00  1.00000E+00
 -9.51715E-01 -5.94317E-01 -1.24699E-02  5.85810E-01  9.51128E-01      -1.00000E+00  1.00000E+00
 -9.50667E-01 -5.86827E-01  4.18430E-03  5.78323E-01  9.47908E-01      -1.00000E+00  1.00000E+00
 -9.51955E-01 -5.90747E-01 -9.31712E-03  5.78537E-01  9.50902E-01      -1.00000E+00  1.00000E+00
 -9.51313E-01 -5.90980E-01 -8.97065E-03  5.81440E-01  9.50915E-01      -1.00000E+00  1.00000E+00
 -9.51603E-01 -5.88508E-01  5.90360E-03  5.91557E-01  9.51933E-01      -1.00000E+00  1.00000E+00
 -9.48043E-01 -5.76328E-01  1.34137E-02  5.93782E-01  9.51425E-01      -1.00000E+00  1.00000E+00
 -9.50277E-01 -5.84965E-01  5.10413E-03  5.82163E-01  9.48483E-01      -1.00000E+00  1.00000E+00
 -9.52050E-01 -5.88230E-01 -5.62625E-04  5.92835E-01  9.53008E-01      -1.00000E+00  1.00000E+00
 -9.50465E-01 -5.86762E-01  4.22075E-03  5.90853E-01  9.53140E-01      -1.00000E+00  1.00000E+00
 -9.50925E-01 -5.85280E-01  3.26755E-03  5.88028E-01  9.49200E-01      -1.00000E+00  1.00000E+00
 -9.51262E-01 -5.86015E-01 -6.77531E-03  5.86580E-01  9.51013E-01      -1.00000E+00  1.00000E+00
 -9.52022E-01 -5.96647E-01 -7.18612E-03  5.78122E-01  9.49535E-01      -1.00000E+00  1.00000E+00
 -9.49143E-01 -5.85535E-01 -6.22125E-04  5.89060E-01  9.52623E-01      -1.00000E+00  1.00000E+00


    4.   9.01   74. 183.84  2.00E+01  3.00E+01  7.11E-01  4.68E-01     5   0.00

  6.78710E+00  1.23110E+01  1.46380E+01  1.57540E+01  1.69180E+01       9.93430E-03  1.90500E+01

  3.68780E-01  6.02540E-01  7.51095E-01  8.66565E-01  9.59705E-01       1.41290E-03  1.00000E+00
  3.77525E-01  6.05070E-01  7.48760E-01  8.62605E-01  9.57965E-01       1.23240E-03  1.00000E+00
  3.72175E-01  5.99435E-01  7.45355E-01  8.59000E-01  9.55780E-01       2.43430E-03  1.00000E+00
  3.22030E-01  5.40240E-01  6.93290E-01  8.21640E-01  9.38200E-01       2.77050E-03  1.00000E+00
  2.19380E-01  3.83890E-01  5.05620E-01  6.24900E-01  7.83080E-01       1.78060E-03  9.99980E-01

 -9.49462E-01 -5.84675E-01  1.70648E-02  5.95378E-01  9.53345E-01      -1.00000E+00  1.00000E+00
 -9.52350E-01 -5.79203E-01  8.58073E-03  5.93555E-01  9.49667E-01      -1.00000E+00  1.00000E+00
 -9.52615E-01 -5.84250E-01  2.63435E-03  5.85570E-01  9.50267E-01      -1.00000E+00  1.00000E+00
 -9.52268E-01 -5.92703E-01 -1.60241E-02  5.83738E-01  9.51923E-01      -1.00000E+00  1.00000E+00
 -9.52905E-01 -5.90095E-01 -4.64015E-03  5.88550E-01  9.52327E-01      -1.00000E+00  1.00000E+00
 -9.54645E-01 -6.16823E-01 -5.96918E-02  5.36235E-01  9.42175E-01      -1.00000E+00  1.00000E+00
 -9.55063E-01 -6.09705E-01 -4.60722E-02  5.48720E-01  9.44890E-01      -1.00000E+00  1.00000E+00
 -9.53632E-01 -5.97762E-01 -1.15406E-02  5.78925E-01  9.49140E-01      -1.00000E+00  1.00000E+00
 -9.51908E-01 -5.94530E-01 -2.11663E-02  5.80050E-01  9.49715E-01      -1.00000E+00  1.00000E+00
 -9.50472E-01 -5.92413E-01 -9.87870E-03  5.84707E-01  9.51280E-01      -1.00000E+00  1.00000E+00
 -9.81923E-01 -8.23375E-01 -4.46870E-01  2.23328E-01  8.91628E-01      -1.00000E+00  1.00000E+00
 -9.81395E-01 -8.20865E-01 -4.35693E-01  2.42718E-01  8.92487E-01      -1.00000E+00  1.00000E+00
 -9.79670E-01 -8.05542E-01 -4.19288E-01  2.46195E-01  8.95622E-01      -1.00000E+00  1.00000E+00
 -9.75947E-01 -7.80617E-01 -3.50712E-01  3.07345E-01  9.07050E-01      -1.00000E+00  1.00000E+00
 -9.67413E-01 -7.08225E-01 -2.03552E-01  4.41160E-01  9.28423E-01      -1.00000E+00  1.00000E+00
 -8.96735E-01 -6.43683E-01 -2.98680E-01  2.46695E-01  8.84240E-01      -1.00000E+00  1.00000E+00
 -8.09885E-01 -4.99580E-01 -1.34730E-01  3.76817E-01  9.04857E-01      -1.00000E+00  1.00000E+00
 -7.19082E-01 -3.35062E-01  4.19450E-02  5.13270E-01  9.31875E-01      -1.00000E+00  1.00000E+00
 -6.39678E-01 -1.88853E-01  2.07333E-01  6.25195E-01  9.51037E-01      -1.00000E+00  1.00000E+00
 -7.03143E-01 -1.49247E-01  3.05893E-01  7.01855E-01  9.62660E-01      -1.00000E+00  1.00000E+00
  2.83475E-02  4.15521E-01  6.59620E-01  8.57212E-01  9.83465E-01      -9.99920E-01  1.00000E+00
  1.06210E-01  4.98953E-01  7.29888E-01  8.95125E-01  9.87393E-01      -9.99940E-01  1.00000E+00
  1.69328E-01  5.69433E-01  7.81432E-01  9.18547E-01  9.91025E-01      -9.99530E-01  1.00000E+00
  2.32683E-01  6.32765E-01  8.26868E-01  9.39765E-01  9.93395E-01      -9.99730E-01  1.00000E+00
  1.96344E-01  6.37023E-01  8.36047E-01  9.43005E-01  9.93942E-01      -1.00000E+00  1.00000E+00


    4.   9.01   74. 183.84  2.00E+01  4.50E+01  7.72E-01  5.43E-01     5   0.00

  8.10750E+00  1.34550E+01  1.53660E+01  1.65100E+01  1.76490E+01       1.24580E-02  1.92460E+01

  3.71870E-01  6.04810E-01  7.52095E-01  8.65470E-01  9.59255E-01       1.32490E-03  1.00000E+00
  3.56280E-01  5.84600E-01  7.32640E-01  8.52100E-01  9.54355E-01       1.70570E-03  1.00000E+00
  3.23585E-01  5.48215E-01  7.03145E-01  8.32500E-01  9.46740E-01       2.19830E-03  1.00000E+00
  3.04180E-01  5.17270E-01  6.65665E-01  7.90880E-01  9.12835E-01       1.16810E-03  9.99980E-01
  1.94930E-01  3.41205E-01  4.52680E-01  5.63705E-01  7.24390E-01       1.28860E-03  9.99950E-01

 -9.50310E-01 -5.77817E-01  1.78955E-02  5.99793E-01  9.53492E-01      -1.00000E+00  1.00000E+00
 -9.48890E-01 -5.79705E-01  7.68283E-03  5.93635E-01  9.52093E-01      -1.00000E+00  1.00000E+00
 -9.49287E-01 -5.82950E-01 -9.05050E-04  5.79660E-01  9.49982E-01      -1.00000E+00  1.00000E+00
 -9.49962E-01 -5.85435E-01  7.59040E-03  5.95217E-01  9.53685E-01      -1.00000E+00  1.00000E+00
 -9.50810E-01 -5.85513E-01  5.41650E-04  5.93838E-01  9.52433E-01      -1.00000E+00  1.00000E+00
 -9.71013E-01 -7.44438E-01 -3.10758E-01  3.09643E-01  9.00222E-01      -1.00000E+00  1.00000E+00
 -9.68295E-01 -7.22820E-01 -2.63416E-01  3.68152E-01  9.11315E-01      -1.00000E+00  1.00000E+00
 -9.66073E-01 -7.07052E-01 -2.16894E-01  4.17762E-01  9.22515E-01      -1.00000E+00  1.00000E+00
 -9.63278E-01 -6.85028E-01 -1.72402E-01  4.54750E-01  9.27523E-01      -1.00000E+00  1.00000E+00
 -9.58570E-01 -6.41715E-01 -8.72670E-02  5.29090E-01  9.42315E-01      -1.00000E+00  1.00000E+00
 -9.56540E-01 -8.10315E-01 -5.48220E-01  5.17683E-02  8.52537E-01      -1.00000E+00  1.00000E+00
 -9.23205E-01 -7.52463E-01 -4.64125E-01  1.34578E-01  8.69247E-01      -1.00000E+00  1.00000E+00
 -9.14728E-01 -7.23248E-01 -4.00765E-01  2.14030E-01  8.83563E-01      -1.00000E+00  1.00000E+00
 -9.43230E-01 -7.19180E-01 -3.26255E-01  2.97770E-01  9.02157E-01      -1.00000E+00  1.00000E+00
 -9.62302E-01 -6.78762E-01 -1.89858E-01  4.30827E-01  9.25553E-01      -1.00000E+00  1.00000E+00
 -3.59865E-01 -2.59500E-02  2.78603E-01  6.62560E-01  9.57393E-01      -9.99860E-01  1.00000E+00
 -2.75126E-01  8.28627E-02  3.77655E-01  7.07668E-01  9.61813E-01      -9.99830E-01  1.00000E+00
 -1.89538E-01  2.10682E-01  4.95503E-01  7.74792E-01  9.71395E-01      -9.99830E-01  1.00000E+00
 -1.26258E-01  3.24196E-01  6.11228E-01  8.35252E-01  9.80025E-01      -1.00000E+00  1.00000E+00
 -3.12990E-01  3.21149E-01  6.62095E-01  8.75463E-01  9.86110E-01      -1.00000E+00  1.00000E+00
  4.02087E-01  6.61007E-01  8.07610E-01  9.19478E-01  9.90245E-01      -7.84500E-01  1.00000E+00
  4.43690E-01  7.11203E-01  8.48425E-01  9.41135E-01  9.93173E-01      -8.44640E-01  1.00000E+00
  4.89195E-01  7.52670E-01  8.80725E-01  9.57063E-01  9.95050E-01      -8.21690E-01  1.00000E+00
  5.14068E-01  7.81845E-01  9.01410E-01  9.67358E-01  9.96513E-01      -7.26010E-01  1.00000E+00
  4.75923E-01  7.72617E-01  9.01172E-01  9.67090E-01  9.96528E-01      -9.99980E-01  1.00000E+00


    4.   9.01   74. 183.84  2.00E+01  6.00E+01  8.48E-01  6.45E-01     5   0.00

  1.02110E+01  1.48430E+01  1.63350E+01  1.73930E+01  1.83390E+01       1.11210E-02  1.95050E+01

  3.65505E-01  5.97660E-01  7.44925E-01  8.60855E-01  9.57455E-01       1.74090E-03  1.00000E+00
  3.08290E-01  5.24190E-01  6.78295E-01  8.11710E-01  9.36635E-01       3.84020E-04  1.00000E+00
  3.20635E-01  5.47440E-01  7.07740E-01  8.41385E-01  9.51735E-01       9.95830E-04  1.00000E+00
  2.71870E-01  4.67305E-01  6.04355E-01  7.24725E-01  8.59900E-01       8.44350E-04  9.99990E-01
  1.67625E-01  2.96845E-01  3.97170E-01  5.01270E-01  6.56940E-01       1.33140E-03  9.99040E-01

 -9.52577E-01 -6.10700E-01 -3.97940E-02  5.47980E-01  9.43915E-01      -1.00000E+00  1.00000E+00
 -9.55230E-01 -6.09695E-01 -3.22249E-02  5.68563E-01  9.47130E-01      -1.00000E+00  1.00000E+00
 -9.52340E-01 -5.97105E-01 -2.67291E-02  5.68087E-01  9.48832E-01      -1.00000E+00  1.00000E+00
 -9.51255E-01 -5.98642E-01 -2.68072E-02  5.69980E-01  9.49000E-01      -1.00000E+00  1.00000E+00
 -9.50400E-01 -5.94342E-01 -7.56275E-03  5.81450E-01  9.50103E-01      -1.00000E+00  1.00000E+00
 -9.87740E-01 -8.85332E-01 -6.39273E-01 -6.88904E-02  8.18365E-01      -1.00000E+00  1.00000E+00
 -9.85592E-01 -8.61730E-01 -5.67422E-01  5.14397E-02  8.52740E-01      -1.00000E+00  1.00000E+00
 -9.81375E-01 -8.35522E-01 -4.94160E-01  1.62947E-01  8.78580E-01      -1.00000E+00  1.00000E+00
 -9.79090E-01 -8.06353E-01 -4.05115E-01  2.64730E-01  8.97150E-01      -1.00000E+00  1.00000E+00
 -9.68710E-01 -7.20708E-01 -2.20937E-01  4.27610E-01  9.26250E-01      -1.00000E+00  1.00000E+00
 -5.14877E-01 -2.23446E-01  1.01866E-01  5.64035E-01  9.43913E-01      -1.00000E+00  1.00000E+00
 -4.96795E-01 -1.76209E-01  1.41446E-01  5.86187E-01  9.45445E-01      -1.00000E+00  1.00000E+00
 -4.98653E-01 -1.40414E-01  1.86788E-01  6.09862E-01  9.49402E-01      -1.00000E+00  1.00000E+00
 -5.58638E-01 -1.38360E-01  2.17952E-01  6.14380E-01  9.46832E-01      -1.00000E+00  1.00000E+00
 -7.51340E-01 -2.44679E-01  2.04320E-01  6.31315E-01  9.50098E-01      -1.00000E+00  1.00000E+00
  9.33723E-02  3.74485E-01  5.91345E-01  8.22395E-01  9.78735E-01      -9.53570E-01  1.00000E+00
  1.68488E-01  4.59157E-01  6.53282E-01  8.46750E-01  9.80645E-01      -9.59890E-01  1.00000E+00
  2.43630E-01  5.50935E-01  7.32875E-01  8.85432E-01  9.85737E-01      -9.57500E-01  1.00000E+00
  3.12567E-01  6.40668E-01  8.13823E-01  9.29285E-01  9.91723E-01      -9.99970E-01  1.00000E+00
  2.04572E-01  6.41643E-01  8.38300E-01  9.45473E-01  9.93883E-01      -9.99990E-01  1.00000E+00
  6.12785E-01  7.94050E-01  8.89110E-01  9.57045E-01  9.94947E-01      -5.11400E-01  1.00000E+00
  6.39260E-01  8.21775E-01  9.09910E-01  9.65133E-01  9.96020E-01      -4.43980E-01  1.00000E+00
  6.60752E-01  8.45945E-01  9.29028E-01  9.75375E-01  9.97343E-01      -5.39070E-01  1.00000E+00
  6.74965E-01  8.60340E-01  9.37510E-01  9.79217E-01  9.97753E-01      -4.55290E-01  1.00000E+00
  6.64517E-01  8.58527E-01  9.37490E-01  9.79090E-01  9.97808E-01      -6.70100E-01  1.00000E+00


    4.   9.01   74. 183.84  2.00E+01  7.00E+01  8.98E-01  7.19E-01     5   0.00

  1.19050E+01  1.56780E+01  1.70160E+01  1.79270E+01  1.87140E+01       1.06980E-02  1.96120E+01

  3.45065E-01  5.73190E-01  7.24025E-01  8.47200E-01  9.52715E-01       1.46080E-03  1.00000E+00
  3.01890E-01  5.17850E-01  6.74715E-01  8.10255E-01  9.37480E-01       1.99640E-03  1.00000E+00
  3.05530E-01  5.21835E-01  6.80070E-01  8.15700E-01  9.36115E-01       1.34490E-03  1.00000E+00
  2.49225E-01  4.29445E-01  5.58395E-01  6.75840E-01  8.18895E-01       1.54380E-03  9.99910E-01
  1.52655E-01  2.72730E-01  3.66245E-01  4.65205E-01  6.16720E-01       2.80590E-04  9.93610E-01

 -9.62928E-01 -6.90895E-01 -2.12867E-01  3.85623E-01  9.10800E-01      -1.00000E+00  1.00000E+00
 -9.63205E-01 -6.79855E-01 -1.85775E-01  4.24650E-01  9.22253E-01      -1.00000E+00  1.00000E+00
 -9.61890E-01 -6.70565E-01 -1.47790E-01  4.67950E-01  9.30212E-01      -1.00000E+00  1.00000E+00
 -9.58790E-01 -6.48915E-01 -1.10740E-01  4.99293E-01  9.39942E-01      -1.00000E+00  1.00000E+00
 -9.54040E-01 -6.14560E-01 -5.62693E-02  5.49567E-01  9.44312E-01      -1.00000E+00  1.00000E+00
 -8.44753E-01 -6.66525E-01 -4.06862E-01  1.27400E-01  8.54435E-01      -1.00000E+00  1.00000E+00
 -8.61162E-01 -6.60440E-01 -3.71490E-01  2.01096E-01  8.72945E-01      -1.00000E+00  1.00000E+00
 -9.02685E-01 -6.75842E-01 -3.45292E-01  2.51877E-01  8.93213E-01      -1.00000E+00  1.00000E+00
 -9.48490E-01 -7.11585E-01 -3.16360E-01  3.07605E-01  9.05552E-01      -1.00000E+00  1.00000E+00
 -9.66078E-01 -7.05653E-01 -2.36795E-01  3.94230E-01  9.19313E-01      -1.00000E+00  1.00000E+00
 -1.79228E-01  1.15350E-01  3.95487E-01  7.34725E-01  9.67863E-01      -9.81790E-01  1.00000E+00
 -1.43881E-01  1.66779E-01  4.31320E-01  7.45413E-01  9.69668E-01      -9.80350E-01  1.00000E+00
 -1.17206E-01  2.32407E-01  4.89473E-01  7.66415E-01  9.70867E-01      -9.99980E-01  1.00000E+00
 -1.20625E-01  2.93629E-01  5.63322E-01  8.03030E-01  9.74775E-01      -9.99990E-01  1.00000E+00
 -3.97767E-01  2.09594E-01  5.80908E-01  8.37587E-01  9.80985E-01      -1.00000E+00  1.00000E+00
  3.20468E-01  5.57905E-01  7.23073E-01  8.81648E-01  9.85393E-01      -7.32660E-01  1.00000E+00
  3.74930E-01  6.15580E-01  7.69165E-01  9.00635E-01  9.87737E-01      -7.29250E-01  1.00000E+00
  4.36408E-01  6.86832E-01  8.28422E-01  9.31373E-01  9.92100E-01      -6.62960E-01  1.00000E+00
  4.90923E-01  7.51572E-01  8.77470E-01  9.54775E-01  9.94958E-01      -6.51020E-01  1.00000E+00
  4.66747E-01  7.60195E-01  8.92330E-01  9.63828E-01  9.96060E-01      -9.99910E-01  1.00000E+00
  7.14572E-01  8.53368E-01  9.23910E-01  9.71865E-01  9.96775E-01      -3.23550E-01  1.00000E+00
  7.30892E-01  8.71780E-01  9.37802E-01  9.76670E-01  9.97273E-01      -3.23810E-01  1.00000E+00
  7.44583E-01  8.86760E-01  9.48000E-01  9.82032E-01  9.98032E-01      -3.30490E-01  1.00000E+00
  7.54447E-01  8.94223E-01  9.53892E-01  9.84793E-01  9.98370E-01      -2.90670E-01  1.00000E+00
  7.55902E-01  8.95705E-01  9.54272E-01  9.84998E-01  9.98337E-01      -2.17260E-01  1.00000E+00


    4.   9.01   74. 183.84  2.00E+01  8.00E+01  9.35E-01  7.78E-01     5   0.00

  1.33000E+01  1.63750E+01  1.75440E+01  1.83280E+01  1.89980E+01       1.03900E-02  1.96630E+01

  3.15525E-01  5.34545E-01  6.88675E-01  8.21055E-01  9.42115E-01       1.71400E-03  1.00000E+00
  3.11675E-01  5.33825E-01  6.95090E-01  8.32920E-01  9.48795E-01       2.04230E-03  1.00000E+00
  2.85785E-01  4.93175E-01  6.46695E-01  7.82135E-01  9.10955E-01       2.12180E-03  1.00000E+00
  2.28910E-01  3.98270E-01  5.22365E-01  6.38130E-01  7.83315E-01       8.51620E-04  9.99770E-01
  1.41920E-01  2.54115E-01  3.44945E-01  4.43025E-01  5.85990E-01       4.61830E-04  9.81950E-01

 -9.72010E-01 -7.66800E-01 -3.86122E-01  1.92182E-01  8.66835E-01      -1.00000E+00  1.00000E+00
 -9.71313E-01 -7.52945E-01 -3.33937E-01  2.76213E-01  8.85887E-01      -1.00000E+00  1.00000E+00
 -9.68900E-01 -7.26847E-01 -2.68041E-01  3.59747E-01  9.11578E-01      -1.00000E+00  1.00000E+00
 -9.66500E-01 -7.00947E-01 -2.08534E-01  4.20942E-01  9.25270E-01      -1.00000E+00  1.00000E+00
 -9.60300E-01 -6.53770E-01 -1.05791E-01  5.06590E-01  9.38613E-01      -1.00000E+00  1.00000E+00
 -6.14310E-01 -3.29208E-01 -9.32500E-03  4.66510E-01  9.24387E-01      -1.00000E+00  1.00000E+00
 -6.35335E-01 -3.34916E-01 -1.24050E-02  4.65515E-01  9.27305E-01      -1.00000E+00  1.00000E+00
 -6.79130E-01 -3.56917E-01 -1.41450E-02  4.65537E-01  9.25425E-01      -1.00000E+00  1.00000E+00
 -7.69963E-01 -4.20003E-01 -5.05325E-02  4.57200E-01  9.22360E-01      -1.00000E+00  1.00000E+00
 -9.17072E-01 -5.46065E-01 -7.10650E-02  4.88190E-01  9.32765E-01      -1.00000E+00  1.00000E+00
  6.64405E-02  3.38562E-01  5.77700E-01  8.22563E-01  9.79245E-01      -8.83220E-01  1.00000E+00
  1.05306E-01  3.84750E-01  6.09038E-01  8.33000E-01  9.80570E-01      -8.80320E-01  1.00000E+00
  1.49632E-01  4.52937E-01  6.61550E-01  8.54923E-01  9.82427E-01      -9.53280E-01  1.00000E+00
  1.81777E-01  5.23097E-01  7.28438E-01  8.88922E-01  9.86322E-01      -9.91560E-01  1.00000E+00
  1.84390E-02  5.11488E-01  7.66332E-01  9.16662E-01  9.90727E-01      -1.00000E+00  1.00000E+00
  4.69257E-01  6.66942E-01  8.05152E-01  9.21648E-01  9.90630E-01      -4.77640E-01  1.00000E+00
  5.09478E-01  7.11370E-01  8.33755E-01  9.33755E-01  9.92435E-01      -5.34150E-01  1.00000E+00
  5.63120E-01  7.67343E-01  8.74150E-01  9.51490E-01  9.94400E-01      -4.89790E-01  1.00000E+00
  6.05687E-01  8.14800E-01  9.10785E-01  9.67710E-01  9.96465E-01      -3.93990E-01  1.00000E+00
  6.16750E-01  8.28150E-01  9.22937E-01  9.74575E-01  9.97267E-01      -9.72870E-01  1.00000E+00
  7.82393E-01  8.94890E-01  9.48300E-01  9.81205E-01  9.97905E-01       1.02050E-02  1.00000E+00
  7.89562E-01  9.04315E-01  9.55008E-01  9.84147E-01  9.98255E-01      -1.15390E-01  1.00000E+00
  7.96297E-01  9.10915E-01  9.60073E-01  9.86542E-01  9.98550E-01       1.22910E-01  1.00000E+00
  8.01158E-01  9.13090E-01  9.62108E-01  9.87560E-01  9.98663E-01       8.43170E-03  1.00000E+00
  8.21187E-01  9.23572E-01  9.66823E-01  9.88910E-01  9.98810E-01      -1.14520E-02  1.00000E+00


    4.   9.01   74. 183.84  2.00E+01  8.50E+01  9.45E-01  7.96E-01     5   0.00

  1.37440E+01  1.65910E+01  1.77000E+01  1.84460E+01  1.90790E+01       1.16750E-02  1.96930E+01

  3.09800E-01  5.25115E-01  6.77590E-01  8.11845E-01  9.38020E-01       1.87390E-03  1.00000E+00
  3.13915E-01  5.39890E-01  7.02520E-01  8.39440E-01  9.52380E-01       1.32590E-03  1.00000E+00
  2.80620E-01  4.84230E-01  6.36070E-01  7.69520E-01  9.00925E-01       2.53410E-04  1.00000E+00
  2.23165E-01  3.89100E-01  5.11460E-01  6.25580E-01  7.69950E-01       8.46910E-04  9.99890E-01
  1.39005E-01  2.49660E-01  3.39220E-01  4.35175E-01  5.72045E-01       9.21580E-04  9.72520E-01

 -9.74760E-01 -7.87682E-01 -4.19053E-01  1.59890E-01  8.52557E-01      -1.00000E+00  1.00000E+00
 -9.73710E-01 -7.71377E-01 -3.76170E-01  2.36149E-01  8.82683E-01      -1.00000E+00  1.00000E+00
 -9.73348E-01 -7.55480E-01 -3.17561E-01  3.15030E-01  9.02765E-01      -1.00000E+00  1.00000E+00
 -9.69148E-01 -7.21920E-01 -2.36374E-01  4.03865E-01  9.19850E-01      -1.00000E+00  1.00000E+00
 -9.61032E-01 -6.64552E-01 -1.22665E-01  5.01868E-01  9.38192E-01      -1.00000E+00  1.00000E+00
 -4.90117E-01 -1.98246E-01  1.21777E-01  5.63245E-01  9.41377E-01      -1.00000E+00  1.00000E+00
 -5.26142E-01 -2.05409E-01  1.16347E-01  5.52783E-01  9.40773E-01      -1.00000E+00  1.00000E+00
 -5.83855E-01 -2.34786E-01  1.02368E-01  5.44620E-01  9.37373E-01      -1.00000E+00  1.00000E+00
 -6.88430E-01 -3.12785E-01  5.29150E-02  5.16000E-01  9.32755E-01      -1.00000E+00  1.00000E+00
 -8.77093E-01 -4.68592E-01 -1.52500E-03  5.11990E-01  9.35073E-01      -1.00000E+00  1.00000E+00
  1.40626E-01  4.02537E-01  6.24590E-01  8.44000E-01  9.81643E-01      -8.41110E-01  1.00000E+00
  1.77007E-01  4.47600E-01  6.58075E-01  8.56683E-01  9.82985E-01      -7.71560E-01  1.00000E+00
  2.23573E-01  5.09875E-01  7.05008E-01  8.77270E-01  9.85915E-01      -9.11190E-01  1.00000E+00
  2.53717E-01  5.77823E-01  7.60725E-01  9.03665E-01  9.88348E-01      -9.94030E-01  1.00000E+00
  1.60838E-01  5.90768E-01  8.06045E-01  9.32310E-01  9.92352E-01      -1.00000E+00  1.00000E+00
  5.14630E-01  6.99530E-01  8.25497E-01  9.30115E-01  9.92017E-01      -6.11080E-01  1.00000E+00
  5.48285E-01  7.36855E-01  8.50910E-01  9.40932E-01  9.93160E-01      -4.56200E-01  1.00000E+00
  5.98355E-01  7.87737E-01  8.85177E-01  9.55575E-01  9.94903E-01      -3.31350E-01  1.00000E+00
  6.39552E-01  8.32507E-01  9.21345E-01  9.71660E-01  9.96758E-01      -5.30630E-01  1.00000E+00
  6.55290E-01  8.46332E-01  9.31630E-01  9.77040E-01  9.97522E-01      -9.91840E-01  1.00000E+00
  7.97007E-01  9.03570E-01  9.51903E-01  9.82042E-01  9.97978E-01       8.44750E-02  1.00000E+00
  8.03468E-01  9.12257E-01  9.58832E-01  9.85492E-01  9.98335E-01       1.30820E-01  1.00000E+00
  8.12573E-01  9.17353E-01  9.63407E-01  9.87653E-01  9.98698E-01      -4.95710E-02  1.00000E+00
  8.20642E-01  9.20945E-01  9.65125E-01  9.88413E-01  9.98757E-01       1.09580E-01  1.00000E+00
  8.41108E-01  9.31955E-01  9.70090E-01  9.90200E-01  9.99002E-01       1.35090E-01  1.00000E+00


    4.   9.01   74. 183.84  5.00E+01  0.00E+00  6.11E-01  3.70E-01     5   0.00

  1.17390E+01  2.59370E+01  3.41980E+01  3.89700E+01  4.13470E+01       3.49720E-02  4.51010E+01

  4.10670E-01  6.37825E-01  7.75155E-01  8.79600E-01  9.63750E-01       4.05000E-03  1.00000E+00
  4.55775E-01  6.60335E-01  7.85045E-01  8.82615E-01  9.64345E-01       2.76720E-03  1.00000E+00
  4.48575E-01  6.48280E-01  7.74025E-01  8.74100E-01  9.60890E-01       7.96750E-03  1.00000E+00
  4.92110E-01  7.04735E-01  8.18805E-01  9.00465E-01  9.68940E-01       3.94280E-03  1.00000E+00
  2.83610E-01  4.29310E-01  5.28425E-01  6.23460E-01  7.58020E-01       1.38680E-04  9.99960E-01

 -9.49405E-01 -5.94610E-01 -8.32083E-03  5.80170E-01  9.52178E-01      -1.00000E+00  1.00000E+00
 -9.49090E-01 -5.78462E-01  1.61702E-02  5.95328E-01  9.52763E-01      -1.00000E+00  1.00000E+00
 -9.50515E-01 -5.76277E-01  1.63865E-02  5.91830E-01  9.50377E-01      -1.00000E+00  1.00000E+00
 -9.51195E-01 -5.96932E-01 -1.94061E-02  5.70780E-01  9.48960E-01      -1.00000E+00  1.00000E+00
 -9.51297E-01 -5.91185E-01  2.19865E-03  5.92725E-01  9.51982E-01      -1.00000E+00  1.00000E+00
 -9.51927E-01 -5.86110E-01  5.97748E-03  5.92612E-01  9.51113E-01      -1.00000E+00  1.00000E+00
 -9.51365E-01 -5.86325E-01  9.22825E-03  5.88383E-01  9.52595E-01      -1.00000E+00  1.00000E+00
 -9.49843E-01 -5.86240E-01 -2.63632E-03  5.87612E-01  9.49215E-01      -1.00000E+00  1.00000E+00
 -9.52272E-01 -5.90562E-01 -2.36200E-04  5.91483E-01  9.51738E-01      -1.00000E+00  1.00000E+00
 -9.51330E-01 -5.79715E-01  1.65425E-02  5.93005E-01  9.51090E-01      -1.00000E+00  1.00000E+00
 -9.52935E-01 -5.94828E-01 -1.35201E-02  5.83960E-01  9.49878E-01      -1.00000E+00  1.00000E+00
 -9.48958E-01 -5.81782E-01  9.52875E-04  5.89935E-01  9.51453E-01      -1.00000E+00  1.00000E+00
 -9.53022E-01 -5.94645E-01 -6.46163E-03  5.77880E-01  9.49577E-01      -1.00000E+00  1.00000E+00
 -9.53138E-01 -5.92230E-01 -7.39174E-03  5.84518E-01  9.53000E-01      -1.00000E+00  1.00000E+00
 -9.53412E-01 -5.95128E-01 -9.00993E-03  5.78910E-01  9.50925E-01      -1.00000E+00  1.00000E+00
 -9.51377E-01 -5.82767E-01  8.37527E-03  5.88322E-01  9.51607E-01      -1.00000E+00  1.00000E+00
 -9.49860E-01 -5.92600E-01  4.66458E-03  5.90368E-01  9.51662E-01      -1.00000E+00  1.00000E+00
 -9.51080E-01 -5.87932E-01 -3.29799E-03  5.86097E-01  9.50690E-01      -1.00000E+00  1.00000E+00
 -9.50207E-01 -5.78765E-01  9.21525E-03  5.89410E-01  9.51820E-01      -1.00000E+00  1.00000E+00
 -9.50160E-01 -5.91017E-01 -6.19790E-03  5.86970E-01  9.50820E-01      -1.00000E+00  1.00000E+00
 -9.51055E-01 -5.80022E-01  4.55675E-03  5.92567E-01  9.51412E-01      -1.00000E+00  1.00000E+00
 -9.50950E-01 -5.89285E-01 -1.47858E-03  5.92285E-01  9.53248E-01      -1.00000E+00  1.00000E+00
 -9.51832E-01 -5.84595E-01  3.89820E-03  5.93697E-01  9.52840E-01      -1.00000E+00  1.00000E+00
 -9.52237E-01 -5.87310E-01  2.98282E-03  5.83913E-01  9.51887E-01      -1.00000E+00  1.00000E+00
 -9.51132E-01 -5.89982E-01 -8.50360E-03  5.85690E-01  9.50552E-01      -1.00000E+00  1.00000E+00


    4.   9.01   74. 183.84  5.00E+01  3.00E+01  6.65E-01  4.29E-01     5   0.00

  1.37310E+01  2.87800E+01  3.64540E+01  4.01850E+01  4.31830E+01       5.23890E-03  4.78610E+01

  4.20020E-01  6.43505E-01  7.77730E-01  8.80470E-01  9.64185E-01       3.01780E-03  1.00000E+00
  4.49530E-01  6.53650E-01  7.80400E-01  8.79640E-01  9.62715E-01       1.56040E-03  1.00000E+00
  4.36205E-01  6.42060E-01  7.70095E-01  8.73140E-01  9.60595E-01       7.17460E-03  1.00000E+00
  3.80555E-01  5.88235E-01  7.31195E-01  8.48245E-01  9.48645E-01       3.32080E-03  1.00000E+00
  2.37115E-01  3.95990E-01  5.10535E-01  6.18295E-01  7.59780E-01       9.23840E-04  1.00000E+00

 -9.49093E-01 -5.95495E-01 -6.96745E-03  5.85925E-01  9.49792E-01      -1.00000E+00  1.00000E+00
 -9.51658E-01 -5.94680E-01  4.53500E-05  5.83857E-01  9.51923E-01      -1.00000E+00  1.00000E+00
 -9.47598E-01 -5.70500E-01  2.33075E-02  5.88905E-01  9.50253E-01      -1.00000E+00  1.00000E+00
 -9.48870E-01 -5.89753E-01 -2.58500E-03  5.83900E-01  9.50473E-01      -1.00000E+00  1.00000E+00
 -9.50865E-01 -5.86930E-01  4.86300E-04  5.87642E-01  9.50450E-01      -1.00000E+00  1.00000E+00
 -9.50420E-01 -5.84327E-01  3.24720E-03  5.96015E-01  9.50747E-01      -1.00000E+00  1.00000E+00
 -9.50015E-01 -5.79303E-01 -4.42812E-03  5.85927E-01  9.50168E-01      -1.00000E+00  1.00000E+00
 -9.51610E-01 -5.93660E-01 -4.02070E-03  5.92025E-01  9.52120E-01      -1.00000E+00  1.00000E+00
 -9.49135E-01 -5.83590E-01 -9.39425E-04  5.92917E-01  9.51587E-01      -1.00000E+00  1.00000E+00
 -9.50598E-01 -5.89993E-01 -9.79450E-03  5.77690E-01  9.46980E-01      -1.00000E+00  1.00000E+00
 -9.73592E-01 -7.57543E-01 -3.05652E-01  3.55103E-01  9.14193E-01      -1.00000E+00  1.00000E+00
 -9.69417E-01 -7.24820E-01 -2.43585E-01  4.07382E-01  9.21665E-01      -1.00000E+00  1.00000E+00
 -9.67262E-01 -7.11740E-01 -2.15417E-01  4.24475E-01  9.28470E-01      -1.00000E+00  1.00000E+00
 -9.66395E-01 -6.91740E-01 -1.70685E-01  4.65373E-01  9.30205E-01      -1.00000E+00  1.00000E+00
 -9.60457E-01 -6.51210E-01 -9.62265E-02  5.20590E-01  9.42377E-01      -1.00000E+00  1.00000E+00
 -9.60858E-01 -8.07505E-01 -5.62268E-01 -3.40945E-02  8.24542E-01      -1.00000E+00  1.00000E+00
 -8.64228E-01 -6.40988E-01 -3.66289E-01  1.59652E-01  8.75583E-01      -1.00000E+00  1.00000E+00
 -7.64022E-01 -4.90760E-01 -1.85532E-01  2.86405E-01  8.94450E-01      -1.00000E+00  1.00000E+00
 -6.80760E-01 -3.48265E-01  4.50000E-03  4.32392E-01  9.17018E-01      -1.00000E+00  1.00000E+00
 -6.88820E-01 -2.33322E-01  1.71625E-01  5.95990E-01  9.42400E-01      -1.00000E+00  1.00000E+00
  4.99500E-03  3.35393E-01  5.56570E-01  7.69408E-01  9.66167E-01      -9.99370E-01  1.00000E+00
  1.24767E-01  4.71155E-01  6.84870E-01  8.54607E-01  9.79893E-01      -9.99650E-01  1.00000E+00
  2.25868E-01  5.76515E-01  7.78868E-01  9.14105E-01  9.90095E-01      -9.43370E-01  1.00000E+00
  2.96115E-01  6.55212E-01  8.34755E-01  9.40850E-01  9.93370E-01      -9.15330E-01  1.00000E+00
  3.34848E-01  6.94452E-01  8.63980E-01  9.53540E-01  9.94885E-01      -9.99890E-01  1.00000E+00


    4.   9.01   74. 183.84  5.00E+01  4.50E+01  7.33E-01  5.12E-01     5   0.00

  1.69920E+01  3.27980E+01  3.92230E+01  4.22680E+01  4.50940E+01       2.32630E-02  4.84870E+01

  4.27875E-01  6.46555E-01  7.78220E-01  8.80150E-01  9.63695E-01       2.64830E-03  1.00000E+00
  4.35105E-01  6.40395E-01  7.69590E-01  8.72805E-01  9.60560E-01       3.78630E-03  1.00000E+00
  3.73180E-01  5.83135E-01  7.25740E-01  8.46665E-01  9.52420E-01       3.93950E-03  1.00000E+00
  3.37455E-01  5.43300E-01  6.84590E-01  8.02320E-01  9.12000E-01       2.74680E-03  1.00000E+00
  2.00070E-01  3.35875E-01  4.35575E-01  5.32785E-01  6.69820E-01       8.21000E-04  9.99270E-01

 -9.49905E-01 -5.86198E-01  5.95268E-03  5.91240E-01  9.52248E-01      -1.00000E+00  1.00000E+00
 -9.49847E-01 -5.83923E-01 -2.45093E-03  5.89705E-01  9.50483E-01      -1.00000E+00  1.00000E+00
 -9.53350E-01 -6.00182E-01 -2.29397E-02  5.73115E-01  9.48497E-01      -1.00000E+00  1.00000E+00
 -9.52847E-01 -5.91675E-01 -2.04475E-03  5.78333E-01  9.50137E-01      -1.00000E+00  1.00000E+00
 -9.51632E-01 -5.84930E-01 -8.82087E-03  5.79560E-01  9.48632E-01      -1.00000E+00  1.00000E+00
 -9.58147E-01 -6.53678E-01 -1.24681E-01  4.73000E-01  9.30680E-01      -1.00000E+00  1.00000E+00
 -9.58270E-01 -6.38158E-01 -8.62699E-02  5.17295E-01  9.39340E-01      -1.00000E+00  1.00000E+00
 -9.54452E-01 -6.24005E-01 -7.66178E-02  5.33478E-01  9.43685E-01      -1.00000E+00  1.00000E+00
 -9.55852E-01 -6.17382E-01 -5.44644E-02  5.43702E-01  9.43893E-01      -1.00000E+00  1.00000E+00
 -9.53427E-01 -6.02738E-01 -2.84597E-02  5.67312E-01  9.47765E-01      -1.00000E+00  1.00000E+00
 -9.86252E-01 -8.80578E-01 -6.52315E-01 -1.10056E-01  7.93720E-01      -1.00000E+00  1.00000E+00
 -9.79332E-01 -8.35668E-01 -5.46612E-01  7.10863E-02  8.63445E-01      -1.00000E+00  1.00000E+00
 -9.73925E-01 -8.00593E-01 -4.65842E-01  1.72176E-01  8.84858E-01      -1.00000E+00  1.00000E+00
 -9.71332E-01 -7.68752E-01 -3.88485E-01  2.38627E-01  8.90120E-01      -1.00000E+00  1.00000E+00
 -9.66078E-01 -7.17218E-01 -2.52537E-01  3.68237E-01  9.15197E-01      -1.00000E+00  1.00000E+00
 -3.63740E-01 -1.09038E-01  1.27026E-01  5.07485E-01  9.27713E-01      -9.99850E-01  1.00000E+00
 -2.59578E-01  5.16825E-02  3.05261E-01  6.43502E-01  9.53795E-01      -9.98500E-01  1.00000E+00
 -1.53223E-01  1.91306E-01  4.46833E-01  7.20038E-01  9.62597E-01      -9.99940E-01  1.00000E+00
 -5.29275E-02  3.43754E-01  6.02683E-01  8.16707E-01  9.76000E-01      -1.00000E+00  1.00000E+00
 -1.34480E-01  4.06255E-01  7.00377E-01  8.91985E-01  9.87980E-01      -1.00000E+00  1.00000E+00
  4.55780E-01  6.63770E-01  7.91742E-01  9.05992E-01  9.88505E-01      -6.47200E-01  1.00000E+00
  5.16150E-01  7.30695E-01  8.47500E-01  9.34978E-01  9.91310E-01      -6.11050E-01  1.00000E+00
  5.72440E-01  7.84598E-01  8.91785E-01  9.59060E-01  9.95115E-01      -6.64370E-01  1.00000E+00
  6.07165E-01  8.22885E-01  9.19678E-01  9.72212E-01  9.96910E-01      -4.76170E-01  1.00000E+00
  6.24185E-01  8.37087E-01  9.28473E-01  9.75862E-01  9.97363E-01      -5.99180E-01  1.00000E+00


    4.   9.01   74. 183.84  5.00E+01  6.00E+01  8.29E-01  6.44E-01     5   0.00

  2.40150E+01  3.84240E+01  4.24140E+01  4.49510E+01  4.69730E+01       3.24950E-02  4.89910E+01

  4.28425E-01  6.42980E-01  7.74110E-01  8.77070E-01  9.62410E-01       1.29970E-03  1.00000E+00
  3.50285E-01  5.56460E-01  7.00790E-01  8.26000E-01  9.41220E-01       9.17120E-04  1.00000E+00
  3.41730E-01  5.55840E-01  7.08220E-01  8.36970E-01  9.44330E-01       1.00290E-03  1.00000E+00
  2.71325E-01  4.46115E-01  5.68870E-01  6.73385E-01  7.92040E-01       1.56180E-03  9.99630E-01
  1.50325E-01  2.58085E-01  3.39790E-01  4.23925E-01  5.55165E-01       1.43900E-03  9.56650E-01

 -9.47930E-01 -5.80180E-01  9.90132E-03  5.87015E-01  9.50475E-01      -1.00000E+00  1.00000E+00
 -9.51060E-01 -5.86263E-01 -3.84955E-03  5.80723E-01  9.49605E-01      -1.00000E+00  1.00000E+00
 -9.51785E-01 -5.96662E-01 -7.64439E-03  5.78727E-01  9.49658E-01      -1.00000E+00  1.00000E+00
 -9.52507E-01 -5.82330E-01  6.37913E-03  5.87987E-01  9.50063E-01      -1.00000E+00  1.00000E+00
 -9.51495E-01 -5.95452E-01 -3.69756E-03  5.83630E-01  9.50318E-01      -1.00000E+00  1.00000E+00
 -9.87337E-01 -8.82300E-01 -6.47295E-01 -1.49564E-01  7.60497E-01      -1.00000E+00  1.00000E+00
 -9.83512E-01 -8.47690E-01 -5.49843E-01  3.84550E-02  8.45720E-01      -1.00000E+00  1.00000E+00
 -9.79128E-01 -8.15265E-01 -4.81470E-01  1.57863E-01  8.76278E-01      -1.00000E+00  1.00000E+00
 -9.75790E-01 -7.88205E-01 -4.11123E-01  2.43018E-01  8.90278E-01      -1.00000E+00  1.00000E+00
 -9.69945E-01 -7.37662E-01 -2.57477E-01  3.97933E-01  9.22650E-01      -1.00000E+00  1.00000E+00
 -3.78720E-01 -1.36150E-01  1.04929E-01  5.08053E-01  9.23857E-01      -9.99990E-01  1.00000E+00
 -3.23056E-01 -4.84375E-02  2.03078E-01  5.97830E-01  9.44747E-01      -1.00000E+00  1.00000E+00
 -2.85357E-01  1.74925E-02  2.71410E-01  6.14977E-01  9.46785E-01      -1.00000E+00  1.00000E+00
 -2.79468E-01  8.46350E-02  3.61962E-01  6.60465E-01  9.53113E-01      -1.00000E+00  1.00000E+00
 -4.33700E-01  5.08825E-02  4.22580E-01  7.36005E-01  9.64060E-01      -1.00000E+00  1.00000E+00
  2.72452E-01  4.71348E-01  6.40900E-01  8.45375E-01  9.81685E-01      -6.29840E-01  1.00000E+00
  3.48575E-01  5.61375E-01  7.06970E-01  8.69690E-01  9.84098E-01      -6.44660E-01  1.00000E+00
  4.34333E-01  6.58218E-01  7.88130E-01  9.02053E-01  9.87677E-01      -5.78900E-01  1.00000E+00
  5.34080E-01  7.61313E-01  8.73768E-01  9.50587E-01  9.93982E-01      -5.46460E-01  1.00000E+00
  5.55627E-01  8.04270E-01  9.13373E-01  9.71135E-01  9.96850E-01      -9.94000E-01  1.00000E+00
  7.25425E-01  8.44025E-01  9.11315E-01  9.64080E-01  9.95927E-01      -1.37270E-01  1.00000E+00
  7.55048E-01  8.74223E-01  9.34477E-01  9.74627E-01  9.97095E-01      -8.95490E-02  1.00000E+00
  7.77600E-01  8.96508E-01  9.51063E-01  9.82535E-01  9.98010E-01      -6.41010E-02  1.00000E+00
  7.90382E-01  9.11920E-01  9.61150E-01  9.87110E-01  9.98615E-01      -6.12190E-03  1.00000E+00
  7.93125E-01  9.13992E-01  9.62530E-01  9.87800E-01  9.98727E-01      -9.89150E-02  1.00000E+00


    4.   9.01   74. 183.84  5.00E+01  7.00E+01  9.02E-01  7.55E-01     5   0.00

  3.20190E+01  4.17030E+01  4.47350E+01  4.65560E+01  4.79990E+01       1.11130E-02  4.92500E+01

  3.85805E-01  5.96540E-01  7.35545E-01  8.50820E-01  9.53245E-01       2.91690E-03  1.00000E+00
  3.25525E-01  5.38215E-01  6.94940E-01  8.33280E-01  9.49340E-01       1.42490E-03  1.00000E+00
  2.92455E-01  4.83990E-01  6.26260E-01  7.49965E-01  8.67940E-01       1.57050E-03  1.00000E+00
  2.19230E-01  3.68315E-01  4.74285E-01  5.69045E-01  6.92410E-01       5.11400E-04  9.82090E-01
  1.21331E-01  2.12755E-01  2.83935E-01  3.59825E-01  4.79830E-01       5.88790E-04  8.76180E-01

 -9.69803E-01 -7.37082E-01 -3.20998E-01  2.34655E-01  8.60125E-01      -1.00000E+00  1.00000E+00
 -9.69433E-01 -7.26845E-01 -2.69730E-01  3.34844E-01  9.02010E-01      -1.00000E+00  1.00000E+00
 -9.66512E-01 -7.00070E-01 -2.04126E-01  4.18213E-01  9.23540E-01      -1.00000E+00  1.00000E+00
 -9.62090E-01 -6.65878E-01 -1.31107E-01  4.89198E-01  9.36610E-01      -1.00000E+00  1.00000E+00
 -9.58627E-01 -6.31505E-01 -7.27168E-02  5.36420E-01  9.42037E-01      -1.00000E+00  1.00000E+00
 -6.58055E-01 -4.37571E-01 -1.98653E-01  1.89994E-01  8.23412E-01      -1.00000E+00  1.00000E+00
 -6.36668E-01 -3.91325E-01 -1.36092E-01  2.86126E-01  8.78985E-01      -1.00000E+00  1.00000E+00
 -6.33737E-01 -3.70769E-01 -9.88125E-02  3.35747E-01  8.95625E-01      -1.00000E+00  1.00000E+00
 -6.67100E-01 -3.78736E-01 -8.74750E-02  3.41563E-01  8.98225E-01      -1.00000E+00  1.00000E+00
 -8.38677E-01 -4.70888E-01 -6.87900E-02  4.36045E-01  9.20997E-01      -1.00000E+00  1.00000E+00
  1.57772E-01  3.62727E-01  5.67375E-01  8.10625E-01  9.76032E-01      -7.47450E-01  1.00000E+00
  2.17458E-01  4.33015E-01  6.05997E-01  8.25115E-01  9.78327E-01      -8.49030E-01  1.00000E+00
  2.88960E-01  5.15997E-01  6.73560E-01  8.47555E-01  9.80718E-01      -7.48740E-01  1.00000E+00
  3.88253E-01  6.35900E-01  7.81710E-01  9.01953E-01  9.87942E-01      -7.04000E-01  1.00000E+00
  4.29390E-01  7.38720E-01  8.76170E-01  9.56407E-01  9.95235E-01      -1.00000E+00  1.00000E+00
  5.64045E-01  7.06140E-01  8.16808E-01  9.29848E-01  9.92250E-01      -2.86120E-01  1.00000E+00
  6.19580E-01  7.61728E-01  8.53510E-01  9.39065E-01  9.92900E-01      -3.39110E-01  1.00000E+00
  6.70462E-01  8.16213E-01  8.95520E-01  9.56767E-01  9.94675E-01      -3.36430E-01  1.00000E+00
  7.25830E-01  8.72205E-01  9.37877E-01  9.77290E-01  9.97372E-01      -2.11040E-01  1.00000E+00
  7.49223E-01  8.94042E-01  9.53642E-01  9.84585E-01  9.98328E-01      -4.67070E-02  1.00000E+00
  8.38210E-01  9.14273E-01  9.54250E-01  9.82530E-01  9.98003E-01       2.09130E-01  1.00000E+00
  8.51825E-01  9.29063E-01  9.64897E-01  9.86882E-01  9.98495E-01       2.56050E-01  1.00000E+00
  8.64053E-01  9.40115E-01  9.72662E-01  9.90665E-01  9.99035E-01       2.84190E-01  1.00000E+00
  8.65935E-01  9.44330E-01  9.75675E-01  9.91768E-01  9.99118E-01       2.77750E-01  1.00000E+00
  8.72790E-01  9.46002E-01  9.77043E-01  9.92420E-01  9.99180E-01       3.43160E-01  1.00000E+00


    4.   9.01   74. 183.84  5.00E+01  8.00E+01  9.60E-01  8.58E-01     5   0.00

  3.94270E+01  4.46210E+01  4.66180E+01  4.78280E+01  4.87260E+01       1.83970E-02  4.94330E+01

  3.30425E-01  5.43745E-01  6.96920E-01  8.29370E-01  9.47045E-01       1.72710E-03  1.00000E+00
  3.06720E-01  5.13510E-01  6.70125E-01  8.07210E-01  9.21080E-01       1.24410E-03  1.00000E+00
  2.38895E-01  4.04025E-01  5.26275E-01  6.36745E-01  7.55635E-01       9.79360E-04  9.98380E-01
  1.72855E-01  2.98775E-01  3.89815E-01  4.72550E-01  5.87050E-01       1.14470E-03  9.22990E-01
  1.00453E-01  1.78725E-01  2.41490E-01  3.08140E-01  4.01955E-01       4.21980E-04  7.65010E-01

 -9.26403E-01 -7.29670E-01 -4.52800E-01  5.58007E-02  8.19380E-01      -1.00000E+00  1.00000E+00
 -9.40015E-01 -7.04033E-01 -3.52945E-01  1.95335E-01  8.68780E-01      -1.00000E+00  1.00000E+00
 -9.48788E-01 -6.82063E-01 -2.80048E-01  2.66673E-01  8.77840E-01      -1.00000E+00  1.00000E+00
 -9.61353E-01 -6.89002E-01 -2.55313E-01  2.88261E-01  8.81770E-01      -1.00000E+00  1.00000E+00
 -9.62890E-01 -6.88702E-01 -2.25502E-01  3.34349E-01  8.97930E-01      -1.00000E+00  1.00000E+00
  6.50335E-02  2.78118E-01  4.91248E-01  7.63180E-01  9.68440E-01      -8.50510E-01  1.00000E+00
  1.00966E-01  3.19823E-01  5.10853E-01  7.58557E-01  9.68280E-01      -8.09820E-01  1.00000E+00
  1.45476E-01  3.83230E-01  5.64887E-01  7.84375E-01  9.70072E-01      -8.55030E-01  1.00000E+00
  1.83454E-01  4.56252E-01  6.45783E-01  8.25115E-01  9.75770E-01      -9.42240E-01  1.00000E+00
  1.03910E-01  5.10860E-01  7.43765E-01  9.00235E-01  9.88038E-01      -1.00000E+00  1.00000E+00
  5.30710E-01  6.77108E-01  8.13675E-01  9.33105E-01  9.92783E-01      -2.33420E-01  1.00000E+00
  5.73688E-01  7.17642E-01  8.29785E-01  9.34972E-01  9.92900E-01      -1.94460E-01  1.00000E+00
  6.26468E-01  7.68715E-01  8.59633E-01  9.42060E-01  9.93350E-01      -8.24780E-02  1.00000E+00
  6.94832E-01  8.37350E-01  9.11880E-01  9.64420E-01  9.95705E-01      -7.22770E-02  1.00000E+00
  7.55683E-01  8.90860E-01  9.50067E-01  9.83010E-01  9.98108E-01      -1.53800E-01  1.00000E+00
  7.61832E-01  8.51742E-01  9.17393E-01  9.68935E-01  9.96600E-01       2.13750E-01  1.00000E+00
  7.85735E-01  8.75920E-01  9.28658E-01  9.72218E-01  9.96733E-01       2.18560E-01  1.00000E+00
  8.16455E-01  9.05600E-01  9.49705E-01  9.80080E-01  9.97680E-01       2.92020E-01  1.00000E+00
  8.42642E-01  9.30152E-01  9.67335E-01  9.88500E-01  9.98725E-01       2.33770E-01  1.00000E+00
  8.63827E-01  9.41383E-01  9.74492E-01  9.91578E-01  9.99052E-01       3.32240E-01  1.00000E+00
  9.05382E-01  9.52935E-01  9.76435E-01  9.91223E-01  9.99055E-01       5.48680E-01  1.00000E+00
  9.10850E-01  9.58970E-01  9.80352E-01  9.93105E-01  9.99235E-01       5.34390E-01  1.00000E+00
  9.16145E-01  9.62892E-01  9.83272E-01  9.94192E-01  9.99355E-01       6.14290E-01  1.00000E+00
  9.22395E-01  9.65420E-01  9.84640E-01  9.94932E-01  9.99443E-01       6.14580E-01  1.00000E+00
  9.36085E-01  9.72680E-01  9.88023E-01  9.96045E-01  9.99575E-01       6.27110E-01  1.00000E+00


    4.   9.01   74. 183.84  5.00E+01  8.50E+01  9.75E-01  8.89E-01     5   0.00

  4.11010E+01  4.55000E+01  4.71820E+01  4.81720E+01  4.89060E+01       7.28590E-02  4.94780E+01

  3.23805E-01  5.40540E-01  7.01335E-01  8.36235E-01  9.50510E-01       8.90680E-04  1.00000E+00
  2.88245E-01  4.88700E-01  6.39260E-01  7.70550E-01  8.84045E-01       1.43210E-03  9.99990E-01
  2.20560E-01  3.78200E-01  4.95140E-01  5.97530E-01  7.10485E-01       6.34970E-04  9.71750E-01
  1.56955E-01  2.74860E-01  3.61665E-01  4.42365E-01  5.51040E-01       3.17080E-04  8.72890E-01
  9.64530E-02  1.69975E-01  2.28190E-01  2.88330E-01  3.70735E-01       7.55700E-04  6.98900E-01

 -7.06913E-01 -5.07420E-01 -2.81978E-01  1.39798E-01  8.29455E-01      -1.00000E+00  1.00000E+00
 -7.23912E-01 -4.99592E-01 -2.45154E-01  2.30934E-01  8.74390E-01      -1.00000E+00  1.00000E+00
 -7.70393E-01 -5.16535E-01 -2.13351E-01  2.96967E-01  8.92088E-01      -1.00000E+00  1.00000E+00
 -8.94912E-01 -5.83785E-01 -1.89008E-01  3.47908E-01  8.94937E-01      -1.00000E+00  1.00000E+00
 -9.46703E-01 -6.02283E-01 -8.40673E-02  4.81393E-01  9.23802E-01      -1.00000E+00  1.00000E+00
  2.64105E-01  4.56622E-01  6.48700E-01  8.55980E-01  9.83125E-01      -6.28600E-01  1.00000E+00
  3.01283E-01  4.90310E-01  6.54865E-01  8.50000E-01  9.82137E-01      -7.17990E-01  1.00000E+00
  3.55935E-01  5.51592E-01  7.00123E-01  8.64830E-01  9.82950E-01      -6.07950E-01  1.00000E+00
  4.28645E-01  6.39293E-01  7.78070E-01  8.97720E-01  9.86522E-01      -5.75040E-01  1.00000E+00
  5.02918E-01  7.51670E-01  8.78100E-01  9.55998E-01  9.95143E-01      -1.00000E+00  1.00000E+00
  6.29815E-01  7.53827E-01  8.65478E-01  9.52122E-01  9.94753E-01      -1.60980E-02  1.00000E+00
  6.62843E-01  7.80807E-01  8.71968E-01  9.51850E-01  9.94703E-01      -6.89450E-02  1.00000E+00
  7.07758E-01  8.23920E-01  8.94558E-01  9.56792E-01  9.95010E-01       1.52650E-02  1.00000E+00
  7.69073E-01  8.82622E-01  9.38567E-01  9.75985E-01  9.97202E-01       1.02220E-01  1.00000E+00
  8.17565E-01  9.19840E-01  9.64080E-01  9.87838E-01  9.98662E-01       9.94570E-02  1.00000E+00
  8.12993E-01  8.89412E-01  9.44072E-01  9.79572E-01  9.97670E-01       2.92160E-01  1.00000E+00
  8.31447E-01  9.04678E-01  9.47800E-01  9.80965E-01  9.97840E-01       3.50880E-01  1.00000E+00
  8.51158E-01  9.25430E-01  9.61095E-01  9.85230E-01  9.98357E-01       4.05390E-01  1.00000E+00
  8.71827E-01  9.42030E-01  9.73230E-01  9.90595E-01  9.98988E-01       3.94960E-01  1.00000E+00
  8.95053E-01  9.54615E-01  9.79942E-01  9.93313E-01  9.99270E-01       4.63570E-01  1.00000E+00
  9.23180E-01  9.61788E-01  9.80235E-01  9.92193E-01  9.99097E-01       6.66020E-01  1.00000E+00
  9.29107E-01  9.67253E-01  9.84278E-01  9.94400E-01  9.99370E-01       6.55190E-01  1.00000E+00
  9.34087E-01  9.70213E-01  9.86540E-01  9.95460E-01  9.99500E-01       7.05780E-01  1.00000E+00
  9.40422E-01  9.73350E-01  9.87992E-01  9.95910E-01  9.99557E-01       6.87770E-01  1.00000E+00
  9.52225E-01  9.79822E-01  9.91155E-01  9.97053E-01  9.99698E-01       7.36500E-01  1.00000E+00


    4.   9.01   74. 183.84  1.00E+02  0.00E+00  5.74E-01  3.35E-01     5   0.00

  1.99470E+01  4.75900E+01  6.53160E+01  7.65280E+01  8.31380E+01       1.97000E-02  8.99010E+01

  4.42165E-01  6.55420E-01  7.84840E-01  8.83830E-01  9.65155E-01       2.22720E-03  1.00000E+00
  4.75565E-01  6.69860E-01  7.90595E-01  8.84980E-01  9.64515E-01       2.35890E-03  1.00000E+00
  4.63970E-01  6.55075E-01  7.78490E-01  8.76875E-01  9.61580E-01       4.79780E-03  1.00000E+00
  4.88985E-01  6.87940E-01  8.12615E-01  9.00955E-01  9.69060E-01       3.68040E-03  1.00000E+00
  3.31020E-01  4.73145E-01  5.68050E-01  6.57230E-01  7.75725E-01       1.55600E-03  9.99970E-01

 -9.50627E-01 -5.76390E-01  1.32501E-02  5.90870E-01  9.49520E-01      -1.00000E+00  1.00000E+00
 -9.49915E-01 -5.92272E-01 -7.27980E-03  5.83163E-01  9.50662E-01      -1.00000E+00  1.00000E+00
 -9.51267E-01 -5.85548E-01  1.04125E-02  5.95282E-01  9.51455E-01      -1.00000E+00  1.00000E+00
 -9.49333E-01 -5.81247E-01  3.74682E-03  5.92200E-01  9.52363E-01      -1.00000E+00  1.00000E+00
 -9.51970E-01 -5.98150E-01 -9.73295E-03  5.80885E-01  9.48388E-01      -1.00000E+00  1.00000E+00
 -9.48335E-01 -5.83572E-01  1.19853E-02  5.92365E-01  9.53078E-01      -1.00000E+00  1.00000E+00
 -9.49798E-01 -5.88563E-01 -4.81614E-03  5.83965E-01  9.51490E-01      -1.00000E+00  1.00000E+00
 -9.47755E-01 -5.76530E-01  3.29640E-03  5.87340E-01  9.51375E-01      -1.00000E+00  1.00000E+00
 -9.53445E-01 -5.87442E-01 -2.47452E-03  5.89440E-01  9.51910E-01      -1.00000E+00  1.00000E+00
 -9.53182E-01 -5.87565E-01  2.62497E-03  5.90645E-01  9.50072E-01      -1.00000E+00  1.00000E+00
 -9.48712E-01 -5.86645E-01  6.22577E-03  5.94290E-01  9.51928E-01      -1.00000E+00  1.00000E+00
 -9.53075E-01 -5.93935E-01 -2.26422E-03  5.84455E-01  9.49403E-01      -1.00000E+00  1.00000E+00
 -9.50522E-01 -5.84952E-01  6.29450E-03  5.95910E-01  9.53832E-01      -1.00000E+00  1.00000E+00
 -9.50268E-01 -5.86022E-01  5.89079E-03  5.89510E-01  9.51767E-01      -1.00000E+00  1.00000E+00
 -9.47783E-01 -5.70485E-01  1.99441E-02  6.00215E-01  9.53058E-01      -1.00000E+00  1.00000E+00
 -9.49253E-01 -5.82125E-01  8.77930E-03  5.90035E-01  9.51497E-01      -1.00000E+00  1.00000E+00
 -9.51695E-01 -5.92727E-01 -3.97332E-03  5.89740E-01  9.51767E-01      -1.00000E+00  1.00000E+00
 -9.49675E-01 -5.78895E-01  1.21570E-02  5.93418E-01  9.51877E-01      -1.00000E+00  1.00000E+00
 -9.51510E-01 -5.84697E-01  9.85488E-03  5.99692E-01  9.51790E-01      -1.00000E+00  1.00000E+00
 -9.50063E-01 -5.75460E-01  2.15133E-02  6.00270E-01  9.54087E-01      -1.00000E+00  1.00000E+00
 -9.50913E-01 -5.87587E-01  6.36892E-04  5.92997E-01  9.52582E-01      -1.00000E+00  1.00000E+00
 -9.51095E-01 -5.85810E-01  7.98230E-03  5.90885E-01  9.51507E-01      -1.00000E+00  1.00000E+00
 -9.51582E-01 -5.85845E-01  5.61772E-04  5.76765E-01  9.49860E-01      -1.00000E+00  1.00000E+00
 -9.51458E-01 -5.93255E-01  1.91612E-03  5.81345E-01  9.49977E-01      -1.00000E+00  1.00000E+00
 -9.52320E-01 -5.85732E-01  1.26826E-03  5.85350E-01  9.51798E-01      -1.00000E+00  1.00000E+00


    4.   9.01   74. 183.84  1.00E+02  3.00E+01  6.23E-01  3.87E-01     5   0.00

  2.30820E+01  5.27260E+01  6.98430E+01  7.97770E+01  8.64160E+01       1.71460E-02  9.46960E+01

  4.45055E-01  6.58265E-01  7.86255E-01  8.84945E-01  9.65170E-01       2.75150E-03  1.00000E+00
  4.71920E-01  6.64570E-01  7.85800E-01  8.82280E-01  9.63750E-01       9.83160E-04  1.00000E+00
  4.53430E-01  6.46900E-01  7.72730E-01  8.73160E-01  9.60650E-01       6.48590E-04  1.00000E+00
  4.24565E-01  6.21905E-01  7.54235E-01  8.64430E-01  9.57905E-01       4.53910E-03  9.99990E-01
  2.57055E-01  4.19440E-01  5.36445E-01  6.44230E-01  7.77135E-01       2.15550E-03  9.99930E-01

 -9.52618E-01 -5.81360E-01  1.12111E-02  5.89897E-01  9.51140E-01      -1.00000E+00  1.00000E+00
 -9.50965E-01 -5.85792E-01 -2.96540E-03  5.83987E-01  9.49440E-01      -1.00000E+00  1.00000E+00
 -9.52593E-01 -5.84148E-01  1.03478E-03  5.84562E-01  9.51405E-01      -1.00000E+00  1.00000E+00
 -9.51255E-01 -5.90987E-01 -3.30668E-03  5.86180E-01  9.48222E-01      -1.00000E+00  1.00000E+00
 -9.51980E-01 -5.85773E-01  7.62525E-04  5.94980E-01  9.50993E-01      -1.00000E+00  1.00000E+00
 -9.50605E-01 -5.87325E-01 -2.83305E-03  5.85455E-01  9.50240E-01      -1.00000E+00  1.00000E+00
 -9.50107E-01 -5.87500E-01 -1.00338E-03  5.89710E-01  9.52838E-01      -1.00000E+00  1.00000E+00
 -9.50640E-01 -5.91300E-01 -3.31272E-03  5.80688E-01  9.49843E-01      -1.00000E+00  1.00000E+00
 -9.50422E-01 -5.86437E-01  8.84880E-03  5.93262E-01  9.52570E-01      -1.00000E+00  1.00000E+00
 -9.50788E-01 -5.91265E-01 -1.13792E-03  5.87962E-01  9.50717E-01      -1.00000E+00  1.00000E+00
 -9.61440E-01 -6.65822E-01 -1.37931E-01  4.80055E-01  9.35440E-01      -1.00000E+00  1.00000E+00
 -9.58112E-01 -6.43385E-01 -9.54100E-02  5.10868E-01  9.35762E-01      -1.00000E+00  1.00000E+00
 -9.55135E-01 -6.28317E-01 -7.54075E-02  5.32580E-01  9.40283E-01      -1.00000E+00  1.00000E+00
 -9.51035E-01 -6.03925E-01 -3.64110E-02  5.55300E-01  9.45758E-01      -1.00000E+00  1.00000E+00
 -9.52085E-01 -6.09342E-01 -2.89600E-02  5.65702E-01  9.49925E-01      -1.00000E+00  1.00000E+00
 -9.81400E-01 -8.19152E-01 -4.64908E-01  1.40636E-01  8.73535E-01      -1.00000E+00  1.00000E+00
 -9.70078E-01 -7.69577E-01 -3.71670E-01  2.66493E-01  9.05470E-01      -1.00000E+00  1.00000E+00
 -9.33075E-01 -7.11620E-01 -3.06198E-01  3.29087E-01  9.14025E-01      -1.00000E+00  1.00000E+00
 -8.58180E-01 -5.87037E-01 -1.78451E-01  3.99587E-01  9.16142E-01      -1.00000E+00  1.00000E+00
 -9.02445E-01 -5.48180E-01 -2.37225E-02  5.47233E-01  9.42485E-01      -1.00000E+00  1.00000E+00
 -1.59990E-01  1.90265E-01  4.24970E-01  6.44260E-01  9.39948E-01      -1.00000E+00  1.00000E+00
  3.17750E-03  3.50840E-01  5.92397E-01  7.91733E-01  9.70098E-01      -9.99580E-01  1.00000E+00
  1.36699E-01  4.90143E-01  7.15770E-01  8.81493E-01  9.83730E-01      -9.85160E-01  1.00000E+00
  2.38401E-01  5.99228E-01  8.00072E-01  9.26582E-01  9.91590E-01      -9.55020E-01  1.00000E+00
  2.83620E-01  6.70253E-01  8.49175E-01  9.47837E-01  9.94350E-01      -9.99450E-01  1.00000E+00


    4.   9.01   74. 183.84  1.00E+02  4.50E+01  6.89E-01  4.64E-01     5   0.00

  2.82390E+01  6.04160E+01  7.59700E+01  8.36980E+01  9.02410E+01       1.14390E-02  9.67180E+01

  4.51525E-01  6.60550E-01  7.86790E-01  8.84575E-01  9.64870E-01       3.29500E-03  1.00000E+00
  4.61515E-01  6.53460E-01  7.77300E-01  8.76305E-01  9.61620E-01       6.65140E-03  1.00000E+00
  4.23355E-01  6.14005E-01  7.42050E-01  8.51410E-01  9.51395E-01       1.95330E-03  1.00000E+00
  3.57220E-01  5.63855E-01  7.10730E-01  8.33785E-01  9.37460E-01       1.18780E-03  1.00000E+00
  2.20870E-01  3.59360E-01  4.58590E-01  5.53810E-01  6.79115E-01       5.22280E-04  9.98950E-01

 -9.51448E-01 -5.84807E-01  6.38762E-03  5.87470E-01  9.51738E-01      -1.00000E+00  1.00000E+00
 -9.51163E-01 -5.93685E-01 -2.34199E-03  5.83033E-01  9.51055E-01      -1.00000E+00  1.00000E+00
 -9.51275E-01 -5.83890E-01  5.87625E-04  5.86840E-01  9.52105E-01      -1.00000E+00  1.00000E+00
 -9.51013E-01 -5.89958E-01 -1.23563E-02  5.84188E-01  9.50473E-01      -1.00000E+00  1.00000E+00
 -9.52287E-01 -5.90318E-01 -3.18229E-03  5.83847E-01  9.49930E-01      -1.00000E+00  1.00000E+00
 -9.51410E-01 -5.99250E-01 -2.56734E-02  5.68770E-01  9.49500E-01      -1.00000E+00  1.00000E+00
 -9.51190E-01 -5.93050E-01 -9.94900E-03  5.77863E-01  9.49447E-01      -1.00000E+00  1.00000E+00
 -9.52372E-01 -5.92152E-01 -1.35062E-02  5.75760E-01  9.48270E-01      -1.00000E+00  1.00000E+00
 -9.51920E-01 -5.91858E-01 -1.83039E-02  5.72542E-01  9.50612E-01      -1.00000E+00  1.00000E+00
 -9.50487E-01 -5.87390E-01 -4.93250E-04  5.87553E-01  9.49405E-01      -1.00000E+00  1.00000E+00
 -9.83642E-01 -8.49385E-01 -5.10720E-01  1.69819E-01  8.85908E-01      -1.00000E+00  1.00000E+00
 -9.80957E-01 -8.19145E-01 -4.22362E-01  2.75738E-01  9.05812E-01      -1.00000E+00  1.00000E+00
 -9.76887E-01 -7.91990E-01 -3.77787E-01  3.22590E-01  9.12605E-01      -1.00000E+00  1.00000E+00
 -9.73967E-01 -7.68860E-01 -3.03372E-01  3.84118E-01  9.21825E-01      -1.00000E+00  1.00000E+00
 -9.64930E-01 -6.93693E-01 -1.58836E-01  4.90013E-01  9.35750E-01      -1.00000E+00  1.00000E+00
 -6.18748E-01 -3.84623E-01 -1.47616E-01  2.86845E-01  8.86953E-01      -1.00000E+00  1.00000E+00
 -4.80340E-01 -1.88279E-01  9.29100E-02  5.43285E-01  9.42380E-01      -1.00000E+00  1.00000E+00
 -3.94133E-01 -5.64225E-02  2.38200E-01  6.18915E-01  9.50910E-01      -1.00000E+00  1.00000E+00
 -3.47731E-01  4.05100E-02  3.56095E-01  6.71538E-01  9.55860E-01      -1.00000E+00  1.00000E+00
 -4.25874E-01  4.22650E-02  4.34523E-01  7.47408E-01  9.66732E-01      -1.00000E+00  1.00000E+00
  4.00225E-01  6.08465E-01  7.38382E-01  8.64430E-01  9.81325E-01      -5.98170E-01  1.00000E+00
  4.69055E-01  6.85330E-01  8.16285E-01  9.11955E-01  9.88910E-01      -6.99580E-01  1.00000E+00
  5.37920E-01  7.54760E-01  8.75720E-01  9.52305E-01  9.94115E-01      -5.57100E-01  1.00000E+00
  5.91955E-01  8.05690E-01  9.05577E-01  9.67148E-01  9.96333E-01      -6.18020E-01  1.00000E+00
  6.26610E-01  8.38442E-01  9.29118E-01  9.76738E-01  9.97517E-01      -4.85330E-01  1.00000E+00


    4.   9.01   74. 183.84  1.00E+02  6.00E+01  7.91E-01  5.99E-01     5   0.00

  4.08160E+01  7.35370E+01  8.40040E+01  8.99610E+01  9.42280E+01       3.65850E-02  9.80480E+01

  4.57760E-01  6.59480E-01  7.84610E-01  8.82405E-01  9.63870E-01       1.80670E-03  1.00000E+00
  3.98745E-01  5.89275E-01  7.22550E-01  8.38725E-01  9.47530E-01       3.76190E-03  1.00000E+00
  3.57465E-01  5.62865E-01  7.13790E-01  8.42200E-01  9.50935E-01       2.84400E-03  1.00000E+00
  2.91950E-01  4.60625E-01  5.84800E-01  6.92595E-01  8.03130E-01       5.98410E-04  9.99940E-01
  1.56110E-01  2.61390E-01  3.38810E-01  4.14395E-01  5.24590E-01       4.60200E-04  9.27630E-01

 -9.49873E-01 -5.75780E-01  2.10170E-02  5.94842E-01  9.52865E-01      -1.00000E+00  1.00000E+00
 -9.51420E-01 -5.95978E-01 -4.15762E-03  5.92067E-01  9.51415E-01      -1.00000E+00  1.00000E+00
 -9.48450E-01 -5.80688E-01  8.13558E-03  5.93910E-01  9.51460E-01      -1.00000E+00  1.00000E+00
 -9.49018E-01 -5.76952E-01  9.70090E-03  5.93560E-01  9.51778E-01      -1.00000E+00  1.00000E+00
 -9.48405E-01 -5.77653E-01  1.38113E-02  5.87670E-01  9.51100E-01      -1.00000E+00  1.00000E+00
 -9.79932E-01 -8.21095E-01 -4.84605E-01  9.29500E-02  8.49347E-01      -1.00000E+00  1.00000E+00
 -9.76850E-01 -7.95512E-01 -4.07822E-01  2.44837E-01  8.96703E-01      -1.00000E+00  1.00000E+00
 -9.73818E-01 -7.62580E-01 -3.05660E-01  3.66470E-01  9.18588E-01      -1.00000E+00  1.00000E+00
 -9.69548E-01 -7.18175E-01 -2.07371E-01  4.49432E-01  9.31427E-01      -1.00000E+00  1.00000E+00
 -9.60572E-01 -6.50312E-01 -9.90720E-02  5.22345E-01  9.39922E-01      -1.00000E+00  1.00000E+00
 -5.80997E-01 -3.49900E-01 -1.19325E-01  3.16579E-01  8.88455E-01      -9.99990E-01  1.00000E+00
 -5.30277E-01 -2.63062E-01  6.43000E-03  4.86923E-01  9.30700E-01      -1.00000E+00  1.00000E+00
 -5.34500E-01 -2.36477E-01  3.83600E-02  4.89997E-01  9.31060E-01      -1.00000E+00  1.00000E+00
 -5.32987E-01 -2.08935E-01  9.28075E-02  4.98000E-01  9.33255E-01      -1.00000E+00  1.00000E+00
 -6.17849E-01 -2.05625E-01  1.51415E-01  5.57852E-01  9.39717E-01      -1.00000E+00  1.00000E+00
  2.22788E-01  4.08245E-01  5.74830E-01  8.05452E-01  9.75208E-01      -6.91820E-01  1.00000E+00
  3.02710E-01  5.08277E-01  6.60440E-01  8.47630E-01  9.81453E-01      -6.50490E-01  1.00000E+00
  3.91757E-01  6.04147E-01  7.40057E-01  8.74555E-01  9.84460E-01      -7.98570E-01  1.00000E+00
  4.99870E-01  7.22665E-01  8.44372E-01  9.33442E-01  9.91390E-01      -6.05890E-01  1.00000E+00
  5.80765E-01  8.11148E-01  9.11763E-01  9.69182E-01  9.96685E-01      -9.76580E-01  1.00000E+00
  7.30322E-01  8.37182E-01  9.02608E-01  9.60973E-01  9.95532E-01       2.80400E-02  1.00000E+00
  7.64387E-01  8.68893E-01  9.28452E-01  9.70370E-01  9.96468E-01       1.18520E-01  1.00000E+00
  7.96615E-01  8.99678E-01  9.50658E-01  9.82143E-01  9.97945E-01       9.22470E-03  1.00000E+00
  8.18630E-01  9.20233E-01  9.62910E-01  9.87280E-01  9.98638E-01       1.71460E-01  1.00000E+00
  8.31583E-01  9.29840E-01  9.69520E-01  9.89935E-01  9.98927E-01       6.99080E-02  1.00000E+00


    4.   9.01   74. 183.84  1.00E+02  7.00E+01  8.80E-01  7.33E-01     5   0.00

  5.91710E+01  8.34340E+01  9.02160E+01  9.38450E+01  9.66020E+01       7.98710E-03  9.85500E+01

  4.26465E-01  6.26940E-01  7.58385E-01  8.64610E-01  9.57540E-01       1.95820E-03  1.00000E+00
  3.30205E-01  5.29500E-01  6.84305E-01  8.23470E-01  9.44580E-01       1.79690E-03  1.00000E+00
  2.93940E-01  4.73425E-01  6.12690E-01  7.38440E-01  8.53385E-01       2.87180E-03  9.99940E-01
  2.16500E-01  3.51220E-01  4.49750E-01  5.37495E-01  6.43900E-01       3.47610E-04  9.47350E-01
  1.11992E-01  1.91840E-01  2.52255E-01  3.15840E-01  4.16000E-01       1.15140E-04  7.62060E-01

 -9.65550E-01 -7.03715E-01 -2.09726E-01  4.22107E-01  9.23575E-01      -1.00000E+00  1.00000E+00
 -9.61882E-01 -6.65412E-01 -1.38914E-01  4.88105E-01  9.33927E-01      -1.00000E+00  1.00000E+00
 -9.60147E-01 -6.48865E-01 -9.71147E-02  5.27182E-01  9.41005E-01      -1.00000E+00  1.00000E+00
 -9.58095E-01 -6.27412E-01 -6.95083E-02  5.41413E-01  9.43145E-01      -1.00000E+00  1.00000E+00
 -9.53915E-01 -6.04945E-01 -3.19626E-02  5.68477E-01  9.48400E-01      -1.00000E+00  1.00000E+00
 -6.88927E-01 -5.03405E-01 -2.86116E-01  7.82975E-02  7.79362E-01      -1.00000E+00  1.00000E+00
 -6.74532E-01 -4.60545E-01 -2.18065E-01  2.30877E-01  8.69115E-01      -1.00000E+00  1.00000E+00
 -6.67780E-01 -4.35005E-01 -1.73675E-01  2.98430E-01  8.96292E-01      -1.00000E+00  1.00000E+00
 -7.01247E-01 -4.37940E-01 -1.45945E-01  3.30298E-01  9.03615E-01      -1.00000E+00  1.00000E+00
 -8.77875E-01 -5.37042E-01 -1.07035E-01  4.52682E-01  9.24067E-01      -1.00000E+00  1.00000E+00
  1.93089E-01  3.76880E-01  5.64608E-01  7.99903E-01  9.73965E-01      -6.04880E-01  1.00000E+00
  2.57083E-01  4.46182E-01  6.13748E-01  8.26253E-01  9.78550E-01      -6.00860E-01  1.00000E+00
  3.31820E-01  5.25332E-01  6.66702E-01  8.38968E-01  9.79348E-01      -6.26230E-01  1.00000E+00
  4.42695E-01  6.45795E-01  7.77295E-01  8.93015E-01  9.85397E-01      -5.83190E-01  1.00000E+00
  5.41815E-01  7.76443E-01  8.92323E-01  9.61387E-01  9.95540E-01      -9.99360E-01  1.00000E+00
  6.18312E-01  7.33268E-01  8.46630E-01  9.45965E-01  9.94160E-01      -2.35580E-02  1.00000E+00
  6.71230E-01  7.85323E-01  8.69475E-01  9.50107E-01  9.94470E-01      -5.32130E-02  1.00000E+00
  7.24202E-01  8.35718E-01  9.02527E-01  9.59852E-01  9.95465E-01       1.64130E-02  1.00000E+00
  7.81292E-01  8.91795E-01  9.44020E-01  9.79110E-01  9.97445E-01       7.26410E-02  1.00000E+00
  8.12645E-01  9.21277E-01  9.65202E-01  9.88325E-01  9.98747E-01       6.16730E-02  1.00000E+00
  8.71762E-01  9.28300E-01  9.60398E-01  9.85093E-01  9.98315E-01       4.14240E-01  1.00000E+00
  8.86400E-01  9.42050E-01  9.70165E-01  9.88492E-01  9.98728E-01       4.50170E-01  1.00000E+00
  8.98325E-01  9.53410E-01  9.78208E-01  9.92273E-01  9.99138E-01       4.09740E-01  1.00000E+00
  9.03525E-01  9.59995E-01  9.82333E-01  9.94103E-01  9.99325E-01       4.49580E-01  1.00000E+00
  9.10420E-01  9.62967E-01  9.83918E-01  9.94765E-01  9.99450E-01       5.37420E-01  1.00000E+00


    4.   9.01   74. 183.84  1.00E+02  8.00E+01  9.63E-01  8.78E-01     5   0.00

  8.18650E+01  9.17480E+01  9.50520E+01  9.69160E+01  9.81500E+01       3.04490E-02  9.89930E+01

  3.33540E-01  5.42605E-01  7.01890E-01  8.37985E-01  9.52710E-01       3.42470E-03  1.00000E+00
  2.76610E-01  4.60900E-01  6.07060E-01  7.38930E-01  8.53100E-01       1.86630E-03  9.99950E-01
  2.03850E-01  3.42370E-01  4.48105E-01  5.44405E-01  6.46250E-01       1.10100E-03  9.34050E-01
  1.40995E-01  2.43510E-01  3.18055E-01  3.85030E-01  4.74295E-01       2.92020E-04  7.62510E-01
  7.97885E-02  1.41050E-01  1.87745E-01  2.35765E-01  3.02095E-01       4.56130E-04  6.01050E-01

 -7.46795E-01 -5.47775E-01 -3.31802E-01  8.67417E-02  8.16580E-01      -1.00000E+00  1.00000E+00
 -7.56703E-01 -5.27820E-01 -2.55110E-01  2.54679E-01  8.85198E-01      -1.00000E+00  1.00000E+00
 -8.11388E-01 -5.38987E-01 -1.81055E-01  3.27375E-01  8.95315E-01      -1.00000E+00  1.00000E+00
 -9.17870E-01 -5.64353E-01 -1.07722E-01  3.91275E-01  8.93428E-01      -1.00000E+00  1.00000E+00
 -9.40013E-01 -5.53855E-01 -1.15495E-02  5.24992E-01  9.26225E-01      -1.00000E+00  1.00000E+00
  3.19893E-01  4.91768E-01  6.73540E-01  8.65475E-01  9.83632E-01      -5.07750E-01  1.00000E+00
  3.58052E-01  5.24470E-01  6.70620E-01  8.56897E-01  9.82622E-01      -4.56850E-01  1.00000E+00
  4.18170E-01  5.86020E-01  7.09402E-01  8.59197E-01  9.82215E-01      -4.62610E-01  1.00000E+00
  5.07478E-01  6.84078E-01  8.02978E-01  9.03037E-01  9.87452E-01      -4.41580E-01  1.00000E+00
  6.27477E-01  8.10785E-01  9.07275E-01  9.66958E-01  9.96375E-01      -9.96100E-01  1.00000E+00
  6.91540E-01  7.95978E-01  9.03443E-01  9.70392E-01  9.97043E-01       1.23840E-01  1.00000E+00
  7.26830E-01  8.17945E-01  8.98540E-01  9.65190E-01  9.96330E-01       2.10310E-01  1.00000E+00
  7.63865E-01  8.50635E-01  9.08822E-01  9.64052E-01  9.96015E-01       2.00940E-01  1.00000E+00
  8.21095E-01  9.02802E-01  9.47072E-01  9.78355E-01  9.97455E-01       2.65640E-01  1.00000E+00
  8.67695E-01  9.42183E-01  9.73673E-01  9.91097E-01  9.99050E-01       3.62830E-01  1.00000E+00
  8.55878E-01  9.12475E-01  9.57250E-01  9.85785E-01  9.98505E-01       5.31780E-01  1.00000E+00
  8.71862E-01  9.24162E-01  9.57198E-01  9.84240E-01  9.98240E-01       5.45110E-01  1.00000E+00
  8.91927E-01  9.43460E-01  9.69440E-01  9.87847E-01  9.98590E-01       5.39410E-01  1.00000E+00
  9.10153E-01  9.59400E-01  9.80865E-01  9.93230E-01  9.99243E-01       5.89690E-01  1.00000E+00
  9.26578E-01  9.68445E-01  9.85947E-01  9.95372E-01  9.99483E-01       5.93210E-01  1.00000E+00
  9.46318E-01  9.71990E-01  9.85715E-01  9.94995E-01  9.99467E-01       7.27990E-01  1.00000E+00
  9.50802E-01  9.75710E-01  9.87842E-01  9.95578E-01  9.99485E-01       7.70530E-01  1.00000E+00
  9.55140E-01  9.79545E-01  9.90522E-01  9.96670E-01  9.99628E-01       7.84610E-01  1.00000E+00
  9.60280E-01  9.82328E-01  9.92193E-01  9.97400E-01  9.99715E-01       7.85200E-01  1.00000E+00
  9.68500E-01  9.86555E-01  9.94088E-01  9.98012E-01  9.99798E-01       8.22780E-01  1.00000E+00


    4.   9.01   74. 183.84  1.00E+02  8.50E+01  9.85E-01  9.25E-01     5   0.00

  8.75440E+01  9.42510E+01  9.65130E+01  9.77050E+01  9.85400E+01       6.14760E-02  9.91240E+01

  3.16655E-01  5.28060E-01  6.92905E-01  8.32350E-01  9.43180E-01       2.22920E-03  1.00000E+00
  2.39200E-01  4.03475E-01  5.30625E-01  6.43240E-01  7.44795E-01       9.84370E-04  9.68840E-01
  1.66350E-01  2.90955E-01  3.82840E-01  4.61490E-01  5.48470E-01       8.11230E-04  8.07470E-01
  1.15525E-01  2.05870E-01  2.74245E-01  3.34315E-01  4.08695E-01       5.39020E-04  6.60560E-01
  7.23560E-02  1.24849E-01  1.63835E-01  2.02380E-01  2.54020E-01       3.17860E-04  4.58720E-01

 -4.26605E-01 -1.82513E-01  8.94900E-02  3.95408E-01  8.57035E-01      -1.00000E+00  1.00000E+00
 -4.15242E-01 -1.54375E-01  1.10628E-01  4.23923E-01  8.93225E-01      -1.00000E+00  1.00000E+00
 -3.93390E-01 -1.14322E-01  1.59700E-01  4.60483E-01  9.12650E-01      -1.00000E+00  1.00000E+00
 -3.60097E-01 -6.42925E-02  2.23075E-01  5.11113E-01  9.19142E-01      -1.00000E+00  1.00000E+00
 -3.58930E-01 -4.60975E-02  2.57483E-01  5.63487E-01  9.30813E-01      -1.00000E+00  1.00000E+00
  5.94610E-01  7.27692E-01  8.65012E-01  9.55420E-01  9.95472E-01      -1.83290E-02  1.00000E+00
  6.24795E-01  7.38758E-01  8.45715E-01  9.44480E-01  9.93840E-01      -6.55280E-02  1.00000E+00
  6.75065E-01  7.80878E-01  8.58428E-01  9.40862E-01  9.93302E-01       4.55630E-02  1.00000E+00
  7.51383E-01  8.53777E-01  9.15813E-01  9.63710E-01  9.95390E-01      -3.72650E-02  1.00000E+00
  8.34345E-01  9.21963E-01  9.63272E-01  9.87335E-01  9.98565E-01       2.04000E-01  1.00000E+00
  8.16905E-01  8.95258E-01  9.55780E-01  9.86390E-01  9.98615E-01       4.12900E-01  1.00000E+00
  8.32710E-01  8.92725E-01  9.42383E-01  9.80293E-01  9.97978E-01       4.65290E-01  1.00000E+00
  8.59653E-01  9.15287E-01  9.49560E-01  9.79645E-01  9.97742E-01       4.87340E-01  1.00000E+00
  8.93063E-01  9.45873E-01  9.71910E-01  9.89185E-01  9.98750E-01       5.05470E-01  1.00000E+00
  9.22725E-01  9.66775E-01  9.85080E-01  9.95008E-01  9.99468E-01       5.96720E-01  1.00000E+00
  9.10220E-01  9.52760E-01  9.80063E-01  9.93715E-01  9.99327E-01       6.95760E-01  1.00000E+00
  9.16775E-01  9.52275E-01  9.75518E-01  9.91295E-01  9.99005E-01       6.88200E-01  1.00000E+00
  9.27893E-01  9.62448E-01  9.80283E-01  9.92517E-01  9.99157E-01       6.83390E-01  1.00000E+00
  9.40897E-01  9.72775E-01  9.87178E-01  9.95483E-01  9.99520E-01       7.29070E-01  1.00000E+00
  9.56690E-01  9.81108E-01  9.91537E-01  9.97188E-01  9.99705E-01       7.76110E-01  1.00000E+00
  9.64208E-01  9.80635E-01  9.89390E-01  9.95800E-01  9.99522E-01       8.46710E-01  1.00000E+00
  9.68322E-01  9.84428E-01  9.92182E-01  9.97085E-01  9.99663E-01       8.65890E-01  1.00000E+00
  9.71980E-01  9.87047E-01  9.93945E-01  9.97900E-01  9.99775E-01       8.74430E-01  1.00000E+00
  9.75843E-01  9.89250E-01  9.95180E-01  9.98375E-01  9.99825E-01       8.87650E-01  1.00000E+00
  9.81583E-01  9.92055E-01  9.96507E-01  9.98855E-01  9.99875E-01       8.86900E-01  1.00000E+00


    4.   9.01   74. 183.84  2.00E+02  0.00E+00  5.40E-01  3.03E-01     5   0.00

  3.49320E+01  8.82840E+01  1.24680E+02  1.49350E+02  1.65840E+02       1.32980E-02  1.79380E+02

  4.62285E-01  6.66270E-01  7.90535E-01  8.86640E-01  9.65590E-01       3.19490E-03  1.00000E+00
  4.75370E-01  6.64545E-01  7.85890E-01  8.82020E-01  9.63225E-01       1.25590E-02  1.00000E+00
  4.60630E-01  6.49195E-01  7.73615E-01  8.74530E-01  9.60810E-01       8.21770E-03  1.00000E+00
  4.65005E-01  6.57465E-01  7.81095E-01  8.79810E-01  9.63350E-01       7.66700E-03  1.00000E+00
  3.51115E-01  5.12595E-01  6.12055E-01  7.06130E-01  8.20325E-01       9.81400E-04  1.00000E+00

 -9.50420E-01 -5.81317E-01  6.32922E-03  5.85888E-01  9.50017E-01      -1.00000E+00  1.00000E+00
 -9.50770E-01 -5.89575E-01  3.55425E-04  5.86457E-01  9.50113E-01      -1.00000E+00  1.00000E+00
 -9.52100E-01 -5.81680E-01 -6.15510E-03  5.84945E-01  9.50505E-01      -1.00000E+00  1.00000E+00
 -9.49817E-01 -5.86993E-01  3.63105E-03  5.96738E-01  9.51100E-01      -1.00000E+00  1.00000E+00
 -9.49748E-01 -5.86902E-01 -7.28808E-03  5.91435E-01  9.52135E-01      -1.00000E+00  1.00000E+00
 -9.52043E-01 -5.85135E-01 -9.61750E-05  5.81368E-01  9.50433E-01      -1.00000E+00  1.00000E+00
 -9.52013E-01 -5.88265E-01  2.87347E-03  5.85052E-01  9.51815E-01      -1.00000E+00  1.00000E+00
 -9.50040E-01 -5.79855E-01  9.43885E-03  5.93705E-01  9.52117E-01      -1.00000E+00  1.00000E+00
 -9.50313E-01 -5.87037E-01 -2.79038E-03  5.88427E-01  9.48235E-01      -1.00000E+00  1.00000E+00
 -9.51873E-01 -5.90970E-01  6.10093E-03  5.87395E-01  9.51820E-01      -1.00000E+00  1.00000E+00
 -9.51010E-01 -5.87817E-01 -4.12475E-04  5.92993E-01  9.51920E-01      -1.00000E+00  1.00000E+00
 -9.52260E-01 -5.91843E-01  3.55363E-03  5.93125E-01  9.50810E-01      -1.00000E+00  1.00000E+00
 -9.50928E-01 -5.89732E-01 -1.22431E-03  5.86855E-01  9.50552E-01      -1.00000E+00  1.00000E+00
 -9.51577E-01 -5.84753E-01  1.19150E-02  5.90102E-01  9.51887E-01      -1.00000E+00  1.00000E+00
 -9.51328E-01 -5.87625E-01 -6.20748E-03  5.91185E-01  9.51550E-01      -1.00000E+00  1.00000E+00
 -9.55118E-01 -5.92280E-01 -1.40987E-02  5.80630E-01  9.49010E-01      -1.00000E+00  1.00000E+00
 -9.53612E-01 -5.99080E-01 -1.57044E-02  5.83590E-01  9.49900E-01      -1.00000E+00  1.00000E+00
 -9.52515E-01 -5.86187E-01 -2.98345E-03  5.89798E-01  9.49193E-01      -1.00000E+00  1.00000E+00
 -9.51885E-01 -5.87350E-01 -6.61302E-03  5.90592E-01  9.51502E-01      -1.00000E+00  1.00000E+00
 -9.50392E-01 -5.90490E-01 -4.15041E-03  5.87867E-01  9.49543E-01      -1.00000E+00  1.00000E+00
 -9.49555E-01 -5.85140E-01  4.21865E-03  5.86385E-01  9.51107E-01      -1.00000E+00  1.00000E+00
 -9.49697E-01 -5.86065E-01  4.27125E-04  5.88640E-01  9.50582E-01      -1.00000E+00  1.00000E+00
 -9.52332E-01 -5.88440E-01  1.76203E-03  5.91205E-01  9.51777E-01      -1.00000E+00  1.00000E+00
 -9.50680E-01 -5.85910E-01  1.14700E-02  6.01442E-01  9.53425E-01      -1.00000E+00  1.00000E+00
 -9.53950E-01 -5.96633E-01 -7.35450E-03  5.84105E-01  9.48713E-01      -1.00000E+00  1.00000E+00


    4.   9.01   74. 183.84  2.00E+02  3.00E+01  5.87E-01  3.50E-01     5   0.00

  4.00170E+01  9.72740E+01  1.33220E+02  1.56010E+02  1.71510E+02       1.73330E-02  1.88400E+02

  4.64150E-01  6.66600E-01  7.90525E-01  8.85970E-01  9.65275E-01       5.83720E-03  1.00000E+00
  4.71525E-01  6.61655E-01  7.82810E-01  8.79705E-01  9.62400E-01       1.15490E-02  1.00000E+00
  4.51660E-01  6.42360E-01  7.67595E-01  8.70445E-01  9.59140E-01       1.10700E-02  1.00000E+00
  4.49090E-01  6.35815E-01  7.62330E-01  8.67610E-01  9.59500E-01       1.25950E-03  1.00000E+00
  2.72045E-01  4.35215E-01  5.60665E-01  6.75825E-01  8.11315E-01       8.09890E-04  9.99990E-01

 -9.54337E-01 -5.95903E-01 -1.29147E-02  5.85565E-01  9.50832E-01      -1.00000E+00  1.00000E+00
 -9.48163E-01 -5.82440E-01  9.51470E-03  5.93170E-01  9.53937E-01      -1.00000E+00  1.00000E+00
 -9.52555E-01 -5.95098E-01 -4.45635E-03  5.82427E-01  9.51765E-01      -1.00000E+00  1.00000E+00
 -9.49135E-01 -5.82520E-01 -2.26362E-03  5.78148E-01  9.49503E-01      -1.00000E+00  1.00000E+00
 -9.52105E-01 -5.83213E-01  6.85725E-03  5.88313E-01  9.51887E-01      -1.00000E+00  1.00000E+00
 -9.49052E-01 -5.83442E-01  1.24374E-02  5.98255E-01  9.53490E-01      -1.00000E+00  1.00000E+00
 -9.49268E-01 -5.89058E-01 -8.10250E-03  5.83550E-01  9.49433E-01      -1.00000E+00  1.00000E+00
 -9.50700E-01 -5.87080E-01  3.55880E-03  5.95183E-01  9.52090E-01      -1.00000E+00  1.00000E+00
 -9.52848E-01 -5.91100E-01 -3.50518E-03  5.92542E-01  9.50640E-01      -1.00000E+00  1.00000E+00
 -9.51383E-01 -5.91938E-01 -1.72772E-03  5.77995E-01  9.50693E-01      -1.00000E+00  1.00000E+00
 -9.55643E-01 -6.25657E-01 -5.98877E-02  5.43950E-01  9.43575E-01      -1.00000E+00  1.00000E+00
 -9.54222E-01 -6.08448E-01 -4.13801E-02  5.58982E-01  9.45673E-01      -1.00000E+00  1.00000E+00
 -9.56308E-01 -6.16190E-01 -2.86690E-02  5.67385E-01  9.48110E-01      -1.00000E+00  1.00000E+00
 -9.53403E-01 -5.98287E-01 -2.02612E-02  5.75005E-01  9.50400E-01      -1.00000E+00  1.00000E+00
 -9.52732E-01 -6.04620E-01 -2.40689E-02  5.70582E-01  9.50085E-01      -1.00000E+00  1.00000E+00
 -9.76178E-01 -7.71710E-01 -2.67983E-01  4.31480E-01  9.27603E-01      -1.00000E+00  1.00000E+00
 -9.71302E-01 -7.46317E-01 -2.66670E-01  4.32048E-01  9.30000E-01      -1.00000E+00  1.00000E+00
 -9.68458E-01 -7.20240E-01 -2.44500E-01  4.34872E-01  9.28998E-01      -1.00000E+00  1.00000E+00
 -9.66865E-01 -7.01657E-01 -2.10490E-01  4.34893E-01  9.28927E-01      -1.00000E+00  1.00000E+00
 -9.59080E-01 -6.48655E-01 -1.23193E-01  4.76630E-01  9.33878E-01      -1.00000E+00  1.00000E+00
 -3.85132E-01 -7.35750E-03  2.66018E-01  5.55232E-01  9.31645E-01      -1.00000E+00  1.00000E+00
 -2.22602E-01  1.87440E-01  4.78245E-01  7.52528E-01  9.69095E-01      -9.99990E-01  1.00000E+00
 -7.70125E-02  3.27631E-01  6.10815E-01  8.21462E-01  9.78570E-01      -1.00000E+00  1.00000E+00
  7.98050E-02  4.74202E-01  7.33385E-01  8.99103E-01  9.88275E-01      -9.99960E-01  1.00000E+00
  1.24750E-01  5.68670E-01  7.88517E-01  9.26658E-01  9.91842E-01      -9.99980E-01  1.00000E+00


    4.   9.01   74. 183.84  2.00E+02  4.50E+01  6.47E-01  4.17E-01     5   0.00

  4.84120E+01  1.10700E+02  1.44900E+02  1.63900E+02  1.79320E+02       2.26650E-02  1.92730E+02

  4.67370E-01  6.66895E-01  7.89130E-01  8.85140E-01  9.64905E-01       3.22460E-03  1.00000E+00
  4.62120E-01  6.51520E-01  7.74985E-01  8.75120E-01  9.60980E-01       7.11280E-03  1.00000E+00
  4.36440E-01  6.26765E-01  7.54210E-01  8.60515E-01  9.55865E-01       1.37900E-02  1.00000E+00
  3.81000E-01  5.77225E-01  7.19265E-01  8.41650E-01  9.48840E-01       5.53860E-03  1.00000E+00
  2.40710E-01  3.82645E-01  4.90140E-01  5.91205E-01  7.20815E-01       8.89210E-04  9.99910E-01

 -9.51713E-01 -5.90893E-01 -5.12364E-03  5.85603E-01  9.51272E-01      -1.00000E+00  1.00000E+00
 -9.51160E-01 -5.86220E-01  7.05398E-03  5.93120E-01  9.53035E-01      -1.00000E+00  1.00000E+00
 -9.50917E-01 -5.81248E-01  1.43475E-03  5.88583E-01  9.51858E-01      -1.00000E+00  1.00000E+00
 -9.50930E-01 -5.87528E-01 -1.51945E-04  5.94320E-01  9.52550E-01      -1.00000E+00  1.00000E+00
 -9.51587E-01 -5.90390E-01 -8.65567E-03  5.84605E-01  9.48645E-01      -1.00000E+00  1.00000E+00
 -9.51398E-01 -5.96792E-01  3.78862E-03  5.85480E-01  9.52135E-01      -1.00000E+00  1.00000E+00
 -9.51710E-01 -5.92370E-01 -6.29187E-03  5.83745E-01  9.51905E-01      -1.00000E+00  1.00000E+00
 -9.50200E-01 -5.82390E-01  2.25480E-03  5.82923E-01  9.50370E-01      -1.00000E+00  1.00000E+00
 -9.51982E-01 -5.94737E-01 -5.56433E-03  5.83407E-01  9.51105E-01      -1.00000E+00  1.00000E+00
 -9.51863E-01 -5.90893E-01  1.31920E-03  5.80693E-01  9.48773E-01      -1.00000E+00  1.00000E+00
 -9.67915E-01 -7.19452E-01 -2.22440E-01  4.28080E-01  9.29185E-01      -1.00000E+00  1.00000E+00
 -9.66330E-01 -6.86392E-01 -1.65997E-01  4.83325E-01  9.34713E-01      -1.00000E+00  1.00000E+00
 -9.64247E-01 -6.78890E-01 -1.35822E-01  5.01090E-01  9.39118E-01      -1.00000E+00  1.00000E+00
 -9.62523E-01 -6.60315E-01 -1.08002E-01  5.10733E-01  9.40910E-01      -1.00000E+00  1.00000E+00
 -9.55473E-01 -6.24938E-01 -5.78592E-02  5.46092E-01  9.44980E-01      -1.00000E+00  1.00000E+00
 -8.17052E-01 -6.17285E-01 -3.27226E-01  3.05504E-01  9.04798E-01      -1.00000E+00  1.00000E+00
 -7.35975E-01 -4.66283E-01 -9.91550E-02  5.01592E-01  9.37508E-01      -1.00000E+00  1.00000E+00
 -6.90943E-01 -3.94836E-01 -1.84925E-02  5.46208E-01  9.44725E-01      -1.00000E+00  1.00000E+00
 -6.47145E-01 -3.15408E-01  7.18100E-02  5.72245E-01  9.45995E-01      -1.00000E+00  1.00000E+00
 -7.34413E-01 -3.24609E-01  1.23930E-01  6.27335E-01  9.55055E-01      -1.00000E+00  1.00000E+00
  2.64796E-01  5.14593E-01  6.66635E-01  8.28135E-01  9.77598E-01      -7.02190E-01  1.00000E+00
  3.49748E-01  5.99595E-01  7.60708E-01  8.88747E-01  9.86215E-01      -7.51100E-01  1.00000E+00
  4.23815E-01  6.75040E-01  8.26950E-01  9.27405E-01  9.90645E-01      -6.99340E-01  1.00000E+00
  5.03710E-01  7.42243E-01  8.74070E-01  9.55450E-01  9.94903E-01      -7.11000E-01  1.00000E+00
  5.48785E-01  8.00320E-01  9.08193E-01  9.68175E-01  9.96510E-01      -9.99880E-01  1.00000E+00


    4.   9.01   74. 183.84  2.00E+02  6.00E+01  7.45E-01  5.40E-01     5   0.00

  6.78880E+01  1.35440E+02  1.62780E+02  1.77600E+02  1.87820E+02       2.55560E-02  1.95740E+02

  4.67795E-01  6.63930E-01  7.86600E-01  8.83290E-01  9.64210E-01       3.50300E-03  1.00000E+00
  4.32385E-01  6.22605E-01  7.52385E-01  8.59775E-01  9.55380E-01       9.50550E-03  1.00000E+00
  3.63135E-01  5.56150E-01  7.01240E-01  8.29775E-01  9.45575E-01       1.43120E-03  1.00000E+00
  3.16260E-01  4.89780E-01  6.24080E-01  7.45605E-01  8.60585E-01       2.71050E-03  9.99990E-01
  1.72200E-01  2.76625E-01  3.58095E-01  4.36430E-01  5.41175E-01       5.36500E-04  9.07640E-01

 -9.50655E-01 -5.89550E-01 -1.02320E-02  5.90348E-01  9.51190E-01      -1.00000E+00  1.00000E+00
 -9.53037E-01 -5.95120E-01 -9.92680E-03  5.79688E-01  9.50093E-01      -1.00000E+00  1.00000E+00
 -9.51230E-01 -5.82445E-01  2.27740E-03  5.94197E-01  9.51348E-01      -1.00000E+00  1.00000E+00
 -9.49355E-01 -5.76565E-01  8.90932E-03  5.92260E-01  9.52835E-01      -1.00000E+00  1.00000E+00
 -9.51277E-01 -5.91460E-01 -8.44600E-03  5.82917E-01  9.49848E-01      -1.00000E+00  1.00000E+00
 -9.62630E-01 -6.77890E-01 -1.63864E-01  4.56668E-01  9.30882E-01      -1.00000E+00  1.00000E+00
 -9.60758E-01 -6.55798E-01 -1.13714E-01  5.08650E-01  9.39158E-01      -1.00000E+00  1.00000E+00
 -9.58770E-01 -6.49870E-01 -9.73173E-02  5.18740E-01  9.41390E-01      -1.00000E+00  1.00000E+00
 -9.57440E-01 -6.39173E-01 -8.13506E-02  5.37982E-01  9.44817E-01      -1.00000E+00  1.00000E+00
 -9.52865E-01 -6.02422E-01 -2.04916E-02  5.72030E-01  9.47420E-01      -1.00000E+00  1.00000E+00
 -8.33765E-01 -6.62915E-01 -4.13154E-01  1.61452E-01  8.74725E-01      -1.00000E+00  1.00000E+00
 -8.07200E-01 -5.89645E-01 -2.45061E-01  3.96163E-01  9.22860E-01      -1.00000E+00  1.00000E+00
 -8.08025E-01 -5.59730E-01 -1.62267E-01  4.79382E-01  9.33960E-01      -1.00000E+00  1.00000E+00
 -8.73515E-01 -5.86860E-01 -1.38306E-01  4.73550E-01  9.37213E-01      -1.00000E+00  1.00000E+00
 -9.47313E-01 -5.98048E-01 -6.49685E-02  5.05700E-01  9.37405E-01      -1.00000E+00  1.00000E+00
  2.86025E-02  2.46323E-01  4.45655E-01  7.37392E-01  9.66495E-01      -8.00480E-01  1.00000E+00
  1.19454E-01  3.58570E-01  5.56660E-01  8.13470E-01  9.78317E-01      -8.93880E-01  1.00000E+00
  2.08426E-01  4.54225E-01  6.33430E-01  8.35485E-01  9.80235E-01      -8.19320E-01  1.00000E+00
  3.17087E-01  5.76910E-01  7.47845E-01  8.82652E-01  9.84177E-01      -8.42270E-01  1.00000E+00
  3.95118E-01  7.00165E-01  8.52265E-01  9.47290E-01  9.94287E-01      -9.99990E-01  1.00000E+00
  6.91153E-01  8.10273E-01  8.84295E-01  9.55080E-01  9.94902E-01      -2.94580E-02  1.00000E+00
  7.25013E-01  8.43840E-01  9.11883E-01  9.64228E-01  9.95928E-01      -2.79610E-02  1.00000E+00
  7.64875E-01  8.75757E-01  9.36673E-01  9.74890E-01  9.96880E-01       4.88240E-02  1.00000E+00
  8.04355E-01  9.03115E-01  9.54255E-01  9.84147E-01  9.98235E-01       1.20110E-01  1.00000E+00
  8.34375E-01  9.30265E-01  9.68942E-01  9.89580E-01  9.98820E-01       2.09180E-01  1.00000E+00


    4.   9.01   74. 183.84  2.00E+02  7.00E+01  8.41E-01  6.81E-01     5   0.00

  1.00100E+02  1.61300E+02  1.78550E+02  1.87200E+02  1.93150E+02       4.60650E-02  1.97030E+02

  4.54565E-01  6.48415E-01  7.73565E-01  8.74385E-01  9.60680E-01       7.76830E-03  1.00000E+00
  3.42460E-01  5.34100E-01  6.81070E-01  8.13430E-01  9.39770E-01       1.99500E-03  1.00000E+00
  3.04350E-01  4.83720E-01  6.31355E-01  7.70200E-01  8.91145E-01       4.68270E-03  1.00000E+00
  2.26160E-01  3.53250E-01  4.55870E-01  5.52435E-01  6.55825E-01       3.67740E-03  9.41750E-01
  1.16027E-01  1.93165E-01  2.51610E-01  3.09485E-01  3.92550E-01       4.21220E-04  7.65170E-01

 -9.54530E-01 -6.03897E-01 -3.01070E-02  5.67925E-01  9.46300E-01      -1.00000E+00  1.00000E+00
 -9.52778E-01 -6.02363E-01 -2.89929E-02  5.65500E-01  9.48018E-01      -1.00000E+00  1.00000E+00
 -9.53542E-01 -6.01128E-01 -2.96670E-02  5.67157E-01  9.48850E-01      -1.00000E+00  1.00000E+00
 -9.52178E-01 -5.94925E-01 -7.75070E-03  5.75488E-01  9.49215E-01      -1.00000E+00  1.00000E+00
 -9.49975E-01 -5.88860E-01 -9.48133E-03  5.77560E-01  9.50917E-01      -1.00000E+00  1.00000E+00
 -8.70190E-01 -7.05908E-01 -4.89147E-01  1.66895E-02  8.28228E-01      -1.00000E+00  1.00000E+00
 -8.63293E-01 -6.58308E-01 -3.45505E-01  2.84236E-01  9.01350E-01      -1.00000E+00  1.00000E+00
 -9.15130E-01 -6.63215E-01 -2.81448E-01  3.64375E-01  9.17880E-01      -1.00000E+00  1.00000E+00
 -9.48410E-01 -6.62985E-01 -2.22472E-01  3.83180E-01  9.19675E-01      -1.00000E+00  1.00000E+00
 -9.61155E-01 -6.76048E-01 -2.03216E-01  3.86690E-01  9.20520E-01      -1.00000E+00  1.00000E+00
  3.79100E-02  2.41670E-01  4.46125E-01  7.29863E-01  9.63270E-01      -8.00470E-01  1.00000E+00
  9.46128E-02  3.13717E-01  5.10325E-01  7.82075E-01  9.73425E-01      -7.96840E-01  1.00000E+00
  1.54354E-01  3.75287E-01  5.50337E-01  7.90510E-01  9.74295E-01      -8.07020E-01  1.00000E+00
  2.47632E-01  4.81597E-01  6.51530E-01  8.18523E-01  9.74735E-01      -8.57190E-01  1.00000E+00
  3.12472E-01  6.19265E-01  8.01532E-01  9.23655E-01  9.91298E-01      -1.00000E+00  1.00000E+00
  5.85902E-01  7.11395E-01  8.47840E-01  9.46885E-01  9.94293E-01      -2.11390E-02  1.00000E+00
  6.38047E-01  7.56680E-01  8.61428E-01  9.51225E-01  9.94525E-01      -3.16180E-02  1.00000E+00
  6.90025E-01  8.01025E-01  8.76620E-01  9.49998E-01  9.94385E-01       2.24910E-02  1.00000E+00
  7.61837E-01  8.66410E-01  9.26322E-01  9.69477E-01  9.96160E-01       1.35830E-01  1.00000E+00
  8.28410E-01  9.23560E-01  9.64627E-01  9.87723E-01  9.98672E-01       6.42370E-02  1.00000E+00
  8.69133E-01  9.24532E-01  9.60148E-01  9.87147E-01  9.98680E-01       4.63700E-01  1.00000E+00
  8.84468E-01  9.37593E-01  9.66615E-01  9.86755E-01  9.98465E-01       5.09910E-01  1.00000E+00
  9.01633E-01  9.50955E-01  9.76475E-01  9.91620E-01  9.99050E-01       5.14970E-01  1.00000E+00
  9.15520E-01  9.60430E-01  9.81847E-01  9.93850E-01  9.99300E-01       5.77300E-01  1.00000E+00
  9.27330E-01  9.70043E-01  9.87077E-01  9.95775E-01  9.99553E-01       6.22910E-01  1.00000E+00


    4.   9.01   74. 183.84  2.00E+02  8.00E+01  9.55E-01  8.73E-01     5   0.00

  1.63720E+02  1.85270E+02  1.91450E+02  1.94810E+02  1.96830E+02       4.95730E-02  1.98050E+02

  3.28515E-01  5.33965E-01  6.95335E-01  8.34950E-01  9.51425E-01       5.28570E-03  1.00000E+00
  2.50615E-01  4.15150E-01  5.58445E-01  6.93890E-01  8.13730E-01       1.16450E-03  9.99300E-01
  1.81315E-01  2.98610E-01  3.96135E-01  4.88655E-01  5.82125E-01       1.16750E-03  8.50050E-01
  1.24370E-01  2.11735E-01  2.76855E-01  3.33480E-01  4.02955E-01       1.23710E-03  6.33870E-01
  6.62375E-02  1.17003E-01  1.53350E-01  1.88175E-01  2.35075E-01       2.88970E-04  4.16590E-01

 -7.44778E-01 -5.32085E-01 -3.04222E-01  1.25430E-01  8.41673E-01      -1.00000E+00  1.00000E+00
 -7.53348E-01 -4.97480E-01 -1.75546E-01  3.51838E-01  9.00737E-01      -1.00000E+00  1.00000E+00
 -8.07497E-01 -4.95982E-01 -9.26903E-02  4.03185E-01  9.10313E-01      -1.00000E+00  1.00000E+00
 -9.09825E-01 -5.09580E-01 -2.06423E-02  4.54508E-01  9.05070E-01      -1.00000E+00  1.00000E+00
 -9.31477E-01 -4.98312E-01  6.96102E-02  5.78863E-01  9.35830E-01      -1.00000E+00  1.00000E+00
  4.03460E-01  5.71407E-01  7.41492E-01  8.97335E-01  9.88390E-01      -5.26650E-01  1.00000E+00
  4.35837E-01  5.91932E-01  7.35363E-01  8.90410E-01  9.86977E-01      -5.18160E-01  1.00000E+00
  4.89165E-01  6.37210E-01  7.46753E-01  8.80335E-01  9.84602E-01      -3.87590E-01  1.00000E+00
  5.81078E-01  7.29388E-01  8.28280E-01  9.14445E-01  9.88005E-01      -2.05370E-01  1.00000E+00
  7.14108E-01  8.52642E-01  9.28457E-01  9.74395E-01  9.97178E-01      -7.96720E-02  1.00000E+00
  7.58787E-01  8.61385E-01  9.47310E-01  9.84525E-01  9.98483E-01       3.63850E-01  1.00000E+00
  7.82093E-01  8.56982E-01  9.32078E-01  9.79123E-01  9.97872E-01       3.88830E-01  1.00000E+00
  8.12425E-01  8.77570E-01  9.26858E-01  9.73920E-01  9.97122E-01       3.84040E-01  1.00000E+00
  8.59120E-01  9.18193E-01  9.53645E-01  9.80823E-01  9.97720E-01       4.37410E-01  1.00000E+00
  9.08845E-01  9.58650E-01  9.80745E-01  9.93450E-01  9.99318E-01       4.61470E-01  1.00000E+00
  8.95262E-01  9.39175E-01  9.74513E-01  9.92262E-01  9.99188E-01       6.98210E-01  1.00000E+00
  9.06548E-01  9.41995E-01  9.67908E-01  9.89013E-01  9.98838E-01       6.92740E-01  1.00000E+00
  9.23503E-01  9.56632E-01  9.75413E-01  9.90025E-01  9.98855E-01       7.21910E-01  1.00000E+00
  9.40688E-01  9.71275E-01  9.86050E-01  9.94868E-01  9.99420E-01       7.42120E-01  1.00000E+00
  9.55345E-01  9.80735E-01  9.91607E-01  9.97193E-01  9.99692E-01       7.84810E-01  1.00000E+00
  9.64885E-01  9.80858E-01  9.90957E-01  9.97262E-01  9.99723E-01       8.58950E-01  1.00000E+00
  9.68368E-01  9.83073E-01  9.91030E-01  9.96475E-01  9.99588E-01       8.69140E-01  1.00000E+00
  9.72975E-01  9.86693E-01  9.93457E-01  9.97672E-01  9.99735E-01       8.91100E-01  1.00000E+00
  9.77328E-01  9.89950E-01  9.95475E-01  9.98445E-01  9.99835E-01       8.87550E-01  1.00000E+00
  9.82740E-01  9.92557E-01  9.96703E-01  9.98915E-01  9.99888E-01       9.12570E-01  1.00000E+00


    4.   9.01   74. 183.84  2.00E+02  8.50E+01  9.89E-01  9.44E-01     5   0.00

  1.81730E+02  1.92050E+02  1.95150E+02  1.96670E+02  1.97720E+02       1.02260E-01  1.98400E+02

  2.81270E-01  4.82325E-01  6.48235E-01  7.86925E-01  8.96410E-01       2.62980E-03  1.00000E+00
  1.74760E-01  3.09875E-01  4.22025E-01  5.20465E-01  6.08220E-01       6.13630E-04  8.62500E-01
  1.20115E-01  2.18740E-01  2.94040E-01  3.58250E-01  4.22095E-01       4.22750E-04  6.36680E-01
  8.81155E-02  1.60570E-01  2.13810E-01  2.54445E-01  2.98370E-01       5.87310E-04  4.66590E-01
  5.67405E-02  9.37270E-02  1.18590E-01  1.41815E-01  1.72655E-01       1.15420E-04  2.89310E-01

 -2.37115E-01  1.05855E-01  4.14416E-01  6.34565E-01  9.18160E-01      -1.00000E+00  1.00000E+00
 -2.21160E-01  1.21860E-01  4.02818E-01  6.26620E-01  9.28077E-01      -1.00000E+00  1.00000E+00
 -1.93337E-01  1.46620E-01  4.34150E-01  6.46360E-01  9.32890E-01      -1.00000E+00  1.00000E+00
 -1.39277E-01  2.23802E-01  5.25125E-01  7.27052E-01  9.42130E-01      -1.00000E+00  1.00000E+00
 -8.70150E-02  2.96255E-01  6.36700E-01  8.58315E-01  9.80243E-01      -1.00000E+00  1.00000E+00
  7.78695E-01  8.99327E-01  9.66202E-01  9.90258E-01  9.99045E-01       3.13510E-01  1.00000E+00
  7.83718E-01  8.56908E-01  9.32690E-01  9.79967E-01  9.98002E-01       3.40630E-01  1.00000E+00
  8.14198E-01  8.75200E-01  9.19563E-01  9.68662E-01  9.96810E-01       3.48790E-01  1.00000E+00
  8.67277E-01  9.22788E-01  9.55455E-01  9.80278E-01  9.97298E-01       4.96560E-01  1.00000E+00
  9.20047E-01  9.62135E-01  9.82155E-01  9.93918E-01  9.99332E-01       5.67830E-01  1.00000E+00
  9.07285E-01  9.62390E-01  9.86805E-01  9.96140E-01  9.99610E-01       7.24890E-01  1.00000E+00
  9.08933E-01  9.43120E-01  9.73618E-01  9.91853E-01  9.99182E-01       7.32280E-01  1.00000E+00
  9.23970E-01  9.53078E-01  9.72147E-01  9.89275E-01  9.98810E-01       7.41820E-01  1.00000E+00
  9.45538E-01  9.70940E-01  9.84377E-01  9.93868E-01  9.99262E-01       7.84880E-01  1.00000E+00
  9.64520E-01  9.84460E-01  9.93073E-01  9.97620E-01  9.99735E-01       8.16690E-01  1.00000E+00
  9.53582E-01  9.79633E-01  9.91762E-01  9.97653E-01  9.99760E-01       8.52310E-01  1.00000E+00
  9.55802E-01  9.73098E-01  9.86050E-01  9.94715E-01  9.99393E-01       8.57270E-01  1.00000E+00
  9.64508E-01  9.79113E-01  9.87575E-01  9.94578E-01  9.99345E-01       8.88660E-01  1.00000E+00
  9.74495E-01  9.87552E-01  9.93818E-01  9.97693E-01  9.99735E-01       9.05090E-01  1.00000E+00
  9.82905E-01  9.92495E-01  9.96678E-01  9.98890E-01  9.99883E-01       9.18100E-01  1.00000E+00
  9.81895E-01  9.89190E-01  9.93413E-01  9.97020E-01  9.99642E-01       9.36430E-01  1.00000E+00
  9.85252E-01  9.92083E-01  9.95725E-01  9.98228E-01  9.99765E-01       9.45350E-01  1.00000E+00
  9.87882E-01  9.94180E-01  9.97165E-01  9.98985E-01  9.99888E-01       9.52600E-01  1.00000E+00
  9.90003E-01  9.95520E-01  9.97970E-01  9.99315E-01  9.99923E-01       9.57820E-01  1.00000E+00
  9.92755E-01  9.96865E-01  9.98633E-01  9.99545E-01  9.99950E-01       9.63930E-01  1.00000E+00


    4.   9.01   74. 183.84  5.00E+02  0.00E+00  5.00E-01  2.69E-01     5   0.00

  7.76060E+01  2.04160E+02  2.95100E+02  3.61120E+02  4.09790E+02       3.42890E-02  4.48680E+02

  4.73130E-01  6.68340E-01  7.90225E-01  8.85510E-01  9.64625E-01       3.23910E-03  1.00000E+00
  4.60880E-01  6.51900E-01  7.77670E-01  8.77155E-01  9.61535E-01       2.74340E-02  1.00000E+00
  4.41370E-01  6.34820E-01  7.64175E-01  8.69635E-01  9.59185E-01       2.32530E-02  1.00000E+00
  4.38375E-01  6.35125E-01  7.63480E-01  8.68115E-01  9.58515E-01       3.95570E-02  1.00000E+00
  3.41130E-01  5.14135E-01  6.42710E-01  7.50585E-01  8.63475E-01       4.85960E-03  1.00000E+00

 -9.51002E-01 -5.88512E-01 -4.52985E-03  5.86338E-01  9.51525E-01      -1.00000E+00  1.00000E+00
 -9.50347E-01 -5.90847E-01 -3.93073E-03  5.85388E-01  9.50977E-01      -1.00000E+00  1.00000E+00
 -9.52195E-01 -5.92338E-01 -6.84510E-03  5.91928E-01  9.49987E-01      -1.00000E+00  1.00000E+00
 -9.49662E-01 -5.80380E-01  3.97211E-03  5.92155E-01  9.52105E-01      -1.00000E+00  1.00000E+00
 -9.51658E-01 -5.84602E-01 -4.78448E-03  5.84780E-01  9.50553E-01      -1.00000E+00  1.00000E+00
 -9.50125E-01 -5.87982E-01  5.68743E-03  5.89037E-01  9.49425E-01      -1.00000E+00  1.00000E+00
 -9.50650E-01 -5.83673E-01 -2.78500E-04  5.90612E-01  9.50788E-01      -1.00000E+00  1.00000E+00
 -9.48115E-01 -5.80327E-01 -2.02031E-03  5.79022E-01  9.50333E-01      -1.00000E+00  1.00000E+00
 -9.48735E-01 -5.87233E-01  8.35250E-04  5.81540E-01  9.48773E-01      -1.00000E+00  1.00000E+00
 -9.50093E-01 -5.85010E-01  4.12750E-04  5.89897E-01  9.50135E-01      -1.00000E+00  1.00000E+00
 -9.51325E-01 -5.90270E-01 -3.74107E-03  5.81862E-01  9.49310E-01      -1.00000E+00  1.00000E+00
 -9.52650E-01 -5.88270E-01  5.92267E-03  5.93448E-01  9.53832E-01      -1.00000E+00  1.00000E+00
 -9.50845E-01 -5.89718E-01  3.05393E-03  5.87285E-01  9.51540E-01      -1.00000E+00  1.00000E+00
 -9.50680E-01 -5.94080E-01 -1.01261E-02  5.78575E-01  9.50455E-01      -1.00000E+00  1.00000E+00
 -9.52195E-01 -5.92172E-01 -3.22855E-03  5.86577E-01  9.49398E-01      -1.00000E+00  1.00000E+00
 -9.50198E-01 -5.84642E-01  9.08001E-03  5.89827E-01  9.54558E-01      -1.00000E+00  1.00000E+00
 -9.47370E-01 -5.75720E-01 -7.59050E-04  5.90985E-01  9.53618E-01      -1.00000E+00  1.00000E+00
 -9.49430E-01 -5.90355E-01 -9.89997E-03  5.84403E-01  9.51423E-01      -1.00000E+00  1.00000E+00
 -9.49298E-01 -5.89045E-01  5.74545E-03  5.92790E-01  9.48682E-01      -1.00000E+00  1.00000E+00
 -9.48087E-01 -5.91260E-01  6.94950E-04  5.87160E-01  9.51035E-01      -1.00000E+00  1.00000E+00
 -9.51703E-01 -5.90212E-01  1.61398E-03  5.87765E-01  9.52510E-01      -1.00000E+00  1.00000E+00
 -9.51800E-01 -5.88727E-01 -5.26600E-04  5.85505E-01  9.51690E-01      -1.00000E+00  1.00000E+00
 -9.50130E-01 -5.82990E-01  7.01435E-03  5.90595E-01  9.50890E-01      -1.00000E+00  1.00000E+00
 -9.52620E-01 -5.87943E-01 -5.96372E-03  5.82777E-01  9.49612E-01      -1.00000E+00  1.00000E+00
 -9.47385E-01 -5.70700E-01  7.60992E-03  5.95820E-01  9.52448E-01      -1.00000E+00  1.00000E+00


    4.   9.01   74. 183.84  5.00E+02  3.00E+01  5.43E-01  3.09E-01     5   0.00

  8.74890E+01  2.23500E+02  3.14450E+02  3.76690E+02  4.22350E+02       6.18160E-02  4.69110E+02

  4.71110E-01  6.67095E-01  7.89695E-01  8.84895E-01  9.64975E-01       9.44360E-03  1.00000E+00
  4.56180E-01  6.48025E-01  7.74055E-01  8.73945E-01  9.60460E-01       5.00970E-03  1.00000E+00
  4.33765E-01  6.27520E-01  7.58615E-01  8.65700E-01  9.57415E-01       2.33070E-02  1.00000E+00
  4.26370E-01  6.19175E-01  7.51320E-01  8.59625E-01  9.55620E-01       2.25060E-02  1.00000E+00
  2.93520E-01  4.59730E-01  5.88975E-01  7.13890E-01  8.52145E-01       2.30600E-03  1.00000E+00

 -9.51342E-01 -5.84562E-01 -1.04099E-02  5.86745E-01  9.49513E-01      -1.00000E+00  1.00000E+00
 -9.52310E-01 -5.93867E-01 -3.00685E-03  5.78850E-01  9.50717E-01      -1.00000E+00  1.00000E+00
 -9.52095E-01 -5.86095E-01  6.62660E-03  5.96782E-01  9.51487E-01      -1.00000E+00  1.00000E+00
 -9.53043E-01 -5.86005E-01  7.73245E-03  5.89847E-01  9.52055E-01      -1.00000E+00  1.00000E+00
 -9.54087E-01 -5.95370E-01 -2.18997E-03  5.86497E-01  9.49160E-01      -1.00000E+00  1.00000E+00
 -9.50800E-01 -5.86172E-01  6.01680E-03  5.93475E-01  9.51727E-01      -1.00000E+00  1.00000E+00
 -9.51765E-01 -5.90627E-01 -1.63757E-03  5.89662E-01  9.51943E-01      -1.00000E+00  1.00000E+00
 -9.48797E-01 -5.78157E-01  4.25175E-03  5.85650E-01  9.49325E-01      -1.00000E+00  1.00000E+00
 -9.50740E-01 -5.82217E-01  5.79702E-03  5.90865E-01  9.50448E-01      -1.00000E+00  1.00000E+00
 -9.51398E-01 -5.97933E-01 -1.58330E-02  5.75450E-01  9.48888E-01      -1.00000E+00  1.00000E+00
 -9.53272E-01 -6.05430E-01 -2.75859E-02  5.69012E-01  9.47310E-01      -1.00000E+00  1.00000E+00
 -9.53030E-01 -5.91100E-01 -5.25925E-03  5.78542E-01  9.49965E-01      -1.00000E+00  1.00000E+00
 -9.53795E-01 -5.96635E-01 -1.36084E-02  5.75773E-01  9.48595E-01      -1.00000E+00  1.00000E+00
 -9.52090E-01 -5.99630E-01 -1.90876E-02  5.77338E-01  9.49048E-01      -1.00000E+00  1.00000E+00
 -9.51597E-01 -5.90788E-01 -7.07653E-03  5.85130E-01  9.49612E-01      -1.00000E+00  1.00000E+00
 -9.58557E-01 -6.33255E-01 -5.64025E-02  5.57508E-01  9.49605E-01      -1.00000E+00  1.00000E+00
 -9.59130E-01 -6.51935E-01 -8.42018E-02  5.44975E-01  9.44998E-01      -1.00000E+00  1.00000E+00
 -9.61398E-01 -6.51710E-01 -8.41715E-02  5.42720E-01  9.47105E-01      -1.00000E+00  1.00000E+00
 -9.61125E-01 -6.52305E-01 -1.00630E-01  5.33770E-01  9.44748E-01      -1.00000E+00  1.00000E+00
 -9.57403E-01 -6.23488E-01 -5.29673E-02  5.56065E-01  9.45908E-01      -1.00000E+00  1.00000E+00
 -5.41055E-01 -1.10135E-01  2.41050E-01  6.85588E-01  9.64087E-01      -1.00000E+00  1.00000E+00
 -4.67137E-01  6.04500E-03  3.87719E-01  7.59430E-01  9.73422E-01      -1.00000E+00  1.00000E+00
 -3.87192E-01  1.11935E-01  4.79563E-01  7.91845E-01  9.76503E-01      -1.00000E+00  1.00000E+00
 -3.02797E-01  2.03263E-01  5.65070E-01  8.18330E-01  9.77130E-01      -1.00000E+00  1.00000E+00
 -2.69023E-01  2.34683E-01  6.05495E-01  8.57150E-01  9.84720E-01      -1.00000E+00  1.00000E+00


    4.   9.01   74. 183.84  5.00E+02  4.50E+01  6.00E-01  3.67E-01     5   0.00

  1.03620E+02  2.51680E+02  3.41090E+02  3.97940E+02  4.41300E+02       2.44740E-02  4.79790E+02

  4.71485E-01  6.65295E-01  7.87800E-01  8.83555E-01  9.64265E-01       1.10550E-02  1.00000E+00
  4.45860E-01  6.38340E-01  7.66985E-01  8.70040E-01  9.59345E-01       3.25690E-02  1.00000E+00
  4.21865E-01  6.14325E-01  7.48250E-01  8.58010E-01  9.55115E-01       2.41630E-02  1.00000E+00
  3.88790E-01  5.80445E-01  7.18830E-01  8.39405E-01  9.49170E-01       1.73030E-02  1.00000E+00
  2.58260E-01  4.08700E-01  5.28845E-01  6.46040E-01  7.86370E-01       3.97050E-03  9.99980E-01

 -9.50540E-01 -5.93202E-01 -1.32193E-03  5.87767E-01  9.50780E-01      -1.00000E+00  1.00000E+00
 -9.50010E-01 -5.85263E-01 -8.66450E-04  5.89870E-01  9.51255E-01      -1.00000E+00  1.00000E+00
 -9.50292E-01 -5.80458E-01  2.37967E-03  5.85268E-01  9.51855E-01      -1.00000E+00  1.00000E+00
 -9.49620E-01 -5.94527E-01 -4.10547E-03  5.90873E-01  9.51167E-01      -1.00000E+00  1.00000E+00
 -9.48747E-01 -5.79330E-01  1.76932E-02  5.89590E-01  9.51325E-01      -1.00000E+00  1.00000E+00
 -9.49102E-01 -5.89860E-01 -1.84122E-03  5.83230E-01  9.52052E-01      -1.00000E+00  1.00000E+00
 -9.49370E-01 -5.79132E-01  8.42680E-03  5.95815E-01  9.52590E-01      -1.00000E+00  1.00000E+00
 -9.49223E-01 -5.77318E-01  9.83778E-03  5.85112E-01  9.50538E-01      -1.00000E+00  1.00000E+00
 -9.51845E-01 -5.86285E-01 -2.21807E-03  5.81920E-01  9.50413E-01      -1.00000E+00  1.00000E+00
 -9.50950E-01 -5.92785E-01  2.26432E-03  5.80785E-01  9.49190E-01      -1.00000E+00  1.00000E+00
 -9.59605E-01 -6.42487E-01 -9.29780E-02  5.30830E-01  9.44225E-01      -1.00000E+00  1.00000E+00
 -9.56845E-01 -6.38365E-01 -7.01758E-02  5.49127E-01  9.46622E-01      -1.00000E+00  1.00000E+00
 -9.56163E-01 -6.17240E-01 -4.17423E-02  5.54482E-01  9.43275E-01      -1.00000E+00  1.00000E+00
 -9.53933E-01 -6.12982E-01 -3.63967E-02  5.64235E-01  9.45793E-01      -1.00000E+00  1.00000E+00
 -9.54923E-01 -6.00000E-01 -2.91575E-02  5.72723E-01  9.51115E-01      -1.00000E+00  1.00000E+00
 -9.58905E-01 -6.89155E-01 -1.69264E-01  5.00745E-01  9.40190E-01      -1.00000E+00  1.00000E+00
 -9.33367E-01 -6.12820E-01 -5.47820E-02  5.67220E-01  9.49900E-01      -1.00000E+00  1.00000E+00
 -9.27453E-01 -5.71133E-01 -2.36738E-02  5.82920E-01  9.50195E-01      -1.00000E+00  1.00000E+00
 -9.23640E-01 -5.50517E-01 -1.96005E-02  5.79173E-01  9.51693E-01      -1.00000E+00  1.00000E+00
 -9.40810E-01 -5.63758E-01 -1.40508E-02  5.68830E-01  9.48555E-01      -1.00000E+00  1.00000E+00
  4.71550E-02  3.83701E-01  6.05575E-01  8.44510E-01  9.81890E-01      -9.84680E-01  1.00000E+00
  1.40672E-01  4.82140E-01  7.05598E-01  8.93280E-01  9.87923E-01      -9.76080E-01  1.00000E+00
  2.04267E-01  5.45073E-01  7.50830E-01  9.01362E-01  9.88860E-01      -9.40010E-01  1.00000E+00
  2.89819E-01  6.20153E-01  8.10527E-01  9.29575E-01  9.91880E-01      -9.76090E-01  1.00000E+00
  3.36097E-01  6.78105E-01  8.47557E-01  9.47923E-01  9.94267E-01      -9.99960E-01  1.00000E+00


    4.   9.01   74. 183.84  5.00E+02  6.00E+01  6.88E-01  4.70E-01     5   0.00

  1.38660E+02  3.02980E+02  3.84810E+02  4.29850E+02  4.65160E+02       5.66390E-02  4.87580E+02

  4.65595E-01  6.60030E-01  7.82560E-01  8.80470E-01  9.62715E-01       4.45070E-03  1.00000E+00
  4.27900E-01  6.20245E-01  7.51705E-01  8.60535E-01  9.55515E-01       2.33920E-02  1.00000E+00
  3.75195E-01  5.62400E-01  7.01440E-01  8.24225E-01  9.40655E-01       1.55120E-02  1.00000E+00
  3.32870E-01  5.16395E-01  6.61320E-01  7.97730E-01  9.22940E-01       1.10900E-02  1.00000E+00
  1.92385E-01  3.05485E-01  3.99185E-01  4.92360E-01  6.15025E-01       1.22420E-03  9.85260E-01

 -9.52345E-01 -5.95925E-01 -5.00389E-03  5.82065E-01  9.47938E-01      -1.00000E+00  1.00000E+00
 -9.49773E-01 -5.89120E-01 -4.74693E-03  5.90605E-01  9.50343E-01      -1.00000E+00  1.00000E+00
 -9.51128E-01 -5.89915E-01  1.50068E-03  5.88817E-01  9.52688E-01      -1.00000E+00  1.00000E+00
 -9.52745E-01 -5.85040E-01  4.18810E-03  5.85170E-01  9.51163E-01      -1.00000E+00  1.00000E+00
 -9.50362E-01 -5.85582E-01 -4.50820E-03  5.89690E-01  9.51097E-01      -1.00000E+00  1.00000E+00
 -9.52198E-01 -6.09600E-01 -3.21868E-02  5.64172E-01  9.46638E-01      -1.00000E+00  1.00000E+00
 -9.53415E-01 -6.06633E-01 -3.38502E-02  5.64433E-01  9.48040E-01      -1.00000E+00  1.00000E+00
 -9.51510E-01 -5.99565E-01 -1.28135E-02  5.76255E-01  9.50902E-01      -1.00000E+00  1.00000E+00
 -9.50570E-01 -5.97167E-01 -9.23535E-03  5.71785E-01  9.49767E-01      -1.00000E+00  1.00000E+00
 -9.50985E-01 -5.90493E-01 -1.24868E-02  5.76632E-01  9.49183E-01      -1.00000E+00  1.00000E+00
 -9.76085E-01 -7.82518E-01 -3.19175E-01  3.91207E-01  9.22012E-01      -1.00000E+00  1.00000E+00
 -9.68895E-01 -7.33178E-01 -1.79322E-01  4.94583E-01  9.41090E-01      -1.00000E+00  1.00000E+00
 -9.65475E-01 -6.99808E-01 -1.38398E-01  5.14150E-01  9.40767E-01      -1.00000E+00  1.00000E+00
 -9.65425E-01 -6.77780E-01 -9.24222E-02  5.38853E-01  9.45632E-01      -1.00000E+00  1.00000E+00
 -9.56193E-01 -6.13485E-01 -3.61917E-02  5.76028E-01  9.50163E-01      -1.00000E+00  1.00000E+00
 -3.41977E-01 -4.03000E-02  3.18101E-01  7.26008E-01  9.68110E-01      -9.96620E-01  1.00000E+00
 -2.52138E-01  9.55700E-02  4.78322E-01  8.00588E-01  9.77085E-01      -9.99950E-01  1.00000E+00
 -2.19966E-01  1.47503E-01  4.85430E-01  8.06635E-01  9.78067E-01      -9.99870E-01  1.00000E+00
 -2.21713E-01  1.71405E-01  4.82102E-01  7.88682E-01  9.74827E-01      -1.00000E+00  1.00000E+00
 -3.04005E-01  1.21187E-01  4.76345E-01  7.74578E-01  9.72098E-01      -1.00000E+00  1.00000E+00
  5.80685E-01  7.41322E-01  8.41295E-01  9.37320E-01  9.92905E-01      -2.65300E-01  1.00000E+00
  6.16015E-01  7.81648E-01  8.75045E-01  9.52790E-01  9.94823E-01      -3.96770E-01  1.00000E+00
  6.54567E-01  8.13908E-01  9.01487E-01  9.60335E-01  9.95575E-01      -1.56090E-01  1.00000E+00
  7.14070E-01  8.55703E-01  9.30772E-01  9.75372E-01  9.97293E-01      -3.40910E-01  1.00000E+00
  7.71848E-01  8.96138E-01  9.52657E-01  9.83670E-01  9.98255E-01      -9.69400E-02  1.00000E+00


    4.   9.01   74. 183.84  5.00E+02  7.00E+01  7.77E-01  5.93E-01     5   0.00

  1.93380E+02  3.65400E+02  4.27840E+02  4.60810E+02  4.80020E+02       1.98310E-02  4.91720E+02

  4.56755E-01  6.49265E-01  7.75115E-01  8.75675E-01  9.61330E-01       3.99780E-03  1.00000E+00
  3.72390E-01  5.59170E-01  6.98550E-01  8.23285E-01  9.41460E-01       1.71310E-02  1.00000E+00
  3.18875E-01  5.04930E-01  6.57785E-01  8.02080E-01  9.38035E-01       8.10160E-03  1.00000E+00
  2.43525E-01  3.83655E-01  5.06545E-01  6.29550E-01  7.52820E-01       2.86340E-03  9.96720E-01
  1.30163E-01  2.06605E-01  2.72045E-01  3.39905E-01  4.30295E-01       2.37620E-04  7.63270E-01

 -9.51815E-01 -5.88845E-01  5.80300E-04  5.90148E-01  9.51937E-01      -1.00000E+00  1.00000E+00
 -9.50222E-01 -5.95910E-01 -1.51498E-03  5.87817E-01  9.52460E-01      -1.00000E+00  1.00000E+00
 -9.49823E-01 -5.82597E-01 -1.01753E-03  5.85905E-01  9.51437E-01      -1.00000E+00  1.00000E+00
 -9.50340E-01 -5.84367E-01 -1.87776E-03  5.84803E-01  9.51043E-01      -1.00000E+00  1.00000E+00
 -9.51893E-01 -5.88102E-01  2.32055E-03  5.88198E-01  9.51890E-01      -1.00000E+00  1.00000E+00
 -9.74990E-01 -7.73635E-01 -3.34554E-01  3.27766E-01  9.10500E-01      -1.00000E+00  1.00000E+00
 -9.71310E-01 -7.32082E-01 -2.12681E-01  4.53102E-01  9.31102E-01      -1.00000E+00  1.00000E+00
 -9.65340E-01 -6.79602E-01 -1.20266E-01  5.17920E-01  9.41817E-01      -1.00000E+00  1.00000E+00
 -9.59523E-01 -6.40755E-01 -6.94248E-02  5.51825E-01  9.46935E-01      -1.00000E+00  1.00000E+00
 -9.53865E-01 -6.11967E-01 -2.58091E-02  5.72418E-01  9.49533E-01      -1.00000E+00  1.00000E+00
 -4.54995E-01 -1.67641E-01  1.59326E-01  6.18733E-01  9.55407E-01      -1.00000E+00  1.00000E+00
 -4.29023E-01 -9.12950E-02  3.08140E-01  7.27758E-01  9.68182E-01      -1.00000E+00  1.00000E+00
 -4.39963E-01 -8.65725E-02  2.85474E-01  7.20990E-01  9.67667E-01      -1.00000E+00  1.00000E+00
 -4.68148E-01 -1.17878E-01  2.24144E-01  6.70262E-01  9.60335E-01      -1.00000E+00  1.00000E+00
 -5.27984E-01 -1.47927E-01  2.11025E-01  6.44453E-01  9.57040E-01      -1.00000E+00  1.00000E+00
  4.02822E-01  5.73142E-01  7.55147E-01  9.08708E-01  9.89728E-01      -5.09130E-01  1.00000E+00
  4.55518E-01  6.31158E-01  7.91990E-01  9.25495E-01  9.91822E-01      -3.31720E-01  1.00000E+00
  5.12235E-01  6.79530E-01  8.05080E-01  9.26045E-01  9.91960E-01      -2.72230E-01  1.00000E+00
  5.99995E-01  7.55853E-01  8.54125E-01  9.35410E-01  9.91990E-01      -3.15340E-01  1.00000E+00
  7.25278E-01  8.62805E-01  9.34562E-01  9.77337E-01  9.97583E-01      -1.11890E-01  1.00000E+00
  8.36183E-01  9.08867E-01  9.59097E-01  9.87332E-01  9.98710E-01       3.28160E-01  1.00000E+00
  8.49260E-01  9.20022E-01  9.61265E-01  9.87443E-01  9.98705E-01       4.56500E-01  1.00000E+00
  8.64750E-01  9.29795E-01  9.63945E-01  9.86770E-01  9.98523E-01       4.73690E-01  1.00000E+00
  8.87923E-01  9.44995E-01  9.74483E-01  9.91075E-01  9.99012E-01       5.05710E-01  1.00000E+00
  9.19425E-01  9.63395E-01  9.83193E-01  9.94297E-01  9.99395E-01       5.66330E-01  1.00000E+00


    4.   9.01   74. 183.84  5.00E+02  8.00E+01  9.21E-01  8.23E-01     5   0.00

  3.69060E+02  4.57630E+02  4.76760E+02  4.86160E+02  4.91950E+02       3.99650E-02  4.94940E+02

  3.54895E-01  5.45190E-01  6.89325E-01  8.19540E-01  9.41655E-01       3.83270E-03  1.00000E+00
  2.39990E-01  4.04400E-01  5.63430E-01  7.22955E-01  8.59470E-01       1.35530E-03  1.00000E+00
  1.67830E-01  2.68825E-01  3.67650E-01  4.79500E-01  5.94865E-01       7.94580E-04  8.40200E-01
  1.25535E-01  2.02275E-01  2.66915E-01  3.28850E-01  3.95030E-01       6.18990E-04  6.04690E-01
  6.37385E-02  1.06053E-01  1.36509E-01  1.65130E-01  2.02775E-01       5.10270E-06  3.58170E-01

 -9.62865E-01 -6.79070E-01 -2.33768E-01  2.68288E-01  8.66385E-01      -1.00000E+00  1.00000E+00
 -9.53642E-01 -6.29673E-01 -1.62121E-01  4.28212E-01  9.26353E-01      -1.00000E+00  1.00000E+00
 -9.50238E-01 -6.21850E-01 -1.43263E-01  4.60925E-01  9.34720E-01      -1.00000E+00  1.00000E+00
 -9.54130E-01 -6.26655E-01 -1.55798E-01  4.56532E-01  9.34503E-01      -1.00000E+00  1.00000E+00
 -9.57670E-01 -6.61970E-01 -1.89921E-01  4.25400E-01  9.26665E-01      -1.00000E+00  1.00000E+00
  2.27434E-01  4.39623E-01  6.30020E-01  8.33455E-01  9.78745E-01      -7.40160E-01  1.00000E+00
  2.54395E-01  4.60025E-01  6.41435E-01  8.49237E-01  9.82857E-01      -7.29060E-01  1.00000E+00
  2.78021E-01  4.85030E-01  6.36698E-01  8.29555E-01  9.79162E-01      -6.21920E-01  1.00000E+00
  3.36670E-01  5.63205E-01  7.09020E-01  8.44220E-01  9.78060E-01      -6.67520E-01  1.00000E+00
  3.65140E-01  6.56695E-01  8.30388E-01  9.36473E-01  9.92285E-01      -1.00000E+00  1.00000E+00
  7.42315E-01  8.84350E-01  9.58260E-01  9.88025E-01  9.98773E-01       3.63280E-01  1.00000E+00
  7.53010E-01  8.62653E-01  9.44497E-01  9.83292E-01  9.98325E-01       3.80650E-01  1.00000E+00
  7.73027E-01  8.50448E-01  9.25220E-01  9.75877E-01  9.97440E-01       4.06970E-01  1.00000E+00
  8.22518E-01  8.85783E-01  9.31210E-01  9.73020E-01  9.96943E-01       4.99460E-01  1.00000E+00
  9.01690E-01  9.50173E-01  9.75455E-01  9.90910E-01  9.98962E-01       5.51310E-01  1.00000E+00
  8.91150E-01  9.45300E-01  9.80913E-01  9.94675E-01  9.99455E-01       6.92410E-01  1.00000E+00
  9.00623E-01  9.39253E-01  9.71055E-01  9.90950E-01  9.99065E-01       6.84900E-01  1.00000E+00
  9.17007E-01  9.48745E-01  9.71407E-01  9.89530E-01  9.98830E-01       7.28130E-01  1.00000E+00
  9.38650E-01  9.65522E-01  9.81210E-01  9.92465E-01  9.99120E-01       7.82660E-01  1.00000E+00
  9.63120E-01  9.82585E-01  9.91963E-01  9.97243E-01  9.99705E-01       7.96280E-01  1.00000E+00
  9.70550E-01  9.83920E-01  9.92617E-01  9.97670E-01  9.99765E-01       9.00400E-01  1.00000E+00
  9.73865E-01  9.85763E-01  9.92280E-01  9.97100E-01  9.99667E-01       9.10670E-01  1.00000E+00
  9.78112E-01  9.88985E-01  9.94493E-01  9.97905E-01  9.99755E-01       9.20110E-01  1.00000E+00
  9.82727E-01  9.91820E-01  9.96263E-01  9.98698E-01  9.99857E-01       9.31880E-01  1.00000E+00
  9.87890E-01  9.94583E-01  9.97590E-01  9.99185E-01  9.99912E-01       9.45890E-01  1.00000E+00


    4.   9.01   74. 183.84  5.00E+02  8.50E+01  9.87E-01  9.49E-01     5   0.00

  4.63490E+02  4.84690E+02  4.90560E+02  4.93190E+02  4.94960E+02       1.51260E-01  4.96340E+02

  2.23800E-01  4.05835E-01  5.73455E-01  7.20065E-01  8.38310E-01       7.09700E-04  1.00000E+00
  1.21140E-01  2.26340E-01  3.24315E-01  4.18335E-01  4.96705E-01       5.48800E-04  7.27020E-01
  8.98595E-02  1.64895E-01  2.24900E-01  2.75450E-01  3.17885E-01       2.63490E-04  4.58020E-01
  7.09645E-02  1.22470E-01  1.55550E-01  1.81515E-01  2.07785E-01       1.26040E-04  3.00670E-01
  3.96990E-02  6.40240E-02  8.13165E-02  9.74605E-02  1.17781E-01       1.78140E-04  1.82910E-01

 -8.96900E-02  3.60025E-01  6.20630E-01  7.75108E-01  9.65735E-01      -1.00000E+00  1.00000E+00
 -1.08830E-01  3.00712E-01  5.82117E-01  7.54842E-01  9.58978E-01      -1.00000E+00  1.00000E+00
 -9.88200E-02  3.14645E-01  5.95380E-01  7.71723E-01  9.58152E-01      -1.00000E+00  1.00000E+00
 -4.47425E-02  4.13592E-01  7.06033E-01  8.58297E-01  9.71582E-01      -1.00000E+00  1.00000E+00
 -2.56875E-02  3.68152E-01  7.04265E-01  9.01110E-01  9.89785E-01      -1.00000E+00  1.00000E+00
  8.88475E-01  9.71150E-01  9.91400E-01  9.97595E-01  9.99755E-01       6.06390E-01  1.00000E+00
  8.63308E-01  9.21455E-01  9.71220E-01  9.92023E-01  9.99220E-01       6.04090E-01  1.00000E+00
  8.77465E-01  9.18822E-01  9.51600E-01  9.83725E-01  9.98335E-01       6.49630E-01  1.00000E+00
  9.13328E-01  9.47858E-01  9.68450E-01  9.84905E-01  9.98073E-01       6.98370E-01  1.00000E+00
  9.52900E-01  9.77680E-01  9.89853E-01  9.96522E-01  9.99615E-01       7.71420E-01  1.00000E+00
  9.54475E-01  9.85535E-01  9.95398E-01  9.98672E-01  9.99867E-01       8.51400E-01  1.00000E+00
  9.48470E-01  9.68140E-01  9.86683E-01  9.96220E-01  9.99615E-01       8.77980E-01  1.00000E+00
  9.58322E-01  9.71967E-01  9.82393E-01  9.93170E-01  9.99255E-01       8.81320E-01  1.00000E+00
  9.72780E-01  9.83932E-01  9.90743E-01  9.95847E-01  9.99430E-01       9.10340E-01  1.00000E+00
  9.85097E-01  9.92985E-01  9.96762E-01  9.98883E-01  9.99872E-01       9.29090E-01  1.00000E+00
  9.76967E-01  9.89237E-01  9.95783E-01  9.98733E-01  9.99867E-01       9.43500E-01  1.00000E+00
  9.78595E-01  9.86380E-01  9.92830E-01  9.97483E-01  9.99735E-01       9.43380E-01  1.00000E+00
  9.83838E-01  9.90105E-01  9.94350E-01  9.97820E-01  9.99742E-01       9.52990E-01  1.00000E+00
  9.89102E-01  9.94162E-01  9.96918E-01  9.98800E-01  9.99862E-01       9.63340E-01  1.00000E+00
  9.93583E-01  9.97012E-01  9.98625E-01  9.99533E-01  9.99950E-01       9.71590E-01  1.00000E+00
  9.91470E-01  9.95375E-01  9.97700E-01  9.99182E-01  9.99910E-01       9.74480E-01  1.00000E+00
  9.92910E-01  9.96355E-01  9.98247E-01  9.99382E-01  9.99933E-01       9.74590E-01  1.00000E+00
  9.94065E-01  9.97075E-01  9.98607E-01  9.99505E-01  9.99945E-01       9.79880E-01  1.00000E+00
  9.95205E-01  9.97795E-01  9.98990E-01  9.99652E-01  9.99963E-01       9.82540E-01  1.00000E+00
  9.96835E-01  9.98572E-01  9.99368E-01  9.99792E-01  9.99980E-01       9.87060E-01  1.00000E+00


    4.   9.01   74. 183.84  1.00E+03  0.00E+00  4.69E-01  2.45E-01     5   0.00

  1.45190E+02  3.90470E+02  5.70530E+02  7.04820E+02  8.11630E+02       1.50070E-02  8.99370E+02

  4.68455E-01  6.62385E-01  7.86305E-01  8.83085E-01  9.64305E-01       5.14060E-03  1.00000E+00
  4.42740E-01  6.38945E-01  7.69080E-01  8.72065E-01  9.60420E-01       1.28960E-02  1.00000E+00
  4.25465E-01  6.24330E-01  7.57660E-01  8.65355E-01  9.57265E-01       3.58310E-02  9.99990E-01
  4.18580E-01  6.18850E-01  7.54795E-01  8.63465E-01  9.57060E-01       2.94210E-02  1.00000E+00
  3.30960E-01  5.11725E-01  6.44675E-01  7.64805E-01  8.90390E-01       3.78480E-03  1.00000E+00

 -9.49535E-01 -5.91415E-01  3.48054E-03  5.90820E-01  9.51373E-01      -1.00000E+00  1.00000E+00
 -9.49492E-01 -5.85553E-01  8.22810E-03  5.87220E-01  9.51753E-01      -1.00000E+00  1.00000E+00
 -9.48798E-01 -5.89463E-01  7.01312E-03  5.98673E-01  9.51823E-01      -1.00000E+00  1.00000E+00
 -9.54043E-01 -5.91700E-01  2.78290E-03  5.83095E-01  9.49242E-01      -1.00000E+00  1.00000E+00
 -9.52135E-01 -5.85803E-01  1.59260E-03  5.85453E-01  9.52965E-01      -1.00000E+00  1.00000E+00
 -9.50552E-01 -5.83745E-01 -7.98643E-03  5.82202E-01  9.49783E-01      -1.00000E+00  1.00000E+00
 -9.50230E-01 -5.79417E-01  8.91282E-03  5.91235E-01  9.51945E-01      -1.00000E+00  1.00000E+00
 -9.51483E-01 -5.88930E-01  3.16140E-03  5.91435E-01  9.50890E-01      -1.00000E+00  1.00000E+00
 -9.52550E-01 -5.79920E-01  1.02653E-02  5.85718E-01  9.50858E-01      -1.00000E+00  1.00000E+00
 -9.49662E-01 -5.80190E-01 -7.31140E-03  5.86363E-01  9.49760E-01      -1.00000E+00  1.00000E+00
 -9.51495E-01 -5.92472E-01 -1.83748E-02  5.76063E-01  9.47128E-01      -1.00000E+00  1.00000E+00
 -9.47918E-01 -5.81392E-01  3.70567E-03  5.85643E-01  9.47852E-01      -1.00000E+00  1.00000E+00
 -9.51197E-01 -5.90425E-01 -2.01500E-05  5.88300E-01  9.51348E-01      -1.00000E+00  1.00000E+00
 -9.53733E-01 -5.89343E-01 -9.80125E-04  5.90577E-01  9.52570E-01      -1.00000E+00  1.00000E+00
 -9.50745E-01 -5.91335E-01 -1.23755E-02  5.83700E-01  9.52228E-01      -1.00000E+00  1.00000E+00
 -9.49987E-01 -5.83385E-01  3.73234E-03  5.89075E-01  9.49560E-01      -1.00000E+00  1.00000E+00
 -9.50618E-01 -5.89217E-01  1.14015E-03  5.87735E-01  9.51480E-01      -1.00000E+00  1.00000E+00
 -9.51442E-01 -5.93265E-01 -6.52855E-03  5.99255E-01  9.52638E-01      -1.00000E+00  1.00000E+00
 -9.51637E-01 -5.81462E-01 -2.53400E-03  5.83462E-01  9.51202E-01      -1.00000E+00  1.00000E+00
 -9.50682E-01 -5.96237E-01  1.11386E-03  5.92255E-01  9.50252E-01      -1.00000E+00  1.00000E+00
 -9.50245E-01 -5.89113E-01 -5.47097E-03  5.78070E-01  9.50205E-01      -1.00000E+00  1.00000E+00
 -9.51362E-01 -5.93095E-01  2.48127E-03  5.98160E-01  9.52390E-01      -1.00000E+00  1.00000E+00
 -9.51073E-01 -5.85157E-01 -5.11702E-03  5.84852E-01  9.50215E-01      -1.00000E+00  1.00000E+00
 -9.50557E-01 -5.79343E-01  8.59215E-03  5.86825E-01  9.47735E-01      -1.00000E+00  1.00000E+00
 -9.51795E-01 -5.98588E-01 -2.37597E-04  5.77823E-01  9.50515E-01      -1.00000E+00  1.00000E+00


    4.   9.01   74. 183.84  1.00E+03  3.00E+01  5.12E-01  2.83E-01     5   0.00

  1.64220E+02  4.25350E+02  6.06340E+02  7.35860E+02  8.35230E+02       7.37770E-03  9.37390E+02

  4.65455E-01  6.61215E-01  7.84670E-01  8.81680E-01  9.63775E-01       8.73190E-03  1.00000E+00
  4.39960E-01  6.36785E-01  7.65825E-01  8.70455E-01  9.59575E-01       3.49670E-02  1.00000E+00
  4.19520E-01  6.19715E-01  7.53480E-01  8.62570E-01  9.56750E-01       4.49040E-02  1.00000E+00
  4.07615E-01  6.05945E-01  7.42260E-01  8.54540E-01  9.53570E-01       3.46030E-02  9.99990E-01
  2.98805E-01  4.67395E-01  5.99990E-01  7.28075E-01  8.69605E-01       1.09270E-02  1.00000E+00

 -9.49985E-01 -5.85960E-01 -3.43352E-03  5.84200E-01  9.49725E-01      -1.00000E+00  1.00000E+00
 -9.49327E-01 -5.87128E-01 -6.75933E-03  5.86250E-01  9.51570E-01      -1.00000E+00  1.00000E+00
 -9.50925E-01 -5.90825E-01 -1.76864E-03  5.94270E-01  9.52250E-01      -1.00000E+00  1.00000E+00
 -9.51180E-01 -5.89715E-01  1.12837E-02  5.93902E-01  9.52002E-01      -1.00000E+00  1.00000E+00
 -9.51102E-01 -5.84050E-01  1.99352E-03  5.84507E-01  9.50085E-01      -1.00000E+00  1.00000E+00
 -9.51240E-01 -5.92475E-01 -5.90250E-05  5.80878E-01  9.48270E-01      -1.00000E+00  1.00000E+00
 -9.51923E-01 -5.88462E-01  6.66927E-03  5.88423E-01  9.48870E-01      -1.00000E+00  1.00000E+00
 -9.52157E-01 -5.89840E-01 -1.50107E-03  5.85878E-01  9.50775E-01      -1.00000E+00  1.00000E+00
 -9.50765E-01 -5.90218E-01  2.65907E-03  5.88190E-01  9.51677E-01      -1.00000E+00  1.00000E+00
 -9.49495E-01 -5.82565E-01  7.23078E-03  5.89055E-01  9.52095E-01      -1.00000E+00  1.00000E+00
 -9.50180E-01 -5.94118E-01 -9.36617E-03  5.89483E-01  9.50455E-01      -1.00000E+00  1.00000E+00
 -9.53828E-01 -5.96897E-01 -1.58360E-02  5.71010E-01  9.49372E-01      -1.00000E+00  1.00000E+00
 -9.51917E-01 -5.95237E-01 -2.11593E-02  5.76232E-01  9.50610E-01      -1.00000E+00  1.00000E+00
 -9.53163E-01 -6.00243E-01 -1.66902E-02  5.76433E-01  9.50505E-01      -1.00000E+00  1.00000E+00
 -9.52860E-01 -5.90912E-01 -9.11000E-04  5.80802E-01  9.50192E-01      -1.00000E+00  1.00000E+00
 -9.52632E-01 -6.02425E-01 -5.53503E-03  5.83618E-01  9.52825E-01      -1.00000E+00  1.00000E+00
 -9.52058E-01 -5.98118E-01 -5.72988E-03  5.81740E-01  9.51705E-01      -1.00000E+00  1.00000E+00
 -9.54577E-01 -6.05197E-01 -1.79135E-02  5.80410E-01  9.48228E-01      -1.00000E+00  1.00000E+00
 -9.53645E-01 -6.15585E-01 -3.45433E-02  5.77445E-01  9.50287E-01      -1.00000E+00  1.00000E+00
 -9.52160E-01 -6.01215E-01 -1.95865E-02  5.72288E-01  9.49605E-01      -1.00000E+00  1.00000E+00
 -6.50060E-01 -1.34585E-01  3.47830E-01  7.51310E-01  9.72713E-01      -1.00000E+00  1.00000E+00
 -5.47845E-01 -3.63875E-02  4.21081E-01  7.86312E-01  9.76620E-01      -1.00000E+00  1.00000E+00
 -4.88567E-01  2.14375E-02  4.47943E-01  7.92573E-01  9.76688E-01      -1.00000E+00  1.00000E+00
 -4.35215E-01  6.89525E-02  4.75115E-01  7.98335E-01  9.76510E-01      -1.00000E+00  1.00000E+00
 -3.71895E-01  1.02670E-01  5.21032E-01  8.17710E-01  9.78420E-01      -1.00000E+00  1.00000E+00


    4.   9.01   74. 183.84  1.00E+03  4.50E+01  5.68E-01  3.37E-01     5   0.00

  1.92780E+02  4.75990E+02  6.56180E+02  7.76810E+02  8.71020E+02       4.51050E-02  9.57580E+02

  4.64440E-01  6.58835E-01  7.83165E-01  8.81030E-01  9.63570E-01       1.40840E-02  1.00000E+00
  4.30025E-01  6.28590E-01  7.60750E-01  8.67355E-01  9.58410E-01       4.05160E-02  1.00000E+00
  4.06660E-01  6.06005E-01  7.41720E-01  8.54170E-01  9.53895E-01       3.83930E-02  1.00000E+00
  3.82525E-01  5.74725E-01  7.14740E-01  8.34655E-01  9.46425E-01       3.82400E-02  9.99990E-01
  2.61510E-01  4.16800E-01  5.44395E-01  6.73080E-01  8.21000E-01       2.09020E-03  1.00000E+00

 -9.53270E-01 -5.89720E-01  7.00535E-03  5.87185E-01  9.50893E-01      -1.00000E+00  1.00000E+00
 -9.50392E-01 -5.81835E-01  5.47963E-03  5.84460E-01  9.51265E-01      -1.00000E+00  1.00000E+00
 -9.50993E-01 -5.87315E-01  8.66060E-03  5.90410E-01  9.50887E-01      -1.00000E+00  1.00000E+00
 -9.51225E-01 -5.94058E-01 -7.62939E-03  5.84327E-01  9.48692E-01      -1.00000E+00  1.00000E+00
 -9.50775E-01 -5.90625E-01  6.63075E-04  5.96358E-01  9.53155E-01      -1.00000E+00  1.00000E+00
 -9.50920E-01 -5.95278E-01 -6.55707E-03  5.84580E-01  9.52272E-01      -1.00000E+00  1.00000E+00
 -9.49025E-01 -5.83470E-01  2.68128E-03  5.88282E-01  9.49175E-01      -1.00000E+00  1.00000E+00
 -9.52962E-01 -5.92920E-01  1.09592E-03  5.91740E-01  9.50785E-01      -1.00000E+00  1.00000E+00
 -9.54138E-01 -5.95270E-01 -3.27120E-03  5.82115E-01  9.50008E-01      -1.00000E+00  1.00000E+00
 -9.50385E-01 -5.80355E-01  1.01938E-02  5.92680E-01  9.51725E-01      -1.00000E+00  1.00000E+00
 -9.55102E-01 -6.06182E-01 -3.80500E-02  5.57057E-01  9.46415E-01      -1.00000E+00  1.00000E+00
 -9.52757E-01 -6.01403E-01 -1.35473E-02  5.83705E-01  9.52568E-01      -1.00000E+00  1.00000E+00
 -9.52010E-01 -6.01753E-01 -2.33182E-02  5.76670E-01  9.49455E-01      -1.00000E+00  1.00000E+00
 -9.52100E-01 -5.89920E-01 -1.13945E-02  5.73750E-01  9.47855E-01      -1.00000E+00  1.00000E+00
 -9.52705E-01 -5.92115E-01 -2.75312E-03  5.81505E-01  9.50233E-01      -1.00000E+00  1.00000E+00
 -9.60862E-01 -6.46425E-01 -2.85637E-02  5.91175E-01  9.52588E-01      -1.00000E+00  1.00000E+00
 -9.51392E-01 -5.93163E-01  3.17197E-02  6.10735E-01  9.54557E-01      -1.00000E+00  1.00000E+00
 -9.50583E-01 -5.93535E-01  2.81628E-02  6.10082E-01  9.55205E-01      -1.00000E+00  1.00000E+00
 -9.50993E-01 -6.10585E-01 -6.04650E-03  5.96080E-01  9.53703E-01      -1.00000E+00  1.00000E+00
 -9.50407E-01 -6.01058E-01 -4.61090E-03  5.95028E-01  9.53430E-01      -1.00000E+00  1.00000E+00
 -9.85600E-02  2.99642E-01  6.03180E-01  8.59915E-01  9.85210E-01      -1.00000E+00  1.00000E+00
  4.54750E-03  4.16428E-01  6.98162E-01  8.94125E-01  9.88717E-01      -9.99690E-01  1.00000E+00
  6.79300E-02  4.66257E-01  7.21413E-01  8.98805E-01  9.88773E-01      -9.96680E-01  1.00000E+00
  1.12437E-01  5.12810E-01  7.45320E-01  9.02558E-01  9.89332E-01      -1.00000E+00  1.00000E+00
  8.45600E-02  5.19247E-01  7.66662E-01  9.16528E-01  9.90803E-01      -9.99990E-01  1.00000E+00


    4.   9.01   74. 183.84  1.00E+03  6.00E+01  6.52E-01  4.29E-01     5   0.00

  2.50310E+02  5.66080E+02  7.37440E+02  8.38440E+02  9.20080E+02       5.33990E-02  9.74440E+02

  4.56760E-01  6.52590E-01  7.78215E-01  8.78295E-01  9.62155E-01       1.26110E-02  1.00000E+00
  4.15530E-01  6.12590E-01  7.48270E-01  8.58460E-01  9.55470E-01       3.32600E-02  1.00000E+00
  3.74410E-01  5.67295E-01  7.06685E-01  8.28520E-01  9.44120E-01       2.62020E-02  1.00000E+00
  3.26530E-01  5.12365E-01  6.60270E-01  7.98620E-01  9.33140E-01       2.15790E-02  1.00000E+00
  2.02970E-01  3.23995E-01  4.28285E-01  5.37515E-01  6.76935E-01       1.48850E-03  9.99500E-01

 -9.48532E-01 -5.80780E-01  8.25692E-03  5.96900E-01  9.53947E-01      -1.00000E+00  1.00000E+00
 -9.50785E-01 -5.91670E-01 -1.12006E-03  5.89615E-01  9.49585E-01      -1.00000E+00  1.00000E+00
 -9.50783E-01 -5.94807E-01  1.87005E-03  5.83937E-01  9.50245E-01      -1.00000E+00  1.00000E+00
 -9.49750E-01 -5.90368E-01 -7.61842E-03  5.86090E-01  9.50535E-01      -1.00000E+00  1.00000E+00
 -9.49845E-01 -5.93342E-01 -1.84933E-03  5.80025E-01  9.48482E-01      -1.00000E+00  1.00000E+00
 -9.52708E-01 -6.01622E-01 -1.86915E-02  5.76867E-01  9.49725E-01      -1.00000E+00  1.00000E+00
 -9.51837E-01 -6.01045E-01 -1.63852E-02  5.79773E-01  9.48738E-01      -1.00000E+00  1.00000E+00
 -9.52878E-01 -5.96630E-01 -1.46069E-02  5.76520E-01  9.50085E-01      -1.00000E+00  1.00000E+00
 -9.51405E-01 -5.85863E-01 -1.09705E-02  5.80225E-01  9.48995E-01      -1.00000E+00  1.00000E+00
 -9.51920E-01 -6.06145E-01 -1.64748E-02  5.78180E-01  9.51342E-01      -1.00000E+00  1.00000E+00
 -9.64473E-01 -6.69363E-01 -8.69665E-02  5.44290E-01  9.46415E-01      -1.00000E+00  1.00000E+00
 -9.58515E-01 -6.30065E-01 -4.11205E-02  5.73000E-01  9.49625E-01      -1.00000E+00  1.00000E+00
 -9.59225E-01 -6.14785E-01 -2.04028E-02  5.79617E-01  9.51890E-01      -1.00000E+00  1.00000E+00
 -9.53665E-01 -5.96737E-01 -6.67455E-03  5.90910E-01  9.52760E-01      -1.00000E+00  1.00000E+00
 -9.51897E-01 -5.93788E-01 -3.40023E-03  5.85040E-01  9.50943E-01      -1.00000E+00  1.00000E+00
 -5.98853E-01 -2.36060E-01  2.62369E-01  7.24730E-01  9.69465E-01      -1.00000E+00  1.00000E+00
 -5.28092E-01 -9.27025E-02  4.02197E-01  7.83175E-01  9.76627E-01      -1.00000E+00  1.00000E+00
 -5.14258E-01 -8.42000E-02  3.97400E-01  7.77575E-01  9.74453E-01      -1.00000E+00  1.00000E+00
 -5.18508E-01 -9.59775E-02  3.61312E-01  7.57902E-01  9.72708E-01      -1.00000E+00  1.00000E+00
 -6.39162E-01 -1.79057E-01  3.00475E-01  7.25240E-01  9.69187E-01      -1.00000E+00  1.00000E+00
  4.76348E-01  6.85325E-01  8.31442E-01  9.41872E-01  9.93975E-01      -5.95250E-01  1.00000E+00
  5.09985E-01  7.31413E-01  8.67402E-01  9.54460E-01  9.95267E-01      -4.57020E-01  1.00000E+00
  5.51280E-01  7.60082E-01  8.76598E-01  9.56495E-01  9.95295E-01      -4.43180E-01  1.00000E+00
  6.04200E-01  7.97427E-01  9.02060E-01  9.64200E-01  9.96040E-01      -5.14810E-01  1.00000E+00
  6.79882E-01  8.47783E-01  9.30418E-01  9.76287E-01  9.97540E-01      -6.49330E-01  1.00000E+00


    4.   9.01   74. 183.84  1.00E+03  7.00E+01  7.33E-01  5.35E-01     5   0.00

  3.33590E+02  6.72710E+02  8.20760E+02  9.01790E+02  9.54250E+02       7.11190E-02  9.82180E+02

  4.46245E-01  6.42280E-01  7.71175E-01  8.73440E-01  9.60750E-01       4.06310E-03  1.00000E+00
  3.84700E-01  5.78750E-01  7.17985E-01  8.37080E-01  9.47115E-01       2.50430E-02  1.00000E+00
  3.15230E-01  5.00710E-01  6.51085E-01  7.93285E-01  9.32815E-01       1.30000E-02  1.00000E+00
  2.57755E-01  4.10985E-01  5.46260E-01  6.87565E-01  8.37870E-01       6.99040E-03  9.99990E-01
  1.38499E-01  2.23125E-01  2.98545E-01  3.79945E-01  4.88765E-01       4.25620E-04  8.54410E-01

 -9.51172E-01 -5.83410E-01  1.17525E-04  5.89307E-01  9.51505E-01      -1.00000E+00  1.00000E+00
 -9.49013E-01 -5.84295E-01  1.17548E-02  5.86152E-01  9.50805E-01      -1.00000E+00  1.00000E+00
 -9.53255E-01 -5.94357E-01  2.95360E-03  5.88847E-01  9.49950E-01      -1.00000E+00  1.00000E+00
 -9.50120E-01 -5.90435E-01 -4.47900E-04  5.88483E-01  9.52288E-01      -1.00000E+00  1.00000E+00
 -9.51520E-01 -5.95025E-01 -1.06080E-03  5.85353E-01  9.49335E-01      -1.00000E+00  1.00000E+00
 -9.59135E-01 -6.57012E-01 -1.01525E-01  5.24657E-01  9.43405E-01      -1.00000E+00  1.00000E+00
 -9.56313E-01 -6.22607E-01 -4.96378E-02  5.57485E-01  9.47530E-01      -1.00000E+00  1.00000E+00
 -9.55747E-01 -6.08202E-01 -3.28537E-02  5.66655E-01  9.48055E-01      -1.00000E+00  1.00000E+00
 -9.55337E-01 -6.10828E-01 -3.19337E-02  5.67168E-01  9.46968E-01      -1.00000E+00  1.00000E+00
 -9.52878E-01 -5.98715E-01 -9.34993E-03  5.87865E-01  9.51203E-01      -1.00000E+00  1.00000E+00
 -7.50907E-01 -4.73948E-01  7.50500E-03  5.80440E-01  9.50050E-01      -1.00000E+00  1.00000E+00
 -7.23915E-01 -3.66227E-01  1.91045E-01  6.92185E-01  9.65710E-01      -1.00000E+00  1.00000E+00
 -7.41663E-01 -3.58980E-01  2.01336E-01  6.98720E-01  9.65575E-01      -1.00000E+00  1.00000E+00
 -8.29333E-01 -4.04955E-01  1.54928E-01  6.73458E-01  9.64072E-01      -1.00000E+00  1.00000E+00
 -9.24992E-01 -5.02165E-01  5.53240E-02  6.12553E-01  9.54198E-01      -1.00000E+00  1.00000E+00
  1.79708E-01  4.33480E-01  7.06498E-01  8.99245E-01  9.89255E-01      -8.62330E-01  1.00000E+00
  2.41003E-01  5.06947E-01  7.57770E-01  9.17242E-01  9.91147E-01      -7.77580E-01  1.00000E+00
  2.79662E-01  5.36092E-01  7.58445E-01  9.15275E-01  9.90840E-01      -7.87830E-01  1.00000E+00
  3.40360E-01  5.90122E-01  7.59465E-01  9.08972E-01  9.90198E-01      -7.36660E-01  1.00000E+00
  4.40245E-01  6.98352E-01  8.46418E-01  9.41620E-01  9.93337E-01      -9.99990E-01  1.00000E+00
  7.84203E-01  8.82045E-01  9.46722E-01  9.82625E-01  9.98265E-01       2.70010E-01  1.00000E+00
  7.95762E-01  8.91833E-01  9.48588E-01  9.82982E-01  9.98097E-01       2.80350E-01  1.00000E+00
  8.10345E-01  9.01493E-01  9.49228E-01  9.81760E-01  9.98000E-01       2.22170E-01  1.00000E+00
  8.39520E-01  9.21390E-01  9.62028E-01  9.86200E-01  9.98435E-01       3.40250E-01  1.00000E+00
  8.85370E-01  9.46942E-01  9.75785E-01  9.91663E-01  9.99108E-01       3.91500E-01  1.00000E+00


    4.   9.01   74. 183.84  1.00E+03  8.00E+01  8.76E-01  7.55E-01     5   0.00

  6.07330E+02  8.80530E+02  9.43320E+02  9.66440E+02  9.81870E+02       2.70490E-02  9.89940E+02

  3.79110E-01  5.74705E-01  7.16260E-01  8.36515E-01  9.47090E-01       1.14000E-02  1.00000E+00
  2.50900E-01  4.25615E-01  5.88205E-01  7.56140E-01  9.14865E-01       3.76380E-03  1.00000E+00
  1.70600E-01  2.79660E-01  3.94935E-01  5.30100E-01  6.75285E-01       2.23050E-03  9.38190E-01
  1.25560E-01  1.96140E-01  2.66765E-01  3.50080E-01  4.43900E-01       1.29930E-03  6.91000E-01
  6.95300E-02  1.10285E-01  1.44130E-01  1.78600E-01  2.26330E-01       1.50370E-04  3.96110E-01

 -9.67880E-01 -7.15605E-01 -2.20066E-01  4.37865E-01  9.29952E-01      -1.00000E+00  1.00000E+00
 -9.59565E-01 -6.48828E-01 -8.60208E-02  5.41770E-01  9.44870E-01      -1.00000E+00  1.00000E+00
 -9.55735E-01 -6.13112E-01 -2.24433E-02  5.71528E-01  9.48240E-01      -1.00000E+00  1.00000E+00
 -9.52575E-01 -5.99700E-01 -9.05877E-03  5.79575E-01  9.50225E-01      -1.00000E+00  1.00000E+00
 -9.51483E-01 -5.90142E-01 -5.33285E-03  5.91205E-01  9.51045E-01      -1.00000E+00  1.00000E+00
 -2.73840E-01  4.27125E-02  3.30554E-01  6.91820E-01  9.63067E-01      -1.00000E+00  1.00000E+00
 -2.76175E-01  8.27275E-02  4.16777E-01  7.79655E-01  9.75648E-01      -1.00000E+00  1.00000E+00
 -3.02393E-01  7.68500E-02  3.90458E-01  7.65180E-01  9.73365E-01      -1.00000E+00  1.00000E+00
 -3.16593E-01  5.51775E-02  3.44163E-01  7.13835E-01  9.67673E-01      -1.00000E+00  1.00000E+00
 -2.95800E-01  4.62700E-02  3.64612E-01  6.74887E-01  9.57730E-01      -1.00000E+00  1.00000E+00
  6.36122E-01  8.09387E-01  9.21763E-01  9.76745E-01  9.97623E-01       8.64600E-02  1.00000E+00
  6.42692E-01  7.93552E-01  9.06870E-01  9.71190E-01  9.97170E-01       6.39560E-02  1.00000E+00
  6.61502E-01  7.81688E-01  8.88625E-01  9.62740E-01  9.95993E-01       9.07500E-02  1.00000E+00
  7.15078E-01  8.13865E-01  8.86518E-01  9.55398E-01  9.94905E-01       1.32150E-01  1.00000E+00
  8.32750E-01  9.11280E-01  9.54898E-01  9.82807E-01  9.97905E-01       2.72070E-01  1.00000E+00
  8.66630E-01  9.51570E-01  9.83478E-01  9.95230E-01  9.99527E-01       6.35680E-01  1.00000E+00
  8.68960E-01  9.39770E-01  9.76960E-01  9.93078E-01  9.99308E-01       6.22260E-01  1.00000E+00
  8.77390E-01  9.31325E-01  9.69860E-01  9.90378E-01  9.98985E-01       6.52770E-01  1.00000E+00
  9.00715E-01  9.40523E-01  9.67540E-01  9.88107E-01  9.98705E-01       6.90580E-01  1.00000E+00
  9.43665E-01  9.72058E-01  9.86540E-01  9.95185E-01  9.99470E-01       7.63670E-01  1.00000E+00
  9.64888E-01  9.81825E-01  9.92360E-01  9.97680E-01  9.99773E-01       8.77870E-01  1.00000E+00
  9.66662E-01  9.82880E-01  9.91600E-01  9.97273E-01  9.99715E-01       8.89490E-01  1.00000E+00
  9.70135E-01  9.85348E-01  9.92515E-01  9.97245E-01  9.99693E-01       8.99710E-01  1.00000E+00
  9.74847E-01  9.88577E-01  9.94877E-01  9.98212E-01  9.99802E-01       9.11810E-01  1.00000E+00
  9.82915E-01  9.92073E-01  9.96507E-01  9.98847E-01  9.99877E-01       9.31790E-01  1.00000E+00


    4.   9.01   74. 183.84  1.00E+03  8.50E+01  9.78E-01  9.35E-01     5   0.00

  9.20040E+02  9.68370E+02  9.81030E+02  9.86310E+02  9.89680E+02       1.50610E-01  9.93300E+02

  2.07230E-01  3.81475E-01  5.51680E-01  7.11575E-01  8.46220E-01       1.16170E-03  1.00000E+00
  1.10590E-01  1.92270E-01  2.83495E-01  3.90995E-01  4.88910E-01       3.72980E-04  7.15320E-01
  8.80250E-02  1.51285E-01  2.03430E-01  2.53010E-01  2.99980E-01       3.83870E-04  4.32330E-01
  6.53770E-02  1.03108E-01  1.29450E-01  1.55115E-01  1.86050E-01       1.45910E-04  2.69690E-01
  3.34630E-02  5.30295E-02  6.80380E-02  8.39295E-02  1.06486E-01       6.71690E-05  1.69810E-01

 -1.18865E-01  2.97690E-01  5.75573E-01  7.50992E-01  9.64043E-01      -1.00000E+00  1.00000E+00
 -1.44525E-01  2.40005E-01  5.44665E-01  7.49642E-01  9.67065E-01      -1.00000E+00  1.00000E+00
 -1.47735E-01  2.16798E-01  5.23000E-01  7.35125E-01  9.61427E-01      -1.00000E+00  1.00000E+00
 -1.11252E-01  2.60788E-01  5.81615E-01  7.85475E-01  9.61395E-01      -1.00000E+00  1.00000E+00
 -6.81850E-02  2.94087E-01  6.49672E-01  8.76763E-01  9.85152E-01      -1.00000E+00  1.00000E+00
  8.96222E-01  9.76500E-01  9.92973E-01  9.98085E-01  9.99805E-01       6.03600E-01  1.00000E+00
  8.68123E-01  9.43443E-01  9.81302E-01  9.94785E-01  9.99470E-01       6.27480E-01  1.00000E+00
  8.69530E-01  9.18827E-01  9.62010E-01  9.88580E-01  9.98880E-01       6.28550E-01  1.00000E+00
  8.97575E-01  9.36478E-01  9.60233E-01  9.83000E-01  9.97953E-01       6.62860E-01  1.00000E+00
  9.45815E-01  9.73928E-01  9.87938E-01  9.95762E-01  9.99522E-01       7.60650E-01  1.00000E+00
  9.57398E-01  9.85888E-01  9.95443E-01  9.98800E-01  9.99885E-01       8.79140E-01  1.00000E+00
  9.53977E-01  9.74222E-01  9.88900E-01  9.96668E-01  9.99660E-01       8.86800E-01  1.00000E+00
  9.61135E-01  9.75790E-01  9.86940E-01  9.95415E-01  9.99505E-01       9.01760E-01  1.00000E+00
  9.72325E-01  9.84215E-01  9.91125E-01  9.96472E-01  9.99605E-01       9.20420E-01  1.00000E+00
  9.84845E-01  9.92840E-01  9.96727E-01  9.98905E-01  9.99885E-01       9.38390E-01  1.00000E+00
  9.83005E-01  9.92963E-01  9.97125E-01  9.99130E-01  9.99912E-01       9.53430E-01  1.00000E+00
  9.83862E-01  9.92010E-01  9.96297E-01  9.98772E-01  9.99870E-01       9.56080E-01  1.00000E+00
  9.86280E-01  9.93127E-01  9.96862E-01  9.98947E-01  9.99883E-01       9.63300E-01  1.00000E+00
  9.89120E-01  9.94410E-01  9.97372E-01  9.99100E-01  9.99903E-01       9.69620E-01  1.00000E+00
  9.93445E-01  9.96910E-01  9.98598E-01  9.99510E-01  9.99950E-01       9.78130E-01  1.00000E+00
  9.94460E-01  9.97602E-01  9.98953E-01  9.99657E-01  9.99960E-01       9.75810E-01  1.00000E+00
  9.94858E-01  9.97865E-01  9.99095E-01  9.99703E-01  9.99970E-01       9.80030E-01  1.00000E+00
  9.95130E-01  9.97955E-01  9.99125E-01  9.99718E-01  9.99970E-01       9.81080E-01  1.00000E+00
  9.95633E-01  9.98120E-01  9.99180E-01  9.99730E-01  9.99970E-01       9.84280E-01  1.00000E+00
  9.96675E-01  9.98545E-01  9.99355E-01  9.99787E-01  9.99977E-01       9.87630E-01  1.00000E+00


    4.   9.01   74. 183.84  2.00E+03  0.00E+00  4.35E-01  2.21E-01     5   0.00

  2.78260E+02  7.46260E+02  1.09710E+03  1.37110E+03  1.60510E+03       4.22460E-02  1.80820E+03

  4.57510E-01  6.54250E-01  7.80555E-01  8.79970E-01  9.63255E-01       1.62660E-03  9.99990E-01
  4.28320E-01  6.30105E-01  7.63170E-01  8.69660E-01  9.59200E-01       1.58820E-02  1.00000E+00
  4.10790E-01  6.16655E-01  7.53620E-01  8.63340E-01  9.57060E-01       4.98620E-02  1.00000E+00
  4.04910E-01  6.08765E-01  7.46265E-01  8.57770E-01  9.55545E-01       4.32440E-02  1.00000E+00
  3.20630E-01  5.03375E-01  6.42060E-01  7.69290E-01  9.04780E-01       1.42350E-02  1.00000E+00

 -9.50105E-01 -5.80338E-01 -2.71660E-03  5.86237E-01  9.49048E-01      -1.00000E+00  1.00000E+00
 -9.53500E-01 -5.90230E-01 -9.08912E-03  5.88677E-01  9.51213E-01      -1.00000E+00  1.00000E+00
 -9.51512E-01 -5.80685E-01  1.62901E-02  5.92535E-01  9.50820E-01      -1.00000E+00  1.00000E+00
 -9.51430E-01 -5.83750E-01 -4.66600E-03  5.88512E-01  9.50605E-01      -1.00000E+00  1.00000E+00
 -9.47850E-01 -5.78505E-01  1.05410E-02  5.92533E-01  9.51553E-01      -1.00000E+00  1.00000E+00
 -9.52340E-01 -5.96152E-01 -1.75783E-02  5.72288E-01  9.48360E-01      -1.00000E+00  1.00000E+00
 -9.50320E-01 -5.84348E-01  1.13807E-02  5.96058E-01  9.52198E-01      -1.00000E+00  1.00000E+00
 -9.51935E-01 -5.98990E-01 -2.73775E-04  5.88832E-01  9.52190E-01      -1.00000E+00  1.00000E+00
 -9.50267E-01 -5.82052E-01 -2.57500E-05  5.85642E-01  9.49858E-01      -1.00000E+00  1.00000E+00
 -9.48107E-01 -5.75997E-01  1.20617E-02  5.99742E-01  9.54270E-01      -1.00000E+00  1.00000E+00
 -9.50172E-01 -5.92198E-01  1.29587E-03  5.91058E-01  9.50395E-01      -1.00000E+00  1.00000E+00
 -9.48695E-01 -5.75823E-01  4.72320E-03  5.82935E-01  9.50700E-01      -1.00000E+00  1.00000E+00
 -9.48828E-01 -5.82717E-01  9.58500E-05  5.91442E-01  9.51782E-01      -1.00000E+00  1.00000E+00
 -9.53965E-01 -5.95913E-01 -7.56898E-03  5.79885E-01  9.50765E-01      -1.00000E+00  1.00000E+00
 -9.50285E-01 -5.83592E-01  8.69250E-04  5.87337E-01  9.48468E-01      -1.00000E+00  1.00000E+00
 -9.50080E-01 -5.90272E-01 -9.65761E-03  5.82815E-01  9.48830E-01      -1.00000E+00  1.00000E+00
 -9.52962E-01 -5.97838E-01 -2.27161E-02  5.82253E-01  9.50492E-01      -1.00000E+00  1.00000E+00
 -9.52082E-01 -5.90442E-01 -6.23162E-04  5.87657E-01  9.49820E-01      -1.00000E+00  1.00000E+00
 -9.53225E-01 -5.81105E-01  1.06143E-02  5.84847E-01  9.51367E-01      -1.00000E+00  1.00000E+00
 -9.49525E-01 -5.82982E-01 -4.00600E-03  5.92360E-01  9.53187E-01      -1.00000E+00  1.00000E+00
 -9.48477E-01 -5.78272E-01 -1.75750E-03  5.94217E-01  9.52718E-01      -1.00000E+00  1.00000E+00
 -9.52577E-01 -5.91505E-01 -1.56801E-02  5.84752E-01  9.51060E-01      -1.00000E+00  1.00000E+00
 -9.50040E-01 -5.89410E-01  2.71445E-03  5.83475E-01  9.53202E-01      -1.00000E+00  1.00000E+00
 -9.48953E-01 -5.78540E-01  1.20561E-02  5.88190E-01  9.49008E-01      -1.00000E+00  1.00000E+00
 -9.48717E-01 -5.79645E-01  5.43200E-03  5.97797E-01  9.53592E-01      -1.00000E+00  1.00000E+00


    4.   9.01   74. 183.84  2.00E+03  3.00E+01  4.79E-01  2.58E-01     5   0.00

  3.12760E+02  8.14580E+02  1.17010E+03  1.43530E+03  1.65250E+03       4.79220E-02  1.87690E+03

  4.54710E-01  6.52570E-01  7.79870E-01  8.78585E-01  9.62360E-01       1.47380E-02  1.00000E+00
  4.21170E-01  6.25840E-01  7.60030E-01  8.67275E-01  9.58260E-01       3.65370E-02  1.00000E+00
  4.04680E-01  6.10435E-01  7.47185E-01  8.59630E-01  9.55555E-01       5.06880E-02  1.00000E+00
  3.90410E-01  5.95235E-01  7.34890E-01  8.49545E-01  9.51370E-01       4.58440E-02  9.99990E-01
  2.97330E-01  4.68755E-01  6.03595E-01  7.33285E-01  8.79395E-01       1.63210E-02  1.00000E+00

 -9.51825E-01 -5.89980E-01 -7.44333E-03  5.84435E-01  9.50038E-01      -1.00000E+00  1.00000E+00
 -9.50270E-01 -5.77445E-01  9.87925E-04  5.78522E-01  9.50867E-01      -1.00000E+00  1.00000E+00
 -9.52125E-01 -5.91535E-01 -7.84725E-03  5.82618E-01  9.51420E-01      -1.00000E+00  1.00000E+00
 -9.50485E-01 -5.91553E-01  3.87296E-03  5.90425E-01  9.52970E-01      -1.00000E+00  1.00000E+00
 -9.51972E-01 -5.90175E-01 -5.85803E-03  5.92157E-01  9.52825E-01      -1.00000E+00  1.00000E+00
 -9.51798E-01 -5.95923E-01 -1.40510E-02  5.76825E-01  9.48023E-01      -1.00000E+00  1.00000E+00
 -9.50418E-01 -5.89357E-01  5.95483E-03  5.90680E-01  9.52435E-01      -1.00000E+00  1.00000E+00
 -9.50543E-01 -5.91928E-01  1.96225E-03  5.94345E-01  9.50387E-01      -1.00000E+00  1.00000E+00
 -9.49912E-01 -5.84985E-01 -1.73777E-03  5.85200E-01  9.51128E-01      -1.00000E+00  1.00000E+00
 -9.48242E-01 -5.79338E-01  1.16785E-02  5.91340E-01  9.52895E-01      -1.00000E+00  1.00000E+00
 -9.51135E-01 -5.82480E-01  2.67168E-03  5.92037E-01  9.51788E-01      -1.00000E+00  1.00000E+00
 -9.53123E-01 -5.88167E-01 -8.84725E-04  5.97248E-01  9.54100E-01      -1.00000E+00  1.00000E+00
 -9.52982E-01 -5.95240E-01  4.59118E-03  5.87180E-01  9.52517E-01      -1.00000E+00  1.00000E+00
 -9.51233E-01 -5.95300E-01 -1.23497E-02  5.78240E-01  9.49458E-01      -1.00000E+00  1.00000E+00
 -9.51910E-01 -5.89935E-01 -5.16115E-03  5.84945E-01  9.49885E-01      -1.00000E+00  1.00000E+00
 -9.46828E-01 -5.58882E-01  4.45660E-02  6.22245E-01  9.57610E-01      -1.00000E+00  1.00000E+00
 -9.48768E-01 -5.67057E-01  3.86893E-02  6.14087E-01  9.56575E-01      -1.00000E+00  1.00000E+00
 -9.48455E-01 -5.78483E-01  2.01290E-02  6.07467E-01  9.52845E-01      -1.00000E+00  1.00000E+00
 -9.51268E-01 -5.75727E-01  2.01768E-02  6.05557E-01  9.56058E-01      -1.00000E+00  1.00000E+00
 -9.50952E-01 -5.81940E-01  5.96478E-03  5.92695E-01  9.53175E-01      -1.00000E+00  1.00000E+00
 -7.00233E-01 -6.42575E-02  4.39898E-01  7.96790E-01  9.77497E-01      -1.00000E+00  1.00000E+00
 -6.32972E-01 -6.14950E-02  4.37497E-01  7.93192E-01  9.77772E-01      -1.00000E+00  1.00000E+00
 -5.54318E-01 -1.05825E-02  4.54875E-01  7.96177E-01  9.77067E-01      -1.00000E+00  1.00000E+00
 -5.14024E-01  1.65500E-03  4.49338E-01  8.00118E-01  9.75905E-01      -1.00000E+00  1.00000E+00
 -4.55970E-01  1.01525E-02  4.34031E-01  7.78025E-01  9.73120E-01      -1.00000E+00  1.00000E+00


    4.   9.01   74. 183.84  2.00E+03  4.50E+01  5.35E-01  3.08E-01     5   0.00

  3.66710E+02  9.09840E+02  1.26770E+03  1.51860E+03  1.72060E+03       8.21310E-02  1.91450E+03

  4.49760E-01  6.49010E-01  7.76575E-01  8.77110E-01  9.62025E-01       1.31650E-02  1.00000E+00
  4.15790E-01  6.19930E-01  7.55355E-01  8.64050E-01  9.57895E-01       5.76690E-02  1.00000E+00
  3.92045E-01  5.97705E-01  7.36695E-01  8.51685E-01  9.52755E-01       3.74930E-02  1.00000E+00
  3.69460E-01  5.65760E-01  7.06900E-01  8.29665E-01  9.43420E-01       4.71230E-02  1.00000E+00
  2.59605E-01  4.20400E-01  5.52445E-01  6.86190E-01  8.40410E-01       1.31260E-02  9.99980E-01

 -9.51372E-01 -5.83987E-01 -6.05250E-04  5.82695E-01  9.52757E-01      -1.00000E+00  1.00000E+00
 -9.49960E-01 -5.78225E-01  1.38784E-02  5.99745E-01  9.52363E-01      -1.00000E+00  1.00000E+00
 -9.52885E-01 -5.96075E-01 -8.71923E-03  5.73243E-01  9.50052E-01      -1.00000E+00  1.00000E+00
 -9.47555E-01 -5.79117E-01  1.39438E-02  5.95002E-01  9.52555E-01      -1.00000E+00  1.00000E+00
 -9.49270E-01 -5.89170E-01 -4.08808E-03  5.81910E-01  9.50295E-01      -1.00000E+00  1.00000E+00
 -9.49045E-01 -5.89060E-01 -4.98475E-04  5.84858E-01  9.50105E-01      -1.00000E+00  1.00000E+00
 -9.50732E-01 -5.87198E-01  2.89235E-03  5.82075E-01  9.51160E-01      -1.00000E+00  1.00000E+00
 -9.52128E-01 -5.91795E-01 -7.45725E-04  5.84283E-01  9.51292E-01      -1.00000E+00  1.00000E+00
 -9.51765E-01 -5.90992E-01 -1.16790E-02  5.82877E-01  9.50295E-01      -1.00000E+00  1.00000E+00
 -9.51530E-01 -5.90670E-01 -1.76632E-03  5.83947E-01  9.49565E-01      -1.00000E+00  1.00000E+00
 -9.47358E-01 -5.77455E-01  1.26357E-02  5.92873E-01  9.52773E-01      -1.00000E+00  1.00000E+00
 -9.50785E-01 -5.89863E-01  3.49827E-03  5.94468E-01  9.50355E-01      -1.00000E+00  1.00000E+00
 -9.51233E-01 -5.87010E-01 -3.77025E-04  5.86145E-01  9.52508E-01      -1.00000E+00  1.00000E+00
 -9.48683E-01 -5.80473E-01  9.44255E-03  5.91527E-01  9.50472E-01      -1.00000E+00  1.00000E+00
 -9.49582E-01 -5.83217E-01 -1.85750E-05  5.81890E-01  9.48942E-01      -1.00000E+00  1.00000E+00
 -9.44740E-01 -5.07890E-01  1.19546E-01  6.64535E-01  9.63172E-01      -1.00000E+00  1.00000E+00
 -9.41910E-01 -5.14012E-01  1.24684E-01  6.65793E-01  9.63457E-01      -1.00000E+00  1.00000E+00
 -9.48207E-01 -5.29367E-01  1.00876E-01  6.53360E-01  9.60072E-01      -1.00000E+00  1.00000E+00
 -9.46467E-01 -5.46093E-01  7.07595E-02  6.33465E-01  9.58373E-01      -1.00000E+00  1.00000E+00
 -9.46683E-01 -5.61730E-01  4.19199E-02  6.16030E-01  9.54542E-01      -1.00000E+00  1.00000E+00
 -2.33583E-01  2.49876E-01  6.20300E-01  8.68938E-01  9.85140E-01      -1.00000E+00  1.00000E+00
 -1.34600E-01  3.52507E-01  6.81885E-01  8.90012E-01  9.87380E-01      -1.00000E+00  1.00000E+00
 -8.07975E-02  3.88012E-01  6.96655E-01  8.96388E-01  9.89070E-01      -9.99990E-01  1.00000E+00
 -6.84325E-02  4.14170E-01  6.98620E-01  8.90682E-01  9.88480E-01      -1.00000E+00  1.00000E+00
 -1.45203E-01  3.54675E-01  6.82107E-01  8.87592E-01  9.87115E-01      -1.00000E+00  1.00000E+00


    4.   9.01   74. 183.84  2.00E+03  6.00E+01  6.18E-01  3.95E-01     5   0.00

  4.66280E+02  1.07450E+03  1.42290E+03  1.64160E+03  1.81840E+03       1.97400E-02  1.94840E+03

  4.44440E-01  6.43955E-01  7.72250E-01  8.74570E-01  9.60990E-01       1.01600E-02  1.00000E+00
  4.01430E-01  6.05665E-01  7.43545E-01  8.56300E-01  9.55000E-01       1.81140E-02  1.00000E+00
  3.64685E-01  5.62600E-01  7.04705E-01  8.29025E-01  9.44105E-01       3.88520E-02  9.99990E-01
  3.18795E-01  5.06715E-01  6.55235E-01  7.94240E-01  9.32275E-01       9.36440E-03  1.00000E+00
  2.05710E-01  3.34665E-01  4.47045E-01  5.67625E-01  7.23200E-01       6.84620E-03  9.99990E-01

 -9.51260E-01 -5.87477E-01 -3.28903E-03  5.87203E-01  9.49107E-01      -1.00000E+00  1.00000E+00
 -9.52685E-01 -5.92660E-01  2.67290E-03  5.89008E-01  9.52992E-01      -1.00000E+00  1.00000E+00
 -9.52010E-01 -5.84043E-01  8.75304E-03  5.87633E-01  9.52185E-01      -1.00000E+00  1.00000E+00
 -9.51615E-01 -5.90800E-01 -7.91587E-03  5.80930E-01  9.50093E-01      -1.00000E+00  1.00000E+00
 -9.52422E-01 -5.94345E-01 -9.98567E-03  5.81190E-01  9.51358E-01      -1.00000E+00  1.00000E+00
 -9.52585E-01 -5.88143E-01  1.41696E-03  5.90468E-01  9.51512E-01      -1.00000E+00  1.00000E+00
 -9.54070E-01 -5.87612E-01  1.45356E-02  5.95895E-01  9.52735E-01      -1.00000E+00  1.00000E+00
 -9.51055E-01 -5.84265E-01  4.04610E-03  5.85987E-01  9.50525E-01      -1.00000E+00  1.00000E+00
 -9.50553E-01 -5.89290E-01 -5.44715E-03  5.82427E-01  9.48500E-01      -1.00000E+00  1.00000E+00
 -9.50070E-01 -5.83033E-01  1.79957E-03  5.81112E-01  9.49437E-01      -1.00000E+00  1.00000E+00
 -9.52215E-01 -5.79520E-01  2.97813E-02  6.09265E-01  9.55730E-01      -1.00000E+00  1.00000E+00
 -9.49480E-01 -5.70435E-01  4.96731E-02  6.26893E-01  9.55793E-01      -1.00000E+00  1.00000E+00
 -9.50545E-01 -5.70410E-01  3.21212E-02  6.12315E-01  9.54305E-01      -1.00000E+00  1.00000E+00
 -9.47377E-01 -5.70585E-01  3.94670E-02  6.17145E-01  9.54780E-01      -1.00000E+00  1.00000E+00
 -9.49283E-01 -5.70023E-01  3.10892E-02  6.12653E-01  9.56045E-01      -1.00000E+00  1.00000E+00
 -6.98905E-01 -2.21543E-01  3.51140E-01  7.68567E-01  9.74745E-01      -1.00000E+00  1.00000E+00
 -6.46547E-01 -1.27195E-01  4.09048E-01  7.90262E-01  9.78075E-01      -1.00000E+00  1.00000E+00
 -6.46890E-01 -1.36160E-01  4.05230E-01  7.89970E-01  9.76770E-01      -1.00000E+00  1.00000E+00
 -6.89832E-01 -1.92107E-01  3.58145E-01  7.64467E-01  9.74083E-01      -1.00000E+00  1.00000E+00
 -8.44560E-01 -3.11576E-01  2.53208E-01  7.17503E-01  9.67668E-01      -1.00000E+00  1.00000E+00
  3.89628E-01  6.66930E-01  8.49537E-01  9.50345E-01  9.94798E-01      -6.82580E-01  1.00000E+00
  4.28007E-01  6.99573E-01  8.63130E-01  9.54087E-01  9.95380E-01      -7.45550E-01  1.00000E+00
  4.52775E-01  7.16040E-01  8.63995E-01  9.54363E-01  9.95167E-01      -7.67880E-01  1.00000E+00
  4.86205E-01  7.38300E-01  8.72270E-01  9.53640E-01  9.94985E-01      -7.70800E-01  1.00000E+00
  5.59632E-01  7.89562E-01  9.02913E-01  9.66635E-01  9.96442E-01      -1.00000E+00  1.00000E+00


    4.   9.01   74. 183.84  2.00E+03  7.00E+01  6.96E-01  4.90E-01     5   0.00

  6.01310E+02  1.26100E+03  1.58320E+03  1.76210E+03  1.89340E+03       1.02630E-01  1.96640E+03

  4.35125E-01  6.35890E-01  7.67155E-01  8.71140E-01  9.59775E-01       1.22340E-02  1.00000E+00
  3.77410E-01  5.78585E-01  7.19770E-01  8.39525E-01  9.48695E-01       2.90190E-02  1.00000E+00
  3.14475E-01  5.00395E-01  6.49150E-01  7.88005E-01  9.27440E-01       3.39490E-02  1.00000E+00
  2.60755E-01  4.21525E-01  5.64190E-01  7.13815E-01  8.82390E-01       2.54040E-02  1.00000E+00
  1.47510E-01  2.38390E-01  3.24265E-01  4.21325E-01  5.53270E-01       2.23510E-03  9.39650E-01

 -9.49452E-01 -5.84943E-01 -8.71000E-05  5.89985E-01  9.50950E-01      -1.00000E+00  1.00000E+00
 -9.50535E-01 -5.90273E-01 -5.69275E-04  5.85573E-01  9.50433E-01      -1.00000E+00  1.00000E+00
 -9.50937E-01 -5.96592E-01 -8.76883E-03  5.85505E-01  9.51295E-01      -1.00000E+00  1.00000E+00
 -9.51952E-01 -5.80245E-01 -2.27697E-03  5.83862E-01  9.50553E-01      -1.00000E+00  1.00000E+00
 -9.50878E-01 -5.91295E-01  2.85411E-03  5.90985E-01  9.50920E-01      -1.00000E+00  1.00000E+00
 -9.51882E-01 -5.95880E-01 -1.07350E-02  5.77722E-01  9.50093E-01      -1.00000E+00  1.00000E+00
 -9.52580E-01 -6.00495E-01 -8.90035E-03  5.85348E-01  9.51638E-01      -1.00000E+00  1.00000E+00
 -9.50892E-01 -5.89370E-01  2.76398E-03  5.88410E-01  9.52275E-01      -1.00000E+00  1.00000E+00
 -9.50760E-01 -5.81910E-01  1.45384E-02  6.00867E-01  9.51230E-01      -1.00000E+00  1.00000E+00
 -9.51468E-01 -5.81782E-01  5.49330E-03  5.93260E-01  9.51398E-01      -1.00000E+00  1.00000E+00
 -9.12732E-01 -5.15985E-01  1.15280E-01  6.70930E-01  9.63728E-01      -1.00000E+00  1.00000E+00
 -8.86073E-01 -4.14665E-01  2.27505E-01  7.19275E-01  9.68530E-01      -1.00000E+00  1.00000E+00
 -8.94745E-01 -4.06735E-01  2.12983E-01  7.09400E-01  9.66740E-01      -1.00000E+00  1.00000E+00
 -9.15038E-01 -4.57300E-01  1.82378E-01  6.95910E-01  9.65330E-01      -1.00000E+00  1.00000E+00
 -9.43502E-01 -5.36867E-01  9.11150E-02  6.51610E-01  9.61622E-01      -1.00000E+00  1.00000E+00
 -1.25025E-02  3.86078E-01  7.17082E-01  9.06762E-01  9.90165E-01      -9.24610E-01  1.00000E+00
  4.75225E-02  4.53222E-01  7.45440E-01  9.14027E-01  9.90945E-01      -9.24420E-01  1.00000E+00
  6.29850E-02  4.41135E-01  7.32930E-01  9.07625E-01  9.90050E-01      -9.79510E-01  1.00000E+00
  7.02800E-02  4.20268E-01  7.00430E-01  8.94300E-01  9.88105E-01      -9.99820E-01  1.00000E+00
 -5.87250E-02  3.66015E-01  6.56005E-01  8.71010E-01  9.84797E-01      -1.00000E+00  1.00000E+00
  7.18870E-01  8.57075E-01  9.39482E-01  9.80350E-01  9.97865E-01      -6.56970E-02  1.00000E+00
  7.32293E-01  8.65010E-01  9.41322E-01  9.81180E-01  9.98020E-01      -6.75680E-02  1.00000E+00
  7.45435E-01  8.70642E-01  9.38987E-01  9.79797E-01  9.97777E-01      -4.41190E-02  1.00000E+00
  7.67628E-01  8.86922E-01  9.45175E-01  9.80585E-01  9.97918E-01       8.07550E-03  1.00000E+00
  8.27700E-01  9.20425E-01  9.63805E-01  9.87915E-01  9.98703E-01       1.24170E-01  1.00000E+00


    4.   9.01   74. 183.84  2.00E+03  8.00E+01  8.25E-01  6.80E-01     5   0.00

  9.91530E+02  1.64720E+03  1.84150E+03  1.91710E+03  1.95740E+03       1.35910E-01  1.98010E+03

  4.03680E-01  6.03970E-01  7.41425E-01  8.53835E-01  9.53920E-01       1.70970E-02  1.00000E+00
  2.67060E-01  4.46585E-01  6.02390E-01  7.59910E-01  9.20710E-01       5.89250E-03  1.00000E+00
  1.90260E-01  3.20400E-01  4.55025E-01  6.16365E-01  8.02285E-01       9.00220E-03  9.99980E-01
  1.25505E-01  2.00785E-01  2.82585E-01  3.88010E-01  5.23520E-01       2.80740E-03  8.22580E-01
  7.40890E-02  1.15877E-01  1.56570E-01  2.05395E-01  2.74695E-01       3.26070E-04  5.17280E-01

 -9.52313E-01 -5.95130E-01 -8.68179E-03  5.81412E-01  9.50458E-01      -1.00000E+00  1.00000E+00
 -9.52067E-01 -5.93025E-01 -6.82006E-03  5.81500E-01  9.50333E-01      -1.00000E+00  1.00000E+00
 -9.51235E-01 -5.94588E-01 -2.36420E-03  5.90695E-01  9.50125E-01      -1.00000E+00  1.00000E+00
 -9.52048E-01 -5.91485E-01 -4.06760E-03  5.85895E-01  9.49858E-01      -1.00000E+00  1.00000E+00
 -9.50762E-01 -5.86255E-01  3.53368E-03  5.90960E-01  9.51150E-01      -1.00000E+00  1.00000E+00
 -6.90217E-01 -3.85817E-01  8.49850E-02  6.44323E-01  9.59447E-01      -1.00000E+00  1.00000E+00
 -6.75558E-01 -2.73143E-01  2.83212E-01  7.39468E-01  9.70805E-01      -1.00000E+00  1.00000E+00
 -7.00132E-01 -2.70206E-01  2.98366E-01  7.45003E-01  9.70492E-01      -1.00000E+00  1.00000E+00
 -8.09357E-01 -3.30504E-01  2.23125E-01  7.15630E-01  9.67952E-01      -1.00000E+00  1.00000E+00
 -9.17395E-01 -4.64745E-01  8.21350E-02  6.12385E-01  9.54830E-01      -1.00000E+00  1.00000E+00
  3.74870E-01  6.33265E-01  8.35957E-01  9.49770E-01  9.95018E-01      -4.48320E-01  1.00000E+00
  3.95848E-01  6.55955E-01  8.51320E-01  9.52773E-01  9.95132E-01      -4.34730E-01  1.00000E+00
  4.05270E-01  6.25860E-01  8.24123E-01  9.42218E-01  9.93953E-01      -7.06880E-01  1.00000E+00
  4.39900E-01  6.37338E-01  7.93410E-01  9.25525E-01  9.91982E-01      -4.85910E-01  1.00000E+00
  5.55717E-01  7.52015E-01  8.67622E-01  9.47252E-01  9.93618E-01      -9.99960E-01  1.00000E+00
  8.12298E-01  9.33997E-01  9.76830E-01  9.93385E-01  9.99335E-01       3.95870E-01  1.00000E+00
  8.08145E-01  9.20022E-01  9.69393E-01  9.90825E-01  9.99093E-01       3.82350E-01  1.00000E+00
  8.07790E-01  9.01038E-01  9.58918E-01  9.87075E-01  9.98637E-01       4.42920E-01  1.00000E+00
  8.31537E-01  9.00462E-01  9.50352E-01  9.83385E-01  9.98270E-01       4.84630E-01  1.00000E+00
  8.99170E-01  9.47938E-01  9.74045E-01  9.90290E-01  9.98903E-01       5.56080E-01  1.00000E+00
  9.53762E-01  9.81073E-01  9.92883E-01  9.97872E-01  9.99782E-01       8.10330E-01  1.00000E+00
  9.51672E-01  9.79105E-01  9.91567E-01  9.97315E-01  9.99742E-01       7.83510E-01  1.00000E+00
  9.51882E-01  9.77577E-01  9.90000E-01  9.96840E-01  9.99657E-01       7.97350E-01  1.00000E+00
  9.56240E-01  9.80027E-01  9.90805E-01  9.96805E-01  9.99637E-01       8.21430E-01  1.00000E+00
  9.69193E-01  9.85927E-01  9.93668E-01  9.97892E-01  9.99773E-01       8.52740E-01  1.00000E+00


    4.   9.01   74. 183.84  2.00E+03  8.50E+01  9.54E-01  8.96E-01     5   0.00

  1.75290E+03  1.92300E+03  1.95420E+03  1.96930E+03  1.97750E+03       3.39990E-01  1.98690E+03

  2.25760E-01  4.09005E-01  5.81325E-01  7.49640E-01  9.02190E-01       8.41870E-04  1.00000E+00
  1.04967E-01  1.73615E-01  2.63355E-01  3.93020E-01  5.47275E-01       6.40780E-04  8.20320E-01
  8.65665E-02  1.38645E-01  1.95230E-01  2.65500E-01  3.44880E-01       1.17740E-04  5.40060E-01
  6.55085E-02  9.69835E-02  1.24915E-01  1.57610E-01  2.04275E-01       1.48490E-04  3.43980E-01
  3.31120E-02  5.07980E-02  6.59280E-02  8.40935E-02  1.13769E-01       3.37210E-05  2.30380E-01

 -3.24307E-01  3.80250E-03  3.21732E-01  6.77562E-01  9.61732E-01      -1.00000E+00  1.00000E+00
 -3.37182E-01  2.15850E-02  3.58109E-01  7.52395E-01  9.73278E-01      -1.00000E+00  1.00000E+00
 -3.42992E-01  7.82250E-03  3.32861E-01  7.21302E-01  9.67840E-01      -1.00000E+00  1.00000E+00
 -3.31470E-01  1.74125E-02  3.44828E-01  7.19348E-01  9.66460E-01      -1.00000E+00  1.00000E+00
 -3.78163E-01 -1.10750E-02  3.45335E-01  7.26903E-01  9.67320E-01      -1.00000E+00  1.00000E+00
  8.64437E-01  9.66067E-01  9.90023E-01  9.97300E-01  9.99740E-01       3.49010E-01  1.00000E+00
  8.29325E-01  9.41498E-01  9.80243E-01  9.94538E-01  9.99472E-01       3.72070E-01  1.00000E+00
  8.09125E-01  9.03763E-01  9.62795E-01  9.88830E-01  9.98845E-01       4.46950E-01  1.00000E+00
  8.27295E-01  8.92757E-01  9.41673E-01  9.79715E-01  9.97788E-01       5.00100E-01  1.00000E+00
  9.01675E-01  9.48870E-01  9.73725E-01  9.90088E-01  9.98820E-01       5.63000E-01  1.00000E+00
  9.51612E-01  9.87197E-01  9.95883E-01  9.98850E-01  9.99885E-01       8.16190E-01  1.00000E+00
  9.41223E-01  9.78105E-01  9.92105E-01  9.97677E-01  9.99768E-01       8.28340E-01  1.00000E+00
  9.38050E-01  9.68998E-01  9.87440E-01  9.96185E-01  9.99605E-01       8.26530E-01  1.00000E+00
  9.48495E-01  9.70433E-01  9.84740E-01  9.94663E-01  9.99428E-01       8.34340E-01  1.00000E+00
  9.70900E-01  9.85877E-01  9.93265E-01  9.97603E-01  9.99733E-01       8.88130E-01  1.00000E+00
  9.82465E-01  9.93383E-01  9.97513E-01  9.99240E-01  9.99923E-01       9.28000E-01  1.00000E+00
  9.81977E-01  9.92812E-01  9.97047E-01  9.99053E-01  9.99900E-01       9.27170E-01  1.00000E+00
  9.81998E-01  9.92355E-01  9.96792E-01  9.98982E-01  9.99895E-01       9.32610E-01  1.00000E+00
  9.83450E-01  9.92220E-01  9.96640E-01  9.98877E-01  9.99880E-01       9.38780E-01  1.00000E+00
  9.88700E-01  9.94845E-01  9.97650E-01  9.99220E-01  9.99915E-01       9.47810E-01  1.00000E+00
  9.95567E-01  9.98330E-01  9.99308E-01  9.99777E-01  9.99978E-01       9.64640E-01  1.00000E+00
  9.95315E-01  9.98248E-01  9.99275E-01  9.99765E-01  9.99975E-01       9.67080E-01  1.00000E+00
  9.94907E-01  9.98048E-01  9.99182E-01  9.99737E-01  9.99970E-01       9.71810E-01  1.00000E+00
  9.94465E-01  9.97762E-01  9.99062E-01  9.99698E-01  9.99968E-01       9.68720E-01  1.00000E+00
  9.95173E-01  9.97950E-01  9.99103E-01  9.99700E-01  9.99967E-01       9.73540E-01  1.00000E+00


    4.   9.01   74. 183.84  5.00E+03  0.00E+00  3.83E-01  1.87E-01     5   0.00

  6.64660E+02  1.75350E+03  2.59100E+03  3.28780E+03  3.93770E+03       8.84930E-02  4.52770E+03

  4.40320E-01  6.42930E-01  7.73400E-01  8.75310E-01  9.61405E-01       6.26160E-03  1.00000E+00
  4.10040E-01  6.19805E-01  7.57585E-01  8.66210E-01  9.58500E-01       4.55600E-02  1.00000E+00
  3.98740E-01  6.11475E-01  7.50735E-01  8.62810E-01  9.57050E-01       3.19810E-02  1.00000E+00
  3.88330E-01  5.99975E-01  7.40115E-01  8.54540E-01  9.54165E-01       4.17480E-02  1.00000E+00
  3.12265E-01  4.99095E-01  6.41255E-01  7.73440E-01  9.13960E-01       3.32790E-02  1.00000E+00

 -9.51782E-01 -5.86228E-01  7.76153E-03  5.87385E-01  9.51925E-01      -1.00000E+00  1.00000E+00
 -9.49320E-01 -5.77032E-01  2.30130E-03  5.84390E-01  9.49890E-01      -1.00000E+00  1.00000E+00
 -9.48345E-01 -5.84050E-01  6.27919E-03  5.90590E-01  9.52210E-01      -1.00000E+00  1.00000E+00
 -9.52420E-01 -5.91778E-01 -7.06342E-03  5.79047E-01  9.48877E-01      -1.00000E+00  1.00000E+00
 -9.51277E-01 -5.94190E-01 -1.39438E-02  5.74688E-01  9.50680E-01      -1.00000E+00  1.00000E+00
 -9.53427E-01 -5.85788E-01 -6.22648E-03  5.79850E-01  9.49447E-01      -1.00000E+00  1.00000E+00
 -9.52128E-01 -5.82147E-01  1.52870E-03  5.87330E-01  9.51947E-01      -1.00000E+00  1.00000E+00
 -9.47005E-01 -5.80820E-01 -2.22808E-03  5.93643E-01  9.51802E-01      -1.00000E+00  1.00000E+00
 -9.52878E-01 -5.86645E-01  6.96523E-03  5.99573E-01  9.49618E-01      -1.00000E+00  9.99990E-01
 -9.52720E-01 -6.01460E-01 -2.63975E-02  5.75900E-01  9.51018E-01      -1.00000E+00  1.00000E+00
 -9.51497E-01 -5.84507E-01  2.93763E-03  5.84795E-01  9.50577E-01      -1.00000E+00  1.00000E+00
 -9.54990E-01 -5.91468E-01 -5.26867E-03  5.83718E-01  9.52758E-01      -1.00000E+00  1.00000E+00
 -9.50978E-01 -5.77320E-01  1.75152E-02  5.87900E-01  9.51213E-01      -1.00000E+00  1.00000E+00
 -9.50812E-01 -5.95185E-01 -3.95912E-03  5.88867E-01  9.52280E-01      -1.00000E+00  1.00000E+00
 -9.50793E-01 -5.82430E-01  4.60307E-03  5.95780E-01  9.49198E-01      -1.00000E+00  1.00000E+00
 -9.53165E-01 -5.92060E-01 -5.50873E-03  5.89270E-01  9.52110E-01      -1.00000E+00  1.00000E+00
 -9.51148E-01 -5.90483E-01 -1.11975E-02  5.83600E-01  9.48610E-01      -1.00000E+00  1.00000E+00
 -9.51110E-01 -5.91568E-01 -7.09157E-03  5.78857E-01  9.49770E-01      -1.00000E+00  1.00000E+00
 -9.51123E-01 -5.97780E-01  5.21900E-04  5.92318E-01  9.49268E-01      -1.00000E+00  1.00000E+00
 -9.49067E-01 -5.79660E-01  1.04860E-02  5.89613E-01  9.52222E-01      -1.00000E+00  1.00000E+00
 -9.50612E-01 -5.86442E-01  4.19108E-03  5.90377E-01  9.52760E-01      -1.00000E+00  1.00000E+00
 -9.51427E-01 -5.91435E-01  2.77900E-03  5.91368E-01  9.53135E-01      -1.00000E+00  1.00000E+00
 -9.50690E-01 -5.83615E-01  3.37329E-03  5.95485E-01  9.51940E-01      -1.00000E+00  1.00000E+00
 -9.50810E-01 -5.81967E-01  1.02660E-02  5.86218E-01  9.52033E-01      -1.00000E+00  1.00000E+00
 -9.52902E-01 -5.86405E-01 -5.08825E-04  5.90165E-01  9.50458E-01      -1.00000E+00  1.00000E+00


    4.   9.01   74. 183.84  5.00E+03  3.00E+01  4.28E-01  2.21E-01     5   0.00

  7.44430E+02  1.91360E+03  2.77100E+03  3.45400E+03  4.06420E+03       9.25890E-02  4.70950E+03

  4.36560E-01  6.39010E-01  7.70700E-01  8.74595E-01  9.61035E-01       2.21620E-02  1.00000E+00
  4.05625E-01  6.16215E-01  7.53725E-01  8.64390E-01  9.57630E-01       2.93890E-02  1.00000E+00
  3.92090E-01  6.03750E-01  7.44550E-01  8.57285E-01  9.55085E-01       4.44850E-02  9.99990E-01
  3.77305E-01  5.84815E-01  7.26735E-01  8.44550E-01  9.50170E-01       3.71210E-02  9.99990E-01
  2.89545E-01  4.68475E-01  6.07475E-01  7.41395E-01  8.92965E-01       1.46540E-02  1.00000E+00

 -9.51810E-01 -5.96858E-01 -1.62798E-02  5.80837E-01  9.49942E-01      -1.00000E+00  1.00000E+00
 -9.49717E-01 -5.90278E-01 -4.49890E-03  5.84945E-01  9.50787E-01      -1.00000E+00  1.00000E+00
 -9.51605E-01 -5.87285E-01 -9.10073E-03  5.85055E-01  9.49925E-01      -1.00000E+00  1.00000E+00
 -9.53810E-01 -5.93267E-01 -1.11443E-02  5.87917E-01  9.50557E-01      -1.00000E+00  1.00000E+00
 -9.52445E-01 -5.86115E-01 -2.21405E-03  5.85753E-01  9.51078E-01      -1.00000E+00  1.00000E+00
 -9.51560E-01 -5.89865E-01 -5.53664E-03  5.88928E-01  9.50800E-01      -1.00000E+00  1.00000E+00
 -9.52610E-01 -5.79473E-01  1.57751E-02  5.91457E-01  9.52645E-01      -1.00000E+00  1.00000E+00
 -9.50673E-01 -5.84603E-01  6.47942E-03  5.97117E-01  9.51847E-01      -1.00000E+00  1.00000E+00
 -9.51165E-01 -5.86708E-01 -5.47370E-03  5.82635E-01  9.50615E-01      -1.00000E+00  1.00000E+00
 -9.49533E-01 -5.80933E-01 -4.89013E-03  5.82895E-01  9.51710E-01      -1.00000E+00  1.00000E+00
 -9.49175E-01 -5.71090E-01  2.89032E-02  6.11385E-01  9.52895E-01      -1.00000E+00  1.00000E+00
 -9.47300E-01 -5.80693E-01  3.33687E-03  6.02220E-01  9.54550E-01      -1.00000E+00  1.00000E+00
 -9.47325E-01 -5.70453E-01  1.62890E-02  5.91965E-01  9.52940E-01      -1.00000E+00  1.00000E+00
 -9.50845E-01 -5.85385E-01  1.46612E-02  5.95225E-01  9.52052E-01      -1.00000E+00  1.00000E+00
 -9.48865E-01 -5.81353E-01  1.25140E-02  5.87553E-01  9.54347E-01      -1.00000E+00  1.00000E+00
 -9.36427E-01 -5.00578E-01  1.13810E-01  6.60663E-01  9.61443E-01      -1.00000E+00  1.00000E+00
 -9.40972E-01 -5.08162E-01  1.10892E-01  6.56382E-01  9.60865E-01      -1.00000E+00  1.00000E+00
 -9.42090E-01 -5.22702E-01  9.89888E-02  6.55265E-01  9.58777E-01      -1.00000E+00  1.00000E+00
 -9.45357E-01 -5.43225E-01  6.09577E-02  6.19345E-01  9.56420E-01      -1.00000E+00  1.00000E+00
 -9.46958E-01 -5.64673E-01  4.96765E-02  6.16173E-01  9.55063E-01      -1.00000E+00  1.00000E+00
 -7.14400E-01 -6.82500E-03  5.00533E-01  8.28022E-01  9.81680E-01      -1.00000E+00  1.00000E+00
 -6.71212E-01 -1.06250E-02  5.01430E-01  8.22653E-01  9.80827E-01      -1.00000E+00  1.00000E+00
 -6.63747E-01 -2.21925E-02  4.84990E-01  8.12937E-01  9.77835E-01      -1.00000E+00  1.00000E+00
 -6.28965E-01 -4.54800E-02  4.54055E-01  8.03273E-01  9.78735E-01      -1.00000E+00  1.00000E+00
 -6.56900E-01 -1.04902E-01  3.95579E-01  7.71397E-01  9.75400E-01      -1.00000E+00  1.00000E+00


    4.   9.01   74. 183.84  5.00E+03  4.50E+01  4.86E-01  2.70E-01     5   0.00

  8.68590E+02  2.14350E+03  3.01300E+03  3.67290E+03  4.23350E+03       9.79580E-03  4.80340E+03

  4.34120E-01  6.36635E-01  7.68110E-01  8.71980E-01  9.60325E-01       1.69100E-02  1.00000E+00
  4.00680E-01  6.11220E-01  7.50075E-01  8.61590E-01  9.56525E-01       3.32810E-02  9.99990E-01
  3.81905E-01  5.90790E-01  7.32790E-01  8.49275E-01  9.51890E-01       2.95780E-02  1.00000E+00
  3.53965E-01  5.54085E-01  6.98065E-01  8.23740E-01  9.41655E-01       3.45670E-02  1.00000E+00
  2.54025E-01  4.19455E-01  5.54310E-01  6.92230E-01  8.55255E-01       8.91500E-03  9.99990E-01

 -9.51725E-01 -5.89550E-01 -4.92075E-03  5.92010E-01  9.52950E-01      -1.00000E+00  1.00000E+00
 -9.51825E-01 -5.88303E-01 -8.81288E-03  5.83025E-01  9.50557E-01      -1.00000E+00  1.00000E+00
 -9.52417E-01 -5.95650E-01 -8.74642E-03  5.88973E-01  9.51367E-01      -1.00000E+00  1.00000E+00
 -9.52412E-01 -5.89705E-01 -3.37182E-03  5.86795E-01  9.49072E-01      -1.00000E+00  1.00000E+00
 -9.49715E-01 -5.71357E-01  2.87008E-02  6.07313E-01  9.52275E-01      -1.00000E+00  1.00000E+00
 -9.49048E-01 -5.77368E-01  8.52164E-03  5.85900E-01  9.54417E-01      -1.00000E+00  1.00000E+00
 -9.50662E-01 -5.87817E-01  2.95957E-03  5.87345E-01  9.51703E-01      -1.00000E+00  1.00000E+00
 -9.49658E-01 -5.88943E-01  8.70122E-03  5.91480E-01  9.53093E-01      -1.00000E+00  1.00000E+00
 -9.51095E-01 -5.88973E-01  2.58148E-03  5.90555E-01  9.51777E-01      -1.00000E+00  1.00000E+00
 -9.49788E-01 -5.87827E-01 -2.41493E-04  5.87917E-01  9.49705E-01      -1.00000E+00  1.00000E+00
 -9.43922E-01 -5.50528E-01  5.28750E-02  6.20777E-01  9.55790E-01      -1.00000E+00  1.00000E+00
 -9.45610E-01 -5.51052E-01  5.33670E-02  6.20445E-01  9.57012E-01      -1.00000E+00  1.00000E+00
 -9.48388E-01 -5.63878E-01  3.85757E-02  5.98938E-01  9.53600E-01      -1.00000E+00  1.00000E+00
 -9.47313E-01 -5.65995E-01  3.18678E-02  6.06300E-01  9.53170E-01      -1.00000E+00  1.00000E+00
 -9.47732E-01 -5.68590E-01  2.49427E-02  6.00825E-01  9.53952E-01      -1.00000E+00  1.00000E+00
 -9.16055E-01 -3.78915E-01  2.69232E-01  7.41835E-01  9.70620E-01      -1.00000E+00  1.00000E+00
 -9.20068E-01 -3.92058E-01  2.45065E-01  7.23208E-01  9.69195E-01      -1.00000E+00  1.00000E+00
 -9.24142E-01 -4.09142E-01  2.23885E-01  7.09148E-01  9.67705E-01      -1.00000E+00  1.00000E+00
 -9.29845E-01 -4.63647E-01  1.68843E-01  6.86055E-01  9.64377E-01      -1.00000E+00  1.00000E+00
 -9.41787E-01 -5.28237E-01  9.33707E-02  6.42575E-01  9.57065E-01      -1.00000E+00  1.00000E+00
 -2.83507E-01  2.88788E-01  6.76225E-01  8.92242E-01  9.88783E-01      -1.00000E+00  1.00000E+00
 -2.29328E-01  3.32911E-01  6.93067E-01  8.95247E-01  9.88812E-01      -1.00000E+00  1.00000E+00
 -2.24617E-01  3.27809E-01  6.87980E-01  8.93092E-01  9.89128E-01      -1.00000E+00  1.00000E+00
 -2.33567E-01  3.05105E-01  6.58833E-01  8.83085E-01  9.87445E-01      -1.00000E+00  1.00000E+00
 -2.81473E-01  2.28825E-01  6.03272E-01  8.54605E-01  9.83208E-01      -1.00000E+00  1.00000E+00


    4.   9.01   74. 183.84  5.00E+03  6.00E+01  5.71E-01  3.53E-01     5   0.00

  1.09300E+03  2.52680E+03  3.40580E+03  4.00040E+03  4.47960E+03       1.18520E-01  4.88100E+03

  4.26650E-01  6.31725E-01  7.64945E-01  8.70360E-01  9.59985E-01       2.87480E-02  1.00000E+00
  3.86850E-01  5.96105E-01  7.36875E-01  8.52405E-01  9.52915E-01       3.84430E-02  1.00000E+00
  3.49380E-01  5.51995E-01  6.97565E-01  8.23985E-01  9.42205E-01       3.76300E-02  9.99990E-01
  3.05025E-01  4.92075E-01  6.39050E-01  7.80785E-01  9.25410E-01       3.35750E-02  9.99990E-01
  2.03120E-01  3.38780E-01  4.58160E-01  5.89210E-01  7.61090E-01       2.38760E-03  9.99980E-01

 -9.50167E-01 -5.81532E-01  1.24582E-02  5.92880E-01  9.49747E-01      -1.00000E+00  1.00000E+00
 -9.51555E-01 -5.88860E-01 -6.44218E-03  5.80700E-01  9.48685E-01      -1.00000E+00  1.00000E+00
 -9.48700E-01 -5.88595E-01 -7.82390E-03  5.84017E-01  9.51525E-01      -1.00000E+00  1.00000E+00
 -9.52738E-01 -5.95732E-01 -1.09245E-02  5.81310E-01  9.49963E-01      -1.00000E+00  1.00000E+00
 -9.53065E-01 -5.85400E-01 -2.88810E-03  5.79908E-01  9.50887E-01      -1.00000E+00  1.00000E+00
 -9.51618E-01 -5.77437E-01  1.80085E-02  5.94535E-01  9.51945E-01      -1.00000E+00  1.00000E+00
 -9.48960E-01 -5.82893E-01  1.38803E-02  5.88085E-01  9.49815E-01      -1.00000E+00  1.00000E+00
 -9.48735E-01 -5.79375E-01  1.54016E-02  5.98788E-01  9.52107E-01      -1.00000E+00  1.00000E+00
 -9.50192E-01 -5.83455E-01  1.70691E-02  5.92165E-01  9.51295E-01      -1.00000E+00  1.00000E+00
 -9.48805E-01 -5.86353E-01  1.35002E-02  5.97768E-01  9.53515E-01      -1.00000E+00  1.00000E+00
 -9.35180E-01 -4.71787E-01  1.58485E-01  6.81667E-01  9.62680E-01      -1.00000E+00  1.00000E+00
 -9.31943E-01 -4.56373E-01  1.82472E-01  6.84715E-01  9.65048E-01      -1.00000E+00  1.00000E+00
 -9.33210E-01 -4.84325E-01  1.43955E-01  6.68420E-01  9.63512E-01      -1.00000E+00  1.00000E+00
 -9.40425E-01 -5.05820E-01  1.08539E-01  6.48740E-01  9.59005E-01      -1.00000E+00  1.00000E+00
 -9.43972E-01 -5.48475E-01  5.56342E-02  6.27700E-01  9.58745E-01      -1.00000E+00  1.00000E+00
 -7.63478E-01 -6.77225E-02  5.01902E-01  8.31888E-01  9.82797E-01      -1.00000E+00  1.00000E+00
 -7.24355E-01 -2.67875E-02  5.07738E-01  8.33163E-01  9.82465E-01      -1.00000E+00  1.00000E+00
 -7.38355E-01 -6.27580E-02  4.90672E-01  8.25143E-01  9.81220E-01      -1.00000E+00  1.00000E+00
 -8.02415E-01 -1.84273E-01  4.03922E-01  7.91162E-01  9.76248E-01      -1.00000E+00  1.00000E+00
 -8.96742E-01 -3.83773E-01  2.40205E-01  7.23243E-01  9.69178E-01      -1.00000E+00  1.00000E+00
  3.24810E-01  6.85358E-01  8.66490E-01  9.56977E-01  9.95523E-01      -9.96700E-01  1.00000E+00
  3.46710E-01  6.92142E-01  8.65003E-01  9.56465E-01  9.95227E-01      -8.23940E-01  1.00000E+00
  3.56394E-01  6.82630E-01  8.57525E-01  9.52260E-01  9.94873E-01      -8.44210E-01  1.00000E+00
  3.70582E-01  6.81617E-01  8.50580E-01  9.48178E-01  9.94155E-01      -9.07480E-01  1.00000E+00
  3.52132E-01  6.88260E-01  8.54812E-01  9.51125E-01  9.94837E-01      -9.99990E-01  1.00000E+00


    4.   9.01   74. 183.84  5.00E+03  7.00E+01  6.47E-01  4.39E-01     5   0.00

  1.37510E+03  2.94310E+03  3.79070E+03  4.29080E+03  4.67490E+03       7.21370E-02  4.92870E+03

  4.17220E-01  6.24705E-01  7.60280E-01  8.67370E-01  9.58830E-01       2.13290E-02  1.00000E+00
  3.65055E-01  5.72295E-01  7.16840E-01  8.37305E-01  9.47360E-01       3.28540E-02  1.00000E+00
  3.03635E-01  4.91065E-01  6.39400E-01  7.79765E-01  9.23385E-01       3.65030E-02  1.00000E+00
  2.52045E-01  4.16420E-01  5.61940E-01  7.16455E-01  8.94570E-01       3.19680E-02  1.00000E+00
  1.48475E-01  2.50500E-01  3.47050E-01  4.60575E-01  6.19130E-01       3.41240E-04  9.96980E-01

 -9.52028E-01 -5.92025E-01 -1.62200E-03  5.89100E-01  9.49472E-01      -1.00000E+00  1.00000E+00
 -9.51120E-01 -5.82180E-01  5.41340E-03  5.86233E-01  9.51420E-01      -1.00000E+00  1.00000E+00
 -9.49830E-01 -5.86183E-01  9.32137E-03  5.92248E-01  9.53082E-01      -1.00000E+00  1.00000E+00
 -9.53285E-01 -5.94880E-01  2.15255E-03  5.90430E-01  9.51977E-01      -1.00000E+00  1.00000E+00
 -9.49553E-01 -5.80555E-01  8.53410E-03  5.93468E-01  9.52675E-01      -1.00000E+00  1.00000E+00
 -9.46045E-01 -5.44617E-01  5.61065E-02  6.31493E-01  9.57653E-01      -1.00000E+00  1.00000E+00
 -9.43883E-01 -5.48355E-01  6.78835E-02  6.23943E-01  9.56658E-01      -1.00000E+00  1.00000E+00
 -9.45688E-01 -5.56830E-01  4.17546E-02  6.11693E-01  9.54597E-01      -1.00000E+00  1.00000E+00
 -9.47708E-01 -5.73577E-01  3.32537E-02  6.11687E-01  9.54685E-01      -1.00000E+00  1.00000E+00
 -9.48113E-01 -5.58975E-01  4.11342E-02  6.09690E-01  9.53763E-01      -1.00000E+00  1.00000E+00
 -9.15458E-01 -3.34630E-01  3.33365E-01  7.67845E-01  9.75070E-01      -1.00000E+00  1.00000E+00
 -9.01635E-01 -2.95520E-01  3.38600E-01  7.66865E-01  9.73735E-01      -1.00000E+00  1.00000E+00
 -9.01258E-01 -2.98813E-01  3.33130E-01  7.60840E-01  9.74257E-01      -1.00000E+00  1.00000E+00
 -9.12728E-01 -3.53195E-01  2.81177E-01  7.39500E-01  9.71555E-01      -1.00000E+00  1.00000E+00
 -9.30192E-01 -4.57440E-01  1.64308E-01  6.80142E-01  9.64248E-01      -1.00000E+00  1.00000E+00
 -1.79711E-01  4.07317E-01  7.49957E-01  9.19848E-01  9.91695E-01      -9.99450E-01  1.00000E+00
 -1.28183E-01  4.39230E-01  7.55622E-01  9.20332E-01  9.91273E-01      -9.99480E-01  1.00000E+00
 -1.60232E-01  3.82900E-01  7.22600E-01  9.07190E-01  9.90225E-01      -1.00000E+00  1.00000E+00
 -2.37812E-01  2.88224E-01  6.63628E-01  8.86613E-01  9.87938E-01      -1.00000E+00  1.00000E+00
 -4.15276E-01  8.25625E-02  5.19962E-01  8.28782E-01  9.81143E-01      -1.00000E+00  1.00000E+00
  6.48097E-01  8.50145E-01  9.38512E-01  9.80783E-01  9.97997E-01      -3.42270E-01  1.00000E+00
  6.55765E-01  8.50002E-01  9.37258E-01  9.80282E-01  9.97850E-01      -3.77020E-01  1.00000E+00
  6.61940E-01  8.42662E-01  9.31922E-01  9.78183E-01  9.97690E-01      -3.01710E-01  1.00000E+00
  6.74967E-01  8.42488E-01  9.27900E-01  9.75635E-01  9.97452E-01      -2.22650E-01  1.00000E+00
  7.34030E-01  8.74030E-01  9.42600E-01  9.80635E-01  9.97800E-01      -2.50960E-01  1.00000E+00


    4.   9.01   74. 183.84  5.00E+03  8.00E+01  7.60E-01  5.92E-01     5   0.00

  2.00990E+03  3.72850E+03  4.37980E+03  4.69700E+03  4.86930E+03       1.04790E-01  4.96120E+03

  4.00265E-01  6.07220E-01  7.46570E-01  8.58045E-01  9.55615E-01       1.81450E-02  1.00000E+00
  2.91190E-01  4.76630E-01  6.25635E-01  7.69435E-01  9.19790E-01       3.41450E-02  1.00000E+00
  2.11255E-01  3.59965E-01  5.05995E-01  6.74180E-01  8.79375E-01       2.55070E-02  1.00000E+00
  1.40680E-01  2.38565E-01  3.42005E-01  4.74235E-01  6.63085E-01       3.43870E-03  9.94970E-01
  7.23970E-02  1.23482E-01  1.77725E-01  2.47765E-01  3.52865E-01       5.52930E-04  7.04270E-01

 -9.47720E-01 -5.74565E-01  1.85514E-02  5.93902E-01  9.52948E-01      -1.00000E+00  1.00000E+00
 -9.50685E-01 -5.81298E-01  7.90095E-03  5.92700E-01  9.51635E-01      -1.00000E+00  1.00000E+00
 -9.50230E-01 -5.86488E-01 -5.81675E-04  5.89337E-01  9.50980E-01      -1.00000E+00  1.00000E+00
 -9.49095E-01 -5.69800E-01  1.64272E-02  5.88300E-01  9.52115E-01      -1.00000E+00  1.00000E+00
 -9.51780E-01 -5.87055E-01 -2.63503E-03  5.88222E-01  9.52292E-01      -1.00000E+00  1.00000E+00
 -9.33400E-01 -4.61917E-01  2.20820E-01  7.24000E-01  9.69455E-01      -1.00000E+00  1.00000E+00
 -9.15427E-01 -3.60690E-01  2.83988E-01  7.44685E-01  9.71585E-01      -1.00000E+00  1.00000E+00
 -9.15555E-01 -3.47263E-01  2.84785E-01  7.41437E-01  9.70225E-01      -1.00000E+00  1.00000E+00
 -9.20395E-01 -3.87460E-01  2.51128E-01  7.28895E-01  9.70477E-01      -1.00000E+00  1.00000E+00
 -9.32545E-01 -4.82440E-01  1.40838E-01  6.69400E-01  9.63405E-01      -1.00000E+00  1.00000E+00
 -4.01600E-02  4.79237E-01  7.95137E-01  9.36708E-01  9.93472E-01      -9.96330E-01  1.00000E+00
 -1.43825E-02  5.12590E-01  7.95290E-01  9.35330E-01  9.93140E-01      -9.67590E-01  1.00000E+00
 -5.14025E-02  4.42945E-01  7.58115E-01  9.21708E-01  9.91618E-01      -9.74700E-01  1.00000E+00
 -1.60753E-01  3.09187E-01  6.82610E-01  8.94788E-01  9.89123E-01      -1.00000E+00  1.00000E+00
 -3.41390E-01  1.03435E-01  4.97312E-01  8.16917E-01  9.79110E-01      -1.00000E+00  1.00000E+00
  6.44900E-01  8.73090E-01  9.54712E-01  9.86472E-01  9.98660E-01      -2.34430E-02  1.00000E+00
  6.49835E-01  8.64360E-01  9.47225E-01  9.83660E-01  9.98290E-01      -2.04720E-01  1.00000E+00
  6.47398E-01  8.38577E-01  9.33932E-01  9.79057E-01  9.97830E-01      -1.85600E-01  1.00000E+00
  6.55012E-01  8.16018E-01  9.18247E-01  9.73102E-01  9.97125E-01       9.08550E-03  1.00000E+00
  7.43315E-01  8.64060E-01  9.32933E-01  9.76298E-01  9.97483E-01      -1.04530E-01  1.00000E+00
  9.25645E-01  9.76373E-01  9.91505E-01  9.97485E-01  9.99745E-01       6.22910E-01  1.00000E+00
  9.17760E-01  9.69063E-01  9.88152E-01  9.96417E-01  9.99628E-01       5.82630E-01  1.00000E+00
  9.11840E-01  9.62402E-01  9.84792E-01  9.95270E-01  9.99507E-01       6.17920E-01  1.00000E+00
  9.14135E-01  9.59985E-01  9.81908E-01  9.94005E-01  9.99360E-01       6.40010E-01  1.00000E+00
  9.37110E-01  9.71190E-01  9.87025E-01  9.95600E-01  9.99525E-01       6.89430E-01  1.00000E+00


    4.   9.01   74. 183.84  5.00E+03  8.50E+01  8.79E-01  7.79E-01     5   0.00

  3.28320E+03  4.59980E+03  4.82120E+03  4.89460E+03  4.93890E+03       9.89410E-02  4.97230E+03

  3.19750E-01  5.16605E-01  6.63805E-01  7.98010E-01  9.30680E-01       2.28990E-02  1.00000E+00
  1.49665E-01  2.70730E-01  4.08970E-01  5.87310E-01  8.10645E-01       4.13150E-03  1.00000E+00
  8.02090E-02  1.35640E-01  2.06330E-01  3.16295E-01  4.95245E-01       1.86850E-03  7.89750E-01
  6.24410E-02  1.02166E-01  1.47860E-01  2.12550E-01  3.12645E-01       8.92150E-04  5.44040E-01
  3.35740E-02  5.50225E-02  7.63825E-02  1.05265E-01  1.55095E-01       1.61970E-04  3.32030E-01

 -9.36570E-01 -5.31940E-01  7.98915E-02  6.53772E-01  9.60252E-01      -1.00000E+00  1.00000E+00
 -9.26532E-01 -4.60775E-01  1.81671E-01  6.89985E-01  9.65947E-01      -1.00000E+00  1.00000E+00
 -9.28840E-01 -4.71695E-01  1.58392E-01  6.79907E-01  9.64272E-01      -1.00000E+00  1.00000E+00
 -9.36660E-01 -5.06195E-01  1.25276E-01  6.65540E-01  9.61770E-01      -1.00000E+00  1.00000E+00
 -9.45218E-01 -5.42207E-01  7.91924E-02  6.38090E-01  9.58433E-01      -1.00000E+00  1.00000E+00
  3.33771E-01  6.65968E-01  8.72718E-01  9.65877E-01  9.96668E-01      -8.29090E-01  1.00000E+00
  3.34918E-01  6.81960E-01  8.77043E-01  9.63105E-01  9.96330E-01      -8.17540E-01  1.00000E+00
  3.03098E-01  6.13513E-01  8.35337E-01  9.49088E-01  9.94795E-01      -8.94300E-01  1.00000E+00
  2.50157E-01  5.60070E-01  7.66247E-01  9.22968E-01  9.91885E-01      -8.52680E-01  1.00000E+00
  9.51200E-02  5.07274E-01  7.44133E-01  8.99810E-01  9.88530E-01      -1.00000E+00  1.00000E+00
  8.97405E-01  9.75880E-01  9.92410E-01  9.97930E-01  9.99797E-01       4.85900E-01  1.00000E+00
  8.73572E-01  9.63910E-01  9.87635E-01  9.96380E-01  9.99655E-01       4.88630E-01  1.00000E+00
  8.40988E-01  9.42240E-01  9.78662E-01  9.93727E-01  9.99370E-01       4.77360E-01  1.00000E+00
  8.32130E-01  9.11847E-01  9.62805E-01  9.88642E-01  9.98803E-01       5.11460E-01  1.00000E+00
  8.90795E-01  9.40340E-01  9.69518E-01  9.89027E-01  9.98757E-01       6.08850E-01  1.00000E+00
  9.64905E-01  9.90880E-01  9.96860E-01  9.99075E-01  9.99907E-01       8.07730E-01  1.00000E+00
  9.54890E-01  9.86528E-01  9.95132E-01  9.98522E-01  9.99848E-01       8.07700E-01  1.00000E+00
  9.45538E-01  9.80370E-01  9.92660E-01  9.97760E-01  9.99767E-01       7.72430E-01  1.00000E+00
  9.44005E-01  9.73593E-01  9.88757E-01  9.96455E-01  9.99620E-01       8.02480E-01  1.00000E+00
  9.61923E-01  9.81357E-01  9.91228E-01  9.96960E-01  9.99685E-01       8.31150E-01  1.00000E+00
  9.91742E-01  9.97315E-01  9.98957E-01  9.99675E-01  9.99968E-01       9.22060E-01  1.00000E+00
  9.90207E-01  9.96687E-01  9.98713E-01  9.99588E-01  9.99960E-01       9.23030E-01  1.00000E+00
  9.88065E-01  9.95727E-01  9.98282E-01  9.99467E-01  9.99942E-01       9.28500E-01  1.00000E+00
  9.86532E-01  9.94563E-01  9.97728E-01  9.99270E-01  9.99925E-01       9.31100E-01  1.00000E+00
  9.87620E-01  9.94827E-01  9.97793E-01  9.99262E-01  9.99920E-01       9.40230E-01  1.00000E+00



