Cr_on_Mo_5.46    also includes: pdf boundaries emin,emax, angmin, angmax....       
 
*  projectile surface binding energy parameter: 5.46 eV     
*  parameter esbparm only added in first of the 84 blocks
 
 
   24.  52.00   42.  95.94  1.00E+00  0.00E+00  0.00E+00  5.46E+00  5  0.

  0.00000E+00  0.00000E+00  0.00000E+00  0.00000E+00  0.00000E+00

  0.00000E+00  0.00000E+00  0.00000E+00  0.00000E+00  0.00000E+00
  0.00000E+00  0.00000E+00  0.00000E+00  0.00000E+00  0.00000E+00
  0.00000E+00  0.00000E+00  0.00000E+00  0.00000E+00  0.00000E+00
  0.00000E+00  0.00000E+00  0.00000E+00  0.00000E+00  0.00000E+00
  0.00000E+00  0.00000E+00  0.00000E+00  0.00000E+00  0.00000E+00

  0.00000E+00  0.00000E+00  0.00000E+00  0.00000E+00  0.00000E+00
  0.00000E+00  0.00000E+00  0.00000E+00  0.00000E+00  0.00000E+00
  0.00000E+00  0.00000E+00  0.00000E+00  0.00000E+00  0.00000E+00
  0.00000E+00  0.00000E+00  0.00000E+00  0.00000E+00  0.00000E+00
  0.00000E+00  0.00000E+00  0.00000E+00  0.00000E+00  0.00000E+00
  0.00000E+00  0.00000E+00  0.00000E+00  0.00000E+00  0.00000E+00
  0.00000E+00  0.00000E+00  0.00000E+00  0.00000E+00  0.00000E+00
  0.00000E+00  0.00000E+00  0.00000E+00  0.00000E+00  0.00000E+00
  0.00000E+00  0.00000E+00  0.00000E+00  0.00000E+00  0.00000E+00
  0.00000E+00  0.00000E+00  0.00000E+00  0.00000E+00  0.00000E+00
  0.00000E+00  0.00000E+00  0.00000E+00  0.00000E+00  0.00000E+00
  0.00000E+00  0.00000E+00  0.00000E+00  0.00000E+00  0.00000E+00
  0.00000E+00  0.00000E+00  0.00000E+00  0.00000E+00  0.00000E+00
  0.00000E+00  0.00000E+00  0.00000E+00  0.00000E+00  0.00000E+00
  0.00000E+00  0.00000E+00  0.00000E+00  0.00000E+00  0.00000E+00
  0.00000E+00  0.00000E+00  0.00000E+00  0.00000E+00  0.00000E+00
  0.00000E+00  0.00000E+00  0.00000E+00  0.00000E+00  0.00000E+00
  0.00000E+00  0.00000E+00  0.00000E+00  0.00000E+00  0.00000E+00
  0.00000E+00  0.00000E+00  0.00000E+00  0.00000E+00  0.00000E+00
  0.00000E+00  0.00000E+00  0.00000E+00  0.00000E+00  0.00000E+00
  0.00000E+00  0.00000E+00  0.00000E+00  0.00000E+00  0.00000E+00
  0.00000E+00  0.00000E+00  0.00000E+00  0.00000E+00  0.00000E+00
  0.00000E+00  0.00000E+00  0.00000E+00  0.00000E+00  0.00000E+00
  0.00000E+00  0.00000E+00  0.00000E+00  0.00000E+00  0.00000E+00
  0.00000E+00  0.00000E+00  0.00000E+00  0.00000E+00  0.00000E+00


   24.  52.00   42.  95.94  1.00E+00  3.00E+01  0.00E+00

  0.00000E+00  0.00000E+00  0.00000E+00  0.00000E+00  0.00000E+00

  0.00000E+00  0.00000E+00  0.00000E+00  0.00000E+00  0.00000E+00
  0.00000E+00  0.00000E+00  0.00000E+00  0.00000E+00  0.00000E+00
  0.00000E+00  0.00000E+00  0.00000E+00  0.00000E+00  0.00000E+00
  0.00000E+00  0.00000E+00  0.00000E+00  0.00000E+00  0.00000E+00
  0.00000E+00  0.00000E+00  0.00000E+00  0.00000E+00  0.00000E+00

  0.00000E+00  0.00000E+00  0.00000E+00  0.00000E+00  0.00000E+00
  0.00000E+00  0.00000E+00  0.00000E+00  0.00000E+00  0.00000E+00
  0.00000E+00  0.00000E+00  0.00000E+00  0.00000E+00  0.00000E+00
  0.00000E+00  0.00000E+00  0.00000E+00  0.00000E+00  0.00000E+00
  0.00000E+00  0.00000E+00  0.00000E+00  0.00000E+00  0.00000E+00
  0.00000E+00  0.00000E+00  0.00000E+00  0.00000E+00  0.00000E+00
  0.00000E+00  0.00000E+00  0.00000E+00  0.00000E+00  0.00000E+00
  0.00000E+00  0.00000E+00  0.00000E+00  0.00000E+00  0.00000E+00
  0.00000E+00  0.00000E+00  0.00000E+00  0.00000E+00  0.00000E+00
  0.00000E+00  0.00000E+00  0.00000E+00  0.00000E+00  0.00000E+00
  0.00000E+00  0.00000E+00  0.00000E+00  0.00000E+00  0.00000E+00
  0.00000E+00  0.00000E+00  0.00000E+00  0.00000E+00  0.00000E+00
  0.00000E+00  0.00000E+00  0.00000E+00  0.00000E+00  0.00000E+00
  0.00000E+00  0.00000E+00  0.00000E+00  0.00000E+00  0.00000E+00
  0.00000E+00  0.00000E+00  0.00000E+00  0.00000E+00  0.00000E+00
  0.00000E+00  0.00000E+00  0.00000E+00  0.00000E+00  0.00000E+00
  0.00000E+00  0.00000E+00  0.00000E+00  0.00000E+00  0.00000E+00
  0.00000E+00  0.00000E+00  0.00000E+00  0.00000E+00  0.00000E+00
  0.00000E+00  0.00000E+00  0.00000E+00  0.00000E+00  0.00000E+00
  0.00000E+00  0.00000E+00  0.00000E+00  0.00000E+00  0.00000E+00
  0.00000E+00  0.00000E+00  0.00000E+00  0.00000E+00  0.00000E+00
  0.00000E+00  0.00000E+00  0.00000E+00  0.00000E+00  0.00000E+00
  0.00000E+00  0.00000E+00  0.00000E+00  0.00000E+00  0.00000E+00
  0.00000E+00  0.00000E+00  0.00000E+00  0.00000E+00  0.00000E+00
  0.00000E+00  0.00000E+00  0.00000E+00  0.00000E+00  0.00000E+00


   24.  52.00   42.  95.94  1.00E+00  4.50E+01  0.00E+00

  0.00000E+00  0.00000E+00  0.00000E+00  0.00000E+00  0.00000E+00

  0.00000E+00  0.00000E+00  0.00000E+00  0.00000E+00  0.00000E+00
  0.00000E+00  0.00000E+00  0.00000E+00  0.00000E+00  0.00000E+00
  0.00000E+00  0.00000E+00  0.00000E+00  0.00000E+00  0.00000E+00
  0.00000E+00  0.00000E+00  0.00000E+00  0.00000E+00  0.00000E+00
  0.00000E+00  0.00000E+00  0.00000E+00  0.00000E+00  0.00000E+00

  0.00000E+00  0.00000E+00  0.00000E+00  0.00000E+00  0.00000E+00
  0.00000E+00  0.00000E+00  0.00000E+00  0.00000E+00  0.00000E+00
  0.00000E+00  0.00000E+00  0.00000E+00  0.00000E+00  0.00000E+00
  0.00000E+00  0.00000E+00  0.00000E+00  0.00000E+00  0.00000E+00
  0.00000E+00  0.00000E+00  0.00000E+00  0.00000E+00  0.00000E+00
  0.00000E+00  0.00000E+00  0.00000E+00  0.00000E+00  0.00000E+00
  0.00000E+00  0.00000E+00  0.00000E+00  0.00000E+00  0.00000E+00
  0.00000E+00  0.00000E+00  0.00000E+00  0.00000E+00  0.00000E+00
  0.00000E+00  0.00000E+00  0.00000E+00  0.00000E+00  0.00000E+00
  0.00000E+00  0.00000E+00  0.00000E+00  0.00000E+00  0.00000E+00
  0.00000E+00  0.00000E+00  0.00000E+00  0.00000E+00  0.00000E+00
  0.00000E+00  0.00000E+00  0.00000E+00  0.00000E+00  0.00000E+00
  0.00000E+00  0.00000E+00  0.00000E+00  0.00000E+00  0.00000E+00
  0.00000E+00  0.00000E+00  0.00000E+00  0.00000E+00  0.00000E+00
  0.00000E+00  0.00000E+00  0.00000E+00  0.00000E+00  0.00000E+00
  0.00000E+00  0.00000E+00  0.00000E+00  0.00000E+00  0.00000E+00
  0.00000E+00  0.00000E+00  0.00000E+00  0.00000E+00  0.00000E+00
  0.00000E+00  0.00000E+00  0.00000E+00  0.00000E+00  0.00000E+00
  0.00000E+00  0.00000E+00  0.00000E+00  0.00000E+00  0.00000E+00
  0.00000E+00  0.00000E+00  0.00000E+00  0.00000E+00  0.00000E+00
  0.00000E+00  0.00000E+00  0.00000E+00  0.00000E+00  0.00000E+00
  0.00000E+00  0.00000E+00  0.00000E+00  0.00000E+00  0.00000E+00
  0.00000E+00  0.00000E+00  0.00000E+00  0.00000E+00  0.00000E+00
  0.00000E+00  0.00000E+00  0.00000E+00  0.00000E+00  0.00000E+00
  0.00000E+00  0.00000E+00  0.00000E+00  0.00000E+00  0.00000E+00


   24.  52.00   42.  95.94  1.00E+00  6.00E+01  0.00E+00

  0.00000E+00  0.00000E+00  0.00000E+00  0.00000E+00  0.00000E+00

  0.00000E+00  0.00000E+00  0.00000E+00  0.00000E+00  0.00000E+00
  0.00000E+00  0.00000E+00  0.00000E+00  0.00000E+00  0.00000E+00
  0.00000E+00  0.00000E+00  0.00000E+00  0.00000E+00  0.00000E+00
  0.00000E+00  0.00000E+00  0.00000E+00  0.00000E+00  0.00000E+00
  0.00000E+00  0.00000E+00  0.00000E+00  0.00000E+00  0.00000E+00

  0.00000E+00  0.00000E+00  0.00000E+00  0.00000E+00  0.00000E+00
  0.00000E+00  0.00000E+00  0.00000E+00  0.00000E+00  0.00000E+00
  0.00000E+00  0.00000E+00  0.00000E+00  0.00000E+00  0.00000E+00
  0.00000E+00  0.00000E+00  0.00000E+00  0.00000E+00  0.00000E+00
  0.00000E+00  0.00000E+00  0.00000E+00  0.00000E+00  0.00000E+00
  0.00000E+00  0.00000E+00  0.00000E+00  0.00000E+00  0.00000E+00
  0.00000E+00  0.00000E+00  0.00000E+00  0.00000E+00  0.00000E+00
  0.00000E+00  0.00000E+00  0.00000E+00  0.00000E+00  0.00000E+00
  0.00000E+00  0.00000E+00  0.00000E+00  0.00000E+00  0.00000E+00
  0.00000E+00  0.00000E+00  0.00000E+00  0.00000E+00  0.00000E+00
  0.00000E+00  0.00000E+00  0.00000E+00  0.00000E+00  0.00000E+00
  0.00000E+00  0.00000E+00  0.00000E+00  0.00000E+00  0.00000E+00
  0.00000E+00  0.00000E+00  0.00000E+00  0.00000E+00  0.00000E+00
  0.00000E+00  0.00000E+00  0.00000E+00  0.00000E+00  0.00000E+00
  0.00000E+00  0.00000E+00  0.00000E+00  0.00000E+00  0.00000E+00
  0.00000E+00  0.00000E+00  0.00000E+00  0.00000E+00  0.00000E+00
  0.00000E+00  0.00000E+00  0.00000E+00  0.00000E+00  0.00000E+00
  0.00000E+00  0.00000E+00  0.00000E+00  0.00000E+00  0.00000E+00
  0.00000E+00  0.00000E+00  0.00000E+00  0.00000E+00  0.00000E+00
  0.00000E+00  0.00000E+00  0.00000E+00  0.00000E+00  0.00000E+00
  0.00000E+00  0.00000E+00  0.00000E+00  0.00000E+00  0.00000E+00
  0.00000E+00  0.00000E+00  0.00000E+00  0.00000E+00  0.00000E+00
  0.00000E+00  0.00000E+00  0.00000E+00  0.00000E+00  0.00000E+00
  0.00000E+00  0.00000E+00  0.00000E+00  0.00000E+00  0.00000E+00
  0.00000E+00  0.00000E+00  0.00000E+00  0.00000E+00  0.00000E+00


   24.  52.00   42.  95.94  1.00E+00  7.00E+01  0.00E+00

  0.00000E+00  0.00000E+00  0.00000E+00  0.00000E+00  0.00000E+00

  0.00000E+00  0.00000E+00  0.00000E+00  0.00000E+00  0.00000E+00
  0.00000E+00  0.00000E+00  0.00000E+00  0.00000E+00  0.00000E+00
  0.00000E+00  0.00000E+00  0.00000E+00  0.00000E+00  0.00000E+00
  0.00000E+00  0.00000E+00  0.00000E+00  0.00000E+00  0.00000E+00
  0.00000E+00  0.00000E+00  0.00000E+00  0.00000E+00  0.00000E+00

  0.00000E+00  0.00000E+00  0.00000E+00  0.00000E+00  0.00000E+00
  0.00000E+00  0.00000E+00  0.00000E+00  0.00000E+00  0.00000E+00
  0.00000E+00  0.00000E+00  0.00000E+00  0.00000E+00  0.00000E+00
  0.00000E+00  0.00000E+00  0.00000E+00  0.00000E+00  0.00000E+00
  0.00000E+00  0.00000E+00  0.00000E+00  0.00000E+00  0.00000E+00
  0.00000E+00  0.00000E+00  0.00000E+00  0.00000E+00  0.00000E+00
  0.00000E+00  0.00000E+00  0.00000E+00  0.00000E+00  0.00000E+00
  0.00000E+00  0.00000E+00  0.00000E+00  0.00000E+00  0.00000E+00
  0.00000E+00  0.00000E+00  0.00000E+00  0.00000E+00  0.00000E+00
  0.00000E+00  0.00000E+00  0.00000E+00  0.00000E+00  0.00000E+00
  0.00000E+00  0.00000E+00  0.00000E+00  0.00000E+00  0.00000E+00
  0.00000E+00  0.00000E+00  0.00000E+00  0.00000E+00  0.00000E+00
  0.00000E+00  0.00000E+00  0.00000E+00  0.00000E+00  0.00000E+00
  0.00000E+00  0.00000E+00  0.00000E+00  0.00000E+00  0.00000E+00
  0.00000E+00  0.00000E+00  0.00000E+00  0.00000E+00  0.00000E+00
  0.00000E+00  0.00000E+00  0.00000E+00  0.00000E+00  0.00000E+00
  0.00000E+00  0.00000E+00  0.00000E+00  0.00000E+00  0.00000E+00
  0.00000E+00  0.00000E+00  0.00000E+00  0.00000E+00  0.00000E+00
  0.00000E+00  0.00000E+00  0.00000E+00  0.00000E+00  0.00000E+00
  0.00000E+00  0.00000E+00  0.00000E+00  0.00000E+00  0.00000E+00
  0.00000E+00  0.00000E+00  0.00000E+00  0.00000E+00  0.00000E+00
  0.00000E+00  0.00000E+00  0.00000E+00  0.00000E+00  0.00000E+00
  0.00000E+00  0.00000E+00  0.00000E+00  0.00000E+00  0.00000E+00
  0.00000E+00  0.00000E+00  0.00000E+00  0.00000E+00  0.00000E+00
  0.00000E+00  0.00000E+00  0.00000E+00  0.00000E+00  0.00000E+00


   24.  52.00   42.  95.94  1.00E+00  8.00E+01  0.00E+00

  0.00000E+00  0.00000E+00  0.00000E+00  0.00000E+00  0.00000E+00

  0.00000E+00  0.00000E+00  0.00000E+00  0.00000E+00  0.00000E+00
  0.00000E+00  0.00000E+00  0.00000E+00  0.00000E+00  0.00000E+00
  0.00000E+00  0.00000E+00  0.00000E+00  0.00000E+00  0.00000E+00
  0.00000E+00  0.00000E+00  0.00000E+00  0.00000E+00  0.00000E+00
  0.00000E+00  0.00000E+00  0.00000E+00  0.00000E+00  0.00000E+00

  0.00000E+00  0.00000E+00  0.00000E+00  0.00000E+00  0.00000E+00
  0.00000E+00  0.00000E+00  0.00000E+00  0.00000E+00  0.00000E+00
  0.00000E+00  0.00000E+00  0.00000E+00  0.00000E+00  0.00000E+00
  0.00000E+00  0.00000E+00  0.00000E+00  0.00000E+00  0.00000E+00
  0.00000E+00  0.00000E+00  0.00000E+00  0.00000E+00  0.00000E+00
  0.00000E+00  0.00000E+00  0.00000E+00  0.00000E+00  0.00000E+00
  0.00000E+00  0.00000E+00  0.00000E+00  0.00000E+00  0.00000E+00
  0.00000E+00  0.00000E+00  0.00000E+00  0.00000E+00  0.00000E+00
  0.00000E+00  0.00000E+00  0.00000E+00  0.00000E+00  0.00000E+00
  0.00000E+00  0.00000E+00  0.00000E+00  0.00000E+00  0.00000E+00
  0.00000E+00  0.00000E+00  0.00000E+00  0.00000E+00  0.00000E+00
  0.00000E+00  0.00000E+00  0.00000E+00  0.00000E+00  0.00000E+00
  0.00000E+00  0.00000E+00  0.00000E+00  0.00000E+00  0.00000E+00
  0.00000E+00  0.00000E+00  0.00000E+00  0.00000E+00  0.00000E+00
  0.00000E+00  0.00000E+00  0.00000E+00  0.00000E+00  0.00000E+00
  0.00000E+00  0.00000E+00  0.00000E+00  0.00000E+00  0.00000E+00
  0.00000E+00  0.00000E+00  0.00000E+00  0.00000E+00  0.00000E+00
  0.00000E+00  0.00000E+00  0.00000E+00  0.00000E+00  0.00000E+00
  0.00000E+00  0.00000E+00  0.00000E+00  0.00000E+00  0.00000E+00
  0.00000E+00  0.00000E+00  0.00000E+00  0.00000E+00  0.00000E+00
  0.00000E+00  0.00000E+00  0.00000E+00  0.00000E+00  0.00000E+00
  0.00000E+00  0.00000E+00  0.00000E+00  0.00000E+00  0.00000E+00
  0.00000E+00  0.00000E+00  0.00000E+00  0.00000E+00  0.00000E+00
  0.00000E+00  0.00000E+00  0.00000E+00  0.00000E+00  0.00000E+00
  0.00000E+00  0.00000E+00  0.00000E+00  0.00000E+00  0.00000E+00


   24.  52.00   42.  95.94  1.00E+00  8.50E+01  0.00E+00

  0.00000E+00  0.00000E+00  0.00000E+00  0.00000E+00  0.00000E+00

  0.00000E+00  0.00000E+00  0.00000E+00  0.00000E+00  0.00000E+00
  0.00000E+00  0.00000E+00  0.00000E+00  0.00000E+00  0.00000E+00
  0.00000E+00  0.00000E+00  0.00000E+00  0.00000E+00  0.00000E+00
  0.00000E+00  0.00000E+00  0.00000E+00  0.00000E+00  0.00000E+00
  0.00000E+00  0.00000E+00  0.00000E+00  0.00000E+00  0.00000E+00

  0.00000E+00  0.00000E+00  0.00000E+00  0.00000E+00  0.00000E+00
  0.00000E+00  0.00000E+00  0.00000E+00  0.00000E+00  0.00000E+00
  0.00000E+00  0.00000E+00  0.00000E+00  0.00000E+00  0.00000E+00
  0.00000E+00  0.00000E+00  0.00000E+00  0.00000E+00  0.00000E+00
  0.00000E+00  0.00000E+00  0.00000E+00  0.00000E+00  0.00000E+00
  0.00000E+00  0.00000E+00  0.00000E+00  0.00000E+00  0.00000E+00
  0.00000E+00  0.00000E+00  0.00000E+00  0.00000E+00  0.00000E+00
  0.00000E+00  0.00000E+00  0.00000E+00  0.00000E+00  0.00000E+00
  0.00000E+00  0.00000E+00  0.00000E+00  0.00000E+00  0.00000E+00
  0.00000E+00  0.00000E+00  0.00000E+00  0.00000E+00  0.00000E+00
  0.00000E+00  0.00000E+00  0.00000E+00  0.00000E+00  0.00000E+00
  0.00000E+00  0.00000E+00  0.00000E+00  0.00000E+00  0.00000E+00
  0.00000E+00  0.00000E+00  0.00000E+00  0.00000E+00  0.00000E+00
  0.00000E+00  0.00000E+00  0.00000E+00  0.00000E+00  0.00000E+00
  0.00000E+00  0.00000E+00  0.00000E+00  0.00000E+00  0.00000E+00
  0.00000E+00  0.00000E+00  0.00000E+00  0.00000E+00  0.00000E+00
  0.00000E+00  0.00000E+00  0.00000E+00  0.00000E+00  0.00000E+00
  0.00000E+00  0.00000E+00  0.00000E+00  0.00000E+00  0.00000E+00
  0.00000E+00  0.00000E+00  0.00000E+00  0.00000E+00  0.00000E+00
  0.00000E+00  0.00000E+00  0.00000E+00  0.00000E+00  0.00000E+00
  0.00000E+00  0.00000E+00  0.00000E+00  0.00000E+00  0.00000E+00
  0.00000E+00  0.00000E+00  0.00000E+00  0.00000E+00  0.00000E+00
  0.00000E+00  0.00000E+00  0.00000E+00  0.00000E+00  0.00000E+00
  0.00000E+00  0.00000E+00  0.00000E+00  0.00000E+00  0.00000E+00
  0.00000E+00  0.00000E+00  0.00000E+00  0.00000E+00  0.00000E+00


   24.  52.00   42.  95.94  2.00E+00  0.00E+00  0.00E+00

  0.00000E+00  0.00000E+00  0.00000E+00  0.00000E+00  0.00000E+00

  0.00000E+00  0.00000E+00  0.00000E+00  0.00000E+00  0.00000E+00
  0.00000E+00  0.00000E+00  0.00000E+00  0.00000E+00  0.00000E+00
  0.00000E+00  0.00000E+00  0.00000E+00  0.00000E+00  0.00000E+00
  0.00000E+00  0.00000E+00  0.00000E+00  0.00000E+00  0.00000E+00
  0.00000E+00  0.00000E+00  0.00000E+00  0.00000E+00  0.00000E+00

  0.00000E+00  0.00000E+00  0.00000E+00  0.00000E+00  0.00000E+00
  0.00000E+00  0.00000E+00  0.00000E+00  0.00000E+00  0.00000E+00
  0.00000E+00  0.00000E+00  0.00000E+00  0.00000E+00  0.00000E+00
  0.00000E+00  0.00000E+00  0.00000E+00  0.00000E+00  0.00000E+00
  0.00000E+00  0.00000E+00  0.00000E+00  0.00000E+00  0.00000E+00
  0.00000E+00  0.00000E+00  0.00000E+00  0.00000E+00  0.00000E+00
  0.00000E+00  0.00000E+00  0.00000E+00  0.00000E+00  0.00000E+00
  0.00000E+00  0.00000E+00  0.00000E+00  0.00000E+00  0.00000E+00
  0.00000E+00  0.00000E+00  0.00000E+00  0.00000E+00  0.00000E+00
  0.00000E+00  0.00000E+00  0.00000E+00  0.00000E+00  0.00000E+00
  0.00000E+00  0.00000E+00  0.00000E+00  0.00000E+00  0.00000E+00
  0.00000E+00  0.00000E+00  0.00000E+00  0.00000E+00  0.00000E+00
  0.00000E+00  0.00000E+00  0.00000E+00  0.00000E+00  0.00000E+00
  0.00000E+00  0.00000E+00  0.00000E+00  0.00000E+00  0.00000E+00
  0.00000E+00  0.00000E+00  0.00000E+00  0.00000E+00  0.00000E+00
  0.00000E+00  0.00000E+00  0.00000E+00  0.00000E+00  0.00000E+00
  0.00000E+00  0.00000E+00  0.00000E+00  0.00000E+00  0.00000E+00
  0.00000E+00  0.00000E+00  0.00000E+00  0.00000E+00  0.00000E+00
  0.00000E+00  0.00000E+00  0.00000E+00  0.00000E+00  0.00000E+00
  0.00000E+00  0.00000E+00  0.00000E+00  0.00000E+00  0.00000E+00
  0.00000E+00  0.00000E+00  0.00000E+00  0.00000E+00  0.00000E+00
  0.00000E+00  0.00000E+00  0.00000E+00  0.00000E+00  0.00000E+00
  0.00000E+00  0.00000E+00  0.00000E+00  0.00000E+00  0.00000E+00
  0.00000E+00  0.00000E+00  0.00000E+00  0.00000E+00  0.00000E+00
  0.00000E+00  0.00000E+00  0.00000E+00  0.00000E+00  0.00000E+00


   24.  52.00   42.  95.94  2.00E+00  3.00E+01  0.00E+00

  0.00000E+00  0.00000E+00  0.00000E+00  0.00000E+00  0.00000E+00

  0.00000E+00  0.00000E+00  0.00000E+00  0.00000E+00  0.00000E+00
  0.00000E+00  0.00000E+00  0.00000E+00  0.00000E+00  0.00000E+00
  0.00000E+00  0.00000E+00  0.00000E+00  0.00000E+00  0.00000E+00
  0.00000E+00  0.00000E+00  0.00000E+00  0.00000E+00  0.00000E+00
  0.00000E+00  0.00000E+00  0.00000E+00  0.00000E+00  0.00000E+00

  0.00000E+00  0.00000E+00  0.00000E+00  0.00000E+00  0.00000E+00
  0.00000E+00  0.00000E+00  0.00000E+00  0.00000E+00  0.00000E+00
  0.00000E+00  0.00000E+00  0.00000E+00  0.00000E+00  0.00000E+00
  0.00000E+00  0.00000E+00  0.00000E+00  0.00000E+00  0.00000E+00
  0.00000E+00  0.00000E+00  0.00000E+00  0.00000E+00  0.00000E+00
  0.00000E+00  0.00000E+00  0.00000E+00  0.00000E+00  0.00000E+00
  0.00000E+00  0.00000E+00  0.00000E+00  0.00000E+00  0.00000E+00
  0.00000E+00  0.00000E+00  0.00000E+00  0.00000E+00  0.00000E+00
  0.00000E+00  0.00000E+00  0.00000E+00  0.00000E+00  0.00000E+00
  0.00000E+00  0.00000E+00  0.00000E+00  0.00000E+00  0.00000E+00
  0.00000E+00  0.00000E+00  0.00000E+00  0.00000E+00  0.00000E+00
  0.00000E+00  0.00000E+00  0.00000E+00  0.00000E+00  0.00000E+00
  0.00000E+00  0.00000E+00  0.00000E+00  0.00000E+00  0.00000E+00
  0.00000E+00  0.00000E+00  0.00000E+00  0.00000E+00  0.00000E+00
  0.00000E+00  0.00000E+00  0.00000E+00  0.00000E+00  0.00000E+00
  0.00000E+00  0.00000E+00  0.00000E+00  0.00000E+00  0.00000E+00
  0.00000E+00  0.00000E+00  0.00000E+00  0.00000E+00  0.00000E+00
  0.00000E+00  0.00000E+00  0.00000E+00  0.00000E+00  0.00000E+00
  0.00000E+00  0.00000E+00  0.00000E+00  0.00000E+00  0.00000E+00
  0.00000E+00  0.00000E+00  0.00000E+00  0.00000E+00  0.00000E+00
  0.00000E+00  0.00000E+00  0.00000E+00  0.00000E+00  0.00000E+00
  0.00000E+00  0.00000E+00  0.00000E+00  0.00000E+00  0.00000E+00
  0.00000E+00  0.00000E+00  0.00000E+00  0.00000E+00  0.00000E+00
  0.00000E+00  0.00000E+00  0.00000E+00  0.00000E+00  0.00000E+00
  0.00000E+00  0.00000E+00  0.00000E+00  0.00000E+00  0.00000E+00


   24.  52.00   42.  95.94  2.00E+00  4.50E+01  0.00E+00

  0.00000E+00  0.00000E+00  0.00000E+00  0.00000E+00  0.00000E+00

  0.00000E+00  0.00000E+00  0.00000E+00  0.00000E+00  0.00000E+00
  0.00000E+00  0.00000E+00  0.00000E+00  0.00000E+00  0.00000E+00
  0.00000E+00  0.00000E+00  0.00000E+00  0.00000E+00  0.00000E+00
  0.00000E+00  0.00000E+00  0.00000E+00  0.00000E+00  0.00000E+00
  0.00000E+00  0.00000E+00  0.00000E+00  0.00000E+00  0.00000E+00

  0.00000E+00  0.00000E+00  0.00000E+00  0.00000E+00  0.00000E+00
  0.00000E+00  0.00000E+00  0.00000E+00  0.00000E+00  0.00000E+00
  0.00000E+00  0.00000E+00  0.00000E+00  0.00000E+00  0.00000E+00
  0.00000E+00  0.00000E+00  0.00000E+00  0.00000E+00  0.00000E+00
  0.00000E+00  0.00000E+00  0.00000E+00  0.00000E+00  0.00000E+00
  0.00000E+00  0.00000E+00  0.00000E+00  0.00000E+00  0.00000E+00
  0.00000E+00  0.00000E+00  0.00000E+00  0.00000E+00  0.00000E+00
  0.00000E+00  0.00000E+00  0.00000E+00  0.00000E+00  0.00000E+00
  0.00000E+00  0.00000E+00  0.00000E+00  0.00000E+00  0.00000E+00
  0.00000E+00  0.00000E+00  0.00000E+00  0.00000E+00  0.00000E+00
  0.00000E+00  0.00000E+00  0.00000E+00  0.00000E+00  0.00000E+00
  0.00000E+00  0.00000E+00  0.00000E+00  0.00000E+00  0.00000E+00
  0.00000E+00  0.00000E+00  0.00000E+00  0.00000E+00  0.00000E+00
  0.00000E+00  0.00000E+00  0.00000E+00  0.00000E+00  0.00000E+00
  0.00000E+00  0.00000E+00  0.00000E+00  0.00000E+00  0.00000E+00
  0.00000E+00  0.00000E+00  0.00000E+00  0.00000E+00  0.00000E+00
  0.00000E+00  0.00000E+00  0.00000E+00  0.00000E+00  0.00000E+00
  0.00000E+00  0.00000E+00  0.00000E+00  0.00000E+00  0.00000E+00
  0.00000E+00  0.00000E+00  0.00000E+00  0.00000E+00  0.00000E+00
  0.00000E+00  0.00000E+00  0.00000E+00  0.00000E+00  0.00000E+00
  0.00000E+00  0.00000E+00  0.00000E+00  0.00000E+00  0.00000E+00
  0.00000E+00  0.00000E+00  0.00000E+00  0.00000E+00  0.00000E+00
  0.00000E+00  0.00000E+00  0.00000E+00  0.00000E+00  0.00000E+00
  0.00000E+00  0.00000E+00  0.00000E+00  0.00000E+00  0.00000E+00
  0.00000E+00  0.00000E+00  0.00000E+00  0.00000E+00  0.00000E+00


   24.  52.00   42.  95.94  2.00E+00  6.00E+01  0.00E+00

  0.00000E+00  0.00000E+00  0.00000E+00  0.00000E+00  0.00000E+00

  0.00000E+00  0.00000E+00  0.00000E+00  0.00000E+00  0.00000E+00
  0.00000E+00  0.00000E+00  0.00000E+00  0.00000E+00  0.00000E+00
  0.00000E+00  0.00000E+00  0.00000E+00  0.00000E+00  0.00000E+00
  0.00000E+00  0.00000E+00  0.00000E+00  0.00000E+00  0.00000E+00
  0.00000E+00  0.00000E+00  0.00000E+00  0.00000E+00  0.00000E+00

  0.00000E+00  0.00000E+00  0.00000E+00  0.00000E+00  0.00000E+00
  0.00000E+00  0.00000E+00  0.00000E+00  0.00000E+00  0.00000E+00
  0.00000E+00  0.00000E+00  0.00000E+00  0.00000E+00  0.00000E+00
  0.00000E+00  0.00000E+00  0.00000E+00  0.00000E+00  0.00000E+00
  0.00000E+00  0.00000E+00  0.00000E+00  0.00000E+00  0.00000E+00
  0.00000E+00  0.00000E+00  0.00000E+00  0.00000E+00  0.00000E+00
  0.00000E+00  0.00000E+00  0.00000E+00  0.00000E+00  0.00000E+00
  0.00000E+00  0.00000E+00  0.00000E+00  0.00000E+00  0.00000E+00
  0.00000E+00  0.00000E+00  0.00000E+00  0.00000E+00  0.00000E+00
  0.00000E+00  0.00000E+00  0.00000E+00  0.00000E+00  0.00000E+00
  0.00000E+00  0.00000E+00  0.00000E+00  0.00000E+00  0.00000E+00
  0.00000E+00  0.00000E+00  0.00000E+00  0.00000E+00  0.00000E+00
  0.00000E+00  0.00000E+00  0.00000E+00  0.00000E+00  0.00000E+00
  0.00000E+00  0.00000E+00  0.00000E+00  0.00000E+00  0.00000E+00
  0.00000E+00  0.00000E+00  0.00000E+00  0.00000E+00  0.00000E+00
  0.00000E+00  0.00000E+00  0.00000E+00  0.00000E+00  0.00000E+00
  0.00000E+00  0.00000E+00  0.00000E+00  0.00000E+00  0.00000E+00
  0.00000E+00  0.00000E+00  0.00000E+00  0.00000E+00  0.00000E+00
  0.00000E+00  0.00000E+00  0.00000E+00  0.00000E+00  0.00000E+00
  0.00000E+00  0.00000E+00  0.00000E+00  0.00000E+00  0.00000E+00
  0.00000E+00  0.00000E+00  0.00000E+00  0.00000E+00  0.00000E+00
  0.00000E+00  0.00000E+00  0.00000E+00  0.00000E+00  0.00000E+00
  0.00000E+00  0.00000E+00  0.00000E+00  0.00000E+00  0.00000E+00
  0.00000E+00  0.00000E+00  0.00000E+00  0.00000E+00  0.00000E+00
  0.00000E+00  0.00000E+00  0.00000E+00  0.00000E+00  0.00000E+00


   24.  52.00   42.  95.94  2.00E+00  7.00E+01  0.00E+00

  0.00000E+00  0.00000E+00  0.00000E+00  0.00000E+00  0.00000E+00

  0.00000E+00  0.00000E+00  0.00000E+00  0.00000E+00  0.00000E+00
  0.00000E+00  0.00000E+00  0.00000E+00  0.00000E+00  0.00000E+00
  0.00000E+00  0.00000E+00  0.00000E+00  0.00000E+00  0.00000E+00
  0.00000E+00  0.00000E+00  0.00000E+00  0.00000E+00  0.00000E+00
  0.00000E+00  0.00000E+00  0.00000E+00  0.00000E+00  0.00000E+00

  0.00000E+00  0.00000E+00  0.00000E+00  0.00000E+00  0.00000E+00
  0.00000E+00  0.00000E+00  0.00000E+00  0.00000E+00  0.00000E+00
  0.00000E+00  0.00000E+00  0.00000E+00  0.00000E+00  0.00000E+00
  0.00000E+00  0.00000E+00  0.00000E+00  0.00000E+00  0.00000E+00
  0.00000E+00  0.00000E+00  0.00000E+00  0.00000E+00  0.00000E+00
  0.00000E+00  0.00000E+00  0.00000E+00  0.00000E+00  0.00000E+00
  0.00000E+00  0.00000E+00  0.00000E+00  0.00000E+00  0.00000E+00
  0.00000E+00  0.00000E+00  0.00000E+00  0.00000E+00  0.00000E+00
  0.00000E+00  0.00000E+00  0.00000E+00  0.00000E+00  0.00000E+00
  0.00000E+00  0.00000E+00  0.00000E+00  0.00000E+00  0.00000E+00
  0.00000E+00  0.00000E+00  0.00000E+00  0.00000E+00  0.00000E+00
  0.00000E+00  0.00000E+00  0.00000E+00  0.00000E+00  0.00000E+00
  0.00000E+00  0.00000E+00  0.00000E+00  0.00000E+00  0.00000E+00
  0.00000E+00  0.00000E+00  0.00000E+00  0.00000E+00  0.00000E+00
  0.00000E+00  0.00000E+00  0.00000E+00  0.00000E+00  0.00000E+00
  0.00000E+00  0.00000E+00  0.00000E+00  0.00000E+00  0.00000E+00
  0.00000E+00  0.00000E+00  0.00000E+00  0.00000E+00  0.00000E+00
  0.00000E+00  0.00000E+00  0.00000E+00  0.00000E+00  0.00000E+00
  0.00000E+00  0.00000E+00  0.00000E+00  0.00000E+00  0.00000E+00
  0.00000E+00  0.00000E+00  0.00000E+00  0.00000E+00  0.00000E+00
  0.00000E+00  0.00000E+00  0.00000E+00  0.00000E+00  0.00000E+00
  0.00000E+00  0.00000E+00  0.00000E+00  0.00000E+00  0.00000E+00
  0.00000E+00  0.00000E+00  0.00000E+00  0.00000E+00  0.00000E+00
  0.00000E+00  0.00000E+00  0.00000E+00  0.00000E+00  0.00000E+00
  0.00000E+00  0.00000E+00  0.00000E+00  0.00000E+00  0.00000E+00


   24.  52.00   42.  95.94  2.00E+00  8.00E+01  0.00E+00

  0.00000E+00  0.00000E+00  0.00000E+00  0.00000E+00  0.00000E+00

  0.00000E+00  0.00000E+00  0.00000E+00  0.00000E+00  0.00000E+00
  0.00000E+00  0.00000E+00  0.00000E+00  0.00000E+00  0.00000E+00
  0.00000E+00  0.00000E+00  0.00000E+00  0.00000E+00  0.00000E+00
  0.00000E+00  0.00000E+00  0.00000E+00  0.00000E+00  0.00000E+00
  0.00000E+00  0.00000E+00  0.00000E+00  0.00000E+00  0.00000E+00

  0.00000E+00  0.00000E+00  0.00000E+00  0.00000E+00  0.00000E+00
  0.00000E+00  0.00000E+00  0.00000E+00  0.00000E+00  0.00000E+00
  0.00000E+00  0.00000E+00  0.00000E+00  0.00000E+00  0.00000E+00
  0.00000E+00  0.00000E+00  0.00000E+00  0.00000E+00  0.00000E+00
  0.00000E+00  0.00000E+00  0.00000E+00  0.00000E+00  0.00000E+00
  0.00000E+00  0.00000E+00  0.00000E+00  0.00000E+00  0.00000E+00
  0.00000E+00  0.00000E+00  0.00000E+00  0.00000E+00  0.00000E+00
  0.00000E+00  0.00000E+00  0.00000E+00  0.00000E+00  0.00000E+00
  0.00000E+00  0.00000E+00  0.00000E+00  0.00000E+00  0.00000E+00
  0.00000E+00  0.00000E+00  0.00000E+00  0.00000E+00  0.00000E+00
  0.00000E+00  0.00000E+00  0.00000E+00  0.00000E+00  0.00000E+00
  0.00000E+00  0.00000E+00  0.00000E+00  0.00000E+00  0.00000E+00
  0.00000E+00  0.00000E+00  0.00000E+00  0.00000E+00  0.00000E+00
  0.00000E+00  0.00000E+00  0.00000E+00  0.00000E+00  0.00000E+00
  0.00000E+00  0.00000E+00  0.00000E+00  0.00000E+00  0.00000E+00
  0.00000E+00  0.00000E+00  0.00000E+00  0.00000E+00  0.00000E+00
  0.00000E+00  0.00000E+00  0.00000E+00  0.00000E+00  0.00000E+00
  0.00000E+00  0.00000E+00  0.00000E+00  0.00000E+00  0.00000E+00
  0.00000E+00  0.00000E+00  0.00000E+00  0.00000E+00  0.00000E+00
  0.00000E+00  0.00000E+00  0.00000E+00  0.00000E+00  0.00000E+00
  0.00000E+00  0.00000E+00  0.00000E+00  0.00000E+00  0.00000E+00
  0.00000E+00  0.00000E+00  0.00000E+00  0.00000E+00  0.00000E+00
  0.00000E+00  0.00000E+00  0.00000E+00  0.00000E+00  0.00000E+00
  0.00000E+00  0.00000E+00  0.00000E+00  0.00000E+00  0.00000E+00
  0.00000E+00  0.00000E+00  0.00000E+00  0.00000E+00  0.00000E+00


   24.  52.00   42.  95.94  2.00E+00  8.50E+01  0.00E+00

  0.00000E+00  0.00000E+00  0.00000E+00  0.00000E+00  0.00000E+00

  0.00000E+00  0.00000E+00  0.00000E+00  0.00000E+00  0.00000E+00
  0.00000E+00  0.00000E+00  0.00000E+00  0.00000E+00  0.00000E+00
  0.00000E+00  0.00000E+00  0.00000E+00  0.00000E+00  0.00000E+00
  0.00000E+00  0.00000E+00  0.00000E+00  0.00000E+00  0.00000E+00
  0.00000E+00  0.00000E+00  0.00000E+00  0.00000E+00  0.00000E+00

  0.00000E+00  0.00000E+00  0.00000E+00  0.00000E+00  0.00000E+00
  0.00000E+00  0.00000E+00  0.00000E+00  0.00000E+00  0.00000E+00
  0.00000E+00  0.00000E+00  0.00000E+00  0.00000E+00  0.00000E+00
  0.00000E+00  0.00000E+00  0.00000E+00  0.00000E+00  0.00000E+00
  0.00000E+00  0.00000E+00  0.00000E+00  0.00000E+00  0.00000E+00
  0.00000E+00  0.00000E+00  0.00000E+00  0.00000E+00  0.00000E+00
  0.00000E+00  0.00000E+00  0.00000E+00  0.00000E+00  0.00000E+00
  0.00000E+00  0.00000E+00  0.00000E+00  0.00000E+00  0.00000E+00
  0.00000E+00  0.00000E+00  0.00000E+00  0.00000E+00  0.00000E+00
  0.00000E+00  0.00000E+00  0.00000E+00  0.00000E+00  0.00000E+00
  0.00000E+00  0.00000E+00  0.00000E+00  0.00000E+00  0.00000E+00
  0.00000E+00  0.00000E+00  0.00000E+00  0.00000E+00  0.00000E+00
  0.00000E+00  0.00000E+00  0.00000E+00  0.00000E+00  0.00000E+00
  0.00000E+00  0.00000E+00  0.00000E+00  0.00000E+00  0.00000E+00
  0.00000E+00  0.00000E+00  0.00000E+00  0.00000E+00  0.00000E+00
  0.00000E+00  0.00000E+00  0.00000E+00  0.00000E+00  0.00000E+00
  0.00000E+00  0.00000E+00  0.00000E+00  0.00000E+00  0.00000E+00
  0.00000E+00  0.00000E+00  0.00000E+00  0.00000E+00  0.00000E+00
  0.00000E+00  0.00000E+00  0.00000E+00  0.00000E+00  0.00000E+00
  0.00000E+00  0.00000E+00  0.00000E+00  0.00000E+00  0.00000E+00
  0.00000E+00  0.00000E+00  0.00000E+00  0.00000E+00  0.00000E+00
  0.00000E+00  0.00000E+00  0.00000E+00  0.00000E+00  0.00000E+00
  0.00000E+00  0.00000E+00  0.00000E+00  0.00000E+00  0.00000E+00
  0.00000E+00  0.00000E+00  0.00000E+00  0.00000E+00  0.00000E+00
  0.00000E+00  0.00000E+00  0.00000E+00  0.00000E+00  0.00000E+00


   24.  52.00   42.  95.94  5.00E+00  0.00E+00  0.00E+00

  0.00000E+00  0.00000E+00  0.00000E+00  0.00000E+00  0.00000E+00

  0.00000E+00  0.00000E+00  0.00000E+00  0.00000E+00  0.00000E+00
  0.00000E+00  0.00000E+00  0.00000E+00  0.00000E+00  0.00000E+00
  0.00000E+00  0.00000E+00  0.00000E+00  0.00000E+00  0.00000E+00
  0.00000E+00  0.00000E+00  0.00000E+00  0.00000E+00  0.00000E+00
  0.00000E+00  0.00000E+00  0.00000E+00  0.00000E+00  0.00000E+00

  0.00000E+00  0.00000E+00  0.00000E+00  0.00000E+00  0.00000E+00
  0.00000E+00  0.00000E+00  0.00000E+00  0.00000E+00  0.00000E+00
  0.00000E+00  0.00000E+00  0.00000E+00  0.00000E+00  0.00000E+00
  0.00000E+00  0.00000E+00  0.00000E+00  0.00000E+00  0.00000E+00
  0.00000E+00  0.00000E+00  0.00000E+00  0.00000E+00  0.00000E+00
  0.00000E+00  0.00000E+00  0.00000E+00  0.00000E+00  0.00000E+00
  0.00000E+00  0.00000E+00  0.00000E+00  0.00000E+00  0.00000E+00
  0.00000E+00  0.00000E+00  0.00000E+00  0.00000E+00  0.00000E+00
  0.00000E+00  0.00000E+00  0.00000E+00  0.00000E+00  0.00000E+00
  0.00000E+00  0.00000E+00  0.00000E+00  0.00000E+00  0.00000E+00
  0.00000E+00  0.00000E+00  0.00000E+00  0.00000E+00  0.00000E+00
  0.00000E+00  0.00000E+00  0.00000E+00  0.00000E+00  0.00000E+00
  0.00000E+00  0.00000E+00  0.00000E+00  0.00000E+00  0.00000E+00
  0.00000E+00  0.00000E+00  0.00000E+00  0.00000E+00  0.00000E+00
  0.00000E+00  0.00000E+00  0.00000E+00  0.00000E+00  0.00000E+00
  0.00000E+00  0.00000E+00  0.00000E+00  0.00000E+00  0.00000E+00
  0.00000E+00  0.00000E+00  0.00000E+00  0.00000E+00  0.00000E+00
  0.00000E+00  0.00000E+00  0.00000E+00  0.00000E+00  0.00000E+00
  0.00000E+00  0.00000E+00  0.00000E+00  0.00000E+00  0.00000E+00
  0.00000E+00  0.00000E+00  0.00000E+00  0.00000E+00  0.00000E+00
  0.00000E+00  0.00000E+00  0.00000E+00  0.00000E+00  0.00000E+00
  0.00000E+00  0.00000E+00  0.00000E+00  0.00000E+00  0.00000E+00
  0.00000E+00  0.00000E+00  0.00000E+00  0.00000E+00  0.00000E+00
  0.00000E+00  0.00000E+00  0.00000E+00  0.00000E+00  0.00000E+00
  0.00000E+00  0.00000E+00  0.00000E+00  0.00000E+00  0.00000E+00


   24.  52.00   42.  95.94  5.00E+00  3.00E+01  0.00E+00

  0.00000E+00  0.00000E+00  0.00000E+00  0.00000E+00  0.00000E+00

  0.00000E+00  0.00000E+00  0.00000E+00  0.00000E+00  0.00000E+00
  0.00000E+00  0.00000E+00  0.00000E+00  0.00000E+00  0.00000E+00
  0.00000E+00  0.00000E+00  0.00000E+00  0.00000E+00  0.00000E+00
  0.00000E+00  0.00000E+00  0.00000E+00  0.00000E+00  0.00000E+00
  0.00000E+00  0.00000E+00  0.00000E+00  0.00000E+00  0.00000E+00

  0.00000E+00  0.00000E+00  0.00000E+00  0.00000E+00  0.00000E+00
  0.00000E+00  0.00000E+00  0.00000E+00  0.00000E+00  0.00000E+00
  0.00000E+00  0.00000E+00  0.00000E+00  0.00000E+00  0.00000E+00
  0.00000E+00  0.00000E+00  0.00000E+00  0.00000E+00  0.00000E+00
  0.00000E+00  0.00000E+00  0.00000E+00  0.00000E+00  0.00000E+00
  0.00000E+00  0.00000E+00  0.00000E+00  0.00000E+00  0.00000E+00
  0.00000E+00  0.00000E+00  0.00000E+00  0.00000E+00  0.00000E+00
  0.00000E+00  0.00000E+00  0.00000E+00  0.00000E+00  0.00000E+00
  0.00000E+00  0.00000E+00  0.00000E+00  0.00000E+00  0.00000E+00
  0.00000E+00  0.00000E+00  0.00000E+00  0.00000E+00  0.00000E+00
  0.00000E+00  0.00000E+00  0.00000E+00  0.00000E+00  0.00000E+00
  0.00000E+00  0.00000E+00  0.00000E+00  0.00000E+00  0.00000E+00
  0.00000E+00  0.00000E+00  0.00000E+00  0.00000E+00  0.00000E+00
  0.00000E+00  0.00000E+00  0.00000E+00  0.00000E+00  0.00000E+00
  0.00000E+00  0.00000E+00  0.00000E+00  0.00000E+00  0.00000E+00
  0.00000E+00  0.00000E+00  0.00000E+00  0.00000E+00  0.00000E+00
  0.00000E+00  0.00000E+00  0.00000E+00  0.00000E+00  0.00000E+00
  0.00000E+00  0.00000E+00  0.00000E+00  0.00000E+00  0.00000E+00
  0.00000E+00  0.00000E+00  0.00000E+00  0.00000E+00  0.00000E+00
  0.00000E+00  0.00000E+00  0.00000E+00  0.00000E+00  0.00000E+00
  0.00000E+00  0.00000E+00  0.00000E+00  0.00000E+00  0.00000E+00
  0.00000E+00  0.00000E+00  0.00000E+00  0.00000E+00  0.00000E+00
  0.00000E+00  0.00000E+00  0.00000E+00  0.00000E+00  0.00000E+00
  0.00000E+00  0.00000E+00  0.00000E+00  0.00000E+00  0.00000E+00
  0.00000E+00  0.00000E+00  0.00000E+00  0.00000E+00  0.00000E+00


   24.  52.00   42.  95.94  5.00E+00  4.50E+01  0.00E+00

  0.00000E+00  0.00000E+00  0.00000E+00  0.00000E+00  0.00000E+00

  0.00000E+00  0.00000E+00  0.00000E+00  0.00000E+00  0.00000E+00
  0.00000E+00  0.00000E+00  0.00000E+00  0.00000E+00  0.00000E+00
  0.00000E+00  0.00000E+00  0.00000E+00  0.00000E+00  0.00000E+00
  0.00000E+00  0.00000E+00  0.00000E+00  0.00000E+00  0.00000E+00
  0.00000E+00  0.00000E+00  0.00000E+00  0.00000E+00  0.00000E+00

  0.00000E+00  0.00000E+00  0.00000E+00  0.00000E+00  0.00000E+00
  0.00000E+00  0.00000E+00  0.00000E+00  0.00000E+00  0.00000E+00
  0.00000E+00  0.00000E+00  0.00000E+00  0.00000E+00  0.00000E+00
  0.00000E+00  0.00000E+00  0.00000E+00  0.00000E+00  0.00000E+00
  0.00000E+00  0.00000E+00  0.00000E+00  0.00000E+00  0.00000E+00
  0.00000E+00  0.00000E+00  0.00000E+00  0.00000E+00  0.00000E+00
  0.00000E+00  0.00000E+00  0.00000E+00  0.00000E+00  0.00000E+00
  0.00000E+00  0.00000E+00  0.00000E+00  0.00000E+00  0.00000E+00
  0.00000E+00  0.00000E+00  0.00000E+00  0.00000E+00  0.00000E+00
  0.00000E+00  0.00000E+00  0.00000E+00  0.00000E+00  0.00000E+00
  0.00000E+00  0.00000E+00  0.00000E+00  0.00000E+00  0.00000E+00
  0.00000E+00  0.00000E+00  0.00000E+00  0.00000E+00  0.00000E+00
  0.00000E+00  0.00000E+00  0.00000E+00  0.00000E+00  0.00000E+00
  0.00000E+00  0.00000E+00  0.00000E+00  0.00000E+00  0.00000E+00
  0.00000E+00  0.00000E+00  0.00000E+00  0.00000E+00  0.00000E+00
  0.00000E+00  0.00000E+00  0.00000E+00  0.00000E+00  0.00000E+00
  0.00000E+00  0.00000E+00  0.00000E+00  0.00000E+00  0.00000E+00
  0.00000E+00  0.00000E+00  0.00000E+00  0.00000E+00  0.00000E+00
  0.00000E+00  0.00000E+00  0.00000E+00  0.00000E+00  0.00000E+00
  0.00000E+00  0.00000E+00  0.00000E+00  0.00000E+00  0.00000E+00
  0.00000E+00  0.00000E+00  0.00000E+00  0.00000E+00  0.00000E+00
  0.00000E+00  0.00000E+00  0.00000E+00  0.00000E+00  0.00000E+00
  0.00000E+00  0.00000E+00  0.00000E+00  0.00000E+00  0.00000E+00
  0.00000E+00  0.00000E+00  0.00000E+00  0.00000E+00  0.00000E+00
  0.00000E+00  0.00000E+00  0.00000E+00  0.00000E+00  0.00000E+00


   24.  52.00   42.  95.94  5.00E+00  6.00E+01  0.00E+00

  0.00000E+00  0.00000E+00  0.00000E+00  0.00000E+00  0.00000E+00

  0.00000E+00  0.00000E+00  0.00000E+00  0.00000E+00  0.00000E+00
  0.00000E+00  0.00000E+00  0.00000E+00  0.00000E+00  0.00000E+00
  0.00000E+00  0.00000E+00  0.00000E+00  0.00000E+00  0.00000E+00
  0.00000E+00  0.00000E+00  0.00000E+00  0.00000E+00  0.00000E+00
  0.00000E+00  0.00000E+00  0.00000E+00  0.00000E+00  0.00000E+00

  0.00000E+00  0.00000E+00  0.00000E+00  0.00000E+00  0.00000E+00
  0.00000E+00  0.00000E+00  0.00000E+00  0.00000E+00  0.00000E+00
  0.00000E+00  0.00000E+00  0.00000E+00  0.00000E+00  0.00000E+00
  0.00000E+00  0.00000E+00  0.00000E+00  0.00000E+00  0.00000E+00
  0.00000E+00  0.00000E+00  0.00000E+00  0.00000E+00  0.00000E+00
  0.00000E+00  0.00000E+00  0.00000E+00  0.00000E+00  0.00000E+00
  0.00000E+00  0.00000E+00  0.00000E+00  0.00000E+00  0.00000E+00
  0.00000E+00  0.00000E+00  0.00000E+00  0.00000E+00  0.00000E+00
  0.00000E+00  0.00000E+00  0.00000E+00  0.00000E+00  0.00000E+00
  0.00000E+00  0.00000E+00  0.00000E+00  0.00000E+00  0.00000E+00
  0.00000E+00  0.00000E+00  0.00000E+00  0.00000E+00  0.00000E+00
  0.00000E+00  0.00000E+00  0.00000E+00  0.00000E+00  0.00000E+00
  0.00000E+00  0.00000E+00  0.00000E+00  0.00000E+00  0.00000E+00
  0.00000E+00  0.00000E+00  0.00000E+00  0.00000E+00  0.00000E+00
  0.00000E+00  0.00000E+00  0.00000E+00  0.00000E+00  0.00000E+00
  0.00000E+00  0.00000E+00  0.00000E+00  0.00000E+00  0.00000E+00
  0.00000E+00  0.00000E+00  0.00000E+00  0.00000E+00  0.00000E+00
  0.00000E+00  0.00000E+00  0.00000E+00  0.00000E+00  0.00000E+00
  0.00000E+00  0.00000E+00  0.00000E+00  0.00000E+00  0.00000E+00
  0.00000E+00  0.00000E+00  0.00000E+00  0.00000E+00  0.00000E+00
  0.00000E+00  0.00000E+00  0.00000E+00  0.00000E+00  0.00000E+00
  0.00000E+00  0.00000E+00  0.00000E+00  0.00000E+00  0.00000E+00
  0.00000E+00  0.00000E+00  0.00000E+00  0.00000E+00  0.00000E+00
  0.00000E+00  0.00000E+00  0.00000E+00  0.00000E+00  0.00000E+00
  0.00000E+00  0.00000E+00  0.00000E+00  0.00000E+00  0.00000E+00


   24.  52.00   42.  95.94  5.00E+00  7.00E+01  0.00E+00

  0.00000E+00  0.00000E+00  0.00000E+00  0.00000E+00  0.00000E+00

  0.00000E+00  0.00000E+00  0.00000E+00  0.00000E+00  0.00000E+00
  0.00000E+00  0.00000E+00  0.00000E+00  0.00000E+00  0.00000E+00
  0.00000E+00  0.00000E+00  0.00000E+00  0.00000E+00  0.00000E+00
  0.00000E+00  0.00000E+00  0.00000E+00  0.00000E+00  0.00000E+00
  0.00000E+00  0.00000E+00  0.00000E+00  0.00000E+00  0.00000E+00

  0.00000E+00  0.00000E+00  0.00000E+00  0.00000E+00  0.00000E+00
  0.00000E+00  0.00000E+00  0.00000E+00  0.00000E+00  0.00000E+00
  0.00000E+00  0.00000E+00  0.00000E+00  0.00000E+00  0.00000E+00
  0.00000E+00  0.00000E+00  0.00000E+00  0.00000E+00  0.00000E+00
  0.00000E+00  0.00000E+00  0.00000E+00  0.00000E+00  0.00000E+00
  0.00000E+00  0.00000E+00  0.00000E+00  0.00000E+00  0.00000E+00
  0.00000E+00  0.00000E+00  0.00000E+00  0.00000E+00  0.00000E+00
  0.00000E+00  0.00000E+00  0.00000E+00  0.00000E+00  0.00000E+00
  0.00000E+00  0.00000E+00  0.00000E+00  0.00000E+00  0.00000E+00
  0.00000E+00  0.00000E+00  0.00000E+00  0.00000E+00  0.00000E+00
  0.00000E+00  0.00000E+00  0.00000E+00  0.00000E+00  0.00000E+00
  0.00000E+00  0.00000E+00  0.00000E+00  0.00000E+00  0.00000E+00
  0.00000E+00  0.00000E+00  0.00000E+00  0.00000E+00  0.00000E+00
  0.00000E+00  0.00000E+00  0.00000E+00  0.00000E+00  0.00000E+00
  0.00000E+00  0.00000E+00  0.00000E+00  0.00000E+00  0.00000E+00
  0.00000E+00  0.00000E+00  0.00000E+00  0.00000E+00  0.00000E+00
  0.00000E+00  0.00000E+00  0.00000E+00  0.00000E+00  0.00000E+00
  0.00000E+00  0.00000E+00  0.00000E+00  0.00000E+00  0.00000E+00
  0.00000E+00  0.00000E+00  0.00000E+00  0.00000E+00  0.00000E+00
  0.00000E+00  0.00000E+00  0.00000E+00  0.00000E+00  0.00000E+00
  0.00000E+00  0.00000E+00  0.00000E+00  0.00000E+00  0.00000E+00
  0.00000E+00  0.00000E+00  0.00000E+00  0.00000E+00  0.00000E+00
  0.00000E+00  0.00000E+00  0.00000E+00  0.00000E+00  0.00000E+00
  0.00000E+00  0.00000E+00  0.00000E+00  0.00000E+00  0.00000E+00
  0.00000E+00  0.00000E+00  0.00000E+00  0.00000E+00  0.00000E+00


   24.  52.00   42.  95.94  5.00E+00  8.00E+01  1.50E-05

  3.61470E-01  3.61470E-01  3.61470E-01  3.61470E-01  3.61470E-01

  1.78350E-01  1.78350E-01  1.78350E-01  1.78350E-01  1.78350E-01
  1.78350E-01  1.78350E-01  1.78350E-01  1.78350E-01  1.78350E-01
  1.78350E-01  1.78350E-01  1.78350E-01  1.78350E-01  1.78350E-01
  1.78350E-01  1.78350E-01  1.78350E-01  1.78350E-01  1.78350E-01
  1.78350E-01  1.78350E-01  1.78350E-01  1.78350E-01  1.78350E-01

  9.81410E-01  9.81410E-01  9.81410E-01  9.81410E-01  9.81410E-01
  9.81410E-01  9.81410E-01  9.81410E-01  9.81410E-01  9.81410E-01
  9.81410E-01  9.81410E-01  9.81410E-01  9.81410E-01  9.81410E-01
  9.81410E-01  9.81410E-01  9.81410E-01  9.81410E-01  9.81410E-01
  9.81410E-01  9.81410E-01  9.81410E-01  9.81410E-01  9.81410E-01
  9.81410E-01  9.81410E-01  9.81410E-01  9.81410E-01  9.81410E-01
  9.81410E-01  9.81410E-01  9.81410E-01  9.81410E-01  9.81410E-01
  9.81410E-01  9.81410E-01  9.81410E-01  9.81410E-01  9.81410E-01
  9.81410E-01  9.81410E-01  9.81410E-01  9.81410E-01  9.81410E-01
  9.81410E-01  9.81410E-01  9.81410E-01  9.81410E-01  9.81410E-01
  9.81410E-01  9.81410E-01  9.81410E-01  9.81410E-01  9.81410E-01
  9.81410E-01  9.81410E-01  9.81410E-01  9.81410E-01  9.81410E-01
  9.81410E-01  9.81410E-01  9.81410E-01  9.81410E-01  9.81410E-01
  9.81410E-01  9.81410E-01  9.81410E-01  9.81410E-01  9.81410E-01
  9.81410E-01  9.81410E-01  9.81410E-01  9.81410E-01  9.81410E-01
  9.81410E-01  9.81410E-01  9.81410E-01  9.81410E-01  9.81410E-01
  9.81410E-01  9.81410E-01  9.81410E-01  9.81410E-01  9.81410E-01
  9.81410E-01  9.81410E-01  9.81410E-01  9.81410E-01  9.81410E-01
  9.81410E-01  9.81410E-01  9.81410E-01  9.81410E-01  9.81410E-01
  9.81410E-01  9.81410E-01  9.81410E-01  9.81410E-01  9.81410E-01
  9.81410E-01  9.81410E-01  9.81410E-01  9.81410E-01  9.81410E-01
  9.81410E-01  9.81410E-01  9.81410E-01  9.81410E-01  9.81410E-01
  9.81410E-01  9.81410E-01  9.81410E-01  9.81410E-01  9.81410E-01
  9.81410E-01  9.81410E-01  9.81410E-01  9.81410E-01  9.81410E-01
  9.81410E-01  9.81410E-01  9.81410E-01  9.81410E-01  9.81410E-01


   24.  52.00   42.  95.94  5.00E+00  8.50E+01  5.00E-06

  1.11710E+00  1.11710E+00  1.11710E+00  1.11710E+00  1.11710E+00

  2.65860E-01  2.65860E-01  2.65860E-01  2.65860E-01  2.65860E-01
  2.65860E-01  2.65860E-01  2.65860E-01  2.65860E-01  2.65860E-01
  2.65860E-01  2.65860E-01  2.65860E-01  2.65860E-01  2.65860E-01
  2.65860E-01  2.65860E-01  2.65860E-01  2.65860E-01  2.65860E-01
  2.65860E-01  2.65860E-01  2.65860E-01  2.65860E-01  2.65860E-01

  9.91460E-01  9.91460E-01  9.91460E-01  9.91460E-01  9.91460E-01
  9.91460E-01  9.91460E-01  9.91460E-01  9.91460E-01  9.91460E-01
  9.91460E-01  9.91460E-01  9.91460E-01  9.91460E-01  9.91460E-01
  9.91460E-01  9.91460E-01  9.91460E-01  9.91460E-01  9.91460E-01
  9.91460E-01  9.91460E-01  9.91460E-01  9.91460E-01  9.91460E-01
  9.91460E-01  9.91460E-01  9.91460E-01  9.91460E-01  9.91460E-01
  9.91460E-01  9.91460E-01  9.91460E-01  9.91460E-01  9.91460E-01
  9.91460E-01  9.91460E-01  9.91460E-01  9.91460E-01  9.91460E-01
  9.91460E-01  9.91460E-01  9.91460E-01  9.91460E-01  9.91460E-01
  9.91460E-01  9.91460E-01  9.91460E-01  9.91460E-01  9.91460E-01
  9.91460E-01  9.91460E-01  9.91460E-01  9.91460E-01  9.91460E-01
  9.91460E-01  9.91460E-01  9.91460E-01  9.91460E-01  9.91460E-01
  9.91460E-01  9.91460E-01  9.91460E-01  9.91460E-01  9.91460E-01
  9.91460E-01  9.91460E-01  9.91460E-01  9.91460E-01  9.91460E-01
  9.91460E-01  9.91460E-01  9.91460E-01  9.91460E-01  9.91460E-01
  9.91460E-01  9.91460E-01  9.91460E-01  9.91460E-01  9.91460E-01
  9.91460E-01  9.91460E-01  9.91460E-01  9.91460E-01  9.91460E-01
  9.91460E-01  9.91460E-01  9.91460E-01  9.91460E-01  9.91460E-01
  9.91460E-01  9.91460E-01  9.91460E-01  9.91460E-01  9.91460E-01
  9.91460E-01  9.91460E-01  9.91460E-01  9.91460E-01  9.91460E-01
  9.91460E-01  9.91460E-01  9.91460E-01  9.91460E-01  9.91460E-01
  9.91460E-01  9.91460E-01  9.91460E-01  9.91460E-01  9.91460E-01
  9.91460E-01  9.91460E-01  9.91460E-01  9.91460E-01  9.91460E-01
  9.91460E-01  9.91460E-01  9.91460E-01  9.91460E-01  9.91460E-01
  9.91460E-01  9.91460E-01  9.91460E-01  9.91460E-01  9.91460E-01


   24.  52.00   42.  95.94  1.00E+01  0.00E+00  0.00E+00

  0.00000E+00  0.00000E+00  0.00000E+00  0.00000E+00  0.00000E+00

  0.00000E+00  0.00000E+00  0.00000E+00  0.00000E+00  0.00000E+00
  0.00000E+00  0.00000E+00  0.00000E+00  0.00000E+00  0.00000E+00
  0.00000E+00  0.00000E+00  0.00000E+00  0.00000E+00  0.00000E+00
  0.00000E+00  0.00000E+00  0.00000E+00  0.00000E+00  0.00000E+00
  0.00000E+00  0.00000E+00  0.00000E+00  0.00000E+00  0.00000E+00

  0.00000E+00  0.00000E+00  0.00000E+00  0.00000E+00  0.00000E+00
  0.00000E+00  0.00000E+00  0.00000E+00  0.00000E+00  0.00000E+00
  0.00000E+00  0.00000E+00  0.00000E+00  0.00000E+00  0.00000E+00
  0.00000E+00  0.00000E+00  0.00000E+00  0.00000E+00  0.00000E+00
  0.00000E+00  0.00000E+00  0.00000E+00  0.00000E+00  0.00000E+00
  0.00000E+00  0.00000E+00  0.00000E+00  0.00000E+00  0.00000E+00
  0.00000E+00  0.00000E+00  0.00000E+00  0.00000E+00  0.00000E+00
  0.00000E+00  0.00000E+00  0.00000E+00  0.00000E+00  0.00000E+00
  0.00000E+00  0.00000E+00  0.00000E+00  0.00000E+00  0.00000E+00
  0.00000E+00  0.00000E+00  0.00000E+00  0.00000E+00  0.00000E+00
  0.00000E+00  0.00000E+00  0.00000E+00  0.00000E+00  0.00000E+00
  0.00000E+00  0.00000E+00  0.00000E+00  0.00000E+00  0.00000E+00
  0.00000E+00  0.00000E+00  0.00000E+00  0.00000E+00  0.00000E+00
  0.00000E+00  0.00000E+00  0.00000E+00  0.00000E+00  0.00000E+00
  0.00000E+00  0.00000E+00  0.00000E+00  0.00000E+00  0.00000E+00
  0.00000E+00  0.00000E+00  0.00000E+00  0.00000E+00  0.00000E+00
  0.00000E+00  0.00000E+00  0.00000E+00  0.00000E+00  0.00000E+00
  0.00000E+00  0.00000E+00  0.00000E+00  0.00000E+00  0.00000E+00
  0.00000E+00  0.00000E+00  0.00000E+00  0.00000E+00  0.00000E+00
  0.00000E+00  0.00000E+00  0.00000E+00  0.00000E+00  0.00000E+00
  0.00000E+00  0.00000E+00  0.00000E+00  0.00000E+00  0.00000E+00
  0.00000E+00  0.00000E+00  0.00000E+00  0.00000E+00  0.00000E+00
  0.00000E+00  0.00000E+00  0.00000E+00  0.00000E+00  0.00000E+00
  0.00000E+00  0.00000E+00  0.00000E+00  0.00000E+00  0.00000E+00
  0.00000E+00  0.00000E+00  0.00000E+00  0.00000E+00  0.00000E+00


   24.  52.00   42.  95.94  1.00E+01  3.00E+01  4.50E-05

  1.61580E+00  1.61580E+00  1.61580E+00  1.61580E+00  1.61580E+00

  7.28680E-01  7.28680E-01  7.28680E-01  7.28680E-01  7.28680E-01
  7.28680E-01  7.28680E-01  7.28680E-01  7.28680E-01  7.28680E-01
  7.28680E-01  7.28680E-01  7.28680E-01  7.28680E-01  7.28680E-01
  7.28680E-01  7.28680E-01  7.28680E-01  7.28680E-01  7.28680E-01
  7.28680E-01  7.28680E-01  7.28680E-01  7.28680E-01  7.28680E-01

  4.71760E-01  4.71760E-01  4.71760E-01  4.71760E-01  4.71760E-01
  4.71760E-01  4.71760E-01  4.71760E-01  4.71760E-01  4.71760E-01
  4.71760E-01  4.71760E-01  4.71760E-01  4.71760E-01  4.71760E-01
  4.71760E-01  4.71760E-01  4.71760E-01  4.71760E-01  4.71760E-01
  4.71760E-01  4.71760E-01  4.71760E-01  4.71760E-01  4.71760E-01
  4.71760E-01  4.71760E-01  4.71760E-01  4.71760E-01  4.71760E-01
  4.71760E-01  4.71760E-01  4.71760E-01  4.71760E-01  4.71760E-01
  4.71760E-01  4.71760E-01  4.71760E-01  4.71760E-01  4.71760E-01
  4.71760E-01  4.71760E-01  4.71760E-01  4.71760E-01  4.71760E-01
  4.71760E-01  4.71760E-01  4.71760E-01  4.71760E-01  4.71760E-01
  4.71760E-01  4.71760E-01  4.71760E-01  4.71760E-01  4.71760E-01
  4.71760E-01  4.71760E-01  4.71760E-01  4.71760E-01  4.71760E-01
  4.71760E-01  4.71760E-01  4.71760E-01  4.71760E-01  4.71760E-01
  4.71760E-01  4.71760E-01  4.71760E-01  4.71760E-01  4.71760E-01
  4.71760E-01  4.71760E-01  4.71760E-01  4.71760E-01  4.71760E-01
  4.71760E-01  4.71760E-01  4.71760E-01  4.71760E-01  4.71760E-01
  4.71760E-01  4.71760E-01  4.71760E-01  4.71760E-01  4.71760E-01
  4.71760E-01  4.71760E-01  4.71760E-01  4.71760E-01  4.71760E-01
  4.71760E-01  4.71760E-01  4.71760E-01  4.71760E-01  4.71760E-01
  4.71760E-01  4.71760E-01  4.71760E-01  4.71760E-01  4.71760E-01
  4.71760E-01  4.71760E-01  4.71760E-01  4.71760E-01  4.71760E-01
  4.71760E-01  4.71760E-01  4.71760E-01  4.71760E-01  4.71760E-01
  4.71760E-01  4.71760E-01  4.71760E-01  4.71760E-01  4.71760E-01
  4.71760E-01  4.71760E-01  4.71760E-01  4.71760E-01  4.71760E-01
  4.71760E-01  4.71760E-01  4.71760E-01  4.71760E-01  4.71760E-01


   24.  52.00   42.  95.94  1.00E+01  4.50E+01  5.15E-04

  5.10200E-01  9.17390E-01  1.37900E+00  1.82480E+00  2.44300E+00

  2.62400E-01  4.88090E-01  5.50210E-01  7.78760E-01  9.45510E-01
  2.04560E-01  3.10610E-01  3.91480E-01  5.32640E-01  8.99820E-01
  1.48880E-01  2.95700E-01  4.82180E-01  5.23410E-01  6.04740E-01
  1.81270E-01  2.79690E-01  4.34150E-01  4.97860E-01  7.48600E-01
  2.06600E-01  3.44220E-01  4.67010E-01  5.82810E-01  7.59010E-01

  2.87280E-01  2.87280E-01  2.87280E-01  2.87280E-01  2.87280E-01
  9.61960E-01  9.61960E-01  9.61960E-01  9.61960E-01  9.61960E-01
  8.56460E-01  8.56460E-01  8.56460E-01  8.56460E-01  8.56460E-01
  8.68230E-01  8.68230E-01  8.68230E-01  8.68230E-01  8.68230E-01
  7.09120E-01  7.09120E-01  7.09120E-01  7.09120E-01  7.09120E-01
  9.43730E-01  9.43730E-01  9.43730E-01  9.43730E-01  9.43730E-01
  5.73060E-01  5.73060E-01  5.73060E-01  5.73060E-01  5.73060E-01
  6.63430E-01  6.63430E-01  6.63430E-01  6.63430E-01  6.63430E-01
  6.53540E-01  6.53540E-01  6.53540E-01  6.53540E-01  6.53540E-01
  8.15100E-01  8.15100E-01  8.15100E-01  8.15100E-01  8.15100E-01
  8.62950E-01  8.62950E-01  8.62950E-01  8.62950E-01  8.62950E-01
  6.98080E-01  6.98080E-01  6.98080E-01  6.98080E-01  6.98080E-01
  9.57060E-01  9.57060E-01  9.57060E-01  9.57060E-01  9.57060E-01
  9.50180E-01  9.50180E-01  9.50180E-01  9.50180E-01  9.50180E-01
  9.35480E-01  9.35480E-01  9.35480E-01  9.35480E-01  9.35480E-01
  9.51180E-01  9.51180E-01  9.51180E-01  9.51180E-01  9.51180E-01
  9.89140E-01  9.89140E-01  9.89140E-01  9.89140E-01  9.89140E-01
  8.62700E-01  8.62700E-01  8.62700E-01  8.62700E-01  8.62700E-01
  7.51610E-01  7.51610E-01  7.51610E-01  7.51610E-01  7.51610E-01
  9.59630E-01  9.59630E-01  9.59630E-01  9.59630E-01  9.59630E-01
  8.80090E-01  8.80090E-01  8.80090E-01  8.80090E-01  8.80090E-01
  9.94960E-01  9.94960E-01  9.94960E-01  9.94960E-01  9.94960E-01
  9.21970E-01  9.21970E-01  9.21970E-01  9.21970E-01  9.21970E-01
  9.03280E-01  9.03280E-01  9.03280E-01  9.03280E-01  9.03280E-01
  9.31030E-01  9.31030E-01  9.31030E-01  9.31030E-01  9.31030E-01


   24.  52.00   42.  95.94  1.00E+01  6.00E+01  3.39E-03

  7.13190E-01  1.38690E+00  1.94410E+00  2.61800E+00  3.62470E+00

  2.56490E-01  4.13990E-01  5.80210E-01  6.94560E-01  8.41330E-01
  2.07030E-01  3.96270E-01  5.23550E-01  6.74090E-01  8.44850E-01
  2.06530E-01  3.29360E-01  4.44960E-01  6.01930E-01  7.26920E-01
  1.83290E-01  2.99000E-01  4.11510E-01  5.34730E-01  7.31580E-01
  1.76700E-01  2.92210E-01  3.75790E-01  4.72180E-01  6.64670E-01

  6.67180E-01  6.67180E-01  6.67180E-01  6.67180E-01  6.67180E-01
  7.55660E-01  7.55660E-01  7.55660E-01  7.55660E-01  7.55660E-01
  4.48690E-01  4.48690E-01  4.48690E-01  4.48690E-01  4.48690E-01
  8.64060E-01  8.64060E-01  8.64060E-01  8.64060E-01  8.64060E-01
  6.92440E-01  6.92440E-01  6.92440E-01  6.92440E-01  6.92440E-01
  8.86210E-01  8.86210E-01  8.86210E-01  8.86210E-01  8.86210E-01
  7.74150E-01  7.74150E-01  7.74150E-01  7.74150E-01  7.74150E-01
  8.04400E-01  8.04400E-01  8.04400E-01  8.04400E-01  8.04400E-01
  9.32460E-01  9.32460E-01  9.32460E-01  9.32460E-01  9.32460E-01
  7.99620E-01  7.99620E-01  7.99620E-01  7.99620E-01  7.99620E-01
  7.01010E-01  7.01010E-01  7.01010E-01  7.01010E-01  7.01010E-01
  8.70190E-01  8.70190E-01  8.70190E-01  8.70190E-01  8.70190E-01
  7.74900E-01  7.74900E-01  7.74900E-01  7.74900E-01  7.74900E-01
  8.62310E-01  8.62310E-01  8.62310E-01  8.62310E-01  8.62310E-01
  9.22480E-01  9.22480E-01  9.22480E-01  9.22480E-01  9.22480E-01
  8.85110E-01  8.85110E-01  8.85110E-01  8.85110E-01  8.85110E-01
  9.58220E-01  9.58220E-01  9.58220E-01  9.58220E-01  9.58220E-01
  8.98830E-01  8.98830E-01  8.98830E-01  8.98830E-01  8.98830E-01
  6.72030E-01  6.72030E-01  6.72030E-01  6.72030E-01  6.72030E-01
  9.15710E-01  9.15710E-01  9.15710E-01  9.15710E-01  9.15710E-01
  8.83480E-01  8.83480E-01  8.83480E-01  8.83480E-01  8.83480E-01
  9.37530E-01  9.37530E-01  9.37530E-01  9.37530E-01  9.37530E-01
  8.82780E-01  8.82780E-01  8.82780E-01  8.82780E-01  8.82780E-01
  9.16600E-01  9.16600E-01  9.16600E-01  9.16600E-01  9.16600E-01
  9.05840E-01  9.05840E-01  9.05840E-01  9.05840E-01  9.05840E-01


   24.  52.00   42.  95.94  1.00E+01  7.00E+01  7.99E-03

  8.23660E-01  1.48800E+00  2.12830E+00  2.85000E+00  4.08110E+00

  2.58000E-01  4.55060E-01  6.04720E-01  7.56620E-01  9.05820E-01
  1.77900E-01  3.42360E-01  4.77860E-01  6.10240E-01  8.08260E-01
  1.99140E-01  3.65740E-01  4.93260E-01  6.20400E-01  7.66590E-01
  1.66400E-01  3.22550E-01  4.39340E-01  5.77690E-01  7.46840E-01
  1.49370E-01  2.52130E-01  3.61040E-01  4.67080E-01  5.91640E-01

  6.36370E-01  8.27050E-01  9.42960E-01  9.93340E-01  9.99130E-01
  3.79450E-01  6.49610E-01  7.84950E-01  9.18010E-01  9.89490E-01
  3.32590E-01  7.72490E-01  9.08800E-01  9.73930E-01  9.92410E-01
  3.49390E-01  6.39750E-01  7.93920E-01  9.28010E-01  9.86110E-01
 -5.61830E-02  6.68750E-01  8.23300E-01  9.12380E-01  9.77580E-01
  6.16370E-01  8.17160E-01  8.66260E-01  9.42640E-01  9.73550E-01
  5.89630E-01  7.59730E-01  8.78920E-01  9.53800E-01  9.98860E-01
  6.26390E-01  8.52520E-01  9.62310E-01  9.86540E-01  9.99280E-01
  3.56740E-01  8.29800E-01  9.36420E-01  9.65200E-01  9.95420E-01
  5.70050E-01  8.56250E-01  9.30990E-01  9.83720E-01  9.96670E-01
  6.31240E-01  7.74480E-01  8.99890E-01  9.63300E-01  9.97060E-01
  6.97250E-01  8.75970E-01  9.24530E-01  9.78630E-01  9.91640E-01
  6.50550E-01  9.02150E-01  9.55260E-01  9.73530E-01  9.97990E-01
  5.00760E-01  7.97830E-01  8.96330E-01  9.46740E-01  9.96050E-01
  7.18380E-01  7.99690E-01  9.00360E-01  9.38230E-01  9.94560E-01
  7.66000E-01  9.10030E-01  9.54980E-01  9.93130E-01  9.98500E-01
  7.35480E-01  8.90390E-01  9.50170E-01  9.77110E-01  9.98250E-01
  7.75190E-01  8.95830E-01  9.59370E-01  9.79230E-01  9.95480E-01
  7.24200E-01  8.28780E-01  9.51040E-01  9.89600E-01  9.98360E-01
  7.81240E-01  8.34920E-01  9.53270E-01  9.95790E-01  9.99550E-01
  7.86020E-01  9.52440E-01  9.85670E-01  9.93180E-01  9.99040E-01
  8.28540E-01  9.06400E-01  9.49640E-01  9.90680E-01  9.98960E-01
  8.25410E-01  9.23360E-01  9.51010E-01  9.82870E-01  9.98520E-01
  8.69580E-01  9.21650E-01  9.68280E-01  9.94180E-01  9.99190E-01
  8.54530E-01  9.36900E-01  9.66540E-01  9.86510E-01  9.98510E-01


   24.  52.00   42.  95.94  1.00E+01  8.00E+01  1.29E-02

  8.26680E-01  1.64350E+00  2.33970E+00  3.21700E+00  4.46800E+00

  2.81800E-01  4.60020E-01  6.17250E-01  7.68950E-01  9.05140E-01
  2.44270E-01  4.03510E-01  5.38210E-01  6.85580E-01  8.38450E-01
  1.93490E-01  3.35840E-01  4.54880E-01  5.91890E-01  7.58700E-01
  1.73550E-01  3.03320E-01  3.97990E-01  5.22630E-01  6.59750E-01
  1.55090E-01  2.45910E-01  3.44780E-01  4.39290E-01  5.91970E-01

  2.74290E-01  7.07320E-01  8.34100E-01  9.33180E-01  9.93820E-01
  1.31340E-01  5.25020E-01  8.13800E-01  9.22200E-01  9.91700E-01
  4.21160E-01  6.97790E-01  8.73710E-01  9.78880E-01  9.98560E-01
  7.10650E-02  5.26190E-01  7.60080E-01  9.15630E-01  9.98750E-01
 -2.27880E-02  4.98480E-01  7.58530E-01  8.97120E-01  9.72060E-01
  5.90790E-01  7.45500E-01  8.64350E-01  9.42810E-01  9.88240E-01
  6.23710E-01  8.49940E-01  9.30930E-01  9.81510E-01  9.96460E-01
  4.94100E-01  7.30940E-01  8.34720E-01  9.43610E-01  9.94160E-01
  5.99800E-01  8.34710E-01  8.96800E-01  9.75380E-01  9.95610E-01
  4.36740E-01  7.53630E-01  9.01730E-01  9.61300E-01  9.96110E-01
  5.95220E-01  7.78030E-01  8.92870E-01  9.70800E-01  9.92410E-01
  7.04800E-01  8.01760E-01  9.09190E-01  9.77050E-01  9.98340E-01
  7.14100E-01  8.67900E-01  9.46770E-01  9.76180E-01  9.96660E-01
  7.40070E-01  8.63610E-01  9.31720E-01  9.77350E-01  9.96890E-01
  6.27890E-01  8.30660E-01  9.28650E-01  9.77530E-01  9.95350E-01
  7.91830E-01  9.08590E-01  9.59640E-01  9.86700E-01  9.96130E-01
  6.86530E-01  8.37090E-01  9.25840E-01  9.68400E-01  9.96330E-01
  7.55600E-01  8.47370E-01  9.45340E-01  9.86550E-01  9.98630E-01
  7.28270E-01  8.44310E-01  9.40540E-01  9.76600E-01  9.97880E-01
  7.93250E-01  9.10970E-01  9.53850E-01  9.83990E-01  9.97800E-01
  8.50160E-01  9.09870E-01  9.53470E-01  9.87740E-01  9.99180E-01
  8.09800E-01  9.33440E-01  9.71140E-01  9.91600E-01  9.98730E-01
  7.93640E-01  9.21170E-01  9.67370E-01  9.87170E-01  9.99390E-01
  7.57110E-01  8.88650E-01  9.53870E-01  9.76840E-01  9.95560E-01
  8.05000E-01  9.22100E-01  9.67920E-01  9.95090E-01  9.99160E-01


   24.  52.00   42.  95.94  1.00E+01  8.50E+01  1.44E-02

  8.44350E-01  1.65170E+00  2.38450E+00  3.17510E+00  4.42840E+00

  2.82970E-01  4.71400E-01  6.36770E-01  7.85080E-01  9.12930E-01
  2.20100E-01  4.02620E-01  5.54080E-01  6.76580E-01  8.70460E-01
  1.97440E-01  3.67180E-01  4.83010E-01  6.10270E-01  7.81920E-01
  1.51760E-01  2.95810E-01  4.16320E-01  5.52920E-01  6.98810E-01
  1.26340E-01  2.54330E-01  3.43830E-01  4.42120E-01  5.97970E-01

  2.67720E-01  6.10720E-01  8.18180E-01  9.35770E-01  9.78160E-01
  2.89820E-01  6.58780E-01  7.89900E-01  9.19190E-01  9.82860E-01
  1.84240E-01  6.27320E-01  8.26940E-01  8.98370E-01  9.95390E-01
  7.75650E-02  4.37390E-01  6.93780E-01  9.62640E-01  9.97530E-01
 -3.48190E-01  4.10770E-01  6.75410E-01  8.94640E-01  9.83390E-01
  5.49320E-01  7.80310E-01  9.09240E-01  9.58000E-01  9.95370E-01
  5.57090E-01  8.02860E-01  9.32510E-01  9.74910E-01  9.97730E-01
  5.76080E-01  8.33480E-01  8.81290E-01  9.49170E-01  9.98130E-01
  5.21300E-01  7.54760E-01  8.89780E-01  9.72430E-01  9.98160E-01
  4.07820E-01  8.09430E-01  9.22660E-01  9.68980E-01  9.90280E-01
  6.66480E-01  8.19420E-01  9.30240E-01  9.77480E-01  9.97820E-01
  6.01900E-01  7.99880E-01  9.36490E-01  9.79820E-01  9.99390E-01
  6.72010E-01  8.40460E-01  9.42570E-01  9.77200E-01  9.98670E-01
  6.19680E-01  8.36910E-01  9.50690E-01  9.76450E-01  9.98010E-01
  6.63520E-01  8.23680E-01  9.39260E-01  9.72010E-01  9.95360E-01
  7.51160E-01  8.66400E-01  9.04050E-01  9.84680E-01  9.97570E-01
  7.15940E-01  8.75790E-01  9.23360E-01  9.69250E-01  9.96620E-01
  7.36460E-01  8.64800E-01  9.11310E-01  9.74050E-01  9.90120E-01
  6.88880E-01  8.77860E-01  9.57170E-01  9.85300E-01  9.98970E-01
  7.13610E-01  8.85370E-01  9.61570E-01  9.84330E-01  9.97080E-01
  8.01000E-01  9.01490E-01  9.33220E-01  9.85370E-01  9.98480E-01
  8.77320E-01  9.39670E-01  9.68070E-01  9.86800E-01  9.98380E-01
  7.76980E-01  8.95920E-01  9.60670E-01  9.90590E-01  9.99320E-01
  7.88400E-01  9.30270E-01  9.72690E-01  9.94730E-01  9.99620E-01
  7.57780E-01  8.87040E-01  9.36170E-01  9.79110E-01  9.96970E-01


   24.  52.00   42.  95.94  2.00E+01  0.00E+00  1.09E-03

  6.03420E-01  1.25250E+00  1.76420E+00  2.30970E+00  3.11670E+00

  2.58360E-01  4.68800E-01  6.13250E-01  7.68650E-01  9.20800E-01
  2.87160E-01  4.11130E-01  5.43630E-01  6.71760E-01  9.27930E-01
  2.25180E-01  3.79390E-01  4.48250E-01  6.13610E-01  8.28350E-01
  2.02560E-01  3.88510E-01  5.51100E-01  6.30020E-01  7.87620E-01
  2.25870E-01  3.13990E-01  4.41240E-01  5.43060E-01  7.20810E-01

 -1.91160E-01 -1.91160E-01 -1.91160E-01 -1.91160E-01 -1.91160E-01
  6.93990E-02  6.93990E-02  6.93990E-02  6.93990E-02  6.93990E-02
  1.93710E-01  1.93710E-01  1.93710E-01  1.93710E-01  1.93710E-01
 -3.33710E-01 -3.33710E-01 -3.33710E-01 -3.33710E-01 -3.33710E-01
  8.59200E-01  8.59200E-01  8.59200E-01  8.59200E-01  8.59200E-01
  5.04840E-01  5.04840E-01  5.04840E-01  5.04840E-01  5.04840E-01
 -4.41080E-02 -4.41080E-02 -4.41080E-02 -4.41080E-02 -4.41080E-02
 -2.73590E-01 -2.73590E-01 -2.73590E-01 -2.73590E-01 -2.73590E-01
  7.70050E-02  7.70050E-02  7.70050E-02  7.70050E-02  7.70050E-02
 -2.80730E-01 -2.80730E-01 -2.80730E-01 -2.80730E-01 -2.80730E-01
  4.04910E-01  4.04910E-01  4.04910E-01  4.04910E-01  4.04910E-01
 -4.07330E-01 -4.07330E-01 -4.07330E-01 -4.07330E-01 -4.07330E-01
 -7.01150E-02 -7.01150E-02 -7.01150E-02 -7.01150E-02 -7.01150E-02
 -3.37380E-01 -3.37380E-01 -3.37380E-01 -3.37380E-01 -3.37380E-01
 -5.29470E-02 -5.29470E-02 -5.29470E-02 -5.29470E-02 -5.29470E-02
 -2.01540E-01 -2.01540E-01 -2.01540E-01 -2.01540E-01 -2.01540E-01
  3.42500E-01  3.42500E-01  3.42500E-01  3.42500E-01  3.42500E-01
  4.20580E-01  4.20580E-01  4.20580E-01  4.20580E-01  4.20580E-01
 -3.50390E-01 -3.50390E-01 -3.50390E-01 -3.50390E-01 -3.50390E-01
  3.12630E-01  3.12630E-01  3.12630E-01  3.12630E-01  3.12630E-01
 -1.56850E-02 -1.56850E-02 -1.56850E-02 -1.56850E-02 -1.56850E-02
 -4.05800E-02 -4.05800E-02 -4.05800E-02 -4.05800E-02 -4.05800E-02
 -3.15190E-01 -3.15190E-01 -3.15190E-01 -3.15190E-01 -3.15190E-01
  1.11270E-02  1.11270E-02  1.11270E-02  1.11270E-02  1.11270E-02
 -2.83020E-01 -2.83020E-01 -2.83020E-01 -2.83020E-01 -2.83020E-01


   24.  52.00   42.  95.94  2.00E+01  3.00E+01  1.68E-02

  1.11470E+00  2.26450E+00  3.29560E+00  4.42690E+00  6.19090E+00

  2.79410E-01  5.13920E-01  6.38640E-01  7.67620E-01  9.09510E-01
  2.54040E-01  4.16540E-01  5.66290E-01  6.93810E-01  8.56670E-01
  2.22950E-01  3.92280E-01  5.18410E-01  6.46040E-01  8.06330E-01
  1.82270E-01  3.38140E-01  4.75140E-01  6.06920E-01  7.63400E-01
  1.57850E-01  2.80620E-01  3.81690E-01  4.85680E-01  6.26920E-01

 -3.74370E-02  4.62130E-01  7.36000E-01  9.28100E-01  9.89010E-01
 -1.70780E-01  3.15880E-01  7.45210E-01  9.19310E-01  9.94790E-01
 -1.38280E-01  3.77200E-01  7.24550E-01  8.80670E-01  9.84090E-01
 -2.48630E-01  3.07560E-01  6.97300E-01  9.08350E-01  9.94910E-01
 -5.06400E-01  3.44380E-01  6.96040E-01  8.90270E-01  9.93880E-01
  1.25890E-01  6.26190E-01  7.96830E-01  9.36000E-01  9.90110E-01
 -3.65870E-02  5.71030E-01  8.26120E-01  9.39800E-01  9.95640E-01
  1.70530E-01  6.17040E-01  7.97520E-01  9.24360E-01  9.93730E-01
  2.92480E-01  6.74100E-01  8.40740E-01  9.48420E-01  9.95670E-01
  6.99730E-02  7.31000E-01  8.59870E-01  9.56180E-01  9.93480E-01
  2.69850E-01  7.09250E-01  8.97760E-01  9.61220E-01  9.92600E-01
  4.68040E-01  7.58560E-01  8.70710E-01  9.61600E-01  9.97010E-01
  2.73090E-01  6.08270E-01  8.14840E-01  9.31870E-01  9.92940E-01
  3.96550E-01  7.58010E-01  8.69340E-01  9.65590E-01  9.94250E-01
  2.89030E-01  6.95930E-01  8.56750E-01  9.64610E-01  9.95670E-01
  5.11800E-01  7.56020E-01  8.86020E-01  9.60070E-01  9.93100E-01
  4.74950E-01  7.84460E-01  9.05190E-01  9.73000E-01  9.98230E-01
  4.62160E-01  7.62750E-01  8.86610E-01  9.56360E-01  9.91920E-01
  5.23700E-01  8.01750E-01  9.00160E-01  9.58920E-01  9.98520E-01
  5.20090E-01  7.73930E-01  9.07400E-01  9.57990E-01  9.94800E-01
  6.17760E-01  7.78520E-01  9.12410E-01  9.63450E-01  9.97070E-01
  6.55280E-01  8.41540E-01  9.39160E-01  9.75830E-01  9.96470E-01
  6.24760E-01  8.26470E-01  9.19700E-01  9.75570E-01  9.94540E-01
  6.27600E-01  8.48840E-01  9.31360E-01  9.83820E-01  9.98580E-01
  6.42700E-01  8.26300E-01  9.32140E-01  9.77490E-01  9.99240E-01


   24.  52.00   42.  95.94  2.00E+01  4.50E+01  5.21E-02

  1.56350E+00  3.06750E+00  4.37890E+00  5.87770E+00  7.94130E+00

  2.79740E-01  4.94470E-01  6.48880E-01  7.89960E-01  9.30930E-01
  2.45480E-01  4.36960E-01  5.81810E-01  7.28260E-01  8.81010E-01
  2.10750E-01  3.72300E-01  5.03480E-01  6.40270E-01  8.01720E-01
  1.81870E-01  3.22420E-01  4.43920E-01  5.55730E-01  7.35970E-01
  1.48340E-01  2.64890E-01  3.60450E-01  4.66260E-01  6.12130E-01

 -1.89470E-01  4.30240E-01  7.11340E-01  9.00300E-01  9.90340E-01
 -3.29440E-01  3.69860E-01  7.19000E-01  8.84910E-01  9.88520E-01
 -3.07660E-01  3.89360E-01  7.08800E-01  8.95180E-01  9.82940E-01
 -3.03970E-01  3.82290E-01  7.31980E-01  9.28530E-01  9.94950E-01
 -6.29270E-01  1.24120E-01  5.42710E-01  8.26460E-01  9.83660E-01
  2.02400E-01  6.16760E-01  8.07030E-01  9.37660E-01  9.94860E-01
  2.36300E-01  6.53220E-01  8.25740E-01  9.35190E-01  9.91390E-01
  2.29310E-01  6.56040E-01  8.41120E-01  9.43450E-01  9.89080E-01
  1.19610E-01  5.45920E-01  8.01570E-01  9.40470E-01  9.93330E-01
 -1.57370E-01  5.08130E-01  7.90420E-01  9.04330E-01  9.88090E-01
  4.17500E-01  7.28900E-01  8.52460E-01  9.46140E-01  9.93000E-01
  4.23880E-01  7.12340E-01  8.70170E-01  9.63980E-01  9.95240E-01
  3.58660E-01  7.16180E-01  8.74760E-01  9.60440E-01  9.97130E-01
  3.85610E-01  7.26810E-01  8.63130E-01  9.56380E-01  9.94870E-01
  3.60200E-01  7.17460E-01  8.55810E-01  9.44640E-01  9.95790E-01
  5.37250E-01  7.88780E-01  8.97360E-01  9.65850E-01  9.95220E-01
  5.43150E-01  7.85020E-01  9.05240E-01  9.71040E-01  9.96910E-01
  5.55670E-01  7.79630E-01  9.02720E-01  9.73190E-01  9.96560E-01
  5.02130E-01  7.80880E-01  9.06310E-01  9.71560E-01  9.97450E-01
  5.73960E-01  8.16680E-01  9.20920E-01  9.74990E-01  9.96460E-01
  7.17290E-01  8.75820E-01  9.40260E-01  9.80060E-01  9.97230E-01
  6.84850E-01  8.56960E-01  9.38350E-01  9.77770E-01  9.95830E-01
  6.80280E-01  8.66590E-01  9.42520E-01  9.82210E-01  9.98680E-01
  7.40290E-01  8.82260E-01  9.55110E-01  9.86770E-01  9.98670E-01
  7.02800E-01  8.76490E-01  9.44130E-01  9.76970E-01  9.97940E-01


   24.  52.00   42.  95.94  2.00E+01  6.00E+01  1.20E-01

  1.98010E+00  3.93420E+00  5.64580E+00  7.43580E+00  9.85580E+00

  2.63010E-01  4.72960E-01  6.34990E-01  7.81850E-01  9.30260E-01
  2.43170E-01  4.17460E-01  5.67570E-01  7.09710E-01  8.75860E-01
  2.08660E-01  3.73250E-01  5.09570E-01  6.41580E-01  8.09780E-01
  1.78340E-01  3.26450E-01  4.42050E-01  5.60120E-01  7.27560E-01
  1.43090E-01  2.55980E-01  3.54540E-01  4.55000E-01  5.97700E-01

 -8.68560E-02  4.71570E-01  7.64620E-01  9.13870E-01  9.90710E-01
 -2.71830E-02  4.71100E-01  7.74860E-01  9.20870E-01  9.91360E-01
 -1.73750E-01  4.54220E-01  7.47720E-01  9.28050E-01  9.90440E-01
 -4.11190E-01  3.06900E-01  7.11790E-01  9.06100E-01  9.88930E-01
 -7.12990E-01 -8.89570E-03  5.15680E-01  8.41960E-01  9.72650E-01
  2.56200E-01  6.37280E-01  8.34970E-01  9.32580E-01  9.93070E-01
  2.42310E-01  6.15720E-01  8.38570E-01  9.44090E-01  9.93610E-01
  2.26930E-01  6.47050E-01  8.50550E-01  9.48080E-01  9.94270E-01
  2.55350E-01  6.46770E-01  8.46690E-01  9.44360E-01  9.93300E-01
  5.58170E-02  5.43690E-01  7.93950E-01  9.25440E-01  9.93640E-01
  4.44200E-01  7.30120E-01  8.79210E-01  9.56680E-01  9.95520E-01
  4.31210E-01  7.44980E-01  8.86120E-01  9.56720E-01  9.97100E-01
  4.53120E-01  7.42750E-01  8.81050E-01  9.61060E-01  9.95670E-01
  4.40580E-01  7.49170E-01  8.94390E-01  9.61190E-01  9.95030E-01
  4.20590E-01  7.38490E-01  8.81830E-01  9.57640E-01  9.95330E-01
  5.76650E-01  7.85340E-01  9.07170E-01  9.66330E-01  9.96630E-01
  5.50000E-01  8.09900E-01  9.19720E-01  9.75940E-01  9.97950E-01
  5.81910E-01  8.17810E-01  9.22220E-01  9.71140E-01  9.96970E-01
  5.82120E-01  8.12790E-01  9.16100E-01  9.73580E-01  9.96940E-01
  6.06080E-01  8.41990E-01  9.28550E-01  9.74930E-01  9.97990E-01
  7.31430E-01  8.89420E-01  9.53440E-01  9.86340E-01  9.98210E-01
  7.38100E-01  8.95390E-01  9.55210E-01  9.85490E-01  9.98570E-01
  7.53790E-01  8.91350E-01  9.50510E-01  9.82670E-01  9.97830E-01
  7.52720E-01  8.86330E-01  9.52470E-01  9.85420E-01  9.98130E-01
  7.64320E-01  9.03270E-01  9.57760E-01  9.85420E-01  9.98700E-01


   24.  52.00   42.  95.94  2.00E+01  7.00E+01  1.88E-01

  2.33320E+00  4.60250E+00  6.54920E+00  8.51660E+00  1.10880E+01

  2.70410E-01  4.71560E-01  6.30370E-01  7.70010E-01  9.17530E-01
  2.30240E-01  4.14700E-01  5.58930E-01  6.97470E-01  8.70910E-01
  2.08270E-01  3.71890E-01  5.08040E-01  6.35860E-01  8.02320E-01
  1.74680E-01  3.20200E-01  4.36540E-01  5.52630E-01  7.12510E-01
  1.35780E-01  2.46380E-01  3.39420E-01  4.37430E-01  5.78930E-01

 -5.94920E-02  5.43550E-01  7.85100E-01  9.17700E-01  9.90060E-01
 -8.19470E-02  4.98840E-01  7.68220E-01  9.19770E-01  9.91650E-01
 -1.64740E-01  4.19960E-01  7.49560E-01  9.12440E-01  9.89320E-01
 -2.68420E-01  3.42480E-01  7.11210E-01  9.04570E-01  9.89360E-01
 -5.88750E-01  1.30070E-01  5.76920E-01  8.56080E-01  9.84960E-01
  2.95100E-01  6.68430E-01  8.52920E-01  9.50380E-01  9.95640E-01
  3.43920E-01  6.89050E-01  8.56170E-01  9.51310E-01  9.94050E-01
  3.05720E-01  6.54570E-01  8.45160E-01  9.47160E-01  9.94460E-01
  2.47310E-01  6.66180E-01  8.48340E-01  9.46820E-01  9.94590E-01
  1.03230E-01  6.07370E-01  8.14990E-01  9.35640E-01  9.94020E-01
  4.94550E-01  7.58240E-01  8.87360E-01  9.59600E-01  9.94680E-01
  4.92740E-01  7.46240E-01  8.83700E-01  9.56780E-01  9.95220E-01
  4.81140E-01  7.60050E-01  8.95350E-01  9.61420E-01  9.96210E-01
  4.91740E-01  7.80660E-01  8.93680E-01  9.66600E-01  9.96230E-01
  4.54950E-01  7.56400E-01  8.91440E-01  9.66980E-01  9.95600E-01
  6.05610E-01  8.30240E-01  9.22350E-01  9.72780E-01  9.97240E-01
  6.23590E-01  8.29760E-01  9.23690E-01  9.72390E-01  9.97070E-01
  6.59030E-01  8.28650E-01  9.21990E-01  9.74770E-01  9.97500E-01
  6.38350E-01  8.37910E-01  9.34070E-01  9.77570E-01  9.97700E-01
  6.63370E-01  8.52610E-01  9.36630E-01  9.77130E-01  9.97530E-01
  7.56180E-01  9.00140E-01  9.58930E-01  9.85510E-01  9.98200E-01
  7.73720E-01  9.10120E-01  9.61300E-01  9.85900E-01  9.98370E-01
  7.96520E-01  9.13680E-01  9.65420E-01  9.88020E-01  9.98750E-01
  8.05070E-01  9.14500E-01  9.63700E-01  9.89380E-01  9.98900E-01
  7.86530E-01  9.12820E-01  9.61140E-01  9.85810E-01  9.98660E-01


   24.  52.00   42.  95.94  2.00E+01  8.00E+01  2.51E-01

  2.57340E+00  5.12040E+00  7.25520E+00  9.33700E+00  1.21020E+01

  2.65660E-01  4.76300E-01  6.31210E-01  7.69440E-01  9.15190E-01
  2.28350E-01  4.09040E-01  5.59580E-01  6.94730E-01  8.61390E-01
  2.03480E-01  3.68190E-01  4.98160E-01  6.27600E-01  7.97140E-01
  1.82320E-01  3.24490E-01  4.34730E-01  5.51070E-01  7.08350E-01
  1.31530E-01  2.39470E-01  3.28310E-01  4.22800E-01  5.59170E-01

  2.32850E-02  5.36430E-01  7.83030E-01  9.36520E-01  9.91840E-01
 -4.50250E-02  4.97900E-01  7.53220E-01  9.08040E-01  9.90520E-01
 -6.35430E-02  5.12800E-01  7.79200E-01  9.20360E-01  9.91050E-01
 -1.29720E-01  4.42270E-01  7.45740E-01  9.11600E-01  9.90580E-01
 -5.11800E-01  2.00700E-01  6.43920E-01  8.79940E-01  9.87030E-01
  3.53400E-01  6.79060E-01  8.39990E-01  9.45260E-01  9.93810E-01
  3.53960E-01  6.77700E-01  8.43230E-01  9.47530E-01  9.94750E-01
  3.28440E-01  6.99680E-01  8.57320E-01  9.51180E-01  9.94640E-01
  3.28270E-01  6.89580E-01  8.64420E-01  9.51690E-01  9.95300E-01
  1.44400E-01  6.27390E-01  8.35040E-01  9.43860E-01  9.94290E-01
  5.16540E-01  7.84110E-01  8.97580E-01  9.61850E-01  9.96160E-01
  5.05750E-01  7.82830E-01  8.98200E-01  9.61360E-01  9.95620E-01
  5.39340E-01  7.82980E-01  9.00480E-01  9.61610E-01  9.95310E-01
  5.38580E-01  7.82140E-01  9.02870E-01  9.67650E-01  9.96770E-01
  5.04280E-01  7.83880E-01  9.03700E-01  9.68880E-01  9.96670E-01
  6.52310E-01  8.36380E-01  9.18090E-01  9.71690E-01  9.96580E-01
  6.67790E-01  8.52820E-01  9.31210E-01  9.76900E-01  9.97270E-01
  6.88000E-01  8.58550E-01  9.38380E-01  9.80620E-01  9.98020E-01
  6.83780E-01  8.63890E-01  9.34990E-01  9.79390E-01  9.97520E-01
  6.88140E-01  8.70000E-01  9.45370E-01  9.83120E-01  9.98250E-01
  8.01190E-01  9.15170E-01  9.63560E-01  9.88830E-01  9.98450E-01
  8.10430E-01  9.20060E-01  9.66130E-01  9.89660E-01  9.98910E-01
  8.16890E-01  9.27800E-01  9.66190E-01  9.89200E-01  9.98900E-01
  8.12020E-01  9.23750E-01  9.65510E-01  9.88230E-01  9.98930E-01
  8.30360E-01  9.24060E-01  9.66440E-01  9.89110E-01  9.98840E-01


   24.  52.00   42.  95.94  2.00E+01  8.50E+01  2.72E-01

  2.65680E+00  5.26970E+00  7.41800E+00  9.52130E+00  1.23120E+01

  2.74330E-01  4.74660E-01  6.33070E-01  7.73040E-01  9.18370E-01
  2.31220E-01  4.17640E-01  5.57100E-01  6.95560E-01  8.59830E-01
  2.07740E-01  3.69040E-01  4.97170E-01  6.28300E-01  7.88830E-01
  1.74030E-01  3.15490E-01  4.27080E-01  5.41970E-01  7.01910E-01
  1.32400E-01  2.40050E-01  3.25080E-01  4.16540E-01  5.51680E-01

  6.61760E-02  5.55070E-01  7.88360E-01  9.31650E-01  9.90920E-01
  9.09750E-03  5.08620E-01  7.57520E-01  9.08410E-01  9.90960E-01
 -2.78880E-02  5.08720E-01  7.56840E-01  9.09170E-01  9.88410E-01
 -9.40200E-02  4.86830E-01  7.66000E-01  9.22500E-01  9.90800E-01
 -5.28440E-01  1.54180E-01  6.03480E-01  8.76210E-01  9.87630E-01
  3.94970E-01  6.96040E-01  8.50360E-01  9.51580E-01  9.95100E-01
  3.64500E-01  6.89470E-01  8.57510E-01  9.51870E-01  9.94410E-01
  3.53600E-01  7.02000E-01  8.58250E-01  9.51230E-01  9.93870E-01
  3.58970E-01  7.17360E-01  8.72950E-01  9.60840E-01  9.95260E-01
  2.07390E-01  6.39870E-01  8.34260E-01  9.43820E-01  9.94060E-01
  5.41170E-01  7.75490E-01  8.92460E-01  9.64200E-01  9.95970E-01
  5.16860E-01  7.77440E-01  8.90950E-01  9.62210E-01  9.96160E-01
  5.28830E-01  7.93980E-01  9.11130E-01  9.69770E-01  9.96700E-01
  5.47580E-01  7.92040E-01  9.13990E-01  9.74110E-01  9.97760E-01
  5.24870E-01  7.91090E-01  9.08470E-01  9.71140E-01  9.97340E-01
  6.56000E-01  8.31390E-01  9.24170E-01  9.72200E-01  9.97410E-01
  6.89090E-01  8.59550E-01  9.30120E-01  9.76190E-01  9.97650E-01
  6.72810E-01  8.63280E-01  9.36270E-01  9.79220E-01  9.97700E-01
  7.04560E-01  8.73430E-01  9.44830E-01  9.79770E-01  9.97970E-01
  7.06370E-01  8.76180E-01  9.45050E-01  9.81640E-01  9.97720E-01
  8.22680E-01  9.26050E-01  9.65090E-01  9.89270E-01  9.98840E-01
  8.32040E-01  9.27380E-01  9.70640E-01  9.90340E-01  9.98940E-01
  8.24300E-01  9.24340E-01  9.63990E-01  9.88900E-01  9.98750E-01
  8.30900E-01  9.29050E-01  9.68520E-01  9.89820E-01  9.98860E-01
  8.41600E-01  9.33170E-01  9.70060E-01  9.89310E-01  9.98640E-01


   24.  52.00   42.  95.94  5.00E+01  0.00E+00  4.94E-02

  1.60610E+00  3.43560E+00  5.28400E+00  7.49230E+00  1.09910E+01

  2.96320E-01  5.34390E-01  6.91980E-01  8.17870E-01  9.40370E-01
  2.90020E-01  5.06700E-01  6.57410E-01  7.97690E-01  9.28550E-01
  2.59040E-01  4.56850E-01  6.14750E-01  7.37420E-01  8.92860E-01
  2.42220E-01  4.19940E-01  5.63790E-01  7.01440E-01  8.59200E-01
  1.93990E-01  3.54180E-01  4.79200E-01  6.06760E-01  7.78220E-01

 -9.29920E-01 -4.34030E-01  1.48180E-01  6.39760E-01  9.40690E-01
 -9.71390E-01 -5.98570E-01 -7.44160E-02  5.32720E-01  9.58970E-01
 -9.62700E-01 -5.84030E-01  1.53610E-01  7.15460E-01  9.78130E-01
 -9.47130E-01 -5.34340E-01 -3.88680E-02  5.91460E-01  9.36770E-01
 -9.69340E-01 -5.97860E-01 -3.62850E-02  6.09130E-01  9.55890E-01
 -9.15190E-01 -5.31780E-01  4.06790E-02  5.85300E-01  9.63480E-01
 -9.46680E-01 -6.14830E-01 -5.76720E-02  6.20010E-01  9.58980E-01
 -9.24980E-01 -4.78800E-01  6.39140E-02  6.35520E-01  9.83180E-01
 -9.35810E-01 -5.08680E-01  2.37060E-02  5.66740E-01  9.14020E-01
 -9.12140E-01 -5.42370E-01  8.49370E-03  6.36010E-01  9.64350E-01
 -9.38080E-01 -5.26120E-01  6.74170E-02  6.15780E-01  9.63320E-01
 -9.44460E-01 -5.84750E-01  1.89660E-02  6.44770E-01  9.64300E-01
 -9.28070E-01 -5.40720E-01 -1.03940E-01  5.41060E-01  9.43010E-01
 -9.29590E-01 -5.84740E-01 -4.22300E-02  5.68900E-01  9.19560E-01
 -9.22420E-01 -6.40290E-01 -2.05520E-02  6.35030E-01  9.28450E-01
 -9.35680E-01 -6.07980E-01  4.09980E-02  5.10720E-01  9.62170E-01
 -9.11620E-01 -4.63240E-01  1.34080E-01  5.32120E-01  9.41070E-01
 -9.03000E-01 -4.72360E-01  1.12440E-01  6.23830E-01  9.49330E-01
 -9.47450E-01 -5.53410E-01  9.55710E-02  6.67790E-01  9.51070E-01
 -9.52730E-01 -5.85390E-01 -7.45150E-02  5.67040E-01  9.50300E-01
 -9.36680E-01 -5.82470E-01 -2.71440E-02  6.10520E-01  9.75200E-01
 -9.34680E-01 -5.85330E-01  2.61020E-02  5.89110E-01  9.35750E-01
 -9.31250E-01 -5.22500E-01 -8.26020E-03  5.59810E-01  9.38430E-01
 -9.45960E-01 -6.57320E-01 -3.78370E-02  5.34920E-01  9.53100E-01
 -9.60000E-01 -6.24860E-01 -1.14230E-02  5.98420E-01  9.41930E-01


   24.  52.00   42.  95.94  5.00E+01  3.00E+01  1.48E-01

  2.92510E+00  6.28500E+00  9.75250E+00  1.38250E+01  1.98380E+01

  2.83820E-01  5.14760E-01  6.80070E-01  8.15090E-01  9.38670E-01
  2.70970E-01  4.80840E-01  6.39120E-01  7.83680E-01  9.20150E-01
  2.53060E-01  4.48510E-01  5.92850E-01  7.27350E-01  8.81750E-01
  2.26310E-01  3.97070E-01  5.33920E-01  6.55850E-01  8.06560E-01
  1.71870E-01  3.08870E-01  4.18420E-01  5.29000E-01  6.79680E-01

 -6.85590E-01 -3.85850E-02  4.59930E-01  8.43240E-01  9.84610E-01
 -7.16500E-01 -6.76580E-02  4.77220E-01  8.22110E-01  9.82560E-01
 -8.59730E-01 -2.62430E-01  2.88780E-01  7.14330E-01  9.71510E-01
 -8.01700E-01 -1.96020E-01  2.98300E-01  7.27070E-01  9.72050E-01
 -8.90960E-01 -3.92680E-01  2.81880E-01  6.99400E-01  9.59160E-01
 -4.04240E-01  2.54900E-01  6.58850E-01  8.83070E-01  9.88370E-01
 -3.27610E-01  2.61200E-01  6.17070E-01  8.80120E-01  9.87600E-01
 -4.18700E-01  1.70860E-01  5.75470E-01  8.59840E-01  9.82370E-01
 -4.57520E-01  1.84060E-01  6.29770E-01  8.65860E-01  9.83880E-01
 -6.68920E-01  6.72470E-02  5.64360E-01  8.32390E-01  9.80950E-01
 -3.54210E-02  4.53840E-01  7.70850E-01  9.26130E-01  9.89930E-01
 -1.11980E-01  3.82540E-01  7.07220E-01  9.12800E-01  9.93130E-01
 -7.66020E-02  4.70220E-01  7.49290E-01  9.12210E-01  9.90030E-01
 -9.44420E-02  4.47580E-01  7.32150E-01  9.09900E-01  9.87090E-01
 -2.75980E-01  4.08700E-01  7.32760E-01  9.13810E-01  9.90330E-01
  1.86510E-01  6.12870E-01  8.13240E-01  9.39600E-01  9.93920E-01
  1.92060E-01  6.07970E-01  8.18040E-01  9.40940E-01  9.92330E-01
  1.76080E-01  5.95270E-01  8.34130E-01  9.35570E-01  9.89780E-01
  2.07040E-01  6.36300E-01  8.43080E-01  9.44460E-01  9.94040E-01
  2.20990E-01  6.50730E-01  8.45700E-01  9.45480E-01  9.95910E-01
  5.24580E-01  8.05280E-01  9.19810E-01  9.70380E-01  9.97280E-01
  5.13200E-01  7.82390E-01  9.05420E-01  9.71720E-01  9.96830E-01
  5.27670E-01  7.90930E-01  9.02260E-01  9.65000E-01  9.95580E-01
  5.39190E-01  7.89900E-01  9.01320E-01  9.68780E-01  9.96280E-01
  5.41900E-01  7.91520E-01  9.09560E-01  9.67030E-01  9.96290E-01


   24.  52.00   42.  95.94  5.00E+01  4.50E+01  2.96E-01

  4.10010E+00  9.12320E+00  1.38620E+01  1.90350E+01  2.58470E+01

  3.01060E-01  5.29500E-01  6.77710E-01  8.07250E-01  9.36940E-01
  2.59980E-01  4.63930E-01  6.12360E-01  7.53710E-01  9.05650E-01
  2.25750E-01  4.14210E-01  5.56710E-01  6.95590E-01  8.54370E-01
  1.98650E-01  3.56680E-01  4.83360E-01  6.11930E-01  7.69100E-01
  1.47650E-01  2.72320E-01  3.72580E-01  4.74200E-01  6.13300E-01

 -5.87760E-01  7.56230E-02  4.64940E-01  7.40910E-01  9.71130E-01
 -5.89030E-01  6.87500E-02  5.12700E-01  8.03350E-01  9.73590E-01
 -6.33910E-01  7.66420E-02  5.85800E-01  8.44360E-01  9.78790E-01
 -7.14540E-01 -4.75770E-02  5.12650E-01  8.22770E-01  9.82350E-01
 -8.76950E-01 -2.85890E-01  2.84880E-01  7.39330E-01  9.73820E-01
 -1.41240E-01  3.96930E-01  6.84900E-01  8.72620E-01  9.83650E-01
 -1.13500E-01  4.73330E-01  7.40890E-01  9.06960E-01  9.88050E-01
 -1.59320E-01  3.88650E-01  7.28260E-01  9.12970E-01  9.90780E-01
 -1.87090E-01  3.83230E-01  7.24250E-01  9.09180E-01  9.89100E-01
 -3.64850E-01  2.27860E-01  6.20170E-01  8.62380E-01  9.84560E-01
  1.56580E-01  6.03510E-01  8.12150E-01  9.34640E-01  9.92710E-01
  1.15200E-01  5.73660E-01  8.05530E-01  9.34500E-01  9.92530E-01
  1.16000E-01  5.65460E-01  7.99680E-01  9.36930E-01  9.92380E-01
  1.65730E-01  5.89420E-01  8.10400E-01  9.34570E-01  9.92090E-01
  1.27830E-01  5.93050E-01  8.13060E-01  9.33740E-01  9.92660E-01
  3.80530E-01  7.10870E-01  8.65560E-01  9.55130E-01  9.95260E-01
  4.05570E-01  7.13700E-01  8.72880E-01  9.54090E-01  9.95580E-01
  3.78570E-01  7.18010E-01  8.70450E-01  9.52720E-01  9.94610E-01
  4.24370E-01  7.31120E-01  8.79650E-01  9.54980E-01  9.95280E-01
  4.49420E-01  7.48970E-01  8.87450E-01  9.64040E-01  9.95760E-01
  6.73970E-01  8.68560E-01  9.42860E-01  9.81230E-01  9.98270E-01
  6.69560E-01  8.51790E-01  9.35340E-01  9.78600E-01  9.97350E-01
  6.81730E-01  8.65610E-01  9.40920E-01  9.79990E-01  9.97510E-01
  6.76000E-01  8.60770E-01  9.38770E-01  9.79500E-01  9.97640E-01
  7.10680E-01  8.78910E-01  9.47790E-01  9.82080E-01  9.98040E-01


   24.  52.00   42.  95.94  5.00E+01  6.00E+01  5.06E-01

  6.17610E+00  1.35470E+01  1.96340E+01  2.53390E+01  3.21950E+01

  3.09240E-01  5.42690E-01  6.97170E-01  8.26110E-01  9.39890E-01
  2.70450E-01  4.71880E-01  6.04980E-01  7.29990E-01  8.81460E-01
  2.29000E-01  3.91250E-01  5.16360E-01  6.41390E-01  8.04980E-01
  1.81800E-01  3.24810E-01  4.38680E-01  5.52710E-01  7.04930E-01
  1.27330E-01  2.33860E-01  3.20050E-01  4.14210E-01  5.41130E-01

 -5.32690E-01  8.89750E-03  3.56800E-01  6.92840E-01  9.56340E-01
 -5.19250E-01  3.51600E-02  3.95690E-01  6.81030E-01  9.62450E-01
 -5.20890E-01  6.11950E-02  4.58230E-01  7.40420E-01  9.61770E-01
 -5.46100E-01  1.10420E-01  5.32560E-01  8.01870E-01  9.75820E-01
 -7.81770E-01 -1.35180E-01  3.94240E-01  7.73800E-01  9.75650E-01
  7.08000E-03  4.31390E-01  6.52520E-01  8.31120E-01  9.78380E-01
  7.71310E-02  5.02150E-01  7.32630E-01  8.73320E-01  9.80500E-01
  9.58530E-02  5.61720E-01  7.99690E-01  9.27140E-01  9.91910E-01
  1.01140E-01  5.60100E-01  8.00370E-01  9.28860E-01  9.91830E-01
 -2.82250E-02  4.93040E-01  7.63990E-01  9.24530E-01  9.91980E-01
  3.50180E-01  6.64740E-01  8.24440E-01  9.17630E-01  9.88410E-01
  3.42770E-01  6.92850E-01  8.55290E-01  9.47060E-01  9.93670E-01
  3.87190E-01  7.13870E-01  8.64200E-01  9.53860E-01  9.95330E-01
  4.06290E-01  7.16290E-01  8.66680E-01  9.58350E-01  9.95390E-01
  4.09310E-01  7.27990E-01  8.72370E-01  9.55930E-01  9.95640E-01
  5.73510E-01  7.98070E-01  9.05460E-01  9.66190E-01  9.96610E-01
  5.76800E-01  8.01810E-01  9.09770E-01  9.70930E-01  9.96810E-01
  5.93730E-01  8.14780E-01  9.11910E-01  9.70490E-01  9.96600E-01
  5.94780E-01  8.15720E-01  9.19720E-01  9.72320E-01  9.97520E-01
  6.42820E-01  8.41880E-01  9.28660E-01  9.76920E-01  9.97600E-01
  7.79270E-01  9.01490E-01  9.56760E-01  9.85540E-01  9.98520E-01
  7.83430E-01  9.08230E-01  9.59940E-01  9.86220E-01  9.98310E-01
  7.90490E-01  9.07270E-01  9.59210E-01  9.86640E-01  9.98460E-01
  7.99970E-01  9.16090E-01  9.62520E-01  9.87440E-01  9.98650E-01
  8.15910E-01  9.21460E-01  9.66640E-01  9.88840E-01  9.98730E-01


   24.  52.00   42.  95.94  5.00E+01  7.00E+01  6.63E-01

  8.26980E+00  1.73220E+01  2.41140E+01  3.00160E+01  3.63320E+01

  3.09880E-01  5.37190E-01  6.97760E-01  8.27340E-01  9.40430E-01
  2.69020E-01  4.65860E-01  5.98550E-01  7.17880E-01  8.57940E-01
  2.24510E-01  3.86500E-01  4.98330E-01  6.13640E-01  7.66190E-01
  1.73360E-01  3.06320E-01  4.09150E-01  5.14280E-01  6.56950E-01
  1.17920E-01  2.15920E-01  2.94380E-01  3.77130E-01  4.94650E-01

 -4.19430E-01  3.55420E-02  3.35820E-01  6.72060E-01  9.57960E-01
 -4.41840E-01  5.78050E-02  3.66030E-01  6.75930E-01  9.56970E-01
 -4.34240E-01  9.77900E-02  4.21510E-01  7.00780E-01  9.52420E-01
 -4.38410E-01  1.35940E-01  4.95980E-01  7.78140E-01  9.69800E-01
 -6.57290E-01 -1.79550E-02  4.76630E-01  8.01570E-01  9.76340E-01
  1.68790E-01  4.78230E-01  6.69940E-01  8.26720E-01  9.76500E-01
  2.18300E-01  5.58490E-01  7.39360E-01  8.66170E-01  9.81200E-01
  2.77290E-01  6.30930E-01  8.08670E-01  9.19460E-01  9.89190E-01
  3.10380E-01  6.73980E-01  8.48180E-01  9.45220E-01  9.93810E-01
  2.52670E-01  6.61620E-01  8.46020E-01  9.50820E-01  9.94420E-01
  4.70760E-01  6.97910E-01  8.21720E-01  9.14120E-01  9.89220E-01
  4.97930E-01  7.45020E-01  8.75700E-01  9.50890E-01  9.93730E-01
  5.46830E-01  7.87790E-01  8.96430E-01  9.64060E-01  9.96440E-01
  5.60380E-01  7.99320E-01  9.09510E-01  9.70140E-01  9.96690E-01
  5.72500E-01  8.07250E-01  9.13030E-01  9.70010E-01  9.96530E-01
  6.72770E-01  8.39290E-01  9.20500E-01  9.70620E-01  9.96290E-01
  7.01950E-01  8.50260E-01  9.31790E-01  9.76490E-01  9.97770E-01
  7.03620E-01  8.57090E-01  9.34340E-01  9.78260E-01  9.97470E-01
  7.20800E-01  8.76310E-01  9.44660E-01  9.81960E-01  9.97790E-01
  7.53500E-01  8.91880E-01  9.54060E-01  9.85240E-01  9.98580E-01
  8.41630E-01  9.29800E-01  9.68100E-01  9.89550E-01  9.98840E-01
  8.41950E-01  9.30180E-01  9.68530E-01  9.89460E-01  9.98900E-01
  8.47380E-01  9.34510E-01  9.70900E-01  9.90540E-01  9.98870E-01
  8.60200E-01  9.40930E-01  9.74740E-01  9.91280E-01  9.99060E-01
  8.64690E-01  9.42250E-01  9.75230E-01  9.91800E-01  9.99070E-01


   24.  52.00   42.  95.94  5.00E+01  8.00E+01  7.90E-01

  1.09350E+01  2.13790E+01  2.84390E+01  3.40360E+01  3.96640E+01

  3.03370E-01  5.31850E-01  6.94010E-01  8.23360E-01  9.34450E-01
  2.60840E-01  4.51090E-01  5.82960E-01  6.94460E-01  8.28470E-01
  2.16980E-01  3.67200E-01  4.75790E-01  5.82100E-01  7.18320E-01
  1.62690E-01  2.85670E-01  3.84260E-01  4.79820E-01  6.10590E-01
  1.09420E-01  1.98170E-01  2.70270E-01  3.43350E-01  4.48510E-01

 -3.04560E-01  1.16800E-01  3.84010E-01  6.97580E-01  9.59430E-01
 -2.69160E-01  1.61350E-01  4.21560E-01  7.09950E-01  9.57350E-01
 -2.81400E-01  1.79420E-01  4.74250E-01  7.31270E-01  9.60920E-01
 -3.08160E-01  1.99040E-01  5.27740E-01  7.83350E-01  9.69890E-01
 -4.12940E-01  1.74800E-01  5.68090E-01  8.35570E-01  9.80990E-01
  3.03460E-01  5.61410E-01  7.18050E-01  8.66210E-01  9.81930E-01
  3.61550E-01  6.26040E-01  7.68380E-01  8.80930E-01  9.85130E-01
  4.34890E-01  7.06080E-01  8.41980E-01  9.35420E-01  9.92180E-01
  5.00350E-01  7.62500E-01  8.86120E-01  9.60570E-01  9.96040E-01
  4.99540E-01  7.79630E-01  9.02780E-01  9.65930E-01  9.96190E-01
  5.87940E-01  7.62740E-01  8.58430E-01  9.29590E-01  9.89750E-01
  6.20700E-01  8.03420E-01  8.96940E-01  9.52780E-01  9.94270E-01
  6.49730E-01  8.38110E-01  9.23810E-01  9.72010E-01  9.96820E-01
  6.79950E-01  8.53630E-01  9.32060E-01  9.76740E-01  9.97570E-01
  7.17740E-01  8.73150E-01  9.44800E-01  9.81950E-01  9.98130E-01
  7.54100E-01  8.80030E-01  9.41200E-01  9.76640E-01  9.96750E-01
  7.69310E-01  8.86670E-01  9.46760E-01  9.81880E-01  9.97940E-01
  7.81790E-01  8.97990E-01  9.51220E-01  9.83920E-01  9.98240E-01
  8.02150E-01  9.13730E-01  9.62750E-01  9.87260E-01  9.98570E-01
  8.29450E-01  9.24900E-01  9.67040E-01  9.89690E-01  9.98910E-01
  8.88750E-01  9.50170E-01  9.77820E-01  9.92990E-01  9.99080E-01
  8.91820E-01  9.54830E-01  9.79610E-01  9.92860E-01  9.99180E-01
  8.98180E-01  9.54740E-01  9.80450E-01  9.93130E-01  9.99260E-01
  8.99790E-01  9.59030E-01  9.81690E-01  9.93810E-01  9.99340E-01
  9.06160E-01  9.61450E-01  9.83390E-01  9.94580E-01  9.99470E-01


   24.  52.00   42.  95.94  5.00E+01  8.50E+01  8.25E-01

  1.20090E+01  2.28260E+01  2.97530E+01  3.51110E+01  4.05520E+01

  3.03530E-01  5.27030E-01  6.93760E-01  8.22430E-01  9.30990E-01
  2.57400E-01  4.45570E-01  5.74040E-01  6.83560E-01  8.17270E-01
  2.12880E-01  3.60430E-01  4.66690E-01  5.73170E-01  7.09270E-01
  1.60650E-01  2.80040E-01  3.74710E-01  4.69140E-01  5.96590E-01
  1.04070E-01  1.89340E-01  2.57560E-01  3.29250E-01  4.34030E-01

 -2.25340E-01  1.57400E-01  4.04520E-01  7.04040E-01  9.64290E-01
 -2.46670E-01  1.63000E-01  4.30400E-01  6.98100E-01  9.62770E-01
 -2.43680E-01  2.13950E-01  4.87110E-01  7.30740E-01  9.59880E-01
 -2.35900E-01  2.68260E-01  5.70000E-01  7.96890E-01  9.73580E-01
 -3.48320E-01  2.04920E-01  5.80560E-01  8.32710E-01  9.82380E-01
  3.58190E-01  6.02660E-01  7.36890E-01  8.75570E-01  9.82940E-01
  4.16660E-01  6.60620E-01  7.88950E-01  8.88580E-01  9.85880E-01
  4.84570E-01  7.24650E-01  8.56590E-01  9.36260E-01  9.90390E-01
  5.30140E-01  7.80240E-01  8.95750E-01  9.62760E-01  9.95510E-01
  5.60660E-01  8.08570E-01  9.12080E-01  9.71520E-01  9.97010E-01
  6.16470E-01  7.84220E-01  8.69320E-01  9.36140E-01  9.91320E-01
  6.56140E-01  8.19490E-01  9.06780E-01  9.59200E-01  9.94730E-01
  6.87850E-01  8.56670E-01  9.34880E-01  9.75620E-01  9.97320E-01
  7.18920E-01  8.68010E-01  9.37130E-01  9.78460E-01  9.97510E-01
  7.47230E-01  8.91310E-01  9.52110E-01  9.83730E-01  9.98180E-01
  7.83810E-01  8.93090E-01  9.46500E-01  9.78470E-01  9.97510E-01
  7.90410E-01  9.00340E-01  9.55280E-01  9.83720E-01  9.98420E-01
  8.07410E-01  9.07640E-01  9.56850E-01  9.85330E-01  9.98560E-01
  8.26090E-01  9.22140E-01  9.65550E-01  9.88200E-01  9.98800E-01
  8.44810E-01  9.34980E-01  9.70830E-01  9.90510E-01  9.98960E-01
  9.02230E-01  9.57980E-01  9.81000E-01  9.93590E-01  9.99340E-01
  9.00620E-01  9.56520E-01  9.80600E-01  9.93070E-01  9.99160E-01
  9.08080E-01  9.60020E-01  9.82320E-01  9.94140E-01  9.99360E-01
  9.13010E-01  9.63340E-01  9.83330E-01  9.94390E-01  9.99420E-01
  9.15210E-01  9.64710E-01  9.85320E-01  9.95150E-01  9.99450E-01


   24.  52.00   42.  95.94  1.00E+02  0.00E+00  1.26E-01

  2.57370E+00  6.14430E+00  9.95320E+00  1.47040E+01  2.24900E+01

  2.90590E-01  5.14060E-01  6.85840E-01  8.34110E-01  9.49390E-01
  2.90290E-01  5.36010E-01  6.95830E-01  8.30590E-01  9.47960E-01
  2.95050E-01  5.18520E-01  6.73950E-01  8.09460E-01  9.32360E-01
  2.73250E-01  4.82400E-01  6.25110E-01  7.58000E-01  9.07650E-01
  2.23450E-01  4.02620E-01  5.31410E-01  6.63660E-01  8.33000E-01

 -9.36960E-01 -5.12390E-01  7.97630E-02  6.25640E-01  9.64540E-01
 -9.48670E-01 -6.10550E-01 -9.07850E-02  4.92300E-01  9.45400E-01
 -9.47070E-01 -6.03620E-01 -6.23010E-02  5.48060E-01  9.47300E-01
 -9.42200E-01 -6.11860E-01  1.26440E-02  6.61420E-01  9.64440E-01
 -9.47710E-01 -5.93020E-01 -1.30480E-03  5.47610E-01  9.48830E-01
 -9.43930E-01 -5.94620E-01 -4.65830E-02  5.75980E-01  9.53850E-01
 -9.49760E-01 -5.74410E-01  5.48250E-04  6.14020E-01  9.50370E-01
 -9.47830E-01 -6.54310E-01 -6.49150E-03  5.91540E-01  9.59610E-01
 -9.41320E-01 -5.66550E-01  1.87530E-02  5.71710E-01  9.59880E-01
 -9.38890E-01 -5.96230E-01 -2.12600E-02  5.92350E-01  9.49900E-01
 -9.21980E-01 -5.13710E-01  1.00470E-01  6.50190E-01  9.59790E-01
 -9.48400E-01 -6.24040E-01 -1.60320E-02  5.86440E-01  9.57640E-01
 -9.60080E-01 -6.22580E-01 -7.29250E-02  5.07580E-01  9.59420E-01
 -9.59270E-01 -5.74090E-01  6.47560E-02  6.38240E-01  9.51530E-01
 -9.45250E-01 -5.81180E-01 -6.05500E-03  6.15720E-01  9.58970E-01
 -9.48290E-01 -5.63770E-01  1.70830E-02  6.12120E-01  9.33580E-01
 -9.57720E-01 -5.02690E-01  6.41390E-02  6.29800E-01  9.53590E-01
 -9.41660E-01 -5.29480E-01  5.57970E-02  5.22550E-01  9.55400E-01
 -9.35430E-01 -5.38250E-01 -5.42600E-03  5.78310E-01  9.36110E-01
 -9.32140E-01 -5.39800E-01  3.00820E-02  5.90370E-01  9.54400E-01
 -9.30510E-01 -5.96190E-01 -4.18130E-02  5.32150E-01  9.30100E-01
 -9.43830E-01 -5.55290E-01  8.81490E-03  5.97980E-01  9.57530E-01
 -9.49070E-01 -6.28460E-01 -7.92760E-02  5.11310E-01  9.57380E-01
 -9.37330E-01 -5.40740E-01  1.70310E-02  6.13070E-01  9.52270E-01
 -9.56170E-01 -5.93730E-01  4.61840E-02  6.26280E-01  9.43040E-01


   24.  52.00   42.  95.94  1.00E+02  3.00E+01  2.33E-01

  4.44110E+00  1.09030E+01  1.85750E+01  2.75400E+01  4.12150E+01

  3.41520E-01  5.78520E-01  7.34060E-01  8.52580E-01  9.53660E-01
  3.28320E-01  5.47600E-01  6.92910E-01  8.22170E-01  9.46460E-01
  2.87750E-01  4.90210E-01  6.40650E-01  7.75630E-01  9.15870E-01
  2.37910E-01  4.25750E-01  5.73780E-01  7.01580E-01  8.53970E-01
  1.86920E-01  3.36320E-01  4.51300E-01  5.58980E-01  7.10650E-01

 -9.46290E-01 -6.18030E-01 -1.63920E-01  3.94370E-01  9.06000E-01
 -9.47190E-01 -5.77380E-01 -8.46360E-02  4.24670E-01  9.22250E-01
 -9.37190E-01 -5.47490E-01  1.66410E-02  5.53490E-01  9.42180E-01
 -9.35160E-01 -5.31000E-01  1.12850E-01  6.46270E-01  9.55180E-01
 -9.42540E-01 -5.32900E-01  4.82670E-02  6.16570E-01  9.49160E-01
 -6.96060E-01 -7.31180E-02  3.23510E-01  6.49740E-01  9.54140E-01
 -7.34740E-01 -2.85130E-02  4.51690E-01  7.42870E-01  9.70780E-01
 -6.90050E-01 -7.25910E-02  4.41990E-01  8.05950E-01  9.79620E-01
 -7.80410E-01 -1.66890E-01  3.91530E-01  7.92020E-01  9.74970E-01
 -8.77750E-01 -2.84720E-01  2.70660E-01  7.44050E-01  9.73710E-01
 -2.65780E-01  3.13980E-01  6.30280E-01  8.43910E-01  9.76800E-01
 -3.24850E-01  3.26560E-01  6.88620E-01  8.90340E-01  9.89300E-01
 -3.32960E-01  2.32890E-01  6.27680E-01  8.71470E-01  9.81710E-01
 -3.41490E-01  2.44330E-01  6.12160E-01  8.73780E-01  9.87910E-01
 -5.38470E-01  1.89410E-01  6.03810E-01  8.49640E-01  9.82620E-01
  9.32540E-02  5.77510E-01  8.11240E-01  9.28490E-01  9.93790E-01
  5.65570E-02  5.23270E-01  7.94080E-01  9.37020E-01  9.92110E-01
  5.41050E-02  4.88590E-01  7.62770E-01  9.23170E-01  9.92470E-01
  1.01270E-01  5.68770E-01  8.03800E-01  9.32690E-01  9.89980E-01
 -1.78190E-02  5.38160E-01  7.98660E-01  9.35690E-01  9.92840E-01
  4.97620E-01  7.70540E-01  9.00060E-01  9.68570E-01  9.96440E-01
  4.84080E-01  7.71300E-01  8.98560E-01  9.65650E-01  9.96120E-01
  4.83500E-01  7.56280E-01  8.84110E-01  9.61080E-01  9.96230E-01
  4.87230E-01  7.69430E-01  8.96070E-01  9.65520E-01  9.96770E-01
  4.50090E-01  7.55750E-01  8.90250E-01  9.63050E-01  9.96090E-01


   24.  52.00   42.  95.94  1.00E+02  4.50E+01  3.80E-01

  7.18810E+00  1.83790E+01  2.98480E+01  4.19110E+01  5.65570E+01

  3.47030E-01  5.85450E-01  7.39670E-01  8.57860E-01  9.54090E-01
  3.25100E-01  5.41480E-01  6.83800E-01  8.03170E-01  9.31360E-01
  2.88630E-01  4.71050E-01  6.01450E-01  7.27990E-01  8.76390E-01
  2.17830E-01  3.73990E-01  5.00960E-01  6.24970E-01  7.73580E-01
  1.56400E-01  2.78750E-01  3.77030E-01  4.76470E-01  6.11040E-01

 -8.73490E-01 -4.54920E-01 -8.43700E-02  4.07510E-01  9.24500E-01
 -8.82040E-01 -4.47620E-01 -2.31070E-02  4.50490E-01  9.25050E-01
 -8.77170E-01 -4.32310E-01  4.81330E-02  5.16060E-01  9.27100E-01
 -9.06230E-01 -4.68300E-01  1.03730E-01  5.94000E-01  9.48650E-01
 -9.32470E-01 -5.24640E-01  7.34360E-02  6.20670E-01  9.60200E-01
 -4.39570E-01  7.67220E-02  3.72110E-01  6.50120E-01  9.45270E-01
 -4.13600E-01  1.94780E-01  5.23570E-01  7.56630E-01  9.59590E-01
 -3.51410E-01  2.74630E-01  6.40610E-01  8.53710E-01  9.81780E-01
 -4.65860E-01  1.98490E-01  6.40340E-01  8.81310E-01  9.85600E-01
 -6.86570E-01 -2.06470E-02  4.60810E-01  8.01000E-01  9.80150E-01
  4.47520E-02  4.71990E-01  6.82590E-01  8.28250E-01  9.71970E-01
  9.96150E-02  5.49290E-01  7.89770E-01  9.18600E-01  9.88100E-01
  5.85570E-02  5.30300E-01  7.93480E-01  9.29530E-01  9.92700E-01
  3.87590E-02  4.84770E-01  7.40270E-01  9.06460E-01  9.90940E-01
 -4.03400E-02  5.22310E-01  7.73540E-01  9.17550E-01  9.89700E-01
  4.08320E-01  7.14630E-01  8.64150E-01  9.48430E-01  9.92880E-01
  4.12230E-01  7.31180E-01  8.71800E-01  9.58260E-01  9.95310E-01
  3.97050E-01  6.94350E-01  8.61380E-01  9.52800E-01  9.94490E-01
  3.84970E-01  7.12250E-01  8.62520E-01  9.52660E-01  9.94710E-01
  4.41760E-01  7.50130E-01  8.90980E-01  9.63660E-01  9.95820E-01
  7.20320E-01  8.69930E-01  9.42110E-01  9.80730E-01  9.97940E-01
  7.00290E-01  8.64500E-01  9.41290E-01  9.80760E-01  9.98080E-01
  6.89680E-01  8.65300E-01  9.40520E-01  9.79520E-01  9.97960E-01
  7.06790E-01  8.77110E-01  9.44710E-01  9.82080E-01  9.97970E-01
  7.02880E-01  8.68770E-01  9.41100E-01  9.78890E-01  9.97670E-01


   24.  52.00   42.  95.94  1.00E+02  6.00E+01  5.98E-01

  1.25460E+01  3.10020E+01  4.62580E+01  5.89980E+01  7.19530E+01

  3.39620E-01  5.72460E-01  7.31080E-01  8.52750E-01  9.53960E-01
  3.23930E-01  5.25680E-01  6.57270E-01  7.67510E-01  8.96720E-01
  2.63220E-01  4.27380E-01  5.37970E-01  6.49360E-01  7.93690E-01
  1.92560E-01  3.25760E-01  4.28620E-01  5.34450E-01  6.71410E-01
  1.22090E-01  2.18800E-01  2.96580E-01  3.79940E-01  4.98210E-01

 -7.48110E-01 -3.38940E-01 -1.54300E-02  3.97890E-01  9.02850E-01
 -7.31570E-01 -3.25150E-01  3.21920E-02  4.10350E-01  9.08950E-01
 -7.38030E-01 -2.97450E-01  1.06260E-01  5.15700E-01  9.29410E-01
 -7.57620E-01 -2.45680E-01  1.96790E-01  5.86460E-01  9.36720E-01
 -8.73820E-01 -3.33920E-01  1.92460E-01  6.59070E-01  9.57130E-01
 -7.23590E-02  3.02400E-01  4.94640E-01  6.76120E-01  9.40640E-01
 -5.63350E-02  3.80160E-01  6.06550E-01  7.65760E-01  9.52710E-01
  3.82120E-02  4.92440E-01  7.23410E-01  8.76230E-01  9.80550E-01
  8.41420E-02  5.45720E-01  7.84090E-01  9.25580E-01  9.91450E-01
 -5.60080E-02  4.69700E-01  7.58070E-01  9.13030E-01  9.91050E-01
  3.29220E-01  5.99490E-01  7.43190E-01  8.45740E-01  9.66720E-01
  3.97320E-01  7.00130E-01  8.48350E-01  9.30870E-01  9.88490E-01
  4.32310E-01  7.31190E-01  8.70480E-01  9.55450E-01  9.95080E-01
  4.60790E-01  7.44590E-01  8.81670E-01  9.59130E-01  9.95600E-01
  4.99190E-01  7.66260E-01  8.90680E-01  9.65480E-01  9.96460E-01
  6.28950E-01  8.16230E-01  9.03750E-01  9.53880E-01  9.91470E-01
  6.41390E-01  8.27600E-01  9.16560E-01  9.70330E-01  9.96660E-01
  6.44910E-01  8.39160E-01  9.26760E-01  9.74550E-01  9.97350E-01
  6.76120E-01  8.42190E-01  9.29680E-01  9.77510E-01  9.97700E-01
  7.03660E-01  8.74100E-01  9.41540E-01  9.80200E-01  9.97720E-01
  8.25710E-01  9.22810E-01  9.65210E-01  9.88450E-01  9.98690E-01
  8.33870E-01  9.25970E-01  9.66230E-01  9.88570E-01  9.98820E-01
  8.29860E-01  9.24450E-01  9.66890E-01  9.88920E-01  9.98750E-01
  8.29410E-01  9.26740E-01  9.66510E-01  9.88920E-01  9.98850E-01
  8.46800E-01  9.35940E-01  9.73260E-01  9.91330E-01  9.99040E-01


   24.  52.00   42.  95.94  1.00E+02  7.00E+01  7.73E-01

  1.98670E+01  4.37210E+01  5.93050E+01  7.06550E+01  8.11780E+01

  3.33540E-01  5.65540E-01  7.21860E-01  8.45130E-01  9.47380E-01
  2.99900E-01  4.88260E-01  6.11780E-01  7.13690E-01  8.40830E-01
  2.38620E-01  3.86840E-01  4.81230E-01  5.79150E-01  7.11890E-01
  1.68870E-01  2.82970E-01  3.72260E-01  4.63180E-01  5.86640E-01
  1.01470E-01  1.82320E-01  2.49070E-01  3.20150E-01  4.23960E-01

 -5.63020E-01 -1.57750E-01  1.08650E-01  4.27970E-01  9.02550E-01
 -5.54550E-01 -1.26550E-01  1.67470E-01  4.76260E-01  9.17190E-01
 -5.35100E-01 -1.01640E-01  2.21250E-01  5.37510E-01  9.22380E-01
 -4.95550E-01 -5.35800E-02  3.19800E-01  6.31520E-01  9.37630E-01
 -6.10070E-01 -8.46420E-02  3.74630E-01  7.16930E-01  9.64820E-01
  1.98680E-01  4.76320E-01  6.12730E-01  7.42910E-01  9.53500E-01
  2.45020E-01  5.47460E-01  7.00260E-01  8.15980E-01  9.66570E-01
  3.54410E-01  6.62710E-01  8.11830E-01  9.10470E-01  9.84060E-01
  4.07370E-01  7.29550E-01  8.78800E-01  9.57810E-01  9.95220E-01
  4.24900E-01  7.36140E-01  8.80170E-01  9.62100E-01  9.96330E-01
  5.51340E-01  7.23750E-01  8.14930E-01  8.85180E-01  9.81780E-01
  6.01910E-01  7.91590E-01  8.86570E-01  9.46870E-01  9.90940E-01
  6.40210E-01  8.37680E-01  9.22150E-01  9.73110E-01  9.97200E-01
  6.56360E-01  8.44810E-01  9.31710E-01  9.77120E-01  9.97440E-01
  6.97980E-01  8.64970E-01  9.38560E-01  9.78360E-01  9.97760E-01
  7.57610E-01  8.72480E-01  9.29170E-01  9.65320E-01  9.94390E-01
  7.76160E-01  8.94600E-01  9.51900E-01  9.83470E-01  9.97980E-01
  7.79660E-01  8.97160E-01  9.52750E-01  9.83420E-01  9.98250E-01
  7.97230E-01  9.11110E-01  9.58990E-01  9.85840E-01  9.98530E-01
  8.20500E-01  9.23210E-01  9.66020E-01  9.88090E-01  9.98830E-01
  8.92900E-01  9.53090E-01  9.78590E-01  9.93260E-01  9.99300E-01
  8.93060E-01  9.52850E-01  9.79110E-01  9.93080E-01  9.99190E-01
  8.93920E-01  9.54250E-01  9.79420E-01  9.92940E-01  9.99150E-01
  8.98160E-01  9.56830E-01  9.82540E-01  9.94390E-01  9.99290E-01
  9.08240E-01  9.62880E-01  9.84030E-01  9.94710E-01  9.99420E-01


   24.  52.00   42.  95.94  1.00E+02  8.00E+01  9.14E-01

  3.28880E+01  5.89750E+01  7.21390E+01  8.08140E+01  8.82450E+01

  3.29980E-01  5.49600E-01  7.00640E-01  8.18160E-01  9.19640E-01
  2.70730E-01  4.40170E-01  5.47680E-01  6.37210E-01  7.51350E-01
  2.02840E-01  3.33390E-01  4.16120E-01  5.00880E-01  6.16220E-01
  1.40710E-01  2.40050E-01  3.15410E-01  3.92650E-01  4.96080E-01
  8.61840E-02  1.54700E-01  2.10520E-01  2.68940E-01  3.53840E-01

 -2.84000E-01  8.30280E-02  3.20630E-01  5.30010E-01  9.06670E-01
 -2.44130E-01  1.35750E-01  3.83960E-01  5.80860E-01  9.10490E-01
 -2.07750E-01  1.98250E-01  4.56980E-01  6.62960E-01  9.21680E-01
 -1.70380E-01  2.93230E-01  5.82350E-01  7.84460E-01  9.52800E-01
 -1.96250E-01  2.80310E-01  6.16390E-01  8.53240E-01  9.83050E-01
  4.97660E-01  6.64750E-01  7.49490E-01  8.32830E-01  9.70940E-01
  5.66500E-01  7.36050E-01  8.24680E-01  8.92790E-01  9.77950E-01
  6.36460E-01  8.11780E-01  8.96870E-01  9.53870E-01  9.93140E-01
  6.92830E-01  8.60260E-01  9.34590E-01  9.76930E-01  9.97460E-01
  7.26890E-01  8.84760E-01  9.49520E-01  9.82130E-01  9.97960E-01
  7.36230E-01  8.37830E-01  8.91920E-01  9.37200E-01  9.91250E-01
  7.68700E-01  8.80270E-01  9.35700E-01  9.69220E-01  9.95270E-01
  7.99230E-01  9.05630E-01  9.55220E-01  9.84010E-01  9.98260E-01
  8.11590E-01  9.16790E-01  9.62820E-01  9.86890E-01  9.98620E-01
  8.45200E-01  9.35560E-01  9.72240E-01  9.91090E-01  9.99000E-01
  8.58000E-01  9.27810E-01  9.61830E-01  9.82760E-01  9.97660E-01
  8.71890E-01  9.38730E-01  9.70940E-01  9.89960E-01  9.98790E-01
  8.81010E-01  9.44190E-01  9.74370E-01  9.91010E-01  9.98950E-01
  8.90330E-01  9.49670E-01  9.77020E-01  9.92580E-01  9.99210E-01
  9.09420E-01  9.61370E-01  9.83640E-01  9.94370E-01  9.99290E-01
  9.37660E-01  9.71830E-01  9.87100E-01  9.95840E-01  9.99620E-01
  9.39410E-01  9.73280E-01  9.87810E-01  9.95840E-01  9.99500E-01
  9.43200E-01  9.74330E-01  9.88740E-01  9.96110E-01  9.99610E-01
  9.43400E-01  9.77580E-01  9.90290E-01  9.96760E-01  9.99660E-01
  9.48120E-01  9.78560E-01  9.90990E-01  9.97090E-01  9.99700E-01


   24.  52.00   42.  95.94  1.00E+02  8.50E+01  9.49E-01

  4.00880E+01  6.50770E+01  7.64380E+01  8.39370E+01  9.04010E+01

  3.24560E-01  5.40150E-01  6.89710E-01  8.00450E-01  8.99730E-01
  2.55260E-01  4.16910E-01  5.15480E-01  5.98740E-01  7.08730E-01
  1.89730E-01  3.09730E-01  3.89500E-01  4.69650E-01  5.77280E-01
  1.29010E-01  2.21010E-01  2.92260E-01  3.64600E-01  4.63050E-01
  7.89760E-02  1.42610E-01  1.94230E-01  2.47520E-01  3.26090E-01

 -1.39930E-01  2.27920E-01  4.21450E-01  6.00170E-01  9.16380E-01
 -1.04500E-01  2.80510E-01  4.87520E-01  6.54290E-01  9.16830E-01
 -5.30850E-02  3.64340E-01  5.87500E-01  7.56130E-01  9.36330E-01
  2.34250E-02  4.70800E-01  7.13110E-01  8.73040E-01  9.79320E-01
 -6.18700E-02  4.21640E-01  7.20690E-01  9.03020E-01  9.90070E-01
  6.08650E-01  7.42160E-01  8.14140E-01  8.88090E-01  9.81740E-01
  6.65100E-01  8.01090E-01  8.72840E-01  9.26460E-01  9.87100E-01
  7.28850E-01  8.62080E-01  9.25680E-01  9.68530E-01  9.96120E-01
  7.66670E-01  8.95690E-01  9.51460E-01  9.83360E-01  9.98230E-01
  7.97910E-01  9.16780E-01  9.63730E-01  9.87690E-01  9.98600E-01
  7.88180E-01  8.75980E-01  9.20250E-01  9.58100E-01  9.94550E-01
  8.17530E-01  9.07300E-01  9.50580E-01  9.77770E-01  9.96710E-01
  8.41340E-01  9.26140E-01  9.65170E-01  9.88110E-01  9.98660E-01
  8.62670E-01  9.38340E-01  9.72760E-01  9.90360E-01  9.99010E-01
  8.80890E-01  9.48990E-01  9.78450E-01  9.92890E-01  9.99210E-01
  8.88010E-01  9.44750E-01  9.71230E-01  9.88100E-01  9.98410E-01
  8.95970E-01  9.50580E-01  9.76750E-01  9.91600E-01  9.99060E-01
  9.06010E-01  9.55850E-01  9.80300E-01  9.93240E-01  9.99260E-01
  9.13590E-01  9.61110E-01  9.82620E-01  9.94120E-01  9.99330E-01
  9.27100E-01  9.68660E-01  9.86630E-01  9.95820E-01  9.99570E-01
  9.51410E-01  9.79190E-01  9.90670E-01  9.96830E-01  9.99620E-01
  9.54270E-01  9.80100E-01  9.91320E-01  9.97050E-01  9.99680E-01
  9.56530E-01  9.80850E-01  9.91530E-01  9.97190E-01  9.99680E-01
  9.56140E-01  9.82060E-01  9.92610E-01  9.97590E-01  9.99770E-01
  9.60390E-01  9.84050E-01  9.93100E-01  9.97780E-01  9.99760E-01


   24.  52.00   42.  95.94  2.00E+02  0.00E+00  1.62E-01

  5.91220E+00  1.24810E+01  1.99740E+01  2.95840E+01  4.57640E+01

  3.84920E-01  6.30640E-01  7.81970E-01  8.87040E-01  9.63440E-01
  4.26270E-01  6.27150E-01  7.38220E-01  8.48960E-01  9.54180E-01
  3.24490E-01  5.15280E-01  6.86020E-01  8.29720E-01  9.38710E-01
  2.64020E-01  4.89730E-01  6.46500E-01  7.82480E-01  9.16980E-01
  2.46470E-01  4.22710E-01  5.58920E-01  6.92170E-01  8.57570E-01

 -9.43250E-01 -5.81700E-01  1.36700E-02  5.84800E-01  9.51240E-01
 -9.37150E-01 -5.85790E-01  2.26210E-02  5.93930E-01  9.56880E-01
 -9.54000E-01 -6.07300E-01 -4.37420E-02  5.23550E-01  9.40030E-01
 -9.46470E-01 -5.92580E-01  3.95040E-03  6.07440E-01  9.58350E-01
 -9.45850E-01 -5.25750E-01  9.01050E-02  6.03080E-01  9.43830E-01
 -9.41430E-01 -6.18560E-01  8.78210E-03  5.99650E-01  9.54810E-01
 -9.47450E-01 -5.84350E-01  8.72700E-03  5.89190E-01  9.40270E-01
 -9.47910E-01 -5.97820E-01 -2.96880E-02  5.89600E-01  9.51920E-01
 -9.51650E-01 -5.68930E-01  4.84300E-02  6.01720E-01  9.50690E-01
 -9.42750E-01 -5.64760E-01  1.29870E-02  5.76750E-01  9.60720E-01
 -9.59660E-01 -5.73100E-01  5.69220E-02  6.19920E-01  9.61130E-01
 -9.43870E-01 -5.34470E-01 -1.05470E-02  5.74710E-01  9.47060E-01
 -9.47620E-01 -5.60540E-01  3.50060E-02  5.60040E-01  9.44650E-01
 -9.37910E-01 -5.85860E-01 -4.58860E-02  5.76750E-01  9.56450E-01
 -9.38570E-01 -5.15190E-01  1.14030E-01  6.08250E-01  9.55050E-01
 -9.50410E-01 -6.00260E-01 -3.71600E-02  6.01110E-01  9.57910E-01
 -9.52680E-01 -6.03400E-01 -3.18990E-02  5.44790E-01  9.43390E-01
 -9.54330E-01 -6.17510E-01 -9.66360E-02  5.42370E-01  9.49290E-01
 -9.58020E-01 -6.16760E-01 -5.25450E-02  5.74990E-01  9.53140E-01
 -9.34600E-01 -5.84810E-01  1.84110E-02  6.08930E-01  9.48990E-01
 -9.54770E-01 -6.22930E-01 -1.20190E-01  5.17430E-01  9.49300E-01
 -9.18450E-01 -5.27670E-01  2.14800E-02  6.04180E-01  9.46300E-01
 -9.56450E-01 -6.05500E-01 -2.24120E-02  5.85370E-01  9.46930E-01
 -9.61550E-01 -6.50260E-01 -6.81170E-02  5.41980E-01  9.43450E-01
 -9.40900E-01 -5.02920E-01  1.04180E-01  6.18630E-01  9.64190E-01


   24.  52.00   42.  95.94  2.00E+02  3.00E+01  2.44E-01

  7.60920E+00  1.84140E+01  3.36380E+01  5.35970E+01  8.23330E+01

  3.67170E-01  6.01970E-01  7.55060E-01  8.71690E-01  9.60650E-01
  3.96180E-01  6.22570E-01  7.60940E-01  8.66470E-01  9.57650E-01
  3.71150E-01  5.70440E-01  7.05260E-01  8.30550E-01  9.43590E-01
  3.02110E-01  4.70550E-01  6.11550E-01  7.48260E-01  8.84840E-01
  1.99580E-01  3.55450E-01  4.76010E-01  5.90840E-01  7.41400E-01

 -9.84390E-01 -8.24220E-01 -4.39000E-01  1.97690E-01  8.99370E-01
 -9.81190E-01 -7.99270E-01 -4.05940E-01  1.74860E-01  8.83790E-01
 -9.78000E-01 -7.95590E-01 -3.49320E-01  2.69680E-01  8.94900E-01
 -9.72640E-01 -7.61830E-01 -3.06490E-01  3.45190E-01  9.22190E-01
 -9.60310E-01 -6.74800E-01 -1.21660E-01  4.69390E-01  9.40690E-01
 -9.25500E-01 -5.90920E-01 -2.66800E-01  1.41760E-01  8.75860E-01
 -9.10590E-01 -4.40920E-01 -3.40000E-03  3.75830E-01  9.20760E-01
 -9.07590E-01 -3.96310E-01  1.53190E-01  5.86020E-01  9.40080E-01
 -9.02160E-01 -3.30300E-01  2.57780E-01  6.98370E-01  9.61900E-01
 -9.29950E-01 -5.14080E-01  1.82220E-01  6.86490E-01  9.59230E-01
 -6.15320E-01 -4.17730E-02  2.81100E-01  5.28780E-01  9.04210E-01
 -5.31760E-01  1.08850E-01  5.69300E-01  7.86230E-01  9.63790E-01
 -5.52560E-01  1.17820E-01  5.98810E-01  8.69900E-01  9.87810E-01
 -7.02040E-01 -2.17910E-02  4.54450E-01  8.02760E-01  9.80420E-01
 -7.82700E-01 -9.89460E-02  4.21800E-01  7.92300E-01  9.73900E-01
 -7.58760E-02  4.45950E-01  6.83320E-01  8.45150E-01  9.73750E-01
 -5.18360E-02  4.63830E-01  7.79120E-01  9.22080E-01  9.90300E-01
 -1.06910E-01  4.18530E-01  6.94720E-01  8.88120E-01  9.88580E-01
 -5.48070E-02  4.57500E-01  7.20840E-01  9.02500E-01  9.90670E-01
 -1.94450E-01  3.72510E-01  7.15350E-01  8.97260E-01  9.86690E-01
  5.20560E-01  7.99120E-01  9.13330E-01  9.71960E-01  9.97400E-01
  4.65800E-01  7.57140E-01  8.88180E-01  9.65130E-01  9.96630E-01
  4.41290E-01  7.43750E-01  8.82030E-01  9.60080E-01  9.95310E-01
  4.67490E-01  7.53140E-01  8.88170E-01  9.57730E-01  9.96340E-01
  4.07030E-01  7.43730E-01  8.83260E-01  9.63730E-01  9.95720E-01


   24.  52.00   42.  95.94  2.00E+02  4.50E+01  3.68E-01

  1.07430E+01  3.09610E+01  5.63240E+01  8.37850E+01  1.15400E+02

  3.57200E-01  5.99790E-01  7.48800E-01  8.66110E-01  9.58970E-01
  3.97510E-01  6.19860E-01  7.55040E-01  8.59940E-01  9.54430E-01
  3.63300E-01  5.42580E-01  6.62380E-01  7.82500E-01  9.09430E-01
  2.74520E-01  4.21570E-01  5.41880E-01  6.60880E-01  7.98970E-01
  1.62920E-01  2.87730E-01  3.87820E-01  4.87750E-01  6.21710E-01

 -9.68630E-01 -7.87180E-01 -5.07690E-01  6.37870E-02  8.70180E-01
 -9.68810E-01 -7.68770E-01 -4.36870E-01  1.95850E-01  8.79950E-01
 -9.69470E-01 -7.46820E-01 -3.31580E-01  2.66760E-01  9.09860E-01
 -9.61530E-01 -7.23120E-01 -2.68410E-01  3.55410E-01  9.23870E-01
 -9.56110E-01 -6.55530E-01 -1.42530E-01  4.67050E-01  9.22770E-01
 -6.94620E-01 -2.24750E-01  5.83220E-02  4.07310E-01  8.97220E-01
 -6.87000E-01 -1.03150E-01  2.56030E-01  5.58900E-01  9.44460E-01
 -6.27880E-01 -3.47030E-02  4.04910E-01  6.81150E-01  9.52230E-01
 -7.25160E-01 -3.42220E-02  4.95190E-01  8.10880E-01  9.75230E-01
 -8.43570E-01 -2.91350E-01  2.87790E-01  7.60010E-01  9.69670E-01
 -1.76860E-01  2.83580E-01  4.97840E-01  6.70040E-01  9.38790E-01
 -8.24700E-02  4.18480E-01  7.00070E-01  8.52940E-01  9.74300E-01
 -5.84710E-02  4.63540E-01  7.71970E-01  9.23380E-01  9.89470E-01
 -1.41380E-01  4.03730E-01  6.93420E-01  8.88650E-01  9.88010E-01
 -1.85760E-01  3.84950E-01  7.11600E-01  9.00360E-01  9.90970E-01
  3.57740E-01  6.55160E-01  7.93210E-01  8.80690E-01  9.69120E-01
  3.23520E-01  6.98310E-01  8.65260E-01  9.54650E-01  9.94950E-01
  3.31140E-01  6.47630E-01  8.41680E-01  9.46460E-01  9.94010E-01
  3.53300E-01  6.63310E-01  8.42040E-01  9.44610E-01  9.93290E-01
  3.92740E-01  7.26830E-01  8.72320E-01  9.56390E-01  9.95960E-01
  7.24320E-01  8.81060E-01  9.44700E-01  9.81840E-01  9.97530E-01
  6.93180E-01  8.58890E-01  9.37140E-01  9.79950E-01  9.97290E-01
  6.87640E-01  8.58450E-01  9.38930E-01  9.80230E-01  9.98180E-01
  6.82500E-01  8.58660E-01  9.36820E-01  9.78980E-01  9.98100E-01
  6.85960E-01  8.73260E-01  9.45990E-01  9.82220E-01  9.98040E-01


   24.  52.00   42.  95.94  2.00E+02  6.00E+01  5.83E-01

  2.00230E+01  5.90160E+01  9.42800E+01  1.23680E+02  1.50680E+02

  3.70450E-01  5.97590E-01  7.49100E-01  8.64060E-01  9.57740E-01
  3.70430E-01  5.72060E-01  7.00390E-01  8.03340E-01  9.16610E-01
  3.05760E-01  4.67980E-01  5.68700E-01  6.70770E-01  8.06720E-01
  2.19750E-01  3.39570E-01  4.36510E-01  5.35330E-01  6.62110E-01
  1.21210E-01  2.12760E-01  2.89770E-01  3.68610E-01  4.79400E-01

 -8.61320E-01 -5.79270E-01 -3.22030E-01  1.21900E-01  8.70610E-01
 -8.69490E-01 -5.64840E-01 -2.44760E-01  2.61210E-01  8.89140E-01
 -8.85770E-01 -5.52140E-01 -1.88210E-01  2.99110E-01  8.92090E-01
 -9.02690E-01 -5.32330E-01 -1.01240E-01  4.43800E-01  9.08040E-01
 -9.37460E-01 -5.74800E-01 -5.41850E-02  4.94610E-01  9.40370E-01
 -2.22790E-01  1.53370E-01  3.48930E-01  5.37790E-01  9.20900E-01
 -1.98780E-01  2.60170E-01  4.92240E-01  6.79620E-01  9.47180E-01
 -1.03610E-01  3.60010E-01  6.24480E-01  8.12100E-01  9.62530E-01
 -6.63300E-02  4.59440E-01  7.49430E-01  9.04230E-01  9.88670E-01
 -2.13290E-01  3.34880E-01  6.90730E-01  8.96770E-01  9.89410E-01
  2.76600E-01  5.62370E-01  6.88180E-01  7.78120E-01  9.42660E-01
  3.33180E-01  6.61170E-01  8.13870E-01  8.97420E-01  9.78180E-01
  4.04550E-01  7.11440E-01  8.79860E-01  9.60140E-01  9.95580E-01
  4.31930E-01  7.17690E-01  8.69310E-01  9.55400E-01  9.95280E-01
  4.63920E-01  7.57670E-01  8.89700E-01  9.58640E-01  9.95740E-01
  6.18790E-01  7.94700E-01  8.70570E-01  9.21990E-01  9.76490E-01
  6.43840E-01  8.46580E-01  9.28560E-01  9.75200E-01  9.96750E-01
  6.47970E-01  8.35510E-01  9.27380E-01  9.75250E-01  9.97850E-01
  6.74620E-01  8.45800E-01  9.27350E-01  9.74100E-01  9.97240E-01
  7.32730E-01  8.80880E-01  9.47300E-01  9.81690E-01  9.98390E-01
  8.64920E-01  9.38960E-01  9.71520E-01  9.89680E-01  9.98890E-01
  8.55540E-01  9.34070E-01  9.71230E-01  9.90900E-01  9.98760E-01
  8.45160E-01  9.29060E-01  9.69370E-01  9.90130E-01  9.98940E-01
  8.45230E-01  9.34720E-01  9.71350E-01  9.90280E-01  9.98960E-01
  8.72880E-01  9.45920E-01  9.76460E-01  9.92350E-01  9.99180E-01


   24.  52.00   42.  95.94  2.00E+02  7.00E+01  7.72E-01

  3.66290E+01  9.28240E+01  1.28400E+02  1.51990E+02  1.71200E+02

  3.63840E-01  5.80690E-01  7.31410E-01  8.52960E-01  9.52930E-01
  3.24770E-01  5.03800E-01  6.23870E-01  7.18150E-01  8.34850E-01
  2.54920E-01  3.93180E-01  4.78110E-01  5.65900E-01  6.88810E-01
  1.78480E-01  2.78320E-01  3.55120E-01  4.34170E-01  5.40940E-01
  9.09330E-02  1.63610E-01  2.22680E-01  2.84980E-01  3.75400E-01

 -6.68460E-01 -3.55830E-01 -8.47000E-02  2.38810E-01  8.59120E-01
 -6.50250E-01 -3.07360E-01  1.32500E-03  3.48390E-01  8.92560E-01
 -6.22590E-01 -2.52540E-01  6.71730E-02  4.35270E-01  9.02940E-01
 -6.09900E-01 -2.13130E-01  1.45940E-01  5.13110E-01  9.32670E-01
 -7.20540E-01 -2.25530E-01  1.93610E-01  6.09060E-01  9.38740E-01
  1.64940E-01  4.43290E-01  5.68630E-01  6.76100E-01  9.20530E-01
  2.51360E-01  5.46980E-01  6.80910E-01  7.92260E-01  9.51720E-01
  3.39220E-01  6.41940E-01  7.89850E-01  8.89160E-01  9.77540E-01
  4.30880E-01  7.37670E-01  8.74160E-01  9.54370E-01  9.94890E-01
  4.64040E-01  7.48660E-01  8.89370E-01  9.61650E-01  9.95660E-01
  5.84840E-01  7.30310E-01  8.08670E-01  8.64060E-01  9.58380E-01
  6.31110E-01  8.13670E-01  8.90550E-01  9.43260E-01  9.87170E-01
  6.55070E-01  8.45590E-01  9.31890E-01  9.75260E-01  9.97030E-01
  7.03110E-01  8.62410E-01  9.38010E-01  9.78940E-01  9.97260E-01
  7.54240E-01  8.88940E-01  9.49440E-01  9.82600E-01  9.98030E-01
  7.95620E-01  8.87750E-01  9.30220E-01  9.59860E-01  9.90600E-01
  8.12150E-01  9.13390E-01  9.58990E-01  9.85650E-01  9.98450E-01
  8.17610E-01  9.16640E-01  9.64340E-01  9.87920E-01  9.98560E-01
  8.37880E-01  9.27010E-01  9.66980E-01  9.89820E-01  9.98910E-01
  8.67300E-01  9.42880E-01  9.74260E-01  9.91280E-01  9.99110E-01
  9.25540E-01  9.67470E-01  9.84710E-01  9.94450E-01  9.99430E-01
  9.22320E-01  9.66630E-01  9.84690E-01  9.94910E-01  9.99410E-01
  9.20350E-01  9.65180E-01  9.84530E-01  9.95000E-01  9.99540E-01
  9.24910E-01  9.67560E-01  9.86070E-01  9.95520E-01  9.99460E-01
  9.32470E-01  9.71730E-01  9.87700E-01  9.95930E-01  9.99610E-01


   24.  52.00   42.  95.94  2.00E+02  8.00E+01  9.44E-01

  8.12210E+01  1.38720E+02  1.62430E+02  1.75940E+02  1.85860E+02

  3.40060E-01  5.43860E-01  6.88040E-01  7.97250E-01  8.96510E-01
  2.72530E-01  4.16700E-01  5.03130E-01  5.77120E-01  6.76710E-01
  1.97000E-01  2.96340E-01  3.61130E-01  4.27170E-01  5.22700E-01
  1.21300E-01  1.99750E-01  2.59360E-01  3.19200E-01  4.04510E-01
  6.72080E-02  1.20820E-01  1.64750E-01  2.10440E-01  2.78990E-01

 -2.49490E-01  1.01660E-01  3.39840E-01  5.12180E-01  8.35930E-01
 -2.09710E-01  1.82010E-01  4.20330E-01  5.98360E-01  8.81390E-01
 -1.50340E-01  2.41520E-01  5.02870E-01  6.95540E-01  9.13880E-01
 -7.91450E-02  3.85170E-01  6.55650E-01  8.31060E-01  9.61630E-01
 -9.75400E-02  3.74700E-01  6.87510E-01  8.89670E-01  9.88490E-01
  6.29820E-01  7.50600E-01  8.06860E-01  8.55060E-01  9.51920E-01
  6.89710E-01  8.14840E-01  8.73900E-01  9.20330E-01  9.72910E-01
  7.61910E-01  8.77820E-01  9.34270E-01  9.71120E-01  9.95840E-01
  7.95100E-01  9.10040E-01  9.60170E-01  9.85770E-01  9.98150E-01
  8.21550E-01  9.26670E-01  9.68930E-01  9.89830E-01  9.98810E-01
  8.26160E-01  8.91160E-01  9.24220E-01  9.51660E-01  9.89690E-01
  8.56000E-01  9.27010E-01  9.59580E-01  9.81710E-01  9.96910E-01
  8.78850E-01  9.45540E-01  9.74520E-01  9.91700E-01  9.99070E-01
  8.88820E-01  9.50540E-01  9.77460E-01  9.92350E-01  9.99120E-01
  9.07340E-01  9.60480E-01  9.82730E-01  9.94240E-01  9.99380E-01
  9.18250E-01  9.57610E-01  9.76310E-01  9.89060E-01  9.98420E-01
  9.25900E-01  9.64450E-01  9.82900E-01  9.93890E-01  9.99310E-01
  9.28290E-01  9.67540E-01  9.84860E-01  9.94680E-01  9.99390E-01
  9.37170E-01  9.71690E-01  9.87610E-01  9.96080E-01  9.99570E-01
  9.44090E-01  9.77160E-01  9.90420E-01  9.96920E-01  9.99650E-01
  9.65680E-01  9.85110E-01  9.93400E-01  9.97750E-01  9.99740E-01
  9.66550E-01  9.85460E-01  9.93730E-01  9.97850E-01  9.99790E-01
  9.65910E-01  9.85940E-01  9.93760E-01  9.97880E-01  9.99750E-01
  9.67980E-01  9.86610E-01  9.94310E-01  9.98060E-01  9.99780E-01
  9.71210E-01  9.88010E-01  9.94690E-01  9.98270E-01  9.99820E-01


   24.  52.00   42.  95.94  2.00E+02  8.50E+01  9.81E-01

  1.11670E+02  1.57720E+02  1.74030E+02  1.83040E+02  1.89990E+02

  3.36470E-01  5.28090E-01  6.48680E-01  7.38300E-01  8.35360E-01
  2.39700E-01  3.61290E-01  4.28830E-01  4.90710E-01  5.78200E-01
  1.56180E-01  2.45270E-01  3.03730E-01  3.62960E-01  4.45040E-01
  9.74190E-02  1.66450E-01  2.20300E-01  2.73470E-01  3.47880E-01
  5.75310E-02  1.03930E-01  1.41290E-01  1.81080E-01  2.37140E-01

  2.42220E-02  4.25690E-01  5.83700E-01  6.92200E-01  8.76640E-01
  1.42140E-01  5.05170E-01  6.71350E-01  7.80710E-01  9.05550E-01
  2.25500E-01  6.24550E-01  7.83280E-01  8.86950E-01  9.67830E-01
  2.71970E-01  7.13470E-01  8.73720E-01  9.54000E-01  9.94510E-01
  8.49050E-02  5.72450E-01  8.23420E-01  9.45040E-01  9.94280E-01
  7.86560E-01  8.56240E-01  8.91270E-01  9.25620E-01  9.80870E-01
  8.30810E-01  9.02510E-01  9.38560E-01  9.66030E-01  9.92700E-01
  8.65970E-01  9.35080E-01  9.66860E-01  9.86850E-01  9.98490E-01
  8.83870E-01  9.51570E-01  9.77650E-01  9.92160E-01  9.99170E-01
  8.97520E-01  9.58860E-01  9.82410E-01  9.94250E-01  9.99330E-01
  8.98010E-01  9.39930E-01  9.61310E-01  9.80860E-01  9.97510E-01
  9.17300E-01  9.58460E-01  9.78600E-01  9.91440E-01  9.98840E-01
  9.26020E-01  9.65880E-01  9.84450E-01  9.94710E-01  9.99450E-01
  9.33140E-01  9.69790E-01  9.86710E-01  9.95470E-01  9.99530E-01
  9.44710E-01  9.77010E-01  9.90290E-01  9.96800E-01  9.99640E-01
  9.49920E-01  9.75250E-01  9.87400E-01  9.94970E-01  9.99430E-01
  9.52380E-01  9.78410E-01  9.89730E-01  9.96540E-01  9.99620E-01
  9.54780E-01  9.80100E-01  9.90680E-01  9.96770E-01  9.99630E-01
  9.57920E-01  9.82470E-01  9.92410E-01  9.97450E-01  9.99700E-01
  9.64760E-01  9.85400E-01  9.93900E-01  9.97940E-01  9.99740E-01
  9.77840E-01  9.90480E-01  9.95930E-01  9.98550E-01  9.99820E-01
  9.78160E-01  9.90660E-01  9.96010E-01  9.98680E-01  9.99860E-01
  9.78720E-01  9.91260E-01  9.96120E-01  9.98740E-01  9.99860E-01
  9.79280E-01  9.91750E-01  9.96510E-01  9.98900E-01  9.99880E-01
  9.81110E-01  9.92350E-01  9.96780E-01  9.98900E-01  9.99880E-01


   24.  52.00   42.  95.94  5.00E+02  0.00E+00  1.44E-01

  1.12190E+01  3.12520E+01  5.15300E+01  7.87600E+01  1.18800E+02

  4.17460E-01  6.46610E-01  7.76250E-01  8.80800E-01  9.62000E-01
  5.50650E-01  7.45100E-01  8.46620E-01  9.15540E-01  9.72930E-01
  5.11530E-01  6.36940E-01  7.41030E-01  8.53890E-01  9.53560E-01
  3.17720E-01  5.02540E-01  6.62880E-01  7.95090E-01  9.29480E-01
  2.44860E-01  4.29940E-01  5.66390E-01  7.00560E-01  8.66750E-01

 -9.36420E-01 -5.44250E-01  5.44460E-02  6.11530E-01  9.52600E-01
 -9.46390E-01 -5.90570E-01  2.51460E-02  6.04210E-01  9.58190E-01
 -9.48630E-01 -5.19460E-01  3.29140E-02  6.00900E-01  9.51410E-01
 -9.46420E-01 -6.10790E-01 -5.17750E-02  5.61590E-01  9.35420E-01
 -9.59860E-01 -6.24340E-01 -9.73490E-02  5.30380E-01  9.26090E-01
 -9.47160E-01 -5.87470E-01 -7.85540E-02  5.34830E-01  9.60350E-01
 -9.55790E-01 -6.40040E-01 -1.13920E-02  5.85100E-01  9.44290E-01
 -9.59490E-01 -6.49710E-01 -6.88230E-02  5.78820E-01  9.32370E-01
 -9.51050E-01 -6.08900E-01 -5.95970E-02  6.00440E-01  9.45990E-01
 -9.51640E-01 -5.87110E-01  1.62150E-02  5.62000E-01  9.44300E-01
 -9.39560E-01 -5.52950E-01  6.68800E-04  5.87210E-01  9.57530E-01
 -9.53140E-01 -5.44540E-01  9.58400E-02  6.77560E-01  9.65410E-01
 -9.46340E-01 -5.78830E-01 -2.00480E-02  5.80220E-01  9.50280E-01
 -9.40050E-01 -5.88510E-01 -2.23050E-02  5.70210E-01  9.54510E-01
 -9.59390E-01 -6.02500E-01 -5.72330E-03  5.50650E-01  9.51640E-01
 -9.45260E-01 -5.62970E-01 -4.98730E-03  5.68510E-01  9.48490E-01
 -9.42100E-01 -5.08460E-01  9.41630E-02  6.46810E-01  9.54860E-01
 -9.11650E-01 -5.31800E-01  6.13740E-02  6.49870E-01  9.56890E-01
 -9.26120E-01 -5.32440E-01  8.78550E-02  6.15060E-01  9.51290E-01
 -9.40950E-01 -5.61090E-01  1.81250E-02  5.74790E-01  9.37680E-01
 -9.39500E-01 -5.93240E-01 -2.74030E-02  5.94070E-01  9.50130E-01
 -9.47520E-01 -5.73790E-01 -3.53940E-02  5.45140E-01  9.45960E-01
 -9.45270E-01 -5.87280E-01  2.11250E-03  5.92420E-01  9.36190E-01
 -9.27790E-01 -4.98020E-01  1.06550E-01  6.95250E-01  9.64250E-01
 -9.49440E-01 -5.67890E-01  2.47250E-02  5.87550E-01  9.36430E-01


   24.  52.00   42.  95.94  5.00E+02  3.00E+01  2.08E-01

  1.46080E+01  4.00710E+01  7.35170E+01  1.23000E+02  2.00640E+02

  4.34240E-01  6.54600E-01  7.85730E-01  8.85090E-01  9.65100E-01
  4.68960E-01  6.75220E-01  7.96980E-01  8.89030E-01  9.65400E-01
  4.24990E-01  6.24300E-01  7.52280E-01  8.53880E-01  9.52470E-01
  3.76080E-01  5.33620E-01  6.66220E-01  7.89440E-01  9.15420E-01
  2.27510E-01  3.73130E-01  4.95690E-01  6.20410E-01  7.79530E-01

 -9.63280E-01 -6.86340E-01 -1.23690E-01  4.98020E-01  9.38220E-01
 -9.50540E-01 -6.58630E-01 -1.31770E-01  4.98040E-01  9.38390E-01
 -9.55990E-01 -6.77420E-01 -8.35320E-02  5.65370E-01  9.31950E-01
 -9.39510E-01 -5.85100E-01 -1.65720E-02  5.82160E-01  9.50180E-01
 -9.55310E-01 -6.06460E-01  1.73920E-02  6.52000E-01  9.61070E-01
 -9.80730E-01 -8.52650E-01 -5.89300E-01  5.94300E-02  8.66340E-01
 -9.64700E-01 -7.41510E-01 -4.07880E-01  2.54160E-01  9.10170E-01
 -9.51870E-01 -6.70280E-01 -2.79720E-01  2.53510E-01  9.00330E-01
 -9.61310E-01 -6.21940E-01 -1.33170E-01  4.18340E-01  9.15450E-01
 -9.57090E-01 -5.86770E-01 -2.90350E-02  4.91130E-01  9.27470E-01
 -8.30200E-01 -3.73110E-01 -7.84750E-02  2.39730E-01  8.90640E-01
 -7.72920E-01 -2.37060E-01  2.23890E-01  5.53530E-01  9.37240E-01
 -7.18190E-01 -7.79870E-02  4.74780E-01  7.78570E-01  9.68800E-01
 -8.36520E-01 -1.47850E-01  4.41550E-01  8.00940E-01  9.79940E-01
 -8.87790E-01 -3.50960E-01  2.77840E-01  7.16470E-01  9.70070E-01
 -2.54770E-01  2.71540E-01  5.23360E-01  6.98450E-01  9.28110E-01
 -2.29650E-01  3.54760E-01  7.34680E-01  9.05830E-01  9.86520E-01
 -2.93970E-01  2.93360E-01  6.78210E-01  9.02650E-01  9.91310E-01
 -3.66420E-01  3.14760E-01  6.57730E-01  8.67860E-01  9.82390E-01
 -4.99280E-01  2.30990E-01  6.42330E-01  8.76630E-01  9.85230E-01
  5.20430E-01  7.76170E-01  8.83690E-01  9.51030E-01  9.92620E-01
  3.87310E-01  7.01810E-01  8.64950E-01  9.57930E-01  9.95650E-01
  3.65590E-01  7.06640E-01  8.64480E-01  9.54340E-01  9.94630E-01
  3.42670E-01  7.05850E-01  8.62950E-01  9.55330E-01  9.95730E-01
  2.30020E-01  6.66870E-01  8.42880E-01  9.45640E-01  9.94020E-01


   24.  52.00   42.  95.94  5.00E+02  4.50E+01  3.09E-01

  1.96850E+01  5.90990E+01  1.16290E+02  1.90200E+02  2.82150E+02

  4.10350E-01  6.27960E-01  7.67090E-01  8.73490E-01  9.61490E-01
  4.55370E-01  6.64010E-01  7.90730E-01  8.89320E-01  9.65340E-01
  4.18270E-01  6.09200E-01  7.28010E-01  8.30400E-01  9.37740E-01
  3.32380E-01  4.81590E-01  5.93660E-01  7.11890E-01  8.46130E-01
  1.91560E-01  3.05940E-01  4.09530E-01  5.10520E-01  6.50360E-01

 -9.72040E-01 -7.82590E-01 -3.61930E-01  2.77610E-01  8.92240E-01
 -9.81090E-01 -7.62540E-01 -3.74470E-01  2.97900E-01  9.17630E-01
 -9.72390E-01 -7.25640E-01 -2.36710E-01  3.92520E-01  9.27210E-01
 -9.65910E-01 -7.07940E-01 -2.05210E-01  4.49930E-01  9.30500E-01
 -9.49500E-01 -6.47240E-01 -1.08720E-01  5.18060E-01  9.52370E-01
 -8.53820E-01 -5.31190E-01 -2.58810E-01  2.55400E-01  8.87220E-01
 -8.82440E-01 -4.34940E-01 -6.47200E-02  4.79200E-01  9.31920E-01
 -8.89680E-01 -4.43750E-01 -5.94000E-03  5.24900E-01  9.48030E-01
 -9.12570E-01 -4.61150E-01  8.91400E-02  5.51410E-01  9.35360E-01
 -9.32880E-01 -4.46960E-01  1.12740E-01  6.19720E-01  9.52770E-01
 -3.95940E-01  7.20260E-02  2.96090E-01  5.45630E-01  9.32410E-01
 -4.10660E-01  1.72860E-01  5.10640E-01  7.18570E-01  9.60650E-01
 -3.17070E-01  2.90400E-01  6.74020E-01  8.65960E-01  9.83780E-01
 -3.83000E-01  2.60860E-01  6.66140E-01  8.91250E-01  9.89180E-01
 -6.86130E-01 -3.24670E-02  4.71800E-01  8.00200E-01  9.79270E-01
  1.58630E-01  4.95310E-01  6.59260E-01  7.70410E-01  9.48600E-01
  2.21300E-01  6.33310E-01  8.37420E-01  9.33600E-01  9.90980E-01
  1.70000E-01  5.76600E-01  8.08370E-01  9.40030E-01  9.91940E-01
  1.67920E-01  5.83930E-01  7.94000E-01  9.27500E-01  9.92730E-01
  1.96630E-01  6.54160E-01  8.38890E-01  9.41420E-01  9.93020E-01
  7.21420E-01  8.68910E-01  9.28740E-01  9.68220E-01  9.95260E-01
  6.53250E-01  8.53280E-01  9.37140E-01  9.79070E-01  9.97770E-01
  6.35320E-01  8.32210E-01  9.19630E-01  9.71350E-01  9.97210E-01
  6.19690E-01  8.45290E-01  9.31350E-01  9.76060E-01  9.97390E-01
  6.52450E-01  8.48180E-01  9.35500E-01  9.78880E-01  9.97510E-01


   24.  52.00   42.  95.94  5.00E+02  6.00E+01  4.99E-01

  3.33920E+01  1.16230E+02  2.10610E+02  2.97470E+02  3.76750E+02

  4.10670E-01  6.30240E-01  7.65340E-01  8.72770E-01  9.60800E-01
  4.16840E-01  6.18840E-01  7.50280E-01  8.55650E-01  9.48880E-01
  3.51960E-01  5.19880E-01  6.24080E-01  7.22380E-01  8.50510E-01
  2.62870E-01  3.79380E-01  4.65400E-01  5.64430E-01  6.92660E-01
  1.39310E-01  2.23600E-01  2.97830E-01  3.74730E-01  4.85460E-01

 -9.63890E-01 -8.04630E-01 -4.67650E-01  1.85660E-01  8.61570E-01
 -9.68740E-01 -7.62680E-01 -3.56140E-01  2.99300E-01  9.05690E-01
 -9.72070E-01 -7.48170E-01 -3.08940E-01  3.57580E-01  9.24070E-01
 -9.61710E-01 -7.05640E-01 -2.19380E-01  4.39890E-01  9.24890E-01
 -9.64150E-01 -6.77130E-01 -1.30200E-01  4.67580E-01  9.38480E-01
 -4.94830E-01 -8.05100E-02  1.41810E-01  4.62190E-01  9.19870E-01
 -4.68970E-01  2.64250E-03  2.96370E-01  6.01940E-01  9.46540E-01
 -4.59190E-01  6.82430E-02  3.79030E-01  6.55650E-01  9.54610E-01
 -4.58770E-01  1.63890E-01  5.28410E-01  7.80300E-01  9.67120E-01
 -6.48230E-01  2.96900E-02  5.12730E-01  8.17150E-01  9.77640E-01
  1.22380E-01  4.24770E-01  5.63950E-01  6.90100E-01  9.41460E-01
  1.78240E-01  5.30190E-01  7.14830E-01  8.27540E-01  9.70530E-01
  2.46600E-01  6.21210E-01  8.22190E-01  9.25700E-01  9.87990E-01
  2.76560E-01  6.48440E-01  8.42810E-01  9.48630E-01  9.95150E-01
  3.17100E-01  6.76050E-01  8.44920E-01  9.47480E-01  9.94770E-01
  5.59030E-01  7.32800E-01  8.10290E-01  8.75990E-01  9.63530E-01
  5.84470E-01  7.99470E-01  9.03110E-01  9.58490E-01  9.93230E-01
  6.00360E-01  8.21470E-01  9.24640E-01  9.74780E-01  9.97540E-01
  6.18240E-01  8.09260E-01  9.15030E-01  9.68790E-01  9.96600E-01
  6.73550E-01  8.60330E-01  9.36690E-01  9.78550E-01  9.97830E-01
  8.64940E-01  9.32170E-01  9.61670E-01  9.81400E-01  9.96940E-01
  8.42290E-01  9.32360E-01  9.70470E-01  9.90030E-01  9.98910E-01
  8.43310E-01  9.28430E-01  9.68070E-01  9.88990E-01  9.98790E-01
  8.49670E-01  9.35480E-01  9.70210E-01  9.90370E-01  9.98990E-01
  8.57780E-01  9.42600E-01  9.74670E-01  9.91750E-01  9.99180E-01


   24.  52.00   42.  95.94  5.00E+02  7.00E+01  7.02E-01

  6.48210E+01  2.10020E+02  3.14400E+02  3.84420E+02  4.35380E+02

  3.92140E-01  6.08820E-01  7.49840E-01  8.63840E-01  9.58670E-01
  3.47510E-01  5.26360E-01  6.56480E-01  7.59580E-01  8.70170E-01
  2.76990E-01  4.10730E-01  4.99570E-01  5.80960E-01  7.00110E-01
  2.02770E-01  2.92260E-01  3.58850E-01  4.36290E-01  5.35870E-01
  1.00390E-01  1.64310E-01  2.17260E-01  2.73570E-01  3.52690E-01

 -7.88030E-01 -5.51230E-01 -2.89510E-01  1.34740E-01  8.34890E-01
 -7.90650E-01 -5.21800E-01 -2.03800E-01  2.95980E-01  9.03620E-01
 -8.15510E-01 -4.93520E-01 -1.54260E-01  3.76780E-01  9.17660E-01
 -8.62380E-01 -4.91940E-01 -5.45950E-02  4.53580E-01  9.29830E-01
 -9.21140E-01 -5.14160E-01  2.40820E-02  5.89180E-01  9.47810E-01
  2.95350E-02  3.28040E-01  4.67310E-01  6.04910E-01  9.23440E-01
  7.95060E-02  4.13380E-01  5.75080E-01  7.17530E-01  9.55710E-01
  1.66290E-01  5.22780E-01  6.91000E-01  8.24250E-01  9.68180E-01
  3.08960E-01  6.52260E-01  8.23150E-01  9.25370E-01  9.89270E-01
  3.07690E-01  6.89230E-01  8.56510E-01  9.54870E-01  9.94960E-01
  5.11670E-01  6.91950E-01  7.64400E-01  8.27300E-01  9.56590E-01
  5.75310E-01  7.65140E-01  8.50270E-01  9.08270E-01  9.72910E-01
  6.52650E-01  8.37750E-01  9.19630E-01  9.66860E-01  9.95150E-01
  6.70970E-01  8.48890E-01  9.36650E-01  9.79610E-01  9.97520E-01
  7.29850E-01  8.76340E-01  9.42800E-01  9.80080E-01  9.97970E-01
  7.79290E-01  8.69000E-01  9.11470E-01  9.40600E-01  9.79480E-01
  8.10650E-01  9.09630E-01  9.55630E-01  9.81230E-01  9.97350E-01
  8.22950E-01  9.15480E-01  9.63680E-01  9.88010E-01  9.98570E-01
  8.33630E-01  9.21750E-01  9.64060E-01  9.87400E-01  9.98690E-01
  8.78030E-01  9.44710E-01  9.74210E-01  9.91850E-01  9.99000E-01
  9.35080E-01  9.70000E-01  9.84240E-01  9.93150E-01  9.99130E-01
  9.29150E-01  9.69970E-01  9.86930E-01  9.95640E-01  9.99450E-01
  9.30270E-01  9.68700E-01  9.86400E-01  9.95570E-01  9.99560E-01
  9.33850E-01  9.71060E-01  9.87600E-01  9.95830E-01  9.99580E-01
  9.38500E-01  9.75220E-01  9.89290E-01  9.96520E-01  9.99650E-01


   24.  52.00   42.  95.94  5.00E+02  8.00E+01  9.34E-01

  2.09830E+02  3.71230E+02  4.30450E+02  4.59300E+02  4.77560E+02

  3.32800E-01  5.28010E-01  6.70850E-01  7.86780E-01  8.89020E-01
  2.57290E-01  3.86110E-01  4.68160E-01  5.36810E-01  6.25180E-01
  1.85530E-01  2.68110E-01  3.20590E-01  3.76080E-01  4.53450E-01
  1.14530E-01  1.73230E-01  2.17290E-01  2.65550E-01  3.31840E-01
  5.41150E-02  9.63350E-02  1.29920E-01  1.65250E-01  2.16870E-01

 -2.85200E-01  6.74030E-02  3.15870E-01  4.96040E-01  8.23150E-01
 -2.52670E-01  1.23170E-01  3.86520E-01  5.77100E-01  8.69570E-01
 -1.67050E-01  2.09710E-01  4.85930E-01  6.84950E-01  9.30050E-01
 -1.15060E-01  3.13190E-01  6.07280E-01  8.02860E-01  9.54000E-01
 -7.99500E-02  3.37200E-01  6.84320E-01  8.95270E-01  9.88170E-01
  6.84270E-01  7.83150E-01  8.26710E-01  8.66330E-01  9.46850E-01
  7.32130E-01  8.36070E-01  8.83570E-01  9.21830E-01  9.68770E-01
  7.96270E-01  8.95580E-01  9.38320E-01  9.71250E-01  9.94820E-01
  8.29160E-01  9.23210E-01  9.63240E-01  9.86830E-01  9.98790E-01
  8.67290E-01  9.45080E-01  9.77280E-01  9.92660E-01  9.99240E-01
  8.69640E-01  9.15320E-01  9.37840E-01  9.55590E-01  9.84470E-01
  8.93580E-01  9.45870E-01  9.69110E-01  9.84330E-01  9.96400E-01
  9.09600E-01  9.60820E-01  9.82440E-01  9.93970E-01  9.99360E-01
  9.18990E-01  9.63850E-01  9.84090E-01  9.94680E-01  9.99480E-01
  9.35860E-01  9.73620E-01  9.88380E-01  9.96120E-01  9.99600E-01
  9.45950E-01  9.69890E-01  9.81480E-01  9.90280E-01  9.98210E-01
  9.52190E-01  9.77830E-01  9.89600E-01  9.96160E-01  9.99570E-01
  9.53360E-01  9.79640E-01  9.91190E-01  9.97060E-01  9.99680E-01
  9.58870E-01  9.81880E-01  9.91980E-01  9.97390E-01  9.99690E-01
  9.66830E-01  9.85900E-01  9.93830E-01  9.97930E-01  9.99790E-01
  9.82050E-01  9.91880E-01  9.96390E-01  9.98770E-01  9.99860E-01
  9.80930E-01  9.91410E-01  9.96100E-01  9.98740E-01  9.99870E-01
  9.80350E-01  9.91580E-01  9.96460E-01  9.98820E-01  9.99880E-01
  9.80560E-01  9.91930E-01  9.96420E-01  9.98740E-01  9.99860E-01
  9.82630E-01  9.92800E-01  9.96900E-01  9.98990E-01  9.99900E-01


   24.  52.00   42.  95.94  5.00E+02  8.50E+01  9.91E-01

  3.55450E+02  4.44120E+02  4.68470E+02  4.79900E+02  4.87800E+02

  3.06220E-01  4.63030E-01  5.55290E-01  6.32810E-01  7.37480E-01
  1.94870E-01  2.74770E-01  3.22280E-01  3.67440E-01  4.31390E-01
  1.14920E-01  1.74380E-01  2.15100E-01  2.55780E-01  3.13410E-01
  6.78700E-02  1.14700E-01  1.50940E-01  1.87560E-01  2.36200E-01
  3.93440E-02  7.10210E-02  9.57810E-02  1.21550E-01  1.57310E-01

  3.24490E-01  6.47040E-01  7.54440E-01  8.20270E-01  8.97510E-01
  4.18930E-01  7.37410E-01  8.42190E-01  9.02350E-01  9.53140E-01
  5.39940E-01  8.39150E-01  9.23990E-01  9.69280E-01  9.95390E-01
  5.51070E-01  8.57360E-01  9.41560E-01  9.80850E-01  9.97870E-01
  2.28220E-01  6.94270E-01  8.77850E-01  9.61960E-01  9.96840E-01
  9.02840E-01  9.32920E-01  9.49080E-01  9.65350E-01  9.87530E-01
  9.26630E-01  9.59000E-01  9.74990E-01  9.87180E-01  9.97600E-01
  9.40940E-01  9.71800E-01  9.86350E-01  9.94920E-01  9.99400E-01
  9.50570E-01  9.79690E-01  9.90730E-01  9.97010E-01  9.99680E-01
  9.56590E-01  9.82150E-01  9.92330E-01  9.97430E-01  9.99720E-01
  9.58880E-01  9.75680E-01  9.84980E-01  9.93470E-01  9.99250E-01
  9.66400E-01  9.83780E-01  9.91840E-01  9.96830E-01  9.99640E-01
  9.69640E-01  9.86630E-01  9.93680E-01  9.97840E-01  9.99780E-01
  9.72350E-01  9.88160E-01  9.94850E-01  9.98350E-01  9.99810E-01
  9.76230E-01  9.89990E-01  9.95680E-01  9.98570E-01  9.99840E-01
  9.81170E-01  9.91090E-01  9.95560E-01  9.98410E-01  9.99840E-01
  9.81360E-01  9.91620E-01  9.96120E-01  9.98650E-01  9.99850E-01
  9.81460E-01  9.91980E-01  9.96310E-01  9.98750E-01  9.99880E-01
  9.83030E-01  9.92910E-01  9.96910E-01  9.98990E-01  9.99890E-01
  9.85760E-01  9.94230E-01  9.97480E-01  9.99200E-01  9.99910E-01
  9.91710E-01  9.96440E-01  9.98450E-01  9.99490E-01  9.99950E-01
  9.91200E-01  9.96420E-01  9.98410E-01  9.99460E-01  9.99950E-01
  9.91420E-01  9.96390E-01  9.98410E-01  9.99470E-01  9.99940E-01
  9.92020E-01  9.96690E-01  9.98560E-01  9.99520E-01  9.99940E-01
  9.93030E-01  9.97140E-01  9.98760E-01  9.99570E-01  9.99950E-01


   24.  52.00   42.  95.94  1.00E+03  0.00E+00  1.23E-01

  1.74900E+01  5.55870E+01  9.61100E+01  1.50790E+02  2.38800E+02

  4.28630E-01  6.50740E-01  7.88620E-01  8.89620E-01  9.63810E-01
  5.41520E-01  7.23140E-01  8.35320E-01  9.15860E-01  9.74150E-01
  5.51270E-01  7.03520E-01  7.84920E-01  8.73750E-01  9.56120E-01
  3.98680E-01  5.45060E-01  6.88000E-01  8.12240E-01  9.38990E-01
  2.57170E-01  4.33120E-01  5.72760E-01  7.03480E-01  8.75420E-01

 -9.39600E-01 -6.19630E-01 -5.66610E-02  6.05570E-01  9.50470E-01
 -9.62300E-01 -6.65850E-01 -2.99250E-03  5.84580E-01  9.45990E-01
 -9.46140E-01 -6.07390E-01 -1.70120E-02  5.57370E-01  9.27900E-01
 -9.47010E-01 -5.65370E-01  1.84920E-02  6.11050E-01  9.53560E-01
 -9.46020E-01 -6.12460E-01 -3.35300E-02  5.29810E-01  9.49100E-01
 -9.62390E-01 -5.91650E-01 -9.85100E-03  6.08960E-01  9.46000E-01
 -9.51200E-01 -6.05220E-01  9.50650E-03  5.83610E-01  9.61620E-01
 -9.32580E-01 -4.91300E-01  1.06510E-01  6.62110E-01  9.62870E-01
 -9.47780E-01 -5.49380E-01  1.20890E-02  5.85200E-01  9.50990E-01
 -9.39660E-01 -6.22890E-01 -3.38040E-02  5.39280E-01  9.22560E-01
 -9.31140E-01 -5.73740E-01  6.06090E-02  5.85780E-01  9.57450E-01
 -9.52330E-01 -5.90170E-01  1.94390E-02  5.58900E-01  9.55210E-01
 -9.33130E-01 -5.65880E-01  1.97870E-02  5.79080E-01  9.53650E-01
 -9.40190E-01 -5.50750E-01 -1.39670E-02  6.39950E-01  9.65040E-01
 -9.58420E-01 -6.19500E-01  8.11500E-04  5.90830E-01  9.52860E-01
 -9.49290E-01 -5.86430E-01 -9.45030E-03  5.43430E-01  9.52190E-01
 -9.46830E-01 -5.83160E-01  1.48700E-03  6.23940E-01  9.65190E-01
 -9.46670E-01 -6.06860E-01 -3.74880E-02  5.71800E-01  9.28850E-01
 -9.55650E-01 -6.02570E-01  2.54640E-02  6.20420E-01  9.58040E-01
 -9.26800E-01 -5.39010E-01  8.18350E-03  5.64570E-01  9.36730E-01
 -9.61810E-01 -6.19160E-01  3.43400E-02  6.14100E-01  9.51200E-01
 -9.44490E-01 -5.50900E-01  7.07690E-02  6.31030E-01  9.68250E-01
 -9.15200E-01 -5.39400E-01  1.45850E-02  6.15480E-01  9.61270E-01
 -9.44170E-01 -5.66720E-01 -1.23110E-02  5.53780E-01  9.48300E-01
 -9.56350E-01 -5.58720E-01 -2.35570E-02  5.09330E-01  9.25340E-01


   24.  52.00   42.  95.94  1.00E+03  3.00E+01  1.82E-01

  2.18280E+01  7.19630E+01  1.35220E+02  2.30310E+02  3.86660E+02

  4.54820E-01  6.65270E-01  7.93160E-01  8.89650E-01  9.67040E-01
  5.10850E-01  6.96510E-01  8.10170E-01  8.97140E-01  9.69390E-01
  4.50370E-01  6.44370E-01  7.67310E-01  8.64780E-01  9.58430E-01
  3.87740E-01  5.54100E-01  6.76780E-01  7.99270E-01  9.30320E-01
  2.43900E-01  3.80880E-01  5.07890E-01  6.35670E-01  7.95270E-01

 -9.50260E-01 -6.42320E-01 -5.60120E-02  5.17210E-01  9.40090E-01
 -9.48160E-01 -5.44670E-01 -9.72330E-03  5.21300E-01  9.39530E-01
 -9.53000E-01 -5.83620E-01 -1.13730E-02  5.63650E-01  9.54840E-01
 -9.47820E-01 -6.17860E-01 -9.78500E-02  4.82770E-01  9.41660E-01
 -9.54700E-01 -5.95860E-01  2.72160E-02  6.17570E-01  9.50290E-01
 -9.76510E-01 -7.77620E-01 -3.38590E-01  4.18840E-01  9.23760E-01
 -9.71300E-01 -7.83990E-01 -3.55820E-01  3.38120E-01  9.00190E-01
 -9.71060E-01 -7.55380E-01 -2.56100E-01  4.63180E-01  9.30610E-01
 -9.65400E-01 -7.25620E-01 -2.05500E-01  4.07620E-01  9.22570E-01
 -9.43430E-01 -5.76740E-01 -9.01230E-02  4.96550E-01  9.25270E-01
 -8.95770E-01 -5.59070E-01 -2.46520E-01  2.39390E-01  8.95610E-01
 -8.62700E-01 -2.91920E-01  1.45020E-01  5.66650E-01  9.53130E-01
 -8.46650E-01 -2.30100E-01  3.09550E-01  6.90340E-01  9.58520E-01
 -8.40740E-01 -2.74940E-01  3.60360E-01  7.75830E-01  9.64240E-01
 -8.92950E-01 -3.89770E-01  2.02830E-01  7.24280E-01  9.72230E-01
 -3.78130E-01  1.08690E-01  3.77290E-01  6.10880E-01  9.35780E-01
 -3.11180E-01  3.62520E-01  6.96020E-01  8.75040E-01  9.82680E-01
 -3.88280E-01  2.75380E-01  6.89160E-01  8.94030E-01  9.89170E-01
 -4.57830E-01  2.13200E-01  5.84250E-01  8.54420E-01  9.85110E-01
 -6.54050E-01  1.06760E-01  5.92970E-01  8.57990E-01  9.87560E-01
  4.50580E-01  7.17160E-01  8.44740E-01  9.25880E-01  9.83710E-01
  3.46470E-01  7.02740E-01  8.75520E-01  9.54820E-01  9.95190E-01
  2.55690E-01  6.55920E-01  8.33030E-01  9.45700E-01  9.94490E-01
  2.63720E-01  6.71200E-01  8.50810E-01  9.48630E-01  9.93220E-01
  1.49200E-01  6.30150E-01  8.38460E-01  9.49520E-01  9.96240E-01


   24.  52.00   42.  95.94  1.00E+03  4.50E+01  2.68E-01

  3.01360E+01  1.03040E+02  2.07590E+02  3.49390E+02  5.43690E+02

  4.59430E-01  6.69150E-01  7.95770E-01  8.87650E-01  9.65040E-01
  4.67930E-01  6.63990E-01  7.88700E-01  8.83770E-01  9.63950E-01
  4.38940E-01  6.26820E-01  7.46330E-01  8.45710E-01  9.46100E-01
  3.66250E-01  5.16360E-01  6.23870E-01  7.38950E-01  8.76400E-01
  2.12130E-01  3.21310E-01  4.20790E-01  5.26650E-01  6.72120E-01

 -9.55840E-01 -6.61320E-01 -1.74360E-01  4.37440E-01  9.29260E-01
 -9.59740E-01 -6.65770E-01 -1.38850E-01  4.61680E-01  9.37250E-01
 -9.60800E-01 -6.29570E-01 -5.71590E-02  5.25940E-01  9.32120E-01
 -9.48000E-01 -6.10440E-01 -2.43540E-02  5.90910E-01  9.48780E-01
 -9.55190E-01 -6.32210E-01 -8.24100E-02  5.57220E-01  9.36360E-01
 -9.30190E-01 -7.12890E-01 -4.31710E-01  2.33420E-01  9.10900E-01
 -9.36280E-01 -6.25640E-01 -2.54050E-01  3.71370E-01  9.02110E-01
 -9.35870E-01 -5.85720E-01 -1.35360E-01  4.74820E-01  9.37450E-01
 -9.45180E-01 -5.88830E-01 -1.06910E-01  4.97480E-01  9.38500E-01
 -9.45990E-01 -5.59840E-01 -9.96750E-03  5.48560E-01  9.36050E-01
 -5.11770E-01 -5.47360E-02  1.94850E-01  5.43180E-01  9.44050E-01
 -5.22870E-01  6.81970E-02  4.14890E-01  6.94190E-01  9.56810E-01
 -4.86710E-01  1.67420E-01  5.49040E-01  7.87610E-01  9.74320E-01
 -5.38210E-01  1.36240E-01  5.74150E-01  8.45860E-01  9.78840E-01
 -7.70820E-01 -8.21140E-02  4.36450E-01  8.10060E-01  9.80930E-01
  6.49580E-02  4.33310E-01  6.05240E-01  7.60780E-01  9.57150E-01
  1.04410E-01  5.73440E-01  7.98300E-01  9.16110E-01  9.84970E-01
  7.15300E-02  5.47430E-01  8.21070E-01  9.44980E-01  9.94550E-01
  6.28640E-02  5.33770E-01  7.74260E-01  9.23740E-01  9.92140E-01
 -7.01850E-02  5.07560E-01  7.75210E-01  9.22290E-01  9.91470E-01
  6.83540E-01  8.35090E-01  9.01500E-01  9.51030E-01  9.92710E-01
  6.43790E-01  8.54780E-01  9.40330E-01  9.80360E-01  9.97340E-01
  5.88660E-01  8.27070E-01  9.20460E-01  9.72680E-01  9.97230E-01
  6.02710E-01  8.26770E-01  9.24190E-01  9.70790E-01  9.96840E-01
  5.77980E-01  8.15700E-01  9.19040E-01  9.72880E-01  9.97310E-01


   24.  52.00   42.  95.94  1.00E+03  6.00E+01  4.31E-01

  5.18230E+01  1.88600E+02  3.70120E+02  5.55580E+02  7.39080E+02

  4.47560E-01  6.50430E-01  7.77260E-01  8.75180E-01  9.59590E-01
  4.45530E-01  6.39230E-01  7.70430E-01  8.73630E-01  9.59640E-01
  3.75660E-01  5.47070E-01  6.65560E-01  7.64240E-01  8.89190E-01
  2.84200E-01  4.11830E-01  4.98440E-01  5.98380E-01  7.31080E-01
  1.56070E-01  2.36800E-01  3.04380E-01  3.83630E-01  4.97950E-01

 -9.74840E-01 -7.99320E-01 -4.20430E-01  1.72940E-01  8.62270E-01
 -9.70370E-01 -7.55680E-01 -3.06710E-01  3.92630E-01  9.22110E-01
 -9.66690E-01 -7.08350E-01 -2.56180E-01  3.97940E-01  9.28110E-01
 -9.66240E-01 -7.06350E-01 -2.06160E-01  4.36620E-01  9.30060E-01
 -9.60020E-01 -6.34360E-01 -6.64180E-02  5.56910E-01  9.47330E-01
 -6.43070E-01 -2.36370E-01  4.17170E-02  5.15380E-01  9.34830E-01
 -6.68160E-01 -1.59710E-01  1.58960E-01  6.06540E-01  9.56250E-01
 -6.73390E-01 -1.62240E-01  2.19520E-01  5.99270E-01  9.52770E-01
 -7.00590E-01 -1.27210E-01  2.92130E-01  6.59130E-01  9.49400E-01
 -8.16880E-01 -2.72500E-01  2.85450E-01  7.10150E-01  9.60050E-01
 -2.11820E-02  3.25070E-01  4.92290E-01  6.66950E-01  9.55240E-01
  3.73270E-02  4.31970E-01  6.33030E-01  7.84820E-01  9.73600E-01
  9.45810E-02  5.28800E-01  7.45300E-01  8.78850E-01  9.79570E-01
  1.48060E-01  5.80320E-01  8.13960E-01  9.37150E-01  9.93700E-01
 -2.97020E-02  5.03680E-01  7.67430E-01  9.20340E-01  9.91240E-01
  4.49020E-01  6.62620E-01  7.56010E-01  8.33120E-01  9.60250E-01
  5.35540E-01  7.69800E-01  8.72560E-01  9.36110E-01  9.88860E-01
  5.47920E-01  7.94070E-01  9.10650E-01  9.69620E-01  9.96280E-01
  5.50270E-01  7.82070E-01  8.97400E-01  9.66350E-01  9.96330E-01
  6.06880E-01  8.19750E-01  9.16100E-01  9.73990E-01  9.97230E-01
  8.33170E-01  9.18090E-01  9.50480E-01  9.74590E-01  9.94100E-01
  8.35130E-01  9.28910E-01  9.67910E-01  9.89110E-01  9.98850E-01
  8.18430E-01  9.19400E-01  9.64110E-01  9.89010E-01  9.99060E-01
  8.20240E-01  9.22630E-01  9.65590E-01  9.88600E-01  9.98880E-01
  8.35660E-01  9.30460E-01  9.70210E-01  9.89650E-01  9.98940E-01


   24.  52.00   42.  95.94  1.00E+03  7.00E+01  6.16E-01

  9.58210E+01  3.48960E+02  5.79510E+02  7.46250E+02  8.65170E+02

  4.25680E-01  6.33400E-01  7.64050E-01  8.70030E-01  9.61810E-01
  3.71400E-01  5.59070E-01  6.91200E-01  8.04080E-01  9.11070E-01
  2.92840E-01  4.36760E-01  5.39180E-01  6.25260E-01  7.46670E-01
  2.16480E-01  3.11270E-01  3.77820E-01  4.52320E-01  5.57510E-01
  1.14230E-01  1.72400E-01  2.22780E-01  2.78050E-01  3.56900E-01

 -8.89490E-01 -6.66060E-01 -3.57540E-01  2.31020E-01  8.91810E-01
 -9.00700E-01 -6.34610E-01 -2.52970E-01  3.71350E-01  9.20430E-01
 -9.27230E-01 -6.14890E-01 -1.56620E-01  4.19630E-01  9.32000E-01
 -9.48890E-01 -6.33630E-01 -1.27390E-01  4.67380E-01  9.18050E-01
 -9.49070E-01 -6.03800E-01 -7.06050E-02  5.12280E-01  9.44920E-01
 -1.41100E-01  1.96760E-01  3.59710E-01  5.95710E-01  9.44780E-01
 -1.04800E-01  2.76670E-01  4.65070E-01  7.00280E-01  9.59930E-01
 -3.47980E-02  3.67410E-01  5.74350E-01  7.59760E-01  9.70260E-01
  1.11650E-02  4.50160E-01  6.86680E-01  8.54370E-01  9.78170E-01
 -8.18700E-02  4.84830E-01  7.55530E-01  9.11570E-01  9.90870E-01
  4.18150E-01  6.17740E-01  7.00990E-01  7.81170E-01  9.56400E-01
  4.67160E-01  6.94320E-01  7.95210E-01  8.71260E-01  9.74990E-01
  5.61330E-01  7.89820E-01  8.84810E-01  9.46830E-01  9.90590E-01
  6.11960E-01  8.39220E-01  9.30250E-01  9.77120E-01  9.97500E-01
  6.42600E-01  8.46150E-01  9.30890E-01  9.77230E-01  9.97250E-01
  7.34700E-01  8.36720E-01  8.80820E-01  9.15480E-01  9.71860E-01
  7.67490E-01  8.86660E-01  9.37340E-01  9.70510E-01  9.93430E-01
  7.93490E-01  9.09830E-01  9.61300E-01  9.85650E-01  9.98510E-01
  8.10190E-01  9.08470E-01  9.58420E-01  9.85750E-01  9.98400E-01
  8.45070E-01  9.30630E-01  9.68700E-01  9.89470E-01  9.98770E-01
  9.25920E-01  9.62170E-01  9.78910E-01  9.89790E-01  9.97820E-01
  9.23530E-01  9.66920E-01  9.85130E-01  9.95010E-01  9.99470E-01
  9.23570E-01  9.66070E-01  9.84810E-01  9.94970E-01  9.99440E-01
  9.28700E-01  9.68400E-01  9.86060E-01  9.95650E-01  9.99560E-01
  9.36640E-01  9.73900E-01  9.89000E-01  9.96680E-01  9.99620E-01


   24.  52.00   42.  95.94  1.00E+03  8.00E+01  8.95E-01

  3.70370E+02  7.32360E+02  8.62850E+02  9.23710E+02  9.60690E+02

  3.31420E-01  5.24950E-01  6.73960E-01  7.95290E-01  9.03580E-01
  2.42410E-01  3.74130E-01  4.68790E-01  5.43460E-01  6.32640E-01
  1.82940E-01  2.63480E-01  3.15990E-01  3.68080E-01  4.42950E-01
  1.22630E-01  1.72100E-01  2.10050E-01  2.51740E-01  3.10010E-01
  5.40890E-02  9.06080E-02  1.19620E-01  1.50540E-01  1.95290E-01

 -3.42330E-01 -1.37150E-02  2.47210E-01  4.47970E-01  8.43910E-01
 -3.15150E-01  2.66950E-02  2.97290E-01  5.26850E-01  9.11780E-01
 -2.55080E-01  9.15530E-02  3.76920E-01  6.08980E-01  9.27920E-01
 -1.92760E-01  1.81440E-01  4.88820E-01  7.26400E-01  9.44630E-01
 -1.61260E-01  2.27650E-01  5.73670E-01  8.28690E-01  9.76470E-01
  6.57410E-01  7.53370E-01  8.04360E-01  8.47790E-01  9.48770E-01
  6.96820E-01  8.08230E-01  8.58830E-01  9.03120E-01  9.69770E-01
  7.64610E-01  8.67370E-01  9.19020E-01  9.56550E-01  9.88560E-01
  8.27710E-01  9.18020E-01  9.59000E-01  9.84930E-01  9.98260E-01
  8.63340E-01  9.44290E-01  9.75850E-01  9.91630E-01  9.99170E-01
  8.64720E-01  9.10470E-01  9.31550E-01  9.49810E-01  9.82490E-01
  8.88430E-01  9.38700E-01  9.61690E-01  9.78890E-01  9.94340E-01
  9.10170E-01  9.59020E-01  9.79960E-01  9.92280E-01  9.99070E-01
  9.20930E-01  9.64810E-01  9.84590E-01  9.94890E-01  9.99430E-01
  9.40460E-01  9.74810E-01  9.88970E-01  9.96320E-01  9.99610E-01
  9.46290E-01  9.68370E-01  9.78810E-01  9.87550E-01  9.97270E-01
  9.55150E-01  9.79070E-01  9.89730E-01  9.95990E-01  9.99490E-01
  9.58900E-01  9.82000E-01  9.92050E-01  9.97350E-01  9.99700E-01
  9.63570E-01  9.83650E-01  9.92510E-01  9.97640E-01  9.99730E-01
  9.70770E-01  9.87580E-01  9.94720E-01  9.98200E-01  9.99840E-01
  9.85470E-01  9.93270E-01  9.96770E-01  9.98920E-01  9.99870E-01
  9.84110E-01  9.93120E-01  9.97030E-01  9.99060E-01  9.99900E-01
  9.84840E-01  9.93290E-01  9.97150E-01  9.99070E-01  9.99900E-01
  9.85320E-01  9.93710E-01  9.97230E-01  9.99090E-01  9.99900E-01
  9.85840E-01  9.94230E-01  9.97500E-01  9.99190E-01  9.99910E-01


   24.  52.00   42.  95.94  1.00E+03  8.50E+01  9.90E-01

  7.61480E+02  9.18480E+02  9.56550E+02  9.72720E+02  9.82670E+02

  2.70780E-01  4.20690E-01  5.07690E-01  5.82790E-01  6.95510E-01
  1.68090E-01  2.34030E-01  2.74040E-01  3.11590E-01  3.65270E-01
  9.95220E-02  1.46020E-01  1.77170E-01  2.09390E-01  2.53590E-01
  5.79590E-02  9.45610E-02  1.22400E-01  1.49090E-01  1.83600E-01
  3.17430E-02  5.62340E-02  7.49650E-02  9.32390E-02  1.18760E-01

  4.32640E-01  7.07670E-01  7.99860E-01  8.54870E-01  9.14650E-01
  5.18430E-01  7.93660E-01  8.77850E-01  9.24780E-01  9.64150E-01
  5.95670E-01  8.68560E-01  9.40880E-01  9.77360E-01  9.97150E-01
  5.65710E-01  8.65820E-01  9.46060E-01  9.83520E-01  9.98400E-01
  2.57950E-01  7.23010E-01  8.87380E-01  9.63370E-01  9.95840E-01
  9.31740E-01  9.52860E-01  9.65110E-01  9.76660E-01  9.93780E-01
  9.48530E-01  9.70780E-01  9.82090E-01  9.90930E-01  9.98000E-01
  9.60450E-01  9.80960E-01  9.90330E-01  9.96220E-01  9.99520E-01
  9.65370E-01  9.85290E-01  9.93210E-01  9.97580E-01  9.99760E-01
  9.71310E-01  9.88230E-01  9.94970E-01  9.98300E-01  9.99820E-01
  9.74530E-01  9.84600E-01  9.90980E-01  9.96430E-01  9.99540E-01
  9.78450E-01  9.89610E-01  9.94690E-01  9.97940E-01  9.99740E-01
  9.80390E-01  9.91420E-01  9.96100E-01  9.98670E-01  9.99860E-01
  9.83570E-01  9.92470E-01  9.96610E-01  9.98870E-01  9.99870E-01
  9.86070E-01  9.94200E-01  9.97470E-01  9.99180E-01  9.99910E-01
  9.88970E-01  9.94500E-01  9.97390E-01  9.99080E-01  9.99890E-01
  9.88840E-01  9.94850E-01  9.97640E-01  9.99180E-01  9.99910E-01
  9.89790E-01  9.95300E-01  9.97830E-01  9.99280E-01  9.99930E-01
  9.90810E-01  9.95950E-01  9.98260E-01  9.99430E-01  9.99940E-01
  9.92030E-01  9.96690E-01  9.98640E-01  9.99570E-01  9.99950E-01
  9.95640E-01  9.98040E-01  9.99150E-01  9.99720E-01  9.99970E-01
  9.95190E-01  9.97970E-01  9.99100E-01  9.99700E-01  9.99970E-01
  9.95450E-01  9.98020E-01  9.99150E-01  9.99720E-01  9.99970E-01
  9.95720E-01  9.98170E-01  9.99200E-01  9.99720E-01  9.99970E-01
  9.96270E-01  9.98450E-01  9.99320E-01  9.99770E-01  9.99980E-01


   24.  52.00   42.  95.94  2.00E+03  0.00E+00  1.07E-01

  2.83760E+01  1.03080E+02  1.87440E+02  3.01590E+02  4.84400E+02

  4.60960E-01  6.69370E-01  7.95830E-01  8.88580E-01  9.65710E-01
  5.36880E-01  7.20030E-01  8.21570E-01  9.02950E-01  9.71960E-01
  5.33850E-01  7.11440E-01  8.00300E-01  8.84140E-01  9.61960E-01
  4.25070E-01  5.57840E-01  6.90590E-01  8.21970E-01  9.39340E-01
  2.60680E-01  4.38680E-01  5.84040E-01  7.16590E-01  8.81990E-01

 -9.35330E-01 -5.56570E-01 -2.39280E-02  5.87590E-01  9.49160E-01
 -9.23180E-01 -5.36790E-01  1.67130E-02  6.15650E-01  9.61830E-01
 -9.60810E-01 -5.95890E-01 -8.18790E-02  5.77780E-01  9.60500E-01
 -9.53890E-01 -6.13300E-01 -7.47530E-02  5.51280E-01  9.59210E-01
 -9.56110E-01 -6.53440E-01 -4.63200E-02  6.09570E-01  9.54830E-01
 -9.37520E-01 -5.92300E-01 -3.17080E-02  5.23860E-01  9.50510E-01
 -9.46100E-01 -5.48590E-01  5.65210E-02  5.58200E-01  9.43520E-01
 -9.47290E-01 -6.15520E-01 -5.60820E-02  6.09520E-01  9.52110E-01
 -9.56550E-01 -6.28010E-01 -6.77020E-02  5.57560E-01  9.63620E-01
 -9.33440E-01 -5.55860E-01  1.10630E-02  5.54780E-01  9.50830E-01
 -9.37780E-01 -5.16090E-01  2.87540E-02  6.00680E-01  9.69430E-01
 -9.26590E-01 -4.89850E-01  1.07510E-01  5.97200E-01  9.44400E-01
 -9.25980E-01 -5.73080E-01  8.93610E-02  6.33870E-01  9.32160E-01
 -9.45160E-01 -6.25880E-01 -4.41160E-02  5.04180E-01  9.35290E-01
 -9.47040E-01 -5.36970E-01  6.73450E-02  6.15360E-01  9.52170E-01
 -9.12730E-01 -5.41070E-01  1.11740E-01  6.03960E-01  9.48830E-01
 -9.45820E-01 -5.72520E-01  3.59770E-02  5.86590E-01  9.51280E-01
 -9.47640E-01 -4.87570E-01  1.21520E-01  6.91660E-01  9.63240E-01
 -9.33500E-01 -5.07410E-01  9.27260E-02  6.57650E-01  9.66150E-01
 -9.52970E-01 -6.03120E-01 -5.12850E-02  5.74790E-01  9.50670E-01
 -9.45060E-01 -6.01990E-01 -1.55180E-02  6.20650E-01  9.60410E-01
 -9.33010E-01 -5.83630E-01  7.63800E-02  6.79610E-01  9.69730E-01
 -9.23490E-01 -4.76240E-01  1.31210E-01  6.59950E-01  9.52630E-01
 -9.59000E-01 -5.78930E-01  5.42960E-02  6.52540E-01  9.54010E-01
 -9.52680E-01 -5.39220E-01  1.77700E-03  6.33380E-01  9.51040E-01


   24.  52.00   42.  95.94  2.00E+03  3.00E+01  1.58E-01

  3.47110E+01  1.32820E+02  2.54770E+02  4.35560E+02  7.50100E+02

  4.72630E-01  6.79390E-01  7.97180E-01  8.92760E-01  9.66010E-01
  5.18620E-01  6.97420E-01  8.10660E-01  8.97620E-01  9.69490E-01
  4.56350E-01  6.47450E-01  7.74850E-01  8.76230E-01  9.60480E-01
  4.02310E-01  5.70620E-01  6.90400E-01  8.12120E-01  9.28870E-01
  2.54840E-01  3.88090E-01  5.17110E-01  6.45280E-01  8.09750E-01

 -9.59880E-01 -6.22800E-01 -4.22870E-02  5.60530E-01  9.43990E-01
 -9.53850E-01 -5.54630E-01  5.45880E-03  5.50360E-01  9.56560E-01
 -9.49370E-01 -6.21220E-01 -7.06600E-02  5.02270E-01  9.41660E-01
 -9.42240E-01 -6.19500E-01 -8.13650E-02  5.45230E-01  9.31100E-01
 -9.52310E-01 -5.23140E-01  5.29980E-02  5.85890E-01  9.36230E-01
 -9.80040E-01 -7.58990E-01 -2.16790E-01  4.40850E-01  9.27100E-01
 -9.63540E-01 -6.89220E-01 -2.43370E-01  4.39920E-01  9.31580E-01
 -9.50410E-01 -7.00590E-01 -2.53420E-01  4.23430E-01  9.07040E-01
 -9.64240E-01 -6.66600E-01 -1.57880E-01  4.15550E-01  9.20220E-01
 -9.61490E-01 -6.77720E-01 -1.39370E-01  5.39540E-01  9.26830E-01
 -9.27210E-01 -6.18760E-01 -2.88640E-01  3.65110E-01  9.21870E-01
 -8.90700E-01 -3.79700E-01  5.91990E-02  5.90540E-01  9.47580E-01
 -8.85060E-01 -2.68630E-01  2.06540E-01  6.34680E-01  9.47540E-01
 -9.16600E-01 -3.49400E-01  2.58810E-01  7.28630E-01  9.70160E-01
 -9.25160E-01 -4.18110E-01  2.32140E-01  7.55450E-01  9.67790E-01
 -5.25410E-01  6.97330E-03  3.03440E-01  6.31390E-01  9.39120E-01
 -4.00200E-01  2.93000E-01  6.23310E-01  8.31240E-01  9.77760E-01
 -4.45690E-01  2.15240E-01  6.42040E-01  8.88770E-01  9.87110E-01
 -4.96440E-01  1.52020E-01  5.61120E-01  8.48100E-01  9.79980E-01
 -7.33130E-01 -3.24610E-02  5.15660E-01  8.23290E-01  9.78980E-01
  3.85990E-01  6.75030E-01  8.14850E-01  9.12890E-01  9.79250E-01
  3.24270E-01  6.83410E-01  8.71100E-01  9.64540E-01  9.96420E-01
  1.99740E-01  6.29180E-01  8.23970E-01  9.42780E-01  9.94880E-01
  2.35130E-01  6.50740E-01  8.36720E-01  9.47780E-01  9.94630E-01
  9.57350E-02  5.68190E-01  8.09460E-01  9.35600E-01  9.91870E-01


   24.  52.00   42.  95.94  2.00E+03  4.50E+01  2.35E-01

  4.85380E+01  1.89220E+02  3.83410E+02  6.55120E+02  1.04480E+03

  4.77280E-01  6.79730E-01  7.99230E-01  8.90300E-01  9.67500E-01
  4.78250E-01  6.61250E-01  7.86750E-01  8.83200E-01  9.63650E-01
  4.35660E-01  6.31300E-01  7.54720E-01  8.53960E-01  9.51360E-01
  3.64920E-01  5.28500E-01  6.39940E-01  7.57380E-01  8.91000E-01
  2.18630E-01  3.27620E-01  4.29650E-01  5.40650E-01  6.97900E-01

 -9.43230E-01 -6.42560E-01 -9.06560E-02  5.20960E-01  9.52350E-01
 -9.52200E-01 -6.36330E-01 -1.02080E-01  5.08440E-01  9.20410E-01
 -9.51410E-01 -6.10670E-01 -4.33060E-02  5.64370E-01  9.39420E-01
 -9.56280E-01 -6.54500E-01 -1.48030E-01  4.83980E-01  9.40640E-01
 -9.47340E-01 -5.88940E-01 -3.94880E-02  5.41660E-01  9.32500E-01
 -9.48080E-01 -7.48400E-01 -3.94460E-01  3.16270E-01  9.41270E-01
 -9.30880E-01 -6.50640E-01 -1.80530E-01  4.88800E-01  9.31240E-01
 -9.43020E-01 -6.24500E-01 -1.36190E-01  4.80950E-01  9.52940E-01
 -9.50760E-01 -6.23110E-01 -1.66380E-01  4.56720E-01  9.31460E-01
 -9.55410E-01 -5.43340E-01  2.12590E-02  5.60590E-01  9.51350E-01
 -5.69980E-01 -8.52720E-02  2.20200E-01  6.57410E-01  9.52270E-01
 -6.11860E-01 -2.53390E-02  3.35670E-01  6.90660E-01  9.60300E-01
 -6.02040E-01  7.60080E-02  4.80530E-01  7.79080E-01  9.71690E-01
 -6.72410E-01 -3.71500E-03  5.42010E-01  8.26860E-01  9.77220E-01
 -8.65070E-01 -2.16360E-01  3.88400E-01  7.73310E-01  9.72410E-01
 -5.26300E-02  3.58750E-01  5.49210E-01  7.64170E-01  9.69190E-01
  3.31550E-02  5.42530E-01  7.56860E-01  8.89670E-01  9.86740E-01
  5.57830E-02  5.70110E-01  8.22290E-01  9.40200E-01  9.93880E-01
 -4.04050E-02  4.79560E-01  7.60430E-01  9.18180E-01  9.92610E-01
 -1.94940E-01  4.25290E-01  7.07520E-01  9.08640E-01  9.87820E-01
  6.03670E-01  7.98740E-01  8.86270E-01  9.39470E-01  9.87350E-01
  5.79000E-01  8.25340E-01  9.20870E-01  9.73530E-01  9.97210E-01
  5.48000E-01  7.97520E-01  9.12970E-01  9.73890E-01  9.97490E-01
  5.53740E-01  7.98410E-01  9.09480E-01  9.71560E-01  9.96240E-01
  5.17790E-01  8.00330E-01  9.10910E-01  9.68840E-01  9.96570E-01


   24.  52.00   42.  95.94  2.00E+03  6.00E+01  3.76E-01

  8.07630E+01  3.19480E+02  6.47790E+02  1.02060E+03  1.42480E+03

  4.66550E-01  6.66800E-01  7.86040E-01  8.81410E-01  9.62990E-01
  4.52600E-01  6.46650E-01  7.75880E-01  8.77360E-01  9.61300E-01
  3.88830E-01  5.70070E-01  6.94100E-01  7.98220E-01  9.14400E-01
  3.00580E-01  4.41140E-01  5.36510E-01  6.33420E-01  7.69970E-01
  1.69280E-01  2.53610E-01  3.23630E-01  4.08980E-01  5.32160E-01

 -9.66850E-01 -7.48720E-01 -3.27270E-01  3.25500E-01  9.17830E-01
 -9.70240E-01 -7.44160E-01 -2.71150E-01  3.99100E-01  9.27830E-01
 -9.61860E-01 -6.89350E-01 -1.49020E-01  5.09590E-01  9.40180E-01
 -9.61450E-01 -6.83140E-01 -1.24320E-01  5.36410E-01  9.39880E-01
 -9.52000E-01 -6.46300E-01 -6.94230E-02  5.43620E-01  9.45280E-01
 -7.56960E-01 -3.49020E-01 -2.92850E-03  5.60490E-01  9.45160E-01
 -7.71170E-01 -3.11490E-01  9.56290E-02  5.89710E-01  9.46220E-01
 -8.01980E-01 -3.16090E-01  1.08210E-01  6.20080E-01  9.53920E-01
 -8.44050E-01 -3.39160E-01  9.41200E-02  5.93040E-01  9.46710E-01
 -9.25600E-01 -4.50100E-01  1.28220E-01  6.29850E-01  9.50840E-01
 -1.62320E-01  2.40950E-01  4.49380E-01  7.58240E-01  9.69550E-01
 -1.23650E-01  3.35640E-01  5.73440E-01  7.97660E-01  9.76700E-01
 -3.66800E-02  4.44660E-01  6.88210E-01  8.45090E-01  9.80320E-01
 -5.15600E-02  4.95340E-01  7.71580E-01  9.21750E-01  9.91060E-01
 -3.03260E-01  3.34650E-01  6.97390E-01  8.96560E-01  9.89760E-01
  3.52640E-01  5.96270E-01  7.11910E-01  8.17150E-01  9.73180E-01
  4.15830E-01  6.98110E-01  8.17440E-01  9.07610E-01  9.86730E-01
  4.94190E-01  7.69470E-01  8.95880E-01  9.63630E-01  9.95500E-01
  4.66180E-01  7.61930E-01  8.97190E-01  9.68560E-01  9.96960E-01
  4.67730E-01  7.65490E-01  8.89920E-01  9.65130E-01  9.96650E-01
  7.92700E-01  8.87280E-01  9.29220E-01  9.59530E-01  9.88310E-01
  7.96260E-01  9.11170E-01  9.55620E-01  9.83860E-01  9.98160E-01
  7.95080E-01  9.09000E-01  9.62070E-01  9.87710E-01  9.98590E-01
  7.88850E-01  9.06370E-01  9.58470E-01  9.86710E-01  9.98660E-01
  7.95500E-01  9.17720E-01  9.64250E-01  9.88420E-01  9.98770E-01


   24.  52.00   42.  95.94  2.00E+03  7.00E+01  5.37E-01

  1.46150E+02  5.74320E+02  1.03930E+03  1.41940E+03  1.70490E+03

  4.51340E-01  6.44140E-01  7.71990E-01  8.73860E-01  9.59820E-01
  3.87570E-01  5.75150E-01  7.16900E-01  8.34800E-01  9.38680E-01
  3.00630E-01  4.57210E-01  5.70850E-01  6.70800E-01  7.90790E-01
  2.25300E-01  3.32660E-01  4.05550E-01  4.81000E-01  5.94680E-01
  1.23750E-01  1.81640E-01  2.29790E-01  2.85670E-01  3.69740E-01

 -9.62690E-01 -7.35550E-01 -3.53890E-01  2.96210E-01  9.15830E-01
 -9.61850E-01 -6.87240E-01 -2.20850E-01  4.49960E-01  9.29140E-01
 -9.57130E-01 -6.60930E-01 -1.72460E-01  4.70740E-01  9.33630E-01
 -9.64510E-01 -6.67130E-01 -1.43320E-01  5.29140E-01  9.39690E-01
 -9.62140E-01 -6.52450E-01 -1.41630E-01  4.79000E-01  9.30490E-01
 -3.26690E-01  3.94300E-02  2.54400E-01  6.22240E-01  9.36140E-01
 -3.00630E-01  1.31170E-01  3.87250E-01  7.28970E-01  9.69070E-01
 -3.02090E-01  1.84780E-01  4.58020E-01  7.44300E-01  9.66660E-01
 -2.48070E-01  2.54500E-01  5.47940E-01  7.85160E-01  9.73800E-01
 -4.21300E-01  2.19290E-01  5.88280E-01  8.45270E-01  9.77570E-01
  2.67730E-01  5.27550E-01  6.34980E-01  7.71870E-01  9.63310E-01
  3.41740E-01  6.17770E-01  7.36550E-01  8.48400E-01  9.82390E-01
  4.12410E-01  7.01900E-01  8.15430E-01  9.02590E-01  9.85490E-01
  4.99170E-01  7.85580E-01  8.98550E-01  9.63330E-01  9.95510E-01
  5.26000E-01  7.84560E-01  8.99070E-01  9.67570E-01  9.96350E-01
  6.71980E-01  7.92950E-01  8.45760E-01  8.92800E-01  9.74880E-01
  7.15710E-01  8.53850E-01  9.11240E-01  9.53580E-01  9.92290E-01
  7.46720E-01  8.90420E-01  9.48420E-01  9.80500E-01  9.97690E-01
  7.68790E-01  8.96520E-01  9.54890E-01  9.85040E-01  9.98720E-01
  8.08210E-01  9.14990E-01  9.62950E-01  9.86580E-01  9.98580E-01
  9.08410E-01  9.49590E-01  9.69190E-01  9.82790E-01  9.94310E-01
  9.11550E-01  9.61170E-01  9.81410E-01  9.93170E-01  9.99270E-01
  9.14930E-01  9.62560E-01  9.84010E-01  9.94780E-01  9.99460E-01
  9.18420E-01  9.64220E-01  9.83510E-01  9.94640E-01  9.99350E-01
  9.28000E-01  9.68520E-01  9.86340E-01  9.95570E-01  9.99590E-01


   24.  52.00   42.  95.94  2.00E+03  8.00E+01  8.28E-01

  5.56930E+02  1.37340E+03  1.69490E+03  1.83580E+03  1.91740E+03

  3.46830E-01  5.43090E-01  6.92060E-01  8.20440E-01  9.29980E-01
  2.39060E-01  3.78560E-01  4.89390E-01  5.78560E-01  6.75420E-01
  1.79440E-01  2.66130E-01  3.27240E-01  3.81640E-01  4.57070E-01
  1.29550E-01  1.77920E-01  2.14300E-01  2.52890E-01  3.09580E-01
  6.30280E-02  9.45270E-02  1.19640E-01  1.46860E-01  1.87610E-01

 -4.53510E-01 -1.72540E-01  9.33650E-02  3.40760E-01  8.49830E-01
 -4.48710E-01 -1.07980E-01  1.84800E-01  4.98490E-01  9.35980E-01
 -4.18070E-01 -9.22500E-02  2.31960E-01  5.83370E-01  9.39880E-01
 -3.48170E-01 -1.28820E-02  3.18680E-01  6.68650E-01  9.54540E-01
 -3.51390E-01  2.49170E-02  3.85260E-01  6.99000E-01  9.64580E-01
  5.69970E-01  6.89540E-01  7.53960E-01  8.15690E-01  9.55760E-01
  6.09780E-01  7.41420E-01  8.07540E-01  8.64730E-01  9.66510E-01
  6.87790E-01  8.10470E-01  8.74020E-01  9.26570E-01  9.82910E-01
  7.75540E-01  8.80990E-01  9.38160E-01  9.75360E-01  9.97010E-01
  8.21240E-01  9.23580E-01  9.67140E-01  9.88950E-01  9.98890E-01
  8.38260E-01  8.89380E-01  9.14050E-01  9.36110E-01  9.84090E-01
  8.63990E-01  9.19380E-01  9.45110E-01  9.65100E-01  9.91390E-01
  8.94270E-01  9.46390E-01  9.69980E-01  9.87450E-01  9.97970E-01
  9.13940E-01  9.61470E-01  9.82940E-01  9.94040E-01  9.99320E-01
  9.33080E-01  9.71370E-01  9.87090E-01  9.95690E-01  9.99510E-01
  9.37970E-01  9.61090E-01  9.72590E-01  9.82540E-01  9.95960E-01
  9.47970E-01  9.73840E-01  9.86320E-01  9.93750E-01  9.99000E-01
  9.55200E-01  9.79980E-01  9.90520E-01  9.96630E-01  9.99600E-01
  9.61180E-01  9.81850E-01  9.91510E-01  9.97190E-01  9.99700E-01
  9.69830E-01  9.87320E-01  9.94420E-01  9.98230E-01  9.99800E-01
  9.83940E-01  9.91800E-01  9.95550E-01  9.98010E-01  9.99740E-01
  9.84250E-01  9.92990E-01  9.96810E-01  9.98860E-01  9.99870E-01
  9.84010E-01  9.93180E-01  9.96980E-01  9.98970E-01  9.99890E-01
  9.85260E-01  9.93710E-01  9.97050E-01  9.99060E-01  9.99910E-01
  9.86820E-01  9.94700E-01  9.97740E-01  9.99230E-01  9.99920E-01


   24.  52.00   42.  95.94  2.00E+03  8.50E+01  9.82E-01

  1.52300E+03  1.85340E+03  1.92470E+03  1.95390E+03  1.97000E+03

  2.41410E-01  3.92080E-01  4.92040E-01  5.75050E-01  6.95850E-01
  1.49000E-01  2.13110E-01  2.52590E-01  2.88480E-01  3.37830E-01
  9.72430E-02  1.36440E-01  1.62300E-01  1.89160E-01  2.24870E-01
  6.02010E-02  8.87740E-02  1.10030E-01  1.29880E-01  1.55890E-01
  2.99660E-02  4.97860E-02  6.37640E-02  7.74760E-02  9.57450E-02

  3.96210E-01  6.89710E-01  7.89040E-01  8.46220E-01  9.20020E-01
  4.22430E-01  7.47200E-01  8.49650E-01  9.05060E-01  9.54130E-01
  5.49930E-01  8.58130E-01  9.34390E-01  9.74120E-01  9.95590E-01
  4.79320E-01  8.39590E-01  9.40420E-01  9.80980E-01  9.98200E-01
  1.77050E-01  6.43300E-01  8.57540E-01  9.57910E-01  9.95580E-01
  9.37440E-01  9.55840E-01  9.66710E-01  9.77190E-01  9.94550E-01
  9.52030E-01  9.71210E-01  9.81480E-01  9.89480E-01  9.97370E-01
  9.63540E-01  9.81500E-01  9.90370E-01  9.96210E-01  9.99550E-01
  9.70230E-01  9.86700E-01  9.93830E-01  9.97870E-01  9.99740E-01
  9.77320E-01  9.90540E-01  9.95810E-01  9.98630E-01  9.99860E-01
  9.77880E-01  9.86290E-01  9.91150E-01  9.96250E-01  9.99520E-01
  9.81680E-01  9.90540E-01  9.94970E-01  9.97840E-01  9.99710E-01
  9.84430E-01  9.92810E-01  9.96650E-01  9.98800E-01  9.99870E-01
  9.86380E-01  9.93910E-01  9.97330E-01  9.99130E-01  9.99910E-01
  9.89320E-01  9.95600E-01  9.98110E-01  9.99360E-01  9.99930E-01
  9.90960E-01  9.95040E-01  9.97340E-01  9.99030E-01  9.99880E-01
  9.91670E-01  9.95920E-01  9.98060E-01  9.99330E-01  9.99920E-01
  9.92400E-01  9.96520E-01  9.98360E-01  9.99450E-01  9.99940E-01
  9.93440E-01  9.97030E-01  9.98670E-01  9.99550E-01  9.99950E-01
  9.94940E-01  9.97840E-01  9.99000E-01  9.99670E-01  9.99960E-01
  9.96940E-01  9.98580E-01  9.99340E-01  9.99780E-01  9.99980E-01
  9.96790E-01  9.98570E-01  9.99350E-01  9.99780E-01  9.99980E-01
  9.96950E-01  9.98700E-01  9.99410E-01  9.99800E-01  9.99980E-01
  9.97330E-01  9.98820E-01  9.99490E-01  9.99840E-01  9.99980E-01
  9.97720E-01  9.99060E-01  9.99600E-01  9.99870E-01  9.99990E-01


   24.  52.00   42.  95.94  5.00E+03  0.00E+00  8.78E-02

  5.51470E+01  2.37170E+02  4.55640E+02  7.36490E+02  1.20100E+03

  4.79060E-01  6.72510E-01  7.97760E-01  8.88760E-01  9.64870E-01
  5.00040E-01  6.86800E-01  7.96200E-01  8.87740E-01  9.64220E-01
  5.15720E-01  7.01080E-01  8.09660E-01  8.92670E-01  9.65750E-01
  4.27610E-01  5.69670E-01  7.07350E-01  8.22410E-01  9.39780E-01
  2.63060E-01  4.38010E-01  5.88920E-01  7.26780E-01  8.82520E-01

 -9.57940E-01 -5.74550E-01  6.17500E-03  6.05770E-01  9.50670E-01
 -9.50900E-01 -5.96620E-01 -6.76670E-02  5.25060E-01  9.34240E-01
 -9.21370E-01 -4.93530E-01  9.64050E-02  6.32650E-01  9.51780E-01
 -9.41770E-01 -5.56810E-01 -4.53870E-02  5.67760E-01  9.50820E-01
 -9.52240E-01 -5.96570E-01  6.73950E-03  6.07470E-01  9.36200E-01
 -9.33880E-01 -6.16260E-01 -1.66760E-02  5.20040E-01  9.43660E-01
 -9.42050E-01 -5.98610E-01 -1.03190E-01  5.62450E-01  9.44220E-01
 -9.09660E-01 -5.04990E-01  7.97930E-02  5.92190E-01  9.61110E-01
 -9.29660E-01 -5.48310E-01 -4.68770E-02  5.86550E-01  9.49180E-01
 -9.29230E-01 -4.04650E-01  1.39740E-01  6.30590E-01  9.53290E-01
 -9.15390E-01 -5.07990E-01  2.81610E-02  5.97670E-01  9.47610E-01
 -9.47630E-01 -5.81590E-01  2.12460E-02  5.73440E-01  9.49720E-01
 -9.39780E-01 -5.62620E-01  3.51510E-02  5.80410E-01  9.39750E-01
 -9.40560E-01 -5.59130E-01  3.71150E-03  5.45610E-01  9.40290E-01
 -9.41890E-01 -5.29060E-01  2.42520E-02  5.67640E-01  9.41280E-01
 -9.41790E-01 -5.28050E-01  5.71500E-02  6.34310E-01  9.58320E-01
 -9.47230E-01 -6.03020E-01  1.20090E-01  6.04540E-01  9.44410E-01
 -9.54720E-01 -5.58110E-01 -7.83080E-03  5.93570E-01  9.59470E-01
 -9.44800E-01 -5.07810E-01  1.21390E-01  6.89170E-01  9.60810E-01
 -9.41560E-01 -5.94000E-01  7.70330E-02  5.85810E-01  9.50210E-01
 -9.45450E-01 -5.94660E-01  5.76710E-02  6.08360E-01  9.48780E-01
 -9.38510E-01 -5.95160E-01 -9.65740E-02  5.04920E-01  9.36980E-01
 -9.23240E-01 -5.14150E-01 -5.58410E-02  5.97170E-01  9.55440E-01
 -9.56670E-01 -6.00680E-01 -2.82570E-02  5.72840E-01  9.60960E-01
 -9.50090E-01 -6.10070E-01 -4.72370E-02  5.87140E-01  9.54690E-01


   24.  52.00   42.  95.94  5.00E+03  3.00E+01  1.31E-01

  7.66180E+01  3.20030E+02  6.26440E+02  1.06960E+03  1.82940E+03

  4.86660E-01  6.79450E-01  7.96240E-01  8.85430E-01  9.65680E-01
  5.00960E-01  6.84310E-01  8.01450E-01  8.93960E-01  9.67720E-01
  4.44660E-01  6.39090E-01  7.73950E-01  8.67900E-01  9.57290E-01
  3.91260E-01  5.70150E-01  6.92950E-01  8.15120E-01  9.36020E-01
  2.59000E-01  3.92420E-01  5.23700E-01  6.59890E-01  8.20890E-01

 -9.52620E-01 -6.08570E-01 -7.63450E-02  5.16350E-01  9.37880E-01
 -9.41610E-01 -5.65390E-01 -2.34360E-02  5.95260E-01  9.46660E-01
 -9.45340E-01 -6.16000E-01  2.04380E-02  5.98170E-01  9.57730E-01
 -9.50740E-01 -6.00050E-01 -3.13670E-02  5.89330E-01  9.49850E-01
 -9.62340E-01 -6.01530E-01  2.01730E-02  5.98600E-01  9.52090E-01
 -9.67490E-01 -6.68170E-01 -1.30820E-01  5.56660E-01  9.48590E-01
 -9.57910E-01 -7.23400E-01 -1.87500E-01  4.34560E-01  9.26570E-01
 -9.68370E-01 -6.90050E-01 -1.79840E-01  4.59360E-01  9.43580E-01
 -9.48300E-01 -6.35580E-01 -9.02920E-02  5.19500E-01  9.23300E-01
 -9.59480E-01 -6.34730E-01 -5.31820E-02  5.57820E-01  9.52980E-01
 -8.87830E-01 -5.78820E-01 -6.22450E-02  5.34530E-01  9.48010E-01
 -8.84550E-01 -4.19640E-01  1.60210E-02  5.43570E-01  9.45650E-01
 -8.98310E-01 -3.91830E-01  1.64910E-01  6.30410E-01  9.57750E-01
 -8.74720E-01 -3.31230E-01  2.02380E-01  7.03820E-01  9.65390E-01
 -9.26890E-01 -4.49700E-01  1.69180E-01  7.35320E-01  9.68320E-01
 -5.01870E-01  1.16470E-02  3.56920E-01  7.48010E-01  9.64510E-01
 -3.85890E-01  2.88480E-01  5.98150E-01  8.20200E-01  9.80730E-01
 -5.19480E-01  2.29090E-01  6.36950E-01  8.84280E-01  9.86050E-01
 -6.36630E-01  8.24490E-02  5.58180E-01  8.53490E-01  9.80300E-01
 -7.59370E-01 -1.03650E-01  3.87650E-01  7.95130E-01  9.78090E-01
  3.67590E-01  6.53260E-01  8.04830E-01  9.09510E-01  9.88290E-01
  2.39680E-01  7.05610E-01  8.78490E-01  9.61300E-01  9.96120E-01
  1.94400E-01  6.09390E-01  8.16070E-01  9.35340E-01  9.93270E-01
  1.50220E-01  6.01910E-01  8.24730E-01  9.41450E-01  9.93190E-01
 -1.60300E-02  4.94210E-01  7.77980E-01  9.31900E-01  9.95430E-01


   24.  52.00   42.  95.94  5.00E+03  4.50E+01  1.99E-01

  1.04500E+02  4.43600E+02  9.09690E+02  1.56760E+03  2.53120E+03

  4.85230E-01  6.78610E-01  7.94560E-01  8.86340E-01  9.65110E-01
  4.67220E-01  6.61000E-01  7.80030E-01  8.79650E-01  9.64740E-01
  4.29830E-01  6.21820E-01  7.58620E-01  8.59010E-01  9.55570E-01
  3.59990E-01  5.28700E-01  6.41200E-01  7.61390E-01  9.00200E-01
  2.18930E-01  3.35540E-01  4.34690E-01  5.55220E-01  7.16550E-01

 -9.64950E-01 -6.58720E-01 -6.37930E-02  5.22440E-01  9.32390E-01
 -9.57160E-01 -5.87090E-01 -1.75150E-02  5.62250E-01  9.35890E-01
 -9.47900E-01 -6.01770E-01 -5.46730E-02  5.39670E-01  9.41130E-01
 -9.50880E-01 -5.86310E-01 -4.41450E-02  5.34100E-01  9.31870E-01
 -9.57700E-01 -6.02670E-01 -1.12620E-02  5.97250E-01  9.47910E-01
 -9.64110E-01 -7.21430E-01 -1.96530E-01  4.75140E-01  9.29400E-01
 -9.51150E-01 -6.94970E-01 -2.58590E-01  4.13830E-01  9.21920E-01
 -9.60860E-01 -6.63850E-01 -1.72810E-01  4.46930E-01  9.46900E-01
 -9.46410E-01 -6.43450E-01 -1.58180E-01  4.66350E-01  9.42090E-01
 -9.50080E-01 -6.39990E-01 -1.23840E-01  4.88030E-01  9.37370E-01
 -6.12370E-01 -1.54520E-01  2.26380E-01  6.92180E-01  9.64490E-01
 -6.03110E-01 -2.77870E-02  3.38470E-01  7.69130E-01  9.74030E-01
 -6.37070E-01 -2.42400E-02  4.38250E-01  7.68360E-01  9.65860E-01
 -7.23630E-01 -4.90270E-02  4.57980E-01  7.83810E-01  9.76270E-01
 -8.76530E-01 -2.92610E-01  2.81850E-01  7.37250E-01  9.64970E-01
 -9.88080E-02  3.14550E-01  5.37320E-01  8.01250E-01  9.79320E-01
 -5.79820E-02  4.66500E-01  7.11300E-01  8.59150E-01  9.85650E-01
  1.27150E-02  5.27510E-01  7.79510E-01  9.22210E-01  9.88300E-01
 -1.09720E-01  4.99920E-01  7.85690E-01  9.20900E-01  9.93670E-01
 -3.62780E-01  3.08920E-01  6.89520E-01  9.00710E-01  9.87590E-01
  5.91630E-01  7.87770E-01  8.70290E-01  9.42780E-01  9.91390E-01
  5.67160E-01  8.10610E-01  9.15150E-01  9.70390E-01  9.97020E-01
  5.34140E-01  7.93980E-01  9.06820E-01  9.70870E-01  9.96800E-01
  4.53200E-01  7.65160E-01  8.97390E-01  9.63660E-01  9.96800E-01
  4.60000E-01  7.72380E-01  8.98090E-01  9.66560E-01  9.96450E-01


   24.  52.00   42.  95.94  5.00E+03  6.00E+01  3.23E-01

  1.70490E+02  7.22770E+02  1.46260E+03  2.33670E+03  3.40210E+03

  4.77050E-01  6.63820E-01  7.84180E-01  8.79990E-01  9.63910E-01
  4.46410E-01  6.38210E-01  7.67500E-01  8.72010E-01  9.60420E-01
  3.80090E-01  5.71570E-01  7.03660E-01  8.16460E-01  9.29150E-01
  3.03070E-01  4.55940E-01  5.63830E-01  6.65320E-01  8.08340E-01
  1.77810E-01  2.68650E-01  3.44230E-01  4.30780E-01  5.61910E-01

 -9.71970E-01 -7.17910E-01 -1.82440E-01  4.64360E-01  9.31910E-01
 -9.69870E-01 -6.91490E-01 -1.49180E-01  4.98990E-01  9.44060E-01
 -9.67610E-01 -6.45860E-01 -1.09030E-01  5.06900E-01  9.42740E-01
 -9.65750E-01 -6.54260E-01 -9.89010E-02  5.33370E-01  9.42210E-01
 -9.54910E-01 -6.13660E-01 -3.48670E-02  5.70620E-01  9.46960E-01
 -7.84490E-01 -4.11790E-01  2.37570E-02  5.77260E-01  9.54970E-01
 -8.40960E-01 -3.97190E-01  6.89900E-02  6.29560E-01  9.57760E-01
 -8.50740E-01 -3.82310E-01  8.07410E-02  6.13770E-01  9.49360E-01
 -8.99910E-01 -4.35890E-01  7.47570E-02  6.04810E-01  9.46650E-01
 -9.36940E-01 -5.20870E-01  2.84450E-02  5.94860E-01  9.50650E-01
 -2.62550E-01  1.56840E-01  4.20690E-01  7.71510E-01  9.74820E-01
 -2.21710E-01  2.79410E-01  5.43090E-01  8.15330E-01  9.80730E-01
 -1.96250E-01  3.59300E-01  6.20940E-01  8.27660E-01  9.80190E-01
 -1.77420E-01  4.10040E-01  7.05190E-01  8.83140E-01  9.86500E-01
 -5.11870E-01  2.11750E-01  6.25990E-01  8.70040E-01  9.83510E-01
  2.64650E-01  5.53710E-01  6.89460E-01  8.44690E-01  9.82530E-01
  3.00020E-01  6.47380E-01  7.85660E-01  8.99680E-01  9.86980E-01
  3.69570E-01  7.13100E-01  8.64070E-01  9.43660E-01  9.92350E-01
  3.99140E-01  7.33120E-01  8.82470E-01  9.61380E-01  9.95670E-01
  3.52990E-01  7.11660E-01  8.75870E-01  9.59930E-01  9.95860E-01
  7.48940E-01  8.64570E-01  9.17320E-01  9.56720E-01  9.93880E-01
  7.75720E-01  8.99580E-01  9.52590E-01  9.84850E-01  9.98250E-01
  7.66400E-01  9.02160E-01  9.62500E-01  9.87950E-01  9.98780E-01
  7.56460E-01  8.87290E-01  9.52810E-01  9.83140E-01  9.98390E-01
  7.55860E-01  8.94580E-01  9.54050E-01  9.83930E-01  9.98230E-01


   24.  52.00   42.  95.94  5.00E+03  7.00E+01  4.59E-01

  2.98600E+02  1.20250E+03  2.25540E+03  3.24600E+03  4.12460E+03

  4.50600E-01  6.44940E-01  7.71300E-01  8.72750E-01  9.60560E-01
  3.90640E-01  5.81620E-01  7.26110E-01  8.46600E-01  9.49500E-01
  3.10510E-01  4.79420E-01  6.04440E-01  7.16860E-01  8.38880E-01
  2.35690E-01  3.58230E-01  4.49590E-01  5.32480E-01  6.56460E-01
  1.32370E-01  1.95070E-01  2.46870E-01  3.05990E-01  4.02490E-01

 -9.69130E-01 -7.31370E-01 -2.68760E-01  4.15510E-01  9.23900E-01
 -9.57760E-01 -6.67780E-01 -1.50750E-01  4.99840E-01  9.37660E-01
 -9.55620E-01 -6.12160E-01 -9.86840E-02  5.30120E-01  9.48640E-01
 -9.55520E-01 -6.44270E-01 -9.26360E-02  5.57800E-01  9.50110E-01
 -9.52910E-01 -6.40510E-01 -6.00910E-02  5.57980E-01  9.44100E-01
 -4.59320E-01 -5.56900E-02  2.64250E-01  7.06940E-01  9.66680E-01
 -4.81500E-01 -2.53920E-02  3.19590E-01  7.14330E-01  9.71770E-01
 -4.67230E-01  4.24550E-02  3.95390E-01  7.53940E-01  9.67900E-01
 -5.31200E-01  2.99050E-02  3.99190E-01  7.29810E-01  9.64280E-01
 -6.68360E-01 -8.19770E-02  3.94870E-01  7.58110E-01  9.70150E-01
  1.57300E-01  4.42100E-01  5.93380E-01  8.13250E-01  9.76900E-01
  2.01670E-01  5.29620E-01  6.85080E-01  8.73010E-01  9.83940E-01
  2.57270E-01  6.03100E-01  7.53350E-01  8.86050E-01  9.85430E-01
  3.53010E-01  7.01050E-01  8.52360E-01  9.40000E-01  9.91940E-01
  3.61140E-01  7.07930E-01  8.70120E-01  9.57610E-01  9.95180E-01
  5.75580E-01  7.32100E-01  8.04430E-01  8.98840E-01  9.85340E-01
  6.11640E-01  7.96350E-01  8.69630E-01  9.31730E-01  9.89850E-01
  6.77460E-01  8.54250E-01  9.26410E-01  9.68110E-01  9.96020E-01
  7.07130E-01  8.79620E-01  9.48860E-01  9.82970E-01  9.98180E-01
  7.36320E-01  8.87090E-01  9.49440E-01  9.82800E-01  9.98320E-01
  8.75150E-01  9.28490E-01  9.52430E-01  9.72890E-01  9.93900E-01
  8.86850E-01  9.45980E-01  9.73870E-01  9.90800E-01  9.99000E-01
  8.90210E-01  9.55310E-01  9.79320E-01  9.92460E-01  9.99230E-01
  8.94050E-01  9.54560E-01  9.81200E-01  9.93880E-01  9.99380E-01
  9.01640E-01  9.59950E-01  9.81700E-01  9.93750E-01  9.99270E-01


   24.  52.00   42.  95.94  5.00E+03  8.00E+01  7.12E-01

  8.51790E+02  2.79880E+03  3.93680E+03  4.48100E+03  4.74820E+03

  3.82220E-01  5.79670E-01  7.23610E-01  8.47050E-01  9.52400E-01
  2.53820E-01  4.14290E-01  5.48590E-01  6.71870E-01  7.85810E-01
  1.82630E-01  2.88870E-01  3.73620E-01  4.45540E-01  5.32600E-01
  1.31370E-01  1.91600E-01  2.36090E-01  2.78450E-01  3.41890E-01
  7.26820E-02  1.01290E-01  1.24200E-01  1.50480E-01  1.91360E-01

 -6.58890E-01 -3.84960E-01 -9.97720E-02  3.64110E-01  9.17950E-01
 -6.74710E-01 -3.41310E-01 -1.10800E-02  5.23700E-01  9.39510E-01
 -6.57490E-01 -3.13860E-01  8.37720E-02  5.91690E-01  9.46150E-01
 -6.63300E-01 -3.00060E-01  1.27160E-01  6.19540E-01  9.54450E-01
 -8.29760E-01 -3.72410E-01  1.56510E-01  6.55700E-01  9.53350E-01
  3.38990E-01  5.18770E-01  6.24230E-01  7.66750E-01  9.71080E-01
  3.79290E-01  5.79690E-01  6.94250E-01  8.43310E-01  9.78180E-01
  4.63850E-01  6.54850E-01  7.65040E-01  8.74020E-01  9.84600E-01
  5.65030E-01  7.55820E-01  8.55630E-01  9.33530E-01  9.89920E-01
  6.58120E-01  8.45220E-01  9.25890E-01  9.74580E-01  9.97000E-01
  7.49010E-01  8.22610E-01  8.61770E-01  9.06570E-01  9.84000E-01
  7.76900E-01  8.59540E-01  8.99540E-01  9.38740E-01  9.91870E-01
  8.17550E-01  8.98260E-01  9.34460E-01  9.64320E-01  9.93890E-01
  8.64700E-01  9.38210E-01  9.68680E-01  9.88220E-01  9.98510E-01
  8.99370E-01  9.59350E-01  9.82230E-01  9.93740E-01  9.99280E-01
  9.07680E-01  9.38580E-01  9.54210E-01  9.69070E-01  9.94080E-01
  9.20670E-01  9.54950E-01  9.71640E-01  9.84990E-01  9.97520E-01
  9.36850E-01  9.70110E-01  9.84000E-01  9.93380E-01  9.99110E-01
  9.46700E-01  9.76950E-01  9.89500E-01  9.96140E-01  9.99570E-01
  9.58770E-01  9.81560E-01  9.91930E-01  9.97340E-01  9.99700E-01
  9.78550E-01  9.88160E-01  9.92900E-01  9.96550E-01  9.99480E-01
  9.80490E-01  9.90610E-01  9.95400E-01  9.98300E-01  9.99830E-01
  9.81720E-01  9.91710E-01  9.96340E-01  9.98730E-01  9.99870E-01
  9.81450E-01  9.92560E-01  9.96760E-01  9.98890E-01  9.99880E-01
  9.84960E-01  9.93970E-01  9.97320E-01  9.99100E-01  9.99910E-01


   24.  52.00   42.  95.94  5.00E+03  8.50E+01  9.43E-01

  3.31710E+03  4.54390E+03  4.77610E+03  4.87200E+03  4.91990E+03

  2.27070E-01  3.97730E-01  5.32650E-01  6.37080E-01  7.59310E-01
  1.37280E-01  2.13430E-01  2.68940E-01  3.13010E-01  3.65880E-01
  9.69070E-02  1.35950E-01  1.64600E-01  1.90890E-01  2.26800E-01
  7.03970E-02  9.36260E-02  1.10420E-01  1.27530E-01  1.50980E-01
  3.58970E-02  5.07940E-02  6.14990E-02  7.19870E-02  8.65500E-02

  1.70980E-01  5.37460E-01  6.76180E-01  7.69030E-01  9.24820E-01
  1.40560E-01  5.49580E-01  7.21200E-01  8.21210E-01  9.49580E-01
  1.23500E-01  6.20340E-01  8.05460E-01  8.98070E-01  9.71060E-01
  1.81710E-01  6.86490E-01  8.77250E-01  9.59940E-01  9.95650E-01
  3.38350E-02  4.88270E-01  7.77970E-01  9.30570E-01  9.91590E-01
  9.08530E-01  9.33780E-01  9.49210E-01  9.64650E-01  9.91990E-01
  9.25170E-01  9.49920E-01  9.64560E-01  9.76380E-01  9.94400E-01
  9.44980E-01  9.67720E-01  9.80750E-01  9.90630E-01  9.98160E-01
  9.60530E-01  9.80110E-01  9.90170E-01  9.96400E-01  9.99580E-01
  9.70430E-01  9.87340E-01  9.94440E-01  9.98120E-01  9.99810E-01
  9.71470E-01  9.80930E-01  9.87520E-01  9.95380E-01  9.99510E-01
  9.76800E-01  9.85980E-01  9.91350E-01  9.96010E-01  9.99490E-01
  9.81500E-01  9.90610E-01  9.94910E-01  9.97980E-01  9.99750E-01
  9.84840E-01  9.93170E-01  9.96850E-01  9.98850E-01  9.99880E-01
  9.88460E-01  9.95070E-01  9.97810E-01  9.99280E-01  9.99930E-01
  9.88740E-01  9.92820E-01  9.95280E-01  9.97620E-01  9.99710E-01
  9.90950E-01  9.95350E-01  9.97510E-01  9.98990E-01  9.99880E-01
  9.92320E-01  9.96370E-01  9.98300E-01  9.99390E-01  9.99920E-01
  9.93610E-01  9.97120E-01  9.98670E-01  9.99530E-01  9.99950E-01
  9.95060E-01  9.97880E-01  9.99080E-01  9.99710E-01  9.99970E-01
  9.96860E-01  9.98310E-01  9.99120E-01  9.99650E-01  9.99960E-01
  9.97110E-01  9.98640E-01  9.99350E-01  9.99760E-01  9.99980E-01
  9.97450E-01  9.98850E-01  9.99480E-01  9.99830E-01  9.99980E-01
  9.97750E-01  9.99040E-01  9.99570E-01  9.99850E-01  9.99990E-01
  9.98140E-01  9.99220E-01  9.99660E-01  9.99880E-01  9.99990E-01



