Cr_on_C_4.10  also includes: pdf boundaries emin,emax, angmin, angmax....       
 
*  projectile surface binding energy parameter: 4.10 eV     
*  parameter esbparm only added in first of the 84 blocks 
 
 
   24.  52.00    6.  12.01  1.00E+00  0.00E+00  0.00E+00  0.00E+00  4.10E+00   5   0.00

  0.00000E+00  0.00000E+00  0.00000E+00  0.00000E+00  0.00000E+00       0.00000E+00  0.00000E+00

  0.00000E+00  0.00000E+00  0.00000E+00  0.00000E+00  0.00000E+00       0.00000E+00  0.00000E+00
  0.00000E+00  0.00000E+00  0.00000E+00  0.00000E+00  0.00000E+00       0.00000E+00  0.00000E+00
  0.00000E+00  0.00000E+00  0.00000E+00  0.00000E+00  0.00000E+00       0.00000E+00  0.00000E+00
  0.00000E+00  0.00000E+00  0.00000E+00  0.00000E+00  0.00000E+00       0.00000E+00  0.00000E+00
  0.00000E+00  0.00000E+00  0.00000E+00  0.00000E+00  0.00000E+00       0.00000E+00  0.00000E+00

  0.00000E+00  0.00000E+00  0.00000E+00  0.00000E+00  0.00000E+00       0.00000E+00  0.00000E+00
  0.00000E+00  0.00000E+00  0.00000E+00  0.00000E+00  0.00000E+00       0.00000E+00  0.00000E+00
  0.00000E+00  0.00000E+00  0.00000E+00  0.00000E+00  0.00000E+00       0.00000E+00  0.00000E+00
  0.00000E+00  0.00000E+00  0.00000E+00  0.00000E+00  0.00000E+00       0.00000E+00  0.00000E+00
  0.00000E+00  0.00000E+00  0.00000E+00  0.00000E+00  0.00000E+00       0.00000E+00  0.00000E+00
  0.00000E+00  0.00000E+00  0.00000E+00  0.00000E+00  0.00000E+00       0.00000E+00  0.00000E+00
  0.00000E+00  0.00000E+00  0.00000E+00  0.00000E+00  0.00000E+00       0.00000E+00  0.00000E+00
  0.00000E+00  0.00000E+00  0.00000E+00  0.00000E+00  0.00000E+00       0.00000E+00  0.00000E+00
  0.00000E+00  0.00000E+00  0.00000E+00  0.00000E+00  0.00000E+00       0.00000E+00  0.00000E+00
  0.00000E+00  0.00000E+00  0.00000E+00  0.00000E+00  0.00000E+00       0.00000E+00  0.00000E+00
  0.00000E+00  0.00000E+00  0.00000E+00  0.00000E+00  0.00000E+00       0.00000E+00  0.00000E+00
  0.00000E+00  0.00000E+00  0.00000E+00  0.00000E+00  0.00000E+00       0.00000E+00  0.00000E+00
  0.00000E+00  0.00000E+00  0.00000E+00  0.00000E+00  0.00000E+00       0.00000E+00  0.00000E+00
  0.00000E+00  0.00000E+00  0.00000E+00  0.00000E+00  0.00000E+00       0.00000E+00  0.00000E+00
  0.00000E+00  0.00000E+00  0.00000E+00  0.00000E+00  0.00000E+00       0.00000E+00  0.00000E+00
  0.00000E+00  0.00000E+00  0.00000E+00  0.00000E+00  0.00000E+00       0.00000E+00  0.00000E+00
  0.00000E+00  0.00000E+00  0.00000E+00  0.00000E+00  0.00000E+00       0.00000E+00  0.00000E+00
  0.00000E+00  0.00000E+00  0.00000E+00  0.00000E+00  0.00000E+00       0.00000E+00  0.00000E+00
  0.00000E+00  0.00000E+00  0.00000E+00  0.00000E+00  0.00000E+00       0.00000E+00  0.00000E+00
  0.00000E+00  0.00000E+00  0.00000E+00  0.00000E+00  0.00000E+00       0.00000E+00  0.00000E+00
  0.00000E+00  0.00000E+00  0.00000E+00  0.00000E+00  0.00000E+00       0.00000E+00  0.00000E+00
  0.00000E+00  0.00000E+00  0.00000E+00  0.00000E+00  0.00000E+00       0.00000E+00  0.00000E+00
  0.00000E+00  0.00000E+00  0.00000E+00  0.00000E+00  0.00000E+00       0.00000E+00  0.00000E+00
  0.00000E+00  0.00000E+00  0.00000E+00  0.00000E+00  0.00000E+00       0.00000E+00  0.00000E+00
  0.00000E+00  0.00000E+00  0.00000E+00  0.00000E+00  0.00000E+00       0.00000E+00  0.00000E+00


   24.  52.00    6.  12.01  1.00E+00  3.00E+01  0.00E+00  0.00E+00     5   0.00

  0.00000E+00  0.00000E+00  0.00000E+00  0.00000E+00  0.00000E+00       0.00000E+00  0.00000E+00

  0.00000E+00  0.00000E+00  0.00000E+00  0.00000E+00  0.00000E+00       0.00000E+00  0.00000E+00
  0.00000E+00  0.00000E+00  0.00000E+00  0.00000E+00  0.00000E+00       0.00000E+00  0.00000E+00
  0.00000E+00  0.00000E+00  0.00000E+00  0.00000E+00  0.00000E+00       0.00000E+00  0.00000E+00
  0.00000E+00  0.00000E+00  0.00000E+00  0.00000E+00  0.00000E+00       0.00000E+00  0.00000E+00
  0.00000E+00  0.00000E+00  0.00000E+00  0.00000E+00  0.00000E+00       0.00000E+00  0.00000E+00

  0.00000E+00  0.00000E+00  0.00000E+00  0.00000E+00  0.00000E+00       0.00000E+00  0.00000E+00
  0.00000E+00  0.00000E+00  0.00000E+00  0.00000E+00  0.00000E+00       0.00000E+00  0.00000E+00
  0.00000E+00  0.00000E+00  0.00000E+00  0.00000E+00  0.00000E+00       0.00000E+00  0.00000E+00
  0.00000E+00  0.00000E+00  0.00000E+00  0.00000E+00  0.00000E+00       0.00000E+00  0.00000E+00
  0.00000E+00  0.00000E+00  0.00000E+00  0.00000E+00  0.00000E+00       0.00000E+00  0.00000E+00
  0.00000E+00  0.00000E+00  0.00000E+00  0.00000E+00  0.00000E+00       0.00000E+00  0.00000E+00
  0.00000E+00  0.00000E+00  0.00000E+00  0.00000E+00  0.00000E+00       0.00000E+00  0.00000E+00
  0.00000E+00  0.00000E+00  0.00000E+00  0.00000E+00  0.00000E+00       0.00000E+00  0.00000E+00
  0.00000E+00  0.00000E+00  0.00000E+00  0.00000E+00  0.00000E+00       0.00000E+00  0.00000E+00
  0.00000E+00  0.00000E+00  0.00000E+00  0.00000E+00  0.00000E+00       0.00000E+00  0.00000E+00
  0.00000E+00  0.00000E+00  0.00000E+00  0.00000E+00  0.00000E+00       0.00000E+00  0.00000E+00
  0.00000E+00  0.00000E+00  0.00000E+00  0.00000E+00  0.00000E+00       0.00000E+00  0.00000E+00
  0.00000E+00  0.00000E+00  0.00000E+00  0.00000E+00  0.00000E+00       0.00000E+00  0.00000E+00
  0.00000E+00  0.00000E+00  0.00000E+00  0.00000E+00  0.00000E+00       0.00000E+00  0.00000E+00
  0.00000E+00  0.00000E+00  0.00000E+00  0.00000E+00  0.00000E+00       0.00000E+00  0.00000E+00
  0.00000E+00  0.00000E+00  0.00000E+00  0.00000E+00  0.00000E+00       0.00000E+00  0.00000E+00
  0.00000E+00  0.00000E+00  0.00000E+00  0.00000E+00  0.00000E+00       0.00000E+00  0.00000E+00
  0.00000E+00  0.00000E+00  0.00000E+00  0.00000E+00  0.00000E+00       0.00000E+00  0.00000E+00
  0.00000E+00  0.00000E+00  0.00000E+00  0.00000E+00  0.00000E+00       0.00000E+00  0.00000E+00
  0.00000E+00  0.00000E+00  0.00000E+00  0.00000E+00  0.00000E+00       0.00000E+00  0.00000E+00
  0.00000E+00  0.00000E+00  0.00000E+00  0.00000E+00  0.00000E+00       0.00000E+00  0.00000E+00
  0.00000E+00  0.00000E+00  0.00000E+00  0.00000E+00  0.00000E+00       0.00000E+00  0.00000E+00
  0.00000E+00  0.00000E+00  0.00000E+00  0.00000E+00  0.00000E+00       0.00000E+00  0.00000E+00
  0.00000E+00  0.00000E+00  0.00000E+00  0.00000E+00  0.00000E+00       0.00000E+00  0.00000E+00
  0.00000E+00  0.00000E+00  0.00000E+00  0.00000E+00  0.00000E+00       0.00000E+00  0.00000E+00


   24.  52.00    6.  12.01  1.00E+00  4.50E+01  0.00E+00  0.00E+00     5   0.00

  0.00000E+00  0.00000E+00  0.00000E+00  0.00000E+00  0.00000E+00       0.00000E+00  0.00000E+00

  0.00000E+00  0.00000E+00  0.00000E+00  0.00000E+00  0.00000E+00       0.00000E+00  0.00000E+00
  0.00000E+00  0.00000E+00  0.00000E+00  0.00000E+00  0.00000E+00       0.00000E+00  0.00000E+00
  0.00000E+00  0.00000E+00  0.00000E+00  0.00000E+00  0.00000E+00       0.00000E+00  0.00000E+00
  0.00000E+00  0.00000E+00  0.00000E+00  0.00000E+00  0.00000E+00       0.00000E+00  0.00000E+00
  0.00000E+00  0.00000E+00  0.00000E+00  0.00000E+00  0.00000E+00       0.00000E+00  0.00000E+00

  0.00000E+00  0.00000E+00  0.00000E+00  0.00000E+00  0.00000E+00       0.00000E+00  0.00000E+00
  0.00000E+00  0.00000E+00  0.00000E+00  0.00000E+00  0.00000E+00       0.00000E+00  0.00000E+00
  0.00000E+00  0.00000E+00  0.00000E+00  0.00000E+00  0.00000E+00       0.00000E+00  0.00000E+00
  0.00000E+00  0.00000E+00  0.00000E+00  0.00000E+00  0.00000E+00       0.00000E+00  0.00000E+00
  0.00000E+00  0.00000E+00  0.00000E+00  0.00000E+00  0.00000E+00       0.00000E+00  0.00000E+00
  0.00000E+00  0.00000E+00  0.00000E+00  0.00000E+00  0.00000E+00       0.00000E+00  0.00000E+00
  0.00000E+00  0.00000E+00  0.00000E+00  0.00000E+00  0.00000E+00       0.00000E+00  0.00000E+00
  0.00000E+00  0.00000E+00  0.00000E+00  0.00000E+00  0.00000E+00       0.00000E+00  0.00000E+00
  0.00000E+00  0.00000E+00  0.00000E+00  0.00000E+00  0.00000E+00       0.00000E+00  0.00000E+00
  0.00000E+00  0.00000E+00  0.00000E+00  0.00000E+00  0.00000E+00       0.00000E+00  0.00000E+00
  0.00000E+00  0.00000E+00  0.00000E+00  0.00000E+00  0.00000E+00       0.00000E+00  0.00000E+00
  0.00000E+00  0.00000E+00  0.00000E+00  0.00000E+00  0.00000E+00       0.00000E+00  0.00000E+00
  0.00000E+00  0.00000E+00  0.00000E+00  0.00000E+00  0.00000E+00       0.00000E+00  0.00000E+00
  0.00000E+00  0.00000E+00  0.00000E+00  0.00000E+00  0.00000E+00       0.00000E+00  0.00000E+00
  0.00000E+00  0.00000E+00  0.00000E+00  0.00000E+00  0.00000E+00       0.00000E+00  0.00000E+00
  0.00000E+00  0.00000E+00  0.00000E+00  0.00000E+00  0.00000E+00       0.00000E+00  0.00000E+00
  0.00000E+00  0.00000E+00  0.00000E+00  0.00000E+00  0.00000E+00       0.00000E+00  0.00000E+00
  0.00000E+00  0.00000E+00  0.00000E+00  0.00000E+00  0.00000E+00       0.00000E+00  0.00000E+00
  0.00000E+00  0.00000E+00  0.00000E+00  0.00000E+00  0.00000E+00       0.00000E+00  0.00000E+00
  0.00000E+00  0.00000E+00  0.00000E+00  0.00000E+00  0.00000E+00       0.00000E+00  0.00000E+00
  0.00000E+00  0.00000E+00  0.00000E+00  0.00000E+00  0.00000E+00       0.00000E+00  0.00000E+00
  0.00000E+00  0.00000E+00  0.00000E+00  0.00000E+00  0.00000E+00       0.00000E+00  0.00000E+00
  0.00000E+00  0.00000E+00  0.00000E+00  0.00000E+00  0.00000E+00       0.00000E+00  0.00000E+00
  0.00000E+00  0.00000E+00  0.00000E+00  0.00000E+00  0.00000E+00       0.00000E+00  0.00000E+00
  0.00000E+00  0.00000E+00  0.00000E+00  0.00000E+00  0.00000E+00       0.00000E+00  0.00000E+00


   24.  52.00    6.  12.01  1.00E+00  6.00E+01  0.00E+00  0.00E+00     5   0.00

  0.00000E+00  0.00000E+00  0.00000E+00  0.00000E+00  0.00000E+00       0.00000E+00  0.00000E+00

  0.00000E+00  0.00000E+00  0.00000E+00  0.00000E+00  0.00000E+00       0.00000E+00  0.00000E+00
  0.00000E+00  0.00000E+00  0.00000E+00  0.00000E+00  0.00000E+00       0.00000E+00  0.00000E+00
  0.00000E+00  0.00000E+00  0.00000E+00  0.00000E+00  0.00000E+00       0.00000E+00  0.00000E+00
  0.00000E+00  0.00000E+00  0.00000E+00  0.00000E+00  0.00000E+00       0.00000E+00  0.00000E+00
  0.00000E+00  0.00000E+00  0.00000E+00  0.00000E+00  0.00000E+00       0.00000E+00  0.00000E+00

  0.00000E+00  0.00000E+00  0.00000E+00  0.00000E+00  0.00000E+00       0.00000E+00  0.00000E+00
  0.00000E+00  0.00000E+00  0.00000E+00  0.00000E+00  0.00000E+00       0.00000E+00  0.00000E+00
  0.00000E+00  0.00000E+00  0.00000E+00  0.00000E+00  0.00000E+00       0.00000E+00  0.00000E+00
  0.00000E+00  0.00000E+00  0.00000E+00  0.00000E+00  0.00000E+00       0.00000E+00  0.00000E+00
  0.00000E+00  0.00000E+00  0.00000E+00  0.00000E+00  0.00000E+00       0.00000E+00  0.00000E+00
  0.00000E+00  0.00000E+00  0.00000E+00  0.00000E+00  0.00000E+00       0.00000E+00  0.00000E+00
  0.00000E+00  0.00000E+00  0.00000E+00  0.00000E+00  0.00000E+00       0.00000E+00  0.00000E+00
  0.00000E+00  0.00000E+00  0.00000E+00  0.00000E+00  0.00000E+00       0.00000E+00  0.00000E+00
  0.00000E+00  0.00000E+00  0.00000E+00  0.00000E+00  0.00000E+00       0.00000E+00  0.00000E+00
  0.00000E+00  0.00000E+00  0.00000E+00  0.00000E+00  0.00000E+00       0.00000E+00  0.00000E+00
  0.00000E+00  0.00000E+00  0.00000E+00  0.00000E+00  0.00000E+00       0.00000E+00  0.00000E+00
  0.00000E+00  0.00000E+00  0.00000E+00  0.00000E+00  0.00000E+00       0.00000E+00  0.00000E+00
  0.00000E+00  0.00000E+00  0.00000E+00  0.00000E+00  0.00000E+00       0.00000E+00  0.00000E+00
  0.00000E+00  0.00000E+00  0.00000E+00  0.00000E+00  0.00000E+00       0.00000E+00  0.00000E+00
  0.00000E+00  0.00000E+00  0.00000E+00  0.00000E+00  0.00000E+00       0.00000E+00  0.00000E+00
  0.00000E+00  0.00000E+00  0.00000E+00  0.00000E+00  0.00000E+00       0.00000E+00  0.00000E+00
  0.00000E+00  0.00000E+00  0.00000E+00  0.00000E+00  0.00000E+00       0.00000E+00  0.00000E+00
  0.00000E+00  0.00000E+00  0.00000E+00  0.00000E+00  0.00000E+00       0.00000E+00  0.00000E+00
  0.00000E+00  0.00000E+00  0.00000E+00  0.00000E+00  0.00000E+00       0.00000E+00  0.00000E+00
  0.00000E+00  0.00000E+00  0.00000E+00  0.00000E+00  0.00000E+00       0.00000E+00  0.00000E+00
  0.00000E+00  0.00000E+00  0.00000E+00  0.00000E+00  0.00000E+00       0.00000E+00  0.00000E+00
  0.00000E+00  0.00000E+00  0.00000E+00  0.00000E+00  0.00000E+00       0.00000E+00  0.00000E+00
  0.00000E+00  0.00000E+00  0.00000E+00  0.00000E+00  0.00000E+00       0.00000E+00  0.00000E+00
  0.00000E+00  0.00000E+00  0.00000E+00  0.00000E+00  0.00000E+00       0.00000E+00  0.00000E+00
  0.00000E+00  0.00000E+00  0.00000E+00  0.00000E+00  0.00000E+00       0.00000E+00  0.00000E+00


   24.  52.00    6.  12.01  1.00E+00  7.00E+01  0.00E+00  0.00E+00     5   0.00

  0.00000E+00  0.00000E+00  0.00000E+00  0.00000E+00  0.00000E+00       0.00000E+00  0.00000E+00

  0.00000E+00  0.00000E+00  0.00000E+00  0.00000E+00  0.00000E+00       0.00000E+00  0.00000E+00
  0.00000E+00  0.00000E+00  0.00000E+00  0.00000E+00  0.00000E+00       0.00000E+00  0.00000E+00
  0.00000E+00  0.00000E+00  0.00000E+00  0.00000E+00  0.00000E+00       0.00000E+00  0.00000E+00
  0.00000E+00  0.00000E+00  0.00000E+00  0.00000E+00  0.00000E+00       0.00000E+00  0.00000E+00
  0.00000E+00  0.00000E+00  0.00000E+00  0.00000E+00  0.00000E+00       0.00000E+00  0.00000E+00

  0.00000E+00  0.00000E+00  0.00000E+00  0.00000E+00  0.00000E+00       0.00000E+00  0.00000E+00
  0.00000E+00  0.00000E+00  0.00000E+00  0.00000E+00  0.00000E+00       0.00000E+00  0.00000E+00
  0.00000E+00  0.00000E+00  0.00000E+00  0.00000E+00  0.00000E+00       0.00000E+00  0.00000E+00
  0.00000E+00  0.00000E+00  0.00000E+00  0.00000E+00  0.00000E+00       0.00000E+00  0.00000E+00
  0.00000E+00  0.00000E+00  0.00000E+00  0.00000E+00  0.00000E+00       0.00000E+00  0.00000E+00
  0.00000E+00  0.00000E+00  0.00000E+00  0.00000E+00  0.00000E+00       0.00000E+00  0.00000E+00
  0.00000E+00  0.00000E+00  0.00000E+00  0.00000E+00  0.00000E+00       0.00000E+00  0.00000E+00
  0.00000E+00  0.00000E+00  0.00000E+00  0.00000E+00  0.00000E+00       0.00000E+00  0.00000E+00
  0.00000E+00  0.00000E+00  0.00000E+00  0.00000E+00  0.00000E+00       0.00000E+00  0.00000E+00
  0.00000E+00  0.00000E+00  0.00000E+00  0.00000E+00  0.00000E+00       0.00000E+00  0.00000E+00
  0.00000E+00  0.00000E+00  0.00000E+00  0.00000E+00  0.00000E+00       0.00000E+00  0.00000E+00
  0.00000E+00  0.00000E+00  0.00000E+00  0.00000E+00  0.00000E+00       0.00000E+00  0.00000E+00
  0.00000E+00  0.00000E+00  0.00000E+00  0.00000E+00  0.00000E+00       0.00000E+00  0.00000E+00
  0.00000E+00  0.00000E+00  0.00000E+00  0.00000E+00  0.00000E+00       0.00000E+00  0.00000E+00
  0.00000E+00  0.00000E+00  0.00000E+00  0.00000E+00  0.00000E+00       0.00000E+00  0.00000E+00
  0.00000E+00  0.00000E+00  0.00000E+00  0.00000E+00  0.00000E+00       0.00000E+00  0.00000E+00
  0.00000E+00  0.00000E+00  0.00000E+00  0.00000E+00  0.00000E+00       0.00000E+00  0.00000E+00
  0.00000E+00  0.00000E+00  0.00000E+00  0.00000E+00  0.00000E+00       0.00000E+00  0.00000E+00
  0.00000E+00  0.00000E+00  0.00000E+00  0.00000E+00  0.00000E+00       0.00000E+00  0.00000E+00
  0.00000E+00  0.00000E+00  0.00000E+00  0.00000E+00  0.00000E+00       0.00000E+00  0.00000E+00
  0.00000E+00  0.00000E+00  0.00000E+00  0.00000E+00  0.00000E+00       0.00000E+00  0.00000E+00
  0.00000E+00  0.00000E+00  0.00000E+00  0.00000E+00  0.00000E+00       0.00000E+00  0.00000E+00
  0.00000E+00  0.00000E+00  0.00000E+00  0.00000E+00  0.00000E+00       0.00000E+00  0.00000E+00
  0.00000E+00  0.00000E+00  0.00000E+00  0.00000E+00  0.00000E+00       0.00000E+00  0.00000E+00
  0.00000E+00  0.00000E+00  0.00000E+00  0.00000E+00  0.00000E+00       0.00000E+00  0.00000E+00


   24.  52.00    6.  12.01  1.00E+00  8.00E+01  0.00E+00  0.00E+00     5   0.00

  0.00000E+00  0.00000E+00  0.00000E+00  0.00000E+00  0.00000E+00       0.00000E+00  0.00000E+00

  0.00000E+00  0.00000E+00  0.00000E+00  0.00000E+00  0.00000E+00       0.00000E+00  0.00000E+00
  0.00000E+00  0.00000E+00  0.00000E+00  0.00000E+00  0.00000E+00       0.00000E+00  0.00000E+00
  0.00000E+00  0.00000E+00  0.00000E+00  0.00000E+00  0.00000E+00       0.00000E+00  0.00000E+00
  0.00000E+00  0.00000E+00  0.00000E+00  0.00000E+00  0.00000E+00       0.00000E+00  0.00000E+00
  0.00000E+00  0.00000E+00  0.00000E+00  0.00000E+00  0.00000E+00       0.00000E+00  0.00000E+00

  0.00000E+00  0.00000E+00  0.00000E+00  0.00000E+00  0.00000E+00       0.00000E+00  0.00000E+00
  0.00000E+00  0.00000E+00  0.00000E+00  0.00000E+00  0.00000E+00       0.00000E+00  0.00000E+00
  0.00000E+00  0.00000E+00  0.00000E+00  0.00000E+00  0.00000E+00       0.00000E+00  0.00000E+00
  0.00000E+00  0.00000E+00  0.00000E+00  0.00000E+00  0.00000E+00       0.00000E+00  0.00000E+00
  0.00000E+00  0.00000E+00  0.00000E+00  0.00000E+00  0.00000E+00       0.00000E+00  0.00000E+00
  0.00000E+00  0.00000E+00  0.00000E+00  0.00000E+00  0.00000E+00       0.00000E+00  0.00000E+00
  0.00000E+00  0.00000E+00  0.00000E+00  0.00000E+00  0.00000E+00       0.00000E+00  0.00000E+00
  0.00000E+00  0.00000E+00  0.00000E+00  0.00000E+00  0.00000E+00       0.00000E+00  0.00000E+00
  0.00000E+00  0.00000E+00  0.00000E+00  0.00000E+00  0.00000E+00       0.00000E+00  0.00000E+00
  0.00000E+00  0.00000E+00  0.00000E+00  0.00000E+00  0.00000E+00       0.00000E+00  0.00000E+00
  0.00000E+00  0.00000E+00  0.00000E+00  0.00000E+00  0.00000E+00       0.00000E+00  0.00000E+00
  0.00000E+00  0.00000E+00  0.00000E+00  0.00000E+00  0.00000E+00       0.00000E+00  0.00000E+00
  0.00000E+00  0.00000E+00  0.00000E+00  0.00000E+00  0.00000E+00       0.00000E+00  0.00000E+00
  0.00000E+00  0.00000E+00  0.00000E+00  0.00000E+00  0.00000E+00       0.00000E+00  0.00000E+00
  0.00000E+00  0.00000E+00  0.00000E+00  0.00000E+00  0.00000E+00       0.00000E+00  0.00000E+00
  0.00000E+00  0.00000E+00  0.00000E+00  0.00000E+00  0.00000E+00       0.00000E+00  0.00000E+00
  0.00000E+00  0.00000E+00  0.00000E+00  0.00000E+00  0.00000E+00       0.00000E+00  0.00000E+00
  0.00000E+00  0.00000E+00  0.00000E+00  0.00000E+00  0.00000E+00       0.00000E+00  0.00000E+00
  0.00000E+00  0.00000E+00  0.00000E+00  0.00000E+00  0.00000E+00       0.00000E+00  0.00000E+00
  0.00000E+00  0.00000E+00  0.00000E+00  0.00000E+00  0.00000E+00       0.00000E+00  0.00000E+00
  0.00000E+00  0.00000E+00  0.00000E+00  0.00000E+00  0.00000E+00       0.00000E+00  0.00000E+00
  0.00000E+00  0.00000E+00  0.00000E+00  0.00000E+00  0.00000E+00       0.00000E+00  0.00000E+00
  0.00000E+00  0.00000E+00  0.00000E+00  0.00000E+00  0.00000E+00       0.00000E+00  0.00000E+00
  0.00000E+00  0.00000E+00  0.00000E+00  0.00000E+00  0.00000E+00       0.00000E+00  0.00000E+00
  0.00000E+00  0.00000E+00  0.00000E+00  0.00000E+00  0.00000E+00       0.00000E+00  0.00000E+00


   24.  52.00    6.  12.01  1.00E+00  8.50E+01  0.00E+00  0.00E+00     5   0.00

  0.00000E+00  0.00000E+00  0.00000E+00  0.00000E+00  0.00000E+00       0.00000E+00  0.00000E+00

  0.00000E+00  0.00000E+00  0.00000E+00  0.00000E+00  0.00000E+00       0.00000E+00  0.00000E+00
  0.00000E+00  0.00000E+00  0.00000E+00  0.00000E+00  0.00000E+00       0.00000E+00  0.00000E+00
  0.00000E+00  0.00000E+00  0.00000E+00  0.00000E+00  0.00000E+00       0.00000E+00  0.00000E+00
  0.00000E+00  0.00000E+00  0.00000E+00  0.00000E+00  0.00000E+00       0.00000E+00  0.00000E+00
  0.00000E+00  0.00000E+00  0.00000E+00  0.00000E+00  0.00000E+00       0.00000E+00  0.00000E+00

  0.00000E+00  0.00000E+00  0.00000E+00  0.00000E+00  0.00000E+00       0.00000E+00  0.00000E+00
  0.00000E+00  0.00000E+00  0.00000E+00  0.00000E+00  0.00000E+00       0.00000E+00  0.00000E+00
  0.00000E+00  0.00000E+00  0.00000E+00  0.00000E+00  0.00000E+00       0.00000E+00  0.00000E+00
  0.00000E+00  0.00000E+00  0.00000E+00  0.00000E+00  0.00000E+00       0.00000E+00  0.00000E+00
  0.00000E+00  0.00000E+00  0.00000E+00  0.00000E+00  0.00000E+00       0.00000E+00  0.00000E+00
  0.00000E+00  0.00000E+00  0.00000E+00  0.00000E+00  0.00000E+00       0.00000E+00  0.00000E+00
  0.00000E+00  0.00000E+00  0.00000E+00  0.00000E+00  0.00000E+00       0.00000E+00  0.00000E+00
  0.00000E+00  0.00000E+00  0.00000E+00  0.00000E+00  0.00000E+00       0.00000E+00  0.00000E+00
  0.00000E+00  0.00000E+00  0.00000E+00  0.00000E+00  0.00000E+00       0.00000E+00  0.00000E+00
  0.00000E+00  0.00000E+00  0.00000E+00  0.00000E+00  0.00000E+00       0.00000E+00  0.00000E+00
  0.00000E+00  0.00000E+00  0.00000E+00  0.00000E+00  0.00000E+00       0.00000E+00  0.00000E+00
  0.00000E+00  0.00000E+00  0.00000E+00  0.00000E+00  0.00000E+00       0.00000E+00  0.00000E+00
  0.00000E+00  0.00000E+00  0.00000E+00  0.00000E+00  0.00000E+00       0.00000E+00  0.00000E+00
  0.00000E+00  0.00000E+00  0.00000E+00  0.00000E+00  0.00000E+00       0.00000E+00  0.00000E+00
  0.00000E+00  0.00000E+00  0.00000E+00  0.00000E+00  0.00000E+00       0.00000E+00  0.00000E+00
  0.00000E+00  0.00000E+00  0.00000E+00  0.00000E+00  0.00000E+00       0.00000E+00  0.00000E+00
  0.00000E+00  0.00000E+00  0.00000E+00  0.00000E+00  0.00000E+00       0.00000E+00  0.00000E+00
  0.00000E+00  0.00000E+00  0.00000E+00  0.00000E+00  0.00000E+00       0.00000E+00  0.00000E+00
  0.00000E+00  0.00000E+00  0.00000E+00  0.00000E+00  0.00000E+00       0.00000E+00  0.00000E+00
  0.00000E+00  0.00000E+00  0.00000E+00  0.00000E+00  0.00000E+00       0.00000E+00  0.00000E+00
  0.00000E+00  0.00000E+00  0.00000E+00  0.00000E+00  0.00000E+00       0.00000E+00  0.00000E+00
  0.00000E+00  0.00000E+00  0.00000E+00  0.00000E+00  0.00000E+00       0.00000E+00  0.00000E+00
  0.00000E+00  0.00000E+00  0.00000E+00  0.00000E+00  0.00000E+00       0.00000E+00  0.00000E+00
  0.00000E+00  0.00000E+00  0.00000E+00  0.00000E+00  0.00000E+00       0.00000E+00  0.00000E+00
  0.00000E+00  0.00000E+00  0.00000E+00  0.00000E+00  0.00000E+00       0.00000E+00  0.00000E+00


   24.  52.00    6.  12.01  2.00E+00  0.00E+00  0.00E+00  0.00E+00     5   0.00

  0.00000E+00  0.00000E+00  0.00000E+00  0.00000E+00  0.00000E+00       0.00000E+00  0.00000E+00

  0.00000E+00  0.00000E+00  0.00000E+00  0.00000E+00  0.00000E+00       0.00000E+00  0.00000E+00
  0.00000E+00  0.00000E+00  0.00000E+00  0.00000E+00  0.00000E+00       0.00000E+00  0.00000E+00
  0.00000E+00  0.00000E+00  0.00000E+00  0.00000E+00  0.00000E+00       0.00000E+00  0.00000E+00
  0.00000E+00  0.00000E+00  0.00000E+00  0.00000E+00  0.00000E+00       0.00000E+00  0.00000E+00
  0.00000E+00  0.00000E+00  0.00000E+00  0.00000E+00  0.00000E+00       0.00000E+00  0.00000E+00

  0.00000E+00  0.00000E+00  0.00000E+00  0.00000E+00  0.00000E+00       0.00000E+00  0.00000E+00
  0.00000E+00  0.00000E+00  0.00000E+00  0.00000E+00  0.00000E+00       0.00000E+00  0.00000E+00
  0.00000E+00  0.00000E+00  0.00000E+00  0.00000E+00  0.00000E+00       0.00000E+00  0.00000E+00
  0.00000E+00  0.00000E+00  0.00000E+00  0.00000E+00  0.00000E+00       0.00000E+00  0.00000E+00
  0.00000E+00  0.00000E+00  0.00000E+00  0.00000E+00  0.00000E+00       0.00000E+00  0.00000E+00
  0.00000E+00  0.00000E+00  0.00000E+00  0.00000E+00  0.00000E+00       0.00000E+00  0.00000E+00
  0.00000E+00  0.00000E+00  0.00000E+00  0.00000E+00  0.00000E+00       0.00000E+00  0.00000E+00
  0.00000E+00  0.00000E+00  0.00000E+00  0.00000E+00  0.00000E+00       0.00000E+00  0.00000E+00
  0.00000E+00  0.00000E+00  0.00000E+00  0.00000E+00  0.00000E+00       0.00000E+00  0.00000E+00
  0.00000E+00  0.00000E+00  0.00000E+00  0.00000E+00  0.00000E+00       0.00000E+00  0.00000E+00
  0.00000E+00  0.00000E+00  0.00000E+00  0.00000E+00  0.00000E+00       0.00000E+00  0.00000E+00
  0.00000E+00  0.00000E+00  0.00000E+00  0.00000E+00  0.00000E+00       0.00000E+00  0.00000E+00
  0.00000E+00  0.00000E+00  0.00000E+00  0.00000E+00  0.00000E+00       0.00000E+00  0.00000E+00
  0.00000E+00  0.00000E+00  0.00000E+00  0.00000E+00  0.00000E+00       0.00000E+00  0.00000E+00
  0.00000E+00  0.00000E+00  0.00000E+00  0.00000E+00  0.00000E+00       0.00000E+00  0.00000E+00
  0.00000E+00  0.00000E+00  0.00000E+00  0.00000E+00  0.00000E+00       0.00000E+00  0.00000E+00
  0.00000E+00  0.00000E+00  0.00000E+00  0.00000E+00  0.00000E+00       0.00000E+00  0.00000E+00
  0.00000E+00  0.00000E+00  0.00000E+00  0.00000E+00  0.00000E+00       0.00000E+00  0.00000E+00
  0.00000E+00  0.00000E+00  0.00000E+00  0.00000E+00  0.00000E+00       0.00000E+00  0.00000E+00
  0.00000E+00  0.00000E+00  0.00000E+00  0.00000E+00  0.00000E+00       0.00000E+00  0.00000E+00
  0.00000E+00  0.00000E+00  0.00000E+00  0.00000E+00  0.00000E+00       0.00000E+00  0.00000E+00
  0.00000E+00  0.00000E+00  0.00000E+00  0.00000E+00  0.00000E+00       0.00000E+00  0.00000E+00
  0.00000E+00  0.00000E+00  0.00000E+00  0.00000E+00  0.00000E+00       0.00000E+00  0.00000E+00
  0.00000E+00  0.00000E+00  0.00000E+00  0.00000E+00  0.00000E+00       0.00000E+00  0.00000E+00
  0.00000E+00  0.00000E+00  0.00000E+00  0.00000E+00  0.00000E+00       0.00000E+00  0.00000E+00


   24.  52.00    6.  12.01  2.00E+00  3.00E+01  0.00E+00  0.00E+00     5   0.00

  0.00000E+00  0.00000E+00  0.00000E+00  0.00000E+00  0.00000E+00       0.00000E+00  0.00000E+00

  0.00000E+00  0.00000E+00  0.00000E+00  0.00000E+00  0.00000E+00       0.00000E+00  0.00000E+00
  0.00000E+00  0.00000E+00  0.00000E+00  0.00000E+00  0.00000E+00       0.00000E+00  0.00000E+00
  0.00000E+00  0.00000E+00  0.00000E+00  0.00000E+00  0.00000E+00       0.00000E+00  0.00000E+00
  0.00000E+00  0.00000E+00  0.00000E+00  0.00000E+00  0.00000E+00       0.00000E+00  0.00000E+00
  0.00000E+00  0.00000E+00  0.00000E+00  0.00000E+00  0.00000E+00       0.00000E+00  0.00000E+00

  0.00000E+00  0.00000E+00  0.00000E+00  0.00000E+00  0.00000E+00       0.00000E+00  0.00000E+00
  0.00000E+00  0.00000E+00  0.00000E+00  0.00000E+00  0.00000E+00       0.00000E+00  0.00000E+00
  0.00000E+00  0.00000E+00  0.00000E+00  0.00000E+00  0.00000E+00       0.00000E+00  0.00000E+00
  0.00000E+00  0.00000E+00  0.00000E+00  0.00000E+00  0.00000E+00       0.00000E+00  0.00000E+00
  0.00000E+00  0.00000E+00  0.00000E+00  0.00000E+00  0.00000E+00       0.00000E+00  0.00000E+00
  0.00000E+00  0.00000E+00  0.00000E+00  0.00000E+00  0.00000E+00       0.00000E+00  0.00000E+00
  0.00000E+00  0.00000E+00  0.00000E+00  0.00000E+00  0.00000E+00       0.00000E+00  0.00000E+00
  0.00000E+00  0.00000E+00  0.00000E+00  0.00000E+00  0.00000E+00       0.00000E+00  0.00000E+00
  0.00000E+00  0.00000E+00  0.00000E+00  0.00000E+00  0.00000E+00       0.00000E+00  0.00000E+00
  0.00000E+00  0.00000E+00  0.00000E+00  0.00000E+00  0.00000E+00       0.00000E+00  0.00000E+00
  0.00000E+00  0.00000E+00  0.00000E+00  0.00000E+00  0.00000E+00       0.00000E+00  0.00000E+00
  0.00000E+00  0.00000E+00  0.00000E+00  0.00000E+00  0.00000E+00       0.00000E+00  0.00000E+00
  0.00000E+00  0.00000E+00  0.00000E+00  0.00000E+00  0.00000E+00       0.00000E+00  0.00000E+00
  0.00000E+00  0.00000E+00  0.00000E+00  0.00000E+00  0.00000E+00       0.00000E+00  0.00000E+00
  0.00000E+00  0.00000E+00  0.00000E+00  0.00000E+00  0.00000E+00       0.00000E+00  0.00000E+00
  0.00000E+00  0.00000E+00  0.00000E+00  0.00000E+00  0.00000E+00       0.00000E+00  0.00000E+00
  0.00000E+00  0.00000E+00  0.00000E+00  0.00000E+00  0.00000E+00       0.00000E+00  0.00000E+00
  0.00000E+00  0.00000E+00  0.00000E+00  0.00000E+00  0.00000E+00       0.00000E+00  0.00000E+00
  0.00000E+00  0.00000E+00  0.00000E+00  0.00000E+00  0.00000E+00       0.00000E+00  0.00000E+00
  0.00000E+00  0.00000E+00  0.00000E+00  0.00000E+00  0.00000E+00       0.00000E+00  0.00000E+00
  0.00000E+00  0.00000E+00  0.00000E+00  0.00000E+00  0.00000E+00       0.00000E+00  0.00000E+00
  0.00000E+00  0.00000E+00  0.00000E+00  0.00000E+00  0.00000E+00       0.00000E+00  0.00000E+00
  0.00000E+00  0.00000E+00  0.00000E+00  0.00000E+00  0.00000E+00       0.00000E+00  0.00000E+00
  0.00000E+00  0.00000E+00  0.00000E+00  0.00000E+00  0.00000E+00       0.00000E+00  0.00000E+00
  0.00000E+00  0.00000E+00  0.00000E+00  0.00000E+00  0.00000E+00       0.00000E+00  0.00000E+00


   24.  52.00    6.  12.01  2.00E+00  4.50E+01  0.00E+00  0.00E+00     5   0.00

  0.00000E+00  0.00000E+00  0.00000E+00  0.00000E+00  0.00000E+00       0.00000E+00  0.00000E+00

  0.00000E+00  0.00000E+00  0.00000E+00  0.00000E+00  0.00000E+00       0.00000E+00  0.00000E+00
  0.00000E+00  0.00000E+00  0.00000E+00  0.00000E+00  0.00000E+00       0.00000E+00  0.00000E+00
  0.00000E+00  0.00000E+00  0.00000E+00  0.00000E+00  0.00000E+00       0.00000E+00  0.00000E+00
  0.00000E+00  0.00000E+00  0.00000E+00  0.00000E+00  0.00000E+00       0.00000E+00  0.00000E+00
  0.00000E+00  0.00000E+00  0.00000E+00  0.00000E+00  0.00000E+00       0.00000E+00  0.00000E+00

  0.00000E+00  0.00000E+00  0.00000E+00  0.00000E+00  0.00000E+00       0.00000E+00  0.00000E+00
  0.00000E+00  0.00000E+00  0.00000E+00  0.00000E+00  0.00000E+00       0.00000E+00  0.00000E+00
  0.00000E+00  0.00000E+00  0.00000E+00  0.00000E+00  0.00000E+00       0.00000E+00  0.00000E+00
  0.00000E+00  0.00000E+00  0.00000E+00  0.00000E+00  0.00000E+00       0.00000E+00  0.00000E+00
  0.00000E+00  0.00000E+00  0.00000E+00  0.00000E+00  0.00000E+00       0.00000E+00  0.00000E+00
  0.00000E+00  0.00000E+00  0.00000E+00  0.00000E+00  0.00000E+00       0.00000E+00  0.00000E+00
  0.00000E+00  0.00000E+00  0.00000E+00  0.00000E+00  0.00000E+00       0.00000E+00  0.00000E+00
  0.00000E+00  0.00000E+00  0.00000E+00  0.00000E+00  0.00000E+00       0.00000E+00  0.00000E+00
  0.00000E+00  0.00000E+00  0.00000E+00  0.00000E+00  0.00000E+00       0.00000E+00  0.00000E+00
  0.00000E+00  0.00000E+00  0.00000E+00  0.00000E+00  0.00000E+00       0.00000E+00  0.00000E+00
  0.00000E+00  0.00000E+00  0.00000E+00  0.00000E+00  0.00000E+00       0.00000E+00  0.00000E+00
  0.00000E+00  0.00000E+00  0.00000E+00  0.00000E+00  0.00000E+00       0.00000E+00  0.00000E+00
  0.00000E+00  0.00000E+00  0.00000E+00  0.00000E+00  0.00000E+00       0.00000E+00  0.00000E+00
  0.00000E+00  0.00000E+00  0.00000E+00  0.00000E+00  0.00000E+00       0.00000E+00  0.00000E+00
  0.00000E+00  0.00000E+00  0.00000E+00  0.00000E+00  0.00000E+00       0.00000E+00  0.00000E+00
  0.00000E+00  0.00000E+00  0.00000E+00  0.00000E+00  0.00000E+00       0.00000E+00  0.00000E+00
  0.00000E+00  0.00000E+00  0.00000E+00  0.00000E+00  0.00000E+00       0.00000E+00  0.00000E+00
  0.00000E+00  0.00000E+00  0.00000E+00  0.00000E+00  0.00000E+00       0.00000E+00  0.00000E+00
  0.00000E+00  0.00000E+00  0.00000E+00  0.00000E+00  0.00000E+00       0.00000E+00  0.00000E+00
  0.00000E+00  0.00000E+00  0.00000E+00  0.00000E+00  0.00000E+00       0.00000E+00  0.00000E+00
  0.00000E+00  0.00000E+00  0.00000E+00  0.00000E+00  0.00000E+00       0.00000E+00  0.00000E+00
  0.00000E+00  0.00000E+00  0.00000E+00  0.00000E+00  0.00000E+00       0.00000E+00  0.00000E+00
  0.00000E+00  0.00000E+00  0.00000E+00  0.00000E+00  0.00000E+00       0.00000E+00  0.00000E+00
  0.00000E+00  0.00000E+00  0.00000E+00  0.00000E+00  0.00000E+00       0.00000E+00  0.00000E+00
  0.00000E+00  0.00000E+00  0.00000E+00  0.00000E+00  0.00000E+00       0.00000E+00  0.00000E+00


   24.  52.00    6.  12.01  2.00E+00  6.00E+01  0.00E+00  0.00E+00     5   0.00

  0.00000E+00  0.00000E+00  0.00000E+00  0.00000E+00  0.00000E+00       0.00000E+00  0.00000E+00

  0.00000E+00  0.00000E+00  0.00000E+00  0.00000E+00  0.00000E+00       0.00000E+00  0.00000E+00
  0.00000E+00  0.00000E+00  0.00000E+00  0.00000E+00  0.00000E+00       0.00000E+00  0.00000E+00
  0.00000E+00  0.00000E+00  0.00000E+00  0.00000E+00  0.00000E+00       0.00000E+00  0.00000E+00
  0.00000E+00  0.00000E+00  0.00000E+00  0.00000E+00  0.00000E+00       0.00000E+00  0.00000E+00
  0.00000E+00  0.00000E+00  0.00000E+00  0.00000E+00  0.00000E+00       0.00000E+00  0.00000E+00

  0.00000E+00  0.00000E+00  0.00000E+00  0.00000E+00  0.00000E+00       0.00000E+00  0.00000E+00
  0.00000E+00  0.00000E+00  0.00000E+00  0.00000E+00  0.00000E+00       0.00000E+00  0.00000E+00
  0.00000E+00  0.00000E+00  0.00000E+00  0.00000E+00  0.00000E+00       0.00000E+00  0.00000E+00
  0.00000E+00  0.00000E+00  0.00000E+00  0.00000E+00  0.00000E+00       0.00000E+00  0.00000E+00
  0.00000E+00  0.00000E+00  0.00000E+00  0.00000E+00  0.00000E+00       0.00000E+00  0.00000E+00
  0.00000E+00  0.00000E+00  0.00000E+00  0.00000E+00  0.00000E+00       0.00000E+00  0.00000E+00
  0.00000E+00  0.00000E+00  0.00000E+00  0.00000E+00  0.00000E+00       0.00000E+00  0.00000E+00
  0.00000E+00  0.00000E+00  0.00000E+00  0.00000E+00  0.00000E+00       0.00000E+00  0.00000E+00
  0.00000E+00  0.00000E+00  0.00000E+00  0.00000E+00  0.00000E+00       0.00000E+00  0.00000E+00
  0.00000E+00  0.00000E+00  0.00000E+00  0.00000E+00  0.00000E+00       0.00000E+00  0.00000E+00
  0.00000E+00  0.00000E+00  0.00000E+00  0.00000E+00  0.00000E+00       0.00000E+00  0.00000E+00
  0.00000E+00  0.00000E+00  0.00000E+00  0.00000E+00  0.00000E+00       0.00000E+00  0.00000E+00
  0.00000E+00  0.00000E+00  0.00000E+00  0.00000E+00  0.00000E+00       0.00000E+00  0.00000E+00
  0.00000E+00  0.00000E+00  0.00000E+00  0.00000E+00  0.00000E+00       0.00000E+00  0.00000E+00
  0.00000E+00  0.00000E+00  0.00000E+00  0.00000E+00  0.00000E+00       0.00000E+00  0.00000E+00
  0.00000E+00  0.00000E+00  0.00000E+00  0.00000E+00  0.00000E+00       0.00000E+00  0.00000E+00
  0.00000E+00  0.00000E+00  0.00000E+00  0.00000E+00  0.00000E+00       0.00000E+00  0.00000E+00
  0.00000E+00  0.00000E+00  0.00000E+00  0.00000E+00  0.00000E+00       0.00000E+00  0.00000E+00
  0.00000E+00  0.00000E+00  0.00000E+00  0.00000E+00  0.00000E+00       0.00000E+00  0.00000E+00
  0.00000E+00  0.00000E+00  0.00000E+00  0.00000E+00  0.00000E+00       0.00000E+00  0.00000E+00
  0.00000E+00  0.00000E+00  0.00000E+00  0.00000E+00  0.00000E+00       0.00000E+00  0.00000E+00
  0.00000E+00  0.00000E+00  0.00000E+00  0.00000E+00  0.00000E+00       0.00000E+00  0.00000E+00
  0.00000E+00  0.00000E+00  0.00000E+00  0.00000E+00  0.00000E+00       0.00000E+00  0.00000E+00
  0.00000E+00  0.00000E+00  0.00000E+00  0.00000E+00  0.00000E+00       0.00000E+00  0.00000E+00
  0.00000E+00  0.00000E+00  0.00000E+00  0.00000E+00  0.00000E+00       0.00000E+00  0.00000E+00


   24.  52.00    6.  12.01  2.00E+00  7.00E+01  0.00E+00  0.00E+00     5   0.00

  0.00000E+00  0.00000E+00  0.00000E+00  0.00000E+00  0.00000E+00       0.00000E+00  0.00000E+00

  0.00000E+00  0.00000E+00  0.00000E+00  0.00000E+00  0.00000E+00       0.00000E+00  0.00000E+00
  0.00000E+00  0.00000E+00  0.00000E+00  0.00000E+00  0.00000E+00       0.00000E+00  0.00000E+00
  0.00000E+00  0.00000E+00  0.00000E+00  0.00000E+00  0.00000E+00       0.00000E+00  0.00000E+00
  0.00000E+00  0.00000E+00  0.00000E+00  0.00000E+00  0.00000E+00       0.00000E+00  0.00000E+00
  0.00000E+00  0.00000E+00  0.00000E+00  0.00000E+00  0.00000E+00       0.00000E+00  0.00000E+00

  0.00000E+00  0.00000E+00  0.00000E+00  0.00000E+00  0.00000E+00       0.00000E+00  0.00000E+00
  0.00000E+00  0.00000E+00  0.00000E+00  0.00000E+00  0.00000E+00       0.00000E+00  0.00000E+00
  0.00000E+00  0.00000E+00  0.00000E+00  0.00000E+00  0.00000E+00       0.00000E+00  0.00000E+00
  0.00000E+00  0.00000E+00  0.00000E+00  0.00000E+00  0.00000E+00       0.00000E+00  0.00000E+00
  0.00000E+00  0.00000E+00  0.00000E+00  0.00000E+00  0.00000E+00       0.00000E+00  0.00000E+00
  0.00000E+00  0.00000E+00  0.00000E+00  0.00000E+00  0.00000E+00       0.00000E+00  0.00000E+00
  0.00000E+00  0.00000E+00  0.00000E+00  0.00000E+00  0.00000E+00       0.00000E+00  0.00000E+00
  0.00000E+00  0.00000E+00  0.00000E+00  0.00000E+00  0.00000E+00       0.00000E+00  0.00000E+00
  0.00000E+00  0.00000E+00  0.00000E+00  0.00000E+00  0.00000E+00       0.00000E+00  0.00000E+00
  0.00000E+00  0.00000E+00  0.00000E+00  0.00000E+00  0.00000E+00       0.00000E+00  0.00000E+00
  0.00000E+00  0.00000E+00  0.00000E+00  0.00000E+00  0.00000E+00       0.00000E+00  0.00000E+00
  0.00000E+00  0.00000E+00  0.00000E+00  0.00000E+00  0.00000E+00       0.00000E+00  0.00000E+00
  0.00000E+00  0.00000E+00  0.00000E+00  0.00000E+00  0.00000E+00       0.00000E+00  0.00000E+00
  0.00000E+00  0.00000E+00  0.00000E+00  0.00000E+00  0.00000E+00       0.00000E+00  0.00000E+00
  0.00000E+00  0.00000E+00  0.00000E+00  0.00000E+00  0.00000E+00       0.00000E+00  0.00000E+00
  0.00000E+00  0.00000E+00  0.00000E+00  0.00000E+00  0.00000E+00       0.00000E+00  0.00000E+00
  0.00000E+00  0.00000E+00  0.00000E+00  0.00000E+00  0.00000E+00       0.00000E+00  0.00000E+00
  0.00000E+00  0.00000E+00  0.00000E+00  0.00000E+00  0.00000E+00       0.00000E+00  0.00000E+00
  0.00000E+00  0.00000E+00  0.00000E+00  0.00000E+00  0.00000E+00       0.00000E+00  0.00000E+00
  0.00000E+00  0.00000E+00  0.00000E+00  0.00000E+00  0.00000E+00       0.00000E+00  0.00000E+00
  0.00000E+00  0.00000E+00  0.00000E+00  0.00000E+00  0.00000E+00       0.00000E+00  0.00000E+00
  0.00000E+00  0.00000E+00  0.00000E+00  0.00000E+00  0.00000E+00       0.00000E+00  0.00000E+00
  0.00000E+00  0.00000E+00  0.00000E+00  0.00000E+00  0.00000E+00       0.00000E+00  0.00000E+00
  0.00000E+00  0.00000E+00  0.00000E+00  0.00000E+00  0.00000E+00       0.00000E+00  0.00000E+00
  0.00000E+00  0.00000E+00  0.00000E+00  0.00000E+00  0.00000E+00       0.00000E+00  0.00000E+00


   24.  52.00    6.  12.01  2.00E+00  8.00E+01  0.00E+00  0.00E+00     5   0.00

  0.00000E+00  0.00000E+00  0.00000E+00  0.00000E+00  0.00000E+00       0.00000E+00  0.00000E+00

  0.00000E+00  0.00000E+00  0.00000E+00  0.00000E+00  0.00000E+00       0.00000E+00  0.00000E+00
  0.00000E+00  0.00000E+00  0.00000E+00  0.00000E+00  0.00000E+00       0.00000E+00  0.00000E+00
  0.00000E+00  0.00000E+00  0.00000E+00  0.00000E+00  0.00000E+00       0.00000E+00  0.00000E+00
  0.00000E+00  0.00000E+00  0.00000E+00  0.00000E+00  0.00000E+00       0.00000E+00  0.00000E+00
  0.00000E+00  0.00000E+00  0.00000E+00  0.00000E+00  0.00000E+00       0.00000E+00  0.00000E+00

  0.00000E+00  0.00000E+00  0.00000E+00  0.00000E+00  0.00000E+00       0.00000E+00  0.00000E+00
  0.00000E+00  0.00000E+00  0.00000E+00  0.00000E+00  0.00000E+00       0.00000E+00  0.00000E+00
  0.00000E+00  0.00000E+00  0.00000E+00  0.00000E+00  0.00000E+00       0.00000E+00  0.00000E+00
  0.00000E+00  0.00000E+00  0.00000E+00  0.00000E+00  0.00000E+00       0.00000E+00  0.00000E+00
  0.00000E+00  0.00000E+00  0.00000E+00  0.00000E+00  0.00000E+00       0.00000E+00  0.00000E+00
  0.00000E+00  0.00000E+00  0.00000E+00  0.00000E+00  0.00000E+00       0.00000E+00  0.00000E+00
  0.00000E+00  0.00000E+00  0.00000E+00  0.00000E+00  0.00000E+00       0.00000E+00  0.00000E+00
  0.00000E+00  0.00000E+00  0.00000E+00  0.00000E+00  0.00000E+00       0.00000E+00  0.00000E+00
  0.00000E+00  0.00000E+00  0.00000E+00  0.00000E+00  0.00000E+00       0.00000E+00  0.00000E+00
  0.00000E+00  0.00000E+00  0.00000E+00  0.00000E+00  0.00000E+00       0.00000E+00  0.00000E+00
  0.00000E+00  0.00000E+00  0.00000E+00  0.00000E+00  0.00000E+00       0.00000E+00  0.00000E+00
  0.00000E+00  0.00000E+00  0.00000E+00  0.00000E+00  0.00000E+00       0.00000E+00  0.00000E+00
  0.00000E+00  0.00000E+00  0.00000E+00  0.00000E+00  0.00000E+00       0.00000E+00  0.00000E+00
  0.00000E+00  0.00000E+00  0.00000E+00  0.00000E+00  0.00000E+00       0.00000E+00  0.00000E+00
  0.00000E+00  0.00000E+00  0.00000E+00  0.00000E+00  0.00000E+00       0.00000E+00  0.00000E+00
  0.00000E+00  0.00000E+00  0.00000E+00  0.00000E+00  0.00000E+00       0.00000E+00  0.00000E+00
  0.00000E+00  0.00000E+00  0.00000E+00  0.00000E+00  0.00000E+00       0.00000E+00  0.00000E+00
  0.00000E+00  0.00000E+00  0.00000E+00  0.00000E+00  0.00000E+00       0.00000E+00  0.00000E+00
  0.00000E+00  0.00000E+00  0.00000E+00  0.00000E+00  0.00000E+00       0.00000E+00  0.00000E+00
  0.00000E+00  0.00000E+00  0.00000E+00  0.00000E+00  0.00000E+00       0.00000E+00  0.00000E+00
  0.00000E+00  0.00000E+00  0.00000E+00  0.00000E+00  0.00000E+00       0.00000E+00  0.00000E+00
  0.00000E+00  0.00000E+00  0.00000E+00  0.00000E+00  0.00000E+00       0.00000E+00  0.00000E+00
  0.00000E+00  0.00000E+00  0.00000E+00  0.00000E+00  0.00000E+00       0.00000E+00  0.00000E+00
  0.00000E+00  0.00000E+00  0.00000E+00  0.00000E+00  0.00000E+00       0.00000E+00  0.00000E+00
  0.00000E+00  0.00000E+00  0.00000E+00  0.00000E+00  0.00000E+00       0.00000E+00  0.00000E+00


   24.  52.00    6.  12.01  2.00E+00  8.50E+01  0.00E+00  0.00E+00     5   0.00

  0.00000E+00  0.00000E+00  0.00000E+00  0.00000E+00  0.00000E+00       0.00000E+00  0.00000E+00

  0.00000E+00  0.00000E+00  0.00000E+00  0.00000E+00  0.00000E+00       0.00000E+00  0.00000E+00
  0.00000E+00  0.00000E+00  0.00000E+00  0.00000E+00  0.00000E+00       0.00000E+00  0.00000E+00
  0.00000E+00  0.00000E+00  0.00000E+00  0.00000E+00  0.00000E+00       0.00000E+00  0.00000E+00
  0.00000E+00  0.00000E+00  0.00000E+00  0.00000E+00  0.00000E+00       0.00000E+00  0.00000E+00
  0.00000E+00  0.00000E+00  0.00000E+00  0.00000E+00  0.00000E+00       0.00000E+00  0.00000E+00

  0.00000E+00  0.00000E+00  0.00000E+00  0.00000E+00  0.00000E+00       0.00000E+00  0.00000E+00
  0.00000E+00  0.00000E+00  0.00000E+00  0.00000E+00  0.00000E+00       0.00000E+00  0.00000E+00
  0.00000E+00  0.00000E+00  0.00000E+00  0.00000E+00  0.00000E+00       0.00000E+00  0.00000E+00
  0.00000E+00  0.00000E+00  0.00000E+00  0.00000E+00  0.00000E+00       0.00000E+00  0.00000E+00
  0.00000E+00  0.00000E+00  0.00000E+00  0.00000E+00  0.00000E+00       0.00000E+00  0.00000E+00
  0.00000E+00  0.00000E+00  0.00000E+00  0.00000E+00  0.00000E+00       0.00000E+00  0.00000E+00
  0.00000E+00  0.00000E+00  0.00000E+00  0.00000E+00  0.00000E+00       0.00000E+00  0.00000E+00
  0.00000E+00  0.00000E+00  0.00000E+00  0.00000E+00  0.00000E+00       0.00000E+00  0.00000E+00
  0.00000E+00  0.00000E+00  0.00000E+00  0.00000E+00  0.00000E+00       0.00000E+00  0.00000E+00
  0.00000E+00  0.00000E+00  0.00000E+00  0.00000E+00  0.00000E+00       0.00000E+00  0.00000E+00
  0.00000E+00  0.00000E+00  0.00000E+00  0.00000E+00  0.00000E+00       0.00000E+00  0.00000E+00
  0.00000E+00  0.00000E+00  0.00000E+00  0.00000E+00  0.00000E+00       0.00000E+00  0.00000E+00
  0.00000E+00  0.00000E+00  0.00000E+00  0.00000E+00  0.00000E+00       0.00000E+00  0.00000E+00
  0.00000E+00  0.00000E+00  0.00000E+00  0.00000E+00  0.00000E+00       0.00000E+00  0.00000E+00
  0.00000E+00  0.00000E+00  0.00000E+00  0.00000E+00  0.00000E+00       0.00000E+00  0.00000E+00
  0.00000E+00  0.00000E+00  0.00000E+00  0.00000E+00  0.00000E+00       0.00000E+00  0.00000E+00
  0.00000E+00  0.00000E+00  0.00000E+00  0.00000E+00  0.00000E+00       0.00000E+00  0.00000E+00
  0.00000E+00  0.00000E+00  0.00000E+00  0.00000E+00  0.00000E+00       0.00000E+00  0.00000E+00
  0.00000E+00  0.00000E+00  0.00000E+00  0.00000E+00  0.00000E+00       0.00000E+00  0.00000E+00
  0.00000E+00  0.00000E+00  0.00000E+00  0.00000E+00  0.00000E+00       0.00000E+00  0.00000E+00
  0.00000E+00  0.00000E+00  0.00000E+00  0.00000E+00  0.00000E+00       0.00000E+00  0.00000E+00
  0.00000E+00  0.00000E+00  0.00000E+00  0.00000E+00  0.00000E+00       0.00000E+00  0.00000E+00
  0.00000E+00  0.00000E+00  0.00000E+00  0.00000E+00  0.00000E+00       0.00000E+00  0.00000E+00
  0.00000E+00  0.00000E+00  0.00000E+00  0.00000E+00  0.00000E+00       0.00000E+00  0.00000E+00
  0.00000E+00  0.00000E+00  0.00000E+00  0.00000E+00  0.00000E+00       0.00000E+00  0.00000E+00


   24.  52.00    6.  12.01  5.00E+00  0.00E+00  0.00E+00  0.00E+00     5   0.00

  0.00000E+00  0.00000E+00  0.00000E+00  0.00000E+00  0.00000E+00       0.00000E+00  0.00000E+00

  0.00000E+00  0.00000E+00  0.00000E+00  0.00000E+00  0.00000E+00       0.00000E+00  0.00000E+00
  0.00000E+00  0.00000E+00  0.00000E+00  0.00000E+00  0.00000E+00       0.00000E+00  0.00000E+00
  0.00000E+00  0.00000E+00  0.00000E+00  0.00000E+00  0.00000E+00       0.00000E+00  0.00000E+00
  0.00000E+00  0.00000E+00  0.00000E+00  0.00000E+00  0.00000E+00       0.00000E+00  0.00000E+00
  0.00000E+00  0.00000E+00  0.00000E+00  0.00000E+00  0.00000E+00       0.00000E+00  0.00000E+00

  0.00000E+00  0.00000E+00  0.00000E+00  0.00000E+00  0.00000E+00       0.00000E+00  0.00000E+00
  0.00000E+00  0.00000E+00  0.00000E+00  0.00000E+00  0.00000E+00       0.00000E+00  0.00000E+00
  0.00000E+00  0.00000E+00  0.00000E+00  0.00000E+00  0.00000E+00       0.00000E+00  0.00000E+00
  0.00000E+00  0.00000E+00  0.00000E+00  0.00000E+00  0.00000E+00       0.00000E+00  0.00000E+00
  0.00000E+00  0.00000E+00  0.00000E+00  0.00000E+00  0.00000E+00       0.00000E+00  0.00000E+00
  0.00000E+00  0.00000E+00  0.00000E+00  0.00000E+00  0.00000E+00       0.00000E+00  0.00000E+00
  0.00000E+00  0.00000E+00  0.00000E+00  0.00000E+00  0.00000E+00       0.00000E+00  0.00000E+00
  0.00000E+00  0.00000E+00  0.00000E+00  0.00000E+00  0.00000E+00       0.00000E+00  0.00000E+00
  0.00000E+00  0.00000E+00  0.00000E+00  0.00000E+00  0.00000E+00       0.00000E+00  0.00000E+00
  0.00000E+00  0.00000E+00  0.00000E+00  0.00000E+00  0.00000E+00       0.00000E+00  0.00000E+00
  0.00000E+00  0.00000E+00  0.00000E+00  0.00000E+00  0.00000E+00       0.00000E+00  0.00000E+00
  0.00000E+00  0.00000E+00  0.00000E+00  0.00000E+00  0.00000E+00       0.00000E+00  0.00000E+00
  0.00000E+00  0.00000E+00  0.00000E+00  0.00000E+00  0.00000E+00       0.00000E+00  0.00000E+00
  0.00000E+00  0.00000E+00  0.00000E+00  0.00000E+00  0.00000E+00       0.00000E+00  0.00000E+00
  0.00000E+00  0.00000E+00  0.00000E+00  0.00000E+00  0.00000E+00       0.00000E+00  0.00000E+00
  0.00000E+00  0.00000E+00  0.00000E+00  0.00000E+00  0.00000E+00       0.00000E+00  0.00000E+00
  0.00000E+00  0.00000E+00  0.00000E+00  0.00000E+00  0.00000E+00       0.00000E+00  0.00000E+00
  0.00000E+00  0.00000E+00  0.00000E+00  0.00000E+00  0.00000E+00       0.00000E+00  0.00000E+00
  0.00000E+00  0.00000E+00  0.00000E+00  0.00000E+00  0.00000E+00       0.00000E+00  0.00000E+00
  0.00000E+00  0.00000E+00  0.00000E+00  0.00000E+00  0.00000E+00       0.00000E+00  0.00000E+00
  0.00000E+00  0.00000E+00  0.00000E+00  0.00000E+00  0.00000E+00       0.00000E+00  0.00000E+00
  0.00000E+00  0.00000E+00  0.00000E+00  0.00000E+00  0.00000E+00       0.00000E+00  0.00000E+00
  0.00000E+00  0.00000E+00  0.00000E+00  0.00000E+00  0.00000E+00       0.00000E+00  0.00000E+00
  0.00000E+00  0.00000E+00  0.00000E+00  0.00000E+00  0.00000E+00       0.00000E+00  0.00000E+00
  0.00000E+00  0.00000E+00  0.00000E+00  0.00000E+00  0.00000E+00       0.00000E+00  0.00000E+00


   24.  52.00    6.  12.01  5.00E+00  3.00E+01  0.00E+00  0.00E+00     5   0.00

  0.00000E+00  0.00000E+00  0.00000E+00  0.00000E+00  0.00000E+00       0.00000E+00  0.00000E+00

  0.00000E+00  0.00000E+00  0.00000E+00  0.00000E+00  0.00000E+00       0.00000E+00  0.00000E+00
  0.00000E+00  0.00000E+00  0.00000E+00  0.00000E+00  0.00000E+00       0.00000E+00  0.00000E+00
  0.00000E+00  0.00000E+00  0.00000E+00  0.00000E+00  0.00000E+00       0.00000E+00  0.00000E+00
  0.00000E+00  0.00000E+00  0.00000E+00  0.00000E+00  0.00000E+00       0.00000E+00  0.00000E+00
  0.00000E+00  0.00000E+00  0.00000E+00  0.00000E+00  0.00000E+00       0.00000E+00  0.00000E+00

  0.00000E+00  0.00000E+00  0.00000E+00  0.00000E+00  0.00000E+00       0.00000E+00  0.00000E+00
  0.00000E+00  0.00000E+00  0.00000E+00  0.00000E+00  0.00000E+00       0.00000E+00  0.00000E+00
  0.00000E+00  0.00000E+00  0.00000E+00  0.00000E+00  0.00000E+00       0.00000E+00  0.00000E+00
  0.00000E+00  0.00000E+00  0.00000E+00  0.00000E+00  0.00000E+00       0.00000E+00  0.00000E+00
  0.00000E+00  0.00000E+00  0.00000E+00  0.00000E+00  0.00000E+00       0.00000E+00  0.00000E+00
  0.00000E+00  0.00000E+00  0.00000E+00  0.00000E+00  0.00000E+00       0.00000E+00  0.00000E+00
  0.00000E+00  0.00000E+00  0.00000E+00  0.00000E+00  0.00000E+00       0.00000E+00  0.00000E+00
  0.00000E+00  0.00000E+00  0.00000E+00  0.00000E+00  0.00000E+00       0.00000E+00  0.00000E+00
  0.00000E+00  0.00000E+00  0.00000E+00  0.00000E+00  0.00000E+00       0.00000E+00  0.00000E+00
  0.00000E+00  0.00000E+00  0.00000E+00  0.00000E+00  0.00000E+00       0.00000E+00  0.00000E+00
  0.00000E+00  0.00000E+00  0.00000E+00  0.00000E+00  0.00000E+00       0.00000E+00  0.00000E+00
  0.00000E+00  0.00000E+00  0.00000E+00  0.00000E+00  0.00000E+00       0.00000E+00  0.00000E+00
  0.00000E+00  0.00000E+00  0.00000E+00  0.00000E+00  0.00000E+00       0.00000E+00  0.00000E+00
  0.00000E+00  0.00000E+00  0.00000E+00  0.00000E+00  0.00000E+00       0.00000E+00  0.00000E+00
  0.00000E+00  0.00000E+00  0.00000E+00  0.00000E+00  0.00000E+00       0.00000E+00  0.00000E+00
  0.00000E+00  0.00000E+00  0.00000E+00  0.00000E+00  0.00000E+00       0.00000E+00  0.00000E+00
  0.00000E+00  0.00000E+00  0.00000E+00  0.00000E+00  0.00000E+00       0.00000E+00  0.00000E+00
  0.00000E+00  0.00000E+00  0.00000E+00  0.00000E+00  0.00000E+00       0.00000E+00  0.00000E+00
  0.00000E+00  0.00000E+00  0.00000E+00  0.00000E+00  0.00000E+00       0.00000E+00  0.00000E+00
  0.00000E+00  0.00000E+00  0.00000E+00  0.00000E+00  0.00000E+00       0.00000E+00  0.00000E+00
  0.00000E+00  0.00000E+00  0.00000E+00  0.00000E+00  0.00000E+00       0.00000E+00  0.00000E+00
  0.00000E+00  0.00000E+00  0.00000E+00  0.00000E+00  0.00000E+00       0.00000E+00  0.00000E+00
  0.00000E+00  0.00000E+00  0.00000E+00  0.00000E+00  0.00000E+00       0.00000E+00  0.00000E+00
  0.00000E+00  0.00000E+00  0.00000E+00  0.00000E+00  0.00000E+00       0.00000E+00  0.00000E+00
  0.00000E+00  0.00000E+00  0.00000E+00  0.00000E+00  0.00000E+00       0.00000E+00  0.00000E+00


   24.  52.00    6.  12.01  5.00E+00  4.50E+01  0.00E+00  0.00E+00     5   0.00

  0.00000E+00  0.00000E+00  0.00000E+00  0.00000E+00  0.00000E+00       0.00000E+00  0.00000E+00

  0.00000E+00  0.00000E+00  0.00000E+00  0.00000E+00  0.00000E+00       0.00000E+00  0.00000E+00
  0.00000E+00  0.00000E+00  0.00000E+00  0.00000E+00  0.00000E+00       0.00000E+00  0.00000E+00
  0.00000E+00  0.00000E+00  0.00000E+00  0.00000E+00  0.00000E+00       0.00000E+00  0.00000E+00
  0.00000E+00  0.00000E+00  0.00000E+00  0.00000E+00  0.00000E+00       0.00000E+00  0.00000E+00
  0.00000E+00  0.00000E+00  0.00000E+00  0.00000E+00  0.00000E+00       0.00000E+00  0.00000E+00

  0.00000E+00  0.00000E+00  0.00000E+00  0.00000E+00  0.00000E+00       0.00000E+00  0.00000E+00
  0.00000E+00  0.00000E+00  0.00000E+00  0.00000E+00  0.00000E+00       0.00000E+00  0.00000E+00
  0.00000E+00  0.00000E+00  0.00000E+00  0.00000E+00  0.00000E+00       0.00000E+00  0.00000E+00
  0.00000E+00  0.00000E+00  0.00000E+00  0.00000E+00  0.00000E+00       0.00000E+00  0.00000E+00
  0.00000E+00  0.00000E+00  0.00000E+00  0.00000E+00  0.00000E+00       0.00000E+00  0.00000E+00
  0.00000E+00  0.00000E+00  0.00000E+00  0.00000E+00  0.00000E+00       0.00000E+00  0.00000E+00
  0.00000E+00  0.00000E+00  0.00000E+00  0.00000E+00  0.00000E+00       0.00000E+00  0.00000E+00
  0.00000E+00  0.00000E+00  0.00000E+00  0.00000E+00  0.00000E+00       0.00000E+00  0.00000E+00
  0.00000E+00  0.00000E+00  0.00000E+00  0.00000E+00  0.00000E+00       0.00000E+00  0.00000E+00
  0.00000E+00  0.00000E+00  0.00000E+00  0.00000E+00  0.00000E+00       0.00000E+00  0.00000E+00
  0.00000E+00  0.00000E+00  0.00000E+00  0.00000E+00  0.00000E+00       0.00000E+00  0.00000E+00
  0.00000E+00  0.00000E+00  0.00000E+00  0.00000E+00  0.00000E+00       0.00000E+00  0.00000E+00
  0.00000E+00  0.00000E+00  0.00000E+00  0.00000E+00  0.00000E+00       0.00000E+00  0.00000E+00
  0.00000E+00  0.00000E+00  0.00000E+00  0.00000E+00  0.00000E+00       0.00000E+00  0.00000E+00
  0.00000E+00  0.00000E+00  0.00000E+00  0.00000E+00  0.00000E+00       0.00000E+00  0.00000E+00
  0.00000E+00  0.00000E+00  0.00000E+00  0.00000E+00  0.00000E+00       0.00000E+00  0.00000E+00
  0.00000E+00  0.00000E+00  0.00000E+00  0.00000E+00  0.00000E+00       0.00000E+00  0.00000E+00
  0.00000E+00  0.00000E+00  0.00000E+00  0.00000E+00  0.00000E+00       0.00000E+00  0.00000E+00
  0.00000E+00  0.00000E+00  0.00000E+00  0.00000E+00  0.00000E+00       0.00000E+00  0.00000E+00
  0.00000E+00  0.00000E+00  0.00000E+00  0.00000E+00  0.00000E+00       0.00000E+00  0.00000E+00
  0.00000E+00  0.00000E+00  0.00000E+00  0.00000E+00  0.00000E+00       0.00000E+00  0.00000E+00
  0.00000E+00  0.00000E+00  0.00000E+00  0.00000E+00  0.00000E+00       0.00000E+00  0.00000E+00
  0.00000E+00  0.00000E+00  0.00000E+00  0.00000E+00  0.00000E+00       0.00000E+00  0.00000E+00
  0.00000E+00  0.00000E+00  0.00000E+00  0.00000E+00  0.00000E+00       0.00000E+00  0.00000E+00
  0.00000E+00  0.00000E+00  0.00000E+00  0.00000E+00  0.00000E+00       0.00000E+00  0.00000E+00


   24.  52.00    6.  12.01  5.00E+00  6.00E+01  0.00E+00  0.00E+00     5   0.00

  0.00000E+00  0.00000E+00  0.00000E+00  0.00000E+00  0.00000E+00       0.00000E+00  0.00000E+00

  0.00000E+00  0.00000E+00  0.00000E+00  0.00000E+00  0.00000E+00       0.00000E+00  0.00000E+00
  0.00000E+00  0.00000E+00  0.00000E+00  0.00000E+00  0.00000E+00       0.00000E+00  0.00000E+00
  0.00000E+00  0.00000E+00  0.00000E+00  0.00000E+00  0.00000E+00       0.00000E+00  0.00000E+00
  0.00000E+00  0.00000E+00  0.00000E+00  0.00000E+00  0.00000E+00       0.00000E+00  0.00000E+00
  0.00000E+00  0.00000E+00  0.00000E+00  0.00000E+00  0.00000E+00       0.00000E+00  0.00000E+00

  0.00000E+00  0.00000E+00  0.00000E+00  0.00000E+00  0.00000E+00       0.00000E+00  0.00000E+00
  0.00000E+00  0.00000E+00  0.00000E+00  0.00000E+00  0.00000E+00       0.00000E+00  0.00000E+00
  0.00000E+00  0.00000E+00  0.00000E+00  0.00000E+00  0.00000E+00       0.00000E+00  0.00000E+00
  0.00000E+00  0.00000E+00  0.00000E+00  0.00000E+00  0.00000E+00       0.00000E+00  0.00000E+00
  0.00000E+00  0.00000E+00  0.00000E+00  0.00000E+00  0.00000E+00       0.00000E+00  0.00000E+00
  0.00000E+00  0.00000E+00  0.00000E+00  0.00000E+00  0.00000E+00       0.00000E+00  0.00000E+00
  0.00000E+00  0.00000E+00  0.00000E+00  0.00000E+00  0.00000E+00       0.00000E+00  0.00000E+00
  0.00000E+00  0.00000E+00  0.00000E+00  0.00000E+00  0.00000E+00       0.00000E+00  0.00000E+00
  0.00000E+00  0.00000E+00  0.00000E+00  0.00000E+00  0.00000E+00       0.00000E+00  0.00000E+00
  0.00000E+00  0.00000E+00  0.00000E+00  0.00000E+00  0.00000E+00       0.00000E+00  0.00000E+00
  0.00000E+00  0.00000E+00  0.00000E+00  0.00000E+00  0.00000E+00       0.00000E+00  0.00000E+00
  0.00000E+00  0.00000E+00  0.00000E+00  0.00000E+00  0.00000E+00       0.00000E+00  0.00000E+00
  0.00000E+00  0.00000E+00  0.00000E+00  0.00000E+00  0.00000E+00       0.00000E+00  0.00000E+00
  0.00000E+00  0.00000E+00  0.00000E+00  0.00000E+00  0.00000E+00       0.00000E+00  0.00000E+00
  0.00000E+00  0.00000E+00  0.00000E+00  0.00000E+00  0.00000E+00       0.00000E+00  0.00000E+00
  0.00000E+00  0.00000E+00  0.00000E+00  0.00000E+00  0.00000E+00       0.00000E+00  0.00000E+00
  0.00000E+00  0.00000E+00  0.00000E+00  0.00000E+00  0.00000E+00       0.00000E+00  0.00000E+00
  0.00000E+00  0.00000E+00  0.00000E+00  0.00000E+00  0.00000E+00       0.00000E+00  0.00000E+00
  0.00000E+00  0.00000E+00  0.00000E+00  0.00000E+00  0.00000E+00       0.00000E+00  0.00000E+00
  0.00000E+00  0.00000E+00  0.00000E+00  0.00000E+00  0.00000E+00       0.00000E+00  0.00000E+00
  0.00000E+00  0.00000E+00  0.00000E+00  0.00000E+00  0.00000E+00       0.00000E+00  0.00000E+00
  0.00000E+00  0.00000E+00  0.00000E+00  0.00000E+00  0.00000E+00       0.00000E+00  0.00000E+00
  0.00000E+00  0.00000E+00  0.00000E+00  0.00000E+00  0.00000E+00       0.00000E+00  0.00000E+00
  0.00000E+00  0.00000E+00  0.00000E+00  0.00000E+00  0.00000E+00       0.00000E+00  0.00000E+00
  0.00000E+00  0.00000E+00  0.00000E+00  0.00000E+00  0.00000E+00       0.00000E+00  0.00000E+00


   24.  52.00    6.  12.01  5.00E+00  7.00E+01  0.00E+00  0.00E+00     5   0.00

  0.00000E+00  0.00000E+00  0.00000E+00  0.00000E+00  0.00000E+00       0.00000E+00  0.00000E+00

  0.00000E+00  0.00000E+00  0.00000E+00  0.00000E+00  0.00000E+00       0.00000E+00  0.00000E+00
  0.00000E+00  0.00000E+00  0.00000E+00  0.00000E+00  0.00000E+00       0.00000E+00  0.00000E+00
  0.00000E+00  0.00000E+00  0.00000E+00  0.00000E+00  0.00000E+00       0.00000E+00  0.00000E+00
  0.00000E+00  0.00000E+00  0.00000E+00  0.00000E+00  0.00000E+00       0.00000E+00  0.00000E+00
  0.00000E+00  0.00000E+00  0.00000E+00  0.00000E+00  0.00000E+00       0.00000E+00  0.00000E+00

  0.00000E+00  0.00000E+00  0.00000E+00  0.00000E+00  0.00000E+00       0.00000E+00  0.00000E+00
  0.00000E+00  0.00000E+00  0.00000E+00  0.00000E+00  0.00000E+00       0.00000E+00  0.00000E+00
  0.00000E+00  0.00000E+00  0.00000E+00  0.00000E+00  0.00000E+00       0.00000E+00  0.00000E+00
  0.00000E+00  0.00000E+00  0.00000E+00  0.00000E+00  0.00000E+00       0.00000E+00  0.00000E+00
  0.00000E+00  0.00000E+00  0.00000E+00  0.00000E+00  0.00000E+00       0.00000E+00  0.00000E+00
  0.00000E+00  0.00000E+00  0.00000E+00  0.00000E+00  0.00000E+00       0.00000E+00  0.00000E+00
  0.00000E+00  0.00000E+00  0.00000E+00  0.00000E+00  0.00000E+00       0.00000E+00  0.00000E+00
  0.00000E+00  0.00000E+00  0.00000E+00  0.00000E+00  0.00000E+00       0.00000E+00  0.00000E+00
  0.00000E+00  0.00000E+00  0.00000E+00  0.00000E+00  0.00000E+00       0.00000E+00  0.00000E+00
  0.00000E+00  0.00000E+00  0.00000E+00  0.00000E+00  0.00000E+00       0.00000E+00  0.00000E+00
  0.00000E+00  0.00000E+00  0.00000E+00  0.00000E+00  0.00000E+00       0.00000E+00  0.00000E+00
  0.00000E+00  0.00000E+00  0.00000E+00  0.00000E+00  0.00000E+00       0.00000E+00  0.00000E+00
  0.00000E+00  0.00000E+00  0.00000E+00  0.00000E+00  0.00000E+00       0.00000E+00  0.00000E+00
  0.00000E+00  0.00000E+00  0.00000E+00  0.00000E+00  0.00000E+00       0.00000E+00  0.00000E+00
  0.00000E+00  0.00000E+00  0.00000E+00  0.00000E+00  0.00000E+00       0.00000E+00  0.00000E+00
  0.00000E+00  0.00000E+00  0.00000E+00  0.00000E+00  0.00000E+00       0.00000E+00  0.00000E+00
  0.00000E+00  0.00000E+00  0.00000E+00  0.00000E+00  0.00000E+00       0.00000E+00  0.00000E+00
  0.00000E+00  0.00000E+00  0.00000E+00  0.00000E+00  0.00000E+00       0.00000E+00  0.00000E+00
  0.00000E+00  0.00000E+00  0.00000E+00  0.00000E+00  0.00000E+00       0.00000E+00  0.00000E+00
  0.00000E+00  0.00000E+00  0.00000E+00  0.00000E+00  0.00000E+00       0.00000E+00  0.00000E+00
  0.00000E+00  0.00000E+00  0.00000E+00  0.00000E+00  0.00000E+00       0.00000E+00  0.00000E+00
  0.00000E+00  0.00000E+00  0.00000E+00  0.00000E+00  0.00000E+00       0.00000E+00  0.00000E+00
  0.00000E+00  0.00000E+00  0.00000E+00  0.00000E+00  0.00000E+00       0.00000E+00  0.00000E+00
  0.00000E+00  0.00000E+00  0.00000E+00  0.00000E+00  0.00000E+00       0.00000E+00  0.00000E+00
  0.00000E+00  0.00000E+00  0.00000E+00  0.00000E+00  0.00000E+00       0.00000E+00  0.00000E+00


   24.  52.00    6.  12.01  5.00E+00  8.00E+01  0.00E+00  0.00E+00     5   0.00

  0.00000E+00  0.00000E+00  0.00000E+00  0.00000E+00  0.00000E+00       0.00000E+00  0.00000E+00

  0.00000E+00  0.00000E+00  0.00000E+00  0.00000E+00  0.00000E+00       0.00000E+00  0.00000E+00
  0.00000E+00  0.00000E+00  0.00000E+00  0.00000E+00  0.00000E+00       0.00000E+00  0.00000E+00
  0.00000E+00  0.00000E+00  0.00000E+00  0.00000E+00  0.00000E+00       0.00000E+00  0.00000E+00
  0.00000E+00  0.00000E+00  0.00000E+00  0.00000E+00  0.00000E+00       0.00000E+00  0.00000E+00
  0.00000E+00  0.00000E+00  0.00000E+00  0.00000E+00  0.00000E+00       0.00000E+00  0.00000E+00

  0.00000E+00  0.00000E+00  0.00000E+00  0.00000E+00  0.00000E+00       0.00000E+00  0.00000E+00
  0.00000E+00  0.00000E+00  0.00000E+00  0.00000E+00  0.00000E+00       0.00000E+00  0.00000E+00
  0.00000E+00  0.00000E+00  0.00000E+00  0.00000E+00  0.00000E+00       0.00000E+00  0.00000E+00
  0.00000E+00  0.00000E+00  0.00000E+00  0.00000E+00  0.00000E+00       0.00000E+00  0.00000E+00
  0.00000E+00  0.00000E+00  0.00000E+00  0.00000E+00  0.00000E+00       0.00000E+00  0.00000E+00
  0.00000E+00  0.00000E+00  0.00000E+00  0.00000E+00  0.00000E+00       0.00000E+00  0.00000E+00
  0.00000E+00  0.00000E+00  0.00000E+00  0.00000E+00  0.00000E+00       0.00000E+00  0.00000E+00
  0.00000E+00  0.00000E+00  0.00000E+00  0.00000E+00  0.00000E+00       0.00000E+00  0.00000E+00
  0.00000E+00  0.00000E+00  0.00000E+00  0.00000E+00  0.00000E+00       0.00000E+00  0.00000E+00
  0.00000E+00  0.00000E+00  0.00000E+00  0.00000E+00  0.00000E+00       0.00000E+00  0.00000E+00
  0.00000E+00  0.00000E+00  0.00000E+00  0.00000E+00  0.00000E+00       0.00000E+00  0.00000E+00
  0.00000E+00  0.00000E+00  0.00000E+00  0.00000E+00  0.00000E+00       0.00000E+00  0.00000E+00
  0.00000E+00  0.00000E+00  0.00000E+00  0.00000E+00  0.00000E+00       0.00000E+00  0.00000E+00
  0.00000E+00  0.00000E+00  0.00000E+00  0.00000E+00  0.00000E+00       0.00000E+00  0.00000E+00
  0.00000E+00  0.00000E+00  0.00000E+00  0.00000E+00  0.00000E+00       0.00000E+00  0.00000E+00
  0.00000E+00  0.00000E+00  0.00000E+00  0.00000E+00  0.00000E+00       0.00000E+00  0.00000E+00
  0.00000E+00  0.00000E+00  0.00000E+00  0.00000E+00  0.00000E+00       0.00000E+00  0.00000E+00
  0.00000E+00  0.00000E+00  0.00000E+00  0.00000E+00  0.00000E+00       0.00000E+00  0.00000E+00
  0.00000E+00  0.00000E+00  0.00000E+00  0.00000E+00  0.00000E+00       0.00000E+00  0.00000E+00
  0.00000E+00  0.00000E+00  0.00000E+00  0.00000E+00  0.00000E+00       0.00000E+00  0.00000E+00
  0.00000E+00  0.00000E+00  0.00000E+00  0.00000E+00  0.00000E+00       0.00000E+00  0.00000E+00
  0.00000E+00  0.00000E+00  0.00000E+00  0.00000E+00  0.00000E+00       0.00000E+00  0.00000E+00
  0.00000E+00  0.00000E+00  0.00000E+00  0.00000E+00  0.00000E+00       0.00000E+00  0.00000E+00
  0.00000E+00  0.00000E+00  0.00000E+00  0.00000E+00  0.00000E+00       0.00000E+00  0.00000E+00
  0.00000E+00  0.00000E+00  0.00000E+00  0.00000E+00  0.00000E+00       0.00000E+00  0.00000E+00


   24.  52.00    6.  12.01  5.00E+00  8.50E+01  0.00E+00  0.00E+00     5   0.00

  0.00000E+00  0.00000E+00  0.00000E+00  0.00000E+00  0.00000E+00       0.00000E+00  0.00000E+00

  0.00000E+00  0.00000E+00  0.00000E+00  0.00000E+00  0.00000E+00       0.00000E+00  0.00000E+00
  0.00000E+00  0.00000E+00  0.00000E+00  0.00000E+00  0.00000E+00       0.00000E+00  0.00000E+00
  0.00000E+00  0.00000E+00  0.00000E+00  0.00000E+00  0.00000E+00       0.00000E+00  0.00000E+00
  0.00000E+00  0.00000E+00  0.00000E+00  0.00000E+00  0.00000E+00       0.00000E+00  0.00000E+00
  0.00000E+00  0.00000E+00  0.00000E+00  0.00000E+00  0.00000E+00       0.00000E+00  0.00000E+00

  0.00000E+00  0.00000E+00  0.00000E+00  0.00000E+00  0.00000E+00       0.00000E+00  0.00000E+00
  0.00000E+00  0.00000E+00  0.00000E+00  0.00000E+00  0.00000E+00       0.00000E+00  0.00000E+00
  0.00000E+00  0.00000E+00  0.00000E+00  0.00000E+00  0.00000E+00       0.00000E+00  0.00000E+00
  0.00000E+00  0.00000E+00  0.00000E+00  0.00000E+00  0.00000E+00       0.00000E+00  0.00000E+00
  0.00000E+00  0.00000E+00  0.00000E+00  0.00000E+00  0.00000E+00       0.00000E+00  0.00000E+00
  0.00000E+00  0.00000E+00  0.00000E+00  0.00000E+00  0.00000E+00       0.00000E+00  0.00000E+00
  0.00000E+00  0.00000E+00  0.00000E+00  0.00000E+00  0.00000E+00       0.00000E+00  0.00000E+00
  0.00000E+00  0.00000E+00  0.00000E+00  0.00000E+00  0.00000E+00       0.00000E+00  0.00000E+00
  0.00000E+00  0.00000E+00  0.00000E+00  0.00000E+00  0.00000E+00       0.00000E+00  0.00000E+00
  0.00000E+00  0.00000E+00  0.00000E+00  0.00000E+00  0.00000E+00       0.00000E+00  0.00000E+00
  0.00000E+00  0.00000E+00  0.00000E+00  0.00000E+00  0.00000E+00       0.00000E+00  0.00000E+00
  0.00000E+00  0.00000E+00  0.00000E+00  0.00000E+00  0.00000E+00       0.00000E+00  0.00000E+00
  0.00000E+00  0.00000E+00  0.00000E+00  0.00000E+00  0.00000E+00       0.00000E+00  0.00000E+00
  0.00000E+00  0.00000E+00  0.00000E+00  0.00000E+00  0.00000E+00       0.00000E+00  0.00000E+00
  0.00000E+00  0.00000E+00  0.00000E+00  0.00000E+00  0.00000E+00       0.00000E+00  0.00000E+00
  0.00000E+00  0.00000E+00  0.00000E+00  0.00000E+00  0.00000E+00       0.00000E+00  0.00000E+00
  0.00000E+00  0.00000E+00  0.00000E+00  0.00000E+00  0.00000E+00       0.00000E+00  0.00000E+00
  0.00000E+00  0.00000E+00  0.00000E+00  0.00000E+00  0.00000E+00       0.00000E+00  0.00000E+00
  0.00000E+00  0.00000E+00  0.00000E+00  0.00000E+00  0.00000E+00       0.00000E+00  0.00000E+00
  0.00000E+00  0.00000E+00  0.00000E+00  0.00000E+00  0.00000E+00       0.00000E+00  0.00000E+00
  0.00000E+00  0.00000E+00  0.00000E+00  0.00000E+00  0.00000E+00       0.00000E+00  0.00000E+00
  0.00000E+00  0.00000E+00  0.00000E+00  0.00000E+00  0.00000E+00       0.00000E+00  0.00000E+00
  0.00000E+00  0.00000E+00  0.00000E+00  0.00000E+00  0.00000E+00       0.00000E+00  0.00000E+00
  0.00000E+00  0.00000E+00  0.00000E+00  0.00000E+00  0.00000E+00       0.00000E+00  0.00000E+00
  0.00000E+00  0.00000E+00  0.00000E+00  0.00000E+00  0.00000E+00       0.00000E+00  0.00000E+00


   24.  52.00    6.  12.01  1.00E+01  0.00E+00  0.00E+00  0.00E+00     5   0.00

  0.00000E+00  0.00000E+00  0.00000E+00  0.00000E+00  0.00000E+00       0.00000E+00  0.00000E+00

  0.00000E+00  0.00000E+00  0.00000E+00  0.00000E+00  0.00000E+00       0.00000E+00  0.00000E+00
  0.00000E+00  0.00000E+00  0.00000E+00  0.00000E+00  0.00000E+00       0.00000E+00  0.00000E+00
  0.00000E+00  0.00000E+00  0.00000E+00  0.00000E+00  0.00000E+00       0.00000E+00  0.00000E+00
  0.00000E+00  0.00000E+00  0.00000E+00  0.00000E+00  0.00000E+00       0.00000E+00  0.00000E+00
  0.00000E+00  0.00000E+00  0.00000E+00  0.00000E+00  0.00000E+00       0.00000E+00  0.00000E+00

  0.00000E+00  0.00000E+00  0.00000E+00  0.00000E+00  0.00000E+00       0.00000E+00  0.00000E+00
  0.00000E+00  0.00000E+00  0.00000E+00  0.00000E+00  0.00000E+00       0.00000E+00  0.00000E+00
  0.00000E+00  0.00000E+00  0.00000E+00  0.00000E+00  0.00000E+00       0.00000E+00  0.00000E+00
  0.00000E+00  0.00000E+00  0.00000E+00  0.00000E+00  0.00000E+00       0.00000E+00  0.00000E+00
  0.00000E+00  0.00000E+00  0.00000E+00  0.00000E+00  0.00000E+00       0.00000E+00  0.00000E+00
  0.00000E+00  0.00000E+00  0.00000E+00  0.00000E+00  0.00000E+00       0.00000E+00  0.00000E+00
  0.00000E+00  0.00000E+00  0.00000E+00  0.00000E+00  0.00000E+00       0.00000E+00  0.00000E+00
  0.00000E+00  0.00000E+00  0.00000E+00  0.00000E+00  0.00000E+00       0.00000E+00  0.00000E+00
  0.00000E+00  0.00000E+00  0.00000E+00  0.00000E+00  0.00000E+00       0.00000E+00  0.00000E+00
  0.00000E+00  0.00000E+00  0.00000E+00  0.00000E+00  0.00000E+00       0.00000E+00  0.00000E+00
  0.00000E+00  0.00000E+00  0.00000E+00  0.00000E+00  0.00000E+00       0.00000E+00  0.00000E+00
  0.00000E+00  0.00000E+00  0.00000E+00  0.00000E+00  0.00000E+00       0.00000E+00  0.00000E+00
  0.00000E+00  0.00000E+00  0.00000E+00  0.00000E+00  0.00000E+00       0.00000E+00  0.00000E+00
  0.00000E+00  0.00000E+00  0.00000E+00  0.00000E+00  0.00000E+00       0.00000E+00  0.00000E+00
  0.00000E+00  0.00000E+00  0.00000E+00  0.00000E+00  0.00000E+00       0.00000E+00  0.00000E+00
  0.00000E+00  0.00000E+00  0.00000E+00  0.00000E+00  0.00000E+00       0.00000E+00  0.00000E+00
  0.00000E+00  0.00000E+00  0.00000E+00  0.00000E+00  0.00000E+00       0.00000E+00  0.00000E+00
  0.00000E+00  0.00000E+00  0.00000E+00  0.00000E+00  0.00000E+00       0.00000E+00  0.00000E+00
  0.00000E+00  0.00000E+00  0.00000E+00  0.00000E+00  0.00000E+00       0.00000E+00  0.00000E+00
  0.00000E+00  0.00000E+00  0.00000E+00  0.00000E+00  0.00000E+00       0.00000E+00  0.00000E+00
  0.00000E+00  0.00000E+00  0.00000E+00  0.00000E+00  0.00000E+00       0.00000E+00  0.00000E+00
  0.00000E+00  0.00000E+00  0.00000E+00  0.00000E+00  0.00000E+00       0.00000E+00  0.00000E+00
  0.00000E+00  0.00000E+00  0.00000E+00  0.00000E+00  0.00000E+00       0.00000E+00  0.00000E+00
  0.00000E+00  0.00000E+00  0.00000E+00  0.00000E+00  0.00000E+00       0.00000E+00  0.00000E+00
  0.00000E+00  0.00000E+00  0.00000E+00  0.00000E+00  0.00000E+00       0.00000E+00  0.00000E+00


   24.  52.00    6.  12.01  1.00E+01  3.00E+01  0.00E+00  0.00E+00     5   0.00

  0.00000E+00  0.00000E+00  0.00000E+00  0.00000E+00  0.00000E+00       0.00000E+00  0.00000E+00

  0.00000E+00  0.00000E+00  0.00000E+00  0.00000E+00  0.00000E+00       0.00000E+00  0.00000E+00
  0.00000E+00  0.00000E+00  0.00000E+00  0.00000E+00  0.00000E+00       0.00000E+00  0.00000E+00
  0.00000E+00  0.00000E+00  0.00000E+00  0.00000E+00  0.00000E+00       0.00000E+00  0.00000E+00
  0.00000E+00  0.00000E+00  0.00000E+00  0.00000E+00  0.00000E+00       0.00000E+00  0.00000E+00
  0.00000E+00  0.00000E+00  0.00000E+00  0.00000E+00  0.00000E+00       0.00000E+00  0.00000E+00

  0.00000E+00  0.00000E+00  0.00000E+00  0.00000E+00  0.00000E+00       0.00000E+00  0.00000E+00
  0.00000E+00  0.00000E+00  0.00000E+00  0.00000E+00  0.00000E+00       0.00000E+00  0.00000E+00
  0.00000E+00  0.00000E+00  0.00000E+00  0.00000E+00  0.00000E+00       0.00000E+00  0.00000E+00
  0.00000E+00  0.00000E+00  0.00000E+00  0.00000E+00  0.00000E+00       0.00000E+00  0.00000E+00
  0.00000E+00  0.00000E+00  0.00000E+00  0.00000E+00  0.00000E+00       0.00000E+00  0.00000E+00
  0.00000E+00  0.00000E+00  0.00000E+00  0.00000E+00  0.00000E+00       0.00000E+00  0.00000E+00
  0.00000E+00  0.00000E+00  0.00000E+00  0.00000E+00  0.00000E+00       0.00000E+00  0.00000E+00
  0.00000E+00  0.00000E+00  0.00000E+00  0.00000E+00  0.00000E+00       0.00000E+00  0.00000E+00
  0.00000E+00  0.00000E+00  0.00000E+00  0.00000E+00  0.00000E+00       0.00000E+00  0.00000E+00
  0.00000E+00  0.00000E+00  0.00000E+00  0.00000E+00  0.00000E+00       0.00000E+00  0.00000E+00
  0.00000E+00  0.00000E+00  0.00000E+00  0.00000E+00  0.00000E+00       0.00000E+00  0.00000E+00
  0.00000E+00  0.00000E+00  0.00000E+00  0.00000E+00  0.00000E+00       0.00000E+00  0.00000E+00
  0.00000E+00  0.00000E+00  0.00000E+00  0.00000E+00  0.00000E+00       0.00000E+00  0.00000E+00
  0.00000E+00  0.00000E+00  0.00000E+00  0.00000E+00  0.00000E+00       0.00000E+00  0.00000E+00
  0.00000E+00  0.00000E+00  0.00000E+00  0.00000E+00  0.00000E+00       0.00000E+00  0.00000E+00
  0.00000E+00  0.00000E+00  0.00000E+00  0.00000E+00  0.00000E+00       0.00000E+00  0.00000E+00
  0.00000E+00  0.00000E+00  0.00000E+00  0.00000E+00  0.00000E+00       0.00000E+00  0.00000E+00
  0.00000E+00  0.00000E+00  0.00000E+00  0.00000E+00  0.00000E+00       0.00000E+00  0.00000E+00
  0.00000E+00  0.00000E+00  0.00000E+00  0.00000E+00  0.00000E+00       0.00000E+00  0.00000E+00
  0.00000E+00  0.00000E+00  0.00000E+00  0.00000E+00  0.00000E+00       0.00000E+00  0.00000E+00
  0.00000E+00  0.00000E+00  0.00000E+00  0.00000E+00  0.00000E+00       0.00000E+00  0.00000E+00
  0.00000E+00  0.00000E+00  0.00000E+00  0.00000E+00  0.00000E+00       0.00000E+00  0.00000E+00
  0.00000E+00  0.00000E+00  0.00000E+00  0.00000E+00  0.00000E+00       0.00000E+00  0.00000E+00
  0.00000E+00  0.00000E+00  0.00000E+00  0.00000E+00  0.00000E+00       0.00000E+00  0.00000E+00
  0.00000E+00  0.00000E+00  0.00000E+00  0.00000E+00  0.00000E+00       0.00000E+00  0.00000E+00


   24.  52.00    6.  12.01  1.00E+01  4.50E+01  0.00E+00  0.00E+00     5   0.00

  0.00000E+00  0.00000E+00  0.00000E+00  0.00000E+00  0.00000E+00       0.00000E+00  0.00000E+00

  0.00000E+00  0.00000E+00  0.00000E+00  0.00000E+00  0.00000E+00       0.00000E+00  0.00000E+00
  0.00000E+00  0.00000E+00  0.00000E+00  0.00000E+00  0.00000E+00       0.00000E+00  0.00000E+00
  0.00000E+00  0.00000E+00  0.00000E+00  0.00000E+00  0.00000E+00       0.00000E+00  0.00000E+00
  0.00000E+00  0.00000E+00  0.00000E+00  0.00000E+00  0.00000E+00       0.00000E+00  0.00000E+00
  0.00000E+00  0.00000E+00  0.00000E+00  0.00000E+00  0.00000E+00       0.00000E+00  0.00000E+00

  0.00000E+00  0.00000E+00  0.00000E+00  0.00000E+00  0.00000E+00       0.00000E+00  0.00000E+00
  0.00000E+00  0.00000E+00  0.00000E+00  0.00000E+00  0.00000E+00       0.00000E+00  0.00000E+00
  0.00000E+00  0.00000E+00  0.00000E+00  0.00000E+00  0.00000E+00       0.00000E+00  0.00000E+00
  0.00000E+00  0.00000E+00  0.00000E+00  0.00000E+00  0.00000E+00       0.00000E+00  0.00000E+00
  0.00000E+00  0.00000E+00  0.00000E+00  0.00000E+00  0.00000E+00       0.00000E+00  0.00000E+00
  0.00000E+00  0.00000E+00  0.00000E+00  0.00000E+00  0.00000E+00       0.00000E+00  0.00000E+00
  0.00000E+00  0.00000E+00  0.00000E+00  0.00000E+00  0.00000E+00       0.00000E+00  0.00000E+00
  0.00000E+00  0.00000E+00  0.00000E+00  0.00000E+00  0.00000E+00       0.00000E+00  0.00000E+00
  0.00000E+00  0.00000E+00  0.00000E+00  0.00000E+00  0.00000E+00       0.00000E+00  0.00000E+00
  0.00000E+00  0.00000E+00  0.00000E+00  0.00000E+00  0.00000E+00       0.00000E+00  0.00000E+00
  0.00000E+00  0.00000E+00  0.00000E+00  0.00000E+00  0.00000E+00       0.00000E+00  0.00000E+00
  0.00000E+00  0.00000E+00  0.00000E+00  0.00000E+00  0.00000E+00       0.00000E+00  0.00000E+00
  0.00000E+00  0.00000E+00  0.00000E+00  0.00000E+00  0.00000E+00       0.00000E+00  0.00000E+00
  0.00000E+00  0.00000E+00  0.00000E+00  0.00000E+00  0.00000E+00       0.00000E+00  0.00000E+00
  0.00000E+00  0.00000E+00  0.00000E+00  0.00000E+00  0.00000E+00       0.00000E+00  0.00000E+00
  0.00000E+00  0.00000E+00  0.00000E+00  0.00000E+00  0.00000E+00       0.00000E+00  0.00000E+00
  0.00000E+00  0.00000E+00  0.00000E+00  0.00000E+00  0.00000E+00       0.00000E+00  0.00000E+00
  0.00000E+00  0.00000E+00  0.00000E+00  0.00000E+00  0.00000E+00       0.00000E+00  0.00000E+00
  0.00000E+00  0.00000E+00  0.00000E+00  0.00000E+00  0.00000E+00       0.00000E+00  0.00000E+00
  0.00000E+00  0.00000E+00  0.00000E+00  0.00000E+00  0.00000E+00       0.00000E+00  0.00000E+00
  0.00000E+00  0.00000E+00  0.00000E+00  0.00000E+00  0.00000E+00       0.00000E+00  0.00000E+00
  0.00000E+00  0.00000E+00  0.00000E+00  0.00000E+00  0.00000E+00       0.00000E+00  0.00000E+00
  0.00000E+00  0.00000E+00  0.00000E+00  0.00000E+00  0.00000E+00       0.00000E+00  0.00000E+00
  0.00000E+00  0.00000E+00  0.00000E+00  0.00000E+00  0.00000E+00       0.00000E+00  0.00000E+00
  0.00000E+00  0.00000E+00  0.00000E+00  0.00000E+00  0.00000E+00       0.00000E+00  0.00000E+00


   24.  52.00    6.  12.01  1.00E+01  6.00E+01  0.00E+00  0.00E+00     5   0.00

  0.00000E+00  0.00000E+00  0.00000E+00  0.00000E+00  0.00000E+00       0.00000E+00  0.00000E+00

  0.00000E+00  0.00000E+00  0.00000E+00  0.00000E+00  0.00000E+00       0.00000E+00  0.00000E+00
  0.00000E+00  0.00000E+00  0.00000E+00  0.00000E+00  0.00000E+00       0.00000E+00  0.00000E+00
  0.00000E+00  0.00000E+00  0.00000E+00  0.00000E+00  0.00000E+00       0.00000E+00  0.00000E+00
  0.00000E+00  0.00000E+00  0.00000E+00  0.00000E+00  0.00000E+00       0.00000E+00  0.00000E+00
  0.00000E+00  0.00000E+00  0.00000E+00  0.00000E+00  0.00000E+00       0.00000E+00  0.00000E+00

  0.00000E+00  0.00000E+00  0.00000E+00  0.00000E+00  0.00000E+00       0.00000E+00  0.00000E+00
  0.00000E+00  0.00000E+00  0.00000E+00  0.00000E+00  0.00000E+00       0.00000E+00  0.00000E+00
  0.00000E+00  0.00000E+00  0.00000E+00  0.00000E+00  0.00000E+00       0.00000E+00  0.00000E+00
  0.00000E+00  0.00000E+00  0.00000E+00  0.00000E+00  0.00000E+00       0.00000E+00  0.00000E+00
  0.00000E+00  0.00000E+00  0.00000E+00  0.00000E+00  0.00000E+00       0.00000E+00  0.00000E+00
  0.00000E+00  0.00000E+00  0.00000E+00  0.00000E+00  0.00000E+00       0.00000E+00  0.00000E+00
  0.00000E+00  0.00000E+00  0.00000E+00  0.00000E+00  0.00000E+00       0.00000E+00  0.00000E+00
  0.00000E+00  0.00000E+00  0.00000E+00  0.00000E+00  0.00000E+00       0.00000E+00  0.00000E+00
  0.00000E+00  0.00000E+00  0.00000E+00  0.00000E+00  0.00000E+00       0.00000E+00  0.00000E+00
  0.00000E+00  0.00000E+00  0.00000E+00  0.00000E+00  0.00000E+00       0.00000E+00  0.00000E+00
  0.00000E+00  0.00000E+00  0.00000E+00  0.00000E+00  0.00000E+00       0.00000E+00  0.00000E+00
  0.00000E+00  0.00000E+00  0.00000E+00  0.00000E+00  0.00000E+00       0.00000E+00  0.00000E+00
  0.00000E+00  0.00000E+00  0.00000E+00  0.00000E+00  0.00000E+00       0.00000E+00  0.00000E+00
  0.00000E+00  0.00000E+00  0.00000E+00  0.00000E+00  0.00000E+00       0.00000E+00  0.00000E+00
  0.00000E+00  0.00000E+00  0.00000E+00  0.00000E+00  0.00000E+00       0.00000E+00  0.00000E+00
  0.00000E+00  0.00000E+00  0.00000E+00  0.00000E+00  0.00000E+00       0.00000E+00  0.00000E+00
  0.00000E+00  0.00000E+00  0.00000E+00  0.00000E+00  0.00000E+00       0.00000E+00  0.00000E+00
  0.00000E+00  0.00000E+00  0.00000E+00  0.00000E+00  0.00000E+00       0.00000E+00  0.00000E+00
  0.00000E+00  0.00000E+00  0.00000E+00  0.00000E+00  0.00000E+00       0.00000E+00  0.00000E+00
  0.00000E+00  0.00000E+00  0.00000E+00  0.00000E+00  0.00000E+00       0.00000E+00  0.00000E+00
  0.00000E+00  0.00000E+00  0.00000E+00  0.00000E+00  0.00000E+00       0.00000E+00  0.00000E+00
  0.00000E+00  0.00000E+00  0.00000E+00  0.00000E+00  0.00000E+00       0.00000E+00  0.00000E+00
  0.00000E+00  0.00000E+00  0.00000E+00  0.00000E+00  0.00000E+00       0.00000E+00  0.00000E+00
  0.00000E+00  0.00000E+00  0.00000E+00  0.00000E+00  0.00000E+00       0.00000E+00  0.00000E+00
  0.00000E+00  0.00000E+00  0.00000E+00  0.00000E+00  0.00000E+00       0.00000E+00  0.00000E+00


   24.  52.00    6.  12.01  1.00E+01  7.00E+01  0.00E+00  0.00E+00     5   0.00

  0.00000E+00  0.00000E+00  0.00000E+00  0.00000E+00  0.00000E+00       0.00000E+00  0.00000E+00

  0.00000E+00  0.00000E+00  0.00000E+00  0.00000E+00  0.00000E+00       0.00000E+00  0.00000E+00
  0.00000E+00  0.00000E+00  0.00000E+00  0.00000E+00  0.00000E+00       0.00000E+00  0.00000E+00
  0.00000E+00  0.00000E+00  0.00000E+00  0.00000E+00  0.00000E+00       0.00000E+00  0.00000E+00
  0.00000E+00  0.00000E+00  0.00000E+00  0.00000E+00  0.00000E+00       0.00000E+00  0.00000E+00
  0.00000E+00  0.00000E+00  0.00000E+00  0.00000E+00  0.00000E+00       0.00000E+00  0.00000E+00

  0.00000E+00  0.00000E+00  0.00000E+00  0.00000E+00  0.00000E+00       0.00000E+00  0.00000E+00
  0.00000E+00  0.00000E+00  0.00000E+00  0.00000E+00  0.00000E+00       0.00000E+00  0.00000E+00
  0.00000E+00  0.00000E+00  0.00000E+00  0.00000E+00  0.00000E+00       0.00000E+00  0.00000E+00
  0.00000E+00  0.00000E+00  0.00000E+00  0.00000E+00  0.00000E+00       0.00000E+00  0.00000E+00
  0.00000E+00  0.00000E+00  0.00000E+00  0.00000E+00  0.00000E+00       0.00000E+00  0.00000E+00
  0.00000E+00  0.00000E+00  0.00000E+00  0.00000E+00  0.00000E+00       0.00000E+00  0.00000E+00
  0.00000E+00  0.00000E+00  0.00000E+00  0.00000E+00  0.00000E+00       0.00000E+00  0.00000E+00
  0.00000E+00  0.00000E+00  0.00000E+00  0.00000E+00  0.00000E+00       0.00000E+00  0.00000E+00
  0.00000E+00  0.00000E+00  0.00000E+00  0.00000E+00  0.00000E+00       0.00000E+00  0.00000E+00
  0.00000E+00  0.00000E+00  0.00000E+00  0.00000E+00  0.00000E+00       0.00000E+00  0.00000E+00
  0.00000E+00  0.00000E+00  0.00000E+00  0.00000E+00  0.00000E+00       0.00000E+00  0.00000E+00
  0.00000E+00  0.00000E+00  0.00000E+00  0.00000E+00  0.00000E+00       0.00000E+00  0.00000E+00
  0.00000E+00  0.00000E+00  0.00000E+00  0.00000E+00  0.00000E+00       0.00000E+00  0.00000E+00
  0.00000E+00  0.00000E+00  0.00000E+00  0.00000E+00  0.00000E+00       0.00000E+00  0.00000E+00
  0.00000E+00  0.00000E+00  0.00000E+00  0.00000E+00  0.00000E+00       0.00000E+00  0.00000E+00
  0.00000E+00  0.00000E+00  0.00000E+00  0.00000E+00  0.00000E+00       0.00000E+00  0.00000E+00
  0.00000E+00  0.00000E+00  0.00000E+00  0.00000E+00  0.00000E+00       0.00000E+00  0.00000E+00
  0.00000E+00  0.00000E+00  0.00000E+00  0.00000E+00  0.00000E+00       0.00000E+00  0.00000E+00
  0.00000E+00  0.00000E+00  0.00000E+00  0.00000E+00  0.00000E+00       0.00000E+00  0.00000E+00
  0.00000E+00  0.00000E+00  0.00000E+00  0.00000E+00  0.00000E+00       0.00000E+00  0.00000E+00
  0.00000E+00  0.00000E+00  0.00000E+00  0.00000E+00  0.00000E+00       0.00000E+00  0.00000E+00
  0.00000E+00  0.00000E+00  0.00000E+00  0.00000E+00  0.00000E+00       0.00000E+00  0.00000E+00
  0.00000E+00  0.00000E+00  0.00000E+00  0.00000E+00  0.00000E+00       0.00000E+00  0.00000E+00
  0.00000E+00  0.00000E+00  0.00000E+00  0.00000E+00  0.00000E+00       0.00000E+00  0.00000E+00
  0.00000E+00  0.00000E+00  0.00000E+00  0.00000E+00  0.00000E+00       0.00000E+00  0.00000E+00


   24.  52.00    6.  12.01  1.00E+01  8.00E+01  0.00E+00  0.00E+00     5   0.00

  0.00000E+00  0.00000E+00  0.00000E+00  0.00000E+00  0.00000E+00       0.00000E+00  0.00000E+00

  0.00000E+00  0.00000E+00  0.00000E+00  0.00000E+00  0.00000E+00       0.00000E+00  0.00000E+00
  0.00000E+00  0.00000E+00  0.00000E+00  0.00000E+00  0.00000E+00       0.00000E+00  0.00000E+00
  0.00000E+00  0.00000E+00  0.00000E+00  0.00000E+00  0.00000E+00       0.00000E+00  0.00000E+00
  0.00000E+00  0.00000E+00  0.00000E+00  0.00000E+00  0.00000E+00       0.00000E+00  0.00000E+00
  0.00000E+00  0.00000E+00  0.00000E+00  0.00000E+00  0.00000E+00       0.00000E+00  0.00000E+00

  0.00000E+00  0.00000E+00  0.00000E+00  0.00000E+00  0.00000E+00       0.00000E+00  0.00000E+00
  0.00000E+00  0.00000E+00  0.00000E+00  0.00000E+00  0.00000E+00       0.00000E+00  0.00000E+00
  0.00000E+00  0.00000E+00  0.00000E+00  0.00000E+00  0.00000E+00       0.00000E+00  0.00000E+00
  0.00000E+00  0.00000E+00  0.00000E+00  0.00000E+00  0.00000E+00       0.00000E+00  0.00000E+00
  0.00000E+00  0.00000E+00  0.00000E+00  0.00000E+00  0.00000E+00       0.00000E+00  0.00000E+00
  0.00000E+00  0.00000E+00  0.00000E+00  0.00000E+00  0.00000E+00       0.00000E+00  0.00000E+00
  0.00000E+00  0.00000E+00  0.00000E+00  0.00000E+00  0.00000E+00       0.00000E+00  0.00000E+00
  0.00000E+00  0.00000E+00  0.00000E+00  0.00000E+00  0.00000E+00       0.00000E+00  0.00000E+00
  0.00000E+00  0.00000E+00  0.00000E+00  0.00000E+00  0.00000E+00       0.00000E+00  0.00000E+00
  0.00000E+00  0.00000E+00  0.00000E+00  0.00000E+00  0.00000E+00       0.00000E+00  0.00000E+00
  0.00000E+00  0.00000E+00  0.00000E+00  0.00000E+00  0.00000E+00       0.00000E+00  0.00000E+00
  0.00000E+00  0.00000E+00  0.00000E+00  0.00000E+00  0.00000E+00       0.00000E+00  0.00000E+00
  0.00000E+00  0.00000E+00  0.00000E+00  0.00000E+00  0.00000E+00       0.00000E+00  0.00000E+00
  0.00000E+00  0.00000E+00  0.00000E+00  0.00000E+00  0.00000E+00       0.00000E+00  0.00000E+00
  0.00000E+00  0.00000E+00  0.00000E+00  0.00000E+00  0.00000E+00       0.00000E+00  0.00000E+00
  0.00000E+00  0.00000E+00  0.00000E+00  0.00000E+00  0.00000E+00       0.00000E+00  0.00000E+00
  0.00000E+00  0.00000E+00  0.00000E+00  0.00000E+00  0.00000E+00       0.00000E+00  0.00000E+00
  0.00000E+00  0.00000E+00  0.00000E+00  0.00000E+00  0.00000E+00       0.00000E+00  0.00000E+00
  0.00000E+00  0.00000E+00  0.00000E+00  0.00000E+00  0.00000E+00       0.00000E+00  0.00000E+00
  0.00000E+00  0.00000E+00  0.00000E+00  0.00000E+00  0.00000E+00       0.00000E+00  0.00000E+00
  0.00000E+00  0.00000E+00  0.00000E+00  0.00000E+00  0.00000E+00       0.00000E+00  0.00000E+00
  0.00000E+00  0.00000E+00  0.00000E+00  0.00000E+00  0.00000E+00       0.00000E+00  0.00000E+00
  0.00000E+00  0.00000E+00  0.00000E+00  0.00000E+00  0.00000E+00       0.00000E+00  0.00000E+00
  0.00000E+00  0.00000E+00  0.00000E+00  0.00000E+00  0.00000E+00       0.00000E+00  0.00000E+00
  0.00000E+00  0.00000E+00  0.00000E+00  0.00000E+00  0.00000E+00       0.00000E+00  0.00000E+00


   24.  52.00    6.  12.01  1.00E+01  8.50E+01  0.00E+00  0.00E+00     5   0.00

  0.00000E+00  0.00000E+00  0.00000E+00  0.00000E+00  0.00000E+00       0.00000E+00  0.00000E+00

  0.00000E+00  0.00000E+00  0.00000E+00  0.00000E+00  0.00000E+00       0.00000E+00  0.00000E+00
  0.00000E+00  0.00000E+00  0.00000E+00  0.00000E+00  0.00000E+00       0.00000E+00  0.00000E+00
  0.00000E+00  0.00000E+00  0.00000E+00  0.00000E+00  0.00000E+00       0.00000E+00  0.00000E+00
  0.00000E+00  0.00000E+00  0.00000E+00  0.00000E+00  0.00000E+00       0.00000E+00  0.00000E+00
  0.00000E+00  0.00000E+00  0.00000E+00  0.00000E+00  0.00000E+00       0.00000E+00  0.00000E+00

  0.00000E+00  0.00000E+00  0.00000E+00  0.00000E+00  0.00000E+00       0.00000E+00  0.00000E+00
  0.00000E+00  0.00000E+00  0.00000E+00  0.00000E+00  0.00000E+00       0.00000E+00  0.00000E+00
  0.00000E+00  0.00000E+00  0.00000E+00  0.00000E+00  0.00000E+00       0.00000E+00  0.00000E+00
  0.00000E+00  0.00000E+00  0.00000E+00  0.00000E+00  0.00000E+00       0.00000E+00  0.00000E+00
  0.00000E+00  0.00000E+00  0.00000E+00  0.00000E+00  0.00000E+00       0.00000E+00  0.00000E+00
  0.00000E+00  0.00000E+00  0.00000E+00  0.00000E+00  0.00000E+00       0.00000E+00  0.00000E+00
  0.00000E+00  0.00000E+00  0.00000E+00  0.00000E+00  0.00000E+00       0.00000E+00  0.00000E+00
  0.00000E+00  0.00000E+00  0.00000E+00  0.00000E+00  0.00000E+00       0.00000E+00  0.00000E+00
  0.00000E+00  0.00000E+00  0.00000E+00  0.00000E+00  0.00000E+00       0.00000E+00  0.00000E+00
  0.00000E+00  0.00000E+00  0.00000E+00  0.00000E+00  0.00000E+00       0.00000E+00  0.00000E+00
  0.00000E+00  0.00000E+00  0.00000E+00  0.00000E+00  0.00000E+00       0.00000E+00  0.00000E+00
  0.00000E+00  0.00000E+00  0.00000E+00  0.00000E+00  0.00000E+00       0.00000E+00  0.00000E+00
  0.00000E+00  0.00000E+00  0.00000E+00  0.00000E+00  0.00000E+00       0.00000E+00  0.00000E+00
  0.00000E+00  0.00000E+00  0.00000E+00  0.00000E+00  0.00000E+00       0.00000E+00  0.00000E+00
  0.00000E+00  0.00000E+00  0.00000E+00  0.00000E+00  0.00000E+00       0.00000E+00  0.00000E+00
  0.00000E+00  0.00000E+00  0.00000E+00  0.00000E+00  0.00000E+00       0.00000E+00  0.00000E+00
  0.00000E+00  0.00000E+00  0.00000E+00  0.00000E+00  0.00000E+00       0.00000E+00  0.00000E+00
  0.00000E+00  0.00000E+00  0.00000E+00  0.00000E+00  0.00000E+00       0.00000E+00  0.00000E+00
  0.00000E+00  0.00000E+00  0.00000E+00  0.00000E+00  0.00000E+00       0.00000E+00  0.00000E+00
  0.00000E+00  0.00000E+00  0.00000E+00  0.00000E+00  0.00000E+00       0.00000E+00  0.00000E+00
  0.00000E+00  0.00000E+00  0.00000E+00  0.00000E+00  0.00000E+00       0.00000E+00  0.00000E+00
  0.00000E+00  0.00000E+00  0.00000E+00  0.00000E+00  0.00000E+00       0.00000E+00  0.00000E+00
  0.00000E+00  0.00000E+00  0.00000E+00  0.00000E+00  0.00000E+00       0.00000E+00  0.00000E+00
  0.00000E+00  0.00000E+00  0.00000E+00  0.00000E+00  0.00000E+00       0.00000E+00  0.00000E+00
  0.00000E+00  0.00000E+00  0.00000E+00  0.00000E+00  0.00000E+00       0.00000E+00  0.00000E+00


   24.  52.00    6.  12.01  2.00E+01  0.00E+00  0.00E+00  0.00E+00     5   0.00

  0.00000E+00  0.00000E+00  0.00000E+00  0.00000E+00  0.00000E+00       0.00000E+00  0.00000E+00

  0.00000E+00  0.00000E+00  0.00000E+00  0.00000E+00  0.00000E+00       0.00000E+00  0.00000E+00
  0.00000E+00  0.00000E+00  0.00000E+00  0.00000E+00  0.00000E+00       0.00000E+00  0.00000E+00
  0.00000E+00  0.00000E+00  0.00000E+00  0.00000E+00  0.00000E+00       0.00000E+00  0.00000E+00
  0.00000E+00  0.00000E+00  0.00000E+00  0.00000E+00  0.00000E+00       0.00000E+00  0.00000E+00
  0.00000E+00  0.00000E+00  0.00000E+00  0.00000E+00  0.00000E+00       0.00000E+00  0.00000E+00

  0.00000E+00  0.00000E+00  0.00000E+00  0.00000E+00  0.00000E+00       0.00000E+00  0.00000E+00
  0.00000E+00  0.00000E+00  0.00000E+00  0.00000E+00  0.00000E+00       0.00000E+00  0.00000E+00
  0.00000E+00  0.00000E+00  0.00000E+00  0.00000E+00  0.00000E+00       0.00000E+00  0.00000E+00
  0.00000E+00  0.00000E+00  0.00000E+00  0.00000E+00  0.00000E+00       0.00000E+00  0.00000E+00
  0.00000E+00  0.00000E+00  0.00000E+00  0.00000E+00  0.00000E+00       0.00000E+00  0.00000E+00
  0.00000E+00  0.00000E+00  0.00000E+00  0.00000E+00  0.00000E+00       0.00000E+00  0.00000E+00
  0.00000E+00  0.00000E+00  0.00000E+00  0.00000E+00  0.00000E+00       0.00000E+00  0.00000E+00
  0.00000E+00  0.00000E+00  0.00000E+00  0.00000E+00  0.00000E+00       0.00000E+00  0.00000E+00
  0.00000E+00  0.00000E+00  0.00000E+00  0.00000E+00  0.00000E+00       0.00000E+00  0.00000E+00
  0.00000E+00  0.00000E+00  0.00000E+00  0.00000E+00  0.00000E+00       0.00000E+00  0.00000E+00
  0.00000E+00  0.00000E+00  0.00000E+00  0.00000E+00  0.00000E+00       0.00000E+00  0.00000E+00
  0.00000E+00  0.00000E+00  0.00000E+00  0.00000E+00  0.00000E+00       0.00000E+00  0.00000E+00
  0.00000E+00  0.00000E+00  0.00000E+00  0.00000E+00  0.00000E+00       0.00000E+00  0.00000E+00
  0.00000E+00  0.00000E+00  0.00000E+00  0.00000E+00  0.00000E+00       0.00000E+00  0.00000E+00
  0.00000E+00  0.00000E+00  0.00000E+00  0.00000E+00  0.00000E+00       0.00000E+00  0.00000E+00
  0.00000E+00  0.00000E+00  0.00000E+00  0.00000E+00  0.00000E+00       0.00000E+00  0.00000E+00
  0.00000E+00  0.00000E+00  0.00000E+00  0.00000E+00  0.00000E+00       0.00000E+00  0.00000E+00
  0.00000E+00  0.00000E+00  0.00000E+00  0.00000E+00  0.00000E+00       0.00000E+00  0.00000E+00
  0.00000E+00  0.00000E+00  0.00000E+00  0.00000E+00  0.00000E+00       0.00000E+00  0.00000E+00
  0.00000E+00  0.00000E+00  0.00000E+00  0.00000E+00  0.00000E+00       0.00000E+00  0.00000E+00
  0.00000E+00  0.00000E+00  0.00000E+00  0.00000E+00  0.00000E+00       0.00000E+00  0.00000E+00
  0.00000E+00  0.00000E+00  0.00000E+00  0.00000E+00  0.00000E+00       0.00000E+00  0.00000E+00
  0.00000E+00  0.00000E+00  0.00000E+00  0.00000E+00  0.00000E+00       0.00000E+00  0.00000E+00
  0.00000E+00  0.00000E+00  0.00000E+00  0.00000E+00  0.00000E+00       0.00000E+00  0.00000E+00
  0.00000E+00  0.00000E+00  0.00000E+00  0.00000E+00  0.00000E+00       0.00000E+00  0.00000E+00


   24.  52.00    6.  12.01  2.00E+01  3.00E+01  0.00E+00  0.00E+00     5   0.00

  0.00000E+00  0.00000E+00  0.00000E+00  0.00000E+00  0.00000E+00       0.00000E+00  0.00000E+00

  0.00000E+00  0.00000E+00  0.00000E+00  0.00000E+00  0.00000E+00       0.00000E+00  0.00000E+00
  0.00000E+00  0.00000E+00  0.00000E+00  0.00000E+00  0.00000E+00       0.00000E+00  0.00000E+00
  0.00000E+00  0.00000E+00  0.00000E+00  0.00000E+00  0.00000E+00       0.00000E+00  0.00000E+00
  0.00000E+00  0.00000E+00  0.00000E+00  0.00000E+00  0.00000E+00       0.00000E+00  0.00000E+00
  0.00000E+00  0.00000E+00  0.00000E+00  0.00000E+00  0.00000E+00       0.00000E+00  0.00000E+00

  0.00000E+00  0.00000E+00  0.00000E+00  0.00000E+00  0.00000E+00       0.00000E+00  0.00000E+00
  0.00000E+00  0.00000E+00  0.00000E+00  0.00000E+00  0.00000E+00       0.00000E+00  0.00000E+00
  0.00000E+00  0.00000E+00  0.00000E+00  0.00000E+00  0.00000E+00       0.00000E+00  0.00000E+00
  0.00000E+00  0.00000E+00  0.00000E+00  0.00000E+00  0.00000E+00       0.00000E+00  0.00000E+00
  0.00000E+00  0.00000E+00  0.00000E+00  0.00000E+00  0.00000E+00       0.00000E+00  0.00000E+00
  0.00000E+00  0.00000E+00  0.00000E+00  0.00000E+00  0.00000E+00       0.00000E+00  0.00000E+00
  0.00000E+00  0.00000E+00  0.00000E+00  0.00000E+00  0.00000E+00       0.00000E+00  0.00000E+00
  0.00000E+00  0.00000E+00  0.00000E+00  0.00000E+00  0.00000E+00       0.00000E+00  0.00000E+00
  0.00000E+00  0.00000E+00  0.00000E+00  0.00000E+00  0.00000E+00       0.00000E+00  0.00000E+00
  0.00000E+00  0.00000E+00  0.00000E+00  0.00000E+00  0.00000E+00       0.00000E+00  0.00000E+00
  0.00000E+00  0.00000E+00  0.00000E+00  0.00000E+00  0.00000E+00       0.00000E+00  0.00000E+00
  0.00000E+00  0.00000E+00  0.00000E+00  0.00000E+00  0.00000E+00       0.00000E+00  0.00000E+00
  0.00000E+00  0.00000E+00  0.00000E+00  0.00000E+00  0.00000E+00       0.00000E+00  0.00000E+00
  0.00000E+00  0.00000E+00  0.00000E+00  0.00000E+00  0.00000E+00       0.00000E+00  0.00000E+00
  0.00000E+00  0.00000E+00  0.00000E+00  0.00000E+00  0.00000E+00       0.00000E+00  0.00000E+00
  0.00000E+00  0.00000E+00  0.00000E+00  0.00000E+00  0.00000E+00       0.00000E+00  0.00000E+00
  0.00000E+00  0.00000E+00  0.00000E+00  0.00000E+00  0.00000E+00       0.00000E+00  0.00000E+00
  0.00000E+00  0.00000E+00  0.00000E+00  0.00000E+00  0.00000E+00       0.00000E+00  0.00000E+00
  0.00000E+00  0.00000E+00  0.00000E+00  0.00000E+00  0.00000E+00       0.00000E+00  0.00000E+00
  0.00000E+00  0.00000E+00  0.00000E+00  0.00000E+00  0.00000E+00       0.00000E+00  0.00000E+00
  0.00000E+00  0.00000E+00  0.00000E+00  0.00000E+00  0.00000E+00       0.00000E+00  0.00000E+00
  0.00000E+00  0.00000E+00  0.00000E+00  0.00000E+00  0.00000E+00       0.00000E+00  0.00000E+00
  0.00000E+00  0.00000E+00  0.00000E+00  0.00000E+00  0.00000E+00       0.00000E+00  0.00000E+00
  0.00000E+00  0.00000E+00  0.00000E+00  0.00000E+00  0.00000E+00       0.00000E+00  0.00000E+00
  0.00000E+00  0.00000E+00  0.00000E+00  0.00000E+00  0.00000E+00       0.00000E+00  0.00000E+00


   24.  52.00    6.  12.01  2.00E+01  4.50E+01  0.00E+00  0.00E+00     5   0.00

  0.00000E+00  0.00000E+00  0.00000E+00  0.00000E+00  0.00000E+00       0.00000E+00  0.00000E+00

  0.00000E+00  0.00000E+00  0.00000E+00  0.00000E+00  0.00000E+00       0.00000E+00  0.00000E+00
  0.00000E+00  0.00000E+00  0.00000E+00  0.00000E+00  0.00000E+00       0.00000E+00  0.00000E+00
  0.00000E+00  0.00000E+00  0.00000E+00  0.00000E+00  0.00000E+00       0.00000E+00  0.00000E+00
  0.00000E+00  0.00000E+00  0.00000E+00  0.00000E+00  0.00000E+00       0.00000E+00  0.00000E+00
  0.00000E+00  0.00000E+00  0.00000E+00  0.00000E+00  0.00000E+00       0.00000E+00  0.00000E+00

  0.00000E+00  0.00000E+00  0.00000E+00  0.00000E+00  0.00000E+00       0.00000E+00  0.00000E+00
  0.00000E+00  0.00000E+00  0.00000E+00  0.00000E+00  0.00000E+00       0.00000E+00  0.00000E+00
  0.00000E+00  0.00000E+00  0.00000E+00  0.00000E+00  0.00000E+00       0.00000E+00  0.00000E+00
  0.00000E+00  0.00000E+00  0.00000E+00  0.00000E+00  0.00000E+00       0.00000E+00  0.00000E+00
  0.00000E+00  0.00000E+00  0.00000E+00  0.00000E+00  0.00000E+00       0.00000E+00  0.00000E+00
  0.00000E+00  0.00000E+00  0.00000E+00  0.00000E+00  0.00000E+00       0.00000E+00  0.00000E+00
  0.00000E+00  0.00000E+00  0.00000E+00  0.00000E+00  0.00000E+00       0.00000E+00  0.00000E+00
  0.00000E+00  0.00000E+00  0.00000E+00  0.00000E+00  0.00000E+00       0.00000E+00  0.00000E+00
  0.00000E+00  0.00000E+00  0.00000E+00  0.00000E+00  0.00000E+00       0.00000E+00  0.00000E+00
  0.00000E+00  0.00000E+00  0.00000E+00  0.00000E+00  0.00000E+00       0.00000E+00  0.00000E+00
  0.00000E+00  0.00000E+00  0.00000E+00  0.00000E+00  0.00000E+00       0.00000E+00  0.00000E+00
  0.00000E+00  0.00000E+00  0.00000E+00  0.00000E+00  0.00000E+00       0.00000E+00  0.00000E+00
  0.00000E+00  0.00000E+00  0.00000E+00  0.00000E+00  0.00000E+00       0.00000E+00  0.00000E+00
  0.00000E+00  0.00000E+00  0.00000E+00  0.00000E+00  0.00000E+00       0.00000E+00  0.00000E+00
  0.00000E+00  0.00000E+00  0.00000E+00  0.00000E+00  0.00000E+00       0.00000E+00  0.00000E+00
  0.00000E+00  0.00000E+00  0.00000E+00  0.00000E+00  0.00000E+00       0.00000E+00  0.00000E+00
  0.00000E+00  0.00000E+00  0.00000E+00  0.00000E+00  0.00000E+00       0.00000E+00  0.00000E+00
  0.00000E+00  0.00000E+00  0.00000E+00  0.00000E+00  0.00000E+00       0.00000E+00  0.00000E+00
  0.00000E+00  0.00000E+00  0.00000E+00  0.00000E+00  0.00000E+00       0.00000E+00  0.00000E+00
  0.00000E+00  0.00000E+00  0.00000E+00  0.00000E+00  0.00000E+00       0.00000E+00  0.00000E+00
  0.00000E+00  0.00000E+00  0.00000E+00  0.00000E+00  0.00000E+00       0.00000E+00  0.00000E+00
  0.00000E+00  0.00000E+00  0.00000E+00  0.00000E+00  0.00000E+00       0.00000E+00  0.00000E+00
  0.00000E+00  0.00000E+00  0.00000E+00  0.00000E+00  0.00000E+00       0.00000E+00  0.00000E+00
  0.00000E+00  0.00000E+00  0.00000E+00  0.00000E+00  0.00000E+00       0.00000E+00  0.00000E+00
  0.00000E+00  0.00000E+00  0.00000E+00  0.00000E+00  0.00000E+00       0.00000E+00  0.00000E+00


   24.  52.00    6.  12.01  2.00E+01  6.00E+01  0.00E+00  0.00E+00     5   0.00

  0.00000E+00  0.00000E+00  0.00000E+00  0.00000E+00  0.00000E+00       0.00000E+00  0.00000E+00

  0.00000E+00  0.00000E+00  0.00000E+00  0.00000E+00  0.00000E+00       0.00000E+00  0.00000E+00
  0.00000E+00  0.00000E+00  0.00000E+00  0.00000E+00  0.00000E+00       0.00000E+00  0.00000E+00
  0.00000E+00  0.00000E+00  0.00000E+00  0.00000E+00  0.00000E+00       0.00000E+00  0.00000E+00
  0.00000E+00  0.00000E+00  0.00000E+00  0.00000E+00  0.00000E+00       0.00000E+00  0.00000E+00
  0.00000E+00  0.00000E+00  0.00000E+00  0.00000E+00  0.00000E+00       0.00000E+00  0.00000E+00

  0.00000E+00  0.00000E+00  0.00000E+00  0.00000E+00  0.00000E+00       0.00000E+00  0.00000E+00
  0.00000E+00  0.00000E+00  0.00000E+00  0.00000E+00  0.00000E+00       0.00000E+00  0.00000E+00
  0.00000E+00  0.00000E+00  0.00000E+00  0.00000E+00  0.00000E+00       0.00000E+00  0.00000E+00
  0.00000E+00  0.00000E+00  0.00000E+00  0.00000E+00  0.00000E+00       0.00000E+00  0.00000E+00
  0.00000E+00  0.00000E+00  0.00000E+00  0.00000E+00  0.00000E+00       0.00000E+00  0.00000E+00
  0.00000E+00  0.00000E+00  0.00000E+00  0.00000E+00  0.00000E+00       0.00000E+00  0.00000E+00
  0.00000E+00  0.00000E+00  0.00000E+00  0.00000E+00  0.00000E+00       0.00000E+00  0.00000E+00
  0.00000E+00  0.00000E+00  0.00000E+00  0.00000E+00  0.00000E+00       0.00000E+00  0.00000E+00
  0.00000E+00  0.00000E+00  0.00000E+00  0.00000E+00  0.00000E+00       0.00000E+00  0.00000E+00
  0.00000E+00  0.00000E+00  0.00000E+00  0.00000E+00  0.00000E+00       0.00000E+00  0.00000E+00
  0.00000E+00  0.00000E+00  0.00000E+00  0.00000E+00  0.00000E+00       0.00000E+00  0.00000E+00
  0.00000E+00  0.00000E+00  0.00000E+00  0.00000E+00  0.00000E+00       0.00000E+00  0.00000E+00
  0.00000E+00  0.00000E+00  0.00000E+00  0.00000E+00  0.00000E+00       0.00000E+00  0.00000E+00
  0.00000E+00  0.00000E+00  0.00000E+00  0.00000E+00  0.00000E+00       0.00000E+00  0.00000E+00
  0.00000E+00  0.00000E+00  0.00000E+00  0.00000E+00  0.00000E+00       0.00000E+00  0.00000E+00
  0.00000E+00  0.00000E+00  0.00000E+00  0.00000E+00  0.00000E+00       0.00000E+00  0.00000E+00
  0.00000E+00  0.00000E+00  0.00000E+00  0.00000E+00  0.00000E+00       0.00000E+00  0.00000E+00
  0.00000E+00  0.00000E+00  0.00000E+00  0.00000E+00  0.00000E+00       0.00000E+00  0.00000E+00
  0.00000E+00  0.00000E+00  0.00000E+00  0.00000E+00  0.00000E+00       0.00000E+00  0.00000E+00
  0.00000E+00  0.00000E+00  0.00000E+00  0.00000E+00  0.00000E+00       0.00000E+00  0.00000E+00
  0.00000E+00  0.00000E+00  0.00000E+00  0.00000E+00  0.00000E+00       0.00000E+00  0.00000E+00
  0.00000E+00  0.00000E+00  0.00000E+00  0.00000E+00  0.00000E+00       0.00000E+00  0.00000E+00
  0.00000E+00  0.00000E+00  0.00000E+00  0.00000E+00  0.00000E+00       0.00000E+00  0.00000E+00
  0.00000E+00  0.00000E+00  0.00000E+00  0.00000E+00  0.00000E+00       0.00000E+00  0.00000E+00
  0.00000E+00  0.00000E+00  0.00000E+00  0.00000E+00  0.00000E+00       0.00000E+00  0.00000E+00


   24.  52.00    6.  12.01  2.00E+01  7.00E+01  0.00E+00  0.00E+00     5   0.00

  0.00000E+00  0.00000E+00  0.00000E+00  0.00000E+00  0.00000E+00       0.00000E+00  0.00000E+00

  0.00000E+00  0.00000E+00  0.00000E+00  0.00000E+00  0.00000E+00       0.00000E+00  0.00000E+00
  0.00000E+00  0.00000E+00  0.00000E+00  0.00000E+00  0.00000E+00       0.00000E+00  0.00000E+00
  0.00000E+00  0.00000E+00  0.00000E+00  0.00000E+00  0.00000E+00       0.00000E+00  0.00000E+00
  0.00000E+00  0.00000E+00  0.00000E+00  0.00000E+00  0.00000E+00       0.00000E+00  0.00000E+00
  0.00000E+00  0.00000E+00  0.00000E+00  0.00000E+00  0.00000E+00       0.00000E+00  0.00000E+00

  0.00000E+00  0.00000E+00  0.00000E+00  0.00000E+00  0.00000E+00       0.00000E+00  0.00000E+00
  0.00000E+00  0.00000E+00  0.00000E+00  0.00000E+00  0.00000E+00       0.00000E+00  0.00000E+00
  0.00000E+00  0.00000E+00  0.00000E+00  0.00000E+00  0.00000E+00       0.00000E+00  0.00000E+00
  0.00000E+00  0.00000E+00  0.00000E+00  0.00000E+00  0.00000E+00       0.00000E+00  0.00000E+00
  0.00000E+00  0.00000E+00  0.00000E+00  0.00000E+00  0.00000E+00       0.00000E+00  0.00000E+00
  0.00000E+00  0.00000E+00  0.00000E+00  0.00000E+00  0.00000E+00       0.00000E+00  0.00000E+00
  0.00000E+00  0.00000E+00  0.00000E+00  0.00000E+00  0.00000E+00       0.00000E+00  0.00000E+00
  0.00000E+00  0.00000E+00  0.00000E+00  0.00000E+00  0.00000E+00       0.00000E+00  0.00000E+00
  0.00000E+00  0.00000E+00  0.00000E+00  0.00000E+00  0.00000E+00       0.00000E+00  0.00000E+00
  0.00000E+00  0.00000E+00  0.00000E+00  0.00000E+00  0.00000E+00       0.00000E+00  0.00000E+00
  0.00000E+00  0.00000E+00  0.00000E+00  0.00000E+00  0.00000E+00       0.00000E+00  0.00000E+00
  0.00000E+00  0.00000E+00  0.00000E+00  0.00000E+00  0.00000E+00       0.00000E+00  0.00000E+00
  0.00000E+00  0.00000E+00  0.00000E+00  0.00000E+00  0.00000E+00       0.00000E+00  0.00000E+00
  0.00000E+00  0.00000E+00  0.00000E+00  0.00000E+00  0.00000E+00       0.00000E+00  0.00000E+00
  0.00000E+00  0.00000E+00  0.00000E+00  0.00000E+00  0.00000E+00       0.00000E+00  0.00000E+00
  0.00000E+00  0.00000E+00  0.00000E+00  0.00000E+00  0.00000E+00       0.00000E+00  0.00000E+00
  0.00000E+00  0.00000E+00  0.00000E+00  0.00000E+00  0.00000E+00       0.00000E+00  0.00000E+00
  0.00000E+00  0.00000E+00  0.00000E+00  0.00000E+00  0.00000E+00       0.00000E+00  0.00000E+00
  0.00000E+00  0.00000E+00  0.00000E+00  0.00000E+00  0.00000E+00       0.00000E+00  0.00000E+00
  0.00000E+00  0.00000E+00  0.00000E+00  0.00000E+00  0.00000E+00       0.00000E+00  0.00000E+00
  0.00000E+00  0.00000E+00  0.00000E+00  0.00000E+00  0.00000E+00       0.00000E+00  0.00000E+00
  0.00000E+00  0.00000E+00  0.00000E+00  0.00000E+00  0.00000E+00       0.00000E+00  0.00000E+00
  0.00000E+00  0.00000E+00  0.00000E+00  0.00000E+00  0.00000E+00       0.00000E+00  0.00000E+00
  0.00000E+00  0.00000E+00  0.00000E+00  0.00000E+00  0.00000E+00       0.00000E+00  0.00000E+00
  0.00000E+00  0.00000E+00  0.00000E+00  0.00000E+00  0.00000E+00       0.00000E+00  0.00000E+00


   24.  52.00    6.  12.01  2.00E+01  8.00E+01  0.00E+00  0.00E+00     5   0.00

  0.00000E+00  0.00000E+00  0.00000E+00  0.00000E+00  0.00000E+00       0.00000E+00  0.00000E+00

  0.00000E+00  0.00000E+00  0.00000E+00  0.00000E+00  0.00000E+00       0.00000E+00  0.00000E+00
  0.00000E+00  0.00000E+00  0.00000E+00  0.00000E+00  0.00000E+00       0.00000E+00  0.00000E+00
  0.00000E+00  0.00000E+00  0.00000E+00  0.00000E+00  0.00000E+00       0.00000E+00  0.00000E+00
  0.00000E+00  0.00000E+00  0.00000E+00  0.00000E+00  0.00000E+00       0.00000E+00  0.00000E+00
  0.00000E+00  0.00000E+00  0.00000E+00  0.00000E+00  0.00000E+00       0.00000E+00  0.00000E+00

  0.00000E+00  0.00000E+00  0.00000E+00  0.00000E+00  0.00000E+00       0.00000E+00  0.00000E+00
  0.00000E+00  0.00000E+00  0.00000E+00  0.00000E+00  0.00000E+00       0.00000E+00  0.00000E+00
  0.00000E+00  0.00000E+00  0.00000E+00  0.00000E+00  0.00000E+00       0.00000E+00  0.00000E+00
  0.00000E+00  0.00000E+00  0.00000E+00  0.00000E+00  0.00000E+00       0.00000E+00  0.00000E+00
  0.00000E+00  0.00000E+00  0.00000E+00  0.00000E+00  0.00000E+00       0.00000E+00  0.00000E+00
  0.00000E+00  0.00000E+00  0.00000E+00  0.00000E+00  0.00000E+00       0.00000E+00  0.00000E+00
  0.00000E+00  0.00000E+00  0.00000E+00  0.00000E+00  0.00000E+00       0.00000E+00  0.00000E+00
  0.00000E+00  0.00000E+00  0.00000E+00  0.00000E+00  0.00000E+00       0.00000E+00  0.00000E+00
  0.00000E+00  0.00000E+00  0.00000E+00  0.00000E+00  0.00000E+00       0.00000E+00  0.00000E+00
  0.00000E+00  0.00000E+00  0.00000E+00  0.00000E+00  0.00000E+00       0.00000E+00  0.00000E+00
  0.00000E+00  0.00000E+00  0.00000E+00  0.00000E+00  0.00000E+00       0.00000E+00  0.00000E+00
  0.00000E+00  0.00000E+00  0.00000E+00  0.00000E+00  0.00000E+00       0.00000E+00  0.00000E+00
  0.00000E+00  0.00000E+00  0.00000E+00  0.00000E+00  0.00000E+00       0.00000E+00  0.00000E+00
  0.00000E+00  0.00000E+00  0.00000E+00  0.00000E+00  0.00000E+00       0.00000E+00  0.00000E+00
  0.00000E+00  0.00000E+00  0.00000E+00  0.00000E+00  0.00000E+00       0.00000E+00  0.00000E+00
  0.00000E+00  0.00000E+00  0.00000E+00  0.00000E+00  0.00000E+00       0.00000E+00  0.00000E+00
  0.00000E+00  0.00000E+00  0.00000E+00  0.00000E+00  0.00000E+00       0.00000E+00  0.00000E+00
  0.00000E+00  0.00000E+00  0.00000E+00  0.00000E+00  0.00000E+00       0.00000E+00  0.00000E+00
  0.00000E+00  0.00000E+00  0.00000E+00  0.00000E+00  0.00000E+00       0.00000E+00  0.00000E+00
  0.00000E+00  0.00000E+00  0.00000E+00  0.00000E+00  0.00000E+00       0.00000E+00  0.00000E+00
  0.00000E+00  0.00000E+00  0.00000E+00  0.00000E+00  0.00000E+00       0.00000E+00  0.00000E+00
  0.00000E+00  0.00000E+00  0.00000E+00  0.00000E+00  0.00000E+00       0.00000E+00  0.00000E+00
  0.00000E+00  0.00000E+00  0.00000E+00  0.00000E+00  0.00000E+00       0.00000E+00  0.00000E+00
  0.00000E+00  0.00000E+00  0.00000E+00  0.00000E+00  0.00000E+00       0.00000E+00  0.00000E+00
  0.00000E+00  0.00000E+00  0.00000E+00  0.00000E+00  0.00000E+00       0.00000E+00  0.00000E+00


   24.  52.00    6.  12.01  2.00E+01  8.50E+01  0.00E+00  0.00E+00     5   0.00

  0.00000E+00  0.00000E+00  0.00000E+00  0.00000E+00  0.00000E+00       0.00000E+00  0.00000E+00

  0.00000E+00  0.00000E+00  0.00000E+00  0.00000E+00  0.00000E+00       0.00000E+00  0.00000E+00
  0.00000E+00  0.00000E+00  0.00000E+00  0.00000E+00  0.00000E+00       0.00000E+00  0.00000E+00
  0.00000E+00  0.00000E+00  0.00000E+00  0.00000E+00  0.00000E+00       0.00000E+00  0.00000E+00
  0.00000E+00  0.00000E+00  0.00000E+00  0.00000E+00  0.00000E+00       0.00000E+00  0.00000E+00
  0.00000E+00  0.00000E+00  0.00000E+00  0.00000E+00  0.00000E+00       0.00000E+00  0.00000E+00

  0.00000E+00  0.00000E+00  0.00000E+00  0.00000E+00  0.00000E+00       0.00000E+00  0.00000E+00
  0.00000E+00  0.00000E+00  0.00000E+00  0.00000E+00  0.00000E+00       0.00000E+00  0.00000E+00
  0.00000E+00  0.00000E+00  0.00000E+00  0.00000E+00  0.00000E+00       0.00000E+00  0.00000E+00
  0.00000E+00  0.00000E+00  0.00000E+00  0.00000E+00  0.00000E+00       0.00000E+00  0.00000E+00
  0.00000E+00  0.00000E+00  0.00000E+00  0.00000E+00  0.00000E+00       0.00000E+00  0.00000E+00
  0.00000E+00  0.00000E+00  0.00000E+00  0.00000E+00  0.00000E+00       0.00000E+00  0.00000E+00
  0.00000E+00  0.00000E+00  0.00000E+00  0.00000E+00  0.00000E+00       0.00000E+00  0.00000E+00
  0.00000E+00  0.00000E+00  0.00000E+00  0.00000E+00  0.00000E+00       0.00000E+00  0.00000E+00
  0.00000E+00  0.00000E+00  0.00000E+00  0.00000E+00  0.00000E+00       0.00000E+00  0.00000E+00
  0.00000E+00  0.00000E+00  0.00000E+00  0.00000E+00  0.00000E+00       0.00000E+00  0.00000E+00
  0.00000E+00  0.00000E+00  0.00000E+00  0.00000E+00  0.00000E+00       0.00000E+00  0.00000E+00
  0.00000E+00  0.00000E+00  0.00000E+00  0.00000E+00  0.00000E+00       0.00000E+00  0.00000E+00
  0.00000E+00  0.00000E+00  0.00000E+00  0.00000E+00  0.00000E+00       0.00000E+00  0.00000E+00
  0.00000E+00  0.00000E+00  0.00000E+00  0.00000E+00  0.00000E+00       0.00000E+00  0.00000E+00
  0.00000E+00  0.00000E+00  0.00000E+00  0.00000E+00  0.00000E+00       0.00000E+00  0.00000E+00
  0.00000E+00  0.00000E+00  0.00000E+00  0.00000E+00  0.00000E+00       0.00000E+00  0.00000E+00
  0.00000E+00  0.00000E+00  0.00000E+00  0.00000E+00  0.00000E+00       0.00000E+00  0.00000E+00
  0.00000E+00  0.00000E+00  0.00000E+00  0.00000E+00  0.00000E+00       0.00000E+00  0.00000E+00
  0.00000E+00  0.00000E+00  0.00000E+00  0.00000E+00  0.00000E+00       0.00000E+00  0.00000E+00
  0.00000E+00  0.00000E+00  0.00000E+00  0.00000E+00  0.00000E+00       0.00000E+00  0.00000E+00
  0.00000E+00  0.00000E+00  0.00000E+00  0.00000E+00  0.00000E+00       0.00000E+00  0.00000E+00
  0.00000E+00  0.00000E+00  0.00000E+00  0.00000E+00  0.00000E+00       0.00000E+00  0.00000E+00
  0.00000E+00  0.00000E+00  0.00000E+00  0.00000E+00  0.00000E+00       0.00000E+00  0.00000E+00
  0.00000E+00  0.00000E+00  0.00000E+00  0.00000E+00  0.00000E+00       0.00000E+00  0.00000E+00
  0.00000E+00  0.00000E+00  0.00000E+00  0.00000E+00  0.00000E+00       0.00000E+00  0.00000E+00


   24.  52.00    6.  12.01  5.00E+01  0.00E+00  0.00E+00  0.00E+00     5   0.00

  0.00000E+00  0.00000E+00  0.00000E+00  0.00000E+00  0.00000E+00       0.00000E+00  0.00000E+00

  0.00000E+00  0.00000E+00  0.00000E+00  0.00000E+00  0.00000E+00       0.00000E+00  0.00000E+00
  0.00000E+00  0.00000E+00  0.00000E+00  0.00000E+00  0.00000E+00       0.00000E+00  0.00000E+00
  0.00000E+00  0.00000E+00  0.00000E+00  0.00000E+00  0.00000E+00       0.00000E+00  0.00000E+00
  0.00000E+00  0.00000E+00  0.00000E+00  0.00000E+00  0.00000E+00       0.00000E+00  0.00000E+00
  0.00000E+00  0.00000E+00  0.00000E+00  0.00000E+00  0.00000E+00       0.00000E+00  0.00000E+00

  0.00000E+00  0.00000E+00  0.00000E+00  0.00000E+00  0.00000E+00       0.00000E+00  0.00000E+00
  0.00000E+00  0.00000E+00  0.00000E+00  0.00000E+00  0.00000E+00       0.00000E+00  0.00000E+00
  0.00000E+00  0.00000E+00  0.00000E+00  0.00000E+00  0.00000E+00       0.00000E+00  0.00000E+00
  0.00000E+00  0.00000E+00  0.00000E+00  0.00000E+00  0.00000E+00       0.00000E+00  0.00000E+00
  0.00000E+00  0.00000E+00  0.00000E+00  0.00000E+00  0.00000E+00       0.00000E+00  0.00000E+00
  0.00000E+00  0.00000E+00  0.00000E+00  0.00000E+00  0.00000E+00       0.00000E+00  0.00000E+00
  0.00000E+00  0.00000E+00  0.00000E+00  0.00000E+00  0.00000E+00       0.00000E+00  0.00000E+00
  0.00000E+00  0.00000E+00  0.00000E+00  0.00000E+00  0.00000E+00       0.00000E+00  0.00000E+00
  0.00000E+00  0.00000E+00  0.00000E+00  0.00000E+00  0.00000E+00       0.00000E+00  0.00000E+00
  0.00000E+00  0.00000E+00  0.00000E+00  0.00000E+00  0.00000E+00       0.00000E+00  0.00000E+00
  0.00000E+00  0.00000E+00  0.00000E+00  0.00000E+00  0.00000E+00       0.00000E+00  0.00000E+00
  0.00000E+00  0.00000E+00  0.00000E+00  0.00000E+00  0.00000E+00       0.00000E+00  0.00000E+00
  0.00000E+00  0.00000E+00  0.00000E+00  0.00000E+00  0.00000E+00       0.00000E+00  0.00000E+00
  0.00000E+00  0.00000E+00  0.00000E+00  0.00000E+00  0.00000E+00       0.00000E+00  0.00000E+00
  0.00000E+00  0.00000E+00  0.00000E+00  0.00000E+00  0.00000E+00       0.00000E+00  0.00000E+00
  0.00000E+00  0.00000E+00  0.00000E+00  0.00000E+00  0.00000E+00       0.00000E+00  0.00000E+00
  0.00000E+00  0.00000E+00  0.00000E+00  0.00000E+00  0.00000E+00       0.00000E+00  0.00000E+00
  0.00000E+00  0.00000E+00  0.00000E+00  0.00000E+00  0.00000E+00       0.00000E+00  0.00000E+00
  0.00000E+00  0.00000E+00  0.00000E+00  0.00000E+00  0.00000E+00       0.00000E+00  0.00000E+00
  0.00000E+00  0.00000E+00  0.00000E+00  0.00000E+00  0.00000E+00       0.00000E+00  0.00000E+00
  0.00000E+00  0.00000E+00  0.00000E+00  0.00000E+00  0.00000E+00       0.00000E+00  0.00000E+00
  0.00000E+00  0.00000E+00  0.00000E+00  0.00000E+00  0.00000E+00       0.00000E+00  0.00000E+00
  0.00000E+00  0.00000E+00  0.00000E+00  0.00000E+00  0.00000E+00       0.00000E+00  0.00000E+00
  0.00000E+00  0.00000E+00  0.00000E+00  0.00000E+00  0.00000E+00       0.00000E+00  0.00000E+00
  0.00000E+00  0.00000E+00  0.00000E+00  0.00000E+00  0.00000E+00       0.00000E+00  0.00000E+00


   24.  52.00    6.  12.01  5.00E+01  3.00E+01  0.00E+00  0.00E+00     5   0.00

  0.00000E+00  0.00000E+00  0.00000E+00  0.00000E+00  0.00000E+00       0.00000E+00  0.00000E+00

  0.00000E+00  0.00000E+00  0.00000E+00  0.00000E+00  0.00000E+00       0.00000E+00  0.00000E+00
  0.00000E+00  0.00000E+00  0.00000E+00  0.00000E+00  0.00000E+00       0.00000E+00  0.00000E+00
  0.00000E+00  0.00000E+00  0.00000E+00  0.00000E+00  0.00000E+00       0.00000E+00  0.00000E+00
  0.00000E+00  0.00000E+00  0.00000E+00  0.00000E+00  0.00000E+00       0.00000E+00  0.00000E+00
  0.00000E+00  0.00000E+00  0.00000E+00  0.00000E+00  0.00000E+00       0.00000E+00  0.00000E+00

  0.00000E+00  0.00000E+00  0.00000E+00  0.00000E+00  0.00000E+00       0.00000E+00  0.00000E+00
  0.00000E+00  0.00000E+00  0.00000E+00  0.00000E+00  0.00000E+00       0.00000E+00  0.00000E+00
  0.00000E+00  0.00000E+00  0.00000E+00  0.00000E+00  0.00000E+00       0.00000E+00  0.00000E+00
  0.00000E+00  0.00000E+00  0.00000E+00  0.00000E+00  0.00000E+00       0.00000E+00  0.00000E+00
  0.00000E+00  0.00000E+00  0.00000E+00  0.00000E+00  0.00000E+00       0.00000E+00  0.00000E+00
  0.00000E+00  0.00000E+00  0.00000E+00  0.00000E+00  0.00000E+00       0.00000E+00  0.00000E+00
  0.00000E+00  0.00000E+00  0.00000E+00  0.00000E+00  0.00000E+00       0.00000E+00  0.00000E+00
  0.00000E+00  0.00000E+00  0.00000E+00  0.00000E+00  0.00000E+00       0.00000E+00  0.00000E+00
  0.00000E+00  0.00000E+00  0.00000E+00  0.00000E+00  0.00000E+00       0.00000E+00  0.00000E+00
  0.00000E+00  0.00000E+00  0.00000E+00  0.00000E+00  0.00000E+00       0.00000E+00  0.00000E+00
  0.00000E+00  0.00000E+00  0.00000E+00  0.00000E+00  0.00000E+00       0.00000E+00  0.00000E+00
  0.00000E+00  0.00000E+00  0.00000E+00  0.00000E+00  0.00000E+00       0.00000E+00  0.00000E+00
  0.00000E+00  0.00000E+00  0.00000E+00  0.00000E+00  0.00000E+00       0.00000E+00  0.00000E+00
  0.00000E+00  0.00000E+00  0.00000E+00  0.00000E+00  0.00000E+00       0.00000E+00  0.00000E+00
  0.00000E+00  0.00000E+00  0.00000E+00  0.00000E+00  0.00000E+00       0.00000E+00  0.00000E+00
  0.00000E+00  0.00000E+00  0.00000E+00  0.00000E+00  0.00000E+00       0.00000E+00  0.00000E+00
  0.00000E+00  0.00000E+00  0.00000E+00  0.00000E+00  0.00000E+00       0.00000E+00  0.00000E+00
  0.00000E+00  0.00000E+00  0.00000E+00  0.00000E+00  0.00000E+00       0.00000E+00  0.00000E+00
  0.00000E+00  0.00000E+00  0.00000E+00  0.00000E+00  0.00000E+00       0.00000E+00  0.00000E+00
  0.00000E+00  0.00000E+00  0.00000E+00  0.00000E+00  0.00000E+00       0.00000E+00  0.00000E+00
  0.00000E+00  0.00000E+00  0.00000E+00  0.00000E+00  0.00000E+00       0.00000E+00  0.00000E+00
  0.00000E+00  0.00000E+00  0.00000E+00  0.00000E+00  0.00000E+00       0.00000E+00  0.00000E+00
  0.00000E+00  0.00000E+00  0.00000E+00  0.00000E+00  0.00000E+00       0.00000E+00  0.00000E+00
  0.00000E+00  0.00000E+00  0.00000E+00  0.00000E+00  0.00000E+00       0.00000E+00  0.00000E+00
  0.00000E+00  0.00000E+00  0.00000E+00  0.00000E+00  0.00000E+00       0.00000E+00  0.00000E+00


   24.  52.00    6.  12.01  5.00E+01  4.50E+01  0.00E+00  0.00E+00     5   0.00

  0.00000E+00  0.00000E+00  0.00000E+00  0.00000E+00  0.00000E+00       0.00000E+00  0.00000E+00

  0.00000E+00  0.00000E+00  0.00000E+00  0.00000E+00  0.00000E+00       0.00000E+00  0.00000E+00
  0.00000E+00  0.00000E+00  0.00000E+00  0.00000E+00  0.00000E+00       0.00000E+00  0.00000E+00
  0.00000E+00  0.00000E+00  0.00000E+00  0.00000E+00  0.00000E+00       0.00000E+00  0.00000E+00
  0.00000E+00  0.00000E+00  0.00000E+00  0.00000E+00  0.00000E+00       0.00000E+00  0.00000E+00
  0.00000E+00  0.00000E+00  0.00000E+00  0.00000E+00  0.00000E+00       0.00000E+00  0.00000E+00

  0.00000E+00  0.00000E+00  0.00000E+00  0.00000E+00  0.00000E+00       0.00000E+00  0.00000E+00
  0.00000E+00  0.00000E+00  0.00000E+00  0.00000E+00  0.00000E+00       0.00000E+00  0.00000E+00
  0.00000E+00  0.00000E+00  0.00000E+00  0.00000E+00  0.00000E+00       0.00000E+00  0.00000E+00
  0.00000E+00  0.00000E+00  0.00000E+00  0.00000E+00  0.00000E+00       0.00000E+00  0.00000E+00
  0.00000E+00  0.00000E+00  0.00000E+00  0.00000E+00  0.00000E+00       0.00000E+00  0.00000E+00
  0.00000E+00  0.00000E+00  0.00000E+00  0.00000E+00  0.00000E+00       0.00000E+00  0.00000E+00
  0.00000E+00  0.00000E+00  0.00000E+00  0.00000E+00  0.00000E+00       0.00000E+00  0.00000E+00
  0.00000E+00  0.00000E+00  0.00000E+00  0.00000E+00  0.00000E+00       0.00000E+00  0.00000E+00
  0.00000E+00  0.00000E+00  0.00000E+00  0.00000E+00  0.00000E+00       0.00000E+00  0.00000E+00
  0.00000E+00  0.00000E+00  0.00000E+00  0.00000E+00  0.00000E+00       0.00000E+00  0.00000E+00
  0.00000E+00  0.00000E+00  0.00000E+00  0.00000E+00  0.00000E+00       0.00000E+00  0.00000E+00
  0.00000E+00  0.00000E+00  0.00000E+00  0.00000E+00  0.00000E+00       0.00000E+00  0.00000E+00
  0.00000E+00  0.00000E+00  0.00000E+00  0.00000E+00  0.00000E+00       0.00000E+00  0.00000E+00
  0.00000E+00  0.00000E+00  0.00000E+00  0.00000E+00  0.00000E+00       0.00000E+00  0.00000E+00
  0.00000E+00  0.00000E+00  0.00000E+00  0.00000E+00  0.00000E+00       0.00000E+00  0.00000E+00
  0.00000E+00  0.00000E+00  0.00000E+00  0.00000E+00  0.00000E+00       0.00000E+00  0.00000E+00
  0.00000E+00  0.00000E+00  0.00000E+00  0.00000E+00  0.00000E+00       0.00000E+00  0.00000E+00
  0.00000E+00  0.00000E+00  0.00000E+00  0.00000E+00  0.00000E+00       0.00000E+00  0.00000E+00
  0.00000E+00  0.00000E+00  0.00000E+00  0.00000E+00  0.00000E+00       0.00000E+00  0.00000E+00
  0.00000E+00  0.00000E+00  0.00000E+00  0.00000E+00  0.00000E+00       0.00000E+00  0.00000E+00
  0.00000E+00  0.00000E+00  0.00000E+00  0.00000E+00  0.00000E+00       0.00000E+00  0.00000E+00
  0.00000E+00  0.00000E+00  0.00000E+00  0.00000E+00  0.00000E+00       0.00000E+00  0.00000E+00
  0.00000E+00  0.00000E+00  0.00000E+00  0.00000E+00  0.00000E+00       0.00000E+00  0.00000E+00
  0.00000E+00  0.00000E+00  0.00000E+00  0.00000E+00  0.00000E+00       0.00000E+00  0.00000E+00
  0.00000E+00  0.00000E+00  0.00000E+00  0.00000E+00  0.00000E+00       0.00000E+00  0.00000E+00


   24.  52.00    6.  12.01  5.00E+01  6.00E+01  0.00E+00  0.00E+00     5   0.00

  0.00000E+00  0.00000E+00  0.00000E+00  0.00000E+00  0.00000E+00       0.00000E+00  0.00000E+00

  0.00000E+00  0.00000E+00  0.00000E+00  0.00000E+00  0.00000E+00       0.00000E+00  0.00000E+00
  0.00000E+00  0.00000E+00  0.00000E+00  0.00000E+00  0.00000E+00       0.00000E+00  0.00000E+00
  0.00000E+00  0.00000E+00  0.00000E+00  0.00000E+00  0.00000E+00       0.00000E+00  0.00000E+00
  0.00000E+00  0.00000E+00  0.00000E+00  0.00000E+00  0.00000E+00       0.00000E+00  0.00000E+00
  0.00000E+00  0.00000E+00  0.00000E+00  0.00000E+00  0.00000E+00       0.00000E+00  0.00000E+00

  0.00000E+00  0.00000E+00  0.00000E+00  0.00000E+00  0.00000E+00       0.00000E+00  0.00000E+00
  0.00000E+00  0.00000E+00  0.00000E+00  0.00000E+00  0.00000E+00       0.00000E+00  0.00000E+00
  0.00000E+00  0.00000E+00  0.00000E+00  0.00000E+00  0.00000E+00       0.00000E+00  0.00000E+00
  0.00000E+00  0.00000E+00  0.00000E+00  0.00000E+00  0.00000E+00       0.00000E+00  0.00000E+00
  0.00000E+00  0.00000E+00  0.00000E+00  0.00000E+00  0.00000E+00       0.00000E+00  0.00000E+00
  0.00000E+00  0.00000E+00  0.00000E+00  0.00000E+00  0.00000E+00       0.00000E+00  0.00000E+00
  0.00000E+00  0.00000E+00  0.00000E+00  0.00000E+00  0.00000E+00       0.00000E+00  0.00000E+00
  0.00000E+00  0.00000E+00  0.00000E+00  0.00000E+00  0.00000E+00       0.00000E+00  0.00000E+00
  0.00000E+00  0.00000E+00  0.00000E+00  0.00000E+00  0.00000E+00       0.00000E+00  0.00000E+00
  0.00000E+00  0.00000E+00  0.00000E+00  0.00000E+00  0.00000E+00       0.00000E+00  0.00000E+00
  0.00000E+00  0.00000E+00  0.00000E+00  0.00000E+00  0.00000E+00       0.00000E+00  0.00000E+00
  0.00000E+00  0.00000E+00  0.00000E+00  0.00000E+00  0.00000E+00       0.00000E+00  0.00000E+00
  0.00000E+00  0.00000E+00  0.00000E+00  0.00000E+00  0.00000E+00       0.00000E+00  0.00000E+00
  0.00000E+00  0.00000E+00  0.00000E+00  0.00000E+00  0.00000E+00       0.00000E+00  0.00000E+00
  0.00000E+00  0.00000E+00  0.00000E+00  0.00000E+00  0.00000E+00       0.00000E+00  0.00000E+00
  0.00000E+00  0.00000E+00  0.00000E+00  0.00000E+00  0.00000E+00       0.00000E+00  0.00000E+00
  0.00000E+00  0.00000E+00  0.00000E+00  0.00000E+00  0.00000E+00       0.00000E+00  0.00000E+00
  0.00000E+00  0.00000E+00  0.00000E+00  0.00000E+00  0.00000E+00       0.00000E+00  0.00000E+00
  0.00000E+00  0.00000E+00  0.00000E+00  0.00000E+00  0.00000E+00       0.00000E+00  0.00000E+00
  0.00000E+00  0.00000E+00  0.00000E+00  0.00000E+00  0.00000E+00       0.00000E+00  0.00000E+00
  0.00000E+00  0.00000E+00  0.00000E+00  0.00000E+00  0.00000E+00       0.00000E+00  0.00000E+00
  0.00000E+00  0.00000E+00  0.00000E+00  0.00000E+00  0.00000E+00       0.00000E+00  0.00000E+00
  0.00000E+00  0.00000E+00  0.00000E+00  0.00000E+00  0.00000E+00       0.00000E+00  0.00000E+00
  0.00000E+00  0.00000E+00  0.00000E+00  0.00000E+00  0.00000E+00       0.00000E+00  0.00000E+00
  0.00000E+00  0.00000E+00  0.00000E+00  0.00000E+00  0.00000E+00       0.00000E+00  0.00000E+00


   24.  52.00    6.  12.01  5.00E+01  7.00E+01  1.41E-02  4.16E-03     5   0.00

  8.81170E+00  1.20000E+01  1.44410E+01  1.70510E+01  2.09030E+01       1.53830E+00  3.13570E+01

  8.16625E-02  1.54380E-01  2.09325E-01  2.68920E-01  3.60945E-01       4.67720E-03  6.74320E-01
  8.07210E-02  1.41975E-01  1.95945E-01  2.50825E-01  3.36340E-01       2.44340E-03  5.76060E-01
  7.48980E-02  1.36050E-01  1.85425E-01  2.41875E-01  3.23385E-01       8.33640E-04  5.46840E-01
  7.16340E-02  1.28005E-01  1.76095E-01  2.28945E-01  3.03210E-01       4.13760E-04  4.98160E-01
  6.14100E-02  1.10245E-01  1.51975E-01  1.95960E-01  2.68875E-01       1.87930E-03  5.10240E-01

  9.06790E-01  9.63817E-01  9.85080E-01  9.94878E-01  9.99385E-01       7.07880E-01  9.99990E-01
  9.05218E-01  9.62790E-01  9.84865E-01  9.94720E-01  9.99375E-01       7.10450E-01  1.00000E+00
  8.99345E-01  9.62298E-01  9.83035E-01  9.94405E-01  9.99420E-01       4.03160E-01  9.99990E-01
  9.10447E-01  9.63935E-01  9.82900E-01  9.94358E-01  9.99283E-01       6.70930E-01  1.00000E+00
  9.06540E-01  9.67637E-01  9.84525E-01  9.95155E-01  9.99460E-01       6.40560E-01  1.00000E+00
  9.18405E-01  9.65535E-01  9.86380E-01  9.95528E-01  9.99492E-01       7.01600E-01  1.00000E+00
  9.23115E-01  9.66065E-01  9.85330E-01  9.95333E-01  9.99590E-01       6.60710E-01  1.00000E+00
  9.28530E-01  9.70287E-01  9.85965E-01  9.95475E-01  9.99537E-01       7.03900E-01  9.99990E-01
  9.19068E-01  9.69018E-01  9.87383E-01  9.95552E-01  9.99595E-01       6.58840E-01  1.00000E+00
  9.27587E-01  9.71680E-01  9.88582E-01  9.96545E-01  9.99650E-01       7.32540E-01  1.00000E+00
  9.31585E-01  9.70935E-01  9.86503E-01  9.94860E-01  9.99340E-01       5.72040E-01  1.00000E+00
  9.33478E-01  9.73553E-01  9.87255E-01  9.95895E-01  9.99500E-01       7.24920E-01  1.00000E+00
  9.28353E-01  9.72305E-01  9.87085E-01  9.96167E-01  9.99560E-01       7.57240E-01  9.99990E-01
  9.35185E-01  9.73483E-01  9.88007E-01  9.96382E-01  9.99500E-01       7.45860E-01  1.00000E+00
  9.41112E-01  9.74925E-01  9.89707E-01  9.96757E-01  9.99600E-01       7.86760E-01  9.99990E-01
  9.45580E-01  9.75840E-01  9.90225E-01  9.96927E-01  9.99685E-01       8.39300E-01  1.00000E+00
  9.44460E-01  9.76745E-01  9.90988E-01  9.96995E-01  9.99695E-01       7.99300E-01  1.00000E+00
  9.45870E-01  9.77417E-01  9.90750E-01  9.96785E-01  9.99688E-01       8.31180E-01  1.00000E+00
  9.45570E-01  9.78087E-01  9.89940E-01  9.96750E-01  9.99610E-01       8.12570E-01  1.00000E+00
  9.49885E-01  9.78520E-01  9.90783E-01  9.96968E-01  9.99735E-01       7.01900E-01  1.00000E+00
  9.60135E-01  9.83783E-01  9.93197E-01  9.97765E-01  9.99765E-01       8.45700E-01  1.00000E+00
  9.56790E-01  9.83152E-01  9.92470E-01  9.97455E-01  9.99713E-01       7.87110E-01  1.00000E+00
  9.61995E-01  9.83278E-01  9.92955E-01  9.97430E-01  9.99720E-01       8.43500E-01  9.99990E-01
  9.59137E-01  9.84108E-01  9.92805E-01  9.97713E-01  9.99723E-01       8.29120E-01  1.00000E+00
  9.59053E-01  9.84335E-01  9.93250E-01  9.97595E-01  9.99753E-01       7.95340E-01  1.00000E+00


   24.  52.00    6.  12.01  5.00E+01  8.00E+01  5.92E-02  2.27E-02     5   0.00

  1.17250E+01  1.59810E+01  1.91490E+01  2.23560E+01  2.66610E+01       1.85050E+00  3.59080E+01

  8.22670E-02  1.49270E-01  2.07140E-01  2.67780E-01  3.59730E-01       2.90550E-03  6.43670E-01
  7.79020E-02  1.40885E-01  1.92560E-01  2.50140E-01  3.32365E-01       2.61460E-03  6.00660E-01
  7.25470E-02  1.31690E-01  1.80875E-01  2.33720E-01  3.09945E-01       4.28810E-04  5.29890E-01
  6.72460E-02  1.21800E-01  1.67345E-01  2.16055E-01  2.89385E-01       1.21850E-03  5.50760E-01
  5.64015E-02  1.02941E-01  1.42030E-01  1.84295E-01  2.49230E-01       1.65350E-03  5.06380E-01

  9.09497E-01  9.62873E-01  9.84698E-01  9.94638E-01  9.99378E-01       5.86770E-01  1.00000E+00
  9.08053E-01  9.62195E-01  9.84543E-01  9.94922E-01  9.99490E-01       6.64010E-01  1.00000E+00
  9.13812E-01  9.64827E-01  9.85662E-01  9.95152E-01  9.99457E-01       5.37910E-01  1.00000E+00
  9.12277E-01  9.65023E-01  9.84250E-01  9.94857E-01  9.99493E-01       6.23150E-01  1.00000E+00
  9.19935E-01  9.66432E-01  9.86317E-01  9.95187E-01  9.99460E-01       6.63590E-01  1.00000E+00
  9.33460E-01  9.72673E-01  9.88685E-01  9.95975E-01  9.99528E-01       7.07650E-01  1.00000E+00
  9.31790E-01  9.72390E-01  9.88287E-01  9.96145E-01  9.99607E-01       6.72860E-01  1.00000E+00
  9.31795E-01  9.72723E-01  9.88190E-01  9.96047E-01  9.99585E-01       6.71830E-01  1.00000E+00
  9.36305E-01  9.72798E-01  9.88335E-01  9.96265E-01  9.99575E-01       7.23940E-01  1.00000E+00
  9.39590E-01  9.75475E-01  9.89148E-01  9.96310E-01  9.99590E-01       6.96660E-01  1.00000E+00
  9.41650E-01  9.76177E-01  9.89775E-01  9.96575E-01  9.99592E-01       7.70480E-01  1.00000E+00
  9.44817E-01  9.77130E-01  9.90310E-01  9.96690E-01  9.99607E-01       7.08490E-01  1.00000E+00
  9.45482E-01  9.77788E-01  9.90750E-01  9.97028E-01  9.99698E-01       7.54600E-01  1.00000E+00
  9.46037E-01  9.78215E-01  9.90568E-01  9.96700E-01  9.99655E-01       7.26200E-01  1.00000E+00
  9.49505E-01  9.79545E-01  9.90877E-01  9.97235E-01  9.99675E-01       7.57740E-01  1.00000E+00
  9.53638E-01  9.80840E-01  9.91468E-01  9.97240E-01  9.99702E-01       7.75700E-01  1.00000E+00
  9.54950E-01  9.81148E-01  9.91512E-01  9.96932E-01  9.99645E-01       7.88610E-01  1.00000E+00
  9.54603E-01  9.80697E-01  9.91590E-01  9.97205E-01  9.99672E-01       7.58380E-01  1.00000E+00
  9.55825E-01  9.82225E-01  9.92343E-01  9.97265E-01  9.99725E-01       7.95800E-01  1.00000E+00
  9.59280E-01  9.83165E-01  9.93005E-01  9.97657E-01  9.99762E-01       8.16650E-01  1.00000E+00
  9.67413E-01  9.86973E-01  9.94493E-01  9.98265E-01  9.99815E-01       8.47500E-01  1.00000E+00
  9.69313E-01  9.87340E-01  9.94857E-01  9.98372E-01  9.99812E-01       8.36380E-01  1.00000E+00
  9.67855E-01  9.86965E-01  9.94305E-01  9.98130E-01  9.99790E-01       8.32830E-01  1.00000E+00
  9.68350E-01  9.87467E-01  9.94693E-01  9.98310E-01  9.99825E-01       8.44650E-01  1.00000E+00
  9.69530E-01  9.88187E-01  9.94820E-01  9.98310E-01  9.99823E-01       8.61100E-01  1.00000E+00


   24.  52.00    6.  12.01  5.00E+01  8.50E+01  7.75E-02  3.23E-02     5   0.00

  1.28790E+01  1.75480E+01  2.09670E+01  2.42540E+01  2.86220E+01       2.21930E+00  3.76130E+01

  8.10275E-02  1.47385E-01  2.02605E-01  2.63625E-01  3.53710E-01       1.00120E-03  6.30600E-01
  7.61430E-02  1.39975E-01  1.92290E-01  2.47135E-01  3.27325E-01       1.95290E-03  6.03180E-01
  7.16090E-02  1.30600E-01  1.78860E-01  2.30420E-01  3.05895E-01       1.69980E-03  5.40890E-01
  6.54125E-02  1.19380E-01  1.64280E-01  2.11820E-01  2.81810E-01       1.74740E-03  5.15940E-01
  5.42910E-02  9.95595E-02  1.38210E-01  1.79675E-01  2.40840E-01       1.29000E-03  4.52860E-01

  9.18490E-01  9.66250E-01  9.86165E-01  9.95522E-01  9.99478E-01       6.17150E-01  1.00000E+00
  9.14460E-01  9.65672E-01  9.85198E-01  9.95080E-01  9.99415E-01       5.68810E-01  1.00000E+00
  9.16080E-01  9.66295E-01  9.85272E-01  9.95225E-01  9.99460E-01       3.84060E-01  1.00000E+00
  9.13603E-01  9.65203E-01  9.85060E-01  9.95175E-01  9.99472E-01       5.05090E-01  1.00000E+00
  9.19925E-01  9.67317E-01  9.85342E-01  9.95180E-01  9.99507E-01       6.81570E-01  1.00000E+00
  9.34375E-01  9.73403E-01  9.88338E-01  9.96372E-01  9.99667E-01       7.45310E-01  1.00000E+00
  9.35373E-01  9.73952E-01  9.88805E-01  9.96305E-01  9.99592E-01       7.20350E-01  1.00000E+00
  9.37723E-01  9.74480E-01  9.89028E-01  9.96440E-01  9.99628E-01       6.32920E-01  1.00000E+00
  9.39512E-01  9.74752E-01  9.89003E-01  9.96315E-01  9.99607E-01       7.43100E-01  1.00000E+00
  9.42090E-01  9.76523E-01  9.90110E-01  9.96673E-01  9.99653E-01       7.64310E-01  1.00000E+00
  9.45305E-01  9.77692E-01  9.90622E-01  9.96973E-01  9.99695E-01       7.41190E-01  1.00000E+00
  9.47030E-01  9.77417E-01  9.90225E-01  9.96962E-01  9.99730E-01       7.66980E-01  1.00000E+00
  9.49830E-01  9.79083E-01  9.90922E-01  9.97020E-01  9.99713E-01       7.60420E-01  1.00000E+00
  9.51172E-01  9.80202E-01  9.91410E-01  9.97312E-01  9.99737E-01       7.94470E-01  1.00000E+00
  9.53210E-01  9.81035E-01  9.91842E-01  9.97355E-01  9.99737E-01       7.64230E-01  1.00000E+00
  9.59642E-01  9.83442E-01  9.92550E-01  9.97515E-01  9.99707E-01       8.15240E-01  1.00000E+00
  9.58095E-01  9.82875E-01  9.92663E-01  9.97680E-01  9.99750E-01       7.49390E-01  1.00000E+00
  9.60187E-01  9.83940E-01  9.93225E-01  9.97677E-01  9.99743E-01       7.71930E-01  1.00000E+00
  9.60320E-01  9.83563E-01  9.92787E-01  9.97582E-01  9.99748E-01       7.90410E-01  1.00000E+00
  9.64817E-01  9.85540E-01  9.93887E-01  9.97845E-01  9.99783E-01       7.90630E-01  1.00000E+00
  9.72162E-01  9.88623E-01  9.95005E-01  9.98405E-01  9.99825E-01       8.56440E-01  1.00000E+00
  9.71008E-01  9.88308E-01  9.95133E-01  9.98315E-01  9.99805E-01       8.53510E-01  1.00000E+00
  9.71063E-01  9.88635E-01  9.95253E-01  9.98470E-01  9.99827E-01       8.35080E-01  1.00000E+00
  9.71705E-01  9.88612E-01  9.95260E-01  9.98470E-01  9.99840E-01       8.53350E-01  1.00000E+00
  9.72803E-01  9.88500E-01  9.95240E-01  9.98555E-01  9.99855E-01       8.74540E-01  1.00000E+00


   24.  52.00    6.  12.01  1.00E+02  0.00E+00  0.00E+00  0.00E+00     5   0.00

  0.00000E+00  0.00000E+00  0.00000E+00  0.00000E+00  0.00000E+00       0.00000E+00  0.00000E+00

  0.00000E+00  0.00000E+00  0.00000E+00  0.00000E+00  0.00000E+00       0.00000E+00  0.00000E+00
  0.00000E+00  0.00000E+00  0.00000E+00  0.00000E+00  0.00000E+00       0.00000E+00  0.00000E+00
  0.00000E+00  0.00000E+00  0.00000E+00  0.00000E+00  0.00000E+00       0.00000E+00  0.00000E+00
  0.00000E+00  0.00000E+00  0.00000E+00  0.00000E+00  0.00000E+00       0.00000E+00  0.00000E+00
  0.00000E+00  0.00000E+00  0.00000E+00  0.00000E+00  0.00000E+00       0.00000E+00  0.00000E+00

  0.00000E+00  0.00000E+00  0.00000E+00  0.00000E+00  0.00000E+00       0.00000E+00  0.00000E+00
  0.00000E+00  0.00000E+00  0.00000E+00  0.00000E+00  0.00000E+00       0.00000E+00  0.00000E+00
  0.00000E+00  0.00000E+00  0.00000E+00  0.00000E+00  0.00000E+00       0.00000E+00  0.00000E+00
  0.00000E+00  0.00000E+00  0.00000E+00  0.00000E+00  0.00000E+00       0.00000E+00  0.00000E+00
  0.00000E+00  0.00000E+00  0.00000E+00  0.00000E+00  0.00000E+00       0.00000E+00  0.00000E+00
  0.00000E+00  0.00000E+00  0.00000E+00  0.00000E+00  0.00000E+00       0.00000E+00  0.00000E+00
  0.00000E+00  0.00000E+00  0.00000E+00  0.00000E+00  0.00000E+00       0.00000E+00  0.00000E+00
  0.00000E+00  0.00000E+00  0.00000E+00  0.00000E+00  0.00000E+00       0.00000E+00  0.00000E+00
  0.00000E+00  0.00000E+00  0.00000E+00  0.00000E+00  0.00000E+00       0.00000E+00  0.00000E+00
  0.00000E+00  0.00000E+00  0.00000E+00  0.00000E+00  0.00000E+00       0.00000E+00  0.00000E+00
  0.00000E+00  0.00000E+00  0.00000E+00  0.00000E+00  0.00000E+00       0.00000E+00  0.00000E+00
  0.00000E+00  0.00000E+00  0.00000E+00  0.00000E+00  0.00000E+00       0.00000E+00  0.00000E+00
  0.00000E+00  0.00000E+00  0.00000E+00  0.00000E+00  0.00000E+00       0.00000E+00  0.00000E+00
  0.00000E+00  0.00000E+00  0.00000E+00  0.00000E+00  0.00000E+00       0.00000E+00  0.00000E+00
  0.00000E+00  0.00000E+00  0.00000E+00  0.00000E+00  0.00000E+00       0.00000E+00  0.00000E+00
  0.00000E+00  0.00000E+00  0.00000E+00  0.00000E+00  0.00000E+00       0.00000E+00  0.00000E+00
  0.00000E+00  0.00000E+00  0.00000E+00  0.00000E+00  0.00000E+00       0.00000E+00  0.00000E+00
  0.00000E+00  0.00000E+00  0.00000E+00  0.00000E+00  0.00000E+00       0.00000E+00  0.00000E+00
  0.00000E+00  0.00000E+00  0.00000E+00  0.00000E+00  0.00000E+00       0.00000E+00  0.00000E+00
  0.00000E+00  0.00000E+00  0.00000E+00  0.00000E+00  0.00000E+00       0.00000E+00  0.00000E+00
  0.00000E+00  0.00000E+00  0.00000E+00  0.00000E+00  0.00000E+00       0.00000E+00  0.00000E+00
  0.00000E+00  0.00000E+00  0.00000E+00  0.00000E+00  0.00000E+00       0.00000E+00  0.00000E+00
  0.00000E+00  0.00000E+00  0.00000E+00  0.00000E+00  0.00000E+00       0.00000E+00  0.00000E+00
  0.00000E+00  0.00000E+00  0.00000E+00  0.00000E+00  0.00000E+00       0.00000E+00  0.00000E+00
  0.00000E+00  0.00000E+00  0.00000E+00  0.00000E+00  0.00000E+00       0.00000E+00  0.00000E+00


   24.  52.00    6.  12.01  1.00E+02  3.00E+01  0.00E+00  0.00E+00     5   0.00

  0.00000E+00  0.00000E+00  0.00000E+00  0.00000E+00  0.00000E+00       0.00000E+00  0.00000E+00

  0.00000E+00  0.00000E+00  0.00000E+00  0.00000E+00  0.00000E+00       0.00000E+00  0.00000E+00
  0.00000E+00  0.00000E+00  0.00000E+00  0.00000E+00  0.00000E+00       0.00000E+00  0.00000E+00
  0.00000E+00  0.00000E+00  0.00000E+00  0.00000E+00  0.00000E+00       0.00000E+00  0.00000E+00
  0.00000E+00  0.00000E+00  0.00000E+00  0.00000E+00  0.00000E+00       0.00000E+00  0.00000E+00
  0.00000E+00  0.00000E+00  0.00000E+00  0.00000E+00  0.00000E+00       0.00000E+00  0.00000E+00

  0.00000E+00  0.00000E+00  0.00000E+00  0.00000E+00  0.00000E+00       0.00000E+00  0.00000E+00
  0.00000E+00  0.00000E+00  0.00000E+00  0.00000E+00  0.00000E+00       0.00000E+00  0.00000E+00
  0.00000E+00  0.00000E+00  0.00000E+00  0.00000E+00  0.00000E+00       0.00000E+00  0.00000E+00
  0.00000E+00  0.00000E+00  0.00000E+00  0.00000E+00  0.00000E+00       0.00000E+00  0.00000E+00
  0.00000E+00  0.00000E+00  0.00000E+00  0.00000E+00  0.00000E+00       0.00000E+00  0.00000E+00
  0.00000E+00  0.00000E+00  0.00000E+00  0.00000E+00  0.00000E+00       0.00000E+00  0.00000E+00
  0.00000E+00  0.00000E+00  0.00000E+00  0.00000E+00  0.00000E+00       0.00000E+00  0.00000E+00
  0.00000E+00  0.00000E+00  0.00000E+00  0.00000E+00  0.00000E+00       0.00000E+00  0.00000E+00
  0.00000E+00  0.00000E+00  0.00000E+00  0.00000E+00  0.00000E+00       0.00000E+00  0.00000E+00
  0.00000E+00  0.00000E+00  0.00000E+00  0.00000E+00  0.00000E+00       0.00000E+00  0.00000E+00
  0.00000E+00  0.00000E+00  0.00000E+00  0.00000E+00  0.00000E+00       0.00000E+00  0.00000E+00
  0.00000E+00  0.00000E+00  0.00000E+00  0.00000E+00  0.00000E+00       0.00000E+00  0.00000E+00
  0.00000E+00  0.00000E+00  0.00000E+00  0.00000E+00  0.00000E+00       0.00000E+00  0.00000E+00
  0.00000E+00  0.00000E+00  0.00000E+00  0.00000E+00  0.00000E+00       0.00000E+00  0.00000E+00
  0.00000E+00  0.00000E+00  0.00000E+00  0.00000E+00  0.00000E+00       0.00000E+00  0.00000E+00
  0.00000E+00  0.00000E+00  0.00000E+00  0.00000E+00  0.00000E+00       0.00000E+00  0.00000E+00
  0.00000E+00  0.00000E+00  0.00000E+00  0.00000E+00  0.00000E+00       0.00000E+00  0.00000E+00
  0.00000E+00  0.00000E+00  0.00000E+00  0.00000E+00  0.00000E+00       0.00000E+00  0.00000E+00
  0.00000E+00  0.00000E+00  0.00000E+00  0.00000E+00  0.00000E+00       0.00000E+00  0.00000E+00
  0.00000E+00  0.00000E+00  0.00000E+00  0.00000E+00  0.00000E+00       0.00000E+00  0.00000E+00
  0.00000E+00  0.00000E+00  0.00000E+00  0.00000E+00  0.00000E+00       0.00000E+00  0.00000E+00
  0.00000E+00  0.00000E+00  0.00000E+00  0.00000E+00  0.00000E+00       0.00000E+00  0.00000E+00
  0.00000E+00  0.00000E+00  0.00000E+00  0.00000E+00  0.00000E+00       0.00000E+00  0.00000E+00
  0.00000E+00  0.00000E+00  0.00000E+00  0.00000E+00  0.00000E+00       0.00000E+00  0.00000E+00
  0.00000E+00  0.00000E+00  0.00000E+00  0.00000E+00  0.00000E+00       0.00000E+00  0.00000E+00


   24.  52.00    6.  12.01  1.00E+02  4.50E+01  0.00E+00  0.00E+00     5   0.00

  0.00000E+00  0.00000E+00  0.00000E+00  0.00000E+00  0.00000E+00       0.00000E+00  0.00000E+00

  0.00000E+00  0.00000E+00  0.00000E+00  0.00000E+00  0.00000E+00       0.00000E+00  0.00000E+00
  0.00000E+00  0.00000E+00  0.00000E+00  0.00000E+00  0.00000E+00       0.00000E+00  0.00000E+00
  0.00000E+00  0.00000E+00  0.00000E+00  0.00000E+00  0.00000E+00       0.00000E+00  0.00000E+00
  0.00000E+00  0.00000E+00  0.00000E+00  0.00000E+00  0.00000E+00       0.00000E+00  0.00000E+00
  0.00000E+00  0.00000E+00  0.00000E+00  0.00000E+00  0.00000E+00       0.00000E+00  0.00000E+00

  0.00000E+00  0.00000E+00  0.00000E+00  0.00000E+00  0.00000E+00       0.00000E+00  0.00000E+00
  0.00000E+00  0.00000E+00  0.00000E+00  0.00000E+00  0.00000E+00       0.00000E+00  0.00000E+00
  0.00000E+00  0.00000E+00  0.00000E+00  0.00000E+00  0.00000E+00       0.00000E+00  0.00000E+00
  0.00000E+00  0.00000E+00  0.00000E+00  0.00000E+00  0.00000E+00       0.00000E+00  0.00000E+00
  0.00000E+00  0.00000E+00  0.00000E+00  0.00000E+00  0.00000E+00       0.00000E+00  0.00000E+00
  0.00000E+00  0.00000E+00  0.00000E+00  0.00000E+00  0.00000E+00       0.00000E+00  0.00000E+00
  0.00000E+00  0.00000E+00  0.00000E+00  0.00000E+00  0.00000E+00       0.00000E+00  0.00000E+00
  0.00000E+00  0.00000E+00  0.00000E+00  0.00000E+00  0.00000E+00       0.00000E+00  0.00000E+00
  0.00000E+00  0.00000E+00  0.00000E+00  0.00000E+00  0.00000E+00       0.00000E+00  0.00000E+00
  0.00000E+00  0.00000E+00  0.00000E+00  0.00000E+00  0.00000E+00       0.00000E+00  0.00000E+00
  0.00000E+00  0.00000E+00  0.00000E+00  0.00000E+00  0.00000E+00       0.00000E+00  0.00000E+00
  0.00000E+00  0.00000E+00  0.00000E+00  0.00000E+00  0.00000E+00       0.00000E+00  0.00000E+00
  0.00000E+00  0.00000E+00  0.00000E+00  0.00000E+00  0.00000E+00       0.00000E+00  0.00000E+00
  0.00000E+00  0.00000E+00  0.00000E+00  0.00000E+00  0.00000E+00       0.00000E+00  0.00000E+00
  0.00000E+00  0.00000E+00  0.00000E+00  0.00000E+00  0.00000E+00       0.00000E+00  0.00000E+00
  0.00000E+00  0.00000E+00  0.00000E+00  0.00000E+00  0.00000E+00       0.00000E+00  0.00000E+00
  0.00000E+00  0.00000E+00  0.00000E+00  0.00000E+00  0.00000E+00       0.00000E+00  0.00000E+00
  0.00000E+00  0.00000E+00  0.00000E+00  0.00000E+00  0.00000E+00       0.00000E+00  0.00000E+00
  0.00000E+00  0.00000E+00  0.00000E+00  0.00000E+00  0.00000E+00       0.00000E+00  0.00000E+00
  0.00000E+00  0.00000E+00  0.00000E+00  0.00000E+00  0.00000E+00       0.00000E+00  0.00000E+00
  0.00000E+00  0.00000E+00  0.00000E+00  0.00000E+00  0.00000E+00       0.00000E+00  0.00000E+00
  0.00000E+00  0.00000E+00  0.00000E+00  0.00000E+00  0.00000E+00       0.00000E+00  0.00000E+00
  0.00000E+00  0.00000E+00  0.00000E+00  0.00000E+00  0.00000E+00       0.00000E+00  0.00000E+00
  0.00000E+00  0.00000E+00  0.00000E+00  0.00000E+00  0.00000E+00       0.00000E+00  0.00000E+00
  0.00000E+00  0.00000E+00  0.00000E+00  0.00000E+00  0.00000E+00       0.00000E+00  0.00000E+00


   24.  52.00    6.  12.01  1.00E+02  6.00E+01  3.05E-02  6.50E-03     5   0.00

  1.01030E+01  1.54870E+01  2.02000E+01  2.56790E+01  3.41220E+01       1.58980E+00  6.05530E+01

  1.03210E-01  1.90015E-01  2.58480E-01  3.33530E-01  4.42200E-01       2.65580E-03  7.83750E-01
  1.04820E-01  1.89930E-01  2.56620E-01  3.25515E-01  4.25490E-01       2.38030E-03  6.75310E-01
  1.04617E-01  1.85695E-01  2.51095E-01  3.15810E-01  4.07910E-01       6.86750E-04  6.69670E-01
  9.82475E-02  1.75830E-01  2.37200E-01  2.99065E-01  3.87060E-01       1.92480E-04  6.57310E-01
  8.24425E-02  1.49755E-01  2.02405E-01  2.56300E-01  3.34865E-01       2.33240E-03  6.05430E-01

  8.52722E-01  9.42468E-01  9.76120E-01  9.92370E-01  9.99225E-01       4.01390E-01  1.00000E+00
  8.45862E-01  9.35240E-01  9.74645E-01  9.90910E-01  9.99148E-01       4.64900E-01  1.00000E+00
  8.50863E-01  9.41263E-01  9.75565E-01  9.92077E-01  9.99045E-01       2.83290E-01  1.00000E+00
  8.44550E-01  9.37027E-01  9.72483E-01  9.91570E-01  9.99295E-01       3.10910E-01  1.00000E+00
  8.55922E-01  9.40735E-01  9.73002E-01  9.91038E-01  9.99195E-01       2.23800E-01  1.00000E+00
  8.74487E-01  9.48275E-01  9.79302E-01  9.93143E-01  9.99358E-01       4.83200E-01  9.99990E-01
  8.73905E-01  9.48808E-01  9.78652E-01  9.93130E-01  9.99213E-01       4.02630E-01  1.00000E+00
  8.76815E-01  9.50050E-01  9.79215E-01  9.93435E-01  9.99333E-01       5.06730E-01  1.00000E+00
  8.75805E-01  9.47495E-01  9.78263E-01  9.92627E-01  9.99197E-01       4.10270E-01  1.00000E+00
  8.87607E-01  9.53715E-01  9.80380E-01  9.93730E-01  9.99310E-01       5.18570E-01  1.00000E+00
  8.90773E-01  9.56427E-01  9.81903E-01  9.93753E-01  9.99395E-01       5.99280E-01  1.00000E+00
  8.93695E-01  9.56483E-01  9.82120E-01  9.93565E-01  9.99318E-01       5.48570E-01  1.00000E+00
  8.92100E-01  9.54215E-01  9.81877E-01  9.94120E-01  9.99430E-01       5.92130E-01  1.00000E+00
  8.98253E-01  9.55638E-01  9.80478E-01  9.93510E-01  9.99228E-01       6.02010E-01  1.00000E+00
  8.99475E-01  9.60425E-01  9.83555E-01  9.94528E-01  9.99365E-01       5.97750E-01  1.00000E+00
  9.07502E-01  9.63137E-01  9.85457E-01  9.95127E-01  9.99437E-01       5.61000E-01  1.00000E+00
  9.13233E-01  9.65250E-01  9.84985E-01  9.95408E-01  9.99522E-01       6.84530E-01  1.00000E+00
  9.08065E-01  9.63263E-01  9.84035E-01  9.95120E-01  9.99420E-01       5.50570E-01  1.00000E+00
  9.15430E-01  9.65220E-01  9.84477E-01  9.95363E-01  9.99610E-01       6.59040E-01  1.00000E+00
  9.21077E-01  9.68060E-01  9.85895E-01  9.95580E-01  9.99620E-01       6.56330E-01  1.00000E+00
  9.34285E-01  9.72750E-01  9.88690E-01  9.96340E-01  9.99613E-01       7.22000E-01  1.00000E+00
  9.36640E-01  9.74087E-01  9.88875E-01  9.96217E-01  9.99553E-01       7.04150E-01  1.00000E+00
  9.36635E-01  9.74050E-01  9.88897E-01  9.96818E-01  9.99642E-01       6.91960E-01  1.00000E+00
  9.39663E-01  9.75225E-01  9.90095E-01  9.96840E-01  9.99707E-01       6.59660E-01  1.00000E+00
  9.44260E-01  9.77700E-01  9.89433E-01  9.96517E-01  9.99637E-01       7.59980E-01  1.00000E+00


   24.  52.00    6.  12.01  1.00E+02  7.00E+01  2.11E-01  6.87E-02     5   0.00

  1.56380E+01  2.45120E+01  3.19600E+01  3.98220E+01  5.04800E+01       2.09290E+00  7.69190E+01

  1.01825E-01  1.84120E-01  2.50240E-01  3.20585E-01  4.20490E-01       7.39360E-04  7.86520E-01
  1.01640E-01  1.81335E-01  2.43930E-01  3.09510E-01  3.99995E-01       7.22830E-05  7.09850E-01
  9.74420E-02  1.73410E-01  2.32510E-01  2.93670E-01  3.78555E-01       1.49950E-03  6.60590E-01
  8.93380E-02  1.59185E-01  2.13630E-01  2.69340E-01  3.45830E-01       2.97770E-04  6.08050E-01
  7.17610E-02  1.27990E-01  1.73135E-01  2.20395E-01  2.88015E-01       8.72200E-04  5.27320E-01

  8.65707E-01  9.46325E-01  9.77705E-01  9.92907E-01  9.99265E-01       2.27280E-01  1.00000E+00
  8.64495E-01  9.45777E-01  9.77108E-01  9.92365E-01  9.99243E-01       1.93130E-01  1.00000E+00
  8.68542E-01  9.46213E-01  9.77005E-01  9.92565E-01  9.99188E-01       2.51120E-01  1.00000E+00
  8.65242E-01  9.44523E-01  9.76852E-01  9.92530E-01  9.99172E-01       3.51890E-01  1.00000E+00
  8.65455E-01  9.45880E-01  9.77267E-01  9.92707E-01  9.99240E-01       3.74450E-01  1.00000E+00
  8.98687E-01  9.59620E-01  9.83392E-01  9.94480E-01  9.99422E-01       4.71350E-01  1.00000E+00
  8.98465E-01  9.58970E-01  9.82345E-01  9.94290E-01  9.99413E-01       5.07360E-01  1.00000E+00
  8.96420E-01  9.58447E-01  9.82293E-01  9.94093E-01  9.99395E-01       4.66740E-01  1.00000E+00
  9.01742E-01  9.59437E-01  9.82770E-01  9.94380E-01  9.99385E-01       4.57320E-01  1.00000E+00
  9.03720E-01  9.60527E-01  9.83435E-01  9.94502E-01  9.99415E-01       4.77070E-01  1.00000E+00
  9.16705E-01  9.66347E-01  9.85777E-01  9.95337E-01  9.99450E-01       6.16230E-01  1.00000E+00
  9.15235E-01  9.66145E-01  9.85837E-01  9.95320E-01  9.99528E-01       5.96950E-01  1.00000E+00
  9.19375E-01  9.67315E-01  9.86098E-01  9.95273E-01  9.99502E-01       5.79600E-01  1.00000E+00
  9.19090E-01  9.67030E-01  9.85995E-01  9.95478E-01  9.99515E-01       6.01420E-01  1.00000E+00
  9.24075E-01  9.69335E-01  9.87213E-01  9.95842E-01  9.99567E-01       6.25330E-01  1.00000E+00
  9.35675E-01  9.74275E-01  9.89108E-01  9.96482E-01  9.99647E-01       6.18640E-01  1.00000E+00
  9.35302E-01  9.73665E-01  9.88930E-01  9.96422E-01  9.99615E-01       6.83940E-01  1.00000E+00
  9.35407E-01  9.73967E-01  9.88662E-01  9.96343E-01  9.99597E-01       6.47460E-01  1.00000E+00
  9.37808E-01  9.74045E-01  9.89038E-01  9.96385E-01  9.99625E-01       7.20130E-01  1.00000E+00
  9.40763E-01  9.75810E-01  9.89640E-01  9.96720E-01  9.99645E-01       6.97160E-01  1.00000E+00
  9.57483E-01  9.82945E-01  9.92683E-01  9.97628E-01  9.99753E-01       7.56650E-01  1.00000E+00
  9.57547E-01  9.82622E-01  9.92630E-01  9.97603E-01  9.99745E-01       7.95390E-01  1.00000E+00
  9.57672E-01  9.83020E-01  9.92655E-01  9.97622E-01  9.99762E-01       7.61630E-01  1.00000E+00
  9.58860E-01  9.83010E-01  9.92830E-01  9.97648E-01  9.99775E-01       7.81830E-01  1.00000E+00
  9.60255E-01  9.84038E-01  9.93160E-01  9.97768E-01  9.99762E-01       7.55980E-01  1.00000E+00


   24.  52.00    6.  12.01  1.00E+02  8.00E+01  5.06E-01  2.39E-01     5   0.00

  2.48390E+01  3.84000E+01  4.83100E+01  5.72640E+01  6.74540E+01       2.20470E+00  8.59110E+01

  9.22235E-02  1.66295E-01  2.27790E-01  2.92555E-01  3.85775E-01       2.14200E-04  7.44330E-01
  8.94605E-02  1.60545E-01  2.18220E-01  2.77610E-01  3.60925E-01       1.31200E-03  6.69640E-01
  8.36890E-02  1.49920E-01  2.03075E-01  2.57815E-01  3.33100E-01       7.09090E-04  5.97050E-01
  7.55155E-02  1.34655E-01  1.81295E-01  2.29160E-01  2.95990E-01       6.37420E-04  5.34200E-01
  5.66025E-02  1.02846E-01  1.40460E-01  1.80185E-01  2.37830E-01       3.93570E-04  4.48330E-01

  8.99173E-01  9.60287E-01  9.83437E-01  9.94630E-01  9.99435E-01       3.08050E-01  1.00000E+00
  8.97697E-01  9.59703E-01  9.83023E-01  9.94528E-01  9.99450E-01       2.39830E-01  1.00000E+00
  8.96820E-01  9.58338E-01  9.82468E-01  9.94282E-01  9.99398E-01       3.39380E-01  1.00000E+00
  8.95378E-01  9.58110E-01  9.82315E-01  9.94152E-01  9.99385E-01       4.29990E-01  1.00000E+00
  8.96952E-01  9.58055E-01  9.82055E-01  9.94128E-01  9.99385E-01       4.25020E-01  1.00000E+00
  9.32245E-01  9.73355E-01  9.88702E-01  9.96300E-01  9.99620E-01       5.20080E-01  1.00000E+00
  9.30640E-01  9.72165E-01  9.88358E-01  9.96243E-01  9.99615E-01       5.32290E-01  1.00000E+00
  9.30130E-01  9.71820E-01  9.88125E-01  9.96090E-01  9.99593E-01       5.34430E-01  1.00000E+00
  9.30303E-01  9.71623E-01  9.87842E-01  9.96042E-01  9.99595E-01       6.38370E-01  1.00000E+00
  9.31787E-01  9.72230E-01  9.87972E-01  9.96110E-01  9.99580E-01       6.84940E-01  1.00000E+00
  9.47475E-01  9.79190E-01  9.91210E-01  9.97085E-01  9.99688E-01       7.10740E-01  1.00000E+00
  9.47260E-01  9.78810E-01  9.90970E-01  9.97052E-01  9.99695E-01       6.83930E-01  1.00000E+00
  9.46735E-01  9.78610E-01  9.90915E-01  9.97065E-01  9.99702E-01       6.89310E-01  1.00000E+00
  9.47677E-01  9.78755E-01  9.90873E-01  9.96997E-01  9.99670E-01       6.93250E-01  1.00000E+00
  9.51135E-01  9.80052E-01  9.91428E-01  9.97220E-01  9.99710E-01       7.13600E-01  1.00000E+00
  9.60932E-01  9.84350E-01  9.93343E-01  9.97810E-01  9.99770E-01       7.87800E-01  1.00000E+00
  9.61267E-01  9.84248E-01  9.93340E-01  9.97785E-01  9.99760E-01       7.61040E-01  1.00000E+00
  9.60700E-01  9.84225E-01  9.93295E-01  9.97790E-01  9.99765E-01       7.59980E-01  1.00000E+00
  9.62350E-01  9.84835E-01  9.93405E-01  9.97805E-01  9.99770E-01       7.94630E-01  1.00000E+00
  9.64638E-01  9.85618E-01  9.93895E-01  9.97955E-01  9.99783E-01       7.84260E-01  1.00000E+00
  9.75715E-01  9.90227E-01  9.95862E-01  9.98625E-01  9.99855E-01       8.21650E-01  1.00000E+00
  9.75928E-01  9.90395E-01  9.95938E-01  9.98645E-01  9.99855E-01       8.43850E-01  1.00000E+00
  9.75675E-01  9.90247E-01  9.95850E-01  9.98642E-01  9.99855E-01       8.71980E-01  1.00000E+00
  9.75888E-01  9.90485E-01  9.95902E-01  9.98665E-01  9.99858E-01       8.38430E-01  1.00000E+00
  9.77302E-01  9.90925E-01  9.96120E-01  9.98737E-01  9.99870E-01       8.54190E-01  1.00000E+00


   24.  52.00    6.  12.01  1.00E+02  8.50E+01  5.71E-01  3.02E-01     5   0.00

  2.90040E+01  4.42810E+01  5.47520E+01  6.37180E+01  7.31910E+01       2.04830E+00  8.88160E+01

  8.56270E-02  1.55450E-01  2.12825E-01  2.74515E-01  3.64335E-01       3.58540E-04  7.14760E-01
  8.19035E-02  1.47855E-01  2.02245E-01  2.59285E-01  3.39690E-01       6.09720E-04  6.42880E-01
  7.70465E-02  1.39505E-01  1.88755E-01  2.40040E-01  3.12320E-01       2.27910E-04  5.76240E-01
  6.91610E-02  1.23480E-01  1.67290E-01  2.12260E-01  2.74595E-01       5.42830E-04  4.94400E-01
  5.17675E-02  9.34275E-02  1.27730E-01  1.64125E-01  2.16885E-01       2.37520E-04  4.25240E-01

  9.15235E-01  9.66723E-01  9.85980E-01  9.95507E-01  9.99533E-01       4.19650E-01  1.00000E+00
  9.12905E-01  9.65567E-01  9.85465E-01  9.95297E-01  9.99495E-01       4.06370E-01  1.00000E+00
  9.11817E-01  9.65225E-01  9.85297E-01  9.95182E-01  9.99490E-01       4.88690E-01  1.00000E+00
  9.11380E-01  9.64695E-01  9.85115E-01  9.95135E-01  9.99470E-01       3.45500E-01  1.00000E+00
  9.10745E-01  9.63873E-01  9.84595E-01  9.94963E-01  9.99462E-01       4.58590E-01  1.00000E+00
  9.45390E-01  9.78575E-01  9.90845E-01  9.97045E-01  9.99682E-01       6.24860E-01  1.00000E+00
  9.43353E-01  9.77492E-01  9.90545E-01  9.96915E-01  9.99670E-01       6.67400E-01  1.00000E+00
  9.43355E-01  9.77398E-01  9.90282E-01  9.96823E-01  9.99655E-01       6.89520E-01  1.00000E+00
  9.42693E-01  9.76740E-01  9.90085E-01  9.96707E-01  9.99658E-01       6.79610E-01  1.00000E+00
  9.43812E-01  9.77023E-01  9.90097E-01  9.96770E-01  9.99642E-01       6.59980E-01  1.00000E+00
  9.58860E-01  9.83765E-01  9.93075E-01  9.97738E-01  9.99757E-01       7.13830E-01  1.00000E+00
  9.58555E-01  9.83387E-01  9.93017E-01  9.97730E-01  9.99755E-01       7.68280E-01  1.00000E+00
  9.57810E-01  9.82838E-01  9.92773E-01  9.97638E-01  9.99758E-01       7.16430E-01  1.00000E+00
  9.57920E-01  9.83080E-01  9.92715E-01  9.97625E-01  9.99748E-01       7.77740E-01  1.00000E+00
  9.60857E-01  9.83875E-01  9.93032E-01  9.97725E-01  9.99757E-01       7.54160E-01  1.00000E+00
  9.69800E-01  9.87680E-01  9.94833E-01  9.98325E-01  9.99822E-01       8.06590E-01  1.00000E+00
  9.69518E-01  9.87712E-01  9.94748E-01  9.98243E-01  9.99812E-01       7.49990E-01  1.00000E+00
  9.70033E-01  9.87775E-01  9.94787E-01  9.98285E-01  9.99815E-01       8.31370E-01  1.00000E+00
  9.70732E-01  9.88025E-01  9.94890E-01  9.98305E-01  9.99822E-01       8.31480E-01  1.00000E+00
  9.72368E-01  9.88830E-01  9.95247E-01  9.98432E-01  9.99830E-01       8.23220E-01  1.00000E+00
  9.81615E-01  9.92555E-01  9.96882E-01  9.98977E-01  9.99895E-01       8.87990E-01  1.00000E+00
  9.81495E-01  9.92590E-01  9.96868E-01  9.98975E-01  9.99888E-01       8.72740E-01  1.00000E+00
  9.81755E-01  9.92665E-01  9.96873E-01  9.98980E-01  9.99895E-01       8.83410E-01  1.00000E+00
  9.81740E-01  9.92658E-01  9.96897E-01  9.98992E-01  9.99895E-01       8.52870E-01  1.00000E+00
  9.82513E-01  9.92992E-01  9.97020E-01  9.99040E-01  9.99897E-01       8.93060E-01  1.00000E+00


   24.  52.00    6.  12.01  2.00E+02  0.00E+00  0.00E+00  0.00E+00     5   0.00

  0.00000E+00  0.00000E+00  0.00000E+00  0.00000E+00  0.00000E+00       0.00000E+00  0.00000E+00

  0.00000E+00  0.00000E+00  0.00000E+00  0.00000E+00  0.00000E+00       0.00000E+00  0.00000E+00
  0.00000E+00  0.00000E+00  0.00000E+00  0.00000E+00  0.00000E+00       0.00000E+00  0.00000E+00
  0.00000E+00  0.00000E+00  0.00000E+00  0.00000E+00  0.00000E+00       0.00000E+00  0.00000E+00
  0.00000E+00  0.00000E+00  0.00000E+00  0.00000E+00  0.00000E+00       0.00000E+00  0.00000E+00
  0.00000E+00  0.00000E+00  0.00000E+00  0.00000E+00  0.00000E+00       0.00000E+00  0.00000E+00

  0.00000E+00  0.00000E+00  0.00000E+00  0.00000E+00  0.00000E+00       0.00000E+00  0.00000E+00
  0.00000E+00  0.00000E+00  0.00000E+00  0.00000E+00  0.00000E+00       0.00000E+00  0.00000E+00
  0.00000E+00  0.00000E+00  0.00000E+00  0.00000E+00  0.00000E+00       0.00000E+00  0.00000E+00
  0.00000E+00  0.00000E+00  0.00000E+00  0.00000E+00  0.00000E+00       0.00000E+00  0.00000E+00
  0.00000E+00  0.00000E+00  0.00000E+00  0.00000E+00  0.00000E+00       0.00000E+00  0.00000E+00
  0.00000E+00  0.00000E+00  0.00000E+00  0.00000E+00  0.00000E+00       0.00000E+00  0.00000E+00
  0.00000E+00  0.00000E+00  0.00000E+00  0.00000E+00  0.00000E+00       0.00000E+00  0.00000E+00
  0.00000E+00  0.00000E+00  0.00000E+00  0.00000E+00  0.00000E+00       0.00000E+00  0.00000E+00
  0.00000E+00  0.00000E+00  0.00000E+00  0.00000E+00  0.00000E+00       0.00000E+00  0.00000E+00
  0.00000E+00  0.00000E+00  0.00000E+00  0.00000E+00  0.00000E+00       0.00000E+00  0.00000E+00
  0.00000E+00  0.00000E+00  0.00000E+00  0.00000E+00  0.00000E+00       0.00000E+00  0.00000E+00
  0.00000E+00  0.00000E+00  0.00000E+00  0.00000E+00  0.00000E+00       0.00000E+00  0.00000E+00
  0.00000E+00  0.00000E+00  0.00000E+00  0.00000E+00  0.00000E+00       0.00000E+00  0.00000E+00
  0.00000E+00  0.00000E+00  0.00000E+00  0.00000E+00  0.00000E+00       0.00000E+00  0.00000E+00
  0.00000E+00  0.00000E+00  0.00000E+00  0.00000E+00  0.00000E+00       0.00000E+00  0.00000E+00
  0.00000E+00  0.00000E+00  0.00000E+00  0.00000E+00  0.00000E+00       0.00000E+00  0.00000E+00
  0.00000E+00  0.00000E+00  0.00000E+00  0.00000E+00  0.00000E+00       0.00000E+00  0.00000E+00
  0.00000E+00  0.00000E+00  0.00000E+00  0.00000E+00  0.00000E+00       0.00000E+00  0.00000E+00
  0.00000E+00  0.00000E+00  0.00000E+00  0.00000E+00  0.00000E+00       0.00000E+00  0.00000E+00
  0.00000E+00  0.00000E+00  0.00000E+00  0.00000E+00  0.00000E+00       0.00000E+00  0.00000E+00
  0.00000E+00  0.00000E+00  0.00000E+00  0.00000E+00  0.00000E+00       0.00000E+00  0.00000E+00
  0.00000E+00  0.00000E+00  0.00000E+00  0.00000E+00  0.00000E+00       0.00000E+00  0.00000E+00
  0.00000E+00  0.00000E+00  0.00000E+00  0.00000E+00  0.00000E+00       0.00000E+00  0.00000E+00
  0.00000E+00  0.00000E+00  0.00000E+00  0.00000E+00  0.00000E+00       0.00000E+00  0.00000E+00
  0.00000E+00  0.00000E+00  0.00000E+00  0.00000E+00  0.00000E+00       0.00000E+00  0.00000E+00


   24.  52.00    6.  12.01  2.00E+02  3.00E+01  0.00E+00  0.00E+00     5   0.00

  0.00000E+00  0.00000E+00  0.00000E+00  0.00000E+00  0.00000E+00       0.00000E+00  0.00000E+00

  0.00000E+00  0.00000E+00  0.00000E+00  0.00000E+00  0.00000E+00       0.00000E+00  0.00000E+00
  0.00000E+00  0.00000E+00  0.00000E+00  0.00000E+00  0.00000E+00       0.00000E+00  0.00000E+00
  0.00000E+00  0.00000E+00  0.00000E+00  0.00000E+00  0.00000E+00       0.00000E+00  0.00000E+00
  0.00000E+00  0.00000E+00  0.00000E+00  0.00000E+00  0.00000E+00       0.00000E+00  0.00000E+00
  0.00000E+00  0.00000E+00  0.00000E+00  0.00000E+00  0.00000E+00       0.00000E+00  0.00000E+00

  0.00000E+00  0.00000E+00  0.00000E+00  0.00000E+00  0.00000E+00       0.00000E+00  0.00000E+00
  0.00000E+00  0.00000E+00  0.00000E+00  0.00000E+00  0.00000E+00       0.00000E+00  0.00000E+00
  0.00000E+00  0.00000E+00  0.00000E+00  0.00000E+00  0.00000E+00       0.00000E+00  0.00000E+00
  0.00000E+00  0.00000E+00  0.00000E+00  0.00000E+00  0.00000E+00       0.00000E+00  0.00000E+00
  0.00000E+00  0.00000E+00  0.00000E+00  0.00000E+00  0.00000E+00       0.00000E+00  0.00000E+00
  0.00000E+00  0.00000E+00  0.00000E+00  0.00000E+00  0.00000E+00       0.00000E+00  0.00000E+00
  0.00000E+00  0.00000E+00  0.00000E+00  0.00000E+00  0.00000E+00       0.00000E+00  0.00000E+00
  0.00000E+00  0.00000E+00  0.00000E+00  0.00000E+00  0.00000E+00       0.00000E+00  0.00000E+00
  0.00000E+00  0.00000E+00  0.00000E+00  0.00000E+00  0.00000E+00       0.00000E+00  0.00000E+00
  0.00000E+00  0.00000E+00  0.00000E+00  0.00000E+00  0.00000E+00       0.00000E+00  0.00000E+00
  0.00000E+00  0.00000E+00  0.00000E+00  0.00000E+00  0.00000E+00       0.00000E+00  0.00000E+00
  0.00000E+00  0.00000E+00  0.00000E+00  0.00000E+00  0.00000E+00       0.00000E+00  0.00000E+00
  0.00000E+00  0.00000E+00  0.00000E+00  0.00000E+00  0.00000E+00       0.00000E+00  0.00000E+00
  0.00000E+00  0.00000E+00  0.00000E+00  0.00000E+00  0.00000E+00       0.00000E+00  0.00000E+00
  0.00000E+00  0.00000E+00  0.00000E+00  0.00000E+00  0.00000E+00       0.00000E+00  0.00000E+00
  0.00000E+00  0.00000E+00  0.00000E+00  0.00000E+00  0.00000E+00       0.00000E+00  0.00000E+00
  0.00000E+00  0.00000E+00  0.00000E+00  0.00000E+00  0.00000E+00       0.00000E+00  0.00000E+00
  0.00000E+00  0.00000E+00  0.00000E+00  0.00000E+00  0.00000E+00       0.00000E+00  0.00000E+00
  0.00000E+00  0.00000E+00  0.00000E+00  0.00000E+00  0.00000E+00       0.00000E+00  0.00000E+00
  0.00000E+00  0.00000E+00  0.00000E+00  0.00000E+00  0.00000E+00       0.00000E+00  0.00000E+00
  0.00000E+00  0.00000E+00  0.00000E+00  0.00000E+00  0.00000E+00       0.00000E+00  0.00000E+00
  0.00000E+00  0.00000E+00  0.00000E+00  0.00000E+00  0.00000E+00       0.00000E+00  0.00000E+00
  0.00000E+00  0.00000E+00  0.00000E+00  0.00000E+00  0.00000E+00       0.00000E+00  0.00000E+00
  0.00000E+00  0.00000E+00  0.00000E+00  0.00000E+00  0.00000E+00       0.00000E+00  0.00000E+00
  0.00000E+00  0.00000E+00  0.00000E+00  0.00000E+00  0.00000E+00       0.00000E+00  0.00000E+00


   24.  52.00    6.  12.01  2.00E+02  4.50E+01  0.00E+00  0.00E+00     5   0.00

  0.00000E+00  0.00000E+00  0.00000E+00  0.00000E+00  0.00000E+00       0.00000E+00  0.00000E+00

  0.00000E+00  0.00000E+00  0.00000E+00  0.00000E+00  0.00000E+00       0.00000E+00  0.00000E+00
  0.00000E+00  0.00000E+00  0.00000E+00  0.00000E+00  0.00000E+00       0.00000E+00  0.00000E+00
  0.00000E+00  0.00000E+00  0.00000E+00  0.00000E+00  0.00000E+00       0.00000E+00  0.00000E+00
  0.00000E+00  0.00000E+00  0.00000E+00  0.00000E+00  0.00000E+00       0.00000E+00  0.00000E+00
  0.00000E+00  0.00000E+00  0.00000E+00  0.00000E+00  0.00000E+00       0.00000E+00  0.00000E+00

  0.00000E+00  0.00000E+00  0.00000E+00  0.00000E+00  0.00000E+00       0.00000E+00  0.00000E+00
  0.00000E+00  0.00000E+00  0.00000E+00  0.00000E+00  0.00000E+00       0.00000E+00  0.00000E+00
  0.00000E+00  0.00000E+00  0.00000E+00  0.00000E+00  0.00000E+00       0.00000E+00  0.00000E+00
  0.00000E+00  0.00000E+00  0.00000E+00  0.00000E+00  0.00000E+00       0.00000E+00  0.00000E+00
  0.00000E+00  0.00000E+00  0.00000E+00  0.00000E+00  0.00000E+00       0.00000E+00  0.00000E+00
  0.00000E+00  0.00000E+00  0.00000E+00  0.00000E+00  0.00000E+00       0.00000E+00  0.00000E+00
  0.00000E+00  0.00000E+00  0.00000E+00  0.00000E+00  0.00000E+00       0.00000E+00  0.00000E+00
  0.00000E+00  0.00000E+00  0.00000E+00  0.00000E+00  0.00000E+00       0.00000E+00  0.00000E+00
  0.00000E+00  0.00000E+00  0.00000E+00  0.00000E+00  0.00000E+00       0.00000E+00  0.00000E+00
  0.00000E+00  0.00000E+00  0.00000E+00  0.00000E+00  0.00000E+00       0.00000E+00  0.00000E+00
  0.00000E+00  0.00000E+00  0.00000E+00  0.00000E+00  0.00000E+00       0.00000E+00  0.00000E+00
  0.00000E+00  0.00000E+00  0.00000E+00  0.00000E+00  0.00000E+00       0.00000E+00  0.00000E+00
  0.00000E+00  0.00000E+00  0.00000E+00  0.00000E+00  0.00000E+00       0.00000E+00  0.00000E+00
  0.00000E+00  0.00000E+00  0.00000E+00  0.00000E+00  0.00000E+00       0.00000E+00  0.00000E+00
  0.00000E+00  0.00000E+00  0.00000E+00  0.00000E+00  0.00000E+00       0.00000E+00  0.00000E+00
  0.00000E+00  0.00000E+00  0.00000E+00  0.00000E+00  0.00000E+00       0.00000E+00  0.00000E+00
  0.00000E+00  0.00000E+00  0.00000E+00  0.00000E+00  0.00000E+00       0.00000E+00  0.00000E+00
  0.00000E+00  0.00000E+00  0.00000E+00  0.00000E+00  0.00000E+00       0.00000E+00  0.00000E+00
  0.00000E+00  0.00000E+00  0.00000E+00  0.00000E+00  0.00000E+00       0.00000E+00  0.00000E+00
  0.00000E+00  0.00000E+00  0.00000E+00  0.00000E+00  0.00000E+00       0.00000E+00  0.00000E+00
  0.00000E+00  0.00000E+00  0.00000E+00  0.00000E+00  0.00000E+00       0.00000E+00  0.00000E+00
  0.00000E+00  0.00000E+00  0.00000E+00  0.00000E+00  0.00000E+00       0.00000E+00  0.00000E+00
  0.00000E+00  0.00000E+00  0.00000E+00  0.00000E+00  0.00000E+00       0.00000E+00  0.00000E+00
  0.00000E+00  0.00000E+00  0.00000E+00  0.00000E+00  0.00000E+00       0.00000E+00  0.00000E+00
  0.00000E+00  0.00000E+00  0.00000E+00  0.00000E+00  0.00000E+00       0.00000E+00  0.00000E+00


   24.  52.00    6.  12.01  2.00E+02  6.00E+01  5.89E-02  1.09E-02     5   0.00

  1.22350E+01  2.24040E+01  3.31650E+01  4.65030E+01  6.81470E+01       6.75730E-01  1.29320E+02

  1.34410E-01  2.39455E-01  3.19550E-01  4.02980E-01  5.21240E-01       1.82050E-03  8.54500E-01
  1.44185E-01  2.48915E-01  3.26000E-01  4.02360E-01  5.07035E-01       1.73260E-03  8.12740E-01
  1.52105E-01  2.53035E-01  3.24830E-01  3.94640E-01  4.89550E-01       3.03020E-03  7.85990E-01
  1.48585E-01  2.44145E-01  3.09275E-01  3.73525E-01  4.60360E-01       2.54240E-03  7.05930E-01
  1.29235E-01  2.10075E-01  2.67355E-01  3.23405E-01  4.01945E-01       3.01440E-03  6.69360E-01

  8.02240E-01  9.19528E-01  9.63375E-01  9.88003E-01  9.98757E-01       1.48710E-01  1.00000E+00
  7.89772E-01  9.21493E-01  9.67358E-01  9.89265E-01  9.99010E-01       6.58720E-02  1.00000E+00
  8.01772E-01  9.22357E-01  9.64945E-01  9.88725E-01  9.98795E-01      -1.16630E-01  1.00000E+00
  7.95465E-01  9.18087E-01  9.64360E-01  9.88773E-01  9.98683E-01       1.01330E-01  1.00000E+00
  8.00168E-01  9.18150E-01  9.63405E-01  9.88577E-01  9.98958E-01       8.77720E-02  1.00000E+00
  8.32163E-01  9.34173E-01  9.71132E-01  9.90840E-01  9.98945E-01       8.65400E-02  1.00000E+00
  8.30705E-01  9.33562E-01  9.72128E-01  9.91180E-01  9.99095E-01       3.08360E-01  1.00000E+00
  8.42318E-01  9.34965E-01  9.71117E-01  9.90777E-01  9.98993E-01       2.40230E-01  1.00000E+00
  8.44342E-01  9.35680E-01  9.72612E-01  9.91040E-01  9.99157E-01       2.77050E-01  1.00000E+00
  8.37418E-01  9.36193E-01  9.72012E-01  9.90687E-01  9.98927E-01       7.33950E-02  1.00000E+00
  8.62868E-01  9.43912E-01  9.74947E-01  9.92117E-01  9.99140E-01       3.70240E-01  1.00000E+00
  8.64993E-01  9.43645E-01  9.76418E-01  9.92123E-01  9.99197E-01       4.16820E-01  1.00000E+00
  8.68235E-01  9.46083E-01  9.77108E-01  9.92627E-01  9.99280E-01       2.71490E-01  1.00000E+00
  8.68280E-01  9.44980E-01  9.77282E-01  9.92698E-01  9.99195E-01       4.52600E-01  1.00000E+00
  8.63897E-01  9.44575E-01  9.77032E-01  9.92295E-01  9.99260E-01       4.23380E-01  1.00000E+00
  8.92567E-01  9.58255E-01  9.81577E-01  9.93472E-01  9.99305E-01       5.21050E-01  1.00000E+00
  8.93027E-01  9.58530E-01  9.81567E-01  9.94152E-01  9.99323E-01       4.91690E-01  1.00000E+00
  8.91198E-01  9.55388E-01  9.80175E-01  9.93548E-01  9.99313E-01       3.71090E-01  1.00000E+00
  8.90575E-01  9.57540E-01  9.82040E-01  9.94350E-01  9.99370E-01       5.46070E-01  1.00000E+00
  8.99983E-01  9.59672E-01  9.83258E-01  9.94350E-01  9.99408E-01       4.61160E-01  1.00000E+00
  9.28410E-01  9.71903E-01  9.88143E-01  9.96097E-01  9.99582E-01       5.88280E-01  1.00000E+00
  9.22937E-01  9.70530E-01  9.87400E-01  9.95713E-01  9.99547E-01       6.61650E-01  1.00000E+00
  9.26510E-01  9.71577E-01  9.87627E-01  9.95903E-01  9.99607E-01       6.71690E-01  1.00000E+00
  9.25582E-01  9.69605E-01  9.87857E-01  9.96037E-01  9.99618E-01       5.63370E-01  1.00000E+00
  9.28355E-01  9.70312E-01  9.87290E-01  9.95580E-01  9.99512E-01       5.83610E-01  1.00000E+00


   24.  52.00    6.  12.01  2.00E+02  7.00E+01  3.76E-01  1.25E-01     5   0.00

  2.31520E+01  4.47530E+01  6.49270E+01  8.57130E+01  1.11930E+02       6.86760E-01  1.63610E+02

  1.28700E-01  2.26300E-01  3.00280E-01  3.74545E-01  4.77935E-01       9.00830E-04  8.46630E-01
  1.36065E-01  2.28890E-01  2.95555E-01  3.59930E-01  4.48745E-01       4.07840E-04  7.85490E-01
  1.31085E-01  2.17605E-01  2.78015E-01  3.36425E-01  4.17320E-01       1.22350E-03  6.85510E-01
  1.18195E-01  1.94950E-01  2.49540E-01  3.02450E-01  3.74835E-01       1.21080E-03  6.38660E-01
  8.85705E-02  1.49475E-01  1.95105E-01  2.40355E-01  3.04315E-01       1.10340E-03  5.58060E-01

  8.33725E-01  9.32005E-01  9.70530E-01  9.90578E-01  9.98965E-01      -2.14560E-01  1.00000E+00
  8.33795E-01  9.32340E-01  9.70973E-01  9.90510E-01  9.98945E-01       2.99380E-03  1.00000E+00
  8.31798E-01  9.33277E-01  9.71795E-01  9.90667E-01  9.99000E-01       1.54420E-01  1.00000E+00
  8.31660E-01  9.31240E-01  9.70958E-01  9.90555E-01  9.99010E-01       1.28810E-01  1.00000E+00
  8.31690E-01  9.32075E-01  9.71045E-01  9.90363E-01  9.98950E-01       3.17530E-02  1.00000E+00
  8.83422E-01  9.54125E-01  9.80723E-01  9.93622E-01  9.99335E-01       3.23000E-01  1.00000E+00
  8.81180E-01  9.52773E-01  9.79995E-01  9.93530E-01  9.99315E-01       3.13920E-01  1.00000E+00
  8.79555E-01  9.52322E-01  9.79545E-01  9.93263E-01  9.99290E-01       3.33000E-01  1.00000E+00
  8.80658E-01  9.51480E-01  9.79273E-01  9.93120E-01  9.99287E-01       3.95400E-01  1.00000E+00
  8.79908E-01  9.51407E-01  9.79283E-01  9.93067E-01  9.99227E-01       4.01980E-01  1.00000E+00
  9.11345E-01  9.64830E-01  9.85272E-01  9.95232E-01  9.99485E-01       4.84390E-01  1.00000E+00
  9.09525E-01  9.63170E-01  9.84527E-01  9.94887E-01  9.99462E-01       4.75660E-01  1.00000E+00
  9.07738E-01  9.63132E-01  9.84160E-01  9.94842E-01  9.99435E-01       5.37450E-01  1.00000E+00
  9.08597E-01  9.62647E-01  9.84190E-01  9.94842E-01  9.99430E-01       5.31060E-01  1.00000E+00
  9.11628E-01  9.64122E-01  9.84720E-01  9.94935E-01  9.99460E-01       5.46680E-01  1.00000E+00
  9.34625E-01  9.73982E-01  9.88835E-01  9.96385E-01  9.99628E-01       5.82400E-01  1.00000E+00
  9.32245E-01  9.72150E-01  9.88245E-01  9.96172E-01  9.99605E-01       6.51650E-01  1.00000E+00
  9.31885E-01  9.72545E-01  9.88252E-01  9.96195E-01  9.99572E-01       5.77150E-01  1.00000E+00
  9.33125E-01  9.72447E-01  9.88310E-01  9.96103E-01  9.99578E-01       6.13410E-01  1.00000E+00
  9.36180E-01  9.74005E-01  9.89003E-01  9.96445E-01  9.99587E-01       6.15710E-01  1.00000E+00
  9.61255E-01  9.84472E-01  9.93312E-01  9.97845E-01  9.99760E-01       7.05720E-01  1.00000E+00
  9.59588E-01  9.83657E-01  9.93108E-01  9.97808E-01  9.99780E-01       7.58250E-01  1.00000E+00
  9.59327E-01  9.83975E-01  9.93200E-01  9.97805E-01  9.99760E-01       7.52680E-01  1.00000E+00
  9.59377E-01  9.83635E-01  9.93080E-01  9.97748E-01  9.99743E-01       7.64660E-01  1.00000E+00
  9.60952E-01  9.84465E-01  9.93400E-01  9.97805E-01  9.99760E-01       7.59280E-01  1.00000E+00


   24.  52.00    6.  12.01  2.00E+02  8.00E+01  8.66E-01  4.88E-01     5   0.00

  5.65680E+01  9.57730E+01  1.19580E+02  1.38120E+02  1.56430E+02       1.55890E+00  1.84870E+02

  1.10580E-01  1.93915E-01  2.57350E-01  3.20600E-01  4.07915E-01       4.75330E-04  8.34490E-01
  1.00847E-01  1.75185E-01  2.30215E-01  2.84195E-01  3.58285E-01       4.45810E-05  6.53650E-01
  8.94590E-02  1.54935E-01  2.03485E-01  2.51405E-01  3.16675E-01       1.55970E-04  5.55690E-01
  7.56820E-02  1.31395E-01  1.73435E-01  2.15160E-01  2.72360E-01       4.35920E-04  4.79750E-01
  5.34600E-02  9.50945E-02  1.27805E-01  1.61140E-01  2.08760E-01       1.51870E-04  4.09920E-01

  9.02645E-01  9.62352E-01  9.84208E-01  9.94932E-01  9.99443E-01       1.81090E-01  1.00000E+00
  8.99868E-01  9.61002E-01  9.83607E-01  9.94720E-01  9.99445E-01       2.19480E-01  1.00000E+00
  8.96130E-01  9.59680E-01  9.83140E-01  9.94493E-01  9.99390E-01      -9.83230E-02  1.00000E+00
  8.94025E-01  9.58015E-01  9.82207E-01  9.94330E-01  9.99398E-01       2.25150E-01  1.00000E+00
  8.89270E-01  9.55603E-01  9.81280E-01  9.93920E-01  9.99363E-01       1.94580E-01  1.00000E+00
  9.45863E-01  9.78835E-01  9.91163E-01  9.97143E-01  9.99700E-01       6.52660E-01  1.00000E+00
  9.42710E-01  9.77157E-01  9.90517E-01  9.97000E-01  9.99680E-01       5.97470E-01  1.00000E+00
  9.40472E-01  9.75888E-01  9.89858E-01  9.96720E-01  9.99650E-01       6.29040E-01  1.00000E+00
  9.39988E-01  9.75435E-01  9.89633E-01  9.96613E-01  9.99635E-01       6.20670E-01  1.00000E+00
  9.41640E-01  9.76322E-01  9.89840E-01  9.96638E-01  9.99640E-01       6.69920E-01  1.00000E+00
  9.62023E-01  9.84950E-01  9.93642E-01  9.97915E-01  9.99780E-01       7.70760E-01  1.00000E+00
  9.59925E-01  9.83860E-01  9.93170E-01  9.97785E-01  9.99765E-01       7.46720E-01  1.00000E+00
  9.58982E-01  9.83160E-01  9.92887E-01  9.97693E-01  9.99757E-01       6.95270E-01  1.00000E+00
  9.59362E-01  9.83420E-01  9.93020E-01  9.97705E-01  9.99738E-01       7.67480E-01  1.00000E+00
  9.62128E-01  9.84557E-01  9.93430E-01  9.97883E-01  9.99765E-01       7.63760E-01  1.00000E+00
  9.73803E-01  9.89462E-01  9.95550E-01  9.98532E-01  9.99842E-01       8.21680E-01  1.00000E+00
  9.72295E-01  9.88790E-01  9.95245E-01  9.98455E-01  9.99837E-01       8.46390E-01  1.00000E+00
  9.72027E-01  9.88595E-01  9.95147E-01  9.98400E-01  9.99825E-01       8.40280E-01  1.00000E+00
  9.72367E-01  9.88630E-01  9.95147E-01  9.98448E-01  9.99830E-01       8.07100E-01  1.00000E+00
  9.74468E-01  9.89630E-01  9.95480E-01  9.98505E-01  9.99840E-01       8.34200E-01  1.00000E+00
  9.84170E-01  9.93793E-01  9.97400E-01  9.99155E-01  9.99910E-01       9.00070E-01  1.00000E+00
  9.84145E-01  9.93600E-01  9.97280E-01  9.99115E-01  9.99910E-01       8.79000E-01  1.00000E+00
  9.83905E-01  9.93527E-01  9.97235E-01  9.99100E-01  9.99905E-01       8.63850E-01  1.00000E+00
  9.84097E-01  9.93590E-01  9.97250E-01  9.99113E-01  9.99903E-01       8.70310E-01  1.00000E+00
  9.84450E-01  9.93797E-01  9.97367E-01  9.99142E-01  9.99908E-01       8.92750E-01  1.00000E+00


   24.  52.00    6.  12.01  2.00E+02  8.50E+01  9.53E-01  6.36E-01     5   0.00

  8.31160E+01  1.21550E+02  1.41730E+02  1.56490E+02  1.70250E+02       2.70780E+00  1.88720E+02

  8.73645E-02  1.58030E-01  2.15045E-01  2.73490E-01  3.55290E-01       5.70830E-04  7.51270E-01
  7.75570E-02  1.39535E-01  1.88570E-01  2.38000E-01  3.06280E-01       7.52180E-04  5.68210E-01
  6.96980E-02  1.24385E-01  1.67140E-01  2.10165E-01  2.69285E-01       5.10400E-05  4.88410E-01
  5.97785E-02  1.06090E-01  1.42545E-01  1.79145E-01  2.29600E-01       1.34740E-04  4.17570E-01
  4.26275E-02  7.64005E-02  1.03659E-01  1.31960E-01  1.72515E-01       1.68730E-04  3.39010E-01

  9.38895E-01  9.76610E-01  9.90375E-01  9.96838E-01  9.99652E-01       4.53630E-01  1.00000E+00
  9.36112E-01  9.75455E-01  9.89760E-01  9.96705E-01  9.99655E-01       1.26620E-01  1.00000E+00
  9.32382E-01  9.74023E-01  9.89235E-01  9.96530E-01  9.99645E-01       3.38190E-01  1.00000E+00
  9.30047E-01  9.72328E-01  9.88355E-01  9.96190E-01  9.99595E-01       2.59890E-01  1.00000E+00
  9.25505E-01  9.70630E-01  9.87563E-01  9.95945E-01  9.99595E-01       1.73460E-01  1.00000E+00
  9.67800E-01  9.87340E-01  9.94627E-01  9.98243E-01  9.99815E-01       7.75050E-01  1.00000E+00
  9.66295E-01  9.86670E-01  9.94335E-01  9.98152E-01  9.99803E-01       7.83950E-01  1.00000E+00
  9.64827E-01  9.85962E-01  9.94075E-01  9.98067E-01  9.99795E-01       7.21050E-01  1.00000E+00
  9.63752E-01  9.85202E-01  9.93785E-01  9.97977E-01  9.99783E-01       7.61140E-01  1.00000E+00
  9.64647E-01  9.85553E-01  9.93850E-01  9.98010E-01  9.99780E-01       7.79740E-01  1.00000E+00
  9.77428E-01  9.90978E-01  9.96190E-01  9.98752E-01  9.99868E-01       8.62790E-01  1.00000E+00
  9.76522E-01  9.90590E-01  9.95977E-01  9.98692E-01  9.99860E-01       8.50180E-01  1.00000E+00
  9.75735E-01  9.90170E-01  9.95803E-01  9.98650E-01  9.99860E-01       8.33490E-01  1.00000E+00
  9.75670E-01  9.90040E-01  9.95762E-01  9.98620E-01  9.99855E-01       8.58780E-01  1.00000E+00
  9.76660E-01  9.90605E-01  9.96015E-01  9.98695E-01  9.99860E-01       8.61290E-01  1.00000E+00
  9.84050E-01  9.93587E-01  9.97253E-01  9.99092E-01  9.99905E-01       8.74690E-01  1.00000E+00
  9.83305E-01  9.93293E-01  9.97135E-01  9.99062E-01  9.99900E-01       8.88270E-01  1.00000E+00
  9.83167E-01  9.93220E-01  9.97125E-01  9.99043E-01  9.99897E-01       8.92820E-01  1.00000E+00
  9.83362E-01  9.93330E-01  9.97155E-01  9.99075E-01  9.99902E-01       9.00710E-01  1.00000E+00
  9.84577E-01  9.93762E-01  9.97317E-01  9.99120E-01  9.99908E-01       8.74900E-01  1.00000E+00
  9.90645E-01  9.96270E-01  9.98428E-01  9.99493E-01  9.99945E-01       9.36880E-01  1.00000E+00
  9.90542E-01  9.96165E-01  9.98363E-01  9.99475E-01  9.99942E-01       9.19200E-01  1.00000E+00
  9.90350E-01  9.96110E-01  9.98365E-01  9.99475E-01  9.99945E-01       9.28740E-01  1.00000E+00
  9.90370E-01  9.96117E-01  9.98343E-01  9.99465E-01  9.99945E-01       9.27850E-01  1.00000E+00
  9.90637E-01  9.96273E-01  9.98433E-01  9.99485E-01  9.99945E-01       9.20910E-01  1.00000E+00


   24.  52.00    6.  12.01  5.00E+02  0.00E+00  0.00E+00  0.00E+00     5   0.00

  0.00000E+00  0.00000E+00  0.00000E+00  0.00000E+00  0.00000E+00       0.00000E+00  0.00000E+00

  0.00000E+00  0.00000E+00  0.00000E+00  0.00000E+00  0.00000E+00       0.00000E+00  0.00000E+00
  0.00000E+00  0.00000E+00  0.00000E+00  0.00000E+00  0.00000E+00       0.00000E+00  0.00000E+00
  0.00000E+00  0.00000E+00  0.00000E+00  0.00000E+00  0.00000E+00       0.00000E+00  0.00000E+00
  0.00000E+00  0.00000E+00  0.00000E+00  0.00000E+00  0.00000E+00       0.00000E+00  0.00000E+00
  0.00000E+00  0.00000E+00  0.00000E+00  0.00000E+00  0.00000E+00       0.00000E+00  0.00000E+00

  0.00000E+00  0.00000E+00  0.00000E+00  0.00000E+00  0.00000E+00       0.00000E+00  0.00000E+00
  0.00000E+00  0.00000E+00  0.00000E+00  0.00000E+00  0.00000E+00       0.00000E+00  0.00000E+00
  0.00000E+00  0.00000E+00  0.00000E+00  0.00000E+00  0.00000E+00       0.00000E+00  0.00000E+00
  0.00000E+00  0.00000E+00  0.00000E+00  0.00000E+00  0.00000E+00       0.00000E+00  0.00000E+00
  0.00000E+00  0.00000E+00  0.00000E+00  0.00000E+00  0.00000E+00       0.00000E+00  0.00000E+00
  0.00000E+00  0.00000E+00  0.00000E+00  0.00000E+00  0.00000E+00       0.00000E+00  0.00000E+00
  0.00000E+00  0.00000E+00  0.00000E+00  0.00000E+00  0.00000E+00       0.00000E+00  0.00000E+00
  0.00000E+00  0.00000E+00  0.00000E+00  0.00000E+00  0.00000E+00       0.00000E+00  0.00000E+00
  0.00000E+00  0.00000E+00  0.00000E+00  0.00000E+00  0.00000E+00       0.00000E+00  0.00000E+00
  0.00000E+00  0.00000E+00  0.00000E+00  0.00000E+00  0.00000E+00       0.00000E+00  0.00000E+00
  0.00000E+00  0.00000E+00  0.00000E+00  0.00000E+00  0.00000E+00       0.00000E+00  0.00000E+00
  0.00000E+00  0.00000E+00  0.00000E+00  0.00000E+00  0.00000E+00       0.00000E+00  0.00000E+00
  0.00000E+00  0.00000E+00  0.00000E+00  0.00000E+00  0.00000E+00       0.00000E+00  0.00000E+00
  0.00000E+00  0.00000E+00  0.00000E+00  0.00000E+00  0.00000E+00       0.00000E+00  0.00000E+00
  0.00000E+00  0.00000E+00  0.00000E+00  0.00000E+00  0.00000E+00       0.00000E+00  0.00000E+00
  0.00000E+00  0.00000E+00  0.00000E+00  0.00000E+00  0.00000E+00       0.00000E+00  0.00000E+00
  0.00000E+00  0.00000E+00  0.00000E+00  0.00000E+00  0.00000E+00       0.00000E+00  0.00000E+00
  0.00000E+00  0.00000E+00  0.00000E+00  0.00000E+00  0.00000E+00       0.00000E+00  0.00000E+00
  0.00000E+00  0.00000E+00  0.00000E+00  0.00000E+00  0.00000E+00       0.00000E+00  0.00000E+00
  0.00000E+00  0.00000E+00  0.00000E+00  0.00000E+00  0.00000E+00       0.00000E+00  0.00000E+00
  0.00000E+00  0.00000E+00  0.00000E+00  0.00000E+00  0.00000E+00       0.00000E+00  0.00000E+00
  0.00000E+00  0.00000E+00  0.00000E+00  0.00000E+00  0.00000E+00       0.00000E+00  0.00000E+00
  0.00000E+00  0.00000E+00  0.00000E+00  0.00000E+00  0.00000E+00       0.00000E+00  0.00000E+00
  0.00000E+00  0.00000E+00  0.00000E+00  0.00000E+00  0.00000E+00       0.00000E+00  0.00000E+00
  0.00000E+00  0.00000E+00  0.00000E+00  0.00000E+00  0.00000E+00       0.00000E+00  0.00000E+00


   24.  52.00    6.  12.01  5.00E+02  3.00E+01  0.00E+00  0.00E+00     5   0.00

  0.00000E+00  0.00000E+00  0.00000E+00  0.00000E+00  0.00000E+00       0.00000E+00  0.00000E+00

  0.00000E+00  0.00000E+00  0.00000E+00  0.00000E+00  0.00000E+00       0.00000E+00  0.00000E+00
  0.00000E+00  0.00000E+00  0.00000E+00  0.00000E+00  0.00000E+00       0.00000E+00  0.00000E+00
  0.00000E+00  0.00000E+00  0.00000E+00  0.00000E+00  0.00000E+00       0.00000E+00  0.00000E+00
  0.00000E+00  0.00000E+00  0.00000E+00  0.00000E+00  0.00000E+00       0.00000E+00  0.00000E+00
  0.00000E+00  0.00000E+00  0.00000E+00  0.00000E+00  0.00000E+00       0.00000E+00  0.00000E+00

  0.00000E+00  0.00000E+00  0.00000E+00  0.00000E+00  0.00000E+00       0.00000E+00  0.00000E+00
  0.00000E+00  0.00000E+00  0.00000E+00  0.00000E+00  0.00000E+00       0.00000E+00  0.00000E+00
  0.00000E+00  0.00000E+00  0.00000E+00  0.00000E+00  0.00000E+00       0.00000E+00  0.00000E+00
  0.00000E+00  0.00000E+00  0.00000E+00  0.00000E+00  0.00000E+00       0.00000E+00  0.00000E+00
  0.00000E+00  0.00000E+00  0.00000E+00  0.00000E+00  0.00000E+00       0.00000E+00  0.00000E+00
  0.00000E+00  0.00000E+00  0.00000E+00  0.00000E+00  0.00000E+00       0.00000E+00  0.00000E+00
  0.00000E+00  0.00000E+00  0.00000E+00  0.00000E+00  0.00000E+00       0.00000E+00  0.00000E+00
  0.00000E+00  0.00000E+00  0.00000E+00  0.00000E+00  0.00000E+00       0.00000E+00  0.00000E+00
  0.00000E+00  0.00000E+00  0.00000E+00  0.00000E+00  0.00000E+00       0.00000E+00  0.00000E+00
  0.00000E+00  0.00000E+00  0.00000E+00  0.00000E+00  0.00000E+00       0.00000E+00  0.00000E+00
  0.00000E+00  0.00000E+00  0.00000E+00  0.00000E+00  0.00000E+00       0.00000E+00  0.00000E+00
  0.00000E+00  0.00000E+00  0.00000E+00  0.00000E+00  0.00000E+00       0.00000E+00  0.00000E+00
  0.00000E+00  0.00000E+00  0.00000E+00  0.00000E+00  0.00000E+00       0.00000E+00  0.00000E+00
  0.00000E+00  0.00000E+00  0.00000E+00  0.00000E+00  0.00000E+00       0.00000E+00  0.00000E+00
  0.00000E+00  0.00000E+00  0.00000E+00  0.00000E+00  0.00000E+00       0.00000E+00  0.00000E+00
  0.00000E+00  0.00000E+00  0.00000E+00  0.00000E+00  0.00000E+00       0.00000E+00  0.00000E+00
  0.00000E+00  0.00000E+00  0.00000E+00  0.00000E+00  0.00000E+00       0.00000E+00  0.00000E+00
  0.00000E+00  0.00000E+00  0.00000E+00  0.00000E+00  0.00000E+00       0.00000E+00  0.00000E+00
  0.00000E+00  0.00000E+00  0.00000E+00  0.00000E+00  0.00000E+00       0.00000E+00  0.00000E+00
  0.00000E+00  0.00000E+00  0.00000E+00  0.00000E+00  0.00000E+00       0.00000E+00  0.00000E+00
  0.00000E+00  0.00000E+00  0.00000E+00  0.00000E+00  0.00000E+00       0.00000E+00  0.00000E+00
  0.00000E+00  0.00000E+00  0.00000E+00  0.00000E+00  0.00000E+00       0.00000E+00  0.00000E+00
  0.00000E+00  0.00000E+00  0.00000E+00  0.00000E+00  0.00000E+00       0.00000E+00  0.00000E+00
  0.00000E+00  0.00000E+00  0.00000E+00  0.00000E+00  0.00000E+00       0.00000E+00  0.00000E+00
  0.00000E+00  0.00000E+00  0.00000E+00  0.00000E+00  0.00000E+00       0.00000E+00  0.00000E+00


   24.  52.00    6.  12.01  5.00E+02  4.50E+01  0.00E+00  0.00E+00     5   0.00

  0.00000E+00  0.00000E+00  0.00000E+00  0.00000E+00  0.00000E+00       0.00000E+00  0.00000E+00

  0.00000E+00  0.00000E+00  0.00000E+00  0.00000E+00  0.00000E+00       0.00000E+00  0.00000E+00
  0.00000E+00  0.00000E+00  0.00000E+00  0.00000E+00  0.00000E+00       0.00000E+00  0.00000E+00
  0.00000E+00  0.00000E+00  0.00000E+00  0.00000E+00  0.00000E+00       0.00000E+00  0.00000E+00
  0.00000E+00  0.00000E+00  0.00000E+00  0.00000E+00  0.00000E+00       0.00000E+00  0.00000E+00
  0.00000E+00  0.00000E+00  0.00000E+00  0.00000E+00  0.00000E+00       0.00000E+00  0.00000E+00

  0.00000E+00  0.00000E+00  0.00000E+00  0.00000E+00  0.00000E+00       0.00000E+00  0.00000E+00
  0.00000E+00  0.00000E+00  0.00000E+00  0.00000E+00  0.00000E+00       0.00000E+00  0.00000E+00
  0.00000E+00  0.00000E+00  0.00000E+00  0.00000E+00  0.00000E+00       0.00000E+00  0.00000E+00
  0.00000E+00  0.00000E+00  0.00000E+00  0.00000E+00  0.00000E+00       0.00000E+00  0.00000E+00
  0.00000E+00  0.00000E+00  0.00000E+00  0.00000E+00  0.00000E+00       0.00000E+00  0.00000E+00
  0.00000E+00  0.00000E+00  0.00000E+00  0.00000E+00  0.00000E+00       0.00000E+00  0.00000E+00
  0.00000E+00  0.00000E+00  0.00000E+00  0.00000E+00  0.00000E+00       0.00000E+00  0.00000E+00
  0.00000E+00  0.00000E+00  0.00000E+00  0.00000E+00  0.00000E+00       0.00000E+00  0.00000E+00
  0.00000E+00  0.00000E+00  0.00000E+00  0.00000E+00  0.00000E+00       0.00000E+00  0.00000E+00
  0.00000E+00  0.00000E+00  0.00000E+00  0.00000E+00  0.00000E+00       0.00000E+00  0.00000E+00
  0.00000E+00  0.00000E+00  0.00000E+00  0.00000E+00  0.00000E+00       0.00000E+00  0.00000E+00
  0.00000E+00  0.00000E+00  0.00000E+00  0.00000E+00  0.00000E+00       0.00000E+00  0.00000E+00
  0.00000E+00  0.00000E+00  0.00000E+00  0.00000E+00  0.00000E+00       0.00000E+00  0.00000E+00
  0.00000E+00  0.00000E+00  0.00000E+00  0.00000E+00  0.00000E+00       0.00000E+00  0.00000E+00
  0.00000E+00  0.00000E+00  0.00000E+00  0.00000E+00  0.00000E+00       0.00000E+00  0.00000E+00
  0.00000E+00  0.00000E+00  0.00000E+00  0.00000E+00  0.00000E+00       0.00000E+00  0.00000E+00
  0.00000E+00  0.00000E+00  0.00000E+00  0.00000E+00  0.00000E+00       0.00000E+00  0.00000E+00
  0.00000E+00  0.00000E+00  0.00000E+00  0.00000E+00  0.00000E+00       0.00000E+00  0.00000E+00
  0.00000E+00  0.00000E+00  0.00000E+00  0.00000E+00  0.00000E+00       0.00000E+00  0.00000E+00
  0.00000E+00  0.00000E+00  0.00000E+00  0.00000E+00  0.00000E+00       0.00000E+00  0.00000E+00
  0.00000E+00  0.00000E+00  0.00000E+00  0.00000E+00  0.00000E+00       0.00000E+00  0.00000E+00
  0.00000E+00  0.00000E+00  0.00000E+00  0.00000E+00  0.00000E+00       0.00000E+00  0.00000E+00
  0.00000E+00  0.00000E+00  0.00000E+00  0.00000E+00  0.00000E+00       0.00000E+00  0.00000E+00
  0.00000E+00  0.00000E+00  0.00000E+00  0.00000E+00  0.00000E+00       0.00000E+00  0.00000E+00
  0.00000E+00  0.00000E+00  0.00000E+00  0.00000E+00  0.00000E+00       0.00000E+00  0.00000E+00


   24.  52.00    6.  12.01  5.00E+02  6.00E+01  4.02E-02  5.15E-03     5   0.00

  1.14490E+01  2.67280E+01  4.79790E+01  8.09610E+01  1.43700E+02       3.19720E-01  3.16560E+02

  1.83235E-01  3.16110E-01  4.15890E-01  5.18755E-01  6.59000E-01       9.95740E-04  9.72190E-01
  2.19755E-01  3.45745E-01  4.32720E-01  5.17180E-01  6.34680E-01       4.05670E-03  9.48360E-01
  2.43980E-01  3.53335E-01  4.26970E-01  5.00630E-01  6.02620E-01       2.69280E-03  8.92930E-01
  2.42165E-01  3.36915E-01  4.00525E-01  4.64085E-01  5.57350E-01       9.99010E-03  8.49100E-01
  2.13225E-01  2.88335E-01  3.40650E-01  3.95265E-01  4.74570E-01       1.23760E-02  7.99010E-01

  7.25812E-01  8.84827E-01  9.48593E-01  9.84372E-01  9.98293E-01      -1.42000E-01  1.00000E+00
  7.09200E-01  8.82537E-01  9.48588E-01  9.82943E-01  9.98465E-01      -1.07490E-01  1.00000E+00
  7.00197E-01  8.75927E-01  9.49020E-01  9.83630E-01  9.97870E-01      -5.45380E-02  1.00000E+00
  6.99055E-01  8.74908E-01  9.47788E-01  9.83550E-01  9.98440E-01      -3.84470E-01  1.00000E+00
  6.81955E-01  8.72877E-01  9.43875E-01  9.81745E-01  9.98028E-01      -4.75230E-01  1.00000E+00
  7.70070E-01  9.05277E-01  9.61630E-01  9.87610E-01  9.98655E-01       2.19830E-01  1.00000E+00
  7.74097E-01  9.10330E-01  9.62860E-01  9.87420E-01  9.98725E-01      -2.10080E-02  1.00000E+00
  7.70780E-01  9.02703E-01  9.59505E-01  9.87550E-01  9.98430E-01       1.75200E-01  1.00000E+00
  7.64317E-01  9.03080E-01  9.56885E-01  9.85475E-01  9.98290E-01      -1.49070E-01  1.00000E+00
  7.48243E-01  8.93683E-01  9.54562E-01  9.85025E-01  9.98307E-01      -6.09900E-02  1.00000E+00
  8.20762E-01  9.28083E-01  9.68735E-01  9.88912E-01  9.98610E-01       3.58060E-01  9.99990E-01
  8.12710E-01  9.23852E-01  9.67732E-01  9.90083E-01  9.98927E-01       2.05700E-01  1.00000E+00
  8.04180E-01  9.26268E-01  9.69480E-01  9.90108E-01  9.98888E-01       1.91480E-01  1.00000E+00
  8.12595E-01  9.22793E-01  9.66735E-01  9.89017E-01  9.98830E-01       5.16540E-02  1.00000E+00
  7.90515E-01  9.16558E-01  9.64867E-01  9.88703E-01  9.98868E-01       1.72390E-01  1.00000E+00
  8.64898E-01  9.44210E-01  9.75152E-01  9.91963E-01  9.99005E-01       3.86610E-01  1.00000E+00
  8.46827E-01  9.38085E-01  9.75348E-01  9.92163E-01  9.99158E-01       3.72720E-01  1.00000E+00
  8.60725E-01  9.42333E-01  9.75735E-01  9.91750E-01  9.99078E-01       3.85450E-01  1.00000E+00
  8.41603E-01  9.36115E-01  9.73513E-01  9.91308E-01  9.99122E-01       7.76370E-02  1.00000E+00
  8.54440E-01  9.37715E-01  9.73500E-01  9.90877E-01  9.98982E-01       3.58900E-01  1.00000E+00
  9.08548E-01  9.65820E-01  9.85590E-01  9.95618E-01  9.99553E-01       5.73980E-01  1.00000E+00
  9.08460E-01  9.63107E-01  9.84360E-01  9.94810E-01  9.99443E-01       5.69060E-01  1.00000E+00
  9.09030E-01  9.61390E-01  9.84215E-01  9.94855E-01  9.99390E-01       4.82510E-01  1.00000E+00
  9.07332E-01  9.62362E-01  9.83900E-01  9.94905E-01  9.99470E-01       5.29130E-01  1.00000E+00
  9.06373E-01  9.59958E-01  9.83328E-01  9.94568E-01  9.99375E-01       6.08560E-01  1.00000E+00


   24.  52.00    6.  12.01  5.00E+02  7.00E+01  2.91E-01  8.68E-02     5   0.00

  2.93650E+01  8.10590E+01  1.39700E+02  2.04430E+02  2.83300E+02       6.03990E-01  4.26520E+02

  1.86010E-01  3.02285E-01  3.83990E-01  4.64150E-01  5.77525E-01       1.41890E-03  9.41310E-01
  2.06325E-01  2.98565E-01  3.61105E-01  4.23615E-01  5.12200E-01       2.07040E-04  8.34080E-01
  1.93365E-01  2.71090E-01  3.24565E-01  3.78895E-01  4.57190E-01       1.21810E-03  7.56090E-01
  1.69360E-01  2.37145E-01  2.84705E-01  3.33650E-01  4.03205E-01       4.20730E-03  6.92840E-01
  1.26645E-01  1.82840E-01  2.22950E-01  2.64130E-01  3.25085E-01       1.39600E-03  5.85530E-01

  7.71145E-01  9.07358E-01  9.60605E-01  9.86927E-01  9.98553E-01      -2.61650E-01  1.00000E+00
  7.68800E-01  9.06617E-01  9.60893E-01  9.87197E-01  9.98687E-01      -3.95920E-01  1.00000E+00
  7.70410E-01  9.06833E-01  9.60257E-01  9.87310E-01  9.98560E-01      -3.41010E-01  1.00000E+00
  7.64460E-01  9.03860E-01  9.59275E-01  9.86400E-01  9.98545E-01      -3.40290E-01  1.00000E+00
  7.51897E-01  8.99097E-01  9.56550E-01  9.85480E-01  9.98420E-01      -2.96310E-01  1.00000E+00
  8.53507E-01  9.40995E-01  9.75240E-01  9.91942E-01  9.99163E-01       1.11290E-01  1.00000E+00
  8.50800E-01  9.39582E-01  9.75010E-01  9.91650E-01  9.99132E-01       1.13950E-01  1.00000E+00
  8.44020E-01  9.38338E-01  9.73728E-01  9.91053E-01  9.99118E-01       1.47150E-01  1.00000E+00
  8.45700E-01  9.38477E-01  9.74103E-01  9.91518E-01  9.99100E-01       8.56470E-02  1.00000E+00
  8.42530E-01  9.36128E-01  9.73060E-01  9.91170E-01  9.99058E-01       2.28310E-01  1.00000E+00
  8.94705E-01  9.58510E-01  9.82750E-01  9.94352E-01  9.99418E-01       3.60020E-01  1.00000E+00
  8.92625E-01  9.57187E-01  9.81457E-01  9.94065E-01  9.99362E-01       4.73630E-01  1.00000E+00
  8.88745E-01  9.55958E-01  9.81017E-01  9.93648E-01  9.99345E-01       3.37660E-01  1.00000E+00
  8.90982E-01  9.55288E-01  9.80753E-01  9.93613E-01  9.99365E-01       4.06500E-01  1.00000E+00
  8.90068E-01  9.54710E-01  9.80800E-01  9.93677E-01  9.99302E-01       3.72450E-01  1.00000E+00
  9.28720E-01  9.71257E-01  9.87548E-01  9.95795E-01  9.99543E-01       5.36430E-01  1.00000E+00
  9.24045E-01  9.68812E-01  9.86505E-01  9.95602E-01  9.99518E-01       5.62840E-01  1.00000E+00
  9.22655E-01  9.68520E-01  9.86500E-01  9.95542E-01  9.99517E-01       5.01150E-01  1.00000E+00
  9.25458E-01  9.70120E-01  9.87123E-01  9.95768E-01  9.99537E-01       5.88900E-01  1.00000E+00
  9.25875E-01  9.70328E-01  9.87460E-01  9.95947E-01  9.99572E-01       5.68130E-01  1.00000E+00
  9.62415E-01  9.84990E-01  9.93668E-01  9.97970E-01  9.99790E-01       6.83830E-01  1.00000E+00
  9.57092E-01  9.83023E-01  9.92775E-01  9.97645E-01  9.99745E-01       7.48340E-01  1.00000E+00
  9.56000E-01  9.82375E-01  9.92377E-01  9.97493E-01  9.99718E-01       7.26220E-01  1.00000E+00
  9.56013E-01  9.82322E-01  9.92707E-01  9.97585E-01  9.99740E-01       7.18310E-01  1.00000E+00
  9.56787E-01  9.82890E-01  9.92617E-01  9.97563E-01  9.99748E-01       6.61960E-01  1.00000E+00


   24.  52.00    6.  12.01  5.00E+02  8.00E+01  8.75E-01  5.47E-01     5   0.00

  1.45380E+02  2.72950E+02  3.41220E+02  3.87290E+02  4.26550E+02       1.14710E+00  4.73930E+02

  1.66235E-01  2.44225E-01  2.98650E-01  3.53425E-01  4.32865E-01       1.27040E-03  9.07160E-01
  1.37080E-01  1.98925E-01  2.42435E-01  2.85210E-01  3.46080E-01       4.64910E-04  5.94860E-01
  1.10975E-01  1.66130E-01  2.04260E-01  2.41885E-01  2.94460E-01       3.50680E-04  4.96440E-01
  8.46765E-02  1.32715E-01  1.66105E-01  1.98650E-01  2.44475E-01       2.58370E-04  4.38180E-01
  5.46740E-02  9.06535E-02  1.17270E-01  1.44145E-01  1.82030E-01       1.06460E-04  3.49890E-01

  8.89160E-01  9.58122E-01  9.82535E-01  9.94320E-01  9.99387E-01      -1.10800E-01  1.00000E+00
  8.87615E-01  9.56662E-01  9.82052E-01  9.94182E-01  9.99393E-01      -2.58080E-01  1.00000E+00
  8.83942E-01  9.55210E-01  9.81367E-01  9.94007E-01  9.99370E-01      -2.78710E-01  1.00000E+00
  8.81850E-01  9.53120E-01  9.80160E-01  9.93580E-01  9.99340E-01       1.18640E-01  1.00000E+00
  8.69550E-01  9.48090E-01  9.77835E-01  9.92897E-01  9.99243E-01      -4.75240E-02  1.00000E+00
  9.47935E-01  9.79115E-01  9.91217E-01  9.97180E-01  9.99713E-01       6.14610E-01  1.00000E+00
  9.43230E-01  9.76678E-01  9.89923E-01  9.96715E-01  9.99642E-01       6.35750E-01  1.00000E+00
  9.43785E-01  9.76945E-01  9.90058E-01  9.96708E-01  9.99645E-01       6.71280E-01  1.00000E+00
  9.45070E-01  9.77398E-01  9.90245E-01  9.96740E-01  9.99653E-01       6.67670E-01  1.00000E+00
  9.49460E-01  9.78917E-01  9.91070E-01  9.97058E-01  9.99685E-01       5.80440E-01  1.00000E+00
  9.68322E-01  9.86797E-01  9.94358E-01  9.98095E-01  9.99800E-01       8.12560E-01  1.00000E+00
  9.65225E-01  9.85362E-01  9.93553E-01  9.97875E-01  9.99775E-01       7.56140E-01  1.00000E+00
  9.65697E-01  9.85777E-01  9.93818E-01  9.97973E-01  9.99778E-01       8.07330E-01  1.00000E+00
  9.66487E-01  9.86223E-01  9.94067E-01  9.98040E-01  9.99792E-01       7.95900E-01  1.00000E+00
  9.70147E-01  9.87915E-01  9.94790E-01  9.98293E-01  9.99818E-01       8.03620E-01  1.00000E+00
  9.81042E-01  9.92178E-01  9.96643E-01  9.98890E-01  9.99877E-01       8.63500E-01  1.00000E+00
  9.78827E-01  9.91260E-01  9.96200E-01  9.98748E-01  9.99868E-01       8.84110E-01  1.00000E+00
  9.78883E-01  9.91160E-01  9.96175E-01  9.98727E-01  9.99862E-01       8.54930E-01  1.00000E+00
  9.79660E-01  9.91593E-01  9.96367E-01  9.98812E-01  9.99875E-01       8.72730E-01  1.00000E+00
  9.81345E-01  9.92445E-01  9.96790E-01  9.98943E-01  9.99890E-01       8.83150E-01  1.00000E+00
  9.90443E-01  9.96188E-01  9.98380E-01  9.99475E-01  9.99942E-01       9.23680E-01  1.00000E+00
  9.89570E-01  9.95795E-01  9.98215E-01  9.99415E-01  9.99938E-01       9.24660E-01  1.00000E+00
  9.89110E-01  9.95595E-01  9.98117E-01  9.99383E-01  9.99935E-01       9.19080E-01  1.00000E+00
  9.89048E-01  9.95592E-01  9.98120E-01  9.99385E-01  9.99935E-01       9.19450E-01  1.00000E+00
  9.89635E-01  9.95795E-01  9.98197E-01  9.99405E-01  9.99938E-01       9.27190E-01  1.00000E+00


   24.  52.00    6.  12.01  5.00E+02  8.50E+01  9.93E-01  8.14E-01     5   0.00

  3.27030E+02  4.01180E+02  4.30780E+02  4.49750E+02  4.66030E+02       2.49090E+00  4.86590E+02

  1.14845E-01  1.73770E-01  2.14840E-01  2.55685E-01  3.14150E-01       4.10950E-04  8.81770E-01
  7.39390E-02  1.24530E-01  1.59400E-01  1.92790E-01  2.37835E-01       7.50920E-04  4.16270E-01
  5.80680E-02  9.98340E-02  1.29760E-01  1.58720E-01  1.97845E-01       2.66040E-04  3.49230E-01
  4.63275E-02  8.04170E-02  1.05552E-01  1.30065E-01  1.63305E-01       3.16180E-04  2.92210E-01
  3.13820E-02  5.53890E-02  7.40065E-02  9.31225E-02  1.20175E-01       7.30830E-05  2.36220E-01

  9.66143E-01  9.86290E-01  9.93718E-01  9.97790E-01  9.99750E-01       2.85250E-01  1.00000E+00
  9.62855E-01  9.85505E-01  9.93812E-01  9.97962E-01  9.99775E-01       2.04570E-01  1.00000E+00
  9.62200E-01  9.85053E-01  9.93760E-01  9.97968E-01  9.99787E-01       3.48540E-01  1.00000E+00
  9.60982E-01  9.84668E-01  9.93457E-01  9.97830E-01  9.99765E-01       3.60350E-01  1.00000E+00
  9.54200E-01  9.82790E-01  9.92870E-01  9.97668E-01  9.99755E-01       2.09580E-02  1.00000E+00
  9.85745E-01  9.94025E-01  9.97385E-01  9.99122E-01  9.99905E-01       8.93280E-01  1.00000E+00
  9.83405E-01  9.93175E-01  9.96985E-01  9.99008E-01  9.99892E-01       8.77050E-01  1.00000E+00
  9.83187E-01  9.93108E-01  9.97005E-01  9.99008E-01  9.99895E-01       8.70480E-01  1.00000E+00
  9.83703E-01  9.93320E-01  9.97130E-01  9.99065E-01  9.99897E-01       8.85940E-01  1.00000E+00
  9.85085E-01  9.93885E-01  9.97378E-01  9.99143E-01  9.99915E-01       8.84330E-01  1.00000E+00
  9.90953E-01  9.96297E-01  9.98418E-01  9.99478E-01  9.99945E-01       9.38890E-01  1.00000E+00
  9.89645E-01  9.95733E-01  9.98158E-01  9.99382E-01  9.99933E-01       9.28670E-01  1.00000E+00
  9.89343E-01  9.95617E-01  9.98110E-01  9.99372E-01  9.99930E-01       9.12050E-01  1.00000E+00
  9.89610E-01  9.95752E-01  9.98208E-01  9.99408E-01  9.99935E-01       9.29170E-01  1.00000E+00
  9.90295E-01  9.96120E-01  9.98353E-01  9.99463E-01  9.99943E-01       9.31920E-01  1.00000E+00
  9.93730E-01  9.97445E-01  9.98905E-01  9.99642E-01  9.99960E-01       9.54280E-01  1.00000E+00
  9.92968E-01  9.97182E-01  9.98800E-01  9.99613E-01  9.99955E-01       9.52300E-01  1.00000E+00
  9.92940E-01  9.97138E-01  9.98780E-01  9.99607E-01  9.99955E-01       9.58850E-01  1.00000E+00
  9.93088E-01  9.97182E-01  9.98807E-01  9.99610E-01  9.99957E-01       9.56940E-01  1.00000E+00
  9.93600E-01  9.97415E-01  9.98885E-01  9.99640E-01  9.99960E-01       9.56850E-01  1.00000E+00
  9.96258E-01  9.98517E-01  9.99375E-01  9.99798E-01  9.99975E-01       9.74390E-01  1.00000E+00
  9.96143E-01  9.98447E-01  9.99345E-01  9.99787E-01  9.99975E-01       9.67990E-01  1.00000E+00
  9.95990E-01  9.98398E-01  9.99320E-01  9.99775E-01  9.99975E-01       9.68090E-01  1.00000E+00
  9.96055E-01  9.98410E-01  9.99325E-01  9.99780E-01  9.99975E-01       9.69320E-01  1.00000E+00
  9.96165E-01  9.98447E-01  9.99335E-01  9.99783E-01  9.99975E-01       9.76210E-01  1.00000E+00


   24.  52.00    6.  12.01  1.00E+03  0.00E+00  0.00E+00  0.00E+00     5   0.00

  0.00000E+00  0.00000E+00  0.00000E+00  0.00000E+00  0.00000E+00       0.00000E+00  0.00000E+00

  0.00000E+00  0.00000E+00  0.00000E+00  0.00000E+00  0.00000E+00       0.00000E+00  0.00000E+00
  0.00000E+00  0.00000E+00  0.00000E+00  0.00000E+00  0.00000E+00       0.00000E+00  0.00000E+00
  0.00000E+00  0.00000E+00  0.00000E+00  0.00000E+00  0.00000E+00       0.00000E+00  0.00000E+00
  0.00000E+00  0.00000E+00  0.00000E+00  0.00000E+00  0.00000E+00       0.00000E+00  0.00000E+00
  0.00000E+00  0.00000E+00  0.00000E+00  0.00000E+00  0.00000E+00       0.00000E+00  0.00000E+00

  0.00000E+00  0.00000E+00  0.00000E+00  0.00000E+00  0.00000E+00       0.00000E+00  0.00000E+00
  0.00000E+00  0.00000E+00  0.00000E+00  0.00000E+00  0.00000E+00       0.00000E+00  0.00000E+00
  0.00000E+00  0.00000E+00  0.00000E+00  0.00000E+00  0.00000E+00       0.00000E+00  0.00000E+00
  0.00000E+00  0.00000E+00  0.00000E+00  0.00000E+00  0.00000E+00       0.00000E+00  0.00000E+00
  0.00000E+00  0.00000E+00  0.00000E+00  0.00000E+00  0.00000E+00       0.00000E+00  0.00000E+00
  0.00000E+00  0.00000E+00  0.00000E+00  0.00000E+00  0.00000E+00       0.00000E+00  0.00000E+00
  0.00000E+00  0.00000E+00  0.00000E+00  0.00000E+00  0.00000E+00       0.00000E+00  0.00000E+00
  0.00000E+00  0.00000E+00  0.00000E+00  0.00000E+00  0.00000E+00       0.00000E+00  0.00000E+00
  0.00000E+00  0.00000E+00  0.00000E+00  0.00000E+00  0.00000E+00       0.00000E+00  0.00000E+00
  0.00000E+00  0.00000E+00  0.00000E+00  0.00000E+00  0.00000E+00       0.00000E+00  0.00000E+00
  0.00000E+00  0.00000E+00  0.00000E+00  0.00000E+00  0.00000E+00       0.00000E+00  0.00000E+00
  0.00000E+00  0.00000E+00  0.00000E+00  0.00000E+00  0.00000E+00       0.00000E+00  0.00000E+00
  0.00000E+00  0.00000E+00  0.00000E+00  0.00000E+00  0.00000E+00       0.00000E+00  0.00000E+00
  0.00000E+00  0.00000E+00  0.00000E+00  0.00000E+00  0.00000E+00       0.00000E+00  0.00000E+00
  0.00000E+00  0.00000E+00  0.00000E+00  0.00000E+00  0.00000E+00       0.00000E+00  0.00000E+00
  0.00000E+00  0.00000E+00  0.00000E+00  0.00000E+00  0.00000E+00       0.00000E+00  0.00000E+00
  0.00000E+00  0.00000E+00  0.00000E+00  0.00000E+00  0.00000E+00       0.00000E+00  0.00000E+00
  0.00000E+00  0.00000E+00  0.00000E+00  0.00000E+00  0.00000E+00       0.00000E+00  0.00000E+00
  0.00000E+00  0.00000E+00  0.00000E+00  0.00000E+00  0.00000E+00       0.00000E+00  0.00000E+00
  0.00000E+00  0.00000E+00  0.00000E+00  0.00000E+00  0.00000E+00       0.00000E+00  0.00000E+00
  0.00000E+00  0.00000E+00  0.00000E+00  0.00000E+00  0.00000E+00       0.00000E+00  0.00000E+00
  0.00000E+00  0.00000E+00  0.00000E+00  0.00000E+00  0.00000E+00       0.00000E+00  0.00000E+00
  0.00000E+00  0.00000E+00  0.00000E+00  0.00000E+00  0.00000E+00       0.00000E+00  0.00000E+00
  0.00000E+00  0.00000E+00  0.00000E+00  0.00000E+00  0.00000E+00       0.00000E+00  0.00000E+00
  0.00000E+00  0.00000E+00  0.00000E+00  0.00000E+00  0.00000E+00       0.00000E+00  0.00000E+00


   24.  52.00    6.  12.01  1.00E+03  3.00E+01  0.00E+00  0.00E+00     5   0.00

  0.00000E+00  0.00000E+00  0.00000E+00  0.00000E+00  0.00000E+00       0.00000E+00  0.00000E+00

  0.00000E+00  0.00000E+00  0.00000E+00  0.00000E+00  0.00000E+00       0.00000E+00  0.00000E+00
  0.00000E+00  0.00000E+00  0.00000E+00  0.00000E+00  0.00000E+00       0.00000E+00  0.00000E+00
  0.00000E+00  0.00000E+00  0.00000E+00  0.00000E+00  0.00000E+00       0.00000E+00  0.00000E+00
  0.00000E+00  0.00000E+00  0.00000E+00  0.00000E+00  0.00000E+00       0.00000E+00  0.00000E+00
  0.00000E+00  0.00000E+00  0.00000E+00  0.00000E+00  0.00000E+00       0.00000E+00  0.00000E+00

  0.00000E+00  0.00000E+00  0.00000E+00  0.00000E+00  0.00000E+00       0.00000E+00  0.00000E+00
  0.00000E+00  0.00000E+00  0.00000E+00  0.00000E+00  0.00000E+00       0.00000E+00  0.00000E+00
  0.00000E+00  0.00000E+00  0.00000E+00  0.00000E+00  0.00000E+00       0.00000E+00  0.00000E+00
  0.00000E+00  0.00000E+00  0.00000E+00  0.00000E+00  0.00000E+00       0.00000E+00  0.00000E+00
  0.00000E+00  0.00000E+00  0.00000E+00  0.00000E+00  0.00000E+00       0.00000E+00  0.00000E+00
  0.00000E+00  0.00000E+00  0.00000E+00  0.00000E+00  0.00000E+00       0.00000E+00  0.00000E+00
  0.00000E+00  0.00000E+00  0.00000E+00  0.00000E+00  0.00000E+00       0.00000E+00  0.00000E+00
  0.00000E+00  0.00000E+00  0.00000E+00  0.00000E+00  0.00000E+00       0.00000E+00  0.00000E+00
  0.00000E+00  0.00000E+00  0.00000E+00  0.00000E+00  0.00000E+00       0.00000E+00  0.00000E+00
  0.00000E+00  0.00000E+00  0.00000E+00  0.00000E+00  0.00000E+00       0.00000E+00  0.00000E+00
  0.00000E+00  0.00000E+00  0.00000E+00  0.00000E+00  0.00000E+00       0.00000E+00  0.00000E+00
  0.00000E+00  0.00000E+00  0.00000E+00  0.00000E+00  0.00000E+00       0.00000E+00  0.00000E+00
  0.00000E+00  0.00000E+00  0.00000E+00  0.00000E+00  0.00000E+00       0.00000E+00  0.00000E+00
  0.00000E+00  0.00000E+00  0.00000E+00  0.00000E+00  0.00000E+00       0.00000E+00  0.00000E+00
  0.00000E+00  0.00000E+00  0.00000E+00  0.00000E+00  0.00000E+00       0.00000E+00  0.00000E+00
  0.00000E+00  0.00000E+00  0.00000E+00  0.00000E+00  0.00000E+00       0.00000E+00  0.00000E+00
  0.00000E+00  0.00000E+00  0.00000E+00  0.00000E+00  0.00000E+00       0.00000E+00  0.00000E+00
  0.00000E+00  0.00000E+00  0.00000E+00  0.00000E+00  0.00000E+00       0.00000E+00  0.00000E+00
  0.00000E+00  0.00000E+00  0.00000E+00  0.00000E+00  0.00000E+00       0.00000E+00  0.00000E+00
  0.00000E+00  0.00000E+00  0.00000E+00  0.00000E+00  0.00000E+00       0.00000E+00  0.00000E+00
  0.00000E+00  0.00000E+00  0.00000E+00  0.00000E+00  0.00000E+00       0.00000E+00  0.00000E+00
  0.00000E+00  0.00000E+00  0.00000E+00  0.00000E+00  0.00000E+00       0.00000E+00  0.00000E+00
  0.00000E+00  0.00000E+00  0.00000E+00  0.00000E+00  0.00000E+00       0.00000E+00  0.00000E+00
  0.00000E+00  0.00000E+00  0.00000E+00  0.00000E+00  0.00000E+00       0.00000E+00  0.00000E+00
  0.00000E+00  0.00000E+00  0.00000E+00  0.00000E+00  0.00000E+00       0.00000E+00  0.00000E+00


   24.  52.00    6.  12.01  1.00E+03  4.50E+01  0.00E+00  0.00E+00     5   0.00

  0.00000E+00  0.00000E+00  0.00000E+00  0.00000E+00  0.00000E+00       0.00000E+00  0.00000E+00

  0.00000E+00  0.00000E+00  0.00000E+00  0.00000E+00  0.00000E+00       0.00000E+00  0.00000E+00
  0.00000E+00  0.00000E+00  0.00000E+00  0.00000E+00  0.00000E+00       0.00000E+00  0.00000E+00
  0.00000E+00  0.00000E+00  0.00000E+00  0.00000E+00  0.00000E+00       0.00000E+00  0.00000E+00
  0.00000E+00  0.00000E+00  0.00000E+00  0.00000E+00  0.00000E+00       0.00000E+00  0.00000E+00
  0.00000E+00  0.00000E+00  0.00000E+00  0.00000E+00  0.00000E+00       0.00000E+00  0.00000E+00

  0.00000E+00  0.00000E+00  0.00000E+00  0.00000E+00  0.00000E+00       0.00000E+00  0.00000E+00
  0.00000E+00  0.00000E+00  0.00000E+00  0.00000E+00  0.00000E+00       0.00000E+00  0.00000E+00
  0.00000E+00  0.00000E+00  0.00000E+00  0.00000E+00  0.00000E+00       0.00000E+00  0.00000E+00
  0.00000E+00  0.00000E+00  0.00000E+00  0.00000E+00  0.00000E+00       0.00000E+00  0.00000E+00
  0.00000E+00  0.00000E+00  0.00000E+00  0.00000E+00  0.00000E+00       0.00000E+00  0.00000E+00
  0.00000E+00  0.00000E+00  0.00000E+00  0.00000E+00  0.00000E+00       0.00000E+00  0.00000E+00
  0.00000E+00  0.00000E+00  0.00000E+00  0.00000E+00  0.00000E+00       0.00000E+00  0.00000E+00
  0.00000E+00  0.00000E+00  0.00000E+00  0.00000E+00  0.00000E+00       0.00000E+00  0.00000E+00
  0.00000E+00  0.00000E+00  0.00000E+00  0.00000E+00  0.00000E+00       0.00000E+00  0.00000E+00
  0.00000E+00  0.00000E+00  0.00000E+00  0.00000E+00  0.00000E+00       0.00000E+00  0.00000E+00
  0.00000E+00  0.00000E+00  0.00000E+00  0.00000E+00  0.00000E+00       0.00000E+00  0.00000E+00
  0.00000E+00  0.00000E+00  0.00000E+00  0.00000E+00  0.00000E+00       0.00000E+00  0.00000E+00
  0.00000E+00  0.00000E+00  0.00000E+00  0.00000E+00  0.00000E+00       0.00000E+00  0.00000E+00
  0.00000E+00  0.00000E+00  0.00000E+00  0.00000E+00  0.00000E+00       0.00000E+00  0.00000E+00
  0.00000E+00  0.00000E+00  0.00000E+00  0.00000E+00  0.00000E+00       0.00000E+00  0.00000E+00
  0.00000E+00  0.00000E+00  0.00000E+00  0.00000E+00  0.00000E+00       0.00000E+00  0.00000E+00
  0.00000E+00  0.00000E+00  0.00000E+00  0.00000E+00  0.00000E+00       0.00000E+00  0.00000E+00
  0.00000E+00  0.00000E+00  0.00000E+00  0.00000E+00  0.00000E+00       0.00000E+00  0.00000E+00
  0.00000E+00  0.00000E+00  0.00000E+00  0.00000E+00  0.00000E+00       0.00000E+00  0.00000E+00
  0.00000E+00  0.00000E+00  0.00000E+00  0.00000E+00  0.00000E+00       0.00000E+00  0.00000E+00
  0.00000E+00  0.00000E+00  0.00000E+00  0.00000E+00  0.00000E+00       0.00000E+00  0.00000E+00
  0.00000E+00  0.00000E+00  0.00000E+00  0.00000E+00  0.00000E+00       0.00000E+00  0.00000E+00
  0.00000E+00  0.00000E+00  0.00000E+00  0.00000E+00  0.00000E+00       0.00000E+00  0.00000E+00
  0.00000E+00  0.00000E+00  0.00000E+00  0.00000E+00  0.00000E+00       0.00000E+00  0.00000E+00
  0.00000E+00  0.00000E+00  0.00000E+00  0.00000E+00  0.00000E+00       0.00000E+00  0.00000E+00


   24.  52.00    6.  12.01  1.00E+03  6.00E+01  2.86E-02  2.68E-03     5   0.00

  1.08380E+01  2.88550E+01  5.96980E+01  1.13000E+02  2.31520E+02       6.51710E-02  6.02910E+02

  2.24340E-01  3.75035E-01  4.88150E-01  6.01000E-01  7.54975E-01       6.66040E-03  9.96070E-01
  2.75375E-01  4.11510E-01  5.00620E-01  5.92890E-01  7.13495E-01       4.73700E-03  9.84090E-01
  3.05535E-01  4.16655E-01  4.94110E-01  5.72825E-01  6.82845E-01       1.50520E-02  9.46610E-01
  2.97275E-01  3.90650E-01  4.58895E-01  5.27530E-01  6.27180E-01       1.82900E-02  9.12100E-01
  2.49980E-01  3.24980E-01  3.83165E-01  4.42045E-01  5.34445E-01       6.53730E-02  8.70760E-01

  6.42325E-01  8.48590E-01  9.38168E-01  9.80780E-01  9.98422E-01      -2.15430E-01  1.00000E+00
  6.24140E-01  8.46433E-01  9.38520E-01  9.79020E-01  9.97935E-01      -3.16200E-01  1.00000E+00
  6.18237E-01  8.40270E-01  9.30295E-01  9.76822E-01  9.96880E-01      -2.00310E-01  9.99990E-01
  6.08010E-01  8.41697E-01  9.31880E-01  9.76587E-01  9.97720E-01      -5.18050E-01  1.00000E+00
  5.57477E-01  8.23827E-01  9.22950E-01  9.74440E-01  9.97055E-01      -9.90360E-01  1.00000E+00
  6.93383E-01  8.83270E-01  9.47555E-01  9.82220E-01  9.98340E-01      -3.28190E-01  1.00000E+00
  6.91730E-01  8.77410E-01  9.47735E-01  9.82143E-01  9.97895E-01      -2.72910E-01  1.00000E+00
  7.06235E-01  8.82150E-01  9.47913E-01  9.82652E-01  9.98152E-01      -5.09920E-01  1.00000E+00
  6.95523E-01  8.78235E-01  9.51660E-01  9.83675E-01  9.98565E-01      -5.92970E-02  1.00000E+00
  6.75575E-01  8.74213E-01  9.47562E-01  9.82028E-01  9.98063E-01      -1.98160E-01  1.00000E+00
  7.48453E-01  8.98968E-01  9.55507E-01  9.85152E-01  9.98152E-01       1.67890E-01  1.00000E+00
  7.58745E-01  8.99323E-01  9.57457E-01  9.85490E-01  9.98530E-01      -3.18960E-01  9.99990E-01
  7.41590E-01  8.93197E-01  9.54810E-01  9.86973E-01  9.98467E-01       2.24820E-02  9.99990E-01
  7.46900E-01  8.87510E-01  9.52548E-01  9.84188E-01  9.98360E-01      -6.46310E-02  1.00000E+00
  7.34977E-01  8.87790E-01  9.52515E-01  9.84630E-01  9.98127E-01      -3.24380E-02  1.00000E+00
  8.06718E-01  9.24635E-01  9.69137E-01  9.89638E-01  9.99035E-01       4.23080E-02  1.00000E+00
  8.19103E-01  9.19935E-01  9.66320E-01  9.88545E-01  9.98725E-01       1.38320E-01  1.00000E+00
  8.19962E-01  9.26752E-01  9.68967E-01  9.89162E-01  9.98668E-01       2.45550E-01  1.00000E+00
  8.08698E-01  9.19108E-01  9.64350E-01  9.88050E-01  9.98605E-01       2.09180E-01  1.00000E+00
  7.92825E-01  9.17687E-01  9.65030E-01  9.88090E-01  9.98690E-01       2.22420E-01  1.00000E+00
  8.97185E-01  9.59605E-01  9.82775E-01  9.94180E-01  9.99460E-01       5.18980E-01  1.00000E+00
  8.84675E-01  9.54342E-01  9.81208E-01  9.93908E-01  9.99330E-01       3.55480E-01  1.00000E+00
  8.80350E-01  9.54250E-01  9.80435E-01  9.93255E-01  9.99235E-01       4.77070E-01  1.00000E+00
  8.79055E-01  9.53172E-01  9.80945E-01  9.93348E-01  9.99365E-01       4.89740E-01  1.00000E+00
  8.74302E-01  9.46792E-01  9.77225E-01  9.92730E-01  9.99075E-01       4.66530E-01  1.00000E+00


   24.  52.00    6.  12.01  1.00E+03  7.00E+01  1.94E-01  4.77E-02     5   0.00

  2.78960E+01  1.00060E+02  2.07990E+02  3.47380E+02  5.31180E+02       2.49010E-01  8.43480E+02

  2.28900E-01  3.57785E-01  4.48500E-01  5.39360E-01  6.67230E-01       1.30740E-03  9.99830E-01
  2.58500E-01  3.52525E-01  4.18785E-01  4.87530E-01  5.88085E-01       5.44620E-03  9.89380E-01
  2.28375E-01  3.05850E-01  3.62330E-01  4.20255E-01  5.07845E-01       5.91530E-03  8.07180E-01
  1.93915E-01  2.58465E-01  3.06500E-01  3.56860E-01  4.31325E-01       6.67710E-03  7.14920E-01
  1.45725E-01  1.96495E-01  2.35380E-01  2.76915E-01  3.38590E-01       4.80380E-03  6.49160E-01

  7.06855E-01  8.80255E-01  9.47977E-01  9.82662E-01  9.98095E-01      -5.63860E-01  1.00000E+00
  7.04313E-01  8.79493E-01  9.49340E-01  9.83595E-01  9.98217E-01      -5.23000E-01  1.00000E+00
  7.02005E-01  8.79500E-01  9.48890E-01  9.83510E-01  9.98115E-01      -5.87710E-01  1.00000E+00
  6.92380E-01  8.75522E-01  9.46067E-01  9.82142E-01  9.98125E-01      -4.66510E-01  1.00000E+00
  6.69863E-01  8.66557E-01  9.44153E-01  9.82677E-01  9.98148E-01      -9.98840E-01  1.00000E+00
  8.01003E-01  9.21430E-01  9.66625E-01  9.89225E-01  9.98842E-01      -1.84840E-01  1.00000E+00
  7.99140E-01  9.20985E-01  9.65950E-01  9.88997E-01  9.98815E-01       3.52180E-02  1.00000E+00
  8.00517E-01  9.18710E-01  9.65433E-01  9.88583E-01  9.98747E-01       7.51160E-02  1.00000E+00
  7.97278E-01  9.17590E-01  9.65402E-01  9.88613E-01  9.98853E-01      -1.16860E-01  1.00000E+00
  7.92130E-01  9.13980E-01  9.63572E-01  9.87843E-01  9.98735E-01      -3.54610E-01  1.00000E+00
  8.69355E-01  9.48780E-01  9.78125E-01  9.93012E-01  9.99243E-01       2.56100E-01  1.00000E+00
  8.62112E-01  9.43845E-01  9.76230E-01  9.92165E-01  9.99150E-01       1.90590E-01  1.00000E+00
  8.64542E-01  9.44203E-01  9.76583E-01  9.92280E-01  9.99162E-01       2.67550E-01  1.00000E+00
  8.59403E-01  9.43327E-01  9.75942E-01  9.92115E-01  9.99180E-01       2.52740E-01  1.00000E+00
  8.59143E-01  9.42390E-01  9.74908E-01  9.91853E-01  9.99160E-01       3.31380E-01  1.00000E+00
  9.13515E-01  9.64933E-01  9.84620E-01  9.94895E-01  9.99503E-01       5.46980E-01  1.00000E+00
  9.07347E-01  9.61788E-01  9.84017E-01  9.94880E-01  9.99435E-01       3.66540E-01  1.00000E+00
  9.08057E-01  9.62160E-01  9.83577E-01  9.94468E-01  9.99408E-01       4.86650E-01  1.00000E+00
  9.10112E-01  9.63185E-01  9.84283E-01  9.94703E-01  9.99390E-01       5.27600E-01  1.00000E+00
  9.10790E-01  9.63605E-01  9.84287E-01  9.94885E-01  9.99498E-01       5.77460E-01  1.00000E+00
  9.55393E-01  9.82340E-01  9.92558E-01  9.97580E-01  9.99732E-01       6.02030E-01  1.00000E+00
  9.51512E-01  9.80775E-01  9.91655E-01  9.97345E-01  9.99718E-01       6.63980E-01  1.00000E+00
  9.49527E-01  9.79730E-01  9.91175E-01  9.97035E-01  9.99673E-01       6.69640E-01  1.00000E+00
  9.50867E-01  9.79752E-01  9.91503E-01  9.97143E-01  9.99710E-01       6.80240E-01  1.00000E+00
  9.50560E-01  9.79658E-01  9.91558E-01  9.97255E-01  9.99693E-01       6.97150E-01  1.00000E+00


   24.  52.00    6.  12.01  1.00E+03  8.00E+01  7.74E-01  4.68E-01     5   0.00

  2.24660E+02  5.07350E+02  6.69670E+02  7.77060E+02  8.62870E+02       2.98090E-01  9.59350E+02

  1.95345E-01  2.70890E-01  3.26035E-01  3.83485E-01  4.73525E-01       9.06400E-04  9.80960E-01
  1.47750E-01  2.03090E-01  2.44145E-01  2.86670E-01  3.47415E-01       2.85210E-03  6.09400E-01
  1.23435E-01  1.71090E-01  2.06235E-01  2.42035E-01  2.92975E-01       1.61300E-03  4.92530E-01
  9.85365E-02  1.39475E-01  1.69025E-01  1.98710E-01  2.41125E-01       1.67280E-03  4.16280E-01
  6.56290E-02  9.78240E-02  1.21060E-01  1.44670E-01  1.78705E-01       1.91630E-04  3.34120E-01

  8.57738E-01  9.45678E-01  9.77370E-01  9.92653E-01  9.99217E-01      -1.45510E-01  1.00000E+00
  8.60870E-01  9.45585E-01  9.77227E-01  9.92592E-01  9.99198E-01      -2.70820E-01  1.00000E+00
  8.55812E-01  9.44022E-01  9.76650E-01  9.92457E-01  9.99208E-01      -1.92090E-01  1.00000E+00
  8.47952E-01  9.39973E-01  9.74550E-01  9.91735E-01  9.99132E-01      -4.11090E-01  1.00000E+00
  8.28172E-01  9.31310E-01  9.71310E-01  9.90718E-01  9.99023E-01      -6.67860E-01  1.00000E+00
  9.39588E-01  9.75932E-01  9.89845E-01  9.96637E-01  9.99638E-01       6.02750E-01  1.00000E+00
  9.33248E-01  9.72628E-01  9.88335E-01  9.96192E-01  9.99603E-01       5.49320E-01  1.00000E+00
  9.35170E-01  9.73220E-01  9.88377E-01  9.96112E-01  9.99595E-01       5.06930E-01  1.00000E+00
  9.36095E-01  9.73880E-01  9.88628E-01  9.96282E-01  9.99595E-01       6.34540E-01  1.00000E+00
  9.40698E-01  9.75565E-01  9.89662E-01  9.96552E-01  9.99647E-01       6.03450E-01  1.00000E+00
  9.62243E-01  9.83735E-01  9.92757E-01  9.97510E-01  9.99718E-01       7.61280E-01  1.00000E+00
  9.59070E-01  9.82325E-01  9.92012E-01  9.97385E-01  9.99725E-01       7.94440E-01  1.00000E+00
  9.59993E-01  9.82907E-01  9.92510E-01  9.97495E-01  9.99725E-01       7.61080E-01  1.00000E+00
  9.62847E-01  9.84460E-01  9.93243E-01  9.97798E-01  9.99760E-01       7.08250E-01  1.00000E+00
  9.67265E-01  9.86420E-01  9.94205E-01  9.98130E-01  9.99802E-01       8.00000E-01  1.00000E+00
  9.79260E-01  9.91202E-01  9.96065E-01  9.98660E-01  9.99848E-01       8.62600E-01  1.00000E+00
  9.76432E-01  9.90042E-01  9.95588E-01  9.98515E-01  9.99835E-01       8.50410E-01  1.00000E+00
  9.77257E-01  9.90322E-01  9.95735E-01  9.98585E-01  9.99853E-01       8.80220E-01  1.00000E+00
  9.78390E-01  9.90960E-01  9.96102E-01  9.98707E-01  9.99862E-01       8.48360E-01  1.00000E+00
  9.80908E-01  9.92097E-01  9.96638E-01  9.98895E-01  9.99877E-01       8.82140E-01  1.00000E+00
  9.91158E-01  9.96387E-01  9.98460E-01  9.99495E-01  9.99945E-01       9.27960E-01  1.00000E+00
  9.89662E-01  9.95740E-01  9.98147E-01  9.99383E-01  9.99932E-01       9.27010E-01  1.00000E+00
  9.89250E-01  9.95563E-01  9.98095E-01  9.99385E-01  9.99930E-01       9.35850E-01  1.00000E+00
  9.89317E-01  9.95615E-01  9.98112E-01  9.99385E-01  9.99935E-01       9.28870E-01  1.00000E+00
  9.89903E-01  9.95852E-01  9.98228E-01  9.99418E-01  9.99940E-01       9.27830E-01  1.00000E+00


   24.  52.00    6.  12.01  1.00E+03  8.50E+01  9.90E-01  8.47E-01     5   0.00

  6.92940E+02  8.50890E+02  9.03490E+02  9.32620E+02  9.54770E+02       8.74340E-01  9.80420E+02

  1.28325E-01  1.72415E-01  2.05845E-01  2.41055E-01  2.95035E-01       1.09420E-03  8.83270E-01
  8.69530E-02  1.24840E-01  1.50620E-01  1.76040E-01  2.11670E-01       3.49330E-04  3.47130E-01
  6.08340E-02  9.47100E-02  1.17410E-01  1.39240E-01  1.69055E-01       3.12750E-04  2.82440E-01
  4.50165E-02  7.31165E-02  9.24575E-02  1.11020E-01  1.36065E-01       5.48960E-05  2.43170E-01
  2.88305E-02  4.89250E-02  6.37080E-02  7.83115E-02  9.89670E-02       1.43500E-04  1.85590E-01

  9.63690E-01  9.83585E-01  9.91202E-01  9.96133E-01  9.99462E-01       1.64360E-01  1.00000E+00
  9.65005E-01  9.85797E-01  9.93712E-01  9.97815E-01  9.99755E-01       3.06190E-01  1.00000E+00
  9.64950E-01  9.86362E-01  9.94275E-01  9.98132E-01  9.99798E-01       3.07500E-01  1.00000E+00
  9.64755E-01  9.86350E-01  9.94308E-01  9.98120E-01  9.99798E-01      -7.65740E-02  1.00000E+00
  9.51410E-01  9.83017E-01  9.93107E-01  9.97748E-01  9.99755E-01      -1.06740E-01  1.00000E+00
  9.86810E-01  9.93840E-01  9.96997E-01  9.98895E-01  9.99875E-01       9.16880E-01  1.00000E+00
  9.86032E-01  9.93905E-01  9.97185E-01  9.99030E-01  9.99895E-01       9.20130E-01  1.00000E+00
  9.86805E-01  9.94360E-01  9.97500E-01  9.99163E-01  9.99908E-01       9.07110E-01  1.00000E+00
  9.87750E-01  9.94895E-01  9.97803E-01  9.99270E-01  9.99922E-01       9.22430E-01  1.00000E+00
  9.89147E-01  9.95625E-01  9.98120E-01  9.99390E-01  9.99933E-01       9.13530E-01  1.00000E+00
  9.93443E-01  9.97240E-01  9.98783E-01  9.99593E-01  9.99958E-01       9.54330E-01  1.00000E+00
  9.92265E-01  9.96680E-01  9.98545E-01  9.99507E-01  9.99947E-01       9.50950E-01  1.00000E+00
  9.92428E-01  9.96822E-01  9.98617E-01  9.99548E-01  9.99953E-01       9.59300E-01  1.00000E+00
  9.92795E-01  9.97045E-01  9.98722E-01  9.99577E-01  9.99955E-01       9.52520E-01  1.00000E+00
  9.93565E-01  9.97355E-01  9.98862E-01  9.99623E-01  9.99960E-01       9.57630E-01  1.00000E+00
  9.96085E-01  9.98403E-01  9.99305E-01  9.99767E-01  9.99975E-01       9.73400E-01  1.00000E+00
  9.95478E-01  9.98127E-01  9.99175E-01  9.99730E-01  9.99972E-01       9.72300E-01  1.00000E+00
  9.95378E-01  9.98085E-01  9.99185E-01  9.99732E-01  9.99972E-01       9.71230E-01  1.00000E+00
  9.95487E-01  9.98138E-01  9.99208E-01  9.99737E-01  9.99975E-01       9.74530E-01  1.00000E+00
  9.95888E-01  9.98348E-01  9.99295E-01  9.99772E-01  9.99975E-01       9.72500E-01  1.00000E+00
  9.97840E-01  9.99140E-01  9.99630E-01  9.99877E-01  9.99985E-01       9.83190E-01  1.00000E+00
  9.97650E-01  9.99060E-01  9.99593E-01  9.99865E-01  9.99985E-01       9.83240E-01  1.00000E+00
  9.97540E-01  9.99010E-01  9.99580E-01  9.99865E-01  9.99985E-01       9.82740E-01  1.00000E+00
  9.97528E-01  9.99007E-01  9.99578E-01  9.99860E-01  9.99985E-01       9.82580E-01  1.00000E+00
  9.97648E-01  9.99055E-01  9.99595E-01  9.99867E-01  9.99985E-01       9.85000E-01  1.00000E+00


   24.  52.00    6.  12.01  2.00E+03  0.00E+00  0.00E+00  0.00E+00     5   0.00

  0.00000E+00  0.00000E+00  0.00000E+00  0.00000E+00  0.00000E+00       0.00000E+00  0.00000E+00

  0.00000E+00  0.00000E+00  0.00000E+00  0.00000E+00  0.00000E+00       0.00000E+00  0.00000E+00
  0.00000E+00  0.00000E+00  0.00000E+00  0.00000E+00  0.00000E+00       0.00000E+00  0.00000E+00
  0.00000E+00  0.00000E+00  0.00000E+00  0.00000E+00  0.00000E+00       0.00000E+00  0.00000E+00
  0.00000E+00  0.00000E+00  0.00000E+00  0.00000E+00  0.00000E+00       0.00000E+00  0.00000E+00
  0.00000E+00  0.00000E+00  0.00000E+00  0.00000E+00  0.00000E+00       0.00000E+00  0.00000E+00

  0.00000E+00  0.00000E+00  0.00000E+00  0.00000E+00  0.00000E+00       0.00000E+00  0.00000E+00
  0.00000E+00  0.00000E+00  0.00000E+00  0.00000E+00  0.00000E+00       0.00000E+00  0.00000E+00
  0.00000E+00  0.00000E+00  0.00000E+00  0.00000E+00  0.00000E+00       0.00000E+00  0.00000E+00
  0.00000E+00  0.00000E+00  0.00000E+00  0.00000E+00  0.00000E+00       0.00000E+00  0.00000E+00
  0.00000E+00  0.00000E+00  0.00000E+00  0.00000E+00  0.00000E+00       0.00000E+00  0.00000E+00
  0.00000E+00  0.00000E+00  0.00000E+00  0.00000E+00  0.00000E+00       0.00000E+00  0.00000E+00
  0.00000E+00  0.00000E+00  0.00000E+00  0.00000E+00  0.00000E+00       0.00000E+00  0.00000E+00
  0.00000E+00  0.00000E+00  0.00000E+00  0.00000E+00  0.00000E+00       0.00000E+00  0.00000E+00
  0.00000E+00  0.00000E+00  0.00000E+00  0.00000E+00  0.00000E+00       0.00000E+00  0.00000E+00
  0.00000E+00  0.00000E+00  0.00000E+00  0.00000E+00  0.00000E+00       0.00000E+00  0.00000E+00
  0.00000E+00  0.00000E+00  0.00000E+00  0.00000E+00  0.00000E+00       0.00000E+00  0.00000E+00
  0.00000E+00  0.00000E+00  0.00000E+00  0.00000E+00  0.00000E+00       0.00000E+00  0.00000E+00
  0.00000E+00  0.00000E+00  0.00000E+00  0.00000E+00  0.00000E+00       0.00000E+00  0.00000E+00
  0.00000E+00  0.00000E+00  0.00000E+00  0.00000E+00  0.00000E+00       0.00000E+00  0.00000E+00
  0.00000E+00  0.00000E+00  0.00000E+00  0.00000E+00  0.00000E+00       0.00000E+00  0.00000E+00
  0.00000E+00  0.00000E+00  0.00000E+00  0.00000E+00  0.00000E+00       0.00000E+00  0.00000E+00
  0.00000E+00  0.00000E+00  0.00000E+00  0.00000E+00  0.00000E+00       0.00000E+00  0.00000E+00
  0.00000E+00  0.00000E+00  0.00000E+00  0.00000E+00  0.00000E+00       0.00000E+00  0.00000E+00
  0.00000E+00  0.00000E+00  0.00000E+00  0.00000E+00  0.00000E+00       0.00000E+00  0.00000E+00
  0.00000E+00  0.00000E+00  0.00000E+00  0.00000E+00  0.00000E+00       0.00000E+00  0.00000E+00
  0.00000E+00  0.00000E+00  0.00000E+00  0.00000E+00  0.00000E+00       0.00000E+00  0.00000E+00
  0.00000E+00  0.00000E+00  0.00000E+00  0.00000E+00  0.00000E+00       0.00000E+00  0.00000E+00
  0.00000E+00  0.00000E+00  0.00000E+00  0.00000E+00  0.00000E+00       0.00000E+00  0.00000E+00
  0.00000E+00  0.00000E+00  0.00000E+00  0.00000E+00  0.00000E+00       0.00000E+00  0.00000E+00
  0.00000E+00  0.00000E+00  0.00000E+00  0.00000E+00  0.00000E+00       0.00000E+00  0.00000E+00


   24.  52.00    6.  12.01  2.00E+03  3.00E+01  0.00E+00  0.00E+00     5   0.00

  0.00000E+00  0.00000E+00  0.00000E+00  0.00000E+00  0.00000E+00       0.00000E+00  0.00000E+00

  0.00000E+00  0.00000E+00  0.00000E+00  0.00000E+00  0.00000E+00       0.00000E+00  0.00000E+00
  0.00000E+00  0.00000E+00  0.00000E+00  0.00000E+00  0.00000E+00       0.00000E+00  0.00000E+00
  0.00000E+00  0.00000E+00  0.00000E+00  0.00000E+00  0.00000E+00       0.00000E+00  0.00000E+00
  0.00000E+00  0.00000E+00  0.00000E+00  0.00000E+00  0.00000E+00       0.00000E+00  0.00000E+00
  0.00000E+00  0.00000E+00  0.00000E+00  0.00000E+00  0.00000E+00       0.00000E+00  0.00000E+00

  0.00000E+00  0.00000E+00  0.00000E+00  0.00000E+00  0.00000E+00       0.00000E+00  0.00000E+00
  0.00000E+00  0.00000E+00  0.00000E+00  0.00000E+00  0.00000E+00       0.00000E+00  0.00000E+00
  0.00000E+00  0.00000E+00  0.00000E+00  0.00000E+00  0.00000E+00       0.00000E+00  0.00000E+00
  0.00000E+00  0.00000E+00  0.00000E+00  0.00000E+00  0.00000E+00       0.00000E+00  0.00000E+00
  0.00000E+00  0.00000E+00  0.00000E+00  0.00000E+00  0.00000E+00       0.00000E+00  0.00000E+00
  0.00000E+00  0.00000E+00  0.00000E+00  0.00000E+00  0.00000E+00       0.00000E+00  0.00000E+00
  0.00000E+00  0.00000E+00  0.00000E+00  0.00000E+00  0.00000E+00       0.00000E+00  0.00000E+00
  0.00000E+00  0.00000E+00  0.00000E+00  0.00000E+00  0.00000E+00       0.00000E+00  0.00000E+00
  0.00000E+00  0.00000E+00  0.00000E+00  0.00000E+00  0.00000E+00       0.00000E+00  0.00000E+00
  0.00000E+00  0.00000E+00  0.00000E+00  0.00000E+00  0.00000E+00       0.00000E+00  0.00000E+00
  0.00000E+00  0.00000E+00  0.00000E+00  0.00000E+00  0.00000E+00       0.00000E+00  0.00000E+00
  0.00000E+00  0.00000E+00  0.00000E+00  0.00000E+00  0.00000E+00       0.00000E+00  0.00000E+00
  0.00000E+00  0.00000E+00  0.00000E+00  0.00000E+00  0.00000E+00       0.00000E+00  0.00000E+00
  0.00000E+00  0.00000E+00  0.00000E+00  0.00000E+00  0.00000E+00       0.00000E+00  0.00000E+00
  0.00000E+00  0.00000E+00  0.00000E+00  0.00000E+00  0.00000E+00       0.00000E+00  0.00000E+00
  0.00000E+00  0.00000E+00  0.00000E+00  0.00000E+00  0.00000E+00       0.00000E+00  0.00000E+00
  0.00000E+00  0.00000E+00  0.00000E+00  0.00000E+00  0.00000E+00       0.00000E+00  0.00000E+00
  0.00000E+00  0.00000E+00  0.00000E+00  0.00000E+00  0.00000E+00       0.00000E+00  0.00000E+00
  0.00000E+00  0.00000E+00  0.00000E+00  0.00000E+00  0.00000E+00       0.00000E+00  0.00000E+00
  0.00000E+00  0.00000E+00  0.00000E+00  0.00000E+00  0.00000E+00       0.00000E+00  0.00000E+00
  0.00000E+00  0.00000E+00  0.00000E+00  0.00000E+00  0.00000E+00       0.00000E+00  0.00000E+00
  0.00000E+00  0.00000E+00  0.00000E+00  0.00000E+00  0.00000E+00       0.00000E+00  0.00000E+00
  0.00000E+00  0.00000E+00  0.00000E+00  0.00000E+00  0.00000E+00       0.00000E+00  0.00000E+00
  0.00000E+00  0.00000E+00  0.00000E+00  0.00000E+00  0.00000E+00       0.00000E+00  0.00000E+00
  0.00000E+00  0.00000E+00  0.00000E+00  0.00000E+00  0.00000E+00       0.00000E+00  0.00000E+00


   24.  52.00    6.  12.01  2.00E+03  4.50E+01  0.00E+00  0.00E+00     5   0.00

  0.00000E+00  0.00000E+00  0.00000E+00  0.00000E+00  0.00000E+00       0.00000E+00  0.00000E+00

  0.00000E+00  0.00000E+00  0.00000E+00  0.00000E+00  0.00000E+00       0.00000E+00  0.00000E+00
  0.00000E+00  0.00000E+00  0.00000E+00  0.00000E+00  0.00000E+00       0.00000E+00  0.00000E+00
  0.00000E+00  0.00000E+00  0.00000E+00  0.00000E+00  0.00000E+00       0.00000E+00  0.00000E+00
  0.00000E+00  0.00000E+00  0.00000E+00  0.00000E+00  0.00000E+00       0.00000E+00  0.00000E+00
  0.00000E+00  0.00000E+00  0.00000E+00  0.00000E+00  0.00000E+00       0.00000E+00  0.00000E+00

  0.00000E+00  0.00000E+00  0.00000E+00  0.00000E+00  0.00000E+00       0.00000E+00  0.00000E+00
  0.00000E+00  0.00000E+00  0.00000E+00  0.00000E+00  0.00000E+00       0.00000E+00  0.00000E+00
  0.00000E+00  0.00000E+00  0.00000E+00  0.00000E+00  0.00000E+00       0.00000E+00  0.00000E+00
  0.00000E+00  0.00000E+00  0.00000E+00  0.00000E+00  0.00000E+00       0.00000E+00  0.00000E+00
  0.00000E+00  0.00000E+00  0.00000E+00  0.00000E+00  0.00000E+00       0.00000E+00  0.00000E+00
  0.00000E+00  0.00000E+00  0.00000E+00  0.00000E+00  0.00000E+00       0.00000E+00  0.00000E+00
  0.00000E+00  0.00000E+00  0.00000E+00  0.00000E+00  0.00000E+00       0.00000E+00  0.00000E+00
  0.00000E+00  0.00000E+00  0.00000E+00  0.00000E+00  0.00000E+00       0.00000E+00  0.00000E+00
  0.00000E+00  0.00000E+00  0.00000E+00  0.00000E+00  0.00000E+00       0.00000E+00  0.00000E+00
  0.00000E+00  0.00000E+00  0.00000E+00  0.00000E+00  0.00000E+00       0.00000E+00  0.00000E+00
  0.00000E+00  0.00000E+00  0.00000E+00  0.00000E+00  0.00000E+00       0.00000E+00  0.00000E+00
  0.00000E+00  0.00000E+00  0.00000E+00  0.00000E+00  0.00000E+00       0.00000E+00  0.00000E+00
  0.00000E+00  0.00000E+00  0.00000E+00  0.00000E+00  0.00000E+00       0.00000E+00  0.00000E+00
  0.00000E+00  0.00000E+00  0.00000E+00  0.00000E+00  0.00000E+00       0.00000E+00  0.00000E+00
  0.00000E+00  0.00000E+00  0.00000E+00  0.00000E+00  0.00000E+00       0.00000E+00  0.00000E+00
  0.00000E+00  0.00000E+00  0.00000E+00  0.00000E+00  0.00000E+00       0.00000E+00  0.00000E+00
  0.00000E+00  0.00000E+00  0.00000E+00  0.00000E+00  0.00000E+00       0.00000E+00  0.00000E+00
  0.00000E+00  0.00000E+00  0.00000E+00  0.00000E+00  0.00000E+00       0.00000E+00  0.00000E+00
  0.00000E+00  0.00000E+00  0.00000E+00  0.00000E+00  0.00000E+00       0.00000E+00  0.00000E+00
  0.00000E+00  0.00000E+00  0.00000E+00  0.00000E+00  0.00000E+00       0.00000E+00  0.00000E+00
  0.00000E+00  0.00000E+00  0.00000E+00  0.00000E+00  0.00000E+00       0.00000E+00  0.00000E+00
  0.00000E+00  0.00000E+00  0.00000E+00  0.00000E+00  0.00000E+00       0.00000E+00  0.00000E+00
  0.00000E+00  0.00000E+00  0.00000E+00  0.00000E+00  0.00000E+00       0.00000E+00  0.00000E+00
  0.00000E+00  0.00000E+00  0.00000E+00  0.00000E+00  0.00000E+00       0.00000E+00  0.00000E+00
  0.00000E+00  0.00000E+00  0.00000E+00  0.00000E+00  0.00000E+00       0.00000E+00  0.00000E+00


   24.  52.00    6.  12.01  2.00E+03  6.00E+01  2.23E-02  1.68E-03     5   0.00

  1.14700E+01  3.62790E+01  8.30880E+01  1.74290E+02  3.94310E+02       1.80570E-01  1.19710E+03

  2.60680E-01  4.25160E-01  5.50275E-01  6.62560E-01  8.15810E-01       4.35960E-03  9.98620E-01
  3.26930E-01  4.66135E-01  5.60750E-01  6.56675E-01  7.84025E-01       2.12790E-02  9.99040E-01
  3.39415E-01  4.58330E-01  5.45725E-01  6.28565E-01  7.46085E-01       3.03600E-02  9.92610E-01
  3.19175E-01  4.19670E-01  4.91260E-01  5.65645E-01  6.79750E-01       2.07850E-02  9.34390E-01
  2.65540E-01  3.44905E-01  4.06580E-01  4.73620E-01  5.71565E-01       1.00550E-01  8.66640E-01

  5.57650E-01  8.30588E-01  9.28570E-01  9.76945E-01  9.97395E-01      -1.56160E-01  1.00000E+00
  5.49685E-01  8.03248E-01  9.12147E-01  9.69288E-01  9.96910E-01      -6.88940E-01  1.00000E+00
  5.35320E-01  7.96658E-01  9.09020E-01  9.73087E-01  9.97545E-01      -4.25590E-01  9.99980E-01
  4.63028E-01  7.94152E-01  9.10795E-01  9.66850E-01  9.96985E-01      -9.80070E-01  9.99990E-01
  4.39720E-01  7.71745E-01  9.04338E-01  9.66908E-01  9.96145E-01      -9.90120E-01  1.00000E+00
  6.46173E-01  8.63193E-01  9.38142E-01  9.81348E-01  9.97812E-01      -2.52500E-01  1.00000E+00
  6.46012E-01  8.50310E-01  9.36955E-01  9.79520E-01  9.98007E-01      -3.22540E-01  9.99990E-01
  6.62915E-01  8.60652E-01  9.42462E-01  9.80905E-01  9.98085E-01      -3.08910E-01  9.99990E-01
  6.43663E-01  8.42240E-01  9.33935E-01  9.75895E-01  9.97395E-01      -4.69080E-01  9.99990E-01
  5.81380E-01  8.13562E-01  9.25440E-01  9.75718E-01  9.97572E-01      -4.95570E-01  9.99980E-01
  7.21132E-01  8.81315E-01  9.51153E-01  9.84400E-01  9.98085E-01      -1.55670E-01  1.00000E+00
  7.24565E-01  8.84445E-01  9.49308E-01  9.83557E-01  9.98043E-01      -3.15690E-01  1.00000E+00
  7.25965E-01  8.80343E-01  9.46310E-01  9.82245E-01  9.97592E-01       7.70330E-02  1.00000E+00
  6.96800E-01  8.75690E-01  9.46655E-01  9.81205E-01  9.98160E-01      -1.06220E-01  9.99990E-01
  6.76985E-01  8.62245E-01  9.39537E-01  9.79380E-01  9.97703E-01      -6.25770E-02  1.00000E+00
  7.86443E-01  9.13435E-01  9.65083E-01  9.88585E-01  9.99093E-01       1.43690E-01  1.00000E+00
  7.76818E-01  9.10783E-01  9.60125E-01  9.86592E-01  9.98347E-01       5.61630E-02  1.00000E+00
  7.86347E-01  9.13940E-01  9.62838E-01  9.87875E-01  9.98742E-01      -1.74270E-01  9.99990E-01
  7.63662E-01  8.98555E-01  9.56732E-01  9.85953E-01  9.98568E-01       9.68750E-02  1.00000E+00
  7.61685E-01  8.98735E-01  9.58577E-01  9.86895E-01  9.98647E-01      -1.23330E-01  1.00000E+00
  8.61308E-01  9.44875E-01  9.76750E-01  9.92475E-01  9.99308E-01       4.76080E-01  1.00000E+00
  8.57230E-01  9.48333E-01  9.77322E-01  9.93035E-01  9.99093E-01       4.21740E-01  1.00000E+00
  8.65347E-01  9.47760E-01  9.76475E-01  9.92370E-01  9.99170E-01       3.90240E-01  1.00000E+00
  8.54275E-01  9.34882E-01  9.71398E-01  9.90897E-01  9.98783E-01       4.76770E-01  1.00000E+00
  8.51818E-01  9.39518E-01  9.73622E-01  9.90738E-01  9.99173E-01       1.67090E-01  1.00000E+00


   24.  52.00    6.  12.01  2.00E+03  7.00E+01  1.34E-01  2.60E-02     5   0.00

  2.69500E+01  1.14670E+02  2.78260E+02  5.34870E+02  9.41720E+02       1.46110E-01  1.63410E+03

  2.65205E-01  4.05875E-01  5.05615E-01  6.05845E-01  7.44285E-01       5.50240E-03  9.99310E-01
  2.98795E-01  3.99620E-01  4.72890E-01  5.50190E-01  6.63180E-01       3.94340E-03  9.90010E-01
  2.61655E-01  3.43555E-01  4.06895E-01  4.73195E-01  5.73670E-01       3.18590E-02  8.98230E-01
  2.16855E-01  2.85515E-01  3.38105E-01  3.95445E-01  4.83625E-01       3.96120E-02  8.70350E-01
  1.56375E-01  2.07725E-01  2.48990E-01  2.94405E-01  3.64210E-01       3.12170E-02  6.34320E-01

  6.24827E-01  8.49527E-01  9.35652E-01  9.79030E-01  9.97827E-01      -5.66410E-01  1.00000E+00
  6.35290E-01  8.53740E-01  9.38357E-01  9.79597E-01  9.97853E-01      -6.45050E-01  1.00000E+00
  6.21530E-01  8.41695E-01  9.29530E-01  9.78232E-01  9.97800E-01      -5.24480E-01  1.00000E+00
  6.14053E-01  8.41112E-01  9.33460E-01  9.77525E-01  9.97680E-01      -6.76040E-01  1.00000E+00
  5.56157E-01  8.19130E-01  9.21550E-01  9.74248E-01  9.97010E-01      -9.99880E-01  1.00000E+00
  7.51100E-01  8.97255E-01  9.56885E-01  9.85583E-01  9.98315E-01      -2.25520E-01  1.00000E+00
  7.43867E-01  8.96042E-01  9.54357E-01  9.84870E-01  9.98420E-01      -5.10140E-01  1.00000E+00
  7.45123E-01  8.95332E-01  9.55273E-01  9.85325E-01  9.98278E-01      -2.48960E-01  1.00000E+00
  7.38840E-01  8.97367E-01  9.55898E-01  9.85827E-01  9.98568E-01      -2.90620E-01  1.00000E+00
  7.19267E-01  8.87300E-01  9.51958E-01  9.84668E-01  9.98412E-01      -2.78070E-01  1.00000E+00
  8.28053E-01  9.31737E-01  9.70977E-01  9.89972E-01  9.98838E-01       2.38790E-01  1.00000E+00
  8.19195E-01  9.26783E-01  9.69085E-01  9.89863E-01  9.98868E-01      -9.40750E-02  1.00000E+00
  8.19420E-01  9.28422E-01  9.69897E-01  9.90325E-01  9.98980E-01       2.07910E-02  1.00000E+00
  8.22260E-01  9.25758E-01  9.68935E-01  9.89930E-01  9.98965E-01      -7.00150E-02  1.00000E+00
  8.14615E-01  9.23767E-01  9.68135E-01  9.89882E-01  9.98882E-01      -7.12860E-02  1.00000E+00
  8.83965E-01  9.54570E-01  9.80610E-01  9.93825E-01  9.99370E-01       4.21740E-01  1.00000E+00
  8.79650E-01  9.51792E-01  9.79870E-01  9.93518E-01  9.99335E-01       2.59460E-01  1.00000E+00
  8.82742E-01  9.52475E-01  9.79160E-01  9.93040E-01  9.99235E-01       2.40030E-01  1.00000E+00
  8.80120E-01  9.50662E-01  9.79108E-01  9.93205E-01  9.99232E-01       3.35310E-01  1.00000E+00
  8.82550E-01  9.52703E-01  9.79890E-01  9.93392E-01  9.99323E-01       2.83790E-01  1.00000E+00
  9.46910E-01  9.78475E-01  9.90840E-01  9.97050E-01  9.99700E-01       6.73720E-01  1.00000E+00
  9.40880E-01  9.76095E-01  9.89737E-01  9.96520E-01  9.99633E-01       6.65190E-01  1.00000E+00
  9.39043E-01  9.76015E-01  9.89780E-01  9.96657E-01  9.99650E-01       6.07600E-01  1.00000E+00
  9.37518E-01  9.75035E-01  9.89278E-01  9.96542E-01  9.99640E-01       6.29560E-01  1.00000E+00
  9.34737E-01  9.73627E-01  9.89010E-01  9.96390E-01  9.99625E-01       6.29300E-01  1.00000E+00


   24.  52.00    6.  12.01  2.00E+03  8.00E+01  6.13E-01  3.37E-01     5   0.00

  2.43640E+02  8.27510E+02  1.22390E+03  1.49700E+03  1.70510E+03       1.28250E-01  1.91950E+03

  2.31135E-01  3.16735E-01  3.80545E-01  4.48030E-01  5.54485E-01       3.57000E-03  9.99310E-01
  1.56140E-01  2.11125E-01  2.54280E-01  3.00420E-01  3.70355E-01       5.20600E-03  6.63990E-01
  1.26055E-01  1.72115E-01  2.08525E-01  2.46440E-01  3.01740E-01       8.02820E-03  5.43750E-01
  1.02294E-01  1.40455E-01  1.69555E-01  2.00240E-01  2.44650E-01       8.12950E-04  4.49320E-01
  7.35020E-02  1.01607E-01  1.23140E-01  1.45770E-01  1.79545E-01       7.52800E-04  3.38310E-01

  8.00273E-01  9.19385E-01  9.65615E-01  9.88630E-01  9.98845E-01      -4.14840E-01  1.00000E+00
  8.01983E-01  9.21813E-01  9.66933E-01  9.89132E-01  9.98798E-01      -4.58200E-01  1.00000E+00
  7.92615E-01  9.18715E-01  9.66060E-01  9.88835E-01  9.98782E-01      -4.37460E-01  1.00000E+00
  7.86382E-01  9.14300E-01  9.63623E-01  9.88100E-01  9.98760E-01      -7.17930E-01  1.00000E+00
  7.58817E-01  9.02370E-01  9.58277E-01  9.86298E-01  9.98548E-01      -9.32420E-01  1.00000E+00
  9.24462E-01  9.71390E-01  9.88575E-01  9.96422E-01  9.99607E-01       5.08350E-01  1.00000E+00
  9.17515E-01  9.67032E-01  9.86365E-01  9.95637E-01  9.99525E-01       4.80600E-01  1.00000E+00
  9.17233E-01  9.66468E-01  9.85768E-01  9.95267E-01  9.99478E-01       4.59150E-01  1.00000E+00
  9.17405E-01  9.66383E-01  9.85595E-01  9.95285E-01  9.99485E-01       4.69400E-01  1.00000E+00
  9.19698E-01  9.67340E-01  9.86193E-01  9.95420E-01  9.99493E-01       4.43330E-01  1.00000E+00
  9.52657E-01  9.79525E-01  9.90795E-01  9.96742E-01  9.99633E-01       6.58550E-01  1.00000E+00
  9.48318E-01  9.77545E-01  9.89940E-01  9.96592E-01  9.99617E-01       7.34860E-01  1.00000E+00
  9.49782E-01  9.78313E-01  9.90430E-01  9.96675E-01  9.99642E-01       6.76240E-01  1.00000E+00
  9.53408E-01  9.80272E-01  9.91378E-01  9.97170E-01  9.99695E-01       7.34880E-01  1.00000E+00
  9.58395E-01  9.82973E-01  9.92670E-01  9.97598E-01  9.99742E-01       7.50530E-01  1.00000E+00
  9.73758E-01  9.88492E-01  9.94793E-01  9.98182E-01  9.99805E-01       8.30270E-01  1.00000E+00
  9.71218E-01  9.87365E-01  9.94293E-01  9.98032E-01  9.99778E-01       8.18820E-01  1.00000E+00
  9.71763E-01  9.87830E-01  9.94642E-01  9.98197E-01  9.99797E-01       8.11920E-01  1.00000E+00
  9.73313E-01  9.88847E-01  9.95145E-01  9.98382E-01  9.99820E-01       8.29900E-01  1.00000E+00
  9.76910E-01  9.90520E-01  9.95955E-01  9.98655E-01  9.99853E-01       8.44290E-01  1.00000E+00
  9.89942E-01  9.95885E-01  9.98240E-01  9.99413E-01  9.99935E-01       9.28030E-01  1.00000E+00
  9.88190E-01  9.95040E-01  9.97840E-01  9.99280E-01  9.99920E-01       9.20820E-01  1.00000E+00
  9.87827E-01  9.94932E-01  9.97783E-01  9.99265E-01  9.99923E-01       9.21270E-01  1.00000E+00
  9.87750E-01  9.94947E-01  9.97845E-01  9.99292E-01  9.99923E-01       9.11000E-01  1.00000E+00
  9.88495E-01  9.95332E-01  9.97977E-01  9.99342E-01  9.99930E-01       9.31210E-01  1.00000E+00


   24.  52.00    6.  12.01  2.00E+03  8.50E+01  9.70E-01  8.23E-01     5   0.00

  1.29680E+03  1.69620E+03  1.82030E+03  1.88240E+03  1.92420E+03       1.14930E+00  1.96550E+03

  1.26935E-01  1.69065E-01  2.02905E-01  2.40115E-01  3.02965E-01       2.51340E-03  9.52220E-01
  9.52535E-02  1.25570E-01  1.48830E-01  1.72395E-01  2.05885E-01       1.37820E-03  3.63420E-01
  7.16815E-02  9.74435E-02  1.15865E-01  1.34395E-01  1.60440E-01       5.14980E-04  2.59870E-01
  5.29970E-02  7.50645E-02  9.04210E-02  1.05440E-01  1.26315E-01       3.53890E-04  2.20520E-01
  3.30335E-02  5.02825E-02  6.23325E-02  7.42905E-02  9.10715E-02       2.83500E-04  1.65340E-01

  9.55425E-01  9.78955E-01  9.87740E-01  9.93558E-01  9.98573E-01      -2.64340E-01  1.00000E+00
  9.57430E-01  9.82365E-01  9.91977E-01  9.97050E-01  9.99653E-01       2.75240E-03  1.00000E+00
  9.56673E-01  9.83428E-01  9.93057E-01  9.97673E-01  9.99742E-01       2.44560E-01  1.00000E+00
  9.54792E-01  9.83077E-01  9.92982E-01  9.97745E-01  9.99755E-01      -1.52820E-01  1.00000E+00
  9.22865E-01  9.73248E-01  9.89450E-01  9.96670E-01  9.99655E-01      -4.46640E-01  1.00000E+00
  9.82567E-01  9.90735E-01  9.94668E-01  9.97423E-01  9.99547E-01       9.08330E-01  1.00000E+00
  9.83485E-01  9.92195E-01  9.96210E-01  9.98620E-01  9.99840E-01       8.82090E-01  1.00000E+00
  9.84973E-01  9.93315E-01  9.96953E-01  9.98958E-01  9.99890E-01       9.15150E-01  1.00000E+00
  9.86815E-01  9.94390E-01  9.97532E-01  9.99172E-01  9.99912E-01       9.10530E-01  1.00000E+00
  9.88817E-01  9.95437E-01  9.98032E-01  9.99350E-01  9.99933E-01       9.16150E-01  1.00000E+00
  9.92090E-01  9.96220E-01  9.98140E-01  9.99318E-01  9.99923E-01       9.50920E-01  1.00000E+00
  9.91895E-01  9.96308E-01  9.98283E-01  9.99403E-01  9.99933E-01       9.58820E-01  1.00000E+00
  9.92260E-01  9.96645E-01  9.98502E-01  9.99498E-01  9.99943E-01       9.52470E-01  1.00000E+00
  9.93027E-01  9.97035E-01  9.98705E-01  9.99570E-01  9.99953E-01       9.56750E-01  1.00000E+00
  9.94105E-01  9.97580E-01  9.98962E-01  9.99652E-01  9.99960E-01       9.62810E-01  1.00000E+00
  9.96162E-01  9.98355E-01  9.99262E-01  9.99753E-01  9.99972E-01       9.75440E-01  1.00000E+00
  9.95700E-01  9.98155E-01  9.99180E-01  9.99723E-01  9.99972E-01       9.74880E-01  1.00000E+00
  9.95817E-01  9.98228E-01  9.99223E-01  9.99738E-01  9.99975E-01       9.73810E-01  1.00000E+00
  9.96077E-01  9.98358E-01  9.99285E-01  9.99762E-01  9.99975E-01       9.74440E-01  1.00000E+00
  9.96510E-01  9.98585E-01  9.99395E-01  9.99802E-01  9.99980E-01       9.79530E-01  1.00000E+00
  9.98335E-01  9.99320E-01  9.99707E-01  9.99905E-01  9.99990E-01       9.86080E-01  1.00000E+00
  9.98070E-01  9.99213E-01  9.99658E-01  9.99887E-01  9.99985E-01       9.87430E-01  1.00000E+00
  9.98025E-01  9.99193E-01  9.99653E-01  9.99882E-01  9.99988E-01       9.85880E-01  1.00000E+00
  9.98040E-01  9.99197E-01  9.99660E-01  9.99887E-01  9.99988E-01       9.83550E-01  1.00000E+00
  9.98145E-01  9.99243E-01  9.99680E-01  9.99895E-01  9.99990E-01       9.88080E-01  1.00000E+00


   24.  52.00    6.  12.01  5.00E+03  0.00E+00  0.00E+00  0.00E+00     5   0.00

  0.00000E+00  0.00000E+00  0.00000E+00  0.00000E+00  0.00000E+00       0.00000E+00  0.00000E+00

  0.00000E+00  0.00000E+00  0.00000E+00  0.00000E+00  0.00000E+00       0.00000E+00  0.00000E+00
  0.00000E+00  0.00000E+00  0.00000E+00  0.00000E+00  0.00000E+00       0.00000E+00  0.00000E+00
  0.00000E+00  0.00000E+00  0.00000E+00  0.00000E+00  0.00000E+00       0.00000E+00  0.00000E+00
  0.00000E+00  0.00000E+00  0.00000E+00  0.00000E+00  0.00000E+00       0.00000E+00  0.00000E+00
  0.00000E+00  0.00000E+00  0.00000E+00  0.00000E+00  0.00000E+00       0.00000E+00  0.00000E+00

  0.00000E+00  0.00000E+00  0.00000E+00  0.00000E+00  0.00000E+00       0.00000E+00  0.00000E+00
  0.00000E+00  0.00000E+00  0.00000E+00  0.00000E+00  0.00000E+00       0.00000E+00  0.00000E+00
  0.00000E+00  0.00000E+00  0.00000E+00  0.00000E+00  0.00000E+00       0.00000E+00  0.00000E+00
  0.00000E+00  0.00000E+00  0.00000E+00  0.00000E+00  0.00000E+00       0.00000E+00  0.00000E+00
  0.00000E+00  0.00000E+00  0.00000E+00  0.00000E+00  0.00000E+00       0.00000E+00  0.00000E+00
  0.00000E+00  0.00000E+00  0.00000E+00  0.00000E+00  0.00000E+00       0.00000E+00  0.00000E+00
  0.00000E+00  0.00000E+00  0.00000E+00  0.00000E+00  0.00000E+00       0.00000E+00  0.00000E+00
  0.00000E+00  0.00000E+00  0.00000E+00  0.00000E+00  0.00000E+00       0.00000E+00  0.00000E+00
  0.00000E+00  0.00000E+00  0.00000E+00  0.00000E+00  0.00000E+00       0.00000E+00  0.00000E+00
  0.00000E+00  0.00000E+00  0.00000E+00  0.00000E+00  0.00000E+00       0.00000E+00  0.00000E+00
  0.00000E+00  0.00000E+00  0.00000E+00  0.00000E+00  0.00000E+00       0.00000E+00  0.00000E+00
  0.00000E+00  0.00000E+00  0.00000E+00  0.00000E+00  0.00000E+00       0.00000E+00  0.00000E+00
  0.00000E+00  0.00000E+00  0.00000E+00  0.00000E+00  0.00000E+00       0.00000E+00  0.00000E+00
  0.00000E+00  0.00000E+00  0.00000E+00  0.00000E+00  0.00000E+00       0.00000E+00  0.00000E+00
  0.00000E+00  0.00000E+00  0.00000E+00  0.00000E+00  0.00000E+00       0.00000E+00  0.00000E+00
  0.00000E+00  0.00000E+00  0.00000E+00  0.00000E+00  0.00000E+00       0.00000E+00  0.00000E+00
  0.00000E+00  0.00000E+00  0.00000E+00  0.00000E+00  0.00000E+00       0.00000E+00  0.00000E+00
  0.00000E+00  0.00000E+00  0.00000E+00  0.00000E+00  0.00000E+00       0.00000E+00  0.00000E+00
  0.00000E+00  0.00000E+00  0.00000E+00  0.00000E+00  0.00000E+00       0.00000E+00  0.00000E+00
  0.00000E+00  0.00000E+00  0.00000E+00  0.00000E+00  0.00000E+00       0.00000E+00  0.00000E+00
  0.00000E+00  0.00000E+00  0.00000E+00  0.00000E+00  0.00000E+00       0.00000E+00  0.00000E+00
  0.00000E+00  0.00000E+00  0.00000E+00  0.00000E+00  0.00000E+00       0.00000E+00  0.00000E+00
  0.00000E+00  0.00000E+00  0.00000E+00  0.00000E+00  0.00000E+00       0.00000E+00  0.00000E+00
  0.00000E+00  0.00000E+00  0.00000E+00  0.00000E+00  0.00000E+00       0.00000E+00  0.00000E+00
  0.00000E+00  0.00000E+00  0.00000E+00  0.00000E+00  0.00000E+00       0.00000E+00  0.00000E+00


   24.  52.00    6.  12.01  5.00E+03  3.00E+01  0.00E+00  0.00E+00     5   0.00

  0.00000E+00  0.00000E+00  0.00000E+00  0.00000E+00  0.00000E+00       0.00000E+00  0.00000E+00

  0.00000E+00  0.00000E+00  0.00000E+00  0.00000E+00  0.00000E+00       0.00000E+00  0.00000E+00
  0.00000E+00  0.00000E+00  0.00000E+00  0.00000E+00  0.00000E+00       0.00000E+00  0.00000E+00
  0.00000E+00  0.00000E+00  0.00000E+00  0.00000E+00  0.00000E+00       0.00000E+00  0.00000E+00
  0.00000E+00  0.00000E+00  0.00000E+00  0.00000E+00  0.00000E+00       0.00000E+00  0.00000E+00
  0.00000E+00  0.00000E+00  0.00000E+00  0.00000E+00  0.00000E+00       0.00000E+00  0.00000E+00

  0.00000E+00  0.00000E+00  0.00000E+00  0.00000E+00  0.00000E+00       0.00000E+00  0.00000E+00
  0.00000E+00  0.00000E+00  0.00000E+00  0.00000E+00  0.00000E+00       0.00000E+00  0.00000E+00
  0.00000E+00  0.00000E+00  0.00000E+00  0.00000E+00  0.00000E+00       0.00000E+00  0.00000E+00
  0.00000E+00  0.00000E+00  0.00000E+00  0.00000E+00  0.00000E+00       0.00000E+00  0.00000E+00
  0.00000E+00  0.00000E+00  0.00000E+00  0.00000E+00  0.00000E+00       0.00000E+00  0.00000E+00
  0.00000E+00  0.00000E+00  0.00000E+00  0.00000E+00  0.00000E+00       0.00000E+00  0.00000E+00
  0.00000E+00  0.00000E+00  0.00000E+00  0.00000E+00  0.00000E+00       0.00000E+00  0.00000E+00
  0.00000E+00  0.00000E+00  0.00000E+00  0.00000E+00  0.00000E+00       0.00000E+00  0.00000E+00
  0.00000E+00  0.00000E+00  0.00000E+00  0.00000E+00  0.00000E+00       0.00000E+00  0.00000E+00
  0.00000E+00  0.00000E+00  0.00000E+00  0.00000E+00  0.00000E+00       0.00000E+00  0.00000E+00
  0.00000E+00  0.00000E+00  0.00000E+00  0.00000E+00  0.00000E+00       0.00000E+00  0.00000E+00
  0.00000E+00  0.00000E+00  0.00000E+00  0.00000E+00  0.00000E+00       0.00000E+00  0.00000E+00
  0.00000E+00  0.00000E+00  0.00000E+00  0.00000E+00  0.00000E+00       0.00000E+00  0.00000E+00
  0.00000E+00  0.00000E+00  0.00000E+00  0.00000E+00  0.00000E+00       0.00000E+00  0.00000E+00
  0.00000E+00  0.00000E+00  0.00000E+00  0.00000E+00  0.00000E+00       0.00000E+00  0.00000E+00
  0.00000E+00  0.00000E+00  0.00000E+00  0.00000E+00  0.00000E+00       0.00000E+00  0.00000E+00
  0.00000E+00  0.00000E+00  0.00000E+00  0.00000E+00  0.00000E+00       0.00000E+00  0.00000E+00
  0.00000E+00  0.00000E+00  0.00000E+00  0.00000E+00  0.00000E+00       0.00000E+00  0.00000E+00
  0.00000E+00  0.00000E+00  0.00000E+00  0.00000E+00  0.00000E+00       0.00000E+00  0.00000E+00
  0.00000E+00  0.00000E+00  0.00000E+00  0.00000E+00  0.00000E+00       0.00000E+00  0.00000E+00
  0.00000E+00  0.00000E+00  0.00000E+00  0.00000E+00  0.00000E+00       0.00000E+00  0.00000E+00
  0.00000E+00  0.00000E+00  0.00000E+00  0.00000E+00  0.00000E+00       0.00000E+00  0.00000E+00
  0.00000E+00  0.00000E+00  0.00000E+00  0.00000E+00  0.00000E+00       0.00000E+00  0.00000E+00
  0.00000E+00  0.00000E+00  0.00000E+00  0.00000E+00  0.00000E+00       0.00000E+00  0.00000E+00
  0.00000E+00  0.00000E+00  0.00000E+00  0.00000E+00  0.00000E+00       0.00000E+00  0.00000E+00


   24.  52.00    6.  12.01  5.00E+03  4.50E+01  0.00E+00  0.00E+00     5   0.00

  0.00000E+00  0.00000E+00  0.00000E+00  0.00000E+00  0.00000E+00       0.00000E+00  0.00000E+00

  0.00000E+00  0.00000E+00  0.00000E+00  0.00000E+00  0.00000E+00       0.00000E+00  0.00000E+00
  0.00000E+00  0.00000E+00  0.00000E+00  0.00000E+00  0.00000E+00       0.00000E+00  0.00000E+00
  0.00000E+00  0.00000E+00  0.00000E+00  0.00000E+00  0.00000E+00       0.00000E+00  0.00000E+00
  0.00000E+00  0.00000E+00  0.00000E+00  0.00000E+00  0.00000E+00       0.00000E+00  0.00000E+00
  0.00000E+00  0.00000E+00  0.00000E+00  0.00000E+00  0.00000E+00       0.00000E+00  0.00000E+00

  0.00000E+00  0.00000E+00  0.00000E+00  0.00000E+00  0.00000E+00       0.00000E+00  0.00000E+00
  0.00000E+00  0.00000E+00  0.00000E+00  0.00000E+00  0.00000E+00       0.00000E+00  0.00000E+00
  0.00000E+00  0.00000E+00  0.00000E+00  0.00000E+00  0.00000E+00       0.00000E+00  0.00000E+00
  0.00000E+00  0.00000E+00  0.00000E+00  0.00000E+00  0.00000E+00       0.00000E+00  0.00000E+00
  0.00000E+00  0.00000E+00  0.00000E+00  0.00000E+00  0.00000E+00       0.00000E+00  0.00000E+00
  0.00000E+00  0.00000E+00  0.00000E+00  0.00000E+00  0.00000E+00       0.00000E+00  0.00000E+00
  0.00000E+00  0.00000E+00  0.00000E+00  0.00000E+00  0.00000E+00       0.00000E+00  0.00000E+00
  0.00000E+00  0.00000E+00  0.00000E+00  0.00000E+00  0.00000E+00       0.00000E+00  0.00000E+00
  0.00000E+00  0.00000E+00  0.00000E+00  0.00000E+00  0.00000E+00       0.00000E+00  0.00000E+00
  0.00000E+00  0.00000E+00  0.00000E+00  0.00000E+00  0.00000E+00       0.00000E+00  0.00000E+00
  0.00000E+00  0.00000E+00  0.00000E+00  0.00000E+00  0.00000E+00       0.00000E+00  0.00000E+00
  0.00000E+00  0.00000E+00  0.00000E+00  0.00000E+00  0.00000E+00       0.00000E+00  0.00000E+00
  0.00000E+00  0.00000E+00  0.00000E+00  0.00000E+00  0.00000E+00       0.00000E+00  0.00000E+00
  0.00000E+00  0.00000E+00  0.00000E+00  0.00000E+00  0.00000E+00       0.00000E+00  0.00000E+00
  0.00000E+00  0.00000E+00  0.00000E+00  0.00000E+00  0.00000E+00       0.00000E+00  0.00000E+00
  0.00000E+00  0.00000E+00  0.00000E+00  0.00000E+00  0.00000E+00       0.00000E+00  0.00000E+00
  0.00000E+00  0.00000E+00  0.00000E+00  0.00000E+00  0.00000E+00       0.00000E+00  0.00000E+00
  0.00000E+00  0.00000E+00  0.00000E+00  0.00000E+00  0.00000E+00       0.00000E+00  0.00000E+00
  0.00000E+00  0.00000E+00  0.00000E+00  0.00000E+00  0.00000E+00       0.00000E+00  0.00000E+00
  0.00000E+00  0.00000E+00  0.00000E+00  0.00000E+00  0.00000E+00       0.00000E+00  0.00000E+00
  0.00000E+00  0.00000E+00  0.00000E+00  0.00000E+00  0.00000E+00       0.00000E+00  0.00000E+00
  0.00000E+00  0.00000E+00  0.00000E+00  0.00000E+00  0.00000E+00       0.00000E+00  0.00000E+00
  0.00000E+00  0.00000E+00  0.00000E+00  0.00000E+00  0.00000E+00       0.00000E+00  0.00000E+00
  0.00000E+00  0.00000E+00  0.00000E+00  0.00000E+00  0.00000E+00       0.00000E+00  0.00000E+00
  0.00000E+00  0.00000E+00  0.00000E+00  0.00000E+00  0.00000E+00       0.00000E+00  0.00000E+00


   24.  52.00    6.  12.01  5.00E+03  6.00E+01  1.67E-02  1.11E-03     5   0.00

  1.49730E+01  6.09990E+01  1.64230E+02  3.75550E+02  9.17920E+02       1.00270E-01  2.91910E+03

  3.09015E-01  4.84235E-01  6.04895E-01  7.28345E-01  8.76235E-01       7.64040E-03  9.99870E-01
  3.81185E-01  5.12375E-01  6.12265E-01  7.10540E-01  8.36660E-01       2.29490E-02  9.99790E-01
  3.59175E-01  4.78740E-01  5.66400E-01  6.57110E-01  7.78825E-01       2.47710E-02  9.98380E-01
  3.20940E-01  4.22795E-01  5.06770E-01  5.94135E-01  7.11185E-01       8.26290E-02  9.61650E-01
  2.59500E-01  3.41220E-01  4.07855E-01  4.82295E-01  5.86195E-01       6.33540E-02  9.16340E-01

  4.94180E-01  7.90377E-01  9.09405E-01  9.69235E-01  9.96575E-01      -5.80290E-01  1.00000E+00
  4.93210E-01  8.00752E-01  9.13530E-01  9.68847E-01  9.96572E-01      -9.65350E-01  1.00000E+00
  4.46093E-01  7.80577E-01  8.98765E-01  9.69105E-01  9.96440E-01      -8.48370E-01  9.99980E-01
  3.67617E-01  7.34938E-01  8.83230E-01  9.60142E-01  9.95022E-01      -6.69810E-01  1.00000E+00
  9.68117E-02  6.50900E-01  8.45773E-01  9.54335E-01  9.94355E-01      -9.99610E-01  9.99940E-01
  6.18780E-01  8.56353E-01  9.33353E-01  9.76890E-01  9.96637E-01      -5.57990E-01  9.99990E-01
  5.83647E-01  8.26925E-01  9.25438E-01  9.79148E-01  9.97522E-01      -5.13150E-01  9.99990E-01
  5.74700E-01  8.24917E-01  9.25648E-01  9.77268E-01  9.97847E-01      -3.60620E-01  9.99990E-01
  5.43403E-01  8.17497E-01  9.21853E-01  9.74595E-01  9.97358E-01      -4.13480E-01  9.99990E-01
  4.42700E-01  7.76312E-01  8.96127E-01  9.65512E-01  9.95963E-01      -9.85630E-01  9.99960E-01
  6.94825E-01  8.72578E-01  9.47398E-01  9.82108E-01  9.98220E-01       2.43360E-02  1.00000E+00
  6.96260E-01  8.59320E-01  9.43240E-01  9.82123E-01  9.97237E-01      -9.07950E-02  9.99980E-01
  6.65890E-01  8.63815E-01  9.44420E-01  9.83095E-01  9.97960E-01      -1.70300E-01  1.00000E+00
  6.73295E-01  8.52110E-01  9.35663E-01  9.78020E-01  9.97700E-01      -2.70170E-02  9.99990E-01
  6.16858E-01  8.55243E-01  9.35830E-01  9.81850E-01  9.97958E-01      -5.26420E-01  1.00000E+00
  7.69405E-01  9.05717E-01  9.58720E-01  9.84860E-01  9.98323E-01       1.90840E-01  9.99990E-01
  7.52085E-01  8.98720E-01  9.56878E-01  9.85785E-01  9.98120E-01      -1.03400E-01  1.00000E+00
  7.43017E-01  8.95947E-01  9.54675E-01  9.85105E-01  9.99025E-01      -1.19240E-01  9.99990E-01
  7.55117E-01  8.98195E-01  9.56210E-01  9.84780E-01  9.98488E-01      -2.02010E-01  1.00000E+00
  7.51325E-01  8.85278E-01  9.51845E-01  9.83970E-01  9.98178E-01      -6.26690E-02  1.00000E+00
  8.57600E-01  9.40450E-01  9.74942E-01  9.92208E-01  9.98903E-01       2.39130E-01  1.00000E+00
  8.43395E-01  9.40825E-01  9.77120E-01  9.92315E-01  9.99232E-01       2.71670E-01  9.99990E-01
  8.35928E-01  9.38002E-01  9.74460E-01  9.91795E-01  9.99170E-01       5.83810E-02  1.00000E+00
  8.46143E-01  9.38310E-01  9.73162E-01  9.91162E-01  9.99088E-01       4.12180E-01  1.00000E+00
  8.24162E-01  9.29863E-01  9.70498E-01  9.90435E-01  9.99070E-01       2.46430E-01  9.99990E-01


   24.  52.00    6.  12.01  5.00E+03  7.00E+01  9.51E-02  1.48E-02     5   0.00

  3.40520E+01  1.80870E+02  4.90460E+02  1.02700E+03  2.00660E+03       1.13170E-01  4.03390E+03

  3.08525E-01  4.60755E-01  5.67690E-01  6.74690E-01  8.15365E-01       5.90520E-03  9.99910E-01
  3.23625E-01  4.31260E-01  5.12210E-01  5.99805E-01  7.27365E-01       2.56990E-02  9.99950E-01
  2.74700E-01  3.65780E-01  4.37635E-01  5.15985E-01  6.30415E-01       4.72600E-02  9.78080E-01
  2.24415E-01  3.03030E-01  3.65005E-01  4.32080E-01  5.33385E-01       6.02490E-02  9.05520E-01
  1.62955E-01  2.21175E-01  2.68690E-01  3.21615E-01  4.05225E-01       5.19030E-02  7.11840E-01

  5.57675E-01  8.18598E-01  9.22328E-01  9.75380E-01  9.97555E-01      -5.89810E-01  1.00000E+00
  5.49245E-01  8.15543E-01  9.20313E-01  9.74300E-01  9.97113E-01      -9.42120E-01  1.00000E+00
  5.40552E-01  8.12915E-01  9.18303E-01  9.74123E-01  9.97408E-01      -9.32800E-01  1.00000E+00
  5.09720E-01  8.00362E-01  9.13370E-01  9.71467E-01  9.96760E-01      -9.23460E-01  1.00000E+00
  3.92340E-01  7.48737E-01  8.93325E-01  9.64888E-01  9.96035E-01      -1.00000E+00  1.00000E+00
  7.05905E-01  8.80367E-01  9.47817E-01  9.82393E-01  9.97973E-01      -2.36100E-01  1.00000E+00
  6.92775E-01  8.72345E-01  9.44710E-01  9.81537E-01  9.98175E-01      -4.49030E-01  1.00000E+00
  6.86180E-01  8.72055E-01  9.45782E-01  9.82340E-01  9.98117E-01      -5.83700E-01  1.00000E+00
  6.75115E-01  8.70313E-01  9.45500E-01  9.81375E-01  9.98117E-01      -5.10590E-01  1.00000E+00
  6.69343E-01  8.57015E-01  9.39275E-01  9.79985E-01  9.98180E-01      -5.10190E-01  1.00000E+00
  7.84060E-01  9.12353E-01  9.62627E-01  9.87468E-01  9.98600E-01       2.05700E-02  1.00000E+00
  7.75490E-01  9.10110E-01  9.61370E-01  9.88215E-01  9.98670E-01      -1.82240E-01  1.00000E+00
  7.84385E-01  9.14462E-01  9.63663E-01  9.88023E-01  9.98653E-01       3.45950E-02  1.00000E+00
  7.78872E-01  9.11205E-01  9.60378E-01  9.86502E-01  9.98582E-01       3.99380E-02  1.00000E+00
  7.67000E-01  9.05418E-01  9.58880E-01  9.86742E-01  9.98645E-01       5.58120E-02  1.00000E+00
  8.52940E-01  9.43647E-01  9.74598E-01  9.91655E-01  9.99067E-01       2.78030E-01  1.00000E+00
  8.49485E-01  9.39573E-01  9.74670E-01  9.91768E-01  9.99100E-01       3.70260E-01  1.00000E+00
  8.49947E-01  9.39723E-01  9.74340E-01  9.91532E-01  9.99145E-01       1.20330E-01  1.00000E+00
  8.48470E-01  9.38968E-01  9.73792E-01  9.91105E-01  9.99093E-01       1.25640E-01  1.00000E+00
  8.41700E-01  9.38232E-01  9.73575E-01  9.91185E-01  9.99065E-01       2.19310E-01  1.00000E+00
  9.30065E-01  9.72715E-01  9.88505E-01  9.96200E-01  9.99580E-01       5.70320E-01  1.00000E+00
  9.23272E-01  9.69398E-01  9.87275E-01  9.95710E-01  9.99523E-01       4.86790E-01  1.00000E+00
  9.23415E-01  9.68365E-01  9.86657E-01  9.95730E-01  9.99600E-01       5.53010E-01  1.00000E+00
  9.18115E-01  9.68122E-01  9.85662E-01  9.95317E-01  9.99517E-01       4.56620E-01  1.00000E+00
  9.17202E-01  9.66303E-01  9.85737E-01  9.95432E-01  9.99467E-01       6.43160E-01  1.00000E+00


   24.  52.00    6.  12.01  5.00E+03  8.00E+01  4.20E-01  1.90E-01     5   0.00

  2.20130E+02  1.26230E+03  2.37010E+03  3.30960E+03  4.08860E+03       9.11280E-02  4.74840E+03

  2.75220E-01  3.78880E-01  4.56970E-01  5.40995E-01  6.68400E-01       4.73280E-03  9.99160E-01
  1.84945E-01  2.49845E-01  3.02565E-01  3.60565E-01  4.51915E-01       4.73380E-02  8.52850E-01
  1.33475E-01  1.85090E-01  2.27925E-01  2.73980E-01  3.44895E-01       2.71630E-02  6.46260E-01
  1.03097E-01  1.43435E-01  1.76990E-01  2.13175E-01  2.67345E-01       1.17850E-02  4.96830E-01
  7.28290E-02  9.97595E-02  1.21845E-01  1.46455E-01  1.84620E-01       4.09170E-03  3.62800E-01

  7.02005E-01  8.79613E-01  9.48683E-01  9.83403E-01  9.98150E-01      -7.40780E-01  1.00000E+00
  7.05322E-01  8.80197E-01  9.48805E-01  9.83333E-01  9.98282E-01      -9.96340E-01  1.00000E+00
  6.98865E-01  8.78770E-01  9.48835E-01  9.83445E-01  9.98317E-01      -6.62450E-01  1.00000E+00
  6.86070E-01  8.72572E-01  9.44578E-01  9.82115E-01  9.98127E-01      -7.05990E-01  1.00000E+00
  6.37655E-01  8.53337E-01  9.37157E-01  9.79688E-01  9.97742E-01      -9.99820E-01  1.00000E+00
  8.74175E-01  9.51008E-01  9.79563E-01  9.93275E-01  9.99278E-01       2.01680E-01  1.00000E+00
  8.71958E-01  9.49150E-01  9.78072E-01  9.92862E-01  9.99238E-01       3.55490E-02  1.00000E+00
  8.68960E-01  9.47030E-01  9.77510E-01  9.92522E-01  9.99187E-01       3.23180E-01  1.00000E+00
  8.68613E-01  9.46995E-01  9.77165E-01  9.92387E-01  9.99147E-01       2.58940E-01  1.00000E+00
  8.67460E-01  9.46210E-01  9.76797E-01  9.92582E-01  9.99185E-01       1.17110E-01  1.00000E+00
  9.32330E-01  9.73463E-01  9.89110E-01  9.96512E-01  9.99625E-01       5.94000E-01  1.00000E+00
  9.26732E-01  9.69975E-01  9.87235E-01  9.95852E-01  9.99553E-01       5.34620E-01  1.00000E+00
  9.25605E-01  9.69638E-01  9.86770E-01  9.95595E-01  9.99543E-01       6.37410E-01  1.00000E+00
  9.29407E-01  9.71043E-01  9.87652E-01  9.95977E-01  9.99568E-01       5.52140E-01  1.00000E+00
  9.33095E-01  9.72615E-01  9.88430E-01  9.96252E-01  9.99580E-01       4.29250E-01  1.00000E+00
  9.62473E-01  9.84090E-01  9.92760E-01  9.97417E-01  9.99685E-01       7.70990E-01  1.00000E+00
  9.58105E-01  9.81712E-01  9.91838E-01  9.97240E-01  9.99698E-01       7.42750E-01  1.00000E+00
  9.59072E-01  9.82375E-01  9.92135E-01  9.97345E-01  9.99705E-01       7.42000E-01  1.00000E+00
  9.61380E-01  9.83695E-01  9.93030E-01  9.97657E-01  9.99760E-01       7.30670E-01  1.00000E+00
  9.65150E-01  9.86032E-01  9.93990E-01  9.98008E-01  9.99785E-01       7.54150E-01  1.00000E+00
  9.86810E-01  9.94585E-01  9.97618E-01  9.99193E-01  9.99910E-01       9.01090E-01  1.00000E+00
  9.83908E-01  9.93283E-01  9.97058E-01  9.99010E-01  9.99900E-01       8.76000E-01  1.00000E+00
  9.83405E-01  9.93053E-01  9.96965E-01  9.98990E-01  9.99885E-01       8.76850E-01  1.00000E+00
  9.83688E-01  9.93215E-01  9.97057E-01  9.99033E-01  9.99897E-01       8.90950E-01  1.00000E+00
  9.84482E-01  9.93657E-01  9.97275E-01  9.99093E-01  9.99905E-01       8.87470E-01  1.00000E+00


   24.  52.00    6.  12.01  5.00E+03  8.50E+01  8.61E-01  6.81E-01     5   0.00

  2.30630E+03  3.90080E+03  4.42140E+03  4.65390E+03  4.79350E+03       1.13860E-01  4.91380E+03

  1.29025E-01  1.83210E-01  2.31360E-01  2.89365E-01  3.94555E-01       6.24820E-03  9.99550E-01
  9.54855E-02  1.28520E-01  1.54635E-01  1.82885E-01  2.23235E-01       3.04890E-03  4.27330E-01
  7.62040E-02  9.97100E-02  1.18880E-01  1.39160E-01  1.67975E-01       9.38820E-03  2.88750E-01
  5.97325E-02  7.82240E-02  9.22330E-02  1.06799E-01  1.27600E-01       2.23480E-03  2.13290E-01
  4.13550E-02  5.47790E-02  6.47195E-02  7.49140E-02  8.98220E-02       5.28780E-04  1.54670E-01

  9.32807E-01  9.72792E-01  9.85997E-01  9.92858E-01  9.98417E-01      -1.52740E-01  1.00000E+00
  9.22068E-01  9.69965E-01  9.86880E-01  9.95197E-01  9.99405E-01      -5.53110E-01  1.00000E+00
  9.13230E-01  9.66677E-01  9.86010E-01  9.95420E-01  9.99520E-01      -4.30960E-01  1.00000E+00
  8.91578E-01  9.60077E-01  9.83648E-01  9.94702E-01  9.99440E-01      -5.90140E-01  1.00000E+00
  8.34322E-01  9.36747E-01  9.73830E-01  9.91425E-01  9.99120E-01      -9.99920E-01  1.00000E+00
  9.67723E-01  9.81715E-01  9.87890E-01  9.92445E-01  9.97957E-01       7.86590E-01  1.00000E+00
  9.71132E-01  9.85773E-01  9.92377E-01  9.96668E-01  9.99488E-01       8.43400E-01  1.00000E+00
  9.74448E-01  9.88668E-01  9.94682E-01  9.98045E-01  9.99770E-01       8.51020E-01  1.00000E+00
  9.78060E-01  9.90690E-01  9.95853E-01  9.98587E-01  9.99842E-01       8.33960E-01  1.00000E+00
  9.81917E-01  9.92800E-01  9.96953E-01  9.99005E-01  9.99892E-01       8.37110E-01  1.00000E+00
  9.86067E-01  9.92352E-01  9.95465E-01  9.97723E-01  9.99563E-01       9.37220E-01  1.00000E+00
  9.86872E-01  9.93560E-01  9.96803E-01  9.98820E-01  9.99865E-01       9.32830E-01  1.00000E+00
  9.88048E-01  9.94485E-01  9.97435E-01  9.99100E-01  9.99905E-01       9.38750E-01  1.00000E+00
  9.89685E-01  9.95500E-01  9.97977E-01  9.99323E-01  9.99930E-01       9.47160E-01  1.00000E+00
  9.91705E-01  9.96578E-01  9.98510E-01  9.99510E-01  9.99947E-01       9.48420E-01  1.00000E+00
  9.93968E-01  9.97038E-01  9.98493E-01  9.99413E-01  9.99930E-01       9.73670E-01  1.00000E+00
  9.93870E-01  9.97143E-01  9.98648E-01  9.99528E-01  9.99947E-01       9.66970E-01  1.00000E+00
  9.94287E-01  9.97437E-01  9.98830E-01  9.99607E-01  9.99958E-01       9.70020E-01  1.00000E+00
  9.94853E-01  9.97740E-01  9.98995E-01  9.99670E-01  9.99965E-01       9.72950E-01  1.00000E+00
  9.95838E-01  9.98267E-01  9.99252E-01  9.99755E-01  9.99975E-01       9.72000E-01  1.00000E+00
  9.97963E-01  9.99143E-01  9.99622E-01  9.99877E-01  9.99985E-01       9.86440E-01  1.00000E+00
  9.97700E-01  9.99020E-01  9.99568E-01  9.99855E-01  9.99985E-01       9.83730E-01  1.00000E+00
  9.97715E-01  9.99043E-01  9.99582E-01  9.99862E-01  9.99985E-01       9.85520E-01  1.00000E+00
  9.97803E-01  9.99085E-01  9.99605E-01  9.99872E-01  9.99985E-01       9.86740E-01  1.00000E+00
  9.98023E-01  9.99195E-01  9.99650E-01  9.99885E-01  9.99988E-01       9.86470E-01  1.00000E+00



