D_on_Be_1.00  also includes: pdf boundaries emin,emax, angmin, angmax....       
 
*  projectile surface binding energy parameter: 1.00 eV     
*  parameter esbparm only added in first of the 84 blocks
 
 
    1.   2.01    4.   9.01  1.00E+00  0.00E+00  0.00E+00  0.00E+00  1.00E+00   5   0.00

  0.00000E+00  0.00000E+00  0.00000E+00  0.00000E+00  0.00000E+00       0.00000E+00  0.00000E+00

  0.00000E+00  0.00000E+00  0.00000E+00  0.00000E+00  0.00000E+00       0.00000E+00  0.00000E+00
  0.00000E+00  0.00000E+00  0.00000E+00  0.00000E+00  0.00000E+00       0.00000E+00  0.00000E+00
  0.00000E+00  0.00000E+00  0.00000E+00  0.00000E+00  0.00000E+00       0.00000E+00  0.00000E+00
  0.00000E+00  0.00000E+00  0.00000E+00  0.00000E+00  0.00000E+00       0.00000E+00  0.00000E+00
  0.00000E+00  0.00000E+00  0.00000E+00  0.00000E+00  0.00000E+00       0.00000E+00  0.00000E+00

  0.00000E+00  0.00000E+00  0.00000E+00  0.00000E+00  0.00000E+00       0.00000E+00  0.00000E+00
  0.00000E+00  0.00000E+00  0.00000E+00  0.00000E+00  0.00000E+00       0.00000E+00  0.00000E+00
  0.00000E+00  0.00000E+00  0.00000E+00  0.00000E+00  0.00000E+00       0.00000E+00  0.00000E+00
  0.00000E+00  0.00000E+00  0.00000E+00  0.00000E+00  0.00000E+00       0.00000E+00  0.00000E+00
  0.00000E+00  0.00000E+00  0.00000E+00  0.00000E+00  0.00000E+00       0.00000E+00  0.00000E+00
  0.00000E+00  0.00000E+00  0.00000E+00  0.00000E+00  0.00000E+00       0.00000E+00  0.00000E+00
  0.00000E+00  0.00000E+00  0.00000E+00  0.00000E+00  0.00000E+00       0.00000E+00  0.00000E+00
  0.00000E+00  0.00000E+00  0.00000E+00  0.00000E+00  0.00000E+00       0.00000E+00  0.00000E+00
  0.00000E+00  0.00000E+00  0.00000E+00  0.00000E+00  0.00000E+00       0.00000E+00  0.00000E+00
  0.00000E+00  0.00000E+00  0.00000E+00  0.00000E+00  0.00000E+00       0.00000E+00  0.00000E+00
  0.00000E+00  0.00000E+00  0.00000E+00  0.00000E+00  0.00000E+00       0.00000E+00  0.00000E+00
  0.00000E+00  0.00000E+00  0.00000E+00  0.00000E+00  0.00000E+00       0.00000E+00  0.00000E+00
  0.00000E+00  0.00000E+00  0.00000E+00  0.00000E+00  0.00000E+00       0.00000E+00  0.00000E+00
  0.00000E+00  0.00000E+00  0.00000E+00  0.00000E+00  0.00000E+00       0.00000E+00  0.00000E+00
  0.00000E+00  0.00000E+00  0.00000E+00  0.00000E+00  0.00000E+00       0.00000E+00  0.00000E+00
  0.00000E+00  0.00000E+00  0.00000E+00  0.00000E+00  0.00000E+00       0.00000E+00  0.00000E+00
  0.00000E+00  0.00000E+00  0.00000E+00  0.00000E+00  0.00000E+00       0.00000E+00  0.00000E+00
  0.00000E+00  0.00000E+00  0.00000E+00  0.00000E+00  0.00000E+00       0.00000E+00  0.00000E+00
  0.00000E+00  0.00000E+00  0.00000E+00  0.00000E+00  0.00000E+00       0.00000E+00  0.00000E+00
  0.00000E+00  0.00000E+00  0.00000E+00  0.00000E+00  0.00000E+00       0.00000E+00  0.00000E+00
  0.00000E+00  0.00000E+00  0.00000E+00  0.00000E+00  0.00000E+00       0.00000E+00  0.00000E+00
  0.00000E+00  0.00000E+00  0.00000E+00  0.00000E+00  0.00000E+00       0.00000E+00  0.00000E+00
  0.00000E+00  0.00000E+00  0.00000E+00  0.00000E+00  0.00000E+00       0.00000E+00  0.00000E+00
  0.00000E+00  0.00000E+00  0.00000E+00  0.00000E+00  0.00000E+00       0.00000E+00  0.00000E+00
  0.00000E+00  0.00000E+00  0.00000E+00  0.00000E+00  0.00000E+00       0.00000E+00  0.00000E+00


    1.   2.01    4.   9.01  1.00E+00  3.00E+01  2.49E-03  3.71E-04     5   0.00

  4.66070E-02  9.34970E-02  1.36360E-01  1.85700E-01  2.70810E-01       2.47690E-03  4.46250E-01

  2.99770E-01  5.16075E-01  6.73720E-01  8.09475E-01  9.41055E-01       1.64460E-02  9.99920E-01
  2.90030E-01  5.09540E-01  6.59325E-01  7.97885E-01  9.28315E-01       1.77840E-02  9.99660E-01
  2.80485E-01  4.76490E-01  6.36115E-01  7.63790E-01  9.03595E-01       3.95360E-02  9.97630E-01
  2.50095E-01  4.31045E-01  5.78220E-01  7.19415E-01  8.87480E-01       2.59170E-02  9.98670E-01
  2.02210E-01  3.73210E-01  5.05675E-01  6.42590E-01  8.03855E-01       1.15210E-02  9.92610E-01

 -7.53410E-01 -3.12100E-02  4.91410E-01  7.49735E-01  9.76697E-01      -9.99960E-01  9.92560E-01
 -7.37415E-01  3.03625E-02  3.87232E-01  7.61380E-01  9.67855E-01      -9.96820E-01  9.83030E-01
 -8.13493E-01 -4.99784E-02  3.91222E-01  7.35847E-01  9.70082E-01      -9.99660E-01  9.76770E-01
 -7.04520E-01 -1.89139E-01  4.89297E-01  8.31090E-01  9.88845E-01      -9.99830E-01  9.96320E-01
 -7.69515E-01 -1.85003E-01  2.99745E-01  6.73955E-01  9.81148E-01      -1.00000E+00  9.96250E-01
 -2.91115E-01  2.81142E-01  6.21993E-01  8.10445E-01  9.58270E-01      -9.99760E-01  9.98580E-01
  2.32682E-02  4.58817E-01  7.44525E-01  9.25113E-01  9.95413E-01      -9.57610E-01  9.99630E-01
 -5.43915E-01  2.09699E-01  7.14562E-01  8.74775E-01  9.73958E-01      -9.98970E-01  9.94170E-01
 -5.09988E-01  3.06895E-01  6.89435E-01  9.00608E-01  9.85125E-01      -9.89990E-01  9.95250E-01
 -6.17731E-01  2.39242E-01  6.16880E-01  8.42875E-01  9.88807E-01      -9.98750E-01  9.98710E-01
  1.10429E-01  4.75395E-01  7.89922E-01  9.11795E-01  9.87845E-01      -6.97010E-01  9.97180E-01
  4.05916E-02  5.14502E-01  7.61565E-01  9.17360E-01  9.88848E-01      -8.26130E-01  9.98490E-01
 -7.99400E-02  5.99212E-01  7.86913E-01  9.12750E-01  9.89070E-01      -9.98490E-01  9.99220E-01
 -5.95150E-02  4.49027E-01  7.40348E-01  8.88190E-01  9.84390E-01      -9.96620E-01  9.99920E-01
 -3.18585E-01  3.27786E-01  7.00890E-01  8.97125E-01  9.79832E-01      -9.98990E-01  9.95550E-01
  3.16207E-01  6.32925E-01  8.41203E-01  9.44488E-01  9.94255E-01      -7.37880E-01  9.99520E-01
  2.60887E-01  6.27475E-01  8.16855E-01  9.31180E-01  9.92155E-01      -8.75730E-01  9.97420E-01
  1.69393E-01  5.48730E-01  7.80235E-01  9.13420E-01  9.94103E-01      -4.66170E-01  9.97610E-01
  2.03671E-01  6.71382E-01  8.69455E-01  9.71135E-01  9.97120E-01      -7.22460E-01  9.98790E-01
 -1.18592E-02  4.49863E-01  7.63535E-01  9.42568E-01  9.82940E-01      -9.71690E-01  9.99980E-01
  4.57948E-01  8.02292E-01  8.90127E-01  9.62268E-01  9.95772E-01      -1.98240E-01  9.98140E-01
  5.19227E-01  7.46117E-01  8.81280E-01  9.56655E-01  9.91635E-01      -1.03690E-01  9.98760E-01
  3.93910E-01  7.26823E-01  8.83390E-01  9.72520E-01  9.95915E-01      -1.23770E-01  9.99170E-01
  3.65277E-01  6.87848E-01  8.70770E-01  9.55015E-01  9.97185E-01      -5.42300E-01  9.98800E-01
  3.92047E-01  7.24630E-01  8.98027E-01  9.48727E-01  9.95250E-01      -9.85570E-01  9.97040E-01


    1.   2.01    4.   9.01  1.00E+00  4.50E+01  8.27E-03  1.56E-03     5   0.00

  6.34030E-02  1.22870E-01  1.75790E-01  2.37130E-01  3.31780E-01       2.16640E-03  5.37390E-01

  2.95665E-01  5.17940E-01  6.75105E-01  8.16095E-01  9.47045E-01       1.11870E-02  9.99850E-01
  2.74355E-01  4.83350E-01  6.40420E-01  7.89785E-01  9.31135E-01       1.40870E-03  9.99940E-01
  2.63435E-01  4.61240E-01  6.23235E-01  7.65705E-01  9.14960E-01       1.82250E-02  9.99740E-01
  2.28600E-01  4.20040E-01  5.73355E-01  7.19515E-01  8.89960E-01       1.39290E-02  9.99650E-01
  2.04615E-01  3.74255E-01  5.09495E-01  6.39870E-01  8.03075E-01       1.22700E-02  9.97180E-01

 -5.83448E-01  1.86845E-01  6.79083E-01  8.84555E-01  9.90503E-01      -9.98560E-01  9.99800E-01
 -7.21083E-01  1.14310E-02  5.83547E-01  8.71397E-01  9.82460E-01      -9.99990E-01  9.99450E-01
 -8.24820E-01 -9.34760E-02  5.24125E-01  8.66938E-01  9.84890E-01      -9.99990E-01  9.99830E-01
 -8.25997E-01 -1.37827E-01  4.66443E-01  8.21040E-01  9.88375E-01      -9.99910E-01  9.99970E-01
 -8.87543E-01 -3.01090E-01  2.76053E-01  7.13440E-01  9.62890E-01      -1.00000E+00  9.99870E-01
 -1.42562E-01  4.75898E-01  7.99765E-01  9.26077E-01  9.93278E-01      -9.86990E-01  9.99930E-01
 -2.53710E-01  3.33295E-01  7.49685E-01  9.03842E-01  9.91358E-01      -9.99910E-01  9.99830E-01
 -4.77105E-01  3.17965E-01  7.15225E-01  8.95527E-01  9.91127E-01      -9.99850E-01  9.99810E-01
 -6.09463E-01  1.51319E-01  5.61465E-01  8.57378E-01  9.87278E-01      -1.00000E+00  9.99880E-01
 -8.33283E-01 -6.38905E-02  4.55343E-01  8.58065E-01  9.81218E-01      -9.99930E-01  9.99950E-01
  1.96903E-01  6.35068E-01  8.37233E-01  9.52048E-01  9.92695E-01      -9.67380E-01  9.99980E-01
  7.00130E-02  5.50615E-01  8.07820E-01  9.37620E-01  9.92405E-01      -9.91290E-01  9.99950E-01
 -7.77475E-02  4.82360E-01  7.78957E-01  9.37410E-01  9.91877E-01      -9.97540E-01  9.99960E-01
 -1.84477E-01  4.25035E-01  7.56935E-01  9.13040E-01  9.89410E-01      -9.86120E-01  9.99710E-01
 -6.00302E-01  1.06530E-01  5.72750E-01  8.56230E-01  9.75898E-01      -9.99900E-01  9.99810E-01
  3.25595E-01  6.98277E-01  8.69303E-01  9.56728E-01  9.95410E-01      -5.77580E-01  9.99990E-01
  3.31272E-01  6.89925E-01  8.58770E-01  9.53782E-01  9.94057E-01      -7.86040E-01  9.99950E-01
  2.17592E-01  6.90468E-01  8.64815E-01  9.59380E-01  9.96895E-01      -9.79680E-01  9.99850E-01
  1.15417E-01  5.96278E-01  8.33672E-01  9.53285E-01  9.93818E-01      -9.98290E-01  9.99920E-01
 -1.47244E-01  3.71798E-01  7.10487E-01  9.22295E-01  9.93197E-01      -9.94960E-01  9.99900E-01
  4.88450E-01  7.83645E-01  9.08062E-01  9.70938E-01  9.97590E-01      -4.32670E-01  9.99980E-01
  4.68140E-01  7.68733E-01  8.94008E-01  9.65225E-01  9.96170E-01      -7.71870E-01  9.99830E-01
  4.29365E-01  7.65132E-01  9.00803E-01  9.64817E-01  9.95443E-01      -5.56450E-01  9.99950E-01
  4.21975E-01  7.12918E-01  8.79432E-01  9.59327E-01  9.96422E-01      -4.16890E-01  9.99960E-01
  4.24308E-01  7.35415E-01  8.75818E-01  9.55102E-01  9.94475E-01      -9.99860E-01  9.99980E-01


    1.   2.01    4.   9.01  1.00E+00  6.00E+01  2.06E-02  4.51E-03     5   0.00

  7.74520E-02  1.47620E-01  2.09840E-01  2.79220E-01  3.76240E-01       6.94790E-04  5.83280E-01

  3.06130E-01  5.32195E-01  6.96705E-01  8.29655E-01  9.46230E-01       6.20210E-03  9.99980E-01
  2.89100E-01  5.03180E-01  6.59025E-01  7.91095E-01  9.29045E-01       9.17190E-03  9.99930E-01
  2.69210E-01  4.74985E-01  6.32030E-01  7.72540E-01  9.14320E-01       2.43340E-03  9.99940E-01
  2.48670E-01  4.34985E-01  5.83835E-01  7.28220E-01  8.93050E-01       3.67640E-03  9.99800E-01
  2.01300E-01  3.69320E-01  4.98520E-01  6.33085E-01  8.02450E-01       6.07140E-03  9.99770E-01

 -7.15180E-01  3.65668E-02  4.96677E-01  8.11718E-01  9.79420E-01      -9.99970E-01  9.99860E-01
 -7.22015E-01 -4.96550E-03  4.57347E-01  8.09530E-01  9.81440E-01      -9.99850E-01  1.00000E+00
 -7.72040E-01  2.78125E-02  5.14470E-01  8.11550E-01  9.81910E-01      -1.00000E+00  9.99940E-01
 -8.49522E-01 -1.55909E-01  4.57478E-01  7.87695E-01  9.73350E-01      -1.00000E+00  9.99980E-01
 -8.73302E-01 -3.00828E-01  3.26073E-01  7.63423E-01  9.73115E-01      -9.99990E-01  9.99800E-01
 -1.47615E-01  4.16260E-01  7.11650E-01  8.86548E-01  9.85690E-01      -9.99920E-01  9.99970E-01
 -2.66192E-01  4.19588E-01  7.03895E-01  8.97387E-01  9.90395E-01      -9.99640E-01  9.99980E-01
 -3.63147E-01  3.78918E-01  7.03910E-01  9.01505E-01  9.90855E-01      -9.99860E-01  9.99940E-01
 -4.83445E-01  2.89963E-01  7.06800E-01  8.85505E-01  9.86008E-01      -9.99900E-01  9.99960E-01
 -8.05945E-01 -1.44941E-01  4.47263E-01  7.96310E-01  9.81240E-01      -1.00000E+00  9.99800E-01
  1.27825E-01  5.88375E-01  8.16732E-01  9.33285E-01  9.92250E-01      -9.99940E-01  9.99990E-01
  1.14954E-01  5.86330E-01  7.88635E-01  9.25415E-01  9.92790E-01      -9.22060E-01  9.99980E-01
 -7.34000E-04  5.66828E-01  7.94000E-01  9.24913E-01  9.91535E-01      -9.99900E-01  9.99980E-01
 -2.34385E-01  4.85582E-01  7.89025E-01  9.27623E-01  9.89690E-01      -9.96950E-01  9.99990E-01
 -6.98168E-01  9.92487E-02  6.08857E-01  8.68040E-01  9.84693E-01      -9.99990E-01  9.99990E-01
  2.93145E-01  6.94470E-01  8.53928E-01  9.46880E-01  9.93633E-01      -8.15660E-01  1.00000E+00
  3.09870E-01  6.87453E-01  8.54505E-01  9.47763E-01  9.95180E-01      -7.17730E-01  9.99960E-01
  3.18047E-01  6.91910E-01  8.60988E-01  9.56223E-01  9.93788E-01      -9.10770E-01  1.00000E+00
  1.03267E-01  6.41007E-01  8.39330E-01  9.38253E-01  9.94145E-01      -9.09100E-01  9.99980E-01
 -2.49373E-01  3.73288E-01  7.05860E-01  9.08137E-01  9.86007E-01      -9.99870E-01  9.99960E-01
  5.61177E-01  7.96737E-01  9.08575E-01  9.70023E-01  9.96575E-01      -2.65850E-01  9.99970E-01
  5.44983E-01  8.00422E-01  9.13525E-01  9.70668E-01  9.97105E-01      -6.04590E-01  1.00000E+00
  5.26018E-01  7.97015E-01  9.08365E-01  9.69475E-01  9.96302E-01      -7.42390E-01  1.00000E+00
  4.59027E-01  7.59132E-01  8.96590E-01  9.66827E-01  9.97050E-01      -5.51320E-01  1.00000E+00
  3.61187E-01  7.02187E-01  8.77210E-01  9.56722E-01  9.95510E-01      -9.99240E-01  9.99920E-01


    1.   2.01    4.   9.01  1.00E+00  7.00E+01  3.02E-02  7.15E-03     5   0.00

  8.37370E-02  1.60280E-01  2.28090E-01  3.03030E-01  4.04210E-01       3.14450E-04  6.17210E-01

  3.11720E-01  5.39220E-01  7.03100E-01  8.38710E-01  9.50865E-01       1.14870E-02  9.99950E-01
  2.91560E-01  5.15180E-01  6.73905E-01  8.08700E-01  9.32930E-01       7.38680E-03  9.99980E-01
  2.70805E-01  4.80555E-01  6.29175E-01  7.70505E-01  9.13050E-01       4.96060E-03  9.99780E-01
  2.49420E-01  4.47185E-01  5.95140E-01  7.35560E-01  8.93965E-01       5.48830E-03  9.99840E-01
  2.01770E-01  3.65665E-01  4.94060E-01  6.20245E-01  7.94870E-01       4.88080E-03  9.98410E-01

 -6.91043E-01  2.14975E-02  5.09772E-01  8.56875E-01  9.81863E-01      -1.00000E+00  9.99980E-01
 -7.67510E-01 -6.48398E-02  4.32327E-01  7.98045E-01  9.80442E-01      -1.00000E+00  9.99990E-01
 -8.16048E-01 -9.31457E-02  4.11747E-01  7.78512E-01  9.73115E-01      -1.00000E+00  9.99960E-01
 -8.60810E-01 -1.71446E-01  3.35290E-01  7.28228E-01  9.63668E-01      -1.00000E+00  9.99720E-01
 -8.95315E-01 -3.85990E-01  2.42829E-01  7.09158E-01  9.68293E-01      -1.00000E+00  9.99970E-01
 -2.13025E-01  3.77105E-01  7.04248E-01  9.06665E-01  9.91180E-01      -9.99670E-01  1.00000E+00
 -3.16277E-01  3.14915E-01  6.57630E-01  8.69860E-01  9.83830E-01      -9.99760E-01  9.99970E-01
 -4.29892E-01  3.14945E-01  6.72110E-01  8.82657E-01  9.86233E-01      -9.99990E-01  1.00000E+00
 -5.76887E-01  2.35547E-01  6.64347E-01  8.64870E-01  9.86545E-01      -9.99930E-01  9.99990E-01
 -8.15982E-01 -5.59800E-02  4.98090E-01  8.26295E-01  9.79137E-01      -9.99990E-01  9.99980E-01
  1.42648E-01  5.70315E-01  8.06747E-01  9.28893E-01  9.92627E-01      -9.69780E-01  9.99990E-01
  8.89625E-02  5.35915E-01  7.69642E-01  9.15005E-01  9.90747E-01      -9.87180E-01  9.99990E-01
  1.59702E-02  5.51048E-01  7.90580E-01  9.29323E-01  9.92013E-01      -9.99440E-01  9.99990E-01
 -1.96731E-01  4.71005E-01  7.72517E-01  9.18797E-01  9.90687E-01      -9.99990E-01  9.99980E-01
 -6.25085E-01  1.25829E-01  6.23097E-01  8.60025E-01  9.86233E-01      -1.00000E+00  9.99890E-01
  3.20493E-01  6.79035E-01  8.52780E-01  9.48395E-01  9.94493E-01      -7.80060E-01  1.00000E+00
  2.73923E-01  6.63545E-01  8.40025E-01  9.41235E-01  9.93788E-01      -9.08260E-01  9.99990E-01
  2.74910E-01  6.78702E-01  8.60005E-01  9.52342E-01  9.95332E-01      -9.99030E-01  1.00000E+00
  1.52067E-01  6.41055E-01  8.43565E-01  9.46420E-01  9.94777E-01      -9.99310E-01  1.00000E+00
 -2.27593E-01  3.94072E-01  7.29638E-01  9.07393E-01  9.91058E-01      -1.00000E+00  9.99990E-01
  5.34405E-01  7.85622E-01  9.02162E-01  9.70530E-01  9.96460E-01      -2.60910E-01  1.00000E+00
  5.70233E-01  8.07107E-01  9.16190E-01  9.71590E-01  9.96962E-01      -3.11520E-01  1.00000E+00
  5.51940E-01  7.98660E-01  9.07075E-01  9.71178E-01  9.96942E-01      -6.65980E-01  9.99990E-01
  5.00825E-01  7.96048E-01  9.09515E-01  9.68723E-01  9.96667E-01      -4.95720E-01  1.00000E+00
  4.19505E-01  7.39880E-01  8.91617E-01  9.63578E-01  9.96340E-01      -9.99360E-01  1.00000E+00


    1.   2.01    4.   9.01  1.00E+00  8.00E+01  3.80E-02  9.43E-03     5   0.00

  8.92860E-02  1.67550E-01  2.38990E-01  3.18340E-01  4.23350E-01       9.57610E-04  6.47100E-01

  2.99475E-01  5.29235E-01  6.94620E-01  8.32145E-01  9.50460E-01       1.08060E-02  9.99970E-01
  2.91475E-01  5.15080E-01  6.82325E-01  8.17330E-01  9.39580E-01       4.39540E-03  9.99950E-01
  2.75575E-01  4.95590E-01  6.47380E-01  7.83495E-01  9.20780E-01       2.47990E-03  9.99980E-01
  2.54290E-01  4.46735E-01  5.97050E-01  7.38545E-01  8.94710E-01       1.09720E-02  9.99970E-01
  1.98460E-01  3.59915E-01  4.84090E-01  6.11370E-01  7.84310E-01       5.02230E-03  9.99750E-01

 -6.99920E-01 -5.88125E-03  5.55510E-01  8.65810E-01  9.85918E-01      -9.99990E-01  9.99990E-01
 -7.55315E-01 -8.44818E-02  4.66320E-01  8.22670E-01  9.81237E-01      -1.00000E+00  9.99990E-01
 -8.37655E-01 -1.81264E-01  3.53105E-01  7.93068E-01  9.76753E-01      -1.00000E+00  1.00000E+00
 -8.64810E-01 -2.35327E-01  3.15738E-01  7.38290E-01  9.74315E-01      -1.00000E+00  1.00000E+00
 -9.11153E-01 -4.32600E-01  1.48210E-01  6.58035E-01  9.59348E-01      -1.00000E+00  9.99900E-01
 -2.01942E-01  3.92635E-01  7.40413E-01  9.16978E-01  9.90932E-01      -9.99630E-01  1.00000E+00
 -3.09415E-01  3.33538E-01  6.74960E-01  8.89482E-01  9.89470E-01      -9.99930E-01  1.00000E+00
 -4.65483E-01  2.57940E-01  6.35490E-01  8.68458E-01  9.87130E-01      -9.99910E-01  1.00000E+00
 -5.84140E-01  1.88972E-01  6.06243E-01  8.58927E-01  9.82508E-01      -1.00000E+00  1.00000E+00
 -7.95772E-01 -6.85033E-02  4.93673E-01  8.22270E-01  9.80485E-01      -1.00000E+00  9.99960E-01
  1.39395E-01  5.53227E-01  7.87072E-01  9.31190E-01  9.92688E-01      -9.54940E-01  1.00000E+00
  1.11918E-01  5.34227E-01  7.73375E-01  9.24227E-01  9.92072E-01      -9.99960E-01  9.99990E-01
  2.64832E-02  5.34427E-01  7.85628E-01  9.29207E-01  9.92428E-01      -9.99990E-01  1.00000E+00
 -1.89756E-01  4.75577E-01  7.45980E-01  9.09170E-01  9.89190E-01      -1.00000E+00  9.99990E-01
 -5.88485E-01  1.93733E-01  6.47205E-01  8.81947E-01  9.86315E-01      -1.00000E+00  9.99990E-01
  3.21472E-01  6.58937E-01  8.40215E-01  9.43680E-01  9.92810E-01      -7.60520E-01  1.00000E+00
  2.93488E-01  6.70050E-01  8.46122E-01  9.48678E-01  9.94595E-01      -7.87330E-01  1.00000E+00
  3.12515E-01  6.69488E-01  8.41212E-01  9.41645E-01  9.92420E-01      -8.66430E-01  1.00000E+00
  2.20798E-01  6.42820E-01  8.40052E-01  9.46518E-01  9.94838E-01      -8.81750E-01  1.00000E+00
 -1.90674E-01  4.27205E-01  7.37690E-01  9.21153E-01  9.93180E-01      -1.00000E+00  1.00000E+00
  5.82270E-01  8.09877E-01  9.17267E-01  9.71532E-01  9.97108E-01      -3.39410E-01  1.00000E+00
  5.82635E-01  8.03423E-01  9.10295E-01  9.69995E-01  9.96545E-01      -2.09500E-01  1.00000E+00
  5.98602E-01  8.14040E-01  9.19693E-01  9.73882E-01  9.96935E-01      -2.96040E-01  1.00000E+00
  5.70353E-01  8.28407E-01  9.22665E-01  9.74177E-01  9.96858E-01      -4.36930E-01  1.00000E+00
  4.50295E-01  7.59337E-01  8.96542E-01  9.65257E-01  9.96397E-01      -9.82470E-01  1.00000E+00


    1.   2.01    4.   9.01  1.00E+00  8.50E+01  4.03E-02  1.01E-02     5   0.00

  8.98480E-02  1.68590E-01  2.40230E-01  3.20710E-01  4.26300E-01       1.68150E-04  6.38600E-01

  3.05870E-01  5.31285E-01  6.95750E-01  8.30595E-01  9.48530E-01       8.05660E-03  9.99990E-01
  2.87180E-01  5.12205E-01  6.82320E-01  8.17875E-01  9.38825E-01       7.03770E-03  9.99990E-01
  2.70785E-01  4.88450E-01  6.45595E-01  7.83865E-01  9.20950E-01       3.07800E-03  9.99990E-01
  2.49695E-01  4.48610E-01  5.98685E-01  7.39510E-01  8.94990E-01       7.93560E-03  9.99990E-01
  2.03185E-01  3.60305E-01  4.87990E-01  6.10560E-01  7.81405E-01       4.93740E-03  9.98670E-01

 -7.53383E-01 -4.12336E-02  5.14432E-01  8.49955E-01  9.84067E-01      -1.00000E+00  9.99990E-01
 -7.42372E-01 -4.23415E-02  4.71172E-01  8.34252E-01  9.82003E-01      -1.00000E+00  1.00000E+00
 -8.25750E-01 -1.59110E-01  3.78145E-01  8.05785E-01  9.79525E-01      -1.00000E+00  1.00000E+00
 -8.63447E-01 -2.68288E-01  2.67278E-01  7.23668E-01  9.67015E-01      -1.00000E+00  9.99970E-01
 -9.03308E-01 -4.54502E-01  1.70730E-01  6.61640E-01  9.54835E-01      -1.00000E+00  9.99990E-01
 -2.21463E-01  3.64915E-01  7.31295E-01  9.16265E-01  9.92145E-01      -9.99900E-01  1.00000E+00
 -2.96945E-01  3.18740E-01  6.79885E-01  8.90168E-01  9.86950E-01      -1.00000E+00  9.99980E-01
 -4.69892E-01  2.10375E-01  6.05068E-01  8.52737E-01  9.78903E-01      -1.00000E+00  9.99990E-01
 -5.89030E-01  1.75905E-01  5.91147E-01  8.44533E-01  9.79297E-01      -9.99990E-01  9.99980E-01
 -8.15815E-01 -5.77675E-02  4.80565E-01  8.17512E-01  9.80315E-01      -9.99990E-01  9.99990E-01
  1.42421E-01  5.56570E-01  8.03165E-01  9.34098E-01  9.92135E-01      -9.61890E-01  9.99990E-01
  1.09007E-01  5.34870E-01  7.86013E-01  9.27160E-01  9.90685E-01      -9.96050E-01  1.00000E+00
  1.40775E-03  5.40870E-01  7.81850E-01  9.23828E-01  9.92447E-01      -9.99980E-01  9.99990E-01
 -1.78516E-01  4.83385E-01  7.63483E-01  9.19910E-01  9.91155E-01      -9.99090E-01  1.00000E+00
 -6.38373E-01  1.62759E-01  6.20738E-01  8.67862E-01  9.85440E-01      -1.00000E+00  9.99970E-01
  3.04075E-01  6.62415E-01  8.48000E-01  9.51157E-01  9.94880E-01      -7.36830E-01  9.99990E-01
  3.19472E-01  6.83367E-01  8.58925E-01  9.51968E-01  9.94505E-01      -8.93380E-01  1.00000E+00
  2.67705E-01  6.54438E-01  8.36465E-01  9.42925E-01  9.94070E-01      -9.84910E-01  1.00000E+00
  2.56755E-01  6.64730E-01  8.46213E-01  9.49862E-01  9.94783E-01      -9.99540E-01  1.00000E+00
 -2.75564E-01  4.03189E-01  7.47963E-01  9.13878E-01  9.90400E-01      -9.99980E-01  9.99990E-01
  5.62845E-01  7.91052E-01  9.01640E-01  9.67313E-01  9.96635E-01      -5.37990E-01  9.99990E-01
  5.71032E-01  7.91003E-01  9.05150E-01  9.67893E-01  9.96430E-01      -3.31790E-01  1.00000E+00
  5.89023E-01  8.14550E-01  9.16865E-01  9.70203E-01  9.96598E-01      -2.88960E-01  9.99990E-01
  5.47110E-01  8.23072E-01  9.26750E-01  9.75202E-01  9.97285E-01      -5.08030E-01  9.99990E-01
  4.51150E-01  7.67735E-01  8.96038E-01  9.67318E-01  9.96063E-01      -9.30640E-01  1.00000E+00


    1.   2.01    4.   9.01  2.00E+00  0.00E+00  5.38E-02  1.02E-02     5   0.00

  1.21440E-01  2.41960E-01  3.52450E-01  4.86270E-01  6.79970E-01       1.29540E-03  1.08170E+00

  3.15565E-01  5.41545E-01  6.98075E-01  8.24060E-01  9.41070E-01       5.35430E-03  9.99970E-01
  2.94545E-01  5.04100E-01  6.62580E-01  8.07620E-01  9.39460E-01       2.86600E-03  9.99990E-01
  2.75070E-01  4.82935E-01  6.57240E-01  8.07315E-01  9.40850E-01       8.04130E-03  9.99920E-01
  2.67185E-01  4.84375E-01  6.48165E-01  7.85980E-01  9.25380E-01       2.23660E-03  9.99980E-01
  2.17175E-01  3.90165E-01  5.26970E-01  6.57940E-01  8.21645E-01       6.98010E-03  9.99830E-01

 -9.46530E-01 -5.73690E-01  3.43419E-02  6.04357E-01  9.50723E-01      -1.00000E+00  1.00000E+00
 -9.47250E-01 -6.00115E-01 -3.60500E-04  5.88300E-01  9.55348E-01      -1.00000E+00  9.99980E-01
 -9.46843E-01 -6.00267E-01 -4.15125E-03  5.78728E-01  9.45395E-01      -1.00000E+00  9.99850E-01
 -9.55023E-01 -6.14788E-01 -3.44864E-02  5.78882E-01  9.47812E-01      -9.99990E-01  9.99960E-01
 -9.45395E-01 -5.81867E-01 -1.04541E-02  5.60098E-01  9.49958E-01      -1.00000E+00  9.99990E-01
 -9.57902E-01 -5.95370E-01 -2.31813E-02  5.53627E-01  9.41057E-01      -1.00000E+00  9.99990E-01
 -9.56512E-01 -5.94623E-01 -2.27490E-02  5.86950E-01  9.52822E-01      -1.00000E+00  9.99990E-01
 -9.44167E-01 -5.68715E-01  8.67720E-03  6.09665E-01  9.56263E-01      -1.00000E+00  9.99950E-01
 -9.40005E-01 -5.84520E-01  1.15348E-03  5.74742E-01  9.48143E-01      -1.00000E+00  1.00000E+00
 -9.49990E-01 -5.77650E-01  1.28026E-02  5.95208E-01  9.55140E-01      -1.00000E+00  9.99980E-01
 -9.45480E-01 -5.58832E-01  4.65943E-02  6.16663E-01  9.50163E-01      -1.00000E+00  9.99990E-01
 -9.54098E-01 -6.19165E-01 -4.91531E-02  5.88633E-01  9.46118E-01      -1.00000E+00  9.99960E-01
 -9.52660E-01 -6.04700E-01 -3.19398E-02  5.75440E-01  9.46895E-01      -1.00000E+00  9.99980E-01
 -9.44163E-01 -5.97492E-01 -2.54042E-02  5.57365E-01  9.44492E-01      -1.00000E+00  1.00000E+00
 -9.49008E-01 -5.68603E-01  2.03756E-02  6.12800E-01  9.53372E-01      -1.00000E+00  9.99990E-01
 -9.51730E-01 -5.97225E-01  2.96227E-03  5.83767E-01  9.47038E-01      -1.00000E+00  9.99990E-01
 -9.49835E-01 -5.85150E-01  1.63694E-02  6.00118E-01  9.54722E-01      -1.00000E+00  1.00000E+00
 -9.48768E-01 -5.62750E-01  1.31040E-02  5.99800E-01  9.46837E-01      -1.00000E+00  9.99960E-01
 -9.50422E-01 -5.94973E-01 -7.82605E-03  6.07472E-01  9.47088E-01      -1.00000E+00  9.99990E-01
 -9.52367E-01 -5.98298E-01 -2.92407E-02  5.73347E-01  9.45998E-01      -1.00000E+00  9.99980E-01
 -9.49107E-01 -5.81975E-01  9.64375E-03  6.18865E-01  9.56370E-01      -1.00000E+00  9.99950E-01
 -9.53605E-01 -5.99723E-01 -3.83672E-02  5.94585E-01  9.58677E-01      -1.00000E+00  9.99970E-01
 -9.41972E-01 -5.70528E-01  8.96025E-03  5.92588E-01  9.55488E-01      -1.00000E+00  9.99960E-01
 -9.50785E-01 -6.01827E-01 -1.25545E-02  5.79785E-01  9.42415E-01      -1.00000E+00  1.00000E+00
 -9.52052E-01 -5.94658E-01  4.51368E-03  5.89553E-01  9.56307E-01      -1.00000E+00  1.00000E+00


    1.   2.01    4.   9.01  2.00E+00  3.00E+01  1.09E-01  2.76E-02     5   0.00

  1.74390E-01  3.38260E-01  4.89550E-01  6.56710E-01  8.69190E-01       1.26910E-03  1.35930E+00

  3.16705E-01  5.53435E-01  7.11685E-01  8.39940E-01  9.51550E-01       1.77860E-03  1.00000E+00
  3.03925E-01  5.29415E-01  6.86825E-01  8.18165E-01  9.41055E-01       1.97010E-03  9.99980E-01
  2.83005E-01  4.99830E-01  6.54700E-01  7.95575E-01  9.30340E-01       6.89660E-03  9.99960E-01
  2.54670E-01  4.52170E-01  6.05280E-01  7.48735E-01  9.05715E-01       2.63270E-03  9.99990E-01
  2.04920E-01  3.65895E-01  4.95820E-01  6.30710E-01  8.00890E-01       2.78750E-03  9.99910E-01

 -9.25360E-01 -5.02725E-01  5.97464E-02  6.12855E-01  9.55383E-01      -1.00000E+00  9.99990E-01
 -9.24300E-01 -4.99393E-01  4.77574E-02  5.96470E-01  9.52893E-01      -1.00000E+00  9.99990E-01
 -9.29697E-01 -4.80035E-01  7.64081E-02  6.09585E-01  9.55715E-01      -1.00000E+00  9.99990E-01
 -9.31910E-01 -5.04657E-01  6.04510E-02  5.92060E-01  9.51013E-01      -1.00000E+00  1.00000E+00
 -9.43160E-01 -5.59717E-01  4.58055E-02  6.17458E-01  9.53747E-01      -1.00000E+00  9.99980E-01
 -8.20407E-01 -1.27873E-01  4.04520E-01  7.84125E-01  9.74720E-01      -1.00000E+00  1.00000E+00
 -8.36413E-01 -1.42222E-01  3.87643E-01  7.67405E-01  9.72015E-01      -1.00000E+00  1.00000E+00
 -8.65540E-01 -2.03439E-01  3.87418E-01  7.69525E-01  9.76050E-01      -1.00000E+00  1.00000E+00
 -8.83018E-01 -2.46010E-01  3.32885E-01  7.67597E-01  9.74140E-01      -1.00000E+00  9.99990E-01
 -9.13695E-01 -3.97448E-01  2.35490E-01  7.11615E-01  9.64153E-01      -1.00000E+00  1.00000E+00
 -5.69560E-01  1.33518E-01  5.73302E-01  8.40518E-01  9.82048E-01      -1.00000E+00  1.00000E+00
 -5.67720E-01  1.39302E-01  5.91158E-01  8.56592E-01  9.83462E-01      -1.00000E+00  1.00000E+00
 -6.37082E-01  1.28536E-01  5.71922E-01  8.51930E-01  9.83093E-01      -1.00000E+00  1.00000E+00
 -7.41372E-01  1.09010E-02  5.15502E-01  8.22792E-01  9.80520E-01      -1.00000E+00  1.00000E+00
 -8.58115E-01 -2.76800E-01  3.59353E-01  7.70517E-01  9.73435E-01      -1.00000E+00  1.00000E+00
 -2.06291E-01  3.79575E-01  7.12873E-01  9.00243E-01  9.89890E-01      -9.99970E-01  1.00000E+00
 -2.26030E-01  3.91645E-01  7.05915E-01  8.96885E-01  9.89472E-01      -9.99990E-01  1.00000E+00
 -2.22917E-01  3.78110E-01  7.11180E-01  8.97308E-01  9.89302E-01      -9.99960E-01  1.00000E+00
 -2.74248E-01  3.64257E-01  7.12442E-01  9.02397E-01  9.89123E-01      -9.99990E-01  1.00000E+00
 -5.62207E-01  1.44778E-01  5.91882E-01  8.56173E-01  9.81045E-01      -1.00000E+00  1.00000E+00
  2.10199E-01  6.45110E-01  8.41238E-01  9.45708E-01  9.93862E-01      -9.70890E-01  1.00000E+00
  2.20301E-01  6.43848E-01  8.42103E-01  9.44427E-01  9.94180E-01      -9.94110E-01  1.00000E+00
  2.23589E-01  6.49660E-01  8.48598E-01  9.51570E-01  9.94992E-01      -9.83430E-01  1.00000E+00
  2.23313E-01  6.43555E-01  8.36413E-01  9.43392E-01  9.93905E-01      -9.79610E-01  1.00000E+00
  1.69434E-01  6.24800E-01  8.32040E-01  9.44085E-01  9.94308E-01      -9.99980E-01  1.00000E+00


    1.   2.01    4.   9.01  2.00E+00  4.50E+01  1.77E-01  5.42E-02     5   0.00

  2.29070E-01  4.31000E-01  6.06280E-01  7.85190E-01  1.00780E+00       6.47490E-04  1.49160E+00

  3.20105E-01  5.52330E-01  7.10495E-01  8.40525E-01  9.49570E-01       1.82510E-03  1.00000E+00
  3.08110E-01  5.33715E-01  6.91190E-01  8.22050E-01  9.41360E-01       2.08040E-03  9.99980E-01
  2.80110E-01  4.94325E-01  6.49885E-01  7.89545E-01  9.28060E-01       2.58370E-03  9.99990E-01
  2.51260E-01  4.46015E-01  5.94165E-01  7.35245E-01  8.91375E-01       3.41450E-03  9.99980E-01
  1.95905E-01  3.51625E-01  4.77335E-01  6.02755E-01  7.72780E-01       2.09110E-03  9.99930E-01

 -9.13380E-01 -4.86233E-01  4.46557E-02  6.04398E-01  9.50695E-01      -1.00000E+00  1.00000E+00
 -9.30567E-01 -5.13700E-01  2.96297E-02  5.78705E-01  9.43802E-01      -1.00000E+00  1.00000E+00
 -9.21952E-01 -5.10632E-01  9.74400E-03  5.80947E-01  9.47002E-01      -1.00000E+00  1.00000E+00
 -9.31363E-01 -5.28458E-01  2.81320E-02  5.96668E-01  9.53113E-01      -1.00000E+00  1.00000E+00
 -9.42913E-01 -5.54688E-01  2.43772E-02  5.94847E-01  9.53473E-01      -1.00000E+00  1.00000E+00
 -6.83930E-01 -2.14025E-02  4.38357E-01  7.71175E-01  9.72170E-01      -1.00000E+00  1.00000E+00
 -6.97497E-01 -1.79073E-02  4.36590E-01  7.88075E-01  9.73402E-01      -1.00000E+00  1.00000E+00
 -7.45920E-01 -4.21995E-02  4.44685E-01  7.92148E-01  9.75135E-01      -1.00000E+00  1.00000E+00
 -8.21880E-01 -1.37941E-01  4.18530E-01  7.77832E-01  9.76185E-01      -1.00000E+00  1.00000E+00
 -8.92860E-01 -3.20250E-01  2.87077E-01  7.34112E-01  9.70168E-01      -1.00000E+00  1.00000E+00
 -3.11880E-01  2.85313E-01  6.22557E-01  8.66995E-01  9.86305E-01      -1.00000E+00  1.00000E+00
 -3.41737E-01  2.81730E-01  6.29990E-01  8.59895E-01  9.83560E-01      -1.00000E+00  1.00000E+00
 -3.77480E-01  2.81720E-01  6.59995E-01  8.75110E-01  9.86203E-01      -1.00000E+00  1.00000E+00
 -5.05532E-01  2.05355E-01  6.09522E-01  8.61090E-01  9.84677E-01      -1.00000E+00  1.00000E+00
 -7.88793E-01 -9.72183E-02  4.64370E-01  8.12095E-01  9.78577E-01      -1.00000E+00  1.00000E+00
  2.93575E-02  5.09158E-01  7.70127E-01  9.15885E-01  9.90070E-01      -9.99510E-01  1.00000E+00
  2.90448E-02  5.16535E-01  7.79353E-01  9.23610E-01  9.91665E-01      -9.96850E-01  1.00000E+00
  2.44405E-02  5.07297E-01  7.65692E-01  9.21735E-01  9.91250E-01      -9.97640E-01  1.00000E+00
 -1.13278E-02  5.10515E-01  7.64588E-01  9.17200E-01  9.90995E-01      -9.99620E-01  1.00000E+00
 -3.22945E-01  3.38299E-01  7.06290E-01  8.99083E-01  9.88703E-01      -9.99980E-01  1.00000E+00
  4.44102E-01  7.36598E-01  8.79465E-01  9.59075E-01  9.95653E-01      -7.88880E-01  1.00000E+00
  4.39153E-01  7.37048E-01  8.77557E-01  9.59505E-01  9.95455E-01      -7.14650E-01  1.00000E+00
  4.57310E-01  7.52270E-01  8.83478E-01  9.59008E-01  9.95488E-01      -6.66800E-01  1.00000E+00
  4.52462E-01  7.63672E-01  8.94698E-01  9.64130E-01  9.96123E-01      -6.50740E-01  1.00000E+00
  4.03810E-01  7.41070E-01  8.83892E-01  9.62485E-01  9.96252E-01      -9.99940E-01  1.00000E+00


    1.   2.01    4.   9.01  2.00E+00  6.00E+01  2.68E-01  9.75E-02     5   0.00

  2.93540E-01  5.34000E-01  7.29430E-01  9.19930E-01  1.15600E+00       4.81770E-04  1.57790E+00

  3.17450E-01  5.49305E-01  7.09620E-01  8.38775E-01  9.49140E-01       2.83780E-03  1.00000E+00
  3.14455E-01  5.43430E-01  7.00265E-01  8.30245E-01  9.45765E-01       3.02080E-03  1.00000E+00
  2.82375E-01  4.98550E-01  6.55705E-01  7.92330E-01  9.28110E-01       6.34970E-04  1.00000E+00
  2.52375E-01  4.40740E-01  5.83155E-01  7.21750E-01  8.79605E-01       3.10800E-03  1.00000E+00
  1.90665E-01  3.43180E-01  4.66565E-01  5.91560E-01  7.52945E-01       2.01500E-03  9.99970E-01

 -8.99375E-01 -4.90157E-01  2.69030E-02  5.84140E-01  9.51200E-01      -1.00000E+00  1.00000E+00
 -9.18392E-01 -5.10007E-01  8.25325E-03  5.70858E-01  9.48638E-01      -1.00000E+00  1.00000E+00
 -9.30772E-01 -5.34452E-01  1.37325E-03  5.60845E-01  9.48985E-01      -1.00000E+00  1.00000E+00
 -9.42493E-01 -5.61345E-01 -1.80662E-02  5.69220E-01  9.44925E-01      -1.00000E+00  1.00000E+00
 -9.48553E-01 -5.82287E-01 -1.57385E-02  5.70970E-01  9.47483E-01      -1.00000E+00  1.00000E+00
 -5.69723E-01  2.13490E-02  4.28058E-01  7.54382E-01  9.70760E-01      -1.00000E+00  1.00000E+00
 -5.84388E-01  2.42388E-02  4.54222E-01  7.83743E-01  9.74367E-01      -1.00000E+00  1.00000E+00
 -6.79523E-01 -1.51000E-03  4.55280E-01  7.94790E-01  9.75780E-01      -1.00000E+00  1.00000E+00
 -7.73018E-01 -8.35730E-02  4.30223E-01  7.80270E-01  9.74715E-01      -1.00000E+00  1.00000E+00
 -8.80008E-01 -2.83339E-01  3.07422E-01  7.35040E-01  9.69768E-01      -1.00000E+00  1.00000E+00
 -1.41204E-01  3.56182E-01  6.63083E-01  8.82110E-01  9.87043E-01      -9.99970E-01  1.00000E+00
 -1.73266E-01  3.60190E-01  6.53560E-01  8.75452E-01  9.86643E-01      -1.00000E+00  1.00000E+00
 -2.34755E-01  3.56348E-01  6.78620E-01  8.76020E-01  9.84990E-01      -9.99990E-01  1.00000E+00
 -3.42948E-01  2.95660E-01  6.71498E-01  8.83943E-01  9.87167E-01      -1.00000E+00  1.00000E+00
 -6.92260E-01  2.34460E-02  5.28625E-01  8.37000E-01  9.80385E-01      -1.00000E+00  1.00000E+00
  1.85204E-01  5.78680E-01  7.79425E-01  9.14857E-01  9.90260E-01      -8.93500E-01  1.00000E+00
  2.10230E-01  6.07890E-01  8.10085E-01  9.29275E-01  9.92657E-01      -9.46920E-01  1.00000E+00
  1.99486E-01  6.06565E-01  8.20675E-01  9.37738E-01  9.92822E-01      -9.99730E-01  1.00000E+00
  1.73967E-01  5.92198E-01  8.04870E-01  9.33478E-01  9.92880E-01      -9.99980E-01  1.00000E+00
 -1.03703E-01  4.88308E-01  7.70505E-01  9.20848E-01  9.91848E-01      -1.00000E+00  1.00000E+00
  5.52553E-01  7.98312E-01  9.11765E-01  9.69365E-01  9.96805E-01      -5.65230E-01  1.00000E+00
  5.65357E-01  7.99948E-01  9.11703E-01  9.70295E-01  9.96650E-01      -7.14830E-01  1.00000E+00
  5.70135E-01  8.04390E-01  9.09358E-01  9.68810E-01  9.96527E-01      -5.52270E-01  1.00000E+00
  5.73492E-01  8.15408E-01  9.16860E-01  9.71213E-01  9.96780E-01      -4.77590E-01  1.00000E+00
  5.50455E-01  8.05793E-01  9.16865E-01  9.72475E-01  9.96990E-01      -9.99520E-01  1.00000E+00


    1.   2.01    4.   9.01  2.00E+00  7.00E+01  3.25E-01  1.29E-01     5   0.00

  3.32310E-01  5.96300E-01  8.02030E-01  9.98360E-01  1.23890E+00       7.72730E-04  1.62230E+00

  3.16785E-01  5.48475E-01  7.07575E-01  8.38040E-01  9.49150E-01       2.02820E-03  9.99990E-01
  3.14550E-01  5.45300E-01  7.03255E-01  8.33240E-01  9.47320E-01       3.62940E-03  9.99980E-01
  2.84745E-01  4.99245E-01  6.58545E-01  7.94020E-01  9.28845E-01       1.39520E-03  1.00000E+00
  2.48795E-01  4.39690E-01  5.80065E-01  7.15885E-01  8.72160E-01       1.94830E-03  1.00000E+00
  1.86135E-01  3.35700E-01  4.55740E-01  5.80465E-01  7.39920E-01       1.88960E-03  9.99720E-01

 -8.95987E-01 -4.79863E-01  4.40210E-02  5.95360E-01  9.51603E-01      -1.00000E+00  1.00000E+00
 -9.13500E-01 -4.90660E-01  3.94095E-02  5.86102E-01  9.49628E-01      -1.00000E+00  1.00000E+00
 -9.27210E-01 -5.29327E-01  3.02475E-03  5.67380E-01  9.46662E-01      -1.00000E+00  1.00000E+00
 -9.40078E-01 -5.55042E-01 -1.87690E-02  5.54635E-01  9.46170E-01      -1.00000E+00  1.00000E+00
 -9.49463E-01 -5.90882E-01 -3.29045E-02  5.59607E-01  9.48662E-01      -1.00000E+00  1.00000E+00
 -5.10127E-01  4.05482E-02  4.44635E-01  7.62147E-01  9.70915E-01      -1.00000E+00  1.00000E+00
 -5.65465E-01  3.81370E-02  4.64350E-01  7.73505E-01  9.72577E-01      -1.00000E+00  1.00000E+00
 -6.33060E-01  1.80790E-02  4.52318E-01  7.88720E-01  9.74635E-01      -1.00000E+00  1.00000E+00
 -7.42440E-01 -7.60917E-02  4.17357E-01  7.75270E-01  9.73755E-01      -1.00000E+00  1.00000E+00
 -8.73720E-01 -2.77258E-01  3.10815E-01  7.37090E-01  9.69942E-01      -1.00000E+00  1.00000E+00
 -8.21193E-02  3.94135E-01  6.89460E-01  8.85490E-01  9.86352E-01      -9.99990E-01  1.00000E+00
 -9.87785E-02  4.02950E-01  6.83452E-01  8.88165E-01  9.87925E-01      -9.99880E-01  1.00000E+00
 -1.38305E-01  3.99995E-01  6.91615E-01  8.85667E-01  9.87173E-01      -9.99990E-01  1.00000E+00
 -2.58822E-01  3.61742E-01  6.98793E-01  8.95485E-01  9.88023E-01      -1.00000E+00  1.00000E+00
 -6.47952E-01  8.65440E-02  5.50837E-01  8.45782E-01  9.82575E-01      -1.00000E+00  1.00000E+00
  2.49358E-01  6.05777E-01  7.92825E-01  9.22503E-01  9.91452E-01      -8.65400E-01  1.00000E+00
  2.78960E-01  6.36155E-01  8.18442E-01  9.30657E-01  9.92208E-01      -9.04040E-01  1.00000E+00
  2.89395E-01  6.50070E-01  8.41777E-01  9.45300E-01  9.93870E-01      -8.77770E-01  1.00000E+00
  2.87685E-01  6.46475E-01  8.39662E-01  9.46122E-01  9.94380E-01      -9.89840E-01  1.00000E+00
  8.92325E-02  5.81945E-01  8.11220E-01  9.34305E-01  9.92780E-01      -9.99990E-01  1.00000E+00
  6.09795E-01  8.29235E-01  9.22135E-01  9.73638E-01  9.97123E-01      -5.64620E-01  1.00000E+00
  6.12505E-01  8.31338E-01  9.25232E-01  9.75467E-01  9.97345E-01      -4.82710E-01  1.00000E+00
  6.12467E-01  8.23620E-01  9.24122E-01  9.74928E-01  9.97418E-01      -5.03340E-01  1.00000E+00
  6.25412E-01  8.33195E-01  9.26152E-01  9.75565E-01  9.97363E-01      -4.81450E-01  1.00000E+00
  6.03320E-01  8.33498E-01  9.25752E-01  9.74892E-01  9.97200E-01      -7.70300E-01  1.00000E+00


    1.   2.01    4.   9.01  2.00E+00  8.00E+01  3.64E-01  1.52E-01     5   0.00

  3.59030E-01  6.37160E-01  8.50720E-01  1.05000E+00  1.29400E+00       2.18790E-03  1.65550E+00

  3.14580E-01  5.46190E-01  7.05055E-01  8.36730E-01  9.48850E-01       8.80430E-04  1.00000E+00
  3.15380E-01  5.45685E-01  7.04700E-01  8.34540E-01  9.48035E-01       1.75430E-03  1.00000E+00
  2.85060E-01  4.99845E-01  6.58540E-01  7.95285E-01  9.28590E-01       2.56700E-03  9.99990E-01
  2.47915E-01  4.39895E-01  5.79100E-01  7.12360E-01  8.67935E-01       1.04680E-03  1.00000E+00
  1.81655E-01  3.28155E-01  4.46760E-01  5.66995E-01  7.24625E-01       6.36000E-04  9.98460E-01

 -8.88012E-01 -4.60940E-01  5.78670E-02  6.05098E-01  9.54925E-01      -1.00000E+00  1.00000E+00
 -9.03465E-01 -4.85658E-01  4.39193E-02  5.95670E-01  9.51885E-01      -1.00000E+00  1.00000E+00
 -9.27148E-01 -5.27745E-01  2.37500E-03  5.73473E-01  9.46342E-01      -1.00000E+00  1.00000E+00
 -9.41048E-01 -5.61823E-01 -1.11677E-02  5.59800E-01  9.44380E-01      -1.00000E+00  1.00000E+00
 -9.47975E-01 -5.81560E-01  2.13250E-04  5.91312E-01  9.51427E-01      -1.00000E+00  1.00000E+00
 -4.64533E-01  8.31446E-02  4.69567E-01  7.81675E-01  9.75745E-01      -9.99990E-01  1.00000E+00
 -5.26083E-01  5.86553E-02  4.64028E-01  7.71355E-01  9.71112E-01      -1.00000E+00  1.00000E+00
 -6.01508E-01  3.19345E-02  4.55360E-01  7.87218E-01  9.74025E-01      -1.00000E+00  1.00000E+00
 -7.29545E-01 -5.52650E-02  4.27300E-01  7.77802E-01  9.76280E-01      -1.00000E+00  1.00000E+00
 -8.76663E-01 -2.84538E-01  3.05420E-01  7.32420E-01  9.68163E-01      -1.00000E+00  1.00000E+00
 -2.23033E-02  4.25907E-01  7.07645E-01  8.88977E-01  9.86005E-01      -9.99730E-01  1.00000E+00
 -5.18925E-02  4.24457E-01  6.95843E-01  8.95320E-01  9.88230E-01      -9.99980E-01  1.00000E+00
 -8.60059E-02  4.27662E-01  7.04973E-01  8.89728E-01  9.87585E-01      -1.00000E+00  1.00000E+00
 -1.83552E-01  3.91615E-01  7.15863E-01  8.95470E-01  9.89043E-01      -1.00000E+00  1.00000E+00
 -5.82512E-01  1.41510E-01  5.87843E-01  8.54988E-01  9.83860E-01      -1.00000E+00  1.00000E+00
  2.98558E-01  6.34305E-01  8.04425E-01  9.28198E-01  9.91957E-01      -7.85120E-01  1.00000E+00
  3.27280E-01  6.67602E-01  8.31428E-01  9.36965E-01  9.92968E-01      -9.14840E-01  1.00000E+00
  3.42690E-01  6.80225E-01  8.53543E-01  9.46810E-01  9.94202E-01      -8.85140E-01  1.00000E+00
  3.40065E-01  6.77900E-01  8.51797E-01  9.51110E-01  9.94855E-01      -9.91530E-01  1.00000E+00
  1.80515E-01  6.26663E-01  8.34608E-01  9.42055E-01  9.93725E-01      -1.00000E+00  1.00000E+00
  6.41548E-01  8.47490E-01  9.31055E-01  9.76368E-01  9.97455E-01      -3.91120E-01  1.00000E+00
  6.49292E-01  8.48492E-01  9.34368E-01  9.77973E-01  9.97655E-01      -3.92570E-01  1.00000E+00
  6.47467E-01  8.45150E-01  9.33055E-01  9.77442E-01  9.97585E-01      -4.88330E-01  1.00000E+00
  6.54955E-01  8.46475E-01  9.32478E-01  9.77680E-01  9.97680E-01      -4.07050E-01  1.00000E+00
  6.50070E-01  8.53808E-01  9.35700E-01  9.78605E-01  9.97665E-01      -6.00560E-01  1.00000E+00


    1.   2.01    4.   9.01  2.00E+00  8.50E+01  3.74E-01  1.59E-01     5   0.00

  3.67150E-01  6.48790E-01  8.63290E-01  1.06300E+00  1.30750E+00       8.08400E-04  1.65880E+00

  3.14805E-01  5.47380E-01  7.07575E-01  8.39015E-01  9.49305E-01       2.97860E-03  9.99990E-01
  3.15530E-01  5.48315E-01  7.07095E-01  8.37385E-01  9.48850E-01       2.20220E-03  1.00000E+00
  2.86840E-01  4.99780E-01  6.57430E-01  7.95015E-01  9.27380E-01       1.85270E-03  1.00000E+00
  2.49655E-01  4.39045E-01  5.78620E-01  7.10110E-01  8.66830E-01       3.30450E-04  1.00000E+00
  1.82065E-01  3.27065E-01  4.44115E-01  5.64705E-01  7.22005E-01       1.00220E-03  9.99530E-01

 -8.81458E-01 -4.62278E-01  6.82230E-02  6.18350E-01  9.55280E-01      -1.00000E+00  1.00000E+00
 -9.03843E-01 -4.84210E-01  2.78705E-02  5.85595E-01  9.49420E-01      -1.00000E+00  1.00000E+00
 -9.22735E-01 -5.23540E-01  2.06550E-02  5.84635E-01  9.50415E-01      -1.00000E+00  1.00000E+00
 -9.35475E-01 -5.54053E-01  1.88500E-03  5.66030E-01  9.47478E-01      -1.00000E+00  1.00000E+00
 -9.51215E-01 -5.95105E-01 -3.05175E-02  5.67302E-01  9.48773E-01      -1.00000E+00  1.00000E+00
 -4.59068E-01  7.77160E-02  4.60060E-01  7.72270E-01  9.72832E-01      -1.00000E+00  1.00000E+00
 -5.21065E-01  6.99498E-02  4.74755E-01  7.79225E-01  9.73510E-01      -1.00000E+00  1.00000E+00
 -5.80695E-01  4.60380E-02  4.72115E-01  7.89755E-01  9.74175E-01      -1.00000E+00  1.00000E+00
 -7.28180E-01 -4.49098E-02  4.33645E-01  7.81780E-01  9.74182E-01      -1.00000E+00  1.00000E+00
 -8.73100E-01 -2.81680E-01  3.04118E-01  7.32580E-01  9.67833E-01      -1.00000E+00  1.00000E+00
 -1.60535E-02  4.25793E-01  7.06078E-01  8.86495E-01  9.85912E-01      -9.99790E-01  1.00000E+00
 -2.78095E-02  4.34973E-01  7.02960E-01  8.97918E-01  9.89113E-01      -9.99890E-01  1.00000E+00
 -6.48853E-02  4.37307E-01  7.07902E-01  8.89220E-01  9.87165E-01      -9.99990E-01  1.00000E+00
 -1.51090E-01  4.13362E-01  7.23640E-01  8.99232E-01  9.88690E-01      -9.99990E-01  1.00000E+00
 -5.74525E-01  1.60625E-01  5.93357E-01  8.56100E-01  9.83295E-01      -1.00000E+00  1.00000E+00
  3.12975E-01  6.42413E-01  8.12230E-01  9.34455E-01  9.92975E-01      -7.69340E-01  1.00000E+00
  3.34008E-01  6.70650E-01  8.31325E-01  9.37250E-01  9.92900E-01      -7.58880E-01  1.00000E+00
  3.59850E-01  6.95460E-01  8.58718E-01  9.50298E-01  9.94378E-01      -8.87440E-01  1.00000E+00
  3.50078E-01  6.87625E-01  8.59363E-01  9.53593E-01  9.94968E-01      -8.91710E-01  1.00000E+00
  1.85405E-01  6.35598E-01  8.35555E-01  9.43480E-01  9.93665E-01      -1.00000E+00  1.00000E+00
  6.58175E-01  8.50085E-01  9.32858E-01  9.77075E-01  9.97395E-01      -4.04870E-01  1.00000E+00
  6.59257E-01  8.55350E-01  9.37012E-01  9.78993E-01  9.97715E-01      -4.38420E-01  1.00000E+00
  6.57753E-01  8.49455E-01  9.34540E-01  9.78645E-01  9.97720E-01      -5.26670E-01  1.00000E+00
  6.59952E-01  8.47468E-01  9.31667E-01  9.77575E-01  9.97677E-01      -3.71610E-01  1.00000E+00
  6.55362E-01  8.54055E-01  9.36705E-01  9.78250E-01  9.97663E-01      -7.27280E-01  1.00000E+00


    1.   2.01    4.   9.01  5.00E+00  0.00E+00  3.06E-01  8.46E-02     5   0.00

  5.58610E-01  1.02440E+00  1.33590E+00  1.70820E+00  2.25380E+00       7.48730E-04  3.47940E+00

  3.33155E-01  5.70395E-01  7.26795E-01  8.49670E-01  9.53440E-01       2.74350E-03  1.00000E+00
  3.62015E-01  6.04740E-01  7.55100E-01  8.67985E-01  9.60510E-01       1.91150E-03  9.99990E-01
  3.37985E-01  5.68345E-01  7.18980E-01  8.40000E-01  9.46660E-01       4.44090E-03  1.00000E+00
  3.01780E-01  5.17510E-01  6.68055E-01  8.02565E-01  9.35630E-01       2.72170E-03  9.99990E-01
  2.43060E-01  4.30405E-01  5.73660E-01  7.09820E-01  8.64215E-01       7.81570E-04  9.99980E-01

 -9.49780E-01 -5.74215E-01  2.23920E-02  5.96085E-01  9.54198E-01      -1.00000E+00  1.00000E+00
 -9.51595E-01 -5.79500E-01  1.11258E-02  5.95023E-01  9.52122E-01      -1.00000E+00  1.00000E+00
 -9.48762E-01 -5.91383E-01  1.30426E-02  5.87200E-01  9.52832E-01      -1.00000E+00  1.00000E+00
 -9.49840E-01 -5.88873E-01  1.98504E-02  6.01653E-01  9.51910E-01      -1.00000E+00  1.00000E+00
 -9.48503E-01 -5.80290E-01  5.60245E-03  5.94915E-01  9.52390E-01      -1.00000E+00  1.00000E+00
 -9.49370E-01 -5.84888E-01  1.07738E-02  5.99803E-01  9.53873E-01      -1.00000E+00  1.00000E+00
 -9.53842E-01 -6.01983E-01 -3.36882E-02  5.68463E-01  9.50268E-01      -1.00000E+00  1.00000E+00
 -9.47317E-01 -5.79427E-01  6.48657E-03  5.93543E-01  9.53660E-01      -1.00000E+00  1.00000E+00
 -9.53288E-01 -5.92292E-01  1.10104E-02  5.85352E-01  9.52578E-01      -1.00000E+00  1.00000E+00
 -9.50535E-01 -5.83835E-01  1.15393E-02  5.85915E-01  9.51670E-01      -1.00000E+00  1.00000E+00
 -9.52257E-01 -5.86562E-01  9.00203E-03  5.92932E-01  9.49530E-01      -1.00000E+00  1.00000E+00
 -9.47547E-01 -5.77940E-01  1.47502E-02  5.94252E-01  9.52080E-01      -1.00000E+00  1.00000E+00
 -9.51602E-01 -5.92562E-01  1.16758E-02  5.92633E-01  9.48732E-01      -1.00000E+00  1.00000E+00
 -9.44495E-01 -5.75213E-01  7.10828E-03  5.98252E-01  9.52257E-01      -1.00000E+00  1.00000E+00
 -9.53007E-01 -5.97278E-01 -7.97433E-03  5.83002E-01  9.52137E-01      -1.00000E+00  1.00000E+00
 -9.51468E-01 -5.89198E-01 -6.84483E-03  5.74433E-01  9.45450E-01      -1.00000E+00  1.00000E+00
 -9.51615E-01 -5.92025E-01 -6.40725E-03  5.92095E-01  9.51550E-01      -1.00000E+00  1.00000E+00
 -9.52503E-01 -5.90842E-01  8.03027E-03  5.95560E-01  9.51838E-01      -1.00000E+00  1.00000E+00
 -9.52965E-01 -5.91440E-01 -6.82025E-04  5.86827E-01  9.49423E-01      -1.00000E+00  1.00000E+00
 -9.48817E-01 -5.96482E-01 -6.87795E-03  5.82565E-01  9.52953E-01      -1.00000E+00  1.00000E+00
 -9.50650E-01 -5.94590E-01 -7.64143E-03  5.86712E-01  9.50773E-01      -1.00000E+00  1.00000E+00
 -9.49603E-01 -5.92945E-01  3.42167E-03  5.87803E-01  9.50107E-01      -1.00000E+00  1.00000E+00
 -9.49625E-01 -5.88548E-01 -1.79834E-02  5.85647E-01  9.48468E-01      -1.00000E+00  1.00000E+00
 -9.49923E-01 -5.88083E-01  1.32400E-02  5.90812E-01  9.50128E-01      -1.00000E+00  1.00000E+00
 -9.49750E-01 -5.87430E-01  8.23013E-03  5.88305E-01  9.50395E-01      -1.00000E+00  1.00000E+00


    1.   2.01    4.   9.01  5.00E+00  3.00E+01  4.14E-01  1.50E-01     5   0.00

  6.92850E-01  1.27820E+00  1.77090E+00  2.30460E+00  2.95880E+00       1.83540E-03  4.05530E+00

  3.34100E-01  5.68955E-01  7.25740E-01  8.48675E-01  9.53645E-01       1.16820E-03  9.99990E-01
  3.39560E-01  5.72920E-01  7.27605E-01  8.49800E-01  9.54110E-01       5.82410E-04  9.99990E-01
  3.29545E-01  5.55290E-01  7.06765E-01  8.30055E-01  9.43055E-01       4.10620E-04  1.00000E+00
  2.85500E-01  4.89885E-01  6.36190E-01  7.69455E-01  9.12020E-01       1.68770E-03  9.99990E-01
  2.11450E-01  3.73615E-01  4.99210E-01  6.24395E-01  7.83425E-01       1.88410E-03  9.99860E-01

 -9.66918E-01 -7.18425E-01 -2.31980E-01  4.13598E-01  9.22013E-01      -1.00000E+00  1.00000E+00
 -9.64938E-01 -6.95673E-01 -2.00125E-01  4.39460E-01  9.28133E-01      -1.00000E+00  1.00000E+00
 -9.63507E-01 -6.82785E-01 -1.68725E-01  4.59717E-01  9.28405E-01      -1.00000E+00  1.00000E+00
 -9.61980E-01 -6.58985E-01 -1.18447E-01  5.05765E-01  9.38550E-01      -1.00000E+00  1.00000E+00
 -9.54133E-01 -6.14862E-01 -4.47305E-02  5.50083E-01  9.44723E-01      -1.00000E+00  1.00000E+00
 -9.65668E-01 -7.30982E-01 -2.92702E-01  3.54573E-01  9.10343E-01      -1.00000E+00  1.00000E+00
 -9.62087E-01 -7.04438E-01 -2.57451E-01  3.62065E-01  9.12040E-01      -1.00000E+00  1.00000E+00
 -9.56725E-01 -6.86625E-01 -2.26799E-01  4.13685E-01  9.22063E-01      -1.00000E+00  1.00000E+00
 -9.56475E-01 -6.64112E-01 -1.67702E-01  4.54333E-01  9.31610E-01      -1.00000E+00  1.00000E+00
 -9.54022E-01 -6.19927E-01 -7.34456E-02  5.24390E-01  9.40168E-01      -1.00000E+00  1.00000E+00
 -7.75858E-01 -2.31404E-01  2.30831E-01  6.73380E-01  9.60985E-01      -1.00000E+00  1.00000E+00
 -7.75787E-01 -1.79905E-01  2.89015E-01  6.99780E-01  9.64180E-01      -1.00000E+00  1.00000E+00
 -7.82727E-01 -1.42255E-01  3.45440E-01  7.36090E-01  9.70860E-01      -1.00000E+00  1.00000E+00
 -8.27257E-01 -1.58399E-01  3.75100E-01  7.62885E-01  9.71867E-01      -1.00000E+00  1.00000E+00
 -9.04303E-01 -3.38025E-01  2.74220E-01  7.30905E-01  9.68187E-01      -1.00000E+00  1.00000E+00
 -3.05588E-01  2.71587E-01  6.18630E-01  8.52707E-01  9.83393E-01      -1.00000E+00  1.00000E+00
 -3.15500E-01  3.05682E-01  6.56517E-01  8.75568E-01  9.86238E-01      -1.00000E+00  1.00000E+00
 -3.29208E-01  3.12015E-01  6.73198E-01  8.84902E-01  9.86455E-01      -1.00000E+00  1.00000E+00
 -3.73765E-01  2.77213E-01  6.60090E-01  8.82635E-01  9.86230E-01      -1.00000E+00  1.00000E+00
 -5.68135E-01  1.18792E-01  5.71782E-01  8.45640E-01  9.83248E-01      -1.00000E+00  1.00000E+00
  2.93630E-01  6.73445E-01  8.50610E-01  9.47925E-01  9.94510E-01      -9.99210E-01  1.00000E+00
  2.74293E-01  6.67050E-01  8.50545E-01  9.49420E-01  9.94742E-01      -9.90390E-01  1.00000E+00
  2.64377E-01  6.59005E-01  8.46345E-01  9.47470E-01  9.94130E-01      -1.00000E+00  1.00000E+00
  2.70872E-01  6.58828E-01  8.46797E-01  9.48443E-01  9.94650E-01      -9.49740E-01  1.00000E+00
  2.46207E-01  6.56802E-01  8.44627E-01  9.49333E-01  9.94843E-01      -9.99910E-01  1.00000E+00


    1.   2.01    4.   9.01  5.00E+00  4.50E+01  5.42E-01  2.39E-01     5   0.00

  8.90890E-01  1.65810E+00  2.27230E+00  2.82020E+00  3.41020E+00       5.63820E-04  4.34320E+00

  3.22120E-01  5.52650E-01  7.09805E-01  8.36965E-01  9.48040E-01       1.05620E-03  1.00000E+00
  3.37685E-01  5.72800E-01  7.27885E-01  8.50835E-01  9.53770E-01       3.45840E-03  1.00000E+00
  3.14940E-01  5.35620E-01  6.82755E-01  8.06845E-01  9.30705E-01       3.00480E-03  9.99990E-01
  2.62395E-01  4.50905E-01  5.87495E-01  7.17195E-01  8.69580E-01       6.27620E-04  9.99970E-01
  1.84855E-01  3.28790E-01  4.42355E-01  5.55565E-01  7.06600E-01       7.41160E-04  9.99990E-01

 -9.76435E-01 -7.87965E-01 -3.73615E-01  2.71182E-01  8.93308E-01      -1.00000E+00  1.00000E+00
 -9.76480E-01 -7.73495E-01 -3.30888E-01  3.13215E-01  9.05018E-01      -1.00000E+00  1.00000E+00
 -9.73413E-01 -7.48305E-01 -2.79615E-01  3.81540E-01  9.16268E-01      -1.00000E+00  1.00000E+00
 -9.69797E-01 -7.11487E-01 -2.07923E-01  4.34352E-01  9.27152E-01      -1.00000E+00  1.00000E+00
 -9.59610E-01 -6.48308E-01 -9.21543E-02  5.19448E-01  9.39515E-01      -1.00000E+00  1.00000E+00
 -8.23885E-01 -4.30360E-01 -1.72000E-03  5.26435E-01  9.39725E-01      -1.00000E+00  1.00000E+00
 -8.51585E-01 -4.32163E-01 -1.86250E-03  5.28405E-01  9.39202E-01      -1.00000E+00  1.00000E+00
 -8.68077E-01 -4.26725E-01  2.45025E-02  5.40430E-01  9.39708E-01      -1.00000E+00  1.00000E+00
 -9.00320E-01 -4.43010E-01  4.20025E-02  5.61052E-01  9.41430E-01      -1.00000E+00  1.00000E+00
 -9.33163E-01 -5.07345E-01  4.68125E-02  5.89142E-01  9.48387E-01      -1.00000E+00  1.00000E+00
 -3.68845E-01  1.32891E-01  4.73178E-01  7.73105E-01  9.72607E-01      -1.00000E+00  1.00000E+00
 -3.65723E-01  1.84187E-01  5.31615E-01  8.03863E-01  9.75735E-01      -9.99990E-01  1.00000E+00
 -3.73687E-01  2.19240E-01  5.78455E-01  8.33930E-01  9.80097E-01      -1.00000E+00  1.00000E+00
 -4.45195E-01  2.24766E-01  6.13835E-01  8.58300E-01  9.83682E-01      -1.00000E+00  1.00000E+00
 -7.00832E-01 -4.41210E-03  5.02953E-01  8.24005E-01  9.79995E-01      -1.00000E+00  1.00000E+00
  1.03080E-01  5.22517E-01  7.54543E-01  9.06145E-01  9.89435E-01      -9.99720E-01  1.00000E+00
  1.01928E-01  5.37737E-01  7.72972E-01  9.17565E-01  9.90825E-01      -9.95110E-01  1.00000E+00
  1.10517E-01  5.56887E-01  7.87552E-01  9.25485E-01  9.91772E-01      -9.99970E-01  1.00000E+00
  9.90567E-02  5.61453E-01  7.95835E-01  9.29190E-01  9.92225E-01      -9.99700E-01  1.00000E+00
 -2.62030E-02  5.06850E-01  7.72092E-01  9.21127E-01  9.91590E-01      -1.00000E+00  1.00000E+00
  5.37003E-01  7.87270E-01  9.04062E-01  9.66925E-01  9.96300E-01      -5.13170E-01  1.00000E+00
  5.35950E-01  7.87120E-01  9.01523E-01  9.66608E-01  9.96448E-01      -8.44390E-01  1.00000E+00
  5.41872E-01  7.91137E-01  9.07617E-01  9.69620E-01  9.96803E-01      -6.59000E-01  1.00000E+00
  5.57485E-01  8.00667E-01  9.11200E-01  9.70158E-01  9.96733E-01      -6.28920E-01  1.00000E+00
  5.69418E-01  8.09957E-01  9.16420E-01  9.72260E-01  9.97067E-01      -9.99670E-01  1.00000E+00


    1.   2.01    4.   9.01  5.00E+00  6.00E+01  7.00E-01  3.71E-01     5   0.00

  1.21770E+00  2.16920E+00  2.81190E+00  3.32380E+00  3.81860E+00       1.19450E-03  4.50910E+00

  3.17525E-01  5.44680E-01  7.01360E-01  8.31295E-01  9.45520E-01       1.97810E-03  1.00000E+00
  3.29940E-01  5.60055E-01  7.16880E-01  8.43935E-01  9.51310E-01       2.48370E-03  1.00000E+00
  2.90615E-01  4.96890E-01  6.39355E-01  7.65380E-01  9.03055E-01       1.80710E-03  1.00000E+00
  2.34935E-01  4.07915E-01  5.34725E-01  6.57440E-01  8.10005E-01       8.93010E-04  9.99960E-01
  1.64185E-01  2.92005E-01  3.92785E-01  4.94485E-01  6.34425E-01       1.33310E-03  9.97630E-01

 -9.68820E-01 -7.48722E-01 -3.33232E-01  3.16462E-01  9.06702E-01      -1.00000E+00  1.00000E+00
 -9.68820E-01 -7.46025E-01 -3.16505E-01  3.34155E-01  9.12255E-01      -1.00000E+00  1.00000E+00
 -9.70200E-01 -7.38270E-01 -2.93677E-01  3.55925E-01  9.15368E-01      -1.00000E+00  1.00000E+00
 -9.68345E-01 -7.24490E-01 -2.49130E-01  3.87572E-01  9.20015E-01      -1.00000E+00  1.00000E+00
 -9.63935E-01 -6.79110E-01 -1.57182E-01  4.69105E-01  9.32665E-01      -1.00000E+00  1.00000E+00
 -5.14770E-01 -6.81480E-02  2.92445E-01  6.85610E-01  9.60025E-01      -1.00000E+00  1.00000E+00
 -5.40887E-01 -6.07798E-02  2.99327E-01  6.80727E-01  9.60790E-01      -1.00000E+00  1.00000E+00
 -5.92520E-01 -6.23550E-02  3.14485E-01  6.80893E-01  9.58387E-01      -1.00000E+00  1.00000E+00
 -6.53992E-01 -7.43975E-02  3.53463E-01  7.12483E-01  9.62882E-01      -1.00000E+00  1.00000E+00
 -8.25917E-01 -2.36271E-01  2.95003E-01  7.17755E-01  9.66200E-01      -1.00000E+00  1.00000E+00
 -9.92500E-04  3.91360E-01  6.42408E-01  8.48395E-01  9.82757E-01      -9.92970E-01  1.00000E+00
  1.24913E-02  4.31432E-01  6.82553E-01  8.66247E-01  9.82277E-01      -9.91870E-01  1.00000E+00
  4.41685E-02  4.81533E-01  7.27825E-01  8.96292E-01  9.88387E-01      -9.99940E-01  1.00000E+00
  3.73308E-02  5.07302E-01  7.59942E-01  9.14525E-01  9.89757E-01      -9.99990E-01  1.00000E+00
 -2.22635E-01  3.93990E-01  7.16962E-01  9.01225E-01  9.89292E-01      -1.00000E+00  1.00000E+00
  3.68685E-01  6.65838E-01  8.30288E-01  9.36503E-01  9.92892E-01      -7.03830E-01  1.00000E+00
  3.88147E-01  6.87350E-01  8.43898E-01  9.43167E-01  9.93777E-01      -7.64050E-01  1.00000E+00
  4.11855E-01  7.13320E-01  8.61895E-01  9.51187E-01  9.94440E-01      -8.47490E-01  1.00000E+00
  4.26725E-01  7.29478E-01  8.73320E-01  9.55930E-01  9.95230E-01      -7.49750E-01  1.00000E+00
  4.19363E-01  7.37370E-01  8.81903E-01  9.59583E-01  9.95670E-01      -1.00000E+00  1.00000E+00
  6.91825E-01  8.57378E-01  9.34185E-01  9.77092E-01  9.97432E-01      -2.82680E-01  1.00000E+00
  6.98982E-01  8.63410E-01  9.38007E-01  9.79085E-01  9.97740E-01      -1.49190E-01  1.00000E+00
  7.10120E-01  8.70028E-01  9.41475E-01  9.80745E-01  9.97885E-01      -2.70100E-01  1.00000E+00
  7.18445E-01  8.75985E-01  9.44438E-01  9.81540E-01  9.97973E-01      -2.81740E-01  1.00000E+00
  7.38830E-01  8.87798E-01  9.51225E-01  9.83918E-01  9.98305E-01      -1.38130E-01  1.00000E+00


    1.   2.01    4.   9.01  5.00E+00  7.00E+01  7.95E-01  4.67E-01     5   0.00

  1.48580E+00  2.51650E+00  3.14210E+00  3.61110E+00  4.04960E+00       2.15730E-03  4.59020E+00

  3.17010E-01  5.43835E-01  7.00430E-01  8.31065E-01  9.46555E-01       2.32360E-03  1.00000E+00
  3.16210E-01  5.42670E-01  6.99370E-01  8.29195E-01  9.43495E-01       2.10020E-03  1.00000E+00
  2.72345E-01  4.68795E-01  6.07895E-01  7.33635E-01  8.76095E-01       1.52030E-03  1.00000E+00
  2.20940E-01  3.83305E-01  5.05145E-01  6.21530E-01  7.69210E-01       8.84230E-04  9.99730E-01
  1.51405E-01  2.68665E-01  3.61710E-01  4.57315E-01  5.87490E-01       8.72490E-04  9.69550E-01

 -9.02215E-01 -6.31292E-01 -2.24011E-01  3.85387E-01  9.16430E-01      -1.00000E+00  1.00000E+00
 -9.27418E-01 -6.51748E-01 -2.24727E-01  3.86613E-01  9.20785E-01      -1.00000E+00  1.00000E+00
 -9.48135E-01 -6.71755E-01 -2.24452E-01  4.01873E-01  9.21110E-01      -1.00000E+00  1.00000E+00
 -9.57497E-01 -6.77140E-01 -1.99865E-01  4.15378E-01  9.22355E-01      -1.00000E+00  1.00000E+00
 -9.59110E-01 -6.58643E-01 -1.40810E-01  4.68998E-01  9.30853E-01      -1.00000E+00  1.00000E+00
 -2.77470E-01  1.43358E-01  4.58510E-01  7.70987E-01  9.72025E-01      -1.00000E+00  1.00000E+00
 -2.88330E-01  1.48044E-01  4.60152E-01  7.64960E-01  9.70822E-01      -1.00000E+00  1.00000E+00
 -3.11518E-01  1.65846E-01  4.88502E-01  7.70728E-01  9.71553E-01      -1.00000E+00  1.00000E+00
 -3.75327E-01  1.79524E-01  5.29332E-01  8.01550E-01  9.74148E-01      -1.00000E+00  1.00000E+00
 -6.65170E-01  2.21000E-03  4.76068E-01  8.03255E-01  9.75430E-01      -1.00000E+00  1.00000E+00
  2.02990E-01  5.27210E-01  7.29783E-01  8.88382E-01  9.86950E-01      -9.05370E-01  1.00000E+00
  2.18800E-01  5.59135E-01  7.59757E-01  9.02983E-01  9.87720E-01      -8.94580E-01  1.00000E+00
  2.51192E-01  5.98718E-01  7.94342E-01  9.22713E-01  9.91090E-01      -9.08740E-01  1.00000E+00
  2.78898E-01  6.39780E-01  8.25128E-01  9.37682E-01  9.92990E-01      -9.51180E-01  1.00000E+00
  1.45925E-01  6.04718E-01  8.21927E-01  9.38740E-01  9.93393E-01      -1.00000E+00  1.00000E+00
  5.14405E-01  7.51450E-01  8.76977E-01  9.54707E-01  9.94723E-01      -4.79600E-01  1.00000E+00
  5.28533E-01  7.61583E-01  8.82293E-01  9.58207E-01  9.95392E-01      -5.31410E-01  1.00000E+00
  5.51072E-01  7.81327E-01  8.95917E-01  9.63200E-01  9.95975E-01      -5.63990E-01  1.00000E+00
  5.81198E-01  8.04612E-01  9.10280E-01  9.69045E-01  9.96645E-01      -5.74640E-01  1.00000E+00
  6.05452E-01  8.25192E-01  9.22427E-01  9.74322E-01  9.97245E-01      -9.99140E-01  1.00000E+00
  7.74025E-01  8.97792E-01  9.53755E-01  9.84125E-01  9.98197E-01      -1.46260E-02  1.00000E+00
  7.81317E-01  9.02598E-01  9.56668E-01  9.85340E-01  9.98360E-01      -6.43250E-03  1.00000E+00
  7.87140E-01  9.05845E-01  9.58163E-01  9.85805E-01  9.98430E-01      -6.09310E-02  1.00000E+00
  7.99462E-01  9.13050E-01  9.61377E-01  9.87075E-01  9.98550E-01       4.96620E-02  1.00000E+00
  8.15140E-01  9.21898E-01  9.66138E-01  9.88880E-01  9.98798E-01       7.23220E-02  1.00000E+00


    1.   2.01    4.   9.01  5.00E+00  8.00E+01  8.56E-01  5.39E-01     5   0.00

  1.71770E+00  2.77720E+00  3.37410E+00  3.80210E+00  4.20850E+00       5.52680E-03  4.63980E+00

  3.14065E-01  5.42405E-01  7.00180E-01  8.32200E-01  9.47175E-01       1.73890E-03  1.00000E+00
  3.01010E-01  5.21430E-01  6.78080E-01  8.11440E-01  9.33905E-01       2.55160E-03  1.00000E+00
  2.57555E-01  4.47160E-01  5.81880E-01  7.07720E-01  8.52965E-01       2.42990E-03  9.99990E-01
  2.07010E-01  3.62165E-01  4.79200E-01  5.91830E-01  7.35685E-01       1.12270E-03  9.97010E-01
  1.40320E-01  2.50655E-01  3.38995E-01  4.28670E-01  5.50970E-01       1.57170E-03  9.07660E-01

 -8.07503E-01 -4.96435E-01 -8.55150E-02  4.76322E-01  9.32355E-01      -1.00000E+00  1.00000E+00
 -8.42555E-01 -5.23790E-01 -1.11285E-01  4.57823E-01  9.28845E-01      -1.00000E+00  1.00000E+00
 -8.85617E-01 -5.55640E-01 -1.18666E-01  4.54873E-01  9.28227E-01      -1.00000E+00  1.00000E+00
 -9.29943E-01 -6.00882E-01 -1.28591E-01  4.66782E-01  9.32280E-01      -1.00000E+00  1.00000E+00
 -9.54355E-01 -6.30607E-01 -9.41127E-02  5.08302E-01  9.36010E-01      -1.00000E+00  1.00000E+00
 -7.50983E-02  3.05358E-01  5.84077E-01  8.37130E-01  9.81395E-01      -1.00000E+00  1.00000E+00
 -8.31025E-02  3.08998E-01  5.78665E-01  8.23832E-01  9.78795E-01      -9.99570E-01  1.00000E+00
 -8.01600E-02  3.34137E-01  6.07095E-01  8.29103E-01  9.79208E-01      -9.99820E-01  1.00000E+00
 -1.19618E-01  3.70100E-01  6.57770E-01  8.62513E-01  9.83432E-01      -1.00000E+00  1.00000E+00
 -4.26804E-01  2.23257E-01  6.12097E-01  8.60095E-01  9.84075E-01      -1.00000E+00  1.00000E+00
  3.38620E-01  6.24127E-01  7.95230E-01  9.20415E-01  9.91003E-01      -7.65140E-01  1.00000E+00
  3.62085E-01  6.48595E-01  8.14825E-01  9.25872E-01  9.91273E-01      -7.41590E-01  1.00000E+00
  3.92388E-01  6.83412E-01  8.40090E-01  9.42603E-01  9.93330E-01      -7.47410E-01  1.00000E+00
  4.25755E-01  7.17795E-01  8.64908E-01  9.52427E-01  9.94635E-01      -7.61830E-01  1.00000E+00
  3.73900E-01  7.16570E-01  8.74148E-01  9.56900E-01  9.95425E-01      -1.00000E+00  1.00000E+00
  6.08985E-01  8.04450E-01  9.06825E-01  9.66710E-01  9.96195E-01      -4.65140E-01  1.00000E+00
  6.19367E-01  8.11820E-01  9.08743E-01  9.67995E-01  9.96620E-01      -3.01620E-01  1.00000E+00
  6.39080E-01  8.26642E-01  9.19275E-01  9.71187E-01  9.96790E-01      -3.00340E-01  1.00000E+00
  6.71018E-01  8.47310E-01  9.29965E-01  9.75715E-01  9.97452E-01      -3.45780E-01  1.00000E+00
  6.98830E-01  8.67560E-01  9.41102E-01  9.80182E-01  9.97888E-01      -4.19720E-01  1.00000E+00
  8.25375E-01  9.21943E-01  9.64838E-01  9.88060E-01  9.98647E-01       3.81410E-02  1.00000E+00
  8.30030E-01  9.26105E-01  9.67465E-01  9.88997E-01  9.98803E-01       4.39930E-02  1.00000E+00
  8.33882E-01  9.28202E-01  9.68752E-01  9.89735E-01  9.98872E-01       7.75260E-02  1.00000E+00
  8.42040E-01  9.32460E-01  9.70638E-01  9.90440E-01  9.98960E-01       2.19720E-01  1.00000E+00
  8.55303E-01  9.39902E-01  9.73895E-01  9.91217E-01  9.99020E-01       2.73680E-01  1.00000E+00


    1.   2.01    4.   9.01  5.00E+00  8.50E+01  8.71E-01  5.58E-01     5   0.00

  1.78680E+00  2.84890E+00  3.43470E+00  3.85170E+00  4.24780E+00       1.04170E-03  4.64340E+00

  3.13420E-01  5.42075E-01  6.99800E-01  8.32310E-01  9.47380E-01       1.08090E-03  1.00000E+00
  2.96920E-01  5.14565E-01  6.71090E-01  8.04680E-01  9.29155E-01       7.82740E-04  1.00000E+00
  2.51465E-01  4.39970E-01  5.74175E-01  6.99535E-01  8.46125E-01       5.13300E-04  9.99980E-01
  2.03095E-01  3.56245E-01  4.72080E-01  5.83505E-01  7.24720E-01       1.12910E-03  9.99360E-01
  1.37670E-01  2.45530E-01  3.31920E-01  4.19940E-01  5.39780E-01       6.44300E-04  9.01030E-01

 -7.76795E-01 -4.57305E-01 -4.81575E-02  4.96435E-01  9.34105E-01      -1.00000E+00  1.00000E+00
 -8.05487E-01 -4.80917E-01 -7.03475E-02  4.83405E-01  9.32788E-01      -1.00000E+00  1.00000E+00
 -8.53633E-01 -5.14255E-01 -8.94525E-02  4.73480E-01  9.31870E-01      -1.00000E+00  1.00000E+00
 -9.18040E-01 -5.60605E-01 -9.04970E-02  4.78958E-01  9.31650E-01      -1.00000E+00  1.00000E+00
 -9.51090E-01 -6.13232E-01 -7.72660E-02  5.15035E-01  9.36670E-01      -1.00000E+00  1.00000E+00
 -2.08400E-02  3.51343E-01  6.29185E-01  8.55520E-01  9.82568E-01      -9.99990E-01  1.00000E+00
 -3.48250E-02  3.50360E-01  6.11840E-01  8.40665E-01  9.81765E-01      -9.99760E-01  1.00000E+00
 -2.72800E-02  3.84515E-01  6.41413E-01  8.46035E-01  9.81442E-01      -9.99970E-01  1.00000E+00
 -3.61675E-02  4.20215E-01  6.86717E-01  8.76360E-01  9.85350E-01      -1.00000E+00  1.00000E+00
 -3.34763E-01  2.98681E-01  6.58518E-01  8.79205E-01  9.86308E-01      -1.00000E+00  1.00000E+00
  3.79365E-01  6.56158E-01  8.14532E-01  9.29335E-01  9.91825E-01      -7.62930E-01  1.00000E+00
  3.97265E-01  6.71975E-01  8.30893E-01  9.32845E-01  9.92260E-01      -6.85540E-01  1.00000E+00
  4.26337E-01  7.01015E-01  8.51052E-01  9.46035E-01  9.94003E-01      -7.76520E-01  1.00000E+00
  4.65348E-01  7.38958E-01  8.75570E-01  9.56078E-01  9.95145E-01      -7.97040E-01  1.00000E+00
  4.25650E-01  7.42308E-01  8.84358E-01  9.61130E-01  9.95665E-01      -9.99960E-01  1.00000E+00
  6.32018E-01  8.16695E-01  9.15320E-01  9.69462E-01  9.96530E-01      -2.15460E-01  1.00000E+00
  6.45110E-01  8.25713E-01  9.16722E-01  9.71818E-01  9.97073E-01      -2.78110E-01  1.00000E+00
  6.63627E-01  8.40293E-01  9.24727E-01  9.73730E-01  9.97068E-01      -1.96860E-01  1.00000E+00
  6.89383E-01  8.57522E-01  9.35345E-01  9.78147E-01  9.97687E-01      -1.90110E-01  1.00000E+00
  7.22325E-01  8.78295E-01  9.46067E-01  9.81947E-01  9.98050E-01      -1.49290E-01  1.00000E+00
  8.35577E-01  9.29447E-01  9.67740E-01  9.89145E-01  9.98830E-01       1.13240E-01  1.00000E+00
  8.41742E-01  9.32372E-01  9.70147E-01  9.89960E-01  9.98905E-01       1.89750E-01  1.00000E+00
  8.44433E-01  9.32810E-01  9.70877E-01  9.90485E-01  9.98978E-01       2.12470E-01  1.00000E+00
  8.52960E-01  9.36788E-01  9.72607E-01  9.90953E-01  9.99020E-01       7.79150E-02  1.00000E+00
  8.65525E-01  9.44470E-01  9.76082E-01  9.92142E-01  9.99138E-01       1.22070E-01  1.00000E+00


    1.   2.01    4.   9.01  1.00E+01  0.00E+00  3.05E-01  9.74E-02     5   0.00

  1.18070E+00  2.47040E+00  3.29000E+00  3.99890E+00  4.98190E+00       5.77750E-04  7.37760E+00

  3.69205E-01  6.03955E-01  7.52560E-01  8.66560E-01  9.58835E-01       3.19840E-03  1.00000E+00
  4.39310E-01  6.69585E-01  7.99170E-01  8.93935E-01  9.67765E-01       3.30490E-03  1.00000E+00
  4.61705E-01  6.76775E-01  7.96565E-01  8.84485E-01  9.62040E-01       3.59620E-03  1.00000E+00
  3.44575E-01  5.48695E-01  6.83505E-01  8.08605E-01  9.35725E-01       3.02700E-03  1.00000E+00
  2.58900E-01  4.42425E-01  5.82645E-01  7.16125E-01  8.70200E-01       3.16070E-03  9.99990E-01

 -9.50612E-01 -5.78137E-01  1.97087E-02  5.93545E-01  9.50465E-01      -1.00000E+00  1.00000E+00
 -9.49918E-01 -5.80750E-01  9.63750E-03  5.86328E-01  9.50725E-01      -1.00000E+00  1.00000E+00
 -9.51675E-01 -5.82140E-01  1.88703E-02  5.97770E-01  9.49737E-01      -1.00000E+00  1.00000E+00
 -9.48115E-01 -5.88163E-01 -5.44575E-03  5.83585E-01  9.47975E-01      -1.00000E+00  1.00000E+00
 -9.52495E-01 -5.90692E-01  2.26321E-03  5.91573E-01  9.51817E-01      -1.00000E+00  1.00000E+00
 -9.50920E-01 -5.91113E-01 -1.83343E-03  5.93668E-01  9.53905E-01      -1.00000E+00  1.00000E+00
 -9.50070E-01 -5.82758E-01 -1.33163E-02  5.86460E-01  9.50195E-01      -1.00000E+00  1.00000E+00
 -9.50805E-01 -5.85268E-01  1.22655E-02  5.96697E-01  9.51768E-01      -1.00000E+00  1.00000E+00
 -9.51933E-01 -5.99780E-01 -9.11995E-03  5.68832E-01  9.48385E-01      -1.00000E+00  1.00000E+00
 -9.53298E-01 -5.93385E-01 -1.11308E-02  5.80933E-01  9.51375E-01      -1.00000E+00  1.00000E+00
 -9.48577E-01 -5.90435E-01 -2.31055E-02  5.76975E-01  9.48495E-01      -1.00000E+00  1.00000E+00
 -9.50055E-01 -5.84377E-01  1.10503E-02  5.92252E-01  9.51545E-01      -1.00000E+00  1.00000E+00
 -9.47505E-01 -5.69788E-01  8.79403E-03  6.02292E-01  9.52520E-01      -1.00000E+00  1.00000E+00
 -9.53747E-01 -5.94797E-01 -2.47930E-02  5.71477E-01  9.50673E-01      -1.00000E+00  1.00000E+00
 -9.53512E-01 -5.96560E-01 -1.69680E-02  5.77305E-01  9.49152E-01      -1.00000E+00  1.00000E+00
 -9.49407E-01 -5.82762E-01  1.91183E-02  5.94778E-01  9.48072E-01      -1.00000E+00  1.00000E+00
 -9.49420E-01 -5.83860E-01  1.49857E-02  5.93473E-01  9.52730E-01      -1.00000E+00  1.00000E+00
 -9.51372E-01 -5.82505E-01 -7.93325E-04  6.00450E-01  9.54373E-01      -1.00000E+00  1.00000E+00
 -9.50418E-01 -5.82453E-01 -1.21898E-03  6.00025E-01  9.51720E-01      -1.00000E+00  1.00000E+00
 -9.50160E-01 -5.68793E-01  2.05305E-02  5.94235E-01  9.52845E-01      -1.00000E+00  1.00000E+00
 -9.46805E-01 -5.91572E-01 -9.93840E-03  5.81948E-01  9.50085E-01      -1.00000E+00  1.00000E+00
 -9.50783E-01 -5.88440E-01 -8.79830E-03  5.80372E-01  9.48040E-01      -1.00000E+00  1.00000E+00
 -9.51603E-01 -5.87932E-01  8.10877E-03  5.97100E-01  9.49825E-01      -1.00000E+00  1.00000E+00
 -9.49490E-01 -5.84637E-01  6.53325E-03  5.88577E-01  9.49055E-01      -1.00000E+00  1.00000E+00
 -9.48543E-01 -5.78990E-01  1.17978E-03  5.85828E-01  9.49055E-01      -1.00000E+00  1.00000E+00


    1.   2.01    4.   9.01  1.00E+01  3.00E+01  4.12E-01  1.66E-01     5   0.00

  1.46850E+00  3.01000E+00  4.03560E+00  5.17390E+00  6.48770E+00       2.48840E-03  8.51650E+00

  3.77400E-01  6.14195E-01  7.61450E-01  8.71875E-01  9.61085E-01       5.77470E-03  1.00000E+00
  4.14005E-01  6.41005E-01  7.75790E-01  8.78845E-01  9.63660E-01       2.23140E-03  1.00000E+00
  3.88035E-01  6.13065E-01  7.51615E-01  8.58815E-01  9.53835E-01       8.83830E-04  1.00000E+00
  3.34865E-01  5.29835E-01  6.62440E-01  7.84255E-01  9.15290E-01       5.20690E-04  9.99990E-01
  2.25290E-01  3.89100E-01  5.11015E-01  6.29160E-01  7.77735E-01       4.64920E-04  1.00000E+00

 -9.56915E-01 -6.36232E-01 -7.85448E-02  5.35147E-01  9.40165E-01      -1.00000E+00  1.00000E+00
 -9.55205E-01 -6.24050E-01 -6.32435E-02  5.40788E-01  9.43642E-01      -1.00000E+00  1.00000E+00
 -9.53070E-01 -6.10557E-01 -4.29138E-02  5.56558E-01  9.45775E-01      -1.00000E+00  1.00000E+00
 -9.56792E-01 -6.07545E-01 -3.65994E-02  5.59077E-01  9.45785E-01      -1.00000E+00  1.00000E+00
 -9.52598E-01 -5.95438E-01 -2.94550E-03  5.86108E-01  9.51790E-01      -1.00000E+00  1.00000E+00
 -9.85113E-01 -8.64630E-01 -5.76480E-01  2.61480E-02  8.35025E-01      -1.00000E+00  1.00000E+00
 -9.83670E-01 -8.37642E-01 -4.90132E-01  1.40443E-01  8.63818E-01      -1.00000E+00  1.00000E+00
 -9.77982E-01 -8.10357E-01 -4.37417E-01  1.78003E-01  8.75645E-01      -1.00000E+00  1.00000E+00
 -9.74290E-01 -7.59788E-01 -3.19305E-01  3.06895E-01  8.98950E-01      -1.00000E+00  1.00000E+00
 -9.65405E-01 -7.02713E-01 -2.04760E-01  4.27370E-01  9.27787E-01      -1.00000E+00  1.00000E+00
 -8.52302E-01 -4.88733E-01 -1.28767E-01  3.38981E-01  8.85252E-01      -1.00000E+00  1.00000E+00
 -8.28013E-01 -3.36855E-01  7.30123E-02  5.31700E-01  9.30802E-01      -1.00000E+00  1.00000E+00
 -8.06135E-01 -2.30155E-01  2.27250E-01  6.42857E-01  9.52397E-01      -1.00000E+00  1.00000E+00
 -8.30132E-01 -2.18901E-01  3.11477E-01  7.08570E-01  9.63363E-01      -1.00000E+00  1.00000E+00
 -8.94288E-01 -3.45450E-01  2.55335E-01  7.15015E-01  9.67207E-01      -1.00000E+00  1.00000E+00
 -2.84021E-01  2.05888E-01  5.15598E-01  7.82147E-01  9.70897E-01      -1.00000E+00  1.00000E+00
 -2.77173E-01  3.09330E-01  6.31687E-01  8.55460E-01  9.83067E-01      -1.00000E+00  1.00000E+00
 -2.84830E-01  3.26402E-01  6.72733E-01  8.81825E-01  9.87003E-01      -1.00000E+00  1.00000E+00
 -3.11487E-01  3.07625E-01  6.68077E-01  8.84555E-01  9.87350E-01      -1.00000E+00  1.00000E+00
 -4.84075E-01  1.82335E-01  6.04087E-01  8.62390E-01  9.84783E-01      -1.00000E+00  1.00000E+00
  3.79472E-01  7.08492E-01  8.64107E-01  9.52753E-01  9.94655E-01      -9.99990E-01  1.00000E+00
  3.55718E-01  7.09050E-01  8.68095E-01  9.54892E-01  9.94920E-01      -9.49690E-01  1.00000E+00
  3.37157E-01  6.91300E-01  8.59715E-01  9.52010E-01  9.94757E-01      -9.67740E-01  1.00000E+00
  3.35377E-01  6.98182E-01  8.61212E-01  9.53750E-01  9.94955E-01      -9.76430E-01  1.00000E+00
  3.27574E-01  6.99838E-01  8.66768E-01  9.55428E-01  9.95270E-01      -9.99830E-01  1.00000E+00


    1.   2.01    4.   9.01  1.00E+01  4.50E+01  5.58E-01  2.78E-01     5   0.00

  1.94810E+00  3.80740E+00  5.25240E+00  6.44080E+00  7.52400E+00       9.06940E-03  8.95460E+00

  3.71935E-01  6.07025E-01  7.53475E-01  8.66470E-01  9.59370E-01       9.10540E-04  1.00000E+00
  3.89330E-01  6.17095E-01  7.58825E-01  8.68035E-01  9.59355E-01       1.71540E-04  1.00000E+00
  3.65680E-01  5.74395E-01  7.06270E-01  8.16445E-01  9.31320E-01       1.27590E-03  1.00000E+00
  2.85935E-01  4.63175E-01  5.85185E-01  7.02425E-01  8.43665E-01       2.10690E-03  9.99930E-01
  1.84995E-01  3.21345E-01  4.25805E-01  5.28195E-01  6.65300E-01       5.65000E-04  9.97690E-01

 -9.71418E-01 -7.47453E-01 -3.07334E-01  3.00729E-01  8.92625E-01      -1.00000E+00  1.00000E+00
 -9.69272E-01 -7.27248E-01 -2.66331E-01  3.66460E-01  9.13678E-01      -1.00000E+00  1.00000E+00
 -9.64627E-01 -6.98182E-01 -2.02950E-01  4.23847E-01  9.24740E-01      -1.00000E+00  1.00000E+00
 -9.63720E-01 -6.85405E-01 -1.70789E-01  4.59767E-01  9.32710E-01      -1.00000E+00  1.00000E+00
 -9.59225E-01 -6.46132E-01 -8.67090E-02  5.22602E-01  9.41160E-01      -1.00000E+00  1.00000E+00
 -8.83533E-01 -6.29850E-01 -3.53195E-01  1.10694E-01  8.39472E-01      -1.00000E+00  1.00000E+00
 -8.87717E-01 -5.85533E-01 -2.64086E-01  2.28009E-01  8.75470E-01      -1.00000E+00  1.00000E+00
 -9.05488E-01 -5.64430E-01 -1.92993E-01  3.18226E-01  8.95323E-01      -1.00000E+00  1.00000E+00
 -9.22350E-01 -5.36225E-01 -1.13735E-01  4.17037E-01  9.18577E-01      -1.00000E+00  1.00000E+00
 -9.37775E-01 -5.46215E-01 -2.13400E-02  5.29338E-01  9.40468E-01      -1.00000E+00  1.00000E+00
 -3.44237E-01  8.32077E-02  3.68625E-01  6.67938E-01  9.51577E-01      -9.99990E-01  1.00000E+00
 -3.17685E-01  1.80951E-01  4.86200E-01  7.48730E-01  9.64328E-01      -1.00000E+00  1.00000E+00
 -2.90550E-01  2.66830E-01  5.96255E-01  8.30640E-01  9.77992E-01      -1.00000E+00  1.00000E+00
 -3.14985E-01  2.95650E-01  6.52238E-01  8.72452E-01  9.86125E-01      -1.00000E+00  1.00000E+00
 -5.52188E-01  1.10314E-01  5.62350E-01  8.43505E-01  9.82530E-01      -1.00000E+00  1.00000E+00
  2.02474E-01  5.53955E-01  7.45827E-01  8.88167E-01  9.84415E-01      -9.87570E-01  1.00000E+00
  2.13048E-01  5.99232E-01  8.02297E-01  9.26322E-01  9.91255E-01      -9.68110E-01  1.00000E+00
  2.22250E-01  6.18200E-01  8.19730E-01  9.37025E-01  9.93235E-01      -9.43020E-01  1.00000E+00
  2.48575E-01  6.32585E-01  8.30245E-01  9.40843E-01  9.93600E-01      -9.60990E-01  1.00000E+00
  2.34926E-01  6.42170E-01  8.37298E-01  9.45460E-01  9.94065E-01      -9.99970E-01  1.00000E+00
  6.44710E-01  8.40477E-01  9.27550E-01  9.75042E-01  9.97065E-01      -5.04540E-01  1.00000E+00
  6.31857E-01  8.35620E-01  9.26253E-01  9.75070E-01  9.97228E-01      -6.07390E-01  1.00000E+00
  6.33012E-01  8.35670E-01  9.26443E-01  9.75432E-01  9.97205E-01      -5.02830E-01  1.00000E+00
  6.40323E-01  8.39723E-01  9.28687E-01  9.76010E-01  9.97405E-01      -4.89240E-01  1.00000E+00
  6.65880E-01  8.56453E-01  9.37105E-01  9.78725E-01  9.97677E-01      -3.67590E-01  1.00000E+00


    1.   2.01    4.   9.01  1.00E+01  6.00E+01  7.51E-01  4.63E-01     5   0.00

  2.95350E+00  5.35130E+00  6.74260E+00  7.63940E+00  8.40260E+00       6.08990E-03  9.34280E+00

  3.58320E-01  5.87125E-01  7.33285E-01  8.51255E-01  9.53030E-01       1.64720E-03  1.00000E+00
  3.67520E-01  5.85580E-01  7.26725E-01  8.41710E-01  9.44290E-01       2.04960E-03  1.00000E+00
  3.00915E-01  4.86285E-01  6.07300E-01  7.16715E-01  8.50570E-01       9.84850E-04  9.99990E-01
  2.24860E-01  3.76720E-01  4.85420E-01  5.89720E-01  7.24790E-01       1.06950E-03  9.98840E-01
  1.44080E-01  2.52915E-01  3.38260E-01  4.24380E-01  5.42090E-01       8.03780E-04  9.39870E-01

 -9.76193E-01 -7.99260E-01 -4.54232E-01  9.75103E-02  8.36938E-01      -1.00000E+00  1.00000E+00
 -9.73870E-01 -7.73580E-01 -3.93633E-01  1.83704E-01  8.75422E-01      -1.00000E+00  1.00000E+00
 -9.72410E-01 -7.55972E-01 -3.36137E-01  2.74565E-01  8.93475E-01      -1.00000E+00  1.00000E+00
 -9.69210E-01 -7.32705E-01 -2.98453E-01  3.20945E-01  9.06892E-01      -1.00000E+00  1.00000E+00
 -9.63128E-01 -6.93330E-01 -1.88207E-01  4.37067E-01  9.28155E-01      -1.00000E+00  1.00000E+00
 -3.90025E-01 -1.53975E-02  2.52099E-01  5.77375E-01  9.36597E-01      -1.00000E+00  1.00000E+00
 -3.87493E-01  3.60325E-02  3.17395E-01  6.26702E-01  9.45870E-01      -9.99990E-01  1.00000E+00
 -3.76395E-01  9.00125E-02  3.97730E-01  6.83592E-01  9.51347E-01      -1.00000E+00  1.00000E+00
 -4.00793E-01  1.39673E-01  4.93220E-01  7.67915E-01  9.67992E-01      -1.00000E+00  1.00000E+00
 -5.98943E-01  2.36800E-02  4.77388E-01  7.99167E-01  9.76103E-01      -1.00000E+00  1.00000E+00
  1.93158E-01  4.99062E-01  6.81558E-01  8.45108E-01  9.79160E-01      -8.89080E-01  1.00000E+00
  2.32895E-01  5.66890E-01  7.49315E-01  8.86722E-01  9.84198E-01      -9.69240E-01  1.00000E+00
  2.77468E-01  6.28557E-01  8.10225E-01  9.28045E-01  9.91190E-01      -9.51580E-01  1.00000E+00
  3.16608E-01  6.69370E-01  8.43285E-01  9.44987E-01  9.93947E-01      -8.96420E-01  1.00000E+00
  3.10072E-01  6.77048E-01  8.53463E-01  9.51313E-01  9.94687E-01      -9.99890E-01  1.00000E+00
  5.57785E-01  7.67018E-01  8.76783E-01  9.51905E-01  9.94002E-01      -4.39550E-01  1.00000E+00
  5.67820E-01  7.85578E-01  8.94400E-01  9.61278E-01  9.95642E-01      -5.12210E-01  1.00000E+00
  5.87720E-01  8.03860E-01  9.08060E-01  9.67448E-01  9.96500E-01      -5.06340E-01  1.00000E+00
  6.17702E-01  8.24305E-01  9.20292E-01  9.73342E-01  9.97190E-01      -4.42590E-01  1.00000E+00
  6.54570E-01  8.46100E-01  9.31185E-01  9.76897E-01  9.97502E-01      -3.27030E-01  1.00000E+00
  7.98335E-01  9.08995E-01  9.58705E-01  9.85945E-01  9.98468E-01       7.22610E-02  1.00000E+00
  8.00855E-01  9.12460E-01  9.60320E-01  9.86375E-01  9.98522E-01       6.89800E-02  1.00000E+00
  8.05270E-01  9.14875E-01  9.61712E-01  9.87108E-01  9.98628E-01       3.27140E-02  1.00000E+00
  8.14215E-01  9.19802E-01  9.64225E-01  9.88028E-01  9.98745E-01       2.04580E-01  1.00000E+00
  8.35005E-01  9.30837E-01  9.69645E-01  9.89847E-01  9.98910E-01       1.09810E-01  1.00000E+00


    1.   2.01    4.   9.01  1.00E+01  7.00E+01  8.74E-01  6.13E-01     5   0.00

  4.06940E+00  6.54400E+00  7.62760E+00  8.29920E+00  8.86160E+00       4.41580E-03  9.46230E+00

  3.52070E-01  5.77115E-01  7.26100E-01  8.48840E-01  9.53485E-01       1.12020E-03  1.00000E+00
  3.20040E-01  5.22090E-01  6.58100E-01  7.72790E-01  8.92820E-01       2.10120E-03  1.00000E+00
  2.49235E-01  4.15215E-01  5.26900E-01  6.31425E-01  7.64435E-01       5.20180E-04  9.98400E-01
  1.88210E-01  3.21310E-01  4.18780E-01  5.12985E-01  6.36595E-01       9.54910E-04  9.66600E-01
  1.21950E-01  2.16510E-01  2.90020E-01  3.64450E-01  4.66495E-01       7.01740E-05  8.58600E-01

 -7.85170E-01 -5.43423E-01 -2.66709E-01  1.88042E-01  8.60642E-01      -1.00000E+00  1.00000E+00
 -8.00145E-01 -5.34508E-01 -2.36043E-01  2.50589E-01  8.82343E-01      -1.00000E+00  1.00000E+00
 -8.36047E-01 -5.39025E-01 -1.93821E-01  3.19875E-01  8.96345E-01      -1.00000E+00  1.00000E+00
 -8.91080E-01 -5.61635E-01 -1.36949E-01  4.08037E-01  9.09732E-01      -1.00000E+00  1.00000E+00
 -9.43720E-01 -5.79697E-01 -4.67580E-02  5.31883E-01  9.39535E-01      -1.00000E+00  1.00000E+00
  5.99850E-02  3.70773E-01  5.70310E-01  7.89125E-01  9.72180E-01      -9.71760E-01  1.00000E+00
  8.82100E-02  4.08695E-01  6.07448E-01  7.95407E-01  9.71385E-01      -9.91290E-01  1.00000E+00
  1.39121E-01  4.86745E-01  6.88945E-01  8.53665E-01  9.78062E-01      -9.88600E-01  1.00000E+00
  2.18323E-01  5.81403E-01  7.79138E-01  9.12992E-01  9.89850E-01      -9.99490E-01  1.00000E+00
  1.24573E-01  5.86503E-01  8.10845E-01  9.33843E-01  9.92753E-01      -1.00000E+00  1.00000E+00
  4.92017E-01  7.05233E-01  8.29100E-01  9.27920E-01  9.91273E-01      -4.20400E-01  1.00000E+00
  5.21942E-01  7.38668E-01  8.58150E-01  9.41572E-01  9.92507E-01      -4.83860E-01  1.00000E+00
  5.57508E-01  7.76712E-01  8.88190E-01  9.58777E-01  9.95230E-01      -4.42740E-01  1.00000E+00
  5.91745E-01  8.07120E-01  9.10207E-01  9.68680E-01  9.96618E-01      -4.33590E-01  1.00000E+00
  6.41228E-01  8.41190E-01  9.28718E-01  9.76265E-01  9.97543E-01      -9.82880E-01  1.00000E+00
  7.19995E-01  8.60272E-01  9.30655E-01  9.74392E-01  9.96977E-01      -1.72210E-01  1.00000E+00
  7.31320E-01  8.69888E-01  9.37645E-01  9.77665E-01  9.97525E-01       2.34280E-02  1.00000E+00
  7.45572E-01  8.80408E-01  9.44308E-01  9.80825E-01  9.97920E-01      -6.11260E-02  1.00000E+00
  7.65180E-01  8.93675E-01  9.52138E-01  9.83510E-01  9.98235E-01       7.33140E-02  1.00000E+00
  8.02092E-01  9.14417E-01  9.62222E-01  9.87375E-01  9.98625E-01       1.11210E-01  1.00000E+00
  8.72148E-01  9.43312E-01  9.74720E-01  9.91400E-01  9.99045E-01       3.97040E-01  1.00000E+00
  8.75115E-01  9.44670E-01  9.75800E-01  9.91895E-01  9.99160E-01       3.32990E-01  1.00000E+00
  8.78900E-01  9.47410E-01  9.76730E-01  9.92215E-01  9.99145E-01       2.84010E-01  1.00000E+00
  8.85808E-01  9.51135E-01  9.78677E-01  9.92910E-01  9.99245E-01       3.88690E-01  1.00000E+00
  8.98933E-01  9.57395E-01  9.81563E-01  9.93982E-01  9.99370E-01       4.35510E-01  1.00000E+00


    1.   2.01    4.   9.01  1.00E+01  8.00E+01  9.49E-01  7.30E-01     5   0.00

  5.38930E+00  7.44190E+00  8.23920E+00  8.74010E+00  9.16750E+00       1.04240E-03  9.55760E+00

  3.37880E-01  5.57190E-01  7.07865E-01  8.35420E-01  9.46105E-01       6.23280E-04  1.00000E+00
  2.64485E-01  4.49080E-01  5.76325E-01  6.87845E-01  8.16370E-01       2.04980E-03  9.99940E-01
  2.03975E-01  3.51995E-01  4.57020E-01  5.56060E-01  6.83175E-01       9.88490E-04  9.74210E-01
  1.58375E-01  2.76600E-01  3.65090E-01  4.50730E-01  5.62395E-01       5.77540E-04  9.01550E-01
  1.04092E-01  1.86065E-01  2.50300E-01  3.14730E-01  4.02635E-01       4.96960E-04  7.06920E-01

 -5.15764E-01 -2.10047E-01  9.76550E-02  4.59215E-01  9.06450E-01      -1.00000E+00  1.00000E+00
 -5.12143E-01 -1.90342E-01  1.11880E-01  4.61852E-01  9.10595E-01      -1.00000E+00  1.00000E+00
 -4.97442E-01 -1.71010E-01  1.47163E-01  4.98472E-01  9.18177E-01      -1.00000E+00  1.00000E+00
 -4.74748E-01 -1.25995E-01  2.10180E-01  5.60902E-01  9.31168E-01      -1.00000E+00  1.00000E+00
 -5.87027E-01 -1.39120E-01  2.48122E-01  6.27560E-01  9.48510E-01      -1.00000E+00  1.00000E+00
  4.19765E-01  6.47863E-01  8.00315E-01  9.25855E-01  9.91855E-01      -7.88490E-01  1.00000E+00
  4.35013E-01  6.62190E-01  7.96755E-01  9.12060E-01  9.89650E-01      -7.37080E-01  1.00000E+00
  4.78225E-01  7.12160E-01  8.40328E-01  9.33708E-01  9.91375E-01      -7.00140E-01  1.00000E+00
  5.42050E-01  7.73275E-01  8.89138E-01  9.59895E-01  9.95518E-01      -6.46630E-01  1.00000E+00
  5.86298E-01  8.16115E-01  9.17110E-01  9.72177E-01  9.96937E-01      -9.23910E-01  1.00000E+00
  6.88078E-01  8.37760E-01  9.17040E-01  9.70008E-01  9.96723E-01      -3.05810E-02  1.00000E+00
  6.99535E-01  8.47285E-01  9.23810E-01  9.71440E-01  9.96722E-01      -1.44820E-01  1.00000E+00
  7.19440E-01  8.63333E-01  9.33890E-01  9.76205E-01  9.97335E-01      -7.66930E-02  1.00000E+00
  7.49990E-01  8.84902E-01  9.46240E-01  9.81300E-01  9.97918E-01      -1.10900E-01  1.00000E+00
  7.87690E-01  9.08935E-01  9.59770E-01  9.86595E-01  9.98555E-01       9.39120E-02  1.00000E+00
  8.21055E-01  9.15715E-01  9.61120E-01  9.86365E-01  9.98500E-01       3.04290E-01  1.00000E+00
  8.24970E-01  9.17940E-01  9.62172E-01  9.86870E-01  9.98570E-01       3.24540E-01  1.00000E+00
  8.36605E-01  9.25025E-01  9.65535E-01  9.88322E-01  9.98727E-01       2.77340E-01  1.00000E+00
  8.49807E-01  9.33557E-01  9.70060E-01  9.89805E-01  9.98872E-01       2.15590E-01  1.00000E+00
  8.76097E-01  9.47512E-01  9.77147E-01  9.92405E-01  9.99182E-01       4.20150E-01  1.00000E+00
  9.18845E-01  9.64573E-01  9.84555E-01  9.94913E-01  9.99457E-01       5.45780E-01  1.00000E+00
  9.19963E-01  9.65492E-01  9.84935E-01  9.94925E-01  9.99467E-01       5.81520E-01  1.00000E+00
  9.23983E-01  9.67405E-01  9.85798E-01  9.95317E-01  9.99497E-01       5.82280E-01  1.00000E+00
  9.28663E-01  9.69995E-01  9.87182E-01  9.95742E-01  9.99533E-01       5.20960E-01  1.00000E+00
  9.36840E-01  9.74075E-01  9.88703E-01  9.96293E-01  9.99617E-01       6.26890E-01  1.00000E+00


    1.   2.01    4.   9.01  1.00E+01  8.50E+01  9.64E-01  7.60E-01     5   0.00

  5.80690E+00  7.66700E+00  8.39050E+00  8.84790E+00  9.24400E+00       5.44790E-03  9.59090E+00

  3.28735E-01  5.46085E-01  6.96090E-01  8.24220E-01  9.38050E-01       1.69820E-03  1.00000E+00
  2.44495E-01  4.22925E-01  5.48805E-01  6.59885E-01  7.89470E-01       2.07820E-03  9.99910E-01
  1.90635E-01  3.33665E-01  4.36440E-01  5.35005E-01  6.60660E-01       5.09440E-04  9.65160E-01
  1.50730E-01  2.63910E-01  3.50055E-01  4.33375E-01  5.41125E-01       6.83870E-04  8.77070E-01
  9.90905E-02  1.77760E-01  2.39010E-01  3.00125E-01  3.83045E-01       4.26780E-04  6.83780E-01

 -4.27025E-01 -8.72725E-02  2.32052E-01  5.60885E-01  9.28545E-01      -1.00000E+00  1.00000E+00
 -4.22990E-01 -7.70175E-02  2.32372E-01  5.51250E-01  9.25723E-01      -1.00000E+00  1.00000E+00
 -4.01830E-01 -4.31750E-02  2.70215E-01  5.78762E-01  9.30380E-01      -1.00000E+00  1.00000E+00
 -3.66468E-01 -1.93250E-03  3.33596E-01  6.41675E-01  9.43520E-01      -1.00000E+00  1.00000E+00
 -4.14143E-01  8.42250E-03  3.82076E-01  7.16753E-01  9.59653E-01      -1.00000E+00  1.00000E+00
  5.07640E-01  7.21855E-01  8.57190E-01  9.50022E-01  9.94480E-01      -6.06260E-01  1.00000E+00
  5.17763E-01  7.19830E-01  8.40847E-01  9.36667E-01  9.92977E-01      -4.10810E-01  1.00000E+00
  5.57680E-01  7.58708E-01  8.70760E-01  9.47572E-01  9.93865E-01      -4.12300E-01  1.00000E+00
  6.17302E-01  8.13325E-01  9.10220E-01  9.68067E-01  9.96367E-01      -7.14570E-01  1.00000E+00
  6.62435E-01  8.51762E-01  9.33450E-01  9.77693E-01  9.97560E-01      -6.34220E-01  1.00000E+00
  7.36023E-01  8.68032E-01  9.35612E-01  9.77923E-01  9.97658E-01       2.98200E-02  1.00000E+00
  7.40782E-01  8.71457E-01  9.37447E-01  9.77285E-01  9.97415E-01      -4.95940E-02  1.00000E+00
  7.59367E-01  8.83400E-01  9.44615E-01  9.80590E-01  9.97818E-01       8.75940E-02  1.00000E+00
  7.81615E-01  8.99825E-01  9.54160E-01  9.84233E-01  9.98275E-01       1.23850E-01  1.00000E+00
  8.16993E-01  9.21253E-01  9.65692E-01  9.88518E-01  9.98777E-01       9.32760E-02  1.00000E+00
  8.46935E-01  9.30312E-01  9.68635E-01  9.89240E-01  9.98825E-01       3.03580E-01  1.00000E+00
  8.49058E-01  9.30853E-01  9.68370E-01  9.89190E-01  9.98870E-01       3.33910E-01  1.00000E+00
  8.58247E-01  9.34570E-01  9.70085E-01  9.89860E-01  9.98897E-01       3.89330E-01  1.00000E+00
  8.68975E-01  9.41993E-01  9.73977E-01  9.91095E-01  9.99050E-01       3.71800E-01  1.00000E+00
  8.92980E-01  9.54565E-01  9.80252E-01  9.93483E-01  9.99280E-01       3.84130E-01  1.00000E+00
  9.29495E-01  9.69620E-01  9.86747E-01  9.95565E-01  9.99525E-01       6.39290E-01  1.00000E+00
  9.31620E-01  9.70685E-01  9.87355E-01  9.95820E-01  9.99565E-01       6.52560E-01  1.00000E+00
  9.33625E-01  9.72023E-01  9.87662E-01  9.95900E-01  9.99557E-01       6.20320E-01  1.00000E+00
  9.37922E-01  9.73952E-01  9.88675E-01  9.96210E-01  9.99597E-01       6.14660E-01  1.00000E+00
  9.44945E-01  9.77275E-01  9.90270E-01  9.96833E-01  9.99655E-01       6.54440E-01  1.00000E+00


    1.   2.01    4.   9.01  2.00E+01  0.00E+00  2.44E-01  7.92E-02     5   0.00

  1.96510E+00  4.65030E+00  6.86800E+00  8.46470E+00  1.03860E+01       4.95760E-03  1.45640E+01

  4.15960E-01  6.45480E-01  7.80995E-01  8.81995E-01  9.64470E-01       7.17660E-03  1.00000E+00
  4.92820E-01  6.93345E-01  8.08525E-01  8.96005E-01  9.68435E-01       4.51420E-03  1.00000E+00
  5.59095E-01  7.45310E-01  8.45670E-01  9.16750E-01  9.74755E-01       1.50690E-02  1.00000E+00
  4.53200E-01  6.13820E-01  7.21185E-01  8.27445E-01  9.40515E-01       9.70880E-03  1.00000E+00
  2.75790E-01  4.46180E-01  5.80610E-01  7.11140E-01  8.67095E-01       2.77370E-03  9.99990E-01

 -9.49823E-01 -5.87925E-01  8.60500E-03  5.88640E-01  9.53793E-01      -1.00000E+00  1.00000E+00
 -9.48070E-01 -5.88860E-01  1.16501E-02  5.91023E-01  9.52475E-01      -1.00000E+00  1.00000E+00
 -9.50697E-01 -5.82135E-01  2.27676E-02  6.03247E-01  9.50523E-01      -1.00000E+00  1.00000E+00
 -9.51258E-01 -5.93740E-01  1.44075E-03  5.90458E-01  9.49473E-01      -1.00000E+00  1.00000E+00
 -9.50863E-01 -5.90775E-01  3.43410E-03  5.84520E-01  9.50553E-01      -1.00000E+00  1.00000E+00
 -9.48285E-01 -5.97660E-01 -1.46895E-02  5.88263E-01  9.49488E-01      -1.00000E+00  1.00000E+00
 -9.50665E-01 -5.83888E-01 -4.27775E-03  5.89750E-01  9.48250E-01      -1.00000E+00  1.00000E+00
 -9.49542E-01 -5.84170E-01  6.33475E-03  5.83845E-01  9.50802E-01      -1.00000E+00  1.00000E+00
 -9.49135E-01 -5.75090E-01  5.37200E-04  5.93930E-01  9.52745E-01      -1.00000E+00  1.00000E+00
 -9.46860E-01 -5.84800E-01 -2.70650E-04  5.92995E-01  9.49738E-01      -1.00000E+00  1.00000E+00
 -9.48905E-01 -5.83307E-01 -1.94890E-02  5.82270E-01  9.49732E-01      -1.00000E+00  1.00000E+00
 -9.48782E-01 -5.85565E-01 -3.32865E-03  5.91422E-01  9.51625E-01      -1.00000E+00  1.00000E+00
 -9.49320E-01 -5.83522E-01  4.98350E-04  5.90435E-01  9.50133E-01      -1.00000E+00  1.00000E+00
 -9.48708E-01 -5.74333E-01  1.45595E-02  5.89020E-01  9.48407E-01      -1.00000E+00  1.00000E+00
 -9.50260E-01 -5.86965E-01 -1.92771E-02  5.71843E-01  9.48752E-01      -1.00000E+00  1.00000E+00
 -9.53123E-01 -5.92535E-01  2.14600E-03  5.91110E-01  9.53342E-01      -1.00000E+00  1.00000E+00
 -9.53695E-01 -5.94527E-01 -2.38702E-02  5.77603E-01  9.47588E-01      -1.00000E+00  1.00000E+00
 -9.54313E-01 -5.94627E-01 -5.47465E-03  5.91728E-01  9.51817E-01      -1.00000E+00  1.00000E+00
 -9.49450E-01 -5.70315E-01  7.06093E-03  5.85640E-01  9.51202E-01      -1.00000E+00  1.00000E+00
 -9.51340E-01 -5.81525E-01  1.07234E-02  5.84465E-01  9.53113E-01      -1.00000E+00  1.00000E+00
 -9.51078E-01 -5.85450E-01  6.72425E-03  5.90030E-01  9.50940E-01      -1.00000E+00  1.00000E+00
 -9.52075E-01 -5.92215E-01 -2.14925E-02  5.79122E-01  9.50472E-01      -1.00000E+00  1.00000E+00
 -9.49400E-01 -5.75340E-01  9.66752E-03  5.92310E-01  9.54073E-01      -1.00000E+00  1.00000E+00
 -9.47858E-01 -5.65420E-01  3.52724E-02  6.09375E-01  9.53865E-01      -1.00000E+00  1.00000E+00
 -9.48555E-01 -5.91338E-01  2.31053E-03  5.69915E-01  9.51838E-01      -1.00000E+00  1.00000E+00


    1.   2.01    4.   9.01  2.00E+01  3.00E+01  3.30E-01  1.31E-01     5   0.00

  2.43330E+00  5.69770E+00  8.00880E+00  1.03280E+01  1.31310E+01       2.80960E-03  1.71650E+01

  4.27415E-01  6.52415E-01  7.85810E-01  8.85135E-01  9.65680E-01       8.70950E-03  9.99990E-01
  4.99390E-01  6.95710E-01  8.09180E-01  8.96695E-01  9.68755E-01       6.89630E-03  1.00000E+00
  4.59190E-01  6.62130E-01  7.87485E-01  8.84555E-01  9.64265E-01       6.41460E-03  1.00000E+00
  4.05670E-01  5.89195E-01  7.05900E-01  8.14610E-01  9.30550E-01       5.28020E-03  1.00000E+00
  2.63985E-01  4.15870E-01  5.33320E-01  6.48005E-01  7.92450E-01       6.92290E-04  9.99990E-01

 -9.49425E-01 -5.90413E-01 -7.81320E-03  5.76005E-01  9.51488E-01      -1.00000E+00  1.00000E+00
 -9.52878E-01 -5.98380E-01 -4.98408E-03  5.83753E-01  9.49580E-01      -1.00000E+00  1.00000E+00
 -9.50832E-01 -5.88803E-01 -8.90853E-03  5.81890E-01  9.50450E-01      -1.00000E+00  1.00000E+00
 -9.52962E-01 -5.84812E-01  8.44550E-03  5.86342E-01  9.51618E-01      -1.00000E+00  1.00000E+00
 -9.49285E-01 -5.90978E-01 -8.54000E-03  5.82812E-01  9.48000E-01      -1.00000E+00  1.00000E+00
 -9.72912E-01 -7.37097E-01 -2.47758E-01  4.01860E-01  9.23570E-01      -1.00000E+00  1.00000E+00
 -9.70758E-01 -7.26113E-01 -2.17635E-01  4.36392E-01  9.29610E-01      -1.00000E+00  1.00000E+00
 -9.68817E-01 -7.13475E-01 -2.10964E-01  4.43777E-01  9.28145E-01      -1.00000E+00  1.00000E+00
 -9.63805E-01 -6.78262E-01 -1.53036E-01  4.77165E-01  9.31163E-01      -1.00000E+00  1.00000E+00
 -9.58568E-01 -6.41833E-01 -9.21288E-02  5.27103E-01  9.40765E-01      -1.00000E+00  1.00000E+00
 -9.63655E-01 -7.78573E-01 -5.17260E-01  2.17305E-03  8.46618E-01      -1.00000E+00  9.99990E-01
 -9.30010E-01 -6.23347E-01 -2.71067E-01  2.75748E-01  9.00755E-01      -1.00000E+00  1.00000E+00
 -9.08115E-01 -5.06563E-01 -9.23325E-02  4.26052E-01  9.14235E-01      -1.00000E+00  1.00000E+00
 -9.03042E-01 -4.50865E-01  2.90100E-02  5.23910E-01  9.33285E-01      -1.00000E+00  1.00000E+00
 -9.25207E-01 -4.81428E-01  9.46532E-02  6.10325E-01  9.53842E-01      -1.00000E+00  1.00000E+00
 -4.80740E-01 -3.73083E-02  2.57746E-01  5.63655E-01  9.23640E-01      -1.00000E+00  1.00000E+00
 -4.00822E-01  1.82061E-01  5.26838E-01  7.82995E-01  9.72227E-01      -1.00000E+00  1.00000E+00
 -3.62337E-01  2.57352E-01  6.33053E-01  8.61070E-01  9.83745E-01      -9.99990E-01  1.00000E+00
 -4.19218E-01  2.44901E-01  6.37495E-01  8.74085E-01  9.86433E-01      -1.00000E+00  1.00000E+00
 -6.18487E-01  6.31630E-02  5.35765E-01  8.38078E-01  9.81595E-01      -1.00000E+00  1.00000E+00
  3.64765E-01  6.73857E-01  8.27545E-01  9.28327E-01  9.90522E-01      -9.49580E-01  1.00000E+00
  3.38943E-01  6.86762E-01  8.58088E-01  9.51990E-01  9.94450E-01      -9.56480E-01  1.00000E+00
  3.22862E-01  6.84972E-01  8.56513E-01  9.50687E-01  9.94895E-01      -9.95800E-01  1.00000E+00
  3.04785E-01  6.78612E-01  8.56355E-01  9.50082E-01  9.94360E-01      -9.97730E-01  1.00000E+00
  2.83435E-01  6.83245E-01  8.56297E-01  9.52412E-01  9.94940E-01      -9.99990E-01  1.00000E+00


    1.   2.01    4.   9.01  2.00E+01  4.50E+01  4.62E-01  2.28E-01     5   0.00

  3.31010E+00  7.31190E+00  1.03110E+01  1.30660E+01  1.54410E+01       4.21530E-03  1.82520E+01

  4.41340E-01  6.61370E-01  7.89740E-01  8.86445E-01  9.65965E-01       1.87560E-03  1.00000E+00
  4.50285E-01  6.54425E-01  7.80160E-01  8.80360E-01  9.64170E-01       3.82330E-03  1.00000E+00
  4.30270E-01  6.26790E-01  7.50390E-01  8.50910E-01  9.46980E-01       6.50680E-03  1.00000E+00
  3.49855E-01  5.09465E-01  6.18065E-01  7.24550E-01  8.53790E-01       3.64750E-03  1.00000E+00
  2.10125E-01  3.40240E-01  4.38510E-01  5.34530E-01  6.63500E-01       3.13880E-03  9.83200E-01

 -9.55250E-01 -6.32650E-01 -9.11355E-02  5.10190E-01  9.38752E-01      -1.00000E+00  1.00000E+00
 -9.54253E-01 -6.19922E-01 -6.00544E-02  5.42602E-01  9.43177E-01      -1.00000E+00  1.00000E+00
 -9.55297E-01 -6.09220E-01 -4.44406E-02  5.53893E-01  9.47640E-01      -1.00000E+00  1.00000E+00
 -9.53248E-01 -6.06680E-01 -2.99989E-02  5.65322E-01  9.47930E-01      -1.00000E+00  1.00000E+00
 -9.47438E-01 -5.81110E-01 -3.36500E-04  5.79500E-01  9.47133E-01      -1.00000E+00  1.00000E+00
 -9.65515E-01 -8.25418E-01 -5.75340E-01  1.94192E-02  8.44355E-01      -1.00000E+00  1.00000E+00
 -9.52435E-01 -7.60170E-01 -4.33588E-01  2.22218E-01  8.98653E-01      -1.00000E+00  1.00000E+00
 -9.59252E-01 -7.35513E-01 -3.30882E-01  3.30217E-01  9.10750E-01      -1.00000E+00  1.00000E+00
 -9.64387E-01 -7.13925E-01 -2.51325E-01  3.80362E-01  9.21070E-01      -1.00000E+00  1.00000E+00
 -9.60900E-01 -6.58247E-01 -1.30961E-01  4.74108E-01  9.32462E-01      -1.00000E+00  1.00000E+00
 -5.09905E-01 -1.20320E-01  1.49072E-01  4.93877E-01  9.25515E-01      -1.00000E+00  1.00000E+00
 -4.86965E-01  1.34750E-02  3.29100E-01  6.46245E-01  9.51767E-01      -1.00000E+00  1.00000E+00
 -4.62342E-01  9.80965E-02  4.52087E-01  7.39807E-01  9.65655E-01      -1.00000E+00  1.00000E+00
 -4.77695E-01  1.50867E-01  5.53638E-01  8.17445E-01  9.76870E-01      -1.00000E+00  1.00000E+00
 -6.63695E-01  8.39500E-04  4.96065E-01  8.17433E-01  9.80175E-01      -1.00000E+00  1.00000E+00
  1.20775E-01  4.57135E-01  6.42618E-01  7.97390E-01  9.65885E-01      -9.73780E-01  1.00000E+00
  1.68395E-01  5.64925E-01  7.74690E-01  9.05413E-01  9.87840E-01      -9.86080E-01  1.00000E+00
  1.98609E-01  5.96877E-01  8.11068E-01  9.33418E-01  9.92710E-01      -9.96160E-01  1.00000E+00
  2.09707E-01  6.07415E-01  8.13688E-01  9.36122E-01  9.93485E-01      -9.80520E-01  1.00000E+00
  1.99188E-01  6.26800E-01  8.29855E-01  9.42725E-01  9.93483E-01      -9.99990E-01  1.00000E+00
  6.74923E-01  8.45808E-01  9.24558E-01  9.71897E-01  9.96812E-01      -4.16440E-01  1.00000E+00
  6.56188E-01  8.42977E-01  9.29828E-01  9.76105E-01  9.97457E-01      -5.78040E-01  1.00000E+00
  6.51575E-01  8.41428E-01  9.28118E-01  9.75297E-01  9.97340E-01      -3.32480E-01  1.00000E+00
  6.59347E-01  8.47965E-01  9.31505E-01  9.76865E-01  9.97523E-01      -5.42140E-01  1.00000E+00
  6.78990E-01  8.61252E-01  9.38878E-01  9.79818E-01  9.97925E-01      -4.62950E-01  1.00000E+00


    1.   2.01    4.   9.01  2.00E+01  6.00E+01  6.81E-01  4.34E-01     5   0.00

  5.61250E+00  1.09440E+01  1.41830E+01  1.60740E+01  1.74430E+01       7.14140E-03  1.88980E+01

  4.18840E-01  6.31835E-01  7.62520E-01  8.67665E-01  9.58175E-01       2.46750E-03  1.00000E+00
  4.09990E-01  6.09645E-01  7.41760E-01  8.50335E-01  9.47245E-01       2.47320E-03  1.00000E+00
  3.37230E-01  5.02230E-01  6.08905E-01  7.06805E-01  8.29755E-01       2.25130E-03  9.99980E-01
  2.48755E-01  3.80005E-01  4.72155E-01  5.62525E-01  6.80135E-01       1.34660E-03  9.77520E-01
  1.44445E-01  2.43050E-01  3.16455E-01  3.90405E-01  4.91970E-01       3.00430E-04  8.86480E-01

 -9.72947E-01 -7.71657E-01 -3.94160E-01  1.36098E-01  8.39622E-01      -1.00000E+00  1.00000E+00
 -9.71242E-01 -7.47115E-01 -3.41587E-01  2.59298E-01  8.98505E-01      -1.00000E+00  1.00000E+00
 -9.69355E-01 -7.29213E-01 -2.84438E-01  3.51178E-01  9.14367E-01      -1.00000E+00  1.00000E+00
 -9.68145E-01 -7.11605E-01 -2.37376E-01  4.21658E-01  9.28110E-01      -1.00000E+00  1.00000E+00
 -9.60157E-01 -6.60942E-01 -1.19101E-01  5.11855E-01  9.38790E-01      -1.00000E+00  1.00000E+00
 -4.47717E-01 -1.07809E-01  1.31466E-01  4.53345E-01  9.09245E-01      -1.00000E+00  1.00000E+00
 -4.37227E-01 -3.65425E-02  2.44930E-01  5.74195E-01  9.36815E-01      -1.00000E+00  1.00000E+00
 -4.29565E-01  1.69775E-02  3.25134E-01  6.41168E-01  9.50592E-01      -1.00000E+00  1.00000E+00
 -4.32604E-01  5.86625E-02  4.06800E-01  7.13947E-01  9.60563E-01      -1.00000E+00  1.00000E+00
 -5.90860E-01 -3.73725E-02  4.05292E-01  7.55480E-01  9.69823E-01      -1.00000E+00  1.00000E+00
  2.15381E-01  4.90045E-01  6.40590E-01  7.87505E-01  9.65240E-01      -8.31250E-01  1.00000E+00
  2.65733E-01  5.74503E-01  7.39695E-01  8.67975E-01  9.79772E-01      -8.84310E-01  1.00000E+00
  3.26350E-01  6.49490E-01  8.16222E-01  9.25330E-01  9.90533E-01      -9.22270E-01  1.00000E+00
  3.82352E-01  6.96948E-01  8.56740E-01  9.48905E-01  9.94485E-01      -9.40990E-01  1.00000E+00
  4.36298E-01  7.35860E-01  8.79698E-01  9.59320E-01  9.95432E-01      -1.00000E+00  1.00000E+00
  6.12863E-01  7.81685E-01  8.71698E-01  9.39222E-01  9.91587E-01      -4.35260E-01  1.00000E+00
  6.37992E-01  8.19697E-01  9.10540E-01  9.66923E-01  9.96193E-01      -3.27060E-01  1.00000E+00
  6.56512E-01  8.35935E-01  9.22623E-01  9.73435E-01  9.96988E-01      -4.04240E-01  1.00000E+00
  6.82333E-01  8.51865E-01  9.32438E-01  9.76795E-01  9.97450E-01      -2.34680E-01  1.00000E+00
  7.35140E-01  8.85045E-01  9.47972E-01  9.82647E-01  9.98088E-01      -1.82570E-01  1.00000E+00
  8.51545E-01  9.33490E-01  9.69203E-01  9.89510E-01  9.98820E-01       2.54750E-01  1.00000E+00
  8.50780E-01  9.34593E-01  9.70503E-01  9.89968E-01  9.98943E-01       1.26320E-01  1.00000E+00
  8.53052E-01  9.36588E-01  9.71545E-01  9.90358E-01  9.98977E-01       2.72030E-01  1.00000E+00
  8.61187E-01  9.39823E-01  9.73455E-01  9.91193E-01  9.99040E-01       3.06090E-01  1.00000E+00
  8.77760E-01  9.48260E-01  9.77520E-01  9.92545E-01  9.99217E-01       3.24770E-01  1.00000E+00


    1.   2.01    4.   9.01  2.00E+01  7.00E+01  8.53E-01  6.40E-01     5   0.00

  8.88070E+00  1.44710E+01  1.65310E+01  1.76010E+01  1.84170E+01       7.14910E-03  1.91710E+01

  3.90015E-01  5.98800E-01  7.38300E-01  8.55850E-01  9.55715E-01       1.73060E-03  1.00000E+00
  3.32250E-01  5.05255E-01  6.24560E-01  7.26645E-01  8.41460E-01       3.29430E-03  1.00000E+00
  2.48210E-01  3.86605E-01  4.76910E-01  5.62540E-01  6.75025E-01       2.99330E-04  9.56330E-01
  1.77000E-01  2.86560E-01  3.64175E-01  4.39580E-01  5.39270E-01       1.15380E-03  8.40140E-01
  1.05427E-01  1.83045E-01  2.42305E-01  3.01715E-01  3.83345E-01       4.78150E-04  7.17490E-01

 -7.48030E-01 -5.15250E-01 -2.58356E-01  1.53870E-01  8.37625E-01      -1.00000E+00  1.00000E+00
 -7.51837E-01 -4.86707E-01 -1.82890E-01  2.96010E-01  8.94107E-01      -1.00000E+00  1.00000E+00
 -7.61465E-01 -4.65180E-01 -1.07293E-01  4.04482E-01  9.14010E-01      -1.00000E+00  1.00000E+00
 -8.17022E-01 -4.55980E-01 -1.96175E-02  4.99925E-01  9.26930E-01      -1.00000E+00  1.00000E+00
 -9.11848E-01 -4.88820E-01  6.59887E-02  6.01830E-01  9.52360E-01      -1.00000E+00  1.00000E+00
  2.14483E-01  4.55285E-01  5.99573E-01  7.55300E-01  9.60248E-01      -9.13190E-01  1.00000E+00
  2.46487E-01  5.16177E-01  6.70148E-01  8.09110E-01  9.67702E-01      -9.38850E-01  1.00000E+00
  3.20962E-01  5.99543E-01  7.54563E-01  8.79063E-01  9.81662E-01      -9.59860E-01  1.00000E+00
  4.07395E-01  6.95462E-01  8.41965E-01  9.37590E-01  9.92537E-01      -8.84100E-01  1.00000E+00
  4.64745E-01  7.54837E-01  8.88070E-01  9.61198E-01  9.95672E-01      -9.99910E-01  1.00000E+00
  6.30235E-01  7.76415E-01  8.59860E-01  9.35697E-01  9.92155E-01      -1.70100E-01  1.00000E+00
  6.57857E-01  8.13967E-01  8.94935E-01  9.54032E-01  9.93563E-01      -1.41130E-01  1.00000E+00
  6.94082E-01  8.48580E-01  9.25465E-01  9.71990E-01  9.96675E-01      -1.56050E-01  1.00000E+00
  7.26435E-01  8.72965E-01  9.40837E-01  9.79683E-01  9.97740E-01      -4.94460E-02  1.00000E+00
  7.77713E-01  9.01898E-01  9.56592E-01  9.85262E-01  9.98400E-01       2.49900E-02  1.00000E+00
  8.16747E-01  9.05367E-01  9.51063E-01  9.81417E-01  9.97855E-01       2.87400E-01  1.00000E+00
  8.25918E-01  9.15643E-01  9.59380E-01  9.85392E-01  9.98325E-01       2.69860E-01  1.00000E+00
  8.38203E-01  9.25390E-01  9.65825E-01  9.88177E-01  9.98727E-01       3.58300E-01  1.00000E+00
  8.53008E-01  9.33998E-01  9.70445E-01  9.89968E-01  9.98915E-01       3.81120E-01  1.00000E+00
  8.79213E-01  9.48795E-01  9.77610E-01  9.92482E-01  9.99205E-01       3.99740E-01  1.00000E+00
  9.21335E-01  9.65592E-01  9.84507E-01  9.94715E-01  9.99425E-01       5.65640E-01  1.00000E+00
  9.22145E-01  9.65955E-01  9.84985E-01  9.94980E-01  9.99465E-01       6.05170E-01  1.00000E+00
  9.23177E-01  9.67023E-01  9.85537E-01  9.95150E-01  9.99475E-01       6.39080E-01  1.00000E+00
  9.29127E-01  9.70225E-01  9.86913E-01  9.95597E-01  9.99522E-01       6.40830E-01  1.00000E+00
  9.38273E-01  9.74062E-01  9.88692E-01  9.96245E-01  9.99593E-01       6.73400E-01  1.00000E+00


    1.   2.01    4.   9.01  2.00E+01  8.00E+01  9.66E-01  8.24E-01     5   0.00

  1.38910E+01  1.70670E+01  1.80240E+01  1.85800E+01  1.90140E+01       8.13250E-03  1.93780E+01

  3.32610E-01  5.26240E-01  6.61590E-01  7.78005E-01  8.87795E-01       2.75930E-03  1.00000E+00
  2.10310E-01  3.58830E-01  4.57705E-01  5.43495E-01  6.50620E-01       8.93550E-04  9.39180E-01
  1.56795E-01  2.70435E-01  3.49540E-01  4.24170E-01  5.19725E-01       6.73530E-04  8.05750E-01
  1.22220E-01  2.12240E-01  2.78865E-01  3.41520E-01  4.20610E-01       2.51900E-04  7.20300E-01
  8.04080E-02  1.39635E-01  1.84020E-01  2.27515E-01  2.85855E-01       3.52910E-04  5.10440E-01

 -2.49620E-01  1.29420E-01  3.99787E-01  6.25950E-01  9.11162E-01      -1.00000E+00  1.00000E+00
 -2.26215E-01  1.57787E-01  4.32385E-01  6.50180E-01  9.26347E-01      -1.00000E+00  1.00000E+00
 -1.95335E-01  2.02790E-01  4.97600E-01  7.13045E-01  9.40472E-01      -1.00000E+00  1.00000E+00
 -1.48483E-01  2.78450E-01  5.95925E-01  8.08252E-01  9.67660E-01      -1.00000E+00  1.00000E+00
 -1.24235E-01  2.83617E-01  6.37910E-01  8.66753E-01  9.84733E-01      -1.00000E+00  1.00000E+00
  7.20255E-01  8.44455E-01  9.23992E-01  9.75612E-01  9.97468E-01      -6.78590E-02  1.00000E+00
  7.19392E-01  8.39055E-01  9.06538E-01  9.60770E-01  9.95250E-01      -1.44820E-01  1.00000E+00
  7.57492E-01  8.72853E-01  9.32527E-01  9.72710E-01  9.96733E-01       3.23890E-02  1.00000E+00
  7.94810E-01  9.02685E-01  9.53945E-01  9.83795E-01  9.98225E-01       1.25730E-02  1.00000E+00
  8.35157E-01  9.29425E-01  9.68985E-01  9.89575E-01  9.98865E-01       2.08280E-01  1.00000E+00
  8.60300E-01  9.32098E-01  9.68520E-01  9.89510E-01  9.98885E-01       4.42000E-01  1.00000E+00
  8.59690E-01  9.30543E-01  9.65837E-01  9.87627E-01  9.98607E-01       4.60000E-01  1.00000E+00
  8.70640E-01  9.39222E-01  9.71233E-01  9.89847E-01  9.98878E-01       4.28060E-01  1.00000E+00
  8.85935E-01  9.49065E-01  9.76977E-01  9.92102E-01  9.99120E-01       4.83400E-01  1.00000E+00
  9.06913E-01  9.60605E-01  9.82718E-01  9.94282E-01  9.99382E-01       4.74230E-01  1.00000E+00
  9.18523E-01  9.63510E-01  9.83730E-01  9.94478E-01  9.99398E-01       6.11200E-01  1.00000E+00
  9.18172E-01  9.62835E-01  9.82818E-01  9.94070E-01  9.99378E-01       6.59020E-01  1.00000E+00
  9.22590E-01  9.64902E-01  9.84240E-01  9.94607E-01  9.99415E-01       6.90360E-01  1.00000E+00
  9.32265E-01  9.69995E-01  9.86505E-01  9.95478E-01  9.99510E-01       6.85790E-01  1.00000E+00
  9.46110E-01  9.77070E-01  9.90085E-01  9.96752E-01  9.99630E-01       7.11760E-01  1.00000E+00
  9.59690E-01  9.82317E-01  9.92142E-01  9.97378E-01  9.99720E-01       7.96430E-01  1.00000E+00
  9.62202E-01  9.83293E-01  9.92508E-01  9.97467E-01  9.99727E-01       7.99520E-01  1.00000E+00
  9.65070E-01  9.84832E-01  9.93243E-01  9.97692E-01  9.99752E-01       8.10670E-01  1.00000E+00
  9.68230E-01  9.86470E-01  9.94090E-01  9.98027E-01  9.99785E-01       8.25630E-01  1.00000E+00
  9.73725E-01  9.89048E-01  9.95265E-01  9.98460E-01  9.99838E-01       8.08760E-01  1.00000E+00


    1.   2.01    4.   9.01  2.00E+01  8.50E+01  9.85E-01  8.67E-01     5   0.00

  1.53760E+01  1.76020E+01  1.83480E+01  1.88000E+01  1.91550E+01       2.00940E-02  1.94390E+01

  2.85315E-01  4.72595E-01  6.04900E-01  7.16750E-01  8.32580E-01       1.46870E-03  1.00000E+00
  1.64820E-01  2.99170E-01  3.96925E-01  4.82355E-01  5.86545E-01       9.36130E-04  9.01130E-01
  1.32415E-01  2.36365E-01  3.12820E-01  3.86650E-01  4.78530E-01       8.51880E-04  7.81260E-01
  1.10295E-01  1.95085E-01  2.57715E-01  3.15125E-01  3.85340E-01       3.06280E-04  6.27230E-01
  7.26480E-02  1.26170E-01  1.65680E-01  2.04075E-01  2.55070E-01       2.56160E-04  4.53420E-01

  4.89250E-03  4.65993E-01  6.79983E-01  8.31935E-01  9.76938E-01      -1.00000E+00  1.00000E+00
 -1.44050E-02  4.49325E-01  6.66878E-01  8.19780E-01  9.68252E-01      -1.00000E+00  1.00000E+00
  1.54850E-02  5.01783E-01  7.26888E-01  8.64328E-01  9.76173E-01      -1.00000E+00  1.00000E+00
  5.20075E-02  5.85720E-01  8.08770E-01  9.27807E-01  9.91025E-01      -1.00000E+00  1.00000E+00
  9.80000E-04  4.73592E-01  7.65115E-01  9.24882E-01  9.91920E-01      -1.00000E+00  1.00000E+00
  8.25295E-01  9.22497E-01  9.69137E-01  9.90482E-01  9.99022E-01       2.92950E-01  1.00000E+00
  8.08175E-01  8.99600E-01  9.50550E-01  9.83368E-01  9.98165E-01       3.06000E-01  1.00000E+00
  8.25440E-01  9.12107E-01  9.55093E-01  9.83350E-01  9.98162E-01       1.94310E-01  1.00000E+00
  8.49748E-01  9.29890E-01  9.67172E-01  9.88465E-01  9.98742E-01       3.19710E-01  1.00000E+00
  8.79325E-01  9.49537E-01  9.77782E-01  9.92605E-01  9.99188E-01       3.45360E-01  1.00000E+00
  9.04175E-01  9.57930E-01  9.81687E-01  9.94190E-01  9.99387E-01       5.76700E-01  1.00000E+00
  8.98417E-01  9.52940E-01  9.78440E-01  9.92613E-01  9.99208E-01       5.76880E-01  1.00000E+00
  9.01753E-01  9.55710E-01  9.79497E-01  9.92893E-01  9.99205E-01       5.54900E-01  1.00000E+00
  9.12915E-01  9.61365E-01  9.82640E-01  9.94152E-01  9.99380E-01       5.57850E-01  1.00000E+00
  9.29248E-01  9.70365E-01  9.87132E-01  9.95785E-01  9.99535E-01       5.03580E-01  1.00000E+00
  9.38678E-01  9.73905E-01  9.88627E-01  9.96260E-01  9.99585E-01       7.21180E-01  1.00000E+00
  9.36660E-01  9.71620E-01  9.87290E-01  9.95767E-01  9.99537E-01       7.28400E-01  1.00000E+00
  9.40177E-01  9.73180E-01  9.87897E-01  9.95880E-01  9.99550E-01       7.45790E-01  1.00000E+00
  9.48060E-01  9.77167E-01  9.89845E-01  9.96618E-01  9.99648E-01       7.61010E-01  1.00000E+00
  9.60390E-01  9.83360E-01  9.92730E-01  9.97580E-01  9.99738E-01       7.90230E-01  1.00000E+00
  9.68940E-01  9.86130E-01  9.93785E-01  9.97938E-01  9.99783E-01       8.33270E-01  1.00000E+00
  9.71182E-01  9.87363E-01  9.94380E-01  9.98145E-01  9.99800E-01       8.53880E-01  1.00000E+00
  9.73505E-01  9.88587E-01  9.94990E-01  9.98347E-01  9.99823E-01       8.68880E-01  1.00000E+00
  9.76238E-01  9.89938E-01  9.95642E-01  9.98550E-01  9.99845E-01       8.79120E-01  1.00000E+00
  9.80645E-01  9.91892E-01  9.96493E-01  9.98865E-01  9.99877E-01       8.90560E-01  1.00000E+00


    1.   2.01    4.   9.01  5.00E+01  0.00E+00  1.77E-01  5.54E-02     5   0.00

  4.19220E+00  1.06280E+01  1.61300E+01  2.08900E+01  2.62860E+01       1.49980E-02  3.55850E+01

  4.65670E-01  6.80275E-01  8.01870E-01  8.93585E-01  9.67725E-01       5.69340E-03  1.00000E+00
  5.20520E-01  7.00885E-01  8.10355E-01  8.97715E-01  9.68885E-01       1.25720E-02  9.99990E-01
  5.37690E-01  7.10765E-01  8.18040E-01  9.03290E-01  9.70450E-01       2.38800E-02  1.00000E+00
  5.42365E-01  6.98230E-01  7.91760E-01  8.72705E-01  9.56400E-01       3.22350E-02  9.99990E-01
  3.19790E-01  4.56705E-01  5.79095E-01  7.08985E-01  8.66950E-01       7.38790E-04  1.00000E+00

 -9.49398E-01 -5.81460E-01  9.46986E-03  5.87895E-01  9.49890E-01      -1.00000E+00  9.99990E-01
 -9.46735E-01 -5.79075E-01  5.36200E-03  5.91978E-01  9.49877E-01      -1.00000E+00  1.00000E+00
 -9.51840E-01 -5.78905E-01  1.01587E-02  5.96492E-01  9.52890E-01      -1.00000E+00  1.00000E+00
 -9.51777E-01 -5.98703E-01 -1.96028E-02  5.74940E-01  9.48477E-01      -1.00000E+00  1.00000E+00
 -9.49982E-01 -5.88660E-01 -9.17602E-03  5.79260E-01  9.52875E-01      -1.00000E+00  1.00000E+00
 -9.48315E-01 -5.77102E-01  1.29863E-02  5.99030E-01  9.50760E-01      -1.00000E+00  1.00000E+00
 -9.50945E-01 -5.95342E-01 -8.10280E-03  5.96548E-01  9.51755E-01      -1.00000E+00  1.00000E+00
 -9.49152E-01 -5.79125E-01  1.64977E-03  5.77095E-01  9.49067E-01      -1.00000E+00  1.00000E+00
 -9.50510E-01 -5.93983E-01 -8.69880E-03  5.77287E-01  9.47242E-01      -1.00000E+00  1.00000E+00
 -9.47950E-01 -5.79827E-01  1.90533E-02  5.92135E-01  9.54528E-01      -1.00000E+00  9.99990E-01
 -9.53915E-01 -5.89360E-01 -2.99616E-04  5.96855E-01  9.48260E-01      -1.00000E+00  1.00000E+00
 -9.54515E-01 -5.95248E-01 -4.33133E-03  5.93065E-01  9.49145E-01      -1.00000E+00  1.00000E+00
 -9.53207E-01 -5.85017E-01 -4.76642E-03  5.85970E-01  9.52470E-01      -1.00000E+00  1.00000E+00
 -9.48190E-01 -5.73395E-01  2.24407E-02  5.96523E-01  9.52883E-01      -1.00000E+00  1.00000E+00
 -9.51320E-01 -5.83237E-01  9.60670E-03  5.92075E-01  9.50855E-01      -1.00000E+00  1.00000E+00
 -9.55252E-01 -5.98847E-01 -5.77750E-04  5.91730E-01  9.49773E-01      -1.00000E+00  1.00000E+00
 -9.47985E-01 -5.76720E-01 -8.06928E-03  5.89517E-01  9.53380E-01      -1.00000E+00  1.00000E+00
 -9.52072E-01 -5.86990E-01  1.71845E-03  5.97912E-01  9.53302E-01      -1.00000E+00  1.00000E+00
 -9.49797E-01 -5.90270E-01 -4.99585E-03  5.84470E-01  9.51972E-01      -1.00000E+00  1.00000E+00
 -9.51958E-01 -5.78817E-01  1.91195E-02  5.97655E-01  9.46503E-01      -1.00000E+00  1.00000E+00
 -9.50758E-01 -6.03225E-01  1.82200E-03  5.85625E-01  9.48910E-01      -1.00000E+00  1.00000E+00
 -9.53087E-01 -5.91470E-01 -7.76257E-03  5.79215E-01  9.49847E-01      -1.00000E+00  1.00000E+00
 -9.50045E-01 -5.95097E-01 -5.27948E-03  5.72265E-01  9.50695E-01      -1.00000E+00  9.99960E-01
 -9.49627E-01 -5.87127E-01  4.95750E-05  5.87553E-01  9.53137E-01      -1.00000E+00  1.00000E+00
 -9.48932E-01 -5.86240E-01  9.36075E-04  6.06287E-01  9.53025E-01      -1.00000E+00  1.00000E+00


    1.   2.01    4.   9.01  5.00E+01  3.00E+01  2.34E-01  8.56E-02     5   0.00

  4.90700E+00  1.24020E+01  1.85660E+01  2.39320E+01  3.13290E+01       4.44980E-03  4.15430E+01

  4.76560E-01  6.82540E-01  8.01655E-01  8.93380E-01  9.68040E-01       5.78730E-03  1.00000E+00
  5.19115E-01  6.97545E-01  8.07655E-01  8.94825E-01  9.68070E-01       9.24490E-03  9.99990E-01
  5.20205E-01  6.94625E-01  8.05840E-01  8.93150E-01  9.67760E-01       2.61140E-02  1.00000E+00
  4.41155E-01  6.24925E-01  7.45455E-01  8.46980E-01  9.45525E-01       1.33890E-02  1.00000E+00
  2.70625E-01  4.19145E-01  5.35810E-01  6.58905E-01  8.15985E-01       2.51460E-03  9.99910E-01

 -9.52078E-01 -5.88452E-01  1.50097E-02  5.90207E-01  9.51838E-01      -1.00000E+00  1.00000E+00
 -9.50305E-01 -5.81910E-01  2.74742E-03  5.91760E-01  9.47072E-01      -1.00000E+00  1.00000E+00
 -9.51523E-01 -5.92107E-01  9.31805E-03  5.99923E-01  9.53050E-01      -1.00000E+00  1.00000E+00
 -9.50165E-01 -5.95882E-01 -1.80310E-02  5.74188E-01  9.49460E-01      -1.00000E+00  1.00000E+00
 -9.50242E-01 -5.75725E-01  1.66960E-03  5.82105E-01  9.52172E-01      -1.00000E+00  1.00000E+00
 -9.50818E-01 -6.22210E-01 -6.70940E-02  5.30160E-01  9.43093E-01      -1.00000E+00  1.00000E+00
 -9.52680E-01 -6.17435E-01 -4.55118E-02  5.51613E-01  9.48298E-01      -1.00000E+00  1.00000E+00
 -9.55895E-01 -6.08310E-01 -3.45732E-02  5.64305E-01  9.49898E-01      -1.00000E+00  1.00000E+00
 -9.52878E-01 -6.18685E-01 -2.89107E-02  5.62235E-01  9.44393E-01      -1.00000E+00  1.00000E+00
 -9.49550E-01 -5.91365E-01  5.45173E-03  5.84460E-01  9.50570E-01      -1.00000E+00  1.00000E+00
 -9.72115E-01 -7.29417E-01 -1.79393E-01  4.90305E-01  9.39545E-01      -1.00000E+00  1.00000E+00
 -9.67352E-01 -7.18260E-01 -2.03655E-01  4.86640E-01  9.38860E-01      -1.00000E+00  1.00000E+00
 -9.67433E-01 -7.03232E-01 -2.01352E-01  4.68548E-01  9.33578E-01      -1.00000E+00  9.99990E-01
 -9.64148E-01 -6.92520E-01 -1.74102E-01  4.82467E-01  9.35870E-01      -1.00000E+00  1.00000E+00
 -9.54568E-01 -6.28190E-01 -7.49895E-02  5.25220E-01  9.43280E-01      -1.00000E+00  1.00000E+00
 -8.09053E-01 -4.68350E-01 -1.33330E-01  4.13973E-01  9.29738E-01      -1.00000E+00  1.00000E+00
 -6.94755E-01 -1.57935E-01  2.39901E-01  6.64698E-01  9.59647E-01      -1.00000E+00  1.00000E+00
 -6.38667E-01  1.36225E-02  4.09695E-01  7.42162E-01  9.69380E-01      -1.00000E+00  1.00000E+00
 -6.59083E-01  3.48575E-02  4.97760E-01  8.02070E-01  9.75433E-01      -1.00000E+00  1.00000E+00
 -8.18415E-01 -1.43573E-01  4.16145E-01  7.99232E-01  9.76908E-01      -1.00000E+00  1.00000E+00
  1.85742E-01  5.15768E-01  7.07150E-01  8.64090E-01  9.80140E-01      -9.99680E-01  1.00000E+00
  1.94877E-01  6.06170E-01  8.05467E-01  9.30205E-01  9.92700E-01      -9.99980E-01  1.00000E+00
  1.87336E-01  6.23185E-01  8.33300E-01  9.44007E-01  9.94332E-01      -9.99950E-01  1.00000E+00
  1.58141E-01  6.09403E-01  8.20150E-01  9.39433E-01  9.93867E-01      -1.00000E+00  1.00000E+00
  2.19800E-02  5.48735E-01  7.99930E-01  9.30063E-01  9.92202E-01      -1.00000E+00  1.00000E+00


    1.   2.01    4.   9.01  5.00E+01  4.50E+01  3.17E-01  1.37E-01     5   0.00

  6.05430E+00  1.50450E+01  2.18470E+01  2.87610E+01  3.64230E+01       2.10000E-03  4.43560E+01

  4.85680E-01  6.85095E-01  8.04040E-01  8.93755E-01  9.67660E-01       9.48830E-03  1.00000E+00
  5.11730E-01  6.87120E-01  7.98805E-01  8.88815E-01  9.65960E-01       9.39130E-03  1.00000E+00
  4.70065E-01  6.55150E-01  7.77060E-01  8.77000E-01  9.62055E-01       1.73840E-02  1.00000E+00
  3.92735E-01  5.69890E-01  6.88815E-01  7.93695E-01  9.12450E-01       1.07570E-02  9.99990E-01
  2.10160E-01  3.41105E-01  4.42790E-01  5.54290E-01  7.05175E-01       1.06240E-03  9.99670E-01

 -9.53335E-01 -5.98392E-01 -2.01864E-02  5.82430E-01  9.49817E-01      -1.00000E+00  1.00000E+00
 -9.52172E-01 -5.94525E-01 -2.41158E-03  5.84055E-01  9.51348E-01      -1.00000E+00  1.00000E+00
 -9.53043E-01 -6.01080E-01 -1.37672E-02  5.80605E-01  9.49840E-01      -1.00000E+00  1.00000E+00
 -9.49255E-01 -5.89413E-01 -7.55393E-03  5.90210E-01  9.52173E-01      -1.00000E+00  1.00000E+00
 -9.51003E-01 -5.93132E-01 -2.01756E-02  5.85350E-01  9.51260E-01      -1.00000E+00  1.00000E+00
 -9.65375E-01 -6.92795E-01 -1.77027E-01  4.67048E-01  9.36685E-01      -1.00000E+00  1.00000E+00
 -9.65538E-01 -6.85537E-01 -1.48016E-01  4.99335E-01  9.38273E-01      -1.00000E+00  1.00000E+00
 -9.66422E-01 -6.83088E-01 -1.31934E-01  5.00882E-01  9.39305E-01      -1.00000E+00  1.00000E+00
 -9.60550E-01 -6.58018E-01 -9.93525E-02  5.31212E-01  9.43000E-01      -1.00000E+00  1.00000E+00
 -9.53642E-01 -6.20560E-01 -4.04956E-02  5.53935E-01  9.46160E-01      -1.00000E+00  1.00000E+00
 -8.67465E-01 -6.05008E-01 -2.31005E-01  4.51693E-01  9.29300E-01      -1.00000E+00  1.00000E+00
 -8.35417E-01 -4.67023E-01 -1.97475E-02  5.81878E-01  9.48313E-01      -1.00000E+00  1.00000E+00
 -8.39853E-01 -4.09282E-01  4.00800E-02  6.02797E-01  9.53565E-01      -1.00000E+00  1.00000E+00
 -8.71517E-01 -4.00897E-01  5.25350E-02  5.83460E-01  9.50643E-01      -1.00000E+00  1.00000E+00
 -9.15360E-01 -4.48265E-01  8.59375E-02  6.16097E-01  9.57775E-01      -1.00000E+00  1.00000E+00
 -2.47537E-01  1.29669E-01  3.83055E-01  7.28712E-01  9.67880E-01      -9.99950E-01  1.00000E+00
 -1.94071E-01  2.94868E-01  5.66445E-01  8.13098E-01  9.76605E-01      -1.00000E+00  1.00000E+00
 -1.29987E-01  4.06363E-01  6.78075E-01  8.64583E-01  9.84560E-01      -9.99990E-01  1.00000E+00
 -1.22711E-01  4.41808E-01  7.34252E-01  9.06902E-01  9.89348E-01      -9.99960E-01  1.00000E+00
 -3.62764E-01  2.77905E-01  6.60335E-01  8.85470E-01  9.86778E-01      -1.00000E+00  1.00000E+00
  5.12335E-01  7.28520E-01  8.35908E-01  9.14702E-01  9.88260E-01      -7.03180E-01  1.00000E+00
  5.30083E-01  7.85192E-01  8.94185E-01  9.62015E-01  9.95540E-01      -7.41030E-01  1.00000E+00
  5.32382E-01  7.97705E-01  9.13807E-01  9.70475E-01  9.96745E-01      -7.40330E-01  1.00000E+00
  5.31118E-01  7.81510E-01  9.02693E-01  9.66873E-01  9.96355E-01      -6.08350E-01  1.00000E+00
  5.27663E-01  7.97968E-01  9.09245E-01  9.69610E-01  9.96768E-01      -9.71820E-01  1.00000E+00


    1.   2.01    4.   9.01  5.00E+01  6.00E+01  4.63E-01  2.52E-01     5   0.00

  8.72460E+00  2.02360E+01  2.89750E+01  3.63710E+01  4.21430E+01       7.10780E-03  4.71840E+01

  4.90405E-01  6.84215E-01  8.00180E-01  8.91295E-01  9.67265E-01       3.41100E-03  1.00000E+00
  4.61210E-01  6.45995E-01  7.67795E-01  8.70030E-01  9.59865E-01       1.49740E-03  1.00000E+00
  3.89860E-01  5.76740E-01  7.09315E-01  8.22435E-01  9.29105E-01       6.22180E-03  9.99990E-01
  2.70160E-01  4.31030E-01  5.40995E-01  6.40005E-01  7.74445E-01       1.92820E-03  9.99870E-01
  1.47805E-01  2.44955E-01  3.20020E-01  4.03290E-01  5.20365E-01       1.49060E-03  9.23260E-01

 -9.55140E-01 -6.23740E-01 -7.01433E-02  5.42368E-01  9.42628E-01      -1.00000E+00  1.00000E+00
 -9.55655E-01 -6.09915E-01 -4.03427E-02  5.60137E-01  9.47647E-01      -1.00000E+00  1.00000E+00
 -9.55040E-01 -6.06595E-01 -4.04115E-02  5.58323E-01  9.43015E-01      -1.00000E+00  1.00000E+00
 -9.53647E-01 -6.12640E-01 -3.51139E-02  5.62508E-01  9.46512E-01      -1.00000E+00  1.00000E+00
 -9.53285E-01 -6.03903E-01 -1.06878E-02  5.90122E-01  9.50678E-01      -1.00000E+00  1.00000E+00
 -9.00275E-01 -6.94668E-01 -3.45604E-01  3.43737E-01  9.14922E-01      -1.00000E+00  1.00000E+00
 -9.02200E-01 -6.35848E-01 -1.69837E-01  4.91415E-01  9.39810E-01      -1.00000E+00  1.00000E+00
 -9.20352E-01 -6.19992E-01 -1.16370E-01  5.19482E-01  9.37545E-01      -1.00000E+00  1.00000E+00
 -9.47518E-01 -6.35100E-01 -1.17446E-01  5.05410E-01  9.43255E-01      -1.00000E+00  1.00000E+00
 -9.55547E-01 -6.22240E-01 -7.40978E-02  5.29535E-01  9.46438E-01      -1.00000E+00  1.00000E+00
 -2.92365E-01  5.52277E-02  3.17780E-01  7.07970E-01  9.65407E-01      -1.00000E+00  1.00000E+00
 -2.69482E-01  1.60600E-01  4.47372E-01  7.77625E-01  9.73360E-01      -9.99990E-01  1.00000E+00
 -2.29699E-01  2.41698E-01  5.20035E-01  7.96765E-01  9.74978E-01      -1.00000E+00  1.00000E+00
 -2.15909E-01  3.17462E-01  6.13620E-01  8.36232E-01  9.80255E-01      -1.00000E+00  1.00000E+00
 -3.77458E-01  2.51403E-01  6.35660E-01  8.67170E-01  9.84992E-01      -1.00000E+00  1.00000E+00
  2.98812E-01  5.44705E-01  6.77297E-01  8.40878E-01  9.80150E-01      -8.35570E-01  1.00000E+00
  3.52200E-01  6.40915E-01  7.76778E-01  8.93362E-01  9.86187E-01      -8.73500E-01  1.00000E+00
  4.32665E-01  7.23240E-01  8.57625E-01  9.40830E-01  9.92513E-01      -8.97380E-01  1.00000E+00
  4.69032E-01  7.59250E-01  8.93333E-01  9.63200E-01  9.96005E-01      -7.95890E-01  1.00000E+00
  5.17217E-01  7.78795E-01  9.02245E-01  9.66837E-01  9.96395E-01      -9.98000E-01  1.00000E+00
  7.60815E-01  8.73623E-01  9.25572E-01  9.62878E-01  9.94493E-01       6.19570E-02  1.00000E+00
  7.84045E-01  9.01660E-01  9.52003E-01  9.82208E-01  9.97925E-01      -3.82250E-03  1.00000E+00
  7.88015E-01  9.05965E-01  9.59270E-01  9.86145E-01  9.98528E-01       1.32710E-02  1.00000E+00
  7.92770E-01  9.06138E-01  9.57980E-01  9.85785E-01  9.98488E-01       9.88930E-02  1.00000E+00
  8.24260E-01  9.24063E-01  9.66815E-01  9.89017E-01  9.98833E-01       1.05240E-01  1.00000E+00


    1.   2.01    4.   9.01  5.00E+01  7.00E+01  6.18E-01  4.06E-01     5   0.00

  1.31820E+01  2.76200E+01  3.69120E+01  4.21890E+01  4.53960E+01       2.55350E-03  4.82700E+01

  4.66975E-01  6.56640E-01  7.76610E-01  8.74420E-01  9.61355E-01       2.82690E-03  1.00000E+00
  3.90205E-01  5.81130E-01  7.18215E-01  8.38475E-01  9.45490E-01       7.44550E-03  1.00000E+00
  2.66635E-01  4.34230E-01  5.58920E-01  6.67615E-01  7.88645E-01       3.55630E-03  9.99720E-01
  1.89115E-01  3.11270E-01  3.95665E-01  4.73795E-01  5.84215E-01       5.08450E-04  9.06960E-01
  1.01202E-01  1.73100E-01  2.28950E-01  2.89810E-01  3.75620E-01       1.24480E-04  6.75090E-01

 -9.66982E-01 -7.39615E-01 -3.19821E-01  3.19935E-01  9.05763E-01      -1.00000E+00  1.00000E+00
 -9.67743E-01 -7.19095E-01 -2.24165E-01  4.40335E-01  9.31202E-01      -1.00000E+00  1.00000E+00
 -9.67045E-01 -6.93333E-01 -1.50205E-01  4.96117E-01  9.36902E-01      -1.00000E+00  1.00000E+00
 -9.62067E-01 -6.54062E-01 -9.61362E-02  5.29658E-01  9.43897E-01      -1.00000E+00  1.00000E+00
 -9.55525E-01 -6.14597E-01 -2.88045E-02  5.74042E-01  9.51970E-01      -1.00000E+00  1.00000E+00
 -4.56162E-01 -1.37280E-01  1.29443E-01  5.65017E-01  9.41845E-01      -1.00000E+00  1.00000E+00
 -4.47940E-01 -7.02700E-02  2.59475E-01  6.81558E-01  9.61603E-01      -1.00000E+00  1.00000E+00
 -4.45660E-01 -3.84425E-02  3.06573E-01  7.08443E-01  9.65753E-01      -1.00000E+00  1.00000E+00
 -4.65708E-01 -3.92475E-02  3.26323E-01  6.96407E-01  9.62860E-01      -1.00000E+00  1.00000E+00
 -5.63493E-01 -8.08575E-02  3.30379E-01  7.04813E-01  9.61165E-01      -1.00000E+00  1.00000E+00
  2.55750E-01  4.94422E-01  6.32063E-01  8.24473E-01  9.78293E-01      -8.12950E-01  1.00000E+00
  3.12075E-01  5.68397E-01  7.11043E-01  8.62583E-01  9.83953E-01      -8.33060E-01  1.00000E+00
  3.88220E-01  6.48455E-01  7.83020E-01  8.94725E-01  9.86515E-01      -8.50960E-01  1.00000E+00
  4.83545E-01  7.47705E-01  8.67857E-01  9.48568E-01  9.93500E-01      -7.01760E-01  1.00000E+00
  5.66007E-01  8.06948E-01  9.13913E-01  9.70392E-01  9.96810E-01      -9.87940E-01  1.00000E+00
  6.59368E-01  7.88125E-01  8.55273E-01  9.31458E-01  9.91228E-01      -1.13470E-01  1.00000E+00
  6.98568E-01  8.35432E-01  9.00438E-01  9.49507E-01  9.93275E-01      -4.76050E-03  1.00000E+00
  7.44387E-01  8.78055E-01  9.38690E-01  9.75760E-01  9.96808E-01      -1.23390E-02  1.00000E+00
  7.74580E-01  8.95975E-01  9.53360E-01  9.84285E-01  9.98312E-01       1.13990E-01  1.00000E+00
  8.19250E-01  9.20240E-01  9.64413E-01  9.87815E-01  9.98688E-01       1.15230E-01  1.00000E+00
  8.87675E-01  9.43912E-01  9.68950E-01  9.86895E-01  9.98420E-01       5.16770E-01  1.00000E+00
  8.97707E-01  9.55192E-01  9.78870E-01  9.92510E-01  9.99160E-01       4.60150E-01  1.00000E+00
  9.04942E-01  9.58327E-01  9.82237E-01  9.94000E-01  9.99323E-01       4.71290E-01  1.00000E+00
  9.11455E-01  9.60483E-01  9.81992E-01  9.93953E-01  9.99382E-01       5.90280E-01  1.00000E+00
  9.26248E-01  9.69008E-01  9.86517E-01  9.95520E-01  9.99533E-01       6.70600E-01  1.00000E+00


    1.   2.01    4.   9.01  5.00E+01  8.00E+01  8.18E-01  6.48E-01     5   0.00

  2.34100E+01  3.91270E+01  4.39700E+01  4.61460E+01  4.76960E+01       1.96010E-02  4.88220E+01

  3.83350E-01  5.81905E-01  7.23190E-01  8.46170E-01  9.52615E-01       2.09460E-03  1.00000E+00
  2.36475E-01  4.01065E-01  5.30280E-01  6.47580E-01  7.62720E-01       9.14090E-04  9.98270E-01
  1.67590E-01  2.84400E-01  3.71005E-01  4.46060E-01  5.39465E-01       1.27440E-03  8.39160E-01
  1.16275E-01  2.00140E-01  2.59470E-01  3.14980E-01  3.97055E-01       3.90810E-05  6.28030E-01
  6.66100E-02  1.16902E-01  1.57825E-01  2.03600E-01  2.64710E-01       2.79170E-04  4.84110E-01

 -6.92800E-01 -4.41538E-01 -1.71072E-01  3.00597E-01  8.93083E-01      -1.00000E+00  1.00000E+00
 -6.95383E-01 -4.00785E-01 -4.41425E-02  4.84718E-01  9.34095E-01      -1.00000E+00  1.00000E+00
 -6.99622E-01 -3.70177E-01  4.39500E-02  5.52595E-01  9.42815E-01      -1.00000E+00  1.00000E+00
 -7.41545E-01 -3.42354E-01  1.27572E-01  5.93675E-01  9.47072E-01      -1.00000E+00  1.00000E+00
 -8.80435E-01 -3.76812E-01  1.76957E-01  6.67197E-01  9.60058E-01      -1.00000E+00  1.00000E+00
  3.57702E-01  5.46865E-01  6.66965E-01  8.23190E-01  9.74840E-01      -8.03130E-01  1.00000E+00
  4.09545E-01  6.03888E-01  7.23140E-01  8.58355E-01  9.81255E-01      -6.50520E-01  1.00000E+00
  4.77900E-01  6.69737E-01  7.80732E-01  8.79842E-01  9.83607E-01      -7.62140E-01  1.00000E+00
  5.93980E-01  7.73632E-01  8.72382E-01  9.42545E-01  9.91565E-01      -7.68890E-01  1.00000E+00
  7.01017E-01  8.61795E-01  9.36122E-01  9.77870E-01  9.97530E-01      -8.60210E-01  1.00000E+00
  7.34855E-01  8.31185E-01  8.91765E-01  9.57008E-01  9.94795E-01       2.12680E-01  1.00000E+00
  7.65042E-01  8.58515E-01  9.07570E-01  9.60170E-01  9.95540E-01       2.72240E-01  1.00000E+00
  8.04868E-01  8.94075E-01  9.36652E-01  9.69015E-01  9.95957E-01       2.52220E-01  1.00000E+00
  8.46867E-01  9.30675E-01  9.66998E-01  9.87910E-01  9.98600E-01       3.42890E-01  1.00000E+00
  8.83903E-01  9.49303E-01  9.77865E-01  9.92703E-01  9.99215E-01       4.83730E-01  1.00000E+00
  8.78855E-01  9.29577E-01  9.60818E-01  9.85998E-01  9.98417E-01       6.02670E-01  1.00000E+00
  8.93885E-01  9.44650E-01  9.67568E-01  9.86842E-01  9.98450E-01       6.41600E-01  1.00000E+00
  9.10360E-01  9.59723E-01  9.79820E-01  9.91847E-01  9.98997E-01       6.22380E-01  1.00000E+00
  9.19985E-01  9.64980E-01  9.84985E-01  9.95093E-01  9.99485E-01       6.19160E-01  1.00000E+00
  9.39040E-01  9.72815E-01  9.87830E-01  9.95905E-01  9.99558E-01       6.67440E-01  1.00000E+00
  9.55083E-01  9.79460E-01  9.89287E-01  9.95805E-01  9.99535E-01       7.64120E-01  1.00000E+00
  9.58343E-01  9.83060E-01  9.92437E-01  9.97370E-01  9.99702E-01       7.72440E-01  1.00000E+00
  9.59485E-01  9.82752E-01  9.92827E-01  9.97642E-01  9.99743E-01       7.91390E-01  1.00000E+00
  9.62855E-01  9.83290E-01  9.92472E-01  9.97540E-01  9.99745E-01       8.18900E-01  1.00000E+00
  9.70468E-01  9.87565E-01  9.94565E-01  9.98188E-01  9.99803E-01       8.27820E-01  1.00000E+00


    1.   2.01    4.   9.01  5.00E+01  8.50E+01  8.96E-01  7.58E-01     5   0.00

  3.06140E+01  4.27250E+01  4.57180E+01  4.72270E+01  4.82970E+01       9.14760E-03  4.89720E+01

  3.22970E-01  5.17270E-01  6.66150E-01  7.98410E-01  9.16865E-01       8.96850E-04  1.00000E+00
  1.91330E-01  3.29810E-01  4.38325E-01  5.33695E-01  6.32085E-01       1.26110E-03  9.15990E-01
  1.33985E-01  2.31795E-01  3.05175E-01  3.69890E-01  4.50820E-01       7.31960E-04  6.92640E-01
  9.56420E-02  1.67635E-01  2.20265E-01  2.69235E-01  3.40910E-01       2.91990E-04  5.50670E-01
  5.76670E-02  1.01692E-01  1.36950E-01  1.76030E-01  2.24195E-01       2.17110E-04  4.28890E-01

 -4.24242E-01 -1.26958E-01  1.41960E-01  4.28946E-01  8.91807E-01      -1.00000E+00  1.00000E+00
 -3.96937E-01 -7.89850E-02  2.15350E-01  5.48917E-01  9.36535E-01      -1.00000E+00  1.00000E+00
 -3.59860E-01 -2.97325E-02  2.81776E-01  6.14993E-01  9.48902E-01      -1.00000E+00  1.00000E+00
 -3.08837E-01  3.32575E-02  3.58761E-01  6.84828E-01  9.59480E-01      -1.00000E+00  1.00000E+00
 -2.72820E-01  6.32325E-02  4.05809E-01  7.17248E-01  9.65330E-01      -1.00000E+00  1.00000E+00
  6.28925E-01  7.46197E-01  8.27918E-01  9.22987E-01  9.90300E-01      -1.19420E-01  1.00000E+00
  6.64025E-01  7.79868E-01  8.49492E-01  9.28570E-01  9.91250E-01      -1.82850E-01  1.00000E+00
  7.16580E-01  8.26685E-01  8.89010E-01  9.42562E-01  9.92522E-01      -5.92120E-02  1.00000E+00
  7.90643E-01  8.89695E-01  9.41063E-01  9.74897E-01  9.96428E-01      -3.84960E-02  1.00000E+00
  8.54288E-01  9.37233E-01  9.71312E-01  9.90117E-01  9.98933E-01       6.41370E-02  1.00000E+00
  8.43457E-01  9.02115E-01  9.48210E-01  9.81527E-01  9.97960E-01       5.04200E-01  1.00000E+00
  8.60847E-01  9.17697E-01  9.50905E-01  9.82058E-01  9.98030E-01       4.75660E-01  1.00000E+00
  8.82213E-01  9.38085E-01  9.63028E-01  9.84507E-01  9.98180E-01       5.45530E-01  1.00000E+00
  9.07412E-01  9.60500E-01  9.81072E-01  9.92733E-01  9.99115E-01       5.48820E-01  1.00000E+00
  9.29535E-01  9.68980E-01  9.86898E-01  9.95745E-01  9.99535E-01       6.61680E-01  1.00000E+00
  9.23705E-01  9.56480E-01  9.77857E-01  9.92560E-01  9.99190E-01       7.33180E-01  1.00000E+00
  9.31060E-01  9.65210E-01  9.79975E-01  9.92517E-01  9.99197E-01       7.06460E-01  1.00000E+00
  9.40427E-01  9.74860E-01  9.87315E-01  9.94945E-01  9.99385E-01       7.37120E-01  1.00000E+00
  9.47240E-01  9.77385E-01  9.90633E-01  9.96940E-01  9.99660E-01       7.72860E-01  1.00000E+00
  9.60467E-01  9.82250E-01  9.91995E-01  9.97282E-01  9.99703E-01       7.90100E-01  1.00000E+00
  9.69010E-01  9.86420E-01  9.92843E-01  9.97173E-01  9.99688E-01       8.66880E-01  1.00000E+00
  9.71715E-01  9.89010E-01  9.95123E-01  9.98265E-01  9.99797E-01       8.50000E-01  1.00000E+00
  9.72595E-01  9.88220E-01  9.95265E-01  9.98488E-01  9.99835E-01       8.77050E-01  1.00000E+00
  9.76000E-01  9.88913E-01  9.94855E-01  9.98250E-01  9.99815E-01       8.82260E-01  1.00000E+00
  9.82345E-01  9.92472E-01  9.96708E-01  9.98910E-01  9.99885E-01       8.94940E-01  1.00000E+00


    1.   2.01    4.   9.01  1.00E+02  0.00E+00  1.46E-01  4.52E-02     5   0.00

  8.03410E+00  2.08080E+01  3.18290E+01  4.12380E+01  5.23770E+01       1.69100E-02  7.25780E+01

  4.97240E-01  6.93975E-01  8.08610E-01  8.95795E-01  9.68160E-01       6.74160E-03  1.00000E+00
  5.08655E-01  6.87685E-01  8.01315E-01  8.90275E-01  9.66610E-01       1.78680E-02  1.00000E+00
  4.72325E-01  6.69190E-01  7.92455E-01  8.87235E-01  9.65605E-01       1.87450E-02  1.00000E+00
  4.54810E-01  6.53525E-01  7.72175E-01  8.64370E-01  9.52520E-01       1.11600E-02  9.99970E-01
  2.91940E-01  4.36315E-01  5.61550E-01  6.99030E-01  8.63140E-01       2.79480E-03  9.99990E-01

 -9.52165E-01 -5.86607E-01  6.82992E-03  5.83673E-01  9.51107E-01      -1.00000E+00  1.00000E+00
 -9.51360E-01 -6.00378E-01 -2.10785E-02  5.89760E-01  9.49837E-01      -1.00000E+00  1.00000E+00
 -9.54738E-01 -5.91147E-01  1.18575E-03  5.92635E-01  9.48825E-01      -1.00000E+00  1.00000E+00
 -9.52720E-01 -5.93495E-01 -5.22068E-03  5.90300E-01  9.51930E-01      -1.00000E+00  1.00000E+00
 -9.51203E-01 -5.90143E-01 -1.59849E-02  5.73670E-01  9.50465E-01      -1.00000E+00  1.00000E+00
 -9.47420E-01 -5.74210E-01 -6.69125E-04  5.94882E-01  9.50352E-01      -1.00000E+00  1.00000E+00
 -9.50085E-01 -5.80322E-01 -3.09750E-04  5.86645E-01  9.53205E-01      -1.00000E+00  1.00000E+00
 -9.48850E-01 -5.82955E-01  9.25703E-03  5.92910E-01  9.55130E-01      -1.00000E+00  1.00000E+00
 -9.53380E-01 -5.81962E-01  3.98598E-03  5.85673E-01  9.47778E-01      -1.00000E+00  9.99980E-01
 -9.55132E-01 -6.03157E-01 -1.18258E-02  5.78707E-01  9.53327E-01      -1.00000E+00  1.00000E+00
 -9.48473E-01 -5.91240E-01 -5.61072E-03  6.01950E-01  9.53365E-01      -1.00000E+00  1.00000E+00
 -9.50185E-01 -5.84013E-01 -8.21178E-03  5.84930E-01  9.51790E-01      -1.00000E+00  1.00000E+00
 -9.45785E-01 -5.88455E-01  8.83050E-04  5.83525E-01  9.47457E-01      -1.00000E+00  1.00000E+00
 -9.54178E-01 -5.94437E-01 -1.12882E-02  5.74577E-01  9.51300E-01      -1.00000E+00  9.99990E-01
 -9.49562E-01 -5.74013E-01  9.77774E-03  5.94472E-01  9.53425E-01      -1.00000E+00  1.00000E+00
 -9.45858E-01 -5.84568E-01  3.04953E-04  5.89715E-01  9.47425E-01      -1.00000E+00  1.00000E+00
 -9.49850E-01 -5.82985E-01 -1.64312E-02  5.76000E-01  9.47332E-01      -1.00000E+00  9.99990E-01
 -9.52065E-01 -5.77430E-01 -8.98557E-03  5.75955E-01  9.48667E-01      -1.00000E+00  1.00000E+00
 -9.53640E-01 -5.91213E-01 -1.66927E-02  5.73895E-01  9.52198E-01      -1.00000E+00  9.99990E-01
 -9.49688E-01 -5.92595E-01 -2.43104E-02  5.79592E-01  9.51155E-01      -1.00000E+00  9.99990E-01
 -9.52840E-01 -5.72878E-01  2.42128E-02  5.93052E-01  9.52407E-01      -1.00000E+00  1.00000E+00
 -9.51143E-01 -5.90782E-01 -1.04715E-02  5.86580E-01  9.53647E-01      -1.00000E+00  1.00000E+00
 -9.49682E-01 -5.87945E-01 -6.83563E-03  6.00960E-01  9.50035E-01      -1.00000E+00  9.99990E-01
 -9.52705E-01 -6.06423E-01 -1.75760E-02  5.84192E-01  9.54135E-01      -1.00000E+00  9.99990E-01
 -9.48927E-01 -5.98882E-01 -2.21985E-03  5.82775E-01  9.50998E-01      -1.00000E+00  1.00000E+00


    1.   2.01    4.   9.01  1.00E+02  3.00E+01  1.97E-01  7.06E-02     5   0.00

  9.50360E+00  2.41900E+01  3.62830E+01  4.69220E+01  6.14110E+01       2.20400E-02  8.37930E+01

  4.99140E-01  6.90940E-01  8.06060E-01  8.95085E-01  9.68440E-01       8.51380E-03  9.99980E-01
  4.99275E-01  6.79325E-01  7.95765E-01  8.88130E-01  9.65200E-01       3.64570E-02  9.99990E-01
  4.47000E-01  6.47775E-01  7.74685E-01  8.75270E-01  9.61205E-01       1.43670E-02  1.00000E+00
  3.88035E-01  5.88095E-01  7.23570E-01  8.34580E-01  9.42725E-01       3.14860E-03  1.00000E+00
  2.72520E-01  4.27015E-01  5.44925E-01  6.68175E-01  8.27955E-01       3.25430E-03  9.99970E-01

 -9.51498E-01 -5.97045E-01 -1.12434E-02  5.86302E-01  9.46725E-01      -1.00000E+00  1.00000E+00
 -9.49345E-01 -5.90712E-01  6.77263E-03  5.88020E-01  9.51900E-01      -1.00000E+00  1.00000E+00
 -9.52748E-01 -5.98770E-01 -1.83400E-02  5.73802E-01  9.49697E-01      -1.00000E+00  1.00000E+00
 -9.49307E-01 -5.72180E-01  6.54717E-03  5.73012E-01  9.47767E-01      -1.00000E+00  1.00000E+00
 -9.49905E-01 -5.81547E-01  1.03699E-02  5.96245E-01  9.53830E-01      -1.00000E+00  1.00000E+00
 -9.58322E-01 -6.24230E-01 -6.65857E-02  5.38830E-01  9.45300E-01      -1.00000E+00  1.00000E+00
 -9.52217E-01 -6.07278E-01 -2.72822E-02  5.58685E-01  9.42130E-01      -1.00000E+00  1.00000E+00
 -9.52945E-01 -6.01588E-01 -2.32641E-02  5.66688E-01  9.47420E-01      -1.00000E+00  1.00000E+00
 -9.52460E-01 -5.95592E-01 -8.07135E-03  5.92465E-01  9.48680E-01      -1.00000E+00  1.00000E+00
 -9.51430E-01 -5.93247E-01 -1.68069E-02  5.79782E-01  9.45887E-01      -1.00000E+00  1.00000E+00
 -9.58838E-01 -6.33505E-01 -2.11045E-02  5.86132E-01  9.51768E-01      -1.00000E+00  1.00000E+00
 -9.60473E-01 -6.56617E-01 -6.36870E-02  5.46677E-01  9.48165E-01      -1.00000E+00  1.00000E+00
 -9.61758E-01 -6.62122E-01 -9.73285E-02  5.37092E-01  9.43383E-01      -1.00000E+00  1.00000E+00
 -9.60167E-01 -6.49747E-01 -1.09530E-01  5.31207E-01  9.44575E-01      -1.00000E+00  1.00000E+00
 -9.57753E-01 -6.27568E-01 -8.08383E-02  5.31675E-01  9.43783E-01      -1.00000E+00  1.00000E+00
 -8.44685E-01 -4.84397E-01  1.67548E-02  6.06488E-01  9.54753E-01      -1.00000E+00  1.00000E+00
 -7.40913E-01 -2.12852E-01  2.51978E-01  7.05045E-01  9.65200E-01      -1.00000E+00  1.00000E+00
 -6.99125E-01 -7.80150E-02  3.53668E-01  7.39590E-01  9.69850E-01      -1.00000E+00  1.00000E+00
 -7.18377E-01 -2.77350E-02  4.28532E-01  7.73462E-01  9.73373E-01      -1.00000E+00  1.00000E+00
 -8.28265E-01 -1.57747E-01  4.01165E-01  7.79955E-01  9.75285E-01      -1.00000E+00  1.00000E+00
  6.45100E-02  4.31570E-01  6.61308E-01  8.58137E-01  9.83605E-01      -9.99670E-01  1.00000E+00
  1.24955E-01  5.65408E-01  7.78270E-01  9.15595E-01  9.89928E-01      -9.99300E-01  1.00000E+00
  1.26962E-01  5.99270E-01  8.16940E-01  9.37935E-01  9.93037E-01      -9.99980E-01  1.00000E+00
  9.62675E-02  5.78750E-01  8.10802E-01  9.34685E-01  9.92990E-01      -9.99690E-01  1.00000E+00
 -4.74000E-02  5.05845E-01  7.72757E-01  9.24315E-01  9.91360E-01      -9.99990E-01  1.00000E+00


    1.   2.01    4.   9.01  1.00E+02  4.50E+01  2.71E-01  1.14E-01     5   0.00

  1.16970E+01  2.90170E+01  4.22570E+01  5.54770E+01  7.12500E+01       1.74450E-02  8.88910E+01

  5.00755E-01  6.90560E-01  8.05250E-01  8.93300E-01  9.67655E-01       6.04270E-03  1.00000E+00
  4.65060E-01  6.54235E-01  7.77445E-01  8.76215E-01  9.61240E-01       8.57070E-03  1.00000E+00
  4.08325E-01  6.14420E-01  7.50525E-01  8.61520E-01  9.57595E-01       4.19770E-03  9.99990E-01
  3.65815E-01  5.52290E-01  6.84500E-01  7.99920E-01  9.18970E-01       6.94540E-03  9.99990E-01
  2.35630E-01  3.71155E-01  4.74085E-01  5.83325E-01  7.36465E-01       1.65680E-03  9.99740E-01

 -9.50330E-01 -5.98420E-01 -1.55266E-02  5.78410E-01  9.53228E-01      -1.00000E+00  1.00000E+00
 -9.47243E-01 -5.82875E-01  1.47505E-02  5.97293E-01  9.50450E-01      -1.00000E+00  1.00000E+00
 -9.53810E-01 -5.99548E-01 -1.28421E-02  5.78540E-01  9.50735E-01      -1.00000E+00  1.00000E+00
 -9.47480E-01 -5.87710E-01  8.25253E-03  5.88318E-01  9.50472E-01      -1.00000E+00  1.00000E+00
 -9.50270E-01 -5.78065E-01 -2.61200E-04  5.85447E-01  9.53103E-01      -1.00000E+00  1.00000E+00
 -9.56512E-01 -6.36458E-01 -7.87927E-02  5.31480E-01  9.42405E-01      -1.00000E+00  1.00000E+00
 -9.59863E-01 -6.41093E-01 -7.82670E-02  5.49635E-01  9.45503E-01      -1.00000E+00  1.00000E+00
 -9.56847E-01 -6.19905E-01 -4.66838E-02  5.70655E-01  9.46235E-01      -1.00000E+00  1.00000E+00
 -9.52815E-01 -6.09335E-01 -3.89647E-02  5.52577E-01  9.48295E-01      -1.00000E+00  1.00000E+00
 -9.55000E-01 -6.05175E-01 -2.55788E-02  5.69538E-01  9.45825E-01      -1.00000E+00  1.00000E+00
 -8.95175E-01 -5.73190E-01  1.46693E-02  6.20365E-01  9.57148E-01      -1.00000E+00  9.99990E-01
 -8.62270E-01 -4.84845E-01  7.89873E-02  6.31730E-01  9.56545E-01      -1.00000E+00  1.00000E+00
 -8.69170E-01 -4.57623E-01  9.63012E-02  6.37170E-01  9.57670E-01      -1.00000E+00  1.00000E+00
 -8.92497E-01 -4.75882E-01  5.71725E-02  6.16670E-01  9.54985E-01      -1.00000E+00  1.00000E+00
 -9.31582E-01 -5.07302E-01  8.14519E-02  6.29913E-01  9.57425E-01      -1.00000E+00  1.00000E+00
 -3.02715E-01  8.83114E-02  4.72440E-01  8.00835E-01  9.78958E-01      -1.00000E+00  1.00000E+00
 -2.55831E-01  2.38199E-01  5.60035E-01  8.37130E-01  9.82435E-01      -9.99990E-01  1.00000E+00
 -2.39661E-01  3.20695E-01  6.25395E-01  8.58630E-01  9.83703E-01      -9.99990E-01  1.00000E+00
 -2.45804E-01  3.75550E-01  6.83943E-01  8.81010E-01  9.86698E-01      -1.00000E+00  1.00000E+00
 -4.90722E-01  1.98083E-01  6.19820E-01  8.71985E-01  9.85698E-01      -1.00000E+00  1.00000E+00
  4.43745E-01  6.78887E-01  8.13983E-01  9.25065E-01  9.92002E-01      -9.01710E-01  1.00000E+00
  4.70110E-01  7.46810E-01  8.73467E-01  9.51308E-01  9.94055E-01      -8.53310E-01  1.00000E+00
  4.81162E-01  7.70942E-01  8.97047E-01  9.64463E-01  9.96122E-01      -9.55820E-01  1.00000E+00
  4.58688E-01  7.60138E-01  8.95813E-01  9.66285E-01  9.96328E-01      -9.39670E-01  1.00000E+00
  4.31693E-01  7.56660E-01  8.92720E-01  9.64690E-01  9.96205E-01      -9.99980E-01  1.00000E+00


    1.   2.01    4.   9.01  1.00E+02  6.00E+01  4.01E-01  2.09E-01     5   0.00

  1.61280E+01  3.80390E+01  5.43870E+01  6.93400E+01  8.31630E+01       1.69620E-02  9.42250E+01

  4.98470E-01  6.82695E-01  7.98720E-01  8.88920E-01  9.65860E-01       6.49050E-03  1.00000E+00
  4.02895E-01  6.03815E-01  7.40465E-01  8.52845E-01  9.52425E-01       3.20330E-03  1.00000E+00
  3.64660E-01  5.58910E-01  6.98740E-01  8.23135E-01  9.38980E-01       3.16170E-03  1.00000E+00
  2.99040E-01  4.57780E-01  5.75785E-01  6.85265E-01  8.18160E-01       3.33730E-03  9.99980E-01
  1.71490E-01  2.73785E-01  3.51530E-01  4.34635E-01  5.62055E-01       1.16530E-03  9.46410E-01

 -9.54455E-01 -6.17525E-01 -3.77250E-02  5.56432E-01  9.45357E-01      -1.00000E+00  1.00000E+00
 -9.53535E-01 -6.09737E-01 -3.53882E-02  5.63930E-01  9.46175E-01      -1.00000E+00  1.00000E+00
 -9.53008E-01 -6.04070E-01 -1.99824E-02  5.66592E-01  9.48597E-01      -1.00000E+00  1.00000E+00
 -9.51677E-01 -5.89673E-01  7.76950E-04  5.89668E-01  9.49640E-01      -1.00000E+00  1.00000E+00
 -9.50950E-01 -5.93850E-01 -1.43419E-02  5.83093E-01  9.52830E-01      -1.00000E+00  1.00000E+00
 -9.57433E-01 -6.83507E-01 -1.38170E-01  5.28325E-01  9.43205E-01      -1.00000E+00  1.00000E+00
 -9.47535E-01 -6.17925E-01 -3.57247E-02  5.66510E-01  9.49712E-01      -1.00000E+00  1.00000E+00
 -9.47447E-01 -6.14653E-01 -2.64050E-02  5.82713E-01  9.48630E-01      -1.00000E+00  1.00000E+00
 -9.51690E-01 -6.05345E-01 -1.77690E-02  5.84690E-01  9.53230E-01      -1.00000E+00  1.00000E+00
 -9.54747E-01 -6.13575E-01 -2.58625E-02  5.76483E-01  9.49372E-01      -1.00000E+00  1.00000E+00
 -4.02377E-01 -4.98500E-03  4.13740E-01  7.78383E-01  9.75818E-01      -1.00000E+00  1.00000E+00
 -3.76330E-01  8.83055E-02  4.86605E-01  8.08970E-01  9.78492E-01      -1.00000E+00  1.00000E+00
 -3.65647E-01  1.20126E-01  4.96217E-01  8.11763E-01  9.79545E-01      -1.00000E+00  1.00000E+00
 -4.14890E-01  1.33243E-01  5.00298E-01  8.03308E-01  9.77532E-01      -1.00000E+00  1.00000E+00
 -6.10318E-01  2.10525E-02  4.72263E-01  7.95667E-01  9.75730E-01      -1.00000E+00  1.00000E+00
  1.97273E-01  4.75112E-01  6.83435E-01  8.82072E-01  9.87400E-01      -9.65520E-01  1.00000E+00
  2.59760E-01  5.71870E-01  7.54592E-01  9.10015E-01  9.89918E-01      -8.52410E-01  1.00000E+00
  3.13065E-01  6.41875E-01  8.05680E-01  9.24715E-01  9.91522E-01      -1.00000E+00  1.00000E+00
  3.59325E-01  7.09157E-01  8.61892E-01  9.49605E-01  9.94133E-01      -9.30390E-01  1.00000E+00
  3.46023E-01  7.08970E-01  8.69870E-01  9.56632E-01  9.95328E-01      -9.99660E-01  1.00000E+00
  7.22438E-01  8.43055E-01  9.06525E-01  9.59213E-01  9.95370E-01      -2.24070E-01  1.00000E+00
  7.41250E-01  8.76410E-01  9.38182E-01  9.76413E-01  9.97155E-01      -3.04750E-01  1.00000E+00
  7.52680E-01  8.93775E-01  9.51815E-01  9.83425E-01  9.98160E-01      -2.34170E-01  1.00000E+00
  7.57825E-01  8.97432E-01  9.56727E-01  9.85657E-01  9.98445E-01      -1.11700E-01  1.00000E+00
  7.72475E-01  9.04320E-01  9.57950E-01  9.86063E-01  9.98552E-01      -2.59000E-01  1.00000E+00


    1.   2.01    4.   9.01  1.00E+02  7.00E+01  5.43E-01  3.43E-01     5   0.00

  2.32790E+01  5.04910E+01  6.97470E+01  8.28120E+01  9.10510E+01       1.17700E-02  9.68950E+01

  4.57730E-01  6.50145E-01  7.74290E-01  8.74540E-01  9.60760E-01       1.52980E-03  1.00000E+00
  3.57020E-01  5.55525E-01  6.99895E-01  8.26530E-01  9.45255E-01       1.45760E-03  1.00000E+00
  2.88885E-01  4.52880E-01  5.81550E-01  7.04475E-01  8.37230E-01       2.55800E-03  9.99900E-01
  2.12020E-01  3.33080E-01  4.23200E-01  5.09380E-01  6.24005E-01       2.10080E-03  9.54190E-01
  1.10585E-01  1.81565E-01  2.35680E-01  2.93130E-01  3.78670E-01       4.18730E-04  7.22110E-01

 -9.66967E-01 -6.88235E-01 -1.52742E-01  4.94030E-01  9.37078E-01      -1.00000E+00  1.00000E+00
 -9.60058E-01 -6.46315E-01 -8.22760E-02  5.33913E-01  9.45265E-01      -1.00000E+00  1.00000E+00
 -9.56230E-01 -6.27862E-01 -4.56869E-02  5.60128E-01  9.46715E-01      -1.00000E+00  1.00000E+00
 -9.56815E-01 -6.22590E-01 -4.60410E-02  5.61172E-01  9.47820E-01      -1.00000E+00  1.00000E+00
 -9.53043E-01 -6.02250E-01 -1.74904E-02  5.76218E-01  9.51678E-01      -1.00000E+00  1.00000E+00
 -6.28957E-01 -2.74568E-01  1.57103E-01  6.55145E-01  9.59938E-01      -1.00000E+00  1.00000E+00
 -6.16822E-01 -2.01056E-01  2.64306E-01  7.11530E-01  9.68155E-01      -1.00000E+00  1.00000E+00
 -6.21327E-01 -1.85505E-01  2.87278E-01  7.28068E-01  9.70050E-01      -1.00000E+00  1.00000E+00
 -6.54552E-01 -2.14997E-01  2.57537E-01  7.14023E-01  9.67052E-01      -1.00000E+00  1.00000E+00
 -8.12565E-01 -3.26589E-01  2.02510E-01  6.85952E-01  9.63767E-01      -1.00000E+00  1.00000E+00
  1.52655E-01  4.18680E-01  6.45445E-01  8.67750E-01  9.84258E-01      -9.40920E-01  1.00000E+00
  1.99588E-01  4.94350E-01  7.08210E-01  8.96093E-01  9.88733E-01      -9.80020E-01  1.00000E+00
  2.53265E-01  5.54237E-01  7.42460E-01  9.01178E-01  9.89248E-01      -9.99720E-01  1.00000E+00
  3.26952E-01  6.33080E-01  7.97890E-01  9.19198E-01  9.90182E-01      -9.11480E-01  1.00000E+00
  3.68073E-01  7.16865E-01  8.65988E-01  9.53332E-01  9.94845E-01      -9.99990E-01  1.00000E+00
  6.08073E-01  7.46798E-01  8.36655E-01  9.35048E-01  9.92820E-01      -3.08950E-01  1.00000E+00
  6.45532E-01  7.96815E-01  8.79927E-01  9.52635E-01  9.94718E-01      -1.96950E-01  1.00000E+00
  6.95890E-01  8.42538E-01  9.15132E-01  9.65258E-01  9.95640E-01      -1.16720E-01  1.00000E+00
  7.34995E-01  8.80805E-01  9.44873E-01  9.80502E-01  9.97830E-01      -1.60180E-01  1.00000E+00
  7.75278E-01  9.03303E-01  9.57537E-01  9.85842E-01  9.98460E-01      -5.30810E-02  1.00000E+00
  8.82927E-01  9.36192E-01  9.63782E-01  9.85093E-01  9.98382E-01       5.12530E-01  1.00000E+00
  8.92430E-01  9.48237E-01  9.74083E-01  9.90040E-01  9.98775E-01       4.82430E-01  1.00000E+00
  9.01585E-01  9.56527E-01  9.79275E-01  9.92758E-01  9.99155E-01       5.15550E-01  1.00000E+00
  9.08855E-01  9.60607E-01  9.83250E-01  9.94332E-01  9.99403E-01       5.40200E-01  1.00000E+00
  9.22222E-01  9.66590E-01  9.85465E-01  9.95177E-01  9.99487E-01       6.25500E-01  1.00000E+00


    1.   2.01    4.   9.01  1.00E+02  8.00E+01  7.81E-01  6.28E-01     5   0.00

  4.59270E+01  8.00570E+01  9.01110E+01  9.38950E+01  9.65060E+01       1.60780E-02  9.81250E+01

  3.53325E-01  5.56045E-01  7.01315E-01  8.29735E-01  9.46835E-01       2.33600E-03  1.00000E+00
  2.19855E-01  3.64025E-01  4.85615E-01  6.09260E-01  7.36400E-01       1.58280E-03  9.99260E-01
  1.47640E-01  2.44230E-01  3.21345E-01  3.96705E-01  4.84380E-01       1.45280E-03  7.65970E-01
  1.01254E-01  1.69325E-01  2.20715E-01  2.70105E-01  3.39415E-01       1.40860E-04  5.53770E-01
  5.58920E-02  9.82935E-02  1.31590E-01  1.66975E-01  2.18575E-01       1.66230E-04  4.21840E-01

 -6.98715E-01 -4.10834E-01 -6.94250E-02  4.78370E-01  9.32722E-01      -1.00000E+00  1.00000E+00
 -6.79283E-01 -3.25580E-01  1.16168E-01  6.25340E-01  9.53345E-01      -1.00000E+00  1.00000E+00
 -6.92155E-01 -2.95974E-01  1.55831E-01  6.60648E-01  9.58592E-01      -1.00000E+00  1.00000E+00
 -7.46475E-01 -2.80728E-01  1.94334E-01  6.61832E-01  9.59440E-01      -1.00000E+00  1.00000E+00
 -8.83132E-01 -3.64888E-01  1.97237E-01  6.70667E-01  9.60730E-01      -1.00000E+00  1.00000E+00
  4.27843E-01  6.00437E-01  7.21917E-01  8.72965E-01  9.84527E-01      -7.13220E-01  1.00000E+00
  4.69907E-01  6.52763E-01  7.75520E-01  9.09527E-01  9.89605E-01      -6.07140E-01  1.00000E+00
  5.22780E-01  7.01765E-01  8.11480E-01  9.18938E-01  9.90793E-01      -8.03990E-01  1.00000E+00
  6.04750E-01  7.74423E-01  8.71718E-01  9.42570E-01  9.92433E-01      -7.54520E-01  1.00000E+00
  7.10453E-01  8.63672E-01  9.35550E-01  9.77602E-01  9.97527E-01      -5.03790E-01  1.00000E+00
  7.99340E-01  8.70702E-01  9.25780E-01  9.71912E-01  9.96955E-01       3.52990E-01  1.00000E+00
  8.17738E-01  8.88522E-01  9.33507E-01  9.75302E-01  9.97185E-01       3.33480E-01  1.00000E+00
  8.41473E-01  9.09748E-01  9.46395E-01  9.77505E-01  9.97317E-01       3.24370E-01  1.00000E+00
  8.76540E-01  9.38418E-01  9.67527E-01  9.87412E-01  9.98517E-01       4.24620E-01  1.00000E+00
  9.12127E-01  9.62130E-01  9.83310E-01  9.94437E-01  9.99398E-01       5.00370E-01  1.00000E+00
  9.15897E-01  9.52213E-01  9.77788E-01  9.92570E-01  9.99180E-01       6.94960E-01  1.00000E+00
  9.23403E-01  9.58643E-01  9.78960E-01  9.92700E-01  9.99202E-01       6.59460E-01  1.00000E+00
  9.33477E-01  9.67128E-01  9.83055E-01  9.93633E-01  9.99295E-01       6.82170E-01  1.00000E+00
  9.44290E-01  9.75400E-01  9.88818E-01  9.96128E-01  9.99572E-01       7.30160E-01  1.00000E+00
  9.55595E-01  9.80838E-01  9.91688E-01  9.97245E-01  9.99705E-01       7.94550E-01  1.00000E+00
  9.69600E-01  9.85243E-01  9.92842E-01  9.97535E-01  9.99733E-01       8.60040E-01  1.00000E+00
  9.71402E-01  9.87108E-01  9.94082E-01  9.97940E-01  9.99772E-01       8.29460E-01  1.00000E+00
  9.73123E-01  9.88425E-01  9.94892E-01  9.98270E-01  9.99807E-01       8.45370E-01  1.00000E+00
  9.74817E-01  9.89287E-01  9.95310E-01  9.98463E-01  9.99837E-01       8.73450E-01  1.00000E+00
  9.79287E-01  9.91352E-01  9.96290E-01  9.98785E-01  9.99870E-01       8.84270E-01  1.00000E+00


    1.   2.01    4.   9.01  1.00E+02  8.50E+01  9.07E-01  8.06E-01     5   0.00

  7.18650E+01  9.11290E+01  9.47350E+01  9.66120E+01  9.78300E+01       1.01900E-02  9.85480E+01

  2.54400E-01  4.35675E-01  5.83055E-01  7.18000E-01  8.47650E-01       6.59390E-04  1.00000E+00
  1.36780E-01  2.34370E-01  3.16960E-01  3.98755E-01  4.87950E-01       5.57380E-04  7.72290E-01
  9.26055E-02  1.61080E-01  2.16405E-01  2.71320E-01  3.38450E-01       2.70490E-04  5.44890E-01
  6.73690E-02  1.20610E-01  1.61890E-01  2.01365E-01  2.52690E-01       2.18930E-04  4.16160E-01
  4.34605E-02  7.64380E-02  1.00895E-01  1.25258E-01  1.56585E-01       1.35250E-04  2.74090E-01

 -1.78430E-01  2.17670E-01  4.61828E-01  6.81763E-01  9.52617E-01      -1.00000E+00  1.00000E+00
 -1.74888E-01  2.41432E-01  5.20105E-01  7.66552E-01  9.71875E-01      -1.00000E+00  1.00000E+00
 -1.61323E-01  2.48818E-01  5.49303E-01  7.75732E-01  9.70913E-01      -1.00000E+00  1.00000E+00
 -1.29970E-01  2.75582E-01  5.99540E-01  8.15338E-01  9.75108E-01      -1.00000E+00  1.00000E+00
 -1.02067E-01  2.65810E-01  6.18190E-01  8.63508E-01  9.83923E-01      -1.00000E+00  1.00000E+00
  8.15708E-01  8.86062E-01  9.38693E-01  9.77802E-01  9.97490E-01       2.99080E-01  1.00000E+00
  8.29165E-01  8.94397E-01  9.40200E-01  9.77648E-01  9.97570E-01       3.62330E-01  1.00000E+00
  8.52835E-01  9.10145E-01  9.46318E-01  9.77798E-01  9.97490E-01       3.95080E-01  1.00000E+00
  8.87903E-01  9.39255E-01  9.66752E-01  9.86235E-01  9.98310E-01       4.61950E-01  1.00000E+00
  9.27280E-01  9.67493E-01  9.84983E-01  9.94803E-01  9.99432E-01       5.50220E-01  1.00000E+00
  9.26195E-01  9.63928E-01  9.84560E-01  9.94925E-01  9.99480E-01       7.39750E-01  1.00000E+00
  9.31875E-01  9.62757E-01  9.83262E-01  9.94457E-01  9.99400E-01       7.50090E-01  1.00000E+00
  9.39262E-01  9.67307E-01  9.83193E-01  9.94225E-01  9.99387E-01       7.50410E-01  1.00000E+00
  9.50945E-01  9.76695E-01  9.88435E-01  9.95713E-01  9.99515E-01       7.76080E-01  1.00000E+00
  9.63483E-01  9.84380E-01  9.93200E-01  9.97730E-01  9.99753E-01       8.08020E-01  1.00000E+00
  9.63575E-01  9.82202E-01  9.92495E-01  9.97570E-01  9.99742E-01       8.58490E-01  1.00000E+00
  9.65135E-01  9.82275E-01  9.91513E-01  9.97207E-01  9.99698E-01       8.42710E-01  1.00000E+00
  9.68482E-01  9.85140E-01  9.92617E-01  9.97305E-01  9.99703E-01       8.71970E-01  1.00000E+00
  9.73113E-01  9.88045E-01  9.94663E-01  9.98188E-01  9.99802E-01       8.76460E-01  1.00000E+00
  9.80405E-01  9.91465E-01  9.96192E-01  9.98735E-01  9.99862E-01       8.98410E-01  1.00000E+00
  9.83935E-01  9.92465E-01  9.96320E-01  9.98718E-01  9.99863E-01       9.38200E-01  1.00000E+00
  9.85633E-01  9.93530E-01  9.97030E-01  9.98980E-01  9.99888E-01       9.41730E-01  1.00000E+00
  9.87305E-01  9.94278E-01  9.97488E-01  9.99152E-01  9.99910E-01       9.49400E-01  1.00000E+00
  9.89355E-01  9.95158E-01  9.97807E-01  9.99273E-01  9.99923E-01       9.56830E-01  1.00000E+00
  9.92260E-01  9.96700E-01  9.98535E-01  9.99513E-01  9.99947E-01       9.65500E-01  1.00000E+00


    1.   2.01    4.   9.01  2.00E+02  0.00E+00  1.17E-01  3.50E-02     5   0.00

  1.61800E+01  4.03900E+01  6.06410E+01  7.95330E+01  1.02210E+02       2.35510E-02  1.50000E+02

  5.02355E-01  6.88105E-01  8.01660E-01  8.92125E-01  9.66760E-01       1.00900E-02  1.00000E+00
  4.36000E-01  6.41795E-01  7.72270E-01  8.75115E-01  9.61335E-01       1.61720E-02  9.99980E-01
  4.45790E-01  6.50235E-01  7.80075E-01  8.78360E-01  9.62110E-01       1.28050E-02  1.00000E+00
  4.38930E-01  6.42695E-01  7.70920E-01  8.69255E-01  9.57580E-01       1.67880E-02  1.00000E+00
  3.07410E-01  4.57115E-01  5.77705E-01  7.05230E-01  8.67270E-01       1.22440E-02  1.00000E+00

 -9.53477E-01 -5.88987E-01 -1.57348E-02  5.85070E-01  9.49613E-01      -1.00000E+00  9.99990E-01
 -9.52730E-01 -5.97270E-01 -2.04260E-02  5.57368E-01  9.44245E-01      -1.00000E+00  1.00000E+00
 -9.51537E-01 -6.00250E-01  7.80175E-03  5.82368E-01  9.51667E-01      -1.00000E+00  1.00000E+00
 -9.48830E-01 -5.94598E-01 -4.41098E-03  5.78675E-01  9.45005E-01      -1.00000E+00  1.00000E+00
 -9.53052E-01 -5.99918E-01  1.26282E-02  5.96890E-01  9.51205E-01      -1.00000E+00  1.00000E+00
 -9.50785E-01 -5.96058E-01 -9.48880E-04  5.87205E-01  9.47185E-01      -1.00000E+00  9.99990E-01
 -9.49380E-01 -5.78987E-01 -1.44373E-02  5.78013E-01  9.50147E-01      -1.00000E+00  1.00000E+00
 -9.45925E-01 -5.85415E-01  5.92247E-03  6.09585E-01  9.56888E-01      -1.00000E+00  9.99970E-01
 -9.52248E-01 -5.80835E-01  7.09445E-03  6.08900E-01  9.52605E-01      -1.00000E+00  1.00000E+00
 -9.50475E-01 -5.63207E-01  2.13993E-02  6.06410E-01  9.56960E-01      -1.00000E+00  9.99990E-01
 -9.53562E-01 -6.01740E-01 -6.41550E-03  5.92898E-01  9.48425E-01      -1.00000E+00  9.99990E-01
 -9.50727E-01 -5.82085E-01 -1.34485E-03  5.90390E-01  9.54715E-01      -1.00000E+00  1.00000E+00
 -9.51340E-01 -5.99378E-01 -6.30807E-03  5.77862E-01  9.53852E-01      -1.00000E+00  9.99990E-01
 -9.48610E-01 -5.61908E-01  2.60840E-02  5.87168E-01  9.52042E-01      -1.00000E+00  1.00000E+00
 -9.55185E-01 -5.98498E-01 -7.08000E-03  5.92145E-01  9.51958E-01      -1.00000E+00  1.00000E+00
 -9.51488E-01 -5.88670E-01 -1.42416E-02  5.84745E-01  9.49775E-01      -1.00000E+00  9.99990E-01
 -9.54497E-01 -6.01527E-01 -2.65261E-02  5.76202E-01  9.49377E-01      -1.00000E+00  9.99990E-01
 -9.51203E-01 -5.82320E-01 -3.12457E-03  5.96420E-01  9.51297E-01      -1.00000E+00  1.00000E+00
 -9.53437E-01 -5.95892E-01 -1.84128E-02  5.87155E-01  9.56668E-01      -1.00000E+00  1.00000E+00
 -9.49542E-01 -5.85093E-01 -6.19165E-03  5.74998E-01  9.50425E-01      -1.00000E+00  1.00000E+00
 -9.55635E-01 -6.02158E-01 -1.72517E-02  5.65740E-01  9.44905E-01      -1.00000E+00  1.00000E+00
 -9.48052E-01 -5.84200E-01  6.61075E-03  6.02043E-01  9.53923E-01      -1.00000E+00  1.00000E+00
 -9.50520E-01 -5.78917E-01  4.17850E-03  5.95090E-01  9.51585E-01      -1.00000E+00  1.00000E+00
 -9.50095E-01 -5.89110E-01 -5.29773E-03  5.86488E-01  9.48187E-01      -1.00000E+00  9.99990E-01
 -9.52827E-01 -6.03893E-01 -1.04607E-02  5.72750E-01  9.46767E-01      -1.00000E+00  1.00000E+00


    1.   2.01    4.   9.01  2.00E+02  3.00E+01  1.63E-01  5.66E-02     5   0.00

  1.90640E+01  4.67070E+01  6.94040E+01  9.07900E+01  1.19550E+02       2.52520E-02  1.69680E+02

  4.92580E-01  6.80025E-01  7.96620E-01  8.88190E-01  9.65885E-01       1.14590E-02  1.00000E+00
  4.32230E-01  6.36670E-01  7.69280E-01  8.72880E-01  9.60285E-01       4.85920E-03  9.99990E-01
  4.33780E-01  6.38875E-01  7.69725E-01  8.71875E-01  9.59695E-01       1.63360E-02  1.00000E+00
  3.90430E-01  5.87435E-01  7.24530E-01  8.40335E-01  9.45055E-01       1.12400E-02  9.99980E-01
  2.78595E-01  4.35750E-01  5.54295E-01  6.75430E-01  8.33410E-01       1.73590E-03  9.99980E-01

 -9.54408E-01 -5.99038E-01 -1.38125E-02  5.97875E-01  9.49340E-01      -1.00000E+00  1.00000E+00
 -9.51278E-01 -5.82355E-01  2.14912E-02  5.91815E-01  9.51743E-01      -1.00000E+00  1.00000E+00
 -9.49405E-01 -5.86692E-01  2.02666E-02  6.03110E-01  9.51090E-01      -1.00000E+00  1.00000E+00
 -9.52473E-01 -5.84533E-01 -1.08919E-02  5.86207E-01  9.44480E-01      -1.00000E+00  9.99990E-01
 -9.54865E-01 -5.93180E-01  9.55586E-03  5.80310E-01  9.47978E-01      -1.00000E+00  1.00000E+00
 -9.51800E-01 -6.06782E-01 -1.97319E-02  5.76827E-01  9.51318E-01      -1.00000E+00  1.00000E+00
 -9.52898E-01 -6.10315E-01 -1.69454E-02  5.84195E-01  9.47752E-01      -1.00000E+00  1.00000E+00
 -9.54510E-01 -5.68545E-01  2.20381E-02  6.01768E-01  9.53830E-01      -1.00000E+00  1.00000E+00
 -9.53898E-01 -5.88030E-01 -6.85820E-03  5.91912E-01  9.50825E-01      -1.00000E+00  9.99990E-01
 -9.44168E-01 -5.86385E-01  1.67177E-02  6.07030E-01  9.54350E-01      -1.00000E+00  1.00000E+00
 -9.45468E-01 -5.37778E-01  9.99067E-02  6.50127E-01  9.61550E-01      -1.00000E+00  1.00000E+00
 -9.48252E-01 -5.75462E-01  7.74065E-03  5.98143E-01  9.55437E-01      -1.00000E+00  1.00000E+00
 -9.52722E-01 -5.90758E-01 -9.10625E-03  5.86330E-01  9.50392E-01      -1.00000E+00  9.99990E-01
 -9.53923E-01 -6.16040E-01 -2.87513E-02  5.81610E-01  9.52377E-01      -1.00000E+00  1.00000E+00
 -9.56952E-01 -6.01592E-01  3.69635E-03  5.82353E-01  9.48120E-01      -1.00000E+00  9.99990E-01
 -8.61525E-01 -4.15392E-01  1.88760E-01  6.99372E-01  9.64697E-01      -1.00000E+00  1.00000E+00
 -7.66135E-01 -2.36299E-01  3.00580E-01  7.42435E-01  9.69198E-01      -1.00000E+00  1.00000E+00
 -7.23380E-01 -1.49194E-01  3.38950E-01  7.43610E-01  9.71230E-01      -1.00000E+00  1.00000E+00
 -7.22755E-01 -8.80050E-02  3.96062E-01  7.72532E-01  9.73633E-01      -1.00000E+00  1.00000E+00
 -8.46485E-01 -2.44843E-01  3.18858E-01  7.39035E-01  9.71290E-01      -1.00000E+00  1.00000E+00
 -2.97750E-03  4.17040E-01  7.03725E-01  8.93075E-01  9.87623E-01      -9.99970E-01  1.00000E+00
  7.84675E-02  5.22090E-01  7.61683E-01  9.12655E-01  9.90435E-01      -9.99940E-01  1.00000E+00
  7.68725E-02  5.79792E-01  7.98155E-01  9.28837E-01  9.92265E-01      -9.99930E-01  1.00000E+00
  7.95225E-02  5.78692E-01  8.15403E-01  9.37745E-01  9.92782E-01      -9.99980E-01  1.00000E+00
 -1.02628E-01  4.74840E-01  7.59960E-01  9.17740E-01  9.90112E-01      -9.99990E-01  1.00000E+00


    1.   2.01    4.   9.01  2.00E+02  4.50E+01  2.33E-01  9.42E-02     5   0.00

  2.31090E+01  5.51440E+01  8.09300E+01  1.06410E+02  1.38000E+02       3.02850E-02  1.77810E+02

  4.79865E-01  6.72415E-01  7.91950E-01  8.85660E-01  9.64895E-01       7.12700E-03  1.00000E+00
  4.26870E-01  6.28900E-01  7.61810E-01  8.67180E-01  9.58585E-01       8.93010E-03  1.00000E+00
  4.09350E-01  6.08510E-01  7.45710E-01  8.57295E-01  9.55715E-01       1.03380E-02  9.99990E-01
  3.61935E-01  5.51155E-01  6.85985E-01  8.04140E-01  9.24195E-01       9.54410E-03  1.00000E+00
  2.45945E-01  3.84100E-01  4.90955E-01  5.98855E-01  7.52620E-01       2.99280E-03  9.99960E-01

 -9.53758E-01 -5.87865E-01 -8.30925E-03  5.85150E-01  9.48242E-01      -1.00000E+00  1.00000E+00
 -9.53072E-01 -5.87580E-01  3.07512E-03  5.85122E-01  9.50810E-01      -1.00000E+00  1.00000E+00
 -9.56297E-01 -5.97270E-01 -2.08645E-02  5.79815E-01  9.52620E-01      -1.00000E+00  1.00000E+00
 -9.53080E-01 -6.00800E-01 -1.07505E-02  5.75827E-01  9.45433E-01      -1.00000E+00  1.00000E+00
 -9.51185E-01 -5.94445E-01 -6.46298E-03  5.90400E-01  9.54047E-01      -1.00000E+00  1.00000E+00
 -9.50703E-01 -5.97908E-01 -9.38093E-03  5.92387E-01  9.51510E-01      -1.00000E+00  1.00000E+00
 -9.49243E-01 -5.77797E-01  1.08653E-02  5.98422E-01  9.54105E-01      -1.00000E+00  1.00000E+00
 -9.48935E-01 -5.89920E-01  6.03590E-03  5.99380E-01  9.51537E-01      -1.00000E+00  1.00000E+00
 -9.50143E-01 -5.83147E-01 -5.96130E-03  5.93077E-01  9.52385E-01      -1.00000E+00  1.00000E+00
 -9.50875E-01 -5.92433E-01 -3.84111E-03  5.83775E-01  9.48442E-01      -1.00000E+00  1.00000E+00
 -9.10120E-01 -4.37628E-01  1.79292E-01  6.93173E-01  9.65603E-01      -1.00000E+00  1.00000E+00
 -8.82160E-01 -4.28825E-01  1.82826E-01  6.93415E-01  9.66230E-01      -1.00000E+00  1.00000E+00
 -8.87865E-01 -4.35145E-01  1.71144E-01  6.89140E-01  9.65072E-01      -1.00000E+00  1.00000E+00
 -9.12953E-01 -4.73653E-01  1.19488E-01  6.51280E-01  9.58988E-01      -1.00000E+00  1.00000E+00
 -9.35780E-01 -5.29252E-01  5.75535E-02  6.24085E-01  9.56615E-01      -1.00000E+00  1.00000E+00
 -3.60415E-01  1.15256E-01  5.52280E-01  8.42925E-01  9.82753E-01      -9.99980E-01  1.00000E+00
 -2.88916E-01  2.08162E-01  5.80083E-01  8.47230E-01  9.83173E-01      -9.99980E-01  1.00000E+00
 -2.85808E-01  2.67790E-01  6.16217E-01  8.61297E-01  9.84400E-01      -1.00000E+00  1.00000E+00
 -3.11204E-01  3.06535E-01  6.40865E-01  8.70158E-01  9.84653E-01      -1.00000E+00  1.00000E+00
 -5.59628E-01  1.58090E-01  5.99365E-01  8.56843E-01  9.84575E-01      -1.00000E+00  1.00000E+00
  3.94742E-01  6.69027E-01  8.30612E-01  9.41955E-01  9.93892E-01      -9.43110E-01  1.00000E+00
  4.32085E-01  7.17985E-01  8.58080E-01  9.48025E-01  9.94362E-01      -9.34580E-01  1.00000E+00
  4.52845E-01  7.53360E-01  8.81990E-01  9.58900E-01  9.95668E-01      -9.98780E-01  1.00000E+00
  4.34595E-01  7.55000E-01  8.94968E-01  9.64673E-01  9.96188E-01      -9.88840E-01  1.00000E+00
  3.79112E-01  7.24758E-01  8.77170E-01  9.58860E-01  9.95387E-01      -1.00000E+00  1.00000E+00


    1.   2.01    4.   9.01  2.00E+02  6.00E+01  3.53E-01  1.76E-01     5   0.00

  3.12490E+01  7.12450E+01  1.02630E+02  1.31930E+02  1.61350E+02       1.40880E-02  1.88490E+02

  4.61585E-01  6.56560E-01  7.81245E-01  8.79685E-01  9.63090E-01       5.40880E-03  1.00000E+00
  4.00675E-01  6.00485E-01  7.37405E-01  8.50220E-01  9.51950E-01       2.13890E-03  1.00000E+00
  3.62580E-01  5.55570E-01  6.96095E-01  8.21285E-01  9.40045E-01       5.68560E-03  9.99990E-01
  3.00465E-01  4.60065E-01  5.83480E-01  7.02580E-01  8.40665E-01       5.27510E-03  9.99940E-01
  1.88580E-01  2.94395E-01  3.78815E-01  4.66910E-01  5.98800E-01       1.60580E-03  9.90600E-01

 -9.52987E-01 -6.08793E-01 -2.14748E-02  5.76417E-01  9.50100E-01      -1.00000E+00  1.00000E+00
 -9.51700E-01 -5.99348E-01 -3.76383E-03  5.89475E-01  9.52618E-01      -1.00000E+00  1.00000E+00
 -9.51793E-01 -5.96695E-01 -7.73080E-03  5.81745E-01  9.49130E-01      -1.00000E+00  1.00000E+00
 -9.50653E-01 -5.79648E-01  1.03432E-02  5.86072E-01  9.49625E-01      -1.00000E+00  1.00000E+00
 -9.52235E-01 -5.90370E-01 -1.65155E-03  5.84743E-01  9.50905E-01      -1.00000E+00  1.00000E+00
 -9.49275E-01 -5.83665E-01  5.05759E-02  6.33867E-01  9.56980E-01      -1.00000E+00  1.00000E+00
 -9.44103E-01 -5.41225E-01  8.02455E-02  6.38015E-01  9.60307E-01      -1.00000E+00  1.00000E+00
 -9.45670E-01 -5.63860E-01  6.03797E-02  6.34182E-01  9.57323E-01      -1.00000E+00  1.00000E+00
 -9.44875E-01 -5.41920E-01  8.17870E-02  6.31890E-01  9.54755E-01      -1.00000E+00  1.00000E+00
 -9.49060E-01 -5.67575E-01  3.99869E-02  6.09075E-01  9.53577E-01      -1.00000E+00  1.00000E+00
 -4.57430E-01  2.97943E-02  5.00302E-01  8.18192E-01  9.78932E-01      -1.00000E+00  1.00000E+00
 -4.28195E-01  8.13848E-02  5.27395E-01  8.31755E-01  9.81270E-01      -1.00000E+00  1.00000E+00
 -4.42300E-01  9.22517E-02  5.31455E-01  8.32278E-01  9.81815E-01      -1.00000E+00  1.00000E+00
 -4.97645E-01  5.88425E-02  4.99855E-01  8.15655E-01  9.80370E-01      -1.00000E+00  1.00000E+00
 -7.18390E-01 -1.00442E-01  3.96225E-01  7.67003E-01  9.73302E-01      -1.00000E+00  1.00000E+00
  1.47154E-01  4.76052E-01  7.41500E-01  9.11297E-01  9.90707E-01      -9.53950E-01  1.00000E+00
  2.02960E-01  5.41048E-01  7.72280E-01  9.18420E-01  9.91145E-01      -9.96370E-01  1.00000E+00
  2.41584E-01  5.96310E-01  7.92023E-01  9.24270E-01  9.91477E-01      -9.98450E-01  1.00000E+00
  2.76920E-01  6.46617E-01  8.23255E-01  9.35213E-01  9.92692E-01      -9.46860E-01  1.00000E+00
  2.17068E-01  6.54178E-01  8.42670E-01  9.47248E-01  9.94542E-01      -1.00000E+00  1.00000E+00
  6.77960E-01  8.24132E-01  9.13112E-01  9.70580E-01  9.96973E-01      -3.89160E-01  1.00000E+00
  7.02007E-01  8.53400E-01  9.28210E-01  9.74988E-01  9.97367E-01      -3.48300E-01  1.00000E+00
  7.18028E-01  8.71447E-01  9.40462E-01  9.79148E-01  9.97755E-01      -7.17350E-01  1.00000E+00
  7.26483E-01  8.85822E-01  9.49337E-01  9.83020E-01  9.98175E-01      -4.02610E-01  1.00000E+00
  7.27318E-01  8.85590E-01  9.50947E-01  9.84065E-01  9.98250E-01      -2.62000E-01  1.00000E+00


    1.   2.01    4.   9.01  2.00E+02  7.00E+01  4.80E-01  2.86E-01     5   0.00

  4.18150E+01  9.18930E+01  1.28870E+02  1.57160E+02  1.79140E+02       7.95520E-03  1.94050E+02

  4.37975E-01  6.37320E-01  7.65780E-01  8.69900E-01  9.59525E-01       7.58690E-03  1.00000E+00
  3.59145E-01  5.54235E-01  6.97010E-01  8.23565E-01  9.42990E-01       6.07140E-03  9.99990E-01
  2.98125E-01  4.63645E-01  5.94980E-01  7.25920E-01  8.73765E-01       1.52800E-03  9.99990E-01
  2.29120E-01  3.51605E-01  4.52265E-01  5.55680E-01  6.85635E-01       6.84710E-04  9.99220E-01
  1.29986E-01  2.04040E-01  2.64030E-01  3.27710E-01  4.22760E-01       4.77200E-04  8.31660E-01

 -9.57085E-01 -6.30138E-01 -5.74047E-02  5.69873E-01  9.47192E-01      -1.00000E+00  1.00000E+00
 -9.53115E-01 -5.99185E-01 -2.11872E-02  5.76063E-01  9.49720E-01      -1.00000E+00  1.00000E+00
 -9.53737E-01 -6.03500E-01 -2.74491E-02  5.75625E-01  9.51398E-01      -1.00000E+00  1.00000E+00
 -9.51170E-01 -5.88618E-01 -7.85056E-03  5.88110E-01  9.51220E-01      -1.00000E+00  1.00000E+00
 -9.50285E-01 -5.89013E-01 -2.45717E-04  5.91773E-01  9.49087E-01      -1.00000E+00  1.00000E+00
 -7.24560E-01 -3.10672E-01  2.34228E-01  7.05908E-01  9.68673E-01      -1.00000E+00  1.00000E+00
 -7.07902E-01 -2.44097E-01  3.05102E-01  7.33440E-01  9.70052E-01      -1.00000E+00  1.00000E+00
 -7.16795E-01 -2.40552E-01  3.13495E-01  7.41878E-01  9.72328E-01      -1.00000E+00  1.00000E+00
 -7.76577E-01 -2.85187E-01  2.78213E-01  7.25217E-01  9.68790E-01      -1.00000E+00  1.00000E+00
 -9.01535E-01 -4.19915E-01  1.57347E-01  6.68538E-01  9.62627E-01      -1.00000E+00  1.00000E+00
  3.53000E-02  3.90460E-01  6.96833E-01  8.95275E-01  9.88865E-01      -9.97480E-01  1.00000E+00
  8.98947E-02  4.57625E-01  7.34892E-01  9.08643E-01  9.90182E-01      -9.97010E-01  1.00000E+00
  1.13591E-01  4.79847E-01  7.42775E-01  9.08042E-01  9.90075E-01      -9.97560E-01  1.00000E+00
  1.48474E-01  5.16263E-01  7.48387E-01  9.10807E-01  9.90088E-01      -9.99720E-01  1.00000E+00
  9.60258E-02  5.50425E-01  7.80528E-01  9.20123E-01  9.91422E-01      -1.00000E+00  1.00000E+00
  5.24030E-01  7.09170E-01  8.58383E-01  9.51458E-01  9.94845E-01      -4.42660E-01  1.00000E+00
  5.64930E-01  7.57720E-01  8.82525E-01  9.59677E-01  9.95595E-01      -4.66630E-01  1.00000E+00
  6.04555E-01  7.87883E-01  8.92380E-01  9.62525E-01  9.96065E-01      -4.82490E-01  1.00000E+00
  6.43328E-01  8.27468E-01  9.14185E-01  9.69123E-01  9.96510E-01      -3.34650E-01  1.00000E+00
  6.96767E-01  8.68953E-01  9.42108E-01  9.80565E-01  9.97890E-01      -3.79430E-01  1.00000E+00
  8.46888E-01  9.16105E-01  9.56292E-01  9.85150E-01  9.98505E-01       2.47130E-01  1.00000E+00
  8.62250E-01  9.31835E-01  9.66235E-01  9.87933E-01  9.98698E-01       2.31570E-01  1.00000E+00
  8.72603E-01  9.40900E-01  9.72468E-01  9.90063E-01  9.98893E-01       3.96130E-01  1.00000E+00
  8.82632E-01  9.49202E-01  9.77413E-01  9.92325E-01  9.99170E-01       3.13570E-01  1.00000E+00
  8.93195E-01  9.54985E-01  9.81023E-01  9.93687E-01  9.99333E-01       3.18310E-01  1.00000E+00


    1.   2.01    4.   9.01  2.00E+02  8.00E+01  7.12E-01  5.53E-01     5   0.00

  7.87270E+01  1.48940E+02  1.77010E+02  1.87380E+02  1.93170E+02       5.96960E-02  1.96830E+02

  3.63765E-01  5.63215E-01  7.05690E-01  8.29895E-01  9.44890E-01       2.73840E-03  1.00000E+00
  2.32570E-01  3.74715E-01  4.97295E-01  6.31415E-01  7.94255E-01       2.29770E-03  9.99980E-01
  1.53685E-01  2.43640E-01  3.23820E-01  4.14880E-01  5.25390E-01       1.06820E-03  8.72550E-01
  1.02809E-01  1.63470E-01  2.13920E-01  2.69055E-01  3.40485E-01       1.59540E-04  5.90140E-01
  5.58865E-02  9.48430E-02  1.25939E-01  1.58585E-01  2.07280E-01       4.05240E-04  4.21610E-01

 -8.25603E-01 -4.44373E-01  6.54818E-02  6.15387E-01  9.52252E-01      -1.00000E+00  1.00000E+00
 -8.11182E-01 -3.62425E-01  1.84942E-01  6.77868E-01  9.63052E-01      -1.00000E+00  1.00000E+00
 -8.33005E-01 -3.54020E-01  2.01478E-01  6.86512E-01  9.63638E-01      -1.00000E+00  1.00000E+00
 -8.70287E-01 -3.88972E-01  1.70283E-01  6.73847E-01  9.59663E-01      -1.00000E+00  1.00000E+00
 -9.24725E-01 -4.83533E-01  8.74870E-02  6.34730E-01  9.58815E-01      -1.00000E+00  1.00000E+00
  2.91069E-01  5.28093E-01  7.34950E-01  9.04025E-01  9.89583E-01      -9.08610E-01  1.00000E+00
  3.30065E-01  5.92222E-01  7.97240E-01  9.30490E-01  9.92535E-01      -8.74980E-01  1.00000E+00
  3.63117E-01  6.22950E-01  8.07338E-01  9.34105E-01  9.92930E-01      -9.76670E-01  1.00000E+00
  4.09133E-01  6.56795E-01  8.11685E-01  9.30950E-01  9.92500E-01      -9.39140E-01  1.00000E+00
  4.93120E-01  7.39568E-01  8.72645E-01  9.53030E-01  9.94780E-01      -9.99870E-01  1.00000E+00
  7.58207E-01  8.49270E-01  9.24430E-01  9.74002E-01  9.97362E-01       1.35810E-01  1.00000E+00
  7.79865E-01  8.70458E-01  9.36633E-01  9.78762E-01  9.97842E-01       1.32030E-01  1.00000E+00
  7.99735E-01  8.83695E-01  9.37950E-01  9.78845E-01  9.97710E-01       1.46280E-01  1.00000E+00
  8.34645E-01  9.08807E-01  9.49998E-01  9.80860E-01  9.97855E-01       2.87920E-01  1.00000E+00
  8.88490E-01  9.49218E-01  9.76603E-01  9.91895E-01  9.99107E-01       3.79610E-01  1.00000E+00
  9.11593E-01  9.56200E-01  9.80840E-01  9.93745E-01  9.99325E-01       7.00970E-01  1.00000E+00
  9.20340E-01  9.59122E-01  9.81693E-01  9.93938E-01  9.99378E-01       6.74190E-01  1.00000E+00
  9.27622E-01  9.61745E-01  9.81600E-01  9.93700E-01  9.99323E-01       6.94040E-01  1.00000E+00
  9.38543E-01  9.70133E-01  9.85145E-01  9.94578E-01  9.99407E-01       7.33520E-01  1.00000E+00
  9.55110E-01  9.80903E-01  9.91588E-01  9.97150E-01  9.99680E-01       6.91300E-01  1.00000E+00
  9.71228E-01  9.87328E-01  9.94725E-01  9.98308E-01  9.99828E-01       8.51860E-01  1.00000E+00
  9.72218E-01  9.87418E-01  9.94445E-01  9.98217E-01  9.99815E-01       8.33990E-01  1.00000E+00
  9.74885E-01  9.88615E-01  9.94938E-01  9.98265E-01  9.99810E-01       8.67000E-01  1.00000E+00
  9.77230E-01  9.90180E-01  9.95555E-01  9.98523E-01  9.99845E-01       8.63370E-01  1.00000E+00
  9.80020E-01  9.91740E-01  9.96460E-01  9.98822E-01  9.99877E-01       8.91150E-01  1.00000E+00


    1.   2.01    4.   9.01  2.00E+02  8.50E+01  8.96E-01  8.08E-01     5   0.00

  1.49670E+02  1.86390E+02  1.91890E+02  1.94920E+02  1.96670E+02       7.26530E-02  1.97800E+02

  2.26185E-01  3.84220E-01  5.22885E-01  6.61855E-01  8.05355E-01       7.61100E-04  1.00000E+00
  1.03113E-01  1.71810E-01  2.36295E-01  3.14930E-01  4.10680E-01       5.35050E-04  6.92410E-01
  6.90995E-02  1.19705E-01  1.62425E-01  2.12135E-01  2.78855E-01       6.14370E-04  4.64620E-01
  5.20925E-02  9.42120E-02  1.28310E-01  1.62115E-01  2.03125E-01       2.09590E-04  3.42800E-01
  3.51020E-02  6.01115E-02  7.82185E-02  9.56150E-02  1.18862E-01       1.44810E-04  2.10090E-01

 -5.92250E-02  3.87285E-01  6.16435E-01  8.30517E-01  9.80357E-01      -1.00000E+00  1.00000E+00
 -5.45375E-02  4.12084E-01  6.68628E-01  8.76892E-01  9.87070E-01      -1.00000E+00  1.00000E+00
 -8.14850E-02  3.81328E-01  6.63793E-01  8.64677E-01  9.85715E-01      -1.00000E+00  1.00000E+00
 -7.80175E-02  3.60545E-01  6.71175E-01  8.60272E-01  9.83045E-01      -1.00000E+00  1.00000E+00
 -7.38200E-02  2.97428E-01  6.47598E-01  8.76470E-01  9.86523E-01      -1.00000E+00  1.00000E+00
  8.85905E-01  9.43570E-01  9.75683E-01  9.92197E-01  9.99197E-01       4.79430E-01  1.00000E+00
  8.87570E-01  9.41395E-01  9.73947E-01  9.91532E-01  9.99078E-01       5.85680E-01  1.00000E+00
  8.94265E-01  9.40425E-01  9.70760E-01  9.89988E-01  9.98903E-01       5.73250E-01  1.00000E+00
  9.12445E-01  9.50468E-01  9.73345E-01  9.89960E-01  9.98873E-01       6.40310E-01  1.00000E+00
  9.46488E-01  9.74787E-01  9.88010E-01  9.95728E-01  9.99518E-01       6.38950E-01  1.00000E+00
  9.59430E-01  9.85615E-01  9.94342E-01  9.98228E-01  9.99817E-01       8.33450E-01  1.00000E+00
  9.57533E-01  9.83035E-01  9.93245E-01  9.97840E-01  9.99768E-01       8.44440E-01  1.00000E+00
  9.58665E-01  9.80825E-01  9.92085E-01  9.97445E-01  9.99738E-01       8.14700E-01  1.00000E+00
  9.63290E-01  9.80992E-01  9.91030E-01  9.96963E-01  9.99665E-01       8.45990E-01  1.00000E+00
  9.74810E-01  9.88800E-01  9.94815E-01  9.98202E-01  9.99800E-01       8.73000E-01  1.00000E+00
  9.78302E-01  9.92030E-01  9.96892E-01  9.99032E-01  9.99898E-01       9.15250E-01  1.00000E+00
  9.77563E-01  9.89660E-01  9.95682E-01  9.98645E-01  9.99855E-01       9.04640E-01  1.00000E+00
  9.79430E-01  9.89513E-01  9.95097E-01  9.98358E-01  9.99820E-01       9.21270E-01  1.00000E+00
  9.82910E-01  9.91875E-01  9.96115E-01  9.98625E-01  9.99845E-01       9.25500E-01  1.00000E+00
  9.87922E-01  9.94742E-01  9.97693E-01  9.99232E-01  9.99915E-01       9.32300E-01  1.00000E+00
  9.90520E-01  9.95483E-01  9.98025E-01  9.99352E-01  9.99935E-01       9.64720E-01  1.00000E+00
  9.91730E-01  9.95978E-01  9.98113E-01  9.99348E-01  9.99930E-01       9.68550E-01  1.00000E+00
  9.92935E-01  9.96727E-01  9.98500E-01  9.99480E-01  9.99945E-01       9.73040E-01  1.00000E+00
  9.94047E-01  9.97380E-01  9.98825E-01  9.99607E-01  9.99958E-01       9.73640E-01  1.00000E+00
  9.95540E-01  9.98107E-01  9.99182E-01  9.99725E-01  9.99972E-01       9.79830E-01  1.00000E+00


    1.   2.01    4.   9.01  5.00E+02  0.00E+00  7.71E-02  2.18E-02     5   0.00

  3.91990E+01  9.31380E+01  1.39760E+02  1.86490E+02  2.43780E+02       1.89190E-02  3.70190E+02

  4.58090E-01  6.56595E-01  7.82160E-01  8.80125E-01  9.62880E-01       1.23700E-02  9.99990E-01
  4.29120E-01  6.36355E-01  7.67835E-01  8.72195E-01  9.60655E-01       2.30780E-02  9.99930E-01
  4.28355E-01  6.39505E-01  7.71660E-01  8.75070E-01  9.60920E-01       1.83720E-02  9.99990E-01
  4.17395E-01  6.26925E-01  7.61790E-01  8.67635E-01  9.56870E-01       1.03540E-02  9.99990E-01
  3.02880E-01  4.62935E-01  5.79200E-01  7.01750E-01  8.58010E-01       1.79060E-02  9.99950E-01

 -9.48540E-01 -5.77448E-01  1.56450E-02  5.87588E-01  9.51977E-01      -1.00000E+00  9.99970E-01
 -9.50685E-01 -5.86155E-01  7.27095E-03  5.83758E-01  9.52948E-01      -1.00000E+00  1.00000E+00
 -9.50273E-01 -6.00488E-01 -5.22969E-03  5.84002E-01  9.51285E-01      -1.00000E+00  9.99990E-01
 -9.45408E-01 -5.62970E-01  1.99143E-02  6.06298E-01  9.52982E-01      -1.00000E+00  1.00000E+00
 -9.55710E-01 -6.20590E-01  5.49393E-03  5.84782E-01  9.54468E-01      -1.00000E+00  9.99990E-01
 -9.49775E-01 -5.81910E-01  1.00309E-02  5.93622E-01  9.57170E-01      -1.00000E+00  9.99990E-01
 -9.49555E-01 -5.86387E-01  8.91482E-03  5.92958E-01  9.48190E-01      -1.00000E+00  9.99990E-01
 -9.44383E-01 -5.72817E-01 -3.76003E-03  5.93720E-01  9.46487E-01      -1.00000E+00  9.99970E-01
 -9.44198E-01 -5.72368E-01  1.28143E-02  5.97460E-01  9.55585E-01      -1.00000E+00  1.00000E+00
 -9.50960E-01 -5.83413E-01  1.65925E-04  5.72743E-01  9.51167E-01      -1.00000E+00  1.00000E+00
 -9.50277E-01 -5.92477E-01 -4.48875E-03  5.90660E-01  9.49203E-01      -1.00000E+00  9.99990E-01
 -9.53125E-01 -6.01882E-01 -3.79460E-02  5.53593E-01  9.42978E-01      -1.00000E+00  9.99990E-01
 -9.56375E-01 -6.24955E-01 -4.36015E-02  5.59935E-01  9.47488E-01      -1.00000E+00  1.00000E+00
 -9.49845E-01 -5.86265E-01 -8.64002E-03  5.77693E-01  9.44930E-01      -1.00000E+00  1.00000E+00
 -9.54578E-01 -5.89275E-01  1.50813E-02  6.04763E-01  9.51028E-01      -1.00000E+00  1.00000E+00
 -9.37007E-01 -5.45730E-01  3.38780E-02  5.88877E-01  9.54055E-01      -1.00000E+00  9.99990E-01
 -9.52653E-01 -5.88740E-01  7.97343E-03  5.92945E-01  9.53820E-01      -1.00000E+00  9.99970E-01
 -9.55042E-01 -5.70195E-01  1.70455E-02  5.81450E-01  9.49393E-01      -1.00000E+00  9.99990E-01
 -9.49615E-01 -5.68928E-01  3.01480E-02  5.83840E-01  9.49030E-01      -1.00000E+00  9.99970E-01
 -9.48165E-01 -5.83762E-01  2.21187E-02  5.85320E-01  9.53987E-01      -1.00000E+00  1.00000E+00
 -9.53762E-01 -5.58485E-01  2.17520E-02  5.96222E-01  9.49455E-01      -1.00000E+00  1.00000E+00
 -9.46915E-01 -5.87037E-01  8.61383E-03  5.78590E-01  9.42767E-01      -1.00000E+00  1.00000E+00
 -9.48373E-01 -5.87172E-01 -3.26453E-02  5.67110E-01  9.42623E-01      -1.00000E+00  9.99990E-01
 -9.51685E-01 -5.95090E-01 -1.79645E-02  5.99200E-01  9.52308E-01      -1.00000E+00  9.99990E-01
 -9.52217E-01 -5.83755E-01  1.20796E-02  5.95680E-01  9.49493E-01      -1.00000E+00  9.99990E-01


    1.   2.01    4.   9.01  5.00E+02  3.00E+01  1.17E-01  3.80E-02     5   0.00

  4.57590E+01  1.07010E+02  1.59860E+02  2.12230E+02  2.83620E+02       2.83310E-02  4.20600E+02

  4.53540E-01  6.52110E-01  7.76930E-01  8.77290E-01  9.62380E-01       5.82440E-03  1.00000E+00
  4.25240E-01  6.32860E-01  7.65550E-01  8.70400E-01  9.60075E-01       9.33630E-03  1.00000E+00
  4.17520E-01  6.25105E-01  7.59770E-01  8.67595E-01  9.58800E-01       9.84210E-03  1.00000E+00
  3.83315E-01  5.84660E-01  7.21520E-01  8.37030E-01  9.45270E-01       2.13890E-02  9.99950E-01
  2.72790E-01  4.31440E-01  5.54990E-01  6.74230E-01  8.27960E-01       9.01140E-03  9.99830E-01

 -9.49342E-01 -5.75585E-01  6.57050E-03  5.94633E-01  9.53150E-01      -1.00000E+00  1.00000E+00
 -9.51515E-01 -5.74237E-01 -4.32215E-03  5.95983E-01  9.47000E-01      -1.00000E+00  9.99990E-01
 -9.51477E-01 -5.95895E-01 -1.10577E-02  5.83823E-01  9.48232E-01      -1.00000E+00  9.99990E-01
 -9.52458E-01 -5.86987E-01 -9.17567E-03  5.83948E-01  9.51215E-01      -1.00000E+00  9.99990E-01
 -9.49205E-01 -6.07347E-01 -3.73447E-02  5.43863E-01  9.47985E-01      -1.00000E+00  1.00000E+00
 -9.44113E-01 -5.28558E-01  8.86980E-02  6.28812E-01  9.59298E-01      -1.00000E+00  9.99990E-01
 -9.44935E-01 -5.44625E-01  7.00812E-02  6.27408E-01  9.51703E-01      -1.00000E+00  9.99990E-01
 -9.39557E-01 -5.49675E-01  3.96555E-02  6.16858E-01  9.54745E-01      -1.00000E+00  9.99990E-01
 -9.49675E-01 -5.53893E-01  3.89713E-02  6.20202E-01  9.54937E-01      -1.00000E+00  9.99980E-01
 -9.53740E-01 -5.79947E-01  1.85515E-02  5.96548E-01  9.55850E-01      -1.00000E+00  1.00000E+00
 -9.11002E-01 -3.91628E-01  2.17608E-01  7.08082E-01  9.66910E-01      -1.00000E+00  1.00000E+00
 -9.29935E-01 -4.47805E-01  1.74656E-01  6.78362E-01  9.62163E-01      -1.00000E+00  9.99990E-01
 -9.32240E-01 -4.90778E-01  1.33510E-01  6.74943E-01  9.65330E-01      -1.00000E+00  9.99990E-01
 -9.36538E-01 -5.08642E-01  1.19576E-01  6.33170E-01  9.56272E-01      -1.00000E+00  1.00000E+00
 -9.46207E-01 -5.52335E-01  6.00327E-02  6.16527E-01  9.53597E-01      -1.00000E+00  1.00000E+00
 -8.63455E-01 -2.29055E-01  4.00225E-01  7.97572E-01  9.75947E-01      -1.00000E+00  1.00000E+00
 -7.83965E-01 -1.76100E-01  3.98747E-01  7.84873E-01  9.75055E-01      -1.00000E+00  1.00000E+00
 -7.59877E-01 -1.66230E-01  3.95905E-01  7.93355E-01  9.78720E-01      -1.00000E+00  1.00000E+00
 -7.51770E-01 -1.36321E-01  3.89075E-01  7.75395E-01  9.73877E-01      -1.00000E+00  1.00000E+00
 -8.43062E-01 -2.49085E-01  3.16530E-01  7.46660E-01  9.71513E-01      -1.00000E+00  9.99990E-01
 -8.07225E-02  4.07323E-01  7.15248E-01  9.06283E-01  9.88180E-01      -9.99970E-01  1.00000E+00
  3.96350E-02  5.02143E-01  7.57988E-01  9.16385E-01  9.91975E-01      -1.00000E+00  1.00000E+00
  8.71325E-02  5.58662E-01  7.89178E-01  9.28145E-01  9.91930E-01      -9.99850E-01  1.00000E+00
  1.17893E-01  6.00052E-01  8.19110E-01  9.36465E-01  9.93422E-01      -1.00000E+00  1.00000E+00
 -9.43375E-02  4.92235E-01  7.75345E-01  9.25070E-01  9.92073E-01      -1.00000E+00  1.00000E+00


    1.   2.01    4.   9.01  5.00E+02  4.50E+01  1.80E-01  6.84E-02     5   0.00

  5.46450E+01  1.26720E+02  1.87350E+02  2.47730E+02  3.26680E+02       1.84620E-02  4.54840E+02

  4.47105E-01  6.48590E-01  7.76040E-01  8.76345E-01  9.61565E-01       6.01100E-03  1.00000E+00
  4.15395E-01  6.20925E-01  7.58175E-01  8.66740E-01  9.58680E-01       1.54360E-02  9.99990E-01
  3.93555E-01  5.97855E-01  7.36820E-01  8.51060E-01  9.51800E-01       8.23130E-03  9.99990E-01
  3.47430E-01  5.37090E-01  6.75720E-01  8.00070E-01  9.24850E-01       1.81800E-02  1.00000E+00
  2.42115E-01  3.85505E-01  4.97890E-01  6.09360E-01  7.60590E-01       3.26700E-03  9.99880E-01

 -9.46080E-01 -5.69570E-01  2.17951E-02  5.90332E-01  9.50730E-01      -1.00000E+00  1.00000E+00
 -9.50303E-01 -5.85210E-01 -2.42500E-05  5.94440E-01  9.51382E-01      -1.00000E+00  1.00000E+00
 -9.51440E-01 -5.77732E-01  8.02460E-03  5.97610E-01  9.54253E-01      -1.00000E+00  1.00000E+00
 -9.53875E-01 -5.97202E-01 -1.43666E-02  5.86960E-01  9.50175E-01      -1.00000E+00  1.00000E+00
 -9.51305E-01 -5.91885E-01  2.24205E-03  5.91778E-01  9.50010E-01      -1.00000E+00  1.00000E+00
 -9.34475E-01 -4.88510E-01  1.42993E-01  6.70025E-01  9.59077E-01      -1.00000E+00  1.00000E+00
 -9.36725E-01 -5.05367E-01  1.15252E-01  6.60238E-01  9.59930E-01      -1.00000E+00  1.00000E+00
 -9.43388E-01 -5.36903E-01  8.83633E-02  6.39247E-01  9.57708E-01      -1.00000E+00  1.00000E+00
 -9.35560E-01 -5.28510E-01  8.75840E-02  6.40382E-01  9.59968E-01      -1.00000E+00  1.00000E+00
 -9.47140E-01 -5.65847E-01  3.69580E-02  6.09075E-01  9.55492E-01      -1.00000E+00  1.00000E+00
 -8.67610E-01 -2.16395E-01  3.78125E-01  7.71643E-01  9.75390E-01      -1.00000E+00  1.00000E+00
 -8.59267E-01 -2.46743E-01  3.52023E-01  7.68680E-01  9.73120E-01      -1.00000E+00  1.00000E+00
 -8.84725E-01 -3.08625E-01  3.17400E-01  7.53557E-01  9.73725E-01      -1.00000E+00  1.00000E+00
 -9.02147E-01 -3.54750E-01  2.60430E-01  7.30687E-01  9.69735E-01      -1.00000E+00  1.00000E+00
 -9.24867E-01 -4.68423E-01  1.47737E-01  6.80127E-01  9.65797E-01      -1.00000E+00  1.00000E+00
 -3.98455E-01  2.21669E-01  6.34205E-01  8.73215E-01  9.86990E-01      -1.00000E+00  1.00000E+00
 -2.99945E-01  2.70665E-01  6.59438E-01  8.78877E-01  9.87143E-01      -1.00000E+00  1.00000E+00
 -2.89952E-01  2.84070E-01  6.53343E-01  8.76825E-01  9.85950E-01      -9.99990E-01  1.00000E+00
 -3.10722E-01  2.68983E-01  6.49465E-01  8.78313E-01  9.87465E-01      -1.00000E+00  1.00000E+00
 -5.64388E-01  1.23205E-01  5.67680E-01  8.48740E-01  9.83035E-01      -1.00000E+00  1.00000E+00
  3.61455E-01  6.83515E-01  8.57120E-01  9.49893E-01  9.94375E-01      -9.91540E-01  1.00000E+00
  3.97085E-01  7.04817E-01  8.64828E-01  9.54885E-01  9.94398E-01      -9.77730E-01  1.00000E+00
  4.09150E-01  7.22932E-01  8.69535E-01  9.55037E-01  9.95260E-01      -9.54890E-01  1.00000E+00
  4.33825E-01  7.47345E-01  8.87243E-01  9.61710E-01  9.95958E-01      -8.68350E-01  1.00000E+00
  3.61102E-01  7.15693E-01  8.75095E-01  9.59735E-01  9.95498E-01      -9.99990E-01  1.00000E+00


    1.   2.01    4.   9.01  5.00E+02  6.00E+01  2.96E-01  1.37E-01     5   0.00

  7.19810E+01  1.62970E+02  2.36120E+02  3.06090E+02  3.83550E+02       4.09160E-02  4.71770E+02

  4.31780E-01  6.36185E-01  7.68230E-01  8.72375E-01  9.60870E-01       9.24300E-03  9.99990E-01
  3.88040E-01  5.90860E-01  7.30220E-01  8.47155E-01  9.50875E-01       8.48750E-03  9.99980E-01
  3.43860E-01  5.36475E-01  6.77125E-01  8.06365E-01  9.33930E-01       6.05140E-04  9.99990E-01
  2.86630E-01  4.49235E-01  5.75205E-01  7.00635E-01  8.51230E-01       8.18070E-03  9.99960E-01
  1.91940E-01  3.01915E-01  3.92020E-01  4.88830E-01  6.27555E-01       6.23490E-04  9.99990E-01

 -9.49820E-01 -5.69522E-01  1.37252E-02  6.03030E-01  9.52468E-01      -1.00000E+00  1.00000E+00
 -9.48087E-01 -5.65577E-01  2.76627E-02  6.22483E-01  9.55480E-01      -1.00000E+00  1.00000E+00
 -9.46268E-01 -5.66723E-01  2.24695E-02  6.02898E-01  9.55383E-01      -1.00000E+00  1.00000E+00
 -9.49253E-01 -5.79292E-01  6.35950E-03  6.01175E-01  9.54728E-01      -1.00000E+00  1.00000E+00
 -9.49178E-01 -5.81145E-01  7.76200E-03  5.85895E-01  9.49230E-01      -1.00000E+00  1.00000E+00
 -9.15670E-01 -3.47422E-01  2.82658E-01  7.41097E-01  9.71753E-01      -1.00000E+00  1.00000E+00
 -9.17908E-01 -3.71700E-01  2.56995E-01  7.32587E-01  9.68475E-01      -1.00000E+00  1.00000E+00
 -9.18575E-01 -3.82062E-01  2.44790E-01  7.23442E-01  9.68845E-01      -1.00000E+00  1.00000E+00
 -9.24860E-01 -4.20290E-01  2.13332E-01  7.05340E-01  9.68160E-01      -1.00000E+00  1.00000E+00
 -9.35688E-01 -5.00507E-01  1.11521E-01  6.58207E-01  9.60515E-01      -1.00000E+00  1.00000E+00
 -4.77482E-01  1.88685E-01  6.22080E-01  8.72232E-01  9.86165E-01      -1.00000E+00  1.00000E+00
 -4.28385E-01  1.98439E-01  6.15478E-01  8.66535E-01  9.85490E-01      -1.00000E+00  1.00000E+00
 -4.65747E-01  1.67674E-01  6.00897E-01  8.59975E-01  9.83783E-01      -1.00000E+00  1.00000E+00
 -5.50107E-01  8.82587E-02  5.45195E-01  8.39845E-01  9.81990E-01      -1.00000E+00  1.00000E+00
 -7.50167E-01 -1.31865E-01  4.08215E-01  7.83663E-01  9.75592E-01      -1.00000E+00  1.00000E+00
  1.32677E-01  5.60153E-01  8.01810E-01  9.32643E-01  9.92677E-01      -9.99690E-01  1.00000E+00
  1.87038E-01  5.82055E-01  8.08057E-01  9.35993E-01  9.93235E-01      -9.96890E-01  1.00000E+00
  1.98346E-01  5.92143E-01  8.12083E-01  9.36782E-01  9.93422E-01      -9.98950E-01  1.00000E+00
  2.19965E-01  6.06415E-01  8.10658E-01  9.37350E-01  9.93200E-01      -9.99980E-01  1.00000E+00
  1.03239E-01  5.93275E-01  8.12570E-01  9.34770E-01  9.92883E-01      -1.00000E+00  1.00000E+00
  6.40870E-01  8.35105E-01  9.26748E-01  9.75998E-01  9.97385E-01      -4.84630E-01  1.00000E+00
  6.57033E-01  8.42803E-01  9.31110E-01  9.77452E-01  9.97563E-01      -5.31090E-01  1.00000E+00
  6.74613E-01  8.48307E-01  9.31217E-01  9.76490E-01  9.97472E-01      -4.13730E-01  1.00000E+00
  6.87898E-01  8.62973E-01  9.39040E-01  9.80265E-01  9.98050E-01      -4.00030E-01  1.00000E+00
  6.91123E-01  8.71580E-01  9.43937E-01  9.82190E-01  9.98100E-01      -8.34360E-01  1.00000E+00


    1.   2.01    4.   9.01  5.00E+02  7.00E+01  4.15E-01  2.30E-01     5   0.00

  9.43250E+01  2.07310E+02  2.93010E+02  3.64530E+02  4.28840E+02       2.03350E-02  4.85540E+02

  4.17135E-01  6.21760E-01  7.55740E-01  8.64090E-01  9.57525E-01       5.14290E-03  1.00000E+00
  3.46385E-01  5.40715E-01  6.84430E-01  8.13025E-01  9.37045E-01       1.72890E-02  1.00000E+00
  2.82965E-01  4.49835E-01  5.81850E-01  7.19055E-01  8.80495E-01       1.09690E-02  9.99970E-01
  2.23270E-01  3.49220E-01  4.55395E-01  5.70480E-01  7.26060E-01       6.46720E-03  9.98650E-01
  1.42170E-01  2.21705E-01  2.91085E-01  3.68670E-01  4.83135E-01       1.99450E-03  9.00470E-01

 -9.42410E-01 -5.38632E-01  6.94289E-02  6.22370E-01  9.57228E-01      -1.00000E+00  1.00000E+00
 -9.44300E-01 -5.46605E-01  6.02343E-02  6.16810E-01  9.56572E-01      -1.00000E+00  1.00000E+00
 -9.43950E-01 -5.47552E-01  5.36016E-02  6.07805E-01  9.55335E-01      -1.00000E+00  1.00000E+00
 -9.47655E-01 -5.56912E-01  4.44944E-02  6.12120E-01  9.55325E-01      -1.00000E+00  1.00000E+00
 -9.50200E-01 -5.75630E-01  1.23590E-02  5.95322E-01  9.55493E-01      -1.00000E+00  1.00000E+00
 -7.22917E-01 -9.94172E-02  4.41852E-01  8.05103E-01  9.79515E-01      -1.00000E+00  1.00000E+00
 -7.08470E-01 -6.91750E-02  4.63232E-01  8.13130E-01  9.80158E-01      -1.00000E+00  1.00000E+00
 -7.34950E-01 -1.06172E-01  4.42435E-01  8.08243E-01  9.80495E-01      -1.00000E+00  1.00000E+00
 -8.05995E-01 -1.98281E-01  3.95848E-01  7.84595E-01  9.76885E-01      -1.00000E+00  1.00000E+00
 -8.99600E-01 -3.62777E-01  2.53480E-01  7.24827E-01  9.68915E-01      -1.00000E+00  1.00000E+00
 -4.53250E-03  4.94163E-01  7.72665E-01  9.23905E-01  9.91940E-01      -9.99530E-01  1.00000E+00
  4.40692E-02  5.09815E-01  7.75212E-01  9.25070E-01  9.91975E-01      -9.99800E-01  1.00000E+00
  5.13172E-02  5.10508E-01  7.73360E-01  9.24392E-01  9.91953E-01      -9.99980E-01  1.00000E+00
  3.57550E-02  4.95997E-01  7.62598E-01  9.21148E-01  9.91423E-01      -9.99000E-01  1.00000E+00
 -1.42813E-01  3.84988E-01  7.00238E-01  8.93990E-01  9.88068E-01      -1.00000E+00  1.00000E+00
  4.75810E-01  7.54730E-01  8.94108E-01  9.66345E-01  9.96265E-01      -5.22510E-01  1.00000E+00
  5.13665E-01  7.68780E-01  8.97635E-01  9.65800E-01  9.96308E-01      -6.72910E-01  1.00000E+00
  5.27077E-01  7.68140E-01  8.96555E-01  9.65315E-01  9.96180E-01      -5.43160E-01  1.00000E+00
  5.59630E-01  7.81373E-01  8.99990E-01  9.67215E-01  9.96435E-01      -6.07250E-01  1.00000E+00
  5.92723E-01  8.15155E-01  9.15217E-01  9.71697E-01  9.97092E-01      -8.97960E-01  1.00000E+00
  8.06147E-01  9.14287E-01  9.63877E-01  9.88470E-01  9.98842E-01      -8.48880E-02  1.00000E+00
  8.15543E-01  9.18168E-01  9.66010E-01  9.88825E-01  9.98803E-01      -3.99080E-02  1.00000E+00
  8.26385E-01  9.22360E-01  9.65615E-01  9.88768E-01  9.98827E-01      -5.58860E-02  1.00000E+00
  8.38815E-01  9.27700E-01  9.67747E-01  9.88948E-01  9.98792E-01       1.71850E-01  1.00000E+00
  8.53925E-01  9.38395E-01  9.72900E-01  9.90970E-01  9.99008E-01      -5.40810E-03  1.00000E+00


    1.   2.01    4.   9.01  5.00E+02  8.00E+01  6.11E-01  4.35E-01     5   0.00

  1.53230E+02  3.12000E+02  4.00890E+02  4.49140E+02  4.77260E+02       6.51150E-02  4.93630E+02

  3.71840E-01  5.70295E-01  7.11325E-01  8.32305E-01  9.44415E-01       4.13580E-03  1.00000E+00
  2.51105E-01  4.02470E-01  5.31825E-01  6.72715E-01  8.54825E-01       3.38900E-03  9.99990E-01
  1.72715E-01  2.71635E-01  3.62985E-01  4.72985E-01  6.42120E-01       3.01320E-03  9.95960E-01
  1.23520E-01  1.87645E-01  2.47820E-01  3.23050E-01  4.39350E-01       2.32430E-03  8.15000E-01
  6.77355E-02  1.06418E-01  1.41135E-01  1.82470E-01  2.47035E-01       1.61080E-04  5.86030E-01

 -9.05200E-01 -4.33590E-01  1.91517E-01  6.90930E-01  9.65878E-01      -1.00000E+00  1.00000E+00
 -8.90148E-01 -3.71282E-01  2.23977E-01  7.07205E-01  9.67425E-01      -1.00000E+00  1.00000E+00
 -8.94097E-01 -3.65360E-01  2.27333E-01  7.05632E-01  9.66815E-01      -1.00000E+00  1.00000E+00
 -9.15673E-01 -4.18610E-01  2.12950E-01  7.02102E-01  9.65013E-01      -1.00000E+00  1.00000E+00
 -9.33897E-01 -4.86165E-01  1.22797E-01  6.58783E-01  9.59518E-01      -1.00000E+00  1.00000E+00
  5.62325E-02  5.02193E-01  7.79210E-01  9.25945E-01  9.92042E-01      -9.99400E-01  1.00000E+00
  9.44700E-02  5.42685E-01  7.96312E-01  9.32343E-01  9.92795E-01      -9.99900E-01  1.00000E+00
  1.03392E-01  5.38473E-01  7.91910E-01  9.29725E-01  9.92703E-01      -9.99980E-01  1.00000E+00
  8.22275E-02  5.09365E-01  7.74077E-01  9.23990E-01  9.91242E-01      -1.00000E+00  1.00000E+00
 -9.55700E-02  3.81231E-01  6.90180E-01  8.91417E-01  9.87873E-01      -1.00000E+00  1.00000E+00
  6.14905E-01  8.29268E-01  9.28430E-01  9.76845E-01  9.97590E-01      -3.50570E-01  1.00000E+00
  6.45330E-01  8.43688E-01  9.33007E-01  9.78165E-01  9.97770E-01      -3.61070E-01  1.00000E+00
  6.57070E-01  8.44145E-01  9.32025E-01  9.77395E-01  9.97567E-01      -2.76940E-01  1.00000E+00
  6.69077E-01  8.33995E-01  9.26715E-01  9.75915E-01  9.97375E-01      -4.21020E-01  1.00000E+00
  7.40833E-01  8.69305E-01  9.37828E-01  9.78917E-01  9.97705E-01      -2.51530E-01  1.00000E+00
  8.45075E-01  9.35887E-01  9.74463E-01  9.92223E-01  9.99232E-01       4.11090E-01  1.00000E+00
  8.60415E-01  9.41870E-01  9.76180E-01  9.92612E-01  9.99223E-01       3.58070E-01  1.00000E+00
  8.65310E-01  9.40233E-01  9.74790E-01  9.91955E-01  9.99170E-01       3.97500E-01  1.00000E+00
  8.74057E-01  9.37955E-01  9.72283E-01  9.90877E-01  9.99038E-01       2.19050E-01  1.00000E+00
  9.06813E-01  9.56575E-01  9.79688E-01  9.93035E-01  9.99225E-01       5.09590E-01  1.00000E+00
  9.58143E-01  9.83883E-01  9.93602E-01  9.98010E-01  9.99790E-01       7.67710E-01  1.00000E+00
  9.59487E-01  9.83510E-01  9.93248E-01  9.97847E-01  9.99780E-01       7.84750E-01  1.00000E+00
  9.59745E-01  9.82660E-01  9.92583E-01  9.97615E-01  9.99753E-01       7.72860E-01  1.00000E+00
  9.61392E-01  9.82587E-01  9.92193E-01  9.97427E-01  9.99730E-01       7.83430E-01  1.00000E+00
  9.69420E-01  9.86827E-01  9.94193E-01  9.98063E-01  9.99788E-01       8.00360E-01  1.00000E+00


    1.   2.01    4.   9.01  5.00E+02  8.50E+01  8.30E-01  7.26E-01     5   0.00

  3.08780E+02  4.55870E+02  4.77160E+02  4.85840E+02  4.92340E+02       1.22650E-01  4.95930E+02

  2.47725E-01  4.05045E-01  5.38135E-01  6.77695E-01  8.46720E-01       3.09400E-03  9.99980E-01
  1.01422E-01  1.60705E-01  2.23440E-01  3.12190E-01  4.57690E-01       4.69670E-04  8.74160E-01
  6.40425E-02  9.98380E-02  1.33485E-01  1.81050E-01  2.70235E-01       5.27680E-04  5.00540E-01
  4.79025E-02  7.86770E-02  1.05585E-01  1.39940E-01  1.98035E-01       4.52730E-04  3.73750E-01
  3.03030E-02  5.13075E-02  6.83170E-02  8.73905E-02  1.15542E-01       2.03940E-05  2.37190E-01

 -1.77005E-01  2.97474E-01  6.59425E-01  8.86942E-01  9.87885E-01      -1.00000E+00  1.00000E+00
 -1.61568E-01  3.31423E-01  6.79003E-01  8.91080E-01  9.88685E-01      -1.00000E+00  1.00000E+00
 -1.93903E-01  2.97667E-01  6.59218E-01  8.83545E-01  9.87725E-01      -1.00000E+00  1.00000E+00
 -2.23670E-01  2.22372E-01  5.92997E-01  8.55295E-01  9.83505E-01      -1.00000E+00  1.00000E+00
 -2.51480E-01  1.45342E-01  5.21003E-01  8.21758E-01  9.80848E-01      -1.00000E+00  1.00000E+00
  8.47115E-01  9.34075E-01  9.74068E-01  9.92193E-01  9.99210E-01       1.87780E-01  1.00000E+00
  8.53560E-01  9.39172E-01  9.76240E-01  9.92620E-01  9.99257E-01       2.30670E-01  1.00000E+00
  8.51695E-01  9.31635E-01  9.72537E-01  9.91393E-01  9.99073E-01       3.22230E-01  1.00000E+00
  8.55640E-01  9.24000E-01  9.64500E-01  9.88365E-01  9.98780E-01       1.79960E-01  1.00000E+00
  8.96845E-01  9.49573E-01  9.75612E-01  9.90980E-01  9.98975E-01       4.05140E-01  1.00000E+00
  9.67750E-01  9.90335E-01  9.96398E-01  9.98890E-01  9.99890E-01       8.19190E-01  1.00000E+00
  9.64382E-01  9.88267E-01  9.95555E-01  9.98625E-01  9.99855E-01       8.26150E-01  1.00000E+00
  9.59587E-01  9.85820E-01  9.94452E-01  9.98265E-01  9.99822E-01       8.00860E-01  1.00000E+00
  9.54460E-01  9.80920E-01  9.92337E-01  9.97607E-01  9.99748E-01       8.07350E-01  1.00000E+00
  9.66168E-01  9.83197E-01  9.92337E-01  9.97480E-01  9.99728E-01       8.48550E-01  1.00000E+00
  9.85465E-01  9.95540E-01  9.98265E-01  9.99447E-01  9.99940E-01       9.01280E-01  1.00000E+00
  9.82265E-01  9.94075E-01  9.97705E-01  9.99285E-01  9.99925E-01       8.95940E-01  1.00000E+00
  9.80170E-01  9.92842E-01  9.97162E-01  9.99117E-01  9.99910E-01       8.96520E-01  1.00000E+00
  9.79087E-01  9.91240E-01  9.96415E-01  9.98843E-01  9.99877E-01       9.03880E-01  1.00000E+00
  9.84305E-01  9.92670E-01  9.96675E-01  9.98892E-01  9.99887E-01       9.29310E-01  1.00000E+00
  9.93510E-01  9.97700E-01  9.99087E-01  9.99713E-01  9.99970E-01       9.59540E-01  1.00000E+00
  9.93073E-01  9.97362E-01  9.98930E-01  9.99663E-01  9.99968E-01       9.65030E-01  1.00000E+00
  9.93175E-01  9.97145E-01  9.98812E-01  9.99617E-01  9.99960E-01       9.59810E-01  1.00000E+00
  9.93475E-01  9.97163E-01  9.98742E-01  9.99583E-01  9.99958E-01       9.66850E-01  1.00000E+00
  9.94903E-01  9.97828E-01  9.99055E-01  9.99685E-01  9.99967E-01       9.64310E-01  1.00000E+00


    1.   2.01    4.   9.01  1.00E+03  0.00E+00  4.87E-02  1.27E-02     5   0.00

  7.14400E+01  1.66740E+02  2.52110E+02  3.43720E+02  4.60590E+02       6.27870E-02  7.22140E+02

  4.41545E-01  6.42680E-01  7.75340E-01  8.78970E-01  9.63770E-01       2.95220E-03  1.00000E+00
  4.29055E-01  6.37210E-01  7.70670E-01  8.75050E-01  9.60600E-01       5.55770E-02  9.99970E-01
  4.23465E-01  6.38415E-01  7.70145E-01  8.73255E-01  9.60675E-01       2.28040E-02  1.00000E+00
  4.00115E-01  6.08260E-01  7.46690E-01  8.59815E-01  9.54690E-01       3.97450E-02  9.99990E-01
  2.86460E-01  4.54720E-01  5.78585E-01  6.94670E-01  8.42535E-01       6.30720E-03  9.99950E-01

 -9.49348E-01 -5.73122E-01  4.75487E-02  6.15870E-01  9.51145E-01      -1.00000E+00  9.99980E-01
 -9.51180E-01 -5.72427E-01  5.21140E-02  6.37977E-01  9.50690E-01      -1.00000E+00  9.99980E-01
 -9.49107E-01 -5.73943E-01  2.81637E-02  5.82955E-01  9.45595E-01      -1.00000E+00  9.99980E-01
 -9.56360E-01 -5.82730E-01 -2.62080E-02  5.89792E-01  9.59080E-01      -1.00000E+00  9.99990E-01
 -9.52230E-01 -5.88777E-01  6.68300E-03  6.08160E-01  9.54735E-01      -1.00000E+00  9.99980E-01
 -9.47760E-01 -5.75015E-01  3.42536E-02  6.13308E-01  9.56370E-01      -1.00000E+00  9.99990E-01
 -9.56985E-01 -6.04290E-01 -3.03946E-02  5.64100E-01  9.47148E-01      -1.00000E+00  9.99970E-01
 -9.56010E-01 -6.14688E-01 -4.31060E-03  5.95660E-01  9.52085E-01      -1.00000E+00  9.99990E-01
 -9.49608E-01 -5.77160E-01 -1.02520E-02  5.83010E-01  9.51272E-01      -1.00000E+00  9.99990E-01
 -9.38963E-01 -5.87905E-01 -1.24395E-02  5.87703E-01  9.48905E-01      -1.00000E+00  9.99980E-01
 -9.46605E-01 -5.63203E-01 -9.35702E-03  5.90618E-01  9.50510E-01      -1.00000E+00  9.99990E-01
 -9.54272E-01 -5.82657E-01 -5.66978E-03  5.89585E-01  9.51925E-01      -1.00000E+00  9.99990E-01
 -9.45755E-01 -5.73597E-01  2.91450E-02  6.03513E-01  9.52052E-01      -1.00000E+00  9.99930E-01
 -9.47285E-01 -5.52475E-01  4.01587E-02  6.22635E-01  9.55000E-01      -1.00000E+00  9.99990E-01
 -9.53965E-01 -6.07278E-01 -2.01675E-03  5.67627E-01  9.39797E-01      -1.00000E+00  9.99990E-01
 -9.41295E-01 -5.67535E-01 -6.21563E-03  5.76747E-01  9.45437E-01      -1.00000E+00  9.99980E-01
 -9.43035E-01 -5.73565E-01  2.45750E-02  5.76930E-01  9.52182E-01      -1.00000E+00  9.99990E-01
 -9.55163E-01 -5.78067E-01  2.64980E-02  5.87047E-01  9.55307E-01      -1.00000E+00  9.99860E-01
 -9.53045E-01 -6.00365E-01  1.07420E-02  5.91077E-01  9.45553E-01      -1.00000E+00  9.99980E-01
 -9.49782E-01 -5.88867E-01 -2.29597E-02  5.97010E-01  9.60553E-01      -1.00000E+00  9.99980E-01
 -9.40622E-01 -5.66355E-01  3.37565E-02  5.98675E-01  9.56040E-01      -1.00000E+00  9.99910E-01
 -9.37802E-01 -5.67430E-01  4.70140E-03  5.88440E-01  9.49063E-01      -1.00000E+00  9.99960E-01
 -9.47738E-01 -5.99222E-01  1.08854E-02  5.91357E-01  9.53190E-01      -1.00000E+00  9.99990E-01
 -9.47125E-01 -5.71688E-01  1.95322E-02  5.95015E-01  9.53325E-01      -1.00000E+00  9.99970E-01
 -9.52680E-01 -5.95797E-01  2.16200E-02  6.06658E-01  9.48650E-01      -1.00000E+00  9.99980E-01


    1.   2.01    4.   9.01  1.00E+03  3.00E+01  8.09E-02  2.41E-02     5   0.00

  8.15620E+01  1.89920E+02  2.85530E+02  3.88100E+02  5.32710E+02       1.22140E-01  8.30240E+02

  4.36520E-01  6.43455E-01  7.70315E-01  8.74580E-01  9.62510E-01       3.45950E-02  1.00000E+00
  4.20265E-01  6.30445E-01  7.67860E-01  8.72545E-01  9.60845E-01       3.11790E-02  1.00000E+00
  4.10935E-01  6.18470E-01  7.56655E-01  8.63905E-01  9.56940E-01       2.35110E-02  9.99980E-01
  3.77630E-01  5.80510E-01  7.20180E-01  8.36700E-01  9.45480E-01       3.28950E-02  9.99990E-01
  2.63890E-01  4.21150E-01  5.45700E-01  6.68465E-01  8.21505E-01       1.50170E-02  9.99850E-01

 -9.44427E-01 -5.79730E-01  5.11200E-04  5.99978E-01  9.50922E-01      -1.00000E+00  9.99990E-01
 -9.50652E-01 -5.82178E-01 -1.01447E-02  5.82217E-01  9.45915E-01      -1.00000E+00  9.99990E-01
 -9.51297E-01 -5.84727E-01 -7.39500E-04  5.96633E-01  9.49160E-01      -1.00000E+00  1.00000E+00
 -9.51080E-01 -5.92725E-01  6.11575E-03  5.77608E-01  9.49333E-01      -1.00000E+00  1.00000E+00
 -9.44705E-01 -5.84760E-01  5.48240E-03  5.84015E-01  9.44343E-01      -1.00000E+00  9.99990E-01
 -9.36015E-01 -4.77347E-01  1.14978E-01  6.56678E-01  9.64020E-01      -1.00000E+00  1.00000E+00
 -9.36390E-01 -4.91295E-01  1.24287E-01  6.52625E-01  9.62503E-01      -1.00000E+00  9.99980E-01
 -9.37708E-01 -5.34077E-01  8.05842E-02  6.54000E-01  9.59653E-01      -1.00000E+00  9.99990E-01
 -9.44150E-01 -5.26205E-01  6.60381E-02  6.27345E-01  9.62660E-01      -1.00000E+00  9.99980E-01
 -9.45975E-01 -5.58595E-01  5.12001E-02  6.10173E-01  9.54850E-01      -1.00000E+00  9.99990E-01
 -8.81997E-01 -2.81828E-01  3.24533E-01  7.61037E-01  9.73873E-01      -1.00000E+00  9.99990E-01
 -8.90925E-01 -2.94348E-01  2.97230E-01  7.48123E-01  9.72100E-01      -1.00000E+00  1.00000E+00
 -9.12615E-01 -3.69915E-01  2.50328E-01  7.33065E-01  9.72625E-01      -1.00000E+00  1.00000E+00
 -9.16015E-01 -4.41880E-01  1.97192E-01  7.00335E-01  9.63952E-01      -1.00000E+00  1.00000E+00
 -9.43740E-01 -5.16305E-01  9.61463E-02  6.47315E-01  9.56352E-01      -1.00000E+00  1.00000E+00
 -8.49290E-01 -9.75013E-02  4.66025E-01  8.13470E-01  9.80662E-01      -1.00000E+00  1.00000E+00
 -8.03743E-01 -5.82280E-02  4.88953E-01  8.20580E-01  9.81860E-01      -1.00000E+00  1.00000E+00
 -7.85583E-01 -8.56593E-02  4.68960E-01  8.13330E-01  9.79865E-01      -1.00000E+00  9.99990E-01
 -7.77173E-01 -1.28399E-01  4.48905E-01  8.11915E-01  9.78402E-01      -1.00000E+00  1.00000E+00
 -8.85402E-01 -3.23006E-01  2.94060E-01  7.40077E-01  9.69838E-01      -1.00000E+00  9.99980E-01
 -1.55173E-01  4.12033E-01  7.32217E-01  9.09280E-01  9.89205E-01      -1.00000E+00  1.00000E+00
 -1.66200E-02  4.84925E-01  7.67848E-01  9.20430E-01  9.91563E-01      -9.99780E-01  1.00000E+00
  5.37525E-02  5.37625E-01  7.79065E-01  9.24508E-01  9.90787E-01      -1.00000E+00  1.00000E+00
  9.13300E-02  5.68007E-01  7.95750E-01  9.29570E-01  9.91692E-01      -9.99980E-01  1.00000E+00
 -4.22700E-02  5.30103E-01  7.91645E-01  9.28310E-01  9.92285E-01      -9.99930E-01  1.00000E+00


    1.   2.01    4.   9.01  1.00E+03  4.50E+01  1.37E-01  4.76E-02     5   0.00

  9.88820E+01  2.24430E+02  3.35040E+02  4.51030E+02  6.13500E+02       7.36900E-02  8.97090E+02

  4.30080E-01  6.36835E-01  7.69010E-01  8.72885E-01  9.60905E-01       1.06070E-02  1.00000E+00
  4.07485E-01  6.20720E-01  7.56530E-01  8.65125E-01  9.57185E-01       3.55800E-02  9.99980E-01
  3.84925E-01  5.90015E-01  7.32070E-01  8.47165E-01  9.50430E-01       2.95430E-02  9.99960E-01
  3.39665E-01  5.32520E-01  6.69930E-01  7.95480E-01  9.24980E-01       1.64920E-02  9.99990E-01
  2.37560E-01  3.80780E-01  4.94705E-01  6.11180E-01  7.65710E-01       3.64200E-03  9.99840E-01

 -9.50587E-01 -5.69562E-01  4.13042E-02  6.17550E-01  9.59065E-01      -1.00000E+00  1.00000E+00
 -9.46587E-01 -5.63832E-01  3.91029E-02  6.13337E-01  9.52700E-01      -1.00000E+00  1.00000E+00
 -9.45825E-01 -5.54475E-01  6.71067E-02  6.23847E-01  9.56570E-01      -1.00000E+00  1.00000E+00
 -9.51710E-01 -5.89295E-01  5.50602E-03  5.89950E-01  9.55285E-01      -1.00000E+00  1.00000E+00
 -9.50465E-01 -5.81697E-01  9.75125E-03  5.96760E-01  9.54520E-01      -1.00000E+00  1.00000E+00
 -9.06667E-01 -3.48352E-01  2.72980E-01  7.28375E-01  9.68698E-01      -1.00000E+00  1.00000E+00
 -9.21772E-01 -4.01753E-01  2.30103E-01  7.14160E-01  9.68360E-01      -1.00000E+00  1.00000E+00
 -9.22935E-01 -4.24627E-01  1.96983E-01  7.01720E-01  9.64737E-01      -1.00000E+00  1.00000E+00
 -9.23567E-01 -4.56065E-01  1.64074E-01  6.84995E-01  9.66025E-01      -1.00000E+00  1.00000E+00
 -9.37433E-01 -5.38238E-01  6.01758E-02  6.28238E-01  9.57200E-01      -1.00000E+00  1.00000E+00
 -7.74428E-01 -2.16655E-02  5.19975E-01  8.32492E-01  9.81860E-01      -1.00000E+00  1.00000E+00
 -8.23970E-01 -7.81875E-02  4.71855E-01  8.19017E-01  9.80285E-01      -1.00000E+00  1.00000E+00
 -8.32685E-01 -1.49602E-01  4.27675E-01  8.01588E-01  9.78703E-01      -1.00000E+00  1.00000E+00
 -8.70905E-01 -2.14392E-01  3.82912E-01  7.80300E-01  9.75583E-01      -1.00000E+00  1.00000E+00
 -9.18047E-01 -3.96675E-01  2.22282E-01  7.15442E-01  9.68395E-01      -1.00000E+00  1.00000E+00
 -4.15045E-01  3.21147E-01  6.91213E-01  8.98537E-01  9.88735E-01      -1.00000E+00  1.00000E+00
 -3.59720E-01  3.13852E-01  6.91327E-01  8.91582E-01  9.88385E-01      -1.00000E+00  1.00000E+00
 -3.25896E-01  3.30195E-01  6.90133E-01  8.93640E-01  9.88410E-01      -1.00000E+00  1.00000E+00
 -3.71758E-01  2.75411E-01  6.55388E-01  8.78250E-01  9.86780E-01      -1.00000E+00  9.99990E-01
 -6.32833E-01  5.37722E-02  5.35888E-01  8.30627E-01  9.80990E-01      -1.00000E+00  1.00000E+00
  3.06402E-01  6.83087E-01  8.62187E-01  9.56163E-01  9.95090E-01      -9.57690E-01  1.00000E+00
  3.70432E-01  7.07075E-01  8.66145E-01  9.55480E-01  9.95092E-01      -9.69280E-01  1.00000E+00
  4.00575E-01  7.17400E-01  8.74235E-01  9.58950E-01  9.95683E-01      -9.77420E-01  1.00000E+00
  4.14585E-01  7.27627E-01  8.76553E-01  9.56800E-01  9.95385E-01      -9.60660E-01  1.00000E+00
  3.54274E-01  7.22013E-01  8.77127E-01  9.58718E-01  9.95645E-01      -9.99820E-01  1.00000E+00


    1.   2.01    4.   9.01  1.00E+03  6.00E+01  2.48E-01  1.06E-01     5   0.00

  1.27250E+02  2.86890E+02  4.23020E+02  5.60710E+02  7.25880E+02       1.10930E-01  9.41690E+02

  4.19265E-01  6.28270E-01  7.61955E-01  8.68305E-01  9.58845E-01       1.38800E-02  1.00000E+00
  3.75515E-01  5.83930E-01  7.25345E-01  8.42930E-01  9.49570E-01       6.06420E-03  1.00000E+00
  3.34735E-01  5.25835E-01  6.66765E-01  7.97210E-01  9.29450E-01       1.09650E-02  9.99980E-01
  2.78295E-01  4.41065E-01  5.67395E-01  6.95745E-01  8.56065E-01       8.26270E-03  9.99960E-01
  1.88895E-01  3.02390E-01  3.96790E-01  4.98210E-01  6.44555E-01       8.78050E-03  9.97150E-01

 -9.39715E-01 -5.22405E-01  9.02394E-02  6.35785E-01  9.58010E-01      -1.00000E+00  1.00000E+00
 -9.41437E-01 -5.36833E-01  9.28130E-02  6.41700E-01  9.58923E-01      -1.00000E+00  1.00000E+00
 -9.43738E-01 -5.38285E-01  4.86665E-02  6.11698E-01  9.54077E-01      -1.00000E+00  1.00000E+00
 -9.45087E-01 -5.36168E-01  6.00664E-02  6.22135E-01  9.57528E-01      -1.00000E+00  1.00000E+00
 -9.46227E-01 -5.68608E-01  1.84568E-02  5.95340E-01  9.50813E-01      -1.00000E+00  1.00000E+00
 -8.29630E-01 -1.30336E-01  4.41063E-01  8.07163E-01  9.79955E-01      -1.00000E+00  1.00000E+00
 -8.50975E-01 -1.78158E-01  3.94408E-01  7.86810E-01  9.75820E-01      -1.00000E+00  1.00000E+00
 -8.79135E-01 -2.48562E-01  3.52495E-01  7.70220E-01  9.74413E-01      -1.00000E+00  1.00000E+00
 -8.96185E-01 -2.99638E-01  3.18483E-01  7.53768E-01  9.73262E-01      -1.00000E+00  1.00000E+00
 -9.22078E-01 -4.29710E-01  1.93510E-01  6.99890E-01  9.64430E-01      -1.00000E+00  1.00000E+00
 -4.13615E-01  3.32118E-01  6.99547E-01  8.99735E-01  9.89698E-01      -1.00000E+00  1.00000E+00
 -4.06730E-01  3.13575E-01  6.85693E-01  8.91705E-01  9.88590E-01      -1.00000E+00  1.00000E+00
 -4.73010E-01  2.57910E-01  6.66460E-01  8.84690E-01  9.87910E-01      -1.00000E+00  1.00000E+00
 -5.60013E-01  1.71142E-01  6.12895E-01  8.65545E-01  9.85067E-01      -1.00000E+00  1.00000E+00
 -7.91860E-01 -1.35522E-01  4.34007E-01  7.96412E-01  9.76750E-01      -1.00000E+00  1.00000E+00
  1.66651E-01  6.32518E-01  8.39025E-01  9.47947E-01  9.94133E-01      -9.99990E-01  1.00000E+00
  1.69081E-01  6.24912E-01  8.37518E-01  9.45745E-01  9.93823E-01      -9.73340E-01  1.00000E+00
  1.89420E-01  6.20352E-01  8.33995E-01  9.45755E-01  9.93905E-01      -9.99790E-01  1.00000E+00
  1.69236E-01  6.04600E-01  8.21545E-01  9.41470E-01  9.93485E-01      -9.97770E-01  1.00000E+00
  3.44345E-02  5.35517E-01  7.87665E-01  9.27845E-01  9.92117E-01      -1.00000E+00  1.00000E+00
  6.16732E-01  8.41960E-01  9.34438E-01  9.79215E-01  9.97742E-01      -7.55140E-01  1.00000E+00
  6.44838E-01  8.44953E-01  9.33470E-01  9.77577E-01  9.97640E-01      -4.99200E-01  1.00000E+00
  6.44338E-01  8.46542E-01  9.33187E-01  9.77900E-01  9.97695E-01      -4.60710E-01  1.00000E+00
  6.55155E-01  8.50388E-01  9.32325E-01  9.77602E-01  9.97525E-01      -5.26970E-01  1.00000E+00
  6.68002E-01  8.55765E-01  9.36115E-01  9.78682E-01  9.97755E-01      -9.37650E-01  1.00000E+00


    1.   2.01    4.   9.01  1.00E+03  7.00E+01  3.68E-01  1.88E-01     5   0.00

  1.65710E+02  3.68090E+02  5.30890E+02  6.76480E+02  8.21810E+02       5.84910E-02  9.68600E+02

  4.06155E-01  6.13530E-01  7.49580E-01  8.60005E-01  9.55980E-01       1.33510E-02  9.99990E-01
  3.37000E-01  5.30485E-01  6.72040E-01  8.01420E-01  9.31085E-01       2.70700E-02  1.00000E+00
  2.72040E-01  4.34650E-01  5.66675E-01  7.03345E-01  8.74070E-01       1.29720E-02  9.99990E-01
  2.13215E-01  3.40130E-01  4.48675E-01  5.67255E-01  7.41300E-01       2.23270E-03  9.99950E-01
  1.41405E-01  2.24900E-01  2.98505E-01  3.83000E-01  5.13555E-01       2.69890E-03  9.88590E-01

 -9.29097E-01 -4.61745E-01  1.63756E-01  6.73557E-01  9.61963E-01      -1.00000E+00  1.00000E+00
 -9.33245E-01 -4.65735E-01  1.30429E-01  6.66168E-01  9.61048E-01      -1.00000E+00  1.00000E+00
 -9.33813E-01 -4.89235E-01  1.24617E-01  6.56948E-01  9.59313E-01      -1.00000E+00  1.00000E+00
 -9.35830E-01 -4.89538E-01  1.24974E-01  6.58038E-01  9.62672E-01      -1.00000E+00  1.00000E+00
 -9.42817E-01 -5.31837E-01  6.07711E-02  6.18745E-01  9.55357E-01      -1.00000E+00  1.00000E+00
 -6.39875E-01  1.38397E-01  6.11720E-01  8.69337E-01  9.85628E-01      -1.00000E+00  1.00000E+00
 -6.62813E-01  8.85670E-02  5.81565E-01  8.57718E-01  9.84333E-01      -1.00000E+00  1.00000E+00
 -6.87398E-01  7.18542E-02  5.64742E-01  8.54095E-01  9.84480E-01      -1.00000E+00  1.00000E+00
 -7.74400E-01 -2.82393E-02  5.03862E-01  8.25632E-01  9.81618E-01      -1.00000E+00  1.00000E+00
 -8.75195E-01 -2.57921E-01  3.33572E-01  7.62060E-01  9.72903E-01      -1.00000E+00  1.00000E+00
  7.08877E-02  5.97895E-01  8.26318E-01  9.41242E-01  9.93805E-01      -9.97880E-01  1.00000E+00
  7.77627E-02  5.87272E-01  8.19745E-01  9.39510E-01  9.93875E-01      -9.99280E-01  1.00000E+00
  4.54600E-02  5.64407E-01  8.08925E-01  9.37465E-01  9.93275E-01      -9.99960E-01  1.00000E+00
 -7.01500E-03  5.27482E-01  7.90112E-01  9.31270E-01  9.92592E-01      -9.99960E-01  1.00000E+00
 -2.68972E-01  3.25006E-01  6.82350E-01  8.91127E-01  9.87635E-01      -1.00000E+00  1.00000E+00
  4.98933E-01  7.95733E-01  9.14755E-01  9.72123E-01  9.97062E-01      -7.84830E-01  1.00000E+00
  5.10080E-01  7.95720E-01  9.15065E-01  9.72345E-01  9.96965E-01      -8.12790E-01  1.00000E+00
  5.09777E-01  7.89598E-01  9.10813E-01  9.70197E-01  9.96870E-01      -6.77270E-01  1.00000E+00
  5.08717E-01  7.80083E-01  9.04460E-01  9.69228E-01  9.96590E-01      -6.68610E-01  1.00000E+00
  5.15050E-01  7.76417E-01  9.00317E-01  9.66082E-01  9.96050E-01      -9.98020E-01  1.00000E+00
  7.96540E-01  9.22218E-01  9.67780E-01  9.89820E-01  9.98953E-01      -1.09960E-01  1.00000E+00
  8.01385E-01  9.19515E-01  9.65867E-01  9.89012E-01  9.98885E-01       3.94230E-02  1.00000E+00
  8.00700E-01  9.16290E-01  9.64930E-01  9.88895E-01  9.98818E-01       4.34360E-02  1.00000E+00
  8.06140E-01  9.15150E-01  9.63590E-01  9.88112E-01  9.98800E-01      -1.55060E-02  1.00000E+00
  8.21373E-01  9.24275E-01  9.67002E-01  9.88683E-01  9.98685E-01      -6.45560E-02  1.00000E+00


    1.   2.01    4.   9.01  1.00E+03  8.00E+01  5.53E-01  3.65E-01     5   0.00

  2.57380E+02  5.46110E+02  7.30250E+02  8.47740E+02  9.33600E+02       6.93850E-02  9.88080E+02

  3.67055E-01  5.65815E-01  7.06850E-01  8.28430E-01  9.43275E-01       3.71480E-03  1.00000E+00
  2.45070E-01  3.97990E-01  5.27335E-01  6.65335E-01  8.52230E-01       2.75310E-03  1.00000E+00
  1.69585E-01  2.73680E-01  3.68590E-01  4.84660E-01  6.74995E-01       3.07580E-03  9.99890E-01
  1.25265E-01  1.94385E-01  2.60240E-01  3.44945E-01  4.93795E-01       1.38830E-03  9.20100E-01
  7.80495E-02  1.19969E-01  1.60365E-01  2.11600E-01  2.99945E-01       9.51930E-04  7.22720E-01

 -8.68490E-01 -2.45475E-01  3.30830E-01  7.51568E-01  9.73745E-01      -1.00000E+00  1.00000E+00
 -8.59363E-01 -2.46513E-01  3.35932E-01  7.50615E-01  9.71350E-01      -1.00000E+00  1.00000E+00
 -8.66777E-01 -2.63633E-01  3.13547E-01  7.44355E-01  9.70920E-01      -1.00000E+00  1.00000E+00
 -8.85835E-01 -3.17640E-01  2.70886E-01  7.29733E-01  9.68495E-01      -1.00000E+00  1.00000E+00
 -9.23602E-01 -4.32938E-01  1.84224E-01  6.86720E-01  9.64548E-01      -1.00000E+00  1.00000E+00
  3.95725E-02  5.89915E-01  8.24025E-01  9.42725E-01  9.93785E-01      -9.99610E-01  1.00000E+00
  7.11575E-02  5.90595E-01  8.26910E-01  9.41688E-01  9.93735E-01      -9.99970E-01  1.00000E+00
  5.45100E-02  5.77360E-01  8.13923E-01  9.39770E-01  9.93590E-01      -9.99980E-01  1.00000E+00
 -4.89225E-02  5.13262E-01  7.84195E-01  9.28687E-01  9.92155E-01      -1.00000E+00  1.00000E+00
 -3.21722E-01  2.74895E-01  6.67522E-01  8.89710E-01  9.87715E-01      -1.00000E+00  1.00000E+00
  6.09620E-01  8.52575E-01  9.39423E-01  9.80595E-01  9.97988E-01      -4.92450E-01  1.00000E+00
  6.18350E-01  8.49540E-01  9.37200E-01  9.79700E-01  9.97875E-01      -5.27830E-01  1.00000E+00
  6.03577E-01  8.41170E-01  9.33645E-01  9.78152E-01  9.97677E-01      -4.91480E-01  1.00000E+00
  5.85982E-01  8.23790E-01  9.25255E-01  9.75150E-01  9.97332E-01      -5.74380E-01  1.00000E+00
  6.03335E-01  8.06603E-01  9.13530E-01  9.70845E-01  9.96858E-01      -9.75640E-01  1.00000E+00
  8.29775E-01  9.39393E-01  9.75832E-01  9.92263E-01  9.99235E-01       1.14180E-01  1.00000E+00
  8.32310E-01  9.37837E-01  9.74770E-01  9.92025E-01  9.99150E-01       2.00750E-01  1.00000E+00
  8.26835E-01  9.33620E-01  9.73115E-01  9.91345E-01  9.99075E-01       2.61030E-01  1.00000E+00
  8.17068E-01  9.23500E-01  9.67898E-01  9.89432E-01  9.98885E-01      -3.56780E-02  1.00000E+00
  8.41408E-01  9.26357E-01  9.67345E-01  9.89230E-01  9.98838E-01       1.06990E-01  1.00000E+00
  9.42685E-01  9.80382E-01  9.92188E-01  9.97578E-01  9.99730E-01       6.05660E-01  1.00000E+00
  9.42978E-01  9.79370E-01  9.91648E-01  9.97355E-01  9.99720E-01       6.69860E-01  1.00000E+00
  9.39935E-01  9.77445E-01  9.90830E-01  9.97078E-01  9.99705E-01       5.81520E-01  1.00000E+00
  9.37945E-01  9.74378E-01  9.89308E-01  9.96500E-01  9.99632E-01       6.19040E-01  1.00000E+00
  9.46403E-01  9.76572E-01  9.89837E-01  9.96663E-01  9.99637E-01       6.88890E-01  1.00000E+00


    1.   2.01    4.   9.01  1.00E+03  8.50E+01  7.47E-01  6.11E-01     5   0.00

  4.58030E+02  8.15600E+02  9.23910E+02  9.59480E+02  9.80260E+02       1.15340E-01  9.93660E+02

  2.78525E-01  4.48255E-01  5.84650E-01  7.22265E-01  8.86620E-01       3.14110E-03  1.00000E+00
  1.25865E-01  2.00840E-01  2.76945E-01  3.79370E-01  5.73560E-01       4.67770E-04  9.99280E-01
  7.64725E-02  1.15310E-01  1.56255E-01  2.17275E-01  3.46720E-01       5.44980E-04  6.99900E-01
  5.28055E-02  7.84095E-02  1.03679E-01  1.41165E-01  2.21145E-01       1.02110E-03  4.65380E-01
  3.39330E-02  5.37740E-02  7.17060E-02  9.53340E-02  1.39865E-01       3.28370E-04  3.54030E-01

 -3.52872E-01  2.44665E-01  6.58485E-01  8.86188E-01  9.87797E-01      -1.00000E+00  1.00000E+00
 -3.20585E-01  2.55568E-01  6.50913E-01  8.81358E-01  9.87797E-01      -1.00000E+00  1.00000E+00
 -3.58827E-01  1.93090E-01  6.13730E-01  8.63425E-01  9.85293E-01      -1.00000E+00  1.00000E+00
 -4.10174E-01  1.37330E-01  5.69843E-01  8.50250E-01  9.83440E-01      -1.00000E+00  1.00000E+00
 -6.20734E-01 -4.00850E-02  4.43593E-01  7.98535E-01  9.77660E-01      -1.00000E+00  1.00000E+00
  7.26137E-01  9.08382E-01  9.65202E-01  9.89150E-01  9.98850E-01      -2.48720E-01  1.00000E+00
  7.49783E-01  9.11382E-01  9.64368E-01  9.88585E-01  9.98812E-01      -1.72650E-01  1.00000E+00
  7.33483E-01  8.99828E-01  9.59533E-01  9.87052E-01  9.98680E-01      -4.55330E-01  1.00000E+00
  7.09283E-01  8.79752E-01  9.50610E-01  9.83992E-01  9.98317E-01      -3.39860E-01  1.00000E+00
  7.21163E-01  8.65000E-01  9.39945E-01  9.79893E-01  9.97857E-01      -4.60690E-01  1.00000E+00
  9.30657E-01  9.79675E-01  9.92422E-01  9.97717E-01  9.99760E-01       5.90070E-01  1.00000E+00
  9.33385E-01  9.79008E-01  9.91965E-01  9.97535E-01  9.99755E-01       5.26060E-01  1.00000E+00
  9.24880E-01  9.74660E-01  9.90097E-01  9.96877E-01  9.99675E-01       5.27910E-01  1.00000E+00
  9.12902E-01  9.66850E-01  9.86700E-01  9.95825E-01  9.99570E-01       6.24590E-01  1.00000E+00
  9.23002E-01  9.63135E-01  9.83695E-01  9.94640E-01  9.99457E-01       5.50940E-01  1.00000E+00
  9.81420E-01  9.94742E-01  9.98060E-01  9.99408E-01  9.99938E-01       8.45980E-01  1.00000E+00
  9.79077E-01  9.93645E-01  9.97575E-01  9.99260E-01  9.99920E-01       8.46190E-01  1.00000E+00
  9.75188E-01  9.91923E-01  9.96895E-01  9.99055E-01  9.99902E-01       8.44780E-01  1.00000E+00
  9.68785E-01  9.88930E-01  9.95610E-01  9.98633E-01  9.99855E-01       8.47970E-01  1.00000E+00
  9.69588E-01  9.86598E-01  9.94225E-01  9.98097E-01  9.99798E-01       8.55340E-01  1.00000E+00
  9.93010E-01  9.97825E-01  9.99158E-01  9.99740E-01  9.99972E-01       9.25870E-01  1.00000E+00
  9.91520E-01  9.97195E-01  9.98908E-01  9.99655E-01  9.99965E-01       9.35080E-01  1.00000E+00
  9.89820E-01  9.96535E-01  9.98618E-01  9.99575E-01  9.99953E-01       9.24810E-01  1.00000E+00
  9.88420E-01  9.95578E-01  9.98213E-01  9.99435E-01  9.99942E-01       9.30350E-01  1.00000E+00
  9.89378E-01  9.95440E-01  9.98000E-01  9.99348E-01  9.99932E-01       9.26510E-01  1.00000E+00


    1.   2.01    4.   9.01  2.00E+03  0.00E+00  2.53E-02  5.97E-03     5   0.00

  1.23940E+02  2.85520E+02  4.39530E+02  6.16330E+02  8.63930E+02       1.86450E-01  1.40970E+03

  4.40155E-01  6.41730E-01  7.74615E-01  8.77655E-01  9.60710E-01       1.28670E-02  9.99970E-01
  4.27020E-01  6.39950E-01  7.72685E-01  8.76585E-01  9.62340E-01       2.69380E-02  9.99980E-01
  4.20015E-01  6.30230E-01  7.64185E-01  8.69235E-01  9.60455E-01       2.33060E-02  9.99990E-01
  3.87430E-01  5.94550E-01  7.32455E-01  8.48895E-01  9.50320E-01       4.75440E-02  1.00000E+00
  2.74680E-01  4.41770E-01  5.64720E-01  6.87005E-01  8.28960E-01       2.63040E-02  9.99900E-01

 -9.47743E-01 -6.05725E-01 -1.94623E-02  5.76465E-01  9.48142E-01      -1.00000E+00  1.00000E+00
 -9.40688E-01 -6.24840E-01 -2.98657E-02  5.64590E-01  9.56292E-01      -1.00000E+00  9.99820E-01
 -9.40763E-01 -5.73040E-01 -9.02050E-03  5.86597E-01  9.54688E-01      -1.00000E+00  9.99930E-01
 -9.35610E-01 -5.03930E-01  7.11477E-02  6.22907E-01  9.59600E-01      -1.00000E+00  9.99950E-01
 -9.49335E-01 -5.81363E-01  8.70175E-03  5.88097E-01  9.60610E-01      -1.00000E+00  9.99510E-01
 -9.32730E-01 -5.11933E-01  7.18505E-02  5.70227E-01  9.53183E-01      -1.00000E+00  9.99670E-01
 -9.47585E-01 -5.89715E-01  2.66725E-02  6.26465E-01  9.50450E-01      -1.00000E+00  9.99970E-01
 -9.47815E-01 -5.98812E-01 -3.72147E-02  5.60545E-01  9.57225E-01      -1.00000E+00  9.99870E-01
 -9.44960E-01 -5.71338E-01  2.59120E-02  5.99260E-01  9.60407E-01      -9.99990E-01  9.99870E-01
 -9.59150E-01 -5.79395E-01 -1.26174E-02  5.59553E-01  9.32180E-01      -1.00000E+00  9.99990E-01
 -9.38200E-01 -5.90317E-01 -1.44940E-02  5.48710E-01  9.40202E-01      -1.00000E+00  9.99900E-01
 -9.54808E-01 -5.98450E-01 -2.95298E-02  5.55910E-01  9.38048E-01      -1.00000E+00  9.99830E-01
 -9.48607E-01 -5.63172E-01 -1.67918E-03  5.88330E-01  9.49642E-01      -1.00000E+00  9.99940E-01
 -9.32918E-01 -5.43905E-01  4.32172E-02  6.00000E-01  9.49427E-01      -1.00000E+00  1.00000E+00
 -9.57935E-01 -5.91760E-01 -2.14750E-03  5.95928E-01  9.56553E-01      -1.00000E+00  9.99890E-01
 -9.47045E-01 -6.09778E-01 -4.47215E-02  5.46042E-01  9.43153E-01      -1.00000E+00  9.99690E-01
 -9.56415E-01 -5.79350E-01  1.72179E-02  6.13380E-01  9.55455E-01      -1.00000E+00  9.99820E-01
 -9.57025E-01 -6.02847E-01  4.98672E-02  6.26280E-01  9.46867E-01      -1.00000E+00  9.99980E-01
 -9.53815E-01 -6.04100E-01  2.30113E-02  5.94382E-01  9.41840E-01      -1.00000E+00  9.99910E-01
 -9.51290E-01 -5.96398E-01 -1.51320E-02  5.39112E-01  9.47140E-01      -1.00000E+00  9.99980E-01
 -9.44172E-01 -5.86770E-01  1.90412E-02  5.80987E-01  9.51040E-01      -1.00000E+00  9.98560E-01
 -9.55870E-01 -5.56830E-01  6.93837E-02  6.25805E-01  9.63683E-01      -1.00000E+00  9.99920E-01
 -9.46033E-01 -5.66693E-01  2.96425E-03  5.65172E-01  9.47335E-01      -9.99990E-01  9.99750E-01
 -9.53495E-01 -6.17312E-01 -5.16492E-02  5.57640E-01  9.48205E-01      -1.00000E+00  9.99960E-01
 -9.51688E-01 -6.14492E-01 -6.16735E-02  5.58532E-01  9.54330E-01      -1.00000E+00  9.99960E-01


    1.   2.01    4.   9.01  2.00E+03  3.00E+01  4.74E-02  1.24E-02     5   0.00

  1.37390E+02  3.14170E+02  4.81730E+02  6.79390E+02  9.73920E+02       6.06570E-02  1.60690E+03

  4.25065E-01  6.34145E-01  7.69025E-01  8.71135E-01  9.60465E-01       2.65710E-02  9.99980E-01
  4.18895E-01  6.32295E-01  7.65050E-01  8.72015E-01  9.60995E-01       6.41770E-02  1.00000E+00
  4.08680E-01  6.21455E-01  7.57590E-01  8.67950E-01  9.56675E-01       4.67660E-02  9.99980E-01
  3.67165E-01  5.68200E-01  7.10960E-01  8.31090E-01  9.44080E-01       4.14210E-02  9.99990E-01
  2.53670E-01  4.13945E-01  5.37965E-01  6.66405E-01  8.22390E-01       2.45670E-02  9.99830E-01

 -9.47300E-01 -5.45880E-01  2.44528E-02  6.23847E-01  9.58600E-01      -1.00000E+00  9.99920E-01
 -9.51833E-01 -5.97633E-01  3.83695E-03  5.99290E-01  9.51653E-01      -1.00000E+00  9.99990E-01
 -9.38253E-01 -5.68538E-01  5.45885E-02  6.09078E-01  9.50677E-01      -1.00000E+00  1.00000E+00
 -9.50898E-01 -5.98102E-01 -3.63032E-03  5.76830E-01  9.53997E-01      -1.00000E+00  9.99990E-01
 -9.50457E-01 -5.91243E-01 -7.57750E-03  5.81340E-01  9.51588E-01      -1.00000E+00  9.99960E-01
 -9.06370E-01 -3.97142E-01  2.36436E-01  7.04533E-01  9.65815E-01      -1.00000E+00  9.99960E-01
 -9.24175E-01 -4.14327E-01  2.19482E-01  7.00845E-01  9.66118E-01      -1.00000E+00  9.99990E-01
 -9.15475E-01 -4.45362E-01  1.83392E-01  7.06190E-01  9.67775E-01      -1.00000E+00  9.99980E-01
 -9.33595E-01 -4.82947E-01  1.65167E-01  6.60312E-01  9.56515E-01      -1.00000E+00  9.99990E-01
 -9.35355E-01 -5.22565E-01  8.24547E-02  6.46602E-01  9.55060E-01      -1.00000E+00  9.99940E-01
 -8.55283E-01 -1.60532E-01  4.60795E-01  8.16037E-01  9.79732E-01      -1.00000E+00  1.00000E+00
 -8.70180E-01 -2.18657E-01  3.67910E-01  7.64300E-01  9.72997E-01      -1.00000E+00  9.99980E-01
 -8.79425E-01 -2.72470E-01  3.52510E-01  7.63205E-01  9.70005E-01      -1.00000E+00  1.00000E+00
 -8.93215E-01 -3.37990E-01  2.78185E-01  7.35068E-01  9.69265E-01      -9.99990E-01  9.99990E-01
 -9.15417E-01 -4.35948E-01  1.75857E-01  6.72068E-01  9.65562E-01      -1.00000E+00  9.99960E-01
 -7.52120E-01  6.46608E-02  5.77592E-01  8.58483E-01  9.84080E-01      -1.00000E+00  1.00000E+00
 -7.19630E-01  3.72787E-02  5.41630E-01  8.43438E-01  9.83222E-01      -1.00000E+00  9.99960E-01
 -7.87075E-01 -2.65907E-02  5.32737E-01  8.27348E-01  9.84595E-01      -9.99990E-01  1.00000E+00
 -7.83985E-01 -6.51856E-02  4.99690E-01  8.29435E-01  9.82327E-01      -1.00000E+00  9.99990E-01
 -8.90960E-01 -2.43895E-01  3.53777E-01  7.65757E-01  9.72888E-01      -1.00000E+00  9.99830E-01
 -2.96525E-01  3.72489E-01  7.51930E-01  9.14608E-01  9.91193E-01      -1.00000E+00  1.00000E+00
 -1.48423E-01  4.75405E-01  7.73042E-01  9.28047E-01  9.93000E-01      -9.99380E-01  9.99990E-01
 -1.48175E-02  4.97567E-01  7.64845E-01  9.21320E-01  9.91432E-01      -9.99850E-01  1.00000E+00
 -4.42750E-03  5.34253E-01  7.86675E-01  9.27312E-01  9.92637E-01      -9.99930E-01  9.99990E-01
 -6.94175E-02  4.85298E-01  7.68933E-01  9.20905E-01  9.89343E-01      -9.99990E-01  1.00000E+00


    1.   2.01    4.   9.01  2.00E+03  4.50E+01  9.22E-02  2.77E-02     5   0.00

  1.59240E+02  3.63180E+02  5.56240E+02  7.80810E+02  1.11540E+03       1.04970E-01  1.76170E+03

  4.21625E-01  6.32530E-01  7.66235E-01  8.73865E-01  9.60955E-01       3.04740E-02  9.99990E-01
  4.07005E-01  6.18820E-01  7.57955E-01  8.65910E-01  9.57060E-01       3.30730E-02  9.99980E-01
  3.82465E-01  5.89985E-01  7.30430E-01  8.46610E-01  9.50115E-01       2.57820E-02  1.00000E+00
  3.38360E-01  5.27370E-01  6.64845E-01  7.88335E-01  9.20150E-01       3.99160E-02  9.99930E-01
  2.33280E-01  3.77440E-01  4.93000E-01  6.13640E-01  7.75470E-01       1.97830E-02  9.99910E-01

 -9.35460E-01 -5.02790E-01  1.10697E-01  6.51523E-01  9.61442E-01      -1.00000E+00  1.00000E+00
 -9.38815E-01 -5.47715E-01  7.70290E-02  6.37848E-01  9.55838E-01      -1.00000E+00  9.99990E-01
 -9.45298E-01 -5.36140E-01  7.69037E-02  6.32038E-01  9.57962E-01      -1.00000E+00  1.00000E+00
 -9.50268E-01 -5.54593E-01  2.94614E-02  6.20295E-01  9.56617E-01      -1.00000E+00  9.99980E-01
 -9.48230E-01 -5.77630E-01  1.84093E-02  5.99400E-01  9.50408E-01      -1.00000E+00  1.00000E+00
 -8.56655E-01 -2.17240E-01  3.50235E-01  7.64847E-01  9.75832E-01      -1.00000E+00  1.00000E+00
 -8.93477E-01 -2.94718E-01  3.16120E-01  7.57430E-01  9.76712E-01      -1.00000E+00  1.00000E+00
 -9.07255E-01 -3.60310E-01  2.61270E-01  7.25982E-01  9.66055E-01      -1.00000E+00  1.00000E+00
 -9.07702E-01 -3.78355E-01  2.55545E-01  7.29483E-01  9.69947E-01      -1.00000E+00  1.00000E+00
 -9.33427E-01 -4.71593E-01  1.07012E-01  6.49172E-01  9.60048E-01      -1.00000E+00  1.00000E+00
 -6.87460E-01  1.34064E-01  6.07673E-01  8.64113E-01  9.85183E-01      -1.00000E+00  1.00000E+00
 -7.20585E-01  6.04150E-02  5.62597E-01  8.48838E-01  9.85475E-01      -1.00000E+00  1.00000E+00
 -7.84878E-01 -1.55925E-03  5.30820E-01  8.41173E-01  9.82838E-01      -1.00000E+00  1.00000E+00
 -8.18825E-01 -9.39062E-02  4.52793E-01  8.09555E-01  9.78465E-01      -1.00000E+00  1.00000E+00
 -8.96345E-01 -3.33652E-01  2.74778E-01  7.33875E-01  9.69160E-01      -1.00000E+00  1.00000E+00
 -4.13977E-01  3.82160E-01  7.35442E-01  9.15175E-01  9.91180E-01      -1.00000E+00  1.00000E+00
 -3.24595E-01  4.17532E-01  7.47550E-01  9.15790E-01  9.90827E-01      -1.00000E+00  1.00000E+00
 -3.71155E-01  3.54733E-01  7.20830E-01  9.04303E-01  9.89585E-01      -9.99990E-01  1.00000E+00
 -4.63690E-01  3.13310E-01  6.95437E-01  9.01020E-01  9.90443E-01      -1.00000E+00  9.99990E-01
 -7.07622E-01  1.64283E-02  5.32585E-01  8.40440E-01  9.83275E-01      -1.00000E+00  1.00000E+00
  2.85626E-01  7.13415E-01  8.84765E-01  9.63185E-01  9.96447E-01      -9.70350E-01  1.00000E+00
  3.31525E-01  7.16342E-01  8.79417E-01  9.60490E-01  9.95493E-01      -9.85350E-01  1.00000E+00
  3.47483E-01  7.30452E-01  8.87557E-01  9.62483E-01  9.96215E-01      -9.05200E-01  1.00000E+00
  3.47035E-01  7.07357E-01  8.72528E-01  9.56720E-01  9.95470E-01      -9.81940E-01  1.00000E+00
  2.73898E-01  6.80055E-01  8.59075E-01  9.53747E-01  9.95688E-01      -9.99910E-01  1.00000E+00


    1.   2.01    4.   9.01  2.00E+03  6.00E+01  1.93E-01  7.14E-02     5   0.00

  2.04520E+02  4.63420E+02  7.04730E+02  9.68690E+02  1.32920E+03       1.56170E-01  1.87830E+03

  4.13660E-01  6.22500E-01  7.59395E-01  8.67755E-01  9.59305E-01       1.35260E-02  9.99990E-01
  3.76730E-01  5.84605E-01  7.25500E-01  8.43045E-01  9.50040E-01       3.38420E-02  1.00000E+00
  3.25720E-01  5.18530E-01  6.59700E-01  7.87580E-01  9.22525E-01       1.46780E-02  9.99940E-01
  2.74120E-01  4.36925E-01  5.65355E-01  6.96245E-01  8.61215E-01       2.53210E-02  9.99950E-01
  1.85445E-01  3.02415E-01  4.01110E-01  5.08955E-01  6.72820E-01       1.15970E-02  1.00000E+00

 -9.24435E-01 -4.54087E-01  1.60045E-01  6.77248E-01  9.63643E-01      -1.00000E+00  1.00000E+00
 -9.32060E-01 -4.69307E-01  1.28128E-01  6.70783E-01  9.60695E-01      -1.00000E+00  1.00000E+00
 -9.30262E-01 -4.88847E-01  1.25123E-01  6.57975E-01  9.59440E-01      -1.00000E+00  1.00000E+00
 -9.42247E-01 -5.26930E-01  9.59887E-02  6.51270E-01  9.61430E-01      -1.00000E+00  1.00000E+00
 -9.47893E-01 -5.67697E-01  2.98373E-02  6.01890E-01  9.50300E-01      -1.00000E+00  1.00000E+00
 -7.13475E-01  5.04720E-02  5.56153E-01  8.50885E-01  9.82680E-01      -1.00000E+00  1.00000E+00
 -7.64325E-01  2.41750E-03  5.32887E-01  8.43680E-01  9.83283E-01      -1.00000E+00  1.00000E+00
 -8.05570E-01 -6.86865E-02  4.76818E-01  8.19922E-01  9.81563E-01      -1.00000E+00  1.00000E+00
 -8.53043E-01 -1.93181E-01  4.01753E-01  7.84958E-01  9.75472E-01      -1.00000E+00  1.00000E+00
 -9.07803E-01 -3.61603E-01  2.74835E-01  7.32773E-01  9.69335E-01      -1.00000E+00  1.00000E+00
 -2.53770E-01  4.58985E-01  7.69050E-01  9.23785E-01  9.91937E-01      -1.00000E+00  1.00000E+00
 -2.94945E-01  4.21710E-01  7.46625E-01  9.18077E-01  9.90912E-01      -1.00000E+00  1.00000E+00
 -3.81327E-01  3.87625E-01  7.32667E-01  9.10083E-01  9.90382E-01      -1.00000E+00  1.00000E+00
 -5.28077E-01  2.74970E-01  6.85778E-01  8.93232E-01  9.89198E-01      -1.00000E+00  1.00000E+00
 -7.70917E-01 -1.76788E-02  5.18217E-01  8.33265E-01  9.81980E-01      -1.00000E+00  1.00000E+00
  2.31827E-01  6.88440E-01  8.69228E-01  9.57677E-01  9.95877E-01      -9.99820E-01  1.00000E+00
  1.99311E-01  6.76408E-01  8.61528E-01  9.53943E-01  9.95135E-01      -9.99610E-01  1.00000E+00
  1.92611E-01  6.61998E-01  8.55730E-01  9.53135E-01  9.94605E-01      -9.99640E-01  1.00000E+00
  1.02912E-01  6.15460E-01  8.33157E-01  9.45425E-01  9.94337E-01      -9.99930E-01  1.00000E+00
 -1.93317E-01  4.30453E-01  7.44428E-01  9.16185E-01  9.91450E-01      -1.00000E+00  1.00000E+00
  6.15015E-01  8.52518E-01  9.38128E-01  9.80090E-01  9.97915E-01      -8.69600E-01  1.00000E+00
  6.21862E-01  8.50278E-01  9.39105E-01  9.80520E-01  9.97875E-01      -5.70730E-01  1.00000E+00
  6.19718E-01  8.44490E-01  9.35898E-01  9.79607E-01  9.97923E-01      -6.52380E-01  1.00000E+00
  6.16707E-01  8.36125E-01  9.30602E-01  9.78055E-01  9.97570E-01      -5.24870E-01  1.00000E+00
  6.03680E-01  8.27967E-01  9.24340E-01  9.75548E-01  9.97413E-01      -9.99560E-01  1.00000E+00


    1.   2.01    4.   9.01  2.00E+03  7.00E+01  3.12E-01  1.41E-01     5   0.00

  2.66610E+02  6.02980E+02  9.00970E+02  1.19650E+03  1.53690E+03       1.07880E-01  1.93950E+03

  4.01330E-01  6.08665E-01  7.47330E-01  8.59230E-01  9.55955E-01       2.20520E-02  1.00000E+00
  3.29355E-01  5.22700E-01  6.64530E-01  7.92925E-01  9.26675E-01       2.34850E-02  9.99990E-01
  2.62185E-01  4.24030E-01  5.53155E-01  6.89175E-01  8.63510E-01       1.48410E-02  1.00000E+00
  2.07735E-01  3.34035E-01  4.41250E-01  5.62410E-01  7.49050E-01       1.39380E-02  1.00000E+00
  1.39395E-01  2.25530E-01  3.02670E-01  3.93735E-01  5.42095E-01       1.56280E-03  9.75280E-01

 -8.89080E-01 -3.34650E-01  2.80965E-01  7.30545E-01  9.69742E-01      -1.00000E+00  1.00000E+00
 -9.05970E-01 -3.75632E-01  2.34702E-01  7.04573E-01  9.67575E-01      -1.00000E+00  1.00000E+00
 -9.15230E-01 -3.92512E-01  2.17866E-01  7.05713E-01  9.65597E-01      -1.00000E+00  1.00000E+00
 -9.27077E-01 -4.49368E-01  1.71460E-01  6.75512E-01  9.60098E-01      -1.00000E+00  1.00000E+00
 -9.37793E-01 -5.19150E-01  9.13709E-02  6.42807E-01  9.60867E-01      -1.00000E+00  1.00000E+00
 -4.48128E-01  3.38365E-01  7.05088E-01  9.02930E-01  9.89650E-01      -1.00000E+00  1.00000E+00
 -4.91297E-01  2.93923E-01  6.90995E-01  8.96230E-01  9.88555E-01      -1.00000E+00  1.00000E+00
 -5.43328E-01  2.32281E-01  6.48790E-01  8.85673E-01  9.87930E-01      -1.00000E+00  1.00000E+00
 -6.55488E-01  1.29076E-01  6.05590E-01  8.65835E-01  9.85947E-01      -1.00000E+00  1.00000E+00
 -8.30810E-01 -1.61119E-01  4.27318E-01  8.05670E-01  9.78665E-01      -1.00000E+00  1.00000E+00
  1.65722E-01  6.70705E-01  8.62960E-01  9.53823E-01  9.94910E-01      -1.00000E+00  1.00000E+00
  1.66906E-01  6.61022E-01  8.58533E-01  9.53163E-01  9.95035E-01      -9.99990E-01  1.00000E+00
  9.96225E-02  6.30393E-01  8.42360E-01  9.48950E-01  9.94468E-01      -1.00000E+00  1.00000E+00
 -3.58000E-02  5.68550E-01  8.17515E-01  9.40487E-01  9.93752E-01      -9.99990E-01  1.00000E+00
 -4.27564E-01  3.11531E-01  6.95245E-01  8.98860E-01  9.88733E-01      -1.00000E+00  1.00000E+00
  5.53700E-01  8.33310E-01  9.31717E-01  9.77942E-01  9.97598E-01      -7.53510E-01  1.00000E+00
  5.41448E-01  8.25788E-01  9.27140E-01  9.76743E-01  9.97510E-01      -7.04940E-01  1.00000E+00
  5.20887E-01  8.12415E-01  9.21083E-01  9.74762E-01  9.97405E-01      -8.26020E-01  1.00000E+00
  4.77360E-01  7.92690E-01  9.13970E-01  9.72430E-01  9.97198E-01      -8.93780E-01  1.00000E+00
  3.61393E-01  7.15347E-01  8.76205E-01  9.58062E-01  9.95517E-01      -9.99810E-01  1.00000E+00
  7.93783E-01  9.24225E-01  9.69278E-01  9.90190E-01  9.98983E-01      -4.18200E-01  1.00000E+00
  7.92737E-01  9.23382E-01  9.68460E-01  9.89945E-01  9.98838E-01      -2.73100E-01  1.00000E+00
  7.88250E-01  9.18438E-01  9.66187E-01  9.88885E-01  9.98820E-01      -2.60760E-01  1.00000E+00
  7.70937E-01  9.10170E-01  9.61895E-01  9.87723E-01  9.98732E-01      -3.21700E-01  1.00000E+00
  7.68702E-01  9.01235E-01  9.57493E-01  9.86437E-01  9.98580E-01      -2.90420E-01  1.00000E+00


    1.   2.01    4.   9.01  2.00E+03  8.00E+01  5.02E-01  3.00E-01     5   0.00

  4.12390E+02  9.19620E+02  1.29320E+03  1.57030E+03  1.80030E+03       2.81840E-02  1.97710E+03

  3.58115E-01  5.58175E-01  6.98800E-01  8.22860E-01  9.40390E-01       2.27060E-02  1.00000E+00
  2.34580E-01  3.82785E-01  5.09170E-01  6.45820E-01  8.37240E-01       1.55080E-02  1.00000E+00
  1.62830E-01  2.65460E-01  3.58620E-01  4.73530E-01  6.74965E-01       6.54270E-03  9.99760E-01
  1.19490E-01  1.91095E-01  2.59140E-01  3.47305E-01  5.14125E-01       1.26010E-02  9.83960E-01
  7.90240E-02  1.24720E-01  1.69735E-01  2.28660E-01  3.38450E-01       1.68700E-03  7.69640E-01

 -7.41715E-01 -4.56625E-02  4.73940E-01  8.15233E-01  9.79318E-01      -1.00000E+00  1.00000E+00
 -7.68460E-01 -9.83800E-02  4.44057E-01  7.99435E-01  9.77200E-01      -1.00000E+00  1.00000E+00
 -7.90538E-01 -1.32945E-01  4.11845E-01  7.85310E-01  9.76125E-01      -1.00000E+00  1.00000E+00
 -8.33058E-01 -1.94317E-01  3.59548E-01  7.67273E-01  9.74095E-01      -1.00000E+00  1.00000E+00
 -9.05210E-01 -3.55490E-01  2.39874E-01  7.09322E-01  9.68525E-01      -1.00000E+00  1.00000E+00
  1.53472E-01  6.79512E-01  8.66400E-01  9.57185E-01  9.95415E-01      -1.00000E+00  1.00000E+00
  1.57333E-01  6.70330E-01  8.61437E-01  9.55583E-01  9.95105E-01      -9.99960E-01  1.00000E+00
  1.05957E-01  6.40110E-01  8.49250E-01  9.50662E-01  9.94705E-01      -1.00000E+00  1.00000E+00
 -1.60725E-02  5.83222E-01  8.24912E-01  9.43885E-01  9.94067E-01      -1.00000E+00  1.00000E+00
 -4.33168E-01  3.08930E-01  6.98910E-01  9.01058E-01  9.89790E-01      -1.00000E+00  1.00000E+00
  6.62935E-01  8.78227E-01  9.51043E-01  9.84287E-01  9.98295E-01      -6.82810E-01  1.00000E+00
  6.52035E-01  8.70510E-01  9.47422E-01  9.83178E-01  9.98185E-01      -6.58350E-01  1.00000E+00
  6.26903E-01  8.58168E-01  9.41708E-01  9.81625E-01  9.98020E-01      -7.00210E-01  1.00000E+00
  5.74190E-01  8.36900E-01  9.31763E-01  9.77818E-01  9.97635E-01      -7.73120E-01  1.00000E+00
  4.41260E-01  7.58860E-01  8.95908E-01  9.66042E-01  9.96428E-01      -9.99890E-01  1.00000E+00
  8.43637E-01  9.46940E-01  9.78625E-01  9.93265E-01  9.99308E-01      -5.93450E-02  1.00000E+00
  8.39665E-01  9.43437E-01  9.77248E-01  9.92897E-01  9.99253E-01       6.53130E-02  1.00000E+00
  8.21568E-01  9.37215E-01  9.74835E-01  9.92065E-01  9.99155E-01      -1.60140E-01  1.00000E+00
  7.99133E-01  9.26092E-01  9.69917E-01  9.90510E-01  9.98938E-01      -1.73260E-01  1.00000E+00
  7.69627E-01  9.02728E-01  9.58037E-01  9.85860E-01  9.98482E-01       2.57160E-02  1.00000E+00
  9.39410E-01  9.79990E-01  9.92113E-01  9.97535E-01  9.99742E-01       4.91060E-01  1.00000E+00
  9.35695E-01  9.78225E-01  9.91305E-01  9.97258E-01  9.99713E-01       5.59730E-01  1.00000E+00
  9.27535E-01  9.74935E-01  9.90037E-01  9.96782E-01  9.99670E-01       5.23330E-01  1.00000E+00
  9.17998E-01  9.69555E-01  9.87507E-01  9.96055E-01  9.99590E-01       3.84570E-01  1.00000E+00
  9.16205E-01  9.65395E-01  9.85310E-01  9.95190E-01  9.99450E-01       5.14750E-01  1.00000E+00


    1.   2.01    4.   9.01  2.00E+03  8.50E+01  6.71E-01  4.99E-01     5   0.00

  6.65910E+02  1.36170E+03  1.68860E+03  1.84780E+03  1.93810E+03       1.36470E-01  1.98960E+03

  2.90400E-01  4.66195E-01  6.04255E-01  7.38340E-01  8.94015E-01       3.90760E-03  9.99990E-01
  1.39705E-01  2.29235E-01  3.15260E-01  4.26290E-01  6.35420E-01       8.68610E-03  9.99990E-01
  8.72385E-02  1.36650E-01  1.87785E-01  2.60500E-01  4.18900E-01       4.19440E-03  9.46990E-01
  6.30565E-02  9.34690E-02  1.25925E-01  1.74485E-01  2.84740E-01       2.59340E-03  6.74500E-01
  3.87970E-02  5.82495E-02  7.85490E-02  1.07882E-01  1.70870E-01       6.06990E-04  4.68540E-01

 -3.75079E-01  3.22742E-01  7.02940E-01  9.02595E-01  9.89690E-01      -1.00000E+00  1.00000E+00
 -3.84760E-01  2.79433E-01  6.73808E-01  8.91210E-01  9.87942E-01      -1.00000E+00  1.00000E+00
 -4.23203E-01  2.29337E-01  6.38118E-01  8.75980E-01  9.87055E-01      -1.00000E+00  1.00000E+00
 -5.14540E-01  1.41297E-01  5.85618E-01  8.56300E-01  9.84650E-01      -1.00000E+00  1.00000E+00
 -7.65250E-01 -1.10778E-01  4.20512E-01  7.87590E-01  9.75953E-01      -1.00000E+00  1.00000E+00
  6.97093E-01  8.97970E-01  9.59332E-01  9.86783E-01  9.98607E-01      -7.31440E-01  1.00000E+00
  6.93825E-01  8.90618E-01  9.56608E-01  9.86280E-01  9.98542E-01      -6.20270E-01  1.00000E+00
  6.59780E-01  8.76807E-01  9.49845E-01  9.84032E-01  9.98317E-01      -7.39310E-01  1.00000E+00
  5.99525E-01  8.50913E-01  9.39553E-01  9.80855E-01  9.97925E-01      -6.97740E-01  1.00000E+00
  4.39765E-01  7.59025E-01  8.96383E-01  9.65812E-01  9.96240E-01      -9.99990E-01  1.00000E+00
  9.10648E-01  9.71480E-01  9.88835E-01  9.96505E-01  9.99635E-01       2.66050E-01  1.00000E+00
  9.06408E-01  9.68900E-01  9.87655E-01  9.96095E-01  9.99598E-01       2.37830E-01  1.00000E+00
  8.90003E-01  9.63295E-01  9.85315E-01  9.95395E-01  9.99513E-01       2.74560E-01  1.00000E+00
  8.63190E-01  9.52005E-01  9.80602E-01  9.93875E-01  9.99328E-01       2.60760E-01  1.00000E+00
  8.29527E-01  9.29253E-01  9.70108E-01  9.90120E-01  9.98938E-01       1.64790E-01  1.00000E+00
  9.65633E-01  9.89943E-01  9.96188E-01  9.98822E-01  9.99872E-01       5.94760E-01  1.00000E+00
  9.63820E-01  9.88812E-01  9.95753E-01  9.98655E-01  9.99853E-01       6.92390E-01  1.00000E+00
  9.57442E-01  9.86275E-01  9.94655E-01  9.98310E-01  9.99825E-01       6.07860E-01  1.00000E+00
  9.43523E-01  9.81270E-01  9.92575E-01  9.97690E-01  9.99758E-01       6.69300E-01  1.00000E+00
  9.33222E-01  9.72848E-01  9.88538E-01  9.96225E-01  9.99610E-01       6.68740E-01  1.00000E+00
  9.90043E-01  9.97088E-01  9.98910E-01  9.99667E-01  9.99965E-01       8.61320E-01  1.00000E+00
  9.88055E-01  9.96240E-01  9.98570E-01  9.99560E-01  9.99955E-01       8.61950E-01  1.00000E+00
  9.85017E-01  9.95225E-01  9.98150E-01  9.99417E-01  9.99940E-01       8.64580E-01  1.00000E+00
  9.80910E-01  9.93347E-01  9.97350E-01  9.99160E-01  9.99912E-01       8.68530E-01  1.00000E+00
  9.78370E-01  9.91240E-01  9.96325E-01  9.98768E-01  9.99868E-01       8.80620E-01  1.00000E+00


    1.   2.01    4.   9.01  5.00E+03  0.00E+00  8.12E-03  1.71E-03     5   0.00

  2.44180E+02  5.81370E+02  9.32030E+02  1.38120E+03  2.04950E+03       9.30710E-01  3.14740E+03

  4.25120E-01  6.32975E-01  7.75615E-01  8.74515E-01  9.60130E-01       5.09460E-02  9.99980E-01
  4.24000E-01  6.39960E-01  7.75310E-01  8.76790E-01  9.62880E-01       5.59690E-02  9.99780E-01
  3.85555E-01  5.96920E-01  7.40035E-01  8.59205E-01  9.51230E-01       2.81410E-02  9.99710E-01
  3.43115E-01  5.39700E-01  6.88220E-01  8.09030E-01  9.32290E-01       7.33570E-02  9.99940E-01
  2.37885E-01  3.98605E-01  5.27535E-01  6.61110E-01  8.20135E-01       3.17030E-02  9.98540E-01

 -9.36530E-01 -5.48890E-01 -2.15561E-02  5.82655E-01  9.57025E-01      -1.00000E+00  9.98560E-01
 -9.25283E-01 -5.01850E-01  5.88012E-02  6.44933E-01  9.40105E-01      -9.99990E-01  9.99690E-01
 -9.64315E-01 -6.12985E-01 -5.07825E-03  5.25517E-01  9.52685E-01      -1.00000E+00  9.99360E-01
 -9.36105E-01 -5.76703E-01 -7.49520E-02  5.28730E-01  9.67172E-01      -9.99990E-01  9.98640E-01
 -9.51540E-01 -6.68450E-01  1.16961E-02  5.64885E-01  9.31740E-01      -9.99990E-01  9.99410E-01
 -9.57842E-01 -5.82858E-01  3.88070E-02  5.64218E-01  9.50207E-01      -9.99990E-01  9.99100E-01
 -9.49940E-01 -5.68040E-01 -5.32228E-02  5.65245E-01  9.31735E-01      -9.99990E-01  9.99590E-01
 -9.40067E-01 -4.87268E-01  1.56134E-01  6.45560E-01  9.52305E-01      -1.00000E+00  9.97620E-01
 -9.50713E-01 -5.92080E-01  1.64015E-02  6.07822E-01  9.52500E-01      -1.00000E+00  9.95380E-01
 -9.44620E-01 -5.44330E-01  3.92998E-02  6.49012E-01  9.44180E-01      -9.99990E-01  9.99190E-01
 -9.32145E-01 -5.35830E-01  7.19340E-02  5.69355E-01  9.35240E-01      -9.99590E-01  9.98920E-01
 -9.44320E-01 -6.38942E-01 -2.87577E-02  5.20312E-01  9.29367E-01      -1.00000E+00  9.97960E-01
 -9.48005E-01 -4.91453E-01  4.17197E-02  6.29285E-01  9.50978E-01      -9.99850E-01  9.99650E-01
 -9.35650E-01 -5.00258E-01  5.88446E-02  6.40963E-01  9.51385E-01      -1.00000E+00  9.99170E-01
 -9.57168E-01 -6.02642E-01  2.35113E-02  5.20775E-01  9.42422E-01      -9.99870E-01  9.99590E-01
 -9.41140E-01 -5.42420E-01  1.23355E-02  6.00230E-01  9.50380E-01      -9.99990E-01  9.99930E-01
 -9.61475E-01 -6.09855E-01  6.02267E-02  5.78585E-01  9.58750E-01      -1.00000E+00  9.99880E-01
 -9.49972E-01 -6.26408E-01 -7.58340E-02  6.03503E-01  9.44052E-01      -9.99920E-01  9.98940E-01
 -9.51915E-01 -5.89023E-01  7.12258E-02  6.02000E-01  9.40230E-01      -1.00000E+00  9.98290E-01
 -9.37747E-01 -5.03417E-01  1.17004E-01  6.85272E-01  9.51442E-01      -9.99970E-01  9.99580E-01
 -9.31760E-01 -5.51867E-01  5.99870E-02  6.20595E-01  9.47908E-01      -1.00000E+00  9.96940E-01
 -9.33110E-01 -5.97683E-01  1.32203E-02  6.00413E-01  9.42300E-01      -9.99980E-01  9.98010E-01
 -9.51448E-01 -5.89032E-01 -6.28983E-02  4.90447E-01  9.20828E-01      -9.99990E-01  9.99050E-01
 -9.42053E-01 -6.05448E-01 -1.50053E-02  5.80167E-01  9.51800E-01      -1.00000E+00  9.99010E-01
 -9.73085E-01 -6.29398E-01  6.20500E-04  5.17735E-01  9.53982E-01      -1.00000E+00  9.99960E-01


    1.   2.01    4.   9.01  5.00E+03  3.00E+01  1.68E-02  3.64E-03     5   0.00

  2.41600E+02  5.66150E+02  9.21940E+02  1.39410E+03  2.18280E+03       3.24900E-01  4.02830E+03

  4.23505E-01  6.39085E-01  7.70430E-01  8.73775E-01  9.63445E-01       4.15340E-02  9.99870E-01
  4.14215E-01  6.33035E-01  7.73055E-01  8.75050E-01  9.59835E-01       2.30010E-02  9.99920E-01
  3.91150E-01  6.03170E-01  7.44675E-01  8.55590E-01  9.54150E-01       3.67380E-02  9.99970E-01
  3.50535E-01  5.46770E-01  6.87855E-01  8.10670E-01  9.29950E-01       4.51980E-02  9.99980E-01
  2.28200E-01  3.85195E-01  5.11680E-01  6.44255E-01  8.20675E-01       3.71070E-02  9.99730E-01

 -9.35705E-01 -4.92962E-01  8.93015E-02  6.49165E-01  9.59615E-01      -1.00000E+00  9.99930E-01
 -9.45480E-01 -5.70758E-01  1.79420E-02  6.04642E-01  9.41645E-01      -1.00000E+00  9.99980E-01
 -9.39770E-01 -5.32652E-01  7.21525E-02  6.52300E-01  9.59825E-01      -1.00000E+00  9.99610E-01
 -9.32977E-01 -4.98232E-01  6.12533E-02  6.09592E-01  9.59022E-01      -1.00000E+00  9.99760E-01
 -9.40715E-01 -5.47595E-01  8.30382E-02  6.44130E-01  9.57957E-01      -1.00000E+00  9.99600E-01
 -8.88855E-01 -2.74930E-01  4.30720E-01  7.98942E-01  9.77010E-01      -9.99920E-01  9.99960E-01
 -8.95740E-01 -2.43355E-01  3.64333E-01  7.46613E-01  9.68638E-01      -1.00000E+00  9.99850E-01
 -9.06737E-01 -3.55540E-01  3.03987E-01  7.50578E-01  9.71420E-01      -1.00000E+00  9.99830E-01
 -9.27533E-01 -4.21503E-01  1.72966E-01  6.74410E-01  9.60353E-01      -1.00000E+00  9.99820E-01
 -9.39133E-01 -5.34110E-01  5.71310E-02  6.33742E-01  9.54627E-01      -9.99970E-01  9.99630E-01
 -7.55147E-01  2.62605E-02  5.22290E-01  8.41073E-01  9.82120E-01      -9.99950E-01  9.99940E-01
 -8.14128E-01 -6.45290E-02  5.18687E-01  8.37555E-01  9.86322E-01      -1.00000E+00  9.99880E-01
 -8.11923E-01 -1.47711E-01  4.62803E-01  7.85705E-01  9.78008E-01      -9.99980E-01  9.99900E-01
 -8.53558E-01 -1.94240E-01  3.71850E-01  7.78717E-01  9.77057E-01      -1.00000E+00  9.99890E-01
 -9.07985E-01 -3.46540E-01  2.96092E-01  7.06187E-01  9.69993E-01      -9.99990E-01  9.99650E-01
 -7.08852E-01  1.43661E-01  6.12425E-01  8.72128E-01  9.84445E-01      -9.99720E-01  9.99970E-01
 -7.31937E-01  1.57535E-01  6.27012E-01  8.66595E-01  9.84522E-01      -9.99990E-01  9.99990E-01
 -7.26970E-01  1.03097E-01  6.09618E-01  8.76023E-01  9.87418E-01      -9.99960E-01  9.99940E-01
 -7.51210E-01  4.67306E-02  5.80050E-01  8.61795E-01  9.83690E-01      -9.99980E-01  9.99800E-01
 -8.65515E-01 -1.64527E-01  4.35622E-01  8.02315E-01  9.75667E-01      -9.99990E-01  1.00000E+00
 -3.58996E-01  3.85927E-01  7.48095E-01  9.10642E-01  9.89113E-01      -1.00000E+00  9.99930E-01
 -3.11199E-01  4.90665E-01  7.91110E-01  9.32883E-01  9.92560E-01      -9.99960E-01  1.00000E+00
 -2.28700E-01  4.48717E-01  7.65560E-01  9.28307E-01  9.90015E-01      -9.99580E-01  1.00000E+00
 -2.56858E-01  4.21955E-01  7.48335E-01  9.09655E-01  9.91490E-01      -9.99740E-01  9.99980E-01
 -2.20773E-01  3.31635E-01  6.86150E-01  8.93650E-01  9.87970E-01      -9.99910E-01  9.99970E-01


    1.   2.01    4.   9.01  5.00E+03  4.50E+01  3.97E-02  9.19E-03     5   0.00

  2.61600E+02  6.00990E+02  9.70920E+02  1.46450E+03  2.35500E+03       2.46160E-01  4.41300E+03

  4.17630E-01  6.31365E-01  7.60640E-01  8.68565E-01  9.59935E-01       2.90910E-02  9.99870E-01
  4.16520E-01  6.29680E-01  7.66655E-01  8.71840E-01  9.59160E-01       3.71980E-02  1.00000E+00
  3.83455E-01  5.88465E-01  7.29620E-01  8.43225E-01  9.49020E-01       3.75680E-02  1.00000E+00
  3.39475E-01  5.25905E-01  6.64210E-01  7.86915E-01  9.17895E-01       5.69480E-03  9.99890E-01
  2.22805E-01  3.65235E-01  4.86525E-01  6.21000E-01  7.98020E-01       2.95510E-02  9.99580E-01

 -9.24525E-01 -4.63705E-01  1.44833E-01  6.73172E-01  9.60817E-01      -1.00000E+00  9.99980E-01
 -9.31650E-01 -4.88395E-01  1.27860E-01  6.64678E-01  9.59585E-01      -1.00000E+00  9.99680E-01
 -9.44137E-01 -5.26775E-01  1.21240E-01  6.69000E-01  9.62938E-01      -1.00000E+00  9.99980E-01
 -9.35095E-01 -4.93488E-01  8.15503E-02  6.20020E-01  9.55280E-01      -1.00000E+00  9.99790E-01
 -9.42025E-01 -5.60567E-01  4.55560E-02  6.27725E-01  9.54850E-01      -1.00000E+00  9.99970E-01
 -7.84883E-01 -5.93296E-02  4.73160E-01  8.20715E-01  9.83108E-01      -9.99990E-01  1.00000E+00
 -8.26887E-01 -8.07363E-02  4.79982E-01  8.23527E-01  9.83465E-01      -1.00000E+00  9.99970E-01
 -8.65680E-01 -2.34338E-01  3.65210E-01  7.68070E-01  9.73655E-01      -1.00000E+00  9.99990E-01
 -9.03672E-01 -3.07515E-01  3.19150E-01  7.50810E-01  9.71475E-01      -1.00000E+00  9.99960E-01
 -9.02508E-01 -4.36865E-01  1.91388E-01  6.77972E-01  9.65425E-01      -1.00000E+00  9.99980E-01
 -5.20837E-01  2.80239E-01  7.05030E-01  9.03747E-01  9.88830E-01      -1.00000E+00  1.00000E+00
 -5.84642E-01  2.39512E-01  6.49852E-01  8.79030E-01  9.86472E-01      -9.99990E-01  1.00000E+00
 -6.88313E-01  1.48961E-01  6.18520E-01  8.74777E-01  9.86167E-01      -9.99960E-01  1.00000E+00
 -7.48857E-01  3.65839E-02  5.43752E-01  8.41913E-01  9.81890E-01      -1.00000E+00  9.99990E-01
 -8.76653E-01 -2.57254E-01  3.61230E-01  7.77165E-01  9.73595E-01      -1.00000E+00  1.00000E+00
 -2.38448E-01  5.08803E-01  7.88837E-01  9.28743E-01  9.92618E-01      -1.00000E+00  1.00000E+00
 -3.04220E-01  4.78500E-01  7.72040E-01  9.24127E-01  9.92575E-01      -1.00000E+00  9.99990E-01
 -3.18507E-01  4.72435E-01  7.79760E-01  9.30217E-01  9.92290E-01      -9.99950E-01  1.00000E+00
 -4.71295E-01  3.19967E-01  7.11075E-01  9.01130E-01  9.88215E-01      -1.00000E+00  9.99990E-01
 -7.35540E-01  3.63550E-02  5.30565E-01  8.39392E-01  9.82780E-01      -1.00000E+00  9.99990E-01
  2.07347E-01  6.92580E-01  8.75120E-01  9.60533E-01  9.96090E-01      -9.99230E-01  1.00000E+00
  2.42038E-01  7.25268E-01  8.81715E-01  9.60410E-01  9.95348E-01      -1.00000E+00  1.00000E+00
  1.76579E-01  6.96613E-01  8.73747E-01  9.59965E-01  9.95480E-01      -1.00000E+00  1.00000E+00
  1.75586E-01  6.75675E-01  8.71865E-01  9.56962E-01  9.94973E-01      -9.99910E-01  1.00000E+00
 -7.48050E-02  4.78368E-01  7.70400E-01  9.31100E-01  9.92627E-01      -9.99780E-01  1.00000E+00


    1.   2.01    4.   9.01  5.00E+03  6.00E+01  1.14E-01  3.12E-02     5   0.00

  3.14140E+02  7.33820E+02  1.17410E+03  1.74840E+03  2.73110E+03       1.48300E-01  4.67360E+03

  4.09610E-01  6.20575E-01  7.57640E-01  8.66135E-01  9.58320E-01       1.70740E-02  9.99980E-01
  3.79340E-01  5.91030E-01  7.30720E-01  8.47570E-01  9.50620E-01       3.70630E-02  9.99990E-01
  3.37410E-01  5.30295E-01  6.69455E-01  7.94880E-01  9.24765E-01       3.38250E-02  1.00000E+00
  2.77730E-01  4.45540E-01  5.73000E-01  7.02315E-01  8.64535E-01       2.79360E-02  9.99990E-01
  1.84485E-01  3.06365E-01  4.11395E-01  5.30635E-01  7.18415E-01       1.27120E-02  9.99530E-01

 -9.10512E-01 -3.88450E-01  2.16569E-01  7.11318E-01  9.65902E-01      -1.00000E+00  9.99980E-01
 -9.14880E-01 -4.01787E-01  2.12752E-01  7.10855E-01  9.68920E-01      -1.00000E+00  9.99990E-01
 -9.25772E-01 -4.40080E-01  1.91080E-01  6.88782E-01  9.64657E-01      -1.00000E+00  1.00000E+00
 -9.28465E-01 -4.78897E-01  1.18307E-01  6.59245E-01  9.62115E-01      -1.00000E+00  1.00000E+00
 -9.50282E-01 -5.60092E-01  5.15495E-02  6.23160E-01  9.56313E-01      -1.00000E+00  9.99980E-01
 -5.62325E-01  2.19378E-01  6.49208E-01  8.80662E-01  9.87110E-01      -1.00000E+00  1.00000E+00
 -6.32390E-01  1.57482E-01  6.13095E-01  8.74368E-01  9.86440E-01      -1.00000E+00  1.00000E+00
 -7.10890E-01  1.01298E-01  5.77077E-01  8.56955E-01  9.84878E-01      -1.00000E+00  1.00000E+00
 -7.94408E-01 -6.32825E-02  4.79425E-01  8.20508E-01  9.81000E-01      -1.00000E+00  1.00000E+00
 -8.89468E-01 -3.09410E-01  2.96567E-01  7.39783E-01  9.73770E-01      -1.00000E+00  1.00000E+00
 -2.79218E-02  5.65443E-01  8.16260E-01  9.38735E-01  9.92943E-01      -1.00000E+00  1.00000E+00
 -1.15932E-01  5.20360E-01  7.95373E-01  9.30133E-01  9.92367E-01      -9.99970E-01  1.00000E+00
 -2.31634E-01  4.80545E-01  7.74260E-01  9.23367E-01  9.91732E-01      -9.99980E-01  1.00000E+00
 -4.39738E-01  3.65835E-01  7.28712E-01  9.08068E-01  9.89525E-01      -9.99990E-01  1.00000E+00
 -7.29383E-01  4.41553E-02  5.58033E-01  8.52182E-01  9.83962E-01      -1.00000E+00  1.00000E+00
  2.42998E-01  7.37250E-01  8.95552E-01  9.65385E-01  9.96467E-01      -1.00000E+00  1.00000E+00
  2.60607E-01  7.25815E-01  8.91330E-01  9.64837E-01  9.96082E-01      -1.00000E+00  1.00000E+00
  1.85014E-01  7.00525E-01  8.72760E-01  9.56610E-01  9.95673E-01      -9.99890E-01  1.00000E+00
  8.57835E-02  6.50597E-01  8.53072E-01  9.49545E-01  9.94673E-01      -9.99990E-01  1.00000E+00
 -4.18850E-01  3.87443E-01  7.35778E-01  9.14412E-01  9.90815E-01      -1.00000E+00  1.00000E+00
  6.15975E-01  8.66132E-01  9.45360E-01  9.82882E-01  9.98252E-01      -8.24330E-01  1.00000E+00
  5.97075E-01  8.54835E-01  9.40113E-01  9.81280E-01  9.98202E-01      -7.32450E-01  1.00000E+00
  5.88595E-01  8.48365E-01  9.37643E-01  9.79435E-01  9.97850E-01      -8.47700E-01  1.00000E+00
  5.24657E-01  8.21500E-01  9.28165E-01  9.77490E-01  9.97618E-01      -9.97250E-01  1.00000E+00
  3.28333E-01  7.22908E-01  8.84720E-01  9.64033E-01  9.95933E-01      -9.99990E-01  1.00000E+00


    1.   2.01    4.   9.01  5.00E+03  7.00E+01  2.26E-01  7.68E-02     5   0.00

  4.08960E+02  9.58950E+02  1.53940E+03  2.23080E+03  3.25570E+03       2.47680E-01  4.83570E+03

  3.96790E-01  6.10025E-01  7.49260E-01  8.60630E-01  9.56070E-01       3.66510E-02  1.00000E+00
  3.30215E-01  5.25770E-01  6.68300E-01  7.95465E-01  9.26615E-01       1.99870E-02  9.99990E-01
  2.66470E-01  4.28800E-01  5.57780E-01  6.90480E-01  8.60490E-01       2.26240E-02  9.99930E-01
  2.08745E-01  3.38510E-01  4.47440E-01  5.69670E-01  7.63120E-01       1.94930E-02  9.99940E-01
  1.39435E-01  2.31300E-01  3.14260E-01  4.13585E-01  5.88875E-01       1.60950E-03  9.99960E-01

 -8.43310E-01 -2.20270E-01  3.65240E-01  7.64965E-01  9.74475E-01      -1.00000E+00  1.00000E+00
 -8.65947E-01 -2.52480E-01  3.32275E-01  7.50090E-01  9.71560E-01      -1.00000E+00  1.00000E+00
 -8.93875E-01 -3.18738E-01  2.68841E-01  7.20287E-01  9.66950E-01      -1.00000E+00  1.00000E+00
 -9.08205E-01 -4.06255E-01  2.09930E-01  7.01040E-01  9.65723E-01      -1.00000E+00  1.00000E+00
 -9.34532E-01 -4.92625E-01  1.09807E-01  6.59030E-01  9.59153E-01      -1.00000E+00  1.00000E+00
 -2.03957E-01  4.83430E-01  7.79992E-01  9.27287E-01  9.92315E-01      -1.00000E+00  1.00000E+00
 -2.79449E-01  4.44817E-01  7.55320E-01  9.20578E-01  9.92010E-01      -1.00000E+00  1.00000E+00
 -3.80195E-01  3.76050E-01  7.24480E-01  9.07137E-01  9.90260E-01      -1.00000E+00  1.00000E+00
 -5.34872E-01  2.55996E-01  6.71050E-01  8.88427E-01  9.87965E-01      -1.00000E+00  1.00000E+00
 -7.88558E-01 -6.38607E-02  4.86205E-01  8.19735E-01  9.79705E-01      -1.00000E+00  1.00000E+00
  3.04703E-01  7.44727E-01  8.92748E-01  9.64638E-01  9.96112E-01      -1.00000E+00  1.00000E+00
  2.63972E-01  7.16517E-01  8.83115E-01  9.62065E-01  9.95955E-01      -1.00000E+00  1.00000E+00
  1.99267E-01  6.96380E-01  8.75630E-01  9.59218E-01  9.95550E-01      -9.99980E-01  1.00000E+00
  7.19870E-02  6.29903E-01  8.48100E-01  9.51735E-01  9.94847E-01      -9.99910E-01  1.00000E+00
 -4.17574E-01  3.61854E-01  7.26170E-01  9.09887E-01  9.90345E-01      -1.00000E+00  1.00000E+00
  6.12847E-01  8.60022E-01  9.42242E-01  9.81677E-01  9.98032E-01      -9.99920E-01  1.00000E+00
  5.93000E-01  8.55923E-01  9.41050E-01  9.81155E-01  9.98117E-01      -9.96710E-01  1.00000E+00
  5.59198E-01  8.36225E-01  9.32890E-01  9.78747E-01  9.97715E-01      -9.98290E-01  1.00000E+00
  4.63792E-01  8.06435E-01  9.19005E-01  9.74667E-01  9.97167E-01      -9.98540E-01  1.00000E+00
  4.23043E-02  6.40043E-01  8.52472E-01  9.53117E-01  9.94935E-01      -1.00000E+00  1.00000E+00
  8.08188E-01  9.32118E-01  9.72745E-01  9.91380E-01  9.99073E-01      -4.33850E-01  1.00000E+00
  7.98613E-01  9.28720E-01  9.71827E-01  9.90947E-01  9.99057E-01      -4.61350E-01  1.00000E+00
  7.73320E-01  9.18770E-01  9.68202E-01  9.90035E-01  9.98950E-01      -3.90930E-01  1.00000E+00
  7.38225E-01  9.05362E-01  9.62280E-01  9.87938E-01  9.98707E-01      -4.54150E-01  1.00000E+00
  6.47535E-01  8.58010E-01  9.39835E-01  9.79800E-01  9.97960E-01      -9.13350E-01  1.00000E+00


    1.   2.01    4.   9.01  5.00E+03  8.00E+01  4.27E-01  2.07E-01     5   0.00

  6.44760E+02  1.58400E+03  2.45620E+03  3.27230E+03  4.12630E+03       1.34920E-01  4.94200E+03

  3.50800E-01  5.53405E-01  6.95020E-01  8.19080E-01  9.38135E-01       1.72260E-02  1.00000E+00
  2.28750E-01  3.76480E-01  4.99840E-01  6.32355E-01  8.21575E-01       2.00430E-02  9.99970E-01
  1.57610E-01  2.60555E-01  3.52185E-01  4.62670E-01  6.64265E-01       8.97470E-03  9.99990E-01
  1.15805E-01  1.88720E-01  2.56200E-01  3.43200E-01  5.21900E-01       1.48070E-02  1.00000E+00
  7.74840E-02  1.26335E-01  1.74480E-01  2.38755E-01  3.72730E-01       6.11760E-03  9.83490E-01

 -5.72690E-01  1.13083E-01  5.73080E-01  8.55590E-01  9.84767E-01      -1.00000E+00  1.00000E+00
 -6.11815E-01  6.71600E-02  5.45628E-01  8.42562E-01  9.82953E-01      -1.00000E+00  1.00000E+00
 -6.64277E-01  2.49750E-03  4.97930E-01  8.26237E-01  9.80733E-01      -1.00000E+00  1.00000E+00
 -7.73190E-01 -9.09175E-02  4.42837E-01  8.01473E-01  9.77937E-01      -1.00000E+00  1.00000E+00
 -8.78427E-01 -2.92892E-01  3.06497E-01  7.44372E-01  9.72158E-01      -1.00000E+00  1.00000E+00
  3.81725E-01  7.70305E-01  9.05882E-01  9.69537E-01  9.96730E-01      -9.99980E-01  1.00000E+00
  3.36762E-01  7.49038E-01  8.95815E-01  9.66167E-01  9.96433E-01      -1.00000E+00  1.00000E+00
  2.77811E-01  7.21093E-01  8.82170E-01  9.61795E-01  9.96010E-01      -1.00000E+00  1.00000E+00
  1.56632E-01  6.71793E-01  8.63592E-01  9.56303E-01  9.95338E-01      -1.00000E+00  1.00000E+00
 -3.31155E-01  4.33567E-01  7.63648E-01  9.22965E-01  9.92063E-01      -1.00000E+00  1.00000E+00
  7.34107E-01  9.05565E-01  9.61298E-01  9.87565E-01  9.98713E-01      -8.68810E-01  1.00000E+00
  7.14910E-01  8.97870E-01  9.57570E-01  9.86790E-01  9.98595E-01      -9.54410E-01  1.00000E+00
  6.77412E-01  8.85940E-01  9.53655E-01  9.85112E-01  9.98440E-01      -9.77330E-01  1.00000E+00
  6.18112E-01  8.62910E-01  9.44183E-01  9.82098E-01  9.98162E-01      -9.99390E-01  1.00000E+00
  2.28310E-01  7.29768E-01  8.89500E-01  9.66043E-01  9.96278E-01      -9.99990E-01  1.00000E+00
  8.71640E-01  9.56668E-01  9.82460E-01  9.94345E-01  9.99415E-01      -5.07270E-01  1.00000E+00
  8.64310E-01  9.52525E-01  9.80710E-01  9.93818E-01  9.99355E-01      -1.53640E-01  1.00000E+00
  8.44760E-01  9.45595E-01  9.77737E-01  9.92908E-01  9.99290E-01      -1.92130E-01  1.00000E+00
  8.08845E-01  9.32813E-01  9.73287E-01  9.91513E-01  9.99162E-01      -3.31890E-01  1.00000E+00
  6.67110E-01  8.75883E-01  9.49855E-01  9.83870E-01  9.98280E-01      -9.94990E-01  1.00000E+00
  9.41015E-01  9.80555E-01  9.92308E-01  9.97620E-01  9.99750E-01       3.85720E-01  1.00000E+00
  9.36920E-01  9.78947E-01  9.91765E-01  9.97357E-01  9.99722E-01       3.67190E-01  1.00000E+00
  9.27968E-01  9.75450E-01  9.90375E-01  9.96920E-01  9.99678E-01       2.64500E-01  1.00000E+00
  9.08730E-01  9.68110E-01  9.87280E-01  9.96050E-01  9.99605E-01       3.50370E-01  1.00000E+00
  8.68090E-01  9.49470E-01  9.79075E-01  9.93210E-01  9.99277E-01       2.76100E-01  1.00000E+00


    1.   2.01    4.   9.01  5.00E+03  8.50E+01  5.93E-01  3.75E-01     5   0.00

  1.02710E+03  2.49950E+03  3.51590E+03  4.17310E+03  4.66420E+03       5.32230E-02  4.97490E+03

  2.91150E-01  4.69805E-01  6.06195E-01  7.38405E-01  8.91315E-01       4.94620E-03  1.00000E+00
  1.41705E-01  2.35760E-01  3.22405E-01  4.32115E-01  6.35660E-01       1.68160E-02  9.99970E-01
  8.72090E-02  1.41930E-01  1.95605E-01  2.68430E-01  4.33435E-01       8.89860E-03  9.99760E-01
  6.31905E-02  9.84785E-02  1.34340E-01  1.86090E-01  3.10850E-01       1.03120E-02  8.79950E-01
  4.29200E-02  6.58175E-02  9.06105E-02  1.27100E-01  2.12475E-01       2.16200E-03  7.18340E-01

 -2.11718E-01  4.47592E-01  7.59600E-01  9.20855E-01  9.91505E-01      -1.00000E+00  1.00000E+00
 -2.62930E-01  3.87202E-01  7.31908E-01  9.11523E-01  9.90613E-01      -1.00000E+00  1.00000E+00
 -3.36710E-01  3.13129E-01  6.88847E-01  8.97548E-01  9.89280E-01      -1.00000E+00  1.00000E+00
 -4.26308E-01  2.07720E-01  6.21045E-01  8.71912E-01  9.86333E-01      -1.00000E+00  1.00000E+00
 -6.78728E-01 -2.91950E-02  4.81873E-01  8.14650E-01  9.78875E-01      -1.00000E+00  1.00000E+00
  7.36962E-01  9.09175E-01  9.63170E-01  9.88020E-01  9.98775E-01      -9.99810E-01  1.00000E+00
  7.24692E-01  9.03915E-01  9.60360E-01  9.87205E-01  9.98620E-01      -9.99980E-01  1.00000E+00
  6.82125E-01  8.88943E-01  9.54975E-01  9.85540E-01  9.98503E-01      -1.00000E+00  1.00000E+00
  6.28153E-01  8.66003E-01  9.46080E-01  9.82645E-01  9.98190E-01      -9.99640E-01  1.00000E+00
  1.93713E-01  7.17122E-01  8.88563E-01  9.65235E-01  9.96400E-01      -9.99990E-01  1.00000E+00
  9.12320E-01  9.70555E-01  9.87990E-01  9.96227E-01  9.99610E-01      -1.51230E-01  1.00000E+00
  9.04755E-01  9.68040E-01  9.87270E-01  9.96005E-01  9.99572E-01      -2.30210E-01  1.00000E+00
  8.89985E-01  9.62705E-01  9.84932E-01  9.95355E-01  9.99505E-01      -2.13820E-01  1.00000E+00
  8.59912E-01  9.52660E-01  9.81105E-01  9.94027E-01  9.99400E-01      -2.90790E-01  1.00000E+00
  7.30790E-01  9.02305E-01  9.61200E-01  9.87460E-01  9.98645E-01      -3.28330E-01  1.00000E+00
  9.64240E-01  9.88513E-01  9.95405E-01  9.98545E-01  9.99850E-01       3.92790E-01  1.00000E+00
  9.60170E-01  9.87200E-01  9.94812E-01  9.98382E-01  9.99835E-01       3.62580E-01  1.00000E+00
  9.51940E-01  9.84510E-01  9.93892E-01  9.98080E-01  9.99790E-01       4.05800E-01  1.00000E+00
  9.36130E-01  9.79472E-01  9.91910E-01  9.97387E-01  9.99722E-01       3.97730E-01  1.00000E+00
  8.80583E-01  9.56427E-01  9.82465E-01  9.94443E-01  9.99455E-01       2.81630E-01  1.00000E+00
  9.85507E-01  9.95557E-01  9.98318E-01  9.99475E-01  9.99945E-01       7.45240E-01  1.00000E+00
  9.82940E-01  9.94657E-01  9.97940E-01  9.99348E-01  9.99933E-01       6.20860E-01  1.00000E+00
  9.79173E-01  9.93270E-01  9.97360E-01  9.99192E-01  9.99915E-01       7.45300E-01  1.00000E+00
  9.71522E-01  9.90695E-01  9.96305E-01  9.98833E-01  9.99883E-01       6.81530E-01  1.00000E+00
  9.54753E-01  9.83155E-01  9.93155E-01  9.97802E-01  9.99765E-01       7.40490E-01  1.00000E+00



