H_on_Al_1.00   also includes: pdf boundaries emin,emax, angmin, angmax....     
 
*  projectile surface binding energy parameter: 1.00 eV     
*  parameter esbparm only added in first of the 84 blocks   
 
 
    1.   1.01   13.  26.98  1.00E+00  0.00E+00  3.73E-01  1.78E-01  1.00E+00     5   0.00

  2.29860E-01  4.02090E-01  5.10740E-01  5.99300E-01  6.62190E-01       2.50240E-04  7.77490E-01

  3.14350E-01  5.43115E-01  7.04000E-01  8.35310E-01  9.48425E-01       2.64160E-03  1.00000E+00
  3.14050E-01  5.42390E-01  7.01665E-01  8.32200E-01  9.47015E-01       1.66150E-03  1.00000E+00
  3.14625E-01  5.45610E-01  7.05815E-01  8.36215E-01  9.48160E-01       1.30390E-03  9.99990E-01
  3.07635E-01  5.36340E-01  6.96040E-01  8.27340E-01  9.44330E-01       6.27050E-04  9.99990E-01
  2.66960E-01  4.71100E-01  6.24915E-01  7.63535E-01  9.03230E-01       1.61940E-03  9.99990E-01

 -9.51170E-01 -5.87390E-01 -4.28550E-03  5.82063E-01  9.47715E-01      -1.00000E+00  1.00000E+00
 -9.52270E-01 -5.86125E-01  4.51155E-03  5.93313E-01  9.52523E-01      -1.00000E+00  1.00000E+00
 -9.53265E-01 -5.91010E-01 -5.82285E-03  5.82052E-01  9.49730E-01      -1.00000E+00  1.00000E+00
 -9.49638E-01 -5.88187E-01  1.20355E-03  5.89777E-01  9.49840E-01      -1.00000E+00  1.00000E+00
 -9.48233E-01 -5.85468E-01  5.68010E-03  5.83562E-01  9.50045E-01      -1.00000E+00  1.00000E+00
 -9.48518E-01 -5.82430E-01  1.51691E-03  5.88740E-01  9.49325E-01      -1.00000E+00  1.00000E+00
 -9.46763E-01 -5.74858E-01  1.08978E-02  5.89535E-01  9.50983E-01      -1.00000E+00  1.00000E+00
 -9.49495E-01 -5.86165E-01  2.01500E-02  5.95253E-01  9.51215E-01      -1.00000E+00  1.00000E+00
 -9.49242E-01 -5.79997E-01  1.25236E-02  5.93190E-01  9.49130E-01      -1.00000E+00  1.00000E+00
 -9.50592E-01 -5.74083E-01  7.78105E-03  5.91023E-01  9.54152E-01      -1.00000E+00  1.00000E+00
 -9.52767E-01 -5.91662E-01 -4.41250E-03  5.85068E-01  9.49942E-01      -1.00000E+00  1.00000E+00
 -9.50920E-01 -5.87125E-01 -1.25122E-02  5.76775E-01  9.50012E-01      -1.00000E+00  1.00000E+00
 -9.50997E-01 -5.76800E-01 -6.80065E-03  5.85407E-01  9.49790E-01      -1.00000E+00  1.00000E+00
 -9.53937E-01 -6.02695E-01 -2.15709E-02  5.80190E-01  9.51510E-01      -1.00000E+00  1.00000E+00
 -9.50418E-01 -5.87185E-01  1.18154E-02  5.83800E-01  9.50920E-01      -1.00000E+00  1.00000E+00
 -9.54153E-01 -5.90207E-01 -1.71895E-03  5.92357E-01  9.49865E-01      -1.00000E+00  1.00000E+00
 -9.52815E-01 -5.88175E-01 -5.70683E-03  5.86340E-01  9.48195E-01      -1.00000E+00  1.00000E+00
 -9.48635E-01 -5.92528E-01 -1.71748E-03  5.85993E-01  9.49060E-01      -1.00000E+00  1.00000E+00
 -9.50055E-01 -5.87430E-01 -3.27527E-03  5.89370E-01  9.50400E-01      -1.00000E+00  1.00000E+00
 -9.47720E-01 -5.86747E-01  2.06282E-03  5.88530E-01  9.52843E-01      -1.00000E+00  1.00000E+00
 -9.48175E-01 -5.88178E-01  5.04747E-04  5.86137E-01  9.51207E-01      -1.00000E+00  1.00000E+00
 -9.51823E-01 -5.96655E-01 -1.35435E-02  5.78562E-01  9.51267E-01      -1.00000E+00  1.00000E+00
 -9.47410E-01 -5.82385E-01  5.00286E-03  6.00607E-01  9.52240E-01      -1.00000E+00  1.00000E+00
 -9.47825E-01 -5.89255E-01  1.16800E-03  5.85340E-01  9.49958E-01      -1.00000E+00  1.00000E+00
 -9.50510E-01 -5.90337E-01  1.17297E-02  5.89883E-01  9.52568E-01      -1.00000E+00  1.00000E+00


    1.   1.01   13.  26.98  1.00E+00  3.00E+01  4.01E-01  2.00E-01     5   0.00

  2.38470E-01  4.15560E-01  5.30300E-01  6.17310E-01  6.97460E-01       2.92700E-04  8.55250E-01

  3.13945E-01  5.44435E-01  7.03830E-01  8.33680E-01  9.48460E-01       3.77430E-03  1.00000E+00
  3.09970E-01  5.40835E-01  7.00230E-01  8.31280E-01  9.46715E-01       3.40010E-03  9.99990E-01
  3.10660E-01  5.39435E-01  6.98900E-01  8.30360E-01  9.45845E-01       7.76150E-04  1.00000E+00
  3.01375E-01  5.27135E-01  6.86965E-01  8.21440E-01  9.42625E-01       1.99910E-03  9.99990E-01
  2.59040E-01  4.61515E-01  6.14090E-01  7.53380E-01  9.00425E-01       1.49590E-03  9.99990E-01

 -9.51205E-01 -5.85975E-01 -1.51219E-03  5.89740E-01  9.50448E-01      -1.00000E+00  1.00000E+00
 -9.52305E-01 -5.86873E-01 -1.77850E-03  5.86770E-01  9.50263E-01      -1.00000E+00  1.00000E+00
 -9.51497E-01 -5.89508E-01 -3.08865E-03  5.88407E-01  9.52600E-01      -1.00000E+00  1.00000E+00
 -9.50470E-01 -5.87740E-01 -1.36466E-02  5.84423E-01  9.48392E-01      -1.00000E+00  1.00000E+00
 -9.49005E-01 -5.84880E-01  5.39530E-03  5.84030E-01  9.50448E-01      -1.00000E+00  1.00000E+00
 -9.53480E-01 -6.06862E-01 -2.53618E-02  5.69337E-01  9.48275E-01      -1.00000E+00  1.00000E+00
 -9.49470E-01 -5.97398E-01 -2.10550E-02  5.63862E-01  9.45097E-01      -1.00000E+00  1.00000E+00
 -9.56173E-01 -6.05357E-01 -2.83330E-02  5.71085E-01  9.48222E-01      -1.00000E+00  1.00000E+00
 -9.51325E-01 -5.97205E-01 -2.12849E-02  5.69490E-01  9.50282E-01      -1.00000E+00  1.00000E+00
 -9.53742E-01 -5.81843E-01  5.32115E-03  5.87163E-01  9.52560E-01      -1.00000E+00  1.00000E+00
 -9.55287E-01 -6.12342E-01 -4.89575E-02  5.56987E-01  9.48217E-01      -1.00000E+00  1.00000E+00
 -9.51893E-01 -6.10128E-01 -3.54982E-02  5.69560E-01  9.47128E-01      -1.00000E+00  1.00000E+00
 -9.50983E-01 -6.01107E-01 -2.63870E-02  5.66148E-01  9.46510E-01      -1.00000E+00  1.00000E+00
 -9.52555E-01 -6.02222E-01 -2.66365E-02  5.67527E-01  9.46462E-01      -1.00000E+00  1.00000E+00
 -9.53357E-01 -5.96158E-01 -1.40896E-02  5.75585E-01  9.48028E-01      -1.00000E+00  1.00000E+00
 -9.60235E-01 -6.51918E-01 -8.48910E-02  5.31317E-01  9.46920E-01      -1.00000E+00  1.00000E+00
 -9.62975E-01 -6.67663E-01 -9.99903E-02  5.35743E-01  9.43488E-01      -1.00000E+00  1.00000E+00
 -9.62998E-01 -6.72625E-01 -1.23229E-01  5.14112E-01  9.40285E-01      -1.00000E+00  1.00000E+00
 -9.61875E-01 -6.59660E-01 -1.18006E-01  5.14105E-01  9.40455E-01      -1.00000E+00  1.00000E+00
 -9.61025E-01 -6.40295E-01 -8.02645E-02  5.27668E-01  9.42715E-01      -1.00000E+00  1.00000E+00
 -4.74885E-01  8.50725E-02  5.06790E-01  8.08702E-01  9.77805E-01      -1.00000E+00  1.00000E+00
 -4.57885E-01  1.21010E-01  5.32207E-01  8.25057E-01  9.80475E-01      -1.00000E+00  1.00000E+00
 -4.20137E-01  1.44748E-01  5.45478E-01  8.30447E-01  9.81333E-01      -1.00000E+00  1.00000E+00
 -4.33075E-01  1.50223E-01  5.51833E-01  8.29745E-01  9.79968E-01      -1.00000E+00  1.00000E+00
 -5.55935E-01  7.14450E-02  5.09455E-01  8.16130E-01  9.79032E-01      -1.00000E+00  1.00000E+00


    1.   1.01   13.  26.98  1.00E+00  4.50E+01  4.28E-01  2.21E-01     5   0.00

  2.48200E-01  4.30020E-01  5.49640E-01  6.40590E-01  7.25950E-01       5.53820E-04  8.74680E-01

  3.12045E-01  5.42320E-01  7.03455E-01  8.34810E-01  9.48365E-01       8.53390E-04  1.00000E+00
  3.11335E-01  5.39245E-01  6.98755E-01  8.30655E-01  9.46610E-01       1.74790E-03  9.99990E-01
  3.04035E-01  5.31600E-01  6.91785E-01  8.24325E-01  9.43710E-01       1.79700E-03  1.00000E+00
  2.99535E-01  5.25645E-01  6.87225E-01  8.22635E-01  9.43160E-01       9.06650E-04  1.00000E+00
  2.56965E-01  4.54785E-01  6.04135E-01  7.40510E-01  8.88930E-01       2.94280E-03  1.00000E+00

 -9.50928E-01 -5.98388E-01 -1.66918E-02  5.87700E-01  9.49752E-01      -1.00000E+00  1.00000E+00
 -9.51743E-01 -5.85935E-01 -1.82098E-03  5.74852E-01  9.46855E-01      -1.00000E+00  1.00000E+00
 -9.53372E-01 -6.04258E-01 -1.73849E-02  5.74945E-01  9.47690E-01      -1.00000E+00  1.00000E+00
 -9.52550E-01 -5.87125E-01 -8.64225E-03  5.89237E-01  9.52843E-01      -1.00000E+00  1.00000E+00
 -9.47615E-01 -5.82530E-01  4.35981E-03  5.94705E-01  9.52135E-01      -1.00000E+00  1.00000E+00
 -9.55553E-01 -6.26668E-01 -6.89095E-02  5.31735E-01  9.44735E-01      -1.00000E+00  1.00000E+00
 -9.57323E-01 -6.29322E-01 -7.65263E-02  5.42185E-01  9.46473E-01      -1.00000E+00  1.00000E+00
 -9.55085E-01 -6.14863E-01 -4.16868E-02  5.63592E-01  9.47272E-01      -1.00000E+00  1.00000E+00
 -9.53848E-01 -6.05002E-01 -2.63784E-02  5.69832E-01  9.48575E-01      -1.00000E+00  1.00000E+00
 -9.52785E-01 -6.06942E-01 -3.29249E-02  5.60345E-01  9.46873E-01      -1.00000E+00  1.00000E+00
 -9.51102E-01 -6.06818E-01 -2.24355E-02  5.80588E-01  9.50277E-01      -1.00000E+00  1.00000E+00
 -9.57010E-01 -6.09832E-01 -3.88578E-02  5.58510E-01  9.45207E-01      -1.00000E+00  1.00000E+00
 -9.52732E-01 -6.03025E-01 -2.18057E-02  5.75320E-01  9.50448E-01      -1.00000E+00  1.00000E+00
 -9.53125E-01 -5.97200E-01 -2.63094E-02  5.82425E-01  9.46638E-01      -1.00000E+00  1.00000E+00
 -9.48950E-01 -5.74915E-01  1.33029E-02  5.88635E-01  9.50205E-01      -1.00000E+00  1.00000E+00
 -9.33688E-01 -5.82840E-01 -3.91100E-02  5.51485E-01  9.44958E-01      -1.00000E+00  1.00000E+00
 -9.34630E-01 -5.92960E-01 -4.49555E-02  5.56907E-01  9.46925E-01      -1.00000E+00  1.00000E+00
 -9.40560E-01 -5.95823E-01 -5.43230E-02  5.45600E-01  9.46338E-01      -1.00000E+00  1.00000E+00
 -9.48723E-01 -6.11513E-01 -4.84787E-02  5.48480E-01  9.43640E-01      -1.00000E+00  1.00000E+00
 -9.52613E-01 -6.03990E-01 -2.73004E-02  5.70053E-01  9.51137E-01      -1.00000E+00  1.00000E+00
 -1.40712E-01  3.34613E-01  6.45500E-01  8.63585E-01  9.84627E-01      -1.00000E+00  1.00000E+00
 -1.42022E-01  3.55141E-01  6.61190E-01  8.72293E-01  9.85367E-01      -1.00000E+00  1.00000E+00
 -1.37125E-01  3.60820E-01  6.68497E-01  8.79228E-01  9.86390E-01      -1.00000E+00  1.00000E+00
 -1.67277E-01  3.71265E-01  6.89933E-01  8.88707E-01  9.87135E-01      -1.00000E+00  1.00000E+00
 -4.13507E-01  2.25871E-01  6.19903E-01  8.67570E-01  9.85783E-01      -1.00000E+00  1.00000E+00


    1.   1.01   13.  26.98  1.00E+00  6.00E+01  4.59E-01  2.47E-01     5   0.00

  2.60010E-01  4.49700E-01  5.75730E-01  6.68110E-01  7.52000E-01       3.69170E-04  8.89810E-01

  3.11200E-01  5.41180E-01  7.02350E-01  8.33705E-01  9.47660E-01       2.28880E-03  1.00000E+00
  3.08065E-01  5.35370E-01  6.94970E-01  8.27640E-01  9.45060E-01       3.32220E-03  1.00000E+00
  2.99170E-01  5.22495E-01  6.82280E-01  8.17390E-01  9.41510E-01       8.98350E-04  9.99990E-01
  3.05090E-01  5.31660E-01  6.93225E-01  8.27205E-01  9.45625E-01       1.74960E-03  9.99990E-01
  2.51780E-01  4.45400E-01  5.92810E-01  7.29805E-01  8.83710E-01       1.26120E-03  9.99990E-01

 -9.51520E-01 -5.90045E-01 -5.77275E-03  5.79010E-01  9.47327E-01      -1.00000E+00  1.00000E+00
 -9.52180E-01 -5.84090E-01  4.29985E-03  5.77982E-01  9.48057E-01      -1.00000E+00  1.00000E+00
 -9.53630E-01 -6.00795E-01 -1.90100E-03  5.81860E-01  9.51577E-01      -1.00000E+00  1.00000E+00
 -9.50943E-01 -5.95970E-01 -8.04307E-03  5.77358E-01  9.49418E-01      -1.00000E+00  1.00000E+00
 -9.49717E-01 -5.85060E-01 -1.16287E-03  5.89650E-01  9.52083E-01      -1.00000E+00  1.00000E+00
 -9.60213E-01 -6.47300E-01 -8.65653E-02  5.22470E-01  9.40767E-01      -1.00000E+00  1.00000E+00
 -9.57670E-01 -6.31890E-01 -6.77650E-02  5.45110E-01  9.45902E-01      -1.00000E+00  1.00000E+00
 -9.57895E-01 -6.33730E-01 -6.60490E-02  5.48960E-01  9.43675E-01      -1.00000E+00  1.00000E+00
 -9.54635E-01 -6.09832E-01 -4.89216E-02  5.66397E-01  9.47920E-01      -1.00000E+00  1.00000E+00
 -9.52587E-01 -6.00365E-01 -2.65183E-02  5.71728E-01  9.49735E-01      -1.00000E+00  1.00000E+00
 -9.57377E-01 -6.27615E-01 -4.89215E-02  5.56677E-01  9.48720E-01      -1.00000E+00  1.00000E+00
 -9.53700E-01 -6.19330E-01 -3.77647E-02  5.60340E-01  9.47732E-01      -1.00000E+00  1.00000E+00
 -9.50508E-01 -6.07605E-01 -2.25848E-02  5.78418E-01  9.48810E-01      -1.00000E+00  1.00000E+00
 -9.47785E-01 -5.91235E-01  4.72100E-03  5.95750E-01  9.51495E-01      -1.00000E+00  1.00000E+00
 -9.51240E-01 -5.89100E-01 -7.71640E-03  5.75603E-01  9.50477E-01      -1.00000E+00  1.00000E+00
 -8.11640E-01 -4.31023E-01  8.88900E-02  6.23655E-01  9.53800E-01      -1.00000E+00  1.00000E+00
 -8.36560E-01 -4.33430E-01  8.46163E-02  6.20513E-01  9.55790E-01      -1.00000E+00  1.00000E+00
 -8.53455E-01 -4.43192E-01  8.23595E-02  6.10605E-01  9.51165E-01      -1.00000E+00  1.00000E+00
 -9.01350E-01 -4.90740E-01  3.75100E-02  5.93810E-01  9.52725E-01      -1.00000E+00  1.00000E+00
 -9.37205E-01 -5.51960E-01  1.67250E-03  5.78365E-01  9.51100E-01      -1.00000E+00  1.00000E+00
  4.92275E-02  4.65077E-01  7.18590E-01  8.91075E-01  9.86990E-01      -9.99960E-01  1.00000E+00
  5.72825E-02  4.85447E-01  7.36252E-01  9.01317E-01  9.88175E-01      -1.00000E+00  1.00000E+00
  4.24375E-02  4.94487E-01  7.46755E-01  9.09028E-01  9.89605E-01      -1.00000E+00  1.00000E+00
  4.12500E-03  4.99177E-01  7.57595E-01  9.13347E-01  9.90442E-01      -1.00000E+00  1.00000E+00
 -3.54310E-01  3.41723E-01  6.89955E-01  8.90305E-01  9.88560E-01      -1.00000E+00  1.00000E+00


    1.   1.01   13.  26.98  1.00E+00  7.00E+01  4.80E-01  2.65E-01     5   0.00

  2.69010E-01  4.63810E-01  5.92910E-01  6.85020E-01  7.66780E-01       8.94930E-04  8.96680E-01

  3.09930E-01  5.41310E-01  7.00915E-01  8.32340E-01  9.47325E-01       7.48310E-04  1.00000E+00
  3.05660E-01  5.32275E-01  6.92895E-01  8.25715E-01  9.44595E-01       1.18150E-03  1.00000E+00
  2.93275E-01  5.15065E-01  6.76240E-01  8.13140E-01  9.39730E-01       6.34600E-04  1.00000E+00
  3.08110E-01  5.38890E-01  6.98470E-01  8.31975E-01  9.47020E-01       1.40890E-03  1.00000E+00
  2.46255E-01  4.39585E-01  5.86210E-01  7.23530E-01  8.82000E-01       6.45520E-04  1.00000E+00

 -9.50118E-01 -6.07838E-01 -3.06770E-02  5.71330E-01  9.48412E-01      -1.00000E+00  1.00000E+00
 -9.49763E-01 -5.90597E-01  8.39425E-04  5.91618E-01  9.52207E-01      -1.00000E+00  1.00000E+00
 -9.54003E-01 -5.96843E-01 -6.09475E-03  5.86350E-01  9.51795E-01      -1.00000E+00  1.00000E+00
 -9.54137E-01 -5.96745E-01 -1.47975E-03  5.82187E-01  9.49497E-01      -1.00000E+00  1.00000E+00
 -9.54800E-01 -5.95938E-01 -1.49167E-02  5.79742E-01  9.48225E-01      -1.00000E+00  1.00000E+00
 -9.60965E-01 -6.57123E-01 -1.13905E-01  5.03812E-01  9.36800E-01      -1.00000E+00  1.00000E+00
 -9.60562E-01 -6.44955E-01 -8.76518E-02  5.29053E-01  9.42370E-01      -1.00000E+00  1.00000E+00
 -9.58758E-01 -6.39088E-01 -8.68200E-02  5.35065E-01  9.42172E-01      -1.00000E+00  1.00000E+00
 -9.56465E-01 -6.25945E-01 -6.29838E-02  5.48895E-01  9.45488E-01      -1.00000E+00  1.00000E+00
 -9.52185E-01 -6.01607E-01 -3.07266E-02  5.67662E-01  9.46972E-01      -1.00000E+00  1.00000E+00
 -9.59883E-01 -6.26515E-01 -4.37862E-02  5.60080E-01  9.48720E-01      -1.00000E+00  1.00000E+00
 -9.57870E-01 -6.10550E-01 -2.38155E-02  5.80588E-01  9.48365E-01      -1.00000E+00  1.00000E+00
 -9.51852E-01 -5.81940E-01  5.52800E-03  5.87512E-01  9.51210E-01      -1.00000E+00  1.00000E+00
 -9.47830E-01 -5.84417E-01  3.78345E-03  5.83570E-01  9.51322E-01      -1.00000E+00  1.00000E+00
 -9.48117E-01 -5.72388E-01  1.77173E-02  5.95917E-01  9.54070E-01      -1.00000E+00  1.00000E+00
 -7.46033E-01 -2.99382E-01  1.94603E-01  6.64605E-01  9.59578E-01      -1.00000E+00  1.00000E+00
 -7.72600E-01 -3.17441E-01  1.79627E-01  6.67357E-01  9.59453E-01      -1.00000E+00  1.00000E+00
 -8.16155E-01 -3.50297E-01  1.49903E-01  6.46485E-01  9.57098E-01      -1.00000E+00  1.00000E+00
 -8.71405E-01 -4.13998E-01  1.07553E-01  6.27278E-01  9.53580E-01      -1.00000E+00  1.00000E+00
 -9.28470E-01 -5.07162E-01  5.21525E-02  5.94580E-01  9.52015E-01      -1.00000E+00  1.00000E+00
  1.30647E-01  5.23300E-01  7.54475E-01  9.07282E-01  9.89343E-01      -9.99940E-01  1.00000E+00
  1.37427E-01  5.41558E-01  7.68022E-01  9.15355E-01  9.90165E-01      -9.99790E-01  1.00000E+00
  1.06042E-01  5.40832E-01  7.75693E-01  9.18593E-01  9.90585E-01      -1.00000E+00  1.00000E+00
  5.12675E-02  5.38705E-01  7.80805E-01  9.25145E-01  9.91912E-01      -1.00000E+00  1.00000E+00
 -3.24452E-01  3.61494E-01  7.04968E-01  9.00568E-01  9.89012E-01      -1.00000E+00  1.00000E+00


    1.   1.01   13.  26.98  1.00E+00  8.00E+01  4.94E-01  2.78E-01     5   0.00

  2.75390E-01  4.74540E-01  6.05930E-01  6.97550E-01  7.77270E-01       4.26710E-04  8.99140E-01

  3.09870E-01  5.39440E-01  6.99875E-01  8.31335E-01  9.46575E-01       1.80290E-03  9.99990E-01
  3.03835E-01  5.31880E-01  6.91225E-01  8.24725E-01  9.44275E-01       1.75520E-03  1.00000E+00
  2.93555E-01  5.15980E-01  6.76100E-01  8.12340E-01  9.39270E-01       1.87560E-03  1.00000E+00
  3.07870E-01  5.39120E-01  6.99095E-01  8.33425E-01  9.47730E-01       7.16890E-04  9.99990E-01
  2.45375E-01  4.36520E-01  5.82525E-01  7.21170E-01  8.81630E-01       1.25950E-03  9.99990E-01

 -9.50992E-01 -5.96260E-01 -1.88523E-02  5.74078E-01  9.48600E-01      -1.00000E+00  1.00000E+00
 -9.52810E-01 -6.07433E-01 -3.98692E-02  5.60917E-01  9.46595E-01      -1.00000E+00  1.00000E+00
 -9.50888E-01 -5.91938E-01 -1.97630E-03  5.86642E-01  9.52253E-01      -1.00000E+00  1.00000E+00
 -9.52450E-01 -5.88890E-01 -3.84224E-03  5.92105E-01  9.49972E-01      -1.00000E+00  1.00000E+00
 -9.51555E-01 -5.97525E-01 -1.54764E-02  5.85870E-01  9.48615E-01      -1.00000E+00  1.00000E+00
 -9.61425E-01 -6.53670E-01 -1.08121E-01  5.17005E-01  9.41490E-01      -1.00000E+00  1.00000E+00
 -9.59100E-01 -6.41925E-01 -8.59043E-02  5.33573E-01  9.41020E-01      -1.00000E+00  1.00000E+00
 -9.56122E-01 -6.39443E-01 -7.90165E-02  5.38227E-01  9.41320E-01      -1.00000E+00  1.00000E+00
 -9.57777E-01 -6.20748E-01 -5.25152E-02  5.46550E-01  9.44695E-01      -1.00000E+00  1.00000E+00
 -9.54830E-01 -6.08510E-01 -3.46257E-02  5.73035E-01  9.52012E-01      -1.00000E+00  1.00000E+00
 -9.59875E-01 -6.34772E-01 -4.26576E-02  5.74580E-01  9.49087E-01      -1.00000E+00  1.00000E+00
 -9.58810E-01 -6.19965E-01 -2.38679E-02  5.73850E-01  9.47902E-01      -1.00000E+00  1.00000E+00
 -9.53468E-01 -6.06928E-01 -1.07833E-02  5.90572E-01  9.49942E-01      -1.00000E+00  1.00000E+00
 -9.55213E-01 -5.96805E-01  7.90898E-03  5.90825E-01  9.51355E-01      -1.00000E+00  1.00000E+00
 -9.46812E-01 -5.65473E-01  2.30350E-02  5.97605E-01  9.52887E-01      -1.00000E+00  1.00000E+00
 -6.78898E-01 -2.06362E-01  2.63777E-01  6.91253E-01  9.63010E-01      -1.00000E+00  1.00000E+00
 -7.11963E-01 -2.26478E-01  2.54546E-01  6.91828E-01  9.63357E-01      -1.00000E+00  1.00000E+00
 -7.54277E-01 -2.60351E-01  2.31567E-01  6.89562E-01  9.63362E-01      -1.00000E+00  1.00000E+00
 -8.25137E-01 -3.40953E-01  1.68202E-01  6.47635E-01  9.57985E-01      -1.00000E+00  1.00000E+00
 -9.14530E-01 -4.52850E-01  1.13113E-01  6.32585E-01  9.57520E-01      -1.00000E+00  1.00000E+00
  1.83321E-01  5.66120E-01  7.80345E-01  9.18722E-01  9.90710E-01      -1.00000E+00  1.00000E+00
  1.67716E-01  5.75320E-01  7.87375E-01  9.23620E-01  9.91590E-01      -9.99990E-01  1.00000E+00
  1.61172E-01  5.84590E-01  7.99115E-01  9.28277E-01  9.92260E-01      -9.99980E-01  1.00000E+00
  7.88525E-02  5.61732E-01  7.96480E-01  9.30330E-01  9.92135E-01      -1.00000E+00  1.00000E+00
 -3.00020E-01  3.74519E-01  7.16488E-01  9.00815E-01  9.89185E-01      -1.00000E+00  1.00000E+00


    1.   1.01   13.  26.98  1.00E+00  8.50E+01  4.98E-01  2.82E-01     5   0.00

  2.77450E-01  4.77160E-01  6.08840E-01  7.00520E-01  7.79820E-01       5.30700E-04  9.00510E-01

  3.11110E-01  5.41065E-01  7.01335E-01  8.32560E-01  9.47325E-01       1.63770E-03  1.00000E+00
  3.02355E-01  5.28980E-01  6.90495E-01  8.25175E-01  9.44015E-01       2.14680E-03  1.00000E+00
  2.92145E-01  5.15365E-01  6.74920E-01  8.12400E-01  9.38360E-01       9.58460E-04  1.00000E+00
  3.09795E-01  5.39110E-01  7.00430E-01  8.33580E-01  9.48260E-01       2.65770E-03  1.00000E+00
  2.45130E-01  4.35430E-01  5.82380E-01  7.22555E-01  8.82805E-01       5.18170E-04  9.99980E-01

 -9.52622E-01 -6.00092E-01 -1.73259E-02  5.73802E-01  9.49313E-01      -1.00000E+00  1.00000E+00
 -9.53198E-01 -6.03330E-01 -1.90500E-02  5.65655E-01  9.47255E-01      -1.00000E+00  1.00000E+00
 -9.52645E-01 -5.90397E-01 -6.82250E-04  5.81978E-01  9.48952E-01      -1.00000E+00  1.00000E+00
 -9.49400E-01 -5.90647E-01 -1.24540E-02  5.76023E-01  9.50548E-01      -1.00000E+00  1.00000E+00
 -9.54058E-01 -5.94828E-01 -1.23721E-03  5.85207E-01  9.49137E-01      -1.00000E+00  1.00000E+00
 -9.58682E-01 -6.51988E-01 -1.03018E-01  5.32828E-01  9.44710E-01      -1.00000E+00  1.00000E+00
 -9.59815E-01 -6.48675E-01 -9.02517E-02  5.25790E-01  9.40730E-01      -1.00000E+00  1.00000E+00
 -9.59385E-01 -6.34875E-01 -7.72893E-02  5.41308E-01  9.45825E-01      -1.00000E+00  1.00000E+00
 -9.56130E-01 -6.14200E-01 -3.95588E-02  5.54563E-01  9.44095E-01      -1.00000E+00  1.00000E+00
 -9.53950E-01 -6.04002E-01 -1.62072E-02  5.75472E-01  9.48915E-01      -1.00000E+00  1.00000E+00
 -9.58727E-01 -6.31040E-01 -3.93666E-02  5.70305E-01  9.50105E-01      -1.00000E+00  1.00000E+00
 -9.54377E-01 -6.12930E-01 -6.21525E-03  5.90052E-01  9.52200E-01      -1.00000E+00  1.00000E+00
 -9.56913E-01 -6.16735E-01 -5.21425E-03  5.82095E-01  9.49535E-01      -1.00000E+00  1.00000E+00
 -9.54067E-01 -5.94200E-01  1.41847E-02  5.97340E-01  9.51570E-01      -1.00000E+00  1.00000E+00
 -9.49390E-01 -5.75850E-01  2.94035E-02  6.08802E-01  9.54040E-01      -1.00000E+00  1.00000E+00
 -6.65577E-01 -1.85989E-01  2.78427E-01  7.03610E-01  9.64745E-01      -1.00000E+00  1.00000E+00
 -7.05898E-01 -2.11464E-01  2.72003E-01  7.05995E-01  9.65040E-01      -1.00000E+00  1.00000E+00
 -7.55685E-01 -2.61083E-01  2.22485E-01  6.86817E-01  9.62627E-01      -1.00000E+00  1.00000E+00
 -8.19863E-01 -3.19171E-01  1.89514E-01  6.62815E-01  9.60828E-01      -1.00000E+00  1.00000E+00
 -9.18940E-01 -4.51820E-01  1.12784E-01  6.37130E-01  9.57498E-01      -1.00000E+00  1.00000E+00
  1.89178E-01  5.72470E-01  7.81003E-01  9.18715E-01  9.90792E-01      -9.99990E-01  1.00000E+00
  1.76981E-01  5.80782E-01  7.91375E-01  9.25155E-01  9.92088E-01      -1.00000E+00  1.00000E+00
  1.60857E-01  5.84960E-01  8.01262E-01  9.28267E-01  9.91658E-01      -1.00000E+00  1.00000E+00
  7.18250E-02  5.65172E-01  7.96905E-01  9.30100E-01  9.92570E-01      -1.00000E+00  1.00000E+00
 -2.99265E-01  3.73412E-01  7.16728E-01  9.02558E-01  9.89290E-01      -1.00000E+00  1.00000E+00


    1.   1.01   13.  26.98  2.00E+00  0.00E+00  6.13E-01  3.51E-01     5   0.00

  5.92760E-01  1.01420E+00  1.23990E+00  1.40520E+00  1.50380E+00       8.79320E-04  1.70040E+00

  3.21685E-01  5.54965E-01  7.14315E-01  8.43225E-01  9.52265E-01       1.50050E-03  1.00000E+00
  3.18535E-01  5.52580E-01  7.11875E-01  8.40540E-01  9.50690E-01       1.84400E-03  1.00000E+00
  3.25070E-01  5.58135E-01  7.14945E-01  8.41875E-01  9.50370E-01       8.87130E-04  9.99990E-01
  3.31180E-01  5.63105E-01  7.18535E-01  8.43880E-01  9.51110E-01       1.07340E-03  9.99990E-01
  2.58600E-01  4.54680E-01  5.98195E-01  7.29420E-01  8.74845E-01       1.02640E-03  1.00000E+00

 -9.51667E-01 -5.83960E-01  7.67673E-03  5.92228E-01  9.51763E-01      -1.00000E+00  1.00000E+00
 -9.50630E-01 -5.86540E-01 -3.60028E-03  5.89210E-01  9.50600E-01      -1.00000E+00  1.00000E+00
 -9.52570E-01 -5.84610E-01  1.07710E-03  5.89770E-01  9.52018E-01      -1.00000E+00  1.00000E+00
 -9.51712E-01 -5.93508E-01 -8.07102E-03  5.85330E-01  9.49402E-01      -1.00000E+00  1.00000E+00
 -9.50163E-01 -5.83557E-01  1.33667E-03  5.84228E-01  9.51088E-01      -1.00000E+00  1.00000E+00
 -9.48817E-01 -5.88830E-01  8.30418E-03  5.88590E-01  9.52805E-01      -1.00000E+00  1.00000E+00
 -9.53540E-01 -5.96825E-01 -7.04350E-03  5.78085E-01  9.49902E-01      -1.00000E+00  1.00000E+00
 -9.51765E-01 -5.83665E-01  1.19179E-02  5.92477E-01  9.50147E-01      -1.00000E+00  1.00000E+00
 -9.50727E-01 -5.93168E-01 -2.64814E-03  5.89470E-01  9.51823E-01      -1.00000E+00  1.00000E+00
 -9.49865E-01 -5.85180E-01 -1.64280E-03  5.80237E-01  9.48038E-01      -1.00000E+00  1.00000E+00
 -9.51950E-01 -5.88405E-01 -9.77913E-04  5.86070E-01  9.50740E-01      -1.00000E+00  1.00000E+00
 -9.52225E-01 -5.91093E-01 -7.65250E-04  5.91240E-01  9.50912E-01      -1.00000E+00  1.00000E+00
 -9.52952E-01 -6.01838E-01 -3.50015E-03  5.83320E-01  9.50953E-01      -1.00000E+00  1.00000E+00
 -9.51560E-01 -5.89463E-01 -4.84865E-03  5.79618E-01  9.46335E-01      -1.00000E+00  1.00000E+00
 -9.52355E-01 -5.93410E-01 -5.77105E-03  5.86542E-01  9.49593E-01      -1.00000E+00  1.00000E+00
 -9.52655E-01 -5.89867E-01  2.55332E-03  5.90890E-01  9.49928E-01      -1.00000E+00  1.00000E+00
 -9.52525E-01 -5.98267E-01 -8.85430E-03  5.88250E-01  9.52448E-01      -1.00000E+00  1.00000E+00
 -9.51688E-01 -5.83882E-01  2.45028E-03  5.89695E-01  9.50392E-01      -1.00000E+00  1.00000E+00
 -9.50577E-01 -5.81677E-01 -8.97161E-03  5.82790E-01  9.49640E-01      -1.00000E+00  1.00000E+00
 -9.50852E-01 -5.91245E-01  2.49510E-03  5.88483E-01  9.50975E-01      -1.00000E+00  1.00000E+00
 -9.49722E-01 -5.81335E-01  4.59830E-03  5.94397E-01  9.51048E-01      -1.00000E+00  1.00000E+00
 -9.52475E-01 -5.93668E-01 -7.16915E-04  5.93565E-01  9.51180E-01      -1.00000E+00  1.00000E+00
 -9.49165E-01 -5.75178E-01  1.88822E-02  5.94320E-01  9.51355E-01      -1.00000E+00  1.00000E+00
 -9.50462E-01 -5.88325E-01 -8.58050E-04  5.85945E-01  9.50755E-01      -1.00000E+00  1.00000E+00
 -9.51263E-01 -5.74015E-01  1.44577E-02  5.84852E-01  9.50433E-01      -1.00000E+00  1.00000E+00


    1.   1.01   13.  26.98  2.00E+00  3.00E+01  6.61E-01  3.95E-01     5   0.00

  6.38200E-01  1.06920E+00  1.29240E+00  1.44570E+00  1.57500E+00       1.07520E-03  1.80650E+00

  3.20670E-01  5.53695E-01  7.13405E-01  8.42155E-01  9.50905E-01       2.94950E-03  1.00000E+00
  3.19000E-01  5.51245E-01  7.09900E-01  8.38620E-01  9.49240E-01       2.36940E-03  1.00000E+00
  3.18720E-01  5.49220E-01  7.06675E-01  8.35680E-01  9.47765E-01       6.19920E-04  1.00000E+00
  3.08710E-01  5.32100E-01  6.87860E-01  8.20810E-01  9.42555E-01       1.59540E-03  1.00000E+00
  2.42285E-01  4.30355E-01  5.73090E-01  7.11130E-01  8.68615E-01       4.59390E-04  9.99990E-01

 -9.49747E-01 -5.86695E-01  6.73962E-03  5.85682E-01  9.53338E-01      -1.00000E+00  1.00000E+00
 -9.48793E-01 -5.83070E-01  1.29111E-02  5.91350E-01  9.51520E-01      -1.00000E+00  1.00000E+00
 -9.50492E-01 -5.82348E-01 -5.26925E-04  5.91830E-01  9.50753E-01      -1.00000E+00  1.00000E+00
 -9.51832E-01 -5.83172E-01  4.60017E-03  5.86670E-01  9.50200E-01      -1.00000E+00  1.00000E+00
 -9.49442E-01 -5.79770E-01  1.42425E-03  5.86912E-01  9.49070E-01      -1.00000E+00  1.00000E+00
 -9.55838E-01 -6.12725E-01 -3.86862E-02  5.56570E-01  9.45700E-01      -1.00000E+00  1.00000E+00
 -9.54615E-01 -6.07108E-01 -3.40345E-02  5.64958E-01  9.46992E-01      -1.00000E+00  1.00000E+00
 -9.51320E-01 -6.00485E-01 -2.48136E-02  5.69435E-01  9.47835E-01      -1.00000E+00  1.00000E+00
 -9.53207E-01 -6.07915E-01 -3.44060E-02  5.61107E-01  9.47142E-01      -1.00000E+00  1.00000E+00
 -9.52105E-01 -5.95250E-01 -3.04295E-03  5.82020E-01  9.49612E-01      -1.00000E+00  1.00000E+00
 -9.60303E-01 -6.55322E-01 -9.91220E-02  5.23852E-01  9.42802E-01      -1.00000E+00  1.00000E+00
 -9.59500E-01 -6.44417E-01 -9.55345E-02  5.27907E-01  9.41765E-01      -1.00000E+00  1.00000E+00
 -9.57555E-01 -6.40827E-01 -8.07532E-02  5.34342E-01  9.42978E-01      -1.00000E+00  1.00000E+00
 -9.55075E-01 -6.36713E-01 -7.09845E-02  5.42507E-01  9.44082E-01      -1.00000E+00  1.00000E+00
 -9.55612E-01 -6.24690E-01 -4.53102E-02  5.54745E-01  9.46270E-01      -1.00000E+00  1.00000E+00
 -9.60317E-01 -6.50895E-01 -9.50638E-02  5.36170E-01  9.40720E-01      -1.00000E+00  1.00000E+00
 -9.57065E-01 -6.44923E-01 -8.49691E-02  5.38390E-01  9.43495E-01      -1.00000E+00  1.00000E+00
 -9.55545E-01 -6.33200E-01 -6.67618E-02  5.47520E-01  9.45623E-01      -1.00000E+00  1.00000E+00
 -9.55510E-01 -6.24960E-01 -5.75162E-02  5.46033E-01  9.45738E-01      -1.00000E+00  1.00000E+00
 -9.54540E-01 -6.13085E-01 -4.85330E-02  5.53880E-01  9.43990E-01      -1.00000E+00  1.00000E+00
 -3.02285E-01  2.24213E-01  5.93433E-01  8.49840E-01  9.83495E-01      -1.00000E+00  1.00000E+00
 -2.60922E-01  2.64169E-01  6.15930E-01  8.60170E-01  9.84330E-01      -1.00000E+00  1.00000E+00
 -2.10473E-01  3.13336E-01  6.48042E-01  8.69923E-01  9.85392E-01      -1.00000E+00  1.00000E+00
 -1.67900E-01  3.59012E-01  6.75265E-01  8.82358E-01  9.86963E-01      -1.00000E+00  1.00000E+00
 -2.97700E-01  3.07184E-01  6.62720E-01  8.78493E-01  9.86435E-01      -1.00000E+00  1.00000E+00


    1.   1.01   13.  26.98  2.00E+00  4.50E+01  7.08E-01  4.42E-01     5   0.00

  6.89420E-01  1.12590E+00  1.34890E+00  1.49520E+00  1.63840E+00       2.31960E-03  1.84620E+00

  3.18200E-01  5.51465E-01  7.10650E-01  8.40310E-01  9.50635E-01       1.04560E-03  1.00000E+00
  3.15275E-01  5.44545E-01  7.03825E-01  8.34435E-01  9.47860E-01       8.56140E-04  1.00000E+00
  3.05015E-01  5.30230E-01  6.88895E-01  8.22015E-01  9.42540E-01       2.53710E-03  1.00000E+00
  2.97300E-01  5.18380E-01  6.78395E-01  8.14720E-01  9.40115E-01       3.71540E-04  1.00000E+00
  2.33685E-01  4.13095E-01  5.51725E-01  6.83925E-01  8.38685E-01       3.58830E-04  9.99980E-01

 -9.51002E-01 -5.82647E-01  2.89090E-03  5.89405E-01  9.52705E-01      -1.00000E+00  1.00000E+00
 -9.49258E-01 -5.88465E-01  7.90038E-03  5.86453E-01  9.50022E-01      -1.00000E+00  1.00000E+00
 -9.51518E-01 -5.81690E-01  8.82077E-03  5.91180E-01  9.52165E-01      -1.00000E+00  1.00000E+00
 -9.50063E-01 -5.83850E-01  3.07698E-03  5.83183E-01  9.50065E-01      -1.00000E+00  1.00000E+00
 -9.51213E-01 -5.81610E-01  4.26510E-03  5.95742E-01  9.51237E-01      -1.00000E+00  1.00000E+00
 -9.60013E-01 -6.45957E-01 -9.55800E-02  5.18010E-01  9.42052E-01      -1.00000E+00  1.00000E+00
 -9.59053E-01 -6.35922E-01 -7.57770E-02  5.29855E-01  9.44190E-01      -1.00000E+00  1.00000E+00
 -9.55973E-01 -6.30487E-01 -6.31760E-02  5.37702E-01  9.44405E-01      -1.00000E+00  1.00000E+00
 -9.54665E-01 -6.08953E-01 -4.36177E-02  5.54013E-01  9.46855E-01      -1.00000E+00  1.00000E+00
 -9.55183E-01 -6.03720E-01 -2.76487E-02  5.68910E-01  9.49645E-01      -1.00000E+00  1.00000E+00
 -9.64790E-01 -6.76055E-01 -1.30668E-01  5.07725E-01  9.40990E-01      -1.00000E+00  1.00000E+00
 -9.59878E-01 -6.59147E-01 -1.02929E-01  5.21005E-01  9.38850E-01      -1.00000E+00  1.00000E+00
 -9.57345E-01 -6.42428E-01 -8.36467E-02  5.31530E-01  9.45925E-01      -1.00000E+00  1.00000E+00
 -9.55210E-01 -6.24372E-01 -6.51265E-02  5.45323E-01  9.42323E-01      -1.00000E+00  1.00000E+00
 -9.52110E-01 -6.02260E-01 -2.56625E-02  5.71380E-01  9.48180E-01      -1.00000E+00  1.00000E+00
 -8.04782E-01 -4.34812E-01  8.72100E-02  6.20385E-01  9.56370E-01      -1.00000E+00  1.00000E+00
 -7.89603E-01 -4.02958E-01  1.15855E-01  6.38635E-01  9.56947E-01      -1.00000E+00  1.00000E+00
 -7.95467E-01 -4.12450E-01  1.07905E-01  6.29250E-01  9.56400E-01      -1.00000E+00  1.00000E+00
 -8.37498E-01 -4.26512E-01  1.06512E-01  6.38962E-01  9.57412E-01      -1.00000E+00  1.00000E+00
 -9.17550E-01 -5.10240E-01  5.74018E-02  6.13635E-01  9.55535E-01      -1.00000E+00  1.00000E+00
  7.57800E-02  4.78240E-01  7.22685E-01  8.93135E-01  9.88410E-01      -9.97150E-01  1.00000E+00
  1.06455E-01  5.05870E-01  7.41278E-01  9.03147E-01  9.89208E-01      -9.99890E-01  1.00000E+00
  1.43384E-01  5.42273E-01  7.66675E-01  9.13488E-01  9.90530E-01      -9.99930E-01  1.00000E+00
  1.60592E-01  5.70430E-01  7.92045E-01  9.25957E-01  9.91592E-01      -9.99990E-01  1.00000E+00
  1.92425E-02  5.31265E-01  7.83853E-01  9.25845E-01  9.92040E-01      -1.00000E+00  1.00000E+00


    1.   1.01   13.  26.98  2.00E+00  6.00E+01  7.65E-01  5.03E-01     5   0.00

  7.58520E-01  1.19820E+00  1.42270E+00  1.56130E+00  1.69370E+00       2.41480E-03  1.86690E+00

  3.15260E-01  5.47200E-01  7.06420E-01  8.37195E-01  9.49300E-01       1.82500E-03  1.00000E+00
  3.05675E-01  5.32515E-01  6.92775E-01  8.26730E-01  9.44995E-01       2.43950E-03  1.00000E+00
  2.92060E-01  5.10560E-01  6.69005E-01  8.05680E-01  9.34935E-01       1.87080E-03  1.00000E+00
  2.95290E-01  5.19835E-01  6.82970E-01  8.20905E-01  9.43640E-01       6.16520E-04  1.00000E+00
  2.20160E-01  3.91115E-01  5.22880E-01  6.51075E-01  8.11990E-01       1.18670E-03  1.00000E+00

 -9.54703E-01 -5.99623E-01 -1.03102E-02  5.83475E-01  9.50662E-01      -1.00000E+00  1.00000E+00
 -9.53127E-01 -5.94017E-01 -1.26365E-03  5.88960E-01  9.51357E-01      -1.00000E+00  1.00000E+00
 -9.52377E-01 -5.92845E-01 -1.76292E-03  5.85668E-01  9.50435E-01      -1.00000E+00  1.00000E+00
 -9.51755E-01 -5.87110E-01 -4.51465E-03  5.88697E-01  9.52410E-01      -1.00000E+00  1.00000E+00
 -9.50385E-01 -5.88950E-01  4.92437E-03  5.96637E-01  9.50578E-01      -1.00000E+00  1.00000E+00
 -9.65137E-01 -6.81528E-01 -1.47710E-01  4.88282E-01  9.36150E-01      -1.00000E+00  1.00000E+00
 -9.61967E-01 -6.65552E-01 -1.22635E-01  4.96768E-01  9.39078E-01      -1.00000E+00  1.00000E+00
 -9.62170E-01 -6.56485E-01 -1.05337E-01  5.19823E-01  9.41662E-01      -1.00000E+00  1.00000E+00
 -9.57307E-01 -6.47072E-01 -9.31320E-02  5.26678E-01  9.42902E-01      -1.00000E+00  1.00000E+00
 -9.55832E-01 -6.16805E-01 -4.81590E-02  5.55010E-01  9.47580E-01      -1.00000E+00  1.00000E+00
 -9.62298E-01 -6.72255E-01 -9.79563E-02  5.39223E-01  9.44215E-01      -1.00000E+00  1.00000E+00
 -9.62773E-01 -6.60057E-01 -8.71242E-02  5.41508E-01  9.46840E-01      -1.00000E+00  1.00000E+00
 -9.58377E-01 -6.34637E-01 -3.78155E-02  5.70275E-01  9.48443E-01      -1.00000E+00  1.00000E+00
 -9.57570E-01 -6.22767E-01 -3.45712E-02  5.68733E-01  9.46558E-01      -1.00000E+00  1.00000E+00
 -9.51750E-01 -5.79103E-01  1.55357E-02  5.98315E-01  9.52492E-01      -1.00000E+00  1.00000E+00
 -4.88028E-01 -3.10225E-02  4.05783E-01  7.66350E-01  9.73925E-01      -1.00000E+00  1.00000E+00
 -5.03355E-01 -4.18775E-02  3.92590E-01  7.59572E-01  9.72490E-01      -1.00000E+00  1.00000E+00
 -5.37103E-01 -5.47775E-02  3.74245E-01  7.50305E-01  9.70260E-01      -1.00000E+00  1.00000E+00
 -6.23528E-01 -1.14623E-01  3.36483E-01  7.37325E-01  9.69725E-01      -1.00000E+00  1.00000E+00
 -8.15345E-01 -2.97360E-01  2.24416E-01  6.87805E-01  9.64228E-01      -1.00000E+00  1.00000E+00
  2.96839E-01  6.12143E-01  7.94075E-01  9.21063E-01  9.90807E-01      -9.88830E-01  1.00000E+00
  3.19642E-01  6.34065E-01  8.11468E-01  9.29632E-01  9.92175E-01      -9.73190E-01  1.00000E+00
  3.51777E-01  6.66862E-01  8.35705E-01  9.39018E-01  9.93182E-01      -9.46820E-01  1.00000E+00
  3.71290E-01  6.93635E-01  8.53917E-01  9.49210E-01  9.94258E-01      -9.98610E-01  1.00000E+00
  2.16630E-01  6.56628E-01  8.46418E-01  9.47390E-01  9.94265E-01      -1.00000E+00  1.00000E+00


    1.   1.01   13.  26.98  2.00E+00  7.00E+01  7.97E-01  5.41E-01     5   0.00

  8.05470E-01  1.24710E+00  1.46760E+00  1.60240E+00  1.72520E+00       4.54540E-04  1.87720E+00

  3.13120E-01  5.44355E-01  7.04880E-01  8.35260E-01  9.48350E-01       2.28810E-03  1.00000E+00
  2.99175E-01  5.23740E-01  6.82985E-01  8.18970E-01  9.41740E-01       1.47550E-03  1.00000E+00
  2.88940E-01  5.07740E-01  6.66830E-01  8.04850E-01  9.34375E-01       2.21910E-03  1.00000E+00
  2.93380E-01  5.15655E-01  6.77570E-01  8.15880E-01  9.40580E-01       2.93030E-03  1.00000E+00
  2.13565E-01  3.79810E-01  5.08275E-01  6.36380E-01  8.04070E-01       6.07770E-04  9.99980E-01

 -9.51563E-01 -5.95062E-01 -5.25300E-03  5.83895E-01  9.50028E-01      -1.00000E+00  1.00000E+00
 -9.52350E-01 -5.94047E-01 -1.42200E-02  5.79770E-01  9.48025E-01      -1.00000E+00  1.00000E+00
 -9.52562E-01 -6.02878E-01 -1.54826E-02  5.76990E-01  9.49228E-01      -1.00000E+00  1.00000E+00
 -9.49763E-01 -5.86702E-01  3.69551E-03  5.89163E-01  9.50277E-01      -1.00000E+00  1.00000E+00
 -9.51198E-01 -5.87220E-01 -7.78469E-03  5.90095E-01  9.51507E-01      -1.00000E+00  1.00000E+00
 -9.65485E-01 -6.81685E-01 -1.36908E-01  5.05245E-01  9.37623E-01      -1.00000E+00  1.00000E+00
 -9.63030E-01 -6.71770E-01 -1.27615E-01  5.05795E-01  9.37940E-01      -1.00000E+00  1.00000E+00
 -9.62333E-01 -6.60690E-01 -1.13085E-01  5.16023E-01  9.41660E-01      -1.00000E+00  1.00000E+00
 -9.59877E-01 -6.49400E-01 -8.97565E-02  5.29227E-01  9.41365E-01      -1.00000E+00  1.00000E+00
 -9.57022E-01 -6.17722E-01 -4.53983E-02  5.65103E-01  9.48245E-01      -1.00000E+00  1.00000E+00
 -9.24737E-01 -5.53655E-01  2.74537E-02  6.03340E-01  9.52260E-01      -1.00000E+00  1.00000E+00
 -9.35533E-01 -5.59092E-01  2.26409E-02  6.02607E-01  9.53552E-01      -1.00000E+00  1.00000E+00
 -9.40273E-01 -5.59250E-01  3.07212E-02  6.00518E-01  9.50805E-01      -1.00000E+00  1.00000E+00
 -9.44895E-01 -5.71270E-01  2.47581E-02  6.04237E-01  9.53823E-01      -1.00000E+00  1.00000E+00
 -9.49693E-01 -5.83663E-01  5.12200E-03  6.02112E-01  9.54402E-01      -1.00000E+00  1.00000E+00
 -3.09293E-01  1.28564E-01  5.09040E-01  8.09142E-01  9.78290E-01      -9.99830E-01  1.00000E+00
 -3.18735E-01  1.34438E-01  5.05575E-01  8.02400E-01  9.76457E-01      -1.00000E+00  1.00000E+00
 -3.50602E-01  1.32949E-01  5.05885E-01  8.05488E-01  9.77885E-01      -1.00000E+00  1.00000E+00
 -4.67272E-01  8.08250E-02  4.80330E-01  7.93720E-01  9.75865E-01      -1.00000E+00  1.00000E+00
 -7.23837E-01 -1.26780E-01  3.69853E-01  7.50192E-01  9.70607E-01      -1.00000E+00  1.00000E+00
  4.07255E-01  6.82610E-01  8.35303E-01  9.39325E-01  9.93175E-01      -8.47360E-01  1.00000E+00
  4.27003E-01  7.03608E-01  8.50875E-01  9.45655E-01  9.93560E-01      -7.72610E-01  1.00000E+00
  4.47730E-01  7.29513E-01  8.69320E-01  9.53645E-01  9.94833E-01      -9.17340E-01  1.00000E+00
  4.55060E-01  7.45428E-01  8.82862E-01  9.60225E-01  9.95725E-01      -9.92270E-01  1.00000E+00
  3.04443E-01  6.97203E-01  8.65310E-01  9.54802E-01  9.95145E-01      -1.00000E+00  1.00000E+00


    1.   1.01   13.  26.98  2.00E+00  8.00E+01  8.20E-01  5.69E-01     5   0.00

  8.41820E-01  1.28390E+00  1.49720E+00  1.63030E+00  1.74660E+00       2.13450E-03  1.88530E+00

  3.10205E-01  5.39860E-01  7.00350E-01  8.32130E-01  9.47140E-01       2.19160E-03  1.00000E+00
  2.94935E-01  5.17175E-01  6.77195E-01  8.14100E-01  9.39775E-01       2.34230E-03  1.00000E+00
  2.89680E-01  5.07945E-01  6.67630E-01  8.06200E-01  9.35835E-01       1.22250E-03  1.00000E+00
  2.89225E-01  5.09025E-01  6.69235E-01  8.09730E-01  9.37335E-01       8.59980E-04  1.00000E+00
  2.07830E-01  3.70675E-01  4.99455E-01  6.29250E-01  7.98570E-01       1.07020E-03  9.99990E-01

 -9.52102E-01 -5.99897E-01 -2.48913E-02  5.66563E-01  9.48442E-01      -1.00000E+00  1.00000E+00
 -9.53490E-01 -6.03237E-01 -2.48197E-02  5.67248E-01  9.49020E-01      -1.00000E+00  1.00000E+00
 -9.52340E-01 -5.93647E-01 -1.23885E-02  5.79423E-01  9.49115E-01      -1.00000E+00  1.00000E+00
 -9.53055E-01 -5.97857E-01 -1.05010E-02  5.78832E-01  9.52225E-01      -1.00000E+00  1.00000E+00
 -9.50688E-01 -5.92483E-01 -2.30080E-03  5.86780E-01  9.50775E-01      -1.00000E+00  1.00000E+00
 -9.64815E-01 -6.74080E-01 -1.26350E-01  5.15010E-01  9.41097E-01      -1.00000E+00  1.00000E+00
 -9.61770E-01 -6.63125E-01 -1.15940E-01  5.20742E-01  9.41372E-01      -1.00000E+00  1.00000E+00
 -9.61810E-01 -6.51008E-01 -8.37000E-02  5.32493E-01  9.41787E-01      -1.00000E+00  1.00000E+00
 -9.57930E-01 -6.31980E-01 -6.51677E-02  5.46445E-01  9.46763E-01      -1.00000E+00  1.00000E+00
 -9.54870E-01 -6.08520E-01 -3.80372E-02  5.67323E-01  9.46705E-01      -1.00000E+00  1.00000E+00
 -8.50642E-01 -4.52980E-01  1.01004E-01  6.36912E-01  9.57628E-01      -1.00000E+00  1.00000E+00
 -8.72612E-01 -4.58668E-01  1.12982E-01  6.38435E-01  9.59330E-01      -1.00000E+00  1.00000E+00
 -9.06055E-01 -4.94053E-01  8.59120E-02  6.32742E-01  9.57530E-01      -1.00000E+00  1.00000E+00
 -9.31278E-01 -5.21305E-01  6.69768E-02  6.22525E-01  9.56913E-01      -1.00000E+00  1.00000E+00
 -9.45985E-01 -5.60028E-01  2.58237E-02  6.03792E-01  9.53052E-01      -1.00000E+00  1.00000E+00
 -1.99907E-01  2.28135E-01  5.64365E-01  8.30462E-01  9.80410E-01      -9.99960E-01  1.00000E+00
 -2.00444E-01  2.37905E-01  5.72230E-01  8.34358E-01  9.80622E-01      -9.99990E-01  1.00000E+00
 -2.26706E-01  2.33504E-01  5.71867E-01  8.34855E-01  9.81307E-01      -1.00000E+00  1.00000E+00
 -3.40483E-01  1.88963E-01  5.54130E-01  8.28235E-01  9.80430E-01      -1.00000E+00  1.00000E+00
 -6.69733E-01 -3.61950E-02  4.42987E-01  7.86240E-01  9.74915E-01      -1.00000E+00  1.00000E+00
  4.69430E-01  7.29437E-01  8.66402E-01  9.51313E-01  9.94600E-01      -6.35800E-01  1.00000E+00
  4.85467E-01  7.48590E-01  8.78185E-01  9.56470E-01  9.95045E-01      -6.79860E-01  1.00000E+00
  4.95672E-01  7.62258E-01  8.89077E-01  9.61250E-01  9.95755E-01      -8.31710E-01  1.00000E+00
  4.89422E-01  7.66570E-01  8.94062E-01  9.64160E-01  9.96053E-01      -8.41870E-01  1.00000E+00
  3.75945E-01  7.21660E-01  8.75200E-01  9.58830E-01  9.95415E-01      -9.99980E-01  1.00000E+00


    1.   1.01   13.  26.98  2.00E+00  8.50E+01  8.27E-01  5.76E-01     5   0.00

  8.49710E-01  1.29280E+00  1.50480E+00  1.63730E+00  1.75260E+00       2.27530E-03  1.88660E+00

  3.11390E-01  5.40910E-01  7.00435E-01  8.32175E-01  9.47340E-01       2.12010E-03  1.00000E+00
  2.94190E-01  5.14545E-01  6.73850E-01  8.11575E-01  9.38940E-01       2.09370E-03  1.00000E+00
  2.88640E-01  5.08705E-01  6.68800E-01  8.07425E-01  9.36095E-01       4.64420E-04  1.00000E+00
  2.87275E-01  5.07995E-01  6.69005E-01  8.09280E-01  9.36885E-01       4.07410E-04  1.00000E+00
  2.05825E-01  3.68875E-01  4.97515E-01  6.28475E-01  7.96610E-01       1.63320E-03  9.99980E-01

 -9.53230E-01 -5.98998E-01 -2.26246E-02  5.68887E-01  9.47893E-01      -1.00000E+00  1.00000E+00
 -9.53350E-01 -6.06023E-01 -2.40664E-02  5.68538E-01  9.48523E-01      -1.00000E+00  1.00000E+00
 -9.53585E-01 -5.97163E-01 -1.79333E-02  5.71333E-01  9.47898E-01      -1.00000E+00  1.00000E+00
 -9.53240E-01 -5.94165E-01 -1.36768E-02  5.82100E-01  9.49893E-01      -1.00000E+00  1.00000E+00
 -9.51832E-01 -5.84368E-01 -7.01227E-04  5.87855E-01  9.51005E-01      -1.00000E+00  1.00000E+00
 -9.63533E-01 -6.70395E-01 -1.10706E-01  5.23008E-01  9.44285E-01      -1.00000E+00  1.00000E+00
 -9.61657E-01 -6.59763E-01 -9.97808E-02  5.27992E-01  9.41205E-01      -1.00000E+00  1.00000E+00
 -9.59755E-01 -6.47600E-01 -7.93520E-02  5.39445E-01  9.44205E-01      -1.00000E+00  1.00000E+00
 -9.59240E-01 -6.39930E-01 -8.05590E-02  5.38095E-01  9.42157E-01      -1.00000E+00  1.00000E+00
 -9.54320E-01 -6.16500E-01 -2.97439E-02  5.68032E-01  9.49667E-01      -1.00000E+00  1.00000E+00
 -8.28540E-01 -4.19785E-01  1.31278E-01  6.45885E-01  9.58550E-01      -1.00000E+00  1.00000E+00
 -8.58955E-01 -4.35918E-01  1.36278E-01  6.46902E-01  9.57650E-01      -1.00000E+00  1.00000E+00
 -8.94530E-01 -4.60450E-01  1.20052E-01  6.49985E-01  9.59788E-01      -1.00000E+00  1.00000E+00
 -9.29865E-01 -5.12230E-01  6.80952E-02  6.33252E-01  9.55545E-01      -1.00000E+00  1.00000E+00
 -9.43392E-01 -5.56175E-01  3.72285E-02  6.10407E-01  9.52732E-01      -1.00000E+00  1.00000E+00
 -1.65700E-01  2.51980E-01  5.74987E-01  8.35310E-01  9.80907E-01      -1.00000E+00  1.00000E+00
 -1.72581E-01  2.55460E-01  5.79533E-01  8.40835E-01  9.81410E-01      -1.00000E+00  1.00000E+00
 -2.02571E-01  2.55358E-01  5.82855E-01  8.39005E-01  9.81512E-01      -1.00000E+00  1.00000E+00
 -3.07138E-01  2.17031E-01  5.70697E-01  8.34272E-01  9.81742E-01      -1.00000E+00  1.00000E+00
 -6.45165E-01 -5.01000E-03  4.66650E-01  7.96253E-01  9.76672E-01      -1.00000E+00  1.00000E+00
  4.87953E-01  7.43260E-01  8.73918E-01  9.55015E-01  9.94920E-01      -5.84920E-01  1.00000E+00
  5.02180E-01  7.61082E-01  8.86262E-01  9.59593E-01  9.95507E-01      -7.27460E-01  1.00000E+00
  5.07867E-01  7.70617E-01  8.92180E-01  9.63015E-01  9.96055E-01      -6.63740E-01  1.00000E+00
  5.08275E-01  7.73342E-01  8.97857E-01  9.64538E-01  9.96235E-01      -7.86120E-01  1.00000E+00
  4.03868E-01  7.34195E-01  8.81232E-01  9.60498E-01  9.95745E-01      -1.00000E+00  1.00000E+00


    1.   1.01   13.  26.98  5.00E+00  0.00E+00  6.31E-01  3.94E-01     5   0.00

  1.50290E+00  2.81520E+00  3.47840E+00  3.84880E+00  4.06870E+00       3.39190E-03  4.44460E+00

  3.69510E-01  6.06725E-01  7.54420E-01  8.68170E-01  9.60485E-01       4.10330E-03  1.00000E+00
  3.98630E-01  6.26440E-01  7.65495E-01  8.72955E-01  9.61670E-01       7.49530E-04  1.00000E+00
  3.89135E-01  6.16295E-01  7.57190E-01  8.66940E-01  9.59340E-01       2.20180E-03  1.00000E+00
  3.83815E-01  6.18635E-01  7.61760E-01  8.71055E-01  9.61450E-01       3.30310E-03  1.00000E+00
  2.62870E-01  4.42120E-01  5.69585E-01  6.84840E-01  8.15960E-01       1.66620E-03  9.99950E-01

 -9.49712E-01 -5.81537E-01  1.16928E-02  5.95058E-01  9.51813E-01      -1.00000E+00  1.00000E+00
 -9.49495E-01 -5.88330E-01 -1.55943E-02  5.79340E-01  9.50603E-01      -1.00000E+00  1.00000E+00
 -9.53562E-01 -5.93285E-01 -5.38325E-04  5.82420E-01  9.49175E-01      -1.00000E+00  1.00000E+00
 -9.49938E-01 -5.80040E-01  1.23122E-02  5.93510E-01  9.51905E-01      -1.00000E+00  1.00000E+00
 -9.49145E-01 -5.87207E-01  9.72998E-03  5.97197E-01  9.53422E-01      -1.00000E+00  1.00000E+00
 -9.50313E-01 -5.88655E-01 -2.46107E-03  5.82870E-01  9.50708E-01      -1.00000E+00  1.00000E+00
 -9.50222E-01 -5.88357E-01 -1.56817E-02  5.81732E-01  9.49623E-01      -1.00000E+00  1.00000E+00
 -9.52793E-01 -5.90082E-01  1.02604E-02  5.94875E-01  9.51388E-01      -1.00000E+00  1.00000E+00
 -9.49227E-01 -5.81690E-01  5.78597E-04  5.89263E-01  9.51502E-01      -1.00000E+00  1.00000E+00
 -9.50143E-01 -5.80407E-01  1.33504E-02  5.90795E-01  9.52455E-01      -1.00000E+00  1.00000E+00
 -9.50280E-01 -5.79037E-01  9.53550E-03  5.93660E-01  9.50675E-01      -1.00000E+00  1.00000E+00
 -9.51450E-01 -5.79220E-01 -1.01544E-02  5.86160E-01  9.49670E-01      -1.00000E+00  1.00000E+00
 -9.50908E-01 -5.89352E-01  5.14757E-03  5.85703E-01  9.50470E-01      -1.00000E+00  1.00000E+00
 -9.50075E-01 -5.88715E-01  7.78423E-03  5.87810E-01  9.50900E-01      -1.00000E+00  1.00000E+00
 -9.49958E-01 -5.86475E-01 -4.63800E-05  5.94190E-01  9.50198E-01      -1.00000E+00  1.00000E+00
 -9.51085E-01 -5.92612E-01 -2.70118E-03  5.82380E-01  9.51297E-01      -1.00000E+00  1.00000E+00
 -9.50232E-01 -5.88938E-01  9.95825E-04  5.87525E-01  9.52533E-01      -1.00000E+00  1.00000E+00
 -9.53170E-01 -5.90365E-01  2.42350E-03  5.89960E-01  9.48570E-01      -1.00000E+00  1.00000E+00
 -9.52220E-01 -5.89755E-01  4.60802E-03  5.91818E-01  9.53727E-01      -1.00000E+00  1.00000E+00
 -9.52700E-01 -5.87213E-01  9.47819E-03  5.96465E-01  9.52908E-01      -1.00000E+00  1.00000E+00
 -9.51188E-01 -5.89270E-01 -1.05637E-03  5.86773E-01  9.52155E-01      -1.00000E+00  1.00000E+00
 -9.50400E-01 -5.83087E-01  9.65147E-03  5.95263E-01  9.51145E-01      -1.00000E+00  1.00000E+00
 -9.51907E-01 -5.84873E-01 -5.69680E-03  5.83682E-01  9.49980E-01      -1.00000E+00  1.00000E+00
 -9.53907E-01 -5.88027E-01 -6.41575E-04  5.87357E-01  9.48403E-01      -1.00000E+00  1.00000E+00
 -9.50930E-01 -5.88530E-01  4.44283E-03  5.86867E-01  9.50505E-01      -1.00000E+00  1.00000E+00


    1.   1.01   13.  26.98  5.00E+00  3.00E+01  6.93E-01  4.61E-01     5   0.00

  1.74710E+00  3.09360E+00  3.67700E+00  3.98450E+00  4.24350E+00       3.78170E-03  4.65330E+00

  3.74895E-01  6.10335E-01  7.56970E-01  8.69195E-01  9.60745E-01       7.10020E-04  1.00000E+00
  3.85825E-01  6.15245E-01  7.55900E-01  8.67010E-01  9.59795E-01       9.19210E-04  1.00000E+00
  3.63075E-01  5.92230E-01  7.38865E-01  8.55500E-01  9.55120E-01       2.49280E-03  1.00000E+00
  3.30820E-01  5.49280E-01  6.96780E-01  8.23595E-01  9.42225E-01       3.29620E-03  1.00000E+00
  2.30925E-01  4.00720E-01  5.26345E-01  6.45460E-01  7.93875E-01       9.03100E-04  9.99940E-01

 -9.49457E-01 -5.91108E-01 -1.28845E-02  5.81850E-01  9.50600E-01      -1.00000E+00  1.00000E+00
 -9.50948E-01 -5.84838E-01  5.21597E-03  5.88575E-01  9.51245E-01      -1.00000E+00  1.00000E+00
 -9.51865E-01 -5.88498E-01  7.88750E-04  5.82860E-01  9.50830E-01      -1.00000E+00  1.00000E+00
 -9.51325E-01 -5.86195E-01  6.21157E-03  5.83797E-01  9.49628E-01      -1.00000E+00  1.00000E+00
 -9.49280E-01 -5.82737E-01  1.04561E-02  5.85732E-01  9.50097E-01      -1.00000E+00  1.00000E+00
 -9.54710E-01 -6.15463E-01 -5.81254E-02  5.50440E-01  9.44948E-01      -1.00000E+00  1.00000E+00
 -9.53315E-01 -5.98212E-01 -2.96777E-02  5.68362E-01  9.48573E-01      -1.00000E+00  1.00000E+00
 -9.52597E-01 -6.06328E-01 -2.09917E-02  5.77095E-01  9.50040E-01      -1.00000E+00  1.00000E+00
 -9.51755E-01 -5.99038E-01 -1.43094E-02  5.76222E-01  9.49505E-01      -1.00000E+00  1.00000E+00
 -9.50843E-01 -5.92093E-01 -7.10398E-03  5.78930E-01  9.52063E-01      -1.00000E+00  1.00000E+00
 -9.68122E-01 -7.15872E-01 -2.07462E-01  4.46628E-01  9.30625E-01      -1.00000E+00  1.00000E+00
 -9.67033E-01 -6.95072E-01 -1.71030E-01  4.76658E-01  9.33203E-01      -1.00000E+00  1.00000E+00
 -9.65383E-01 -6.91502E-01 -1.75603E-01  4.62502E-01  9.32737E-01      -1.00000E+00  1.00000E+00
 -9.62080E-01 -6.62385E-01 -1.20863E-01  5.04045E-01  9.40257E-01      -1.00000E+00  1.00000E+00
 -9.55945E-01 -6.29020E-01 -5.83055E-02  5.50397E-01  9.46575E-01      -1.00000E+00  1.00000E+00
 -9.44658E-01 -6.43752E-01 -1.31094E-01  4.90810E-01  9.40338E-01      -1.00000E+00  1.00000E+00
 -9.07760E-01 -5.78640E-01 -9.31313E-02  5.02533E-01  9.40358E-01      -1.00000E+00  1.00000E+00
 -8.42650E-01 -4.89720E-01 -1.07475E-02  5.45813E-01  9.45867E-01      -1.00000E+00  1.00000E+00
 -7.83447E-01 -4.15833E-01  6.81975E-02  5.93353E-01  9.48890E-01      -1.00000E+00  1.00000E+00
 -8.29482E-01 -3.91540E-01  1.30613E-01  6.34827E-01  9.53900E-01      -1.00000E+00  1.00000E+00
 -5.41175E-02  3.74787E-01  6.70905E-01  8.75295E-01  9.85798E-01      -1.00000E+00  1.00000E+00
  1.84800E-02  4.41943E-01  7.07935E-01  8.90720E-01  9.87668E-01      -9.99620E-01  1.00000E+00
  1.08140E-01  5.13877E-01  7.55170E-01  9.11050E-01  9.89630E-01      -9.99710E-01  1.00000E+00
  2.00759E-01  5.84643E-01  7.97255E-01  9.28655E-01  9.92055E-01      -9.94920E-01  1.00000E+00
  2.43003E-01  6.42390E-01  8.37357E-01  9.44270E-01  9.94005E-01      -1.00000E+00  1.00000E+00


    1.   1.01   13.  26.98  5.00E+00  4.50E+01  7.64E-01  5.43E-01     5   0.00

  2.10120E+00  3.41030E+00  3.89480E+00  4.15060E+00  4.40520E+00       1.01410E-03  4.71980E+00

  3.76290E-01  6.09905E-01  7.55765E-01  8.68700E-01  9.60530E-01       1.98300E-03  1.00000E+00
  3.61390E-01  5.87855E-01  7.35345E-01  8.53545E-01  9.54485E-01       4.29870E-03  1.00000E+00
  3.22495E-01  5.41210E-01  6.91260E-01  8.20530E-01  9.40680E-01       2.83070E-03  1.00000E+00
  3.01860E-01  5.14585E-01  6.66340E-01  7.98240E-01  9.25930E-01       5.50720E-04  1.00000E+00
  2.02815E-01  3.55435E-01  4.69700E-01  5.80665E-01  7.28460E-01       8.91970E-04  9.99590E-01

 -9.49475E-01 -5.82145E-01  9.61129E-03  5.91337E-01  9.51950E-01      -1.00000E+00  1.00000E+00
 -9.52233E-01 -5.90095E-01 -2.71200E-04  5.87738E-01  9.50887E-01      -1.00000E+00  1.00000E+00
 -9.54863E-01 -5.90645E-01 -8.19687E-03  5.82187E-01  9.50802E-01      -1.00000E+00  1.00000E+00
 -9.52450E-01 -5.88020E-01  9.68662E-03  5.91008E-01  9.52612E-01      -1.00000E+00  1.00000E+00
 -9.50900E-01 -5.85395E-01  1.14745E-04  5.86995E-01  9.50125E-01      -1.00000E+00  1.00000E+00
 -9.66983E-01 -7.03030E-01 -2.03035E-01  4.31192E-01  9.27555E-01      -1.00000E+00  1.00000E+00
 -9.63570E-01 -6.84645E-01 -1.66527E-01  4.75363E-01  9.37175E-01      -1.00000E+00  1.00000E+00
 -9.62260E-01 -6.69950E-01 -1.34883E-01  4.85570E-01  9.33632E-01      -1.00000E+00  1.00000E+00
 -9.60853E-01 -6.54008E-01 -1.07549E-01  5.11897E-01  9.39447E-01      -1.00000E+00  1.00000E+00
 -9.53957E-01 -6.21130E-01 -4.10592E-02  5.57698E-01  9.45625E-01      -1.00000E+00  1.00000E+00
 -9.72250E-01 -7.47802E-01 -2.50683E-01  4.38685E-01  9.31860E-01      -1.00000E+00  1.00000E+00
 -9.68738E-01 -7.28683E-01 -2.11198E-01  4.59357E-01  9.34908E-01      -1.00000E+00  1.00000E+00
 -9.63812E-01 -7.01020E-01 -1.75135E-01  4.82030E-01  9.36745E-01      -1.00000E+00  1.00000E+00
 -9.61270E-01 -6.80728E-01 -1.35997E-01  5.04198E-01  9.39142E-01      -1.00000E+00  1.00000E+00
 -9.56288E-01 -6.31160E-01 -5.12327E-02  5.52945E-01  9.47370E-01      -1.00000E+00  1.00000E+00
 -4.25793E-01 -2.73425E-02  4.00402E-01  7.67320E-01  9.73332E-01      -9.99320E-01  1.00000E+00
 -3.53085E-01  4.95075E-02  4.39655E-01  7.78325E-01  9.74193E-01      -9.99910E-01  1.00000E+00
 -2.91514E-01  1.14501E-01  4.79098E-01  7.95107E-01  9.76795E-01      -9.99930E-01  1.00000E+00
 -2.46412E-01  1.83158E-01  5.27135E-01  8.13365E-01  9.79462E-01      -1.00000E+00  1.00000E+00
 -4.09168E-01  1.26302E-01  5.16053E-01  8.11950E-01  9.77950E-01      -1.00000E+00  1.00000E+00
  3.77795E-01  6.55505E-01  8.23478E-01  9.36932E-01  9.93235E-01      -7.23970E-01  1.00000E+00
  4.16417E-01  6.85978E-01  8.39768E-01  9.41510E-01  9.93465E-01      -6.92510E-01  1.00000E+00
  4.65475E-01  7.25978E-01  8.65220E-01  9.50985E-01  9.94812E-01      -7.62380E-01  1.00000E+00
  5.13027E-01  7.66382E-01  8.89152E-01  9.61790E-01  9.95565E-01      -7.95100E-01  1.00000E+00
  5.29920E-01  7.91340E-01  9.06080E-01  9.68155E-01  9.96563E-01      -9.99650E-01  1.00000E+00


    1.   1.01   13.  26.98  5.00E+00  6.00E+01  8.49E-01  6.51E-01     5   0.00

  2.66510E+00  3.76520E+00  4.11420E+00  4.34480E+00  4.55390E+00       3.49490E-03  4.77810E+00

  3.65040E-01  5.97330E-01  7.44290E-01  8.60830E-01  9.57745E-01       2.09350E-03  1.00000E+00
  3.08930E-01  5.23555E-01  6.77140E-01  8.11080E-01  9.37765E-01       2.38810E-03  1.00000E+00
  3.05820E-01  5.22870E-01  6.80205E-01  8.17390E-01  9.43470E-01       8.93200E-04  1.00000E+00
  2.64805E-01  4.59415E-01  6.03330E-01  7.33740E-01  8.74710E-01       7.40720E-04  1.00000E+00
  1.77355E-01  3.10835E-01  4.12915E-01  5.12595E-01  6.51115E-01       1.07120E-03  9.94810E-01

 -9.56782E-01 -6.19592E-01 -5.85794E-02  5.44238E-01  9.43503E-01      -1.00000E+00  1.00000E+00
 -9.56063E-01 -6.18810E-01 -5.45154E-02  5.57380E-01  9.45565E-01      -1.00000E+00  1.00000E+00
 -9.54157E-01 -6.02013E-01 -2.93098E-02  5.68815E-01  9.49205E-01      -1.00000E+00  1.00000E+00
 -9.51870E-01 -6.00370E-01 -2.34596E-02  5.74665E-01  9.48817E-01      -1.00000E+00  1.00000E+00
 -9.50508E-01 -5.88200E-01 -3.67662E-03  5.78945E-01  9.49125E-01      -1.00000E+00  1.00000E+00
 -9.79480E-01 -7.85177E-01 -3.04630E-01  3.90955E-01  9.23580E-01      -1.00000E+00  1.00000E+00
 -9.76195E-01 -7.57432E-01 -2.60240E-01  4.20592E-01  9.27455E-01      -1.00000E+00  1.00000E+00
 -9.71407E-01 -7.16840E-01 -2.05882E-01  4.51760E-01  9.30895E-01      -1.00000E+00  1.00000E+00
 -9.60920E-01 -6.63608E-01 -1.18119E-01  5.08857E-01  9.41215E-01      -1.00000E+00  1.00000E+00
 -9.54163E-01 -6.16693E-01 -5.12526E-02  5.54498E-01  9.45150E-01      -1.00000E+00  1.00000E+00
 -5.65770E-01 -1.60071E-01  3.16740E-01  7.39755E-01  9.70598E-01      -1.00000E+00  1.00000E+00
 -5.68483E-01 -1.74128E-01  2.90790E-01  7.22550E-01  9.68803E-01      -1.00000E+00  1.00000E+00
 -5.96777E-01 -1.95847E-01  2.71006E-01  7.10617E-01  9.66095E-01      -1.00000E+00  1.00000E+00
 -6.54817E-01 -2.54693E-01  2.14950E-01  6.80283E-01  9.62892E-01      -1.00000E+00  1.00000E+00
 -8.39593E-01 -3.98317E-01  1.18017E-01  6.35067E-01  9.56283E-01      -1.00000E+00  1.00000E+00
  9.03028E-02  4.18635E-01  6.90375E-01  8.88678E-01  9.87695E-01      -7.95330E-01  1.00000E+00
  1.29545E-01  4.49968E-01  6.96672E-01  8.87387E-01  9.87073E-01      -7.99190E-01  1.00000E+00
  1.88105E-01  4.95993E-01  7.19592E-01  8.93685E-01  9.87815E-01      -8.11660E-01  1.00000E+00
  2.50410E-01  5.69333E-01  7.70737E-01  9.13185E-01  9.90233E-01      -8.70500E-01  1.00000E+00
  2.20325E-01  6.20750E-01  8.18473E-01  9.35737E-01  9.92955E-01      -9.99980E-01  1.00000E+00
  6.01692E-01  7.83362E-01  8.85452E-01  9.56647E-01  9.95155E-01      -2.72840E-01  1.00000E+00
  6.28108E-01  8.06245E-01  9.00848E-01  9.63572E-01  9.95780E-01      -4.21690E-01  1.00000E+00
  6.62195E-01  8.35360E-01  9.20660E-01  9.72150E-01  9.96930E-01      -2.94550E-01  1.00000E+00
  6.92385E-01  8.59227E-01  9.34910E-01  9.78083E-01  9.97655E-01      -2.69760E-01  1.00000E+00
  7.12027E-01  8.76165E-01  9.44875E-01  9.81702E-01  9.98072E-01      -2.02630E-01  1.00000E+00


    1.   1.01   13.  26.98  5.00E+00  7.00E+01  9.01E-01  7.24E-01     5   0.00

  3.09280E+00  3.96730E+00  4.25740E+00  4.46020E+00  4.63560E+00       2.29920E-03  4.80900E+00

  3.42870E-01  5.70290E-01  7.21635E-01  8.44800E-01  9.51995E-01       1.01310E-03  1.00000E+00
  2.92545E-01  5.03810E-01  6.57005E-01  7.95300E-01  9.29905E-01       4.18250E-04  1.00000E+00
  2.86075E-01  4.97390E-01  6.55080E-01  7.99105E-01  9.36890E-01       1.86920E-03  1.00000E+00
  2.43065E-01  4.25840E-01  5.62245E-01  6.89505E-01  8.32215E-01       3.43760E-04  9.99970E-01
  1.57900E-01  2.80945E-01  3.77270E-01  4.75620E-01  6.14995E-01       2.11050E-04  9.81600E-01

 -9.62085E-01 -6.77163E-01 -1.48331E-01  4.77320E-01  9.34570E-01      -1.00000E+00  1.00000E+00
 -9.61555E-01 -6.58443E-01 -1.17031E-01  5.00800E-01  9.38257E-01      -1.00000E+00  1.00000E+00
 -9.58365E-01 -6.51870E-01 -9.97208E-02  5.13395E-01  9.39052E-01      -1.00000E+00  1.00000E+00
 -9.56622E-01 -6.28355E-01 -6.99423E-02  5.36833E-01  9.41833E-01      -1.00000E+00  1.00000E+00
 -9.54447E-01 -6.17572E-01 -4.29205E-02  5.59033E-01  9.45782E-01      -1.00000E+00  1.00000E+00
 -8.83038E-01 -5.74175E-01 -4.80100E-02  5.52580E-01  9.47252E-01      -1.00000E+00  1.00000E+00
 -9.10285E-01 -5.90588E-01 -6.10815E-02  5.50965E-01  9.46135E-01      -1.00000E+00  1.00000E+00
 -9.34322E-01 -5.93677E-01 -4.76815E-02  5.56163E-01  9.46680E-01      -1.00000E+00  1.00000E+00
 -9.46677E-01 -6.05960E-01 -2.94357E-02  5.68702E-01  9.48492E-01      -1.00000E+00  1.00000E+00
 -9.54723E-01 -6.14130E-01 -2.03268E-02  5.80403E-01  9.50285E-01      -1.00000E+00  1.00000E+00
 -1.79211E-01  2.22656E-01  5.88202E-01  8.53745E-01  9.83953E-01      -9.39490E-01  1.00000E+00
 -1.79238E-01  2.03460E-01  5.66045E-01  8.38358E-01  9.82090E-01      -9.84440E-01  1.00000E+00
 -1.68673E-01  2.17060E-01  5.61505E-01  8.36053E-01  9.81348E-01      -9.92610E-01  1.00000E+00
 -2.22080E-01  1.96258E-01  5.35770E-01  8.21880E-01  9.79765E-01      -1.00000E+00  1.00000E+00
 -5.03606E-01  1.73100E-02  4.23610E-01  7.68155E-01  9.72778E-01      -1.00000E+00  1.00000E+00
  3.18090E-01  5.94402E-01  7.88798E-01  9.23070E-01  9.91602E-01      -6.67230E-01  1.00000E+00
  3.46810E-01  6.06558E-01  7.90233E-01  9.22665E-01  9.91185E-01      -6.04010E-01  1.00000E+00
  3.98948E-01  6.48822E-01  8.12965E-01  9.29775E-01  9.92112E-01      -5.15310E-01  1.00000E+00
  4.60965E-01  7.08492E-01  8.49328E-01  9.44952E-01  9.93880E-01      -6.38620E-01  1.00000E+00
  4.84498E-01  7.57402E-01  8.88125E-01  9.61610E-01  9.95888E-01      -9.99870E-01  1.00000E+00
  7.16565E-01  8.59322E-01  9.33285E-01  9.76627E-01  9.97375E-01      -6.65800E-02  1.00000E+00
  7.30128E-01  8.69227E-01  9.37677E-01  9.78158E-01  9.97590E-01      -3.23350E-02  1.00000E+00
  7.45435E-01  8.82467E-01  9.45785E-01  9.81360E-01  9.98005E-01      -2.06950E-02  1.00000E+00
  7.63875E-01  8.94840E-01  9.52835E-01  9.84355E-01  9.98365E-01       1.02370E-02  1.00000E+00
  7.89230E-01  9.07782E-01  9.59790E-01  9.86492E-01  9.98550E-01       1.05700E-01  1.00000E+00


    1.   1.01   13.  26.98  5.00E+00  8.00E+01  9.36E-01  7.79E-01     5   0.00

  3.40510E+00  4.10390E+00  4.36270E+00  4.54380E+00  4.69800E+00       3.67910E-03  4.82660E+00

  3.20250E-01  5.41710E-01  6.93150E-01  8.23990E-01  9.43055E-01       1.00870E-03  1.00000E+00
  2.87335E-01  4.98790E-01  6.56180E-01  7.99170E-01  9.34565E-01       1.03710E-03  1.00000E+00
  2.67775E-01  4.70260E-01  6.23740E-01  7.70510E-01  9.19510E-01       8.68350E-04  1.00000E+00
  2.26365E-01  4.00050E-01  5.30455E-01  6.53340E-01  7.97620E-01       7.16870E-04  9.99900E-01
  1.47990E-01  2.66120E-01  3.59195E-01  4.52295E-01  5.74670E-01       4.05930E-04  9.24860E-01

 -9.66292E-01 -7.00005E-01 -1.76903E-01  4.76605E-01  9.36187E-01      -1.00000E+00  1.00000E+00
 -9.64775E-01 -6.83728E-01 -1.51442E-01  4.90405E-01  9.38867E-01      -1.00000E+00  1.00000E+00
 -9.64600E-01 -6.71262E-01 -1.29178E-01  5.03510E-01  9.36862E-01      -1.00000E+00  1.00000E+00
 -9.58368E-01 -6.40033E-01 -8.14757E-02  5.29215E-01  9.41453E-01      -1.00000E+00  1.00000E+00
 -9.54270E-01 -6.14640E-01 -4.03682E-02  5.64565E-01  9.47493E-01      -1.00000E+00  1.00000E+00
 -6.53975E-01 -2.31691E-01  2.81578E-01  7.28170E-01  9.69375E-01      -1.00000E+00  1.00000E+00
 -6.75245E-01 -2.72206E-01  2.45560E-01  7.09715E-01  9.66785E-01      -1.00000E+00  1.00000E+00
 -7.13555E-01 -3.06918E-01  2.08782E-01  6.89400E-01  9.63965E-01      -1.00000E+00  1.00000E+00
 -8.27908E-01 -4.01587E-01  1.48928E-01  6.62547E-01  9.61353E-01      -1.00000E+00  1.00000E+00
 -9.38083E-01 -5.55100E-01  1.69370E-02  5.97245E-01  9.52840E-01      -1.00000E+00  1.00000E+00
  7.33987E-02  4.50878E-01  7.31807E-01  9.06380E-01  9.89340E-01      -8.70080E-01  1.00000E+00
  7.34015E-02  4.24752E-01  7.04497E-01  8.93163E-01  9.88500E-01      -8.61960E-01  1.00000E+00
  8.02870E-02  4.23990E-01  6.99625E-01  8.91985E-01  9.87482E-01      -8.63130E-01  1.00000E+00
  7.49945E-02  4.30663E-01  6.94138E-01  8.88493E-01  9.87132E-01      -9.95320E-01  1.00000E+00
 -1.11735E-01  3.72500E-01  6.70277E-01  8.74790E-01  9.85845E-01      -1.00000E+00  1.00000E+00
  4.67950E-01  6.92860E-01  8.46560E-01  9.46483E-01  9.94108E-01      -4.79650E-01  1.00000E+00
  4.88662E-01  6.99473E-01  8.40615E-01  9.40653E-01  9.93547E-01      -5.90420E-01  1.00000E+00
  5.32917E-01  7.35880E-01  8.58847E-01  9.46365E-01  9.93665E-01      -4.62250E-01  1.00000E+00
  5.82700E-01  7.84872E-01  8.91363E-01  9.59817E-01  9.95400E-01      -4.46340E-01  1.00000E+00
  6.22170E-01  8.24785E-01  9.20380E-01  9.72785E-01  9.97053E-01      -9.13170E-01  1.00000E+00
  7.74180E-01  8.90792E-01  9.49198E-01  9.82947E-01  9.98155E-01       1.29750E-01  1.00000E+00
  7.80760E-01  8.94182E-01  9.49698E-01  9.81917E-01  9.98043E-01       1.62470E-01  1.00000E+00
  7.95223E-01  9.02197E-01  9.54480E-01  9.84343E-01  9.98315E-01       1.29130E-01  1.00000E+00
  8.16088E-01  9.15625E-01  9.61475E-01  9.86777E-01  9.98522E-01       2.50650E-01  1.00000E+00
  8.53878E-01  9.35248E-01  9.71300E-01  9.90290E-01  9.98942E-01       2.96290E-01  1.00000E+00


    1.   1.01   13.  26.98  5.00E+00  8.50E+01  9.45E-01  7.93E-01     5   0.00

  3.48780E+00  4.14250E+00  4.39210E+00  4.56570E+00  4.71370E+00       2.51560E-03  4.83160E+00

  3.12065E-01  5.32525E-01  6.85820E-01  8.17645E-01  9.40445E-01       2.04470E-03  1.00000E+00
  2.86540E-01  4.98945E-01  6.56150E-01  8.00435E-01  9.36035E-01       2.41640E-03  1.00000E+00
  2.59570E-01  4.59205E-01  6.13725E-01  7.62510E-01  9.12880E-01       1.57970E-03  1.00000E+00
  2.21415E-01  3.91425E-01  5.20470E-01  6.43180E-01  7.88675E-01       1.11650E-03  9.99830E-01
  1.47090E-01  2.63820E-01  3.55200E-01  4.43985E-01  5.59970E-01       6.43080E-04  9.20080E-01

 -9.68770E-01 -7.04608E-01 -1.77443E-01  4.77230E-01  9.37863E-01      -1.00000E+00  1.00000E+00
 -9.65337E-01 -6.85190E-01 -1.45636E-01  5.03802E-01  9.39120E-01      -1.00000E+00  1.00000E+00
 -9.61993E-01 -6.67280E-01 -1.17305E-01  5.13112E-01  9.41075E-01      -1.00000E+00  1.00000E+00
 -9.57597E-01 -6.35513E-01 -7.33058E-02  5.43355E-01  9.44253E-01      -1.00000E+00  1.00000E+00
 -9.54300E-01 -6.14505E-01 -3.40540E-02  5.63950E-01  9.48507E-01      -1.00000E+00  1.00000E+00
 -5.69492E-01 -1.07110E-01  3.92695E-01  7.77697E-01  9.76185E-01      -1.00000E+00  1.00000E+00
 -6.05810E-01 -1.68695E-01  3.22360E-01  7.43127E-01  9.70795E-01      -1.00000E+00  1.00000E+00
 -6.49238E-01 -2.19114E-01  2.92513E-01  7.26475E-01  9.69757E-01      -1.00000E+00  1.00000E+00
 -7.51958E-01 -3.16454E-01  2.14999E-01  6.93178E-01  9.65388E-01      -1.00000E+00  1.00000E+00
 -9.22050E-01 -5.10792E-01  5.58890E-02  6.16550E-01  9.57185E-01      -1.00000E+00  1.00000E+00
  1.43320E-01  5.07502E-01  7.62313E-01  9.18010E-01  9.90922E-01      -7.93080E-01  1.00000E+00
  1.33379E-01  4.76720E-01  7.39775E-01  9.08038E-01  9.90000E-01      -7.62060E-01  1.00000E+00
  1.48042E-01  4.77623E-01  7.28890E-01  9.04963E-01  9.89655E-01      -8.99160E-01  1.00000E+00
  1.47119E-01  4.81627E-01  7.20960E-01  8.98787E-01  9.88738E-01      -9.39340E-01  1.00000E+00
 -1.15750E-03  4.56830E-01  7.20518E-01  8.98008E-01  9.88480E-01      -1.00000E+00  1.00000E+00
  5.05497E-01  7.18417E-01  8.60487E-01  9.51677E-01  9.94815E-01      -3.36090E-01  1.00000E+00
  5.23390E-01  7.23760E-01  8.56275E-01  9.46480E-01  9.94105E-01      -4.54910E-01  1.00000E+00
  5.64475E-01  7.58438E-01  8.73103E-01  9.52835E-01  9.94512E-01      -3.81160E-01  1.00000E+00
  6.10760E-01  8.01960E-01  9.01885E-01  9.64202E-01  9.95937E-01      -2.68860E-01  1.00000E+00
  6.59223E-01  8.43032E-01  9.28268E-01  9.75400E-01  9.97365E-01      -6.51820E-01  1.00000E+00
  7.85990E-01  8.94132E-01  9.50430E-01  9.83463E-01  9.98252E-01       2.07440E-01  1.00000E+00
  7.95540E-01  8.97688E-01  9.50425E-01  9.82450E-01  9.98053E-01       2.20880E-01  1.00000E+00
  8.11090E-01  9.08550E-01  9.56183E-01  9.84760E-01  9.98350E-01       2.19560E-01  1.00000E+00
  8.33937E-01  9.22620E-01  9.64788E-01  9.88000E-01  9.98715E-01       3.07280E-01  1.00000E+00
  8.70610E-01  9.43197E-01  9.74847E-01  9.91522E-01  9.99085E-01       3.43790E-01  1.00000E+00


    1.   1.01   13.  26.98  1.00E+01  0.00E+00  5.79E-01  3.52E-01     5   0.00

  2.49690E+00  5.19350E+00  6.78620E+00  7.76880E+00  8.32920E+00       2.60430E-03  8.97120E+00

  4.05135E-01  6.36635E-01  7.74615E-01  8.79615E-01  9.64150E-01       2.11040E-03  1.00000E+00
  4.60105E-01  6.66700E-01  7.90385E-01  8.86150E-01  9.65615E-01       2.28190E-03  1.00000E+00
  4.54715E-01  6.58440E-01  7.83345E-01  8.80755E-01  9.63555E-01       3.97480E-03  1.00000E+00
  4.39400E-01  6.50175E-01  7.82630E-01  8.84445E-01  9.65900E-01       3.99830E-03  1.00000E+00
  3.02410E-01  4.74160E-01  5.88840E-01  6.89220E-01  8.06235E-01       9.01230E-04  9.99970E-01

 -9.49655E-01 -5.90675E-01 -3.62520E-03  5.85438E-01  9.52355E-01      -1.00000E+00  1.00000E+00
 -9.50003E-01 -5.88280E-01 -8.50435E-03  5.83205E-01  9.52415E-01      -1.00000E+00  1.00000E+00
 -9.52112E-01 -5.88395E-01 -1.23660E-03  5.84835E-01  9.51937E-01      -1.00000E+00  1.00000E+00
 -9.49605E-01 -5.90568E-01 -9.80405E-03  5.76202E-01  9.48558E-01      -1.00000E+00  1.00000E+00
 -9.50398E-01 -5.89688E-01  6.10620E-03  5.97880E-01  9.53782E-01      -1.00000E+00  1.00000E+00
 -9.50990E-01 -5.79298E-01  1.39807E-02  5.90005E-01  9.51380E-01      -1.00000E+00  1.00000E+00
 -9.50307E-01 -5.81738E-01  1.41674E-02  5.95885E-01  9.54058E-01      -1.00000E+00  1.00000E+00
 -9.50187E-01 -5.85592E-01 -8.61083E-03  5.81255E-01  9.48890E-01      -1.00000E+00  1.00000E+00
 -9.50843E-01 -5.82720E-01  4.31424E-03  5.87450E-01  9.51950E-01      -1.00000E+00  1.00000E+00
 -9.49785E-01 -5.88945E-01  3.48663E-03  5.84455E-01  9.49777E-01      -1.00000E+00  1.00000E+00
 -9.51272E-01 -5.83752E-01  9.98425E-03  5.86002E-01  9.51113E-01      -1.00000E+00  1.00000E+00
 -9.50957E-01 -5.84865E-01 -1.16575E-04  5.82593E-01  9.51968E-01      -1.00000E+00  1.00000E+00
 -9.48808E-01 -5.76075E-01  7.61520E-03  5.85688E-01  9.50470E-01      -1.00000E+00  1.00000E+00
 -9.50580E-01 -5.83273E-01  1.03105E-02  5.97875E-01  9.53828E-01      -1.00000E+00  1.00000E+00
 -9.50775E-01 -5.97010E-01 -1.81918E-02  5.83620E-01  9.49043E-01      -1.00000E+00  1.00000E+00
 -9.51078E-01 -5.93750E-01  8.14025E-04  5.90200E-01  9.52045E-01      -1.00000E+00  1.00000E+00
 -9.52840E-01 -5.91735E-01  1.02753E-03  5.82717E-01  9.51708E-01      -1.00000E+00  1.00000E+00
 -9.51565E-01 -5.87778E-01  1.93349E-03  5.82907E-01  9.49760E-01      -1.00000E+00  1.00000E+00
 -9.52323E-01 -5.89722E-01 -7.92452E-04  5.89755E-01  9.51577E-01      -1.00000E+00  1.00000E+00
 -9.50625E-01 -5.88882E-01  8.18830E-03  5.89440E-01  9.53365E-01      -1.00000E+00  1.00000E+00
 -9.51535E-01 -5.91205E-01 -1.88258E-02  5.73180E-01  9.49895E-01      -1.00000E+00  1.00000E+00
 -9.51168E-01 -5.95762E-01 -2.56745E-03  5.96965E-01  9.52790E-01      -1.00000E+00  1.00000E+00
 -9.54117E-01 -6.02595E-01 -1.58123E-02  5.77462E-01  9.48800E-01      -1.00000E+00  1.00000E+00
 -9.50673E-01 -5.86677E-01  5.94095E-03  6.01668E-01  9.53612E-01      -1.00000E+00  1.00000E+00
 -9.51542E-01 -5.92087E-01 -7.95211E-03  5.86930E-01  9.51707E-01      -1.00000E+00  1.00000E+00


    1.   1.01   13.  26.98  1.00E+01  3.00E+01  6.41E-01  4.18E-01     5   0.00

  2.93000E+00  5.82170E+00  7.31860E+00  8.12490E+00  8.64130E+00       8.84240E-04  9.36570E+00

  4.17390E-01  6.43235E-01  7.78705E-01  8.81135E-01  9.64725E-01       3.74660E-03  1.00000E+00
  4.55970E-01  6.63020E-01  7.87280E-01  8.84275E-01  9.64720E-01       1.24900E-03  1.00000E+00
  4.32960E-01  6.40365E-01  7.69365E-01  8.72385E-01  9.60865E-01       2.35120E-03  1.00000E+00
  3.75825E-01  5.84595E-01  7.24220E-01  8.42330E-01  9.50005E-01       2.40240E-03  1.00000E+00
  2.45545E-01  4.09590E-01  5.30120E-01  6.41805E-01  7.76020E-01       1.41960E-03  9.99920E-01

 -9.51905E-01 -5.96657E-01  4.31475E-04  5.86800E-01  9.51157E-01      -1.00000E+00  1.00000E+00
 -9.50590E-01 -5.83380E-01  6.51949E-03  5.92020E-01  9.50025E-01      -1.00000E+00  1.00000E+00
 -9.50990E-01 -5.87557E-01  5.21322E-03  5.91287E-01  9.50943E-01      -1.00000E+00  1.00000E+00
 -9.50305E-01 -5.87115E-01 -1.70722E-03  5.83740E-01  9.50207E-01      -1.00000E+00  1.00000E+00
 -9.52522E-01 -5.85145E-01 -3.19320E-03  5.83512E-01  9.50160E-01      -1.00000E+00  1.00000E+00
 -9.51585E-01 -5.91910E-01 -8.78648E-03  5.84058E-01  9.49945E-01      -1.00000E+00  1.00000E+00
 -9.51945E-01 -5.96008E-01 -1.40255E-02  5.88132E-01  9.51735E-01      -1.00000E+00  1.00000E+00
 -9.51993E-01 -6.02260E-01 -1.65618E-02  5.79485E-01  9.52917E-01      -1.00000E+00  1.00000E+00
 -9.50170E-01 -5.93407E-01 -4.18400E-03  5.88832E-01  9.51248E-01      -1.00000E+00  1.00000E+00
 -9.52553E-01 -5.90182E-01  7.22525E-04  5.90108E-01  9.49675E-01      -1.00000E+00  1.00000E+00
 -9.66130E-01 -6.97468E-01 -1.79893E-01  4.69960E-01  9.27898E-01      -1.00000E+00  1.00000E+00
 -9.61718E-01 -6.62323E-01 -1.20180E-01  5.07765E-01  9.37735E-01      -1.00000E+00  1.00000E+00
 -9.58555E-01 -6.50478E-01 -9.01228E-02  5.29035E-01  9.43558E-01      -1.00000E+00  1.00000E+00
 -9.58280E-01 -6.36860E-01 -7.76452E-02  5.38513E-01  9.46170E-01      -1.00000E+00  1.00000E+00
 -9.54300E-01 -6.02415E-01 -3.83990E-02  5.60380E-01  9.46848E-01      -1.00000E+00  1.00000E+00
 -9.66990E-01 -7.33113E-01 -2.47753E-01  4.22040E-01  9.27527E-01      -1.00000E+00  1.00000E+00
 -9.46117E-01 -6.55290E-01 -1.57842E-01  4.72257E-01  9.36867E-01      -1.00000E+00  1.00000E+00
 -9.04905E-01 -5.85685E-01 -9.13315E-02  5.16120E-01  9.38560E-01      -1.00000E+00  1.00000E+00
 -8.57130E-01 -4.90725E-01  8.02500E-04  5.58922E-01  9.45515E-01      -1.00000E+00  1.00000E+00
 -8.89755E-01 -4.50395E-01  1.01280E-01  6.28748E-01  9.54572E-01      -1.00000E+00  1.00000E+00
 -9.93900E-02  3.08812E-01  6.01425E-01  8.41685E-01  9.81808E-01      -1.00000E+00  1.00000E+00
  1.84850E-02  4.12969E-01  6.74922E-01  8.73710E-01  9.85243E-01      -9.94820E-01  1.00000E+00
  1.39879E-01  5.06325E-01  7.36475E-01  8.99047E-01  9.87710E-01      -9.87260E-01  1.00000E+00
  2.47376E-01  6.07850E-01  8.04103E-01  9.27810E-01  9.91820E-01      -8.90130E-01  1.00000E+00
  3.73855E-01  7.00080E-01  8.60313E-01  9.51632E-01  9.94605E-01      -9.99700E-01  1.00000E+00


    1.   1.01   13.  26.98  1.00E+01  4.50E+01  7.21E-01  5.11E-01     5   0.00

  3.66730E+00  6.70340E+00  7.92860E+00  8.48840E+00  8.97440E+00       8.67180E-03  9.50290E+00

  4.24720E-01  6.47090E-01  7.80920E-01  8.82460E-01  9.64840E-01       5.13660E-03  1.00000E+00
  4.33645E-01  6.42505E-01  7.70380E-01  8.73275E-01  9.60685E-01       5.09080E-03  1.00000E+00
  3.66515E-01  5.73195E-01  7.13285E-01  8.33320E-01  9.45195E-01       2.29270E-03  1.00000E+00
  3.21275E-01  5.24060E-01  6.68370E-01  7.96300E-01  9.19705E-01       5.76800E-04  1.00000E+00
  2.04985E-01  3.49075E-01  4.53920E-01  5.53880E-01  6.81925E-01       1.17840E-03  9.99260E-01

 -9.51205E-01 -5.90625E-01 -3.01290E-03  5.90218E-01  9.50425E-01      -1.00000E+00  1.00000E+00
 -9.52562E-01 -5.92320E-01  3.88175E-03  5.91238E-01  9.52135E-01      -1.00000E+00  1.00000E+00
 -9.49028E-01 -5.88122E-01  3.41898E-03  5.91097E-01  9.52490E-01      -1.00000E+00  1.00000E+00
 -9.50582E-01 -5.89760E-01 -8.67435E-03  5.73542E-01  9.50480E-01      -1.00000E+00  1.00000E+00
 -9.49887E-01 -5.86547E-01  1.01992E-03  5.95527E-01  9.52148E-01      -1.00000E+00  1.00000E+00
 -9.61323E-01 -6.56650E-01 -1.23266E-01  4.83395E-01  9.34522E-01      -1.00000E+00  1.00000E+00
 -9.58480E-01 -6.34875E-01 -7.65368E-02  5.34315E-01  9.43178E-01      -1.00000E+00  1.00000E+00
 -9.55588E-01 -6.25610E-01 -5.02128E-02  5.46898E-01  9.45465E-01      -1.00000E+00  1.00000E+00
 -9.53797E-01 -6.14010E-01 -3.67561E-02  5.61970E-01  9.47360E-01      -1.00000E+00  1.00000E+00
 -9.53388E-01 -5.99355E-01 -1.86043E-02  5.70240E-01  9.47875E-01      -1.00000E+00  1.00000E+00
 -9.79202E-01 -7.96327E-01 -3.54317E-01  3.45865E-01  9.16072E-01      -1.00000E+00  1.00000E+00
 -9.72792E-01 -7.63900E-01 -2.81210E-01  4.09942E-01  9.26457E-01      -1.00000E+00  1.00000E+00
 -9.67518E-01 -7.25670E-01 -2.08812E-01  4.64890E-01  9.34242E-01      -1.00000E+00  1.00000E+00
 -9.63345E-01 -6.96725E-01 -1.62702E-01  4.90507E-01  9.38995E-01      -1.00000E+00  1.00000E+00
 -9.60240E-01 -6.52775E-01 -8.65462E-02  5.35057E-01  9.43265E-01      -1.00000E+00  1.00000E+00
 -4.27872E-01 -6.96775E-02  3.50787E-01  7.43618E-01  9.70825E-01      -9.99450E-01  1.00000E+00
 -3.22795E-01  3.78875E-02  4.30943E-01  7.80820E-01  9.74325E-01      -9.97990E-01  1.00000E+00
 -2.39416E-01  1.25031E-01  4.77075E-01  7.91945E-01  9.75260E-01      -9.78290E-01  1.00000E+00
 -1.75870E-01  2.15863E-01  5.33080E-01  8.15185E-01  9.78725E-01      -1.00000E+00  1.00000E+00
 -2.49665E-01  2.17462E-01  5.63045E-01  8.27107E-01  9.79637E-01      -1.00000E+00  1.00000E+00
  4.22565E-01  6.68318E-01  8.29110E-01  9.39880E-01  9.93757E-01      -5.75600E-01  1.00000E+00
  4.84070E-01  7.08915E-01  8.45687E-01  9.42957E-01  9.93677E-01      -6.18370E-01  1.00000E+00
  5.41203E-01  7.54252E-01  8.74563E-01  9.52955E-01  9.94703E-01      -5.42480E-01  1.00000E+00
  6.02545E-01  8.01852E-01  9.05498E-01  9.66335E-01  9.96147E-01      -4.10420E-01  1.00000E+00
  6.61870E-01  8.50442E-01  9.32100E-01  9.77130E-01  9.97555E-01      -3.69960E-01  1.00000E+00


    1.   1.01   13.  26.98  1.00E+01  6.00E+01  8.31E-01  6.53E-01     5   0.00

  5.20910E+00  7.84470E+00  8.53180E+00  8.94690E+00  9.30010E+00       1.68070E-03  9.61260E+00

  4.26545E-01  6.44005E-01  7.75385E-01  8.78035E-01  9.62715E-01       9.69350E-04  1.00000E+00
  3.40805E-01  5.45175E-01  6.88130E-01  8.14570E-01  9.37310E-01       1.48040E-03  1.00000E+00
  3.14030E-01  5.18650E-01  6.68940E-01  8.06050E-01  9.36855E-01       2.49640E-03  1.00000E+00
  2.54985E-01  4.28710E-01  5.57585E-01  6.77650E-01  8.09700E-01       6.31920E-04  1.00000E+00
  1.57500E-01  2.73975E-01  3.61450E-01  4.46435E-01  5.63545E-01       1.16370E-03  9.32000E-01

 -9.52965E-01 -6.06135E-01 -2.66526E-02  5.77782E-01  9.49385E-01      -1.00000E+00  1.00000E+00
 -9.52222E-01 -6.01005E-01 -2.32403E-02  5.72792E-01  9.47945E-01      -1.00000E+00  1.00000E+00
 -9.51078E-01 -5.95580E-01 -2.07170E-02  5.75242E-01  9.50000E-01      -1.00000E+00  1.00000E+00
 -9.49908E-01 -5.89333E-01 -3.59185E-03  5.88935E-01  9.51080E-01      -1.00000E+00  1.00000E+00
 -9.50012E-01 -5.98390E-01 -1.04259E-02  5.86055E-01  9.51095E-01      -1.00000E+00  1.00000E+00
 -9.77027E-01 -8.00008E-01 -3.80365E-01  3.15500E-01  9.11918E-01      -1.00000E+00  1.00000E+00
 -9.73770E-01 -7.67420E-01 -3.08655E-01  3.70585E-01  9.16978E-01      -1.00000E+00  1.00000E+00
 -9.68540E-01 -7.36178E-01 -2.36955E-01  4.26880E-01  9.26712E-01      -1.00000E+00  1.00000E+00
 -9.67380E-01 -7.03820E-01 -1.71365E-01  4.79690E-01  9.39368E-01      -1.00000E+00  1.00000E+00
 -9.58590E-01 -6.36127E-01 -6.40049E-02  5.45300E-01  9.45450E-01      -1.00000E+00  1.00000E+00
 -3.53525E-01  2.67250E-02  4.62422E-01  8.00778E-01  9.77182E-01      -9.73650E-01  1.00000E+00
 -3.27717E-01  3.93100E-02  4.50407E-01  7.88470E-01  9.75750E-01      -9.92680E-01  1.00000E+00
 -3.10216E-01  5.71275E-02  4.51230E-01  7.87635E-01  9.75445E-01      -9.99860E-01  1.00000E+00
 -3.53698E-01  3.93900E-02  4.11800E-01  7.65018E-01  9.71838E-01      -1.00000E+00  1.00000E+00
 -5.01584E-01 -6.93600E-02  3.22279E-01  7.07307E-01  9.64002E-01      -1.00000E+00  1.00000E+00
  2.70765E-01  5.54508E-01  7.87408E-01  9.27988E-01  9.92053E-01      -5.36860E-01  1.00000E+00
  3.22983E-01  5.71355E-01  7.77423E-01  9.20860E-01  9.91492E-01      -5.46960E-01  1.00000E+00
  3.84142E-01  6.15278E-01  7.91335E-01  9.25158E-01  9.91693E-01      -6.56890E-01  1.00000E+00
  4.75420E-01  6.93770E-01  8.33435E-01  9.36737E-01  9.93143E-01      -4.55400E-01  1.00000E+00
  5.69723E-01  7.91905E-01  9.01510E-01  9.65245E-01  9.96067E-01      -9.69110E-01  1.00000E+00
  7.04755E-01  8.39228E-01  9.20273E-01  9.72023E-01  9.97085E-01      -6.10170E-02  1.00000E+00
  7.33460E-01  8.58447E-01  9.27555E-01  9.73583E-01  9.97058E-01      -2.85290E-02  1.00000E+00
  7.62987E-01  8.81200E-01  9.41157E-01  9.78707E-01  9.97673E-01       2.66850E-02  1.00000E+00
  7.93378E-01  9.05088E-01  9.56223E-01  9.85065E-01  9.98300E-01       9.80040E-02  1.00000E+00
  8.20785E-01  9.23720E-01  9.66360E-01  9.88777E-01  9.98798E-01       1.53250E-01  1.00000E+00


    1.   1.01   13.  26.98  1.00E+01  7.00E+01  9.06E-01  7.61E-01     5   0.00

  6.76980E+00  8.41560E+00  8.89730E+00  9.21120E+00  9.47200E+00       7.61050E-03  9.67910E+00

  3.77890E-01  5.90030E-01  7.28815E-01  8.45240E-01  9.50485E-01       1.14620E-03  1.00000E+00
  2.99025E-01  5.02890E-01  6.55550E-01  7.97995E-01  9.35150E-01       2.93570E-04  1.00000E+00
  2.61715E-01  4.47815E-01  5.89390E-01  7.27570E-01  8.79330E-01       8.71520E-04  9.99990E-01
  2.09305E-01  3.63955E-01  4.81180E-01  5.92100E-01  7.18935E-01       7.94210E-04  9.83890E-01
  1.29757E-01  2.28845E-01  3.06305E-01  3.83090E-01  4.87200E-01       3.34570E-04  8.28380E-01

 -9.66518E-01 -7.08483E-01 -2.24153E-01  4.01955E-01  9.19703E-01      -1.00000E+00  1.00000E+00
 -9.64973E-01 -6.98853E-01 -1.90799E-01  4.51670E-01  9.31165E-01      -1.00000E+00  1.00000E+00
 -9.63555E-01 -6.79125E-01 -1.39606E-01  4.92955E-01  9.36130E-01      -1.00000E+00  1.00000E+00
 -9.59533E-01 -6.44887E-01 -8.99223E-02  5.30875E-01  9.42525E-01      -1.00000E+00  1.00000E+00
 -9.57335E-01 -6.22493E-01 -5.26368E-02  5.55065E-01  9.47230E-01      -1.00000E+00  1.00000E+00
 -6.15290E-01 -2.36861E-01  2.32518E-01  6.94845E-01  9.65240E-01      -1.00000E+00  1.00000E+00
 -6.13438E-01 -2.46411E-01  2.14842E-01  6.75535E-01  9.62047E-01      -1.00000E+00  1.00000E+00
 -6.22525E-01 -2.69911E-01  1.85242E-01  6.63822E-01  9.59880E-01      -1.00000E+00  1.00000E+00
 -6.75510E-01 -3.26320E-01  1.35305E-01  6.31117E-01  9.56897E-01      -1.00000E+00  1.00000E+00
 -8.79635E-01 -5.03460E-01  1.51517E-02  5.68610E-01  9.46760E-01      -1.00000E+00  1.00000E+00
  1.72581E-01  5.27940E-01  7.85892E-01  9.28760E-01  9.92435E-01      -6.43950E-01  1.00000E+00
  1.91902E-01  4.92392E-01  7.50275E-01  9.15158E-01  9.90592E-01      -6.44850E-01  1.00000E+00
  2.28383E-01  5.04680E-01  7.43625E-01  9.09642E-01  9.90237E-01      -7.14480E-01  1.00000E+00
  2.84205E-01  5.46532E-01  7.51142E-01  9.10077E-01  9.89688E-01      -6.30320E-01  1.00000E+00
  3.51595E-01  6.41265E-01  8.11695E-01  9.30705E-01  9.92385E-01      -9.99900E-01  1.00000E+00
  5.50992E-01  7.48195E-01  8.84073E-01  9.61947E-01  9.96045E-01      -1.95040E-01  1.00000E+00
  5.79403E-01  7.54317E-01  8.78410E-01  9.57383E-01  9.95297E-01      -1.28640E-01  1.00000E+00
  6.21845E-01  7.76440E-01  8.83835E-01  9.58670E-01  9.95455E-01      -1.05350E-01  1.00000E+00
  6.85285E-01  8.29085E-01  9.10810E-01  9.66272E-01  9.96175E-01      -5.31980E-02  1.00000E+00
  7.61822E-01  8.90370E-01  9.49958E-01  9.82805E-01  9.98152E-01      -5.02370E-02  1.00000E+00
  8.21370E-01  9.11595E-01  9.59370E-01  9.86098E-01  9.98490E-01       2.96110E-01  1.00000E+00
  8.35735E-01  9.19102E-01  9.61847E-01  9.87030E-01  9.98638E-01       3.58680E-01  1.00000E+00
  8.49587E-01  9.27505E-01  9.65965E-01  9.88088E-01  9.98735E-01       3.63500E-01  1.00000E+00
  8.66630E-01  9.38662E-01  9.72000E-01  9.90518E-01  9.98993E-01       4.60550E-01  1.00000E+00
  8.92935E-01  9.53770E-01  9.79595E-01  9.93228E-01  9.99300E-01       5.23890E-01  1.00000E+00


    1.   1.01   13.  26.98  1.00E+01  8.00E+01  9.58E-01  8.47E-01     5   0.00

  7.91680E+00  8.81670E+00  9.17490E+00  9.41020E+00  9.59830E+00       2.41340E-03  9.72710E+00

  3.15290E-01  5.24230E-01  6.73185E-01  8.07295E-01  9.35240E-01       5.14240E-04  1.00000E+00
  2.60000E-01  4.57105E-01  6.11740E-01  7.66435E-01  9.24890E-01       1.20090E-03  1.00000E+00
  2.13015E-01  3.80620E-01  5.13760E-01  6.48565E-01  7.98485E-01       1.09110E-03  9.98630E-01
  1.75250E-01  3.12295E-01  4.18885E-01  5.20530E-01  6.34695E-01       1.16090E-03  8.99000E-01
  1.18700E-01  2.09740E-01  2.74540E-01  3.34135E-01  4.10350E-01       2.13380E-04  6.73470E-01

 -9.33338E-01 -6.17545E-01 -9.68240E-02  5.24925E-01  9.43028E-01      -1.00000E+00  1.00000E+00
 -9.32600E-01 -6.11525E-01 -9.14040E-02  5.29565E-01  9.44832E-01      -1.00000E+00  1.00000E+00
 -9.36978E-01 -6.05480E-01 -7.68029E-02  5.38230E-01  9.42775E-01      -1.00000E+00  1.00000E+00
 -9.48515E-01 -6.27410E-01 -7.82125E-02  5.36757E-01  9.44022E-01      -1.00000E+00  1.00000E+00
 -9.61430E-01 -6.53070E-01 -9.67868E-02  5.30393E-01  9.44823E-01      -1.00000E+00  1.00000E+00
  5.46708E-02  4.88890E-01  7.81402E-01  9.30835E-01  9.92870E-01      -8.26020E-01  1.00000E+00
  2.48350E-02  4.09015E-01  7.21515E-01  9.06675E-01  9.89968E-01      -8.61710E-01  1.00000E+00
  9.62750E-03  3.54715E-01  6.72140E-01  8.85613E-01  9.87610E-01      -8.40950E-01  1.00000E+00
 -1.98075E-02  3.22191E-01  6.30293E-01  8.64102E-01  9.85060E-01      -9.99810E-01  1.00000E+00
 -2.05055E-01  1.92743E-01  5.15685E-01  7.97340E-01  9.75032E-01      -1.00000E+00  1.00000E+00
  5.06393E-01  7.67523E-01  9.04295E-01  9.69668E-01  9.96778E-01      -2.26650E-01  1.00000E+00
  5.01863E-01  7.29283E-01  8.79955E-01  9.60377E-01  9.95682E-01      -2.33160E-01  1.00000E+00
  5.26072E-01  7.19495E-01  8.65415E-01  9.54993E-01  9.95202E-01      -1.73230E-01  1.00000E+00
  5.80500E-01  7.46330E-01  8.65690E-01  9.52230E-01  9.94745E-01      -1.44060E-01  1.00000E+00
  6.94355E-01  8.42777E-01  9.21635E-01  9.71035E-01  9.96668E-01       6.36920E-03  1.00000E+00
  7.26072E-01  8.63785E-01  9.39848E-01  9.80012E-01  9.97903E-01       2.10900E-01  1.00000E+00
  7.35785E-01  8.55905E-01  9.31693E-01  9.76810E-01  9.97520E-01       2.05720E-01  1.00000E+00
  7.61295E-01  8.65055E-01  9.31338E-01  9.75500E-01  9.97302E-01       2.98330E-01  1.00000E+00
  8.03148E-01  8.97385E-01  9.47483E-01  9.80695E-01  9.97937E-01       3.03540E-01  1.00000E+00
  8.64658E-01  9.38242E-01  9.71955E-01  9.90490E-01  9.98953E-01       3.89750E-01  1.00000E+00
  8.81007E-01  9.34323E-01  9.67090E-01  9.88975E-01  9.98825E-01       5.95570E-01  1.00000E+00
  8.94548E-01  9.42638E-01  9.69372E-01  9.87993E-01  9.98603E-01       6.44620E-01  1.00000E+00
  9.10312E-01  9.54773E-01  9.77583E-01  9.91903E-01  9.99097E-01       6.87950E-01  1.00000E+00
  9.26910E-01  9.66040E-01  9.84280E-01  9.94465E-01  9.99400E-01       7.01280E-01  1.00000E+00
  9.45693E-01  9.76240E-01  9.89620E-01  9.96562E-01  9.99640E-01       7.52230E-01  1.00000E+00


    1.   1.01   13.  26.98  1.00E+01  8.50E+01  9.70E-01  8.69E-01     5   0.00

  8.14570E+00  8.92370E+00  9.24860E+00  9.46050E+00  9.62900E+00       1.52590E-02  9.73800E+00

  2.98335E-01  5.05805E-01  6.59470E-01  8.01550E-01  9.35575E-01       1.07690E-03  1.00000E+00
  2.41420E-01  4.30915E-01  5.84535E-01  7.39855E-01  9.07865E-01       9.84920E-04  1.00000E+00
  2.00020E-01  3.60900E-01  4.91160E-01  6.24105E-01  7.71555E-01       1.39250E-03  9.88150E-01
  1.64415E-01  2.98350E-01  4.05105E-01  5.03805E-01  6.09110E-01       1.70510E-03  8.80850E-01
  1.16954E-01  2.01855E-01  2.60435E-01  3.14590E-01  3.84050E-01       2.40680E-04  6.30900E-01

 -7.79862E-01 -4.14378E-01  9.06500E-02  6.10603E-01  9.54005E-01      -1.00000E+00  1.00000E+00
 -8.28673E-01 -4.62400E-01  5.46350E-02  5.96068E-01  9.51327E-01      -1.00000E+00  1.00000E+00
 -8.68480E-01 -4.83982E-01  4.02825E-02  6.03603E-01  9.53730E-01      -1.00000E+00  1.00000E+00
 -9.15390E-01 -5.40307E-01  3.47875E-03  5.89680E-01  9.49873E-01      -1.00000E+00  1.00000E+00
 -9.52338E-01 -6.31955E-01 -9.37347E-02  5.36830E-01  9.45925E-01      -1.00000E+00  1.00000E+00
  2.18693E-01  6.32397E-01  8.49095E-01  9.53317E-01  9.95143E-01      -6.80700E-01  1.00000E+00
  1.79444E-01  5.45425E-01  7.98435E-01  9.35555E-01  9.93258E-01      -6.66090E-01  1.00000E+00
  1.63758E-01  4.95222E-01  7.59710E-01  9.19620E-01  9.91255E-01      -7.32030E-01  1.00000E+00
  1.63555E-01  4.65237E-01  7.23255E-01  9.03733E-01  9.89400E-01      -7.81480E-01  1.00000E+00
  7.26775E-02  4.34933E-01  6.82052E-01  8.76597E-01  9.85852E-01      -1.00000E+00  1.00000E+00
  5.85433E-01  8.17037E-01  9.26343E-01  9.77038E-01  9.97570E-01      -1.65250E-01  1.00000E+00
  5.75495E-01  7.82072E-01  9.05505E-01  9.69295E-01  9.96755E-01      -1.23900E-01  1.00000E+00
  5.93063E-01  7.65660E-01  8.90997E-01  9.64122E-01  9.96267E-01      -1.04890E-01  1.00000E+00
  6.41085E-01  7.87015E-01  8.87760E-01  9.59480E-01  9.95433E-01      -6.67830E-02  1.00000E+00
  7.51537E-01  8.74838E-01  9.37855E-01  9.77380E-01  9.97570E-01       8.57190E-02  1.00000E+00
  7.68195E-01  8.94925E-01  9.56060E-01  9.86023E-01  9.98528E-01       3.38600E-01  1.00000E+00
  7.69578E-01  8.77923E-01  9.44072E-01  9.81478E-01  9.98005E-01       2.87360E-01  1.00000E+00
  7.92060E-01  8.80275E-01  9.39050E-01  9.78268E-01  9.97600E-01       4.12940E-01  1.00000E+00
  8.33130E-01  9.10515E-01  9.54037E-01  9.83030E-01  9.98115E-01       4.22760E-01  1.00000E+00
  8.90352E-01  9.50152E-01  9.77290E-01  9.92250E-01  9.99173E-01       5.02830E-01  1.00000E+00
  8.97690E-01  9.41283E-01  9.67413E-01  9.87618E-01  9.98628E-01       6.57180E-01  1.00000E+00
  9.12282E-01  9.52205E-01  9.74235E-01  9.89595E-01  9.98720E-01       7.03350E-01  1.00000E+00
  9.26620E-01  9.63472E-01  9.81972E-01  9.93485E-01  9.99282E-01       7.31300E-01  1.00000E+00
  9.39693E-01  9.72377E-01  9.87285E-01  9.95580E-01  9.99515E-01       7.55420E-01  1.00000E+00
  9.56078E-01  9.80842E-01  9.91557E-01  9.97165E-01  9.99687E-01       7.98530E-01  1.00000E+00


    1.   1.01   13.  26.98  2.00E+01  0.00E+00  5.26E-01  3.05E-01     5   0.00

  4.21150E+00  9.40570E+00  1.27770E+01  1.51570E+01  1.68100E+01       5.62010E-03  1.79860E+01

  4.41260E-01  6.58720E-01  7.87340E-01  8.85445E-01  9.65750E-01       5.17370E-03  1.00000E+00
  4.85850E-01  6.78865E-01  7.96875E-01  8.89950E-01  9.66465E-01       1.26670E-03  1.00000E+00
  4.81850E-01  6.69905E-01  7.88135E-01  8.83305E-01  9.63600E-01       9.23630E-03  1.00000E+00
  4.73650E-01  6.62620E-01  7.83695E-01  8.80300E-01  9.63010E-01       7.52330E-03  1.00000E+00
  3.31885E-01  5.06585E-01  6.22925E-01  7.20635E-01  8.29280E-01       1.85070E-03  1.00000E+00

 -9.51515E-01 -5.90448E-01 -2.79663E-03  5.87608E-01  9.47220E-01      -1.00000E+00  1.00000E+00
 -9.51703E-01 -5.95788E-01 -3.89963E-03  5.84218E-01  9.50135E-01      -1.00000E+00  1.00000E+00
 -9.52797E-01 -5.88225E-01 -3.45940E-03  5.80625E-01  9.51832E-01      -1.00000E+00  1.00000E+00
 -9.51577E-01 -5.86653E-01 -4.64890E-03  5.85525E-01  9.50923E-01      -1.00000E+00  1.00000E+00
 -9.51502E-01 -5.91162E-01 -1.30793E-02  5.82592E-01  9.52540E-01      -1.00000E+00  1.00000E+00
 -9.50975E-01 -5.95732E-01  2.13650E-04  5.94670E-01  9.50655E-01      -1.00000E+00  1.00000E+00
 -9.53120E-01 -5.97460E-01 -7.62900E-03  5.77068E-01  9.49593E-01      -1.00000E+00  1.00000E+00
 -9.54045E-01 -6.00383E-01 -4.51045E-03  5.80805E-01  9.52095E-01      -1.00000E+00  1.00000E+00
 -9.51207E-01 -5.78973E-01  4.84410E-03  5.92605E-01  9.50375E-01      -1.00000E+00  1.00000E+00
 -9.51638E-01 -5.86583E-01  2.75120E-03  5.87410E-01  9.50447E-01      -1.00000E+00  1.00000E+00
 -9.51178E-01 -5.93788E-01 -2.76555E-03  5.87080E-01  9.51687E-01      -1.00000E+00  1.00000E+00
 -9.51877E-01 -5.93648E-01 -1.76272E-02  5.83835E-01  9.51793E-01      -1.00000E+00  1.00000E+00
 -9.50800E-01 -5.83655E-01  1.80877E-03  5.82865E-01  9.49802E-01      -1.00000E+00  1.00000E+00
 -9.51075E-01 -5.88742E-01 -1.55328E-02  5.76178E-01  9.49865E-01      -1.00000E+00  1.00000E+00
 -9.49572E-01 -5.87987E-01  2.08552E-03  5.86048E-01  9.51445E-01      -1.00000E+00  1.00000E+00
 -9.51955E-01 -5.87160E-01  4.28572E-03  5.86472E-01  9.48902E-01      -1.00000E+00  1.00000E+00
 -9.52277E-01 -5.86745E-01  3.31402E-03  5.94195E-01  9.50185E-01      -1.00000E+00  1.00000E+00
 -9.48255E-01 -5.78288E-01  7.00810E-03  5.90005E-01  9.50395E-01      -1.00000E+00  1.00000E+00
 -9.52128E-01 -5.87670E-01 -8.88552E-03  5.81867E-01  9.52210E-01      -1.00000E+00  1.00000E+00
 -9.52565E-01 -5.92087E-01 -7.05098E-03  5.90867E-01  9.53047E-01      -1.00000E+00  1.00000E+00
 -9.51798E-01 -5.91615E-01 -6.68195E-03  5.82745E-01  9.50078E-01      -1.00000E+00  1.00000E+00
 -9.51090E-01 -5.90158E-01  8.93235E-03  5.89522E-01  9.52110E-01      -1.00000E+00  1.00000E+00
 -9.51665E-01 -5.79735E-01  2.86651E-03  5.89105E-01  9.50662E-01      -1.00000E+00  1.00000E+00
 -9.51230E-01 -5.87882E-01 -6.91428E-03  5.77290E-01  9.49122E-01      -1.00000E+00  1.00000E+00
 -9.51353E-01 -5.85448E-01  1.50119E-02  5.93363E-01  9.51928E-01      -1.00000E+00  1.00000E+00


    1.   1.01   13.  26.98  2.00E+01  3.00E+01  5.82E-01  3.61E-01     5   0.00

  4.85480E+00  1.04510E+01  1.37940E+01  1.59580E+01  1.73290E+01       7.35540E-03  1.87180E+01

  4.48055E-01  6.62010E-01  7.89825E-01  8.86835E-01  9.66185E-01       4.57330E-03  1.00000E+00
  4.82720E-01  6.74125E-01  7.92225E-01  8.86445E-01  9.65390E-01       9.36450E-03  1.00000E+00
  4.69665E-01  6.58185E-01  7.79150E-01  8.76755E-01  9.61440E-01       1.27830E-03  1.00000E+00
  4.37100E-01  6.24805E-01  7.50800E-01  8.58235E-01  9.54875E-01       5.67840E-03  1.00000E+00
  2.68400E-01  4.32745E-01  5.55815E-01  6.74225E-01  8.07785E-01       1.15010E-03  1.00000E+00

 -9.52775E-01 -5.77100E-01  9.35560E-03  5.91313E-01  9.51538E-01      -1.00000E+00  1.00000E+00
 -9.50252E-01 -5.80313E-01  8.98992E-03  5.93380E-01  9.52200E-01      -1.00000E+00  1.00000E+00
 -9.50647E-01 -5.87238E-01  3.52500E-06  5.88197E-01  9.51180E-01      -1.00000E+00  1.00000E+00
 -9.51990E-01 -5.88950E-01 -4.51310E-03  5.88085E-01  9.50982E-01      -1.00000E+00  1.00000E+00
 -9.49898E-01 -5.88008E-01 -6.68950E-03  5.81845E-01  9.49010E-01      -1.00000E+00  1.00000E+00
 -9.50362E-01 -5.88968E-01  2.17649E-03  5.87830E-01  9.50918E-01      -1.00000E+00  1.00000E+00
 -9.49115E-01 -5.89260E-01 -1.26063E-02  5.79897E-01  9.50133E-01      -1.00000E+00  1.00000E+00
 -9.50582E-01 -5.78248E-01  1.11183E-02  5.95032E-01  9.51877E-01      -1.00000E+00  1.00000E+00
 -9.50827E-01 -5.94665E-01  5.51455E-03  5.91792E-01  9.50295E-01      -1.00000E+00  1.00000E+00
 -9.49867E-01 -5.81278E-01  6.61320E-03  5.88915E-01  9.51720E-01      -1.00000E+00  1.00000E+00
 -9.51510E-01 -6.03718E-01 -2.58594E-02  5.70805E-01  9.46568E-01      -1.00000E+00  1.00000E+00
 -9.50900E-01 -5.90542E-01 -4.58160E-03  5.81830E-01  9.48912E-01      -1.00000E+00  1.00000E+00
 -9.52000E-01 -5.91155E-01 -1.33610E-02  5.80058E-01  9.52095E-01      -1.00000E+00  1.00000E+00
 -9.50245E-01 -5.86320E-01  6.15500E-03  5.96732E-01  9.52435E-01      -1.00000E+00  1.00000E+00
 -9.49310E-01 -5.93747E-01 -8.42202E-03  5.87007E-01  9.50215E-01      -1.00000E+00  1.00000E+00
 -9.67970E-01 -6.95812E-01 -1.37742E-01  5.18842E-01  9.44720E-01      -1.00000E+00  1.00000E+00
 -9.62595E-01 -6.73465E-01 -8.60535E-02  5.53310E-01  9.48090E-01      -1.00000E+00  1.00000E+00
 -9.59265E-01 -6.51007E-01 -7.84053E-02  5.58440E-01  9.48802E-01      -1.00000E+00  1.00000E+00
 -9.58388E-01 -6.50410E-01 -8.93812E-02  5.45983E-01  9.43245E-01      -1.00000E+00  1.00000E+00
 -9.53690E-01 -6.17790E-01 -5.79768E-02  5.53330E-01  9.44963E-01      -1.00000E+00  1.00000E+00
 -3.45407E-01  8.04575E-02  3.93896E-01  7.26465E-01  9.65677E-01      -1.00000E+00  1.00000E+00
 -2.05093E-01  2.26343E-01  5.28730E-01  8.02880E-01  9.78163E-01      -1.00000E+00  1.00000E+00
 -6.10750E-02  3.58814E-01  6.30025E-01  8.49610E-01  9.81618E-01      -9.99940E-01  1.00000E+00
  7.71900E-02  4.70813E-01  7.20492E-01  8.91470E-01  9.87220E-01      -9.74620E-01  1.00000E+00
  2.14438E-01  5.94027E-01  8.05975E-01  9.32432E-01  9.92503E-01      -9.99990E-01  1.00000E+00


    1.   1.01   13.  26.98  2.00E+01  4.50E+01  6.59E-01  4.46E-01     5   0.00

  5.97970E+00  1.20960E+01  1.52180E+01  1.68540E+01  1.79970E+01       3.84920E-03  1.90240E+01

  4.55480E-01  6.65065E-01  7.91025E-01  8.87660E-01  9.65945E-01       3.35920E-03  1.00000E+00
  4.74760E-01  6.64760E-01  7.84800E-01  8.80485E-01  9.63170E-01       5.16830E-03  1.00000E+00
  4.30070E-01  6.19295E-01  7.45190E-01  8.52910E-01  9.52515E-01       3.06830E-04  1.00000E+00
  3.59250E-01  5.49960E-01  6.88650E-01  8.15795E-01  9.36800E-01       5.10520E-03  1.00000E+00
  2.25485E-01  3.65115E-01  4.72450E-01  5.75845E-01  7.01875E-01       1.58280E-03  9.98450E-01

 -9.50280E-01 -5.85017E-01  3.07650E-04  5.87108E-01  9.51455E-01      -1.00000E+00  1.00000E+00
 -9.51732E-01 -5.88030E-01  1.60793E-03  5.90070E-01  9.50040E-01      -1.00000E+00  1.00000E+00
 -9.51570E-01 -5.88480E-01 -6.00180E-03  5.78160E-01  9.51133E-01      -1.00000E+00  1.00000E+00
 -9.51348E-01 -5.85155E-01  5.49660E-03  5.83538E-01  9.50430E-01      -1.00000E+00  1.00000E+00
 -9.49980E-01 -5.79430E-01  2.89858E-03  5.87703E-01  9.53790E-01      -1.00000E+00  1.00000E+00
 -9.52790E-01 -6.04785E-01 -1.30157E-02  5.75730E-01  9.49290E-01      -1.00000E+00  1.00000E+00
 -9.53043E-01 -6.06635E-01 -1.61285E-02  5.78277E-01  9.50003E-01      -1.00000E+00  1.00000E+00
 -9.52858E-01 -5.87365E-01 -3.89783E-03  5.85252E-01  9.52657E-01      -1.00000E+00  1.00000E+00
 -9.51760E-01 -5.94360E-01  2.02425E-03  5.82550E-01  9.49887E-01      -1.00000E+00  1.00000E+00
 -9.52205E-01 -5.89812E-01  5.00767E-03  5.86515E-01  9.51598E-01      -1.00000E+00  1.00000E+00
 -9.68610E-01 -6.96418E-01 -1.52759E-01  5.02428E-01  9.38525E-01      -1.00000E+00  1.00000E+00
 -9.62207E-01 -6.45002E-01 -5.86783E-02  5.67025E-01  9.50255E-01      -1.00000E+00  1.00000E+00
 -9.57715E-01 -6.25607E-01 -3.46257E-02  5.64933E-01  9.50503E-01      -1.00000E+00  1.00000E+00
 -9.55627E-01 -6.06422E-01 -1.19614E-02  5.88350E-01  9.52793E-01      -1.00000E+00  1.00000E+00
 -9.54555E-01 -5.97958E-01 -6.67630E-03  5.86858E-01  9.50915E-01      -1.00000E+00  1.00000E+00
 -7.09265E-01 -4.12160E-01  4.63425E-02  5.93740E-01  9.53105E-01      -1.00000E+00  1.00000E+00
 -6.29323E-01 -2.65211E-01  2.27563E-01  6.92717E-01  9.65348E-01      -1.00000E+00  1.00000E+00
 -5.81630E-01 -2.00775E-01  2.68841E-01  7.18825E-01  9.67470E-01      -1.00000E+00  1.00000E+00
 -5.39813E-01 -1.52470E-01  2.67611E-01  7.04370E-01  9.67840E-01      -1.00000E+00  1.00000E+00
 -5.70392E-01 -1.43725E-01  2.90609E-01  7.02275E-01  9.63680E-01      -1.00000E+00  1.00000E+00
  3.50309E-01  6.15528E-01  8.03155E-01  9.31453E-01  9.92398E-01      -5.74870E-01  1.00000E+00
  4.10112E-01  6.63225E-01  8.26615E-01  9.40515E-01  9.93562E-01      -4.37740E-01  1.00000E+00
  4.67723E-01  7.05832E-01  8.45620E-01  9.42858E-01  9.93695E-01      -4.99340E-01  1.00000E+00
  5.49505E-01  7.64345E-01  8.82555E-01  9.57407E-01  9.95135E-01      -4.39640E-01  1.00000E+00
  6.55478E-01  8.36163E-01  9.24730E-01  9.74363E-01  9.97230E-01      -3.63810E-01  1.00000E+00


    1.   1.01   13.  26.98  2.00E+01  6.00E+01  7.81E-01  5.98E-01     5   0.00

  8.73560E+00  1.50600E+01  1.70290E+01  1.79760E+01  1.87040E+01       4.30290E-03  1.92870E+01

  4.63390E-01  6.65665E-01  7.88570E-01  8.84730E-01  9.64495E-01       3.79580E-03  1.00000E+00
  4.02555E-01  5.92140E-01  7.22445E-01  8.37080E-01  9.46435E-01       4.01600E-03  1.00000E+00
  3.32250E-01  5.21005E-01  6.63835E-01  8.01325E-01  9.36805E-01       3.19230E-03  1.00000E+00
  2.67090E-01  4.27005E-01  5.50855E-01  6.74405E-01  8.11090E-01       1.09770E-03  9.99870E-01
  1.57830E-01  2.67320E-01  3.51755E-01  4.33160E-01  5.36895E-01       1.16740E-03  8.81630E-01

 -9.51113E-01 -5.84788E-01  8.75410E-03  5.88418E-01  9.52548E-01      -1.00000E+00  1.00000E+00
 -9.50930E-01 -5.85770E-01 -2.50645E-03  5.85455E-01  9.52845E-01      -1.00000E+00  1.00000E+00
 -9.50485E-01 -5.82035E-01  3.24313E-03  5.85817E-01  9.51022E-01      -1.00000E+00  1.00000E+00
 -9.50485E-01 -5.80090E-01  1.06626E-02  5.92530E-01  9.51180E-01      -1.00000E+00  1.00000E+00
 -9.51143E-01 -5.86200E-01  5.00275E-03  5.96322E-01  9.52560E-01      -1.00000E+00  1.00000E+00
 -9.72670E-01 -7.43602E-01 -2.66182E-01  3.98848E-01  9.24883E-01      -1.00000E+00  1.00000E+00
 -9.65568E-01 -6.84625E-01 -1.34944E-01  5.12505E-01  9.41535E-01      -1.00000E+00  1.00000E+00
 -9.61547E-01 -6.53175E-01 -7.72587E-02  5.47762E-01  9.44278E-01      -1.00000E+00  1.00000E+00
 -9.56110E-01 -6.09010E-01 -2.19947E-02  5.76625E-01  9.50438E-01      -1.00000E+00  1.00000E+00
 -9.52240E-01 -5.94970E-01 -3.01975E-03  5.95577E-01  9.52153E-01      -1.00000E+00  1.00000E+00
 -5.86375E-01 -2.14165E-01  2.39494E-01  6.85358E-01  9.64893E-01      -1.00000E+00  1.00000E+00
 -5.46820E-01 -1.51655E-01  3.10235E-01  7.28535E-01  9.69135E-01      -1.00000E+00  1.00000E+00
 -5.36425E-01 -1.50005E-01  3.15561E-01  7.30703E-01  9.69702E-01      -1.00000E+00  1.00000E+00
 -5.51215E-01 -1.84995E-01  2.49546E-01  6.93257E-01  9.64320E-01      -1.00000E+00  1.00000E+00
 -6.91480E-01 -2.74162E-01  1.92692E-01  6.58543E-01  9.60973E-01      -1.00000E+00  1.00000E+00
  2.47770E-01  5.69020E-01  8.09160E-01  9.38117E-01  9.93578E-01      -4.71370E-01  1.00000E+00
  3.06163E-01  5.89242E-01  8.11375E-01  9.36098E-01  9.93172E-01      -4.90400E-01  1.00000E+00
  3.60240E-01  5.96287E-01  7.97608E-01  9.31350E-01  9.92408E-01      -4.05150E-01  1.00000E+00
  4.37865E-01  6.53290E-01  8.10110E-01  9.29928E-01  9.92180E-01      -3.52170E-01  1.00000E+00
  5.88938E-01  7.83415E-01  8.92020E-01  9.60633E-01  9.95545E-01      -5.79670E-01  1.00000E+00
  7.23545E-01  8.54850E-01  9.36565E-01  9.79462E-01  9.97740E-01       1.00730E-01  1.00000E+00
  7.46122E-01  8.62180E-01  9.32480E-01  9.77590E-01  9.97620E-01       1.52150E-01  1.00000E+00
  7.74955E-01  8.80390E-01  9.38748E-01  9.77570E-01  9.97495E-01       1.93650E-01  1.00000E+00
  8.14687E-01  9.08382E-01  9.56908E-01  9.85055E-01  9.98308E-01       2.74120E-01  1.00000E+00
  8.61540E-01  9.38068E-01  9.71725E-01  9.90365E-01  9.98925E-01       3.37440E-01  1.00000E+00


    1.   1.01   13.  26.98  2.00E+01  7.00E+01  8.83E-01  7.43E-01     5   0.00

  1.27800E+01  1.70630E+01  1.80570E+01  1.86410E+01  1.91030E+01       8.40500E-03  1.94350E+01

  4.21150E-01  6.18380E-01  7.48165E-01  8.56785E-01  9.54495E-01       3.53990E-03  1.00000E+00
  3.05125E-01  4.91000E-01  6.37185E-01  7.82940E-01  9.30980E-01       3.00330E-03  1.00000E+00
  2.49755E-01  4.12125E-01  5.42670E-01  6.80700E-01  8.42350E-01       1.11350E-03  1.00000E+00
  1.92300E-01  3.27640E-01  4.33610E-01  5.38635E-01  6.58110E-01       1.80420E-03  9.28040E-01
  1.18625E-01  2.05420E-01  2.70085E-01  3.33625E-01  4.14400E-01       3.30070E-04  7.17250E-01

 -9.64490E-01 -6.93920E-01 -1.92380E-01  4.44698E-01  9.31818E-01      -1.00000E+00  1.00000E+00
 -9.61477E-01 -6.57575E-01 -9.95370E-02  5.32168E-01  9.44655E-01      -1.00000E+00  1.00000E+00
 -9.56122E-01 -6.28437E-01 -6.02982E-02  5.51273E-01  9.46188E-01      -1.00000E+00  1.00000E+00
 -9.53145E-01 -6.10223E-01 -3.11608E-02  5.67018E-01  9.46313E-01      -1.00000E+00  1.00000E+00
 -9.52093E-01 -5.88365E-01  4.42375E-04  5.86580E-01  9.52192E-01      -1.00000E+00  1.00000E+00
 -5.82250E-01 -2.02490E-01  2.30912E-01  6.82268E-01  9.65370E-01      -1.00000E+00  1.00000E+00
 -5.72145E-01 -1.97468E-01  2.46867E-01  6.89192E-01  9.64265E-01      -1.00000E+00  1.00000E+00
 -5.77905E-01 -2.24625E-01  2.28543E-01  6.83925E-01  9.63603E-01      -1.00000E+00  1.00000E+00
 -6.16082E-01 -2.80405E-01  1.55108E-01  6.46945E-01  9.59200E-01      -1.00000E+00  1.00000E+00
 -8.16118E-01 -4.27868E-01  5.40800E-02  5.86418E-01  9.48320E-01      -1.00000E+00  1.00000E+00
  2.86060E-01  6.48380E-01  8.57110E-01  9.54580E-01  9.95405E-01      -4.46190E-01  1.00000E+00
  3.05588E-01  6.17450E-01  8.29385E-01  9.44093E-01  9.94080E-01      -4.60280E-01  1.00000E+00
  3.30668E-01  5.92480E-01  8.06167E-01  9.33808E-01  9.92990E-01      -4.57520E-01  1.00000E+00
  3.87572E-01  6.07457E-01  7.97557E-01  9.27195E-01  9.92230E-01      -3.90710E-01  1.00000E+00
  5.26957E-01  7.28185E-01  8.55407E-01  9.46210E-01  9.93998E-01      -9.98690E-01  1.00000E+00
  6.36290E-01  8.30868E-01  9.33415E-01  9.79800E-01  9.97905E-01       1.40200E-01  1.00000E+00
  6.55405E-01  8.11270E-01  9.18212E-01  9.74193E-01  9.97232E-01       9.05180E-02  1.00000E+00
  6.88787E-01  8.15120E-01  9.10550E-01  9.69127E-01  9.96695E-01       1.60810E-01  1.00000E+00
  7.42972E-01  8.49600E-01  9.19640E-01  9.70743E-01  9.96770E-01       9.32390E-02  1.00000E+00
  8.34890E-01  9.19347E-01  9.61158E-01  9.86177E-01  9.98453E-01       3.13730E-01  1.00000E+00
  8.64363E-01  9.30235E-01  9.68027E-01  9.89505E-01  9.98890E-01       5.24080E-01  1.00000E+00
  8.77525E-01  9.36103E-01  9.68483E-01  9.88842E-01  9.98825E-01       5.68600E-01  1.00000E+00
  8.92537E-01  9.46022E-01  9.73480E-01  9.90542E-01  9.98915E-01       5.93460E-01  1.00000E+00
  9.11485E-01  9.57570E-01  9.80345E-01  9.93190E-01  9.99275E-01       6.58350E-01  1.00000E+00
  9.35100E-01  9.71280E-01  9.87215E-01  9.95680E-01  9.99535E-01       7.05120E-01  1.00000E+00


    1.   1.01   13.  26.98  2.00E+01  8.00E+01  9.65E-01  8.77E-01     5   0.00

  1.67950E+01  1.82550E+01  1.87960E+01  1.91280E+01  1.93710E+01       4.33030E-03  1.95550E+01

  2.94500E-01  4.92735E-01  6.47140E-01  7.97770E-01  9.38955E-01       1.64870E-03  9.99990E-01
  2.05940E-01  3.68150E-01  5.07995E-01  6.61520E-01  8.47075E-01       1.73940E-03  9.99920E-01
  1.67190E-01  3.00720E-01  4.13430E-01  5.34630E-01  6.71240E-01       1.27490E-03  8.96650E-01
  1.41795E-01  2.54280E-01  3.41545E-01  4.19305E-01  4.97565E-01       4.84490E-04  7.14890E-01
  9.16975E-02  1.56410E-01  2.03585E-01  2.47340E-01  3.01770E-01       4.05850E-04  4.85760E-01

 -6.04595E-01 -2.33305E-01  1.92188E-01  6.45382E-01  9.65023E-01      -1.00000E+00  1.00000E+00
 -6.41737E-01 -3.04810E-01  1.52332E-01  6.39987E-01  9.58255E-01      -1.00000E+00  1.00000E+00
 -6.91353E-01 -3.48720E-01  1.24220E-01  6.29840E-01  9.55148E-01      -1.00000E+00  1.00000E+00
 -8.19488E-01 -3.98625E-01  8.07040E-02  6.22532E-01  9.54590E-01      -1.00000E+00  1.00000E+00
 -9.27828E-01 -5.20587E-01  9.80250E-03  5.53547E-01  9.43288E-01      -1.00000E+00  1.00000E+00
  4.65363E-01  8.13920E-01  9.33708E-01  9.80255E-01  9.97982E-01      -3.79590E-01  1.00000E+00
  4.00842E-01  7.21875E-01  8.88927E-01  9.66565E-01  9.96535E-01      -3.95770E-01  1.00000E+00
  3.84490E-01  6.51345E-01  8.47058E-01  9.51100E-01  9.94882E-01      -3.04410E-01  1.00000E+00
  4.13220E-01  6.24885E-01  8.14260E-01  9.37010E-01  9.93232E-01      -3.47900E-01  1.00000E+00
  5.32555E-01  7.25017E-01  8.46912E-01  9.42190E-01  9.93352E-01      -7.35230E-01  1.00000E+00
  7.33232E-01  9.07785E-01  9.64820E-01  9.89170E-01  9.98900E-01       2.39250E-01  1.00000E+00
  7.06405E-01  8.69363E-01  9.47955E-01  9.83718E-01  9.98312E-01       2.49720E-01  1.00000E+00
  7.15253E-01  8.44073E-01  9.33437E-01  9.79218E-01  9.97850E-01       2.92500E-01  1.00000E+00
  7.55927E-01  8.46075E-01  9.17508E-01  9.70102E-01  9.96705E-01       2.60070E-01  1.00000E+00
  8.59185E-01  9.25460E-01  9.61550E-01  9.85158E-01  9.98182E-01       4.54540E-01  1.00000E+00
  8.46963E-01  9.33030E-01  9.72985E-01  9.91642E-01  9.99138E-01       5.72680E-01  1.00000E+00
  8.47648E-01  9.16290E-01  9.61830E-01  9.87542E-01  9.98668E-01       6.24030E-01  1.00000E+00
  8.70280E-01  9.23392E-01  9.60572E-01  9.85770E-01  9.98435E-01       6.44990E-01  1.00000E+00
  9.02253E-01  9.44090E-01  9.70188E-01  9.88870E-01  9.98740E-01       6.94510E-01  1.00000E+00
  9.42155E-01  9.72600E-01  9.87212E-01  9.95590E-01  9.99507E-01       7.38500E-01  1.00000E+00
  9.37037E-01  9.66163E-01  9.83428E-01  9.94258E-01  9.99370E-01       8.02300E-01  1.00000E+00
  9.45660E-01  9.71605E-01  9.85988E-01  9.94993E-01  9.99443E-01       8.27250E-01  1.00000E+00
  9.54228E-01  9.76735E-01  9.88478E-01  9.95818E-01  9.99537E-01       8.50700E-01  1.00000E+00
  9.63470E-01  9.82665E-01  9.92003E-01  9.97258E-01  9.99698E-01       8.65740E-01  1.00000E+00
  9.75337E-01  9.88903E-01  9.94975E-01  9.98320E-01  9.99823E-01       8.94480E-01  1.00000E+00


    1.   1.01   13.  26.98  2.00E+01  8.50E+01  9.83E-01  9.11E-01     5   0.00

  1.74540E+01  1.85440E+01  1.89850E+01  1.92520E+01  1.94410E+01       2.80740E-02  1.95940E+01

  2.40645E-01  4.29715E-01  5.90385E-01  7.56630E-01  9.27645E-01       1.41700E-03  1.00000E+00
  1.67720E-01  3.15835E-01  4.47910E-01  5.95540E-01  7.83050E-01       4.08860E-04  9.85460E-01
  1.41905E-01  2.63230E-01  3.71265E-01  4.90045E-01  6.09695E-01       6.30780E-04  8.36150E-01
  1.36105E-01  2.43015E-01  3.19820E-01  3.84545E-01  4.46910E-01       8.39180E-04  6.35470E-01
  8.21250E-02  1.38945E-01  1.80380E-01  2.19480E-01  2.67270E-01       5.05100E-04  4.19460E-01

 -2.86452E-01  2.28823E-01  6.44920E-01  9.13053E-01  9.93040E-01      -1.00000E+00  1.00000E+00
 -3.74510E-01  7.62300E-02  4.66354E-01  8.16647E-01  9.82490E-01      -1.00000E+00  1.00000E+00
 -4.21483E-01 -3.05775E-02  3.72360E-01  7.55310E-01  9.73705E-01      -1.00000E+00  1.00000E+00
 -4.52188E-01 -1.13335E-01  2.83459E-01  7.06805E-01  9.66342E-01      -1.00000E+00  1.00000E+00
 -5.93466E-01 -1.92275E-01  2.20007E-01  6.66980E-01  9.60552E-01      -1.00000E+00  1.00000E+00
  7.03773E-01  9.15848E-01  9.69097E-01  9.90712E-01  9.99073E-01      -3.79390E-02  1.00000E+00
  5.93812E-01  8.51347E-01  9.44263E-01  9.82938E-01  9.98315E-01      -6.95940E-02  1.00000E+00
  5.67743E-01  7.95840E-01  9.17885E-01  9.74457E-01  9.97367E-01      -6.12730E-02  1.00000E+00
  5.87377E-01  7.48805E-01  8.85375E-01  9.63858E-01  9.96220E-01       2.12190E-02  1.00000E+00
  7.18938E-01  8.38555E-01  9.10678E-01  9.65025E-01  9.95985E-01       7.91200E-02  1.00000E+00
  8.36433E-01  9.48145E-01  9.79938E-01  9.93743E-01  9.99348E-01       4.43060E-01  1.00000E+00
  7.92650E-01  9.20463E-01  9.70105E-01  9.90818E-01  9.99060E-01       4.36030E-01  1.00000E+00
  7.91050E-01  8.89410E-01  9.53407E-01  9.85495E-01  9.98510E-01       4.35440E-01  1.00000E+00
  8.24535E-01  8.88465E-01  9.37625E-01  9.76862E-01  9.97468E-01       4.76160E-01  1.00000E+00
  9.06210E-01  9.51780E-01  9.75572E-01  9.90755E-01  9.98913E-01       6.24200E-01  1.00000E+00
  8.82798E-01  9.47765E-01  9.78337E-01  9.93252E-01  9.99285E-01       6.93710E-01  1.00000E+00
  8.88162E-01  9.36573E-01  9.68812E-01  9.89073E-01  9.98780E-01       7.04030E-01  1.00000E+00
  9.08180E-01  9.44810E-01  9.70975E-01  9.89423E-01  9.98765E-01       7.47820E-01  1.00000E+00
  9.34262E-01  9.63475E-01  9.80538E-01  9.92555E-01  9.99145E-01       7.87580E-01  1.00000E+00
  9.61688E-01  9.82198E-01  9.91875E-01  9.97227E-01  9.99705E-01       8.40200E-01  1.00000E+00
  9.53843E-01  9.75920E-01  9.88233E-01  9.95750E-01  9.99537E-01       8.54990E-01  1.00000E+00
  9.60790E-01  9.79757E-01  9.90268E-01  9.96528E-01  9.99615E-01       8.69000E-01  1.00000E+00
  9.66425E-01  9.83365E-01  9.92065E-01  9.97255E-01  9.99710E-01       8.94080E-01  1.00000E+00
  9.73130E-01  9.87420E-01  9.94123E-01  9.98003E-01  9.99783E-01       9.06930E-01  1.00000E+00
  9.82110E-01  9.91960E-01  9.96448E-01  9.98810E-01  9.99873E-01       9.20010E-01  1.00000E+00


    1.   1.01   13.  26.98  5.00E+01  0.00E+00  4.61E-01  2.51E-01     5   0.00

  8.79190E+00  2.08000E+01  2.93110E+01  3.58760E+01  4.17600E+01       4.75290E-03  4.52040E+01

  4.72575E-01  6.74550E-01  7.95740E-01  8.89775E-01  9.66545E-01       2.02030E-03  1.00000E+00
  4.88145E-01  6.72675E-01  7.90915E-01  8.85270E-01  9.64510E-01       1.40620E-02  1.00000E+00
  4.73870E-01  6.58470E-01  7.80355E-01  8.77750E-01  9.61365E-01       1.26160E-02  1.00000E+00
  4.61785E-01  6.46810E-01  7.69130E-01  8.70055E-01  9.59130E-01       1.60290E-02  1.00000E+00
  3.45310E-01  5.11700E-01  6.39990E-01  7.63865E-01  9.05965E-01       4.55350E-03  1.00000E+00

 -9.50343E-01 -5.95097E-01 -7.48770E-03  5.89915E-01  9.51160E-01      -1.00000E+00  1.00000E+00
 -9.51972E-01 -6.00233E-01 -7.32607E-03  5.79357E-01  9.48318E-01      -1.00000E+00  1.00000E+00
 -9.53242E-01 -5.94400E-01 -8.70242E-03  5.86415E-01  9.50380E-01      -1.00000E+00  1.00000E+00
 -9.53930E-01 -5.96435E-01 -1.96360E-02  5.80677E-01  9.52170E-01      -1.00000E+00  1.00000E+00
 -9.49885E-01 -5.86767E-01  5.58013E-03  5.92760E-01  9.54668E-01      -1.00000E+00  1.00000E+00
 -9.52103E-01 -5.97422E-01 -3.81993E-03  5.85592E-01  9.52410E-01      -1.00000E+00  1.00000E+00
 -9.52350E-01 -5.90720E-01 -5.38282E-03  5.86885E-01  9.52727E-01      -1.00000E+00  1.00000E+00
 -9.51143E-01 -5.87460E-01 -1.13833E-03  5.89838E-01  9.50882E-01      -1.00000E+00  1.00000E+00
 -9.51295E-01 -5.87133E-01  4.83612E-03  5.91925E-01  9.48307E-01      -1.00000E+00  1.00000E+00
 -9.52845E-01 -6.00477E-01  6.24925E-03  5.89457E-01  9.49348E-01      -1.00000E+00  1.00000E+00
 -9.51410E-01 -5.89253E-01  2.81022E-03  5.87790E-01  9.49705E-01      -1.00000E+00  1.00000E+00
 -9.51690E-01 -5.72940E-01  1.54194E-02  5.87627E-01  9.51785E-01      -1.00000E+00  1.00000E+00
 -9.52030E-01 -5.97440E-01  5.87570E-03  5.87303E-01  9.53545E-01      -1.00000E+00  1.00000E+00
 -9.52002E-01 -5.88785E-01 -3.45100E-03  5.81640E-01  9.51710E-01      -1.00000E+00  1.00000E+00
 -9.50560E-01 -5.83578E-01 -4.68103E-04  5.90893E-01  9.51160E-01      -1.00000E+00  1.00000E+00
 -9.51077E-01 -5.85990E-01  8.35836E-03  5.89768E-01  9.51677E-01      -1.00000E+00  1.00000E+00
 -9.51425E-01 -5.95718E-01 -1.08095E-02  5.79275E-01  9.48060E-01      -1.00000E+00  1.00000E+00
 -9.49743E-01 -5.78017E-01  1.20111E-02  5.90973E-01  9.50578E-01      -1.00000E+00  1.00000E+00
 -9.50730E-01 -5.94267E-01 -7.42767E-03  5.87913E-01  9.51598E-01      -1.00000E+00  1.00000E+00
 -9.49335E-01 -5.85515E-01 -2.25107E-03  5.90192E-01  9.52385E-01      -1.00000E+00  1.00000E+00
 -9.49338E-01 -5.87882E-01  3.92195E-03  5.83923E-01  9.50803E-01      -1.00000E+00  1.00000E+00
 -9.48813E-01 -5.83445E-01  3.58363E-03  5.88070E-01  9.51768E-01      -1.00000E+00  1.00000E+00
 -9.47802E-01 -5.76030E-01  9.90043E-03  5.97410E-01  9.52600E-01      -1.00000E+00  1.00000E+00
 -9.48865E-01 -5.79298E-01  4.03911E-03  5.81993E-01  9.51485E-01      -1.00000E+00  1.00000E+00
 -9.49882E-01 -5.88448E-01 -2.61360E-03  5.81723E-01  9.50028E-01      -1.00000E+00  1.00000E+00


    1.   1.01   13.  26.98  5.00E+01  3.00E+01  5.12E-01  2.96E-01     5   0.00

  9.96280E+00  2.28760E+01  3.14730E+01  3.78050E+01  4.28050E+01       1.15920E-02  4.68210E+01

  4.76375E-01  6.75390E-01  7.95555E-01  8.89195E-01  9.66590E-01       1.97590E-03  1.00000E+00
  4.81930E-01  6.66360E-01  7.86615E-01  8.81370E-01  9.63315E-01       1.54430E-02  1.00000E+00
  4.66320E-01  6.50120E-01  7.72060E-01  8.72690E-01  9.59780E-01       1.02560E-02  1.00000E+00
  4.43145E-01  6.24400E-01  7.50495E-01  8.56820E-01  9.53985E-01       9.47620E-03  1.00000E+00
  3.07910E-01  4.67905E-01  5.93010E-01  7.18055E-01  8.63870E-01       4.59240E-03  1.00000E+00

 -9.52735E-01 -5.97390E-01 -1.62347E-02  5.85387E-01  9.49158E-01      -1.00000E+00  1.00000E+00
 -9.52030E-01 -5.89182E-01 -7.14458E-03  5.87297E-01  9.50978E-01      -1.00000E+00  1.00000E+00
 -9.49207E-01 -5.69618E-01  1.48431E-02  5.94995E-01  9.52773E-01      -1.00000E+00  1.00000E+00
 -9.48700E-01 -5.77160E-01  1.50311E-02  6.02152E-01  9.52750E-01      -1.00000E+00  1.00000E+00
 -9.51400E-01 -5.79342E-01  5.09829E-03  5.96597E-01  9.50685E-01      -1.00000E+00  1.00000E+00
 -9.50958E-01 -5.88905E-01 -9.42360E-03  5.77767E-01  9.48572E-01      -1.00000E+00  1.00000E+00
 -9.49047E-01 -5.82450E-01  2.77282E-03  5.91538E-01  9.50843E-01      -1.00000E+00  1.00000E+00
 -9.51538E-01 -5.83017E-01  5.13463E-03  5.91398E-01  9.53005E-01      -1.00000E+00  1.00000E+00
 -9.51855E-01 -5.90905E-01 -3.10295E-03  5.86812E-01  9.49770E-01      -1.00000E+00  1.00000E+00
 -9.50582E-01 -5.83305E-01  4.45305E-03  5.85240E-01  9.50577E-01      -1.00000E+00  1.00000E+00
 -9.47608E-01 -5.66965E-01  2.49916E-02  6.07140E-01  9.53682E-01      -1.00000E+00  1.00000E+00
 -9.49982E-01 -5.76193E-01  3.36010E-03  5.91002E-01  9.50455E-01      -1.00000E+00  1.00000E+00
 -9.49858E-01 -5.81820E-01  1.31054E-02  6.00063E-01  9.53610E-01      -1.00000E+00  1.00000E+00
 -9.51338E-01 -5.86970E-01 -1.07830E-02  5.86052E-01  9.49960E-01      -1.00000E+00  1.00000E+00
 -9.48937E-01 -5.82365E-01  2.75800E-03  5.91905E-01  9.52375E-01      -1.00000E+00  1.00000E+00
 -9.39598E-01 -5.06858E-01  1.16554E-01  6.61323E-01  9.61637E-01      -1.00000E+00  1.00000E+00
 -9.40450E-01 -5.12445E-01  1.06079E-01  6.52262E-01  9.59595E-01      -1.00000E+00  1.00000E+00
 -9.44137E-01 -5.29030E-01  9.84265E-02  6.51340E-01  9.59410E-01      -1.00000E+00  1.00000E+00
 -9.43837E-01 -5.50702E-01  5.78530E-02  6.32227E-01  9.57770E-01      -1.00000E+00  1.00000E+00
 -9.46270E-01 -5.59970E-01  4.87353E-02  6.16727E-01  9.54975E-01      -1.00000E+00  1.00000E+00
 -5.95478E-01 -9.54575E-02  3.80040E-01  7.66528E-01  9.74753E-01      -1.00000E+00  1.00000E+00
 -5.08435E-01  4.69500E-03  4.94003E-01  8.20500E-01  9.80328E-01      -1.00000E+00  1.00000E+00
 -4.53869E-01  5.59500E-02  4.94558E-01  8.19850E-01  9.80770E-01      -1.00000E+00  1.00000E+00
 -4.20254E-01  8.56900E-02  4.88332E-01  8.17330E-01  9.79890E-01      -1.00000E+00  1.00000E+00
 -3.37100E-01  1.18930E-01  5.13950E-01  8.08862E-01  9.79242E-01      -1.00000E+00  1.00000E+00


    1.   1.01   13.  26.98  5.00E+01  4.50E+01  5.80E-01  3.63E-01     5   0.00

  1.18240E+01  2.59750E+01  3.45620E+01  4.03340E+01  4.45380E+01       1.00680E-02  4.76330E+01

  4.78975E-01  6.75560E-01  7.96090E-01  8.88690E-01  9.66250E-01       7.73990E-03  1.00000E+00
  4.73515E-01  6.57005E-01  7.78335E-01  8.77045E-01  9.61900E-01       8.27980E-03  1.00000E+00
  4.46690E-01  6.29995E-01  7.55565E-01  8.60915E-01  9.55495E-01       6.37120E-03  1.00000E+00
  3.98170E-01  5.74915E-01  7.05740E-01  8.24430E-01  9.41065E-01       1.28580E-02  1.00000E+00
  2.58495E-01  4.02545E-01  5.19635E-01  6.41605E-01  7.89405E-01       2.97500E-03  9.99990E-01

 -9.50990E-01 -5.86540E-01 -9.41988E-03  5.82135E-01  9.51145E-01      -1.00000E+00  1.00000E+00
 -9.51393E-01 -5.84067E-01  8.15485E-03  5.96740E-01  9.53540E-01      -1.00000E+00  1.00000E+00
 -9.51605E-01 -5.88115E-01  7.91600E-05  5.86210E-01  9.51470E-01      -1.00000E+00  1.00000E+00
 -9.50808E-01 -5.78610E-01  1.48995E-02  5.88650E-01  9.50667E-01      -1.00000E+00  1.00000E+00
 -9.49383E-01 -5.84092E-01  5.55255E-03  5.89278E-01  9.51732E-01      -1.00000E+00  1.00000E+00
 -9.49260E-01 -5.77368E-01  8.60185E-03  5.91425E-01  9.51123E-01      -1.00000E+00  1.00000E+00
 -9.48755E-01 -5.74910E-01  8.71568E-03  5.89110E-01  9.51175E-01      -1.00000E+00  1.00000E+00
 -9.49563E-01 -5.82760E-01  1.33691E-02  5.91653E-01  9.50925E-01      -1.00000E+00  1.00000E+00
 -9.51840E-01 -5.89923E-01  2.01700E-04  5.86015E-01  9.50693E-01      -1.00000E+00  1.00000E+00
 -9.50905E-01 -5.84603E-01 -1.40428E-03  5.80600E-01  9.49140E-01      -1.00000E+00  1.00000E+00
 -9.44887E-01 -5.42895E-01  6.77733E-02  6.24775E-01  9.56212E-01      -1.00000E+00  1.00000E+00
 -9.45388E-01 -5.35303E-01  7.58237E-02  6.33173E-01  9.56090E-01      -1.00000E+00  1.00000E+00
 -9.42483E-01 -5.53558E-01  5.49395E-02  6.21168E-01  9.55547E-01      -1.00000E+00  1.00000E+00
 -9.46162E-01 -5.58215E-01  3.42537E-02  6.12770E-01  9.55373E-01      -1.00000E+00  1.00000E+00
 -9.49882E-01 -5.61640E-01  3.04680E-02  6.07560E-01  9.52420E-01      -1.00000E+00  1.00000E+00
 -9.41470E-01 -5.32090E-01  1.30627E-01  6.88715E-01  9.65337E-01      -1.00000E+00  1.00000E+00
 -9.17490E-01 -4.10415E-01  2.48893E-01  7.29553E-01  9.70780E-01      -1.00000E+00  1.00000E+00
 -9.16055E-01 -4.13530E-01  2.39168E-01  7.27508E-01  9.70527E-01      -1.00000E+00  1.00000E+00
 -9.14700E-01 -4.29740E-01  2.14870E-01  7.11410E-01  9.68375E-01      -1.00000E+00  1.00000E+00
 -9.39847E-01 -5.20415E-01  1.09288E-01  6.58152E-01  9.59697E-01      -1.00000E+00  1.00000E+00
  5.13875E-02  4.21133E-01  6.99840E-01  8.96520E-01  9.89305E-01      -9.81400E-01  1.00000E+00
  1.29650E-01  5.03380E-01  7.59993E-01  9.18007E-01  9.91223E-01      -8.95840E-01  1.00000E+00
  1.77077E-01  5.47660E-01  7.73122E-01  9.22952E-01  9.91980E-01      -8.84760E-01  1.00000E+00
  2.23529E-01  5.82085E-01  7.85550E-01  9.19343E-01  9.91325E-01      -8.59460E-01  1.00000E+00
  2.39421E-01  6.10465E-01  8.16365E-01  9.36820E-01  9.93343E-01      -9.99990E-01  1.00000E+00


    1.   1.01   13.  26.98  5.00E+01  6.00E+01  6.92E-01  4.92E-01     5   0.00

  1.63460E+01  3.23480E+01  4.00820E+01  4.39980E+01  4.65510E+01       7.50700E-03  4.83520E+01

  4.78335E-01  6.71145E-01  7.91725E-01  8.85755E-01  9.64730E-01       5.34140E-03  1.00000E+00
  4.44605E-01  6.28320E-01  7.54545E-01  8.60740E-01  9.55420E-01       8.82660E-03  1.00000E+00
  3.73255E-01  5.45865E-01  6.77995E-01  8.02405E-01  9.30890E-01       9.84430E-03  9.99990E-01
  3.06935E-01  4.64045E-01  5.96875E-01  7.39055E-01  8.95935E-01       3.09900E-03  1.00000E+00
  1.80235E-01  2.86155E-01  3.74895E-01  4.72780E-01  6.00335E-01       2.13320E-04  9.48750E-01

 -9.49727E-01 -5.87138E-01 -3.10350E-03  5.87433E-01  9.50905E-01      -1.00000E+00  1.00000E+00
 -9.48888E-01 -5.86767E-01 -2.33725E-04  5.90808E-01  9.51480E-01      -1.00000E+00  1.00000E+00
 -9.49843E-01 -5.87238E-01 -1.54028E-03  5.86580E-01  9.51342E-01      -1.00000E+00  1.00000E+00
 -9.51285E-01 -5.92325E-01 -5.92795E-03  5.82713E-01  9.52472E-01      -1.00000E+00  1.00000E+00
 -9.51572E-01 -5.92518E-01 -1.02336E-02  5.73688E-01  9.50353E-01      -1.00000E+00  1.00000E+00
 -9.48782E-01 -5.77365E-01  1.95071E-02  6.07475E-01  9.52740E-01      -1.00000E+00  1.00000E+00
 -9.46693E-01 -5.64265E-01  4.29642E-02  6.11010E-01  9.53815E-01      -1.00000E+00  1.00000E+00
 -9.46148E-01 -5.58020E-01  4.12755E-02  6.11555E-01  9.52805E-01      -1.00000E+00  1.00000E+00
 -9.47582E-01 -5.62658E-01  3.42997E-02  6.00928E-01  9.54148E-01      -1.00000E+00  1.00000E+00
 -9.49315E-01 -5.76530E-01  1.24397E-02  5.95082E-01  9.52515E-01      -1.00000E+00  1.00000E+00
 -9.46680E-01 -5.62475E-01  8.39510E-02  6.59755E-01  9.63237E-01      -1.00000E+00  1.00000E+00
 -9.27523E-01 -4.36380E-01  2.39838E-01  7.33568E-01  9.71900E-01      -1.00000E+00  1.00000E+00
 -9.22115E-01 -4.13917E-01  2.40840E-01  7.28885E-01  9.71283E-01      -1.00000E+00  1.00000E+00
 -9.31865E-01 -4.43227E-01  2.12347E-01  7.18120E-01  9.69342E-01      -1.00000E+00  1.00000E+00
 -9.41420E-01 -4.99557E-01  1.26222E-01  6.66852E-01  9.60545E-01      -1.00000E+00  1.00000E+00
 -1.44928E-01  2.92056E-01  6.68338E-01  8.90068E-01  9.88372E-01      -9.74140E-01  1.00000E+00
 -7.30575E-02  3.74277E-01  7.12523E-01  9.04790E-01  9.89783E-01      -9.24070E-01  1.00000E+00
 -5.99350E-02  3.59620E-01  6.98720E-01  8.97810E-01  9.88655E-01      -9.49450E-01  1.00000E+00
 -7.66925E-02  3.07572E-01  6.36460E-01  8.73888E-01  9.85745E-01      -9.99920E-01  1.00000E+00
 -1.82250E-01  2.44308E-01  5.67257E-01  8.28943E-01  9.80397E-01      -1.00000E+00  1.00000E+00
  6.52247E-01  8.33420E-01  9.31318E-01  9.78450E-01  9.97777E-01      -4.18950E-02  1.00000E+00
  6.69505E-01  8.40222E-01  9.31415E-01  9.77870E-01  9.97592E-01      -8.93060E-03  1.00000E+00
  6.84418E-01  8.39163E-01  9.28103E-01  9.75897E-01  9.97400E-01      -5.53440E-02  1.00000E+00
  7.16398E-01  8.55073E-01  9.28233E-01  9.74367E-01  9.97187E-01       1.02550E-01  1.00000E+00
  7.98733E-01  9.02597E-01  9.56095E-01  9.85032E-01  9.98393E-01       1.30360E-01  1.00000E+00


    1.   1.01   13.  26.98  5.00E+01  7.00E+01  8.10E-01  6.50E-01     5   0.00

  2.43510E+01  4.03020E+01  4.45570E+01  4.64050E+01  4.77920E+01       2.63450E-02  4.87940E+01

  4.63190E-01  6.53440E-01  7.76390E-01  8.75170E-01  9.60745E-01       1.26720E-02  1.00000E+00
  3.43425E-01  5.15340E-01  6.51380E-01  7.83530E-01  9.23520E-01       4.44650E-03  1.00000E+00
  2.68370E-01  4.16565E-01  5.49980E-01  7.05015E-01  8.89465E-01       7.06040E-04  1.00000E+00
  2.03350E-01  3.16605E-01  4.17660E-01  5.36400E-01  6.93405E-01       1.25330E-03  9.57900E-01
  1.19304E-01  1.98285E-01  2.63870E-01  3.33225E-01  4.24075E-01       1.24170E-04  7.09300E-01

 -9.51190E-01 -5.91388E-01 -5.19585E-03  5.88655E-01  9.51438E-01      -1.00000E+00  1.00000E+00
 -9.50222E-01 -5.83443E-01  1.27982E-02  5.86930E-01  9.51200E-01      -1.00000E+00  1.00000E+00
 -9.48758E-01 -5.79568E-01  6.52935E-03  5.90708E-01  9.51725E-01      -1.00000E+00  1.00000E+00
 -9.52458E-01 -5.87597E-01  1.17533E-03  5.85640E-01  9.49292E-01      -1.00000E+00  1.00000E+00
 -9.50948E-01 -5.84603E-01 -1.59817E-04  5.88540E-01  9.51993E-01      -1.00000E+00  1.00000E+00
 -9.34873E-01 -5.85270E-01 -9.25475E-03  6.11055E-01  9.58805E-01      -1.00000E+00  1.00000E+00
 -9.08625E-01 -4.60265E-01  1.80441E-01  7.02268E-01  9.67023E-01      -1.00000E+00  1.00000E+00
 -9.14982E-01 -4.49678E-01  1.91408E-01  7.08937E-01  9.68410E-01      -1.00000E+00  1.00000E+00
 -9.29400E-01 -5.08385E-01  1.35567E-01  6.79730E-01  9.64775E-01      -1.00000E+00  1.00000E+00
 -9.47008E-01 -5.58203E-01  6.49933E-02  6.39788E-01  9.58792E-01      -1.00000E+00  1.00000E+00
  4.18300E-02  4.83308E-01  7.72435E-01  9.30640E-01  9.92915E-01      -7.97800E-01  1.00000E+00
  6.28875E-02  4.92652E-01  7.71493E-01  9.24772E-01  9.91920E-01      -8.51090E-01  1.00000E+00
  5.18775E-02  4.45240E-01  7.45262E-01  9.16330E-01  9.91150E-01      -7.83600E-01  1.00000E+00
  2.12325E-02  3.52208E-01  6.57263E-01  8.82400E-01  9.87248E-01      -8.62810E-01  1.00000E+00
 -8.63600E-02  3.00911E-01  5.91568E-01  8.34568E-01  9.80670E-01      -1.00000E+00  1.00000E+00
  5.99982E-01  8.56750E-01  9.45785E-01  9.83503E-01  9.98302E-01      -6.93320E-02  1.00000E+00
  6.09422E-01  8.42532E-01  9.37893E-01  9.80428E-01  9.97945E-01       3.74440E-02  1.00000E+00
  6.12430E-01  8.14782E-01  9.24235E-01  9.75985E-01  9.97450E-01       7.57160E-02  1.00000E+00
  6.46130E-01  7.96338E-01  9.04975E-01  9.68787E-01  9.96708E-01       2.49280E-02  1.00000E+00
  7.66220E-01  8.74360E-01  9.35883E-01  9.77015E-01  9.97515E-01       1.82150E-01  1.00000E+00
  8.64825E-01  9.41658E-01  9.77585E-01  9.93097E-01  9.99287E-01       5.34880E-01  1.00000E+00
  8.67505E-01  9.36622E-01  9.73413E-01  9.91545E-01  9.99120E-01       5.56030E-01  1.00000E+00
  8.76700E-01  9.37885E-01  9.70888E-01  9.90302E-01  9.98933E-01       5.51850E-01  1.00000E+00
  8.91992E-01  9.47655E-01  9.74500E-01  9.90940E-01  9.99020E-01       6.19810E-01  1.00000E+00
  9.26617E-01  9.66225E-01  9.84670E-01  9.94855E-01  9.99470E-01       6.81070E-01  1.00000E+00


    1.   1.01   13.  26.98  5.00E+01  8.00E+01  9.52E-01  8.71E-01     5   0.00

  4.24440E+01  4.63110E+01  4.75000E+01  4.81780E+01  4.86240E+01       2.70990E-02  4.91630E+01

  2.74610E-01  4.56485E-01  6.11945E-01  7.74495E-01  9.33370E-01       2.51000E-03  1.00000E+00
  1.67520E-01  2.90915E-01  4.05625E-01  5.55625E-01  7.70790E-01       2.00470E-04  9.89940E-01
  1.33305E-01  2.34960E-01  3.25950E-01  4.34505E-01  5.81785E-01       2.94200E-04  8.18980E-01
  1.17980E-01  1.97755E-01  2.59430E-01  3.24510E-01  4.08195E-01       9.38010E-04  5.95150E-01
  6.57075E-02  1.11815E-01  1.49185E-01  1.89985E-01  2.49885E-01       2.18440E-04  4.21850E-01

 -4.99781E-01 -8.57950E-02  3.09558E-01  7.25990E-01  9.77960E-01      -1.00000E+00  1.00000E+00
 -5.59892E-01 -1.72542E-01  3.01715E-01  7.28705E-01  9.68385E-01      -1.00000E+00  1.00000E+00
 -6.12542E-01 -2.31165E-01  2.61725E-01  7.20035E-01  9.68850E-01      -1.00000E+00  1.00000E+00
 -7.19422E-01 -2.86565E-01  1.93786E-01  6.83070E-01  9.64455E-01      -1.00000E+00  1.00000E+00
 -8.97495E-01 -4.05765E-01  1.44598E-01  6.28952E-01  9.56440E-01      -1.00000E+00  1.00000E+00
  6.83605E-01  9.18767E-01  9.73037E-01  9.92287E-01  9.99240E-01      -1.09140E-01  1.00000E+00
  5.84175E-01  8.54630E-01  9.47360E-01  9.84442E-01  9.98407E-01      -1.71410E-01  1.00000E+00
  5.36918E-01  7.99940E-01  9.22665E-01  9.76490E-01  9.97630E-01      -1.59810E-01  1.00000E+00
  5.27990E-01  7.25310E-01  8.75805E-01  9.60067E-01  9.95790E-01      -5.44040E-02  1.00000E+00
  6.47983E-01  7.92650E-01  8.85428E-01  9.58070E-01  9.95437E-01      -1.67160E-02  1.00000E+00
  8.63005E-01  9.63380E-01  9.86890E-01  9.95982E-01  9.99575E-01       4.70870E-01  1.00000E+00
  8.09010E-01  9.35205E-01  9.76240E-01  9.92768E-01  9.99265E-01       4.52790E-01  1.00000E+00
  7.96467E-01  9.11708E-01  9.65760E-01  9.89453E-01  9.98892E-01       4.96580E-01  1.00000E+00
  8.10937E-01  8.91650E-01  9.51348E-01  9.84420E-01  9.98300E-01       4.99800E-01  1.00000E+00
  8.89018E-01  9.38505E-01  9.67607E-01  9.87982E-01  9.98615E-01       6.02740E-01  1.00000E+00
  9.14743E-01  9.68290E-01  9.87685E-01  9.96185E-01  9.99618E-01       7.23470E-01  1.00000E+00
  9.13420E-01  9.61870E-01  9.83948E-01  9.94885E-01  9.99465E-01       7.47130E-01  1.00000E+00
  9.18532E-01  9.61955E-01  9.83337E-01  9.94530E-01  9.99412E-01       7.32880E-01  1.00000E+00
  9.28937E-01  9.64152E-01  9.83518E-01  9.94415E-01  9.99395E-01       7.86030E-01  1.00000E+00
  9.55987E-01  9.78325E-01  9.89830E-01  9.96455E-01  9.99610E-01       8.46750E-01  1.00000E+00
  9.69837E-01  9.87883E-01  9.94807E-01  9.98277E-01  9.99815E-01       8.56990E-01  1.00000E+00
  9.70755E-01  9.88378E-01  9.95145E-01  9.98402E-01  9.99825E-01       8.74340E-01  1.00000E+00
  9.71122E-01  9.88215E-01  9.94985E-01  9.98350E-01  9.99832E-01       8.83030E-01  1.00000E+00
  9.71917E-01  9.88160E-01  9.94958E-01  9.98347E-01  9.99830E-01       8.91840E-01  1.00000E+00
  9.78210E-01  9.90430E-01  9.95760E-01  9.98585E-01  9.99855E-01       9.01810E-01  1.00000E+00


    1.   1.01   13.  26.98  5.00E+01  8.50E+01  9.89E-01  9.38E-01     5   0.00

  4.56150E+01  4.75170E+01  4.82100E+01  4.85930E+01  4.88640E+01       6.92630E-02  4.92920E+01

  1.22540E-01  2.65640E-01  4.19470E-01  6.13225E-01  8.48615E-01       8.54410E-04  1.00000E+00
  1.00650E-01  1.97270E-01  2.93680E-01  4.22665E-01  6.09245E-01       6.49940E-04  8.53140E-01
  9.95410E-02  1.89295E-01  2.66540E-01  3.46140E-01  4.40785E-01       5.33550E-04  6.51710E-01
  9.64040E-02  1.53320E-01  1.96200E-01  2.41790E-01  3.07545E-01       5.41750E-04  4.72820E-01
  4.84110E-02  8.53825E-02  1.15946E-01  1.49980E-01  2.01635E-01       9.01470E-05  3.45870E-01

  6.90960E-01  9.61695E-01  9.89250E-01  9.96838E-01  9.99677E-01      -1.00000E+00  1.00000E+00
  1.24597E-01  6.67560E-01  9.13262E-01  9.81915E-01  9.98390E-01      -1.00000E+00  1.00000E+00
 -8.41400E-02  4.43778E-01  7.32603E-01  9.26462E-01  9.93705E-01      -1.00000E+00  1.00000E+00
 -1.69062E-01  2.75667E-01  5.98035E-01  8.48005E-01  9.84128E-01      -1.00000E+00  1.00000E+00
 -1.41130E-01  2.40573E-01  5.80900E-01  8.14255E-01  9.77612E-01      -1.00000E+00  1.00000E+00
  9.47640E-01  9.85160E-01  9.94300E-01  9.98193E-01  9.99805E-01       4.74700E-01  1.00000E+00
  8.75592E-01  9.68960E-01  9.88820E-01  9.96613E-01  9.99652E-01       4.10090E-01  1.00000E+00
  8.10430E-01  9.39542E-01  9.78322E-01  9.93552E-01  9.99332E-01       4.44260E-01  1.00000E+00
  7.88485E-01  8.87977E-01  9.53315E-01  9.85590E-01  9.98550E-01       4.74700E-01  1.00000E+00
  8.68805E-01  9.25315E-01  9.59592E-01  9.84797E-01  9.98325E-01       5.67760E-01  1.00000E+00
  9.51585E-01  9.84855E-01  9.94217E-01  9.98255E-01  9.99815E-01       7.40660E-01  1.00000E+00
  9.21085E-01  9.71167E-01  9.88775E-01  9.96450E-01  9.99637E-01       7.37190E-01  1.00000E+00
  9.13835E-01  9.61260E-01  9.83633E-01  9.94847E-01  9.99465E-01       7.53100E-01  1.00000E+00
  9.23983E-01  9.60940E-01  9.82038E-01  9.93877E-01  9.99318E-01       7.77790E-01  1.00000E+00
  9.53565E-01  9.76792E-01  9.88940E-01  9.96128E-01  9.99583E-01       8.48960E-01  1.00000E+00
  9.63407E-01  9.84668E-01  9.93422E-01  9.97868E-01  9.99772E-01       8.53350E-01  1.00000E+00
  9.65530E-01  9.85810E-01  9.93923E-01  9.97985E-01  9.99780E-01       8.62220E-01  1.00000E+00
  9.66295E-01  9.86268E-01  9.94210E-01  9.98082E-01  9.99810E-01       8.68390E-01  1.00000E+00
  9.67470E-01  9.86455E-01  9.94202E-01  9.98112E-01  9.99800E-01       8.91240E-01  1.00000E+00
  9.75470E-01  9.89138E-01  9.95257E-01  9.98422E-01  9.99833E-01       9.08910E-01  1.00000E+00
  9.85727E-01  9.94460E-01  9.97667E-01  9.99243E-01  9.99920E-01       9.03200E-01  1.00000E+00
  9.85367E-01  9.94298E-01  9.97632E-01  9.99238E-01  9.99920E-01       9.14950E-01  1.00000E+00
  9.85003E-01  9.94190E-01  9.97555E-01  9.99200E-01  9.99915E-01       9.20580E-01  1.00000E+00
  9.84435E-01  9.93825E-01  9.97413E-01  9.99160E-01  9.99912E-01       9.23590E-01  1.00000E+00
  9.86252E-01  9.94290E-01  9.97537E-01  9.99202E-01  9.99912E-01       9.38170E-01  1.00000E+00


    1.   1.01   13.  26.98  1.00E+02  0.00E+00  4.13E-01  2.13E-01     5   0.00

  1.56450E+01  3.81050E+01  5.48080E+01  6.85390E+01  8.17000E+01       1.37100E-02  9.05200E+01

  4.81635E-01  6.75495E-01  7.95435E-01  8.88320E-01  9.65865E-01       4.78920E-03  1.00000E+00
  4.72215E-01  6.60075E-01  7.81995E-01  8.79140E-01  9.62235E-01       2.41500E-02  1.00000E+00
  4.54445E-01  6.46050E-01  7.71955E-01  8.73020E-01  9.60810E-01       2.82590E-02  1.00000E+00
  4.40465E-01  6.28280E-01  7.56445E-01  8.64015E-01  9.57040E-01       3.04730E-02  1.00000E+00
  3.43080E-01  5.15180E-01  6.48745E-01  7.76405E-01  9.16760E-01       1.14510E-02  9.99990E-01

 -9.51840E-01 -5.95370E-01 -1.36647E-02  5.85028E-01  9.48802E-01      -1.00000E+00  1.00000E+00
 -9.51045E-01 -5.88930E-01 -2.53997E-03  5.88320E-01  9.52133E-01      -1.00000E+00  1.00000E+00
 -9.51538E-01 -5.87098E-01 -4.73015E-03  5.81122E-01  9.50712E-01      -1.00000E+00  1.00000E+00
 -9.51560E-01 -5.89633E-01 -1.13729E-02  5.85633E-01  9.51497E-01      -1.00000E+00  1.00000E+00
 -9.52245E-01 -5.96140E-01 -1.75434E-02  5.76055E-01  9.48760E-01      -1.00000E+00  1.00000E+00
 -9.49505E-01 -5.86655E-01 -8.95668E-03  5.79255E-01  9.48810E-01      -1.00000E+00  1.00000E+00
 -9.52747E-01 -5.94495E-01 -4.36775E-03  5.91350E-01  9.48845E-01      -1.00000E+00  1.00000E+00
 -9.52392E-01 -5.92393E-01  2.74898E-03  5.88245E-01  9.49855E-01      -1.00000E+00  1.00000E+00
 -9.52712E-01 -5.90175E-01  3.90851E-03  5.85298E-01  9.51100E-01      -1.00000E+00  1.00000E+00
 -9.53505E-01 -5.97665E-01  1.35955E-03  5.89002E-01  9.52290E-01      -1.00000E+00  1.00000E+00
 -9.47860E-01 -5.82552E-01  1.60770E-02  5.98768E-01  9.52885E-01      -1.00000E+00  1.00000E+00
 -9.51005E-01 -5.89200E-01  4.25975E-03  5.90793E-01  9.53250E-01      -1.00000E+00  1.00000E+00
 -9.47555E-01 -5.80657E-01 -5.49145E-03  5.81750E-01  9.50882E-01      -1.00000E+00  1.00000E+00
 -9.48632E-01 -5.86905E-01  5.45560E-03  5.94055E-01  9.51990E-01      -1.00000E+00  1.00000E+00
 -9.51277E-01 -5.83832E-01  5.09177E-03  5.87200E-01  9.50772E-01      -1.00000E+00  1.00000E+00
 -9.52358E-01 -5.79110E-01  5.86575E-03  5.89370E-01  9.50917E-01      -1.00000E+00  1.00000E+00
 -9.52573E-01 -5.85442E-01  6.24623E-03  5.88668E-01  9.51563E-01      -1.00000E+00  1.00000E+00
 -9.49240E-01 -5.90322E-01 -1.06247E-02  5.83065E-01  9.51555E-01      -1.00000E+00  1.00000E+00
 -9.47960E-01 -5.77827E-01 -1.72310E-03  5.86433E-01  9.48287E-01      -1.00000E+00  1.00000E+00
 -9.52950E-01 -5.93117E-01 -2.94593E-03  5.88328E-01  9.50538E-01      -1.00000E+00  1.00000E+00
 -9.50508E-01 -5.88113E-01 -5.11483E-03  5.86017E-01  9.50408E-01      -1.00000E+00  1.00000E+00
 -9.52225E-01 -5.97520E-01 -9.43108E-03  5.89783E-01  9.50018E-01      -1.00000E+00  1.00000E+00
 -9.51318E-01 -5.87385E-01 -3.23721E-03  5.75455E-01  9.50258E-01      -1.00000E+00  1.00000E+00
 -9.51725E-01 -5.94105E-01 -1.78477E-03  5.80900E-01  9.49843E-01      -1.00000E+00  1.00000E+00
 -9.50025E-01 -5.84732E-01 -8.07605E-03  5.87065E-01  9.51213E-01      -1.00000E+00  1.00000E+00


    1.   1.01   13.  26.98  1.00E+02  3.00E+01  4.62E-01  2.53E-01     5   0.00

  1.76410E+01  4.17110E+01  5.87820E+01  7.21990E+01  8.43000E+01       1.44500E-02  9.39620E+01

  4.82820E-01  6.74480E-01  7.94375E-01  8.88065E-01  9.65400E-01       2.21380E-03  9.99990E-01
  4.66770E-01  6.54980E-01  7.79165E-01  8.77160E-01  9.62035E-01       1.06670E-02  1.00000E+00
  4.46485E-01  6.36515E-01  7.64810E-01  8.68030E-01  9.58440E-01       4.64020E-02  9.99990E-01
  4.25330E-01  6.10605E-01  7.39005E-01  8.49560E-01  9.51145E-01       2.40020E-02  1.00000E+00
  3.14660E-01  4.76220E-01  6.07365E-01  7.37895E-01  8.91070E-01       2.71000E-03  9.99990E-01

 -9.49310E-01 -5.73392E-01  1.72350E-02  5.88278E-01  9.51032E-01      -1.00000E+00  1.00000E+00
 -9.52340E-01 -5.82487E-01  8.56062E-03  5.86020E-01  9.48485E-01      -1.00000E+00  1.00000E+00
 -9.52722E-01 -5.93603E-01  1.16680E-03  5.94580E-01  9.52383E-01      -1.00000E+00  1.00000E+00
 -9.50525E-01 -5.84810E-01  9.93172E-03  5.93420E-01  9.53950E-01      -1.00000E+00  1.00000E+00
 -9.50775E-01 -5.88535E-01  1.24490E-02  5.98243E-01  9.52233E-01      -1.00000E+00  1.00000E+00
 -9.51055E-01 -5.82690E-01  1.48307E-03  5.93935E-01  9.51195E-01      -1.00000E+00  1.00000E+00
 -9.49847E-01 -5.86395E-01 -1.40948E-03  5.86483E-01  9.48805E-01      -1.00000E+00  1.00000E+00
 -9.50113E-01 -5.89703E-01 -4.12449E-03  5.91455E-01  9.51910E-01      -1.00000E+00  1.00000E+00
 -9.51128E-01 -5.80000E-01  6.77527E-03  5.89898E-01  9.53262E-01      -1.00000E+00  1.00000E+00
 -9.50790E-01 -5.82207E-01  6.34623E-03  5.90385E-01  9.50673E-01      -1.00000E+00  1.00000E+00
 -9.46010E-01 -5.50200E-01  4.44500E-02  6.16962E-01  9.54850E-01      -1.00000E+00  1.00000E+00
 -9.46800E-01 -5.54405E-01  3.89367E-02  6.13692E-01  9.54480E-01      -1.00000E+00  1.00000E+00
 -9.48595E-01 -5.65183E-01  3.26916E-02  6.09632E-01  9.54618E-01      -1.00000E+00  1.00000E+00
 -9.50492E-01 -5.69277E-01  1.75106E-02  6.03173E-01  9.53005E-01      -1.00000E+00  1.00000E+00
 -9.50978E-01 -5.86165E-01  8.22243E-03  5.95433E-01  9.53055E-01      -1.00000E+00  1.00000E+00
 -9.32765E-01 -4.62825E-01  1.86457E-01  6.89292E-01  9.63832E-01      -1.00000E+00  1.00000E+00
 -9.34952E-01 -4.74885E-01  1.58415E-01  6.84005E-01  9.65460E-01      -1.00000E+00  1.00000E+00
 -9.39522E-01 -4.82393E-01  1.32939E-01  6.64245E-01  9.62860E-01      -1.00000E+00  1.00000E+00
 -9.41283E-01 -5.11007E-01  1.10841E-01  6.59482E-01  9.61912E-01      -1.00000E+00  1.00000E+00
 -9.44338E-01 -5.48925E-01  6.10349E-02  6.24262E-01  9.55685E-01      -1.00000E+00  1.00000E+00
 -7.08515E-01  1.84975E-02  5.26350E-01  8.40522E-01  9.81872E-01      -1.00000E+00  1.00000E+00
 -6.86195E-01  2.93175E-02  5.28945E-01  8.38485E-01  9.83473E-01      -1.00000E+00  1.00000E+00
 -6.57997E-01  6.07000E-03  5.15820E-01  8.28388E-01  9.81853E-01      -1.00000E+00  1.00000E+00
 -6.70478E-01 -3.44000E-02  4.76580E-01  8.13550E-01  9.79058E-01      -1.00000E+00  1.00000E+00
 -7.04930E-01 -1.14943E-01  4.03605E-01  7.77570E-01  9.74585E-01      -1.00000E+00  1.00000E+00


    1.   1.01   13.  26.98  1.00E+02  4.50E+01  5.27E-01  3.12E-01     5   0.00

  2.05810E+01  4.70980E+01  6.45250E+01  7.72030E+01  8.75580E+01       1.99220E-02  9.55970E+01

  4.81720E-01  6.72755E-01  7.92285E-01  8.86100E-01  9.64990E-01       1.66480E-02  1.00000E+00
  4.57545E-01  6.45500E-01  7.72045E-01  8.72420E-01  9.60115E-01       2.26780E-02  1.00000E+00
  4.29400E-01  6.16935E-01  7.46955E-01  8.55885E-01  9.53620E-01       4.71240E-03  1.00000E+00
  3.95595E-01  5.73455E-01  7.05470E-01  8.24445E-01  9.41755E-01       2.38830E-02  1.00000E+00
  2.69375E-01  4.16530E-01  5.40960E-01  6.72890E-01  8.36665E-01       2.59560E-03  9.99990E-01

 -9.50352E-01 -5.87810E-01  1.38331E-03  5.81570E-01  9.48530E-01      -1.00000E+00  1.00000E+00
 -9.50275E-01 -5.87120E-01 -1.47763E-03  5.88290E-01  9.50425E-01      -1.00000E+00  1.00000E+00
 -9.51557E-01 -5.99255E-01 -1.21665E-02  5.72450E-01  9.48570E-01      -1.00000E+00  1.00000E+00
 -9.48995E-01 -5.81632E-01  2.05047E-03  5.84357E-01  9.52245E-01      -1.00000E+00  1.00000E+00
 -9.52277E-01 -6.04742E-01 -1.04118E-02  5.80192E-01  9.49843E-01      -1.00000E+00  1.00000E+00
 -9.50997E-01 -5.91163E-01 -3.51818E-03  5.88685E-01  9.51215E-01      -1.00000E+00  1.00000E+00
 -9.51762E-01 -5.87825E-01  1.66100E-03  5.88460E-01  9.50632E-01      -1.00000E+00  1.00000E+00
 -9.51445E-01 -5.78685E-01  6.76983E-03  5.95097E-01  9.49535E-01      -1.00000E+00  1.00000E+00
 -9.51092E-01 -5.83825E-01 -2.63980E-03  5.88603E-01  9.51322E-01      -1.00000E+00  1.00000E+00
 -9.51352E-01 -5.81490E-01  8.65750E-05  5.82427E-01  9.50655E-01      -1.00000E+00  1.00000E+00
 -9.40292E-01 -5.29765E-01  8.64185E-02  6.42007E-01  9.58475E-01      -1.00000E+00  1.00000E+00
 -9.40418E-01 -5.32995E-01  8.44180E-02  6.39153E-01  9.59297E-01      -1.00000E+00  1.00000E+00
 -9.42268E-01 -5.36585E-01  7.62012E-02  6.37260E-01  9.58115E-01      -1.00000E+00  1.00000E+00
 -9.45475E-01 -5.50628E-01  6.41647E-02  6.25695E-01  9.53558E-01      -1.00000E+00  1.00000E+00
 -9.43935E-01 -5.45985E-01  5.12678E-02  6.16007E-01  9.53187E-01      -1.00000E+00  1.00000E+00
 -8.97850E-01 -3.00668E-01  3.37835E-01  7.66812E-01  9.75285E-01      -1.00000E+00  1.00000E+00
 -8.98295E-01 -2.85725E-01  3.41660E-01  7.68590E-01  9.75350E-01      -1.00000E+00  1.00000E+00
 -9.08608E-01 -3.43705E-01  3.03775E-01  7.49070E-01  9.73048E-01      -1.00000E+00  1.00000E+00
 -9.19227E-01 -3.93090E-01  2.51223E-01  7.29450E-01  9.69437E-01      -1.00000E+00  1.00000E+00
 -9.33375E-01 -4.81190E-01  1.47990E-01  6.72822E-01  9.63963E-01      -1.00000E+00  1.00000E+00
 -2.15280E-01  2.95141E-01  6.79615E-01  8.97185E-01  9.89420E-01      -1.00000E+00  1.00000E+00
 -1.55345E-01  4.02373E-01  7.34335E-01  9.14215E-01  9.91117E-01      -1.00000E+00  1.00000E+00
 -1.41495E-01  3.82576E-01  7.17585E-01  9.05448E-01  9.89895E-01      -1.00000E+00  1.00000E+00
 -1.60367E-01  3.63650E-01  6.95582E-01  8.97733E-01  9.89150E-01      -1.00000E+00  1.00000E+00
 -2.02562E-01  2.83320E-01  6.36068E-01  8.65870E-01  9.84700E-01      -1.00000E+00  1.00000E+00


    1.   1.01   13.  26.98  1.00E+02  6.00E+01  6.29E-01  4.20E-01     5   0.00

  2.72570E+01  5.74910E+01  7.44470E+01  8.48130E+01  9.22580E+01       5.37390E-03  9.70520E+01

  4.76360E-01  6.65660E-01  7.86935E-01  8.83035E-01  9.63925E-01       5.73020E-03  1.00000E+00
  4.35200E-01  6.22410E-01  7.51965E-01  8.59170E-01  9.54765E-01       1.27830E-02  1.00000E+00
  3.83205E-01  5.59770E-01  6.92915E-01  8.16100E-01  9.37725E-01       2.29410E-02  1.00000E+00
  3.21580E-01  4.80895E-01  6.15535E-01  7.55670E-01  9.15030E-01       4.36770E-03  9.99990E-01
  1.97875E-01  3.09050E-01  4.09930E-01  5.26265E-01  6.84740E-01       6.86690E-04  9.99100E-01

 -9.52937E-01 -5.87100E-01  1.20809E-02  5.91390E-01  9.51368E-01      -1.00000E+00  1.00000E+00
 -9.44535E-01 -5.70248E-01  1.73360E-02  5.98120E-01  9.51675E-01      -1.00000E+00  1.00000E+00
 -9.51833E-01 -5.89435E-01 -2.57315E-03  5.91592E-01  9.53250E-01      -1.00000E+00  1.00000E+00
 -9.49903E-01 -5.81012E-01  8.00915E-04  5.89268E-01  9.50692E-01      -1.00000E+00  1.00000E+00
 -9.50738E-01 -5.79888E-01  8.99110E-03  5.91105E-01  9.50365E-01      -1.00000E+00  1.00000E+00
 -9.48943E-01 -5.56615E-01  4.87490E-02  6.18820E-01  9.57920E-01      -1.00000E+00  1.00000E+00
 -9.45863E-01 -5.54190E-01  4.37250E-02  6.13230E-01  9.53137E-01      -1.00000E+00  1.00000E+00
 -9.44553E-01 -5.61468E-01  3.06712E-02  6.01218E-01  9.52670E-01      -1.00000E+00  1.00000E+00
 -9.46342E-01 -5.58240E-01  4.22202E-02  6.12642E-01  9.54303E-01      -1.00000E+00  1.00000E+00
 -9.47905E-01 -5.72265E-01  2.00693E-02  6.07102E-01  9.53255E-01      -1.00000E+00  1.00000E+00
 -9.11363E-01 -3.43318E-01  3.08053E-01  7.53818E-01  9.72958E-01      -1.00000E+00  1.00000E+00
 -9.04043E-01 -3.30978E-01  3.03797E-01  7.52032E-01  9.71917E-01      -1.00000E+00  1.00000E+00
 -9.07407E-01 -3.60250E-01  2.73990E-01  7.38450E-01  9.71137E-01      -1.00000E+00  1.00000E+00
 -9.16510E-01 -4.03395E-01  2.37677E-01  7.16110E-01  9.69353E-01      -1.00000E+00  1.00000E+00
 -9.34013E-01 -4.87592E-01  1.43381E-01  6.74720E-01  9.62695E-01      -1.00000E+00  1.00000E+00
 -6.00800E-01  6.17127E-02  6.01002E-01  8.72762E-01  9.86605E-01      -1.00000E+00  1.00000E+00
 -5.21722E-01  2.03861E-01  6.54825E-01  8.89910E-01  9.88380E-01      -1.00000E+00  1.00000E+00
 -5.46280E-01  1.51185E-01  6.25420E-01  8.77230E-01  9.87240E-01      -1.00000E+00  1.00000E+00
 -6.06593E-01  4.26700E-02  5.49785E-01  8.49263E-01  9.83660E-01      -1.00000E+00  1.00000E+00
 -8.07695E-01 -1.95870E-01  3.57950E-01  7.63955E-01  9.74965E-01      -1.00000E+00  1.00000E+00
  5.21570E-01  7.80312E-01  9.08052E-01  9.71650E-01  9.97273E-01      -5.41790E-01  1.00000E+00
  5.30807E-01  7.84175E-01  9.08670E-01  9.70928E-01  9.96905E-01      -5.63650E-01  1.00000E+00
  5.38665E-01  7.75010E-01  9.00980E-01  9.66530E-01  9.96472E-01      -4.44450E-01  1.00000E+00
  5.57532E-01  7.76490E-01  8.92920E-01  9.63528E-01  9.96002E-01      -3.82250E-01  1.00000E+00
  6.27687E-01  8.19142E-01  9.15785E-01  9.71477E-01  9.96978E-01      -3.76620E-01  1.00000E+00


    1.   1.01   13.  26.98  1.00E+02  7.00E+01  7.37E-01  5.56E-01     5   0.00

  3.80400E+01  7.14380E+01  8.51200E+01  9.14260E+01  9.51700E+01       3.80810E-03  9.78650E+01

  4.64585E-01  6.52595E-01  7.76310E-01  8.76500E-01  9.61390E-01       1.32240E-02  1.00000E+00
  3.81865E-01  5.57945E-01  6.92520E-01  8.16640E-01  9.38020E-01       1.97400E-02  1.00000E+00
  2.92530E-01  4.46030E-01  5.82705E-01  7.32155E-01  9.06185E-01       7.02570E-03  1.00000E+00
  2.17945E-01  3.33140E-01  4.46615E-01  5.88665E-01  7.87035E-01       2.36450E-03  9.99690E-01
  1.31890E-01  2.08755E-01  2.79545E-01  3.66310E-01  4.91485E-01       9.87850E-04  8.62330E-01

 -9.50423E-01 -5.84823E-01  3.42217E-03  5.87630E-01  9.51008E-01      -1.00000E+00  1.00000E+00
 -9.49875E-01 -5.74207E-01  9.69373E-03  5.94190E-01  9.50900E-01      -1.00000E+00  1.00000E+00
 -9.51125E-01 -5.85947E-01  4.71132E-03  5.90998E-01  9.50695E-01      -1.00000E+00  1.00000E+00
 -9.51725E-01 -5.88812E-01 -4.59900E-04  5.86195E-01  9.50122E-01      -1.00000E+00  1.00000E+00
 -9.49948E-01 -5.86310E-01  6.10658E-03  5.89755E-01  9.51590E-01      -1.00000E+00  1.00000E+00
 -9.29485E-01 -4.37062E-01  2.08483E-01  7.15800E-01  9.67980E-01      -1.00000E+00  1.00000E+00
 -9.20700E-01 -3.99643E-01  2.41663E-01  7.21080E-01  9.68155E-01      -1.00000E+00  1.00000E+00
 -9.25325E-01 -4.19445E-01  2.26670E-01  7.13947E-01  9.68445E-01      -1.00000E+00  1.00000E+00
 -9.25570E-01 -4.41305E-01  1.83600E-01  6.91745E-01  9.66040E-01      -1.00000E+00  1.00000E+00
 -9.34527E-01 -4.90990E-01  1.10989E-01  6.51440E-01  9.59037E-01      -1.00000E+00  1.00000E+00
 -5.52920E-01  5.52025E-02  5.83590E-01  8.74417E-01  9.87383E-01      -1.00000E+00  1.00000E+00
 -5.17567E-01  1.87242E-01  6.58222E-01  8.92420E-01  9.88752E-01      -1.00000E+00  1.00000E+00
 -5.47665E-01  1.35670E-01  6.21743E-01  8.79282E-01  9.87227E-01      -1.00000E+00  1.00000E+00
 -6.49938E-01 -1.89092E-02  5.28905E-01  8.42580E-01  9.83507E-01      -1.00000E+00  1.00000E+00
 -8.56460E-01 -2.94898E-01  2.83325E-01  7.31745E-01  9.71167E-01      -1.00000E+00  1.00000E+00
  4.21308E-01  7.75452E-01  9.16245E-01  9.75018E-01  9.97483E-01      -5.67840E-01  1.00000E+00
  4.29427E-01  7.70225E-01  9.09170E-01  9.71992E-01  9.97000E-01      -5.39340E-01  1.00000E+00
  4.07400E-01  7.26600E-01  8.87215E-01  9.64568E-01  9.96105E-01      -4.52920E-01  1.00000E+00
  4.04195E-01  6.72840E-01  8.54093E-01  9.52042E-01  9.94978E-01      -3.98520E-01  1.00000E+00
  4.94325E-01  7.19200E-01  8.55762E-01  9.48572E-01  9.94297E-01      -9.80100E-01  1.00000E+00
  8.35505E-01  9.41482E-01  9.77888E-01  9.93207E-01  9.99295E-01       3.67270E-01  1.00000E+00
  8.28788E-01  9.33345E-01  9.73885E-01  9.91715E-01  9.99130E-01       3.68190E-01  1.00000E+00
  8.22665E-01  9.21335E-01  9.68037E-01  9.89930E-01  9.98938E-01       3.81660E-01  1.00000E+00
  8.27995E-01  9.16192E-01  9.62195E-01  9.87285E-01  9.98638E-01       4.00350E-01  1.00000E+00
  8.76707E-01  9.42480E-01  9.73415E-01  9.90915E-01  9.98992E-01       4.73450E-01  1.00000E+00


    1.   1.01   13.  26.98  1.00E+02  8.00E+01  9.17E-01  8.22E-01     5   0.00

  7.77250E+01  9.20020E+01  9.46690E+01  9.62740E+01  9.72680E+01       1.92560E-02  9.85780E+01

  3.24510E-01  4.96100E-01  6.36875E-01  7.77800E-01  9.26805E-01       4.91670E-04  1.00000E+00
  1.69785E-01  2.71325E-01  3.80240E-01  5.40105E-01  7.88365E-01       1.28490E-03  9.99980E-01
  1.33155E-01  2.12720E-01  2.90545E-01  4.01650E-01  5.89290E-01       5.39370E-04  8.81660E-01
  1.07560E-01  1.71055E-01  2.28350E-01  3.01605E-01  4.20520E-01       6.84040E-04  6.47430E-01
  6.05430E-02  1.02256E-01  1.39095E-01  1.84295E-01  2.59055E-01       4.68600E-04  4.65930E-01

 -8.63488E-01 -3.28497E-01  2.88858E-01  7.58255E-01  9.74762E-01      -1.00000E+00  1.00000E+00
 -8.56317E-01 -3.08835E-01  2.89883E-01  7.46165E-01  9.72228E-01      -1.00000E+00  1.00000E+00
 -8.74807E-01 -3.50897E-01  2.49437E-01  7.30837E-01  9.69568E-01      -1.00000E+00  1.00000E+00
 -9.05505E-01 -4.27320E-01  1.53031E-01  6.86373E-01  9.64808E-01      -1.00000E+00  1.00000E+00
 -9.40670E-01 -5.53907E-01 -5.75000E-06  5.96170E-01  9.54237E-01      -1.00000E+00  1.00000E+00
  5.97675E-01  8.86420E-01  9.64603E-01  9.90368E-01  9.99085E-01      -4.65110E-01  1.00000E+00
  5.29670E-01  8.35600E-01  9.40860E-01  9.82750E-01  9.98252E-01      -5.14300E-01  1.00000E+00
  4.48935E-01  7.70745E-01  9.13007E-01  9.73747E-01  9.97317E-01      -5.10660E-01  1.00000E+00
  3.79047E-01  6.57090E-01  8.48130E-01  9.51552E-01  9.95183E-01      -5.04420E-01  1.00000E+00
  3.98062E-01  6.48885E-01  8.13855E-01  9.32095E-01  9.92350E-01      -9.99970E-01  1.00000E+00
  8.78110E-01  9.69195E-01  9.89175E-01  9.96765E-01  9.99670E-01       4.02180E-01  1.00000E+00
  8.33200E-01  9.51262E-01  9.82222E-01  9.94677E-01  9.99455E-01       3.29400E-01  1.00000E+00
  7.95560E-01  9.31310E-01  9.74365E-01  9.92198E-01  9.99200E-01       4.15680E-01  1.00000E+00
  7.61595E-01  8.93090E-01  9.56720E-01  9.86668E-01  9.98638E-01       4.33230E-01  1.00000E+00
  8.26930E-01  9.05490E-01  9.55140E-01  9.84855E-01  9.98292E-01       4.07160E-01  1.00000E+00
  9.35405E-01  9.80537E-01  9.92685E-01  9.97722E-01  9.99765E-01       6.88080E-01  1.00000E+00
  9.21610E-01  9.73307E-01  9.89805E-01  9.96820E-01  9.99660E-01       6.97550E-01  1.00000E+00
  9.12085E-01  9.68010E-01  9.87363E-01  9.95997E-01  9.99590E-01       7.08920E-01  1.00000E+00
  9.06083E-01  9.59423E-01  9.82925E-01  9.94592E-01  9.99435E-01       7.42320E-01  1.00000E+00
  9.31393E-01  9.66082E-01  9.84390E-01  9.94753E-01  9.99433E-01       7.75330E-01  1.00000E+00
  9.78848E-01  9.92622E-01  9.97022E-01  9.99047E-01  9.99903E-01       8.38530E-01  1.00000E+00
  9.75520E-01  9.91265E-01  9.96495E-01  9.98875E-01  9.99880E-01       8.48170E-01  1.00000E+00
  9.71163E-01  9.89502E-01  9.95768E-01  9.98663E-01  9.99865E-01       8.58230E-01  1.00000E+00
  9.67542E-01  9.86880E-01  9.94565E-01  9.98257E-01  9.99820E-01       8.69640E-01  1.00000E+00
  9.71315E-01  9.87412E-01  9.94510E-01  9.98202E-01  9.99807E-01       8.89360E-01  1.00000E+00


    1.   1.01   13.  26.98  1.00E+02  8.50E+01  9.88E-01  9.43E-01     5   0.00

  9.25850E+01  9.58470E+01  9.68950E+01  9.74300E+01  9.78860E+01       1.02940E-01  9.88630E+01

  8.06755E-02  1.90160E-01  3.22930E-01  5.18870E-01  7.86350E-01       3.19860E-04  9.99990E-01
  7.41300E-02  1.49750E-01  2.25885E-01  3.30860E-01  5.08275E-01       3.36510E-04  7.90320E-01
  8.99960E-02  1.47435E-01  1.93110E-01  2.50420E-01  3.50820E-01       1.73400E-04  5.78010E-01
  6.35670E-02  1.02025E-01  1.34640E-01  1.75720E-01  2.51035E-01       2.20480E-04  4.46190E-01
  3.62795E-02  6.58870E-02  9.23555E-02  1.24835E-01  1.81435E-01       1.73550E-04  3.64280E-01

  9.42695E-01  9.91985E-01  9.97012E-01  9.99075E-01  9.99905E-01      -1.00000E+00  1.00000E+00
  4.50562E-01  8.80858E-01  9.74750E-01  9.94312E-01  9.99467E-01      -1.00000E+00  1.00000E+00
  1.21533E-01  6.33230E-01  8.60933E-01  9.65647E-01  9.96952E-01      -1.00000E+00  1.00000E+00
 -6.71950E-02  4.27923E-01  7.07222E-01  8.91735E-01  9.88930E-01      -1.00000E+00  1.00000E+00
 -8.23475E-02  3.27697E-01  6.65363E-01  8.69815E-01  9.84028E-01      -1.00000E+00  1.00000E+00
  9.80222E-01  9.94428E-01  9.97860E-01  9.99325E-01  9.99930E-01       5.71050E-01  1.00000E+00
  9.37450E-01  9.84847E-01  9.94670E-01  9.98377E-01  9.99833E-01       5.96920E-01  1.00000E+00
  8.95418E-01  9.69602E-01  9.88910E-01  9.96633E-01  9.99657E-01       5.74460E-01  1.00000E+00
  8.60232E-01  9.40890E-01  9.76727E-01  9.92868E-01  9.99262E-01       5.82450E-01  1.00000E+00
  8.96320E-01  9.46245E-01  9.74340E-01  9.91142E-01  9.99055E-01       6.55510E-01  1.00000E+00
  9.73633E-01  9.91485E-01  9.96720E-01  9.98985E-01  9.99895E-01       8.01780E-01  1.00000E+00
  9.66965E-01  9.88395E-01  9.95318E-01  9.98510E-01  9.99848E-01       8.11720E-01  1.00000E+00
  9.61607E-01  9.86642E-01  9.94648E-01  9.98298E-01  9.99825E-01       8.09070E-01  1.00000E+00
  9.53777E-01  9.82650E-01  9.92902E-01  9.97720E-01  9.99757E-01       8.22210E-01  1.00000E+00
  9.57695E-01  9.81460E-01  9.91988E-01  9.97358E-01  9.99733E-01       8.52180E-01  1.00000E+00
  9.87205E-01  9.95352E-01  9.98087E-01  9.99385E-01  9.99933E-01       8.81950E-01  1.00000E+00
  9.86007E-01  9.95065E-01  9.97992E-01  9.99350E-01  9.99930E-01       8.71260E-01  1.00000E+00
  9.83600E-01  9.94225E-01  9.97690E-01  9.99270E-01  9.99922E-01       8.78940E-01  1.00000E+00
  9.79000E-01  9.92322E-01  9.96923E-01  9.99018E-01  9.99895E-01       8.80310E-01  1.00000E+00
  9.76255E-01  9.90393E-01  9.95910E-01  9.98657E-01  9.99858E-01       9.03880E-01  1.00000E+00
  9.93330E-01  9.97578E-01  9.99010E-01  9.99680E-01  9.99965E-01       9.22200E-01  1.00000E+00
  9.92348E-01  9.97228E-01  9.98873E-01  9.99637E-01  9.99960E-01       9.14230E-01  1.00000E+00
  9.90995E-01  9.96727E-01  9.98663E-01  9.99572E-01  9.99955E-01       9.18930E-01  1.00000E+00
  9.88680E-01  9.95815E-01  9.98292E-01  9.99447E-01  9.99945E-01       9.27100E-01  1.00000E+00
  9.86877E-01  9.94773E-01  9.97810E-01  9.99280E-01  9.99922E-01       9.28300E-01  1.00000E+00


    1.   1.01   13.  26.98  2.00E+02  0.00E+00  3.65E-01  1.84E-01     5   0.00

  2.96550E+01  7.28150E+01  1.06540E+02  1.34010E+02  1.61190E+02       1.73330E-02  1.82520E+02

  4.75585E-01  6.67090E-01  7.89380E-01  8.84245E-01  9.64555E-01       7.73060E-03  9.99990E-01
  4.48900E-01  6.42425E-01  7.71655E-01  8.73765E-01  9.60990E-01       2.35760E-02  1.00000E+00
  4.29745E-01  6.30275E-01  7.61490E-01  8.67105E-01  9.58535E-01       1.30600E-02  1.00000E+00
  4.04345E-01  6.07660E-01  7.44000E-01  8.55050E-01  9.54450E-01       5.90050E-03  1.00000E+00
  3.17170E-01  5.02605E-01  6.44625E-01  7.77265E-01  9.19935E-01       1.34080E-03  1.00000E+00

 -9.51035E-01 -5.93680E-01 -3.16600E-03  5.90525E-01  9.50625E-01      -1.00000E+00  1.00000E+00
 -9.51702E-01 -5.90625E-01 -6.89965E-03  5.82380E-01  9.48248E-01      -1.00000E+00  1.00000E+00
 -9.51955E-01 -5.89442E-01 -1.41345E-02  5.77695E-01  9.48677E-01      -1.00000E+00  1.00000E+00
 -9.51610E-01 -5.84715E-01  1.43959E-02  6.01657E-01  9.49530E-01      -1.00000E+00  1.00000E+00
 -9.54862E-01 -5.95927E-01 -1.05983E-02  5.74580E-01  9.48670E-01      -1.00000E+00  1.00000E+00
 -9.50400E-01 -5.92307E-01  3.37688E-03  5.89952E-01  9.50182E-01      -1.00000E+00  1.00000E+00
 -9.47958E-01 -5.77267E-01  1.05984E-02  5.89512E-01  9.53222E-01      -1.00000E+00  1.00000E+00
 -9.47895E-01 -5.81222E-01  6.81975E-03  5.86185E-01  9.48107E-01      -1.00000E+00  1.00000E+00
 -9.50778E-01 -5.88675E-01  1.80673E-03  5.98565E-01  9.51993E-01      -1.00000E+00  1.00000E+00
 -9.50513E-01 -5.83435E-01  9.38357E-03  5.92970E-01  9.54045E-01      -1.00000E+00  1.00000E+00
 -9.52235E-01 -5.86893E-01 -4.62358E-03  5.78270E-01  9.49215E-01      -1.00000E+00  1.00000E+00
 -9.55443E-01 -6.00407E-01 -4.31790E-03  5.88653E-01  9.49245E-01      -1.00000E+00  1.00000E+00
 -9.51175E-01 -5.84420E-01 -5.44945E-03  5.84370E-01  9.51563E-01      -1.00000E+00  1.00000E+00
 -9.50533E-01 -5.88302E-01  1.22996E-02  5.94210E-01  9.50910E-01      -1.00000E+00  1.00000E+00
 -9.52275E-01 -5.92232E-01 -2.47205E-03  5.83202E-01  9.51357E-01      -1.00000E+00  1.00000E+00
 -9.52645E-01 -5.88708E-01  1.58948E-02  5.99123E-01  9.54385E-01      -1.00000E+00  1.00000E+00
 -9.51090E-01 -5.82230E-01  2.45435E-03  5.91570E-01  9.49000E-01      -1.00000E+00  1.00000E+00
 -9.52690E-01 -6.00697E-01 -1.79245E-02  5.85045E-01  9.49342E-01      -1.00000E+00  1.00000E+00
 -9.49105E-01 -5.84577E-01 -4.31753E-03  5.90967E-01  9.51083E-01      -1.00000E+00  1.00000E+00
 -9.47572E-01 -5.83652E-01 -3.72305E-03  5.92257E-01  9.54182E-01      -1.00000E+00  1.00000E+00
 -9.50493E-01 -5.94472E-01 -3.50418E-03  5.84237E-01  9.51597E-01      -1.00000E+00  1.00000E+00
 -9.51200E-01 -5.88458E-01 -9.50025E-03  5.90480E-01  9.49990E-01      -1.00000E+00  1.00000E+00
 -9.53037E-01 -5.91670E-01 -1.62718E-03  5.84207E-01  9.50797E-01      -1.00000E+00  1.00000E+00
 -9.47760E-01 -5.79850E-01  2.47732E-03  5.85200E-01  9.51960E-01      -1.00000E+00  1.00000E+00
 -9.54240E-01 -5.91263E-01  9.31527E-03  5.94860E-01  9.52822E-01      -1.00000E+00  1.00000E+00


    1.   1.01   13.  26.98  2.00E+02  3.00E+01  4.13E-01  2.20E-01     5   0.00

  3.31510E+01  7.95520E+01  1.14440E+02  1.40900E+02  1.66360E+02       6.21020E-03  1.89040E+02

  4.75735E-01  6.65300E-01  7.88085E-01  8.83605E-01  9.63685E-01       4.79130E-03  1.00000E+00
  4.48105E-01  6.41430E-01  7.69595E-01  8.71485E-01  9.60230E-01       1.94410E-02  1.00000E+00
  4.14750E-01  6.17030E-01  7.51505E-01  8.61430E-01  9.56120E-01       4.85160E-03  1.00000E+00
  3.89175E-01  5.87285E-01  7.26410E-01  8.42385E-01  9.49005E-01       3.99640E-03  1.00000E+00
  2.91015E-01  4.67060E-01  6.06780E-01  7.44330E-01  8.99715E-01       4.02170E-03  1.00000E+00

 -9.50387E-01 -5.83862E-01  1.32667E-03  5.89165E-01  9.51965E-01      -1.00000E+00  1.00000E+00
 -9.50890E-01 -5.89668E-01 -1.49150E-02  5.86002E-01  9.49912E-01      -1.00000E+00  1.00000E+00
 -9.51717E-01 -5.95488E-01 -1.53608E-02  5.81813E-01  9.52180E-01      -1.00000E+00  1.00000E+00
 -9.48395E-01 -5.79690E-01  1.45105E-02  6.01827E-01  9.50150E-01      -1.00000E+00  1.00000E+00
 -9.50915E-01 -5.88055E-01  3.12180E-03  5.91248E-01  9.52700E-01      -1.00000E+00  1.00000E+00
 -9.52022E-01 -5.87595E-01  7.88367E-03  5.89990E-01  9.51688E-01      -1.00000E+00  1.00000E+00
 -9.52330E-01 -5.89873E-01  2.99077E-03  5.92625E-01  9.50408E-01      -1.00000E+00  1.00000E+00
 -9.50508E-01 -5.80795E-01  4.40625E-04  5.87182E-01  9.48810E-01      -1.00000E+00  1.00000E+00
 -9.48115E-01 -5.84577E-01 -3.21950E-03  5.80910E-01  9.49345E-01      -1.00000E+00  1.00000E+00
 -9.50093E-01 -5.89492E-01 -1.22906E-02  5.83217E-01  9.51018E-01      -1.00000E+00  1.00000E+00
 -9.47965E-01 -5.58562E-01  4.63201E-02  6.20110E-01  9.57807E-01      -1.00000E+00  1.00000E+00
 -9.46915E-01 -5.56547E-01  4.51363E-02  6.12730E-01  9.55348E-01      -1.00000E+00  1.00000E+00
 -9.47295E-01 -5.56335E-01  4.25710E-02  6.15938E-01  9.56675E-01      -1.00000E+00  1.00000E+00
 -9.48233E-01 -5.64523E-01  2.38855E-02  6.03990E-01  9.53782E-01      -1.00000E+00  1.00000E+00
 -9.47858E-01 -5.70497E-01  2.53480E-02  6.00038E-01  9.51753E-01      -1.00000E+00  1.00000E+00
 -9.23935E-01 -4.18365E-01  2.27953E-01  7.11780E-01  9.68135E-01      -1.00000E+00  1.00000E+00
 -9.25623E-01 -4.43445E-01  1.87177E-01  6.91022E-01  9.66345E-01      -1.00000E+00  1.00000E+00
 -9.28855E-01 -4.59175E-01  1.77805E-01  6.84627E-01  9.64562E-01      -1.00000E+00  1.00000E+00
 -9.36775E-01 -4.91942E-01  1.36922E-01  6.68795E-01  9.61933E-01      -1.00000E+00  1.00000E+00
 -9.42450E-01 -5.32420E-01  9.38100E-02  6.40883E-01  9.57680E-01      -1.00000E+00  1.00000E+00
 -7.30070E-01  4.16350E-02  5.48205E-01  8.47705E-01  9.83450E-01      -1.00000E+00  1.00000E+00
 -7.12013E-01  2.93225E-02  5.46010E-01  8.47115E-01  9.83477E-01      -1.00000E+00  1.00000E+00
 -7.08135E-01 -1.07625E-02  5.03217E-01  8.27973E-01  9.80743E-01      -1.00000E+00  1.00000E+00
 -7.35058E-01 -5.37750E-02  4.74915E-01  8.16343E-01  9.78418E-01      -1.00000E+00  1.00000E+00
 -8.36538E-01 -2.16500E-01  3.61840E-01  7.61918E-01  9.72990E-01      -1.00000E+00  1.00000E+00


    1.   1.01   13.  26.98  2.00E+02  4.50E+01  4.75E-01  2.72E-01     5   0.00

  3.84310E+01  8.94670E+01  1.24400E+02  1.49990E+02  1.72500E+02       1.00600E-02  1.92320E+02

  4.71680E-01  6.62990E-01  7.85360E-01  8.82210E-01  9.63855E-01       1.10160E-03  1.00000E+00
  4.36325E-01  6.31705E-01  7.63420E-01  8.67930E-01  9.58675E-01       2.61910E-02  9.99990E-01
  3.96590E-01  5.97470E-01  7.35225E-01  8.50060E-01  9.51920E-01       1.72710E-02  1.00000E+00
  3.62185E-01  5.53625E-01  6.93995E-01  8.18440E-01  9.39225E-01       5.77530E-03  1.00000E+00
  2.56935E-01  4.17535E-01  5.51195E-01  6.89570E-01  8.62270E-01       9.63960E-04  1.00000E+00

 -9.50060E-01 -5.93270E-01 -2.55173E-03  5.90593E-01  9.50295E-01      -1.00000E+00  1.00000E+00
 -9.50590E-01 -5.90335E-01 -6.74250E-03  5.85725E-01  9.52695E-01      -1.00000E+00  1.00000E+00
 -9.52145E-01 -5.88762E-01  3.73133E-03  5.94115E-01  9.51727E-01      -1.00000E+00  1.00000E+00
 -9.50828E-01 -5.86765E-01  2.36604E-03  5.87257E-01  9.50020E-01      -1.00000E+00  1.00000E+00
 -9.52675E-01 -5.92885E-01  2.68783E-03  5.85540E-01  9.51043E-01      -1.00000E+00  1.00000E+00
 -9.48732E-01 -5.78877E-01  1.22848E-02  5.89400E-01  9.49058E-01      -1.00000E+00  1.00000E+00
 -9.46303E-01 -5.78682E-01  1.62020E-02  6.02343E-01  9.52000E-01      -1.00000E+00  1.00000E+00
 -9.46805E-01 -5.78205E-01  1.59255E-02  6.01645E-01  9.52960E-01      -1.00000E+00  1.00000E+00
 -9.51905E-01 -5.83873E-01 -9.82400E-03  5.82815E-01  9.51370E-01      -1.00000E+00  1.00000E+00
 -9.50605E-01 -5.85845E-01 -3.27104E-03  5.85087E-01  9.50117E-01      -1.00000E+00  1.00000E+00
 -9.35895E-01 -4.88960E-01  1.23931E-01  6.58390E-01  9.62278E-01      -1.00000E+00  1.00000E+00
 -9.37342E-01 -4.91720E-01  1.22716E-01  6.61837E-01  9.61218E-01      -1.00000E+00  1.00000E+00
 -9.39257E-01 -5.14385E-01  1.01417E-01  6.47313E-01  9.57575E-01      -1.00000E+00  1.00000E+00
 -9.44597E-01 -5.31175E-01  7.24065E-02  6.38045E-01  9.59202E-01      -1.00000E+00  1.00000E+00
 -9.47088E-01 -5.69758E-01  1.78735E-02  6.10333E-01  9.54587E-01      -1.00000E+00  1.00000E+00
 -8.78160E-01 -2.21910E-01  3.88647E-01  7.85755E-01  9.78290E-01      -1.00000E+00  1.00000E+00
 -8.82985E-01 -2.54690E-01  3.78968E-01  7.81513E-01  9.77023E-01      -1.00000E+00  1.00000E+00
 -8.95845E-01 -2.91212E-01  3.40805E-01  7.66763E-01  9.74893E-01      -1.00000E+00  1.00000E+00
 -9.13533E-01 -3.73842E-01  2.68315E-01  7.31038E-01  9.69698E-01      -1.00000E+00  1.00000E+00
 -9.31383E-01 -4.69858E-01  1.62875E-01  6.80055E-01  9.64870E-01      -1.00000E+00  1.00000E+00
 -3.33490E-01  3.33361E-01  7.17133E-01  9.10153E-01  9.90525E-01      -1.00000E+00  1.00000E+00
 -3.01262E-01  3.56481E-01  7.22187E-01  9.10533E-01  9.90858E-01      -1.00000E+00  1.00000E+00
 -3.06485E-01  3.31924E-01  7.08138E-01  9.03697E-01  9.89647E-01      -1.00000E+00  1.00000E+00
 -3.32045E-01  2.69679E-01  6.59153E-01  8.82433E-01  9.86835E-01      -1.00000E+00  1.00000E+00
 -4.10920E-01  1.13950E-01  5.43285E-01  8.39678E-01  9.82665E-01      -1.00000E+00  1.00000E+00


    1.   1.01   13.  26.98  2.00E+02  6.00E+01  5.69E-01  3.64E-01     5   0.00

  4.88350E+01  1.06990E+02  1.41070E+02  1.63870E+02  1.81900E+02       2.03310E-02  1.95090E+02

  4.64125E-01  6.56220E-01  7.81500E-01  8.79595E-01  9.62775E-01       8.85200E-03  1.00000E+00
  4.11815E-01  6.10310E-01  7.45545E-01  8.56265E-01  9.54580E-01       9.02820E-03  1.00000E+00
  3.56200E-01  5.50670E-01  6.92955E-01  8.18490E-01  9.39860E-01       1.48830E-02  9.99990E-01
  3.04370E-01  4.78275E-01  6.18985E-01  7.59485E-01  9.13540E-01       3.06700E-03  1.00000E+00
  1.95920E-01  3.24425E-01  4.40195E-01  5.72505E-01  7.57905E-01       7.91540E-04  9.99940E-01

 -9.50823E-01 -5.82445E-01  3.87597E-03  5.90840E-01  9.50513E-01      -1.00000E+00  1.00000E+00
 -9.51987E-01 -5.84715E-01 -1.86625E-04  5.86585E-01  9.49775E-01      -1.00000E+00  1.00000E+00
 -9.49380E-01 -5.88560E-01 -1.21688E-02  5.83240E-01  9.48585E-01      -1.00000E+00  1.00000E+00
 -9.51815E-01 -5.89447E-01 -3.65318E-03  5.82902E-01  9.51558E-01      -1.00000E+00  1.00000E+00
 -9.52613E-01 -5.88132E-01 -3.61158E-03  5.82800E-01  9.48612E-01      -1.00000E+00  1.00000E+00
 -9.44025E-01 -5.35917E-01  6.43797E-02  6.20287E-01  9.55800E-01      -1.00000E+00  1.00000E+00
 -9.46612E-01 -5.38318E-01  5.90318E-02  6.30738E-01  9.55667E-01      -1.00000E+00  1.00000E+00
 -9.46190E-01 -5.53150E-01  5.81388E-02  6.24393E-01  9.57753E-01      -1.00000E+00  1.00000E+00
 -9.46915E-01 -5.58377E-01  4.44518E-02  6.13805E-01  9.53565E-01      -1.00000E+00  1.00000E+00
 -9.50875E-01 -5.85450E-01  8.30762E-03  5.97800E-01  9.53780E-01      -1.00000E+00  1.00000E+00
 -8.93762E-01 -2.95398E-01  3.30245E-01  7.61830E-01  9.74190E-01      -1.00000E+00  1.00000E+00
 -8.96335E-01 -3.14340E-01  3.09760E-01  7.54947E-01  9.73815E-01      -1.00000E+00  1.00000E+00
 -9.07347E-01 -3.45405E-01  2.85627E-01  7.44727E-01  9.71632E-01      -1.00000E+00  1.00000E+00
 -9.20743E-01 -3.98653E-01  2.28337E-01  7.10028E-01  9.66853E-01      -1.00000E+00  1.00000E+00
 -9.36565E-01 -4.96747E-01  1.32161E-01  6.65242E-01  9.59850E-01      -1.00000E+00  1.00000E+00
 -7.36088E-01  1.33889E-01  6.32255E-01  8.84880E-01  9.87815E-01      -1.00000E+00  1.00000E+00
 -6.89103E-01  1.54857E-01  6.36053E-01  8.84035E-01  9.87005E-01      -1.00000E+00  1.00000E+00
 -7.41075E-01  6.76675E-02  5.93460E-01  8.66475E-01  9.85982E-01      -1.00000E+00  1.00000E+00
 -7.98357E-01 -4.37007E-02  5.13222E-01  8.38402E-01  9.82997E-01      -1.00000E+00  1.00000E+00
 -8.93770E-01 -3.03007E-01  3.21978E-01  7.56812E-01  9.72680E-01      -1.00000E+00  1.00000E+00
  3.34457E-01  7.22120E-01  8.91480E-01  9.66265E-01  9.96443E-01      -8.75400E-01  1.00000E+00
  3.62947E-01  7.31735E-01  8.90837E-01  9.64667E-01  9.96362E-01      -8.73460E-01  1.00000E+00
  3.47387E-01  7.09348E-01  8.77290E-01  9.60780E-01  9.95700E-01      -7.68390E-01  1.00000E+00
  3.35145E-01  6.77805E-01  8.59790E-01  9.54028E-01  9.95188E-01      -9.15680E-01  1.00000E+00
  2.25393E-01  6.23505E-01  8.25125E-01  9.40600E-01  9.93888E-01      -1.00000E+00  1.00000E+00


    1.   1.01   13.  26.98  2.00E+02  7.00E+01  6.59E-01  4.67E-01     5   0.00

  6.28010E+01  1.27190E+02  1.58710E+02  1.76560E+02  1.89100E+02       1.54450E-03  1.96470E+02

  4.53875E-01  6.46510E-01  7.72820E-01  8.73855E-01  9.60785E-01       3.69770E-03  1.00000E+00
  3.72705E-01  5.68100E-01  7.08715E-01  8.30630E-01  9.44170E-01       3.59020E-03  1.00000E+00
  2.96725E-01  4.68690E-01  6.11385E-01  7.54340E-01  9.10430E-01       2.75610E-03  9.99990E-01
  2.33825E-01  3.78645E-01  5.11950E-01  6.67120E-01  8.70370E-01       2.29200E-03  1.00000E+00
  1.28067E-01  2.21250E-01  3.10760E-01  4.20485E-01  5.84280E-01       6.61220E-04  9.79020E-01

 -9.51035E-01 -5.87392E-01 -3.60325E-04  5.84403E-01  9.53170E-01      -1.00000E+00  1.00000E+00
 -9.50400E-01 -5.84063E-01  4.72970E-03  5.96190E-01  9.52658E-01      -1.00000E+00  1.00000E+00
 -9.50440E-01 -5.81517E-01 -2.39750E-04  5.89292E-01  9.50875E-01      -1.00000E+00  1.00000E+00
 -9.50875E-01 -5.88728E-01  6.27150E-04  5.84982E-01  9.50145E-01      -1.00000E+00  1.00000E+00
 -9.51242E-01 -5.86072E-01  3.97530E-03  5.89385E-01  9.51705E-01      -1.00000E+00  1.00000E+00
 -9.26805E-01 -4.44427E-01  1.86966E-01  6.95885E-01  9.66945E-01      -1.00000E+00  1.00000E+00
 -9.23320E-01 -4.29960E-01  1.88127E-01  6.93190E-01  9.64797E-01      -1.00000E+00  1.00000E+00
 -9.29182E-01 -4.60892E-01  1.69500E-01  6.83242E-01  9.63383E-01      -1.00000E+00  1.00000E+00
 -9.35300E-01 -4.89687E-01  1.27976E-01  6.66212E-01  9.61465E-01      -1.00000E+00  1.00000E+00
 -9.44990E-01 -5.25918E-01  9.48915E-02  6.42432E-01  9.58595E-01      -1.00000E+00  1.00000E+00
 -8.04505E-01  1.78043E-02  5.77395E-01  8.64680E-01  9.85737E-01      -1.00000E+00  1.00000E+00
 -7.80452E-01  3.93440E-02  5.81475E-01  8.61255E-01  9.85642E-01      -1.00000E+00  1.00000E+00
 -7.95057E-01 -1.19450E-02  5.36977E-01  8.43082E-01  9.83890E-01      -1.00000E+00  1.00000E+00
 -8.32812E-01 -1.00859E-01  4.71948E-01  8.22230E-01  9.81260E-01      -1.00000E+00  1.00000E+00
 -9.04445E-01 -3.27135E-01  2.99845E-01  7.46590E-01  9.72005E-01      -1.00000E+00  1.00000E+00
 -4.09625E-02  6.00720E-01  8.48080E-01  9.52765E-01  9.95273E-01      -1.00000E+00  1.00000E+00
  3.31000E-03  6.07463E-01  8.42665E-01  9.51005E-01  9.95073E-01      -1.00000E+00  1.00000E+00
 -5.40775E-02  5.49890E-01  8.18442E-01  9.41950E-01  9.93920E-01      -1.00000E+00  1.00000E+00
 -1.58863E-01  4.30010E-01  7.57785E-01  9.21153E-01  9.91515E-01      -1.00000E+00  1.00000E+00
 -3.67513E-01  1.46987E-01  5.72187E-01  8.53540E-01  9.83750E-01      -1.00000E+00  1.00000E+00
  7.27270E-01  9.04125E-01  9.64487E-01  9.89108E-01  9.98892E-01      -3.51310E-01  1.00000E+00
  7.14382E-01  8.92478E-01  9.56987E-01  9.86378E-01  9.98617E-01      -1.01460E-01  1.00000E+00
  7.03930E-01  8.73650E-01  9.48935E-01  9.84017E-01  9.98255E-01      -9.27420E-02  1.00000E+00
  7.09927E-01  8.62803E-01  9.39518E-01  9.80047E-01  9.97925E-01      -1.34650E-01  1.00000E+00
  7.58510E-01  8.85757E-01  9.48340E-01  9.82478E-01  9.97992E-01      -1.50120E-01  1.00000E+00


    1.   1.01   13.  26.98  2.00E+02  8.00E+01  8.10E-01  6.73E-01     5   0.00

  1.04420E+02  1.68280E+02  1.84710E+02  1.90860E+02  1.94980E+02       3.43390E-02  1.97570E+02

  4.03785E-01  5.98880E-01  7.33885E-01  8.47165E-01  9.50890E-01       3.29940E-03  1.00000E+00
  2.36975E-01  3.90590E-01  5.32165E-01  6.92700E-01  8.87865E-01       3.12950E-03  1.00000E+00
  1.44980E-01  2.47015E-01  3.56820E-01  5.11480E-01  7.63295E-01       6.84920E-04  9.99960E-01
  1.01557E-01  1.76435E-01  2.53140E-01  3.60980E-01  5.46450E-01       3.26470E-04  8.75070E-01
  6.13195E-02  1.11032E-01  1.58700E-01  2.20510E-01  3.15745E-01       4.29990E-04  5.72510E-01

 -9.39842E-01 -5.03742E-01  1.19118E-01  6.54838E-01  9.61388E-01      -1.00000E+00  1.00000E+00
 -9.36060E-01 -5.05862E-01  1.13781E-01  6.51487E-01  9.59940E-01      -1.00000E+00  1.00000E+00
 -9.40015E-01 -5.21010E-01  8.63088E-02  6.34117E-01  9.57275E-01      -1.00000E+00  1.00000E+00
 -9.43307E-01 -5.42215E-01  6.58917E-02  6.31263E-01  9.56705E-01      -1.00000E+00  1.00000E+00
 -9.44595E-01 -5.59425E-01  4.32015E-02  6.18958E-01  9.55720E-01      -1.00000E+00  1.00000E+00
 -5.90928E-01  1.39096E-01  6.58027E-01  8.97990E-01  9.89580E-01      -1.00000E+00  1.00000E+00
 -5.50755E-01  2.46314E-01  6.93530E-01  9.06025E-01  9.90525E-01      -1.00000E+00  1.00000E+00
 -6.04943E-01  1.75400E-01  6.55003E-01  8.89427E-01  9.88410E-01      -1.00000E+00  1.00000E+00
 -7.24070E-01  2.24250E-03  5.55840E-01  8.55880E-01  9.84723E-01      -1.00000E+00  1.00000E+00
 -8.85913E-01 -3.37502E-01  2.75955E-01  7.39627E-01  9.71522E-01      -1.00000E+00  1.00000E+00
  5.79450E-01  8.74328E-01  9.56948E-01  9.87490E-01  9.98730E-01      -4.43870E-01  1.00000E+00
  5.41357E-01  8.50570E-01  9.45275E-01  9.83525E-01  9.98290E-01      -5.30670E-01  1.00000E+00
  4.57327E-01  7.98402E-01  9.22823E-01  9.76605E-01  9.97613E-01      -4.39360E-01  1.00000E+00
  3.86848E-01  7.12285E-01  8.80360E-01  9.62415E-01  9.96095E-01      -5.58280E-01  1.00000E+00
  3.84892E-01  6.45153E-01  8.21923E-01  9.38967E-01  9.93143E-01      -9.99910E-01  1.00000E+00
  8.73220E-01  9.65127E-01  9.87522E-01  9.96213E-01  9.99618E-01       2.75250E-01  1.00000E+00
  8.41525E-01  9.52940E-01  9.82555E-01  9.94635E-01  9.99462E-01       2.59130E-01  1.00000E+00
  8.02803E-01  9.33675E-01  9.74967E-01  9.92270E-01  9.99212E-01       2.85520E-01  1.00000E+00
  7.72530E-01  9.02285E-01  9.60718E-01  9.87737E-01  9.98725E-01       3.53210E-01  1.00000E+00
  8.27385E-01  9.09342E-01  9.57720E-01  9.85780E-01  9.98487E-01       3.97330E-01  1.00000E+00
  9.54198E-01  9.85260E-01  9.94383E-01  9.98230E-01  9.99815E-01       7.37620E-01  1.00000E+00
  9.45440E-01  9.81305E-01  9.92725E-01  9.97762E-01  9.99768E-01       7.40350E-01  1.00000E+00
  9.37170E-01  9.76525E-01  9.90648E-01  9.97103E-01  9.99707E-01       7.54660E-01  1.00000E+00
  9.35385E-01  9.71440E-01  9.87795E-01  9.96063E-01  9.99572E-01       7.85400E-01  1.00000E+00
  9.49060E-01  9.76970E-01  9.89712E-01  9.96590E-01  9.99645E-01       8.10940E-01  1.00000E+00


    1.   1.01   13.  26.98  2.00E+02  8.50E+01  9.27E-01  8.54E-01     5   0.00

  1.67690E+02  1.88880E+02  1.93020E+02  1.95280E+02  1.96670E+02       2.47660E-02  1.98100E+02

  2.39575E-01  4.04720E-01  5.54585E-01  7.20555E-01  9.07790E-01       4.35710E-04  9.99990E-01
  9.45815E-02  1.69115E-01  2.51450E-01  3.83505E-01  6.43090E-01       6.29470E-04  9.73940E-01
  7.05555E-02  1.32205E-01  1.96005E-01  2.90275E-01  4.63560E-01       4.70730E-04  7.43960E-01
  5.99285E-02  1.08610E-01  1.53910E-01  2.13250E-01  3.14425E-01       4.54710E-04  5.33130E-01
  3.61245E-02  6.58315E-02  9.34890E-02  1.28285E-01  1.89700E-01       1.00840E-04  3.63150E-01

 -4.58234E-01  1.05528E-01  5.77283E-01  8.63415E-01  9.86202E-01      -1.00000E+00  1.00000E+00
 -4.93109E-01  9.67200E-02  5.66507E-01  8.52448E-01  9.84648E-01      -1.00000E+00  1.00000E+00
 -5.79425E-01 -7.96000E-03  4.89888E-01  8.19408E-01  9.80585E-01      -1.00000E+00  1.00000E+00
 -7.06448E-01 -1.42192E-01  3.76602E-01  7.76328E-01  9.74465E-01      -1.00000E+00  1.00000E+00
 -8.61857E-01 -2.97807E-01  2.49082E-01  7.01050E-01  9.65065E-01      -1.00000E+00  1.00000E+00
  8.61928E-01  9.68112E-01  9.89070E-01  9.96735E-01  9.99683E-01      -1.12070E-01  1.00000E+00
  8.14897E-01  9.51090E-01  9.83085E-01  9.94962E-01  9.99488E-01       4.97700E-02  1.00000E+00
  7.33918E-01  9.22400E-01  9.72595E-01  9.91845E-01  9.99173E-01      -9.31320E-03  1.00000E+00
  6.40933E-01  8.57570E-01  9.45883E-01  9.83710E-01  9.98380E-01       4.35300E-03  1.00000E+00
  6.77642E-01  8.23848E-01  9.17488E-01  9.72243E-01  9.97005E-01       1.08500E-01  1.00000E+00
  9.54020E-01  9.87873E-01  9.95430E-01  9.98602E-01  9.99857E-01       5.56030E-01  1.00000E+00
  9.28347E-01  9.80600E-01  9.92830E-01  9.97795E-01  9.99767E-01       5.70420E-01  1.00000E+00
  8.95647E-01  9.68885E-01  9.88648E-01  9.96555E-01  9.99632E-01       5.77580E-01  1.00000E+00
  8.61648E-01  9.47043E-01  9.79758E-01  9.93742E-01  9.99358E-01       6.19800E-01  1.00000E+00
  8.89842E-01  9.43910E-01  9.74637E-01  9.91668E-01  9.99135E-01       6.66610E-01  1.00000E+00
  9.72787E-01  9.91662E-01  9.96795E-01  9.99015E-01  9.99900E-01       7.97150E-01  1.00000E+00
  9.64580E-01  9.88835E-01  9.95635E-01  9.98628E-01  9.99858E-01       8.02090E-01  1.00000E+00
  9.57412E-01  9.85667E-01  9.94410E-01  9.98232E-01  9.99815E-01       8.13830E-01  1.00000E+00
  9.49298E-01  9.80458E-01  9.92138E-01  9.97530E-01  9.99737E-01       8.29360E-01  1.00000E+00
  9.56747E-01  9.80685E-01  9.91568E-01  9.97213E-01  9.99707E-01       8.56240E-01  1.00000E+00
  9.88822E-01  9.96175E-01  9.98448E-01  9.99497E-01  9.99947E-01       9.00730E-01  1.00000E+00
  9.87247E-01  9.95520E-01  9.98205E-01  9.99440E-01  9.99940E-01       9.05120E-01  1.00000E+00
  9.84887E-01  9.94962E-01  9.97968E-01  9.99335E-01  9.99930E-01       9.07930E-01  1.00000E+00
  9.81835E-01  9.93105E-01  9.97208E-01  9.99108E-01  9.99908E-01       9.16300E-01  1.00000E+00
  9.82015E-01  9.92735E-01  9.96880E-01  9.98972E-01  9.99890E-01       9.28590E-01  1.00000E+00


    1.   1.01   13.  26.98  5.00E+02  0.00E+00  2.92E-01  1.34E-01     5   0.00

  6.61390E+01  1.59950E+02  2.33970E+02  3.04760E+02  3.86400E+02       1.22330E-02  4.57900E+02

  4.58725E-01  6.53300E-01  7.79545E-01  8.79260E-01  9.62645E-01       1.35520E-02  1.00000E+00
  4.13280E-01  6.24585E-01  7.60145E-01  8.67210E-01  9.58385E-01       1.23800E-02  9.99990E-01
  4.09240E-01  6.19125E-01  7.55865E-01  8.65585E-01  9.57555E-01       3.64530E-03  9.99990E-01
  3.94005E-01  6.01085E-01  7.39150E-01  8.51960E-01  9.52900E-01       1.18020E-02  1.00000E+00
  3.11645E-01  5.00050E-01  6.44690E-01  7.80845E-01  9.22410E-01       8.22790E-04  9.99970E-01

 -9.50310E-01 -5.84050E-01 -5.92642E-03  5.82325E-01  9.51743E-01      -1.00000E+00  1.00000E+00
 -9.50020E-01 -5.81947E-01  1.15847E-02  5.90642E-01  9.53380E-01      -1.00000E+00  1.00000E+00
 -9.51605E-01 -6.03967E-01 -1.35605E-02  5.78032E-01  9.48472E-01      -1.00000E+00  1.00000E+00
 -9.49152E-01 -5.86078E-01  1.63850E-03  5.86672E-01  9.52772E-01      -1.00000E+00  1.00000E+00
 -9.53628E-01 -5.87272E-01 -4.81555E-03  5.80688E-01  9.50602E-01      -1.00000E+00  1.00000E+00
 -9.49317E-01 -5.90830E-01 -4.01168E-03  5.81785E-01  9.50307E-01      -1.00000E+00  1.00000E+00
 -9.55875E-01 -6.09985E-01 -1.99367E-02  5.74710E-01  9.47462E-01      -1.00000E+00  1.00000E+00
 -9.50308E-01 -5.86833E-01  9.53893E-03  5.86420E-01  9.50797E-01      -1.00000E+00  1.00000E+00
 -9.48595E-01 -5.84745E-01  1.23517E-02  5.92010E-01  9.50655E-01      -1.00000E+00  1.00000E+00
 -9.50270E-01 -5.84785E-01 -2.23068E-03  5.91295E-01  9.50797E-01      -1.00000E+00  1.00000E+00
 -9.50320E-01 -5.76945E-01  8.08360E-03  5.94025E-01  9.53415E-01      -1.00000E+00  1.00000E+00
 -9.51573E-01 -5.97955E-01 -2.01879E-02  5.75210E-01  9.51557E-01      -1.00000E+00  1.00000E+00
 -9.48937E-01 -5.89422E-01  2.04755E-03  5.81257E-01  9.51793E-01      -1.00000E+00  1.00000E+00
 -9.52345E-01 -5.97463E-01 -2.84125E-03  5.95788E-01  9.51010E-01      -1.00000E+00  1.00000E+00
 -9.53907E-01 -6.07252E-01 -2.09608E-02  5.84570E-01  9.48043E-01      -1.00000E+00  1.00000E+00
 -9.50738E-01 -5.82307E-01 -2.21312E-03  5.87680E-01  9.50190E-01      -1.00000E+00  1.00000E+00
 -9.50895E-01 -5.84805E-01  2.73855E-03  5.93653E-01  9.50155E-01      -1.00000E+00  1.00000E+00
 -9.48360E-01 -5.91700E-01 -1.26516E-02  5.83450E-01  9.52388E-01      -1.00000E+00  1.00000E+00
 -9.51408E-01 -5.79775E-01 -8.09590E-03  5.82500E-01  9.51805E-01      -1.00000E+00  1.00000E+00
 -9.51835E-01 -5.86908E-01 -3.66658E-03  5.96945E-01  9.51083E-01      -1.00000E+00  1.00000E+00
 -9.50330E-01 -5.88675E-01 -5.48299E-03  5.85755E-01  9.52740E-01      -1.00000E+00  1.00000E+00
 -9.48357E-01 -5.82852E-01 -4.41475E-04  5.83398E-01  9.50645E-01      -1.00000E+00  1.00000E+00
 -9.50305E-01 -5.84763E-01 -2.38775E-03  5.86560E-01  9.50202E-01      -1.00000E+00  1.00000E+00
 -9.54110E-01 -5.94555E-01 -2.31559E-02  5.78272E-01  9.52543E-01      -1.00000E+00  1.00000E+00
 -9.50137E-01 -5.82732E-01  1.45234E-02  5.91685E-01  9.53333E-01      -1.00000E+00  1.00000E+00


    1.   1.01   13.  26.98  5.00E+02  3.00E+01  3.42E-01  1.67E-01     5   0.00

  7.43010E+01  1.74570E+02  2.52070E+02  3.23110E+02  4.00460E+02       1.07340E-02  4.74340E+02

  4.54480E-01  6.51585E-01  7.78560E-01  8.79165E-01  9.62750E-01       3.87900E-03  1.00000E+00
  4.12170E-01  6.20040E-01  7.57250E-01  8.66370E-01  9.58825E-01       8.22130E-03  9.99990E-01
  4.00620E-01  6.09835E-01  7.47875E-01  8.59975E-01  9.55850E-01       1.52320E-02  9.99990E-01
  3.76350E-01  5.78855E-01  7.19745E-01  8.38415E-01  9.47210E-01       1.38560E-02  1.00000E+00
  2.88235E-01  4.67310E-01  6.09815E-01  7.50205E-01  9.06690E-01       5.09830E-03  1.00000E+00

 -9.49710E-01 -5.84782E-01 -4.06607E-03  5.89110E-01  9.51562E-01      -1.00000E+00  1.00000E+00
 -9.50378E-01 -5.95017E-01 -1.68581E-02  5.77342E-01  9.49915E-01      -1.00000E+00  1.00000E+00
 -9.46420E-01 -5.79893E-01  1.28805E-02  5.85275E-01  9.52497E-01      -1.00000E+00  1.00000E+00
 -9.46060E-01 -5.77577E-01  1.16096E-02  5.89322E-01  9.52313E-01      -1.00000E+00  1.00000E+00
 -9.51380E-01 -5.88190E-01  2.59622E-03  5.93420E-01  9.52602E-01      -1.00000E+00  1.00000E+00
 -9.50333E-01 -5.69330E-01  2.70711E-02  6.08502E-01  9.50468E-01      -1.00000E+00  1.00000E+00
 -9.50003E-01 -5.73410E-01  2.29122E-02  5.90415E-01  9.50385E-01      -1.00000E+00  1.00000E+00
 -9.51283E-01 -5.84733E-01  2.98185E-03  5.91530E-01  9.51298E-01      -1.00000E+00  1.00000E+00
 -9.49738E-01 -5.67758E-01  1.55104E-02  5.98585E-01  9.50355E-01      -1.00000E+00  1.00000E+00
 -9.51233E-01 -5.83013E-01  1.17423E-03  5.82547E-01  9.49850E-01      -1.00000E+00  1.00000E+00
 -9.38408E-01 -5.13177E-01  1.00422E-01  6.50520E-01  9.57510E-01      -1.00000E+00  1.00000E+00
 -9.38462E-01 -5.13043E-01  1.08445E-01  6.47800E-01  9.60182E-01      -1.00000E+00  1.00000E+00
 -9.39895E-01 -5.33697E-01  8.30282E-02  6.37025E-01  9.60615E-01      -1.00000E+00  1.00000E+00
 -9.44867E-01 -5.45887E-01  6.88498E-02  6.37003E-01  9.57883E-01      -1.00000E+00  1.00000E+00
 -9.50215E-01 -5.80510E-01 -9.92525E-04  5.93000E-01  9.50650E-01      -1.00000E+00  1.00000E+00
 -9.07552E-01 -3.47945E-01  2.87252E-01  7.38407E-01  9.73392E-01      -1.00000E+00  1.00000E+00
 -9.08743E-01 -3.62152E-01  2.66772E-01  7.30020E-01  9.71397E-01      -1.00000E+00  1.00000E+00
 -9.18345E-01 -4.10582E-01  2.22948E-01  7.14140E-01  9.68425E-01      -1.00000E+00  1.00000E+00
 -9.28788E-01 -4.40590E-01  1.85592E-01  6.92333E-01  9.66248E-01      -1.00000E+00  1.00000E+00
 -9.41878E-01 -5.14190E-01  1.04005E-01  6.52080E-01  9.57385E-01      -1.00000E+00  1.00000E+00
 -7.39367E-01  6.33800E-02  5.79065E-01  8.63530E-01  9.85435E-01      -1.00000E+00  1.00000E+00
 -7.50800E-01  4.27100E-02  5.56368E-01  8.54728E-01  9.84877E-01      -1.00000E+00  1.00000E+00
 -7.56945E-01  7.96250E-03  5.31080E-01  8.41195E-01  9.83265E-01      -1.00000E+00  1.00000E+00
 -7.97503E-01 -8.33703E-02  4.66847E-01  8.13708E-01  9.80718E-01      -1.00000E+00  1.00000E+00
 -8.88173E-01 -2.92606E-01  3.17610E-01  7.49380E-01  9.73013E-01      -1.00000E+00  1.00000E+00


    1.   1.01   13.  26.98  5.00E+02  4.50E+01  4.07E-01  2.15E-01     5   0.00

  8.63450E+01  1.96420E+02  2.77790E+02  3.47730E+02  4.17860E+02       4.87410E-02  4.82900E+02

  4.47360E-01  6.46405E-01  7.74550E-01  8.75910E-01  9.61740E-01       2.48800E-03  1.00000E+00
  4.04255E-01  6.13030E-01  7.52300E-01  8.62420E-01  9.57135E-01       7.95650E-03  9.99990E-01
  3.84135E-01  5.89475E-01  7.29735E-01  8.46695E-01  9.50635E-01       1.30600E-02  1.00000E+00
  3.47845E-01  5.44160E-01  6.85950E-01  8.13160E-01  9.36130E-01       1.94380E-02  1.00000E+00
  2.55680E-01  4.19650E-01  5.56725E-01  7.01465E-01  8.76245E-01       1.63240E-03  9.99970E-01

 -9.50730E-01 -5.90207E-01 -1.33980E-02  5.84775E-01  9.50740E-01      -1.00000E+00  1.00000E+00
 -9.50233E-01 -5.80098E-01  1.98002E-02  5.96895E-01  9.53207E-01      -1.00000E+00  1.00000E+00
 -9.47700E-01 -5.82545E-01 -1.41520E-03  5.88730E-01  9.51200E-01      -1.00000E+00  1.00000E+00
 -9.50202E-01 -5.83300E-01  2.59620E-03  5.83778E-01  9.51263E-01      -1.00000E+00  1.00000E+00
 -9.50755E-01 -5.89468E-01 -7.05100E-04  5.79450E-01  9.48920E-01      -1.00000E+00  1.00000E+00
 -9.47865E-01 -5.61355E-01  5.26143E-02  6.17413E-01  9.54937E-01      -1.00000E+00  1.00000E+00
 -9.47172E-01 -5.63438E-01  4.08518E-02  6.18563E-01  9.53707E-01      -1.00000E+00  1.00000E+00
 -9.48723E-01 -5.70398E-01  3.91195E-02  6.12668E-01  9.55495E-01      -1.00000E+00  1.00000E+00
 -9.48822E-01 -5.78085E-01  2.30480E-02  6.03140E-01  9.53700E-01      -1.00000E+00  1.00000E+00
 -9.49590E-01 -5.82015E-01  1.20640E-02  5.95120E-01  9.54327E-01      -1.00000E+00  1.00000E+00
 -9.20410E-01 -4.06062E-01  2.18942E-01  7.11880E-01  9.67950E-01      -1.00000E+00  1.00000E+00
 -9.25992E-01 -4.27772E-01  2.01143E-01  7.04805E-01  9.67062E-01      -1.00000E+00  1.00000E+00
 -9.30767E-01 -4.64200E-01  1.71430E-01  6.89430E-01  9.63873E-01      -1.00000E+00  1.00000E+00
 -9.35512E-01 -4.86787E-01  1.32716E-01  6.58898E-01  9.59715E-01      -1.00000E+00  1.00000E+00
 -9.43190E-01 -5.31915E-01  8.34740E-02  6.37728E-01  9.59447E-01      -1.00000E+00  1.00000E+00
 -8.29935E-01 -9.69340E-02  4.92237E-01  8.27990E-01  9.81208E-01      -1.00000E+00  1.00000E+00
 -8.42925E-01 -1.25459E-01  4.57838E-01  8.11340E-01  9.79725E-01      -1.00000E+00  1.00000E+00
 -8.64683E-01 -1.92372E-01  4.19637E-01  7.98237E-01  9.78420E-01      -1.00000E+00  1.00000E+00
 -8.96145E-01 -2.97588E-01  3.41640E-01  7.71462E-01  9.76160E-01      -1.00000E+00  1.00000E+00
 -9.23917E-01 -4.21368E-01  2.00135E-01  7.08145E-01  9.67948E-01      -1.00000E+00  1.00000E+00
 -3.25658E-01  4.35290E-01  7.65852E-01  9.26327E-01  9.92047E-01      -1.00000E+00  1.00000E+00
 -3.60323E-01  3.94962E-01  7.48310E-01  9.20390E-01  9.91563E-01      -1.00000E+00  1.00000E+00
 -3.96761E-01  3.43185E-01  7.22260E-01  9.09183E-01  9.90747E-01      -1.00000E+00  1.00000E+00
 -5.04635E-01  2.39776E-01  6.61898E-01  8.89715E-01  9.88478E-01      -1.00000E+00  1.00000E+00
 -7.16540E-01 -1.35675E-02  5.09465E-01  8.29100E-01  9.81455E-01      -1.00000E+00  1.00000E+00


    1.   1.01   13.  26.98  5.00E+02  6.00E+01  5.05E-01  3.00E-01     5   0.00

  1.08840E+02  2.34690E+02  3.20200E+02  3.85570E+02  4.42470E+02       3.35400E-02  4.89460E+02

  4.37175E-01  6.38420E-01  7.69745E-01  8.72985E-01  9.60410E-01       1.46710E-03  9.99990E-01
  3.88075E-01  5.94770E-01  7.35760E-01  8.50800E-01  9.52155E-01       1.09470E-02  1.00000E+00
  3.43515E-01  5.38505E-01  6.82375E-01  8.11575E-01  9.36220E-01       1.57650E-02  1.00000E+00
  2.93110E-01  4.65090E-01  6.06425E-01  7.48960E-01  9.07640E-01       5.35950E-03  1.00000E+00
  2.00925E-01  3.35705E-01  4.58035E-01  5.99665E-01  7.99515E-01       1.48060E-03  9.99980E-01

 -9.50210E-01 -5.83825E-01 -3.34002E-03  5.89660E-01  9.51450E-01      -1.00000E+00  1.00000E+00
 -9.51573E-01 -5.82972E-01  1.36953E-02  5.97695E-01  9.52882E-01      -1.00000E+00  1.00000E+00
 -9.49945E-01 -5.79895E-01  1.01864E-02  6.01017E-01  9.53745E-01      -1.00000E+00  1.00000E+00
 -9.51595E-01 -5.92385E-01 -2.72847E-03  5.89902E-01  9.49555E-01      -1.00000E+00  1.00000E+00
 -9.49088E-01 -5.84405E-01  4.57750E-05  5.85605E-01  9.49645E-01      -1.00000E+00  1.00000E+00
 -9.36725E-01 -4.86498E-01  1.28171E-01  6.66098E-01  9.63002E-01      -1.00000E+00  1.00000E+00
 -9.38485E-01 -5.03915E-01  1.05863E-01  6.55008E-01  9.59267E-01      -1.00000E+00  1.00000E+00
 -9.39830E-01 -5.19293E-01  1.01511E-01  6.46662E-01  9.59978E-01      -1.00000E+00  1.00000E+00
 -9.42102E-01 -5.38730E-01  6.97290E-02  6.33150E-01  9.58897E-01      -1.00000E+00  1.00000E+00
 -9.44650E-01 -5.60645E-01  4.11897E-02  6.15473E-01  9.53125E-01      -1.00000E+00  1.00000E+00
 -8.49205E-01 -1.39488E-01  4.50232E-01  8.09690E-01  9.78987E-01      -1.00000E+00  1.00000E+00
 -8.52803E-01 -1.64370E-01  4.23530E-01  8.06440E-01  9.78950E-01      -1.00000E+00  1.00000E+00
 -8.81893E-01 -2.48777E-01  3.65108E-01  7.77912E-01  9.75413E-01      -1.00000E+00  1.00000E+00
 -9.03460E-01 -3.24457E-01  3.07408E-01  7.51090E-01  9.72775E-01      -1.00000E+00  1.00000E+00
 -9.25395E-01 -4.43575E-01  1.80385E-01  6.87405E-01  9.64043E-01      -1.00000E+00  1.00000E+00
 -5.66852E-01  3.26703E-01  7.23555E-01  9.13370E-01  9.90598E-01      -1.00000E+00  1.00000E+00
 -5.94165E-01  2.81780E-01  6.99030E-01  9.03787E-01  9.89677E-01      -1.00000E+00  1.00000E+00
 -6.71772E-01  2.04028E-01  6.59517E-01  8.89362E-01  9.88703E-01      -1.00000E+00  1.00000E+00
 -7.57885E-01  5.12642E-02  5.73775E-01  8.58202E-01  9.84587E-01      -1.00000E+00  1.00000E+00
 -8.74438E-01 -2.41232E-01  3.78980E-01  7.82780E-01  9.77290E-01      -1.00000E+00  1.00000E+00
  1.99775E-01  7.30113E-01  8.97548E-01  9.69318E-01  9.96795E-01      -1.00000E+00  1.00000E+00
  2.11238E-01  7.12712E-01  8.86007E-01  9.64633E-01  9.96400E-01      -1.00000E+00  1.00000E+00
  1.56590E-01  6.71323E-01  8.64590E-01  9.56277E-01  9.95262E-01      -1.00000E+00  1.00000E+00
  4.39425E-02  5.87610E-01  8.28597E-01  9.46028E-01  9.94428E-01      -1.00000E+00  1.00000E+00
 -1.62140E-01  3.75915E-01  7.10260E-01  9.01308E-01  9.89568E-01      -1.00000E+00  1.00000E+00


    1.   1.01   13.  26.98  5.00E+02  7.00E+01  5.94E-01  3.92E-01     5   0.00

  1.35320E+02  2.77870E+02  3.64230E+02  4.20270E+02  4.63660E+02       3.13560E-02  4.92880E+02

  4.26855E-01  6.30150E-01  7.63630E-01  8.69275E-01  9.58970E-01       1.36820E-02  1.00000E+00
  3.59730E-01  5.59540E-01  7.03095E-01  8.27550E-01  9.43260E-01       3.21850E-03  1.00000E+00
  2.89375E-01  4.62460E-01  6.06185E-01  7.50215E-01  9.08965E-01       6.68020E-03  1.00000E+00
  2.30600E-01  3.73250E-01  5.05685E-01  6.59670E-01  8.64205E-01       7.27360E-03  9.99990E-01
  1.44735E-01  2.43800E-01  3.43390E-01  4.70015E-01  6.75200E-01       1.35030E-03  9.99970E-01

 -9.49890E-01 -5.75233E-01  1.77480E-02  5.96200E-01  9.52353E-01      -1.00000E+00  1.00000E+00
 -9.51220E-01 -5.80640E-01  8.79175E-03  5.94175E-01  9.51478E-01      -1.00000E+00  1.00000E+00
 -9.48455E-01 -5.72942E-01  2.03713E-02  6.03237E-01  9.53470E-01      -1.00000E+00  1.00000E+00
 -9.52512E-01 -5.87880E-01  8.51733E-03  5.98695E-01  9.52665E-01      -1.00000E+00  1.00000E+00
 -9.51545E-01 -5.88300E-01  1.33274E-02  5.92045E-01  9.51103E-01      -1.00000E+00  1.00000E+00
 -9.01818E-01 -3.28460E-01  2.96960E-01  7.45373E-01  9.72978E-01      -1.00000E+00  1.00000E+00
 -9.08627E-01 -3.57912E-01  2.70813E-01  7.33335E-01  9.70145E-01      -1.00000E+00  1.00000E+00
 -9.16542E-01 -3.96760E-01  2.40973E-01  7.10398E-01  9.67902E-01      -1.00000E+00  1.00000E+00
 -9.21303E-01 -4.30255E-01  1.96352E-01  6.96000E-01  9.64492E-01      -1.00000E+00  1.00000E+00
 -9.37990E-01 -5.04447E-01  1.12991E-01  6.56022E-01  9.60820E-01      -1.00000E+00  1.00000E+00
 -6.56730E-01  2.28895E-01  6.79253E-01  8.97145E-01  9.89433E-01      -1.00000E+00  1.00000E+00
 -6.80868E-01  1.73545E-01  6.46882E-01  8.86265E-01  9.88175E-01      -1.00000E+00  1.00000E+00
 -7.30712E-01  1.05546E-01  6.01812E-01  8.71103E-01  9.85842E-01      -1.00000E+00  1.00000E+00
 -8.09678E-01 -3.72492E-02  5.18722E-01  8.38935E-01  9.83190E-01      -1.00000E+00  1.00000E+00
 -8.89898E-01 -2.83915E-01  3.40285E-01  7.64885E-01  9.73387E-01      -1.00000E+00  1.00000E+00
 -9.34145E-02  6.52065E-01  8.72833E-01  9.61498E-01  9.96018E-01      -1.00000E+00  1.00000E+00
 -8.35373E-02  6.24890E-01  8.55595E-01  9.54748E-01  9.95347E-01      -1.00000E+00  1.00000E+00
 -2.12287E-01  5.51563E-01  8.24067E-01  9.45272E-01  9.94150E-01      -1.00000E+00  1.00000E+00
 -4.22400E-01  4.03625E-01  7.56527E-01  9.22235E-01  9.91768E-01      -1.00000E+00  1.00000E+00
 -7.55647E-01 -7.79875E-03  5.33360E-01  8.44922E-01  9.83295E-01      -1.00000E+00  1.00000E+00
  6.53170E-01  8.91355E-01  9.58777E-01  9.87210E-01  9.98713E-01      -7.24650E-01  1.00000E+00
  6.42940E-01  8.78805E-01  9.52315E-01  9.84950E-01  9.98372E-01      -6.95880E-01  1.00000E+00
  6.00598E-01  8.53765E-01  9.40980E-01  9.81302E-01  9.98045E-01      -6.86490E-01  1.00000E+00
  5.45862E-01  8.13420E-01  9.23223E-01  9.75015E-01  9.97372E-01      -6.47650E-01  1.00000E+00
  4.63182E-01  7.52410E-01  8.89610E-01  9.62963E-01  9.95953E-01      -1.00000E+00  1.00000E+00


    1.   1.01   13.  26.98  5.00E+02  8.00E+01  7.35E-01  5.71E-01     5   0.00

  2.01960E+02  3.70320E+02  4.36840E+02  4.67770E+02  4.85120E+02       5.14190E-02  4.95340E+02

  3.95770E-01  5.98565E-01  7.37655E-01  8.50985E-01  9.52105E-01       7.20510E-03  1.00000E+00
  2.61530E-01  4.25780E-01  5.66260E-01  7.15285E-01  8.91965E-01       2.62520E-03  9.99980E-01
  1.73890E-01  2.86845E-01  4.05415E-01  5.63450E-01  8.13450E-01       2.01920E-03  1.00000E+00
  1.14065E-01  1.89610E-01  2.73730E-01  3.98990E-01  6.41145E-01       8.51110E-04  9.98260E-01
  6.63570E-02  1.15802E-01  1.69175E-01  2.45740E-01  3.89130E-01       3.31450E-04  8.23980E-01

 -9.36260E-01 -4.89503E-01  1.22188E-01  6.56645E-01  9.61900E-01      -1.00000E+00  1.00000E+00
 -9.38655E-01 -5.06075E-01  1.15744E-01  6.55083E-01  9.60003E-01      -1.00000E+00  1.00000E+00
 -9.37935E-01 -5.10345E-01  9.92496E-02  6.49338E-01  9.60803E-01      -1.00000E+00  1.00000E+00
 -9.45195E-01 -5.48280E-01  5.95509E-02  6.23580E-01  9.56867E-01      -1.00000E+00  1.00000E+00
 -9.47682E-01 -5.61005E-01  3.83942E-02  6.14102E-01  9.54575E-01      -1.00000E+00  1.00000E+00
 -6.17840E-01  2.90709E-01  7.14108E-01  9.10550E-01  9.90855E-01      -1.00000E+00  1.00000E+00
 -6.21145E-01  2.43475E-01  6.79910E-01  8.98450E-01  9.88755E-01      -1.00000E+00  1.00000E+00
 -6.82595E-01  1.58358E-01  6.32678E-01  8.80177E-01  9.87535E-01      -1.00000E+00  1.00000E+00
 -7.67740E-01  3.62250E-02  5.67983E-01  8.55808E-01  9.84550E-01      -1.00000E+00  1.00000E+00
 -8.83663E-01 -2.51430E-01  3.58725E-01  7.73278E-01  9.74582E-01      -1.00000E+00  1.00000E+00
  2.16766E-01  7.98490E-01  9.31305E-01  9.79517E-01  9.98008E-01      -1.00000E+00  1.00000E+00
  2.47301E-01  7.82703E-01  9.20347E-01  9.76047E-01  9.97450E-01      -1.00000E+00  1.00000E+00
  1.06612E-01  7.16160E-01  8.92535E-01  9.67175E-01  9.96603E-01      -1.00000E+00  1.00000E+00
 -1.53125E-01  5.74128E-01  8.35240E-01  9.48965E-01  9.94740E-01      -1.00000E+00  1.00000E+00
 -5.70191E-01  1.44765E-01  6.17965E-01  8.76905E-01  9.86820E-01      -1.00000E+00  1.00000E+00
  8.06025E-01  9.51228E-01  9.82888E-01  9.94903E-01  9.99493E-01      -5.19660E-01  1.00000E+00
  7.73193E-01  9.35723E-01  9.76308E-01  9.92727E-01  9.99253E-01      -2.14580E-01  1.00000E+00
  7.14795E-01  9.11837E-01  9.67115E-01  9.89873E-01  9.98975E-01      -2.41650E-01  1.00000E+00
  6.14395E-01  8.62568E-01  9.47100E-01  9.83348E-01  9.98228E-01      -2.11070E-01  1.00000E+00
  5.77187E-01  7.93570E-01  9.09405E-01  9.70367E-01  9.96773E-01      -3.00590E-01  1.00000E+00
  9.46813E-01  9.85052E-01  9.94575E-01  9.98348E-01  9.99825E-01       5.39730E-01  1.00000E+00
  9.29612E-01  9.79155E-01  9.92007E-01  9.97525E-01  9.99745E-01       4.62040E-01  1.00000E+00
  9.08548E-01  9.70378E-01  9.88698E-01  9.96457E-01  9.99635E-01       4.13590E-01  1.00000E+00
  8.88255E-01  9.57945E-01  9.83385E-01  9.94792E-01  9.99443E-01       5.46220E-01  1.00000E+00
  8.95100E-01  9.53195E-01  9.79440E-01  9.93385E-01  9.99287E-01       5.06960E-01  1.00000E+00


    1.   1.01   13.  26.98  5.00E+02  8.50E+01  8.82E-01  7.90E-01     5   0.00

  3.53330E+02  4.65530E+02  4.79730E+02  4.87240E+02  4.91760E+02       9.51010E-02  4.96250E+02

  2.76585E-01  4.46150E-01  5.88725E-01  7.32660E-01  8.98590E-01       2.03440E-03  9.99990E-01
  9.26035E-02  1.58245E-01  2.39030E-01  3.74420E-01  6.68860E-01       5.67420E-04  1.00000E+00
  6.20720E-02  1.05455E-01  1.52765E-01  2.31600E-01  4.36375E-01       1.65130E-04  8.50880E-01
  4.95325E-02  8.61325E-02  1.24785E-01  1.85995E-01  3.23785E-01       3.47640E-04  6.53630E-01
  3.09185E-02  5.64700E-02  8.24745E-02  1.20450E-01  1.99055E-01       1.65340E-04  4.54940E-01

 -6.95665E-01  1.06648E-01  5.85883E-01  8.59962E-01  9.85775E-01      -1.00000E+00  1.00000E+00
 -6.82845E-01  6.30450E-02  5.36712E-01  8.38943E-01  9.81890E-01      -1.00000E+00  1.00000E+00
 -7.49352E-01 -3.17750E-02  4.75697E-01  8.10595E-01  9.79383E-01      -1.00000E+00  1.00000E+00
 -8.27720E-01 -1.52520E-01  4.02668E-01  7.81197E-01  9.74657E-01      -1.00000E+00  1.00000E+00
 -9.14527E-01 -3.91947E-01  2.40647E-01  7.13232E-01  9.68885E-01      -1.00000E+00  1.00000E+00
  7.93860E-01  9.58885E-01  9.86930E-01  9.96393E-01  9.99653E-01      -6.09690E-01  1.00000E+00
  7.49538E-01  9.39745E-01  9.79250E-01  9.93955E-01  9.99405E-01      -7.17380E-01  1.00000E+00
  6.52065E-01  9.06175E-01  9.67130E-01  9.90282E-01  9.99027E-01      -5.56700E-01  1.00000E+00
  4.86372E-01  8.17263E-01  9.33300E-01  9.80233E-01  9.98040E-01      -6.32700E-01  1.00000E+00
  2.46565E-01  6.15438E-01  8.21900E-01  9.40282E-01  9.93310E-01      -1.00000E+00  1.00000E+00
  9.67680E-01  9.92097E-01  9.97127E-01  9.99120E-01  9.99907E-01       4.70450E-01  1.00000E+00
  9.49345E-01  9.87150E-01  9.95337E-01  9.98592E-01  9.99858E-01       4.29420E-01  1.00000E+00
  9.25010E-01  9.80315E-01  9.92982E-01  9.97883E-01  9.99783E-01       3.94680E-01  1.00000E+00
  8.69152E-01  9.62660E-01  9.86533E-01  9.95953E-01  9.99582E-01       4.00680E-01  1.00000E+00
  8.14678E-01  9.21127E-01  9.66867E-01  9.89583E-01  9.98910E-01       4.15910E-01  1.00000E+00
  9.83087E-01  9.95408E-01  9.98287E-01  9.99475E-01  9.99945E-01       7.33520E-01  1.00000E+00
  9.74137E-01  9.92992E-01  9.97405E-01  9.99212E-01  9.99918E-01       7.09950E-01  1.00000E+00
  9.61655E-01  9.89225E-01  9.95953E-01  9.98788E-01  9.99875E-01       7.19160E-01  1.00000E+00
  9.38460E-01  9.80735E-01  9.92788E-01  9.97820E-01  9.99773E-01       7.21990E-01  1.00000E+00
  9.25840E-01  9.68450E-01  9.86795E-01  9.95742E-01  9.99550E-01       7.48410E-01  1.00000E+00
  9.93147E-01  9.97810E-01  9.99143E-01  9.99730E-01  9.99975E-01       8.63490E-01  1.00000E+00
  9.90433E-01  9.96928E-01  9.98805E-01  9.99628E-01  9.99960E-01       8.65480E-01  1.00000E+00
  9.86252E-01  9.95633E-01  9.98307E-01  9.99465E-01  9.99945E-01       8.59850E-01  1.00000E+00
  9.79612E-01  9.93100E-01  9.97313E-01  9.99152E-01  9.99915E-01       8.68950E-01  1.00000E+00
  9.74052E-01  9.89695E-01  9.95700E-01  9.98605E-01  9.99855E-01       8.80270E-01  1.00000E+00


    1.   1.01   13.  26.98  1.00E+03  0.00E+00  2.25E-01  9.40E-02     5   0.00

  1.13860E+02  2.69960E+02  4.08260E+02  5.52390E+02  7.39530E+02       4.26470E-02  9.19230E+02

  4.36980E-01  6.40280E-01  7.71410E-01  8.75015E-01  9.61550E-01       8.11750E-03  9.99990E-01
  4.11325E-01  6.25115E-01  7.61695E-01  8.68780E-01  9.58940E-01       1.32960E-02  9.99980E-01
  4.06830E-01  6.18730E-01  7.56615E-01  8.65160E-01  9.58095E-01       8.42830E-03  9.99990E-01
  3.87365E-01  5.98460E-01  7.36635E-01  8.50860E-01  9.52620E-01       1.89530E-02  1.00000E+00
  3.03930E-01  4.93050E-01  6.40350E-01  7.77295E-01  9.20835E-01       1.83010E-02  1.00000E+00

 -9.51405E-01 -5.88278E-01 -1.06387E-02  5.70870E-01  9.50963E-01      -1.00000E+00  1.00000E+00
 -9.48580E-01 -5.67455E-01  3.88725E-04  5.95420E-01  9.53817E-01      -1.00000E+00  1.00000E+00
 -9.49322E-01 -5.83748E-01  9.12268E-03  5.92720E-01  9.50050E-01      -1.00000E+00  1.00000E+00
 -9.50025E-01 -5.78725E-01  9.10725E-03  5.88597E-01  9.50655E-01      -1.00000E+00  1.00000E+00
 -9.52750E-01 -5.97152E-01  1.44590E-03  5.87867E-01  9.53635E-01      -1.00000E+00  1.00000E+00
 -9.48372E-01 -5.85340E-01  1.55210E-02  5.91290E-01  9.52122E-01      -1.00000E+00  1.00000E+00
 -9.51428E-01 -5.85633E-01 -2.66370E-03  5.98065E-01  9.51512E-01      -1.00000E+00  1.00000E+00
 -9.49647E-01 -5.89235E-01 -8.68573E-03  5.95618E-01  9.48273E-01      -1.00000E+00  1.00000E+00
 -9.47963E-01 -5.77943E-01  1.51451E-02  5.93720E-01  9.52110E-01      -1.00000E+00  1.00000E+00
 -9.49692E-01 -5.91977E-01  3.77432E-03  6.00788E-01  9.54365E-01      -1.00000E+00  1.00000E+00
 -9.49188E-01 -5.90750E-01  1.18872E-02  6.02692E-01  9.52460E-01      -1.00000E+00  1.00000E+00
 -9.49767E-01 -5.86048E-01 -1.25645E-03  6.03897E-01  9.49625E-01      -1.00000E+00  1.00000E+00
 -9.54093E-01 -5.94480E-01  7.94725E-03  5.90650E-01  9.51665E-01      -1.00000E+00  1.00000E+00
 -9.51380E-01 -5.79662E-01  1.38088E-02  5.96980E-01  9.49690E-01      -1.00000E+00  9.99980E-01
 -9.50562E-01 -5.74492E-01  2.97908E-02  6.00800E-01  9.52983E-01      -1.00000E+00  1.00000E+00
 -9.47642E-01 -5.83647E-01 -5.40650E-04  5.90807E-01  9.47860E-01      -1.00000E+00  1.00000E+00
 -9.48005E-01 -5.90555E-01  7.76825E-03  5.92893E-01  9.47545E-01      -1.00000E+00  1.00000E+00
 -9.50198E-01 -5.85758E-01  2.21840E-03  6.00130E-01  9.52330E-01      -1.00000E+00  1.00000E+00
 -9.51775E-01 -5.92715E-01 -1.82118E-02  5.78022E-01  9.48468E-01      -1.00000E+00  1.00000E+00
 -9.52180E-01 -5.90985E-01 -3.99763E-03  5.86105E-01  9.49363E-01      -1.00000E+00  1.00000E+00
 -9.47500E-01 -5.87882E-01  6.80152E-03  5.96832E-01  9.50993E-01      -1.00000E+00  1.00000E+00
 -9.49432E-01 -5.96525E-01 -1.56222E-02  5.79477E-01  9.49383E-01      -1.00000E+00  1.00000E+00
 -9.47902E-01 -5.77013E-01  2.04133E-02  5.96475E-01  9.52370E-01      -1.00000E+00  1.00000E+00
 -9.52190E-01 -5.91958E-01 -1.66733E-02  5.81082E-01  9.45920E-01      -1.00000E+00  1.00000E+00
 -9.47917E-01 -5.83970E-01  3.00150E-03  5.98733E-01  9.54290E-01      -1.00000E+00  1.00000E+00


    1.   1.01   13.  26.98  1.00E+03  3.00E+01  2.75E-01  1.22E-01     5   0.00

  1.26730E+02  2.96550E+02  4.42300E+02  5.88880E+02  7.67650E+02       1.83540E-02  9.53270E+02

  4.34645E-01  6.39755E-01  7.70820E-01  8.73460E-01  9.60600E-01       2.05670E-02  1.00000E+00
  4.03710E-01  6.17880E-01  7.57545E-01  8.65830E-01  9.58130E-01       1.83950E-02  9.99990E-01
  3.96275E-01  6.07005E-01  7.45425E-01  8.58850E-01  9.55390E-01       1.24410E-02  1.00000E+00
  3.71460E-01  5.74975E-01  7.15280E-01  8.35330E-01  9.45705E-01       2.08170E-02  9.99980E-01
  2.81845E-01  4.62760E-01  6.08145E-01  7.48945E-01  9.07820E-01       6.58110E-03  1.00000E+00

 -9.53143E-01 -5.91245E-01 -5.83926E-03  5.74962E-01  9.50172E-01      -1.00000E+00  1.00000E+00
 -9.52770E-01 -5.85070E-01 -2.23875E-03  5.68995E-01  9.51472E-01      -1.00000E+00  1.00000E+00
 -9.52705E-01 -5.99193E-01 -8.23610E-03  5.89365E-01  9.52465E-01      -1.00000E+00  1.00000E+00
 -9.50542E-01 -5.88160E-01 -1.50603E-02  5.88275E-01  9.50902E-01      -1.00000E+00  1.00000E+00
 -9.48435E-01 -5.82078E-01  6.90923E-03  5.91715E-01  9.54740E-01      -1.00000E+00  1.00000E+00
 -9.46205E-01 -5.66288E-01  2.91235E-02  6.06752E-01  9.55855E-01      -1.00000E+00  1.00000E+00
 -9.44757E-01 -5.64075E-01  2.47854E-02  5.99858E-01  9.51488E-01      -1.00000E+00  1.00000E+00
 -9.46550E-01 -5.62947E-01  2.85826E-02  6.09735E-01  9.56338E-01      -1.00000E+00  1.00000E+00
 -9.48930E-01 -5.65303E-01  2.20589E-02  6.03483E-01  9.54610E-01      -1.00000E+00  1.00000E+00
 -9.48873E-01 -5.76518E-01  2.14014E-02  6.08350E-01  9.52525E-01      -1.00000E+00  1.00000E+00
 -9.31217E-01 -4.56817E-01  1.71538E-01  6.83887E-01  9.61540E-01      -1.00000E+00  1.00000E+00
 -9.37135E-01 -5.04775E-01  1.17678E-01  6.53933E-01  9.61115E-01      -1.00000E+00  1.00000E+00
 -9.35142E-01 -5.05892E-01  1.18824E-01  6.54710E-01  9.62032E-01      -1.00000E+00  1.00000E+00
 -9.39183E-01 -5.21400E-01  8.17252E-02  6.36867E-01  9.56820E-01      -1.00000E+00  1.00000E+00
 -9.43875E-01 -5.39815E-01  4.54188E-02  6.13053E-01  9.54375E-01      -1.00000E+00  1.00000E+00
 -8.90977E-01 -2.71525E-01  3.49970E-01  7.70143E-01  9.75085E-01      -1.00000E+00  1.00000E+00
 -9.00655E-01 -3.05270E-01  3.26145E-01  7.66710E-01  9.75065E-01      -1.00000E+00  1.00000E+00
 -9.02343E-01 -3.35165E-01  2.95633E-01  7.44100E-01  9.70503E-01      -1.00000E+00  1.00000E+00
 -9.18555E-01 -3.97230E-01  2.33260E-01  7.20145E-01  9.68498E-01      -1.00000E+00  1.00000E+00
 -9.31592E-01 -4.78995E-01  1.36447E-01  6.60835E-01  9.61113E-01      -1.00000E+00  1.00000E+00
 -7.23448E-01  9.76593E-02  5.95893E-01  8.69017E-01  9.86255E-01      -1.00000E+00  1.00000E+00
 -7.33865E-01  8.15577E-02  5.91250E-01  8.65330E-01  9.85753E-01      -1.00000E+00  1.00000E+00
 -7.80972E-01  1.39175E-02  5.46535E-01  8.44580E-01  9.82553E-01      -1.00000E+00  1.00000E+00
 -8.18930E-01 -8.16615E-02  4.79777E-01  8.24595E-01  9.80660E-01      -1.00000E+00  1.00000E+00
 -8.89382E-01 -3.04740E-01  3.17308E-01  7.57350E-01  9.73548E-01      -1.00000E+00  1.00000E+00


    1.   1.01   13.  26.98  1.00E+03  4.50E+01  3.43E-01  1.66E-01     5   0.00

  1.46680E+02  3.36280E+02  4.91850E+02  6.39540E+02  8.05210E+02       3.46560E-02  9.67080E+02

  4.28310E-01  6.34920E-01  7.68480E-01  8.72640E-01  9.60570E-01       4.15900E-03  1.00000E+00
  3.99590E-01  6.12020E-01  7.50420E-01  8.62075E-01  9.56505E-01       1.15810E-02  1.00000E+00
  3.75430E-01  5.84465E-01  7.27505E-01  8.45150E-01  9.50165E-01       2.32370E-03  9.99990E-01
  3.38650E-01  5.35065E-01  6.78205E-01  8.06090E-01  9.33540E-01       2.74860E-02  9.99990E-01
  2.50435E-01  4.16240E-01  5.55245E-01  7.02090E-01  8.82400E-01       8.75500E-03  9.99980E-01

 -9.51620E-01 -5.89910E-01 -1.21500E-02  5.80810E-01  9.50773E-01      -1.00000E+00  1.00000E+00
 -9.49905E-01 -5.74280E-01  7.26083E-03  6.01688E-01  9.52710E-01      -1.00000E+00  1.00000E+00
 -9.50705E-01 -5.89677E-01  9.91615E-03  6.00982E-01  9.52638E-01      -1.00000E+00  1.00000E+00
 -9.48887E-01 -5.87117E-01 -3.09950E-03  5.84465E-01  9.47495E-01      -1.00000E+00  1.00000E+00
 -9.48200E-01 -5.78365E-01 -6.89209E-03  5.80602E-01  9.50105E-01      -1.00000E+00  1.00000E+00
 -9.39870E-01 -5.25623E-01  7.92000E-02  6.32302E-01  9.58747E-01      -1.00000E+00  1.00000E+00
 -9.40855E-01 -5.28452E-01  9.74872E-02  6.54443E-01  9.58997E-01      -1.00000E+00  1.00000E+00
 -9.46755E-01 -5.52400E-01  4.05621E-02  6.09780E-01  9.53020E-01      -1.00000E+00  1.00000E+00
 -9.47745E-01 -5.61092E-01  3.60938E-02  6.08060E-01  9.54608E-01      -1.00000E+00  1.00000E+00
 -9.50600E-01 -5.74353E-01  2.92925E-02  5.98430E-01  9.51625E-01      -1.00000E+00  1.00000E+00
 -9.06907E-01 -3.17788E-01  3.00687E-01  7.50495E-01  9.71815E-01      -1.00000E+00  1.00000E+00
 -9.06327E-01 -3.54640E-01  2.81280E-01  7.34093E-01  9.69368E-01      -1.00000E+00  1.00000E+00
 -9.14523E-01 -3.99467E-01  2.49195E-01  7.28113E-01  9.69855E-01      -1.00000E+00  1.00000E+00
 -9.21473E-01 -4.40765E-01  1.84812E-01  6.92072E-01  9.65685E-01      -1.00000E+00  1.00000E+00
 -9.40425E-01 -5.19390E-01  9.59795E-02  6.43050E-01  9.57665E-01      -1.00000E+00  1.00000E+00
 -7.91490E-01  1.60490E-02  5.56680E-01  8.53258E-01  9.84435E-01      -1.00000E+00  1.00000E+00
 -8.08083E-01 -1.99903E-02  5.34720E-01  8.47857E-01  9.83505E-01      -1.00000E+00  1.00000E+00
 -8.30578E-01 -9.20545E-02  4.85440E-01  8.22815E-01  9.80592E-01      -1.00000E+00  1.00000E+00
 -8.67140E-01 -2.02655E-01  4.17222E-01  7.97728E-01  9.78110E-01      -1.00000E+00  1.00000E+00
 -9.15003E-01 -3.71912E-01  2.49345E-01  7.21797E-01  9.70738E-01      -1.00000E+00  1.00000E+00
 -3.09097E-01  4.77955E-01  7.92302E-01  9.35740E-01  9.93355E-01      -1.00000E+00  1.00000E+00
 -3.53052E-01  4.24015E-01  7.65992E-01  9.25065E-01  9.92117E-01      -1.00000E+00  1.00000E+00
 -4.54883E-01  3.57888E-01  7.31598E-01  9.11552E-01  9.90957E-01      -1.00000E+00  1.00000E+00
 -5.68255E-01  2.41055E-01  6.75990E-01  8.93927E-01  9.88585E-01      -1.00000E+00  1.00000E+00
 -7.83835E-01 -5.16168E-02  4.98132E-01  8.29970E-01  9.81005E-01      -1.00000E+00  1.00000E+00


    1.   1.01   13.  26.98  1.00E+03  6.00E+01  4.47E-01  2.46E-01     5   0.00

  1.83930E+02  4.08500E+02  5.78910E+02  7.21840E+02  8.59910E+02       3.11190E-02  9.81050E+02

  4.20465E-01  6.28210E-01  7.64425E-01  8.70200E-01  9.59605E-01       1.42280E-02  9.99990E-01
  3.80550E-01  5.89200E-01  7.32525E-01  8.48920E-01  9.51715E-01       7.95370E-03  1.00000E+00
  3.32365E-01  5.30320E-01  6.74740E-01  8.04725E-01  9.33925E-01       1.98210E-02  1.00000E+00
  2.82640E-01  4.54075E-01  5.95295E-01  7.37430E-01  9.01560E-01       1.69660E-02  9.99980E-01
  1.98730E-01  3.33385E-01  4.58580E-01  6.05125E-01  8.13835E-01       3.97860E-03  9.99990E-01

 -9.49523E-01 -5.84900E-01  1.38155E-02  5.98813E-01  9.53632E-01      -1.00000E+00  1.00000E+00
 -9.48670E-01 -5.73670E-01  1.44656E-02  5.97243E-01  9.52545E-01      -1.00000E+00  1.00000E+00
 -9.50623E-01 -5.83687E-01 -5.89600E-03  5.87050E-01  9.52240E-01      -1.00000E+00  1.00000E+00
 -9.49005E-01 -5.95250E-01  3.77138E-03  5.89492E-01  9.50183E-01      -1.00000E+00  1.00000E+00
 -9.50098E-01 -5.90302E-01 -5.82915E-03  5.81412E-01  9.51153E-01      -1.00000E+00  1.00000E+00
 -9.22780E-01 -4.25875E-01  2.01720E-01  7.03277E-01  9.66155E-01      -1.00000E+00  1.00000E+00
 -9.29858E-01 -4.60527E-01  1.70445E-01  6.95337E-01  9.64610E-01      -1.00000E+00  1.00000E+00
 -9.33235E-01 -4.59700E-01  1.66662E-01  6.82627E-01  9.63300E-01      -1.00000E+00  1.00000E+00
 -9.36575E-01 -4.93370E-01  1.22059E-01  6.56185E-01  9.61520E-01      -1.00000E+00  1.00000E+00
 -9.43043E-01 -5.41490E-01  6.28289E-02  6.21790E-01  9.54748E-01      -1.00000E+00  1.00000E+00
 -7.76390E-01  8.02750E-03  5.47273E-01  8.49162E-01  9.83522E-01      -1.00000E+00  1.00000E+00
 -8.19558E-01 -4.69260E-02  5.17018E-01  8.39600E-01  9.83132E-01      -1.00000E+00  1.00000E+00
 -8.42890E-01 -1.19149E-01  4.70210E-01  8.20447E-01  9.81240E-01      -1.00000E+00  1.00000E+00
 -8.73493E-01 -2.24136E-01  3.86338E-01  7.89935E-01  9.76215E-01      -1.00000E+00  1.00000E+00
 -9.16255E-01 -3.93200E-01  2.30885E-01  7.09043E-01  9.68392E-01      -1.00000E+00  1.00000E+00
 -4.04095E-01  4.39592E-01  7.76520E-01  9.29900E-01  9.92367E-01      -1.00000E+00  1.00000E+00
 -4.82565E-01  3.93492E-01  7.49175E-01  9.21900E-01  9.91675E-01      -1.00000E+00  1.00000E+00
 -5.92280E-01  2.93158E-01  7.06427E-01  9.03467E-01  9.89613E-01      -1.00000E+00  1.00000E+00
 -7.07137E-01  1.57746E-01  6.44355E-01  8.85212E-01  9.87190E-01      -1.00000E+00  1.00000E+00
 -8.62532E-01 -1.79265E-01  4.21015E-01  8.03482E-01  9.78870E-01      -1.00000E+00  1.00000E+00
  2.27574E-01  7.46500E-01  9.04100E-01  9.70682E-01  9.96853E-01      -1.00000E+00  1.00000E+00
  1.85878E-01  7.24050E-01  8.92830E-01  9.65917E-01  9.96345E-01      -1.00000E+00  1.00000E+00
  7.79150E-02  6.69462E-01  8.68315E-01  9.57740E-01  9.95368E-01      -1.00000E+00  1.00000E+00
 -6.84875E-02  5.76255E-01  8.26642E-01  9.43882E-01  9.94240E-01      -1.00000E+00  1.00000E+00
 -3.69392E-01  2.98987E-01  6.88395E-01  8.97382E-01  9.88623E-01      -1.00000E+00  1.00000E+00


    1.   1.01   13.  26.98  1.00E+03  7.00E+01  5.42E-01  3.35E-01     5   0.00

  2.29330E+02  4.92850E+02  6.71030E+02  7.99640E+02  9.07250E+02       2.70050E-02  9.88010E+02

  4.11470E-01  6.18820E-01  7.56720E-01  8.65005E-01  9.58455E-01       1.51720E-02  1.00000E+00
  3.48390E-01  5.49985E-01  6.94915E-01  8.21365E-01  9.41455E-01       8.72810E-03  1.00000E+00
  2.76510E-01  4.50050E-01  5.92770E-01  7.36335E-01  9.02405E-01       1.40910E-02  1.00000E+00
  2.21640E-01  3.62845E-01  4.92435E-01  6.42645E-01  8.50420E-01       1.58350E-02  9.99990E-01
  1.47215E-01  2.50600E-01  3.54665E-01  4.88635E-01  7.10870E-01       1.95150E-03  9.99990E-01

 -9.46133E-01 -5.51985E-01  3.75524E-02  6.13420E-01  9.54015E-01      -1.00000E+00  1.00000E+00
 -9.47730E-01 -5.66190E-01  3.77743E-02  6.19107E-01  9.54860E-01      -1.00000E+00  1.00000E+00
 -9.48712E-01 -5.73200E-01  2.49451E-02  6.02085E-01  9.51943E-01      -1.00000E+00  1.00000E+00
 -9.45497E-01 -5.66998E-01  3.51400E-02  6.13002E-01  9.54098E-01      -1.00000E+00  1.00000E+00
 -9.49150E-01 -5.78298E-01  6.73667E-03  5.90080E-01  9.50518E-01      -1.00000E+00  1.00000E+00
 -8.65367E-01 -2.01810E-01  4.01745E-01  7.91235E-01  9.78425E-01      -1.00000E+00  1.00000E+00
 -8.81330E-01 -2.43597E-01  3.69945E-01  7.77593E-01  9.75942E-01      -1.00000E+00  1.00000E+00
 -8.97580E-01 -2.94623E-01  3.18425E-01  7.52745E-01  9.72853E-01      -1.00000E+00  1.00000E+00
 -9.08648E-01 -3.55045E-01  2.67630E-01  7.25208E-01  9.68948E-01      -1.00000E+00  1.00000E+00
 -9.29278E-01 -4.71940E-01  1.51090E-01  6.75897E-01  9.63355E-01      -1.00000E+00  1.00000E+00
 -4.97807E-01  3.87130E-01  7.49015E-01  9.18910E-01  9.91807E-01      -1.00000E+00  1.00000E+00
 -5.63305E-01  3.19860E-01  7.18158E-01  9.10432E-01  9.90695E-01      -1.00000E+00  1.00000E+00
 -6.35890E-01  2.33245E-01  6.74538E-01  8.96360E-01  9.89285E-01      -1.00000E+00  1.00000E+00
 -7.48142E-01  9.41110E-02  5.96668E-01  8.66803E-01  9.85707E-01      -1.00000E+00  1.00000E+00
 -8.70298E-01 -2.20341E-01  3.89503E-01  7.84540E-01  9.76360E-01      -1.00000E+00  1.00000E+00
  7.40285E-02  7.15292E-01  8.92785E-01  9.66558E-01  9.96495E-01      -1.00000E+00  1.00000E+00
  5.22000E-03  6.81538E-01  8.77682E-01  9.61595E-01  9.96078E-01      -1.00000E+00  1.00000E+00
 -1.43115E-01  6.06872E-01  8.46253E-01  9.53477E-01  9.95145E-01      -1.00000E+00  1.00000E+00
 -3.94710E-01  4.55760E-01  7.84970E-01  9.32465E-01  9.92932E-01      -1.00000E+00  1.00000E+00
 -7.49597E-01  5.69485E-02  5.79257E-01  8.63800E-01  9.85220E-01      -1.00000E+00  1.00000E+00
  6.47825E-01  8.93342E-01  9.60440E-01  9.87910E-01  9.98775E-01      -9.96100E-01  1.00000E+00
  6.07175E-01  8.74845E-01  9.51958E-01  9.84812E-01  9.98380E-01      -9.99980E-01  1.00000E+00
  5.43915E-01  8.45572E-01  9.39192E-01  9.80810E-01  9.97950E-01      -1.00000E+00  1.00000E+00
  4.09555E-01  7.85197E-01  9.14678E-01  9.73050E-01  9.97092E-01      -1.00000E+00  1.00000E+00
  1.33919E-01  6.09657E-01  8.35590E-01  9.46528E-01  9.94723E-01      -1.00000E+00  1.00000E+00


    1.   1.01   13.  26.98  1.00E+03  8.00E+01  6.81E-01  4.97E-01     5   0.00

  3.32580E+02  6.60450E+02  8.20840E+02  9.05270E+02  9.61800E+02       8.45150E-02  9.92190E+02

  3.87165E-01  5.93535E-01  7.34540E-01  8.49680E-01  9.52825E-01       1.46820E-02  1.00000E+00
  2.61270E-01  4.28245E-01  5.69435E-01  7.17170E-01  8.91825E-01       1.09310E-02  1.00000E+00
  1.74840E-01  2.91135E-01  4.08710E-01  5.59970E-01  7.99520E-01       8.55460E-03  9.99990E-01
  1.26480E-01  2.08390E-01  2.99145E-01  4.32145E-01  6.94800E-01       3.81240E-03  9.99980E-01
  7.25540E-02  1.25260E-01  1.85075E-01  2.73905E-01  4.50905E-01       8.84600E-04  9.23970E-01

 -9.23513E-01 -4.40270E-01  1.82644E-01  6.88720E-01  9.63470E-01      -1.00000E+00  1.00000E+00
 -9.32407E-01 -4.77285E-01  1.30037E-01  6.64870E-01  9.60960E-01      -1.00000E+00  1.00000E+00
 -9.33715E-01 -4.89215E-01  1.27143E-01  6.58717E-01  9.61398E-01      -1.00000E+00  1.00000E+00
 -9.39205E-01 -5.07323E-01  1.07038E-01  6.53600E-01  9.60843E-01      -1.00000E+00  1.00000E+00
 -9.44230E-01 -5.46637E-01  5.81668E-02  6.23195E-01  9.57128E-01      -1.00000E+00  1.00000E+00
 -4.60655E-01  3.88217E-01  7.50020E-01  9.22020E-01  9.91688E-01      -1.00000E+00  1.00000E+00
 -5.28475E-01  3.17859E-01  7.11610E-01  9.07942E-01  9.90428E-01      -1.00000E+00  1.00000E+00
 -6.29463E-01  2.17067E-01  6.62567E-01  8.92350E-01  9.88833E-01      -1.00000E+00  1.00000E+00
 -7.32590E-01  8.94282E-02  5.87265E-01  8.64272E-01  9.85773E-01      -1.00000E+00  1.00000E+00
 -8.66490E-01 -2.12376E-01  3.93188E-01  7.87248E-01  9.76045E-01      -1.00000E+00  1.00000E+00
  3.39760E-01  8.19492E-01  9.33780E-01  9.80133E-01  9.98018E-01      -1.00000E+00  1.00000E+00
  2.60706E-01  7.88187E-01  9.20205E-01  9.75248E-01  9.97505E-01      -1.00000E+00  1.00000E+00
  8.95808E-02  7.19328E-01  8.94610E-01  9.67365E-01  9.96588E-01      -1.00000E+00  1.00000E+00
 -1.91556E-01  5.92378E-01  8.43980E-01  9.51343E-01  9.95095E-01      -1.00000E+00  1.00000E+00
 -6.87298E-01  1.64527E-01  6.44068E-01  8.88885E-01  9.88020E-01      -1.00000E+00  1.00000E+00
  7.70083E-01  9.39060E-01  9.77568E-01  9.93117E-01  9.99305E-01      -7.91730E-01  1.00000E+00
  7.33343E-01  9.24408E-01  9.71900E-01  9.91482E-01  9.99105E-01      -7.16460E-01  1.00000E+00
  6.45153E-01  8.95098E-01  9.60190E-01  9.87737E-01  9.98722E-01      -8.41090E-01  1.00000E+00
  4.95012E-01  8.36283E-01  9.37852E-01  9.80670E-01  9.98022E-01      -9.86420E-01  1.00000E+00
  9.64760E-02  5.90545E-01  8.29078E-01  9.45935E-01  9.94155E-01      -1.00000E+00  1.00000E+00
  9.31188E-01  9.81838E-01  9.93463E-01  9.98007E-01  9.99797E-01       2.00460E-01  1.00000E+00
  9.08880E-01  9.73417E-01  9.90210E-01  9.97035E-01  9.99702E-01       2.42510E-01  1.00000E+00
  8.77920E-01  9.62083E-01  9.85615E-01  9.95628E-01  9.99535E-01       2.85900E-01  1.00000E+00
  8.41102E-01  9.45525E-01  9.78900E-01  9.93375E-01  9.99278E-01       2.10860E-01  1.00000E+00
  8.11630E-01  9.20428E-01  9.66487E-01  9.89005E-01  9.98762E-01       8.07760E-02  1.00000E+00


    1.   1.01   13.  26.98  1.00E+03  8.50E+01  8.22E-01  7.00E-01     5   0.00

  5.49140E+02  8.73750E+02  9.44160E+02  9.67010E+02  9.82350E+02       3.98150E-02  9.94060E+02

  3.06465E-01  4.90170E-01  6.33745E-01  7.70615E-01  9.16755E-01       5.80100E-03  1.00000E+00
  1.25895E-01  2.12295E-01  3.09605E-01  4.54195E-01  7.33380E-01       1.76420E-03  9.99980E-01
  6.73495E-02  1.09050E-01  1.59290E-01  2.46960E-01  4.85300E-01       3.92370E-04  9.91580E-01
  5.10480E-02  8.31385E-02  1.19730E-01  1.82280E-01  3.49215E-01       6.32220E-04  8.08270E-01
  3.22755E-02  5.69960E-02  8.49475E-02  1.28710E-01  2.29175E-01       4.20260E-04  5.62970E-01

 -6.60417E-01  5.38600E-02  5.24957E-01  8.32245E-01  9.81462E-01      -1.00000E+00  1.00000E+00
 -7.12560E-01 -2.45675E-02  4.75300E-01  8.10467E-01  9.79413E-01      -1.00000E+00  1.00000E+00
 -7.69378E-01 -9.44500E-02  4.26590E-01  7.94042E-01  9.77125E-01      -1.00000E+00  1.00000E+00
 -8.29630E-01 -1.86779E-01  3.67509E-01  7.65168E-01  9.74433E-01      -1.00000E+00  1.00000E+00
 -9.01270E-01 -3.62190E-01  2.43668E-01  7.13337E-01  9.68265E-01      -1.00000E+00  1.00000E+00
  5.55347E-01  9.03780E-01  9.66152E-01  9.90115E-01  9.98992E-01      -1.00000E+00  1.00000E+00
  5.27125E-01  8.80240E-01  9.56615E-01  9.86833E-01  9.98648E-01      -1.00000E+00  1.00000E+00
  4.01289E-01  8.33475E-01  9.39930E-01  9.81707E-01  9.98112E-01      -1.00000E+00  1.00000E+00
  9.56627E-02  7.22180E-01  8.95943E-01  9.68635E-01  9.96868E-01      -1.00000E+00  1.00000E+00
 -4.50987E-01  2.98182E-01  7.04185E-01  9.06425E-01  9.90380E-01      -1.00000E+00  1.00000E+00
  9.47032E-01  9.87925E-01  9.95805E-01  9.98755E-01  9.99870E-01      -9.40730E-02  1.00000E+00
  9.27130E-01  9.82103E-01  9.93727E-01  9.98120E-01  9.99807E-01      -2.78210E-02  1.00000E+00
  8.89343E-01  9.72390E-01  9.90150E-01  9.97063E-01  9.99702E-01      -1.61570E-01  1.00000E+00
  8.04582E-01  9.46373E-01  9.80630E-01  9.94245E-01  9.99417E-01      -1.31260E-01  1.00000E+00
  6.49802E-01  8.55050E-01  9.39815E-01  9.80803E-01  9.98028E-01      -2.14540E-01  1.00000E+00
  9.80475E-01  9.95098E-01  9.98225E-01  9.99458E-01  9.99942E-01       4.81320E-01  1.00000E+00
  9.71337E-01  9.92497E-01  9.97250E-01  9.99182E-01  9.99915E-01       4.59240E-01  1.00000E+00
  9.56198E-01  9.88415E-01  9.95733E-01  9.98695E-01  9.99862E-01       5.37450E-01  1.00000E+00
  9.21837E-01  9.78108E-01  9.91957E-01  9.97528E-01  9.99740E-01       5.24730E-01  1.00000E+00
  8.68612E-01  9.49013E-01  9.78925E-01  9.93330E-01  9.99278E-01       4.58670E-01  1.00000E+00
  9.92873E-01  9.97920E-01  9.99192E-01  9.99750E-01  9.99975E-01       8.21020E-01  1.00000E+00
  9.88215E-01  9.96620E-01  9.98713E-01  9.99613E-01  9.99960E-01       8.09130E-01  1.00000E+00
  9.81615E-01  9.94513E-01  9.97912E-01  9.99345E-01  9.99933E-01       7.79470E-01  1.00000E+00
  9.69365E-01  9.90415E-01  9.96387E-01  9.98895E-01  9.99887E-01       7.88980E-01  1.00000E+00
  9.57763E-01  9.83408E-01  9.93200E-01  9.97825E-01  9.99770E-01       8.03470E-01  1.00000E+00


    1.   1.01   13.  26.98  2.00E+03  0.00E+00  1.54E-01  5.68E-02     5   0.00

  1.82710E+02  4.38390E+02  6.83130E+02  9.69630E+02  1.39520E+03       1.32530E-01  1.83700E+03

  4.24515E-01  6.35305E-01  7.67085E-01  8.71825E-01  9.60245E-01       8.47180E-03  1.00000E+00
  4.10615E-01  6.24375E-01  7.63445E-01  8.69205E-01  9.59185E-01       1.99880E-02  9.99990E-01
  4.04705E-01  6.21750E-01  7.58540E-01  8.66520E-01  9.57865E-01       3.56830E-02  1.00000E+00
  3.83760E-01  5.94800E-01  7.35295E-01  8.50780E-01  9.53125E-01       2.89450E-02  9.99990E-01
  2.96055E-01  4.85845E-01  6.33755E-01  7.73140E-01  9.19315E-01       2.64220E-02  1.00000E+00

 -9.50670E-01 -5.99932E-01 -1.93528E-02  5.73198E-01  9.50117E-01      -1.00000E+00  9.99980E-01
 -9.50272E-01 -5.71147E-01  1.43628E-02  5.92600E-01  9.51283E-01      -1.00000E+00  1.00000E+00
 -9.50657E-01 -5.71525E-01  2.32110E-03  5.91070E-01  9.53673E-01      -1.00000E+00  1.00000E+00
 -9.48078E-01 -5.97725E-01  1.22112E-02  5.94370E-01  9.52507E-01      -1.00000E+00  1.00000E+00
 -9.49838E-01 -5.94020E-01  3.61917E-03  5.82900E-01  9.51725E-01      -1.00000E+00  1.00000E+00
 -9.52595E-01 -5.89228E-01  8.64943E-03  5.96155E-01  9.52867E-01      -1.00000E+00  1.00000E+00
 -9.50717E-01 -5.71142E-01  1.54692E-02  5.99785E-01  9.49528E-01      -1.00000E+00  1.00000E+00
 -9.48745E-01 -5.74222E-01  2.01083E-02  6.00858E-01  9.51495E-01      -1.00000E+00  1.00000E+00
 -9.53215E-01 -5.81712E-01  1.87073E-02  6.11347E-01  9.56435E-01      -1.00000E+00  1.00000E+00
 -9.49032E-01 -6.00460E-01 -1.88916E-03  5.66580E-01  9.50022E-01      -1.00000E+00  9.99990E-01
 -9.55657E-01 -5.99957E-01  2.00671E-02  6.01945E-01  9.57025E-01      -1.00000E+00  1.00000E+00
 -9.51597E-01 -5.92932E-01  2.49451E-03  5.95800E-01  9.54560E-01      -1.00000E+00  1.00000E+00
 -9.51932E-01 -5.95938E-01  2.46280E-03  6.08770E-01  9.53610E-01      -1.00000E+00  1.00000E+00
 -9.50647E-01 -5.89570E-01 -1.96858E-02  5.83687E-01  9.52260E-01      -1.00000E+00  1.00000E+00
 -9.48385E-01 -5.68515E-01  4.82022E-03  5.78467E-01  9.51740E-01      -1.00000E+00  1.00000E+00
 -9.49342E-01 -5.82795E-01  9.94293E-03  5.95230E-01  9.53305E-01      -1.00000E+00  1.00000E+00
 -9.53005E-01 -5.83480E-01 -7.75000E-06  5.82970E-01  9.47590E-01      -1.00000E+00  1.00000E+00
 -9.53137E-01 -5.87020E-01 -5.49450E-03  5.91535E-01  9.50910E-01      -1.00000E+00  1.00000E+00
 -9.48878E-01 -5.85690E-01  1.67021E-02  6.08603E-01  9.52352E-01      -1.00000E+00  1.00000E+00
 -9.51165E-01 -5.97090E-01 -3.12195E-02  5.73155E-01  9.47290E-01      -1.00000E+00  1.00000E+00
 -9.49440E-01 -5.82785E-01 -1.42209E-02  5.81700E-01  9.50210E-01      -1.00000E+00  1.00000E+00
 -9.53460E-01 -5.97073E-01 -1.15164E-02  5.84278E-01  9.52670E-01      -1.00000E+00  1.00000E+00
 -9.51947E-01 -5.84477E-01 -1.15305E-02  5.79128E-01  9.46550E-01      -1.00000E+00  1.00000E+00
 -9.48043E-01 -5.77825E-01  4.28868E-03  5.82400E-01  9.47162E-01      -1.00000E+00  1.00000E+00
 -9.51050E-01 -5.79170E-01  6.29547E-03  5.82448E-01  9.48740E-01      -1.00000E+00  1.00000E+00


    1.   1.01   13.  26.98  2.00E+03  3.00E+01  2.01E-01  7.87E-02     5   0.00

  2.00330E+02  4.78860E+02  7.39760E+02  1.03250E+03  1.44560E+03       7.45760E-02  1.90370E+03

  4.22255E-01  6.31075E-01  7.66095E-01  8.71840E-01  9.60640E-01       1.57270E-02  9.99980E-01
  4.04515E-01  6.22085E-01  7.59920E-01  8.67550E-01  9.58925E-01       1.16590E-02  1.00000E+00
  3.93910E-01  6.08810E-01  7.48385E-01  8.60445E-01  9.56130E-01       2.30030E-02  1.00000E+00
  3.64985E-01  5.71145E-01  7.12735E-01  8.31925E-01  9.44295E-01       2.83960E-02  1.00000E+00
  2.73190E-01  4.56065E-01  6.02790E-01  7.46565E-01  9.05210E-01       9.30730E-03  1.00000E+00

 -9.45850E-01 -5.79392E-01  5.17503E-03  5.96353E-01  9.48217E-01      -1.00000E+00  1.00000E+00
 -9.50597E-01 -5.96897E-01 -7.64300E-03  5.94413E-01  9.52910E-01      -1.00000E+00  1.00000E+00
 -9.49148E-01 -5.67372E-01  2.07342E-02  5.96305E-01  9.50310E-01      -1.00000E+00  1.00000E+00
 -9.51560E-01 -5.82263E-01  1.62860E-02  5.95677E-01  9.49968E-01      -1.00000E+00  1.00000E+00
 -9.49000E-01 -5.82220E-01 -1.07843E-02  5.82700E-01  9.52097E-01      -1.00000E+00  1.00000E+00
 -9.44488E-01 -5.52920E-01  6.86158E-02  6.39232E-01  9.57313E-01      -1.00000E+00  1.00000E+00
 -9.42875E-01 -5.53815E-01  5.60350E-02  6.22483E-01  9.58240E-01      -1.00000E+00  9.99990E-01
 -9.47657E-01 -5.46018E-01  5.31918E-02  6.20470E-01  9.56018E-01      -1.00000E+00  1.00000E+00
 -9.49882E-01 -5.64723E-01  3.14002E-02  6.21698E-01  9.56098E-01      -1.00000E+00  1.00000E+00
 -9.47817E-01 -5.82812E-01  2.28033E-02  5.95463E-01  9.54713E-01      -1.00000E+00  1.00000E+00
 -9.15153E-01 -4.01660E-01  2.33620E-01  7.09790E-01  9.67910E-01      -1.00000E+00  1.00000E+00
 -9.25250E-01 -4.21015E-01  2.02310E-01  7.09915E-01  9.70248E-01      -1.00000E+00  1.00000E+00
 -9.27238E-01 -4.38920E-01  1.69226E-01  6.94568E-01  9.64398E-01      -1.00000E+00  1.00000E+00
 -9.35447E-01 -4.91225E-01  1.29733E-01  6.54165E-01  9.61577E-01      -1.00000E+00  1.00000E+00
 -9.44087E-01 -5.29363E-01  7.11617E-02  6.32663E-01  9.56840E-01      -1.00000E+00  1.00000E+00
 -8.52985E-01 -1.76546E-01  4.33080E-01  8.02137E-01  9.78005E-01      -1.00000E+00  1.00000E+00
 -8.79270E-01 -2.25650E-01  3.92145E-01  7.84623E-01  9.77005E-01      -1.00000E+00  1.00000E+00
 -8.93030E-01 -2.60845E-01  3.55675E-01  7.66347E-01  9.74560E-01      -1.00000E+00  1.00000E+00
 -9.03175E-01 -3.42303E-01  3.03412E-01  7.50362E-01  9.72400E-01      -1.00000E+00  1.00000E+00
 -9.33120E-01 -4.72542E-01  1.47510E-01  6.87092E-01  9.61800E-01      -1.00000E+00  1.00000E+00
 -7.18978E-01  1.49678E-01  6.35358E-01  8.81768E-01  9.86828E-01      -1.00000E+00  1.00000E+00
 -7.34535E-01  1.03889E-01  6.01340E-01  8.69742E-01  9.86010E-01      -1.00000E+00  1.00000E+00
 -7.79757E-01  4.33057E-02  5.65812E-01  8.58653E-01  9.85620E-01      -1.00000E+00  1.00000E+00
 -8.30660E-01 -8.92298E-02  4.88082E-01  8.24920E-01  9.82630E-01      -1.00000E+00  1.00000E+00
 -8.93175E-01 -3.07258E-01  3.20300E-01  7.50317E-01  9.72350E-01      -1.00000E+00  1.00000E+00


    1.   1.01   13.  26.98  2.00E+03  4.50E+01  2.69E-01  1.15E-01     5   0.00

  2.31570E+02  5.47420E+02  8.30340E+02  1.13210E+03  1.52360E+03       2.14330E-02  1.93540E+03

  4.21455E-01  6.29820E-01  7.64255E-01  8.69600E-01  9.60150E-01       7.30510E-03  1.00000E+00
  3.95545E-01  6.11450E-01  7.51630E-01  8.61830E-01  9.56970E-01       1.21890E-02  9.99990E-01
  3.72765E-01  5.84130E-01  7.26055E-01  8.43680E-01  9.48905E-01       1.13210E-02  9.99990E-01
  3.34260E-01  5.29735E-01  6.72690E-01  8.00650E-01  9.32110E-01       2.99600E-02  1.00000E+00
  2.45590E-01  4.11620E-01  5.51975E-01  6.99550E-01  8.82460E-01       5.28100E-03  9.99980E-01

 -9.51032E-01 -5.75748E-01  1.95220E-02  5.97450E-01  9.52405E-01      -1.00000E+00  1.00000E+00
 -9.50485E-01 -5.91230E-01  1.87185E-02  5.90350E-01  9.50140E-01      -1.00000E+00  1.00000E+00
 -9.51827E-01 -5.79647E-01  1.68375E-02  5.84987E-01  9.49590E-01      -1.00000E+00  1.00000E+00
 -9.48805E-01 -5.69507E-01  2.78751E-02  6.06480E-01  9.54153E-01      -1.00000E+00  1.00000E+00
 -9.46727E-01 -5.73342E-01  2.14755E-02  6.03202E-01  9.51025E-01      -1.00000E+00  1.00000E+00
 -9.42157E-01 -4.91530E-01  1.22087E-01  6.61517E-01  9.60835E-01      -1.00000E+00  1.00000E+00
 -9.38878E-01 -4.93047E-01  1.34300E-01  6.65863E-01  9.61975E-01      -1.00000E+00  1.00000E+00
 -9.39005E-01 -5.15402E-01  1.06674E-01  6.47472E-01  9.57967E-01      -1.00000E+00  1.00000E+00
 -9.43735E-01 -5.19508E-01  8.97554E-02  6.40208E-01  9.56260E-01      -1.00000E+00  1.00000E+00
 -9.46685E-01 -5.75948E-01  2.38932E-02  6.00228E-01  9.56495E-01      -1.00000E+00  1.00000E+00
 -8.80260E-01 -2.27458E-01  3.79075E-01  7.84600E-01  9.75895E-01      -1.00000E+00  1.00000E+00
 -8.83062E-01 -2.55777E-01  3.69575E-01  7.80227E-01  9.75595E-01      -1.00000E+00  1.00000E+00
 -8.91030E-01 -3.11453E-01  3.19340E-01  7.57050E-01  9.72345E-01      -1.00000E+00  1.00000E+00
 -9.11845E-01 -3.65753E-01  2.60378E-01  7.33328E-01  9.69215E-01      -1.00000E+00  1.00000E+00
 -9.34492E-01 -4.63248E-01  1.59054E-01  6.79253E-01  9.61087E-01      -1.00000E+00  1.00000E+00
 -7.06080E-01  1.58498E-01  6.28188E-01  8.81162E-01  9.87492E-01      -1.00000E+00  1.00000E+00
 -7.33883E-01  1.07955E-01  6.08933E-01  8.67920E-01  9.85475E-01      -1.00000E+00  1.00000E+00
 -7.98055E-01  1.15465E-02  5.56557E-01  8.55390E-01  9.84577E-01      -1.00000E+00  1.00000E+00
 -8.38255E-01 -1.11990E-01  4.68850E-01  8.16735E-01  9.79985E-01      -1.00000E+00  1.00000E+00
 -8.98630E-01 -3.19880E-01  3.01053E-01  7.51615E-01  9.71448E-01      -1.00000E+00  1.00000E+00
 -2.69568E-01  5.32080E-01  8.13550E-01  9.39852E-01  9.94058E-01      -1.00000E+00  1.00000E+00
 -3.45077E-01  4.59823E-01  7.83385E-01  9.29243E-01  9.92090E-01      -1.00000E+00  1.00000E+00
 -4.58758E-01  3.95593E-01  7.49700E-01  9.17488E-01  9.91975E-01      -1.00000E+00  1.00000E+00
 -5.92147E-01  2.54100E-01  6.82870E-01  8.99017E-01  9.89370E-01      -1.00000E+00  1.00000E+00
 -8.06013E-01 -8.53315E-02  4.87750E-01  8.26993E-01  9.80720E-01      -1.00000E+00  1.00000E+00


    1.   1.01   13.  26.98  2.00E+03  6.00E+01  3.80E-01  1.87E-01     5   0.00

  2.92340E+02  6.74700E+02  9.97940E+02  1.30620E+03  1.64810E+03       8.71130E-02  1.96290E+03

  4.11465E-01  6.23120E-01  7.60545E-01  8.68035E-01  9.58935E-01       8.49210E-03  1.00000E+00
  3.73445E-01  5.84850E-01  7.28545E-01  8.47230E-01  9.51240E-01       2.63550E-02  9.99990E-01
  3.27220E-01  5.23615E-01  6.68330E-01  7.99660E-01  9.31165E-01       1.30540E-02  9.99990E-01
  2.74220E-01  4.45800E-01  5.84720E-01  7.27985E-01  8.96185E-01       1.57440E-02  9.99990E-01
  1.94035E-01  3.30705E-01  4.57415E-01  6.06710E-01  8.22465E-01       8.36850E-03  9.99990E-01

 -9.49163E-01 -5.68930E-01  2.71560E-02  6.08885E-01  9.54475E-01      -1.00000E+00  1.00000E+00
 -9.47235E-01 -5.70187E-01  2.69346E-02  6.08282E-01  9.53125E-01      -1.00000E+00  1.00000E+00
 -9.48852E-01 -5.81205E-01  2.62515E-02  6.03638E-01  9.51015E-01      -1.00000E+00  1.00000E+00
 -9.49590E-01 -5.74412E-01  2.06582E-02  5.88043E-01  9.51875E-01      -1.00000E+00  1.00000E+00
 -9.49002E-01 -5.76785E-01  6.45765E-03  5.92615E-01  9.53212E-01      -1.00000E+00  1.00000E+00
 -9.02377E-01 -3.21570E-01  3.00460E-01  7.48297E-01  9.73490E-01      -1.00000E+00  1.00000E+00
 -9.03155E-01 -3.39873E-01  2.90170E-01  7.40460E-01  9.71585E-01      -1.00000E+00  1.00000E+00
 -9.21177E-01 -3.96262E-01  2.35413E-01  7.13738E-01  9.67018E-01      -1.00000E+00  1.00000E+00
 -9.29327E-01 -4.52798E-01  1.73131E-01  6.89490E-01  9.64825E-01      -1.00000E+00  1.00000E+00
 -9.34937E-01 -5.01622E-01  9.94647E-02  6.49133E-01  9.60217E-01      -1.00000E+00  1.00000E+00
 -6.86490E-01  1.51771E-01  6.33238E-01  8.81730E-01  9.87145E-01      -1.00000E+00  1.00000E+00
 -7.45517E-01  8.27748E-02  6.00867E-01  8.70295E-01  9.85897E-01      -1.00000E+00  1.00000E+00
 -7.70140E-01  3.59710E-02  5.59828E-01  8.51895E-01  9.84328E-01      -1.00000E+00  1.00000E+00
 -8.35413E-01 -1.22180E-01  4.65340E-01  8.21100E-01  9.80790E-01      -1.00000E+00  1.00000E+00
 -9.04918E-01 -3.35448E-01  2.90587E-01  7.48435E-01  9.71835E-01      -1.00000E+00  1.00000E+00
 -2.50798E-01  5.43893E-01  8.18515E-01  9.42610E-01  9.93633E-01      -1.00000E+00  1.00000E+00
 -3.26572E-01  5.03167E-01  8.04597E-01  9.37180E-01  9.93367E-01      -1.00000E+00  1.00000E+00
 -4.53660E-01  4.04565E-01  7.60092E-01  9.24103E-01  9.92610E-01      -1.00000E+00  1.00000E+00
 -6.27060E-01  2.58240E-01  6.88245E-01  9.00907E-01  9.89492E-01      -1.00000E+00  1.00000E+00
 -8.36587E-01 -1.19318E-01  4.65290E-01  8.15228E-01  9.80073E-01      -1.00000E+00  1.00000E+00
  3.05423E-01  7.85935E-01  9.17555E-01  9.74675E-01  9.97370E-01      -9.99980E-01  1.00000E+00
  2.35880E-01  7.45393E-01  9.00543E-01  9.69570E-01  9.96820E-01      -9.99990E-01  1.00000E+00
  8.43150E-02  6.91342E-01  8.78735E-01  9.61730E-01  9.95883E-01      -1.00000E+00  1.00000E+00
 -1.04915E-01  5.91690E-01  8.36720E-01  9.48792E-01  9.94920E-01      -1.00000E+00  1.00000E+00
 -5.42198E-01  2.40998E-01  6.75898E-01  8.95230E-01  9.89513E-01      -1.00000E+00  1.00000E+00


    1.   1.01   13.  26.98  2.00E+03  7.00E+01  4.84E-01  2.72E-01     5   0.00

  3.70190E+02  8.34710E+02  1.19170E+03  1.48370E+03  1.75830E+03       3.30780E-02  1.97800E+03

  4.02530E-01  6.14205E-01  7.52890E-01  8.64015E-01  9.57515E-01       1.57420E-02  1.00000E+00
  3.39775E-01  5.40280E-01  6.85880E-01  8.13770E-01  9.37755E-01       1.12110E-02  1.00000E+00
  2.68320E-01  4.40110E-01  5.80985E-01  7.24545E-01  8.95620E-01       1.60730E-02  9.99980E-01
  2.10800E-01  3.49055E-01  4.76045E-01  6.24250E-01  8.35140E-01       1.83680E-02  1.00000E+00
  1.44675E-01  2.49790E-01  3.55910E-01  4.92825E-01  7.24440E-01       5.19500E-04  9.99980E-01

 -9.41705E-01 -5.38485E-01  6.79692E-02  6.28420E-01  9.58292E-01      -1.00000E+00  1.00000E+00
 -9.44638E-01 -5.50052E-01  6.12644E-02  6.24535E-01  9.54792E-01      -1.00000E+00  1.00000E+00
 -9.42385E-01 -5.40250E-01  5.51375E-02  6.24382E-01  9.57055E-01      -1.00000E+00  1.00000E+00
 -9.45345E-01 -5.65412E-01  3.62240E-02  6.12017E-01  9.54080E-01      -1.00000E+00  1.00000E+00
 -9.48395E-01 -5.80665E-01  1.15055E-02  5.95838E-01  9.53282E-01      -1.00000E+00  1.00000E+00
 -7.92850E-01 -3.48475E-02  5.15100E-01  8.37342E-01  9.83413E-01      -1.00000E+00  1.00000E+00
 -8.28080E-01 -8.99367E-02  4.78875E-01  8.25143E-01  9.80763E-01      -1.00000E+00  1.00000E+00
 -8.54067E-01 -1.72041E-01  4.30037E-01  8.01415E-01  9.79775E-01      -1.00000E+00  1.00000E+00
 -8.81613E-01 -2.62667E-01  3.49585E-01  7.71730E-01  9.74357E-01      -1.00000E+00  1.00000E+00
 -9.22397E-01 -4.18003E-01  2.05210E-01  7.03227E-01  9.66483E-01      -1.00000E+00  1.00000E+00
 -2.76128E-01  5.12240E-01  8.03515E-01  9.39353E-01  9.93445E-01      -1.00000E+00  1.00000E+00
 -4.02388E-01  4.39252E-01  7.73335E-01  9.27733E-01  9.92913E-01      -1.00000E+00  1.00000E+00
 -4.88435E-01  3.68922E-01  7.38047E-01  9.16055E-01  9.91145E-01      -1.00000E+00  1.00000E+00
 -6.43358E-01  2.16828E-01  6.64432E-01  8.92260E-01  9.89140E-01      -1.00000E+00  1.00000E+00
 -8.41117E-01 -1.33437E-01  4.49115E-01  8.09010E-01  9.79167E-01      -1.00000E+00  1.00000E+00
  2.63777E-01  7.69430E-01  9.10197E-01  9.72400E-01  9.97130E-01      -1.00000E+00  1.00000E+00
  1.80933E-01  7.34948E-01  8.97043E-01  9.68305E-01  9.96538E-01      -1.00000E+00  1.00000E+00
  1.50460E-02  6.80692E-01  8.76613E-01  9.60953E-01  9.96032E-01      -1.00000E+00  1.00000E+00
 -2.63620E-01  5.48095E-01  8.20675E-01  9.43432E-01  9.94110E-01      -1.00000E+00  1.00000E+00
 -6.94145E-01  1.55854E-01  6.37605E-01  8.82070E-01  9.87642E-01      -1.00000E+00  1.00000E+00
  6.60270E-01  9.00385E-01  9.62285E-01  9.88432E-01  9.98720E-01      -1.00000E+00  1.00000E+00
  6.04283E-01  8.80818E-01  9.54813E-01  9.85967E-01  9.98455E-01      -1.00000E+00  1.00000E+00
  5.14873E-01  8.46223E-01  9.40092E-01  9.81160E-01  9.98093E-01      -9.99990E-01  1.00000E+00
  3.32821E-01  7.76010E-01  9.13100E-01  9.73083E-01  9.97108E-01      -1.00000E+00  1.00000E+00
 -9.20050E-02  5.20185E-01  8.01992E-01  9.37265E-01  9.93615E-01      -1.00000E+00  1.00000E+00


    1.   1.01   13.  26.98  2.00E+03  8.00E+01  6.28E-01  4.27E-01     5   0.00

  5.39420E+02  1.15320E+03  1.51400E+03  1.73160E+03  1.89310E+03       2.45690E-02  1.98710E+03

  3.78515E-01  5.86080E-01  7.28725E-01  8.46395E-01  9.51080E-01       4.59640E-03  1.00000E+00
  2.54130E-01  4.19475E-01  5.59395E-01  7.06955E-01  8.84635E-01       1.28650E-02  1.00000E+00
  1.67760E-01  2.83490E-01  3.96375E-01  5.41215E-01  7.80385E-01       1.24610E-02  1.00000E+00
  1.23780E-01  2.06180E-01  2.95235E-01  4.24810E-01  6.85565E-01       3.13810E-03  9.99990E-01
  7.89995E-02  1.35740E-01  2.00965E-01  2.97075E-01  4.99210E-01       3.32770E-04  9.99880E-01

 -9.06390E-01 -3.71270E-01  2.38697E-01  7.12957E-01  9.68220E-01      -1.00000E+00  1.00000E+00
 -9.14065E-01 -3.98962E-01  2.08309E-01  6.99362E-01  9.65682E-01      -1.00000E+00  1.00000E+00
 -9.22660E-01 -4.45455E-01  1.77216E-01  6.84567E-01  9.63795E-01      -1.00000E+00  1.00000E+00
 -9.31598E-01 -4.70613E-01  1.37479E-01  6.65188E-01  9.62890E-01      -1.00000E+00  1.00000E+00
 -9.41275E-01 -5.31408E-01  8.23022E-02  6.32553E-01  9.55337E-01      -1.00000E+00  1.00000E+00
 -2.85274E-01  5.04622E-01  7.96990E-01  9.37165E-01  9.92835E-01      -1.00000E+00  1.00000E+00
 -3.80018E-01  4.40045E-01  7.71840E-01  9.26185E-01  9.92642E-01      -1.00000E+00  1.00000E+00
 -4.83480E-01  3.52477E-01  7.27127E-01  9.13135E-01  9.90988E-01      -1.00000E+00  1.00000E+00
 -6.44518E-01  1.99696E-01  6.52285E-01  8.87980E-01  9.87950E-01      -1.00000E+00  1.00000E+00
 -8.31923E-01 -1.29350E-01  4.55322E-01  8.10875E-01  9.79733E-01      -1.00000E+00  1.00000E+00
  4.71237E-01  8.45483E-01  9.41638E-01  9.82190E-01  9.98158E-01      -1.00000E+00  1.00000E+00
  3.96660E-01  8.17808E-01  9.29760E-01  9.78177E-01  9.97760E-01      -1.00000E+00  1.00000E+00
  2.56054E-01  7.62252E-01  9.09940E-01  9.71888E-01  9.97145E-01      -1.00000E+00  1.00000E+00
 -1.42502E-02  6.64192E-01  8.68992E-01  9.58250E-01  9.95545E-01      -1.00000E+00  1.00000E+00
 -5.76015E-01  2.85429E-01  7.01428E-01  9.05120E-01  9.90375E-01      -1.00000E+00  1.00000E+00
  7.81540E-01  9.39593E-01  9.77575E-01  9.93218E-01  9.99313E-01      -1.00000E+00  1.00000E+00
  7.43257E-01  9.26138E-01  9.72345E-01  9.91565E-01  9.99138E-01      -1.00000E+00  1.00000E+00
  6.46935E-01  9.00027E-01  9.62790E-01  9.88435E-01  9.98853E-01      -1.00000E+00  1.00000E+00
  4.64837E-01  8.41272E-01  9.40470E-01  9.81707E-01  9.98105E-01      -9.99980E-01  1.00000E+00
 -2.03578E-01  5.31298E-01  8.17878E-01  9.44817E-01  9.94295E-01      -1.00000E+00  1.00000E+00
  9.18180E-01  9.77768E-01  9.91668E-01  9.97462E-01  9.99742E-01      -1.76080E-01  1.00000E+00
  8.98610E-01  9.69912E-01  9.88662E-01  9.96535E-01  9.99643E-01      -1.80210E-01  1.00000E+00
  8.59230E-01  9.58178E-01  9.84198E-01  9.95030E-01  9.99480E-01      -5.40290E-01  1.00000E+00
  7.98575E-01  9.36047E-01  9.74810E-01  9.92225E-01  9.99162E-01      -3.59580E-01  1.00000E+00
  6.89478E-01  8.76032E-01  9.48342E-01  9.83605E-01  9.98308E-01      -5.94350E-01  1.00000E+00


    1.   1.01   13.  26.98  2.00E+03  8.50E+01  7.58E-01  6.03E-01     5   0.00

  8.28950E+02  1.55090E+03  1.79890E+03  1.90230E+03  1.95700E+03       4.95840E-02  1.99010E+03

  3.19400E-01  5.11795E-01  6.55645E-01  7.88915E-01  9.25730E-01       7.58890E-03  1.00000E+00
  1.45430E-01  2.47595E-01  3.53395E-01  4.96435E-01  7.47400E-01       8.25920E-03  1.00000E+00
  8.56530E-02  1.40255E-01  2.05160E-01  3.11755E-01  5.74005E-01       2.24540E-03  9.99920E-01
  5.55320E-02  8.87130E-02  1.29355E-01  2.00375E-01  3.95605E-01       1.78900E-04  9.66850E-01
  3.64905E-02  6.15980E-02  9.20885E-02  1.42215E-01  2.65885E-01       2.53170E-04  7.23660E-01

 -6.64450E-01  2.34275E-02  5.05483E-01  8.21270E-01  9.79747E-01      -1.00000E+00  1.00000E+00
 -7.33510E-01 -4.23975E-02  4.61545E-01  8.07422E-01  9.78692E-01      -1.00000E+00  1.00000E+00
 -7.87662E-01 -1.12243E-01  4.16783E-01  7.88295E-01  9.75555E-01      -1.00000E+00  1.00000E+00
 -8.45960E-01 -2.08880E-01  3.60618E-01  7.63745E-01  9.72945E-01      -1.00000E+00  1.00000E+00
 -9.08395E-01 -3.97370E-01  2.14283E-01  7.05333E-01  9.66585E-01      -1.00000E+00  1.00000E+00
  5.43065E-01  8.71885E-01  9.52483E-01  9.85665E-01  9.98450E-01      -1.00000E+00  1.00000E+00
  4.57392E-01  8.42753E-01  9.40760E-01  9.82345E-01  9.98145E-01      -1.00000E+00  1.00000E+00
  3.18464E-01  7.95545E-01  9.21615E-01  9.75630E-01  9.97525E-01      -1.00000E+00  1.00000E+00
  6.47070E-02  6.96195E-01  8.84125E-01  9.63365E-01  9.96202E-01      -1.00000E+00  1.00000E+00
 -5.35918E-01  3.14924E-01  7.15645E-01  9.10488E-01  9.90810E-01      -1.00000E+00  1.00000E+00
  8.98040E-01  9.73950E-01  9.90388E-01  9.97070E-01  9.99705E-01      -9.56920E-01  1.00000E+00
  8.74685E-01  9.66248E-01  9.87677E-01  9.96245E-01  9.99602E-01      -9.99440E-01  1.00000E+00
  8.16937E-01  9.50867E-01  9.81705E-01  9.94360E-01  9.99432E-01      -9.99950E-01  1.00000E+00
  6.91348E-01  9.15233E-01  9.68570E-01  9.90415E-01  9.99022E-01      -9.99980E-01  1.00000E+00
  1.29952E-01  6.69780E-01  8.75537E-01  9.62548E-01  9.96062E-01      -1.00000E+00  1.00000E+00
  9.71250E-01  9.92842E-01  9.97457E-01  9.99245E-01  9.99925E-01       1.84720E-01  1.00000E+00
  9.59383E-01  9.89455E-01  9.96185E-01  9.98843E-01  9.99880E-01       6.50490E-02  1.00000E+00
  9.38252E-01  9.83613E-01  9.94095E-01  9.98210E-01  9.99818E-01       1.99130E-01  1.00000E+00
  8.90350E-01  9.69530E-01  9.89130E-01  9.96672E-01  9.99660E-01       1.76020E-01  1.00000E+00
  7.60575E-01  9.10925E-01  9.64708E-01  9.88810E-01  9.98833E-01       6.60070E-02  1.00000E+00
  9.89327E-01  9.97178E-01  9.98975E-01  9.99690E-01  9.99970E-01       6.63720E-01  1.00000E+00
  9.82762E-01  9.95227E-01  9.98237E-01  9.99457E-01  9.99943E-01       6.59480E-01  1.00000E+00
  9.72785E-01  9.92475E-01  9.97190E-01  9.99132E-01  9.99912E-01       6.70360E-01  1.00000E+00
  9.56080E-01  9.86875E-01  9.95080E-01  9.98465E-01  9.99850E-01       6.26840E-01  1.00000E+00
  9.25207E-01  9.71743E-01  9.88513E-01  9.96445E-01  9.99637E-01       6.56870E-01  1.00000E+00


    1.   1.01   13.  26.98  5.00E+03  0.00E+00  7.05E-02  2.16E-02     5   0.00

  3.13360E+02  7.75730E+02  1.29000E+03  1.98260E+03  3.20800E+03       1.10900E-01  4.62670E+03

  4.14865E-01  6.22590E-01  7.60600E-01  8.69045E-01  9.61060E-01       3.45520E-02  1.00000E+00
  4.11665E-01  6.27515E-01  7.65915E-01  8.72020E-01  9.60370E-01       3.64350E-02  9.99990E-01
  4.08335E-01  6.26100E-01  7.63005E-01  8.69405E-01  9.59345E-01       2.68580E-02  9.99980E-01
  3.75335E-01  5.84830E-01  7.27780E-01  8.45500E-01  9.48865E-01       3.35040E-02  9.99980E-01
  2.78890E-01  4.67335E-01  6.16210E-01  7.62370E-01  9.17475E-01       3.25220E-02  1.00000E+00

 -9.44155E-01 -5.63200E-01  9.35470E-03  5.87278E-01  9.48632E-01      -1.00000E+00  9.99990E-01
 -9.51518E-01 -5.83028E-01 -8.15125E-03  5.81883E-01  9.46522E-01      -1.00000E+00  9.99930E-01
 -9.55845E-01 -5.85748E-01 -4.34550E-03  5.80085E-01  9.51060E-01      -1.00000E+00  1.00000E+00
 -9.57005E-01 -5.91270E-01  8.73360E-03  6.04687E-01  9.53083E-01      -1.00000E+00  1.00000E+00
 -9.48015E-01 -5.78512E-01  2.43368E-03  5.92075E-01  9.51762E-01      -1.00000E+00  1.00000E+00
 -9.45690E-01 -5.52280E-01  4.32569E-02  6.18362E-01  9.57240E-01      -1.00000E+00  9.99980E-01
 -9.52880E-01 -6.05592E-01 -3.29699E-02  5.69925E-01  9.51890E-01      -1.00000E+00  1.00000E+00
 -9.47873E-01 -5.78345E-01  2.92932E-02  5.97848E-01  9.51273E-01      -1.00000E+00  1.00000E+00
 -9.52322E-01 -5.86952E-01 -1.77228E-02  6.12950E-01  9.49010E-01      -1.00000E+00  9.99990E-01
 -9.43545E-01 -5.72682E-01  2.27892E-02  5.79883E-01  9.47537E-01      -1.00000E+00  1.00000E+00
 -9.52305E-01 -5.91340E-01  3.21115E-03  6.08775E-01  9.51515E-01      -1.00000E+00  9.99980E-01
 -9.47490E-01 -5.50485E-01  3.69833E-02  6.14275E-01  9.54895E-01      -1.00000E+00  9.99990E-01
 -9.51680E-01 -6.04445E-01  2.97338E-03  5.97910E-01  9.48790E-01      -1.00000E+00  9.99990E-01
 -9.52222E-01 -5.86715E-01  2.16134E-02  6.20225E-01  9.60228E-01      -1.00000E+00  9.99980E-01
 -9.50242E-01 -5.76200E-01  7.34550E-03  6.02573E-01  9.51333E-01      -1.00000E+00  9.99980E-01
 -9.52705E-01 -5.81048E-01  1.71391E-02  5.79967E-01  9.54030E-01      -1.00000E+00  1.00000E+00
 -9.44398E-01 -5.72877E-01  3.68035E-02  5.94895E-01  9.55985E-01      -1.00000E+00  9.99980E-01
 -9.49160E-01 -5.69078E-01  2.08075E-02  6.14950E-01  9.55080E-01      -1.00000E+00  9.99980E-01
 -9.51645E-01 -5.90253E-01  9.05625E-03  5.93023E-01  9.54510E-01      -1.00000E+00  1.00000E+00
 -9.52927E-01 -6.15095E-01 -1.74375E-02  5.93350E-01  9.51468E-01      -1.00000E+00  9.99990E-01
 -9.47525E-01 -5.95372E-01  7.68230E-03  5.95633E-01  9.54520E-01      -1.00000E+00  9.99980E-01
 -9.49870E-01 -5.92450E-01 -1.19391E-02  5.68897E-01  9.51475E-01      -1.00000E+00  1.00000E+00
 -9.49975E-01 -5.85320E-01  1.84740E-02  5.96165E-01  9.51152E-01      -1.00000E+00  9.99970E-01
 -9.49972E-01 -5.85915E-01  1.78467E-02  5.94583E-01  9.52582E-01      -1.00000E+00  1.00000E+00
 -9.47130E-01 -5.81395E-01 -2.38262E-02  5.76987E-01  9.49087E-01      -1.00000E+00  9.99980E-01


    1.   1.01   13.  26.98  5.00E+03  3.00E+01  1.06E-01  3.35E-02     5   0.00

  3.35060E+02  8.28720E+02  1.35130E+03  2.04200E+03  3.23730E+03       1.73120E-01  4.76810E+03

  4.10300E-01  6.25010E-01  7.60955E-01  8.69850E-01  9.58730E-01       2.09870E-02  1.00000E+00
  4.06025E-01  6.22845E-01  7.62100E-01  8.69775E-01  9.59150E-01       3.95580E-02  9.99990E-01
  3.94710E-01  6.12220E-01  7.51620E-01  8.62560E-01  9.56880E-01       4.38180E-02  1.00000E+00
  3.64805E-01  5.70635E-01  7.10380E-01  8.31410E-01  9.45130E-01       2.43650E-02  9.99960E-01
  2.65880E-01  4.48680E-01  5.95360E-01  7.41390E-01  9.04040E-01       2.76880E-02  9.99950E-01

 -9.52690E-01 -5.98012E-01 -1.62225E-03  5.90982E-01  9.48643E-01      -1.00000E+00  9.99990E-01
 -9.46447E-01 -5.77982E-01  1.46751E-02  5.93302E-01  9.51180E-01      -1.00000E+00  1.00000E+00
 -9.48500E-01 -5.70300E-01  3.01858E-02  6.07310E-01  9.53067E-01      -1.00000E+00  9.99990E-01
 -9.52952E-01 -5.86707E-01  6.42412E-04  6.04555E-01  9.56490E-01      -1.00000E+00  1.00000E+00
 -9.48142E-01 -5.71472E-01  1.53957E-02  6.09580E-01  9.56425E-01      -1.00000E+00  1.00000E+00
 -9.40835E-01 -4.97957E-01  1.18508E-01  6.55632E-01  9.60482E-01      -1.00000E+00  9.99990E-01
 -9.34710E-01 -5.19980E-01  1.03121E-01  6.57822E-01  9.58902E-01      -1.00000E+00  1.00000E+00
 -9.38163E-01 -5.16610E-01  8.09919E-02  6.32820E-01  9.58137E-01      -1.00000E+00  9.99990E-01
 -9.42992E-01 -5.40595E-01  6.60622E-02  6.14950E-01  9.55107E-01      -1.00000E+00  9.99970E-01
 -9.45390E-01 -5.58383E-01  4.51300E-02  6.18970E-01  9.52190E-01      -1.00000E+00  9.99990E-01
 -9.04495E-01 -3.02088E-01  3.34518E-01  7.59432E-01  9.72928E-01      -1.00000E+00  1.00000E+00
 -9.06682E-01 -3.51192E-01  2.88523E-01  7.44937E-01  9.69750E-01      -1.00000E+00  1.00000E+00
 -9.15838E-01 -3.92807E-01  2.40105E-01  7.23180E-01  9.68895E-01      -1.00000E+00  1.00000E+00
 -9.25295E-01 -4.39872E-01  1.79620E-01  6.96130E-01  9.64043E-01      -1.00000E+00  9.99990E-01
 -9.31435E-01 -4.72385E-01  1.29697E-01  6.65820E-01  9.60353E-01      -1.00000E+00  1.00000E+00
 -8.05045E-01 -2.67700E-02  5.17933E-01  8.37770E-01  9.82187E-01      -1.00000E+00  1.00000E+00
 -8.39697E-01 -1.03094E-01  4.83598E-01  8.21762E-01  9.81640E-01      -1.00000E+00  1.00000E+00
 -8.53660E-01 -1.26752E-01  4.45970E-01  8.02418E-01  9.80625E-01      -1.00000E+00  1.00000E+00
 -8.83790E-01 -2.63830E-01  3.46815E-01  7.68977E-01  9.74827E-01      -1.00000E+00  9.99990E-01
 -9.20470E-01 -4.01317E-01  2.23500E-01  7.02635E-01  9.67677E-01      -1.00000E+00  1.00000E+00
 -6.78538E-01  2.06132E-01  6.73283E-01  8.93475E-01  9.88145E-01      -1.00000E+00  1.00000E+00
 -7.25130E-01  1.60437E-01  6.34593E-01  8.77680E-01  9.86815E-01      -1.00000E+00  1.00000E+00
 -7.62662E-01  7.72215E-02  6.05208E-01  8.75762E-01  9.87443E-01      -1.00000E+00  1.00000E+00
 -8.24838E-01 -6.07072E-02  5.05130E-01  8.34605E-01  9.81768E-01      -1.00000E+00  1.00000E+00
 -9.00807E-01 -2.87963E-01  3.34080E-01  7.63765E-01  9.74118E-01      -1.00000E+00  1.00000E+00


    1.   1.01   13.  26.98  5.00E+03  4.50E+01  1.66E-01  5.63E-02     5   0.00

  3.77760E+02  9.30830E+02  1.49700E+03  2.20810E+03  3.37790E+03       1.32510E-01  4.84200E+03

  4.12385E-01  6.25370E-01  7.61470E-01  8.68530E-01  9.59060E-01       2.47350E-02  9.99990E-01
  3.97750E-01  6.14830E-01  7.56165E-01  8.64435E-01  9.58115E-01       2.67860E-02  1.00000E+00
  3.78285E-01  5.89765E-01  7.32540E-01  8.47245E-01  9.50435E-01       3.01650E-02  1.00000E+00
  3.36010E-01  5.32105E-01  6.72725E-01  8.01145E-01  9.31640E-01       2.99980E-02  1.00000E+00
  2.38830E-01  4.05990E-01  5.47000E-01  6.99570E-01  8.81440E-01       1.58940E-02  9.99990E-01

 -9.43820E-01 -5.65695E-01  4.03877E-02  6.07808E-01  9.53225E-01      -1.00000E+00  1.00000E+00
 -9.48442E-01 -5.71705E-01  3.53452E-02  6.15035E-01  9.52925E-01      -1.00000E+00  1.00000E+00
 -9.50992E-01 -5.85270E-01  6.75207E-03  6.06120E-01  9.53682E-01      -1.00000E+00  1.00000E+00
 -9.46767E-01 -5.80045E-01  2.04111E-03  5.86253E-01  9.52440E-01      -1.00000E+00  9.99990E-01
 -9.52582E-01 -6.04028E-01 -9.72270E-03  5.90360E-01  9.51525E-01      -1.00000E+00  1.00000E+00
 -9.18902E-01 -3.99143E-01  2.29975E-01  7.04152E-01  9.66198E-01      -1.00000E+00  1.00000E+00
 -9.18573E-01 -4.20530E-01  1.91890E-01  6.89633E-01  9.67370E-01      -1.00000E+00  1.00000E+00
 -9.28615E-01 -4.51342E-01  1.68899E-01  6.87790E-01  9.65930E-01      -1.00000E+00  1.00000E+00
 -9.36122E-01 -4.88425E-01  1.29500E-01  6.79613E-01  9.65795E-01      -1.00000E+00  1.00000E+00
 -9.39650E-01 -5.38260E-01  6.29240E-02  6.38880E-01  9.61577E-01      -1.00000E+00  1.00000E+00
 -8.17350E-01 -5.09735E-02  4.98110E-01  8.29120E-01  9.82178E-01      -1.00000E+00  1.00000E+00
 -8.28418E-01 -1.14677E-01  4.66680E-01  8.17732E-01  9.80962E-01      -1.00000E+00  1.00000E+00
 -8.68860E-01 -1.77295E-01  4.13980E-01  8.00115E-01  9.78177E-01      -1.00000E+00  1.00000E+00
 -8.90135E-01 -2.71892E-01  3.45020E-01  7.67320E-01  9.73515E-01      -1.00000E+00  1.00000E+00
 -9.23288E-01 -4.28145E-01  2.03488E-01  6.94335E-01  9.68097E-01      -1.00000E+00  9.99990E-01
 -5.69360E-01  2.94208E-01  6.98063E-01  9.04745E-01  9.90110E-01      -1.00000E+00  1.00000E+00
 -6.55133E-01  2.35030E-01  6.78418E-01  8.96082E-01  9.89260E-01      -1.00000E+00  1.00000E+00
 -6.96708E-01  1.63097E-01  6.32913E-01  8.73617E-01  9.87135E-01      -1.00000E+00  1.00000E+00
 -7.92722E-01  1.11835E-02  5.49010E-01  8.52442E-01  9.84047E-01      -1.00000E+00  1.00000E+00
 -8.88225E-01 -2.81715E-01  3.39083E-01  7.66352E-01  9.73270E-01      -1.00000E+00  1.00000E+00
 -2.05278E-01  5.67828E-01  8.32712E-01  9.46135E-01  9.94017E-01      -9.99990E-01  1.00000E+00
 -2.97055E-01  5.22325E-01  8.15157E-01  9.40605E-01  9.93885E-01      -1.00000E+00  1.00000E+00
 -4.43160E-01  4.37045E-01  7.72950E-01  9.32612E-01  9.93020E-01      -1.00000E+00  1.00000E+00
 -5.98250E-01  2.99040E-01  7.00242E-01  9.08497E-01  9.90595E-01      -1.00000E+00  1.00000E+00
 -8.12132E-01 -7.71946E-02  4.89485E-01  8.19402E-01  9.81095E-01      -1.00000E+00  1.00000E+00


    1.   1.01   13.  26.98  5.00E+03  6.00E+01  2.77E-01  1.09E-01     5   0.00

  4.80220E+02  1.16660E+03  1.83840E+03  2.61380E+03  3.70760E+03       1.18780E-01  4.92310E+03

  4.03620E-01  6.18285E-01  7.57335E-01  8.66160E-01  9.58815E-01       2.37260E-02  1.00000E+00
  3.73345E-01  5.87075E-01  7.29630E-01  8.47435E-01  9.51230E-01       1.92960E-02  1.00000E+00
  3.28925E-01  5.26860E-01  6.69395E-01  7.99465E-01  9.30585E-01       3.06770E-02  1.00000E+00
  2.73910E-01  4.45185E-01  5.80855E-01  7.21980E-01  8.91150E-01       1.85620E-02  9.99980E-01
  1.90170E-01  3.27460E-01  4.52485E-01  6.02555E-01  8.23715E-01       1.20290E-02  9.99970E-01

 -9.42480E-01 -5.34443E-01  7.52640E-02  6.26677E-01  9.54067E-01      -1.00000E+00  1.00000E+00
 -9.44280E-01 -5.45593E-01  5.70325E-02  6.22480E-01  9.55533E-01      -1.00000E+00  1.00000E+00
 -9.41505E-01 -5.53860E-01  4.94173E-02  6.22658E-01  9.56027E-01      -1.00000E+00  1.00000E+00
 -9.46457E-01 -5.68890E-01  3.72222E-02  6.16017E-01  9.55085E-01      -1.00000E+00  1.00000E+00
 -9.42670E-01 -5.65025E-01  2.53384E-02  5.92588E-01  9.52842E-01      -1.00000E+00  1.00000E+00
 -8.48985E-01 -1.64538E-01  4.31805E-01  7.99223E-01  9.78912E-01      -1.00000E+00  1.00000E+00
 -8.66677E-01 -2.00622E-01  4.08480E-01  7.93608E-01  9.75750E-01      -1.00000E+00  1.00000E+00
 -8.91713E-01 -2.84027E-01  3.23880E-01  7.63120E-01  9.74130E-01      -1.00000E+00  1.00000E+00
 -9.06138E-01 -3.32795E-01  3.00512E-01  7.46530E-01  9.71062E-01      -1.00000E+00  1.00000E+00
 -9.32190E-01 -4.79853E-01  1.56044E-01  6.79230E-01  9.63853E-01      -1.00000E+00  1.00000E+00
 -5.24798E-01  3.43945E-01  7.25590E-01  9.11415E-01  9.90720E-01      -1.00000E+00  1.00000E+00
 -6.01430E-01  2.56490E-01  6.87565E-01  8.96825E-01  9.88557E-01      -1.00000E+00  1.00000E+00
 -6.79412E-01  1.81427E-01  6.41648E-01  8.79342E-01  9.86708E-01      -1.00000E+00  1.00000E+00
 -7.88290E-01  1.82770E-02  5.53683E-01  8.49010E-01  9.85030E-01      -1.00000E+00  1.00000E+00
 -8.80245E-01 -2.54375E-01  3.59442E-01  7.76218E-01  9.75060E-01      -1.00000E+00  1.00000E+00
 -4.63305E-02  6.27295E-01  8.55098E-01  9.53368E-01  9.95185E-01      -1.00000E+00  1.00000E+00
 -1.40403E-01  5.90542E-01  8.33530E-01  9.47660E-01  9.94532E-01      -1.00000E+00  1.00000E+00
 -2.86917E-01  5.13518E-01  8.02828E-01  9.36883E-01  9.93587E-01      -1.00000E+00  1.00000E+00
 -5.00765E-01  3.69418E-01  7.43915E-01  9.19005E-01  9.91597E-01      -1.00000E+00  1.00000E+00
 -7.80152E-01  8.26450E-03  5.44428E-01  8.42712E-01  9.83522E-01      -1.00000E+00  1.00000E+00
  3.78335E-01  8.12918E-01  9.29465E-01  9.77780E-01  9.97580E-01      -1.00000E+00  1.00000E+00
  2.90828E-01  7.82517E-01  9.16125E-01  9.74368E-01  9.97445E-01      -1.00000E+00  1.00000E+00
  1.46954E-01  7.18427E-01  8.90360E-01  9.65760E-01  9.96473E-01      -1.00000E+00  1.00000E+00
 -9.80022E-02  6.19630E-01  8.48950E-01  9.52863E-01  9.94783E-01      -1.00000E+00  1.00000E+00
 -6.22075E-01  2.11401E-01  6.64365E-01  8.91482E-01  9.88815E-01      -1.00000E+00  1.00000E+00


    1.   1.01   13.  26.98  5.00E+03  7.00E+01  3.93E-01  1.83E-01     5   0.00

  6.16770E+02  1.49370E+03  2.30790E+03  3.11980E+03  4.07160E+03       8.29770E-02  4.94990E+03

  3.94550E-01  6.09680E-01  7.50670E-01  8.61690E-01  9.56700E-01       1.62950E-02  1.00000E+00
  3.31975E-01  5.34255E-01  6.81000E-01  8.10150E-01  9.35850E-01       8.93370E-03  1.00000E+00
  2.64235E-01  4.34140E-01  5.70700E-01  7.13075E-01  8.86575E-01       1.79740E-02  1.00000E+00
  2.05495E-01  3.41715E-01  4.61770E-01  6.03945E-01  8.16975E-01       1.46410E-02  9.99980E-01
  1.41165E-01  2.44705E-01  3.48810E-01  4.85050E-01  7.26185E-01       1.10830E-02  9.99990E-01

 -9.33127E-01 -4.73790E-01  1.42745E-01  6.67565E-01  9.62087E-01      -1.00000E+00  1.00000E+00
 -9.32685E-01 -4.89100E-01  1.21020E-01  6.56755E-01  9.59015E-01      -1.00000E+00  1.00000E+00
 -9.35900E-01 -5.05845E-01  1.07583E-01  6.50575E-01  9.58672E-01      -1.00000E+00  1.00000E+00
 -9.39843E-01 -5.32730E-01  8.24425E-02  6.35947E-01  9.54723E-01      -1.00000E+00  1.00000E+00
 -9.46393E-01 -5.68805E-01  3.39397E-02  6.07542E-01  9.55620E-01      -1.00000E+00  1.00000E+00
 -6.62250E-01  1.71374E-01  6.28595E-01  8.78463E-01  9.87197E-01      -1.00000E+00  1.00000E+00
 -7.25877E-01  9.32105E-02  5.96895E-01  8.66167E-01  9.85380E-01      -1.00000E+00  1.00000E+00
 -7.72880E-01  9.65750E-03  5.42907E-01  8.46885E-01  9.82982E-01      -1.00000E+00  1.00000E+00
 -8.32375E-01 -1.09769E-01  4.73248E-01  8.19322E-01  9.81265E-01      -1.00000E+00  1.00000E+00
 -8.96930E-01 -3.24978E-01  3.01425E-01  7.41235E-01  9.70582E-01      -1.00000E+00  1.00000E+00
 -3.62548E-02  6.29098E-01  8.50052E-01  9.52728E-01  9.94955E-01      -1.00000E+00  1.00000E+00
 -1.33310E-01  5.74447E-01  8.30738E-01  9.46468E-01  9.94468E-01      -1.00000E+00  1.00000E+00
 -2.68845E-01  5.03737E-01  7.98048E-01  9.34585E-01  9.93213E-01      -1.00000E+00  1.00000E+00
 -4.86428E-01  3.72795E-01  7.36733E-01  9.13843E-01  9.90385E-01      -1.00000E+00  1.00000E+00
 -7.71200E-01  4.08275E-03  5.43030E-01  8.44745E-01  9.83180E-01      -1.00000E+00  1.00000E+00
  4.29425E-01  8.15783E-01  9.28543E-01  9.77415E-01  9.97730E-01      -1.00000E+00  1.00000E+00
  3.60275E-01  7.92720E-01  9.16955E-01  9.74498E-01  9.97312E-01      -1.00000E+00  1.00000E+00
  2.28937E-01  7.47440E-01  9.00313E-01  9.68828E-01  9.96755E-01      -1.00000E+00  1.00000E+00
 -3.15405E-02  6.52057E-01  8.62200E-01  9.56722E-01  9.95408E-01      -1.00000E+00  1.00000E+00
 -5.84700E-01  2.66628E-01  6.94308E-01  9.04312E-01  9.89667E-01      -1.00000E+00  1.00000E+00
  7.10403E-01  9.14660E-01  9.66792E-01  9.89290E-01  9.98838E-01      -9.99950E-01  1.00000E+00
  6.54740E-01  8.95647E-01  9.59967E-01  9.87653E-01  9.98648E-01      -9.99980E-01  1.00000E+00
  5.54418E-01  8.65622E-01  9.47900E-01  9.83630E-01  9.98343E-01      -1.00000E+00  1.00000E+00
  3.66370E-01  8.07115E-01  9.25155E-01  9.76090E-01  9.97415E-01      -1.00000E+00  1.00000E+00
 -2.50152E-01  5.12892E-01  8.06445E-01  9.37858E-01  9.93532E-01      -1.00000E+00  1.00000E+00


    1.   1.01   13.  26.98  5.00E+03  8.00E+01  5.58E-01  3.30E-01     5   0.00

  9.35500E+02  2.22380E+03  3.20240E+03  3.92850E+03  4.55150E+03       2.09340E-02  4.97520E+03

  3.67590E-01  5.77010E-01  7.20190E-01  8.39615E-01  9.48030E-01       2.02440E-02  1.00000E+00
  2.42995E-01  4.02445E-01  5.38815E-01  6.83910E-01  8.69365E-01       1.33880E-02  1.00000E+00
  1.61695E-01  2.73045E-01  3.79340E-01  5.13865E-01  7.48405E-01       1.55540E-02  9.99970E-01
  1.17405E-01  1.97800E-01  2.80000E-01  3.95435E-01  6.40095E-01       1.33350E-02  9.99980E-01
  7.96530E-02  1.38210E-01  2.03695E-01  3.01770E-01  5.23240E-01       2.82860E-03  9.99950E-01

 -8.47390E-01 -2.30903E-01  3.45352E-01  7.62012E-01  9.73195E-01      -1.00000E+00  1.00000E+00
 -8.68485E-01 -2.60473E-01  3.16078E-01  7.42642E-01  9.70793E-01      -1.00000E+00  1.00000E+00
 -8.92525E-01 -3.30882E-01  2.67646E-01  7.30992E-01  9.69835E-01      -1.00000E+00  1.00000E+00
 -9.11573E-01 -3.78870E-01  2.20949E-01  7.02320E-01  9.66225E-01      -1.00000E+00  1.00000E+00
 -9.29912E-01 -4.76343E-01  1.32647E-01  6.57772E-01  9.61413E-01      -1.00000E+00  1.00000E+00
  1.71725E-02  6.43625E-01  8.55173E-01  9.54697E-01  9.95348E-01      -1.00000E+00  1.00000E+00
 -1.28718E-01  5.83848E-01  8.31570E-01  9.45607E-01  9.94328E-01      -1.00000E+00  1.00000E+00
 -2.40623E-01  5.13343E-01  8.03070E-01  9.38057E-01  9.93375E-01      -1.00000E+00  1.00000E+00
 -4.53997E-01  3.72095E-01  7.39635E-01  9.18192E-01  9.91270E-01      -1.00000E+00  1.00000E+00
 -7.61533E-01  1.88982E-02  5.44183E-01  8.45538E-01  9.83187E-01      -1.00000E+00  1.00000E+00
  6.09827E-01  8.77402E-01  9.52490E-01  9.85152E-01  9.98442E-01      -1.00000E+00  1.00000E+00
  5.47748E-01  8.56882E-01  9.43477E-01  9.82055E-01  9.98090E-01      -9.99990E-01  1.00000E+00
  4.47970E-01  8.22860E-01  9.30708E-01  9.78795E-01  9.97773E-01      -1.00000E+00  1.00000E+00
  2.35935E-01  7.51610E-01  9.04360E-01  9.70037E-01  9.96857E-01      -1.00000E+00  1.00000E+00
 -4.18868E-01  4.18058E-01  7.67012E-01  9.27107E-01  9.92300E-01      -1.00000E+00  1.00000E+00
  8.29788E-01  9.47685E-01  9.80225E-01  9.93772E-01  9.99372E-01      -1.00000E+00  1.00000E+00
  7.97063E-01  9.38902E-01  9.76117E-01  9.92573E-01  9.99220E-01      -9.99990E-01  1.00000E+00
  7.34642E-01  9.19308E-01  9.68880E-01  9.90487E-01  9.99030E-01      -1.00000E+00  1.00000E+00
  5.96392E-01  8.79245E-01  9.53150E-01  9.85415E-01  9.98502E-01      -1.00000E+00  1.00000E+00
 -1.09852E-01  6.11348E-01  8.53777E-01  9.55775E-01  9.95637E-01      -1.00000E+00  1.00000E+00
  9.21340E-01  9.77890E-01  9.91563E-01  9.97383E-01  9.99722E-01      -8.99200E-01  1.00000E+00
  9.00572E-01  9.70305E-01  9.88625E-01  9.96530E-01  9.99642E-01      -9.99620E-01  1.00000E+00
  8.64702E-01  9.59605E-01  9.84700E-01  9.95268E-01  9.99518E-01      -9.89460E-01  1.00000E+00
  7.87955E-01  9.35902E-01  9.75830E-01  9.92520E-01  9.99238E-01      -9.99800E-01  1.00000E+00
  4.48062E-01  8.14372E-01  9.28647E-01  9.77903E-01  9.97635E-01      -9.99990E-01  1.00000E+00


    1.   1.01   13.  26.98  5.00E+03  8.50E+01  6.85E-01  4.87E-01     5   0.00

  1.39250E+03  3.12710E+03  4.02930E+03  4.50590E+03  4.82210E+03       8.76280E-02  4.98100E+03

  3.18135E-01  5.11815E-01  6.55785E-01  7.88830E-01  9.24720E-01       1.38990E-02  9.99990E-01
  1.52005E-01  2.60055E-01  3.66375E-01  5.02150E-01  7.38320E-01       1.30310E-02  9.99990E-01
  8.95390E-02  1.51100E-01  2.17650E-01  3.17710E-01  5.54115E-01       3.89050E-03  9.99980E-01
  6.40210E-02  1.04044E-01  1.50660E-01  2.27035E-01  4.34935E-01       4.67840E-03  9.99970E-01
  4.07240E-02  6.83855E-02  1.02757E-01  1.60445E-01  3.09475E-01       5.83670E-04  9.58140E-01

 -5.59358E-01  1.21418E-01  5.72388E-01  8.53318E-01  9.83840E-01      -1.00000E+00  1.00000E+00
 -6.37225E-01  4.67375E-02  5.24265E-01  8.32533E-01  9.81885E-01      -1.00000E+00  1.00000E+00
 -7.22630E-01 -3.45050E-02  4.77235E-01  8.16327E-01  9.80852E-01      -1.00000E+00  1.00000E+00
 -8.04107E-01 -1.34135E-01  4.08153E-01  7.88637E-01  9.76540E-01      -1.00000E+00  1.00000E+00
 -8.94827E-01 -3.43506E-01  2.63892E-01  7.23575E-01  9.68780E-01      -1.00000E+00  1.00000E+00
  6.01770E-01  8.74420E-01  9.51305E-01  9.84777E-01  9.98418E-01      -1.00000E+00  1.00000E+00
  5.22720E-01  8.49322E-01  9.41680E-01  9.81667E-01  9.98035E-01      -1.00000E+00  1.00000E+00
  4.08690E-01  8.12435E-01  9.25192E-01  9.76677E-01  9.97710E-01      -1.00000E+00  1.00000E+00
  1.94812E-01  7.36680E-01  8.95513E-01  9.66880E-01  9.96493E-01      -1.00000E+00  1.00000E+00
 -4.14532E-01  3.95251E-01  7.54327E-01  9.21800E-01  9.91958E-01      -1.00000E+00  1.00000E+00
  8.88805E-01  9.67178E-01  9.87522E-01  9.96158E-01  9.99612E-01      -9.99830E-01  1.00000E+00
  8.68560E-01  9.60333E-01  9.84855E-01  9.95292E-01  9.99530E-01      -9.99690E-01  1.00000E+00
  8.21180E-01  9.46832E-01  9.79495E-01  9.93510E-01  9.99315E-01      -9.99990E-01  1.00000E+00
  7.15605E-01  9.15598E-01  9.68102E-01  9.90200E-01  9.98960E-01      -1.00000E+00  1.00000E+00
  5.28500E-02  7.08178E-01  8.93000E-01  9.68220E-01  9.96827E-01      -1.00000E+00  1.00000E+00
  9.57890E-01  9.88195E-01  9.95448E-01  9.98605E-01  9.99853E-01      -8.87980E-01  1.00000E+00
  9.46542E-01  9.84517E-01  9.94145E-01  9.98190E-01  9.99812E-01      -7.01640E-01  1.00000E+00
  9.24170E-01  9.78745E-01  9.91930E-01  9.97452E-01  9.99737E-01      -8.88360E-01  1.00000E+00
  8.73965E-01  9.63157E-01  9.86163E-01  9.95760E-01  9.99532E-01      -9.04890E-01  1.00000E+00
  4.98660E-01  8.51738E-01  9.47168E-01  9.84397E-01  9.98375E-01      -1.00000E+00  1.00000E+00
  9.83663E-01  9.95713E-01  9.98425E-01  9.99515E-01  9.99950E-01       2.16260E-01  1.00000E+00
  9.76883E-01  9.93457E-01  9.97557E-01  9.99232E-01  9.99923E-01       2.73380E-01  1.00000E+00
  9.64575E-01  9.90015E-01  9.96247E-01  9.98857E-01  9.99880E-01       2.12100E-01  1.00000E+00
  9.39587E-01  9.82568E-01  9.93378E-01  9.97955E-01  9.99780E-01       2.08740E-01  1.00000E+00
  8.59252E-01  9.51497E-01  9.81095E-01  9.94132E-01  9.99410E-01       2.08000E-01  1.00000E+00



