H_on_Be_1.00  also includes: pdf boundaries emin,emax, angmin, angmax....       
 
*  projectile surface binding energy parameter: 1.00 eV     
*  parameter esbparm only added in first of the 84 blocks  
 
 
    1.   1.01    4.   9.01  1.00E+00  0.00E+00  5.48E-02  1.16E-02  1.00E+00   5   0.00

  8.17860E-02  1.52000E-01  2.09240E-01  2.68110E-01  3.42000E-01       3.11650E-04  5.02750E-01

  3.09160E-01  5.37480E-01  6.98060E-01  8.29325E-01  9.46350E-01       5.26700E-03  9.99980E-01
  3.20205E-01  5.60550E-01  7.19585E-01  8.47830E-01  9.54130E-01       7.18390E-03  9.99990E-01
  3.18165E-01  5.51235E-01  7.10960E-01  8.39320E-01  9.47945E-01       4.20720E-03  9.99990E-01
  2.89405E-01  5.02945E-01  6.52065E-01  7.78900E-01  9.11310E-01       6.44040E-03  9.99950E-01
  2.21075E-01  3.99535E-01  5.37235E-01  6.84480E-01  8.71785E-01       2.29160E-03  9.99970E-01

 -9.51647E-01 -5.84498E-01  4.17322E-02  5.96637E-01  9.46485E-01      -1.00000E+00  9.99990E-01
 -9.46238E-01 -5.70827E-01  6.46175E-03  5.74980E-01  9.55587E-01      -1.00000E+00  9.99940E-01
 -9.48245E-01 -5.95052E-01  7.93893E-03  5.77955E-01  9.47487E-01      -1.00000E+00  1.00000E+00
 -9.53840E-01 -6.04733E-01 -2.07792E-02  5.68500E-01  9.41950E-01      -1.00000E+00  9.99990E-01
 -9.41410E-01 -5.78058E-01 -1.74050E-03  5.90407E-01  9.60193E-01      -1.00000E+00  1.00000E+00
 -9.51680E-01 -5.86290E-01  2.73135E-02  5.88340E-01  9.53325E-01      -1.00000E+00  9.99990E-01
 -9.53547E-01 -5.83102E-01  1.24709E-02  5.83128E-01  9.52585E-01      -1.00000E+00  9.99990E-01
 -9.55987E-01 -6.07105E-01  2.60048E-02  5.92205E-01  9.48913E-01      -1.00000E+00  9.99990E-01
 -9.55650E-01 -5.74840E-01  3.32175E-03  5.80980E-01  9.53250E-01      -1.00000E+00  1.00000E+00
 -9.40272E-01 -5.64725E-01 -1.74225E-03  6.11690E-01  9.56442E-01      -1.00000E+00  9.99980E-01
 -9.53175E-01 -5.84397E-01  1.09740E-02  6.15543E-01  9.51630E-01      -1.00000E+00  9.99990E-01
 -9.52000E-01 -5.90437E-01 -1.10320E-02  5.51333E-01  9.46288E-01      -1.00000E+00  9.99990E-01
 -9.46268E-01 -5.92117E-01  2.73547E-02  5.98012E-01  9.43397E-01      -1.00000E+00  9.99970E-01
 -9.56950E-01 -6.06618E-01 -3.81789E-02  5.65070E-01  9.49447E-01      -1.00000E+00  9.99970E-01
 -9.49302E-01 -5.83157E-01  8.76350E-03  5.78580E-01  9.44620E-01      -1.00000E+00  9.99990E-01
 -9.50045E-01 -6.05948E-01  1.27452E-02  5.93735E-01  9.51607E-01      -1.00000E+00  9.99980E-01
 -9.52663E-01 -6.04478E-01  5.77832E-03  5.84010E-01  9.49165E-01      -1.00000E+00  1.00000E+00
 -9.55377E-01 -6.12210E-01 -6.19628E-02  5.66528E-01  9.52825E-01      -1.00000E+00  9.99890E-01
 -9.51458E-01 -5.99607E-01  3.50505E-03  5.76453E-01  9.53120E-01      -1.00000E+00  9.99980E-01
 -9.56087E-01 -5.79980E-01  7.91825E-03  6.19920E-01  9.55437E-01      -1.00000E+00  9.99990E-01
 -9.50422E-01 -6.02897E-01 -3.98843E-02  5.75575E-01  9.46540E-01      -1.00000E+00  9.99990E-01
 -9.56033E-01 -6.01670E-01  1.84202E-03  5.97485E-01  9.46015E-01      -1.00000E+00  9.99820E-01
 -9.51948E-01 -6.05573E-01 -1.92038E-02  5.89008E-01  9.50813E-01      -1.00000E+00  9.99950E-01
 -9.48237E-01 -5.79000E-01  2.43179E-02  6.04448E-01  9.51370E-01      -1.00000E+00  1.00000E+00
 -9.49990E-01 -5.52132E-01  3.36093E-02  6.09980E-01  9.52475E-01      -1.00000E+00  1.00000E+00


    1.   1.01    4.   9.01  1.00E+00  3.00E+01  8.36E-02  2.22E-02     5   0.00

  1.08400E-01  1.96590E-01  2.61950E-01  3.31420E-01  4.24070E-01       7.92010E-04  6.84110E-01

  3.10405E-01  5.41065E-01  7.01990E-01  8.31475E-01  9.47580E-01       3.28650E-03  9.99980E-01
  3.19505E-01  5.47780E-01  7.08470E-01  8.36425E-01  9.48850E-01       8.13220E-03  9.99980E-01
  3.14210E-01  5.41140E-01  7.04020E-01  8.34500E-01  9.47375E-01       5.35100E-03  9.99990E-01
  2.83705E-01  4.98260E-01  6.55990E-01  7.94250E-01  9.27730E-01       8.51220E-03  9.99960E-01
  2.32220E-01  4.15630E-01  5.55835E-01  6.93150E-01  8.57935E-01       2.10780E-03  9.99650E-01

 -9.55915E-01 -6.34893E-01 -5.20780E-02  5.51955E-01  9.43743E-01      -1.00000E+00  9.99990E-01
 -9.55585E-01 -6.20883E-01 -5.79485E-02  5.56638E-01  9.44690E-01      -1.00000E+00  1.00000E+00
 -9.53348E-01 -6.15873E-01 -6.01150E-02  5.63583E-01  9.49572E-01      -1.00000E+00  9.99990E-01
 -9.53590E-01 -6.19108E-01 -7.50003E-02  5.33730E-01  9.44022E-01      -1.00000E+00  1.00000E+00
 -9.57670E-01 -6.28185E-01 -4.62815E-02  5.54907E-01  9.47778E-01      -1.00000E+00  9.99990E-01
 -9.59520E-01 -6.47145E-01 -1.00824E-01  5.28180E-01  9.42165E-01      -1.00000E+00  1.00000E+00
 -9.56700E-01 -6.33790E-01 -1.03326E-01  5.21652E-01  9.43647E-01      -1.00000E+00  9.99990E-01
 -9.55485E-01 -6.45330E-01 -1.03207E-01  5.09165E-01  9.40265E-01      -1.00000E+00  1.00000E+00
 -9.54067E-01 -6.39305E-01 -9.86405E-02  5.28253E-01  9.38913E-01      -1.00000E+00  9.99980E-01
 -9.51110E-01 -6.14375E-01 -3.44377E-02  5.49690E-01  9.42788E-01      -1.00000E+00  1.00000E+00
 -8.34633E-01 -2.85123E-01  2.64522E-01  7.05165E-01  9.65730E-01      -1.00000E+00  9.99990E-01
 -8.46540E-01 -2.96795E-01  2.89048E-01  7.24275E-01  9.67133E-01      -1.00000E+00  1.00000E+00
 -8.57040E-01 -3.32370E-01  2.44710E-01  6.97450E-01  9.66315E-01      -1.00000E+00  1.00000E+00
 -8.73847E-01 -3.43515E-01  2.48265E-01  7.16845E-01  9.72970E-01      -1.00000E+00  1.00000E+00
 -9.22615E-01 -4.44370E-01  1.59182E-01  6.76457E-01  9.62193E-01      -1.00000E+00  9.99990E-01
 -6.02208E-01  3.34332E-02  5.00922E-01  8.09312E-01  9.76252E-01      -1.00000E+00  1.00000E+00
 -6.03258E-01  4.26992E-02  5.06798E-01  8.22547E-01  9.79625E-01      -1.00000E+00  1.00000E+00
 -6.21925E-01  6.67500E-02  5.37680E-01  8.34763E-01  9.81127E-01      -1.00000E+00  1.00000E+00
 -6.69370E-01  5.45652E-02  5.12472E-01  8.21837E-01  9.78603E-01      -1.00000E+00  1.00000E+00
 -8.03033E-01 -9.06125E-02  4.33032E-01  7.98935E-01  9.77133E-01      -1.00000E+00  1.00000E+00
 -2.23750E-03  4.80727E-01  7.52067E-01  9.12500E-01  9.89642E-01      -9.99990E-01  1.00000E+00
  3.13575E-02  4.97230E-01  7.65340E-01  9.18100E-01  9.91585E-01      -1.00000E+00  1.00000E+00
  5.19775E-02  5.48840E-01  7.82870E-01  9.23915E-01  9.92337E-01      -9.98810E-01  1.00000E+00
  1.29150E-02  5.41260E-01  7.82625E-01  9.24192E-01  9.92035E-01      -9.99910E-01  1.00000E+00
 -2.61495E-01  4.08610E-01  7.41053E-01  9.15913E-01  9.91898E-01      -1.00000E+00  1.00000E+00


    1.   1.01    4.   9.01  1.00E+00  4.50E+01  1.14E-01  3.52E-02     5   0.00

  1.34260E-01  2.34890E-01  3.09230E-01  3.83500E-01  4.81060E-01       7.26700E-04  7.23930E-01

  3.08810E-01  5.36055E-01  6.94630E-01  8.28325E-01  9.45760E-01       3.25280E-03  9.99990E-01
  3.18565E-01  5.51205E-01  7.12155E-01  8.40140E-01  9.50380E-01       3.75660E-03  9.99990E-01
  3.09000E-01  5.43080E-01  7.00750E-01  8.31480E-01  9.44820E-01       5.92930E-03  1.00000E+00
  2.87655E-01  4.99575E-01  6.51650E-01  7.89670E-01  9.27915E-01       4.72270E-03  1.00000E+00
  2.35115E-01  4.17265E-01  5.62445E-01  7.02630E-01  8.65365E-01       1.89540E-03  9.99970E-01

 -9.65188E-01 -6.51550E-01 -8.43815E-02  5.30985E-01  9.36825E-01      -1.00000E+00  9.99980E-01
 -9.60757E-01 -6.40537E-01 -7.43510E-02  5.47168E-01  9.45197E-01      -1.00000E+00  1.00000E+00
 -9.61167E-01 -6.30180E-01 -3.84787E-02  5.66720E-01  9.47427E-01      -1.00000E+00  1.00000E+00
 -9.55878E-01 -6.21490E-01 -5.67731E-02  5.57292E-01  9.50090E-01      -1.00000E+00  1.00000E+00
 -9.58427E-01 -6.31713E-01 -4.54127E-02  5.51980E-01  9.47750E-01      -1.00000E+00  9.99990E-01
 -9.26092E-01 -5.41590E-01 -2.11975E-02  5.58353E-01  9.48627E-01      -1.00000E+00  9.99990E-01
 -9.22648E-01 -5.51050E-01 -2.40482E-02  5.51675E-01  9.43120E-01      -1.00000E+00  1.00000E+00
 -9.41105E-01 -5.77235E-01 -4.12493E-02  5.40282E-01  9.41725E-01      -1.00000E+00  9.99980E-01
 -9.48930E-01 -5.82973E-01 -4.31622E-02  5.49525E-01  9.42043E-01      -1.00000E+00  1.00000E+00
 -9.51323E-01 -6.08613E-01 -6.17840E-02  5.31970E-01  9.44745E-01      -1.00000E+00  1.00000E+00
 -7.16832E-01 -1.09898E-01  3.53090E-01  7.48425E-01  9.68745E-01      -1.00000E+00  1.00000E+00
 -7.28768E-01 -1.28296E-01  3.52743E-01  7.43420E-01  9.70025E-01      -1.00000E+00  9.99990E-01
 -7.48138E-01 -1.44694E-01  3.57698E-01  7.61648E-01  9.71445E-01      -1.00000E+00  1.00000E+00
 -8.26717E-01 -2.21240E-01  3.30788E-01  7.35213E-01  9.71800E-01      -1.00000E+00  1.00000E+00
 -9.04765E-01 -3.75945E-01  2.47318E-01  7.11638E-01  9.65825E-01      -1.00000E+00  1.00000E+00
 -3.12680E-01  2.39805E-01  5.95398E-01  8.46488E-01  9.81622E-01      -9.99970E-01  1.00000E+00
 -3.13682E-01  2.55902E-01  6.25320E-01  8.61885E-01  9.84268E-01      -1.00000E+00  1.00000E+00
 -3.27122E-01  2.58775E-01  6.46300E-01  8.72152E-01  9.86662E-01      -1.00000E+00  1.00000E+00
 -4.49062E-01  1.94571E-01  6.10698E-01  8.62452E-01  9.83947E-01      -1.00000E+00  1.00000E+00
 -6.87630E-01  2.14482E-02  5.07182E-01  8.21145E-01  9.81355E-01      -1.00000E+00  9.99970E-01
  2.11010E-01  6.12278E-01  8.20298E-01  9.35920E-01  9.93550E-01      -9.15340E-01  1.00000E+00
  2.44158E-01  6.32528E-01  8.35418E-01  9.41525E-01  9.93888E-01      -9.88040E-01  1.00000E+00
  2.39457E-01  6.16282E-01  8.20035E-01  9.38753E-01  9.93147E-01      -9.98470E-01  1.00000E+00
  2.02622E-01  6.30912E-01  8.25895E-01  9.41075E-01  9.93708E-01      -9.97830E-01  1.00000E+00
 -1.50778E-01  5.14757E-01  7.76735E-01  9.26627E-01  9.92203E-01      -9.99990E-01  1.00000E+00


    1.   1.01    4.   9.01  1.00E+00  6.00E+01  1.52E-01  5.33E-02     5   0.00

  1.61700E-01  2.73760E-01  3.53750E-01  4.30530E-01  5.33160E-01       8.81240E-04  7.46060E-01

  3.05690E-01  5.35200E-01  6.95160E-01  8.26355E-01  9.44015E-01       1.62040E-03  9.99990E-01
  3.21555E-01  5.52855E-01  7.14975E-01  8.42835E-01  9.52255E-01       2.74270E-03  9.99990E-01
  3.12030E-01  5.42535E-01  7.02475E-01  8.32835E-01  9.47200E-01       4.85140E-03  9.99980E-01
  2.85840E-01  5.01580E-01  6.57305E-01  7.96260E-01  9.31850E-01       1.66910E-03  1.00000E+00
  2.28595E-01  4.08930E-01  5.54075E-01  6.97890E-01  8.68930E-01       7.11270E-03  9.99960E-01

 -9.63333E-01 -6.74872E-01 -9.42305E-02  5.38092E-01  9.43747E-01      -1.00000E+00  1.00000E+00
 -9.59880E-01 -6.81805E-01 -1.28853E-01  5.16443E-01  9.36268E-01      -1.00000E+00  9.99990E-01
 -9.61537E-01 -6.66388E-01 -1.05424E-01  5.06655E-01  9.38645E-01      -1.00000E+00  1.00000E+00
 -9.57923E-01 -6.47595E-01 -6.94139E-02  5.47895E-01  9.43605E-01      -1.00000E+00  9.99990E-01
 -9.59355E-01 -6.35510E-01 -3.78330E-02  5.59303E-01  9.47780E-01      -1.00000E+00  1.00000E+00
 -8.93880E-01 -4.62548E-01  5.29953E-02  5.86870E-01  9.53325E-01      -1.00000E+00  1.00000E+00
 -9.14645E-01 -4.88188E-01  2.12165E-02  5.64935E-01  9.50317E-01      -1.00000E+00  1.00000E+00
 -9.22183E-01 -5.12990E-01  1.25107E-02  5.73115E-01  9.46687E-01      -1.00000E+00  9.99990E-01
 -9.37998E-01 -5.49173E-01 -1.81508E-02  5.47558E-01  9.47185E-01      -1.00000E+00  1.00000E+00
 -9.44090E-01 -5.87137E-01 -3.98988E-02  5.54895E-01  9.44015E-01      -1.00000E+00  1.00000E+00
 -6.29985E-01 -4.99390E-02  3.85425E-01  7.58475E-01  9.69840E-01      -1.00000E+00  1.00000E+00
 -6.52353E-01 -3.93470E-02  4.08992E-01  7.67683E-01  9.73390E-01      -1.00000E+00  1.00000E+00
 -6.97600E-01 -8.07408E-02  3.87695E-01  7.54020E-01  9.70952E-01      -1.00000E+00  1.00000E+00
 -7.84393E-01 -1.30893E-01  3.97212E-01  7.65658E-01  9.73490E-01      -1.00000E+00  1.00000E+00
 -8.97185E-01 -3.37083E-01  2.75332E-01  7.24727E-01  9.67345E-01      -1.00000E+00  1.00000E+00
 -1.67228E-01  3.31203E-01  6.50467E-01  8.67690E-01  9.83733E-01      -9.99980E-01  1.00000E+00
 -1.67346E-01  3.49658E-01  6.63728E-01  8.79095E-01  9.86868E-01      -1.00000E+00  1.00000E+00
 -2.22162E-01  3.35983E-01  6.66837E-01  8.80273E-01  9.86788E-01      -9.99920E-01  1.00000E+00
 -3.52477E-01  2.81500E-01  6.54110E-01  8.71107E-01  9.85077E-01      -1.00000E+00  1.00000E+00
 -6.62330E-01  5.52684E-02  5.32470E-01  8.34900E-01  9.81975E-01      -1.00000E+00  1.00000E+00
  3.53953E-01  6.98638E-01  8.58313E-01  9.51830E-01  9.94575E-01      -9.64780E-01  1.00000E+00
  3.23508E-01  6.91475E-01  8.64217E-01  9.53055E-01  9.95045E-01      -8.32710E-01  1.00000E+00
  3.10135E-01  6.89902E-01  8.62710E-01  9.52440E-01  9.94695E-01      -8.81490E-01  1.00000E+00
  2.61362E-01  6.73312E-01  8.51908E-01  9.51580E-01  9.94672E-01      -9.82910E-01  1.00000E+00
 -1.00850E-01  5.14540E-01  7.77340E-01  9.26930E-01  9.92237E-01      -1.00000E+00  1.00000E+00


    1.   1.01    4.   9.01  1.00E+00  7.00E+01  1.76E-01  6.59E-02     5   0.00

  1.76670E-01  2.95730E-01  3.78680E-01  4.57420E-01  5.63150E-01       5.29780E-04  7.74050E-01

  3.07535E-01  5.36775E-01  6.95770E-01  8.28170E-01  9.44735E-01       1.83930E-03  1.00000E+00
  3.19800E-01  5.53230E-01  7.15095E-01  8.42625E-01  9.51915E-01       2.30610E-03  9.99990E-01
  3.13650E-01  5.43340E-01  7.03905E-01  8.36845E-01  9.48060E-01       4.64530E-03  9.99970E-01
  2.88990E-01  5.03835E-01  6.60080E-01  7.97620E-01  9.31840E-01       4.93790E-03  9.99990E-01
  2.25110E-01  4.05740E-01  5.48245E-01  6.89575E-01  8.61445E-01       1.74610E-03  9.99990E-01

 -9.61910E-01 -6.67053E-01 -1.19203E-01  5.13510E-01  9.44775E-01      -1.00000E+00  1.00000E+00
 -9.60647E-01 -6.53550E-01 -1.01311E-01  5.31168E-01  9.38840E-01      -1.00000E+00  1.00000E+00
 -9.60443E-01 -6.65957E-01 -1.15819E-01  5.07157E-01  9.38800E-01      -1.00000E+00  1.00000E+00
 -9.56747E-01 -6.38297E-01 -7.76197E-02  5.45588E-01  9.45887E-01      -1.00000E+00  1.00000E+00
 -9.55350E-01 -6.22175E-01 -5.18845E-02  5.52538E-01  9.44238E-01      -1.00000E+00  1.00000E+00
 -8.78348E-01 -4.44635E-01  4.81605E-02  5.74505E-01  9.47345E-01      -1.00000E+00  1.00000E+00
 -9.07953E-01 -4.81463E-01  3.37625E-02  5.64885E-01  9.42110E-01      -1.00000E+00  9.99990E-01
 -9.20063E-01 -5.00173E-01 -3.11400E-03  5.64805E-01  9.43860E-01      -1.00000E+00  1.00000E+00
 -9.39933E-01 -5.32113E-01 -4.72250E-04  5.53970E-01  9.46913E-01      -1.00000E+00  1.00000E+00
 -9.50500E-01 -5.77550E-01 -1.17268E-02  5.66510E-01  9.47487E-01      -1.00000E+00  1.00000E+00
 -5.75585E-01 -7.09950E-03  4.18625E-01  7.73918E-01  9.72278E-01      -1.00000E+00  1.00000E+00
 -6.29108E-01 -9.73725E-03  4.17615E-01  7.79040E-01  9.73230E-01      -1.00000E+00  1.00000E+00
 -6.77208E-01 -4.63653E-02  4.10960E-01  7.70652E-01  9.73015E-01      -1.00000E+00  1.00000E+00
 -7.95865E-01 -1.49454E-01  3.92875E-01  7.64002E-01  9.71665E-01      -1.00000E+00  1.00000E+00
 -8.98253E-01 -3.65850E-01  2.65202E-01  7.33580E-01  9.67917E-01      -1.00000E+00  1.00000E+00
 -1.14464E-01  3.72005E-01  6.71850E-01  8.76683E-01  9.85727E-01      -9.99970E-01  1.00000E+00
 -9.83120E-02  3.98577E-01  6.95947E-01  8.87417E-01  9.87488E-01      -1.00000E+00  1.00000E+00
 -1.50816E-01  3.88165E-01  6.95900E-01  8.83003E-01  9.86552E-01      -9.99980E-01  1.00000E+00
 -3.14468E-01  3.15010E-01  6.62420E-01  8.82300E-01  9.86333E-01      -1.00000E+00  1.00000E+00
 -6.38980E-01  7.13137E-02  5.46763E-01  8.36653E-01  9.82160E-01      -1.00000E+00  1.00000E+00
  4.07020E-01  7.25760E-01  8.72982E-01  9.56762E-01  9.94985E-01      -8.27740E-01  1.00000E+00
  3.83505E-01  7.30217E-01  8.74863E-01  9.57520E-01  9.95235E-01      -8.41700E-01  1.00000E+00
  3.61553E-01  7.24650E-01  8.78995E-01  9.59465E-01  9.95783E-01      -9.67800E-01  1.00000E+00
  2.94060E-01  6.91302E-01  8.66467E-01  9.56787E-01  9.95468E-01      -9.79690E-01  1.00000E+00
  1.04180E-02  5.60370E-01  8.02482E-01  9.34198E-01  9.93138E-01      -1.00000E+00  1.00000E+00


    1.   1.01    4.   9.01  1.00E+00  8.00E+01  1.93E-01  7.49E-02     5   0.00

  1.85740E-01  3.09100E-01  3.94710E-01  4.74200E-01  5.82130E-01       1.18330E-03  7.79520E-01

  3.06050E-01  5.32735E-01  6.92840E-01  8.25980E-01  9.44675E-01       1.56450E-03  9.99980E-01
  3.20190E-01  5.53320E-01  7.14375E-01  8.42850E-01  9.51070E-01       2.30980E-03  1.00000E+00
  3.12760E-01  5.46505E-01  7.05880E-01  8.37010E-01  9.48710E-01       1.76700E-03  1.00000E+00
  2.90895E-01  5.05105E-01  6.63470E-01  7.99135E-01  9.31260E-01       2.38360E-03  9.99990E-01
  2.26770E-01  4.02070E-01  5.42245E-01  6.82225E-01  8.55895E-01       1.21340E-03  1.00000E+00

 -9.60603E-01 -6.54535E-01 -7.77046E-02  5.43020E-01  9.45815E-01      -1.00000E+00  1.00000E+00
 -9.62943E-01 -6.56110E-01 -1.17710E-01  5.17600E-01  9.38318E-01      -1.00000E+00  1.00000E+00
 -9.62035E-01 -6.66765E-01 -1.05960E-01  5.40057E-01  9.47473E-01      -1.00000E+00  1.00000E+00
 -9.62737E-01 -6.59575E-01 -9.78755E-02  5.29210E-01  9.42555E-01      -1.00000E+00  1.00000E+00
 -9.53120E-01 -6.16795E-01 -2.75755E-02  5.66650E-01  9.48447E-01      -1.00000E+00  9.99990E-01
 -8.70820E-01 -4.25003E-01  7.90645E-02  6.03012E-01  9.49965E-01      -1.00000E+00  1.00000E+00
 -9.00452E-01 -4.52087E-01  3.35535E-02  5.59600E-01  9.40537E-01      -1.00000E+00  1.00000E+00
 -9.10370E-01 -4.70058E-01  6.18350E-02  5.83515E-01  9.44528E-01      -1.00000E+00  9.99990E-01
 -9.35570E-01 -5.32265E-01 -8.32750E-04  5.58072E-01  9.43902E-01      -1.00000E+00  1.00000E+00
 -9.51808E-01 -5.66688E-01 -1.90875E-03  5.72545E-01  9.47167E-01      -1.00000E+00  1.00000E+00
 -5.53583E-01  1.34795E-02  4.37213E-01  7.77602E-01  9.71938E-01      -1.00000E+00  1.00000E+00
 -6.16893E-01 -6.63275E-03  4.30185E-01  7.83783E-01  9.74158E-01      -1.00000E+00  1.00000E+00
 -6.94192E-01 -4.11600E-02  4.12297E-01  7.67953E-01  9.73207E-01      -1.00000E+00  1.00000E+00
 -7.77888E-01 -1.09463E-01  4.03900E-01  7.69640E-01  9.73955E-01      -1.00000E+00  1.00000E+00
 -8.97255E-01 -3.46043E-01  2.58400E-01  7.20392E-01  9.66137E-01      -1.00000E+00  1.00000E+00
 -7.04317E-02  4.10475E-01  6.88575E-01  8.85295E-01  9.85572E-01      -1.00000E+00  1.00000E+00
 -7.39180E-02  4.13488E-01  7.02522E-01  8.88522E-01  9.86873E-01      -9.99980E-01  1.00000E+00
 -1.29374E-01  4.10905E-01  7.08580E-01  8.93205E-01  9.87485E-01      -1.00000E+00  1.00000E+00
 -2.54604E-01  3.59270E-01  6.94325E-01  8.91383E-01  9.87378E-01      -1.00000E+00  1.00000E+00
 -6.37528E-01  5.89668E-02  5.50130E-01  8.39845E-01  9.82335E-01      -1.00000E+00  1.00000E+00
  4.23650E-01  7.38640E-01  8.73857E-01  9.55170E-01  9.95070E-01      -9.31390E-01  1.00000E+00
  4.21415E-01  7.46892E-01  8.80543E-01  9.58705E-01  9.95688E-01      -8.59340E-01  1.00000E+00
  3.95010E-01  7.33230E-01  8.82042E-01  9.59330E-01  9.95560E-01      -8.24560E-01  1.00000E+00
  3.34747E-01  7.02655E-01  8.72478E-01  9.58620E-01  9.95767E-01      -9.99670E-01  1.00000E+00
  4.94176E-02  5.75895E-01  8.08822E-01  9.34190E-01  9.92750E-01      -1.00000E+00  1.00000E+00


    1.   1.01    4.   9.01  1.00E+00  8.50E+01  1.98E-01  7.76E-02     5   0.00

  1.88580E-01  3.12900E-01  3.99080E-01  4.78610E-01  5.87620E-01       7.69850E-04  7.65340E-01

  3.10065E-01  5.36210E-01  6.95925E-01  8.27185E-01  9.44525E-01       5.68070E-03  9.99990E-01
  3.21275E-01  5.55040E-01  7.14850E-01  8.41795E-01  9.51785E-01       3.31700E-03  1.00000E+00
  3.14430E-01  5.48585E-01  7.07325E-01  8.37200E-01  9.49075E-01       3.09480E-03  1.00000E+00
  2.89285E-01  5.06525E-01  6.64355E-01  8.00345E-01  9.31875E-01       3.81490E-03  9.99990E-01
  2.23105E-01  4.01645E-01  5.39105E-01  6.79940E-01  8.55355E-01       2.07900E-03  9.99950E-01

 -9.61688E-01 -6.56547E-01 -8.50740E-02  5.35710E-01  9.42237E-01      -1.00000E+00  1.00000E+00
 -9.59703E-01 -6.50907E-01 -8.53087E-02  5.43865E-01  9.41920E-01      -1.00000E+00  1.00000E+00
 -9.58225E-01 -6.49760E-01 -1.00423E-01  5.36608E-01  9.46187E-01      -1.00000E+00  1.00000E+00
 -9.58753E-01 -6.23885E-01 -6.30872E-02  5.50480E-01  9.43207E-01      -1.00000E+00  1.00000E+00
 -9.53497E-01 -6.19563E-01 -2.96370E-02  5.74790E-01  9.50277E-01      -1.00000E+00  1.00000E+00
 -8.75263E-01 -4.34190E-01  6.62355E-02  5.87435E-01  9.50730E-01      -1.00000E+00  1.00000E+00
 -9.00345E-01 -4.60792E-01  1.70385E-02  5.49355E-01  9.41450E-01      -1.00000E+00  1.00000E+00
 -9.06993E-01 -4.85677E-01  3.46808E-02  5.63773E-01  9.43030E-01      -1.00000E+00  1.00000E+00
 -9.36480E-01 -5.49270E-01 -2.48152E-02  5.46095E-01  9.44598E-01      -1.00000E+00  1.00000E+00
 -9.47425E-01 -5.56467E-01 -1.39460E-02  5.69068E-01  9.47043E-01      -1.00000E+00  1.00000E+00
 -5.41040E-01  2.44028E-02  4.39102E-01  7.80968E-01  9.72982E-01      -1.00000E+00  1.00000E+00
 -5.94665E-01 -4.45700E-03  4.28945E-01  7.80245E-01  9.73890E-01      -1.00000E+00  1.00000E+00
 -6.88410E-01 -3.47690E-02  4.25872E-01  7.71593E-01  9.75975E-01      -1.00000E+00  1.00000E+00
 -7.81260E-01 -1.25293E-01  3.94838E-01  7.67567E-01  9.71797E-01      -1.00000E+00  1.00000E+00
 -9.00317E-01 -3.52152E-01  2.53822E-01  7.19890E-01  9.65675E-01      -1.00000E+00  1.00000E+00
 -6.36987E-02  4.04332E-01  6.86720E-01  8.86185E-01  9.86818E-01      -9.99770E-01  1.00000E+00
 -7.32685E-02  4.17793E-01  7.03605E-01  8.95685E-01  9.88373E-01      -9.99930E-01  1.00000E+00
 -1.19068E-01  4.09837E-01  6.95148E-01  8.85282E-01  9.87208E-01      -9.99990E-01  1.00000E+00
 -2.65589E-01  3.58113E-01  6.92145E-01  8.87447E-01  9.86820E-01      -1.00000E+00  1.00000E+00
 -6.38540E-01  7.83900E-02  5.55935E-01  8.41763E-01  9.81605E-01      -1.00000E+00  1.00000E+00
  4.36595E-01  7.45450E-01  8.79505E-01  9.57895E-01  9.95372E-01      -8.31850E-01  1.00000E+00
  4.31177E-01  7.47795E-01  8.84020E-01  9.58578E-01  9.95563E-01      -8.78080E-01  1.00000E+00
  3.85162E-01  7.36450E-01  8.83478E-01  9.60242E-01  9.95395E-01      -8.41730E-01  1.00000E+00
  3.45993E-01  7.12108E-01  8.73123E-01  9.58185E-01  9.95273E-01      -9.99850E-01  1.00000E+00
  8.93190E-02  5.89762E-01  8.12530E-01  9.35570E-01  9.93285E-01      -9.99990E-01  1.00000E+00


    1.   1.01    4.   9.01  2.00E+00  0.00E+00  3.09E-01  1.04E-01     5   0.00

  2.95010E-01  5.43720E-01  6.83710E-01  8.18860E-01  1.01890E+00       5.44750E-04  1.37360E+00

  3.17545E-01  5.48800E-01  7.07645E-01  8.36370E-01  9.48275E-01       3.43480E-03  1.00000E+00
  3.17680E-01  5.47065E-01  7.05560E-01  8.35135E-01  9.48570E-01       5.02640E-03  1.00000E+00
  3.27300E-01  5.58545E-01  7.16510E-01  8.42890E-01  9.50530E-01       1.12660E-03  1.00000E+00
  3.04905E-01  5.28705E-01  6.88510E-01  8.23390E-01  9.41850E-01       1.68030E-03  9.99990E-01
  2.44835E-01  4.32345E-01  5.71690E-01  7.03280E-01  8.67155E-01       2.61370E-03  1.00000E+00

 -9.51982E-01 -5.82408E-01  4.74007E-03  5.91777E-01  9.52945E-01      -1.00000E+00  1.00000E+00
 -9.53430E-01 -5.94090E-01 -9.48746E-03  5.90923E-01  9.50923E-01      -1.00000E+00  1.00000E+00
 -9.53430E-01 -5.94398E-01 -1.52438E-02  5.83237E-01  9.47133E-01      -1.00000E+00  1.00000E+00
 -9.48905E-01 -5.69320E-01  7.09550E-03  5.98345E-01  9.49852E-01      -1.00000E+00  1.00000E+00
 -9.47630E-01 -5.73268E-01  7.58120E-03  5.86977E-01  9.50658E-01      -1.00000E+00  1.00000E+00
 -9.50790E-01 -5.83697E-01 -2.17322E-03  5.93995E-01  9.49025E-01      -1.00000E+00  1.00000E+00
 -9.50472E-01 -5.78355E-01  8.99575E-03  5.92472E-01  9.51160E-01      -1.00000E+00  1.00000E+00
 -9.46600E-01 -5.80305E-01  1.17832E-02  5.90390E-01  9.49607E-01      -1.00000E+00  1.00000E+00
 -9.51825E-01 -5.94415E-01 -7.34348E-03  5.80700E-01  9.47880E-01      -1.00000E+00  1.00000E+00
 -9.53735E-01 -5.97580E-01 -1.57552E-02  5.83305E-01  9.51867E-01      -1.00000E+00  1.00000E+00
 -9.51612E-01 -5.99793E-01 -9.18792E-03  5.79198E-01  9.48845E-01      -1.00000E+00  1.00000E+00
 -9.49632E-01 -5.91888E-01 -1.11875E-03  5.74863E-01  9.49052E-01      -1.00000E+00  1.00000E+00
 -9.51870E-01 -5.94305E-01 -1.46206E-02  5.82845E-01  9.46065E-01      -1.00000E+00  1.00000E+00
 -9.47778E-01 -5.80035E-01  2.09525E-02  6.01247E-01  9.51428E-01      -1.00000E+00  1.00000E+00
 -9.54205E-01 -5.92658E-01 -8.38750E-03  5.86157E-01  9.50177E-01      -1.00000E+00  1.00000E+00
 -9.52390E-01 -5.86623E-01 -7.33675E-04  5.89413E-01  9.51563E-01      -1.00000E+00  1.00000E+00
 -9.48610E-01 -5.85307E-01 -1.10400E-04  5.81717E-01  9.47963E-01      -1.00000E+00  1.00000E+00
 -9.52260E-01 -5.94520E-01  7.99225E-03  5.84585E-01  9.52700E-01      -1.00000E+00  1.00000E+00
 -9.50717E-01 -5.83430E-01  1.89076E-02  5.92645E-01  9.49928E-01      -1.00000E+00  1.00000E+00
 -9.51740E-01 -5.88843E-01 -2.57597E-03  5.90985E-01  9.51255E-01      -1.00000E+00  1.00000E+00
 -9.52597E-01 -5.92030E-01  5.90647E-03  5.95603E-01  9.53030E-01      -1.00000E+00  1.00000E+00
 -9.51770E-01 -5.97055E-01 -1.81413E-02  5.82828E-01  9.50412E-01      -1.00000E+00  1.00000E+00
 -9.48928E-01 -5.76525E-01  2.39172E-02  6.02927E-01  9.52800E-01      -1.00000E+00  1.00000E+00
 -9.51032E-01 -5.95213E-01  4.11870E-03  5.88435E-01  9.51152E-01      -1.00000E+00  1.00000E+00
 -9.49833E-01 -5.77337E-01  2.02560E-03  5.89498E-01  9.51495E-01      -1.00000E+00  1.00000E+00


    1.   1.01    4.   9.01  2.00E+00  3.00E+01  3.73E-01  1.44E-01     5   0.00

  3.34650E-01  6.10000E-01  7.81810E-01  9.57900E-01  1.18440E+00       1.23140E-03  1.60180E+00

  3.15360E-01  5.45770E-01  7.04620E-01  8.35390E-01  9.47550E-01       2.11990E-03  1.00000E+00
  3.14110E-01  5.43355E-01  7.01215E-01  8.32420E-01  9.47235E-01       3.68580E-03  1.00000E+00
  3.14515E-01  5.45510E-01  7.03405E-01  8.33410E-01  9.47540E-01       3.00500E-03  1.00000E+00
  2.97200E-01  5.16305E-01  6.73260E-01  8.08365E-01  9.35000E-01       1.16000E-03  1.00000E+00
  2.30710E-01  4.08800E-01  5.45575E-01  6.79365E-01  8.40505E-01       1.51110E-03  9.99990E-01

 -9.58230E-01 -6.33068E-01 -7.66722E-02  5.39718E-01  9.43968E-01      -1.00000E+00  1.00000E+00
 -9.56448E-01 -6.24598E-01 -6.34437E-02  5.47362E-01  9.45377E-01      -1.00000E+00  1.00000E+00
 -9.54288E-01 -6.22120E-01 -4.84540E-02  5.45180E-01  9.42652E-01      -1.00000E+00  1.00000E+00
 -9.57028E-01 -6.21138E-01 -4.12393E-02  5.55827E-01  9.44290E-01      -1.00000E+00  1.00000E+00
 -9.52653E-01 -6.10622E-01 -2.65225E-02  5.69182E-01  9.47815E-01      -1.00000E+00  1.00000E+00
 -9.63462E-01 -6.82592E-01 -1.70272E-01  4.64533E-01  9.32845E-01      -1.00000E+00  1.00000E+00
 -9.60162E-01 -6.69987E-01 -1.32283E-01  4.99003E-01  9.38945E-01      -1.00000E+00  1.00000E+00
 -9.62697E-01 -6.61772E-01 -1.24844E-01  5.03337E-01  9.38270E-01      -1.00000E+00  1.00000E+00
 -9.56290E-01 -6.31782E-01 -7.45377E-02  5.38725E-01  9.41585E-01      -1.00000E+00  1.00000E+00
 -9.54160E-01 -6.16970E-01 -4.59525E-02  5.55497E-01  9.44200E-01      -1.00000E+00  1.00000E+00
 -9.54078E-01 -6.19147E-01 -4.23995E-02  5.68970E-01  9.50998E-01      -1.00000E+00  1.00000E+00
 -9.55515E-01 -6.32637E-01 -5.91537E-02  5.55028E-01  9.46072E-01      -1.00000E+00  1.00000E+00
 -9.52242E-01 -6.37268E-01 -6.04055E-02  5.52748E-01  9.48515E-01      -1.00000E+00  1.00000E+00
 -9.56610E-01 -6.39402E-01 -8.26153E-02  5.33710E-01  9.43632E-01      -1.00000E+00  1.00000E+00
 -9.53875E-01 -6.25545E-01 -6.67703E-02  5.49810E-01  9.41198E-01      -1.00000E+00  1.00000E+00
 -7.42328E-01 -1.67514E-01  3.44900E-01  7.52382E-01  9.70855E-01      -1.00000E+00  1.00000E+00
 -7.11770E-01 -1.28720E-01  3.69905E-01  7.53578E-01  9.71942E-01      -1.00000E+00  1.00000E+00
 -6.97015E-01 -1.00479E-01  3.91437E-01  7.63027E-01  9.70860E-01      -1.00000E+00  1.00000E+00
 -7.33407E-01 -8.15778E-02  4.16440E-01  7.77805E-01  9.75213E-01      -1.00000E+00  1.00000E+00
 -8.41072E-01 -2.09520E-01  3.40703E-01  7.53270E-01  9.72945E-01      -1.00000E+00  1.00000E+00
 -4.25925E-02  4.60178E-01  7.37365E-01  9.07668E-01  9.90085E-01      -9.99890E-01  1.00000E+00
 -2.86950E-02  4.83570E-01  7.50345E-01  9.11482E-01  9.90060E-01      -1.00000E+00  1.00000E+00
  1.96300E-02  5.05768E-01  7.70250E-01  9.19142E-01  9.91347E-01      -9.99970E-01  1.00000E+00
  1.80250E-02  5.25223E-01  7.76150E-01  9.25015E-01  9.91947E-01      -9.99970E-01  1.00000E+00
 -1.46123E-01  4.45163E-01  7.46682E-01  9.12958E-01  9.90845E-01      -1.00000E+00  1.00000E+00


    1.   1.01    4.   9.01  2.00E+00  4.50E+01  4.41E-01  1.92E-01     5   0.00

  3.83140E-01  6.91480E-01  8.95880E-01  1.08760E+00  1.29830E+00       4.27660E-04  1.67380E+00

  3.14945E-01  5.43395E-01  7.02500E-01  8.33635E-01  9.47475E-01       1.94680E-03  1.00000E+00
  3.05230E-01  5.31995E-01  6.90185E-01  8.22920E-01  9.43715E-01       7.13410E-04  1.00000E+00
  3.16685E-01  5.48800E-01  7.08880E-01  8.38780E-01  9.50035E-01       1.10170E-03  1.00000E+00
  2.92020E-01  5.10925E-01  6.65815E-01  7.99445E-01  9.29215E-01       1.63270E-03  1.00000E+00
  2.20305E-01  3.89515E-01  5.20095E-01  6.50395E-01  8.11020E-01       8.30910E-04  9.99930E-01

 -9.63313E-01 -6.69085E-01 -1.36792E-01  4.92870E-01  9.34053E-01      -1.00000E+00  1.00000E+00
 -9.60827E-01 -6.55327E-01 -1.14412E-01  5.08690E-01  9.37883E-01      -1.00000E+00  1.00000E+00
 -9.58340E-01 -6.37465E-01 -6.70604E-02  5.46075E-01  9.43972E-01      -1.00000E+00  1.00000E+00
 -9.56923E-01 -6.24195E-01 -6.85460E-02  5.43910E-01  9.45175E-01      -1.00000E+00  1.00000E+00
 -9.51507E-01 -6.03158E-01 -3.03192E-02  5.73530E-01  9.48255E-01      -1.00000E+00  1.00000E+00
 -9.71665E-01 -7.30913E-01 -2.26282E-01  4.41558E-01  9.31605E-01      -1.00000E+00  1.00000E+00
 -9.67550E-01 -7.08777E-01 -1.84748E-01  4.71998E-01  9.34827E-01      -1.00000E+00  1.00000E+00
 -9.67980E-01 -6.94660E-01 -1.52055E-01  4.76313E-01  9.36843E-01      -1.00000E+00  1.00000E+00
 -9.62705E-01 -6.69275E-01 -1.20978E-01  5.14393E-01  9.38807E-01      -1.00000E+00  1.00000E+00
 -9.54810E-01 -6.23617E-01 -5.49050E-02  5.47212E-01  9.46208E-01      -1.00000E+00  1.00000E+00
 -8.30387E-01 -4.01980E-01  1.25586E-01  6.39587E-01  9.56612E-01      -1.00000E+00  1.00000E+00
 -8.52265E-01 -4.31522E-01  9.33318E-02  6.21163E-01  9.56287E-01      -1.00000E+00  1.00000E+00
 -8.65263E-01 -4.34063E-01  7.96537E-02  6.15505E-01  9.51985E-01      -1.00000E+00  1.00000E+00
 -8.96273E-01 -4.78090E-01  4.34500E-02  5.96145E-01  9.49673E-01      -1.00000E+00  1.00000E+00
 -9.35433E-01 -5.48028E-01  1.28425E-02  5.78125E-01  9.47742E-01      -1.00000E+00  1.00000E+00
 -3.57055E-01  1.51789E-01  5.24975E-01  8.13227E-01  9.77962E-01      -1.00000E+00  1.00000E+00
 -3.63365E-01  1.74233E-01  5.46678E-01  8.24700E-01  9.78495E-01      -1.00000E+00  1.00000E+00
 -3.59787E-01  2.01321E-01  5.71887E-01  8.38305E-01  9.81305E-01      -1.00000E+00  1.00000E+00
 -4.25717E-01  1.97155E-01  5.81130E-01  8.43760E-01  9.81900E-01      -1.00000E+00  1.00000E+00
 -6.73955E-01  2.48738E-02  5.10343E-01  8.23172E-01  9.80092E-01      -1.00000E+00  1.00000E+00
  2.54701E-01  6.17455E-01  8.12782E-01  9.32118E-01  9.92230E-01      -9.48390E-01  1.00000E+00
  2.67526E-01  6.33757E-01  8.24702E-01  9.38610E-01  9.93150E-01      -9.66320E-01  1.00000E+00
  2.94934E-01  6.59423E-01  8.39322E-01  9.43970E-01  9.93567E-01      -9.98120E-01  1.00000E+00
  3.13625E-01  6.67775E-01  8.45460E-01  9.47487E-01  9.94577E-01      -9.97750E-01  1.00000E+00
  1.84496E-01  6.37132E-01  8.36992E-01  9.44002E-01  9.94012E-01      -1.00000E+00  1.00000E+00


    1.   1.01    4.   9.01  2.00E+00  6.00E+01  5.26E-01  2.57E-01     5   0.00

  4.49480E-01  8.03900E-01  1.02370E+00  1.21260E+00  1.40980E+00       5.42970E-04  1.72560E+00

  3.08765E-01  5.35745E-01  6.95775E-01  8.28010E-01  9.45665E-01       5.65180E-04  1.00000E+00
  3.03585E-01  5.27820E-01  6.86110E-01  8.20850E-01  9.41640E-01       1.51370E-03  1.00000E+00
  3.16145E-01  5.48570E-01  7.10840E-01  8.40810E-01  9.51510E-01       2.14760E-03  1.00000E+00
  2.85830E-01  4.98760E-01  6.51870E-01  7.84965E-01  9.20115E-01       2.01190E-03  9.99990E-01
  2.10200E-01  3.74490E-01  5.04385E-01  6.31915E-01  7.96640E-01       8.94290E-04  9.99990E-01

 -9.65945E-01 -6.87777E-01 -1.65465E-01  4.70342E-01  9.35405E-01      -1.00000E+00  1.00000E+00
 -9.62372E-01 -6.67737E-01 -1.34367E-01  4.87500E-01  9.33825E-01      -1.00000E+00  1.00000E+00
 -9.61580E-01 -6.64432E-01 -1.35476E-01  4.94057E-01  9.34680E-01      -1.00000E+00  1.00000E+00
 -9.59755E-01 -6.46330E-01 -9.07273E-02  5.23880E-01  9.42695E-01      -1.00000E+00  1.00000E+00
 -9.55515E-01 -6.16615E-01 -5.44460E-02  5.51600E-01  9.47173E-01      -1.00000E+00  1.00000E+00
 -9.51743E-01 -6.68825E-01 -1.38668E-01  4.93372E-01  9.36325E-01      -1.00000E+00  1.00000E+00
 -9.61328E-01 -6.88227E-01 -1.64545E-01  4.85162E-01  9.34702E-01      -1.00000E+00  1.00000E+00
 -9.62568E-01 -6.75675E-01 -1.33557E-01  5.06455E-01  9.40207E-01      -1.00000E+00  1.00000E+00
 -9.62635E-01 -6.68975E-01 -1.28217E-01  5.03370E-01  9.38705E-01      -1.00000E+00  1.00000E+00
 -9.58950E-01 -6.43817E-01 -8.45343E-02  5.38633E-01  9.44830E-01      -1.00000E+00  1.00000E+00
 -6.20890E-01 -1.41121E-01  3.00007E-01  7.13037E-01  9.66698E-01      -1.00000E+00  1.00000E+00
 -6.67955E-01 -1.65793E-01  2.76963E-01  6.97700E-01  9.65480E-01      -1.00000E+00  1.00000E+00
 -7.15272E-01 -2.00176E-01  2.51826E-01  6.76170E-01  9.59315E-01      -1.00000E+00  1.00000E+00
 -8.05280E-01 -2.51996E-01  2.27669E-01  6.70125E-01  9.59418E-01      -1.00000E+00  1.00000E+00
 -8.97800E-01 -4.05570E-01  1.60705E-01  6.49395E-01  9.57860E-01      -1.00000E+00  1.00000E+00
 -1.29321E-01  3.16563E-01  6.18885E-01  8.45163E-01  9.82500E-01      -9.99890E-01  1.00000E+00
 -1.09207E-01  3.49425E-01  6.50115E-01  8.66502E-01  9.83450E-01      -1.00000E+00  1.00000E+00
 -1.10642E-01  3.78395E-01  6.72222E-01  8.78810E-01  9.86198E-01      -9.99970E-01  1.00000E+00
 -1.55694E-01  3.81138E-01  6.87985E-01  8.87333E-01  9.87955E-01      -1.00000E+00  1.00000E+00
 -5.11728E-01  2.01013E-01  6.10635E-01  8.62700E-01  9.84622E-01      -1.00000E+00  1.00000E+00
  4.30275E-01  7.18360E-01  8.65360E-01  9.53563E-01  9.94935E-01      -7.94400E-01  1.00000E+00
  4.43588E-01  7.28117E-01  8.72772E-01  9.55788E-01  9.95155E-01      -7.06640E-01  1.00000E+00
  4.61250E-01  7.41800E-01  8.78705E-01  9.58847E-01  9.95298E-01      -7.16070E-01  1.00000E+00
  4.72483E-01  7.56363E-01  8.89425E-01  9.62140E-01  9.95918E-01      -7.47390E-01  1.00000E+00
  4.12312E-01  7.38138E-01  8.84162E-01  9.61485E-01  9.95965E-01      -9.99990E-01  1.00000E+00


    1.   1.01    4.   9.01  2.00E+00  7.00E+01  5.77E-01  3.00E-01     5   0.00

  4.94240E-01  8.69930E-01  1.09470E+00  1.27980E+00  1.47420E+00       2.01310E-03  1.75250E+00

  3.05905E-01  5.32435E-01  6.92745E-01  8.25675E-01  9.44080E-01       9.73120E-04  1.00000E+00
  3.04485E-01  5.30735E-01  6.88240E-01  8.22725E-01  9.43080E-01       3.80400E-03  1.00000E+00
  3.15875E-01  5.48810E-01  7.09555E-01  8.40555E-01  9.51000E-01       2.11670E-04  1.00000E+00
  2.82675E-01  4.92530E-01  6.43875E-01  7.79960E-01  9.16940E-01       1.18780E-03  1.00000E+00
  2.04895E-01  3.66015E-01  4.92360E-01  6.17210E-01  7.79850E-01       8.10580E-04  9.99740E-01

 -9.66020E-01 -6.90347E-01 -1.58595E-01  4.87138E-01  9.37528E-01      -1.00000E+00  1.00000E+00
 -9.61735E-01 -6.76633E-01 -1.46765E-01  4.92580E-01  9.32180E-01      -1.00000E+00  1.00000E+00
 -9.60618E-01 -6.61945E-01 -1.14108E-01  5.07010E-01  9.41300E-01      -1.00000E+00  1.00000E+00
 -9.59615E-01 -6.41163E-01 -8.37808E-02  5.34295E-01  9.43860E-01      -1.00000E+00  1.00000E+00
 -9.54098E-01 -6.10355E-01 -3.21492E-02  5.69712E-01  9.48573E-01      -1.00000E+00  1.00000E+00
 -9.19682E-01 -5.89688E-01 -6.34290E-02  5.21070E-01  9.39828E-01      -1.00000E+00  1.00000E+00
 -9.35955E-01 -6.13520E-01 -8.72075E-02  5.34203E-01  9.40275E-01      -1.00000E+00  1.00000E+00
 -9.46592E-01 -6.30620E-01 -9.20673E-02  5.26425E-01  9.44292E-01      -1.00000E+00  1.00000E+00
 -9.58263E-01 -6.44760E-01 -1.01408E-01  5.27022E-01  9.42073E-01      -1.00000E+00  1.00000E+00
 -9.57658E-01 -6.38443E-01 -7.11210E-02  5.33855E-01  9.41775E-01      -1.00000E+00  1.00000E+00
 -5.01275E-01 -1.97275E-02  3.87387E-01  7.52500E-01  9.70097E-01      -1.00000E+00  1.00000E+00
 -5.43488E-01 -3.92055E-02  3.71813E-01  7.38247E-01  9.68653E-01      -1.00000E+00  1.00000E+00
 -6.12450E-01 -6.63850E-02  3.60285E-01  7.29150E-01  9.66047E-01      -1.00000E+00  1.00000E+00
 -7.23202E-01 -1.36984E-01  3.24195E-01  7.18043E-01  9.64150E-01      -1.00000E+00  1.00000E+00
 -8.73965E-01 -3.23270E-01  2.51183E-01  7.01350E-01  9.64303E-01      -1.00000E+00  1.00000E+00
  3.72750E-03  4.02965E-01  6.75687E-01  8.74372E-01  9.85225E-01      -9.96670E-01  1.00000E+00
  1.62350E-02  4.36925E-01  7.05170E-01  8.86640E-01  9.87208E-01      -1.00000E+00  1.00000E+00
  1.08450E-02  4.52155E-01  7.17647E-01  8.95563E-01  9.87850E-01      -9.99980E-01  1.00000E+00
 -3.15725E-02  4.61572E-01  7.36365E-01  9.04585E-01  9.89432E-01      -1.00000E+00  1.00000E+00
 -3.87376E-01  2.94635E-01  6.67598E-01  8.86335E-01  9.87510E-01      -1.00000E+00  1.00000E+00
  5.18505E-01  7.66253E-01  8.90090E-01  9.62350E-01  9.95733E-01      -7.25520E-01  1.00000E+00
  5.30237E-01  7.73332E-01  8.92058E-01  9.62960E-01  9.95995E-01      -6.25010E-01  1.00000E+00
  5.37243E-01  7.87545E-01  9.02572E-01  9.66757E-01  9.96380E-01      -7.62620E-01  1.00000E+00
  5.50188E-01  7.97623E-01  9.09162E-01  9.69372E-01  9.96677E-01      -6.24710E-01  1.00000E+00
  5.15877E-01  7.88565E-01  9.05983E-01  9.68020E-01  9.96602E-01      -9.98480E-01  1.00000E+00


    1.   1.01    4.   9.01  2.00E+00  8.00E+01  6.11E-01  3.30E-01     5   0.00

  5.27330E-01  9.13890E-01  1.13950E+00  1.32220E+00  1.51630E+00       6.77990E-04  1.76380E+00

  3.05555E-01  5.30945E-01  6.89790E-01  8.24180E-01  9.43770E-01       1.56870E-03  1.00000E+00
  3.04295E-01  5.31025E-01  6.90995E-01  8.23635E-01  9.43280E-01       2.51990E-03  1.00000E+00
  3.13615E-01  5.46105E-01  7.07910E-01  8.40095E-01  9.51185E-01       3.19400E-03  1.00000E+00
  2.82255E-01  4.90055E-01  6.40925E-01  7.76205E-01  9.14015E-01       3.94590E-04  1.00000E+00
  1.99830E-01  3.56290E-01  4.81620E-01  6.05070E-01  7.64920E-01       1.60640E-03  9.99880E-01

 -9.63902E-01 -6.80825E-01 -1.54752E-01  4.88845E-01  9.35368E-01      -1.00000E+00  1.00000E+00
 -9.64608E-01 -6.80795E-01 -1.44062E-01  4.91463E-01  9.34232E-01      -1.00000E+00  1.00000E+00
 -9.61765E-01 -6.63035E-01 -1.20252E-01  5.11923E-01  9.37018E-01      -1.00000E+00  1.00000E+00
 -9.57910E-01 -6.39243E-01 -7.72593E-02  5.33250E-01  9.44802E-01      -1.00000E+00  1.00000E+00
 -9.55448E-01 -6.23745E-01 -5.21925E-02  5.51292E-01  9.44535E-01      -1.00000E+00  1.00000E+00
 -8.81803E-01 -5.05245E-01  2.04775E-02  5.74773E-01  9.46700E-01      -1.00000E+00  1.00000E+00
 -9.13570E-01 -5.53865E-01 -2.77350E-02  5.53748E-01  9.45972E-01      -1.00000E+00  1.00000E+00
 -9.34920E-01 -5.94565E-01 -6.08493E-02  5.40195E-01  9.43338E-01      -1.00000E+00  1.00000E+00
 -9.49747E-01 -6.24180E-01 -7.89288E-02  5.34488E-01  9.44893E-01      -1.00000E+00  1.00000E+00
 -9.55235E-01 -6.29355E-01 -7.39662E-02  5.37848E-01  9.45240E-01      -1.00000E+00  1.00000E+00
 -4.09500E-01  6.06390E-02  4.39585E-01  7.72412E-01  9.73580E-01      -1.00000E+00  1.00000E+00
 -4.69240E-01  3.22190E-02  4.24322E-01  7.55818E-01  9.71070E-01      -1.00000E+00  1.00000E+00
 -5.57013E-01 -3.07500E-04  4.06735E-01  7.54520E-01  9.70885E-01      -1.00000E+00  1.00000E+00
 -6.82555E-01 -7.50875E-02  3.85593E-01  7.49958E-01  9.69243E-01      -1.00000E+00  1.00000E+00
 -8.58018E-01 -2.75851E-01  2.71705E-01  7.15468E-01  9.66082E-01      -1.00000E+00  1.00000E+00
  7.15792E-02  4.54738E-01  7.08330E-01  8.84330E-01  9.86662E-01      -9.97160E-01  1.00000E+00
  8.73720E-02  4.83760E-01  7.31790E-01  8.98488E-01  9.88320E-01      -9.94700E-01  1.00000E+00
  9.80847E-02  5.06605E-01  7.46160E-01  9.08823E-01  9.89677E-01      -9.99570E-01  1.00000E+00
  4.13000E-02  5.09925E-01  7.56122E-01  9.13148E-01  9.90073E-01      -9.99990E-01  1.00000E+00
 -2.92070E-01  3.54705E-01  6.94830E-01  8.92277E-01  9.88280E-01      -1.00000E+00  1.00000E+00
  5.73205E-01  7.92743E-01  9.03640E-01  9.67702E-01  9.96532E-01      -5.76050E-01  1.00000E+00
  5.80250E-01  7.99990E-01  9.06612E-01  9.68233E-01  9.96600E-01      -6.78180E-01  1.00000E+00
  5.84763E-01  8.13537E-01  9.13055E-01  9.69930E-01  9.96757E-01      -5.71520E-01  1.00000E+00
  5.89695E-01  8.18323E-01  9.20387E-01  9.73285E-01  9.97082E-01      -6.83690E-01  1.00000E+00
  5.73465E-01  8.11280E-01  9.16512E-01  9.72213E-01  9.97000E-01      -9.94320E-01  1.00000E+00


    1.   1.01    4.   9.01  2.00E+00  8.50E+01  6.20E-01  3.38E-01     5   0.00

  5.35350E-01  9.25860E-01  1.15170E+00  1.33360E+00  1.52750E+00       1.01230E-03  1.76850E+00

  3.03595E-01  5.30115E-01  6.89535E-01  8.24035E-01  9.43890E-01       2.61440E-03  1.00000E+00
  3.06330E-01  5.32005E-01  6.91320E-01  8.24205E-01  9.43815E-01       2.80010E-03  1.00000E+00
  3.15015E-01  5.45855E-01  7.08095E-01  8.39685E-01  9.50765E-01       2.19740E-03  1.00000E+00
  2.79690E-01  4.86525E-01  6.37610E-01  7.73815E-01  9.12480E-01       1.90220E-03  1.00000E+00
  1.99065E-01  3.55365E-01  4.79155E-01  6.01540E-01  7.60450E-01       1.69050E-03  9.99560E-01

 -9.65855E-01 -6.90937E-01 -1.57805E-01  4.92623E-01  9.38270E-01      -1.00000E+00  1.00000E+00
 -9.64402E-01 -6.67373E-01 -1.22500E-01  5.02698E-01  9.37882E-01      -1.00000E+00  1.00000E+00
 -9.59600E-01 -6.57270E-01 -1.07686E-01  5.10935E-01  9.40050E-01      -1.00000E+00  1.00000E+00
 -9.56648E-01 -6.36105E-01 -7.27778E-02  5.36985E-01  9.43555E-01      -1.00000E+00  1.00000E+00
 -9.55772E-01 -6.24690E-01 -4.81977E-02  5.55325E-01  9.45848E-01      -1.00000E+00  1.00000E+00
 -8.73430E-01 -4.96665E-01  3.39390E-02  5.83278E-01  9.50145E-01      -1.00000E+00  1.00000E+00
 -9.08098E-01 -5.40272E-01 -1.92888E-02  5.56250E-01  9.44840E-01      -1.00000E+00  1.00000E+00
 -9.33422E-01 -5.80587E-01 -5.32138E-02  5.32545E-01  9.42617E-01      -1.00000E+00  1.00000E+00
 -9.49033E-01 -6.11827E-01 -6.62678E-02  5.41485E-01  9.43625E-01      -1.00000E+00  1.00000E+00
 -9.52970E-01 -6.22918E-01 -6.90495E-02  5.35725E-01  9.41482E-01      -1.00000E+00  1.00000E+00
 -3.92645E-01  8.04375E-02  4.60060E-01  7.84668E-01  9.74450E-01      -1.00000E+00  1.00000E+00
 -4.42427E-01  5.25682E-02  4.36397E-01  7.62300E-01  9.71005E-01      -1.00000E+00  1.00000E+00
 -5.27597E-01  1.95100E-02  4.24350E-01  7.55382E-01  9.69570E-01      -1.00000E+00  1.00000E+00
 -6.64410E-01 -5.76200E-02  3.93873E-01  7.55532E-01  9.69580E-01      -1.00000E+00  1.00000E+00
 -8.48255E-01 -2.67036E-01  2.85190E-01  7.21732E-01  9.67215E-01      -1.00000E+00  1.00000E+00
  1.00646E-01  4.80502E-01  7.23560E-01  8.91938E-01  9.87265E-01      -9.19220E-01  1.00000E+00
  1.20071E-01  5.01930E-01  7.45195E-01  9.03305E-01  9.89010E-01      -9.99110E-01  1.00000E+00
  1.16375E-01  5.20845E-01  7.55223E-01  9.12357E-01  9.90440E-01      -9.99950E-01  1.00000E+00
  7.19200E-02  5.26112E-01  7.63745E-01  9.16345E-01  9.90633E-01      -1.00000E+00  1.00000E+00
 -2.57110E-01  3.69795E-01  7.08125E-01  8.99870E-01  9.88912E-01      -1.00000E+00  1.00000E+00
  5.90920E-01  8.03135E-01  9.09870E-01  9.69665E-01  9.96642E-01      -6.11730E-01  1.00000E+00
  5.90638E-01  8.07323E-01  9.08320E-01  9.69058E-01  9.96618E-01      -6.21290E-01  1.00000E+00
  6.03895E-01  8.20205E-01  9.16595E-01  9.70695E-01  9.96783E-01      -5.80450E-01  1.00000E+00
  6.04218E-01  8.27985E-01  9.23515E-01  9.74715E-01  9.97330E-01      -5.33130E-01  1.00000E+00
  5.83570E-01  8.20773E-01  9.21055E-01  9.73618E-01  9.97230E-01      -9.94240E-01  1.00000E+00


    1.   1.01    4.   9.01  5.00E+00  0.00E+00  4.93E-01  2.17E-01     5   0.00

  9.88890E-01  1.86550E+00  2.39080E+00  2.70710E+00  3.11500E+00       1.06280E-03  3.95200E+00

  3.48555E-01  5.86650E-01  7.40585E-01  8.59010E-01  9.56965E-01       2.46360E-03  1.00000E+00
  3.77305E-01  6.11240E-01  7.56545E-01  8.67725E-01  9.59590E-01       3.30400E-03  1.00000E+00
  4.02260E-01  6.35895E-01  7.75050E-01  8.79090E-01  9.63060E-01       5.71760E-03  1.00000E+00
  3.46110E-01  5.70545E-01  7.14800E-01  8.31570E-01  9.40020E-01       2.21440E-03  1.00000E+00
  2.53050E-01  4.35630E-01  5.69295E-01  6.96530E-01  8.54330E-01       1.02080E-03  1.00000E+00

 -9.49972E-01 -5.85943E-01  7.46750E-05  5.84480E-01  9.49580E-01      -1.00000E+00  1.00000E+00
 -9.52450E-01 -5.98602E-01 -7.89228E-03  5.90213E-01  9.51900E-01      -1.00000E+00  1.00000E+00
 -9.49147E-01 -5.83505E-01  7.23200E-03  5.91765E-01  9.53565E-01      -1.00000E+00  1.00000E+00
 -9.51002E-01 -5.87085E-01  1.10827E-02  5.93885E-01  9.52210E-01      -1.00000E+00  1.00000E+00
 -9.50608E-01 -5.83372E-01  1.24238E-03  5.90330E-01  9.52042E-01      -1.00000E+00  1.00000E+00
 -9.50540E-01 -5.84815E-01 -6.14220E-03  5.89195E-01  9.51917E-01      -1.00000E+00  1.00000E+00
 -9.50800E-01 -5.89437E-01  7.95100E-04  5.91640E-01  9.52340E-01      -1.00000E+00  1.00000E+00
 -9.52137E-01 -5.89002E-01  3.37310E-03  5.82857E-01  9.50223E-01      -1.00000E+00  1.00000E+00
 -9.48440E-01 -5.94885E-01 -1.07616E-02  5.82685E-01  9.50568E-01      -1.00000E+00  1.00000E+00
 -9.52280E-01 -5.86122E-01  3.32905E-03  5.83703E-01  9.49188E-01      -1.00000E+00  1.00000E+00
 -9.50875E-01 -5.85325E-01  1.34684E-02  5.94625E-01  9.53025E-01      -1.00000E+00  1.00000E+00
 -9.51928E-01 -5.83642E-01 -4.07965E-03  5.89117E-01  9.48510E-01      -1.00000E+00  1.00000E+00
 -9.48890E-01 -5.84075E-01  8.05800E-03  5.83838E-01  9.52318E-01      -1.00000E+00  1.00000E+00
 -9.51098E-01 -5.91665E-01 -1.68442E-02  5.76580E-01  9.49430E-01      -1.00000E+00  1.00000E+00
 -9.52053E-01 -5.90640E-01 -5.18835E-03  5.81937E-01  9.48580E-01      -1.00000E+00  1.00000E+00
 -9.53225E-01 -5.85385E-01  8.99720E-03  5.90432E-01  9.50930E-01      -1.00000E+00  1.00000E+00
 -9.52598E-01 -5.87967E-01 -8.41375E-03  5.90322E-01  9.51205E-01      -1.00000E+00  1.00000E+00
 -9.49940E-01 -5.80925E-01  4.22973E-03  5.83685E-01  9.49887E-01      -1.00000E+00  1.00000E+00
 -9.51247E-01 -5.90477E-01 -6.26646E-03  5.88183E-01  9.50683E-01      -1.00000E+00  1.00000E+00
 -9.49547E-01 -5.91345E-01 -4.61475E-03  5.87482E-01  9.52105E-01      -1.00000E+00  1.00000E+00
 -9.48518E-01 -5.83230E-01  6.71385E-03  5.97860E-01  9.53605E-01      -1.00000E+00  1.00000E+00
 -9.52192E-01 -5.93995E-01 -2.20875E-04  5.93165E-01  9.51855E-01      -1.00000E+00  1.00000E+00
 -9.48107E-01 -5.80705E-01 -1.00708E-02  5.81477E-01  9.49697E-01      -1.00000E+00  1.00000E+00
 -9.53350E-01 -5.95863E-01 -1.05995E-02  5.81620E-01  9.49377E-01      -1.00000E+00  1.00000E+00
 -9.49375E-01 -5.88588E-01  7.07508E-03  5.89935E-01  9.49435E-01      -1.00000E+00  1.00000E+00


    1.   1.01    4.   9.01  5.00E+00  3.00E+01  5.86E-01  2.94E-01     5   0.00

  1.17280E+00  2.12760E+00  2.64110E+00  3.07390E+00  3.57990E+00       2.41130E-04  4.34270E+00

  3.51475E-01  5.88300E-01  7.39675E-01  8.58480E-01  9.56515E-01       1.23460E-03  1.00000E+00
  3.67420E-01  6.01030E-01  7.48580E-01  8.62120E-01  9.57675E-01       2.34640E-03  1.00000E+00
  3.57930E-01  5.86060E-01  7.32460E-01  8.50080E-01  9.52925E-01       1.84010E-03  1.00000E+00
  3.20845E-01  5.36630E-01  6.79845E-01  8.03005E-01  9.26265E-01       6.28740E-04  1.00000E+00
  2.23105E-01  3.87845E-01  5.11995E-01  6.33555E-01  7.90465E-01       5.45570E-04  9.99970E-01

 -9.53192E-01 -5.89278E-01 -8.36775E-03  5.76560E-01  9.48022E-01      -1.00000E+00  1.00000E+00
 -9.52418E-01 -6.02580E-01 -2.24022E-02  5.64773E-01  9.48997E-01      -1.00000E+00  1.00000E+00
 -9.51240E-01 -5.92660E-01 -8.15042E-03  5.89568E-01  9.49845E-01      -1.00000E+00  1.00000E+00
 -9.53263E-01 -5.91755E-01 -1.39498E-02  5.76698E-01  9.49190E-01      -1.00000E+00  1.00000E+00
 -9.48743E-01 -5.85533E-01  6.41650E-04  5.90093E-01  9.52310E-01      -1.00000E+00  1.00000E+00
 -9.74440E-01 -7.68065E-01 -3.20075E-01  3.23545E-01  9.05605E-01      -1.00000E+00  1.00000E+00
 -9.69600E-01 -7.35098E-01 -2.77290E-01  3.63695E-01  9.16930E-01      -1.00000E+00  1.00000E+00
 -9.68250E-01 -7.12690E-01 -2.17790E-01  4.22910E-01  9.24268E-01      -1.00000E+00  1.00000E+00
 -9.63705E-01 -6.80602E-01 -1.69017E-01  4.64133E-01  9.31840E-01      -1.00000E+00  1.00000E+00
 -9.57008E-01 -6.31995E-01 -7.95522E-02  5.37195E-01  9.44317E-01      -1.00000E+00  1.00000E+00
 -9.65235E-01 -7.31788E-01 -3.03138E-01  3.01472E-01  8.98245E-01      -1.00000E+00  1.00000E+00
 -9.54678E-01 -6.88648E-01 -2.42513E-01  3.65773E-01  9.06950E-01      -1.00000E+00  1.00000E+00
 -9.42198E-01 -6.56290E-01 -1.93801E-01  4.07847E-01  9.17527E-01      -1.00000E+00  1.00000E+00
 -9.36870E-01 -6.27547E-01 -1.45058E-01  4.59888E-01  9.26528E-01      -1.00000E+00  1.00000E+00
 -9.49320E-01 -6.12415E-01 -6.75367E-02  5.28053E-01  9.43458E-01      -1.00000E+00  1.00000E+00
 -6.01685E-01 -9.49532E-02  3.43052E-01  7.31137E-01  9.66917E-01      -1.00000E+00  1.00000E+00
 -5.46135E-01 -7.16500E-03  4.19365E-01  7.64995E-01  9.71952E-01      -1.00000E+00  1.00000E+00
 -5.15467E-01  7.47017E-02  4.84768E-01  7.97067E-01  9.75730E-01      -1.00000E+00  1.00000E+00
 -4.96773E-01  1.42188E-01  5.50528E-01  8.28925E-01  9.80498E-01      -1.00000E+00  1.00000E+00
 -6.87368E-01  1.72955E-02  5.09430E-01  8.27715E-01  9.80093E-01      -1.00000E+00  1.00000E+00
  1.92468E-01  5.84995E-01  7.94478E-01  9.25447E-01  9.91525E-01      -9.82620E-01  1.00000E+00
  2.08420E-01  6.12005E-01  8.15627E-01  9.35290E-01  9.92805E-01      -9.99970E-01  1.00000E+00
  2.36002E-01  6.24295E-01  8.26502E-01  9.39463E-01  9.93515E-01      -9.81860E-01  1.00000E+00
  2.40203E-01  6.44245E-01  8.35767E-01  9.43910E-01  9.93937E-01      -9.97250E-01  1.00000E+00
  1.91779E-01  6.28665E-01  8.31950E-01  9.42543E-01  9.93907E-01      -1.00000E+00  1.00000E+00


    1.   1.01    4.   9.01  5.00E+00  4.50E+01  6.92E-01  3.91E-01     5   0.00

  1.42240E+00  2.45920E+00  3.00180E+00  3.45800E+00  3.90290E+00       2.12350E-03  4.50130E+00

  3.50105E-01  5.85240E-01  7.38560E-01  8.57720E-01  9.56425E-01       4.76770E-03  1.00000E+00
  3.36015E-01  5.63680E-01  7.14000E-01  8.37455E-01  9.47205E-01       3.64580E-03  1.00000E+00
  3.43450E-01  5.70825E-01  7.22420E-01  8.45315E-01  9.51115E-01       1.75870E-03  1.00000E+00
  2.95655E-01  4.96445E-01  6.33975E-01  7.55305E-01  8.91670E-01       1.94240E-03  1.00000E+00
  1.93600E-01  3.40385E-01  4.52235E-01  5.64480E-01  7.15630E-01       5.52850E-04  9.99880E-01

 -9.57345E-01 -6.39585E-01 -1.01995E-01  4.91683E-01  9.35813E-01      -1.00000E+00  1.00000E+00
 -9.54205E-01 -6.29173E-01 -7.11760E-02  5.30250E-01  9.41432E-01      -1.00000E+00  1.00000E+00
 -9.56200E-01 -6.22142E-01 -7.03398E-02  5.35060E-01  9.42285E-01      -1.00000E+00  1.00000E+00
 -9.54175E-01 -6.13452E-01 -4.58616E-02  5.54075E-01  9.45658E-01      -1.00000E+00  1.00000E+00
 -9.53658E-01 -6.09977E-01 -3.31667E-02  5.67503E-01  9.49645E-01      -1.00000E+00  1.00000E+00
 -9.83155E-01 -8.43732E-01 -5.06560E-01  1.33511E-01  8.67475E-01      -1.00000E+00  1.00000E+00
 -9.79742E-01 -8.21945E-01 -4.48887E-01  2.07393E-01  8.87707E-01      -1.00000E+00  1.00000E+00
 -9.77245E-01 -7.99133E-01 -3.88555E-01  2.74282E-01  9.00867E-01      -1.00000E+00  1.00000E+00
 -9.73520E-01 -7.65175E-01 -3.13943E-01  3.57830E-01  9.12778E-01      -1.00000E+00  1.00000E+00
 -9.64160E-01 -6.90705E-01 -1.76440E-01  4.73200E-01  9.34883E-01      -1.00000E+00  1.00000E+00
 -6.44150E-01 -2.45476E-01  1.74235E-01  6.28687E-01  9.51495E-01      -1.00000E+00  1.00000E+00
 -6.46452E-01 -2.08433E-01  2.05527E-01  6.44968E-01  9.55178E-01      -1.00000E+00  1.00000E+00
 -6.62572E-01 -1.85490E-01  2.31397E-01  6.60405E-01  9.57720E-01      -1.00000E+00  1.00000E+00
 -6.99015E-01 -1.72758E-01  2.63625E-01  6.75045E-01  9.58795E-01      -1.00000E+00  1.00000E+00
 -8.40495E-01 -2.91587E-01  2.37349E-01  6.79567E-01  9.61307E-01      -1.00000E+00  1.00000E+00
 -8.29302E-02  3.18692E-01  6.02872E-01  8.37845E-01  9.81095E-01      -9.98900E-01  1.00000E+00
 -4.32045E-02  3.77605E-01  6.50728E-01  8.59425E-01  9.83255E-01      -9.95970E-01  1.00000E+00
  2.16500E-03  4.48458E-01  7.10157E-01  8.88502E-01  9.86935E-01      -9.99880E-01  1.00000E+00
  2.58050E-02  4.99430E-01  7.53122E-01  9.10622E-01  9.89850E-01      -9.99890E-01  1.00000E+00
 -1.83596E-01  4.21743E-01  7.33692E-01  9.10708E-01  9.90362E-01      -1.00000E+00  1.00000E+00
  4.91415E-01  7.49837E-01  8.80992E-01  9.57298E-01  9.95127E-01      -7.67540E-01  1.00000E+00
  5.00695E-01  7.61045E-01  8.86230E-01  9.59952E-01  9.95930E-01      -8.75940E-01  1.00000E+00
  5.21235E-01  7.78380E-01  8.98297E-01  9.65530E-01  9.96242E-01      -7.04610E-01  1.00000E+00
  5.37275E-01  7.91122E-01  9.05528E-01  9.68375E-01  9.96702E-01      -6.85620E-01  1.00000E+00
  5.49535E-01  8.03017E-01  9.12515E-01  9.71047E-01  9.96865E-01      -1.00000E+00  1.00000E+00


    1.   1.01    4.   9.01  5.00E+00  6.00E+01  8.12E-01  5.23E-01     5   0.00

  1.82670E+00  2.90750E+00  3.45000E+00  3.84020E+00  4.19190E+00       3.94540E-03  4.61330E+00

  3.31340E-01  5.63085E-01  7.17305E-01  8.42350E-01  9.50510E-01       2.06930E-03  9.99990E-01
  3.30890E-01  5.58440E-01  7.12035E-01  8.38465E-01  9.48940E-01       9.71080E-04  1.00000E+00
  3.14395E-01  5.32975E-01  6.82585E-01  8.09050E-01  9.29800E-01       3.09750E-03  1.00000E+00
  2.58115E-01  4.42280E-01  5.70250E-01  6.87925E-01  8.32395E-01       2.34500E-03  9.99990E-01
  1.70105E-01  2.99565E-01  4.01210E-01  5.03045E-01  6.41930E-01       9.36800E-05  9.97330E-01

 -9.71227E-01 -7.40315E-01 -2.91413E-01  3.29525E-01  9.05675E-01      -1.00000E+00  1.00000E+00
 -9.67698E-01 -7.21873E-01 -2.52302E-01  3.85240E-01  9.15887E-01      -1.00000E+00  1.00000E+00
 -9.67005E-01 -7.00780E-01 -1.98688E-01  4.32490E-01  9.25785E-01      -1.00000E+00  1.00000E+00
 -9.63483E-01 -6.77175E-01 -1.54410E-01  4.72280E-01  9.33475E-01      -1.00000E+00  1.00000E+00
 -9.57982E-01 -6.37010E-01 -8.43060E-02  5.29232E-01  9.43170E-01      -1.00000E+00  1.00000E+00
 -7.96170E-01 -4.92592E-01 -1.06275E-01  4.33265E-01  9.22893E-01      -1.00000E+00  1.00000E+00
 -8.14370E-01 -5.03870E-01 -1.05967E-01  4.45538E-01  9.24575E-01      -1.00000E+00  1.00000E+00
 -8.41892E-01 -5.15818E-01 -1.03653E-01  4.54318E-01  9.28295E-01      -1.00000E+00  1.00000E+00
 -8.98775E-01 -5.53173E-01 -1.16719E-01  4.59222E-01  9.30565E-01      -1.00000E+00  1.00000E+00
 -9.45265E-01 -6.06673E-01 -8.68905E-02  5.08820E-01  9.39435E-01      -1.00000E+00  1.00000E+00
 -1.79863E-01  2.08503E-01  5.18305E-01  7.99808E-01  9.75607E-01      -9.98610E-01  1.00000E+00
 -1.67252E-01  2.34140E-01  5.23413E-01  7.97285E-01  9.75697E-01      -9.99860E-01  1.00000E+00
 -1.41167E-01  2.91345E-01  5.78355E-01  8.19773E-01  9.77903E-01      -9.99990E-01  1.00000E+00
 -1.41584E-01  3.41697E-01  6.38558E-01  8.55560E-01  9.82673E-01      -1.00000E+00  1.00000E+00
 -4.41587E-01  2.22991E-01  6.16167E-01  8.61357E-01  9.84213E-01      -1.00000E+00  1.00000E+00
  2.79417E-01  5.78255E-01  7.63813E-01  9.04497E-01  9.89017E-01      -8.14970E-01  1.00000E+00
  3.22043E-01  6.21402E-01  7.99488E-01  9.19020E-01  9.90395E-01      -7.61150E-01  1.00000E+00
  3.66348E-01  6.67725E-01  8.32820E-01  9.39132E-01  9.93175E-01      -7.53930E-01  1.00000E+00
  4.04380E-01  7.04363E-01  8.59177E-01  9.50538E-01  9.94482E-01      -8.08980E-01  1.00000E+00
  3.70350E-01  7.17243E-01  8.72603E-01  9.56832E-01  9.95363E-01      -1.00000E+00  1.00000E+00
  6.63160E-01  8.38548E-01  9.24043E-01  9.73727E-01  9.97112E-01      -2.78320E-01  1.00000E+00
  6.76267E-01  8.49503E-01  9.29698E-01  9.76097E-01  9.97397E-01      -3.33090E-01  1.00000E+00
  6.93893E-01  8.59793E-01  9.35778E-01  9.77885E-01  9.97507E-01      -1.58150E-01  1.00000E+00
  7.11207E-01  8.68665E-01  9.41412E-01  9.80198E-01  9.97953E-01      -1.81230E-01  1.00000E+00
  7.34850E-01  8.85132E-01  9.49468E-01  9.83340E-01  9.98170E-01      -1.78020E-01  1.00000E+00


    1.   1.01    4.   9.01  5.00E+00  7.00E+01  8.81E-01  6.11E-01     5   0.00

  2.19540E+00  3.21950E+00  3.71150E+00  4.04990E+00  4.35350E+00       5.34810E-03  4.66760E+00

  3.18320E-01  5.42255E-01  6.95560E-01  8.23775E-01  9.42590E-01       7.47170E-04  1.00000E+00
  3.29770E-01  5.57100E-01  7.14095E-01  8.43780E-01  9.52740E-01       2.94160E-03  1.00000E+00
  2.90290E-01  4.97060E-01  6.43625E-01  7.70945E-01  9.03345E-01       1.59040E-03  1.00000E+00
  2.36565E-01  4.08820E-01  5.31060E-01  6.47095E-01  7.92335E-01       4.79550E-04  9.99780E-01
  1.55825E-01  2.75980E-01  3.71455E-01  4.66975E-01  5.97425E-01       1.60830E-04  9.46260E-01

 -9.74960E-01 -7.76597E-01 -3.62515E-01  2.83613E-01  8.99050E-01      -1.00000E+00  1.00000E+00
 -9.73693E-01 -7.66522E-01 -3.39172E-01  3.10420E-01  9.04367E-01      -1.00000E+00  1.00000E+00
 -9.72098E-01 -7.49840E-01 -2.93513E-01  3.72617E-01  9.14275E-01      -1.00000E+00  1.00000E+00
 -9.69938E-01 -7.24780E-01 -2.24770E-01  4.31415E-01  9.28333E-01      -1.00000E+00  1.00000E+00
 -9.61562E-01 -6.51527E-01 -9.10660E-02  5.24605E-01  9.39535E-01      -1.00000E+00  1.00000E+00
 -4.92643E-01 -1.02541E-01  2.89843E-01  6.98893E-01  9.63490E-01      -1.00000E+00  1.00000E+00
 -5.25143E-01 -1.36185E-01  2.40377E-01  6.59468E-01  9.57952E-01      -1.00000E+00  1.00000E+00
 -5.82840E-01 -1.65280E-01  2.16865E-01  6.40513E-01  9.54268E-01      -1.00000E+00  1.00000E+00
 -6.75928E-01 -2.32366E-01  1.78690E-01  6.14063E-01  9.50693E-01      -1.00000E+00  1.00000E+00
 -8.58008E-01 -3.80496E-01  1.20625E-01  6.06715E-01  9.49412E-01      -1.00000E+00  1.00000E+00
  8.57627E-02  4.28915E-01  6.77400E-01  8.75683E-01  9.85542E-01      -9.17830E-01  1.00000E+00
  1.05119E-01  4.42917E-01  6.73385E-01  8.66455E-01  9.84085E-01      -9.72560E-01  1.00000E+00
  1.44142E-01  4.98072E-01  7.16597E-01  8.84453E-01  9.86228E-01      -9.61500E-01  1.00000E+00
  1.82007E-01  5.59747E-01  7.74205E-01  9.15142E-01  9.90105E-01      -9.99950E-01  1.00000E+00
 -1.92480E-02  5.09162E-01  7.71100E-01  9.20743E-01  9.91430E-01      -1.00000E+00  1.00000E+00
  4.54815E-01  7.00575E-01  8.40222E-01  9.39955E-01  9.93215E-01      -5.10670E-01  1.00000E+00
  4.84897E-01  7.24580E-01  8.61237E-01  9.47875E-01  9.94143E-01      -6.25140E-01  1.00000E+00
  5.17892E-01  7.53802E-01  8.79460E-01  9.56795E-01  9.94900E-01      -5.06080E-01  1.00000E+00
  5.59082E-01  7.85917E-01  8.99313E-01  9.65575E-01  9.96235E-01      -5.39560E-01  1.00000E+00
  5.72233E-01  8.06950E-01  9.13870E-01  9.70885E-01  9.96883E-01      -9.96860E-01  1.00000E+00
  7.57842E-01  8.88047E-01  9.48483E-01  9.82067E-01  9.98038E-01      -4.41080E-02  1.00000E+00
  7.66433E-01  8.91868E-01  9.50288E-01  9.83178E-01  9.98182E-01      -3.79670E-02  1.00000E+00
  7.78058E-01  8.99123E-01  9.54377E-01  9.84510E-01  9.98358E-01      -3.84810E-02  1.00000E+00
  7.92055E-01  9.07745E-01  9.59498E-01  9.86585E-01  9.98545E-01       6.43000E-02  1.00000E+00
  8.14528E-01  9.20292E-01  9.65492E-01  9.88727E-01  9.98775E-01       6.53050E-02  1.00000E+00


    1.   1.01    4.   9.01  5.00E+00  8.00E+01  9.24E-01  6.74E-01     5   0.00

  2.50910E+00  3.44770E+00  3.88680E+00  4.18690E+00  4.46100E+00       1.03760E-04  4.69580E+00

  3.13865E-01  5.37245E-01  6.91035E-01  8.21825E-01  9.41555E-01       5.09340E-04  1.00000E+00
  3.14755E-01  5.39140E-01  6.98675E-01  8.34760E-01  9.49685E-01       1.30800E-03  1.00000E+00
  2.69360E-01  4.68805E-01  6.12655E-01  7.39995E-01  8.78980E-01       9.65390E-04  1.00000E+00
  2.20035E-01  3.82030E-01  5.01325E-01  6.16365E-01  7.59135E-01       1.82220E-03  9.99980E-01
  1.45265E-01  2.58340E-01  3.47680E-01  4.36425E-01  5.54125E-01       2.53630E-04  9.27120E-01

 -9.57410E-01 -7.06268E-01 -2.72083E-01  3.65670E-01  9.18187E-01      -1.00000E+00  1.00000E+00
 -9.61422E-01 -7.11985E-01 -2.64055E-01  3.73013E-01  9.16000E-01      -1.00000E+00  1.00000E+00
 -9.64430E-01 -7.11987E-01 -2.41825E-01  4.00230E-01  9.21988E-01      -1.00000E+00  1.00000E+00
 -9.65877E-01 -7.02290E-01 -2.06805E-01  4.31947E-01  9.26505E-01      -1.00000E+00  1.00000E+00
 -9.62385E-01 -6.69635E-01 -1.37708E-01  4.95040E-01  9.35787E-01      -1.00000E+00  1.00000E+00
 -2.32090E-01  1.62766E-01  5.12098E-01  8.07535E-01  9.78228E-01      -9.99950E-01  1.00000E+00
 -2.63768E-01  1.32149E-01  4.67610E-01  7.81373E-01  9.74985E-01      -9.99990E-01  1.00000E+00
 -2.93798E-01  1.20747E-01  4.51298E-01  7.67275E-01  9.72528E-01      -1.00000E+00  1.00000E+00
 -3.98378E-01  8.40450E-02  4.40522E-01  7.55838E-01  9.69893E-01      -1.00000E+00  1.00000E+00
 -6.77020E-01 -9.76675E-02  3.71216E-01  7.40727E-01  9.68670E-01      -1.00000E+00  1.00000E+00
  2.68147E-01  5.73662E-01  7.73867E-01  9.18330E-01  9.91287E-01      -8.18460E-01  1.00000E+00
  2.79655E-01  5.78875E-01  7.66253E-01  9.10540E-01  9.89938E-01      -7.86340E-01  1.00000E+00
  3.20543E-01  6.18540E-01  7.94505E-01  9.19358E-01  9.90322E-01      -8.01860E-01  1.00000E+00
  3.55923E-01  6.66475E-01  8.33030E-01  9.38450E-01  9.92968E-01      -8.13250E-01  1.00000E+00
  2.66679E-01  6.62798E-01  8.44768E-01  9.47455E-01  9.94065E-01      -1.00000E+00  1.00000E+00
  5.68503E-01  7.75350E-01  8.86618E-01  9.58640E-01  9.95425E-01      -3.57670E-01  1.00000E+00
  5.86510E-01  7.88868E-01  8.96505E-01  9.62007E-01  9.95592E-01      -3.41200E-01  1.00000E+00
  6.14440E-01  8.07940E-01  9.09290E-01  9.68348E-01  9.96580E-01      -2.77690E-01  1.00000E+00
  6.50303E-01  8.33178E-01  9.21970E-01  9.72765E-01  9.97025E-01      -2.12650E-01  1.00000E+00
  6.84485E-01  8.58135E-01  9.36627E-01  9.78463E-01  9.97595E-01      -6.19450E-01  1.00000E+00
  8.12743E-01  9.14825E-01  9.61772E-01  9.86982E-01  9.98605E-01       1.09240E-01  1.00000E+00
  8.21053E-01  9.17815E-01  9.63013E-01  9.87780E-01  9.98657E-01       7.69030E-02  1.00000E+00
  8.28767E-01  9.23313E-01  9.65280E-01  9.88208E-01  9.98700E-01       1.64010E-01  1.00000E+00
  8.40765E-01  9.30247E-01  9.69052E-01  9.89697E-01  9.98860E-01       1.96940E-01  1.00000E+00
  8.63735E-01  9.41565E-01  9.74910E-01  9.91682E-01  9.99130E-01       2.56450E-01  1.00000E+00


    1.   1.01    4.   9.01  5.00E+00  8.50E+01  9.34E-01  6.91E-01     5   0.00

  2.59200E+00  3.50590E+00  3.93230E+00  4.22240E+00  4.48690E+00       3.79560E-03  4.70890E+00

  3.11855E-01  5.35580E-01  6.90785E-01  8.22635E-01  9.42185E-01       2.95430E-03  1.00000E+00
  3.06910E-01  5.31715E-01  6.90975E-01  8.29000E-01  9.47035E-01       2.03750E-03  1.00000E+00
  2.64585E-01  4.60250E-01  6.03070E-01  7.30835E-01  8.72100E-01       2.11060E-03  1.00000E+00
  2.15005E-01  3.74350E-01  4.92815E-01  6.08390E-01  7.49905E-01       6.58980E-04  9.99940E-01
  1.42070E-01  2.53995E-01  3.41620E-01  4.27040E-01  5.40500E-01       3.83460E-04  9.01910E-01

 -9.39075E-01 -6.65168E-01 -2.23616E-01  4.07067E-01  9.23873E-01      -1.00000E+00  1.00000E+00
 -9.49162E-01 -6.77605E-01 -2.25562E-01  3.98633E-01  9.18360E-01      -1.00000E+00  1.00000E+00
 -9.55645E-01 -6.80100E-01 -2.13002E-01  4.20407E-01  9.23382E-01      -1.00000E+00  1.00000E+00
 -9.62590E-01 -6.88817E-01 -1.88490E-01  4.44070E-01  9.28230E-01      -1.00000E+00  1.00000E+00
 -9.61427E-01 -6.61740E-01 -1.27909E-01  4.94867E-01  9.35800E-01      -1.00000E+00  1.00000E+00
 -1.57015E-01  2.37074E-01  5.75172E-01  8.38603E-01  9.81465E-01      -1.00000E+00  1.00000E+00
 -1.90583E-01  1.99312E-01  5.25500E-01  8.13170E-01  9.78115E-01      -9.99990E-01  1.00000E+00
 -2.17251E-01  1.92485E-01  5.08650E-01  7.94758E-01  9.75502E-01      -9.99990E-01  1.00000E+00
 -3.11810E-01  1.58853E-01  4.96750E-01  7.85718E-01  9.74202E-01      -1.00000E+00  1.00000E+00
 -6.08380E-01 -1.53200E-02  4.30752E-01  7.73853E-01  9.72920E-01      -1.00000E+00  1.00000E+00
  3.23793E-01  6.12465E-01  8.04342E-01  9.31030E-01  9.92425E-01      -8.24730E-01  1.00000E+00
  3.24057E-01  6.11312E-01  7.88610E-01  9.20993E-01  9.91100E-01      -6.83070E-01  1.00000E+00
  3.57162E-01  6.45033E-01  8.11397E-01  9.26853E-01  9.91540E-01      -7.04830E-01  1.00000E+00
  4.03425E-01  6.93390E-01  8.49078E-01  9.46072E-01  9.93970E-01      -7.71460E-01  1.00000E+00
  3.35026E-01  6.94880E-01  8.60750E-01  9.52237E-01  9.94783E-01      -9.99920E-01  1.00000E+00
  5.97705E-01  7.93040E-01  8.97535E-01  9.63357E-01  9.95955E-01      -3.35440E-01  1.00000E+00
  6.17780E-01  8.07673E-01  9.06177E-01  9.65928E-01  9.96093E-01      -1.96780E-01  1.00000E+00
  6.37490E-01  8.22845E-01  9.16645E-01  9.71545E-01  9.96823E-01      -3.54770E-01  1.00000E+00
  6.71267E-01  8.43850E-01  9.26978E-01  9.74797E-01  9.97295E-01      -1.64900E-01  1.00000E+00
  7.10145E-01  8.70087E-01  9.42100E-01  9.80740E-01  9.97900E-01      -6.11360E-01  1.00000E+00
  8.25618E-01  9.21495E-01  9.65195E-01  9.88340E-01  9.98770E-01       2.13960E-01  1.00000E+00
  8.32105E-01  9.24840E-01  9.65900E-01  9.88533E-01  9.98757E-01       1.73810E-01  1.00000E+00
  8.38298E-01  9.29113E-01  9.68120E-01  9.89067E-01  9.98840E-01       1.95360E-01  1.00000E+00
  8.52947E-01  9.36178E-01  9.71793E-01  9.90538E-01  9.98975E-01       2.37670E-01  1.00000E+00
  8.76427E-01  9.47475E-01  9.76970E-01  9.92387E-01  9.99193E-01       3.13140E-01  1.00000E+00


    1.   1.01    4.   9.01  1.00E+01  0.00E+00  4.25E-01  1.95E-01     5   0.00

  1.73880E+00  3.71190E+00  5.04050E+00  5.86010E+00  6.59430E+00       5.58080E-03  8.06610E+00

  3.97510E-01  6.29620E-01  7.71060E-01  8.77190E-01  9.62615E-01       2.85560E-03  1.00000E+00
  4.56105E-01  6.69565E-01  7.93875E-01  8.89020E-01  9.66635E-01       5.42710E-03  1.00000E+00
  4.93935E-01  6.99660E-01  8.16825E-01  9.02545E-01  9.70780E-01       3.02700E-03  1.00000E+00
  4.52235E-01  6.49030E-01  7.64515E-01  8.56780E-01  9.46635E-01       2.80140E-03  1.00000E+00
  2.68290E-01  4.39550E-01  5.61495E-01  6.81625E-01  8.37215E-01       1.43520E-03  1.00000E+00

 -9.49418E-01 -5.78843E-01  5.62363E-03  5.96740E-01  9.53437E-01      -1.00000E+00  1.00000E+00
 -9.51477E-01 -5.86505E-01  5.05503E-03  5.93348E-01  9.50795E-01      -1.00000E+00  1.00000E+00
 -9.50677E-01 -5.83342E-01  1.58994E-02  5.93625E-01  9.49353E-01      -1.00000E+00  1.00000E+00
 -9.51612E-01 -5.81028E-01  1.73219E-02  5.96958E-01  9.52125E-01      -1.00000E+00  1.00000E+00
 -9.51395E-01 -5.80437E-01  1.22975E-02  5.96607E-01  9.52165E-01      -1.00000E+00  1.00000E+00
 -9.52930E-01 -5.96463E-01  4.25700E-04  5.83730E-01  9.51560E-01      -1.00000E+00  1.00000E+00
 -9.53065E-01 -5.84817E-01 -4.41827E-03  5.88625E-01  9.52407E-01      -1.00000E+00  1.00000E+00
 -9.50908E-01 -5.84767E-01 -2.23245E-03  5.81010E-01  9.46850E-01      -1.00000E+00  1.00000E+00
 -9.52778E-01 -5.87670E-01 -7.99940E-03  5.83377E-01  9.50013E-01      -1.00000E+00  1.00000E+00
 -9.51220E-01 -5.85695E-01  1.14235E-03  5.93312E-01  9.50230E-01      -1.00000E+00  1.00000E+00
 -9.52315E-01 -5.91640E-01  6.21487E-03  5.79022E-01  9.50390E-01      -1.00000E+00  1.00000E+00
 -9.50940E-01 -5.83895E-01  9.45729E-03  6.05648E-01  9.52325E-01      -1.00000E+00  1.00000E+00
 -9.48872E-01 -5.82323E-01  2.24207E-03  5.90817E-01  9.52000E-01      -1.00000E+00  1.00000E+00
 -9.50818E-01 -5.84960E-01  1.70597E-04  5.81078E-01  9.51535E-01      -1.00000E+00  1.00000E+00
 -9.50022E-01 -5.79410E-01  5.35263E-03  5.87885E-01  9.52140E-01      -1.00000E+00  1.00000E+00
 -9.50435E-01 -5.84453E-01 -6.29970E-03  5.82500E-01  9.51148E-01      -1.00000E+00  1.00000E+00
 -9.48600E-01 -5.91328E-01 -9.74736E-03  5.89488E-01  9.49145E-01      -1.00000E+00  1.00000E+00
 -9.54407E-01 -5.93363E-01 -9.88755E-03  5.84505E-01  9.51195E-01      -1.00000E+00  1.00000E+00
 -9.51313E-01 -5.97880E-01 -6.72420E-03  5.84052E-01  9.51030E-01      -1.00000E+00  1.00000E+00
 -9.51887E-01 -5.95655E-01 -1.26703E-02  5.79980E-01  9.50445E-01      -1.00000E+00  1.00000E+00
 -9.52408E-01 -5.80805E-01  4.56242E-03  5.87750E-01  9.51585E-01      -1.00000E+00  1.00000E+00
 -9.52058E-01 -5.89450E-01  4.79875E-03  5.86618E-01  9.51475E-01      -1.00000E+00  1.00000E+00
 -9.52150E-01 -5.92185E-01  1.44668E-03  5.82555E-01  9.48708E-01      -1.00000E+00  1.00000E+00
 -9.49673E-01 -5.76118E-01  2.14670E-02  5.98747E-01  9.50557E-01      -1.00000E+00  1.00000E+00
 -9.49987E-01 -5.84407E-01  5.71032E-03  5.90087E-01  9.50118E-01      -1.00000E+00  1.00000E+00


    1.   1.01    4.   9.01  1.00E+01  3.00E+01  5.20E-01  2.72E-01     5   0.00

  2.13350E+00  4.38940E+00  5.67230E+00  6.55310E+00  7.53080E+00       2.39350E-03  8.91640E+00

  4.08305E-01  6.37970E-01  7.76750E-01  8.80175E-01  9.64015E-01       3.81010E-03  1.00000E+00
  4.54575E-01  6.68090E-01  7.91795E-01  8.87160E-01  9.65965E-01       2.37350E-03  1.00000E+00
  4.31195E-01  6.42550E-01  7.72385E-01  8.75435E-01  9.62035E-01       3.49600E-03  1.00000E+00
  3.68435E-01  5.71610E-01  7.01795E-01  8.12610E-01  9.26410E-01       2.63570E-03  9.99990E-01
  2.42200E-01  4.00140E-01  5.13805E-01  6.26555E-01  7.73285E-01       1.07850E-03  9.99980E-01

 -9.51485E-01 -5.77823E-01  2.34867E-02  5.98750E-01  9.53128E-01      -1.00000E+00  1.00000E+00
 -9.48322E-01 -5.82150E-01  1.36289E-02  5.93938E-01  9.51798E-01      -1.00000E+00  1.00000E+00
 -9.51943E-01 -5.93645E-01 -1.41970E-02  5.81365E-01  9.48445E-01      -1.00000E+00  1.00000E+00
 -9.48707E-01 -5.84518E-01 -6.81098E-03  5.89765E-01  9.51440E-01      -1.00000E+00  1.00000E+00
 -9.49072E-01 -5.88692E-01  9.79442E-03  5.78852E-01  9.48665E-01      -1.00000E+00  1.00000E+00
 -9.67418E-01 -7.11143E-01 -2.23028E-01  4.07835E-01  9.19828E-01      -1.00000E+00  1.00000E+00
 -9.60770E-01 -6.74165E-01 -1.60433E-01  4.68543E-01  9.34543E-01      -1.00000E+00  1.00000E+00
 -9.59775E-01 -6.56930E-01 -1.13920E-01  5.03947E-01  9.40293E-01      -1.00000E+00  1.00000E+00
 -9.58612E-01 -6.23700E-01 -7.69392E-02  5.29353E-01  9.40915E-01      -1.00000E+00  1.00000E+00
 -9.56298E-01 -6.21440E-01 -4.98923E-02  5.55705E-01  9.47465E-01      -1.00000E+00  1.00000E+00
 -9.82842E-01 -8.45120E-01 -5.41595E-01  5.34940E-02  8.43750E-01      -1.00000E+00  1.00000E+00
 -9.70757E-01 -7.86833E-01 -4.30375E-01  1.87031E-01  8.81893E-01      -1.00000E+00  1.00000E+00
 -9.55535E-01 -7.22668E-01 -3.33288E-01  2.84550E-01  8.98795E-01      -1.00000E+00  9.99990E-01
 -9.49825E-01 -6.66457E-01 -2.14821E-01  4.02332E-01  9.19850E-01      -1.00000E+00  1.00000E+00
 -9.52265E-01 -6.24812E-01 -1.00016E-01  4.98847E-01  9.36015E-01      -1.00000E+00  1.00000E+00
 -6.16023E-01 -2.05070E-01  1.59206E-01  5.73958E-01  9.38115E-01      -1.00000E+00  1.00000E+00
 -5.01085E-01 -1.22975E-02  3.53790E-01  7.07492E-01  9.62027E-01      -1.00000E+00  1.00000E+00
 -4.16255E-01  1.31991E-01  4.97840E-01  7.87525E-01  9.73437E-01      -1.00000E+00  1.00000E+00
 -3.86878E-01  2.25953E-01  5.92505E-01  8.43915E-01  9.82517E-01      -1.00000E+00  1.00000E+00
 -5.54155E-01  1.29120E-01  5.76187E-01  8.52100E-01  9.83522E-01      -1.00000E+00  1.00000E+00
  2.68934E-01  6.04648E-01  7.90358E-01  9.19867E-01  9.89780E-01      -9.61330E-01  1.00000E+00
  3.03791E-01  6.52702E-01  8.33283E-01  9.38530E-01  9.92852E-01      -9.05160E-01  1.00000E+00
  3.21852E-01  6.80773E-01  8.52853E-01  9.49200E-01  9.94280E-01      -9.75140E-01  1.00000E+00
  3.29952E-01  6.86385E-01  8.57335E-01  9.50975E-01  9.94445E-01      -9.04630E-01  1.00000E+00
  3.53880E-01  7.00998E-01  8.65282E-01  9.54745E-01  9.95075E-01      -9.99810E-01  1.00000E+00


    1.   1.01    4.   9.01  1.00E+01  4.50E+01  6.45E-01  3.89E-01     5   0.00

  2.84540E+00  5.34580E+00  6.52980E+00  7.44760E+00  8.22990E+00       1.90400E-03  9.18880E+00

  4.17620E-01  6.45210E-01  7.79205E-01  8.81545E-01  9.64385E-01       3.08230E-03  1.00000E+00
  4.03585E-01  6.18100E-01  7.51765E-01  8.60500E-01  9.55935E-01       3.26200E-03  1.00000E+00
  3.87655E-01  6.01645E-01  7.40530E-01  8.52835E-01  9.50360E-01       5.33990E-04  1.00000E+00
  3.21925E-01  5.07120E-01  6.26320E-01  7.32905E-01  8.61085E-01       1.81200E-03  9.99990E-01
  1.96015E-01  3.29295E-01  4.27685E-01  5.26170E-01  6.62005E-01       9.05110E-04  9.93750E-01

 -9.51762E-01 -6.09085E-01 -4.91163E-02  5.47955E-01  9.44720E-01      -1.00000E+00  1.00000E+00
 -9.52408E-01 -6.03430E-01 -2.90338E-02  5.65827E-01  9.48710E-01      -1.00000E+00  1.00000E+00
 -9.51233E-01 -5.99715E-01 -1.55639E-02  5.76947E-01  9.51473E-01      -1.00000E+00  1.00000E+00
 -9.50658E-01 -5.92335E-01 -4.16000E-03  5.82675E-01  9.49695E-01      -1.00000E+00  1.00000E+00
 -9.50667E-01 -5.91460E-01 -7.34315E-03  5.84647E-01  9.50392E-01      -1.00000E+00  1.00000E+00
 -9.85857E-01 -8.71700E-01 -5.94470E-01 -2.00625E-02  8.23165E-01      -1.00000E+00  1.00000E+00
 -9.82312E-01 -8.32415E-01 -4.97160E-01  1.33512E-01  8.72067E-01      -1.00000E+00  1.00000E+00
 -9.78615E-01 -8.02392E-01 -4.18437E-01  2.40265E-01  8.97707E-01      -1.00000E+00  1.00000E+00
 -9.74407E-01 -7.66637E-01 -3.38232E-01  3.23222E-01  9.05980E-01      -1.00000E+00  1.00000E+00
 -9.67477E-01 -7.03305E-01 -1.86507E-01  4.67367E-01  9.33702E-01      -1.00000E+00  1.00000E+00
 -5.86635E-01 -2.58852E-01  6.10420E-02  5.00117E-01  9.28425E-01      -1.00000E+00  1.00000E+00
 -5.49850E-01 -1.54997E-01  1.82482E-01  5.97668E-01  9.46935E-01      -1.00000E+00  1.00000E+00
 -5.34933E-01 -8.23325E-02  2.79255E-01  6.64502E-01  9.54245E-01      -1.00000E+00  1.00000E+00
 -5.40695E-01 -2.39275E-02  3.62483E-01  7.14175E-01  9.64518E-01      -1.00000E+00  1.00000E+00
 -7.19765E-01 -1.29097E-01  3.52260E-01  7.36722E-01  9.69407E-01      -1.00000E+00  1.00000E+00
  4.49910E-02  3.73900E-01  6.04335E-01  8.21673E-01  9.78145E-01      -9.33030E-01  1.00000E+00
  1.04358E-01  4.71130E-01  6.92900E-01  8.66330E-01  9.83668E-01      -9.57800E-01  1.00000E+00
  1.67900E-01  5.55000E-01  7.66657E-01  9.11178E-01  9.89580E-01      -9.88670E-01  1.00000E+00
  2.18090E-01  6.12205E-01  8.14390E-01  9.34753E-01  9.92215E-01      -9.61020E-01  1.00000E+00
  1.77672E-01  6.15385E-01  8.22673E-01  9.39297E-01  9.93365E-01      -9.99980E-01  1.00000E+00
  6.04065E-01  7.98848E-01  8.99398E-01  9.62660E-01  9.95623E-01      -4.96210E-01  1.00000E+00
  6.21618E-01  8.21210E-01  9.15090E-01  9.70257E-01  9.96695E-01      -6.28760E-01  1.00000E+00
  6.29312E-01  8.31182E-01  9.22945E-01  9.73663E-01  9.97163E-01      -4.67370E-01  1.00000E+00
  6.46405E-01  8.41925E-01  9.29522E-01  9.76575E-01  9.97527E-01      -4.84660E-01  1.00000E+00
  6.76425E-01  8.58590E-01  9.37915E-01  9.79287E-01  9.97777E-01      -3.11100E-01  1.00000E+00


    1.   1.01    4.   9.01  1.00E+01  6.00E+01  8.05E-01  5.68E-01     5   0.00

  4.24820E+00  6.60760E+00  7.65760E+00  8.30320E+00  8.84680E+00       3.26830E-03  9.41010E+00

  3.88350E-01  6.09615E-01  7.47165E-01  8.58915E-01  9.56120E-01       1.31250E-03  1.00000E+00
  3.75190E-01  5.89670E-01  7.31715E-01  8.50180E-01  9.53270E-01       2.72160E-03  1.00000E+00
  3.19370E-01  5.13215E-01  6.42745E-01  7.54220E-01  8.76655E-01       9.01930E-04  9.99990E-01
  2.46540E-01  4.05060E-01  5.10510E-01  6.08355E-01  7.38135E-01       2.05640E-03  9.98530E-01
  1.48760E-01  2.57880E-01  3.41220E-01  4.25840E-01  5.41560E-01       7.22900E-04  9.31620E-01

 -9.71975E-01 -7.63025E-01 -3.78685E-01  1.83707E-01  8.54695E-01      -1.00000E+00  1.00000E+00
 -9.69248E-01 -7.41810E-01 -3.13268E-01  2.91217E-01  8.93105E-01      -1.00000E+00  1.00000E+00
 -9.67548E-01 -7.17980E-01 -2.45179E-01  3.89850E-01  9.19395E-01      -1.00000E+00  1.00000E+00
 -9.63290E-01 -6.82390E-01 -1.66073E-01  4.62795E-01  9.34312E-01      -1.00000E+00  1.00000E+00
 -9.56062E-01 -6.27455E-01 -6.56328E-02  5.50708E-01  9.45730E-01      -1.00000E+00  1.00000E+00
 -5.96618E-01 -2.89584E-01  7.66250E-03  4.45935E-01  9.16138E-01      -1.00000E+00  1.00000E+00
 -6.16190E-01 -2.77453E-01  4.51775E-02  4.88918E-01  9.29750E-01      -1.00000E+00  1.00000E+00
 -6.31052E-01 -2.70552E-01  7.07475E-02  5.10260E-01  9.28685E-01      -1.00000E+00  1.00000E+00
 -6.58230E-01 -2.68878E-01  1.04167E-01  5.43580E-01  9.38890E-01      -1.00000E+00  1.00000E+00
 -8.08890E-01 -3.36279E-01  1.21985E-01  5.95495E-01  9.46165E-01      -1.00000E+00  1.00000E+00
  9.20540E-02  3.86842E-01  6.15200E-01  8.40897E-01  9.80897E-01      -9.81070E-01  1.00000E+00
  1.25663E-01  4.35543E-01  6.42217E-01  8.42782E-01  9.80988E-01      -9.14900E-01  1.00000E+00
  1.91273E-01  5.15080E-01  7.12298E-01  8.74942E-01  9.84480E-01      -8.31770E-01  1.00000E+00
  2.69707E-01  6.11862E-01  7.94070E-01  9.21723E-01  9.91020E-01      -9.36710E-01  1.00000E+00
  2.33552E-01  6.36570E-01  8.33155E-01  9.42617E-01  9.93812E-01      -1.00000E+00  1.00000E+00
  4.93895E-01  7.03265E-01  8.33867E-01  9.34835E-01  9.92677E-01      -4.05850E-01  1.00000E+00
  5.34535E-01  7.44898E-01  8.62950E-01  9.45085E-01  9.93567E-01      -3.91300E-01  1.00000E+00
  5.82442E-01  7.91120E-01  8.96280E-01  9.62370E-01  9.95753E-01      -3.97630E-01  1.00000E+00
  6.19457E-01  8.22712E-01  9.17080E-01  9.71235E-01  9.96800E-01      -5.29450E-01  1.00000E+00
  6.59432E-01  8.48553E-01  9.32100E-01  9.77187E-01  9.97598E-01      -4.97920E-01  1.00000E+00
  7.82750E-01  8.97502E-01  9.51215E-01  9.82800E-01  9.97990E-01       6.15660E-02  1.00000E+00
  7.92293E-01  9.06205E-01  9.56795E-01  9.85115E-01  9.98363E-01       8.89180E-02  1.00000E+00
  8.02855E-01  9.10027E-01  9.59643E-01  9.86135E-01  9.98470E-01       1.77910E-01  1.00000E+00
  8.13170E-01  9.18085E-01  9.62962E-01  9.87478E-01  9.98663E-01       1.28570E-01  1.00000E+00
  8.36165E-01  9.29550E-01  9.69220E-01  9.89730E-01  9.98925E-01       1.87100E-01  1.00000E+00


    1.   1.01    4.   9.01  1.00E+01  7.00E+01  9.04E-01  7.02E-01     5   0.00

  5.63750E+00  7.54200E+00  8.30090E+00  8.77360E+00  9.16590E+00       6.44740E-03  9.50750E+00

  3.63665E-01  5.81605E-01  7.24330E-01  8.43995E-01  9.50915E-01       2.58980E-03  9.99990E-01
  3.27845E-01  5.33310E-01  6.76875E-01  8.02630E-01  9.21035E-01       1.16250E-03  1.00000E+00
  2.58375E-01  4.33945E-01  5.53790E-01  6.59820E-01  7.88975E-01       6.10770E-04  9.98800E-01
  1.99445E-01  3.38705E-01  4.36505E-01  5.29200E-01  6.51495E-01       4.87780E-04  9.61850E-01
  1.25822E-01  2.20640E-01  2.93725E-01  3.66560E-01  4.63870E-01       8.41390E-04  8.11580E-01

 -9.32200E-01 -7.11710E-01 -3.79990E-01  2.05293E-01  8.81718E-01      -1.00000E+00  1.00000E+00
 -9.41900E-01 -6.89770E-01 -2.94260E-01  2.86870E-01  8.94903E-01      -1.00000E+00  1.00000E+00
 -9.48737E-01 -6.67812E-01 -2.33670E-01  3.59395E-01  9.13243E-01      -1.00000E+00  1.00000E+00
 -9.55540E-01 -6.70530E-01 -2.01568E-01  3.95232E-01  9.17883E-01      -1.00000E+00  1.00000E+00
 -9.61767E-01 -6.71282E-01 -1.77406E-01  4.31307E-01  9.22645E-01      -1.00000E+00  1.00000E+00
 -3.79300E-02  2.65495E-01  5.31517E-01  8.05155E-01  9.77865E-01      -9.99930E-01  1.00000E+00
 -2.57125E-02  2.85662E-01  5.25258E-01  7.87090E-01  9.74220E-01      -9.93230E-01  1.00000E+00
  1.19650E-02  3.33392E-01  5.60485E-01  7.93378E-01  9.73955E-01      -9.99900E-01  1.00000E+00
  5.30725E-02  4.17148E-01  6.46467E-01  8.39705E-01  9.79210E-01      -9.99970E-01  1.00000E+00
 -1.04557E-01  4.05568E-01  6.95483E-01  8.86647E-01  9.86892E-01      -1.00000E+00  1.00000E+00
  4.45422E-01  6.68247E-01  8.23135E-01  9.36953E-01  9.93070E-01      -4.25750E-01  1.00000E+00
  4.72215E-01  6.85500E-01  8.18310E-01  9.26905E-01  9.91862E-01      -3.85320E-01  1.00000E+00
  5.22725E-01  7.34602E-01  8.55898E-01  9.41235E-01  9.92830E-01      -4.62810E-01  1.00000E+00
  5.84055E-01  7.92423E-01  8.99755E-01  9.64035E-01  9.96108E-01      -6.49760E-01  1.00000E+00
  6.32068E-01  8.32033E-01  9.24800E-01  9.74320E-01  9.97237E-01      -6.36390E-01  1.00000E+00
  6.89257E-01  8.35002E-01  9.15235E-01  9.69712E-01  9.96560E-01      -6.01510E-02  1.00000E+00
  7.08890E-01  8.50442E-01  9.24860E-01  9.71653E-01  9.96805E-01      -3.01120E-02  1.00000E+00
  7.37275E-01  8.70925E-01  9.38968E-01  9.78530E-01  9.97650E-01       4.02240E-02  1.00000E+00
  7.64547E-01  8.89538E-01  9.49283E-01  9.82627E-01  9.98115E-01      -2.10680E-03  1.00000E+00
  8.04732E-01  9.13952E-01  9.62280E-01  9.87290E-01  9.98692E-01       1.92350E-01  1.00000E+00
  8.63775E-01  9.37272E-01  9.71525E-01  9.90260E-01  9.98910E-01       4.19840E-01  1.00000E+00
  8.68070E-01  9.39890E-01  9.72885E-01  9.90830E-01  9.99010E-01       3.95560E-01  1.00000E+00
  8.76718E-01  9.44823E-01  9.75435E-01  9.91592E-01  9.99050E-01       4.63650E-01  1.00000E+00
  8.87000E-01  9.50555E-01  9.78085E-01  9.92648E-01  9.99205E-01       4.85950E-01  1.00000E+00
  9.07807E-01  9.60495E-01  9.82762E-01  9.94265E-01  9.99395E-01       4.79530E-01  1.00000E+00


    1.   1.01    4.   9.01  1.00E+01  8.00E+01  9.62E-01  8.01E-01     5   0.00

  6.77080E+00  8.19260E+00  8.73770E+00  9.08220E+00  9.36620E+00       8.06740E-03  9.58070E+00

  3.36125E-01  5.52335E-01  7.01695E-01  8.33745E-01  9.49045E-01       3.30980E-04  1.00000E+00
  2.61665E-01  4.50735E-01  5.88760E-01  7.14900E-01  8.47085E-01       1.47410E-03  1.00000E+00
  2.06585E-01  3.63470E-01  4.77900E-01  5.81080E-01  7.09675E-01       2.72950E-04  9.73330E-01
  1.66480E-01  2.92460E-01  3.84750E-01  4.71165E-01  5.78760E-01       1.21790E-03  8.81550E-01
  1.11829E-01  1.94630E-01  2.55805E-01  3.14195E-01  3.89385E-01       8.83800E-04  6.98040E-01

 -5.73780E-01 -2.83867E-01  4.99100E-02  4.73940E-01  9.20085E-01      -1.00000E+00  1.00000E+00
 -5.84937E-01 -2.95215E-01  2.80400E-02  4.68000E-01  9.20397E-01      -1.00000E+00  1.00000E+00
 -5.89142E-01 -2.85957E-01  4.09950E-02  4.90495E-01  9.29157E-01      -1.00000E+00  1.00000E+00
 -6.20932E-01 -2.86835E-01  7.18350E-02  5.37470E-01  9.35665E-01      -1.00000E+00  1.00000E+00
 -8.03125E-01 -3.69247E-01  9.68575E-02  5.98115E-01  9.49632E-01      -1.00000E+00  1.00000E+00
  3.78853E-01  6.43055E-01  8.32278E-01  9.45778E-01  9.94180E-01      -5.80510E-01  1.00000E+00
  3.74213E-01  6.09643E-01  7.84432E-01  9.21765E-01  9.91505E-01      -6.15980E-01  1.00000E+00
  4.11015E-01  6.42162E-01  7.93918E-01  9.17140E-01  9.90700E-01      -5.75500E-01  1.00000E+00
  4.81135E-01  7.13960E-01  8.46158E-01  9.40150E-01  9.92838E-01      -7.57260E-01  1.00000E+00
  5.37508E-01  7.82745E-01  8.99075E-01  9.64590E-01  9.96165E-01      -9.99370E-01  1.00000E+00
  6.67750E-01  8.32335E-01  9.25563E-01  9.75605E-01  9.97413E-01      -2.38680E-02  1.00000E+00
  6.71162E-01  8.22290E-01  9.09550E-01  9.68267E-01  9.96525E-01      -6.99280E-02  1.00000E+00
  6.94185E-01  8.41150E-01  9.20120E-01  9.70455E-01  9.96733E-01      -6.04420E-02  1.00000E+00
  7.34822E-01  8.72777E-01  9.40035E-01  9.79067E-01  9.97738E-01      -3.30850E-02  1.00000E+00
  7.83498E-01  9.03940E-01  9.56987E-01  9.85705E-01  9.98445E-01      -1.67200E-02  1.00000E+00
  8.05325E-01  9.07455E-01  9.58303E-01  9.86073E-01  9.98460E-01       2.85910E-01  1.00000E+00
  8.10255E-01  9.07255E-01  9.55867E-01  9.84572E-01  9.98323E-01       3.25860E-01  1.00000E+00
  8.25130E-01  9.15465E-01  9.60220E-01  9.86328E-01  9.98522E-01       3.44520E-01  1.00000E+00
  8.45867E-01  9.27997E-01  9.67082E-01  9.88690E-01  9.98777E-01       3.97740E-01  1.00000E+00
  8.81390E-01  9.49362E-01  9.77322E-01  9.92360E-01  9.99178E-01       4.43500E-01  1.00000E+00
  9.10042E-01  9.57872E-01  9.80935E-01  9.93525E-01  9.99295E-01       6.28650E-01  1.00000E+00
  9.15928E-01  9.61157E-01  9.82065E-01  9.93918E-01  9.99330E-01       6.48020E-01  1.00000E+00
  9.25817E-01  9.66280E-01  9.84803E-01  9.94800E-01  9.99443E-01       6.80210E-01  1.00000E+00
  9.35260E-01  9.71338E-01  9.87213E-01  9.95698E-01  9.99528E-01       7.02250E-01  1.00000E+00
  9.48812E-01  9.77868E-01  9.90393E-01  9.96853E-01  9.99662E-01       7.28650E-01  1.00000E+00


    1.   1.01    4.   9.01  1.00E+01  8.50E+01  9.74E-01  8.24E-01     5   0.00

  7.08250E+00  8.34680E+00  8.84150E+00  9.15680E+00  9.41460E+00       1.97720E-02  9.60420E+00

  3.22660E-01  5.35960E-01  6.87370E-01  8.23575E-01  9.45000E-01       5.03550E-04  1.00000E+00
  2.41360E-01  4.24000E-01  5.60330E-01  6.85965E-01  8.21280E-01       2.05980E-03  9.99950E-01
  1.93245E-01  3.43335E-01  4.56935E-01  5.60560E-01  6.88530E-01       5.39890E-04  9.75250E-01
  1.58575E-01  2.81720E-01  3.73225E-01  4.56360E-01  5.57195E-01       4.68620E-04  8.38560E-01
  1.06820E-01  1.85655E-01  2.42845E-01  2.97320E-01  3.67670E-01       2.18040E-04  6.37430E-01

 -4.64856E-01 -1.24285E-01  2.28700E-01  6.04415E-01  9.48682E-01      -1.00000E+00  1.00000E+00
 -4.79881E-01 -1.55480E-01  1.84332E-01  5.77115E-01  9.42613E-01      -1.00000E+00  1.00000E+00
 -4.78750E-01 -1.53048E-01  1.82455E-01  5.80640E-01  9.42420E-01      -1.00000E+00  1.00000E+00
 -4.83461E-01 -1.43888E-01  2.05685E-01  6.00730E-01  9.45817E-01      -1.00000E+00  1.00000E+00
 -6.11980E-01 -1.75025E-01  2.22295E-01  6.37647E-01  9.54185E-01      -1.00000E+00  1.00000E+00
  4.85573E-01  7.40110E-01  8.87915E-01  9.64407E-01  9.96110E-01      -5.45450E-01  1.00000E+00
  4.68640E-01  6.91593E-01  8.46370E-01  9.47475E-01  9.94488E-01      -5.66660E-01  1.00000E+00
  4.98970E-01  7.06045E-01  8.39600E-01  9.40045E-01  9.93548E-01      -5.24560E-01  1.00000E+00
  5.56360E-01  7.62203E-01  8.75232E-01  9.52812E-01  9.94595E-01      -5.75500E-01  1.00000E+00
  6.22125E-01  8.24383E-01  9.19567E-01  9.72600E-01  9.96997E-01      -9.24820E-01  1.00000E+00
  7.20117E-01  8.68570E-01  9.44765E-01  9.82035E-01  9.98127E-01       7.20960E-02  1.00000E+00
  7.13140E-01  8.52932E-01  9.29657E-01  9.76512E-01  9.97495E-01      -7.89150E-03  1.00000E+00
  7.31553E-01  8.63205E-01  9.32033E-01  9.75145E-01  9.97188E-01       5.43990E-02  1.00000E+00
  7.66163E-01  8.87695E-01  9.47638E-01  9.81572E-01  9.98005E-01       1.46440E-01  1.00000E+00
  8.11665E-01  9.17952E-01  9.64187E-01  9.88267E-01  9.98762E-01       2.04100E-01  1.00000E+00
  8.30422E-01  9.22787E-01  9.66073E-01  9.88892E-01  9.98833E-01       3.71400E-01  1.00000E+00
  8.32350E-01  9.20385E-01  9.62797E-01  9.87188E-01  9.98652E-01       4.36670E-01  1.00000E+00
  8.44827E-01  9.25538E-01  9.65283E-01  9.88000E-01  9.98718E-01       3.93070E-01  1.00000E+00
  8.66433E-01  9.37165E-01  9.70930E-01  9.90237E-01  9.98915E-01       4.87730E-01  1.00000E+00
  9.00630E-01  9.56630E-01  9.80817E-01  9.93572E-01  9.99295E-01       5.74730E-01  1.00000E+00
  9.20625E-01  9.62500E-01  9.82877E-01  9.94115E-01  9.99365E-01       6.68870E-01  1.00000E+00
  9.27992E-01  9.66522E-01  9.84533E-01  9.94660E-01  9.99420E-01       6.86840E-01  1.00000E+00
  9.35922E-01  9.70955E-01  9.86895E-01  9.95603E-01  9.99533E-01       7.22060E-01  1.00000E+00
  9.44975E-01  9.75765E-01  9.89162E-01  9.96355E-01  9.99605E-01       7.46500E-01  1.00000E+00
  9.56627E-01  9.81405E-01  9.91888E-01  9.97310E-01  9.99713E-01       7.76650E-01  1.00000E+00


    1.   1.01    4.   9.01  2.00E+01  0.00E+00  3.48E-01  1.53E-01     5   0.00

  2.85810E+00  6.59800E+00  9.47770E+00  1.17870E+01  1.34580E+01       2.47950E-03  1.60120E+01

  4.41215E-01  6.61420E-01  7.91490E-01  8.87670E-01  9.66330E-01       4.00130E-03  1.00000E+00
  5.06030E-01  6.98255E-01  8.10785E-01  8.97430E-01  9.68760E-01       2.00960E-03  1.00000E+00
  5.17580E-01  6.99185E-01  8.09975E-01  8.96735E-01  9.68650E-01       8.08290E-03  1.00000E+00
  5.39185E-01  7.17105E-01  8.20060E-01  8.98880E-01  9.65750E-01       9.82670E-03  1.00000E+00
  3.20375E-01  4.64370E-01  5.68645E-01  6.76125E-01  8.25310E-01       5.76500E-04  9.99990E-01

 -9.51830E-01 -5.92172E-01 -5.77355E-03  5.79657E-01  9.49165E-01      -1.00000E+00  1.00000E+00
 -9.47740E-01 -5.88778E-01 -9.75750E-04  5.95638E-01  9.51943E-01      -1.00000E+00  1.00000E+00
 -9.51420E-01 -5.87940E-01  1.31013E-02  6.05232E-01  9.52720E-01      -1.00000E+00  1.00000E+00
 -9.52215E-01 -5.91095E-01 -1.79377E-02  5.80480E-01  9.49693E-01      -1.00000E+00  1.00000E+00
 -9.52025E-01 -5.87065E-01 -4.98367E-03  5.91555E-01  9.51863E-01      -1.00000E+00  1.00000E+00
 -9.52527E-01 -5.87295E-01 -5.99798E-03  5.92630E-01  9.50523E-01      -1.00000E+00  1.00000E+00
 -9.52002E-01 -5.86120E-01  1.32567E-02  6.00123E-01  9.53500E-01      -1.00000E+00  1.00000E+00
 -9.48965E-01 -5.84270E-01  3.15049E-03  5.90143E-01  9.49807E-01      -1.00000E+00  1.00000E+00
 -9.47800E-01 -5.87152E-01 -5.51131E-03  5.93855E-01  9.54482E-01      -1.00000E+00  1.00000E+00
 -9.50340E-01 -5.79632E-01  1.51463E-03  5.90005E-01  9.49963E-01      -1.00000E+00  1.00000E+00
 -9.50400E-01 -5.87765E-01  3.79000E-04  5.79705E-01  9.51027E-01      -1.00000E+00  1.00000E+00
 -9.49442E-01 -5.81543E-01  6.47975E-03  5.86572E-01  9.52625E-01      -1.00000E+00  1.00000E+00
 -9.52170E-01 -5.90050E-01 -1.46510E-02  5.75610E-01  9.49648E-01      -1.00000E+00  1.00000E+00
 -9.53547E-01 -5.90615E-01 -7.63084E-03  5.84943E-01  9.50198E-01      -1.00000E+00  1.00000E+00
 -9.49225E-01 -5.82307E-01 -8.85215E-03  5.82002E-01  9.50802E-01      -1.00000E+00  1.00000E+00
 -9.51055E-01 -5.96760E-01 -1.03668E-02  5.91722E-01  9.52363E-01      -1.00000E+00  1.00000E+00
 -9.48235E-01 -5.73507E-01  1.16595E-02  5.95352E-01  9.52085E-01      -1.00000E+00  1.00000E+00
 -9.51912E-01 -5.93577E-01 -9.88475E-04  5.85138E-01  9.49333E-01      -1.00000E+00  1.00000E+00
 -9.52503E-01 -5.89365E-01  3.80070E-03  5.92675E-01  9.51315E-01      -1.00000E+00  1.00000E+00
 -9.51388E-01 -5.85865E-01  7.05675E-03  5.98307E-01  9.53743E-01      -1.00000E+00  1.00000E+00
 -9.52370E-01 -6.02322E-01 -1.21109E-02  5.76730E-01  9.53080E-01      -1.00000E+00  1.00000E+00
 -9.50453E-01 -5.90328E-01  1.00000E-03  5.92200E-01  9.50535E-01      -1.00000E+00  1.00000E+00
 -9.50688E-01 -5.95433E-01  1.55785E-03  5.89163E-01  9.50292E-01      -1.00000E+00  1.00000E+00
 -9.49810E-01 -5.79050E-01  1.27034E-02  5.81445E-01  9.47442E-01      -1.00000E+00  1.00000E+00
 -9.50140E-01 -5.83300E-01  2.48112E-03  5.94295E-01  9.51995E-01      -1.00000E+00  1.00000E+00


    1.   1.01    4.   9.01  2.00E+01  3.00E+01  4.27E-01  2.13E-01     5   0.00

  3.44500E+00  7.76970E+00  1.08160E+01  1.29110E+01  1.51040E+01       2.85460E-03  1.78260E+01

  4.51985E-01  6.68365E-01  7.94815E-01  8.89885E-01  9.66995E-01       1.17530E-03  1.00000E+00
  5.05790E-01  6.93990E-01  8.06475E-01  8.94805E-01  9.68150E-01       9.52930E-03  1.00000E+00
  5.04970E-01  6.86725E-01  7.99775E-01  8.89145E-01  9.65390E-01       8.51030E-03  1.00000E+00
  4.22920E-01  6.14605E-01  7.41870E-01  8.47460E-01  9.45710E-01       2.81880E-03  1.00000E+00
  2.87525E-01  4.34140E-01  5.39680E-01  6.44705E-01  7.84730E-01       8.92240E-04  9.99990E-01

 -9.49425E-01 -5.82005E-01 -5.00978E-03  5.83838E-01  9.50923E-01      -1.00000E+00  1.00000E+00
 -9.51327E-01 -5.94608E-01 -3.80050E-04  5.85255E-01  9.50065E-01      -1.00000E+00  1.00000E+00
 -9.50825E-01 -5.83670E-01  6.61693E-03  5.95155E-01  9.51708E-01      -1.00000E+00  1.00000E+00
 -9.54118E-01 -5.92200E-01 -3.93365E-03  5.76495E-01  9.51337E-01      -1.00000E+00  1.00000E+00
 -9.52200E-01 -5.86785E-01  3.27325E-03  5.90170E-01  9.51102E-01      -1.00000E+00  1.00000E+00
 -9.53462E-01 -6.15050E-01 -4.50281E-02  5.50733E-01  9.43733E-01      -1.00000E+00  1.00000E+00
 -9.52205E-01 -6.10390E-01 -4.02253E-02  5.65813E-01  9.46392E-01      -1.00000E+00  1.00000E+00
 -9.52045E-01 -6.01047E-01 -2.88335E-02  5.72528E-01  9.50122E-01      -1.00000E+00  1.00000E+00
 -9.54427E-01 -6.01318E-01 -2.40349E-02  5.76742E-01  9.49542E-01      -1.00000E+00  1.00000E+00
 -9.51970E-01 -5.92275E-01 -1.41824E-02  5.76840E-01  9.48755E-01      -1.00000E+00  1.00000E+00
 -9.74395E-01 -7.52132E-01 -2.45610E-01  4.43650E-01  9.30453E-01      -1.00000E+00  1.00000E+00
 -9.72555E-01 -7.44325E-01 -2.24038E-01  4.50695E-01  9.30923E-01      -1.00000E+00  1.00000E+00
 -9.71045E-01 -7.36935E-01 -2.38393E-01  4.41065E-01  9.28035E-01      -1.00000E+00  1.00000E+00
 -9.68427E-01 -7.18605E-01 -2.04840E-01  4.57193E-01  9.34222E-01      -1.00000E+00  1.00000E+00
 -9.60407E-01 -6.59842E-01 -1.09157E-01  5.14115E-01  9.42130E-01      -1.00000E+00  1.00000E+00
 -8.30120E-01 -5.77032E-01 -2.85545E-01  2.14813E-01  8.81568E-01      -1.00000E+00  1.00000E+00
 -7.11040E-01 -3.31149E-01  3.36400E-02  5.17927E-01  9.39220E-01      -1.00000E+00  1.00000E+00
 -6.14810E-01 -1.44495E-01  2.41165E-01  6.48493E-01  9.55315E-01      -1.00000E+00  1.00000E+00
 -5.62935E-01 -2.85675E-02  3.82310E-01  7.29805E-01  9.67310E-01      -1.00000E+00  1.00000E+00
 -6.88697E-01 -7.67975E-02  4.14290E-01  7.74360E-01  9.74985E-01      -1.00000E+00  1.00000E+00
  1.81368E-01  4.99410E-01  6.93037E-01  8.52685E-01  9.79010E-01      -9.86050E-01  1.00000E+00
  2.54692E-01  6.03888E-01  7.93330E-01  9.19778E-01  9.90265E-01      -9.98570E-01  1.00000E+00
  2.96557E-01  6.59965E-01  8.36422E-01  9.42575E-01  9.93910E-01      -9.54240E-01  1.00000E+00
  2.99337E-01  6.70835E-01  8.49923E-01  9.49263E-01  9.94448E-01      -9.90910E-01  1.00000E+00
  3.09995E-01  6.80210E-01  8.55425E-01  9.50675E-01  9.94915E-01      -9.99980E-01  1.00000E+00


    1.   1.01    4.   9.01  2.00E+01  4.50E+01  5.45E-01  3.17E-01     5   0.00

  4.55050E+00  9.70560E+00  1.26510E+01  1.48580E+01  1.66270E+01       6.81750E-03  1.85670E+01

  4.64240E-01  6.75505E-01  7.98810E-01  8.92290E-01  9.67225E-01       2.52540E-03  1.00000E+00
  4.85135E-01  6.72670E-01  7.89225E-01  8.83165E-01  9.63865E-01       1.96980E-03  1.00000E+00
  4.30815E-01  6.25135E-01  7.54140E-01  8.63255E-01  9.57595E-01       5.17850E-03  1.00000E+00
  3.75960E-01  5.47685E-01  6.62535E-01  7.62805E-01  8.78655E-01       4.00510E-03  9.99980E-01
  2.30840E-01  3.54185E-01  4.43135E-01  5.33915E-01  6.58985E-01       1.09590E-03  9.88290E-01

 -9.54185E-01 -5.94893E-01 -7.98088E-03  5.85715E-01  9.50102E-01      -1.00000E+00  1.00000E+00
 -9.51162E-01 -5.92440E-01 -8.41630E-03  5.78920E-01  9.49418E-01      -1.00000E+00  1.00000E+00
 -9.51638E-01 -5.87195E-01  1.88825E-03  5.89638E-01  9.51435E-01      -1.00000E+00  1.00000E+00
 -9.50960E-01 -5.82097E-01 -7.11580E-03  5.83413E-01  9.49993E-01      -1.00000E+00  1.00000E+00
 -9.50695E-01 -5.92230E-01 -2.45998E-03  5.90247E-01  9.51285E-01      -1.00000E+00  1.00000E+00
 -9.70050E-01 -7.31847E-01 -2.63717E-01  3.97323E-01  9.22233E-01      -1.00000E+00  1.00000E+00
 -9.67298E-01 -7.04527E-01 -1.93632E-01  4.64492E-01  9.29875E-01      -1.00000E+00  1.00000E+00
 -9.63058E-01 -6.81140E-01 -1.47417E-01  4.99783E-01  9.37985E-01      -1.00000E+00  1.00000E+00
 -9.60058E-01 -6.55285E-01 -9.36590E-02  5.28607E-01  9.45688E-01      -1.00000E+00  1.00000E+00
 -9.55515E-01 -6.17098E-01 -4.40751E-02  5.53665E-01  9.46470E-01      -1.00000E+00  1.00000E+00
 -8.15520E-01 -5.95415E-01 -3.15388E-01  2.50298E-01  8.90790E-01      -1.00000E+00  1.00000E+00
 -7.72615E-01 -4.80345E-01 -1.10500E-01  4.78742E-01  9.35440E-01      -1.00000E+00  1.00000E+00
 -7.59863E-01 -4.24391E-01 -2.76700E-02  5.22838E-01  9.43243E-01      -1.00000E+00  1.00000E+00
 -7.70005E-01 -3.80308E-01  5.29825E-02  5.68512E-01  9.43882E-01      -1.00000E+00  1.00000E+00
 -8.65762E-01 -4.23359E-01  8.67575E-02  6.00737E-01  9.51192E-01      -1.00000E+00  1.00000E+00
 -7.82230E-02  2.23227E-01  4.48762E-01  7.27477E-01  9.63748E-01      -9.69350E-01  1.00000E+00
  4.37500E-03  3.61592E-01  5.95132E-01  8.15320E-01  9.77620E-01      -9.94120E-01  1.00000E+00
  8.20192E-02  4.69150E-01  6.94020E-01  8.70642E-01  9.84192E-01      -9.94770E-01  1.00000E+00
  1.45787E-01  5.62675E-01  7.83343E-01  9.19367E-01  9.90700E-01      -9.68290E-01  1.00000E+00
  1.11976E-01  5.75068E-01  8.03360E-01  9.32080E-01  9.92505E-01      -1.00000E+00  1.00000E+00
  5.94285E-01  7.75240E-01  8.71468E-01  9.46460E-01  9.93510E-01      -3.76690E-01  1.00000E+00
  6.26850E-01  8.14878E-01  9.07947E-01  9.65937E-01  9.96140E-01      -3.43920E-01  1.00000E+00
  6.43158E-01  8.35515E-01  9.24365E-01  9.74410E-01  9.97140E-01      -4.44150E-01  1.00000E+00
  6.61612E-01  8.44990E-01  9.31370E-01  9.77167E-01  9.97465E-01      -3.87480E-01  1.00000E+00
  6.97680E-01  8.64777E-01  9.39617E-01  9.79797E-01  9.97947E-01      -2.64220E-01  1.00000E+00


    1.   1.01    4.   9.01  2.00E+01  6.00E+01  7.32E-01  5.17E-01     5   0.00

  7.48430E+00  1.31300E+01  1.56350E+01  1.69870E+01  1.80160E+01       3.51190E-03  1.89590E+01

  4.62040E-01  6.64235E-01  7.86655E-01  8.83230E-01  9.64300E-01       2.69480E-03  1.00000E+00
  4.00940E-01  5.92065E-01  7.26415E-01  8.44035E-01  9.50890E-01       5.99710E-03  1.00000E+00
  3.50600E-01  5.21005E-01  6.42110E-01  7.49250E-01  8.63540E-01       3.67500E-03  9.99960E-01
  2.69615E-01  4.08020E-01  5.00105E-01  5.84680E-01  6.97115E-01       1.05020E-03  9.86630E-01
  1.52180E-01  2.48320E-01  3.18310E-01  3.89840E-01  4.93205E-01       5.79690E-04  8.32410E-01

 -9.63330E-01 -6.96093E-01 -1.89588E-01  4.29327E-01  9.24297E-01      -1.00000E+00  1.00000E+00
 -9.62910E-01 -6.70613E-01 -1.38702E-01  4.98060E-01  9.39110E-01      -1.00000E+00  1.00000E+00
 -9.59403E-01 -6.46815E-01 -8.39578E-02  5.37173E-01  9.43180E-01      -1.00000E+00  1.00000E+00
 -9.56590E-01 -6.27910E-01 -6.34809E-02  5.49100E-01  9.46292E-01      -1.00000E+00  1.00000E+00
 -9.53772E-01 -6.16223E-01 -3.75822E-02  5.65943E-01  9.48865E-01      -1.00000E+00  1.00000E+00
 -7.20108E-01 -4.87193E-01 -2.14853E-01  2.45946E-01  8.69563E-01      -1.00000E+00  1.00000E+00
 -7.01115E-01 -4.21801E-01 -1.00218E-01  4.19890E-01  9.21695E-01      -1.00000E+00  1.00000E+00
 -6.98795E-01 -3.83660E-01 -2.58300E-02  5.13250E-01  9.39055E-01      -1.00000E+00  1.00000E+00
 -7.23600E-01 -3.79130E-01  1.48225E-02  5.36887E-01  9.42068E-01      -1.00000E+00  1.00000E+00
 -8.60370E-01 -4.43634E-01  6.15600E-02  5.94160E-01  9.50902E-01      -1.00000E+00  1.00000E+00
  9.87568E-02  3.52615E-01  5.62015E-01  8.03327E-01  9.75120E-01      -8.44880E-01  1.00000E+00
  1.46346E-01  4.30907E-01  6.28182E-01  8.35585E-01  9.80530E-01      -9.06210E-01  1.00000E+00
  2.14477E-01  5.14907E-01  6.97750E-01  8.63478E-01  9.82587E-01      -8.09490E-01  1.00000E+00
  3.02512E-01  6.15383E-01  7.88602E-01  9.13995E-01  9.89170E-01      -8.67540E-01  1.00000E+00
  3.42588E-01  6.89115E-01  8.55022E-01  9.48687E-01  9.94285E-01      -1.00000E+00  1.00000E+00
  5.48407E-01  7.16583E-01  8.33028E-01  9.35763E-01  9.92678E-01      -2.99230E-01  1.00000E+00
  5.95587E-01  7.70055E-01  8.70823E-01  9.48577E-01  9.93968E-01      -3.03460E-01  1.00000E+00
  6.44093E-01  8.16970E-01  9.06585E-01  9.64403E-01  9.95777E-01      -3.13500E-01  1.00000E+00
  6.87135E-01  8.53525E-01  9.32218E-01  9.76932E-01  9.97485E-01      -5.53670E-02  1.00000E+00
  7.38688E-01  8.82977E-01  9.47575E-01  9.82513E-01  9.98200E-01      -1.60680E-01  1.00000E+00
  8.25628E-01  9.12312E-01  9.55660E-01  9.83653E-01  9.98252E-01       2.48650E-01  1.00000E+00
  8.42775E-01  9.26888E-01  9.65675E-01  9.88217E-01  9.98710E-01       3.08750E-01  1.00000E+00
  8.51622E-01  9.34095E-01  9.70420E-01  9.90017E-01  9.98927E-01       2.60680E-01  1.00000E+00
  8.57930E-01  9.38972E-01  9.73145E-01  9.91090E-01  9.99110E-01       3.66660E-01  1.00000E+00
  8.77160E-01  9.47028E-01  9.76692E-01  9.92350E-01  9.99205E-01       4.18790E-01  1.00000E+00


    1.   1.01    4.   9.01  2.00E+01  7.00E+01  8.78E-01  7.05E-01     5   0.00

  1.16600E+01  1.59170E+01  1.73130E+01  1.81020E+01  1.87140E+01       1.48620E-02  1.91790E+01

  4.01850E-01  6.00615E-01  7.34275E-01  8.49295E-01  9.53920E-01       8.19480E-04  1.00000E+00
  3.28450E-01  5.06185E-01  6.37075E-01  7.58535E-01  8.79030E-01       1.41940E-03  9.99990E-01
  2.50805E-01  3.96290E-01  4.98025E-01  5.89330E-01  7.00085E-01       1.83660E-03  9.69930E-01
  1.86180E-01  3.03115E-01  3.82175E-01  4.57050E-01  5.57460E-01       1.06200E-03  8.59890E-01
  1.12706E-01  1.89965E-01  2.46685E-01  3.02935E-01  3.79225E-01       6.37810E-04  6.52450E-01

 -9.24115E-01 -6.76345E-01 -3.24368E-01  2.31040E-01  8.79260E-01      -1.00000E+00  1.00000E+00
 -9.21870E-01 -6.15110E-01 -1.87018E-01  3.87352E-01  9.13987E-01      -1.00000E+00  1.00000E+00
 -9.29420E-01 -5.83357E-01 -1.19472E-01  4.48713E-01  9.27608E-01      -1.00000E+00  1.00000E+00
 -9.39377E-01 -5.89100E-01 -1.01245E-01  4.68353E-01  9.33580E-01      -1.00000E+00  1.00000E+00
 -9.49735E-01 -6.06750E-01 -8.19810E-02  4.85483E-01  9.31080E-01      -1.00000E+00  1.00000E+00
  1.24427E-01  3.72095E-01  5.85143E-01  8.23850E-01  9.79455E-01      -8.44150E-01  1.00000E+00
  1.55710E-01  4.10720E-01  6.06148E-01  8.25130E-01  9.79022E-01      -8.44060E-01  1.00000E+00
  2.04327E-01  4.62275E-01  6.43630E-01  8.29932E-01  9.78487E-01      -9.23410E-01  1.00000E+00
  2.87680E-01  5.64917E-01  7.37070E-01  8.79988E-01  9.83453E-01      -8.73480E-01  1.00000E+00
  3.12159E-01  6.54622E-01  8.30360E-01  9.38665E-01  9.93120E-01      -9.99950E-01  1.00000E+00
  5.92373E-01  7.53963E-01  8.76802E-01  9.58937E-01  9.95652E-01      -1.24600E-01  1.00000E+00
  6.22892E-01  7.73007E-01  8.73020E-01  9.53072E-01  9.94700E-01      -8.36810E-02  1.00000E+00
  6.66913E-01  8.12820E-01  8.97185E-01  9.59155E-01  9.95257E-01      -1.24300E-01  1.00000E+00
  7.20120E-01  8.62220E-01  9.31568E-01  9.75017E-01  9.97092E-01      -7.79760E-02  1.00000E+00
  7.74200E-01  9.00325E-01  9.55085E-01  9.84757E-01  9.98352E-01       1.57310E-02  1.00000E+00
  7.85832E-01  8.83932E-01  9.44123E-01  9.81220E-01  9.98020E-01       1.81960E-01  1.00000E+00
  8.05078E-01  8.95812E-01  9.45900E-01  9.80328E-01  9.97750E-01       2.70930E-01  1.00000E+00
  8.28975E-01  9.17230E-01  9.60193E-01  9.85532E-01  9.98365E-01       3.67580E-01  1.00000E+00
  8.46958E-01  9.30780E-01  9.68627E-01  9.89312E-01  9.98808E-01       3.81780E-01  1.00000E+00
  8.75907E-01  9.46100E-01  9.76245E-01  9.92152E-01  9.99155E-01       3.33880E-01  1.00000E+00
  9.09455E-01  9.56817E-01  9.79728E-01  9.92898E-01  9.99258E-01       5.50720E-01  1.00000E+00
  9.16453E-01  9.61150E-01  9.82033E-01  9.93825E-01  9.99323E-01       6.10950E-01  1.00000E+00
  9.22778E-01  9.65565E-01  9.84190E-01  9.94550E-01  9.99410E-01       6.54920E-01  1.00000E+00
  9.31137E-01  9.69955E-01  9.86610E-01  9.95513E-01  9.99505E-01       6.73070E-01  1.00000E+00
  9.44670E-01  9.76187E-01  9.89568E-01  9.96480E-01  9.99610E-01       7.18590E-01  1.00000E+00


    1.   1.01    4.   9.01  2.00E+01  8.00E+01  9.72E-01  8.60E-01     5   0.00

  1.56430E+01  1.77070E+01  1.84120E+01  1.88250E+01  1.91220E+01       8.19040E-03  1.93610E+01

  3.05100E-01  5.00310E-01  6.45260E-01  7.80850E-01  9.08070E-01       2.70250E-03  1.00000E+00
  1.92475E-01  3.46950E-01  4.62575E-01  5.69770E-01  6.89875E-01       1.28890E-03  9.50830E-01
  1.56530E-01  2.78310E-01  3.70430E-01  4.53900E-01  5.49775E-01       3.14070E-04  8.31730E-01
  1.39150E-01  2.40705E-01  3.06580E-01  3.63000E-01  4.28435E-01       7.27200E-04  6.37630E-01
  8.66185E-02  1.42935E-01  1.82220E-01  2.19525E-01  2.67690E-01       5.40820E-04  4.40030E-01

 -2.65563E-01  1.38995E-01  4.53397E-01  7.14902E-01  9.67565E-01      -1.00000E+00  1.00000E+00
 -2.82000E-01  8.83350E-02  3.96662E-01  6.82007E-01  9.57330E-01      -1.00000E+00  1.00000E+00
 -2.71485E-01  9.29050E-02  3.98782E-01  6.75320E-01  9.54788E-01      -1.00000E+00  1.00000E+00
 -2.34712E-01  1.21807E-01  4.41434E-01  7.05558E-01  9.55615E-01      -1.00000E+00  1.00000E+00
 -1.85530E-01  1.76305E-01  5.22288E-01  7.89650E-01  9.71860E-01      -1.00000E+00  1.00000E+00
  7.10770E-01  8.85082E-01  9.56562E-01  9.86940E-01  9.98680E-01      -1.00540E-01  1.00000E+00
  6.82798E-01  8.23123E-01  9.18160E-01  9.74135E-01  9.97335E-01      -8.63430E-04  1.00000E+00
  7.03547E-01  8.27928E-01  9.09090E-01  9.67378E-01  9.96552E-01       5.31760E-03  1.00000E+00
  7.52890E-01  8.67403E-01  9.29975E-01  9.73330E-01  9.97000E-01       5.58740E-02  1.00000E+00
  8.22553E-01  9.19118E-01  9.63280E-01  9.87392E-01  9.98663E-01       4.34290E-02  1.00000E+00
  8.47095E-01  9.37865E-01  9.75362E-01  9.92300E-01  9.99170E-01       3.95630E-01  1.00000E+00
  8.37282E-01  9.16697E-01  9.63095E-01  9.87950E-01  9.98735E-01       4.23030E-01  1.00000E+00
  8.49977E-01  9.22010E-01  9.61413E-01  9.86130E-01  9.98482E-01       4.09310E-01  1.00000E+00
  8.72185E-01  9.37850E-01  9.70477E-01  9.89548E-01  9.98843E-01       5.01330E-01  1.00000E+00
  9.07983E-01  9.59275E-01  9.81747E-01  9.93835E-01  9.99325E-01       5.63770E-01  1.00000E+00
  8.99188E-01  9.52152E-01  9.78755E-01  9.92907E-01  9.99215E-01       6.63930E-01  1.00000E+00
  9.04545E-01  9.49983E-01  9.74920E-01  9.90775E-01  9.98975E-01       6.98040E-01  1.00000E+00
  9.20198E-01  9.60128E-01  9.80622E-01  9.92980E-01  9.99207E-01       7.25530E-01  1.00000E+00
  9.35558E-01  9.69587E-01  9.85830E-01  9.95173E-01  9.99462E-01       7.48540E-01  1.00000E+00
  9.54930E-01  9.80260E-01  9.91260E-01  9.97073E-01  9.99695E-01       7.99200E-01  1.00000E+00
  9.54430E-01  9.77023E-01  9.88510E-01  9.95665E-01  9.99487E-01       8.40030E-01  1.00000E+00
  9.61885E-01  9.82023E-01  9.91530E-01  9.97050E-01  9.99670E-01       8.57320E-01  1.00000E+00
  9.66920E-01  9.84895E-01  9.93102E-01  9.97657E-01  9.99748E-01       8.64420E-01  1.00000E+00
  9.72480E-01  9.87812E-01  9.94610E-01  9.98197E-01  9.99812E-01       8.86130E-01  1.00000E+00
  9.79853E-01  9.91378E-01  9.96218E-01  9.98755E-01  9.99870E-01       9.13110E-01  1.00000E+00


    1.   1.01    4.   9.01  2.00E+01  8.50E+01  9.87E-01  8.94E-01     5   0.00

  1.65750E+01  1.80770E+01  1.86390E+01  1.89830E+01  1.92230E+01       2.40570E-02  1.94190E+01

  2.39525E-01  4.27245E-01  5.75200E-01  7.18755E-01  8.58130E-01       9.49800E-04  1.00000E+00
  1.52115E-01  2.88910E-01  4.00625E-01  5.09225E-01  6.31050E-01       7.91250E-04  9.15670E-01
  1.30665E-01  2.41155E-01  3.35000E-01  4.20675E-01  5.09435E-01       8.93790E-04  7.64800E-01
  1.36015E-01  2.30965E-01  2.87920E-01  3.34505E-01  3.88760E-01       7.87010E-04  5.75180E-01
  7.82120E-02  1.28250E-01  1.63385E-01  1.96515E-01  2.38695E-01       1.78240E-04  3.87260E-01

  6.71200E-02  5.77022E-01  8.16287E-01  9.50852E-01  9.95695E-01      -1.00000E+00  1.00000E+00
 -6.59325E-02  4.31353E-01  6.82845E-01  8.78450E-01  9.87635E-01      -1.00000E+00  1.00000E+00
 -9.35025E-02  3.72311E-01  6.43397E-01  8.35100E-01  9.81503E-01      -1.00000E+00  1.00000E+00
 -7.73450E-02  3.95085E-01  6.79142E-01  8.56465E-01  9.80712E-01      -1.00000E+00  1.00000E+00
 -5.77000E-02  3.88738E-01  7.14070E-01  9.00960E-01  9.88967E-01      -1.00000E+00  1.00000E+00
  8.38550E-01  9.47742E-01  9.79897E-01  9.93730E-01  9.99333E-01       2.18190E-01  1.00000E+00
  7.83068E-01  9.07162E-01  9.62960E-01  9.88500E-01  9.98862E-01       1.84310E-01  1.00000E+00
  7.81613E-01  8.86250E-01  9.48403E-01  9.83328E-01  9.98235E-01       1.39380E-01  1.00000E+00
  8.08130E-01  8.97660E-01  9.48600E-01  9.81630E-01  9.97972E-01       2.64050E-01  1.00000E+00
  8.66932E-01  9.39157E-01  9.72058E-01  9.90240E-01  9.98968E-01       3.36210E-01  1.00000E+00
  9.03848E-01  9.66153E-01  9.86557E-01  9.95735E-01  9.99545E-01       5.39200E-01  1.00000E+00
  8.78885E-01  9.47740E-01  9.78777E-01  9.93365E-01  9.99287E-01       5.47270E-01  1.00000E+00
  8.78215E-01  9.37945E-01  9.70207E-01  9.89675E-01  9.98840E-01       5.37190E-01  1.00000E+00
  9.00560E-01  9.50502E-01  9.76110E-01  9.91370E-01  9.99032E-01       5.88120E-01  1.00000E+00
  9.31745E-01  9.69595E-01  9.86483E-01  9.95448E-01  9.99505E-01       6.58640E-01  1.00000E+00
  9.17870E-01  9.60657E-01  9.82040E-01  9.93958E-01  9.99370E-01       7.49340E-01  1.00000E+00
  9.25558E-01  9.60215E-01  9.79307E-01  9.92340E-01  9.99130E-01       7.66820E-01  1.00000E+00
  9.40593E-01  9.70238E-01  9.85457E-01  9.94800E-01  9.99412E-01       8.01340E-01  1.00000E+00
  9.54008E-01  9.78305E-01  9.89985E-01  9.96595E-01  9.99620E-01       8.24320E-01  1.00000E+00
  9.68205E-01  9.85925E-01  9.93818E-01  9.97955E-01  9.99785E-01       8.52840E-01  1.00000E+00
  9.65248E-01  9.82598E-01  9.91292E-01  9.96815E-01  9.99628E-01       8.83200E-01  1.00000E+00
  9.71342E-01  9.86405E-01  9.93715E-01  9.97833E-01  9.99763E-01       8.95820E-01  1.00000E+00
  9.75065E-01  9.88748E-01  9.94945E-01  9.98300E-01  9.99815E-01       9.09530E-01  1.00000E+00
  9.79552E-01  9.90847E-01  9.95987E-01  9.98647E-01  9.99858E-01       9.16320E-01  1.00000E+00
  9.85097E-01  9.93545E-01  9.97170E-01  9.99055E-01  9.99897E-01       9.34160E-01  1.00000E+00


    1.   1.01    4.   9.01  5.00E+01  0.00E+00  2.66E-01  1.12E-01     5   0.00

  6.20070E+00  1.49960E+01  2.21420E+01  2.83070E+01  3.37090E+01       1.61130E-02  3.97770E+01

  4.85785E-01  6.88055E-01  8.06430E-01  8.96035E-01  9.68915E-01       7.76980E-03  1.00000E+00
  5.18155E-01  6.96365E-01  8.07270E-01  8.93575E-01  9.67330E-01       2.11580E-02  1.00000E+00
  5.07690E-01  6.86375E-01  7.99050E-01  8.89770E-01  9.65885E-01       1.52180E-02  1.00000E+00
  4.64735E-01  6.60635E-01  7.85705E-01  8.85690E-01  9.66200E-01       7.74310E-03  1.00000E+00
  3.15290E-01  4.80055E-01  5.87015E-01  6.88170E-01  8.30735E-01       5.12170E-03  9.99950E-01

 -9.50040E-01 -5.78522E-01 -8.57500E-05  5.88915E-01  9.49423E-01      -1.00000E+00  1.00000E+00
 -9.51450E-01 -5.84677E-01 -4.99973E-03  5.91303E-01  9.53500E-01      -1.00000E+00  1.00000E+00
 -9.49572E-01 -5.92000E-01 -1.21190E-02  5.72775E-01  9.49798E-01      -1.00000E+00  1.00000E+00
 -9.49185E-01 -5.82430E-01  8.36100E-03  5.87635E-01  9.49713E-01      -1.00000E+00  1.00000E+00
 -9.46015E-01 -5.73635E-01  5.26475E-03  5.96477E-01  9.51005E-01      -1.00000E+00  1.00000E+00
 -9.52050E-01 -5.92480E-01 -1.14785E-02  5.80668E-01  9.51230E-01      -1.00000E+00  1.00000E+00
 -9.51560E-01 -5.77168E-01  2.44752E-02  5.97312E-01  9.54137E-01      -1.00000E+00  1.00000E+00
 -9.47325E-01 -5.76105E-01  1.60798E-02  5.92777E-01  9.52105E-01      -1.00000E+00  1.00000E+00
 -9.53692E-01 -6.03675E-01 -2.70658E-02  5.71348E-01  9.51307E-01      -1.00000E+00  1.00000E+00
 -9.52052E-01 -5.89100E-01 -8.22505E-03  5.85303E-01  9.51407E-01      -1.00000E+00  1.00000E+00
 -9.51595E-01 -5.78950E-01  2.05675E-03  5.88600E-01  9.53470E-01      -1.00000E+00  1.00000E+00
 -9.51590E-01 -5.78597E-01  8.17202E-03  5.92917E-01  9.53943E-01      -1.00000E+00  1.00000E+00
 -9.47210E-01 -5.91885E-01  2.41545E-03  5.81195E-01  9.46207E-01      -1.00000E+00  1.00000E+00
 -9.50950E-01 -5.87878E-01 -1.49707E-02  5.70310E-01  9.49620E-01      -1.00000E+00  1.00000E+00
 -9.53388E-01 -5.94715E-01  9.87152E-03  5.92488E-01  9.53117E-01      -1.00000E+00  1.00000E+00
 -9.47435E-01 -5.87690E-01  1.14477E-02  5.92248E-01  9.50902E-01      -1.00000E+00  1.00000E+00
 -9.48085E-01 -5.87823E-01 -1.18422E-02  5.83660E-01  9.51020E-01      -1.00000E+00  1.00000E+00
 -9.49693E-01 -5.91980E-01 -5.06425E-04  5.94215E-01  9.53333E-01      -1.00000E+00  1.00000E+00
 -9.49178E-01 -5.84048E-01  7.74469E-03  5.86215E-01  9.48478E-01      -1.00000E+00  1.00000E+00
 -9.50933E-01 -5.84935E-01  6.10236E-03  5.85545E-01  9.50040E-01      -1.00000E+00  1.00000E+00
 -9.50190E-01 -5.91112E-01 -1.47950E-02  5.83725E-01  9.49327E-01      -1.00000E+00  1.00000E+00
 -9.50865E-01 -5.97797E-01 -1.20962E-02  5.82485E-01  9.53223E-01      -1.00000E+00  1.00000E+00
 -9.50877E-01 -5.80255E-01  1.66015E-03  5.91938E-01  9.49535E-01      -1.00000E+00  1.00000E+00
 -9.51073E-01 -5.88480E-01  4.62518E-03  5.90365E-01  9.51747E-01      -1.00000E+00  1.00000E+00
 -9.53740E-01 -5.97063E-01 -2.38467E-02  5.84963E-01  9.47712E-01      -1.00000E+00  1.00000E+00


    1.   1.01    4.   9.01  5.00E+01  3.00E+01  3.23E-01  1.49E-01     5   0.00

  7.09080E+00  1.69110E+01  2.45190E+01  3.06730E+01  3.65410E+01       5.45190E-03  4.40850E+01

  4.90505E-01  6.90395E-01  8.06410E-01  8.96000E-01  9.68790E-01       7.30600E-03  1.00000E+00
  5.12785E-01  6.89860E-01  8.01745E-01  8.91030E-01  9.66560E-01       6.74050E-03  1.00000E+00
  4.91015E-01  6.69860E-01  7.86410E-01  8.81945E-01  9.63740E-01       7.39500E-03  1.00000E+00
  4.10270E-01  6.11295E-01  7.45220E-01  8.56800E-01  9.55360E-01       1.08920E-02  9.99990E-01
  2.62730E-01  4.31025E-01  5.53625E-01  6.69270E-01  8.13110E-01       2.56230E-03  9.99990E-01

 -9.50610E-01 -5.82087E-01  1.18145E-02  5.91587E-01  9.48880E-01      -1.00000E+00  1.00000E+00
 -9.48620E-01 -5.81830E-01 -7.20347E-04  5.83672E-01  9.50340E-01      -1.00000E+00  1.00000E+00
 -9.49067E-01 -5.89528E-01 -7.22325E-04  5.99713E-01  9.50000E-01      -1.00000E+00  1.00000E+00
 -9.50445E-01 -6.05380E-01 -2.08855E-02  5.77830E-01  9.49793E-01      -1.00000E+00  1.00000E+00
 -9.48913E-01 -5.74832E-01  1.95484E-02  5.95445E-01  9.53958E-01      -1.00000E+00  1.00000E+00
 -9.49965E-01 -5.96775E-01 -1.77547E-02  5.65695E-01  9.48880E-01      -1.00000E+00  1.00000E+00
 -9.53255E-01 -6.00893E-01  1.45798E-03  5.88600E-01  9.48745E-01      -1.00000E+00  1.00000E+00
 -9.53597E-01 -5.95398E-01 -1.33569E-02  5.82232E-01  9.48538E-01      -1.00000E+00  1.00000E+00
 -9.50295E-01 -5.84908E-01 -7.82797E-03  5.73465E-01  9.50365E-01      -1.00000E+00  1.00000E+00
 -9.51295E-01 -5.88295E-01 -7.36825E-03  5.76408E-01  9.49763E-01      -1.00000E+00  1.00000E+00
 -9.56435E-01 -6.05967E-01 -3.55765E-02  5.79435E-01  9.51302E-01      -1.00000E+00  1.00000E+00
 -9.52697E-01 -6.01197E-01 -1.43692E-02  5.74852E-01  9.50057E-01      -1.00000E+00  1.00000E+00
 -9.52462E-01 -5.99830E-01 -2.86857E-02  5.67545E-01  9.48048E-01      -1.00000E+00  1.00000E+00
 -9.49435E-01 -5.90500E-01 -9.57075E-03  5.82072E-01  9.50708E-01      -1.00000E+00  1.00000E+00
 -9.47520E-01 -5.84668E-01  7.05150E-03  5.88088E-01  9.51980E-01      -1.00000E+00  1.00000E+00
 -9.57863E-01 -6.42872E-01 -3.78148E-02  5.93620E-01  9.52392E-01      -1.00000E+00  1.00000E+00
 -9.38640E-01 -5.57503E-01  4.03188E-02  6.25310E-01  9.56350E-01      -1.00000E+00  1.00000E+00
 -9.25190E-01 -5.31068E-01  3.01153E-02  6.14170E-01  9.57812E-01      -1.00000E+00  1.00000E+00
 -8.92870E-01 -4.85102E-01  6.72685E-02  6.09197E-01  9.55263E-01      -1.00000E+00  1.00000E+00
 -9.19442E-01 -4.89290E-01  9.97380E-02  6.40565E-01  9.56560E-01      -1.00000E+00  1.00000E+00
 -2.05292E-01  1.94675E-01  4.79178E-01  7.93653E-01  9.75523E-01      -1.00000E+00  1.00000E+00
 -4.34750E-02  3.63217E-01  6.34563E-01  8.64420E-01  9.85702E-01      -1.00000E+00  1.00000E+00
  4.30250E-02  4.77720E-01  7.23187E-01  8.90777E-01  9.86460E-01      -1.00000E+00  1.00000E+00
  1.09715E-01  5.54440E-01  7.80060E-01  9.23385E-01  9.91510E-01      -1.00000E+00  1.00000E+00
  4.01475E-02  5.49682E-01  7.94365E-01  9.30805E-01  9.92760E-01      -1.00000E+00  1.00000E+00


    1.   1.01    4.   9.01  5.00E+01  4.50E+01  4.01E-01  2.08E-01     5   0.00

  8.54470E+00  1.97610E+01  2.79180E+01  3.38250E+01  4.00760E+01       2.20570E-03  4.61000E+01

  4.96805E-01  6.91870E-01  8.07540E-01  8.95705E-01  9.68615E-01       1.00110E-02  1.00000E+00
  5.00825E-01  6.78885E-01  7.93370E-01  8.85815E-01  9.64745E-01       1.52660E-02  1.00000E+00
  4.36205E-01  6.27860E-01  7.54125E-01  8.59595E-01  9.55220E-01       6.06800E-03  1.00000E+00
  3.58640E-01  5.58700E-01  6.99695E-01  8.23460E-01  9.37610E-01       3.79830E-03  1.00000E+00
  2.27230E-01  3.71945E-01  4.78715E-01  5.83075E-01  7.20405E-01       1.20560E-03  9.99530E-01

 -9.49963E-01 -5.91342E-01 -5.18477E-04  5.84662E-01  9.50170E-01      -1.00000E+00  1.00000E+00
 -9.48778E-01 -5.81745E-01  5.05560E-03  5.91213E-01  9.49960E-01      -1.00000E+00  1.00000E+00
 -9.52360E-01 -5.90147E-01 -7.04610E-03  5.85045E-01  9.48705E-01      -1.00000E+00  1.00000E+00
 -9.49700E-01 -5.89095E-01 -6.56105E-03  5.89775E-01  9.51138E-01      -1.00000E+00  1.00000E+00
 -9.53180E-01 -5.98493E-01 -5.06400E-03  5.91865E-01  9.49633E-01      -1.00000E+00  1.00000E+00
 -9.52280E-01 -6.02492E-01 -1.96240E-02  5.77395E-01  9.47805E-01      -1.00000E+00  1.00000E+00
 -9.53947E-01 -6.07897E-01 -3.22860E-02  5.58477E-01  9.47188E-01      -1.00000E+00  1.00000E+00
 -9.53225E-01 -5.99500E-01 -1.36306E-02  5.75603E-01  9.49238E-01      -1.00000E+00  1.00000E+00
 -9.50643E-01 -5.93847E-01 -8.16864E-03  5.83137E-01  9.49512E-01      -1.00000E+00  1.00000E+00
 -9.51205E-01 -5.89313E-01  5.93793E-03  5.86015E-01  9.51827E-01      -1.00000E+00  1.00000E+00
 -9.62987E-01 -6.37050E-01 -3.08038E-02  5.86527E-01  9.53035E-01      -1.00000E+00  1.00000E+00
 -9.63597E-01 -6.49105E-01 -4.31005E-02  5.86360E-01  9.51753E-01      -1.00000E+00  1.00000E+00
 -9.58820E-01 -6.28690E-01 -2.92164E-02  5.72065E-01  9.49228E-01      -1.00000E+00  1.00000E+00
 -9.62325E-01 -6.23202E-01 -2.28202E-02  5.89402E-01  9.50827E-01      -1.00000E+00  1.00000E+00
 -9.51870E-01 -5.88090E-01  9.23195E-03  5.87847E-01  9.50198E-01      -1.00000E+00  1.00000E+00
 -6.46480E-01 -2.98043E-01  1.94170E-01  6.91240E-01  9.65213E-01      -1.00000E+00  1.00000E+00
 -5.20382E-01 -8.19650E-02  3.91610E-01  7.81323E-01  9.75490E-01      -1.00000E+00  1.00000E+00
 -4.51480E-01  4.55000E-03  4.31817E-01  7.89737E-01  9.77658E-01      -1.00000E+00  1.00000E+00
 -4.44431E-01  3.39925E-02  4.33453E-01  7.82253E-01  9.75755E-01      -1.00000E+00  1.00000E+00
 -5.96278E-01 -3.62125E-02  4.06212E-01  7.61435E-01  9.73220E-01      -1.00000E+00  1.00000E+00
  3.41977E-01  5.93363E-01  7.57938E-01  9.09540E-01  9.90090E-01      -8.76650E-01  1.00000E+00
  4.05110E-01  6.62033E-01  8.15277E-01  9.29183E-01  9.92260E-01      -7.96820E-01  1.00000E+00
  4.59108E-01  7.22298E-01  8.61698E-01  9.48243E-01  9.93503E-01      -8.94840E-01  1.00000E+00
  4.94515E-01  7.64580E-01  8.88278E-01  9.61697E-01  9.95592E-01      -7.75470E-01  1.00000E+00
  5.12128E-01  7.86268E-01  9.03462E-01  9.67337E-01  9.96425E-01      -9.96110E-01  1.00000E+00


    1.   1.01    4.   9.01  5.00E+01  6.00E+01  5.33E-01  3.27E-01     5   0.00

  1.17690E+01  2.54340E+01  3.34930E+01  3.94870E+01  4.40230E+01       6.41910E-03  4.77530E+01

  5.00040E-01  6.88765E-01  8.03350E-01  8.93055E-01  9.67565E-01       7.75570E-03  1.00000E+00
  4.43370E-01  6.29280E-01  7.54870E-01  8.60455E-01  9.55020E-01       5.13680E-03  1.00000E+00
  3.46985E-01  5.47520E-01  6.91770E-01  8.21680E-01  9.43975E-01       4.43610E-03  1.00000E+00
  2.85305E-01  4.55155E-01  5.80985E-01  7.00160E-01  8.28740E-01       2.46350E-03  9.99970E-01
  1.57705E-01  2.64220E-01  3.46305E-01  4.27280E-01  5.38520E-01       6.89190E-04  9.27340E-01

 -9.52387E-01 -5.96730E-01 -2.21220E-03  5.81920E-01  9.52682E-01      -1.00000E+00  1.00000E+00
 -9.49933E-01 -5.83713E-01 -1.11690E-02  5.79433E-01  9.48235E-01      -1.00000E+00  1.00000E+00
 -9.52845E-01 -5.91080E-01  2.08350E-04  5.87840E-01  9.50420E-01      -1.00000E+00  1.00000E+00
 -9.52910E-01 -5.96505E-01 -4.07787E-03  5.92813E-01  9.49593E-01      -1.00000E+00  1.00000E+00
 -9.47828E-01 -5.85215E-01  2.56650E-04  5.83207E-01  9.51580E-01      -1.00000E+00  1.00000E+00
 -9.67880E-01 -6.94137E-01 -1.44074E-01  5.09945E-01  9.42743E-01      -1.00000E+00  1.00000E+00
 -9.62187E-01 -6.50312E-01 -6.61192E-02  5.54850E-01  9.47163E-01      -1.00000E+00  1.00000E+00
 -9.57280E-01 -6.26238E-01 -4.03765E-02  5.72573E-01  9.49295E-01      -1.00000E+00  1.00000E+00
 -9.53275E-01 -6.09023E-01 -2.13646E-02  5.79935E-01  9.49620E-01      -1.00000E+00  1.00000E+00
 -9.52043E-01 -5.89147E-01 -1.22851E-02  5.90638E-01  9.51010E-01      -1.00000E+00  1.00000E+00
 -6.76517E-01 -3.41063E-01  1.56107E-01  6.66758E-01  9.61527E-01      -1.00000E+00  1.00000E+00
 -6.31082E-01 -2.34251E-01  2.80433E-01  7.28023E-01  9.68230E-01      -1.00000E+00  1.00000E+00
 -6.20665E-01 -1.97549E-01  3.10793E-01  7.40438E-01  9.68917E-01      -1.00000E+00  1.00000E+00
 -6.34153E-01 -2.22229E-01  2.67917E-01  7.23080E-01  9.68445E-01      -1.00000E+00  1.00000E+00
 -7.79998E-01 -3.15567E-01  2.11827E-01  6.84832E-01  9.63212E-01      -1.00000E+00  1.00000E+00
  1.30468E-01  3.83780E-01  6.42505E-01  8.68230E-01  9.85430E-01      -8.53860E-01  1.00000E+00
  1.96905E-01  4.76850E-01  7.04410E-01  8.92262E-01  9.87958E-01      -8.73120E-01  1.00000E+00
  2.62757E-01  5.44382E-01  7.36215E-01  9.00423E-01  9.89433E-01      -8.97580E-01  1.00000E+00
  3.51730E-01  6.37582E-01  8.02700E-01  9.23048E-01  9.91085E-01      -8.75710E-01  1.00000E+00
  4.20262E-01  7.32815E-01  8.74695E-01  9.56057E-01  9.95067E-01      -1.00000E+00  1.00000E+00
  7.04205E-01  8.29812E-01  9.07538E-01  9.66122E-01  9.96145E-01      -1.10780E-01  1.00000E+00
  7.34287E-01  8.56975E-01  9.22758E-01  9.72133E-01  9.96857E-01      -1.66940E-02  1.00000E+00
  7.61768E-01  8.82060E-01  9.42792E-01  9.78627E-01  9.97533E-01       6.28930E-02  1.00000E+00
  7.88582E-01  9.04620E-01  9.55638E-01  9.84640E-01  9.98337E-01       5.10390E-02  1.00000E+00
  8.17160E-01  9.22157E-01  9.66530E-01  9.89097E-01  9.98842E-01       1.89120E-01  1.00000E+00


    1.   1.01    4.   9.01  5.00E+01  7.00E+01  6.68E-01  4.76E-01     5   0.00

  1.68820E+01  3.23600E+01  3.98050E+01  4.38250E+01  4.64240E+01       7.03070E-03  4.83810E+01

  4.89110E-01  6.73830E-01  7.90480E-01  8.83725E-01  9.64115E-01       1.20170E-02  1.00000E+00
  3.33460E-01  5.35270E-01  6.82865E-01  8.15650E-01  9.40790E-01       2.84480E-03  1.00000E+00
  2.68500E-01  4.41885E-01  5.79145E-01  7.15095E-01  8.55145E-01       1.88420E-03  9.99960E-01
  1.90795E-01  3.18930E-01  4.18775E-01  5.16875E-01  6.29415E-01       1.36000E-03  9.42060E-01
  1.05092E-01  1.84090E-01  2.46000E-01  3.08265E-01  3.96355E-01       2.61670E-04  7.20970E-01

 -9.55348E-01 -6.20935E-01 -6.47127E-02  5.46272E-01  9.45398E-01      -1.00000E+00  1.00000E+00
 -9.55485E-01 -6.09180E-01 -4.62262E-02  5.55383E-01  9.45133E-01      -1.00000E+00  1.00000E+00
 -9.53895E-01 -6.10683E-01 -3.92090E-02  5.65980E-01  9.47300E-01      -1.00000E+00  1.00000E+00
 -9.52325E-01 -5.97305E-01 -2.49409E-02  5.64010E-01  9.47590E-01      -1.00000E+00  1.00000E+00
 -9.51123E-01 -5.91523E-01 -3.93220E-03  5.88222E-01  9.52738E-01      -1.00000E+00  1.00000E+00
 -7.66905E-01 -5.11007E-01 -8.36925E-02  5.20660E-01  9.40790E-01      -1.00000E+00  1.00000E+00
 -7.44385E-01 -4.21142E-01  9.77525E-02  6.41285E-01  9.57395E-01      -1.00000E+00  1.00000E+00
 -7.56713E-01 -4.03070E-01  1.40573E-01  6.60625E-01  9.60630E-01      -1.00000E+00  1.00000E+00
 -8.24923E-01 -4.23283E-01  1.17738E-01  6.59560E-01  9.62175E-01      -1.00000E+00  1.00000E+00
 -9.26615E-01 -4.96968E-01  5.35608E-02  6.00570E-01  9.53090E-01      -1.00000E+00  1.00000E+00
  9.07640E-02  3.49372E-01  6.18548E-01  8.50737E-01  9.83457E-01      -8.68330E-01  1.00000E+00
  1.52300E-01  4.23020E-01  6.76612E-01  8.81660E-01  9.87313E-01      -8.70850E-01  1.00000E+00
  2.11804E-01  4.75440E-01  6.93523E-01  8.88827E-01  9.87695E-01      -8.81300E-01  1.00000E+00
  2.83061E-01  5.46020E-01  7.24788E-01  8.85880E-01  9.86717E-01      -9.20250E-01  1.00000E+00
  3.92880E-01  6.86800E-01  8.41407E-01  9.41145E-01  9.93140E-01      -1.00000E+00  1.00000E+00
  6.05218E-01  7.54487E-01  8.79983E-01  9.58125E-01  9.95393E-01      -3.82850E-03  1.00000E+00
  6.44360E-01  7.81670E-01  8.89278E-01  9.60415E-01  9.95677E-01      -1.21610E-01  1.00000E+00
  6.83903E-01  8.14145E-01  8.96242E-01  9.62077E-01  9.95677E-01       1.11170E-02  1.00000E+00
  7.45092E-01  8.64187E-01  9.27640E-01  9.71087E-01  9.96615E-01       4.46870E-02  1.00000E+00
  8.07760E-01  9.15730E-01  9.62075E-01  9.86900E-01  9.98560E-01       5.40340E-02  1.00000E+00
  8.63843E-01  9.28825E-01  9.67313E-01  9.89332E-01  9.98888E-01       4.37840E-01  1.00000E+00
  8.76803E-01  9.37080E-01  9.69135E-01  9.89415E-01  9.98855E-01       4.69580E-01  1.00000E+00
  8.89868E-01  9.47180E-01  9.74980E-01  9.90860E-01  9.99003E-01       4.97750E-01  1.00000E+00
  9.05138E-01  9.57560E-01  9.80760E-01  9.93423E-01  9.99270E-01       4.78540E-01  1.00000E+00
  9.16937E-01  9.66043E-01  9.85215E-01  9.95085E-01  9.99470E-01       5.68370E-01  1.00000E+00


    1.   1.01    4.   9.01  5.00E+01  8.00E+01  8.42E-01  6.99E-01     5   0.00

  2.91300E+01  4.16920E+01  4.51230E+01  4.69020E+01  4.81660E+01       1.02400E-02  4.88620E+01

  3.69895E-01  5.66775E-01  7.07725E-01  8.33085E-01  9.48580E-01       3.16490E-03  1.00000E+00
  2.25125E-01  3.86760E-01  5.25640E-01  6.72430E-01  8.23720E-01       2.24100E-03  9.99980E-01
  1.60150E-01  2.77075E-01  3.73470E-01  4.75150E-01  5.93990E-01       3.59130E-04  8.64370E-01
  1.17785E-01  2.07395E-01  2.78795E-01  3.49855E-01  4.36185E-01       4.26520E-04  6.96780E-01
  7.07685E-02  1.26368E-01  1.70190E-01  2.13280E-01  2.70975E-01       3.55920E-04  4.85730E-01

 -9.17125E-01 -5.80558E-01 -1.41546E-01  4.45777E-01  9.30223E-01      -1.00000E+00  1.00000E+00
 -8.98885E-01 -5.02528E-01 -1.27675E-02  5.68303E-01  9.48045E-01      -1.00000E+00  1.00000E+00
 -9.01687E-01 -4.75045E-01  3.84145E-02  6.09437E-01  9.54075E-01      -1.00000E+00  1.00000E+00
 -9.15317E-01 -4.95872E-01  1.85707E-02  5.92237E-01  9.52210E-01      -1.00000E+00  1.00000E+00
 -9.39213E-01 -5.53697E-01 -1.80017E-02  5.44180E-01  9.44470E-01      -1.00000E+00  1.00000E+00
  2.64301E-01  5.01113E-01  7.10878E-01  8.88357E-01  9.86782E-01      -7.84580E-01  1.00000E+00
  2.98253E-01  5.29250E-01  7.32113E-01  9.01365E-01  9.89117E-01      -7.59680E-01  1.00000E+00
  3.33340E-01  5.53122E-01  7.29372E-01  8.98232E-01  9.88537E-01      -7.29650E-01  1.00000E+00
  4.08122E-01  6.20823E-01  7.63633E-01  8.99687E-01  9.88252E-01      -6.49610E-01  1.00000E+00
  5.26648E-01  7.47810E-01  8.73412E-01  9.52788E-01  9.94495E-01      -9.99510E-01  1.00000E+00
  7.05515E-01  8.46778E-01  9.31435E-01  9.76990E-01  9.97592E-01       1.83060E-01  1.00000E+00
  7.26967E-01  8.49400E-01  9.31283E-01  9.76835E-01  9.97588E-01       1.03140E-01  1.00000E+00
  7.53857E-01  8.51710E-01  9.27903E-01  9.75610E-01  9.97288E-01       2.18730E-01  1.00000E+00
  7.99573E-01  8.83385E-01  9.36303E-01  9.77087E-01  9.97452E-01       2.58650E-01  1.00000E+00
  8.65583E-01  9.37017E-01  9.70183E-01  9.89457E-01  9.98830E-01       3.54060E-01  1.00000E+00
  8.56320E-01  9.27395E-01  9.69067E-01  9.89780E-01  9.98917E-01       5.42150E-01  1.00000E+00
  8.68683E-01  9.27673E-01  9.67485E-01  9.89370E-01  9.98880E-01       5.80120E-01  1.00000E+00
  8.85452E-01  9.36268E-01  9.68497E-01  9.89195E-01  9.98815E-01       5.65780E-01  1.00000E+00
  9.05642E-01  9.52762E-01  9.76350E-01  9.91258E-01  9.99012E-01       6.01680E-01  1.00000E+00
  9.30330E-01  9.70215E-01  9.86770E-01  9.95475E-01  9.99507E-01       6.83210E-01  1.00000E+00
  9.46920E-01  9.73215E-01  9.87812E-01  9.95890E-01  9.99565E-01       7.93880E-01  1.00000E+00
  9.51490E-01  9.76245E-01  9.88470E-01  9.96070E-01  9.99548E-01       8.07840E-01  1.00000E+00
  9.58065E-01  9.79807E-01  9.90653E-01  9.96648E-01  9.99622E-01       8.22240E-01  1.00000E+00
  9.63147E-01  9.83378E-01  9.92287E-01  9.97450E-01  9.99710E-01       8.42450E-01  1.00000E+00
  9.72075E-01  9.88082E-01  9.94870E-01  9.98290E-01  9.99818E-01       8.63360E-01  1.00000E+00


    1.   1.01    4.   9.01  5.00E+01  8.50E+01  9.10E-01  7.97E-01     5   0.00

  3.56690E+01  4.43280E+01  4.65580E+01  4.78020E+01  4.85990E+01       1.15110E-02  4.90360E+01

  2.95900E-01  4.96535E-01  6.52885E-01  7.99180E-01  9.31925E-01       7.01040E-04  1.00000E+00
  1.75540E-01  3.07630E-01  4.23895E-01  5.49295E-01  6.91765E-01       9.17450E-04  9.64830E-01
  1.27855E-01  2.28030E-01  3.11425E-01  3.98510E-01  5.02140E-01       1.00780E-03  7.44790E-01
  9.71060E-02  1.75380E-01  2.37995E-01  2.98985E-01  3.67225E-01       3.39750E-04  5.65350E-01
  6.28380E-02  1.11437E-01  1.46920E-01  1.79600E-01  2.20345E-01       2.28650E-04  3.71020E-01

 -4.98281E-01 -2.02935E-01  9.88050E-02  5.19400E-01  9.33922E-01      -1.00000E+00  1.00000E+00
 -4.88154E-01 -1.62493E-01  1.93252E-01  6.50255E-01  9.57765E-01      -1.00000E+00  1.00000E+00
 -4.84015E-01 -1.46175E-01  2.19018E-01  6.66725E-01  9.61255E-01      -1.00000E+00  1.00000E+00
 -4.84310E-01 -1.32305E-01  2.48625E-01  6.74667E-01  9.60640E-01      -1.00000E+00  1.00000E+00
 -6.06447E-01 -1.55620E-01  2.94907E-01  7.12377E-01  9.65662E-01      -1.00000E+00  1.00000E+00
  5.99507E-01  7.75970E-01  8.94980E-01  9.64495E-01  9.96175E-01      -1.93880E-01  1.00000E+00
  6.13152E-01  7.72203E-01  8.90200E-01  9.62638E-01  9.96020E-01      -1.09280E-01  1.00000E+00
  6.42267E-01  7.76845E-01  8.83465E-01  9.58108E-01  9.95435E-01      -8.08610E-02  1.00000E+00
  6.97465E-01  8.15508E-01  8.93410E-01  9.59527E-01  9.95552E-01      -1.73400E-01  1.00000E+00
  8.08305E-01  9.02640E-01  9.51730E-01  9.82005E-01  9.97985E-01       1.35960E-01  1.00000E+00
  8.23022E-01  9.19703E-01  9.66792E-01  9.89197E-01  9.98833E-01       4.55720E-01  1.00000E+00
  8.32553E-01  9.13950E-01  9.62748E-01  9.87898E-01  9.98732E-01       4.67730E-01  1.00000E+00
  8.49030E-01  9.15090E-01  9.60125E-01  9.86480E-01  9.98610E-01       4.22850E-01  1.00000E+00
  8.76100E-01  9.30195E-01  9.63730E-01  9.87158E-01  9.98605E-01       5.63070E-01  1.00000E+00
  9.19063E-01  9.62800E-01  9.82535E-01  9.93877E-01  9.99327E-01       6.44370E-01  1.00000E+00
  9.11192E-01  9.56638E-01  9.81917E-01  9.94208E-01  9.99387E-01       7.30350E-01  1.00000E+00
  9.17532E-01  9.55475E-01  9.80112E-01  9.93355E-01  9.99282E-01       7.24800E-01  1.00000E+00
  9.27710E-01  9.59890E-01  9.79915E-01  9.92888E-01  9.99212E-01       7.60370E-01  1.00000E+00
  9.42368E-01  9.71175E-01  9.85485E-01  9.94625E-01  9.99417E-01       7.75240E-01  1.00000E+00
  9.60195E-01  9.82712E-01  9.92275E-01  9.97422E-01  9.99720E-01       8.12020E-01  1.00000E+00
  9.64375E-01  9.80762E-01  9.91228E-01  9.97155E-01  9.99700E-01       8.91960E-01  1.00000E+00
  9.69205E-01  9.83320E-01  9.91490E-01  9.96915E-01  9.99670E-01       9.07040E-01  1.00000E+00
  9.74697E-01  9.87015E-01  9.93740E-01  9.97783E-01  9.99748E-01       9.17520E-01  1.00000E+00
  9.79575E-01  9.90595E-01  9.95560E-01  9.98433E-01  9.99830E-01       9.25220E-01  1.00000E+00
  9.85260E-01  9.93753E-01  9.97300E-01  9.99097E-01  9.99903E-01       9.40030E-01  1.00000E+00


    1.   1.01    4.   9.01  1.00E+02  0.00E+00  2.24E-01  9.06E-02     5   0.00

  1.19670E+01  2.87360E+01  4.17000E+01  5.35730E+01  6.57910E+01       2.15390E-02  8.09010E+01

  5.07205E-01  6.93555E-01  8.07880E-01  8.95145E-01  9.68315E-01       5.42620E-03  1.00000E+00
  4.60505E-01  6.56875E-01  7.81020E-01  8.80160E-01  9.62670E-01       1.64460E-02  9.99990E-01
  4.38020E-01  6.39075E-01  7.69665E-01  8.72495E-01  9.60335E-01       8.91690E-03  1.00000E+00
  4.34970E-01  6.33805E-01  7.65790E-01  8.69925E-01  9.59415E-01       6.20980E-03  1.00000E+00
  3.22725E-01  4.97230E-01  6.23390E-01  7.31550E-01  8.58110E-01       3.09880E-03  9.99980E-01

 -9.52485E-01 -5.85375E-01 -7.15655E-03  5.81398E-01  9.53282E-01      -1.00000E+00  9.99990E-01
 -9.49937E-01 -5.85060E-01  7.89547E-03  6.07792E-01  9.52220E-01      -1.00000E+00  1.00000E+00
 -9.50313E-01 -5.94095E-01  9.80077E-03  5.83040E-01  9.46900E-01      -1.00000E+00  1.00000E+00
 -9.46660E-01 -5.84867E-01  8.86710E-03  5.98403E-01  9.51400E-01      -1.00000E+00  1.00000E+00
 -9.53820E-01 -5.88722E-01  8.88100E-04  5.90983E-01  9.50360E-01      -1.00000E+00  1.00000E+00
 -9.50257E-01 -5.85985E-01 -1.17130E-03  5.84108E-01  9.51790E-01      -1.00000E+00  1.00000E+00
 -9.50083E-01 -5.87295E-01 -5.94420E-03  5.81668E-01  9.49147E-01      -1.00000E+00  9.99990E-01
 -9.47870E-01 -5.91910E-01  1.06035E-03  5.88458E-01  9.51465E-01      -1.00000E+00  1.00000E+00
 -9.48700E-01 -5.95500E-01 -1.22754E-02  5.77120E-01  9.52703E-01      -1.00000E+00  1.00000E+00
 -9.52327E-01 -5.65595E-01  1.88629E-02  5.97662E-01  9.53435E-01      -1.00000E+00  1.00000E+00
 -9.49360E-01 -5.79222E-01  1.86680E-02  5.96195E-01  9.48028E-01      -1.00000E+00  1.00000E+00
 -9.49180E-01 -5.92113E-01  7.36725E-03  5.89890E-01  9.50290E-01      -1.00000E+00  1.00000E+00
 -9.54125E-01 -6.00630E-01 -2.19177E-02  5.91908E-01  9.51240E-01      -1.00000E+00  1.00000E+00
 -9.49955E-01 -5.72148E-01  1.53665E-02  6.08803E-01  9.51115E-01      -1.00000E+00  1.00000E+00
 -9.51297E-01 -5.89490E-01 -4.44075E-04  5.73263E-01  9.51607E-01      -1.00000E+00  1.00000E+00
 -9.49810E-01 -5.81022E-01  2.25607E-02  6.01450E-01  9.51980E-01      -1.00000E+00  1.00000E+00
 -9.51910E-01 -5.79835E-01  7.54713E-03  6.02572E-01  9.53853E-01      -1.00000E+00  1.00000E+00
 -9.46845E-01 -5.85782E-01  8.62005E-03  5.89355E-01  9.52518E-01      -1.00000E+00  1.00000E+00
 -9.52122E-01 -6.03935E-01 -1.19435E-02  5.75632E-01  9.47937E-01      -1.00000E+00  1.00000E+00
 -9.46923E-01 -5.81825E-01 -1.58250E-03  5.97867E-01  9.50850E-01      -1.00000E+00  9.99990E-01
 -9.49977E-01 -5.77762E-01  1.18869E-02  5.88145E-01  9.52820E-01      -1.00000E+00  1.00000E+00
 -9.48472E-01 -5.87318E-01  1.08582E-02  5.86175E-01  9.47945E-01      -1.00000E+00  1.00000E+00
 -9.50793E-01 -6.01073E-01 -4.67167E-03  5.80095E-01  9.53260E-01      -1.00000E+00  1.00000E+00
 -9.50820E-01 -5.88805E-01 -7.53483E-03  5.79173E-01  9.51137E-01      -1.00000E+00  1.00000E+00
 -9.48610E-01 -5.72788E-01  1.68314E-02  5.95948E-01  9.49955E-01      -1.00000E+00  1.00000E+00


    1.   1.01    4.   9.01  1.00E+02  3.00E+01  2.77E-01  1.22E-01     5   0.00

  1.35150E+01  3.19920E+01  4.58090E+01  5.81610E+01  7.09720E+01       8.09940E-03  8.87530E+01

  5.05075E-01  6.90185E-01  8.04950E-01  8.93425E-01  9.67670E-01       4.28720E-03  1.00000E+00
  4.47375E-01  6.47560E-01  7.74355E-01  8.74155E-01  9.61060E-01       1.33280E-03  1.00000E+00
  4.29380E-01  6.28765E-01  7.61065E-01  8.66875E-01  9.57640E-01       6.18530E-03  1.00000E+00
  4.19005E-01  6.13775E-01  7.45950E-01  8.54975E-01  9.53695E-01       9.39180E-03  1.00000E+00
  2.82670E-01  4.47050E-01  5.72980E-01  6.95775E-01  8.41225E-01       5.11720E-04  9.99970E-01

 -9.50013E-01 -5.83110E-01  5.68605E-03  5.89743E-01  9.51227E-01      -1.00000E+00  1.00000E+00
 -9.51907E-01 -5.78460E-01  9.14467E-03  5.92355E-01  9.48635E-01      -1.00000E+00  1.00000E+00
 -9.47758E-01 -5.85597E-01  6.34733E-03  5.89468E-01  9.50408E-01      -1.00000E+00  1.00000E+00
 -9.52407E-01 -5.94348E-01 -2.48162E-03  5.82672E-01  9.47608E-01      -1.00000E+00  1.00000E+00
 -9.50675E-01 -5.74568E-01 -3.07910E-03  5.75763E-01  9.48122E-01      -1.00000E+00  1.00000E+00
 -9.51460E-01 -5.83020E-01  1.91007E-02  5.90452E-01  9.46853E-01      -1.00000E+00  1.00000E+00
 -9.52465E-01 -5.81713E-01  3.09240E-03  5.91823E-01  9.49887E-01      -1.00000E+00  1.00000E+00
 -9.48720E-01 -5.75987E-01  1.08247E-02  5.83325E-01  9.51603E-01      -1.00000E+00  1.00000E+00
 -9.51882E-01 -5.78618E-01  1.05306E-03  5.90925E-01  9.52575E-01      -1.00000E+00  1.00000E+00
 -9.50568E-01 -5.83400E-01 -1.37020E-03  5.96637E-01  9.51452E-01      -1.00000E+00  1.00000E+00
 -9.46950E-01 -5.62260E-01  3.53230E-02  6.06820E-01  9.53975E-01      -1.00000E+00  1.00000E+00
 -9.46800E-01 -5.65802E-01  4.04225E-02  6.03717E-01  9.52490E-01      -1.00000E+00  1.00000E+00
 -9.48585E-01 -5.70777E-01  2.28488E-02  6.04073E-01  9.53535E-01      -1.00000E+00  1.00000E+00
 -9.48743E-01 -5.65263E-01  3.16733E-02  6.10157E-01  9.56242E-01      -1.00000E+00  1.00000E+00
 -9.48017E-01 -5.78593E-01  4.98505E-03  6.02505E-01  9.52220E-01      -1.00000E+00  1.00000E+00
 -9.24870E-01 -4.36995E-01  2.20592E-01  7.06367E-01  9.66565E-01      -1.00000E+00  1.00000E+00
 -9.32313E-01 -4.55025E-01  1.78617E-01  6.93895E-01  9.64823E-01      -1.00000E+00  1.00000E+00
 -9.39582E-01 -5.08685E-01  1.26047E-01  6.63425E-01  9.62317E-01      -1.00000E+00  1.00000E+00
 -9.41408E-01 -5.19150E-01  1.06831E-01  6.60790E-01  9.61610E-01      -1.00000E+00  1.00000E+00
 -9.46605E-01 -5.64005E-01  3.56629E-02  6.20472E-01  9.56078E-01      -1.00000E+00  1.00000E+00
 -4.12171E-01  8.90275E-02  5.00851E-01  8.24577E-01  9.79610E-01      -1.00000E+00  1.00000E+00
 -2.54075E-01  2.57762E-01  6.23082E-01  8.70460E-01  9.85450E-01      -1.00000E+00  1.00000E+00
 -1.50483E-01  3.56978E-01  6.72003E-01  8.86198E-01  9.87402E-01      -1.00000E+00  1.00000E+00
 -5.18700E-02  4.34148E-01  7.22098E-01  8.97250E-01  9.89255E-01      -9.99990E-01  1.00000E+00
 -9.41600E-02  4.47570E-01  7.34480E-01  9.06923E-01  9.89695E-01      -1.00000E+00  1.00000E+00


    1.   1.01    4.   9.01  1.00E+02  4.50E+01  3.51E-01  1.73E-01     5   0.00

  1.60770E+01  3.66810E+01  5.17330E+01  6.43140E+01  7.78850E+01       8.91850E-03  9.29280E+01

  5.01915E-01  6.88085E-01  8.01825E-01  8.92240E-01  9.67045E-01       6.01290E-03  1.00000E+00
  4.26315E-01  6.30295E-01  7.63070E-01  8.68205E-01  9.58525E-01       6.55560E-03  1.00000E+00
  4.10455E-01  6.08445E-01  7.42420E-01  8.52875E-01  9.52645E-01       6.64600E-03  1.00000E+00
  3.72125E-01  5.62290E-01  6.98760E-01  8.22625E-01  9.41960E-01       4.00760E-03  1.00000E+00
  2.49535E-01  3.94895E-01  5.09105E-01  6.23110E-01  7.66495E-01       2.66900E-03  9.99870E-01

 -9.52045E-01 -5.96305E-01 -5.20485E-03  5.79885E-01  9.50210E-01      -1.00000E+00  1.00000E+00
 -9.46492E-01 -5.68930E-01  1.90820E-02  5.95578E-01  9.51398E-01      -1.00000E+00  1.00000E+00
 -9.50243E-01 -5.86275E-01 -3.00250E-04  5.87580E-01  9.50978E-01      -1.00000E+00  1.00000E+00
 -9.51420E-01 -5.92555E-01 -4.39710E-03  5.87475E-01  9.50887E-01      -1.00000E+00  1.00000E+00
 -9.50527E-01 -5.90557E-01 -5.82160E-03  5.78380E-01  9.49917E-01      -1.00000E+00  1.00000E+00
 -9.46685E-01 -5.78875E-01  1.34980E-02  5.94875E-01  9.53582E-01      -1.00000E+00  1.00000E+00
 -9.49032E-01 -5.65113E-01  2.94465E-02  6.04403E-01  9.54417E-01      -1.00000E+00  1.00000E+00
 -9.50527E-01 -5.83982E-01  6.56225E-03  5.94662E-01  9.51300E-01      -1.00000E+00  1.00000E+00
 -9.50553E-01 -5.92825E-01  3.65550E-03  5.91333E-01  9.50465E-01      -1.00000E+00  1.00000E+00
 -9.49930E-01 -5.84740E-01 -2.97950E-04  5.93618E-01  9.51192E-01      -1.00000E+00  1.00000E+00
 -9.37123E-01 -4.99965E-01  1.29742E-01  6.64717E-01  9.62017E-01      -1.00000E+00  1.00000E+00
 -9.40758E-01 -5.11083E-01  1.19511E-01  6.61002E-01  9.62477E-01      -1.00000E+00  1.00000E+00
 -9.40013E-01 -5.22263E-01  8.86752E-02  6.44558E-01  9.57618E-01      -1.00000E+00  1.00000E+00
 -9.43620E-01 -5.39098E-01  7.17273E-02  6.34292E-01  9.58318E-01      -1.00000E+00  1.00000E+00
 -9.48327E-01 -5.55663E-01  4.75288E-02  6.20883E-01  9.56300E-01      -1.00000E+00  1.00000E+00
 -7.89062E-01 -2.42650E-01  3.65968E-01  7.79162E-01  9.74760E-01      -1.00000E+00  1.00000E+00
 -6.94600E-01 -1.36942E-01  4.20747E-01  7.94068E-01  9.77505E-01      -1.00000E+00  1.00000E+00
 -6.73198E-01 -1.39825E-01  4.07280E-01  7.81948E-01  9.75187E-01      -1.00000E+00  1.00000E+00
 -6.68100E-01 -1.38828E-01  3.86548E-01  7.80210E-01  9.75723E-01      -1.00000E+00  1.00000E+00
 -8.00523E-01 -2.46302E-01  3.14613E-01  7.37245E-01  9.69598E-01      -1.00000E+00  1.00000E+00
  2.09683E-01  5.43467E-01  7.86018E-01  9.26670E-01  9.91607E-01      -9.88360E-01  1.00000E+00
  2.79331E-01  6.15107E-01  8.12415E-01  9.34818E-01  9.92897E-01      -9.14240E-01  1.00000E+00
  3.27757E-01  6.50068E-01  8.25277E-01  9.38718E-01  9.92833E-01      -9.98850E-01  1.00000E+00
  3.87208E-01  6.96475E-01  8.54802E-01  9.48072E-01  9.94638E-01      -9.31570E-01  1.00000E+00
  3.64754E-01  7.18932E-01  8.72953E-01  9.57750E-01  9.95510E-01      -9.99990E-01  1.00000E+00


    1.   1.01    4.   9.01  1.00E+02  6.00E+01  4.72E-01  2.73E-01     5   0.00

  2.12420E+01  4.57880E+01  6.21690E+01  7.49700E+01  8.67030E+01       2.09940E-02  9.58370E+01

  4.79550E-01  6.71360E-01  7.91045E-01  8.85000E-01  9.64410E-01       5.39190E-03  9.99990E-01
  4.05565E-01  6.05430E-01  7.40150E-01  8.52920E-01  9.52355E-01       4.26580E-03  1.00000E+00
  3.61325E-01  5.51645E-01  6.91350E-01  8.17405E-01  9.39075E-01       5.00640E-03  1.00000E+00
  3.06640E-01  4.72840E-01  6.03950E-01  7.33865E-01  8.80695E-01       2.51470E-03  1.00000E+00
  1.80055E-01  2.90995E-01  3.80365E-01  4.73270E-01  5.99880E-01       9.46750E-04  9.95650E-01

 -9.52217E-01 -6.03413E-01 -1.68960E-02  5.87700E-01  9.52035E-01      -1.00000E+00  1.00000E+00
 -9.52170E-01 -5.76743E-01  9.18175E-04  5.87850E-01  9.51863E-01      -1.00000E+00  1.00000E+00
 -9.50805E-01 -5.87035E-01 -4.63191E-03  5.85797E-01  9.51218E-01      -1.00000E+00  1.00000E+00
 -9.51372E-01 -5.89395E-01  4.10300E-03  5.89805E-01  9.51070E-01      -1.00000E+00  1.00000E+00
 -9.52102E-01 -5.86560E-01 -3.64615E-03  5.83853E-01  9.50697E-01      -1.00000E+00  1.00000E+00
 -9.51610E-01 -5.66092E-01  3.58399E-02  6.06365E-01  9.54685E-01      -1.00000E+00  1.00000E+00
 -9.46292E-01 -5.56442E-01  4.26683E-02  6.22125E-01  9.55027E-01      -1.00000E+00  1.00000E+00
 -9.44477E-01 -5.51457E-01  5.54145E-02  6.25975E-01  9.55465E-01      -1.00000E+00  1.00000E+00
 -9.45022E-01 -5.63588E-01  3.71095E-02  6.13733E-01  9.55195E-01      -1.00000E+00  1.00000E+00
 -9.46645E-01 -5.61225E-01  3.35380E-02  6.10740E-01  9.56708E-01      -1.00000E+00  1.00000E+00
 -8.33618E-01 -3.29435E-01  3.05163E-01  7.52858E-01  9.72558E-01      -1.00000E+00  1.00000E+00
 -8.02358E-01 -2.32798E-01  3.56875E-01  7.64977E-01  9.73287E-01      -1.00000E+00  1.00000E+00
 -8.06667E-01 -2.51370E-01  3.38725E-01  7.60313E-01  9.72265E-01      -1.00000E+00  1.00000E+00
 -8.54210E-01 -3.15540E-01  3.02550E-01  7.41250E-01  9.71513E-01      -1.00000E+00  1.00000E+00
 -9.23177E-01 -4.62813E-01  1.58205E-01  6.78488E-01  9.62890E-01      -1.00000E+00  1.00000E+00
 -6.92615E-02  3.40897E-01  6.85780E-01  8.92095E-01  9.88687E-01      -9.63490E-01  1.00000E+00
  1.53675E-02  4.35018E-01  7.34250E-01  9.08740E-01  9.90115E-01      -9.97780E-01  1.00000E+00
  5.50850E-02  4.56615E-01  7.38295E-01  9.10883E-01  9.90708E-01      -9.79280E-01  1.00000E+00
  9.38625E-02  4.68460E-01  7.27135E-01  9.01323E-01  9.89308E-01      -1.00000E+00  1.00000E+00
  2.70150E-02  4.81370E-01  7.40173E-01  9.04700E-01  9.89435E-01      -9.99980E-01  1.00000E+00
  6.26667E-01  7.91165E-01  9.00120E-01  9.67090E-01  9.96468E-01      -3.94350E-01  1.00000E+00
  6.54825E-01  8.23867E-01  9.15595E-01  9.72497E-01  9.96873E-01      -2.42750E-01  1.00000E+00
  6.83968E-01  8.40847E-01  9.22370E-01  9.72070E-01  9.96952E-01      -3.24390E-01  1.00000E+00
  7.20103E-01  8.67522E-01  9.39642E-01  9.78710E-01  9.97660E-01      -3.57310E-01  1.00000E+00
  7.53035E-01  8.92995E-01  9.52452E-01  9.84165E-01  9.98230E-01      -2.47380E-01  1.00000E+00


    1.   1.01    4.   9.01  1.00E+02  7.00E+01  5.98E-01  4.04E-01     5   0.00

  2.92590E+01  5.82920E+01  7.48260E+01  8.56510E+01  9.24610E+01       7.84620E-03  9.71500E+01

  4.54200E-01  6.48790E-01  7.73975E-01  8.74790E-01  9.61110E-01       2.59660E-03  1.00000E+00
  3.54715E-01  5.46270E-01  6.86495E-01  8.12860E-01  9.36210E-01       3.14350E-03  9.99990E-01
  2.92675E-01  4.59835E-01  5.95700E-01  7.36170E-01  8.98385E-01       3.91230E-03  1.00000E+00
  2.12740E-01  3.38415E-01  4.43860E-01  5.57430E-01  6.97900E-01       4.24310E-04  9.98530E-01
  1.13700E-01  1.91290E-01  2.55095E-01  3.23365E-01  4.17730E-01       3.33310E-04  7.91600E-01

 -9.51497E-01 -5.92482E-01 -5.73650E-03  5.81995E-01  9.51300E-01      -1.00000E+00  1.00000E+00
 -9.50220E-01 -5.86963E-01 -2.71000E-04  5.92013E-01  9.52247E-01      -1.00000E+00  1.00000E+00
 -9.50745E-01 -5.83137E-01  6.22333E-03  5.86157E-01  9.51632E-01      -1.00000E+00  1.00000E+00
 -9.51807E-01 -5.88767E-01 -7.00435E-03  5.86230E-01  9.51993E-01      -1.00000E+00  1.00000E+00
 -9.50965E-01 -5.89910E-01 -7.62555E-03  5.84117E-01  9.48025E-01      -1.00000E+00  1.00000E+00
 -9.25138E-01 -5.22237E-01  1.05250E-01  6.62767E-01  9.62122E-01      -1.00000E+00  1.00000E+00
 -9.05090E-01 -4.21172E-01  2.07491E-01  7.05090E-01  9.67952E-01      -1.00000E+00  1.00000E+00
 -9.06985E-01 -4.06297E-01  2.20780E-01  7.11355E-01  9.67780E-01      -1.00000E+00  1.00000E+00
 -9.19870E-01 -4.40487E-01  1.97620E-01  7.05148E-01  9.65960E-01      -1.00000E+00  1.00000E+00
 -9.45725E-01 -5.23168E-01  1.15038E-01  6.57902E-01  9.61847E-01      -1.00000E+00  1.00000E+00
 -1.34163E-01  2.79133E-01  6.50927E-01  8.78348E-01  9.86818E-01      -9.92060E-01  1.00000E+00
 -6.24025E-02  3.76020E-01  7.05975E-01  8.99927E-01  9.89485E-01      -9.95360E-01  1.00000E+00
 -5.51500E-02  3.75767E-01  7.03402E-01  8.98775E-01  9.89030E-01      -9.93820E-01  1.00000E+00
 -5.72175E-02  3.48090E-01  6.73763E-01  8.86500E-01  9.87345E-01      -9.99580E-01  1.00000E+00
 -2.05030E-01  2.45449E-01  5.85055E-01  8.37580E-01  9.82053E-01      -1.00000E+00  1.00000E+00
  4.95290E-01  7.10257E-01  8.67325E-01  9.55815E-01  9.95265E-01      -3.95550E-01  1.00000E+00
  5.40028E-01  7.46563E-01  8.85957E-01  9.61737E-01  9.95960E-01      -4.13740E-01  1.00000E+00
  5.76678E-01  7.59095E-01  8.85280E-01  9.61425E-01  9.95870E-01      -4.21230E-01  1.00000E+00
  6.27613E-01  7.93065E-01  8.91775E-01  9.61350E-01  9.95835E-01      -4.15710E-01  1.00000E+00
  7.21363E-01  8.67193E-01  9.37085E-01  9.77715E-01  9.97538E-01      -1.97570E-01  1.00000E+00
  8.49023E-01  9.28092E-01  9.69302E-01  9.90182E-01  9.98990E-01       3.58210E-01  1.00000E+00
  8.58795E-01  9.32475E-01  9.70345E-01  9.90305E-01  9.98970E-01       4.28600E-01  1.00000E+00
  8.68820E-01  9.36350E-01  9.70565E-01  9.90117E-01  9.98965E-01       4.13250E-01  1.00000E+00
  8.85165E-01  9.46150E-01  9.75075E-01  9.91267E-01  9.99020E-01       4.85270E-01  1.00000E+00
  9.08965E-01  9.60612E-01  9.82592E-01  9.94190E-01  9.99375E-01       5.76160E-01  1.00000E+00


    1.   1.01    4.   9.01  1.00E+02  8.00E+01  8.08E-01  6.69E-01     5   0.00

  5.38100E+01  8.35280E+01  9.11250E+01  9.44500E+01  9.69130E+01       1.18370E-02  9.81540E+01

  3.63270E-01  5.54965E-01  6.94030E-01  8.18870E-01  9.40015E-01       3.45000E-03  1.00000E+00
  2.10460E-01  3.50885E-01  4.80525E-01  6.30275E-01  8.13250E-01       8.27750E-04  1.00000E+00
  1.35640E-01  2.29720E-01  3.13295E-01  4.14775E-01  5.56415E-01       6.88300E-04  8.77070E-01
  9.87275E-02  1.71925E-01  2.34355E-01  3.04845E-01  3.98175E-01       5.55680E-04  6.51400E-01
  6.01200E-02  1.07424E-01  1.45500E-01  1.83780E-01  2.35075E-01       4.56610E-04  4.49470E-01

 -9.19130E-01 -5.12055E-01  2.87150E-02  6.02912E-01  9.52878E-01      -1.00000E+00  1.00000E+00
 -8.94810E-01 -4.30348E-01  1.55528E-01  6.72820E-01  9.61215E-01      -1.00000E+00  1.00000E+00
 -8.97170E-01 -4.23495E-01  1.79485E-01  6.81805E-01  9.63548E-01      -1.00000E+00  1.00000E+00
 -9.11235E-01 -4.55838E-01  1.32833E-01  6.60010E-01  9.60892E-01      -1.00000E+00  1.00000E+00
 -9.41033E-01 -5.50460E-01  3.79577E-02  6.17627E-01  9.57010E-01      -1.00000E+00  1.00000E+00
  2.84672E-01  5.57020E-01  7.75377E-01  9.23377E-01  9.91732E-01      -7.58400E-01  1.00000E+00
  3.15845E-01  5.95758E-01  8.08667E-01  9.36702E-01  9.93302E-01      -8.20960E-01  1.00000E+00
  3.22815E-01  5.86085E-01  7.96913E-01  9.32567E-01  9.92937E-01      -8.27540E-01  1.00000E+00
  3.44808E-01  5.98108E-01  7.74348E-01  9.18300E-01  9.91185E-01      -7.97260E-01  1.00000E+00
  3.86820E-01  6.73280E-01  8.31555E-01  9.33918E-01  9.91725E-01      -9.99990E-01  1.00000E+00
  7.71040E-01  9.06365E-01  9.62280E-01  9.88095E-01  9.98743E-01       2.74580E-01  1.00000E+00
  7.71232E-01  9.00875E-01  9.58517E-01  9.86675E-01  9.98585E-01       2.90760E-01  1.00000E+00
  7.79630E-01  8.91690E-01  9.53423E-01  9.85067E-01  9.98345E-01       3.27020E-01  1.00000E+00
  8.00223E-01  8.86602E-01  9.46333E-01  9.82045E-01  9.98162E-01       3.40930E-01  1.00000E+00
  8.72677E-01  9.34708E-01  9.67160E-01  9.88047E-01  9.98670E-01       3.94060E-01  1.00000E+00
  8.94882E-01  9.61597E-01  9.84633E-01  9.95245E-01  9.99490E-01       5.98820E-01  1.00000E+00
  8.94187E-01  9.57083E-01  9.82722E-01  9.94515E-01  9.99410E-01       6.33390E-01  1.00000E+00
  9.00097E-01  9.53085E-01  9.80278E-01  9.93680E-01  9.99355E-01       5.49810E-01  1.00000E+00
  9.13665E-01  9.55318E-01  9.79038E-01  9.92920E-01  9.99232E-01       6.67900E-01  1.00000E+00
  9.41388E-01  9.72412E-01  9.87205E-01  9.95570E-01  9.99518E-01       7.18880E-01  1.00000E+00
  9.59867E-01  9.82795E-01  9.92968E-01  9.97780E-01  9.99773E-01       8.40060E-01  1.00000E+00
  9.62448E-01  9.81890E-01  9.91712E-01  9.97332E-01  9.99710E-01       8.46810E-01  1.00000E+00
  9.66720E-01  9.83877E-01  9.92468E-01  9.97420E-01  9.99715E-01       8.58980E-01  1.00000E+00
  9.71905E-01  9.86965E-01  9.94005E-01  9.97935E-01  9.99780E-01       8.69010E-01  1.00000E+00
  9.78883E-01  9.90787E-01  9.95947E-01  9.98625E-01  9.99847E-01       8.91070E-01  1.00000E+00


    1.   1.01    4.   9.01  1.00E+02  8.50E+01  9.18E-01  8.29E-01     5   0.00

  7.81550E+01  9.20520E+01  9.52140E+01  9.69240E+01  9.79110E+01       7.17400E-02  9.86010E+01

  2.42110E-01  4.13810E-01  5.61975E-01  7.16930E-01  8.77295E-01       1.58290E-03  1.00000E+00
  1.20200E-01  2.09255E-01  2.92170E-01  3.98350E-01  5.53890E-01       4.58370E-04  8.53370E-01
  8.70205E-02  1.57685E-01  2.20900E-01  2.95525E-01  3.99450E-01       3.27250E-04  6.38490E-01
  7.00640E-02  1.28510E-01  1.77115E-01  2.27045E-01  2.81900E-01       9.78600E-05  4.43840E-01
  4.58050E-02  7.98475E-02  1.05721E-01  1.31230E-01  1.63730E-01       1.94480E-04  2.70300E-01

 -2.48690E-01  1.56957E-01  4.67124E-01  7.69287E-01  9.73305E-01      -1.00000E+00  1.00000E+00
 -2.48470E-01  1.65268E-01  5.13302E-01  8.22723E-01  9.80422E-01      -1.00000E+00  1.00000E+00
 -2.60285E-01  1.34810E-01  4.87268E-01  8.13860E-01  9.79053E-01      -1.00000E+00  1.00000E+00
 -2.55715E-01  1.15757E-01  4.55185E-01  7.75995E-01  9.75092E-01      -1.00000E+00  1.00000E+00
 -2.34005E-01  1.09798E-01  4.58262E-01  7.62775E-01  9.71560E-01      -1.00000E+00  1.00000E+00
  8.13385E-01  9.31645E-01  9.73073E-01  9.91523E-01  9.99120E-01       2.97570E-01  1.00000E+00
  8.03053E-01  9.20988E-01  9.68415E-01  9.90152E-01  9.99000E-01       2.54440E-01  1.00000E+00
  7.95935E-01  9.07930E-01  9.62220E-01  9.87962E-01  9.98748E-01       3.04270E-01  1.00000E+00
  8.08782E-01  8.94498E-01  9.51542E-01  9.83958E-01  9.98300E-01       3.34000E-01  1.00000E+00
  8.75250E-01  9.34240E-01  9.66600E-01  9.88120E-01  9.98638E-01       4.79620E-01  1.00000E+00
  9.23183E-01  9.73812E-01  9.89758E-01  9.96762E-01  9.99655E-01       6.70770E-01  1.00000E+00
  9.12440E-01  9.68180E-01  9.87265E-01  9.95988E-01  9.99585E-01       6.83680E-01  1.00000E+00
  9.10882E-01  9.62333E-01  9.84683E-01  9.95073E-01  9.99470E-01       6.99740E-01  1.00000E+00
  9.18292E-01  9.56800E-01  9.80827E-01  9.93680E-01  9.99340E-01       7.49200E-01  1.00000E+00
  9.48883E-01  9.74145E-01  9.87313E-01  9.95422E-01  9.99495E-01       7.96940E-01  1.00000E+00
  9.56333E-01  9.84258E-01  9.93827E-01  9.98062E-01  9.99792E-01       8.54730E-01  1.00000E+00
  9.54315E-01  9.80450E-01  9.91938E-01  9.97435E-01  9.99727E-01       8.52170E-01  1.00000E+00
  9.57987E-01  9.78315E-01  9.90495E-01  9.96932E-01  9.99683E-01       8.66560E-01  1.00000E+00
  9.66822E-01  9.81867E-01  9.90755E-01  9.96705E-01  9.99645E-01       8.76020E-01  1.00000E+00
  9.80313E-01  9.90878E-01  9.95730E-01  9.98515E-01  9.99835E-01       8.98680E-01  1.00000E+00
  9.81022E-01  9.91542E-01  9.96428E-01  9.98830E-01  9.99880E-01       9.39590E-01  1.00000E+00
  9.83440E-01  9.92152E-01  9.96587E-01  9.98868E-01  9.99877E-01       9.49140E-01  1.00000E+00
  9.85600E-01  9.93080E-01  9.96893E-01  9.98943E-01  9.99890E-01       9.51680E-01  1.00000E+00
  9.88258E-01  9.94495E-01  9.97488E-01  9.99158E-01  9.99908E-01       9.61160E-01  1.00000E+00
  9.92255E-01  9.96512E-01  9.98437E-01  9.99483E-01  9.99942E-01       9.68550E-01  1.00000E+00


    1.   1.01    4.   9.01  2.00E+02  0.00E+00  1.79E-01  6.75E-02     5   0.00

  2.21670E+01  5.15180E+01  7.61710E+01  1.00170E+02  1.27290E+02       3.16940E-02  1.63720E+02

  4.79020E-01  6.75085E-01  7.93605E-01  8.87550E-01  9.65365E-01       6.07770E-03  1.00000E+00
  4.37895E-01  6.40130E-01  7.71080E-01  8.73615E-01  9.61070E-01       5.68360E-03  1.00000E+00
  4.29935E-01  6.34935E-01  7.67700E-01  8.71900E-01  9.60345E-01       1.43660E-02  1.00000E+00
  4.21335E-01  6.22440E-01  7.56005E-01  8.63455E-01  9.57310E-01       9.37190E-03  1.00000E+00
  3.21490E-01  4.96665E-01  6.29255E-01  7.49630E-01  8.81785E-01       8.65570E-03  9.99980E-01

 -9.53557E-01 -5.92332E-01  5.27825E-03  5.95310E-01  9.53170E-01      -1.00000E+00  1.00000E+00
 -9.52070E-01 -6.08805E-01 -1.60915E-02  5.72048E-01  9.45760E-01      -1.00000E+00  1.00000E+00
 -9.52825E-01 -5.98475E-01 -1.90863E-02  5.83583E-01  9.49802E-01      -1.00000E+00  9.99990E-01
 -9.50138E-01 -5.81745E-01 -4.36095E-03  5.88097E-01  9.50063E-01      -1.00000E+00  1.00000E+00
 -9.51090E-01 -5.91510E-01 -1.73075E-02  5.76835E-01  9.49555E-01      -1.00000E+00  1.00000E+00
 -9.46278E-01 -5.69993E-01  2.43591E-02  5.91030E-01  9.51908E-01      -1.00000E+00  1.00000E+00
 -9.53480E-01 -5.90625E-01  1.60913E-02  5.96747E-01  9.54923E-01      -1.00000E+00  1.00000E+00
 -9.47490E-01 -5.87770E-01  2.64465E-03  6.01375E-01  9.57597E-01      -1.00000E+00  1.00000E+00
 -9.53333E-01 -5.86815E-01  1.26751E-02  5.85642E-01  9.51353E-01      -1.00000E+00  1.00000E+00
 -9.51732E-01 -5.89687E-01 -3.95460E-03  5.85058E-01  9.50732E-01      -1.00000E+00  1.00000E+00
 -9.48885E-01 -5.76815E-01  2.49232E-02  6.02435E-01  9.51947E-01      -1.00000E+00  9.99980E-01
 -9.48892E-01 -5.85180E-01  2.60057E-03  5.85997E-01  9.48535E-01      -1.00000E+00  1.00000E+00
 -9.50365E-01 -5.95843E-01 -1.36633E-02  5.82395E-01  9.50598E-01      -1.00000E+00  1.00000E+00
 -9.48533E-01 -5.70515E-01  1.56329E-02  5.81385E-01  9.51307E-01      -1.00000E+00  1.00000E+00
 -9.50788E-01 -5.95182E-01 -1.30435E-02  5.75362E-01  9.47852E-01      -1.00000E+00  1.00000E+00
 -9.49427E-01 -5.85713E-01  1.67853E-03  5.96932E-01  9.53245E-01      -1.00000E+00  1.00000E+00
 -9.51410E-01 -5.89668E-01 -1.01036E-02  5.85222E-01  9.50972E-01      -1.00000E+00  1.00000E+00
 -9.49828E-01 -5.94538E-01  1.09128E-02  5.99505E-01  9.50210E-01      -1.00000E+00  1.00000E+00
 -9.52488E-01 -5.79773E-01  8.03252E-03  5.94577E-01  9.49055E-01      -1.00000E+00  1.00000E+00
 -9.51045E-01 -5.87295E-01 -1.05832E-02  5.81045E-01  9.48448E-01      -1.00000E+00  1.00000E+00
 -9.45555E-01 -5.75093E-01  2.15560E-02  5.92745E-01  9.52240E-01      -1.00000E+00  1.00000E+00
 -9.56905E-01 -6.08243E-01 -2.31093E-02  5.73913E-01  9.49272E-01      -1.00000E+00  1.00000E+00
 -9.52125E-01 -5.88515E-01 -1.90692E-03  5.72940E-01  9.51400E-01      -1.00000E+00  1.00000E+00
 -9.49767E-01 -5.71715E-01  2.93250E-02  6.00448E-01  9.55248E-01      -1.00000E+00  1.00000E+00
 -9.51300E-01 -5.76788E-01  2.80015E-02  5.90947E-01  9.47650E-01      -1.00000E+00  1.00000E+00


    1.   1.01    4.   9.01  2.00E+02  3.00E+01  2.29E-01  9.49E-02     5   0.00

  2.52560E+01  5.74140E+01  8.39830E+01  1.09130E+02  1.36950E+02       1.95510E-02  1.77950E+02

  4.72985E-01  6.66130E-01  7.87365E-01  8.83630E-01  9.64045E-01       1.45600E-02  1.00000E+00
  4.29375E-01  6.34245E-01  7.65705E-01  8.71155E-01  9.59990E-01       1.37850E-02  1.00000E+00
  4.19060E-01  6.22485E-01  7.57765E-01  8.65975E-01  9.58050E-01       6.36040E-03  9.99990E-01
  4.00940E-01  5.99595E-01  7.33130E-01  8.47580E-01  9.50215E-01       1.08450E-02  1.00000E+00
  2.89920E-01  4.54290E-01  5.81665E-01  7.06965E-01  8.55890E-01       4.41050E-03  1.00000E+00

 -9.52505E-01 -5.85287E-01  1.03701E-02  5.96637E-01  9.48902E-01      -1.00000E+00  1.00000E+00
 -9.52943E-01 -5.88935E-01  1.90285E-03  5.78200E-01  9.52832E-01      -1.00000E+00  1.00000E+00
 -9.51565E-01 -5.86218E-01  4.03395E-03  5.95973E-01  9.51710E-01      -1.00000E+00  1.00000E+00
 -9.49628E-01 -5.82385E-01 -3.49750E-04  5.79405E-01  9.46475E-01      -1.00000E+00  1.00000E+00
 -9.52323E-01 -5.89390E-01 -2.53810E-03  5.87300E-01  9.52792E-01      -1.00000E+00  1.00000E+00
 -9.48067E-01 -5.54438E-01  2.95778E-02  6.09747E-01  9.57070E-01      -1.00000E+00  1.00000E+00
 -9.46078E-01 -5.58752E-01  3.06774E-02  6.14318E-01  9.54468E-01      -1.00000E+00  1.00000E+00
 -9.49690E-01 -5.81445E-01  2.47980E-02  6.10923E-01  9.55415E-01      -1.00000E+00  1.00000E+00
 -9.48215E-01 -5.79553E-01  6.28095E-03  5.90812E-01  9.51690E-01      -1.00000E+00  1.00000E+00
 -9.52047E-01 -5.81797E-01  1.36406E-02  5.88967E-01  9.51455E-01      -1.00000E+00  1.00000E+00
 -9.38275E-01 -5.19915E-01  1.04271E-01  6.56965E-01  9.61483E-01      -1.00000E+00  1.00000E+00
 -9.36138E-01 -5.14628E-01  9.59923E-02  6.34657E-01  9.58962E-01      -1.00000E+00  1.00000E+00
 -9.39825E-01 -5.35260E-01  7.83660E-02  6.35055E-01  9.61765E-01      -1.00000E+00  1.00000E+00
 -9.43227E-01 -5.47342E-01  6.78837E-02  6.34635E-01  9.54775E-01      -1.00000E+00  1.00000E+00
 -9.46305E-01 -5.51148E-01  3.29352E-02  5.97808E-01  9.53695E-01      -1.00000E+00  1.00000E+00
 -9.02530E-01 -3.35315E-01  2.89992E-01  7.42935E-01  9.71193E-01      -1.00000E+00  1.00000E+00
 -9.07342E-01 -3.50973E-01  2.91312E-01  7.30737E-01  9.69470E-01      -1.00000E+00  1.00000E+00
 -9.17133E-01 -3.99750E-01  2.29465E-01  7.18765E-01  9.69293E-01      -1.00000E+00  1.00000E+00
 -9.26142E-01 -4.37943E-01  2.12480E-01  7.02710E-01  9.68633E-01      -1.00000E+00  1.00000E+00
 -9.32950E-01 -4.87740E-01  1.22137E-01  6.54335E-01  9.61385E-01      -1.00000E+00  1.00000E+00
 -4.82802E-01  1.56410E-01  6.00255E-01  8.65162E-01  9.84503E-01      -1.00000E+00  1.00000E+00
 -3.75670E-01  2.32136E-01  6.43168E-01  8.79168E-01  9.86607E-01      -1.00000E+00  1.00000E+00
 -3.21909E-01  2.66559E-01  6.48367E-01  8.75557E-01  9.86180E-01      -1.00000E+00  1.00000E+00
 -2.76477E-01  2.98403E-01  6.63345E-01  8.81352E-01  9.87237E-01      -1.00000E+00  1.00000E+00
 -3.22243E-01  2.64280E-01  6.41140E-01  8.68343E-01  9.85137E-01      -1.00000E+00  1.00000E+00


    1.   1.01    4.   9.01  2.00E+02  4.50E+01  3.00E-01  1.39E-01     5   0.00

  2.97100E+01  6.60880E+01  9.50910E+01  1.21410E+02  1.50100E+02       1.16220E-02  1.85460E+02

  4.67015E-01  6.61210E-01  7.83720E-01  8.80965E-01  9.63925E-01       5.82820E-03  1.00000E+00
  4.21250E-01  6.24420E-01  7.57985E-01  8.65075E-01  9.57790E-01       4.22640E-03  1.00000E+00
  4.02215E-01  6.01010E-01  7.37450E-01  8.50850E-01  9.52250E-01       1.21510E-02  1.00000E+00
  3.64065E-01  5.53670E-01  6.92600E-01  8.17135E-01  9.37840E-01       2.80280E-03  1.00000E+00
  2.56980E-01  4.03275E-01  5.22500E-01  6.43045E-01  7.98820E-01       7.38540E-03  9.99950E-01

 -9.53248E-01 -5.87797E-01 -3.74455E-03  5.83442E-01  9.52333E-01      -1.00000E+00  1.00000E+00
 -9.51053E-01 -5.84190E-01 -1.72020E-03  5.84080E-01  9.48460E-01      -1.00000E+00  1.00000E+00
 -9.51533E-01 -5.89668E-01 -9.53478E-03  5.81490E-01  9.49435E-01      -1.00000E+00  1.00000E+00
 -9.51163E-01 -5.91935E-01 -8.37950E-03  5.76305E-01  9.50260E-01      -1.00000E+00  1.00000E+00
 -9.51782E-01 -5.97127E-01 -1.43931E-02  5.82570E-01  9.50370E-01      -1.00000E+00  1.00000E+00
 -9.46510E-01 -5.42007E-01  4.62149E-02  6.20047E-01  9.51838E-01      -1.00000E+00  1.00000E+00
 -9.43943E-01 -5.64083E-01  4.10223E-02  6.14820E-01  9.52385E-01      -1.00000E+00  1.00000E+00
 -9.45660E-01 -5.52130E-01  5.11083E-02  6.07943E-01  9.58335E-01      -1.00000E+00  1.00000E+00
 -9.46185E-01 -5.71457E-01  2.94251E-02  6.06548E-01  9.52412E-01      -1.00000E+00  1.00000E+00
 -9.51785E-01 -5.63532E-01  4.98546E-02  6.14187E-01  9.54888E-01      -1.00000E+00  1.00000E+00
 -9.18238E-01 -3.90018E-01  2.37278E-01  7.21797E-01  9.69527E-01      -1.00000E+00  1.00000E+00
 -9.17223E-01 -4.14782E-01  2.21235E-01  7.02407E-01  9.65102E-01      -1.00000E+00  1.00000E+00
 -9.26850E-01 -4.32377E-01  2.04000E-01  6.98970E-01  9.67358E-01      -1.00000E+00  1.00000E+00
 -9.33990E-01 -4.72793E-01  1.49774E-01  6.69398E-01  9.62620E-01      -1.00000E+00  1.00000E+00
 -9.35532E-01 -4.98125E-01  1.08543E-01  6.49605E-01  9.59520E-01      -1.00000E+00  1.00000E+00
 -8.12817E-01 -8.53280E-02  4.74513E-01  8.23975E-01  9.80405E-01      -1.00000E+00  1.00000E+00
 -7.77292E-01 -7.34210E-02  4.89253E-01  8.26778E-01  9.81960E-01      -1.00000E+00  1.00000E+00
 -7.69843E-01 -8.00442E-02  4.74840E-01  8.17890E-01  9.81645E-01      -1.00000E+00  1.00000E+00
 -8.01050E-01 -1.48698E-01  4.32517E-01  7.96352E-01  9.77872E-01      -1.00000E+00  1.00000E+00
 -8.87487E-01 -3.40805E-01  2.54505E-01  7.24180E-01  9.70572E-01      -1.00000E+00  1.00000E+00
  1.20947E-01  5.50990E-01  8.04973E-01  9.34627E-01  9.93237E-01      -9.99970E-01  1.00000E+00
  1.79155E-01  5.98110E-01  8.18605E-01  9.38192E-01  9.93430E-01      -1.00000E+00  1.00000E+00
  2.16678E-01  6.12067E-01  8.25322E-01  9.41678E-01  9.93777E-01      -9.99040E-01  1.00000E+00
  2.57102E-01  6.29355E-01  8.25233E-01  9.38555E-01  9.93402E-01      -9.99760E-01  1.00000E+00
  2.12533E-01  6.26043E-01  8.30795E-01  9.41987E-01  9.93965E-01      -9.99990E-01  1.00000E+00


    1.   1.01    4.   9.01  2.00E+02  6.00E+01  4.17E-01  2.26E-01     5   0.00

  3.78320E+01  8.20680E+01  1.14630E+02  1.41060E+02  1.67760E+02       2.01050E-02  1.92040E+02

  4.51010E-01  6.51150E-01  7.77285E-01  8.77135E-01  9.61860E-01       9.37090E-03  1.00000E+00
  4.01740E-01  6.01180E-01  7.37925E-01  8.51765E-01  9.52620E-01       6.24940E-03  1.00000E+00
  3.56075E-01  5.44140E-01  6.83440E-01  8.08880E-01  9.34775E-01       4.89910E-03  1.00000E+00
  3.04870E-01  4.70840E-01  6.03875E-01  7.39130E-01  8.96730E-01       5.26950E-03  1.00000E+00
  1.95270E-01  3.09100E-01  4.05875E-01  5.12855E-01  6.62260E-01       5.41720E-04  9.99330E-01

 -9.50387E-01 -5.85065E-01 -1.01127E-03  5.81540E-01  9.51808E-01      -1.00000E+00  1.00000E+00
 -9.47815E-01 -5.63040E-01  3.63685E-02  6.11705E-01  9.54682E-01      -1.00000E+00  1.00000E+00
 -9.48773E-01 -5.70530E-01  8.32355E-03  5.88880E-01  9.50713E-01      -1.00000E+00  1.00000E+00
 -9.51472E-01 -5.79320E-01  1.85611E-02  5.91758E-01  9.51548E-01      -1.00000E+00  1.00000E+00
 -9.48210E-01 -5.79990E-01  8.15218E-03  5.86815E-01  9.52355E-01      -1.00000E+00  1.00000E+00
 -9.31033E-01 -4.63435E-01  1.61139E-01  6.80655E-01  9.63665E-01      -1.00000E+00  1.00000E+00
 -9.30328E-01 -4.69313E-01  1.54147E-01  6.68185E-01  9.62047E-01      -1.00000E+00  1.00000E+00
 -9.33225E-01 -4.89152E-01  1.40158E-01  6.69063E-01  9.61803E-01      -1.00000E+00  1.00000E+00
 -9.40180E-01 -5.18012E-01  9.67445E-02  6.46945E-01  9.59188E-01      -1.00000E+00  1.00000E+00
 -9.41982E-01 -5.38478E-01  5.56674E-02  6.22790E-01  9.57155E-01      -1.00000E+00  1.00000E+00
 -8.48313E-01 -1.32054E-01  4.52878E-01  8.14230E-01  9.78988E-01      -1.00000E+00  1.00000E+00
 -8.40990E-01 -1.39651E-01  4.46667E-01  8.11103E-01  9.79600E-01      -1.00000E+00  1.00000E+00
 -8.43815E-01 -1.64919E-01  4.20208E-01  7.97340E-01  9.77307E-01      -1.00000E+00  1.00000E+00
 -8.78020E-01 -2.19143E-01  3.89777E-01  7.83345E-01  9.75405E-01      -1.00000E+00  1.00000E+00
 -9.10285E-01 -3.89060E-01  2.40145E-01  7.23048E-01  9.69295E-01      -1.00000E+00  1.00000E+00
 -1.95953E-01  4.12195E-01  7.44972E-01  9.16965E-01  9.91082E-01      -9.99770E-01  1.00000E+00
 -1.07133E-01  4.59218E-01  7.56445E-01  9.19683E-01  9.91225E-01      -9.98890E-01  1.00000E+00
 -1.20093E-01  4.18345E-01  7.38715E-01  9.13340E-01  9.90770E-01      -9.99990E-01  1.00000E+00
 -1.55698E-01  3.84358E-01  7.20285E-01  9.03860E-01  9.90115E-01      -9.99990E-01  1.00000E+00
 -3.63691E-01  2.04275E-01  6.00555E-01  8.57973E-01  9.84120E-01      -1.00000E+00  1.00000E+00
  5.43300E-01  7.93653E-01  9.12840E-01  9.72105E-01  9.97063E-01      -6.18110E-01  1.00000E+00
  5.71292E-01  8.04932E-01  9.16643E-01  9.72745E-01  9.97085E-01      -6.22890E-01  1.00000E+00
  5.88433E-01  8.06890E-01  9.15282E-01  9.71520E-01  9.97008E-01      -5.08110E-01  1.00000E+00
  6.15563E-01  8.18850E-01  9.18737E-01  9.72032E-01  9.97043E-01      -6.69000E-01  1.00000E+00
  6.50408E-01  8.42947E-01  9.29790E-01  9.76625E-01  9.97415E-01      -9.94100E-01  1.00000E+00


    1.   1.01    4.   9.01  2.00E+02  7.00E+01  5.33E-01  3.36E-01     5   0.00

  4.94980E+01  1.03060E+02  1.37170E+02  1.62040E+02  1.81870E+02       2.80360E-02  1.95040E+02

  4.37515E-01  6.37610E-01  7.66360E-01  8.69915E-01  9.59610E-01       3.42340E-03  1.00000E+00
  3.59815E-01  5.48995E-01  6.89270E-01  8.16080E-01  9.38455E-01       8.36600E-03  1.00000E+00
  2.95570E-01  4.60625E-01  5.97170E-01  7.37720E-01  9.03920E-01       9.70730E-04  9.99990E-01
  2.31225E-01  3.58230E-01  4.69980E-01  5.96290E-01  7.72715E-01       4.26420E-03  9.99940E-01
  1.32925E-01  2.12805E-01  2.84355E-01  3.66940E-01  4.87480E-01       8.56330E-04  9.19520E-01

 -9.47835E-01 -5.70015E-01  2.62755E-02  6.05060E-01  9.53388E-01      -1.00000E+00  1.00000E+00
 -9.51093E-01 -5.70780E-01  2.49076E-02  6.04688E-01  9.53652E-01      -1.00000E+00  1.00000E+00
 -9.46713E-01 -5.72975E-01  2.30637E-02  5.91110E-01  9.51355E-01      -1.00000E+00  1.00000E+00
 -9.49640E-01 -5.76385E-01  2.47333E-02  5.98777E-01  9.52610E-01      -1.00000E+00  1.00000E+00
 -9.52685E-01 -5.85170E-01  8.43703E-03  5.92965E-01  9.51688E-01      -1.00000E+00  1.00000E+00
 -9.10840E-01 -3.22752E-01  3.10280E-01  7.52503E-01  9.73442E-01      -1.00000E+00  1.00000E+00
 -8.90915E-01 -2.90045E-01  3.28055E-01  7.59597E-01  9.72368E-01      -1.00000E+00  1.00000E+00
 -8.96352E-01 -3.09410E-01  3.07570E-01  7.50267E-01  9.72635E-01      -1.00000E+00  1.00000E+00
 -9.02295E-01 -3.37162E-01  2.92002E-01  7.39552E-01  9.70725E-01      -1.00000E+00  1.00000E+00
 -9.26512E-01 -4.40995E-01  1.74327E-01  6.90225E-01  9.65462E-01      -1.00000E+00  1.00000E+00
 -3.73443E-01  3.06755E-01  6.95322E-01  9.00915E-01  9.89080E-01      -1.00000E+00  1.00000E+00
 -3.02656E-01  3.58910E-01  7.16245E-01  9.05512E-01  9.89843E-01      -1.00000E+00  1.00000E+00
 -3.26501E-01  3.20440E-01  6.97330E-01  8.98748E-01  9.88970E-01      -1.00000E+00  1.00000E+00
 -4.05742E-01  2.32110E-01  6.47580E-01  8.82195E-01  9.87117E-01      -1.00000E+00  1.00000E+00
 -6.64580E-01 -4.71080E-02  4.69812E-01  8.14860E-01  9.79318E-01      -1.00000E+00  1.00000E+00
  3.51955E-01  7.12867E-01  8.82092E-01  9.62285E-01  9.96152E-01      -7.91490E-01  1.00000E+00
  4.10690E-01  7.41193E-01  8.91865E-01  9.64745E-01  9.96225E-01      -6.97250E-01  1.00000E+00
  4.16463E-01  7.30820E-01  8.83835E-01  9.61777E-01  9.95913E-01      -7.27230E-01  1.00000E+00
  4.29850E-01  7.14075E-01  8.73235E-01  9.59327E-01  9.95578E-01      -6.94690E-01  1.00000E+00
  4.87765E-01  7.36243E-01  8.74435E-01  9.56737E-01  9.95070E-01      -9.99980E-01  1.00000E+00
  7.97070E-01  9.12582E-01  9.64503E-01  9.88757E-01  9.98820E-01       7.02690E-02  1.00000E+00
  8.07880E-01  9.17185E-01  9.65975E-01  9.89215E-01  9.98852E-01       5.44740E-02  1.00000E+00
  8.09993E-01  9.14215E-01  9.63010E-01  9.87897E-01  9.98675E-01       3.08420E-02  1.00000E+00
  8.25273E-01  9.18567E-01  9.62780E-01  9.87407E-01  9.98690E-01       6.45280E-02  1.00000E+00
  8.60793E-01  9.37963E-01  9.72372E-01  9.90868E-01  9.99022E-01       2.14400E-01  1.00000E+00


    1.   1.01    4.   9.01  2.00E+02  8.00E+01  7.41E-01  5.88E-01     5   0.00

  8.75210E+01  1.54360E+02  1.78530E+02  1.87370E+02  1.93620E+02       1.07650E-02  1.97040E+02

  3.74025E-01  5.66500E-01  7.04125E-01  8.24905E-01  9.41525E-01       3.22540E-03  1.00000E+00
  2.29660E-01  3.69355E-01  4.97695E-01  6.47070E-01  8.50185E-01       1.58420E-03  9.99990E-01
  1.42450E-01  2.29145E-01  3.13985E-01  4.26270E-01  6.09650E-01       9.69170E-04  9.78830E-01
  9.76680E-02  1.59755E-01  2.17155E-01  2.90645E-01  4.15800E-01       5.75490E-04  7.24490E-01
  5.77165E-02  1.01104E-01  1.38885E-01  1.82765E-01  2.48425E-01       1.79490E-04  5.09060E-01

 -9.36723E-01 -4.96545E-01  1.66146E-01  6.83795E-01  9.62885E-01      -1.00000E+00  1.00000E+00
 -9.16970E-01 -3.98470E-01  2.15190E-01  7.03322E-01  9.64567E-01      -1.00000E+00  1.00000E+00
 -9.20840E-01 -4.11820E-01  2.07359E-01  7.03090E-01  9.65460E-01      -1.00000E+00  1.00000E+00
 -9.20920E-01 -4.21357E-01  1.93864E-01  6.84660E-01  9.63250E-01      -1.00000E+00  1.00000E+00
 -9.37380E-01 -4.96410E-01  1.22288E-01  6.59887E-01  9.59993E-01      -1.00000E+00  1.00000E+00
  2.90675E-02  5.00960E-01  7.91590E-01  9.33917E-01  9.93245E-01      -9.96990E-01  1.00000E+00
  8.33025E-02  5.67080E-01  8.17420E-01  9.40745E-01  9.93877E-01      -9.97550E-01  1.00000E+00
  6.37150E-02  5.35478E-01  8.01907E-01  9.36822E-01  9.93527E-01      -9.98930E-01  1.00000E+00
 -2.90425E-02  4.44230E-01  7.54060E-01  9.18815E-01  9.91407E-01      -1.00000E+00  1.00000E+00
 -1.90513E-01  2.66375E-01  6.09938E-01  8.60340E-01  9.84690E-01      -1.00000E+00  1.00000E+00
  7.13518E-01  8.92082E-01  9.58050E-01  9.87287E-01  9.98715E-01      -1.82000E-02  1.00000E+00
  7.18143E-01  8.91350E-01  9.56995E-01  9.86572E-01  9.98598E-01      -5.20560E-02  1.00000E+00
  7.12065E-01  8.80035E-01  9.52118E-01  9.84550E-01  9.98317E-01      -4.49300E-02  1.00000E+00
  7.07725E-01  8.51163E-01  9.34747E-01  9.78785E-01  9.97693E-01      -6.96330E-02  1.00000E+00
  7.83388E-01  8.84720E-01  9.41908E-01  9.79625E-01  9.97820E-01      -7.66440E-02  1.00000E+00
  9.05763E-01  9.70032E-01  9.88670E-01  9.96445E-01  9.99642E-01       6.13390E-01  1.00000E+00
  8.97773E-01  9.65268E-01  9.86445E-01  9.95653E-01  9.99545E-01       5.57820E-01  1.00000E+00
  8.89288E-01  9.58900E-01  9.83840E-01  9.94937E-01  9.99460E-01       5.62420E-01  1.00000E+00
  8.86320E-01  9.49830E-01  9.79230E-01  9.93282E-01  9.99287E-01       5.60080E-01  1.00000E+00
  9.18095E-01  9.58685E-01  9.80498E-01  9.93480E-01  9.99285E-01       5.59280E-01  1.00000E+00
  9.63403E-01  9.87548E-01  9.95063E-01  9.98468E-01  9.99840E-01       7.28520E-01  1.00000E+00
  9.60450E-01  9.85297E-01  9.94100E-01  9.98158E-01  9.99798E-01       7.95090E-01  1.00000E+00
  9.60840E-01  9.83338E-01  9.93188E-01  9.97795E-01  9.99762E-01       8.16850E-01  1.00000E+00
  9.62725E-01  9.83133E-01  9.92482E-01  9.97485E-01  9.99727E-01       8.13170E-01  1.00000E+00
  9.72005E-01  9.87515E-01  9.94457E-01  9.98165E-01  9.99805E-01       8.31210E-01  1.00000E+00


    1.   1.01    4.   9.01  2.00E+02  8.50E+01  9.07E-01  8.23E-01     5   0.00

  1.57310E+02  1.86180E+02  1.91630E+02  1.94800E+02  1.96410E+02       4.65920E-02  1.97940E+02

  2.14840E-01  3.64010E-01  5.01295E-01  6.55915E-01  8.42745E-01       4.06470E-04  1.00000E+00
  8.93930E-02  1.51120E-01  2.11525E-01  2.99775E-01  4.70470E-01       5.66180E-04  8.03120E-01
  6.42960E-02  1.15605E-01  1.63000E-01  2.26540E-01  3.42945E-01       2.11750E-04  5.82190E-01
  5.37970E-02  9.72710E-02  1.34445E-01  1.77960E-01  2.41300E-01       2.69180E-04  4.08540E-01
  3.41725E-02  6.02150E-02  8.16315E-02  1.06477E-01  1.42975E-01       2.94880E-04  2.58470E-01

 -1.18753E-01  3.61021E-01  6.84237E-01  9.00782E-01  9.89577E-01      -1.00000E+00  1.00000E+00
 -1.37305E-01  3.66765E-01  7.05852E-01  9.05595E-01  9.89858E-01      -1.00000E+00  1.00000E+00
 -1.75880E-01  2.82098E-01  6.44950E-01  8.80385E-01  9.87542E-01      -1.00000E+00  1.00000E+00
 -2.15405E-01  1.91845E-01  5.55430E-01  8.40912E-01  9.82788E-01      -1.00000E+00  1.00000E+00
 -2.16597E-01  1.44882E-01  5.00640E-01  7.98732E-01  9.76745E-01      -1.00000E+00  1.00000E+00
  9.05807E-01  9.72520E-01  9.89740E-01  9.96778E-01  9.99680E-01       4.34420E-01  1.00000E+00
  8.90578E-01  9.65405E-01  9.87262E-01  9.96090E-01  9.99605E-01       4.15350E-01  1.00000E+00
  8.67903E-01  9.56070E-01  9.83055E-01  9.94770E-01  9.99442E-01       4.38400E-01  1.00000E+00
  8.46583E-01  9.35932E-01  9.74485E-01  9.92040E-01  9.99152E-01       4.54300E-01  1.00000E+00
  8.78210E-01  9.35915E-01  9.70415E-01  9.90085E-01  9.98955E-01       5.45970E-01  1.00000E+00
  9.66002E-01  9.89602E-01  9.95923E-01  9.98708E-01  9.99868E-01       7.10430E-01  1.00000E+00
  9.54825E-01  9.86030E-01  9.94687E-01  9.98350E-01  9.99827E-01       7.37590E-01  1.00000E+00
  9.43428E-01  9.81425E-01  9.92817E-01  9.97760E-01  9.99767E-01       7.37260E-01  1.00000E+00
  9.32562E-01  9.73350E-01  9.89362E-01  9.96620E-01  9.99655E-01       7.51580E-01  1.00000E+00
  9.49383E-01  9.74282E-01  9.88198E-01  9.96077E-01  9.99572E-01       7.90150E-01  1.00000E+00
  9.79093E-01  9.93190E-01  9.97335E-01  9.99160E-01  9.99912E-01       8.67090E-01  1.00000E+00
  9.73670E-01  9.90940E-01  9.96463E-01  9.98895E-01  9.99883E-01       8.80450E-01  1.00000E+00
  9.71425E-01  9.89070E-01  9.95618E-01  9.98610E-01  9.99860E-01       8.95740E-01  1.00000E+00
  9.72015E-01  9.87343E-01  9.94652E-01  9.98270E-01  9.99822E-01       8.97410E-01  1.00000E+00
  9.81672E-01  9.91112E-01  9.95820E-01  9.98587E-01  9.99845E-01       9.19670E-01  1.00000E+00
  9.90240E-01  9.96370E-01  9.98508E-01  9.99513E-01  9.99950E-01       9.45680E-01  1.00000E+00
  9.90177E-01  9.96450E-01  9.98523E-01  9.99518E-01  9.99947E-01       9.48730E-01  1.00000E+00
  9.89997E-01  9.96170E-01  9.98470E-01  9.99513E-01  9.99947E-01       9.53590E-01  1.00000E+00
  9.90095E-01  9.95907E-01  9.98255E-01  9.99428E-01  9.99940E-01       9.59000E-01  1.00000E+00
  9.92173E-01  9.96610E-01  9.98535E-01  9.99528E-01  9.99953E-01       9.66610E-01  1.00000E+00


    1.   1.01    4.   9.01  5.00E+02  0.00E+00  1.14E-01  3.84E-02     5   0.00

  4.58960E+01  1.07240E+02  1.62550E+02  2.22000E+02  3.00490E+02       4.90590E-02  4.11400E+02

  4.53390E-01  6.51985E-01  7.79480E-01  8.78315E-01  9.62835E-01       8.11270E-03  9.99980E-01
  4.32950E-01  6.37770E-01  7.70940E-01  8.73770E-01  9.60750E-01       7.47190E-03  1.00000E+00
  4.23010E-01  6.29455E-01  7.63740E-01  8.68935E-01  9.59135E-01       2.17020E-02  9.99990E-01
  4.06275E-01  6.08630E-01  7.43375E-01  8.55020E-01  9.53510E-01       2.28190E-02  1.00000E+00
  3.05240E-01  4.79600E-01  6.15995E-01  7.46305E-01  8.94840E-01       1.16570E-02  1.00000E+00

 -9.49745E-01 -5.79840E-01  2.71375E-03  5.78562E-01  9.48905E-01      -1.00000E+00  1.00000E+00
 -9.55315E-01 -6.06903E-01 -1.15014E-02  5.85760E-01  9.49420E-01      -1.00000E+00  1.00000E+00
 -9.54417E-01 -5.87435E-01 -8.75972E-03  5.74302E-01  9.53765E-01      -1.00000E+00  1.00000E+00
 -9.48237E-01 -5.79945E-01  4.26622E-03  5.96315E-01  9.50900E-01      -1.00000E+00  9.99990E-01
 -9.54063E-01 -5.97090E-01  9.00832E-03  5.89548E-01  9.47195E-01      -1.00000E+00  9.99990E-01
 -9.50168E-01 -5.78058E-01  7.24650E-03  5.96790E-01  9.51125E-01      -1.00000E+00  1.00000E+00
 -9.47993E-01 -5.74110E-01  7.87500E-03  5.86735E-01  9.53505E-01      -1.00000E+00  9.99990E-01
 -9.44012E-01 -5.76595E-01  2.16987E-02  6.04295E-01  9.51235E-01      -1.00000E+00  9.99990E-01
 -9.53890E-01 -5.82350E-01  1.15055E-02  5.94810E-01  9.54877E-01      -1.00000E+00  1.00000E+00
 -9.47395E-01 -5.77107E-01  1.05057E-02  5.89160E-01  9.52568E-01      -1.00000E+00  9.99980E-01
 -9.55010E-01 -5.96268E-01 -1.71632E-02  5.96592E-01  9.52187E-01      -1.00000E+00  1.00000E+00
 -9.45118E-01 -5.71723E-01  3.51932E-02  5.97605E-01  9.55882E-01      -1.00000E+00  1.00000E+00
 -9.47860E-01 -5.61280E-01  1.54205E-02  5.91555E-01  9.55377E-01      -1.00000E+00  1.00000E+00
 -9.53762E-01 -6.05370E-01 -1.20100E-02  5.75275E-01  9.49993E-01      -1.00000E+00  1.00000E+00
 -9.49650E-01 -5.87623E-01  6.61240E-03  5.75848E-01  9.53195E-01      -1.00000E+00  1.00000E+00
 -9.53947E-01 -6.05007E-01 -3.05331E-02  5.87153E-01  9.53852E-01      -1.00000E+00  1.00000E+00
 -9.50280E-01 -5.94732E-01 -2.47977E-02  5.88812E-01  9.49233E-01      -1.00000E+00  1.00000E+00
 -9.44980E-01 -5.47482E-01  3.58970E-02  6.10397E-01  9.56225E-01      -1.00000E+00  9.99990E-01
 -9.52585E-01 -5.85675E-01  3.01797E-03  5.90180E-01  9.48045E-01      -1.00000E+00  9.99990E-01
 -9.47062E-01 -5.95305E-01 -1.08595E-02  5.93402E-01  9.50940E-01      -1.00000E+00  1.00000E+00
 -9.49642E-01 -5.79075E-01  3.98737E-03  5.89548E-01  9.46043E-01      -1.00000E+00  1.00000E+00
 -9.45515E-01 -5.77087E-01  4.92447E-03  5.92627E-01  9.54363E-01      -1.00000E+00  1.00000E+00
 -9.50290E-01 -5.95173E-01 -4.76513E-03  5.89150E-01  9.48875E-01      -1.00000E+00  9.99990E-01
 -9.51627E-01 -5.84523E-01 -4.94482E-03  5.91405E-01  9.51235E-01      -1.00000E+00  1.00000E+00
 -9.50678E-01 -5.95302E-01  2.06657E-02  5.91777E-01  9.49105E-01      -1.00000E+00  9.99990E-01


    1.   1.01    4.   9.01  5.00E+02  3.00E+01  1.59E-01  5.81E-02     5   0.00

  5.18460E+01  1.18940E+02  1.78500E+02  2.41280E+02  3.21390E+02       1.11480E-02  4.43990E+02

  4.44405E-01  6.48940E-01  7.77525E-01  8.77755E-01  9.62650E-01       1.48440E-02  9.99990E-01
  4.22250E-01  6.29870E-01  7.64735E-01  8.68565E-01  9.59295E-01       1.63140E-02  9.99990E-01
  4.13035E-01  6.21110E-01  7.55770E-01  8.64425E-01  9.57560E-01       2.33590E-02  9.99990E-01
  3.81310E-01  5.82580E-01  7.24320E-01  8.39855E-01  9.46715E-01       5.98290E-03  1.00000E+00
  2.83575E-01  4.51150E-01  5.82535E-01  7.13115E-01  8.70110E-01       6.23250E-03  9.99990E-01

 -9.48135E-01 -5.88372E-01  1.03040E-02  5.87360E-01  9.50440E-01      -1.00000E+00  1.00000E+00
 -9.52303E-01 -5.74120E-01  2.42185E-03  5.76975E-01  9.48415E-01      -1.00000E+00  1.00000E+00
 -9.49610E-01 -5.73205E-01  2.61045E-02  5.97537E-01  9.52980E-01      -1.00000E+00  9.99990E-01
 -9.51770E-01 -5.73665E-01  2.44627E-02  6.00078E-01  9.52863E-01      -1.00000E+00  1.00000E+00
 -9.52905E-01 -5.73055E-01  1.60763E-02  5.99052E-01  9.52727E-01      -1.00000E+00  1.00000E+00
 -9.44843E-01 -5.51157E-01  6.32253E-02  6.31325E-01  9.56980E-01      -1.00000E+00  1.00000E+00
 -9.45660E-01 -5.51542E-01  5.82335E-02  6.18305E-01  9.54660E-01      -1.00000E+00  1.00000E+00
 -9.43000E-01 -5.64903E-01  3.57204E-02  6.09205E-01  9.52348E-01      -1.00000E+00  1.00000E+00
 -9.42805E-01 -5.58885E-01  2.67065E-02  6.09000E-01  9.58668E-01      -1.00000E+00  1.00000E+00
 -9.52558E-01 -5.78820E-01  3.42812E-02  6.15170E-01  9.55233E-01      -1.00000E+00  1.00000E+00
 -9.17905E-01 -4.17097E-01  2.07200E-01  7.00215E-01  9.63580E-01      -1.00000E+00  1.00000E+00
 -9.21035E-01 -4.26153E-01  2.09670E-01  7.04570E-01  9.63460E-01      -1.00000E+00  1.00000E+00
 -9.30983E-01 -4.57250E-01  1.77982E-01  6.80190E-01  9.66438E-01      -1.00000E+00  1.00000E+00
 -9.40583E-01 -5.16678E-01  1.12601E-01  6.64037E-01  9.63915E-01      -1.00000E+00  1.00000E+00
 -9.44470E-01 -5.32118E-01  7.44825E-02  6.13993E-01  9.55202E-01      -1.00000E+00  1.00000E+00
 -8.55840E-01 -1.72805E-01  4.29822E-01  8.04875E-01  9.78443E-01      -1.00000E+00  1.00000E+00
 -8.66622E-01 -2.26607E-01  3.96517E-01  7.89995E-01  9.78998E-01      -1.00000E+00  1.00000E+00
 -8.74595E-01 -2.13452E-01  3.80568E-01  7.82670E-01  9.77758E-01      -1.00000E+00  1.00000E+00
 -8.96332E-01 -2.98022E-01  3.34530E-01  7.54922E-01  9.74337E-01      -1.00000E+00  1.00000E+00
 -9.25885E-01 -4.49085E-01  1.90002E-01  6.95380E-01  9.63648E-01      -1.00000E+00  1.00000E+00
 -5.26848E-01  2.60414E-01  6.72453E-01  8.89715E-01  9.87407E-01      -1.00000E+00  1.00000E+00
 -5.05245E-01  2.66557E-01  6.79500E-01  8.92215E-01  9.88302E-01      -1.00000E+00  1.00000E+00
 -4.56672E-01  2.60059E-01  6.65030E-01  8.88177E-01  9.88152E-01      -1.00000E+00  1.00000E+00
 -4.69302E-01  1.98951E-01  6.39570E-01  8.75198E-01  9.86183E-01      -1.00000E+00  1.00000E+00
 -4.88011E-01  1.23834E-01  5.73135E-01  8.49883E-01  9.84348E-01      -1.00000E+00  1.00000E+00


    1.   1.01    4.   9.01  5.00E+02  4.50E+01  2.26E-01  9.25E-02     5   0.00

  6.03030E+01  1.36620E+02  2.02900E+02  2.69800E+02  3.50850E+02       1.75000E-02  4.64780E+02

  4.40450E-01  6.44320E-01  7.75110E-01  8.75745E-01  9.61760E-01       6.77640E-03  1.00000E+00
  4.11615E-01  6.20285E-01  7.56200E-01  8.64860E-01  9.58050E-01       1.57510E-02  1.00000E+00
  3.87590E-01  5.93210E-01  7.31950E-01  8.47840E-01  9.50995E-01       1.87470E-02  1.00000E+00
  3.50695E-01  5.40490E-01  6.77705E-01  8.03410E-01  9.31235E-01       1.76550E-02  1.00000E+00
  2.51380E-01  4.02230E-01  5.26765E-01  6.56530E-01  8.23470E-01       1.23810E-02  9.99990E-01

 -9.52603E-01 -5.81673E-01  5.07592E-03  5.79050E-01  9.49150E-01      -1.00000E+00  1.00000E+00
 -9.45802E-01 -5.76185E-01  2.12975E-03  5.85677E-01  9.51442E-01      -1.00000E+00  1.00000E+00
 -9.48815E-01 -5.74682E-01  1.64757E-02  5.97840E-01  9.52470E-01      -1.00000E+00  1.00000E+00
 -9.51830E-01 -5.89080E-01  1.23479E-02  5.90915E-01  9.53322E-01      -1.00000E+00  1.00000E+00
 -9.50995E-01 -5.90530E-01 -1.42177E-02  5.83882E-01  9.48812E-01      -1.00000E+00  9.99990E-01
 -9.26670E-01 -4.66843E-01  1.60770E-01  6.77077E-01  9.62645E-01      -1.00000E+00  1.00000E+00
 -9.34558E-01 -4.87025E-01  1.22852E-01  6.67598E-01  9.62560E-01      -1.00000E+00  1.00000E+00
 -9.37692E-01 -5.13493E-01  1.18639E-01  6.56850E-01  9.58015E-01      -1.00000E+00  1.00000E+00
 -9.40468E-01 -5.26142E-01  1.03838E-01  6.47438E-01  9.58427E-01      -1.00000E+00  1.00000E+00
 -9.45880E-01 -5.55817E-01  4.89060E-02  6.23690E-01  9.56547E-01      -1.00000E+00  1.00000E+00
 -8.62302E-01 -2.03756E-01  3.90958E-01  7.88617E-01  9.75113E-01      -1.00000E+00  1.00000E+00
 -8.78635E-01 -2.45890E-01  3.71820E-01  7.76442E-01  9.75695E-01      -1.00000E+00  1.00000E+00
 -8.95670E-01 -2.94347E-01  3.31327E-01  7.55460E-01  9.72370E-01      -1.00000E+00  1.00000E+00
 -9.08190E-01 -3.55432E-01  2.73852E-01  7.40105E-01  9.69515E-01      -1.00000E+00  1.00000E+00
 -9.29947E-01 -4.57975E-01  1.62492E-01  6.72325E-01  9.62860E-01      -1.00000E+00  1.00000E+00
 -7.00327E-01  1.34199E-01  6.30552E-01  8.75955E-01  9.87008E-01      -1.00000E+00  1.00000E+00
 -6.78377E-01  1.38392E-01  6.15868E-01  8.75405E-01  9.87015E-01      -1.00000E+00  1.00000E+00
 -7.51790E-01  5.34455E-02  5.69705E-01  8.56350E-01  9.84922E-01      -1.00000E+00  1.00000E+00
 -7.94167E-01 -4.26705E-02  5.14250E-01  8.39745E-01  9.82930E-01      -1.00000E+00  1.00000E+00
 -8.84933E-01 -2.89705E-01  3.48788E-01  7.61880E-01  9.72670E-01      -1.00000E+00  1.00000E+00
 -3.14925E-02  5.63918E-01  8.13928E-01  9.41400E-01  9.93785E-01      -9.99990E-01  1.00000E+00
  3.18850E-02  5.94190E-01  8.28085E-01  9.44403E-01  9.94295E-01      -1.00000E+00  1.00000E+00
  7.54400E-02  5.94357E-01  8.24483E-01  9.43788E-01  9.94182E-01      -1.00000E+00  1.00000E+00
  3.80000E-02  5.47505E-01  7.98265E-01  9.33057E-01  9.92633E-01      -1.00000E+00  1.00000E+00
 -1.05953E-01  4.35637E-01  7.36680E-01  9.11262E-01  9.90082E-01      -1.00000E+00  1.00000E+00


    1.   1.01    4.   9.01  5.00E+02  6.00E+01  3.41E-01  1.65E-01     5   0.00

  7.70750E+01  1.71270E+02  2.48140E+02  3.18120E+02  3.95580E+02       5.22970E-02  4.79450E+02

  4.31390E-01  6.34860E-01  7.67175E-01  8.71810E-01  9.60405E-01       1.12600E-02  1.00000E+00
  3.88750E-01  5.90935E-01  7.32070E-01  8.47700E-01  9.51350E-01       1.61640E-02  1.00000E+00
  3.41970E-01  5.30495E-01  6.71305E-01  7.99900E-01  9.30120E-01       4.45020E-03  9.99990E-01
  2.89215E-01  4.54415E-01  5.87535E-01  7.25030E-01  8.92635E-01       2.12270E-02  1.00000E+00
  1.96425E-01  3.16745E-01  4.20795E-01  5.39850E-01  7.14505E-01       2.34540E-03  9.99860E-01

 -9.48088E-01 -5.61732E-01  3.37962E-02  6.11428E-01  9.53923E-01      -1.00000E+00  1.00000E+00
 -9.47825E-01 -5.61677E-01  3.54260E-02  6.04788E-01  9.51495E-01      -1.00000E+00  1.00000E+00
 -9.46248E-01 -5.60000E-01  4.95415E-02  6.17692E-01  9.54492E-01      -1.00000E+00  1.00000E+00
 -9.45257E-01 -5.57427E-01  2.49498E-02  6.04865E-01  9.55585E-01      -1.00000E+00  1.00000E+00
 -9.50608E-01 -5.71170E-01  1.17233E-02  5.87815E-01  9.51898E-01      -1.00000E+00  1.00000E+00
 -8.92373E-01 -3.11740E-01  3.09785E-01  7.52225E-01  9.70575E-01      -1.00000E+00  1.00000E+00
 -9.04140E-01 -3.34138E-01  2.83735E-01  7.41132E-01  9.71110E-01      -1.00000E+00  1.00000E+00
 -9.05775E-01 -3.65563E-01  2.60302E-01  7.32670E-01  9.70062E-01      -1.00000E+00  1.00000E+00
 -9.22645E-01 -4.17120E-01  2.00097E-01  7.07738E-01  9.67793E-01      -1.00000E+00  1.00000E+00
 -9.37568E-01 -5.01892E-01  1.06477E-01  6.49687E-01  9.57695E-01      -1.00000E+00  1.00000E+00
 -6.62483E-01  1.57401E-01  6.26865E-01  8.75282E-01  9.86448E-01      -1.00000E+00  1.00000E+00
 -7.08915E-01  1.16703E-01  5.96167E-01  8.62463E-01  9.85958E-01      -1.00000E+00  1.00000E+00
 -7.41670E-01  4.28267E-02  5.62455E-01  8.51815E-01  9.82783E-01      -1.00000E+00  1.00000E+00
 -8.08477E-01 -6.00892E-02  4.90530E-01  8.26305E-01  9.81570E-01      -1.00000E+00  1.00000E+00
 -8.95097E-01 -2.85237E-01  3.33340E-01  7.62590E-01  9.74477E-01      -1.00000E+00  1.00000E+00
 -2.07641E-01  5.21467E-01  8.02940E-01  9.34593E-01  9.92572E-01      -1.00000E+00  1.00000E+00
 -1.76609E-01  5.04200E-01  7.91678E-01  9.32245E-01  9.92645E-01      -1.00000E+00  1.00000E+00
 -2.28661E-01  4.70115E-01  7.70058E-01  9.24950E-01  9.92008E-01      -9.99990E-01  1.00000E+00
 -3.64085E-01  3.77250E-01  7.31147E-01  9.10320E-01  9.90622E-01      -1.00000E+00  1.00000E+00
 -6.66423E-01  5.98915E-02  5.58555E-01  8.49058E-01  9.83258E-01      -1.00000E+00  1.00000E+00
  5.08988E-01  8.10595E-01  9.24350E-01  9.75495E-01  9.97437E-01      -7.24460E-01  1.00000E+00
  5.11972E-01  8.11445E-01  9.19725E-01  9.73800E-01  9.97210E-01      -8.42770E-01  1.00000E+00
  5.08660E-01  7.97145E-01  9.13850E-01  9.72335E-01  9.97100E-01      -8.72030E-01  1.00000E+00
  4.96632E-01  7.78512E-01  9.04855E-01  9.69593E-01  9.96627E-01      -8.94380E-01  1.00000E+00
  4.62693E-01  7.53935E-01  8.88225E-01  9.64210E-01  9.95982E-01      -9.99610E-01  1.00000E+00


    1.   1.01    4.   9.01  5.00E+02  7.00E+01  4.56E-01  2.58E-01     5   0.00

  9.87930E+01  2.15030E+02  3.00500E+02  3.69180E+02  4.34060E+02       1.48600E-02  4.87900E+02

  4.19230E-01  6.25050E-01  7.59700E-01  8.66105E-01  9.57670E-01       6.95220E-03  1.00000E+00
  3.47735E-01  5.41375E-01  6.83245E-01  8.09765E-01  9.34725E-01       9.46780E-03  1.00000E+00
  2.79665E-01  4.44825E-01  5.81260E-01  7.20875E-01  8.89500E-01       9.78780E-04  1.00000E+00
  2.23610E-01  3.54800E-01  4.71240E-01  6.07055E-01  8.08520E-01       1.59490E-03  9.99990E-01
  1.45495E-01  2.31750E-01  3.12590E-01  4.10985E-01  5.71635E-01       2.49810E-03  9.94120E-01

 -9.41990E-01 -5.17772E-01  9.56368E-02  6.36797E-01  9.57407E-01      -1.00000E+00  1.00000E+00
 -9.39295E-01 -5.33595E-01  7.28332E-02  6.29260E-01  9.55198E-01      -1.00000E+00  1.00000E+00
 -9.40380E-01 -5.27460E-01  6.67890E-02  6.25027E-01  9.57958E-01      -1.00000E+00  1.00000E+00
 -9.44440E-01 -5.54582E-01  5.43802E-02  6.19110E-01  9.57352E-01      -1.00000E+00  1.00000E+00
 -9.49442E-01 -5.65318E-01  3.73319E-02  6.15833E-01  9.53297E-01      -1.00000E+00  1.00000E+00
 -7.96225E-01 -4.10792E-02  5.05458E-01  8.32448E-01  9.81695E-01      -1.00000E+00  1.00000E+00
 -8.04418E-01 -5.80668E-02  4.85105E-01  8.19955E-01  9.80825E-01      -1.00000E+00  1.00000E+00
 -8.27592E-01 -1.25711E-01  4.49775E-01  8.07612E-01  9.78475E-01      -1.00000E+00  1.00000E+00
 -8.57533E-01 -2.02546E-01  3.80738E-01  7.76458E-01  9.76335E-01      -1.00000E+00  1.00000E+00
 -9.05840E-01 -3.64127E-01  2.59887E-01  7.27378E-01  9.70033E-01      -1.00000E+00  1.00000E+00
 -3.09807E-01  4.76630E-01  7.81873E-01  9.30085E-01  9.92880E-01      -1.00000E+00  1.00000E+00
 -2.96110E-01  4.57120E-01  7.71083E-01  9.24930E-01  9.91885E-01      -1.00000E+00  1.00000E+00
 -3.95650E-01  4.01515E-01  7.47390E-01  9.20487E-01  9.91358E-01      -1.00000E+00  1.00000E+00
 -5.35828E-01  2.98315E-01  6.94882E-01  9.01330E-01  9.89078E-01      -1.00000E+00  1.00000E+00
 -7.83000E-01 -3.62953E-02  5.12927E-01  8.35377E-01  9.82360E-01      -1.00000E+00  1.00000E+00
  3.56235E-01  7.68230E-01  9.06705E-01  9.70430E-01  9.96798E-01      -9.46900E-01  1.00000E+00
  3.68227E-01  7.58293E-01  9.00675E-01  9.68922E-01  9.96727E-01      -9.17320E-01  1.00000E+00
  3.31632E-01  7.35745E-01  8.89312E-01  9.64120E-01  9.96163E-01      -9.19140E-01  1.00000E+00
  2.53706E-01  6.88333E-01  8.68803E-01  9.57167E-01  9.95447E-01      -9.99980E-01  1.00000E+00
 -8.85500E-04  5.06153E-01  7.79485E-01  9.25108E-01  9.92033E-01      -1.00000E+00  1.00000E+00
  7.52835E-01  9.13985E-01  9.66250E-01  9.89240E-01  9.98903E-01      -1.59390E-01  1.00000E+00
  7.55073E-01  9.09732E-01  9.63980E-01  9.88713E-01  9.98782E-01      -2.47840E-01  1.00000E+00
  7.41077E-01  9.00285E-01  9.58810E-01  9.86953E-01  9.98635E-01      -2.45260E-01  1.00000E+00
  7.28787E-01  8.87772E-01  9.52417E-01  9.84560E-01  9.98313E-01      -3.29430E-01  1.00000E+00
  7.41908E-01  8.86073E-01  9.49752E-01  9.83660E-01  9.98240E-01      -3.39040E-01  1.00000E+00


    1.   1.01    4.   9.01  5.00E+02  8.00E+01  6.39E-01  4.56E-01     5   0.00

  1.57180E+02  3.15990E+02  4.00310E+02  4.47790E+02  4.76740E+02       2.59820E-02  4.94350E+02

  3.79030E-01  5.78280E-01  7.17185E-01  8.35690E-01  9.46160E-01       6.56620E-03  1.00000E+00
  2.45705E-01  3.93610E-01  5.25010E-01  6.70815E-01  8.63115E-01       4.68840E-03  9.99990E-01
  1.68385E-01  2.66875E-01  3.63175E-01  4.91110E-01  7.17800E-01       3.71320E-03  9.99980E-01
  1.18925E-01  1.83775E-01  2.50240E-01  3.43490E-01  5.23830E-01       1.61570E-03  9.31180E-01
  6.78025E-02  1.09649E-01  1.50625E-01  2.06600E-01  3.11570E-01       2.04650E-04  7.01260E-01

 -8.81123E-01 -2.97835E-01  2.92818E-01  7.39420E-01  9.71413E-01      -1.00000E+00  1.00000E+00
 -8.82660E-01 -3.16290E-01  2.67228E-01  7.18847E-01  9.66620E-01      -1.00000E+00  1.00000E+00
 -8.97982E-01 -3.59437E-01  2.37319E-01  7.11772E-01  9.66950E-01      -1.00000E+00  1.00000E+00
 -9.09712E-01 -3.97450E-01  2.11919E-01  6.97745E-01  9.66295E-01      -1.00000E+00  1.00000E+00
 -9.31670E-01 -4.84800E-01  1.32356E-01  6.64725E-01  9.59998E-01      -1.00000E+00  1.00000E+00
 -2.48387E-01  5.24335E-01  8.11065E-01  9.39663E-01  9.93580E-01      -1.00000E+00  1.00000E+00
 -1.85828E-01  5.21345E-01  8.05920E-01  9.37227E-01  9.93475E-01      -1.00000E+00  1.00000E+00
 -2.51438E-01  4.72553E-01  7.78895E-01  9.28715E-01  9.92300E-01      -1.00000E+00  1.00000E+00
 -4.09940E-01  3.75455E-01  7.34285E-01  9.13490E-01  9.90707E-01      -1.00000E+00  1.00000E+00
 -7.40982E-01  2.31100E-03  5.39825E-01  8.44293E-01  9.82677E-01      -1.00000E+00  1.00000E+00
  5.77242E-01  8.64202E-01  9.48015E-01  9.83665E-01  9.98300E-01      -7.99180E-01  1.00000E+00
  5.89400E-01  8.58700E-01  9.43880E-01  9.82552E-01  9.98148E-01      -6.94090E-01  1.00000E+00
  5.46360E-01  8.38562E-01  9.35510E-01  9.79735E-01  9.97858E-01      -7.59160E-01  1.00000E+00
  4.60305E-01  7.93170E-01  9.16937E-01  9.73370E-01  9.97235E-01      -7.62020E-01  1.00000E+00
  3.19896E-01  6.70615E-01  8.54730E-01  9.52050E-01  9.94765E-01      -9.99960E-01  1.00000E+00
  8.40645E-01  9.53445E-01  9.82415E-01  9.94610E-01  9.99433E-01       4.08240E-02  1.00000E+00
  8.45322E-01  9.49170E-01  9.80155E-01  9.93807E-01  9.99358E-01      -8.26860E-02  1.00000E+00
  8.21820E-01  9.38630E-01  9.76007E-01  9.92523E-01  9.99225E-01       9.63840E-02  1.00000E+00
  7.80415E-01  9.18165E-01  9.67280E-01  9.89775E-01  9.98865E-01       1.60610E-01  1.00000E+00
  7.91730E-01  9.03223E-01  9.57723E-01  9.86097E-01  9.98510E-01       3.35680E-02  1.00000E+00
  9.54913E-01  9.86568E-01  9.94903E-01  9.98435E-01  9.99837E-01       6.86660E-01  1.00000E+00
  9.49325E-01  9.83725E-01  9.93663E-01  9.98013E-01  9.99798E-01       6.05020E-01  1.00000E+00
  9.39532E-01  9.79590E-01  9.92005E-01  9.97497E-01  9.99725E-01       6.68920E-01  1.00000E+00
  9.30723E-01  9.73442E-01  9.89332E-01  9.96627E-01  9.99647E-01       6.20560E-01  1.00000E+00
  9.37327E-01  9.72297E-01  9.87925E-01  9.95963E-01  9.99560E-01       6.29270E-01  1.00000E+00


    1.   1.01    4.   9.01  5.00E+02  8.50E+01  8.42E-01  7.35E-01     5   0.00

  3.13860E+02  4.53210E+02  4.73440E+02  4.83910E+02  4.91130E+02       7.58100E-02  4.96330E+02

  2.47595E-01  4.01400E-01  5.33975E-01  6.77810E-01  8.66830E-01       5.80430E-03  1.00000E+00
  9.08060E-02  1.43790E-01  2.02100E-01  2.94915E-01  5.09430E-01       8.47110E-04  9.62300E-01
  6.01710E-02  9.56680E-02  1.29960E-01  1.81465E-01  3.11040E-01       4.36420E-04  6.71530E-01
  4.69405E-02  7.92775E-02  1.09305E-01  1.52655E-01  2.47230E-01       3.05470E-04  5.18810E-01
  3.01645E-02  5.19840E-02  7.19045E-02  9.77655E-02  1.47625E-01       1.37110E-04  3.30710E-01

 -2.84492E-01  3.85921E-01  7.43807E-01  9.19630E-01  9.91847E-01      -1.00000E+00  1.00000E+00
 -2.64903E-01  3.46771E-01  7.11965E-01  9.08292E-01  9.90450E-01      -1.00000E+00  1.00000E+00
 -3.19820E-01  2.69115E-01  6.61568E-01  8.88610E-01  9.88115E-01      -1.00000E+00  1.00000E+00
 -4.18595E-01  1.54490E-01  5.91993E-01  8.58372E-01  9.84090E-01      -1.00000E+00  1.00000E+00
 -6.87620E-01 -7.61550E-02  4.25843E-01  7.85005E-01  9.74980E-01      -1.00000E+00  1.00000E+00
  8.62910E-01  9.66158E-01  9.88247E-01  9.96500E-01  9.99630E-01      -3.35780E-02  1.00000E+00
  8.60372E-01  9.59580E-01  9.85343E-01  9.95545E-01  9.99540E-01      -2.24480E-01  1.00000E+00
  8.26460E-01  9.47637E-01  9.80280E-01  9.93903E-01  9.99350E-01      -2.94020E-02  1.00000E+00
  7.72168E-01  9.18107E-01  9.68533E-01  9.90335E-01  9.99000E-01      -1.56020E-01  1.00000E+00
  7.52058E-01  8.80020E-01  9.47040E-01  9.82355E-01  9.98053E-01      -6.34250E-02  1.00000E+00
  9.74688E-01  9.93040E-01  9.97413E-01  9.99205E-01  9.99917E-01       5.76510E-01  1.00000E+00
  9.67875E-01  9.90935E-01  9.96592E-01  9.98945E-01  9.99895E-01       6.38740E-01  1.00000E+00
  9.57730E-01  9.87803E-01  9.95415E-01  9.98587E-01  9.99857E-01       6.44340E-01  1.00000E+00
  9.38155E-01  9.80830E-01  9.92807E-01  9.97797E-01  9.99770E-01       6.25340E-01  1.00000E+00
  9.16613E-01  9.66158E-01  9.86008E-01  9.95435E-01  9.99503E-01       6.49120E-01  1.00000E+00
  9.86485E-01  9.96023E-01  9.98470E-01  9.99522E-01  9.99950E-01       8.09290E-01  1.00000E+00
  9.81258E-01  9.94410E-01  9.97855E-01  9.99332E-01  9.99930E-01       8.25920E-01  1.00000E+00
  9.75615E-01  9.92575E-01  9.97153E-01  9.99105E-01  9.99903E-01       8.26210E-01  1.00000E+00
  9.64845E-01  9.88507E-01  9.95565E-01  9.98613E-01  9.99855E-01       8.05580E-01  1.00000E+00
  9.61490E-01  9.83595E-01  9.93125E-01  9.97762E-01  9.99758E-01       8.41140E-01  1.00000E+00
  9.94137E-01  9.98050E-01  9.99230E-01  9.99755E-01  9.99975E-01       9.37160E-01  1.00000E+00
  9.92970E-01  9.97637E-01  9.99070E-01  9.99708E-01  9.99968E-01       9.32290E-01  1.00000E+00
  9.91245E-01  9.96995E-01  9.98820E-01  9.99623E-01  9.99958E-01       9.36220E-01  1.00000E+00
  9.88788E-01  9.96040E-01  9.98412E-01  9.99485E-01  9.99950E-01       9.27830E-01  1.00000E+00
  9.88258E-01  9.95077E-01  9.97897E-01  9.99308E-01  9.99927E-01       9.45200E-01  1.00000E+00


    1.   1.01    4.   9.01  1.00E+03  0.00E+00  6.76E-02  2.02E-02     5   0.00

  7.40200E+01  1.75330E+02  2.73870E+02  3.92420E+02  5.69260E+02       1.07620E-01  8.11390E+02

  4.39430E-01  6.40525E-01  7.73345E-01  8.76210E-01  9.62005E-01       1.94700E-02  1.00000E+00
  4.25935E-01  6.35525E-01  7.70310E-01  8.73205E-01  9.61200E-01       4.08670E-02  9.99990E-01
  4.21795E-01  6.30740E-01  7.66610E-01  8.71445E-01  9.60580E-01       1.76050E-02  9.99970E-01
  3.92515E-01  5.97475E-01  7.36030E-01  8.48920E-01  9.51560E-01       3.47480E-02  1.00000E+00
  2.86740E-01  4.66300E-01  6.04755E-01  7.40775E-01  8.96785E-01       1.18930E-02  9.99980E-01

 -9.46830E-01 -5.87040E-01 -1.26510E-02  5.96525E-01  9.45625E-01      -1.00000E+00  1.00000E+00
 -9.50385E-01 -5.99168E-01 -1.27710E-02  6.00760E-01  9.53157E-01      -1.00000E+00  9.99980E-01
 -9.42168E-01 -5.52665E-01  4.98892E-02  6.20730E-01  9.52558E-01      -1.00000E+00  9.99990E-01
 -9.52745E-01 -5.89200E-01 -2.89534E-02  5.61855E-01  9.53615E-01      -1.00000E+00  1.00000E+00
 -9.43882E-01 -5.49057E-01  1.52317E-02  5.85683E-01  9.53490E-01      -1.00000E+00  9.99990E-01
 -9.49657E-01 -5.79353E-01  3.51572E-03  5.78835E-01  9.49118E-01      -1.00000E+00  1.00000E+00
 -9.48577E-01 -5.75885E-01  3.81300E-02  6.16860E-01  9.53213E-01      -1.00000E+00  1.00000E+00
 -9.52365E-01 -5.82493E-01 -1.89813E-02  5.72662E-01  9.49255E-01      -1.00000E+00  9.99990E-01
 -9.52268E-01 -5.66418E-01  1.53793E-02  5.74372E-01  9.48067E-01      -1.00000E+00  9.99990E-01
 -9.48852E-01 -5.86152E-01 -4.95150E-03  5.76970E-01  9.53450E-01      -1.00000E+00  1.00000E+00
 -9.56737E-01 -6.18248E-01 -2.79550E-02  5.76028E-01  9.45357E-01      -1.00000E+00  1.00000E+00
 -9.50430E-01 -5.48100E-01  7.98463E-03  5.90405E-01  9.48890E-01      -1.00000E+00  1.00000E+00
 -9.49575E-01 -5.84342E-01 -9.13638E-03  5.86230E-01  9.50793E-01      -1.00000E+00  9.99990E-01
 -9.52495E-01 -6.02198E-01 -1.43410E-02  5.74265E-01  9.48660E-01      -1.00000E+00  9.99990E-01
 -9.43400E-01 -5.54907E-01  3.32948E-02  6.06648E-01  9.53867E-01      -1.00000E+00  1.00000E+00
 -9.49823E-01 -5.89240E-01 -7.50418E-03  5.68120E-01  9.48008E-01      -1.00000E+00  1.00000E+00
 -9.57525E-01 -5.81503E-01  2.73339E-02  5.83207E-01  9.42725E-01      -1.00000E+00  9.99980E-01
 -9.47823E-01 -5.80677E-01  1.18163E-02  6.13650E-01  9.61298E-01      -1.00000E+00  1.00000E+00
 -9.50242E-01 -5.93960E-01  1.31328E-02  5.90255E-01  9.51450E-01      -1.00000E+00  1.00000E+00
 -9.39767E-01 -5.70065E-01  2.01247E-02  5.95980E-01  9.54780E-01      -1.00000E+00  1.00000E+00
 -9.46608E-01 -5.80873E-01 -1.72426E-02  5.85170E-01  9.51923E-01      -1.00000E+00  9.99980E-01
 -9.47245E-01 -5.65410E-01 -1.17122E-02  5.84603E-01  9.50855E-01      -1.00000E+00  1.00000E+00
 -9.54575E-01 -6.22558E-01 -5.07299E-02  5.52163E-01  9.44827E-01      -1.00000E+00  9.99990E-01
 -9.50935E-01 -5.83320E-01  4.17525E-02  6.13260E-01  9.56713E-01      -1.00000E+00  1.00000E+00
 -9.54328E-01 -6.01435E-01  4.25100E-03  5.93197E-01  9.54810E-01      -1.00000E+00  9.99970E-01


    1.   1.01    4.   9.01  1.00E+03  3.00E+01  1.04E-01  3.35E-02     5   0.00

  8.29160E+01  1.92850E+02  2.97650E+02  4.20630E+02  6.02770E+02       1.03750E-01  8.94000E+02

  4.36875E-01  6.40365E-01  7.71165E-01  8.74930E-01  9.60565E-01       1.12750E-02  9.99980E-01
  4.16415E-01  6.29770E-01  7.66350E-01  8.73595E-01  9.61450E-01       1.80570E-02  1.00000E+00
  4.09025E-01  6.18410E-01  7.54140E-01  8.63055E-01  9.56935E-01       1.37390E-02  1.00000E+00
  3.78265E-01  5.75370E-01  7.12405E-01  8.32065E-01  9.44115E-01       1.35160E-02  9.99980E-01
  2.73545E-01  4.41040E-01  5.74485E-01  7.09905E-01  8.74465E-01       1.76630E-02  9.99980E-01

 -9.51617E-01 -5.95235E-01  1.84711E-02  5.85945E-01  9.49993E-01      -1.00000E+00  1.00000E+00
 -9.46527E-01 -5.67340E-01  3.05738E-02  6.09670E-01  9.54262E-01      -1.00000E+00  1.00000E+00
 -9.46817E-01 -5.70160E-01  1.36968E-02  5.91015E-01  9.54187E-01      -1.00000E+00  1.00000E+00
 -9.44835E-01 -5.59943E-01  2.97405E-02  6.14623E-01  9.55935E-01      -1.00000E+00  1.00000E+00
 -9.49747E-01 -5.69433E-01  4.52170E-02  6.09050E-01  9.53403E-01      -1.00000E+00  9.99990E-01
 -9.35733E-01 -4.97893E-01  1.37580E-01  6.65098E-01  9.57772E-01      -1.00000E+00  1.00000E+00
 -9.31345E-01 -4.96108E-01  1.04460E-01  6.62235E-01  9.56320E-01      -1.00000E+00  9.99980E-01
 -9.38365E-01 -5.25637E-01  8.28128E-02  6.30478E-01  9.61828E-01      -1.00000E+00  9.99990E-01
 -9.40860E-01 -5.58890E-01  3.79205E-02  6.17443E-01  9.54055E-01      -1.00000E+00  1.00000E+00
 -9.45790E-01 -5.64275E-01  3.95977E-02  5.83187E-01  9.54875E-01      -1.00000E+00  9.99980E-01
 -8.85035E-01 -2.86032E-01  3.20447E-01  7.56510E-01  9.70687E-01      -1.00000E+00  1.00000E+00
 -8.98340E-01 -3.15467E-01  2.89070E-01  7.49680E-01  9.72627E-01      -1.00000E+00  9.99990E-01
 -9.10400E-01 -3.92970E-01  2.57483E-01  7.17043E-01  9.71380E-01      -1.00000E+00  1.00000E+00
 -9.22507E-01 -4.35052E-01  2.13980E-01  7.06070E-01  9.66765E-01      -1.00000E+00  1.00000E+00
 -9.35715E-01 -4.89897E-01  1.39383E-01  6.52432E-01  9.58255E-01      -1.00000E+00  9.99990E-01
 -8.04357E-01 -2.09467E-02  5.22680E-01  8.38672E-01  9.82548E-01      -1.00000E+00  1.00000E+00
 -8.24678E-01 -1.06227E-01  4.76293E-01  8.16107E-01  9.80605E-01      -1.00000E+00  9.99990E-01
 -8.37695E-01 -1.28539E-01  4.39550E-01  8.03810E-01  9.77497E-01      -1.00000E+00  1.00000E+00
 -8.75540E-01 -2.42485E-01  3.67075E-01  7.82690E-01  9.78468E-01      -1.00000E+00  1.00000E+00
 -9.14608E-01 -3.71343E-01  2.44165E-01  7.21073E-01  9.68600E-01      -1.00000E+00  1.00000E+00
 -5.25022E-01  2.78339E-01  6.94643E-01  9.04715E-01  9.90367E-01      -1.00000E+00  1.00000E+00
 -5.08850E-01  3.24002E-01  7.08037E-01  9.06135E-01  9.89998E-01      -1.00000E+00  1.00000E+00
 -5.16505E-01  2.88900E-01  6.86970E-01  8.95858E-01  9.88627E-01      -1.00000E+00  1.00000E+00
 -5.66435E-01  2.00555E-01  6.43585E-01  8.85602E-01  9.88490E-01      -9.99990E-01  1.00000E+00
 -7.10535E-01  5.45250E-03  5.14915E-01  8.34750E-01  9.81760E-01      -1.00000E+00  1.00000E+00


    1.   1.01    4.   9.01  1.00E+03  4.50E+01  1.64E-01  5.87E-02     5   0.00

  9.51880E+01  2.19860E+02  3.36980E+02  4.68710E+02  6.50790E+02       1.77190E-02  9.27980E+02

  4.34145E-01  6.37175E-01  7.69555E-01  8.73710E-01  9.61280E-01       1.68080E-02  1.00000E+00
  4.09585E-01  6.19400E-01  7.55570E-01  8.65290E-01  9.58325E-01       2.63370E-02  1.00000E+00
  3.84225E-01  5.91200E-01  7.28645E-01  8.45800E-01  9.50845E-01       1.30890E-02  9.99970E-01
  3.42385E-01  5.32695E-01  6.73285E-01  8.00730E-01  9.29165E-01       8.21640E-03  9.99990E-01
  2.44855E-01  3.95675E-01  5.23980E-01  6.58515E-01  8.33940E-01       1.80460E-02  9.99990E-01

 -9.49620E-01 -5.72380E-01  3.18835E-02  6.11657E-01  9.55320E-01      -1.00000E+00  1.00000E+00
 -9.45598E-01 -5.63335E-01  1.23947E-02  5.97625E-01  9.51840E-01      -1.00000E+00  9.99990E-01
 -9.48500E-01 -5.73902E-01  1.14833E-02  5.89725E-01  9.52985E-01      -1.00000E+00  9.99990E-01
 -9.50475E-01 -5.97790E-01 -1.09132E-02  5.85958E-01  9.46323E-01      -1.00000E+00  1.00000E+00
 -9.50923E-01 -5.80653E-01  4.03290E-02  6.20017E-01  9.56902E-01      -1.00000E+00  1.00000E+00
 -9.06815E-01 -3.57125E-01  2.58085E-01  7.25385E-01  9.68030E-01      -1.00000E+00  1.00000E+00
 -9.17620E-01 -4.31682E-01  2.21995E-01  7.11408E-01  9.67417E-01      -1.00000E+00  1.00000E+00
 -9.22828E-01 -4.51360E-01  1.76615E-01  6.86455E-01  9.61620E-01      -1.00000E+00  1.00000E+00
 -9.37100E-01 -4.85843E-01  1.37019E-01  6.61363E-01  9.59237E-01      -1.00000E+00  1.00000E+00
 -9.36035E-01 -5.21115E-01  8.30142E-02  6.40690E-01  9.60987E-01      -1.00000E+00  1.00000E+00
 -7.94445E-01 -4.57842E-02  5.06840E-01  8.29417E-01  9.81265E-01      -1.00000E+00  1.00000E+00
 -8.33873E-01 -9.29306E-02  4.85015E-01  8.23285E-01  9.81128E-01      -1.00000E+00  1.00000E+00
 -8.57570E-01 -1.57991E-01  4.39170E-01  7.99872E-01  9.77648E-01      -1.00000E+00  1.00000E+00
 -8.89055E-01 -2.52820E-01  3.61765E-01  7.73490E-01  9.74247E-01      -1.00000E+00  1.00000E+00
 -9.20455E-01 -3.93750E-01  2.26858E-01  7.07268E-01  9.66675E-01      -1.00000E+00  1.00000E+00
 -5.59120E-01  2.83070E-01  6.93222E-01  8.98157E-01  9.88930E-01      -1.00000E+00  1.00000E+00
 -5.69362E-01  2.60157E-01  6.72170E-01  8.91675E-01  9.88395E-01      -1.00000E+00  1.00000E+00
 -6.20720E-01  2.29032E-01  6.55957E-01  8.85867E-01  9.87957E-01      -1.00000E+00  1.00000E+00
 -7.50250E-01  4.98170E-02  5.64740E-01  8.54777E-01  9.85035E-01      -1.00000E+00  1.00000E+00
 -8.69610E-01 -1.97399E-01  4.14050E-01  7.99057E-01  9.77235E-01      -1.00000E+00  1.00000E+00
 -1.44950E-02  6.15217E-01  8.47505E-01  9.51792E-01  9.94807E-01      -1.00000E+00  1.00000E+00
 -3.10175E-02  5.96655E-01  8.33045E-01  9.47450E-01  9.94325E-01      -1.00000E+00  1.00000E+00
 -4.48500E-02  5.73222E-01  8.27275E-01  9.44373E-01  9.94260E-01      -9.99960E-01  1.00000E+00
 -1.07010E-01  5.07888E-01  7.91068E-01  9.32052E-01  9.92888E-01      -9.99990E-01  1.00000E+00
 -3.11621E-01  3.18947E-01  6.92357E-01  8.98762E-01  9.88620E-01      -1.00000E+00  1.00000E+00


    1.   1.01    4.   9.01  1.00E+03  6.00E+01  2.77E-01  1.18E-01     5   0.00

  1.21570E+02  2.76590E+02  4.16670E+02  5.61040E+02  7.39260E+02       6.33690E-03  9.60950E+02

  4.22775E-01  6.29005E-01  7.64255E-01  8.69965E-01  9.59360E-01       1.84000E-02  9.99990E-01
  3.81560E-01  5.90255E-01  7.28915E-01  8.46250E-01  9.50935E-01       1.97720E-02  9.99990E-01
  3.35260E-01  5.22285E-01  6.64395E-01  7.94300E-01  9.27730E-01       1.70530E-02  1.00000E+00
  2.81225E-01  4.45735E-01  5.78315E-01  7.15335E-01  8.84325E-01       1.42740E-02  9.99980E-01
  1.94605E-01  3.17700E-01  4.26075E-01  5.50760E-01  7.42375E-01       7.31690E-03  9.99880E-01

 -9.42125E-01 -5.17810E-01  8.03361E-02  6.35653E-01  9.57353E-01      -1.00000E+00  1.00000E+00
 -9.45615E-01 -5.59897E-01  2.69948E-02  6.13953E-01  9.54840E-01      -1.00000E+00  1.00000E+00
 -9.46475E-01 -5.52083E-01  4.85865E-02  6.14105E-01  9.56360E-01      -1.00000E+00  1.00000E+00
 -9.50523E-01 -5.68265E-01  3.31537E-02  6.08418E-01  9.53987E-01      -1.00000E+00  1.00000E+00
 -9.48460E-01 -5.83675E-01  9.96552E-03  5.97233E-01  9.50640E-01      -1.00000E+00  1.00000E+00
 -8.33202E-01 -1.23801E-01  4.48020E-01  8.08915E-01  9.79585E-01      -1.00000E+00  1.00000E+00
 -8.55650E-01 -1.84408E-01  4.05118E-01  8.00865E-01  9.77998E-01      -1.00000E+00  1.00000E+00
 -8.82585E-01 -2.43857E-01  3.58550E-01  7.70845E-01  9.75738E-01      -1.00000E+00  1.00000E+00
 -8.98792E-01 -3.26398E-01  2.98857E-01  7.40595E-01  9.71083E-01      -1.00000E+00  1.00000E+00
 -9.31408E-01 -4.61627E-01  1.63976E-01  6.73695E-01  9.62015E-01      -1.00000E+00  1.00000E+00
 -5.00990E-01  3.30600E-01  7.10930E-01  9.05948E-01  9.91020E-01      -1.00000E+00  1.00000E+00
 -5.59440E-01  2.73865E-01  6.84730E-01  8.95437E-01  9.89352E-01      -1.00000E+00  1.00000E+00
 -6.50195E-01  1.82804E-01  6.41880E-01  8.81507E-01  9.87228E-01      -1.00000E+00  1.00000E+00
 -7.21560E-01  8.64982E-02  5.89947E-01  8.58503E-01  9.84407E-01      -1.00000E+00  1.00000E+00
 -8.65467E-01 -2.14443E-01  3.92367E-01  7.90303E-01  9.75260E-01      -1.00000E+00  1.00000E+00
 -5.96705E-02  6.11050E-01  8.40940E-01  9.48040E-01  9.94247E-01      -1.00000E+00  1.00000E+00
 -9.85247E-02  5.82515E-01  8.27492E-01  9.44000E-01  9.93702E-01      -1.00000E+00  1.00000E+00
 -1.61285E-01  5.42922E-01  8.12915E-01  9.38440E-01  9.93670E-01      -1.00000E+00  1.00000E+00
 -3.41585E-01  4.43765E-01  7.67050E-01  9.25198E-01  9.92142E-01      -1.00000E+00  1.00000E+00
 -6.99890E-01  9.76837E-02  5.95250E-01  8.65752E-01  9.85215E-01      -1.00000E+00  1.00000E+00
  4.97372E-01  8.22145E-01  9.28345E-01  9.77265E-01  9.97590E-01      -9.85810E-01  1.00000E+00
  4.93120E-01  8.15600E-01  9.26140E-01  9.76580E-01  9.97610E-01      -9.81820E-01  1.00000E+00
  4.54688E-01  7.94185E-01  9.13925E-01  9.71890E-01  9.97020E-01      -9.93720E-01  1.00000E+00
  3.97358E-01  7.60128E-01  9.00597E-01  9.68392E-01  9.96782E-01      -9.51860E-01  1.00000E+00
  1.71085E-01  6.34805E-01  8.35810E-01  9.47603E-01  9.94703E-01      -9.99940E-01  1.00000E+00


    1.   1.01    4.   9.01  1.00E+03  7.00E+01  3.95E-01  1.99E-01     5   0.00

  1.56400E+02  3.53400E+02  5.18490E+02  6.67170E+02  8.24310E+02       5.68060E-02  9.77650E+02

  4.08830E-01  6.17055E-01  7.53150E-01  8.62355E-01  9.57185E-01       9.62250E-03  1.00000E+00
  3.39505E-01  5.31295E-01  6.75020E-01  8.05010E-01  9.33105E-01       1.83760E-02  1.00000E+00
  2.71820E-01  4.33850E-01  5.67605E-01  7.05940E-01  8.79805E-01       9.07300E-03  1.00000E+00
  2.16135E-01  3.46990E-01  4.62865E-01  5.97485E-01  8.04340E-01       7.99320E-03  9.99980E-01
  1.45045E-01  2.35440E-01  3.20495E-01  4.26715E-01  6.09945E-01       3.75060E-03  9.99270E-01

 -9.27963E-01 -4.68143E-01  1.53592E-01  6.71973E-01  9.61195E-01      -1.00000E+00  1.00000E+00
 -9.31378E-01 -4.66147E-01  1.33069E-01  6.55772E-01  9.59252E-01      -1.00000E+00  1.00000E+00
 -9.32993E-01 -4.77335E-01  1.38021E-01  6.77975E-01  9.62032E-01      -1.00000E+00  1.00000E+00
 -9.40757E-01 -5.18678E-01  9.38151E-02  6.48257E-01  9.59755E-01      -1.00000E+00  1.00000E+00
 -9.47933E-01 -5.54425E-01  4.87479E-02  6.16960E-01  9.54385E-01      -1.00000E+00  1.00000E+00
 -6.49810E-01  1.63009E-01  6.19852E-01  8.73405E-01  9.86622E-01      -1.00000E+00  1.00000E+00
 -6.85405E-01  1.03811E-01  5.95520E-01  8.63347E-01  9.84360E-01      -1.00000E+00  1.00000E+00
 -7.49345E-01  3.60050E-02  5.59580E-01  8.51750E-01  9.83395E-01      -1.00000E+00  1.00000E+00
 -8.03560E-01 -5.87140E-02  4.82173E-01  8.24102E-01  9.80633E-01      -1.00000E+00  1.00000E+00
 -8.84705E-01 -2.83097E-01  3.29377E-01  7.60000E-01  9.74718E-01      -1.00000E+00  1.00000E+00
 -5.75165E-02  6.02428E-01  8.36290E-01  9.46235E-01  9.94332E-01      -1.00000E+00  1.00000E+00
 -1.15113E-01  5.76100E-01  8.23522E-01  9.43558E-01  9.94200E-01      -1.00000E+00  1.00000E+00
 -2.25748E-01  5.20495E-01  8.03178E-01  9.35717E-01  9.92955E-01      -1.00000E+00  1.00000E+00
 -3.82360E-01  4.12693E-01  7.54850E-01  9.18588E-01  9.91248E-01      -1.00000E+00  1.00000E+00
 -7.30440E-01  7.08690E-02  5.76190E-01  8.60102E-01  9.85045E-01      -1.00000E+00  1.00000E+00
  4.20635E-01  8.02438E-01  9.21610E-01  9.75832E-01  9.97308E-01      -9.99890E-01  1.00000E+00
  3.88228E-01  7.89072E-01  9.14600E-01  9.73095E-01  9.97208E-01      -9.99980E-01  1.00000E+00
  3.30255E-01  7.61143E-01  9.02643E-01  9.69442E-01  9.96850E-01      -1.00000E+00  1.00000E+00
  1.81968E-01  6.96605E-01  8.76195E-01  9.61555E-01  9.95798E-01      -1.00000E+00  1.00000E+00
 -3.01822E-01  4.10018E-01  7.52895E-01  9.22275E-01  9.91873E-01      -1.00000E+00  1.00000E+00
  7.53445E-01  9.16370E-01  9.67210E-01  9.89850E-01  9.98960E-01      -4.91350E-01  1.00000E+00
  7.43122E-01  9.09852E-01  9.64208E-01  9.88733E-01  9.98838E-01      -5.68670E-01  1.00000E+00
  7.20247E-01  8.99993E-01  9.59415E-01  9.86925E-01  9.98610E-01      -4.10100E-01  1.00000E+00
  6.76652E-01  8.76248E-01  9.49810E-01  9.83602E-01  9.98287E-01      -5.19390E-01  1.00000E+00
  6.14278E-01  8.36695E-01  9.30210E-01  9.77050E-01  9.97548E-01      -9.63320E-01  1.00000E+00


    1.   1.01    4.   9.01  1.00E+03  8.00E+01  5.74E-01  3.71E-01     5   0.00

  2.41410E+02  5.26480E+02  7.11290E+02  8.34890E+02  9.30860E+02       8.63980E-02  9.90610E+02

  3.73100E-01  5.72620E-01  7.14555E-01  8.34090E-01  9.45720E-01       9.85370E-03  1.00000E+00
  2.41715E-01  3.92520E-01  5.21380E-01  6.64360E-01  8.55155E-01       5.82470E-03  9.99990E-01
  1.67480E-01  2.70375E-01  3.69160E-01  4.96800E-01  7.29030E-01       1.16230E-02  1.00000E+00
  1.24490E-01  1.93850E-01  2.65115E-01  3.63750E-01  5.66980E-01       7.12400E-03  9.99930E-01
  7.79635E-02  1.23659E-01  1.70995E-01  2.37855E-01  3.72070E-01       1.40840E-03  9.10350E-01

 -8.36500E-01 -2.01867E-01  3.59888E-01  7.65720E-01  9.74282E-01      -1.00000E+00  1.00000E+00
 -8.47897E-01 -2.28214E-01  3.45275E-01  7.60342E-01  9.73150E-01      -1.00000E+00  1.00000E+00
 -8.66437E-01 -2.74999E-01  3.08203E-01  7.45140E-01  9.70970E-01      -1.00000E+00  1.00000E+00
 -8.99295E-01 -3.42900E-01  2.58753E-01  7.16550E-01  9.67597E-01      -1.00000E+00  1.00000E+00
 -9.26185E-01 -4.50862E-01  1.66323E-01  6.80657E-01  9.63785E-01      -1.00000E+00  1.00000E+00
 -3.84725E-02  6.28460E-01  8.50480E-01  9.51445E-01  9.94742E-01      -1.00000E+00  1.00000E+00
 -8.22825E-02  5.95125E-01  8.36418E-01  9.48217E-01  9.94453E-01      -1.00000E+00  1.00000E+00
 -1.67620E-01  5.55830E-01  8.16895E-01  9.40897E-01  9.93727E-01      -1.00000E+00  1.00000E+00
 -3.46886E-01  4.51423E-01  7.68272E-01  9.23485E-01  9.92012E-01      -1.00000E+00  1.00000E+00
 -6.91500E-01  1.10697E-01  6.00352E-01  8.70090E-01  9.86760E-01      -1.00000E+00  1.00000E+00
  6.15557E-01  8.74997E-01  9.50505E-01  9.84407E-01  9.98380E-01      -9.99120E-01  1.00000E+00
  5.93927E-01  8.62280E-01  9.44432E-01  9.82780E-01  9.98163E-01      -9.99380E-01  1.00000E+00
  5.21728E-01  8.38720E-01  9.36157E-01  9.79777E-01  9.97865E-01      -9.99790E-01  1.00000E+00
  3.94457E-01  7.85660E-01  9.15215E-01  9.73125E-01  9.97152E-01      -1.00000E+00  1.00000E+00
 -1.02971E-01  5.24225E-01  8.01985E-01  9.37835E-01  9.93327E-01      -1.00000E+00  1.00000E+00
  8.36437E-01  9.49672E-01  9.80840E-01  9.94063E-01  9.99390E-01      -1.68320E-01  1.00000E+00
  8.24670E-01  9.43910E-01  9.78287E-01  9.93213E-01  9.99267E-01      -2.35520E-01  1.00000E+00
  7.92465E-01  9.30993E-01  9.73027E-01  9.91467E-01  9.99115E-01      -4.26740E-01  1.00000E+00
  7.31888E-01  9.07685E-01  9.63060E-01  9.88528E-01  9.98838E-01      -3.73300E-01  1.00000E+00
  6.26958E-01  8.45725E-01  9.34035E-01  9.78545E-01  9.97638E-01      -5.06650E-01  1.00000E+00
  9.39220E-01  9.81840E-01  9.93097E-01  9.97850E-01  9.99785E-01       3.04000E-01  1.00000E+00
  9.32283E-01  9.78242E-01  9.91623E-01  9.97343E-01  9.99725E-01       3.99680E-01  1.00000E+00
  9.17442E-01  9.72770E-01  9.89325E-01  9.96717E-01  9.99658E-01       2.94460E-01  1.00000E+00
  8.99480E-01  9.64473E-01  9.85775E-01  9.95513E-01  9.99533E-01       3.02370E-01  1.00000E+00
  8.84718E-01  9.52380E-01  9.79815E-01  9.93575E-01  9.99305E-01       3.71410E-01  1.00000E+00


    1.   1.01    4.   9.01  1.00E+03  8.50E+01  7.59E-01  6.13E-01     5   0.00

  4.36450E+02  7.97360E+02  9.12380E+02  9.51130E+02  9.77600E+02       7.40350E-02  9.94200E+02

  2.82120E-01  4.50150E-01  5.86470E-01  7.23340E-01  8.86590E-01       9.47490E-03  1.00000E+00
  1.22150E-01  1.94590E-01  2.71715E-01  3.82075E-01  6.20260E-01       3.19530E-03  9.99990E-01
  7.17445E-02  1.08666E-01  1.49135E-01  2.14180E-01  3.83090E-01       1.07520E-03  8.84450E-01
  5.13305E-02  7.72640E-02  1.04121E-01  1.46130E-01  2.57415E-01       4.05550E-04  6.77670E-01
  3.46400E-02  5.59950E-02  7.71760E-02  1.08491E-01  1.79515E-01       6.14900E-04  4.83680E-01

 -3.77887E-01  3.36905E-01  7.07040E-01  9.06107E-01  9.90295E-01      -1.00000E+00  1.00000E+00
 -4.05173E-01  2.67663E-01  6.69488E-01  8.90437E-01  9.88658E-01      -1.00000E+00  1.00000E+00
 -4.76626E-01  1.95148E-01  6.19455E-01  8.70277E-01  9.86413E-01      -1.00000E+00  1.00000E+00
 -5.91310E-01  8.83850E-02  5.42868E-01  8.40865E-01  9.82343E-01      -1.00000E+00  1.00000E+00
 -8.06375E-01 -1.60903E-01  3.92462E-01  7.80565E-01  9.75220E-01      -1.00000E+00  1.00000E+00
  7.67853E-01  9.33177E-01  9.74817E-01  9.92160E-01  9.99215E-01      -8.25910E-01  1.00000E+00
  7.58355E-01  9.25080E-01  9.71310E-01  9.90977E-01  9.99057E-01      -8.11080E-01  1.00000E+00
  7.04222E-01  9.06365E-01  9.63137E-01  9.88180E-01  9.98770E-01      -7.60770E-01  1.00000E+00
  5.96213E-01  8.67332E-01  9.48612E-01  9.83928E-01  9.98370E-01      -8.92850E-01  1.00000E+00
  2.35545E-01  6.76463E-01  8.65710E-01  9.57825E-01  9.95650E-01      -9.99990E-01  1.00000E+00
  9.50275E-01  9.86487E-01  9.95092E-01  9.98485E-01  9.99845E-01       2.36000E-01  1.00000E+00
  9.43858E-01  9.83882E-01  9.94070E-01  9.98175E-01  9.99810E-01       3.15030E-01  1.00000E+00
  9.27805E-01  9.78832E-01  9.92032E-01  9.97553E-01  9.99742E-01       2.98700E-01  1.00000E+00
  8.90737E-01  9.66350E-01  9.87170E-01  9.96092E-01  9.99592E-01       2.96600E-01  1.00000E+00
  8.25173E-01  9.30608E-01  9.71290E-01  9.90970E-01  9.99040E-01       2.15540E-01  1.00000E+00
  9.84730E-01  9.95768E-01  9.98402E-01  9.99510E-01  9.99947E-01       6.35650E-01  1.00000E+00
  9.79810E-01  9.94305E-01  9.97847E-01  9.99335E-01  9.99927E-01       7.01090E-01  1.00000E+00
  9.72768E-01  9.92275E-01  9.97108E-01  9.99105E-01  9.99910E-01       6.50150E-01  1.00000E+00
  9.59315E-01  9.87785E-01  9.95443E-01  9.98560E-01  9.99850E-01       6.89070E-01  1.00000E+00
  9.31890E-01  9.74233E-01  9.89435E-01  9.96638E-01  9.99650E-01       6.22230E-01  1.00000E+00
  9.92590E-01  9.97818E-01  9.99173E-01  9.99733E-01  9.99972E-01       8.77720E-01  1.00000E+00
  9.90025E-01  9.96980E-01  9.98830E-01  9.99638E-01  9.99963E-01       8.82950E-01  1.00000E+00
  9.86625E-01  9.95858E-01  9.98417E-01  9.99507E-01  9.99950E-01       8.72710E-01  1.00000E+00
  9.80635E-01  9.93632E-01  9.97560E-01  9.99235E-01  9.99923E-01       8.65650E-01  1.00000E+00
  9.75298E-01  9.90085E-01  9.95860E-01  9.98665E-01  9.99862E-01       8.40330E-01  1.00000E+00


    1.   1.01    4.   9.01  2.00E+03  0.00E+00  3.29E-02  8.75E-03     5   0.00

  1.19860E+02  2.83420E+02  4.57590E+02  6.91270E+02  1.08230E+03       8.62010E-02  1.63440E+03

  4.32925E-01  6.33320E-01  7.66595E-01  8.72020E-01  9.63305E-01       1.82740E-02  9.99970E-01
  4.21955E-01  6.36825E-01  7.72220E-01  8.75465E-01  9.61135E-01       2.86060E-02  9.99990E-01
  4.06005E-01  6.24870E-01  7.62010E-01  8.67900E-01  9.59095E-01       4.08690E-02  1.00000E+00
  3.80430E-01  5.81200E-01  7.19685E-01  8.40560E-01  9.45515E-01       3.50840E-02  9.99970E-01
  2.67705E-01  4.38760E-01  5.83440E-01  7.26310E-01  8.94735E-01       3.53100E-02  9.99860E-01

 -9.52185E-01 -5.83987E-01  2.91850E-03  5.77435E-01  9.58552E-01      -1.00000E+00  9.99980E-01
 -9.50465E-01 -5.46010E-01  7.65497E-02  6.19575E-01  9.54420E-01      -1.00000E+00  9.99920E-01
 -9.46575E-01 -5.68172E-01  1.40055E-02  5.90328E-01  9.50025E-01      -1.00000E+00  9.99970E-01
 -9.56862E-01 -5.98745E-01 -3.63150E-02  5.49790E-01  9.56115E-01      -1.00000E+00  9.99850E-01
 -9.47122E-01 -6.03965E-01 -2.69033E-02  5.88900E-01  9.54520E-01      -1.00000E+00  9.99990E-01
 -9.45763E-01 -5.74727E-01  4.03755E-02  5.70795E-01  9.50560E-01      -1.00000E+00  1.00000E+00
 -9.40992E-01 -5.75595E-01 -1.04117E-02  5.89225E-01  9.57080E-01      -1.00000E+00  9.99980E-01
 -9.44383E-01 -5.70658E-01  6.79612E-03  5.61802E-01  9.48180E-01      -9.99990E-01  9.99950E-01
 -9.52465E-01 -5.60525E-01  1.22075E-03  5.82585E-01  9.54300E-01      -1.00000E+00  9.99940E-01
 -9.50705E-01 -5.69945E-01  2.14579E-02  5.99605E-01  9.51223E-01      -1.00000E+00  9.99980E-01
 -9.43505E-01 -5.83030E-01  5.50900E-03  6.18167E-01  9.52910E-01      -1.00000E+00  9.99900E-01
 -9.56625E-01 -6.22398E-01 -3.93387E-02  5.73725E-01  9.49397E-01      -1.00000E+00  9.99970E-01
 -9.55970E-01 -5.64002E-01  1.75624E-02  5.91718E-01  9.49340E-01      -1.00000E+00  9.99910E-01
 -9.51410E-01 -6.18833E-01 -4.20866E-02  5.70050E-01  9.56577E-01      -1.00000E+00  9.99980E-01
 -9.49115E-01 -5.68725E-01  1.86743E-02  5.95765E-01  9.54290E-01      -1.00000E+00  9.99920E-01
 -9.44627E-01 -5.95000E-01  2.94488E-02  6.37828E-01  9.58273E-01      -1.00000E+00  1.00000E+00
 -9.41755E-01 -5.71995E-01  5.49365E-03  6.24640E-01  9.55210E-01      -1.00000E+00  9.99950E-01
 -9.55385E-01 -5.92213E-01 -2.06605E-02  5.78435E-01  9.47728E-01      -1.00000E+00  9.99990E-01
 -9.48385E-01 -5.86770E-01  2.04711E-02  5.82487E-01  9.41722E-01      -1.00000E+00  9.99850E-01
 -9.31080E-01 -5.40157E-01  4.16905E-02  6.34230E-01  9.61672E-01      -1.00000E+00  9.99960E-01
 -9.43788E-01 -6.18318E-01 -1.82545E-02  5.71923E-01  9.51242E-01      -1.00000E+00  9.99890E-01
 -9.53043E-01 -5.92023E-01  2.79833E-02  6.23565E-01  9.57665E-01      -1.00000E+00  9.99990E-01
 -9.50995E-01 -5.79770E-01  5.99400E-03  6.05953E-01  9.52573E-01      -1.00000E+00  9.99980E-01
 -9.56215E-01 -6.07130E-01 -1.75168E-02  5.81372E-01  9.50740E-01      -1.00000E+00  9.99960E-01
 -9.63473E-01 -6.15635E-01 -1.38266E-02  6.15102E-01  9.54770E-01      -1.00000E+00  9.99940E-01


    1.   1.01    4.   9.01  2.00E+03  3.00E+01  5.64E-02  1.55E-02     5   0.00

  1.24580E+02  2.95130E+02  4.74540E+02  7.08020E+02  1.11460E+03       3.21050E-02  1.75820E+03

  4.20985E-01  6.31605E-01  7.64940E-01  8.70810E-01  9.60800E-01       3.06250E-02  9.99980E-01
  4.18840E-01  6.30795E-01  7.67860E-01  8.72310E-01  9.59400E-01       1.35370E-02  9.99980E-01
  4.03395E-01  6.16275E-01  7.53405E-01  8.63455E-01  9.55115E-01       2.85190E-02  9.99990E-01
  3.65605E-01  5.66665E-01  7.04885E-01  8.25235E-01  9.39865E-01       2.82700E-02  9.99940E-01
  2.59250E-01  4.26155E-01  5.62530E-01  7.05905E-01  8.78215E-01       2.83960E-02  9.99990E-01

 -9.45732E-01 -5.80647E-01  1.13457E-02  6.13138E-01  9.52570E-01      -1.00000E+00  9.99990E-01
 -9.48005E-01 -5.60285E-01  5.49088E-02  6.20988E-01  9.58457E-01      -1.00000E+00  1.00000E+00
 -9.49750E-01 -5.80143E-01 -1.57226E-02  5.80723E-01  9.52120E-01      -1.00000E+00  9.99990E-01
 -9.41407E-01 -5.58100E-01  5.62460E-02  6.01643E-01  9.58928E-01      -1.00000E+00  1.00000E+00
 -9.43578E-01 -5.75415E-01  1.51604E-02  5.95193E-01  9.50112E-01      -1.00000E+00  9.99990E-01
 -9.23340E-01 -4.39205E-01  1.70202E-01  6.66790E-01  9.59975E-01      -1.00000E+00  9.99990E-01
 -9.29488E-01 -4.17727E-01  1.96733E-01  7.08873E-01  9.69407E-01      -1.00000E+00  9.99990E-01
 -9.26482E-01 -4.83095E-01  1.36003E-01  6.56270E-01  9.57937E-01      -1.00000E+00  9.99990E-01
 -9.33020E-01 -5.18672E-01  9.44522E-02  6.47570E-01  9.59585E-01      -1.00000E+00  9.99970E-01
 -9.44255E-01 -5.64510E-01  1.61425E-02  6.08615E-01  9.50603E-01      -1.00000E+00  9.99990E-01
 -8.48030E-01 -1.82855E-01  4.20567E-01  7.82630E-01  9.74102E-01      -1.00000E+00  1.00000E+00
 -8.87480E-01 -2.41887E-01  3.60733E-01  7.76310E-01  9.75368E-01      -1.00000E+00  9.99990E-01
 -8.85345E-01 -2.92488E-01  3.09928E-01  7.48057E-01  9.71422E-01      -1.00000E+00  1.00000E+00
 -9.07410E-01 -3.20565E-01  3.16405E-01  7.37113E-01  9.70680E-01      -1.00000E+00  9.99990E-01
 -9.23360E-01 -4.33300E-01  1.92362E-01  7.05518E-01  9.66668E-01      -1.00000E+00  1.00000E+00
 -7.45703E-01  9.40370E-02  6.08470E-01  8.71608E-01  9.86198E-01      -1.00000E+00  1.00000E+00
 -7.78150E-01  2.24363E-02  5.59412E-01  8.52528E-01  9.84473E-01      -1.00000E+00  1.00000E+00
 -8.22050E-01 -3.05238E-02  5.33525E-01  8.40772E-01  9.82855E-01      -1.00000E+00  1.00000E+00
 -8.48990E-01 -1.55045E-01  4.50340E-01  8.11427E-01  9.83558E-01      -1.00000E+00  1.00000E+00
 -9.11910E-01 -3.32877E-01  2.97705E-01  7.40332E-01  9.73465E-01      -1.00000E+00  9.99990E-01
 -5.52410E-01  3.26113E-01  7.20185E-01  9.11187E-01  9.91548E-01      -1.00000E+00  9.99990E-01
 -5.20072E-01  3.29917E-01  7.17292E-01  9.08672E-01  9.90577E-01      -1.00000E+00  9.99990E-01
 -5.25805E-01  2.96538E-01  6.96142E-01  9.03380E-01  9.89422E-01      -1.00000E+00  1.00000E+00
 -6.33545E-01  1.52120E-01  6.34300E-01  8.77970E-01  9.85985E-01      -1.00000E+00  1.00000E+00
 -7.93785E-01 -7.04355E-02  4.88170E-01  8.25877E-01  9.81435E-01      -1.00000E+00  1.00000E+00


    1.   1.01    4.   9.01  2.00E+03  4.50E+01  1.04E-01  3.07E-02     5   0.00

  1.38360E+02  3.26430E+02  5.18340E+02  7.64250E+02  1.17460E+03       1.00610E-01  1.85000E+03

  4.26680E-01  6.32420E-01  7.66775E-01  8.71930E-01  9.59785E-01       1.09310E-02  9.99990E-01
  4.09605E-01  6.22620E-01  7.60135E-01  8.66010E-01  9.59115E-01       4.05500E-02  1.00000E+00
  3.85530E-01  5.98070E-01  7.35635E-01  8.49025E-01  9.51290E-01       3.50770E-02  9.99990E-01
  3.37845E-01  5.34140E-01  6.70820E-01  7.97205E-01  9.27305E-01       3.28750E-02  9.99960E-01
  2.39860E-01  3.92575E-01  5.20880E-01  6.64130E-01  8.47815E-01       1.31750E-02  9.99990E-01

 -9.47228E-01 -5.54080E-01  7.63846E-02  6.26153E-01  9.57118E-01      -1.00000E+00  1.00000E+00
 -9.42030E-01 -5.33902E-01  5.87712E-02  6.19425E-01  9.56420E-01      -1.00000E+00  1.00000E+00
 -9.46050E-01 -5.52488E-01  3.78030E-02  6.24008E-01  9.56052E-01      -1.00000E+00  9.99980E-01
 -9.46453E-01 -5.81778E-01  1.05388E-02  5.96135E-01  9.50820E-01      -1.00000E+00  1.00000E+00
 -9.49228E-01 -5.85700E-01  1.18104E-02  5.96535E-01  9.52960E-01      -1.00000E+00  9.99990E-01
 -8.82710E-01 -2.82328E-01  3.29322E-01  7.61072E-01  9.76513E-01      -1.00000E+00  1.00000E+00
 -8.85393E-01 -3.15985E-01  3.11505E-01  7.39548E-01  9.72250E-01      -1.00000E+00  1.00000E+00
 -9.12180E-01 -3.99495E-01  2.36837E-01  7.17900E-01  9.67608E-01      -1.00000E+00  1.00000E+00
 -9.20913E-01 -4.50617E-01  1.82920E-01  6.87960E-01  9.62128E-01      -1.00000E+00  1.00000E+00
 -9.30978E-01 -4.88142E-01  1.17695E-01  6.61493E-01  9.63490E-01      -1.00000E+00  1.00000E+00
 -7.10938E-01  9.37263E-02  5.95625E-01  8.65627E-01  9.85902E-01      -1.00000E+00  1.00000E+00
 -7.79197E-01 -1.47785E-02  5.37195E-01  8.36102E-01  9.81490E-01      -1.00000E+00  9.99990E-01
 -8.07825E-01 -7.08748E-02  4.88495E-01  8.27735E-01  9.81758E-01      -1.00000E+00  1.00000E+00
 -8.60082E-01 -1.37792E-01  4.40767E-01  7.91818E-01  9.78037E-01      -1.00000E+00  9.99990E-01
 -9.15442E-01 -3.96080E-01  2.22797E-01  7.24747E-01  9.68515E-01      -1.00000E+00  1.00000E+00
 -4.61445E-01  3.93690E-01  7.48105E-01  9.22923E-01  9.91797E-01      -1.00000E+00  1.00000E+00
 -5.11622E-01  3.50607E-01  7.30610E-01  9.14492E-01  9.91095E-01      -1.00000E+00  1.00000E+00
 -5.61353E-01  2.71587E-01  6.98270E-01  9.01435E-01  9.89272E-01      -1.00000E+00  1.00000E+00
 -6.70165E-01  1.60950E-01  6.40912E-01  8.84692E-01  9.87032E-01      -1.00000E+00  1.00000E+00
 -8.29195E-01 -1.17616E-01  4.77205E-01  8.17843E-01  9.81245E-01      -1.00000E+00  1.00000E+00
  5.16750E-02  6.56778E-01  8.59410E-01  9.56280E-01  9.94880E-01      -1.00000E+00  1.00000E+00
  1.80500E-03  6.36305E-01  8.54460E-01  9.54153E-01  9.94812E-01      -1.00000E+00  1.00000E+00
 -7.90450E-02  5.98300E-01  8.32358E-01  9.48120E-01  9.94558E-01      -9.99990E-01  1.00000E+00
 -1.87559E-01  5.12047E-01  7.89245E-01  9.32915E-01  9.92720E-01      -1.00000E+00  1.00000E+00
 -5.94145E-01  1.97770E-01  6.30032E-01  8.78322E-01  9.87880E-01      -1.00000E+00  1.00000E+00


    1.   1.01    4.   9.01  2.00E+03  6.00E+01  2.07E-01  7.25E-02     5   0.00

  1.73880E+02  4.07840E+02  6.41630E+02  9.19150E+02  1.32950E+03       8.86340E-02  1.92920E+03

  4.13620E-01  6.25465E-01  7.59790E-01  8.69150E-01  9.59060E-01       1.53000E-02  1.00000E+00
  3.84395E-01  5.92085E-01  7.31605E-01  8.47770E-01  9.51590E-01       2.32160E-02  1.00000E+00
  3.34390E-01  5.24030E-01  6.66185E-01  7.94085E-01  9.27450E-01       8.77220E-03  9.99990E-01
  2.79230E-01  4.43560E-01  5.75160E-01  7.11110E-01  8.80260E-01       2.69720E-02  9.99980E-01
  1.93635E-01  3.19790E-01  4.31140E-01  5.61405E-01  7.66740E-01       1.07230E-02  9.99990E-01

 -9.32928E-01 -4.90478E-01  1.31163E-01  6.60550E-01  9.57578E-01      -1.00000E+00  1.00000E+00
 -9.43100E-01 -5.10595E-01  9.45666E-02  6.44783E-01  9.57990E-01      -1.00000E+00  1.00000E+00
 -9.43588E-01 -5.47215E-01  6.47531E-02  6.40855E-01  9.58280E-01      -1.00000E+00  1.00000E+00
 -9.45453E-01 -5.25787E-01  6.29882E-02  6.23513E-01  9.55282E-01      -1.00000E+00  1.00000E+00
 -9.49420E-01 -5.60970E-01  4.03302E-02  6.04658E-01  9.50465E-01      -1.00000E+00  1.00000E+00
 -7.67940E-01 -1.32300E-02  5.18695E-01  8.40345E-01  9.82855E-01      -1.00000E+00  1.00000E+00
 -7.96833E-01 -6.98718E-02  4.91632E-01  8.20242E-01  9.78957E-01      -1.00000E+00  1.00000E+00
 -8.42955E-01 -1.50027E-01  4.34235E-01  8.07053E-01  9.79870E-01      -1.00000E+00  1.00000E+00
 -8.73372E-01 -2.41692E-01  3.66962E-01  7.77868E-01  9.75958E-01      -1.00000E+00  1.00000E+00
 -9.17710E-01 -4.22928E-01  2.05247E-01  7.00735E-01  9.66312E-01      -1.00000E+00  1.00000E+00
 -3.36898E-01  4.28372E-01  7.57903E-01  9.22480E-01  9.91030E-01      -1.00000E+00  1.00000E+00
 -4.10470E-01  3.88015E-01  7.44013E-01  9.13172E-01  9.90600E-01      -1.00000E+00  1.00000E+00
 -4.90723E-01  3.27115E-01  7.10513E-01  9.07238E-01  9.90522E-01      -1.00000E+00  1.00000E+00
 -6.59965E-01  1.69541E-01  6.38713E-01  8.83750E-01  9.86857E-01      -1.00000E+00  1.00000E+00
 -8.33410E-01 -1.38740E-01  4.37312E-01  8.01695E-01  9.77095E-01      -1.00000E+00  1.00000E+00
  1.07172E-01  6.72083E-01  8.66177E-01  9.57032E-01  9.95160E-01      -1.00000E+00  1.00000E+00
  5.48452E-02  6.49390E-01  8.56863E-01  9.54118E-01  9.94815E-01      -1.00000E+00  1.00000E+00
 -3.69845E-02  6.15862E-01  8.42422E-01  9.48815E-01  9.94590E-01      -1.00000E+00  1.00000E+00
 -2.60231E-01  5.08243E-01  7.95538E-01  9.36610E-01  9.93330E-01      -1.00000E+00  1.00000E+00
 -6.60445E-01  1.74687E-01  6.42955E-01  8.80827E-01  9.87507E-01      -1.00000E+00  1.00000E+00
  4.96522E-01  8.38200E-01  9.37407E-01  9.79762E-01  9.97893E-01      -9.99980E-01  1.00000E+00
  4.83432E-01  8.24395E-01  9.29907E-01  9.78252E-01  9.97827E-01      -9.99990E-01  1.00000E+00
  4.27265E-01  7.98922E-01  9.20530E-01  9.73765E-01  9.97130E-01      -9.99940E-01  1.00000E+00
  3.17187E-01  7.57802E-01  9.00223E-01  9.67160E-01  9.96400E-01      -1.00000E+00  1.00000E+00
 -1.10375E-01  5.26440E-01  7.95990E-01  9.34802E-01  9.93123E-01      -1.00000E+00  1.00000E+00


    1.   1.01    4.   9.01  2.00E+03  7.00E+01  3.27E-01  1.39E-01     5   0.00

  2.24920E+02  5.29330E+02  8.22780E+02  1.13100E+03  1.51730E+03       8.15120E-02  1.95710E+03

  4.03005E-01  6.13300E-01  7.51705E-01  8.61490E-01  9.56875E-01       7.44870E-03  9.99990E-01
  3.34545E-01  5.28935E-01  6.72780E-01  8.02600E-01  9.30850E-01       1.87150E-02  1.00000E+00
  2.67965E-01  4.30245E-01  5.63175E-01  6.99765E-01  8.73790E-01       2.22710E-02  9.99970E-01
  2.10525E-01  3.41815E-01  4.55210E-01  5.87930E-01  7.95640E-01       1.49930E-02  9.99990E-01
  1.43625E-01  2.37335E-01  3.25320E-01  4.39095E-01  6.44250E-01       8.43510E-03  9.99920E-01

 -9.10393E-01 -3.99143E-01  2.17609E-01  7.05665E-01  9.66615E-01      -1.00000E+00  1.00000E+00
 -9.20488E-01 -4.18727E-01  1.91159E-01  6.86590E-01  9.64202E-01      -1.00000E+00  1.00000E+00
 -9.21430E-01 -4.30102E-01  1.92946E-01  6.94295E-01  9.66340E-01      -1.00000E+00  1.00000E+00
 -9.34242E-01 -4.80095E-01  1.49614E-01  6.72965E-01  9.61442E-01      -1.00000E+00  1.00000E+00
 -9.44170E-01 -5.39160E-01  6.37047E-02  6.27517E-01  9.58028E-01      -1.00000E+00  1.00000E+00
 -5.08352E-01  3.09887E-01  7.04937E-01  9.04985E-01  9.89990E-01      -1.00000E+00  1.00000E+00
 -5.61993E-01  2.51313E-01  6.70010E-01  8.90253E-01  9.88365E-01      -1.00000E+00  1.00000E+00
 -6.46222E-01  1.65080E-01  6.23510E-01  8.73297E-01  9.86225E-01      -1.00000E+00  1.00000E+00
 -7.47987E-01  5.18642E-02  5.69060E-01  8.55590E-01  9.84475E-01      -1.00000E+00  1.00000E+00
 -8.65955E-01 -2.30262E-01  3.72283E-01  7.76655E-01  9.74718E-01      -1.00000E+00  1.00000E+00
  1.25114E-01  6.75718E-01  8.67240E-01  9.57115E-01  9.95670E-01      -9.99990E-01  1.00000E+00
  4.78063E-02  6.50208E-01  8.56682E-01  9.53905E-01  9.95183E-01      -1.00000E+00  1.00000E+00
 -4.28933E-02  6.02560E-01  8.31640E-01  9.45280E-01  9.94300E-01      -1.00000E+00  1.00000E+00
 -2.54375E-01  5.04117E-01  7.95602E-01  9.36680E-01  9.93392E-01      -1.00000E+00  1.00000E+00
 -6.56305E-01  1.55085E-01  6.29105E-01  8.78020E-01  9.86817E-01      -1.00000E+00  1.00000E+00
  5.00498E-01  8.36550E-01  9.32898E-01  9.79085E-01  9.97755E-01      -1.00000E+00  1.00000E+00
  4.76635E-01  8.18630E-01  9.27230E-01  9.76468E-01  9.97560E-01      -9.99940E-01  1.00000E+00
  3.88412E-01  7.93722E-01  9.16807E-01  9.73320E-01  9.97328E-01      -1.00000E+00  1.00000E+00
  2.22776E-01  7.30777E-01  8.93020E-01  9.65530E-01  9.96097E-01      -1.00000E+00  1.00000E+00
 -3.85613E-01  4.29828E-01  7.66188E-01  9.26830E-01  9.92225E-01      -1.00000E+00  1.00000E+00
  7.72865E-01  9.24473E-01  9.70243E-01  9.90545E-01  9.99020E-01      -8.18820E-01  1.00000E+00
  7.49303E-01  9.16705E-01  9.66778E-01  9.89195E-01  9.98888E-01      -7.93410E-01  1.00000E+00
  7.04242E-01  8.97637E-01  9.59933E-01  9.87320E-01  9.98710E-01      -9.51580E-01  1.00000E+00
  6.34173E-01  8.71310E-01  9.48583E-01  9.83657E-01  9.98372E-01      -9.20120E-01  1.00000E+00
  3.76007E-01  7.48007E-01  8.97647E-01  9.67875E-01  9.96282E-01      -1.00000E+00  1.00000E+00


    1.   1.01    4.   9.01  2.00E+03  8.00E+01  5.14E-01  2.91E-01     5   0.00

  3.49910E+02  8.27060E+02  1.20860E+03  1.50860E+03  1.78040E+03       5.49110E-02  1.98250E+03

  3.66085E-01  5.68580E-01  7.09480E-01  8.32250E-01  9.44710E-01       4.09780E-03  1.00000E+00
  2.37290E-01  3.88230E-01  5.15605E-01  6.55565E-01  8.46480E-01       6.88570E-03  1.00000E+00
  1.62250E-01  2.66090E-01  3.63885E-01  4.87105E-01  7.09455E-01       1.26980E-02  9.99980E-01
  1.20215E-01  1.92600E-01  2.64895E-01  3.63950E-01  5.75925E-01       1.35740E-02  9.99960E-01
  8.04615E-02  1.29585E-01  1.81365E-01  2.54570E-01  4.13420E-01       4.20090E-03  9.76280E-01

 -7.57688E-01 -8.25350E-02  4.60580E-01  8.10838E-01  9.79572E-01      -1.00000E+00  1.00000E+00
 -7.86872E-01 -1.23390E-01  4.18295E-01  7.86975E-01  9.77047E-01      -1.00000E+00  1.00000E+00
 -8.33315E-01 -1.94130E-01  3.73435E-01  7.77818E-01  9.74310E-01      -1.00000E+00  1.00000E+00
 -8.70022E-01 -2.52808E-01  3.27210E-01  7.52320E-01  9.71320E-01      -1.00000E+00  1.00000E+00
 -9.19765E-01 -4.12073E-01  2.08531E-01  7.03503E-01  9.65222E-01      -1.00000E+00  1.00000E+00
  1.92220E-01  7.02985E-01  8.79208E-01  9.61253E-01  9.95748E-01      -1.00000E+00  1.00000E+00
  1.05637E-01  6.70835E-01  8.66752E-01  9.57395E-01  9.95520E-01      -1.00000E+00  1.00000E+00
  2.49000E-02  6.25903E-01  8.47538E-01  9.50660E-01  9.94690E-01      -1.00000E+00  1.00000E+00
 -1.71046E-01  5.40365E-01  8.06397E-01  9.37255E-01  9.93282E-01      -1.00000E+00  1.00000E+00
 -6.21955E-01  2.13489E-01  6.56662E-01  8.88837E-01  9.87873E-01      -1.00000E+00  1.00000E+00
  6.64883E-01  8.88730E-01  9.56565E-01  9.86315E-01  9.98557E-01      -1.00000E+00  1.00000E+00
  6.35445E-01  8.77875E-01  9.51585E-01  9.84492E-01  9.98380E-01      -9.99990E-01  1.00000E+00
  5.70400E-01  8.55022E-01  9.42875E-01  9.82292E-01  9.98170E-01      -9.99980E-01  1.00000E+00
  4.37170E-01  8.12122E-01  9.25048E-01  9.75908E-01  9.97442E-01      -9.99990E-01  1.00000E+00
 -1.78709E-01  5.67213E-01  8.27427E-01  9.45472E-01  9.94400E-01      -1.00000E+00  1.00000E+00
  8.52300E-01  9.52715E-01  9.81383E-01  9.94173E-01  9.99378E-01      -6.59950E-01  1.00000E+00
  8.34803E-01  9.45620E-01  9.78645E-01  9.93280E-01  9.99280E-01      -7.02810E-01  1.00000E+00
  8.05615E-01  9.35825E-01  9.74538E-01  9.92015E-01  9.99162E-01      -6.66020E-01  1.00000E+00
  7.35357E-01  9.12662E-01  9.66080E-01  9.89180E-01  9.98877E-01      -7.14620E-01  1.00000E+00
  4.11052E-01  7.86940E-01  9.17165E-01  9.73965E-01  9.97308E-01      -9.99980E-01  1.00000E+00
  9.36108E-01  9.80333E-01  9.92575E-01  9.97745E-01  9.99772E-01       7.80060E-02  1.00000E+00
  9.27790E-01  9.76830E-01  9.91097E-01  9.97230E-01  9.99717E-01       1.26070E-01  1.00000E+00
  9.10633E-01  9.70715E-01  9.88520E-01  9.96360E-01  9.99630E-01       1.09210E-02  1.00000E+00
  8.81318E-01  9.60603E-01  9.84477E-01  9.95142E-01  9.99493E-01       4.10040E-02  1.00000E+00
  8.20518E-01  9.30823E-01  9.71365E-01  9.90927E-01  9.99038E-01      -7.05600E-02  1.00000E+00


    1.   1.01    4.   9.01  2.00E+03  8.50E+01  6.78E-01  4.87E-01     5   0.00

  5.76630E+02  1.27570E+03  1.63180E+03  1.81740E+03  1.92660E+03       9.97190E-02  1.99050E+03

  2.97565E-01  4.76740E-01  6.14745E-01  7.47605E-01  9.01050E-01       1.36240E-02  1.00000E+00
  1.37595E-01  2.25930E-01  3.13080E-01  4.29780E-01  6.58020E-01       8.43970E-03  9.99990E-01
  8.59765E-02  1.34285E-01  1.85900E-01  2.63095E-01  4.54725E-01       6.22680E-03  9.99930E-01
  6.13865E-02  9.13620E-02  1.24905E-01  1.78130E-01  3.18710E-01       1.20700E-03  8.88780E-01
  3.88415E-02  5.97455E-02  8.28050E-02  1.19125E-01  2.10515E-01       3.32820E-04  6.69070E-01

 -3.37845E-01  3.27531E-01  7.02603E-01  9.00353E-01  9.88993E-01      -1.00000E+00  1.00000E+00
 -4.13290E-01  2.55045E-01  6.56923E-01  8.85605E-01  9.87423E-01      -1.00000E+00  1.00000E+00
 -4.70631E-01  1.89760E-01  6.12025E-01  8.67830E-01  9.85385E-01      -1.00000E+00  1.00000E+00
 -5.85770E-01  8.45450E-02  5.47308E-01  8.41228E-01  9.82878E-01      -1.00000E+00  1.00000E+00
 -7.98473E-01 -1.72053E-01  3.81318E-01  7.73635E-01  9.75502E-01      -1.00000E+00  1.00000E+00
  7.24045E-01  9.12162E-01  9.65278E-01  9.88973E-01  9.98845E-01      -1.00000E+00  1.00000E+00
  6.90873E-01  9.00595E-01  9.60827E-01  9.87600E-01  9.98698E-01      -1.00000E+00  1.00000E+00
  6.26027E-01  8.79252E-01  9.51743E-01  9.84865E-01  9.98395E-01      -1.00000E+00  1.00000E+00
  5.05637E-01  8.39422E-01  9.37130E-01  9.79650E-01  9.97942E-01      -9.99830E-01  1.00000E+00
 -1.01945E-01  6.05592E-01  8.45440E-01  9.52427E-01  9.95178E-01      -1.00000E+00  1.00000E+00
  9.23342E-01  9.76180E-01  9.90703E-01  9.97090E-01  9.99687E-01      -3.98790E-01  1.00000E+00
  9.12000E-01  9.72695E-01  9.89327E-01  9.96648E-01  9.99655E-01      -4.73070E-01  1.00000E+00
  8.87865E-01  9.65700E-01  9.86643E-01  9.95755E-01  9.99565E-01      -4.51350E-01  1.00000E+00
  8.46090E-01  9.50747E-01  9.81025E-01  9.93982E-01  9.99368E-01      -3.27920E-01  1.00000E+00
  6.28430E-01  8.68635E-01  9.48040E-01  9.83748E-01  9.98343E-01      -9.99020E-01  1.00000E+00
  9.72243E-01  9.91810E-01  9.96908E-01  9.99047E-01  9.99900E-01       2.63600E-01  1.00000E+00
  9.66950E-01  9.90063E-01  9.96298E-01  9.98837E-01  9.99880E-01       4.26870E-01  1.00000E+00
  9.57005E-01  9.87107E-01  9.95035E-01  9.98485E-01  9.99840E-01       3.21480E-01  1.00000E+00
  9.34190E-01  9.79868E-01  9.92258E-01  9.97585E-01  9.99745E-01       3.76830E-01  1.00000E+00
  8.65490E-01  9.51703E-01  9.80455E-01  9.93860E-01  9.99345E-01       4.06280E-01  1.00000E+00
  9.90333E-01  9.97255E-01  9.98983E-01  9.99690E-01  9.99965E-01       7.72710E-01  1.00000E+00
  9.86945E-01  9.96147E-01  9.98540E-01  9.99548E-01  9.99953E-01       7.70770E-01  1.00000E+00
  9.82215E-01  9.94635E-01  9.97960E-01  9.99375E-01  9.99935E-01       7.46200E-01  1.00000E+00
  9.72622E-01  9.91550E-01  9.96822E-01  9.99003E-01  9.99900E-01       7.36360E-01  1.00000E+00
  9.53527E-01  9.82903E-01  9.93138E-01  9.97768E-01  9.99775E-01       7.19770E-01  1.00000E+00


    1.   1.01    4.   9.01  5.00E+03  0.00E+00  9.44E-03  2.25E-03     5   0.00

  2.17180E+02  5.51020E+02  9.46810E+02  1.54490E+03  2.63280E+03       5.88650E-01  3.90190E+03

  4.03650E-01  6.26310E-01  7.65285E-01  8.70290E-01  9.61715E-01       2.27860E-02  9.99980E-01
  4.23750E-01  6.33765E-01  7.65190E-01  8.76255E-01  9.61130E-01       6.87610E-02  9.99940E-01
  3.76875E-01  5.96605E-01  7.36515E-01  8.47935E-01  9.47840E-01       5.67180E-02  9.99720E-01
  3.34950E-01  5.28800E-01  6.76210E-01  8.06390E-01  9.30120E-01       4.89130E-02  9.99890E-01
  2.28775E-01  4.03925E-01  5.52365E-01  7.05455E-01  8.76800E-01       3.43970E-02  9.99190E-01

 -9.52185E-01 -6.31037E-01 -7.81222E-02  5.51377E-01  9.33097E-01      -9.99950E-01  9.99710E-01
 -9.55660E-01 -5.89625E-01 -3.13690E-02  5.91880E-01  9.43460E-01      -9.99980E-01  9.99680E-01
 -9.40163E-01 -5.47235E-01  6.03505E-02  5.86932E-01  9.42142E-01      -1.00000E+00  9.99640E-01
 -9.52420E-01 -6.06993E-01  1.55537E-02  5.40325E-01  9.28468E-01      -9.99990E-01  9.95750E-01
 -9.30460E-01 -5.29713E-01  5.95310E-02  6.52292E-01  9.46130E-01      -9.99990E-01  9.99080E-01
 -9.61560E-01 -6.35777E-01 -8.61507E-02  6.10282E-01  9.54785E-01      -9.99990E-01  9.99810E-01
 -9.42390E-01 -5.76812E-01  4.02549E-02  5.67925E-01  9.36275E-01      -1.00000E+00  9.98260E-01
 -9.45640E-01 -5.61103E-01 -2.23000E-03  5.48725E-01  9.36510E-01      -9.99990E-01  9.98710E-01
 -9.60635E-01 -6.36622E-01 -2.24037E-02  5.81813E-01  9.42512E-01      -1.00000E+00  9.99220E-01
 -9.40465E-01 -5.47893E-01 -3.18183E-02  6.09850E-01  9.59750E-01      -9.99740E-01  9.99560E-01
 -9.06578E-01 -5.12870E-01  1.70430E-01  6.51780E-01  9.53700E-01      -1.00000E+00  9.99800E-01
 -9.53458E-01 -5.58075E-01 -3.18700E-03  5.67245E-01  9.33097E-01      -1.00000E+00  9.99690E-01
 -9.08787E-01 -4.58673E-01  1.30660E-01  6.24710E-01  9.58557E-01      -9.99860E-01  9.99770E-01
 -9.39742E-01 -5.62270E-01 -1.22575E-02  5.62142E-01  9.47057E-01      -9.99970E-01  9.98950E-01
 -9.39080E-01 -5.90115E-01  4.59538E-02  6.81818E-01  9.61532E-01      -1.00000E+00  9.99090E-01
 -9.60367E-01 -6.14105E-01 -1.00605E-02  5.31087E-01  9.60110E-01      -1.00000E+00  9.99900E-01
 -9.22500E-01 -5.25523E-01 -2.56523E-02  6.46538E-01  9.58725E-01      -1.00000E+00  9.98110E-01
 -9.27582E-01 -5.36410E-01  6.78925E-02  6.24245E-01  9.45960E-01      -9.99980E-01  9.99890E-01
 -9.43835E-01 -5.19868E-01  7.93265E-02  6.28108E-01  9.62532E-01      -9.99990E-01  9.99460E-01
 -9.42995E-01 -5.58797E-01 -2.89980E-02  5.86310E-01  9.58627E-01      -9.99980E-01  9.99680E-01
 -9.53908E-01 -5.46085E-01  2.70402E-02  5.86325E-01  9.47553E-01      -9.99970E-01  9.99030E-01
 -9.25110E-01 -5.65538E-01 -4.45658E-02  5.63183E-01  9.62723E-01      -1.00000E+00  9.99450E-01
 -9.37295E-01 -5.98703E-01  5.18928E-02  6.15515E-01  9.52728E-01      -1.00000E+00  9.99820E-01
 -9.48175E-01 -6.03518E-01  3.16792E-02  6.09130E-01  9.57025E-01      -9.99990E-01  9.96500E-01
 -9.46538E-01 -5.93050E-01 -7.24625E-03  6.00355E-01  9.61190E-01      -1.00000E+00  9.98420E-01


    1.   1.01    4.   9.01  5.00E+03  3.00E+01  1.79E-02  4.15E-03     5   0.00

  2.06850E+02  5.15860E+02  8.83210E+02  1.46430E+03  2.62600E+03       1.83330E-01  4.37630E+03

  4.16330E-01  6.31690E-01  7.67105E-01  8.72840E-01  9.60145E-01       3.71000E-02  9.99880E-01
  4.15385E-01  6.32140E-01  7.68545E-01  8.74035E-01  9.61740E-01       4.97850E-02  9.99970E-01
  4.04375E-01  6.20300E-01  7.55280E-01  8.57990E-01  9.55925E-01       4.97820E-02  1.00000E+00
  3.36605E-01  5.31440E-01  6.73050E-01  8.02765E-01  9.28870E-01       5.22350E-02  9.99920E-01
  2.31420E-01  3.93120E-01  5.34130E-01  6.91365E-01  8.75755E-01       3.44030E-02  9.99740E-01

 -9.37843E-01 -5.35223E-01  4.48718E-02  6.39673E-01  9.51308E-01      -1.00000E+00  9.99310E-01
 -9.44983E-01 -5.65592E-01 -5.27275E-03  6.39338E-01  9.67840E-01      -1.00000E+00  9.99820E-01
 -9.31260E-01 -5.01300E-01  1.60821E-01  6.68495E-01  9.65932E-01      -1.00000E+00  9.99850E-01
 -9.44263E-01 -5.56245E-01  9.56038E-02  6.44070E-01  9.72495E-01      -1.00000E+00  9.99980E-01
 -9.50252E-01 -6.51398E-01 -1.73265E-02  5.18512E-01  9.31567E-01      -9.99990E-01  9.99850E-01
 -8.91595E-01 -3.14120E-01  3.37925E-01  7.49715E-01  9.75660E-01      -1.00000E+00  9.99910E-01
 -8.96280E-01 -3.02847E-01  3.53805E-01  7.71042E-01  9.78487E-01      -1.00000E+00  9.99960E-01
 -9.17813E-01 -4.29983E-01  2.01670E-01  7.45470E-01  9.68450E-01      -1.00000E+00  9.99930E-01
 -9.20370E-01 -4.53593E-01  2.00040E-01  6.78745E-01  9.62885E-01      -1.00000E+00  9.99900E-01
 -9.48078E-01 -4.98858E-01  1.01967E-01  6.43730E-01  9.62050E-01      -1.00000E+00  9.99960E-01
 -8.01725E-01  1.29153E-02  5.32200E-01  8.36488E-01  9.82910E-01      -1.00000E+00  9.99970E-01
 -8.51927E-01 -5.08900E-02  4.91655E-01  8.24588E-01  9.80402E-01      -1.00000E+00  9.99980E-01
 -8.11205E-01 -9.63063E-02  4.58062E-01  8.23700E-01  9.79985E-01      -1.00000E+00  9.99950E-01
 -8.57442E-01 -2.48217E-01  3.59207E-01  7.72402E-01  9.73410E-01      -1.00000E+00  9.99900E-01
 -8.72838E-01 -3.24590E-01  2.53273E-01  6.87647E-01  9.62253E-01      -9.99980E-01  9.99950E-01
 -6.85925E-01  1.61074E-01  6.40652E-01  8.71032E-01  9.89713E-01      -9.99990E-01  9.99990E-01
 -6.41505E-01  1.11256E-01  6.29945E-01  8.84250E-01  9.87630E-01      -1.00000E+00  9.99990E-01
 -7.32965E-01  4.29606E-02  5.75715E-01  8.62530E-01  9.85055E-01      -1.00000E+00  9.99940E-01
 -8.05613E-01  8.13620E-03  5.59018E-01  8.61140E-01  9.86495E-01      -1.00000E+00  9.99990E-01
 -9.09833E-01 -2.69938E-01  3.05875E-01  7.38158E-01  9.69283E-01      -1.00000E+00  9.99940E-01
 -5.53943E-01  3.08245E-01  7.26290E-01  9.28305E-01  9.92947E-01      -1.00000E+00  9.99990E-01
 -5.64975E-01  2.80582E-01  7.11873E-01  9.02277E-01  9.89110E-01      -1.00000E+00  9.99630E-01
 -6.48895E-01  2.24330E-01  6.88640E-01  8.95073E-01  9.86312E-01      -1.00000E+00  9.99960E-01
 -6.44242E-01  1.37817E-01  6.16088E-01  8.66290E-01  9.86370E-01      -9.99990E-01  9.99970E-01
 -8.54947E-01 -1.39922E-01  4.39105E-01  7.92172E-01  9.78727E-01      -9.99970E-01  9.99950E-01


    1.   1.01    4.   9.01  5.00E+03  4.50E+01  4.03E-02  9.04E-03     5   0.00

  2.02450E+02  4.93120E+02  8.37670E+02  1.36850E+03  2.53950E+03       2.53590E-01  4.57350E+03

  4.19090E-01  6.33290E-01  7.67465E-01  8.73575E-01  9.60915E-01       1.98660E-02  1.00000E+00
  4.15920E-01  6.33695E-01  7.68680E-01  8.72405E-01  9.60930E-01       3.88960E-02  9.99900E-01
  3.91915E-01  6.01115E-01  7.37365E-01  8.49285E-01  9.51330E-01       3.41330E-02  9.99990E-01
  3.38570E-01  5.29135E-01  6.68325E-01  7.95965E-01  9.25275E-01       4.75500E-02  9.99950E-01
  2.20260E-01  3.78925E-01  5.12350E-01  6.61480E-01  8.55985E-01       2.79960E-02  9.99440E-01

 -9.38155E-01 -5.31360E-01  7.61820E-02  6.42218E-01  9.53935E-01      -1.00000E+00  9.99980E-01
 -9.47088E-01 -4.95468E-01  1.13927E-01  6.48425E-01  9.61423E-01      -1.00000E+00  9.99980E-01
 -9.44570E-01 -5.12185E-01  1.01989E-01  6.25097E-01  9.60478E-01      -1.00000E+00  9.99990E-01
 -9.40342E-01 -5.40990E-01  6.28430E-02  6.46363E-01  9.56072E-01      -1.00000E+00  9.99990E-01
 -9.38260E-01 -5.32260E-01  5.78180E-02  6.17765E-01  9.57713E-01      -1.00000E+00  9.99990E-01
 -8.64860E-01 -1.54359E-01  4.15175E-01  7.94218E-01  9.79165E-01      -9.99990E-01  9.99960E-01
 -8.81748E-01 -2.56085E-01  3.72005E-01  7.82320E-01  9.71405E-01      -1.00000E+00  9.99980E-01
 -8.80818E-01 -2.99210E-01  3.01515E-01  7.48548E-01  9.74385E-01      -1.00000E+00  1.00000E+00
 -9.12452E-01 -3.83153E-01  2.65380E-01  7.38877E-01  9.72827E-01      -1.00000E+00  1.00000E+00
 -9.29915E-01 -4.54690E-01  1.32327E-01  6.88693E-01  9.61568E-01      -1.00000E+00  9.99990E-01
 -6.33215E-01  1.93978E-01  6.50023E-01  8.86437E-01  9.88223E-01      -9.99940E-01  1.00000E+00
 -6.80248E-01  1.71601E-01  6.24613E-01  8.81757E-01  9.87540E-01      -1.00000E+00  9.99980E-01
 -8.08828E-01  6.22117E-02  5.72553E-01  8.56145E-01  9.85402E-01      -1.00000E+00  1.00000E+00
 -8.21915E-01 -2.42190E-02  5.09097E-01  8.33225E-01  9.80270E-01      -1.00000E+00  9.99990E-01
 -9.04515E-01 -3.61955E-01  2.60575E-01  7.29985E-01  9.67633E-01      -1.00000E+00  1.00000E+00
 -3.11490E-01  5.20050E-01  7.97365E-01  9.37335E-01  9.92883E-01      -9.99990E-01  1.00000E+00
 -3.08158E-01  4.75305E-01  7.80362E-01  9.30615E-01  9.93043E-01      -9.99980E-01  9.99980E-01
 -4.45295E-01  3.95462E-01  7.52385E-01  9.19020E-01  9.90570E-01      -9.99940E-01  1.00000E+00
 -6.41082E-01  2.56667E-01  6.69787E-01  8.96852E-01  9.88735E-01      -1.00000E+00  1.00000E+00
 -8.32155E-01 -9.70585E-02  4.80287E-01  8.14710E-01  9.78343E-01      -1.00000E+00  9.99990E-01
 -2.38525E-02  6.65365E-01  8.73560E-01  9.57170E-01  9.95545E-01      -1.00000E+00  9.99990E-01
 -4.21825E-02  6.38393E-01  8.49398E-01  9.53315E-01  9.95117E-01      -9.99640E-01  9.99990E-01
 -2.06485E-01  5.71135E-01  8.37735E-01  9.48815E-01  9.93847E-01      -9.99990E-01  1.00000E+00
 -3.68710E-01  4.45180E-01  7.68412E-01  9.28255E-01  9.92948E-01      -1.00000E+00  1.00000E+00
 -6.88400E-01  6.11350E-02  5.85917E-01  8.69043E-01  9.85893E-01      -1.00000E+00  9.99990E-01


    1.   1.01    4.   9.01  5.00E+03  6.00E+01  1.13E-01  2.78E-02     5   0.00

  2.34830E+02  5.72930E+02  9.64950E+02  1.53050E+03  2.66810E+03       2.80570E-01  4.81780E+03

  4.13015E-01  6.25690E-01  7.60985E-01  8.68920E-01  9.58880E-01       2.15910E-02  1.00000E+00
  3.93510E-01  6.02485E-01  7.42685E-01  8.54950E-01  9.53585E-01       2.42540E-02  9.99990E-01
  3.50100E-01  5.46645E-01  6.86805E-01  8.10030E-01  9.34110E-01       3.42640E-02  9.99920E-01
  2.91105E-01  4.60325E-01  5.92820E-01  7.25985E-01  8.87855E-01       2.57050E-02  9.99930E-01
  1.92030E-01  3.23655E-01  4.40765E-01  5.79965E-01  7.93535E-01       2.11180E-02  9.99880E-01

 -9.28840E-01 -4.61143E-01  1.77166E-01  6.86068E-01  9.64300E-01      -1.00000E+00  1.00000E+00
 -9.32775E-01 -4.82025E-01  1.51793E-01  6.72968E-01  9.65533E-01      -1.00000E+00  1.00000E+00
 -9.35277E-01 -4.87452E-01  1.34663E-01  6.45570E-01  9.62350E-01      -1.00000E+00  9.99990E-01
 -9.44950E-01 -5.34363E-01  9.89809E-02  6.37325E-01  9.59045E-01      -1.00000E+00  1.00000E+00
 -9.46178E-01 -5.55290E-01  5.92167E-02  6.17528E-01  9.56070E-01      -1.00000E+00  1.00000E+00
 -7.14875E-01  9.16222E-02  5.86287E-01  8.63535E-01  9.85237E-01      -1.00000E+00  1.00000E+00
 -7.58112E-01  1.90950E-02  5.39635E-01  8.48815E-01  9.84630E-01      -1.00000E+00  1.00000E+00
 -8.28125E-01 -7.81494E-02  4.63250E-01  8.26903E-01  9.79747E-01      -1.00000E+00  1.00000E+00
 -8.70082E-01 -2.09111E-01  4.00745E-01  7.93615E-01  9.76447E-01      -1.00000E+00  1.00000E+00
 -9.20937E-01 -3.95620E-01  2.47565E-01  7.19378E-01  9.67570E-01      -1.00000E+00  9.99990E-01
 -2.00366E-01  5.23170E-01  8.04402E-01  9.35747E-01  9.92690E-01      -1.00000E+00  1.00000E+00
 -3.05820E-01  4.76460E-01  7.71380E-01  9.25505E-01  9.92242E-01      -9.99980E-01  1.00000E+00
 -4.38215E-01  3.80710E-01  7.35703E-01  9.12965E-01  9.91048E-01      -1.00000E+00  1.00000E+00
 -6.03625E-01  2.45170E-01  6.77470E-01  8.87615E-01  9.87685E-01      -1.00000E+00  1.00000E+00
 -8.10375E-01 -1.08635E-01  4.57328E-01  8.10693E-01  9.80735E-01      -1.00000E+00  1.00000E+00
  2.35752E-01  7.39208E-01  8.89502E-01  9.64825E-01  9.96398E-01      -9.99650E-01  1.00000E+00
  1.47214E-01  7.02788E-01  8.78505E-01  9.62643E-01  9.96152E-01      -1.00000E+00  1.00000E+00
  4.19290E-02  6.53743E-01  8.53010E-01  9.53160E-01  9.95040E-01      -1.00000E+00  1.00000E+00
 -1.95480E-01  5.55275E-01  8.22887E-01  9.45420E-01  9.94140E-01      -9.99990E-01  1.00000E+00
 -6.56347E-01  2.23087E-01  6.56578E-01  8.92807E-01  9.88808E-01      -1.00000E+00  1.00000E+00
  5.55238E-01  8.57197E-01  9.44037E-01  9.82120E-01  9.98140E-01      -9.99990E-01  1.00000E+00
  4.83700E-01  8.30587E-01  9.33600E-01  9.79185E-01  9.97800E-01      -9.99990E-01  1.00000E+00
  3.71685E-01  7.98963E-01  9.21710E-01  9.74908E-01  9.97152E-01      -9.99910E-01  1.00000E+00
  1.69288E-01  7.29027E-01  8.93778E-01  9.67228E-01  9.96435E-01      -9.99980E-01  1.00000E+00
 -3.84802E-01  4.32735E-01  7.68190E-01  9.26950E-01  9.91907E-01      -1.00000E+00  1.00000E+00


    1.   1.01    4.   9.01  5.00E+03  7.00E+01  2.25E-01  6.72E-02     5   0.00

  3.01100E+02  7.47750E+02  1.25550E+03  1.93290E+03  3.09060E+03       2.50280E-01  4.89540E+03

  4.04485E-01  6.14220E-01  7.52990E-01  8.62340E-01  9.56660E-01       8.40540E-03  1.00000E+00
  3.46050E-01  5.45770E-01  6.89460E-01  8.14130E-01  9.36015E-01       1.44200E-02  1.00000E+00
  2.81160E-01  4.52065E-01  5.86565E-01  7.19130E-01  8.85010E-01       2.29760E-02  9.99970E-01
  2.19090E-01  3.55940E-01  4.70055E-01  5.99270E-01  7.97480E-01       2.20690E-02  9.99980E-01
  1.44310E-01  2.44030E-01  3.36480E-01  4.55760E-01  6.77085E-01       1.37840E-02  9.99980E-01

 -9.00153E-01 -3.31063E-01  2.75006E-01  7.36417E-01  9.68263E-01      -1.00000E+00  1.00000E+00
 -9.06357E-01 -3.61367E-01  2.49034E-01  7.23662E-01  9.67747E-01      -1.00000E+00  1.00000E+00
 -9.18230E-01 -4.07920E-01  2.09342E-01  7.05015E-01  9.66712E-01      -1.00000E+00  1.00000E+00
 -9.31612E-01 -4.57292E-01  1.77826E-01  6.88792E-01  9.66290E-01      -1.00000E+00  1.00000E+00
 -9.41267E-01 -5.23000E-01  9.40721E-02  6.52502E-01  9.60140E-01      -1.00000E+00  1.00000E+00
 -3.73115E-01  4.20545E-01  7.49600E-01  9.17782E-01  9.90862E-01      -1.00000E+00  1.00000E+00
 -4.54478E-01  3.47550E-01  7.16135E-01  9.04505E-01  9.90580E-01      -1.00000E+00  1.00000E+00
 -5.69650E-01  2.50290E-01  6.64328E-01  8.87175E-01  9.88198E-01      -1.00000E+00  1.00000E+00
 -6.90035E-01  1.20092E-01  5.92812E-01  8.66450E-01  9.85272E-01      -1.00000E+00  1.00000E+00
 -8.55130E-01 -1.79079E-01  4.15857E-01  7.96207E-01  9.78422E-01      -1.00000E+00  1.00000E+00
  2.35830E-01  7.19137E-01  8.82360E-01  9.61940E-01  9.96252E-01      -1.00000E+00  1.00000E+00
  1.63137E-01  6.94280E-01  8.74785E-01  9.58795E-01  9.95567E-01      -1.00000E+00  1.00000E+00
  8.10967E-02  6.52913E-01  8.57993E-01  9.54450E-01  9.95410E-01      -9.99990E-01  1.00000E+00
 -1.46686E-01  5.52130E-01  8.16830E-01  9.41415E-01  9.93850E-01      -1.00000E+00  1.00000E+00
 -5.98175E-01  2.12616E-01  6.59130E-01  8.86220E-01  9.88017E-01      -1.00000E+00  1.00000E+00
  5.72030E-01  8.56180E-01  9.41045E-01  9.81470E-01  9.98085E-01      -9.99910E-01  1.00000E+00
  5.54163E-01  8.44347E-01  9.37060E-01  9.80468E-01  9.98028E-01      -9.99990E-01  1.00000E+00
  4.69530E-01  8.19030E-01  9.26135E-01  9.76550E-01  9.97650E-01      -9.99990E-01  1.00000E+00
  2.89220E-01  7.60565E-01  9.04375E-01  9.69370E-01  9.96727E-01      -9.99970E-01  1.00000E+00
 -2.88265E-01  4.84865E-01  7.91830E-01  9.34832E-01  9.93193E-01      -1.00000E+00  1.00000E+00
  7.79048E-01  9.30537E-01  9.72455E-01  9.91348E-01  9.99095E-01      -9.99990E-01  1.00000E+00
  7.63335E-01  9.22297E-01  9.68727E-01  9.90123E-01  9.98980E-01      -1.00000E+00  1.00000E+00
  7.00943E-01  9.03538E-01  9.62185E-01  9.88255E-01  9.98692E-01      -9.99780E-01  1.00000E+00
  5.95610E-01  8.68460E-01  9.46315E-01  9.83140E-01  9.98223E-01      -9.99590E-01  1.00000E+00
  6.29383E-02  6.74895E-01  8.74762E-01  9.60803E-01  9.95730E-01      -1.00000E+00  1.00000E+00


    1.   1.01    4.   9.01  5.00E+03  8.00E+01  4.27E-01  1.85E-01     5   0.00

  4.86170E+02  1.27240E+03  2.10240E+03  2.96250E+03  3.96940E+03       1.22570E-01  4.95810E+03

  3.67585E-01  5.70570E-01  7.12005E-01  8.33795E-01  9.45620E-01       5.28850E-03  1.00000E+00
  2.40815E-01  3.96390E-01  5.23835E-01  6.61435E-01  8.45790E-01       2.02110E-02  9.99990E-01
  1.64825E-01  2.71685E-01  3.67790E-01  4.85895E-01  6.97915E-01       6.54670E-03  9.99980E-01
  1.18870E-01  1.93845E-01  2.65340E-01  3.59875E-01  5.61495E-01       8.63620E-03  9.99990E-01
  7.94635E-02  1.31945E-01  1.85445E-01  2.62060E-01  4.39210E-01       4.15690E-03  9.99970E-01

 -6.52998E-01  2.62800E-02  5.20175E-01  8.35010E-01  9.81235E-01      -1.00000E+00  1.00000E+00
 -7.02952E-01 -2.31475E-02  4.91035E-01  8.21245E-01  9.79380E-01      -1.00000E+00  1.00000E+00
 -7.79675E-01 -9.85100E-02  4.33582E-01  7.96435E-01  9.78082E-01      -1.00000E+00  1.00000E+00
 -8.35685E-01 -1.86876E-01  3.83823E-01  7.77295E-01  9.75265E-01      -1.00000E+00  1.00000E+00
 -9.04805E-01 -3.77365E-01  2.42210E-01  7.16742E-01  9.68857E-01      -1.00000E+00  1.00000E+00
  3.37013E-01  7.56455E-01  9.00383E-01  9.68300E-01  9.96568E-01      -1.00000E+00  1.00000E+00
  2.70568E-01  7.27555E-01  8.87305E-01  9.63697E-01  9.96097E-01      -1.00000E+00  1.00000E+00
  1.54828E-01  6.89400E-01  8.69878E-01  9.59420E-01  9.95545E-01      -1.00000E+00  1.00000E+00
 -4.51250E-03  6.17960E-01  8.40798E-01  9.50103E-01  9.94422E-01      -1.00000E+00  1.00000E+00
 -5.06099E-01  2.92645E-01  6.90095E-01  8.98375E-01  9.89043E-01      -1.00000E+00  1.00000E+00
  7.24980E-01  9.04960E-01  9.62322E-01  9.87960E-01  9.98727E-01      -9.99710E-01  1.00000E+00
  6.99465E-01  8.97367E-01  9.57618E-01  9.86315E-01  9.98585E-01      -9.99950E-01  1.00000E+00
  6.48883E-01  8.77835E-01  9.51128E-01  9.84252E-01  9.98377E-01      -9.99960E-01  1.00000E+00
  5.42935E-01  8.47375E-01  9.39157E-01  9.80328E-01  9.97927E-01      -1.00000E+00  1.00000E+00
 -4.12400E-02  6.38540E-01  8.57978E-01  9.56377E-01  9.95535E-01      -1.00000E+00  1.00000E+00
  8.68502E-01  9.56252E-01  9.82635E-01  9.94310E-01  9.99413E-01      -9.99760E-01  1.00000E+00
  8.59808E-01  9.52662E-01  9.81137E-01  9.93932E-01  9.99355E-01      -9.99520E-01  1.00000E+00
  8.30063E-01  9.43808E-01  9.77670E-01  9.92827E-01  9.99288E-01      -9.99820E-01  1.00000E+00
  7.61170E-01  9.23002E-01  9.70228E-01  9.90700E-01  9.99018E-01      -1.00000E+00  1.00000E+00
  2.81970E-01  7.92233E-01  9.21710E-01  9.75967E-01  9.97635E-01      -1.00000E+00  1.00000E+00
  9.38937E-01  9.80842E-01  9.92535E-01  9.97682E-01  9.99760E-01      -5.36720E-01  1.00000E+00
  9.28490E-01  9.77222E-01  9.91047E-01  9.97200E-01  9.99702E-01      -4.06980E-01  1.00000E+00
  9.13138E-01  9.72665E-01  9.89212E-01  9.96665E-01  9.99657E-01      -5.31580E-01  1.00000E+00
  8.76392E-01  9.60758E-01  9.84785E-01  9.95212E-01  9.99487E-01      -5.63590E-01  1.00000E+00
  6.87665E-01  8.96143E-01  9.59602E-01  9.87517E-01  9.98687E-01      -9.99230E-01  1.00000E+00


    1.   1.01    4.   9.01  5.00E+03  8.50E+01  5.93E-01  3.47E-01     5   0.00

  7.90650E+02  2.12890E+03  3.19980E+03  3.96760E+03  4.58780E+03       1.31550E-01  4.97960E+03

  3.05365E-01  4.88040E-01  6.26665E-01  7.58515E-01  9.06355E-01       1.25710E-02  1.00000E+00
  1.46480E-01  2.44095E-01  3.34985E-01  4.50130E-01  6.62460E-01       5.41910E-03  9.99990E-01
  8.91805E-02  1.44810E-01  2.00345E-01  2.77265E-01  4.59740E-01       9.18950E-03  9.99980E-01
  6.32940E-02  9.90330E-02  1.36215E-01  1.91345E-01  3.35725E-01       1.10050E-02  9.99340E-01
  4.32785E-02  6.74060E-02  9.46395E-02  1.37615E-01  2.49555E-01       1.69470E-03  8.99560E-01

 -2.74922E-01  3.78686E-01  7.28920E-01  9.11158E-01  9.90380E-01      -1.00000E+00  1.00000E+00
 -3.27925E-01  3.22464E-01  6.88785E-01  8.97817E-01  9.88840E-01      -1.00000E+00  1.00000E+00
 -4.20435E-01  2.41590E-01  6.49493E-01  8.80955E-01  9.86848E-01      -1.00000E+00  1.00000E+00
 -5.37952E-01  1.22293E-01  5.77072E-01  8.52035E-01  9.84313E-01      -1.00000E+00  1.00000E+00
 -7.73250E-01 -1.08181E-01  4.26615E-01  7.93003E-01  9.75110E-01      -1.00000E+00  1.00000E+00
  7.42243E-01  9.11375E-01  9.64255E-01  9.88723E-01  9.98777E-01      -9.99980E-01  1.00000E+00
  7.13920E-01  9.01405E-01  9.60677E-01  9.87435E-01  9.98580E-01      -1.00000E+00  1.00000E+00
  6.55702E-01  8.84375E-01  9.53895E-01  9.85245E-01  9.98452E-01      -1.00000E+00  1.00000E+00
  5.64040E-01  8.50892E-01  9.40082E-01  9.80790E-01  9.97982E-01      -1.00000E+00  1.00000E+00
  3.58000E-03  6.55310E-01  8.66365E-01  9.58095E-01  9.95758E-01      -1.00000E+00  1.00000E+00
  9.16708E-01  9.72182E-01  9.89043E-01  9.96578E-01  9.99650E-01      -9.99970E-01  1.00000E+00
  9.05905E-01  9.68948E-01  9.87755E-01  9.96137E-01  9.99595E-01      -1.00000E+00  1.00000E+00
  8.87720E-01  9.62878E-01  9.85425E-01  9.95380E-01  9.99513E-01      -1.00000E+00  1.00000E+00
  8.46090E-01  9.50353E-01  9.80675E-01  9.93900E-01  9.99372E-01      -9.99890E-01  1.00000E+00
  4.65743E-01  8.51360E-01  9.45430E-01  9.83330E-01  9.98302E-01      -9.99990E-01  1.00000E+00
  9.66182E-01  9.89075E-01  9.95655E-01  9.98655E-01  9.99858E-01      -2.28630E-01  1.00000E+00
  9.60692E-01  9.87615E-01  9.95147E-01  9.98502E-01  9.99835E-01      -1.65540E-01  1.00000E+00
  9.51418E-01  9.84390E-01  9.93985E-01  9.98095E-01  9.99795E-01      -2.50130E-01  1.00000E+00
  9.32468E-01  9.78245E-01  9.91443E-01  9.97295E-01  9.99710E-01      -2.85950E-01  1.00000E+00
  7.68258E-01  9.31792E-01  9.74673E-01  9.92153E-01  9.99158E-01      -9.98230E-01  1.00000E+00
  9.85555E-01  9.95790E-01  9.98380E-01  9.99497E-01  9.99947E-01       4.16520E-01  1.00000E+00
  9.82110E-01  9.94565E-01  9.97910E-01  9.99353E-01  9.99930E-01       2.21340E-01  1.00000E+00
  9.76050E-01  9.92695E-01  9.97215E-01  9.99130E-01  9.99910E-01       3.83150E-01  1.00000E+00
  9.63213E-01  9.88733E-01  9.95713E-01  9.98690E-01  9.99857E-01       4.73480E-01  1.00000E+00
  9.11138E-01  9.70363E-01  9.88425E-01  9.96398E-01  9.99628E-01       1.06820E-01  1.00000E+00



