H_on_C_1.00  also includes: pdf boundaries emin,emax, angmin, angmax....  
 
*  projectile surface binding energy parameter: 1.00 eV     
*  parameter esbparm only added in first of the 84 blocks  
  
 
    1.   1.01    6.  12.01  1.00E+00  0.00E+00  1.34E-01  3.98E-02  1.00E+00   5   0.00

  1.36610E-01  2.37340E-01  2.96140E-01  3.64540E-01  4.53060E-01       6.93050E-04  6.04710E-01

  3.12790E-01  5.43560E-01  7.02495E-01  8.33290E-01  9.48575E-01       6.61340E-03  9.99990E-01
  3.08835E-01  5.39550E-01  7.00495E-01  8.31095E-01  9.45910E-01       3.76280E-03  1.00000E+00
  3.12980E-01  5.45425E-01  7.05135E-01  8.33750E-01  9.46615E-01       1.44360E-03  9.99990E-01
  3.05625E-01  5.35750E-01  6.95160E-01  8.30195E-01  9.43850E-01       2.09740E-03  9.99990E-01
  2.45895E-01  4.36425E-01  5.79490E-01  7.12690E-01  8.80820E-01       3.79940E-03  9.99970E-01

 -9.46750E-01 -5.79460E-01  1.43804E-02  5.81730E-01  9.50855E-01      -1.00000E+00  1.00000E+00
 -9.47193E-01 -5.80205E-01  3.17675E-03  6.02160E-01  9.49857E-01      -1.00000E+00  9.99990E-01
 -9.49222E-01 -5.91390E-01  1.20184E-03  5.82327E-01  9.48315E-01      -1.00000E+00  9.99990E-01
 -9.53945E-01 -5.87805E-01 -8.45625E-03  5.79555E-01  9.49090E-01      -1.00000E+00  1.00000E+00
 -9.45503E-01 -5.66065E-01  1.51452E-02  5.99832E-01  9.55490E-01      -1.00000E+00  1.00000E+00
 -9.53453E-01 -5.74440E-01  7.71575E-03  5.94845E-01  9.53810E-01      -1.00000E+00  1.00000E+00
 -9.55080E-01 -6.02863E-01  9.33125E-03  5.88838E-01  9.46630E-01      -1.00000E+00  1.00000E+00
 -9.51720E-01 -5.91160E-01  9.50500E-04  5.86498E-01  9.52383E-01      -1.00000E+00  1.00000E+00
 -9.49305E-01 -6.07045E-01 -2.33825E-03  5.83008E-01  9.50470E-01      -1.00000E+00  9.99970E-01
 -9.49838E-01 -5.74472E-01  1.21426E-02  6.00120E-01  9.53975E-01      -1.00000E+00  1.00000E+00
 -9.53220E-01 -5.89110E-01 -4.56350E-03  5.87935E-01  9.52150E-01      -1.00000E+00  1.00000E+00
 -9.47272E-01 -5.72272E-01  4.03215E-02  6.09225E-01  9.51303E-01      -1.00000E+00  9.99990E-01
 -9.49057E-01 -5.82793E-01  7.70293E-03  5.88215E-01  9.51120E-01      -1.00000E+00  1.00000E+00
 -9.49353E-01 -5.78143E-01 -1.63980E-03  5.79797E-01  9.47002E-01      -1.00000E+00  9.99990E-01
 -9.47665E-01 -5.92507E-01 -2.12823E-02  5.85342E-01  9.51925E-01      -1.00000E+00  1.00000E+00
 -9.51605E-01 -5.92205E-01 -5.26925E-03  5.85780E-01  9.48083E-01      -1.00000E+00  1.00000E+00
 -9.56050E-01 -6.14882E-01 -4.73852E-02  5.52935E-01  9.46403E-01      -1.00000E+00  1.00000E+00
 -9.50300E-01 -5.91108E-01  4.59840E-03  5.82572E-01  9.49410E-01      -1.00000E+00  1.00000E+00
 -9.52425E-01 -5.94707E-01 -2.06134E-02  5.71710E-01  9.53210E-01      -1.00000E+00  9.99990E-01
 -9.46412E-01 -5.83103E-01  2.21833E-02  5.96712E-01  9.48960E-01      -1.00000E+00  1.00000E+00
 -9.48475E-01 -5.90665E-01 -8.19375E-03  5.83580E-01  9.51175E-01      -1.00000E+00  1.00000E+00
 -9.48483E-01 -5.98020E-01 -2.22915E-02  5.77043E-01  9.46260E-01      -1.00000E+00  1.00000E+00
 -9.50710E-01 -5.82598E-01 -7.36873E-03  5.80518E-01  9.52067E-01      -1.00000E+00  9.99990E-01
 -9.45808E-01 -5.78550E-01  1.19604E-02  5.78280E-01  9.52703E-01      -1.00000E+00  1.00000E+00
 -9.52390E-01 -6.00553E-01 -8.80775E-03  5.78887E-01  9.53100E-01      -1.00000E+00  1.00000E+00


    1.   1.01    6.  12.01  1.00E+00  3.00E+01  1.65E-01  5.57E-02     5   0.00

  1.51640E-01  2.63240E-01  3.42390E-01  4.18820E-01  5.14680E-01       3.98630E-04  7.47320E-01

  3.12155E-01  5.43360E-01  7.03180E-01  8.32920E-01  9.46390E-01       6.26560E-03  9.99980E-01
  3.08650E-01  5.36765E-01  6.97225E-01  8.29145E-01  9.45210E-01       7.02540E-03  9.99980E-01
  3.14850E-01  5.43540E-01  7.01540E-01  8.32315E-01  9.46105E-01       2.75520E-03  9.99990E-01
  3.00460E-01  5.23050E-01  6.84660E-01  8.19325E-01  9.41785E-01       1.96290E-03  9.99970E-01
  2.41255E-01  4.28025E-01  5.72925E-01  7.10225E-01  8.68395E-01       1.58540E-03  9.99990E-01

 -9.53747E-01 -6.08000E-01 -2.54730E-02  5.78980E-01  9.49968E-01      -1.00000E+00  9.99990E-01
 -9.49585E-01 -6.00248E-01 -4.26358E-02  5.51590E-01  9.45762E-01      -1.00000E+00  1.00000E+00
 -9.53917E-01 -5.97585E-01 -1.52815E-02  5.85087E-01  9.53315E-01      -1.00000E+00  1.00000E+00
 -9.56542E-01 -5.98047E-01 -1.20557E-02  5.88082E-01  9.52868E-01      -1.00000E+00  1.00000E+00
 -9.48860E-01 -5.61440E-01  3.86755E-02  5.98588E-01  9.49690E-01      -1.00000E+00  9.99990E-01
 -9.58257E-01 -6.30760E-01 -9.37372E-02  5.23175E-01  9.40400E-01      -1.00000E+00  1.00000E+00
 -9.60503E-01 -6.38343E-01 -9.24460E-02  5.25927E-01  9.46650E-01      -1.00000E+00  1.00000E+00
 -9.51757E-01 -6.17237E-01 -6.58600E-02  5.39110E-01  9.44495E-01      -1.00000E+00  9.99990E-01
 -9.53523E-01 -5.97803E-01 -3.49549E-02  5.45895E-01  9.47920E-01      -1.00000E+00  1.00000E+00
 -9.53200E-01 -6.15105E-01 -4.22522E-02  5.80717E-01  9.52368E-01      -1.00000E+00  1.00000E+00
 -9.55945E-01 -6.33397E-01 -4.82880E-02  5.55235E-01  9.47362E-01      -1.00000E+00  1.00000E+00
 -9.59883E-01 -6.43850E-01 -7.44787E-02  5.55780E-01  9.48170E-01      -1.00000E+00  1.00000E+00
 -9.61332E-01 -6.56332E-01 -1.09218E-01  5.33455E-01  9.41078E-01      -1.00000E+00  1.00000E+00
 -9.66468E-01 -6.76670E-01 -1.13817E-01  5.18123E-01  9.39828E-01      -1.00000E+00  1.00000E+00
 -9.56960E-01 -6.39550E-01 -6.78812E-02  5.57090E-01  9.45915E-01      -1.00000E+00  9.99990E-01
 -8.03545E-01 -2.46815E-01  2.84803E-01  7.25068E-01  9.67275E-01      -1.00000E+00  1.00000E+00
 -7.75292E-01 -1.93183E-01  3.12385E-01  7.34357E-01  9.68237E-01      -1.00000E+00  1.00000E+00
 -7.92127E-01 -1.71934E-01  3.55112E-01  7.52025E-01  9.70217E-01      -1.00000E+00  1.00000E+00
 -8.17223E-01 -2.15760E-01  3.26582E-01  7.41120E-01  9.68592E-01      -1.00000E+00  1.00000E+00
 -8.79063E-01 -3.25050E-01  2.50876E-01  7.11318E-01  9.66390E-01      -1.00000E+00  1.00000E+00
 -1.85224E-01  3.67358E-01  6.84478E-01  8.84923E-01  9.87597E-01      -1.00000E+00  1.00000E+00
 -1.44018E-01  3.96130E-01  6.99515E-01  8.91175E-01  9.88010E-01      -1.00000E+00  1.00000E+00
 -1.45678E-01  4.15395E-01  7.15663E-01  9.02665E-01  9.89523E-01      -1.00000E+00  1.00000E+00
 -1.64065E-01  4.19215E-01  7.22485E-01  9.05652E-01  9.88673E-01      -1.00000E+00  1.00000E+00
 -3.39855E-01  3.18505E-01  6.77420E-01  8.88815E-01  9.87208E-01      -1.00000E+00  1.00000E+00


    1.   1.01    6.  12.01  1.00E+00  4.50E+01  1.94E-01  7.30E-02     5   0.00

  1.68020E-01  2.95980E-01  3.84970E-01  4.66060E-01  5.62470E-01       6.50350E-04  7.80180E-01

  3.09840E-01  5.38580E-01  6.98605E-01  8.31785E-01  9.46520E-01       1.49780E-04  1.00000E+00
  3.05975E-01  5.32130E-01  6.90460E-01  8.23435E-01  9.43515E-01       2.35250E-03  9.99990E-01
  3.14375E-01  5.51125E-01  7.12195E-01  8.40295E-01  9.50185E-01       2.03770E-03  1.00000E+00
  3.02255E-01  5.22050E-01  6.81455E-01  8.16485E-01  9.39145E-01       7.23070E-04  1.00000E+00
  2.36815E-01  4.21150E-01  5.64435E-01  7.02185E-01  8.64555E-01       3.09750E-04  9.99990E-01

 -9.52050E-01 -6.05923E-01 -3.70965E-02  5.57655E-01  9.46318E-01      -1.00000E+00  1.00000E+00
 -9.56543E-01 -6.26112E-01 -4.52715E-02  5.53412E-01  9.45653E-01      -1.00000E+00  1.00000E+00
 -9.52795E-01 -6.12048E-01 -4.34103E-02  5.60940E-01  9.48610E-01      -1.00000E+00  1.00000E+00
 -9.52297E-01 -5.97893E-01 -3.18615E-02  5.67157E-01  9.50987E-01      -1.00000E+00  1.00000E+00
 -9.50647E-01 -5.97392E-01 -1.12125E-02  5.79500E-01  9.53350E-01      -1.00000E+00  1.00000E+00
 -9.65553E-01 -6.81195E-01 -1.24719E-01  5.11165E-01  9.40305E-01      -1.00000E+00  1.00000E+00
 -9.62590E-01 -6.75397E-01 -1.33508E-01  5.22300E-01  9.45233E-01      -1.00000E+00  1.00000E+00
 -9.63785E-01 -6.63703E-01 -1.07987E-01  5.26998E-01  9.43640E-01      -1.00000E+00  1.00000E+00
 -9.59985E-01 -6.28550E-01 -8.01530E-02  5.28933E-01  9.41420E-01      -1.00000E+00  1.00000E+00
 -9.52795E-01 -5.98340E-01 -2.59917E-02  5.75748E-01  9.48028E-01      -1.00000E+00  1.00000E+00
 -8.91382E-01 -4.88410E-01  4.22293E-02  6.08735E-01  9.54147E-01      -1.00000E+00  1.00000E+00
 -9.07352E-01 -5.20735E-01  7.28000E-03  5.85023E-01  9.48865E-01      -1.00000E+00  1.00000E+00
 -9.19165E-01 -5.38210E-01 -1.06150E-02  5.54735E-01  9.43342E-01      -1.00000E+00  1.00000E+00
 -9.39475E-01 -5.60515E-01 -1.13975E-02  5.67397E-01  9.51410E-01      -1.00000E+00  1.00000E+00
 -9.52045E-01 -5.91090E-01 -2.97392E-02  5.58318E-01  9.46192E-01      -1.00000E+00  1.00000E+00
 -5.53427E-01  2.30325E-02  4.68367E-01  7.89548E-01  9.74010E-01      -1.00000E+00  1.00000E+00
 -5.43045E-01  5.27213E-02  4.76930E-01  7.96707E-01  9.76392E-01      -1.00000E+00  1.00000E+00
 -5.68333E-01  4.90830E-02  4.83753E-01  8.06493E-01  9.76477E-01      -1.00000E+00  1.00000E+00
 -6.48165E-01  6.46575E-03  4.86563E-01  8.04403E-01  9.77648E-01      -1.00000E+00  1.00000E+00
 -8.20820E-01 -1.88069E-01  3.79642E-01  7.72913E-01  9.72500E-01      -1.00000E+00  1.00000E+00
  1.15338E-01  5.41985E-01  7.83232E-01  9.23835E-01  9.90870E-01      -9.98930E-01  1.00000E+00
  1.18940E-01  5.47957E-01  7.84445E-01  9.26283E-01  9.91690E-01      -1.00000E+00  1.00000E+00
  1.52918E-01  5.77033E-01  7.93170E-01  9.26818E-01  9.92385E-01      -9.99910E-01  1.00000E+00
  1.13217E-01  5.68623E-01  7.97590E-01  9.25760E-01  9.91888E-01      -1.00000E+00  1.00000E+00
 -1.63051E-01  4.61680E-01  7.54510E-01  9.15323E-01  9.90800E-01      -1.00000E+00  1.00000E+00


    1.   1.01    6.  12.01  1.00E+00  6.00E+01  2.34E-01  9.65E-02     5   0.00

  1.86710E-01  3.35160E-01  4.28670E-01  5.10190E-01  6.05660E-01       8.48280E-04  8.00080E-01

  3.10310E-01  5.41865E-01  6.99575E-01  8.31535E-01  9.47940E-01       3.28840E-03  1.00000E+00
  3.05675E-01  5.31635E-01  6.88915E-01  8.23445E-01  9.42435E-01       2.34290E-03  1.00000E+00
  3.22125E-01  5.56585E-01  7.16595E-01  8.44480E-01  9.52970E-01       6.76750E-04  9.99990E-01
  2.97010E-01  5.19465E-01  6.77065E-01  8.11605E-01  9.36990E-01       2.41700E-03  9.99990E-01
  2.34710E-01  4.19205E-01  5.62730E-01  7.00635E-01  8.62965E-01       1.73730E-03  9.99990E-01

 -9.60275E-01 -6.38005E-01 -8.90782E-02  5.31555E-01  9.40723E-01      -1.00000E+00  1.00000E+00
 -9.58100E-01 -6.27620E-01 -6.48635E-02  5.36245E-01  9.39667E-01      -1.00000E+00  1.00000E+00
 -9.57005E-01 -6.22932E-01 -5.78940E-02  5.41600E-01  9.44875E-01      -1.00000E+00  9.99990E-01
 -9.51430E-01 -6.05607E-01 -2.60445E-02  5.64982E-01  9.53805E-01      -1.00000E+00  1.00000E+00
 -9.54478E-01 -6.00407E-01 -9.88865E-03  5.82462E-01  9.45375E-01      -1.00000E+00  1.00000E+00
 -9.63248E-01 -6.79033E-01 -1.25941E-01  5.02820E-01  9.43025E-01      -1.00000E+00  1.00000E+00
 -9.65147E-01 -6.88922E-01 -1.42809E-01  5.16655E-01  9.40073E-01      -1.00000E+00  1.00000E+00
 -9.63682E-01 -6.76285E-01 -1.21700E-01  5.13047E-01  9.40377E-01      -1.00000E+00  1.00000E+00
 -9.60068E-01 -6.60180E-01 -1.03563E-01  5.30127E-01  9.42017E-01      -1.00000E+00  1.00000E+00
 -9.55570E-01 -6.25768E-01 -7.28338E-02  5.46948E-01  9.44270E-01      -1.00000E+00  1.00000E+00
 -7.95375E-01 -3.26538E-01  1.55804E-01  6.31750E-01  9.55663E-01      -1.00000E+00  1.00000E+00
 -8.19295E-01 -3.43530E-01  1.53382E-01  6.27085E-01  9.52285E-01      -1.00000E+00  1.00000E+00
 -8.60605E-01 -3.74173E-01  1.28324E-01  6.32238E-01  9.55060E-01      -1.00000E+00  1.00000E+00
 -9.04970E-01 -4.38245E-01  8.41540E-02  5.99392E-01  9.52690E-01      -1.00000E+00  1.00000E+00
 -9.28118E-01 -5.03907E-01  7.19342E-02  6.19193E-01  9.53722E-01      -1.00000E+00  1.00000E+00
 -3.51695E-01  1.70592E-01  5.35835E-01  8.21835E-01  9.77943E-01      -1.00000E+00  1.00000E+00
 -3.82550E-01  2.01079E-01  5.72828E-01  8.37905E-01  9.81302E-01      -1.00000E+00  1.00000E+00
 -4.02990E-01  1.82933E-01  5.64220E-01  8.35645E-01  9.80992E-01      -1.00000E+00  1.00000E+00
 -5.19892E-01  1.41836E-01  5.72510E-01  8.38800E-01  9.82010E-01      -1.00000E+00  1.00000E+00
 -7.66835E-01 -1.06922E-01  4.28532E-01  7.88787E-01  9.77155E-01      -1.00000E+00  1.00000E+00
  2.59251E-01  6.22680E-01  8.21110E-01  9.39335E-01  9.93267E-01      -9.99890E-01  1.00000E+00
  2.51839E-01  6.35942E-01  8.30475E-01  9.40570E-01  9.93625E-01      -9.94350E-01  1.00000E+00
  2.57346E-01  6.42070E-01  8.33870E-01  9.43405E-01  9.94090E-01      -9.99400E-01  1.00000E+00
  2.27434E-01  6.30755E-01  8.32385E-01  9.43088E-01  9.93885E-01      -9.99990E-01  1.00000E+00
 -5.84927E-02  5.19173E-01  7.88888E-01  9.26657E-01  9.92813E-01      -1.00000E+00  1.00000E+00


    1.   1.01    6.  12.01  1.00E+00  7.00E+01  2.58E-01  1.12E-01     5   0.00

  1.99950E-01  3.57260E-01  4.52690E-01  5.35160E-01  6.30770E-01       1.19450E-03  8.16030E-01

  3.10055E-01  5.35720E-01  6.95850E-01  8.29685E-01  9.46870E-01       2.24480E-03  9.99990E-01
  3.05020E-01  5.30565E-01  6.89275E-01  8.23310E-01  9.42865E-01       1.40910E-03  1.00000E+00
  3.21335E-01  5.55920E-01  7.14830E-01  8.42980E-01  9.52365E-01       3.43640E-03  1.00000E+00
  2.95940E-01  5.17080E-01  6.75200E-01  8.10925E-01  9.37230E-01       3.34700E-03  1.00000E+00
  2.31950E-01  4.16125E-01  5.59975E-01  6.98980E-01  8.63375E-01       1.99660E-03  9.99990E-01

 -9.55820E-01 -6.38127E-01 -7.77615E-02  5.33863E-01  9.47238E-01      -1.00000E+00  1.00000E+00
 -9.59307E-01 -6.28260E-01 -7.08108E-02  5.42207E-01  9.44210E-01      -1.00000E+00  1.00000E+00
 -9.55660E-01 -6.15550E-01 -3.89193E-02  5.58710E-01  9.46368E-01      -1.00000E+00  1.00000E+00
 -9.53160E-01 -6.08347E-01 -2.36705E-02  5.76133E-01  9.49612E-01      -1.00000E+00  1.00000E+00
 -9.53735E-01 -5.94430E-01 -4.53450E-03  5.74535E-01  9.50605E-01      -1.00000E+00  1.00000E+00
 -9.58970E-01 -6.79215E-01 -1.33845E-01  5.04100E-01  9.40115E-01      -1.00000E+00  1.00000E+00
 -9.62108E-01 -6.84198E-01 -1.42907E-01  5.10675E-01  9.39620E-01      -1.00000E+00  1.00000E+00
 -9.64070E-01 -6.77985E-01 -1.26325E-01  5.09927E-01  9.42255E-01      -1.00000E+00  1.00000E+00
 -9.60305E-01 -6.59015E-01 -1.24644E-01  4.95145E-01  9.36673E-01      -1.00000E+00  1.00000E+00
 -9.59233E-01 -6.38243E-01 -7.14740E-02  5.32913E-01  9.43532E-01      -1.00000E+00  1.00000E+00
 -7.43918E-01 -2.59692E-01  2.18957E-01  6.56508E-01  9.59673E-01      -1.00000E+00  1.00000E+00
 -7.94233E-01 -2.84505E-01  2.03213E-01  6.48663E-01  9.55202E-01      -1.00000E+00  1.00000E+00
 -8.38363E-01 -3.32020E-01  1.83510E-01  6.39810E-01  9.55033E-01      -1.00000E+00  1.00000E+00
 -8.80252E-01 -3.80798E-01  1.51595E-01  6.55982E-01  9.57415E-01      -1.00000E+00  1.00000E+00
 -9.33925E-01 -4.96008E-01  9.08370E-02  6.27490E-01  9.58360E-01      -1.00000E+00  1.00000E+00
 -2.86915E-01  2.27197E-01  5.79240E-01  8.41163E-01  9.80720E-01      -1.00000E+00  1.00000E+00
 -2.95635E-01  2.48817E-01  5.96298E-01  8.47560E-01  9.82655E-01      -1.00000E+00  1.00000E+00
 -3.58057E-01  2.26848E-01  5.90703E-01  8.44080E-01  9.81085E-01      -1.00000E+00  1.00000E+00
 -4.71000E-01  1.81693E-01  5.85402E-01  8.53563E-01  9.82147E-01      -1.00000E+00  1.00000E+00
 -7.64910E-01 -6.78450E-02  4.54862E-01  8.08957E-01  9.81000E-01      -1.00000E+00  1.00000E+00
  3.23840E-01  6.63580E-01  8.44488E-01  9.47015E-01  9.94378E-01      -9.43120E-01  1.00000E+00
  3.24630E-01  6.73505E-01  8.43435E-01  9.45425E-01  9.93718E-01      -8.95520E-01  1.00000E+00
  3.17543E-01  6.74388E-01  8.49148E-01  9.49470E-01  9.94530E-01      -9.66590E-01  1.00000E+00
  2.71214E-01  6.74190E-01  8.51048E-01  9.49065E-01  9.94475E-01      -9.97410E-01  1.00000E+00
  5.49103E-03  5.54155E-01  7.96830E-01  9.30210E-01  9.92488E-01      -9.99990E-01  1.00000E+00


    1.   1.01    6.  12.01  1.00E+00  8.00E+01  2.75E-01  1.23E-01     5   0.00

  2.07780E-01  3.70760E-01  4.67660E-01  5.50360E-01  6.47480E-01       2.99160E-04  8.23460E-01

  3.09080E-01  5.38615E-01  6.97015E-01  8.28880E-01  9.45420E-01       2.89890E-03  1.00000E+00
  3.03355E-01  5.32520E-01  6.90610E-01  8.23490E-01  9.42575E-01       5.68590E-03  9.99990E-01
  3.21280E-01  5.54220E-01  7.13990E-01  8.43090E-01  9.50910E-01       1.13450E-03  1.00000E+00
  2.97545E-01  5.18090E-01  6.76090E-01  8.12085E-01  9.37510E-01       1.78100E-03  9.99990E-01
  2.31315E-01  4.13705E-01  5.57265E-01  6.96760E-01  8.62380E-01       1.38290E-03  1.00000E+00

 -9.55850E-01 -6.33877E-01 -6.96418E-02  5.40793E-01  9.44840E-01      -1.00000E+00  1.00000E+00
 -9.54908E-01 -6.27760E-01 -6.23060E-02  5.39558E-01  9.41698E-01      -1.00000E+00  1.00000E+00
 -9.56385E-01 -6.32550E-01 -4.87105E-02  5.52333E-01  9.48112E-01      -1.00000E+00  1.00000E+00
 -9.53298E-01 -6.09605E-01 -2.57990E-02  5.65082E-01  9.47125E-01      -1.00000E+00  1.00000E+00
 -9.48647E-01 -5.95098E-01 -6.88780E-03  5.79800E-01  9.51380E-01      -1.00000E+00  1.00000E+00
 -9.53610E-01 -6.58537E-01 -1.12939E-01  5.09138E-01  9.41053E-01      -1.00000E+00  1.00000E+00
 -9.59562E-01 -6.61647E-01 -1.23747E-01  5.11657E-01  9.40920E-01      -1.00000E+00  1.00000E+00
 -9.59575E-01 -6.54713E-01 -1.09710E-01  5.24792E-01  9.40908E-01      -1.00000E+00  1.00000E+00
 -9.62347E-01 -6.76477E-01 -1.20190E-01  4.98078E-01  9.35545E-01      -1.00000E+00  1.00000E+00
 -9.60668E-01 -6.32402E-01 -6.51726E-02  5.34083E-01  9.42605E-01      -1.00000E+00  1.00000E+00
 -7.31727E-01 -2.28290E-01  2.46850E-01  6.74835E-01  9.58400E-01      -1.00000E+00  1.00000E+00
 -7.70275E-01 -2.41387E-01  2.35821E-01  6.67543E-01  9.56327E-01      -1.00000E+00  1.00000E+00
 -8.28480E-01 -2.99088E-01  1.97935E-01  6.55835E-01  9.58925E-01      -1.00000E+00  1.00000E+00
 -8.74483E-01 -3.60125E-01  1.82035E-01  6.58858E-01  9.58920E-01      -1.00000E+00  1.00000E+00
 -9.30260E-01 -4.87655E-01  1.08565E-01  6.45415E-01  9.57380E-01      -1.00000E+00  1.00000E+00
 -2.37658E-01  2.53235E-01  5.93560E-01  8.47238E-01  9.81330E-01      -9.99990E-01  1.00000E+00
 -2.82460E-01  2.49270E-01  5.92838E-01  8.46163E-01  9.82410E-01      -1.00000E+00  1.00000E+00
 -3.29595E-01  2.45774E-01  6.08088E-01  8.49260E-01  9.82817E-01      -1.00000E+00  1.00000E+00
 -4.53875E-01  2.02318E-01  5.94032E-01  8.53370E-01  9.83693E-01      -1.00000E+00  1.00000E+00
 -7.41805E-01 -6.17538E-02  4.56062E-01  8.02708E-01  9.76660E-01      -1.00000E+00  1.00000E+00
  3.64095E-01  6.89597E-01  8.56298E-01  9.51582E-01  9.94692E-01      -9.55350E-01  1.00000E+00
  3.63847E-01  6.92963E-01  8.55425E-01  9.50405E-01  9.94653E-01      -9.33650E-01  1.00000E+00
  3.44285E-01  6.97203E-01  8.58530E-01  9.51800E-01  9.94995E-01      -9.95520E-01  1.00000E+00
  3.02627E-01  6.83837E-01  8.55293E-01  9.52087E-01  9.94877E-01      -9.99880E-01  1.00000E+00
  4.61315E-02  5.67645E-01  8.03180E-01  9.33790E-01  9.92912E-01      -1.00000E+00  1.00000E+00


    1.   1.01    6.  12.01  1.00E+00  8.50E+01  2.79E-01  1.26E-01     5   0.00

  2.09640E-01  3.74330E-01  4.71770E-01  5.54570E-01  6.51630E-01       1.29720E-03  8.25900E-01

  3.08425E-01  5.36855E-01  6.97235E-01  8.28940E-01  9.46200E-01       2.17250E-03  9.99990E-01
  3.04110E-01  5.30695E-01  6.91090E-01  8.25805E-01  9.44895E-01       6.95230E-04  9.99990E-01
  3.20330E-01  5.52600E-01  7.13700E-01  8.43180E-01  9.52200E-01       3.99860E-03  1.00000E+00
  2.95460E-01  5.19400E-01  6.78580E-01  8.13045E-01  9.38355E-01       3.62190E-03  9.99990E-01
  2.29860E-01  4.12510E-01  5.55750E-01  6.94970E-01  8.60795E-01       2.07740E-03  1.00000E+00

 -9.54937E-01 -6.32285E-01 -7.54085E-02  5.44743E-01  9.45488E-01      -1.00000E+00  1.00000E+00
 -9.56140E-01 -6.24020E-01 -6.75613E-02  5.48153E-01  9.45760E-01      -1.00000E+00  1.00000E+00
 -9.54247E-01 -6.14260E-01 -3.98538E-02  5.66002E-01  9.47730E-01      -1.00000E+00  1.00000E+00
 -9.54052E-01 -6.00645E-01 -2.45191E-02  5.67265E-01  9.44815E-01      -1.00000E+00  1.00000E+00
 -9.55365E-01 -5.87575E-01  2.45542E-03  5.81388E-01  9.49222E-01      -1.00000E+00  1.00000E+00
 -9.54713E-01 -6.43083E-01 -1.04790E-01  5.36400E-01  9.45003E-01      -1.00000E+00  1.00000E+00
 -9.57555E-01 -6.63678E-01 -1.27518E-01  5.01698E-01  9.36540E-01      -1.00000E+00  1.00000E+00
 -9.61108E-01 -6.61245E-01 -1.20901E-01  5.13742E-01  9.37080E-01      -1.00000E+00  1.00000E+00
 -9.58932E-01 -6.69718E-01 -1.37928E-01  5.01788E-01  9.40710E-01      -1.00000E+00  1.00000E+00
 -9.57267E-01 -6.43083E-01 -7.18282E-02  5.25205E-01  9.41188E-01      -1.00000E+00  1.00000E+00
 -7.19740E-01 -2.14320E-01  2.53265E-01  6.79050E-01  9.60962E-01      -1.00000E+00  1.00000E+00
 -7.62100E-01 -2.34513E-01  2.40550E-01  6.73353E-01  9.58572E-01      -1.00000E+00  1.00000E+00
 -8.24218E-01 -2.75477E-01  2.22380E-01  6.69582E-01  9.58847E-01      -1.00000E+00  1.00000E+00
 -8.74300E-01 -3.59267E-01  1.82055E-01  6.56225E-01  9.55830E-01      -1.00000E+00  1.00000E+00
 -9.26218E-01 -4.84705E-01  1.08352E-01  6.51795E-01  9.58145E-01      -1.00000E+00  1.00000E+00
 -2.37432E-01  2.68262E-01  5.97487E-01  8.46245E-01  9.81797E-01      -9.99990E-01  1.00000E+00
 -2.53761E-01  2.72973E-01  6.15320E-01  8.54182E-01  9.84500E-01      -1.00000E+00  1.00000E+00
 -3.11439E-01  2.58112E-01  6.11980E-01  8.54282E-01  9.83050E-01      -1.00000E+00  1.00000E+00
 -4.54705E-01  2.02989E-01  5.99530E-01  8.58955E-01  9.84405E-01      -1.00000E+00  1.00000E+00
 -7.45135E-01 -5.84758E-02  4.51383E-01  7.99340E-01  9.78383E-01      -1.00000E+00  1.00000E+00
  3.64472E-01  6.92065E-01  8.55455E-01  9.51800E-01  9.94665E-01      -9.15260E-01  1.00000E+00
  3.59800E-01  6.93758E-01  8.54230E-01  9.50238E-01  9.94892E-01      -9.18260E-01  1.00000E+00
  3.52102E-01  6.99310E-01  8.59950E-01  9.52508E-01  9.94897E-01      -9.19400E-01  1.00000E+00
  3.10380E-01  6.95083E-01  8.62837E-01  9.54352E-01  9.95443E-01      -9.99120E-01  1.00000E+00
  6.59210E-02  5.71620E-01  8.09687E-01  9.35880E-01  9.93265E-01      -1.00000E+00  1.00000E+00


    1.   1.01    6.  12.01  2.00E+00  0.00E+00  4.24E-01  1.74E-01     5   0.00

  3.86010E-01  6.75940E-01  8.81660E-01  1.00540E+00  1.17560E+00       9.38070E-04  1.51110E+00

  3.19505E-01  5.50030E-01  7.09855E-01  8.38460E-01  9.48590E-01       2.89190E-03  1.00000E+00
  3.19825E-01  5.51645E-01  7.09795E-01  8.39315E-01  9.50235E-01       2.63030E-03  1.00000E+00
  3.24320E-01  5.55770E-01  7.12525E-01  8.39520E-01  9.49145E-01       5.14540E-03  1.00000E+00
  3.17900E-01  5.48835E-01  7.05095E-01  8.34875E-01  9.48360E-01       8.45820E-04  1.00000E+00
  2.49070E-01  4.37885E-01  5.82140E-01  7.13290E-01  8.68195E-01       1.81450E-03  9.99990E-01

 -9.51255E-01 -5.84827E-01  5.77606E-03  5.91065E-01  9.51280E-01      -1.00000E+00  1.00000E+00
 -9.50008E-01 -5.93075E-01 -1.50105E-02  5.77600E-01  9.50792E-01      -1.00000E+00  1.00000E+00
 -9.51192E-01 -5.80843E-01 -6.24375E-03  5.87380E-01  9.50207E-01      -1.00000E+00  1.00000E+00
 -9.46320E-01 -5.85690E-01  8.88325E-04  5.86753E-01  9.52742E-01      -1.00000E+00  1.00000E+00
 -9.50110E-01 -5.90065E-01 -1.07252E-02  5.86537E-01  9.51250E-01      -1.00000E+00  1.00000E+00
 -9.52595E-01 -5.89263E-01 -3.15193E-03  5.79612E-01  9.49862E-01      -1.00000E+00  1.00000E+00
 -9.52455E-01 -5.87730E-01  3.41890E-03  5.93025E-01  9.51337E-01      -1.00000E+00  1.00000E+00
 -9.51265E-01 -5.90575E-01  7.93560E-03  5.91087E-01  9.52835E-01      -1.00000E+00  1.00000E+00
 -9.50592E-01 -5.87910E-01 -1.53563E-03  5.84950E-01  9.51852E-01      -1.00000E+00  1.00000E+00
 -9.51635E-01 -5.88745E-01  6.35033E-03  5.93725E-01  9.50800E-01      -1.00000E+00  1.00000E+00
 -9.50727E-01 -5.89310E-01 -3.09000E-04  5.85700E-01  9.51705E-01      -1.00000E+00  1.00000E+00
 -9.51352E-01 -5.89750E-01 -5.74525E-04  5.90977E-01  9.50253E-01      -1.00000E+00  1.00000E+00
 -9.49977E-01 -5.85313E-01  7.56302E-03  5.90870E-01  9.53248E-01      -1.00000E+00  1.00000E+00
 -9.50028E-01 -5.89427E-01  8.93150E-04  5.93727E-01  9.51400E-01      -1.00000E+00  1.00000E+00
 -9.55223E-01 -5.98285E-01 -6.86026E-03  5.79038E-01  9.50660E-01      -1.00000E+00  1.00000E+00
 -9.49170E-01 -5.81547E-01  7.94836E-03  5.94908E-01  9.50225E-01      -1.00000E+00  1.00000E+00
 -9.51745E-01 -5.89487E-01  5.52285E-03  5.87505E-01  9.54272E-01      -1.00000E+00  1.00000E+00
 -9.51585E-01 -5.95952E-01 -1.63612E-02  5.77800E-01  9.49842E-01      -1.00000E+00  1.00000E+00
 -9.50277E-01 -5.79958E-01  9.86330E-03  5.90810E-01  9.51962E-01      -1.00000E+00  1.00000E+00
 -9.49760E-01 -5.89655E-01  5.09725E-03  5.87675E-01  9.52517E-01      -1.00000E+00  1.00000E+00
 -9.54083E-01 -6.05082E-01 -2.38932E-02  5.77408E-01  9.51315E-01      -1.00000E+00  1.00000E+00
 -9.51995E-01 -5.93383E-01 -7.65092E-03  5.96908E-01  9.52295E-01      -1.00000E+00  1.00000E+00
 -9.50618E-01 -5.85372E-01  1.28131E-02  5.94243E-01  9.51383E-01      -1.00000E+00  1.00000E+00
 -9.51572E-01 -5.91065E-01 -1.23325E-03  5.84682E-01  9.49093E-01      -1.00000E+00  1.00000E+00
 -9.52345E-01 -5.92523E-01 -1.69500E-04  5.86612E-01  9.49635E-01      -1.00000E+00  1.00000E+00


    1.   1.01    6.  12.01  2.00E+00  3.00E+01  4.82E-01  2.17E-01     5   0.00

  4.22810E-01  7.39640E-01  9.45900E-01  1.10340E+00  1.31400E+00       1.54220E-03  1.66460E+00

  3.15210E-01  5.47710E-01  7.08380E-01  8.37600E-01  9.49350E-01       1.05270E-04  1.00000E+00
  3.15935E-01  5.47270E-01  7.06155E-01  8.35880E-01  9.48290E-01       2.06030E-03  1.00000E+00
  3.14025E-01  5.42120E-01  7.00205E-01  8.30085E-01  9.45280E-01       2.30750E-03  1.00000E+00
  3.05165E-01  5.30600E-01  6.87575E-01  8.20920E-01  9.42640E-01       1.20790E-03  1.00000E+00
  2.34140E-01  4.15970E-01  5.55455E-01  6.89780E-01  8.50205E-01       3.48350E-03  9.99970E-01

 -9.52918E-01 -6.06905E-01 -4.22693E-02  5.65628E-01  9.49832E-01      -1.00000E+00  1.00000E+00
 -9.53830E-01 -6.02283E-01 -1.70747E-02  5.82658E-01  9.48228E-01      -1.00000E+00  1.00000E+00
 -9.52338E-01 -5.97480E-01 -2.25250E-02  5.70342E-01  9.47495E-01      -1.00000E+00  1.00000E+00
 -9.52827E-01 -5.94730E-01 -1.20213E-02  5.74115E-01  9.47900E-01      -1.00000E+00  1.00000E+00
 -9.53795E-01 -5.95618E-01 -1.21675E-02  5.76430E-01  9.48592E-01      -1.00000E+00  1.00000E+00
 -9.61665E-01 -6.69938E-01 -1.39648E-01  4.92105E-01  9.36660E-01      -1.00000E+00  1.00000E+00
 -9.59213E-01 -6.58963E-01 -1.02442E-01  5.15367E-01  9.38595E-01      -1.00000E+00  1.00000E+00
 -9.59050E-01 -6.36443E-01 -7.36520E-02  5.33140E-01  9.43530E-01      -1.00000E+00  1.00000E+00
 -9.56180E-01 -6.31927E-01 -5.91003E-02  5.35522E-01  9.42270E-01      -1.00000E+00  1.00000E+00
 -9.54448E-01 -6.06335E-01 -2.81604E-02  5.69525E-01  9.44155E-01      -1.00000E+00  1.00000E+00
 -9.67595E-01 -7.03168E-01 -1.83695E-01  4.67062E-01  9.33462E-01      -1.00000E+00  1.00000E+00
 -9.68750E-01 -7.02457E-01 -1.82802E-01  4.62395E-01  9.29845E-01      -1.00000E+00  1.00000E+00
 -9.66608E-01 -6.92465E-01 -1.57502E-01  4.73662E-01  9.31473E-01      -1.00000E+00  1.00000E+00
 -9.64710E-01 -6.79350E-01 -1.44775E-01  4.89600E-01  9.37092E-01      -1.00000E+00  1.00000E+00
 -9.58592E-01 -6.47103E-01 -6.81240E-02  5.49000E-01  9.44160E-01      -1.00000E+00  1.00000E+00
 -8.59337E-01 -3.63845E-01  1.88525E-01  6.68945E-01  9.60388E-01      -1.00000E+00  1.00000E+00
 -8.39562E-01 -3.37375E-01  2.08301E-01  6.79647E-01  9.62565E-01      -1.00000E+00  1.00000E+00
 -8.11308E-01 -3.15555E-01  2.13641E-01  6.88627E-01  9.63028E-01      -1.00000E+00  1.00000E+00
 -8.38320E-01 -3.08461E-01  2.25925E-01  6.90650E-01  9.64195E-01      -1.00000E+00  1.00000E+00
 -8.90910E-01 -3.94602E-01  1.77453E-01  6.70517E-01  9.59958E-01      -1.00000E+00  1.00000E+00
 -1.19670E-01  3.94197E-01  7.02058E-01  8.92262E-01  9.87660E-01      -1.00000E+00  1.00000E+00
 -1.01413E-01  4.27413E-01  7.17430E-01  9.01265E-01  9.89080E-01      -1.00000E+00  1.00000E+00
 -7.90100E-02  4.42835E-01  7.31472E-01  9.07010E-01  9.89742E-01      -1.00000E+00  1.00000E+00
 -5.79275E-02  4.74357E-01  7.49642E-01  9.12462E-01  9.90483E-01      -1.00000E+00  1.00000E+00
 -2.15932E-01  3.93732E-01  7.19663E-01  9.06320E-01  9.89490E-01      -1.00000E+00  1.00000E+00


    1.   1.01    6.  12.01  2.00E+00  4.50E+01  5.44E-01  2.67E-01     5   0.00

  4.61850E-01  8.13320E-01  1.03280E+00  1.21400E+00  1.41490E+00       1.34050E-03  1.73630E+00

  3.15645E-01  5.45390E-01  7.05245E-01  8.35200E-01  9.48155E-01       1.80610E-03  1.00000E+00
  3.09720E-01  5.36105E-01  6.95850E-01  8.28060E-01  9.45575E-01       8.09970E-04  9.99990E-01
  3.08355E-01  5.34845E-01  6.93250E-01  8.26285E-01  9.44205E-01       1.91620E-03  1.00000E+00
  3.02405E-01  5.23740E-01  6.80610E-01  8.14800E-01  9.38240E-01       2.01960E-03  1.00000E+00
  2.23195E-01  3.95265E-01  5.28050E-01  6.56925E-01  8.18845E-01       7.15300E-04  9.99980E-01

 -9.56930E-01 -6.26540E-01 -5.73192E-02  5.45610E-01  9.45980E-01      -1.00000E+00  1.00000E+00
 -9.56017E-01 -6.16320E-01 -5.48213E-02  5.57758E-01  9.45440E-01      -1.00000E+00  1.00000E+00
 -9.53375E-01 -6.15457E-01 -4.74905E-02  5.53530E-01  9.45727E-01      -1.00000E+00  1.00000E+00
 -9.55583E-01 -6.09300E-01 -3.48940E-02  5.73070E-01  9.47202E-01      -1.00000E+00  1.00000E+00
 -9.51358E-01 -5.97450E-01 -2.79206E-02  5.73625E-01  9.47212E-01      -1.00000E+00  1.00000E+00
 -9.66285E-01 -7.06450E-01 -1.99297E-01  4.39020E-01  9.25735E-01      -1.00000E+00  1.00000E+00
 -9.66178E-01 -7.01372E-01 -1.90312E-01  4.54968E-01  9.30135E-01      -1.00000E+00  1.00000E+00
 -9.62470E-01 -6.71160E-01 -1.46955E-01  4.78495E-01  9.36557E-01      -1.00000E+00  1.00000E+00
 -9.59778E-01 -6.58260E-01 -1.16240E-01  5.01628E-01  9.35475E-01      -1.00000E+00  1.00000E+00
 -9.55790E-01 -6.23657E-01 -5.15648E-02  5.44087E-01  9.44460E-01      -1.00000E+00  1.00000E+00
 -9.35600E-01 -6.28182E-01 -1.02384E-01  5.24138E-01  9.40242E-01      -1.00000E+00  1.00000E+00
 -9.40475E-01 -6.41370E-01 -1.07200E-01  5.05302E-01  9.37830E-01      -1.00000E+00  1.00000E+00
 -9.47025E-01 -6.46283E-01 -1.10056E-01  5.25387E-01  9.40165E-01      -1.00000E+00  1.00000E+00
 -9.57153E-01 -6.59978E-01 -1.28511E-01  5.04475E-01  9.38658E-01      -1.00000E+00  1.00000E+00
 -9.59285E-01 -6.42052E-01 -8.58220E-02  5.26493E-01  9.40667E-01      -1.00000E+00  1.00000E+00
 -4.94450E-01 -4.87500E-03  4.12977E-01  7.65773E-01  9.71037E-01      -9.99990E-01  1.00000E+00
 -4.89305E-01  2.15900E-02  4.25517E-01  7.72232E-01  9.72152E-01      -1.00000E+00  1.00000E+00
 -4.96497E-01  4.70475E-02  4.52607E-01  7.80348E-01  9.73178E-01      -1.00000E+00  1.00000E+00
 -5.38027E-01  5.32525E-02  4.75533E-01  7.95635E-01  9.75975E-01      -1.00000E+00  1.00000E+00
 -7.57480E-01 -1.15832E-01  4.07177E-01  7.75740E-01  9.74135E-01      -1.00000E+00  1.00000E+00
  2.04159E-01  5.88767E-01  7.97112E-01  9.26955E-01  9.91633E-01      -9.53350E-01  1.00000E+00
  2.19297E-01  6.03490E-01  8.08005E-01  9.34260E-01  9.92688E-01      -9.55030E-01  1.00000E+00
  2.45820E-01  6.23710E-01  8.22238E-01  9.36937E-01  9.92740E-01      -9.99990E-01  1.00000E+00
  2.61585E-01  6.44270E-01  8.35172E-01  9.44052E-01  9.94072E-01      -9.98660E-01  1.00000E+00
  1.26947E-01  6.05807E-01  8.24968E-01  9.40145E-01  9.93672E-01      -1.00000E+00  1.00000E+00


    1.   1.01    6.  12.01  2.00E+00  6.00E+01  6.19E-01  3.33E-01     5   0.00

  5.21980E-01  9.13990E-01  1.14220E+00  1.32510E+00  1.50600E+00       7.81310E-04  1.77070E+00

  3.11555E-01  5.41400E-01  7.01240E-01  8.31590E-01  9.47315E-01       1.14010E-03  1.00000E+00
  2.97400E-01  5.21015E-01  6.80175E-01  8.16155E-01  9.40640E-01       1.93200E-03  1.00000E+00
  3.11130E-01  5.41525E-01  7.02555E-01  8.34420E-01  9.48405E-01       1.29860E-03  1.00000E+00
  2.92550E-01  5.12010E-01  6.67710E-01  8.01320E-01  9.29115E-01       7.76740E-04  1.00000E+00
  2.13145E-01  3.79360E-01  5.08580E-01  6.36065E-01  7.97260E-01       8.72230E-04  9.99960E-01

 -9.59877E-01 -6.54008E-01 -1.02417E-01  5.10833E-01  9.39695E-01      -1.00000E+00  1.00000E+00
 -9.60565E-01 -6.53125E-01 -9.18230E-02  5.23235E-01  9.40950E-01      -1.00000E+00  1.00000E+00
 -9.56590E-01 -6.36783E-01 -7.81540E-02  5.37540E-01  9.41925E-01      -1.00000E+00  1.00000E+00
 -9.54898E-01 -6.23367E-01 -4.81329E-02  5.49320E-01  9.45303E-01      -1.00000E+00  1.00000E+00
 -9.53285E-01 -6.11502E-01 -3.42796E-02  5.61078E-01  9.48028E-01      -1.00000E+00  1.00000E+00
 -9.73910E-01 -7.34878E-01 -2.20193E-01  4.41183E-01  9.28635E-01      -1.00000E+00  1.00000E+00
 -9.71982E-01 -7.30240E-01 -2.01265E-01  4.66025E-01  9.34327E-01      -1.00000E+00  1.00000E+00
 -9.69410E-01 -6.94287E-01 -1.59353E-01  4.87692E-01  9.36762E-01      -1.00000E+00  1.00000E+00
 -9.60268E-01 -6.52012E-01 -9.49830E-02  5.22950E-01  9.39235E-01      -1.00000E+00  1.00000E+00
 -9.54298E-01 -6.22235E-01 -5.47387E-02  5.52580E-01  9.45837E-01      -1.00000E+00  1.00000E+00
 -7.67312E-01 -3.51307E-01  1.43631E-01  6.43545E-01  9.55825E-01      -1.00000E+00  1.00000E+00
 -8.07497E-01 -3.81255E-01  1.13399E-01  6.27860E-01  9.54973E-01      -1.00000E+00  1.00000E+00
 -8.47533E-01 -4.38650E-01  5.83808E-02  5.97783E-01  9.51587E-01      -1.00000E+00  1.00000E+00
 -8.98005E-01 -4.96053E-01  1.66950E-02  5.67490E-01  9.47512E-01      -1.00000E+00  1.00000E+00
 -9.41673E-01 -5.71388E-01 -1.17432E-02  5.65837E-01  9.46270E-01      -1.00000E+00  1.00000E+00
 -2.26440E-01  2.14380E-01  5.42610E-01  8.16893E-01  9.77890E-01      -1.00000E+00  1.00000E+00
 -2.05703E-01  2.50812E-01  5.73553E-01  8.26132E-01  9.78430E-01      -1.00000E+00  1.00000E+00
 -2.15596E-01  2.77182E-01  6.01055E-01  8.45713E-01  9.82210E-01      -1.00000E+00  1.00000E+00
 -2.73874E-01  2.86768E-01  6.27787E-01  8.60753E-01  9.84565E-01      -1.00000E+00  1.00000E+00
 -5.94988E-01  1.00710E-01  5.49410E-01  8.39115E-01  9.81602E-01      -1.00000E+00  1.00000E+00
  3.84683E-01  6.84405E-01  8.46433E-01  9.46823E-01  9.94088E-01      -9.84940E-01  1.00000E+00
  4.01648E-01  6.98582E-01  8.55527E-01  9.49008E-01  9.94522E-01      -7.29980E-01  1.00000E+00
  4.21092E-01  7.20337E-01  8.69200E-01  9.54673E-01  9.95013E-01      -8.19410E-01  1.00000E+00
  4.34845E-01  7.32033E-01  8.75387E-01  9.56845E-01  9.95432E-01      -9.58420E-01  1.00000E+00
  3.37750E-01  7.09155E-01  8.69892E-01  9.55410E-01  9.95008E-01      -1.00000E+00  1.00000E+00


    1.   1.01    6.  12.01  2.00E+00  7.00E+01  6.64E-01  3.76E-01     5   0.00

  5.64740E-01  9.79480E-01  1.20810E+00  1.38650E+00  1.55840E+00       5.06890E-04  1.79350E+00

  3.09535E-01  5.39180E-01  6.97335E-01  8.30440E-01  9.46670E-01       2.76220E-03  1.00000E+00
  2.95540E-01  5.16580E-01  6.75390E-01  8.11545E-01  9.37955E-01       3.55640E-03  1.00000E+00
  3.13325E-01  5.43375E-01  7.07660E-01  8.40070E-01  9.50820E-01       7.17120E-04  1.00000E+00
  2.89075E-01  5.03095E-01  6.56855E-01  7.90890E-01  9.24330E-01       9.48570E-04  1.00000E+00
  2.07415E-01  3.70115E-01  4.96710E-01  6.23155E-01  7.83980E-01       1.43720E-04  9.99980E-01

 -9.62555E-01 -6.63360E-01 -1.21978E-01  4.96780E-01  9.36327E-01      -1.00000E+00  1.00000E+00
 -9.59180E-01 -6.57287E-01 -1.18723E-01  5.04073E-01  9.38740E-01      -1.00000E+00  1.00000E+00
 -9.59377E-01 -6.43903E-01 -8.68322E-02  5.26892E-01  9.41178E-01      -1.00000E+00  1.00000E+00
 -9.57650E-01 -6.28918E-01 -6.82626E-02  5.39855E-01  9.42928E-01      -1.00000E+00  1.00000E+00
 -9.55945E-01 -6.15082E-01 -4.39852E-02  5.63210E-01  9.48775E-01      -1.00000E+00  1.00000E+00
 -9.67388E-01 -7.06787E-01 -1.90483E-01  4.59753E-01  9.29855E-01      -1.00000E+00  1.00000E+00
 -9.66222E-01 -7.00542E-01 -1.65348E-01  4.73815E-01  9.35015E-01      -1.00000E+00  1.00000E+00
 -9.65397E-01 -6.92418E-01 -1.44342E-01  4.96295E-01  9.36105E-01      -1.00000E+00  1.00000E+00
 -9.63052E-01 -6.65065E-01 -1.03541E-01  5.26835E-01  9.41807E-01      -1.00000E+00  1.00000E+00
 -9.55897E-01 -6.27947E-01 -5.02830E-02  5.57525E-01  9.47607E-01      -1.00000E+00  1.00000E+00
 -6.34790E-01 -1.80688E-01  2.75417E-01  7.00590E-01  9.61645E-01      -1.00000E+00  1.00000E+00
 -6.83088E-01 -2.24099E-01  2.28564E-01  6.79785E-01  9.63037E-01      -1.00000E+00  1.00000E+00
 -7.53142E-01 -2.81466E-01  1.80724E-01  6.48168E-01  9.56688E-01      -1.00000E+00  1.00000E+00
 -8.43458E-01 -3.68008E-01  1.29040E-01  6.16905E-01  9.52440E-01      -1.00000E+00  1.00000E+00
 -9.22198E-01 -4.88292E-01  6.38725E-02  6.08267E-01  9.52738E-01      -1.00000E+00  1.00000E+00
 -8.08850E-02  3.27515E-01  6.17530E-01  8.48892E-01  9.82610E-01      -9.94190E-01  1.00000E+00
 -7.45433E-02  3.50172E-01  6.36243E-01  8.55443E-01  9.81495E-01      -9.99940E-01  1.00000E+00
 -8.14550E-02  3.86535E-01  6.72095E-01  8.71490E-01  9.84988E-01      -9.99990E-01  1.00000E+00
 -1.50689E-01  3.80547E-01  6.86270E-01  8.84470E-01  9.86897E-01      -1.00000E+00  1.00000E+00
 -4.86113E-01  2.10685E-01  6.15720E-01  8.63250E-01  9.84950E-01      -1.00000E+00  1.00000E+00
  4.74980E-01  7.38065E-01  8.74445E-01  9.56480E-01  9.95195E-01      -6.78520E-01  1.00000E+00
  4.88248E-01  7.49788E-01  8.82085E-01  9.58505E-01  9.95525E-01      -6.58490E-01  1.00000E+00
  5.05148E-01  7.63935E-01  8.89735E-01  9.61720E-01  9.95723E-01      -7.19890E-01  1.00000E+00
  5.17830E-01  7.77953E-01  8.98995E-01  9.65213E-01  9.96315E-01      -7.45340E-01  1.00000E+00
  4.59863E-01  7.62188E-01  8.96558E-01  9.65390E-01  9.96268E-01      -9.99990E-01  1.00000E+00


    1.   1.01    6.  12.01  2.00E+00  8.00E+01  6.94E-01  4.06E-01     5   0.00

  5.95470E-01  1.02370E+00  1.25090E+00  1.42550E+00  1.59340E+00       9.24740E-04  1.80630E+00

  3.06340E-01  5.33195E-01  6.93390E-01  8.26875E-01  9.45350E-01       9.01740E-04  1.00000E+00
  2.95825E-01  5.16550E-01  6.75990E-01  8.12395E-01  9.38250E-01       1.88480E-03  1.00000E+00
  3.12295E-01  5.42585E-01  7.05625E-01  8.38940E-01  9.50805E-01       2.04990E-04  1.00000E+00
  2.86705E-01  4.99330E-01  6.52505E-01  7.88030E-01  9.22390E-01       1.80510E-03  1.00000E+00
  2.02715E-01  3.62135E-01  4.87780E-01  6.13460E-01  7.73035E-01       2.20620E-03  9.99960E-01

 -9.62330E-01 -6.64060E-01 -1.18283E-01  5.06872E-01  9.38318E-01      -1.00000E+00  1.00000E+00
 -9.59418E-01 -6.59545E-01 -1.08682E-01  5.17335E-01  9.42875E-01      -1.00000E+00  1.00000E+00
 -9.62410E-01 -6.60490E-01 -1.13045E-01  5.10180E-01  9.37433E-01      -1.00000E+00  1.00000E+00
 -9.58965E-01 -6.40463E-01 -9.07633E-02  5.27457E-01  9.41450E-01      -1.00000E+00  1.00000E+00
 -9.55775E-01 -6.09773E-01 -4.04769E-02  5.59878E-01  9.45968E-01      -1.00000E+00  1.00000E+00
 -9.56245E-01 -6.59247E-01 -1.11543E-01  5.11710E-01  9.41850E-01      -1.00000E+00  1.00000E+00
 -9.60050E-01 -6.64205E-01 -1.23614E-01  5.15070E-01  9.41990E-01      -1.00000E+00  1.00000E+00
 -9.59170E-01 -6.56003E-01 -9.87160E-02  5.31232E-01  9.41810E-01      -1.00000E+00  1.00000E+00
 -9.60320E-01 -6.44467E-01 -9.06322E-02  5.30317E-01  9.44735E-01      -1.00000E+00  1.00000E+00
 -9.56450E-01 -6.19600E-01 -5.02837E-02  5.64880E-01  9.47862E-01      -1.00000E+00  1.00000E+00
 -5.38863E-01 -8.02150E-02  3.45603E-01  7.29558E-01  9.69317E-01      -1.00000E+00  1.00000E+00
 -5.89005E-01 -1.11712E-01  3.15812E-01  7.16593E-01  9.65342E-01      -1.00000E+00  1.00000E+00
 -6.83423E-01 -1.67032E-01  2.74530E-01  6.93100E-01  9.63585E-01      -1.00000E+00  1.00000E+00
 -7.90077E-01 -2.66123E-01  2.22084E-01  6.60532E-01  9.59030E-01      -1.00000E+00  1.00000E+00
 -9.04802E-01 -4.33057E-01  1.23846E-01  6.35080E-01  9.55500E-01      -1.00000E+00  1.00000E+00
 -4.75250E-03  3.95107E-01  6.62530E-01  8.67990E-01  9.84733E-01      -9.98990E-01  1.00000E+00
  4.92250E-03  4.18350E-01  6.80752E-01  8.72390E-01  9.85195E-01      -9.99770E-01  1.00000E+00
  7.93500E-03  4.42025E-01  7.09013E-01  8.88455E-01  9.86833E-01      -9.99940E-01  1.00000E+00
 -5.27775E-02  4.42887E-01  7.22490E-01  8.98615E-01  9.88847E-01      -1.00000E+00  1.00000E+00
 -4.37263E-01  2.66371E-01  6.47818E-01  8.73142E-01  9.86082E-01      -1.00000E+00  1.00000E+00
  5.40740E-01  7.76685E-01  8.94073E-01  9.63522E-01  9.96180E-01      -7.02050E-01  1.00000E+00
  5.48392E-01  7.81925E-01  8.99173E-01  9.65698E-01  9.96295E-01      -7.21370E-01  1.00000E+00
  5.62742E-01  7.94687E-01  9.05015E-01  9.67575E-01  9.96445E-01      -5.86870E-01  1.00000E+00
  5.65410E-01  8.03813E-01  9.12092E-01  9.69650E-01  9.96685E-01      -5.99100E-01  1.00000E+00
  5.41797E-01  7.99832E-01  9.11300E-01  9.69960E-01  9.96742E-01      -9.99960E-01  1.00000E+00


    1.   1.01    6.  12.01  2.00E+00  8.50E+01  7.02E-01  4.14E-01     5   0.00

  6.03530E-01  1.03520E+00  1.26220E+00  1.43540E+00  1.60230E+00       2.33300E-03  1.80820E+00

  3.07355E-01  5.34250E-01  6.93320E-01  8.26520E-01  9.44920E-01       1.33170E-03  1.00000E+00
  2.96435E-01  5.17275E-01  6.75410E-01  8.12105E-01  9.38295E-01       1.50800E-04  1.00000E+00
  3.13205E-01  5.44580E-01  7.06670E-01  8.40160E-01  9.51420E-01       1.41700E-03  1.00000E+00
  2.84130E-01  4.98350E-01  6.51730E-01  7.86020E-01  9.20645E-01       1.15490E-03  1.00000E+00
  2.00570E-01  3.59725E-01  4.85325E-01  6.10345E-01  7.69165E-01       6.87180E-04  9.99980E-01

 -9.62063E-01 -6.70360E-01 -1.33207E-01  4.97583E-01  9.37400E-01      -1.00000E+00  1.00000E+00
 -9.61660E-01 -6.56685E-01 -1.19303E-01  5.11405E-01  9.39978E-01      -1.00000E+00  1.00000E+00
 -9.59575E-01 -6.54772E-01 -1.01767E-01  5.20143E-01  9.42060E-01      -1.00000E+00  1.00000E+00
 -9.58085E-01 -6.36260E-01 -7.57063E-02  5.36088E-01  9.44108E-01      -1.00000E+00  1.00000E+00
 -9.55040E-01 -6.20240E-01 -5.04365E-02  5.52812E-01  9.46765E-01      -1.00000E+00  1.00000E+00
 -9.50280E-01 -6.41363E-01 -1.04073E-01  5.20260E-01  9.42207E-01      -1.00000E+00  1.00000E+00
 -9.57265E-01 -6.52697E-01 -1.07153E-01  5.16770E-01  9.39302E-01      -1.00000E+00  1.00000E+00
 -9.58250E-01 -6.53977E-01 -9.92485E-02  5.22847E-01  9.40353E-01      -1.00000E+00  1.00000E+00
 -9.59045E-01 -6.40165E-01 -8.30623E-02  5.36885E-01  9.43570E-01      -1.00000E+00  1.00000E+00
 -9.56673E-01 -6.24167E-01 -4.69092E-02  5.59943E-01  9.46770E-01      -1.00000E+00  1.00000E+00
 -5.13095E-01 -5.41595E-02  3.67953E-01  7.45328E-01  9.69172E-01      -1.00000E+00  1.00000E+00
 -5.71122E-01 -9.26737E-02  3.35462E-01  7.23750E-01  9.68675E-01      -1.00000E+00  1.00000E+00
 -6.50040E-01 -1.47048E-01  2.89390E-01  6.96682E-01  9.65328E-01      -1.00000E+00  1.00000E+00
 -7.78868E-01 -2.42763E-01  2.41325E-01  6.77952E-01  9.60730E-01      -1.00000E+00  1.00000E+00
 -9.00242E-01 -4.21145E-01  1.36805E-01  6.37420E-01  9.53568E-01      -1.00000E+00  1.00000E+00
  2.12175E-02  4.13365E-01  6.75232E-01  8.74185E-01  9.85660E-01      -9.89010E-01  1.00000E+00
  3.68450E-02  4.39662E-01  6.96625E-01  8.81602E-01  9.86088E-01      -1.00000E+00  1.00000E+00
  3.06050E-02  4.63898E-01  7.21180E-01  8.94607E-01  9.87625E-01      -1.00000E+00  1.00000E+00
 -2.31500E-02  4.59670E-01  7.33045E-01  9.03608E-01  9.89297E-01      -1.00000E+00  1.00000E+00
 -4.06187E-01  2.83110E-01  6.59547E-01  8.78915E-01  9.86422E-01      -1.00000E+00  1.00000E+00
  5.46260E-01  7.79605E-01  8.96437E-01  9.63830E-01  9.96158E-01      -6.44010E-01  1.00000E+00
  5.62580E-01  7.90665E-01  9.03347E-01  9.66652E-01  9.96343E-01      -4.87740E-01  1.00000E+00
  5.67680E-01  7.98800E-01  9.06172E-01  9.68000E-01  9.96635E-01      -5.92980E-01  1.00000E+00
  5.85347E-01  8.14640E-01  9.15837E-01  9.71333E-01  9.96867E-01      -5.44500E-01  1.00000E+00
  5.60472E-01  8.05910E-01  9.13410E-01  9.71023E-01  9.96870E-01      -9.99940E-01  1.00000E+00


    1.   1.01    6.  12.01  5.00E+00  0.00E+00  5.41E-01  2.72E-01     5   0.00

  1.15650E+00  2.18880E+00  2.76320E+00  3.09870E+00  3.43550E+00       5.47560E-03  4.15280E+00

  3.57815E-01  5.94660E-01  7.46650E-01  8.62955E-01  9.58370E-01       2.51640E-03  1.00000E+00
  3.79315E-01  6.11850E-01  7.56335E-01  8.67035E-01  9.59305E-01       2.88060E-03  1.00000E+00
  4.00500E-01  6.32575E-01  7.72265E-01  8.76565E-01  9.62035E-01       6.13980E-04  1.00000E+00
  3.70555E-01  5.95525E-01  7.36875E-01  8.47845E-01  9.46915E-01       2.29930E-03  1.00000E+00
  2.50905E-01  4.30915E-01  5.61440E-01  6.84240E-01  8.38530E-01       3.21100E-03  9.99980E-01

 -9.53030E-01 -5.94920E-01 -3.22253E-03  5.89608E-01  9.50398E-01      -1.00000E+00  1.00000E+00
 -9.51487E-01 -5.90450E-01  4.15995E-03  5.87843E-01  9.51908E-01      -1.00000E+00  1.00000E+00
 -9.49865E-01 -5.82663E-01  1.01682E-02  5.93895E-01  9.52187E-01      -1.00000E+00  1.00000E+00
 -9.51178E-01 -5.92745E-01 -4.97308E-03  5.85847E-01  9.51655E-01      -1.00000E+00  1.00000E+00
 -9.51275E-01 -5.80302E-01  7.57540E-03  5.93290E-01  9.53975E-01      -1.00000E+00  1.00000E+00
 -9.53060E-01 -5.92300E-01 -5.54650E-04  5.89270E-01  9.52503E-01      -1.00000E+00  1.00000E+00
 -9.51137E-01 -5.89800E-01 -2.91808E-03  5.87320E-01  9.51272E-01      -1.00000E+00  1.00000E+00
 -9.52175E-01 -5.82302E-01 -1.73558E-03  5.90328E-01  9.51680E-01      -1.00000E+00  1.00000E+00
 -9.50717E-01 -5.91427E-01 -5.22913E-04  5.85328E-01  9.51477E-01      -1.00000E+00  1.00000E+00
 -9.50392E-01 -5.81157E-01  7.88738E-03  5.86078E-01  9.46680E-01      -1.00000E+00  1.00000E+00
 -9.50380E-01 -5.90838E-01 -2.12865E-03  5.92193E-01  9.52375E-01      -1.00000E+00  1.00000E+00
 -9.47998E-01 -5.76663E-01  5.08885E-03  6.01112E-01  9.53932E-01      -1.00000E+00  1.00000E+00
 -9.54608E-01 -6.08432E-01 -1.15365E-02  5.84780E-01  9.51628E-01      -1.00000E+00  1.00000E+00
 -9.50025E-01 -5.84790E-01  5.05800E-05  5.92348E-01  9.51345E-01      -1.00000E+00  1.00000E+00
 -9.52597E-01 -5.99733E-01 -1.57323E-03  5.82740E-01  9.50860E-01      -1.00000E+00  1.00000E+00
 -9.51900E-01 -5.85943E-01  4.88350E-04  5.89473E-01  9.52923E-01      -1.00000E+00  1.00000E+00
 -9.50322E-01 -5.78520E-01  4.23912E-03  5.86597E-01  9.52215E-01      -1.00000E+00  1.00000E+00
 -9.53053E-01 -5.93037E-01 -1.84653E-03  5.85435E-01  9.51190E-01      -1.00000E+00  1.00000E+00
 -9.48078E-01 -5.88840E-01  5.51597E-03  5.90600E-01  9.49427E-01      -1.00000E+00  1.00000E+00
 -9.50885E-01 -5.92882E-01 -5.25415E-03  5.89730E-01  9.50773E-01      -1.00000E+00  1.00000E+00
 -9.52753E-01 -5.89198E-01 -7.83852E-03  5.76320E-01  9.49257E-01      -1.00000E+00  1.00000E+00
 -9.50852E-01 -5.92162E-01 -8.35985E-03  5.80477E-01  9.50898E-01      -1.00000E+00  1.00000E+00
 -9.49867E-01 -5.85480E-01 -1.11945E-03  5.83275E-01  9.50405E-01      -1.00000E+00  1.00000E+00
 -9.51367E-01 -5.89715E-01  4.58388E-03  5.85950E-01  9.52840E-01      -1.00000E+00  1.00000E+00
 -9.50625E-01 -5.92505E-01 -7.19443E-03  5.88878E-01  9.54850E-01      -1.00000E+00  1.00000E+00


    1.   1.01    6.  12.01  5.00E+00  3.00E+01  6.24E-01  3.47E-01     5   0.00

  1.35840E+00  2.45490E+00  3.00670E+00  3.37190E+00  3.80300E+00       1.83520E-03  4.45230E+00

  3.59045E-01  5.94175E-01  7.44970E-01  8.61380E-01  9.57900E-01       2.32750E-03  1.00000E+00
  3.75275E-01  6.08115E-01  7.54635E-01  8.66945E-01  9.59010E-01       2.67080E-03  1.00000E+00
  3.61645E-01  5.89545E-01  7.35025E-01  8.52575E-01  9.53860E-01       3.05820E-03  1.00000E+00
  3.23555E-01  5.39850E-01  6.86010E-01  8.09475E-01  9.29915E-01       3.17840E-03  1.00000E+00
  2.25805E-01  3.91000E-01  5.13550E-01  6.33260E-01  7.89550E-01       9.65960E-04  9.99980E-01

 -9.52708E-01 -5.88647E-01 -5.36245E-03  5.86475E-01  9.49468E-01      -1.00000E+00  1.00000E+00
 -9.48697E-01 -5.90820E-01  7.39260E-03  5.97010E-01  9.50775E-01      -1.00000E+00  1.00000E+00
 -9.49740E-01 -5.78187E-01  1.01023E-02  5.91697E-01  9.50912E-01      -1.00000E+00  1.00000E+00
 -9.49850E-01 -5.75270E-01  1.14591E-02  5.96460E-01  9.52585E-01      -1.00000E+00  1.00000E+00
 -9.51460E-01 -5.81340E-01 -3.34840E-03  5.87765E-01  9.51480E-01      -1.00000E+00  1.00000E+00
 -9.68712E-01 -7.15492E-01 -2.30075E-01  4.09492E-01  9.18038E-01      -1.00000E+00  1.00000E+00
 -9.65658E-01 -6.90115E-01 -1.84973E-01  4.42480E-01  9.29498E-01      -1.00000E+00  1.00000E+00
 -9.63070E-01 -6.73915E-01 -1.57971E-01  4.73008E-01  9.33902E-01      -1.00000E+00  1.00000E+00
 -9.58250E-01 -6.47280E-01 -1.07698E-01  5.05640E-01  9.37857E-01      -1.00000E+00  1.00000E+00
 -9.54802E-01 -6.19195E-01 -4.88670E-02  5.45758E-01  9.44823E-01      -1.00000E+00  1.00000E+00
 -9.77803E-01 -7.94930E-01 -4.01980E-01  2.41935E-01  8.89320E-01      -1.00000E+00  1.00000E+00
 -9.76487E-01 -7.84205E-01 -3.83215E-01  2.72583E-01  8.98783E-01      -1.00000E+00  1.00000E+00
 -9.70727E-01 -7.58315E-01 -3.14403E-01  3.43507E-01  9.11790E-01      -1.00000E+00  1.00000E+00
 -9.67400E-01 -7.26765E-01 -2.48890E-01  4.06975E-01  9.23167E-01      -1.00000E+00  1.00000E+00
 -9.63300E-01 -6.76413E-01 -1.65313E-01  4.76392E-01  9.34545E-01      -1.00000E+00  1.00000E+00
 -7.19635E-01 -2.58685E-01  1.96278E-01  6.52068E-01  9.56120E-01      -1.00000E+00  1.00000E+00
 -6.39410E-01 -1.33928E-01  3.09408E-01  7.14490E-01  9.65430E-01      -1.00000E+00  1.00000E+00
 -5.68090E-01 -2.52125E-02  4.00783E-01  7.59977E-01  9.72032E-01      -1.00000E+00  1.00000E+00
 -5.34275E-01  5.95850E-02  4.76047E-01  7.93470E-01  9.75663E-01      -1.00000E+00  1.00000E+00
 -6.84042E-01 -2.23670E-02  4.67512E-01  8.01267E-01  9.76900E-01      -1.00000E+00  1.00000E+00
  1.43320E-01  5.44297E-01  7.66617E-01  9.13987E-01  9.90478E-01      -9.99890E-01  1.00000E+00
  1.86667E-01  5.82800E-01  7.93990E-01  9.24647E-01  9.91285E-01      -9.99910E-01  1.00000E+00
  2.09629E-01  6.15508E-01  8.19277E-01  9.37213E-01  9.93100E-01      -9.99950E-01  1.00000E+00
  2.38031E-01  6.42055E-01  8.35110E-01  9.42590E-01  9.93683E-01      -9.99460E-01  1.00000E+00
  2.02289E-01  6.31760E-01  8.32830E-01  9.44013E-01  9.93915E-01      -9.99990E-01  1.00000E+00


    1.   1.01    6.  12.01  5.00E+00  4.50E+01  7.19E-01  4.41E-01     5   0.00

  1.65080E+00  2.77760E+00  3.29070E+00  3.69150E+00  4.07400E+00       2.24150E-03  4.57760E+00

  3.57060E-01  5.92420E-01  7.43170E-01  8.60515E-01  9.57320E-01       1.69770E-03  1.00000E+00
  3.43340E-01  5.68285E-01  7.16945E-01  8.39835E-01  9.48935E-01       2.33900E-03  1.00000E+00
  3.38805E-01  5.66490E-01  7.20065E-01  8.44220E-01  9.51800E-01       2.23990E-03  1.00000E+00
  3.00410E-01  5.05340E-01  6.44125E-01  7.65475E-01  8.96840E-01       6.04340E-04  1.00000E+00
  1.96310E-01  3.42800E-01  4.54410E-01  5.65230E-01  7.16550E-01       1.78780E-03  9.99990E-01

 -9.53072E-01 -6.03368E-01 -3.61512E-02  5.51983E-01  9.44522E-01      -1.00000E+00  1.00000E+00
 -9.54128E-01 -6.09335E-01 -3.71291E-02  5.65018E-01  9.45645E-01      -1.00000E+00  1.00000E+00
 -9.53400E-01 -5.96475E-01 -2.27847E-02  5.70595E-01  9.47770E-01      -1.00000E+00  1.00000E+00
 -9.52025E-01 -6.00087E-01 -2.11410E-02  5.73415E-01  9.49113E-01      -1.00000E+00  1.00000E+00
 -9.51980E-01 -5.93065E-01 -7.27227E-03  5.88240E-01  9.50315E-01      -1.00000E+00  1.00000E+00
 -9.83775E-01 -8.39597E-01 -4.95912E-01  1.54424E-01  8.76707E-01      -1.00000E+00  1.00000E+00
 -9.81170E-01 -8.21762E-01 -4.47075E-01  2.22907E-01  8.90455E-01      -1.00000E+00  1.00000E+00
 -9.79135E-01 -7.93898E-01 -3.80970E-01  2.90047E-01  9.00053E-01      -1.00000E+00  1.00000E+00
 -9.72498E-01 -7.51285E-01 -2.75058E-01  3.80393E-01  9.20088E-01      -1.00000E+00  1.00000E+00
 -9.62842E-01 -6.71048E-01 -1.32655E-01  5.04480E-01  9.39750E-01      -1.00000E+00  1.00000E+00
 -7.66425E-01 -4.22480E-01 -6.42500E-04  5.18613E-01  9.36373E-01      -1.00000E+00  1.00000E+00
 -7.54690E-01 -3.87020E-01  4.03550E-02  5.52353E-01  9.43248E-01      -1.00000E+00  1.00000E+00
 -7.51210E-01 -3.64883E-01  5.96175E-02  5.64743E-01  9.42425E-01      -1.00000E+00  1.00000E+00
 -7.92752E-01 -3.72993E-01  7.45375E-02  5.76460E-01  9.46732E-01      -1.00000E+00  1.00000E+00
 -8.85395E-01 -4.30612E-01  8.12325E-02  6.02420E-01  9.51487E-01      -1.00000E+00  1.00000E+00
 -1.53331E-01  2.44732E-01  5.44485E-01  8.17402E-01  9.78730E-01      -9.98630E-01  1.00000E+00
 -9.72258E-02  3.07608E-01  5.90625E-01  8.33310E-01  9.80687E-01      -9.99880E-01  1.00000E+00
 -4.37370E-02  3.90700E-01  6.61125E-01  8.64078E-01  9.83462E-01      -9.99630E-01  1.00000E+00
  1.52750E-03  4.62797E-01  7.26033E-01  8.98075E-01  9.88462E-01      -9.99910E-01  1.00000E+00
 -1.90448E-01  4.16910E-01  7.29767E-01  9.05920E-01  9.89715E-01      -1.00000E+00  1.00000E+00
  4.69342E-01  7.30265E-01  8.67245E-01  9.51530E-01  9.94565E-01      -6.73230E-01  1.00000E+00
  4.93318E-01  7.53972E-01  8.83800E-01  9.58955E-01  9.95213E-01      -7.52800E-01  1.00000E+00
  5.14373E-01  7.70510E-01  8.94103E-01  9.63065E-01  9.96173E-01      -6.44580E-01  1.00000E+00
  5.33833E-01  7.88492E-01  9.03715E-01  9.67080E-01  9.96378E-01      -7.46430E-01  1.00000E+00
  5.45397E-01  7.99247E-01  9.11625E-01  9.70202E-01  9.96613E-01      -9.89370E-01  1.00000E+00


    1.   1.01    6.  12.01  5.00E+00  6.00E+01  8.27E-01  5.66E-01     5   0.00

  2.10710E+00  3.18980E+00  3.67010E+00  4.01070E+00  4.31640E+00       3.31470E-03  4.67640E+00

  3.44155E-01  5.76155E-01  7.28415E-01  8.49755E-01  9.53160E-01       1.31710E-03  1.00000E+00
  3.23225E-01  5.45265E-01  6.96760E-01  8.25390E-01  9.42805E-01       3.41130E-03  1.00000E+00
  3.15515E-01  5.36130E-01  6.89085E-01  8.18870E-01  9.37740E-01       2.05490E-03  1.00000E+00
  2.61440E-01  4.48525E-01  5.78205E-01  6.95900E-01  8.38550E-01       1.22270E-03  9.99980E-01
  1.71060E-01  3.01295E-01  4.00870E-01  5.02280E-01  6.41085E-01       2.69610E-04  9.97800E-01

 -9.64642E-01 -6.96645E-01 -2.11773E-01  4.07272E-01  9.15855E-01      -1.00000E+00  1.00000E+00
 -9.64780E-01 -6.83105E-01 -1.75987E-01  4.51210E-01  9.26778E-01      -1.00000E+00  1.00000E+00
 -9.60303E-01 -6.62197E-01 -1.40686E-01  4.74782E-01  9.34660E-01      -1.00000E+00  1.00000E+00
 -9.58542E-01 -6.49410E-01 -1.07989E-01  5.02977E-01  9.39043E-01      -1.00000E+00  1.00000E+00
 -9.55890E-01 -6.27262E-01 -5.89877E-02  5.38872E-01  9.44868E-01      -1.00000E+00  1.00000E+00
 -8.59355E-01 -6.21058E-01 -2.49396E-01  3.43415E-01  9.11472E-01      -1.00000E+00  1.00000E+00
 -8.75943E-01 -6.32927E-01 -2.55366E-01  3.50108E-01  9.11550E-01      -1.00000E+00  1.00000E+00
 -9.06527E-01 -6.45458E-01 -2.38405E-01  3.74755E-01  9.17035E-01      -1.00000E+00  1.00000E+00
 -9.48337E-01 -6.75742E-01 -2.12915E-01  4.19455E-01  9.22627E-01      -1.00000E+00  1.00000E+00
 -9.61522E-01 -6.71353E-01 -1.56859E-01  4.65838E-01  9.34175E-01      -1.00000E+00  1.00000E+00
 -2.55437E-01  1.29607E-01  4.72735E-01  7.83802E-01  9.74000E-01      -9.99960E-01  1.00000E+00
 -2.39835E-01  1.40661E-01  4.58835E-01  7.71937E-01  9.72673E-01      -9.99990E-01  1.00000E+00
 -2.29002E-01  1.82140E-01  4.92812E-01  7.83688E-01  9.74653E-01      -9.99780E-01  1.00000E+00
 -2.45226E-01  2.34819E-01  5.50842E-01  8.14595E-01  9.77720E-01      -1.00000E+00  1.00000E+00
 -5.19515E-01  1.25717E-01  5.41562E-01  8.25362E-01  9.79678E-01      -1.00000E+00  1.00000E+00
  2.37795E-01  5.39187E-01  7.36237E-01  8.95915E-01  9.88073E-01      -7.60500E-01  1.00000E+00
  2.78150E-01  5.79480E-01  7.63590E-01  9.03765E-01  9.88977E-01      -9.08770E-01  1.00000E+00
  3.37330E-01  6.40432E-01  8.12163E-01  9.27420E-01  9.91470E-01      -7.28210E-01  1.00000E+00
  3.84035E-01  6.91380E-01  8.50530E-01  9.47965E-01  9.94158E-01      -8.22320E-01  1.00000E+00
  3.43780E-01  7.00400E-01  8.63435E-01  9.53525E-01  9.94960E-01      -9.99990E-01  1.00000E+00
  6.51658E-01  8.30852E-01  9.18813E-01  9.70128E-01  9.96520E-01      -2.87530E-01  1.00000E+00
  6.71268E-01  8.42015E-01  9.25083E-01  9.73990E-01  9.97138E-01      -3.21160E-01  1.00000E+00
  6.87245E-01  8.54610E-01  9.32763E-01  9.77332E-01  9.97467E-01      -2.81470E-01  1.00000E+00
  7.04107E-01  8.67420E-01  9.39685E-01  9.79140E-01  9.97770E-01      -3.07690E-01  1.00000E+00
  7.29312E-01  8.83393E-01  9.48380E-01  9.82748E-01  9.98188E-01      -8.09790E-01  1.00000E+00


    1.   1.01    6.  12.01  5.00E+00  7.00E+01  8.91E-01  6.50E-01     5   0.00

  2.47700E+00  3.46260E+00  3.89480E+00  4.19070E+00  4.44910E+00       3.58500E-03  4.71660E+00

  3.20145E-01  5.44710E-01  6.98890E-01  8.28240E-01  9.44960E-01       1.89430E-03  1.00000E+00
  3.22745E-01  5.47390E-01  7.03810E-01  8.35215E-01  9.49495E-01       1.52830E-03  1.00000E+00
  2.89530E-01  4.99530E-01  6.50555E-01  7.82135E-01  9.12790E-01       1.53020E-03  1.00000E+00
  2.37830E-01  4.12190E-01  5.37310E-01  6.53170E-01  7.98555E-01       7.15020E-04  9.99950E-01
  1.54950E-01  2.76400E-01  3.70160E-01  4.66400E-01  5.97005E-01       6.25750E-04  9.79140E-01

 -9.75008E-01 -7.71133E-01 -3.54650E-01  2.82827E-01  8.97413E-01      -1.00000E+00  1.00000E+00
 -9.72225E-01 -7.48422E-01 -2.96816E-01  3.48805E-01  9.14813E-01      -1.00000E+00  1.00000E+00
 -9.68867E-01 -7.24310E-01 -2.40483E-01  4.07465E-01  9.22495E-01      -1.00000E+00  1.00000E+00
 -9.63595E-01 -6.83388E-01 -1.53123E-01  4.81093E-01  9.35773E-01      -1.00000E+00  1.00000E+00
 -9.56908E-01 -6.36515E-01 -8.59745E-02  5.28285E-01  9.41455E-01      -1.00000E+00  1.00000E+00
 -6.02797E-01 -2.40533E-01  1.69034E-01  6.35807E-01  9.55772E-01      -1.00000E+00  1.00000E+00
 -6.40782E-01 -2.81527E-01  1.10773E-01  5.95425E-01  9.49987E-01      -1.00000E+00  1.00000E+00
 -6.89693E-01 -3.21743E-01  7.67000E-02  5.70675E-01  9.45900E-01      -1.00000E+00  1.00000E+00
 -7.73852E-01 -3.85036E-01  3.69475E-02  5.44567E-01  9.41425E-01      -1.00000E+00  1.00000E+00
 -9.08140E-01 -5.03265E-01  3.24750E-03  5.51913E-01  9.43455E-01      -1.00000E+00  1.00000E+00
  3.93338E-02  3.77107E-01  6.50563E-01  8.67242E-01  9.84788E-01      -9.03370E-01  1.00000E+00
  4.45000E-02  3.84040E-01  6.35060E-01  8.52765E-01  9.82695E-01      -8.93260E-01  1.00000E+00
  8.41790E-02  4.32115E-01  6.63672E-01  8.59470E-01  9.83648E-01      -9.62890E-01  1.00000E+00
  1.20662E-01  5.02215E-01  7.30990E-01  8.94798E-01  9.87570E-01      -9.99680E-01  1.00000E+00
 -8.39510E-02  4.59203E-01  7.40073E-01  9.08897E-01  9.89862E-01      -1.00000E+00  1.00000E+00
  4.24490E-01  6.70020E-01  8.23198E-01  9.32905E-01  9.92555E-01      -5.52210E-01  1.00000E+00
  4.59720E-01  7.00515E-01  8.38803E-01  9.37490E-01  9.92785E-01      -5.53190E-01  1.00000E+00
  4.99015E-01  7.38247E-01  8.69480E-01  9.51125E-01  9.94332E-01      -6.97480E-01  1.00000E+00
  5.45070E-01  7.75913E-01  8.94578E-01  9.63250E-01  9.95953E-01      -6.82800E-01  1.00000E+00
  5.61352E-01  8.00730E-01  9.10485E-01  9.69602E-01  9.96685E-01      -9.95930E-01  1.00000E+00
  7.49150E-01  8.81510E-01  9.44175E-01  9.80683E-01  9.97753E-01       2.30940E-02  1.00000E+00
  7.59348E-01  8.88465E-01  9.48305E-01  9.82507E-01  9.98042E-01      -6.64010E-02  1.00000E+00
  7.69885E-01  8.95062E-01  9.51603E-01  9.83623E-01  9.98218E-01       2.48460E-02  1.00000E+00
  7.85430E-01  9.04713E-01  9.57435E-01  9.85685E-01  9.98372E-01      -5.90580E-02  1.00000E+00
  8.10503E-01  9.19067E-01  9.64465E-01  9.88045E-01  9.98725E-01      -2.93620E-02  1.00000E+00


    1.   1.01    6.  12.01  5.00E+00  8.00E+01  9.31E-01  7.11E-01     5   0.00

  2.80360E+00  3.66660E+00  4.04990E+00  4.30950E+00  4.54060E+00       2.14350E-03  4.74590E+00

  3.12230E-01  5.32440E-01  6.85760E-01  8.16340E-01  9.39340E-01       1.99480E-03  1.00000E+00
  3.10720E-01  5.35550E-01  6.96295E-01  8.33760E-01  9.50580E-01       1.23540E-03  1.00000E+00
  2.69225E-01  4.69740E-01  6.16570E-01  7.48315E-01  8.86590E-01       5.61620E-04  1.00000E+00
  2.21815E-01  3.87855E-01  5.08770E-01  6.23250E-01  7.67785E-01       1.77470E-03  9.99670E-01
  1.44830E-01  2.58030E-01  3.47260E-01  4.37690E-01  5.54755E-01       5.09860E-04  9.10720E-01

 -9.69803E-01 -7.52270E-01 -3.18198E-01  3.39797E-01  9.16048E-01      -1.00000E+00  1.00000E+00
 -9.70010E-01 -7.44093E-01 -2.93187E-01  3.67443E-01  9.18268E-01      -1.00000E+00  1.00000E+00
 -9.69425E-01 -7.31593E-01 -2.54325E-01  4.05140E-01  9.24003E-01      -1.00000E+00  1.00000E+00
 -9.67672E-01 -7.13210E-01 -1.99389E-01  4.52713E-01  9.32450E-01      -1.00000E+00  1.00000E+00
 -9.61440E-01 -6.59908E-01 -1.15564E-01  5.17713E-01  9.41133E-01      -1.00000E+00  1.00000E+00
 -3.14200E-01  7.94070E-02  4.62198E-01  7.91110E-01  9.76873E-01      -1.00000E+00  1.00000E+00
 -3.45837E-01  3.66500E-02  4.02655E-01  7.54630E-01  9.70577E-01      -1.00000E+00  1.00000E+00
 -3.95880E-01  7.85500E-03  3.65567E-01  7.31583E-01  9.67530E-01      -1.00000E+00  1.00000E+00
 -5.12620E-01 -6.11625E-02  3.22045E-01  6.96937E-01  9.63338E-01      -1.00000E+00  1.00000E+00
 -7.53330E-01 -2.39557E-01  2.29183E-01  6.67105E-01  9.56808E-01      -1.00000E+00  1.00000E+00
  2.32860E-01  5.35300E-01  7.60212E-01  9.14672E-01  9.90552E-01      -8.35420E-01  1.00000E+00
  2.39705E-01  5.37083E-01  7.43007E-01  9.02790E-01  9.88895E-01      -6.90360E-01  1.00000E+00
  2.75767E-01  5.75553E-01  7.64320E-01  9.06868E-01  9.88973E-01      -8.18490E-01  1.00000E+00
  3.21867E-01  6.37080E-01  8.12355E-01  9.29187E-01  9.91728E-01      -9.14880E-01  1.00000E+00
  2.35401E-01  6.38675E-01  8.31918E-01  9.43075E-01  9.93840E-01      -1.00000E+00  1.00000E+00
  5.48262E-01  7.53785E-01  8.74970E-01  9.55510E-01  9.95145E-01      -3.36660E-01  1.00000E+00
  5.66305E-01  7.67880E-01  8.82308E-01  9.56937E-01  9.95195E-01      -2.15880E-01  1.00000E+00
  6.00653E-01  7.96770E-01  9.00945E-01  9.63880E-01  9.95980E-01      -2.59290E-01  1.00000E+00
  6.36435E-01  8.22530E-01  9.17040E-01  9.71390E-01  9.96945E-01      -2.92240E-01  1.00000E+00
  6.70350E-01  8.53905E-01  9.34250E-01  9.77957E-01  9.97557E-01      -6.85090E-01  1.00000E+00
  8.03670E-01  9.10338E-01  9.59080E-01  9.86228E-01  9.98540E-01       1.06120E-01  1.00000E+00
  8.11298E-01  9.13332E-01  9.61125E-01  9.86747E-01  9.98537E-01       1.03100E-01  1.00000E+00
  8.18522E-01  9.17920E-01  9.62590E-01  9.87263E-01  9.98625E-01       2.88850E-01  1.00000E+00
  8.36628E-01  9.26967E-01  9.67440E-01  9.89017E-01  9.98890E-01       2.27730E-01  1.00000E+00
  8.62472E-01  9.41735E-01  9.74715E-01  9.91580E-01  9.99092E-01       2.64490E-01  1.00000E+00


    1.   1.01    6.  12.01  5.00E+00  8.50E+01  9.41E-01  7.27E-01     5   0.00

  2.88570E+00  3.71940E+00  4.08890E+00  4.34040E+00  4.56380E+00       2.37080E-03  4.75320E+00

  3.10405E-01  5.30480E-01  6.83800E-01  8.16105E-01  9.38855E-01       1.01980E-03  1.00000E+00
  3.06160E-01  5.28145E-01  6.89020E-01  8.28815E-01  9.49045E-01       2.18330E-03  1.00000E+00
  2.61790E-01  4.59990E-01  6.06460E-01  7.38740E-01  8.79090E-01       1.16640E-03  9.99980E-01
  2.16030E-01  3.79795E-01  5.00100E-01  6.15155E-01  7.57900E-01       3.90850E-04  9.99270E-01
  1.42445E-01  2.53925E-01  3.41365E-01  4.28095E-01  5.41265E-01       6.24560E-05  8.98830E-01

 -9.63570E-01 -7.23975E-01 -2.80068E-01  3.82912E-01  9.18290E-01      -1.00000E+00  1.00000E+00
 -9.64272E-01 -7.19398E-01 -2.61250E-01  3.99000E-01  9.23018E-01      -1.00000E+00  1.00000E+00
 -9.65855E-01 -7.12638E-01 -2.31193E-01  4.08628E-01  9.24298E-01      -1.00000E+00  1.00000E+00
 -9.66747E-01 -6.99655E-01 -1.92525E-01  4.56778E-01  9.33320E-01      -1.00000E+00  1.00000E+00
 -9.61920E-01 -6.62933E-01 -1.11792E-01  5.21068E-01  9.42988E-01      -1.00000E+00  1.00000E+00
 -2.41532E-01  1.56789E-01  5.27438E-01  8.25017E-01  9.80645E-01      -9.99750E-01  1.00000E+00
 -2.75065E-01  1.12506E-01  4.66290E-01  7.85403E-01  9.75472E-01      -9.99990E-01  1.00000E+00
 -3.10264E-01  8.96715E-02  4.35878E-01  7.69325E-01  9.72858E-01      -1.00000E+00  1.00000E+00
 -4.20096E-01  3.16800E-02  3.92993E-01  7.38827E-01  9.68190E-01      -1.00000E+00  1.00000E+00
 -6.84430E-01 -1.60210E-01  2.96559E-01  6.93550E-01  9.60300E-01      -1.00000E+00  1.00000E+00
  2.79145E-01  5.77533E-01  7.85712E-01  9.24573E-01  9.91343E-01      -6.91160E-01  1.00000E+00
  2.86915E-01  5.73895E-01  7.67047E-01  9.12428E-01  9.90128E-01      -7.41020E-01  1.00000E+00
  3.16263E-01  6.06110E-01  7.82212E-01  9.14937E-01  9.90480E-01      -6.90660E-01  1.00000E+00
  3.66613E-01  6.63883E-01  8.27638E-01  9.35443E-01  9.92610E-01      -7.22540E-01  1.00000E+00
  2.99931E-01  6.73615E-01  8.49158E-01  9.46888E-01  9.94152E-01      -1.00000E+00  1.00000E+00
  5.78453E-01  7.74593E-01  8.88780E-01  9.61133E-01  9.95710E-01      -2.82020E-01  1.00000E+00
  5.95158E-01  7.87948E-01  8.92712E-01  9.61350E-01  9.95692E-01      -2.10190E-01  1.00000E+00
  6.20567E-01  8.07525E-01  9.06328E-01  9.66005E-01  9.96208E-01      -2.15270E-01  1.00000E+00
  6.59210E-01  8.36287E-01  9.23145E-01  9.73335E-01  9.97125E-01      -2.27770E-01  1.00000E+00
  6.98490E-01  8.66053E-01  9.39782E-01  9.79653E-01  9.97807E-01      -9.70030E-01  1.00000E+00
  8.18515E-01  9.17297E-01  9.62618E-01  9.87108E-01  9.98607E-01       2.00110E-01  1.00000E+00
  8.24227E-01  9.19230E-01  9.63835E-01  9.87682E-01  9.98673E-01       2.14400E-01  1.00000E+00
  8.34525E-01  9.24662E-01  9.65602E-01  9.88305E-01  9.98747E-01       2.54260E-01  1.00000E+00
  8.49560E-01  9.32860E-01  9.70390E-01  9.90068E-01  9.98945E-01       2.81460E-01  1.00000E+00
  8.75960E-01  9.46455E-01  9.76577E-01  9.92203E-01  9.99180E-01       3.59700E-01  1.00000E+00


    1.   1.01    6.  12.01  1.00E+01  0.00E+00  4.75E-01  2.41E-01     5   0.00

  1.95220E+00  4.16430E+00  5.62070E+00  6.54020E+00  7.17140E+00       1.99550E-03  8.37020E+00

  4.01930E-01  6.35535E-01  7.74535E-01  8.78930E-01  9.63290E-01       1.79820E-03  1.00000E+00
  4.58330E-01  6.70605E-01  7.94100E-01  8.88840E-01  9.66625E-01       3.85520E-03  1.00000E+00
  4.78075E-01  6.81495E-01  8.00745E-01  8.92625E-01  9.67820E-01       5.50590E-03  1.00000E+00
  4.75160E-01  6.76080E-01  7.91915E-01  8.78080E-01  9.54465E-01       1.09590E-02  1.00000E+00
  2.70210E-01  4.35565E-01  5.52055E-01  6.63685E-01  8.15040E-01       1.74470E-03  9.99980E-01

 -9.52078E-01 -5.83380E-01  1.00932E-02  5.91888E-01  9.52630E-01      -1.00000E+00  1.00000E+00
 -9.51548E-01 -5.91268E-01 -5.94922E-03  5.83070E-01  9.51970E-01      -1.00000E+00  1.00000E+00
 -9.49620E-01 -5.80915E-01  1.35788E-02  5.96782E-01  9.52970E-01      -1.00000E+00  1.00000E+00
 -9.53793E-01 -5.90237E-01  2.08140E-04  5.85590E-01  9.49805E-01      -1.00000E+00  1.00000E+00
 -9.51533E-01 -5.96875E-01 -4.62467E-03  5.91760E-01  9.52777E-01      -1.00000E+00  1.00000E+00
 -9.50145E-01 -5.92278E-01 -6.42560E-03  5.78820E-01  9.48755E-01      -1.00000E+00  1.00000E+00
 -9.49195E-01 -5.83700E-01  3.11117E-03  5.89243E-01  9.49855E-01      -1.00000E+00  1.00000E+00
 -9.51090E-01 -5.83390E-01  3.06375E-03  5.86170E-01  9.50762E-01      -1.00000E+00  1.00000E+00
 -9.48057E-01 -5.76377E-01  5.91004E-03  5.88240E-01  9.51370E-01      -1.00000E+00  1.00000E+00
 -9.51910E-01 -5.93480E-01 -6.98815E-03  5.79102E-01  9.47162E-01      -1.00000E+00  1.00000E+00
 -9.52650E-01 -5.95915E-01 -1.33249E-02  5.92465E-01  9.50198E-01      -1.00000E+00  1.00000E+00
 -9.51530E-01 -5.81698E-01  8.42368E-03  6.02058E-01  9.52558E-01      -1.00000E+00  1.00000E+00
 -9.50582E-01 -5.86405E-01  2.37023E-03  5.85247E-01  9.50845E-01      -1.00000E+00  1.00000E+00
 -9.47000E-01 -5.74338E-01  2.15175E-02  5.98862E-01  9.52622E-01      -1.00000E+00  1.00000E+00
 -9.52520E-01 -5.86982E-01 -3.84207E-03  5.90335E-01  9.52665E-01      -1.00000E+00  1.00000E+00
 -9.50035E-01 -5.89445E-01  1.79825E-04  5.90605E-01  9.50965E-01      -1.00000E+00  1.00000E+00
 -9.52295E-01 -5.93908E-01 -1.07533E-02  5.81573E-01  9.49392E-01      -1.00000E+00  1.00000E+00
 -9.51625E-01 -5.90445E-01 -1.00798E-02  5.74483E-01  9.51385E-01      -1.00000E+00  1.00000E+00
 -9.52457E-01 -5.87832E-01 -7.44955E-03  5.85033E-01  9.49510E-01      -1.00000E+00  1.00000E+00
 -9.51178E-01 -5.89083E-01 -3.17420E-03  5.83255E-01  9.49102E-01      -1.00000E+00  1.00000E+00
 -9.49567E-01 -5.91960E-01  3.25982E-03  5.93300E-01  9.51487E-01      -1.00000E+00  1.00000E+00
 -9.50387E-01 -5.82958E-01  6.73150E-04  5.91515E-01  9.49665E-01      -1.00000E+00  1.00000E+00
 -9.50605E-01 -5.97735E-01 -8.03177E-03  5.89677E-01  9.48735E-01      -1.00000E+00  1.00000E+00
 -9.48653E-01 -5.75160E-01 -1.37122E-03  5.84628E-01  9.50427E-01      -1.00000E+00  1.00000E+00
 -9.48057E-01 -5.71593E-01  1.40916E-02  5.91065E-01  9.49887E-01      -1.00000E+00  1.00000E+00


    1.   1.01    6.  12.01  1.00E+01  3.00E+01  5.60E-01  3.17E-01     5   0.00

  2.36860E+00  4.85170E+00  6.26430E+00  7.04520E+00  7.89070E+00       4.56460E-03  9.07590E+00

  4.13585E-01  6.41730E-01  7.78690E-01  8.80365E-01  9.64205E-01       3.37290E-04  9.99990E-01
  4.55545E-01  6.64960E-01  7.89760E-01  8.85690E-01  9.65315E-01       4.47800E-03  1.00000E+00
  4.42390E-01  6.49310E-01  7.77065E-01  8.77380E-01  9.61890E-01       3.48390E-03  1.00000E+00
  3.69800E-01  5.77085E-01  7.12310E-01  8.24790E-01  9.33105E-01       2.43450E-03  1.00000E+00
  2.44505E-01  4.02015E-01  5.14290E-01  6.23810E-01  7.68640E-01       8.75530E-04  9.99930E-01

 -9.49350E-01 -5.77755E-01  1.08725E-02  5.96178E-01  9.51307E-01      -1.00000E+00  1.00000E+00
 -9.50997E-01 -5.88655E-01 -6.00340E-03  5.86658E-01  9.53593E-01      -1.00000E+00  1.00000E+00
 -9.51043E-01 -5.86188E-01  4.61290E-03  5.92808E-01  9.52863E-01      -1.00000E+00  1.00000E+00
 -9.51115E-01 -5.87390E-01 -6.37492E-03  5.81608E-01  9.50740E-01      -1.00000E+00  1.00000E+00
 -9.50653E-01 -5.79245E-01  1.28806E-02  5.88117E-01  9.50918E-01      -1.00000E+00  1.00000E+00
 -9.57523E-01 -6.45522E-01 -9.91712E-02  5.10062E-01  9.37155E-01      -1.00000E+00  1.00000E+00
 -9.55858E-01 -6.18912E-01 -5.42267E-02  5.54550E-01  9.44840E-01      -1.00000E+00  1.00000E+00
 -9.54618E-01 -6.21485E-01 -4.89462E-02  5.54540E-01  9.45417E-01      -1.00000E+00  1.00000E+00
 -9.53313E-01 -6.05845E-01 -2.97310E-02  5.71548E-01  9.49615E-01      -1.00000E+00  1.00000E+00
 -9.51618E-01 -5.99687E-01 -1.85200E-02  5.80398E-01  9.50310E-01      -1.00000E+00  1.00000E+00
 -9.82772E-01 -8.41245E-01 -4.95455E-01  1.72677E-01  8.82068E-01      -1.00000E+00  1.00000E+00
 -9.81405E-01 -8.20518E-01 -4.36355E-01  2.20852E-01  8.92293E-01      -1.00000E+00  1.00000E+00
 -9.78092E-01 -7.98517E-01 -4.05257E-01  2.59085E-01  8.98290E-01      -1.00000E+00  1.00000E+00
 -9.73280E-01 -7.58315E-01 -3.16950E-01  3.41090E-01  9.13212E-01      -1.00000E+00  1.00000E+00
 -9.65812E-01 -6.94917E-01 -1.89792E-01  4.56653E-01  9.31250E-01      -1.00000E+00  1.00000E+00
 -7.57035E-01 -4.32957E-01 -7.76300E-02  3.88984E-01  9.06345E-01      -1.00000E+00  1.00000E+00
 -6.26687E-01 -2.18097E-01  1.74234E-01  5.93765E-01  9.44682E-01      -1.00000E+00  1.00000E+00
 -5.18675E-01 -3.95225E-02  3.34619E-01  6.96875E-01  9.60552E-01      -1.00000E+00  1.00000E+00
 -4.44242E-01  9.45925E-02  4.73580E-01  7.80177E-01  9.72777E-01      -1.00000E+00  1.00000E+00
 -5.77172E-01  8.01992E-02  5.23635E-01  8.23507E-01  9.80293E-01      -1.00000E+00  1.00000E+00
  1.95480E-01  5.32595E-01  7.35580E-01  8.92292E-01  9.86935E-01      -9.94270E-01  1.00000E+00
  2.63000E-01  6.11075E-01  8.00538E-01  9.25125E-01  9.91545E-01      -9.36270E-01  1.00000E+00
  3.00399E-01  6.60840E-01  8.37820E-01  9.42100E-01  9.93765E-01      -9.70050E-01  1.00000E+00
  3.34148E-01  6.85767E-01  8.57677E-01  9.51187E-01  9.94700E-01      -9.30290E-01  1.00000E+00
  3.44903E-01  7.03530E-01  8.67780E-01  9.55585E-01  9.95230E-01      -9.99360E-01  1.00000E+00


    1.   1.01    6.  12.01  1.00E+01  4.50E+01  6.69E-01  4.27E-01     5   0.00

  3.09980E+00  5.79570E+00  6.96060E+00  7.78170E+00  8.47450E+00       3.86030E-03  9.27840E+00

  4.20645E-01  6.46670E-01  7.80120E-01  8.81390E-01  9.64440E-01       3.36250E-03  1.00000E+00
  4.14575E-01  6.25175E-01  7.55625E-01  8.63220E-01  9.57440E-01       1.20290E-03  1.00000E+00
  3.79690E-01  5.95415E-01  7.37750E-01  8.53770E-01  9.53700E-01       8.29950E-04  1.00000E+00
  3.26280E-01  5.16475E-01  6.41175E-01  7.48595E-01  8.71285E-01       1.64950E-03  1.00000E+00
  1.98110E-01  3.32705E-01  4.29635E-01  5.26905E-01  6.62810E-01       1.64470E-03  9.96280E-01

 -9.51095E-01 -5.92202E-01 -1.50242E-03  5.82775E-01  9.50750E-01      -1.00000E+00  1.00000E+00
 -9.50565E-01 -5.92630E-01 -4.56498E-03  5.80530E-01  9.51808E-01      -1.00000E+00  1.00000E+00
 -9.51627E-01 -5.92205E-01 -6.31678E-03  5.81213E-01  9.48570E-01      -1.00000E+00  1.00000E+00
 -9.50670E-01 -5.80060E-01  1.42308E-02  5.86973E-01  9.52802E-01      -1.00000E+00  1.00000E+00
 -9.46865E-01 -5.80682E-01  1.25668E-02  5.98750E-01  9.51720E-01      -1.00000E+00  1.00000E+00
 -9.81407E-01 -8.30893E-01 -4.87995E-01  1.36510E-01  8.71505E-01      -1.00000E+00  1.00000E+00
 -9.77630E-01 -7.96935E-01 -4.03678E-01  2.57900E-01  8.95923E-01      -1.00000E+00  1.00000E+00
 -9.75542E-01 -7.72578E-01 -3.37743E-01  3.40298E-01  9.14138E-01      -1.00000E+00  1.00000E+00
 -9.69257E-01 -7.23833E-01 -2.30313E-01  4.18652E-01  9.25713E-01      -1.00000E+00  1.00000E+00
 -9.60938E-01 -6.55118E-01 -1.08053E-01  5.17730E-01  9.41730E-01      -1.00000E+00  1.00000E+00
 -7.53840E-01 -4.89657E-01 -1.76708E-01  3.26298E-01  8.98370E-01      -1.00000E+00  1.00000E+00
 -7.08528E-01 -3.90429E-01 -4.52575E-02  4.60917E-01  9.24758E-01      -1.00000E+00  1.00000E+00
 -6.96475E-01 -3.36128E-01  3.24250E-02  5.17665E-01  9.34052E-01      -1.00000E+00  1.00000E+00
 -7.05333E-01 -3.03333E-01  9.78350E-02  5.57575E-01  9.41505E-01      -1.00000E+00  1.00000E+00
 -8.16402E-01 -3.35619E-01  1.43840E-01  6.24888E-01  9.52708E-01      -1.00000E+00  1.00000E+00
 -4.39550E-02  2.70615E-01  5.31570E-01  7.96170E-01  9.76710E-01      -9.91020E-01  1.00000E+00
  2.34375E-02  3.70372E-01  6.10863E-01  8.31670E-01  9.79068E-01      -9.74390E-01  1.00000E+00
  1.09929E-01  4.77758E-01  7.05893E-01  8.77282E-01  9.85130E-01      -9.73050E-01  1.00000E+00
  1.73839E-01  5.70965E-01  7.83238E-01  9.19213E-01  9.90160E-01      -9.75710E-01  1.00000E+00
  1.41870E-01  5.87328E-01  8.12355E-01  9.34943E-01  9.92908E-01      -9.99980E-01  1.00000E+00
  5.70032E-01  7.68825E-01  8.77625E-01  9.51870E-01  9.94280E-01      -4.77120E-01  1.00000E+00
  6.01695E-01  8.01778E-01  9.02630E-01  9.64820E-01  9.96060E-01      -3.89450E-01  1.00000E+00
  6.22925E-01  8.24107E-01  9.18183E-01  9.71612E-01  9.96820E-01      -4.28650E-01  1.00000E+00
  6.39795E-01  8.38110E-01  9.28345E-01  9.75700E-01  9.97425E-01      -4.29700E-01  1.00000E+00
  6.75815E-01  8.58088E-01  9.37165E-01  9.78925E-01  9.97772E-01      -2.65370E-01  1.00000E+00


    1.   1.01    6.  12.01  1.00E+01  6.00E+01  8.12E-01  5.93E-01     5   0.00

  4.58020E+00  6.98700E+00  7.93230E+00  8.50900E+00  8.99220E+00       3.86330E-03  9.46580E+00

  4.05685E-01  6.26095E-01  7.62140E-01  8.69870E-01  9.60395E-01       6.27550E-04  1.00000E+00
  3.57550E-01  5.69365E-01  7.13985E-01  8.38640E-01  9.49245E-01       2.09380E-03  1.00000E+00
  3.21740E-01  5.20430E-01  6.57430E-01  7.76310E-01  8.95505E-01       2.39720E-03  9.99990E-01
  2.50545E-01  4.14925E-01  5.25135E-01  6.23945E-01  7.51245E-01       2.47400E-03  9.97560E-01
  1.51065E-01  2.60015E-01  3.42140E-01  4.26215E-01  5.43515E-01       5.10150E-04  9.33450E-01

 -9.64588E-01 -7.02165E-01 -2.42864E-01  3.57680E-01  9.04645E-01      -1.00000E+00  1.00000E+00
 -9.65255E-01 -6.98562E-01 -2.04612E-01  4.26445E-01  9.24527E-01      -1.00000E+00  1.00000E+00
 -9.64270E-01 -6.77148E-01 -1.47284E-01  4.76572E-01  9.33068E-01      -1.00000E+00  1.00000E+00
 -9.57987E-01 -6.42170E-01 -9.73282E-02  5.19628E-01  9.40682E-01      -1.00000E+00  1.00000E+00
 -9.55290E-01 -6.16627E-01 -5.25780E-02  5.58255E-01  9.46765E-01      -1.00000E+00  1.00000E+00
 -7.50383E-01 -5.19025E-01 -2.28036E-01  2.59026E-01  8.74893E-01      -1.00000E+00  1.00000E+00
 -7.45645E-01 -4.86710E-01 -1.74677E-01  3.40882E-01  9.00505E-01      -1.00000E+00  1.00000E+00
 -7.47810E-01 -4.66747E-01 -1.32070E-01  4.01373E-01  9.13730E-01      -1.00000E+00  1.00000E+00
 -7.97508E-01 -4.76282E-01 -9.88100E-02  4.42338E-01  9.26543E-01      -1.00000E+00  1.00000E+00
 -9.15045E-01 -5.47950E-01 -4.58975E-02  5.24447E-01  9.39225E-01      -1.00000E+00  1.00000E+00
 -1.01150E-02  2.91917E-01  5.58372E-01  8.18648E-01  9.78740E-01      -9.43260E-01  1.00000E+00
  3.50375E-02  3.37892E-01  5.69070E-01  8.15810E-01  9.77317E-01      -9.23320E-01  1.00000E+00
  9.73912E-02  4.17960E-01  6.33868E-01  8.40095E-01  9.80510E-01      -9.27890E-01  1.00000E+00
  1.81699E-01  5.25360E-01  7.31507E-01  8.87405E-01  9.86160E-01      -9.29630E-01  1.00000E+00
  1.17041E-01  5.74898E-01  7.99368E-01  9.29383E-01  9.91932E-01      -1.00000E+00  1.00000E+00
  4.44975E-01  6.58820E-01  8.07342E-01  9.27423E-01  9.91990E-01      -4.68730E-01  1.00000E+00
  4.94268E-01  7.05020E-01  8.33152E-01  9.32725E-01  9.91925E-01      -5.60320E-01  1.00000E+00
  5.51653E-01  7.61195E-01  8.76365E-01  9.52553E-01  9.94448E-01      -5.14410E-01  1.00000E+00
  6.03703E-01  8.09202E-01  9.10505E-01  9.68357E-01  9.96440E-01      -3.72170E-01  1.00000E+00
  6.44060E-01  8.40293E-01  9.29737E-01  9.76665E-01  9.97493E-01      -3.02860E-01  1.00000E+00
  7.67775E-01  8.84197E-01  9.43002E-01  9.79385E-01  9.97680E-01       5.40750E-02  1.00000E+00
  7.83832E-01  8.96957E-01  9.51635E-01  9.82967E-01  9.98125E-01       7.51140E-02  1.00000E+00
  7.97652E-01  9.08188E-01  9.58557E-01  9.85745E-01  9.98428E-01       1.16390E-01  1.00000E+00
  8.08670E-01  9.15460E-01  9.62595E-01  9.87102E-01  9.98575E-01       1.50380E-01  1.00000E+00
  8.31958E-01  9.28090E-01  9.68655E-01  9.89680E-01  9.98890E-01       2.19510E-01  1.00000E+00


    1.   1.01    6.  12.01  1.00E+01  7.00E+01  9.05E-01  7.21E-01     5   0.00

  6.05050E+00  7.80960E+00  8.48990E+00  8.91300E+00  9.26200E+00       1.83590E-03  9.56200E+00

  3.61775E-01  5.76730E-01  7.16700E-01  8.36320E-01  9.45695E-01       2.22800E-03  1.00000E+00
  3.25470E-01  5.35190E-01  6.83175E-01  8.17055E-01  9.36620E-01       1.39430E-03  1.00000E+00
  2.59935E-01  4.39930E-01  5.67220E-01  6.80015E-01  8.08215E-01       7.37450E-04  9.99550E-01
  2.03120E-01  3.46885E-01  4.47565E-01  5.40485E-01  6.63825E-01       4.88950E-04  9.65900E-01
  1.27162E-01  2.22215E-01  2.94930E-01  3.68115E-01  4.67310E-01       5.45400E-04  8.04710E-01

 -9.72970E-01 -7.71675E-01 -4.04525E-01  1.80091E-01  8.68305E-01      -1.00000E+00  1.00000E+00
 -9.68410E-01 -7.40550E-01 -3.26492E-01  2.78252E-01  8.97005E-01      -1.00000E+00  1.00000E+00
 -9.66697E-01 -7.21577E-01 -2.92345E-01  3.20080E-01  9.03322E-01      -1.00000E+00  1.00000E+00
 -9.66923E-01 -7.12045E-01 -2.48924E-01  3.85013E-01  9.19100E-01      -1.00000E+00  1.00000E+00
 -9.64075E-01 -6.89047E-01 -1.79574E-01  4.58043E-01  9.28075E-01      -1.00000E+00  1.00000E+00
 -1.51674E-01  1.56761E-01  4.55835E-01  7.78772E-01  9.74040E-01      -9.66930E-01  1.00000E+00
 -1.47883E-01  1.59489E-01  4.30100E-01  7.48250E-01  9.69352E-01      -9.91960E-01  1.00000E+00
 -1.31084E-01  1.92335E-01  4.56155E-01  7.51370E-01  9.69520E-01      -1.00000E+00  1.00000E+00
 -1.42513E-01  2.30643E-01  5.00727E-01  7.69007E-01  9.71108E-01      -9.99980E-01  1.00000E+00
 -3.10967E-01  1.73013E-01  5.22165E-01  7.99155E-01  9.73815E-01      -1.00000E+00  1.00000E+00
  3.87508E-01  6.17660E-01  8.02227E-01  9.30765E-01  9.92560E-01      -5.96620E-01  1.00000E+00
  4.11882E-01  6.30255E-01  7.86513E-01  9.17998E-01  9.90923E-01      -7.32460E-01  1.00000E+00
  4.65300E-01  6.80692E-01  8.16218E-01  9.25465E-01  9.91492E-01      -5.39690E-01  1.00000E+00
  5.42793E-01  7.61845E-01  8.76800E-01  9.53187E-01  9.94663E-01      -5.16340E-01  1.00000E+00
  5.97070E-01  8.16400E-01  9.16098E-01  9.71513E-01  9.96968E-01      -7.26740E-01  1.00000E+00
  6.58650E-01  8.08442E-01  9.02650E-01  9.65828E-01  9.96293E-01       1.19160E-02  1.00000E+00
  6.82300E-01  8.26302E-01  9.07595E-01  9.65358E-01  9.95960E-01      -3.94780E-02  1.00000E+00
  7.19817E-01  8.57853E-01  9.30012E-01  9.74560E-01  9.97152E-01       3.73010E-02  1.00000E+00
  7.51445E-01  8.81745E-01  9.45095E-01  9.81045E-01  9.97890E-01       9.97060E-02  1.00000E+00
  7.95323E-01  9.09990E-01  9.59998E-01  9.86648E-01  9.98585E-01       4.72280E-02  1.00000E+00
  8.54032E-01  9.30708E-01  9.67063E-01  9.88422E-01  9.98715E-01       3.91680E-01  1.00000E+00
  8.62283E-01  9.36123E-01  9.70550E-01  9.89767E-01  9.98903E-01       4.12070E-01  1.00000E+00
  8.70518E-01  9.42150E-01  9.73718E-01  9.91017E-01  9.98997E-01       4.09390E-01  1.00000E+00
  8.83045E-01  9.47450E-01  9.76297E-01  9.92063E-01  9.99152E-01       4.91440E-01  1.00000E+00
  9.04080E-01  9.58350E-01  9.81703E-01  9.94040E-01  9.99345E-01       4.92340E-01  1.00000E+00


    1.   1.01    6.  12.01  1.00E+01  8.00E+01  9.61E-01  8.16E-01     5   0.00

  7.13020E+00  8.39080E+00  8.87790E+00  9.18860E+00  9.43960E+00       3.80270E-03  9.62410E+00

  3.30250E-01  5.44490E-01  6.95965E-01  8.31190E-01  9.48735E-01       1.64460E-03  1.00000E+00
  2.62590E-01  4.55570E-01  5.99625E-01  7.34440E-01  8.70350E-01       1.20980E-03  9.99990E-01
  2.09075E-01  3.69425E-01  4.88635E-01  5.97225E-01  7.26745E-01       5.28460E-04  9.79750E-01
  1.69920E-01  2.99195E-01  3.93515E-01  4.81265E-01  5.89210E-01       5.84090E-04  8.83150E-01
  1.12634E-01  1.95490E-01  2.57605E-01  3.15985E-01  3.91260E-01       4.94070E-04  6.59570E-01

 -6.45637E-01 -3.77821E-01 -3.25500E-02  4.34995E-01  9.17930E-01      -1.00000E+00  1.00000E+00
 -6.67515E-01 -3.96616E-01 -6.25875E-02  4.41632E-01  9.21055E-01      -1.00000E+00  1.00000E+00
 -6.87200E-01 -3.97328E-01 -5.11400E-02  4.74120E-01  9.29690E-01      -1.00000E+00  1.00000E+00
 -7.79357E-01 -4.44399E-01 -4.33925E-02  4.89233E-01  9.33540E-01      -1.00000E+00  1.00000E+00
 -9.18090E-01 -5.25393E-01  1.97925E-03  5.54465E-01  9.43825E-01      -1.00000E+00  1.00000E+00
  3.05615E-01  5.99792E-01  8.13325E-01  9.40453E-01  9.93800E-01      -6.04210E-01  1.00000E+00
  3.04308E-01  5.56148E-01  7.61115E-01  9.15340E-01  9.90845E-01      -6.03320E-01  1.00000E+00
  3.33697E-01  5.76580E-01  7.53827E-01  9.06005E-01  9.89675E-01      -6.76670E-01  1.00000E+00
  4.00293E-01  6.43550E-01  7.97595E-01  9.18325E-01  9.90738E-01      -7.07120E-01  1.00000E+00
  4.55890E-01  7.33403E-01  8.70885E-01  9.53870E-01  9.94743E-01      -9.99990E-01  1.00000E+00
  6.33345E-01  8.14990E-01  9.19675E-01  9.73750E-01  9.97130E-01      -9.35960E-02  1.00000E+00
  6.35223E-01  7.96312E-01  8.99237E-01  9.65768E-01  9.96235E-01      -8.03750E-02  1.00000E+00
  6.62205E-01  8.13710E-01  9.01025E-01  9.63685E-01  9.95960E-01      -5.77180E-02  1.00000E+00
  7.12180E-01  8.56447E-01  9.29975E-01  9.74423E-01  9.97170E-01       1.23230E-02  1.00000E+00
  7.71545E-01  8.98383E-01  9.53998E-01  9.84385E-01  9.98355E-01      -4.79820E-02  1.00000E+00
  7.86670E-01  8.94595E-01  9.52832E-01  9.84308E-01  9.98410E-01       2.96280E-01  1.00000E+00
  7.92563E-01  8.93342E-01  9.47095E-01  9.81320E-01  9.97893E-01       2.93490E-01  1.00000E+00
  8.13527E-01  9.06907E-01  9.54708E-01  9.83523E-01  9.98170E-01       3.44140E-01  1.00000E+00
  8.40205E-01  9.23867E-01  9.64387E-01  9.87847E-01  9.98630E-01       3.99210E-01  1.00000E+00
  8.80507E-01  9.47420E-01  9.76457E-01  9.92093E-01  9.99148E-01       4.57440E-01  1.00000E+00
  9.02420E-01  9.52730E-01  9.77527E-01  9.92040E-01  9.99162E-01       5.94770E-01  1.00000E+00
  9.11353E-01  9.57495E-01  9.80260E-01  9.93108E-01  9.99238E-01       6.06710E-01  1.00000E+00
  9.21960E-01  9.63605E-01  9.83135E-01  9.94262E-01  9.99372E-01       6.77050E-01  1.00000E+00
  9.32993E-01  9.69855E-01  9.86345E-01  9.95397E-01  9.99513E-01       6.86300E-01  1.00000E+00
  9.48330E-01  9.77635E-01  9.90288E-01  9.96750E-01  9.99648E-01       7.41660E-01  1.00000E+00


    1.   1.01    6.  12.01  1.00E+01  8.50E+01  9.73E-01  8.39E-01     5   0.00

  7.40910E+00  8.52810E+00  8.97130E+00  9.25490E+00  9.48270E+00       1.79620E-02  9.64520E+00

  3.15920E-01  5.29870E-01  6.84605E-01  8.23020E-01  9.46330E-01       1.02430E-03  1.00000E+00
  2.42475E-01  4.28445E-01  5.70520E-01  7.05405E-01  8.44975E-01       1.82690E-04  9.99950E-01
  1.94605E-01  3.47200E-01  4.64635E-01  5.74510E-01  7.03465E-01       1.31010E-03  9.70160E-01
  1.60975E-01  2.88280E-01  3.81640E-01  4.66740E-01  5.67980E-01       4.20530E-04  8.78840E-01
  1.08369E-01  1.87310E-01  2.45065E-01  2.99260E-01  3.68805E-01       2.60090E-04  6.47060E-01

 -5.36516E-01 -2.18890E-01  1.44540E-01  5.58117E-01  9.43002E-01      -1.00000E+00  1.00000E+00
 -5.52353E-01 -2.51065E-01  9.52250E-02  5.39597E-01  9.36922E-01      -1.00000E+00  1.00000E+00
 -5.64485E-01 -2.56867E-01  8.77675E-02  5.47048E-01  9.37975E-01      -1.00000E+00  1.00000E+00
 -6.04087E-01 -2.69132E-01  9.28250E-02  5.58122E-01  9.42710E-01      -1.00000E+00  1.00000E+00
 -7.95470E-01 -3.69257E-01  9.76850E-02  5.95732E-01  9.48832E-01      -1.00000E+00  1.00000E+00
  4.24232E-01  7.08095E-01  8.75698E-01  9.60735E-01  9.95870E-01      -5.61570E-01  1.00000E+00
  4.09903E-01  6.46213E-01  8.26387E-01  9.41367E-01  9.93783E-01      -5.25840E-01  1.00000E+00
  4.30695E-01  6.50315E-01  8.10795E-01  9.31887E-01  9.92567E-01      -6.07140E-01  1.00000E+00
  4.89805E-01  7.08813E-01  8.40468E-01  9.38682E-01  9.92857E-01      -6.31560E-01  1.00000E+00
  5.66890E-01  7.89305E-01  8.99883E-01  9.64705E-01  9.96038E-01      -9.99610E-01  1.00000E+00
  6.87518E-01  8.52485E-01  9.38330E-01  9.80330E-01  9.97897E-01      -1.64910E-01  1.00000E+00
  6.84435E-01  8.32098E-01  9.20258E-01  9.73385E-01  9.97215E-01      -6.28110E-02  1.00000E+00
  7.04422E-01  8.39520E-01  9.18020E-01  9.70653E-01  9.96820E-01       8.02700E-02  1.00000E+00
  7.47633E-01  8.74622E-01  9.38512E-01  9.77780E-01  9.97495E-01       9.96180E-02  1.00000E+00
  8.04278E-01  9.12492E-01  9.60835E-01  9.86725E-01  9.98540E-01       1.88800E-01  1.00000E+00
  8.15312E-01  9.12613E-01  9.61808E-01  9.87745E-01  9.98745E-01       3.26570E-01  1.00000E+00
  8.16833E-01  9.07342E-01  9.55135E-01  9.84360E-01  9.98292E-01       4.31940E-01  1.00000E+00
  8.34670E-01  9.17998E-01  9.60365E-01  9.85563E-01  9.98410E-01       3.68630E-01  1.00000E+00
  8.61712E-01  9.33625E-01  9.68897E-01  9.89230E-01  9.98848E-01       4.46560E-01  1.00000E+00
  9.00018E-01  9.55585E-01  9.80220E-01  9.93475E-01  9.99305E-01       5.24980E-01  1.00000E+00
  9.15945E-01  9.58272E-01  9.79950E-01  9.92740E-01  9.99208E-01       6.70040E-01  1.00000E+00
  9.24638E-01  9.64005E-01  9.83088E-01  9.94152E-01  9.99337E-01       7.02260E-01  1.00000E+00
  9.34063E-01  9.69383E-01  9.85950E-01  9.95132E-01  9.99467E-01       7.17000E-01  1.00000E+00
  9.43833E-01  9.74832E-01  9.88758E-01  9.96260E-01  9.99592E-01       7.68030E-01  1.00000E+00
  9.57075E-01  9.81790E-01  9.92113E-01  9.97400E-01  9.99722E-01       7.72740E-01  1.00000E+00


    1.   1.01    6.  12.01  2.00E+01  0.00E+00  4.04E-01  1.96E-01     5   0.00

  3.23310E+00  7.43630E+00  1.05340E+01  1.29180E+01  1.45790E+01       5.94370E-03  1.67220E+01

  4.43325E-01  6.62670E-01  7.91330E-01  8.87755E-01  9.66515E-01       2.26020E-03  1.00000E+00
  4.99905E-01  6.91140E-01  8.05600E-01  8.94730E-01  9.67810E-01       4.56250E-03  1.00000E+00
  5.04215E-01  6.87385E-01  8.00500E-01  8.90645E-01  9.66270E-01       3.92130E-03  1.00000E+00
  5.26085E-01  7.14875E-01  8.23730E-01  9.03510E-01  9.70085E-01       5.57810E-03  1.00000E+00
  3.32255E-01  4.75165E-01  5.72910E-01  6.70125E-01  8.04020E-01       1.48050E-03  9.99990E-01

 -9.52795E-01 -5.83287E-01 -1.51425E-03  5.86580E-01  9.49348E-01      -1.00000E+00  1.00000E+00
 -9.51630E-01 -5.87045E-01  8.22408E-03  5.82542E-01  9.51498E-01      -1.00000E+00  1.00000E+00
 -9.48850E-01 -5.76085E-01  4.58525E-03  5.90465E-01  9.52327E-01      -1.00000E+00  1.00000E+00
 -9.53368E-01 -5.92205E-01 -1.67310E-03  5.88157E-01  9.51720E-01      -1.00000E+00  1.00000E+00
 -9.49720E-01 -5.88845E-01 -7.57645E-03  5.88143E-01  9.54070E-01      -1.00000E+00  1.00000E+00
 -9.51205E-01 -5.92915E-01 -9.69680E-03  5.92345E-01  9.52237E-01      -1.00000E+00  1.00000E+00
 -9.53682E-01 -5.89490E-01 -8.25680E-03  5.90455E-01  9.51250E-01      -1.00000E+00  1.00000E+00
 -9.49395E-01 -5.79852E-01  7.92542E-03  5.90785E-01  9.52797E-01      -1.00000E+00  1.00000E+00
 -9.51458E-01 -5.80832E-01  3.44450E-04  5.93060E-01  9.49810E-01      -1.00000E+00  1.00000E+00
 -9.51870E-01 -5.96102E-01  2.25185E-03  5.82005E-01  9.52210E-01      -1.00000E+00  1.00000E+00
 -9.52048E-01 -5.92630E-01  4.11250E-05  5.86307E-01  9.52480E-01      -1.00000E+00  1.00000E+00
 -9.54175E-01 -5.90348E-01 -4.34077E-03  5.82320E-01  9.50755E-01      -1.00000E+00  1.00000E+00
 -9.51133E-01 -5.84618E-01  1.08158E-02  5.91940E-01  9.50097E-01      -1.00000E+00  1.00000E+00
 -9.47400E-01 -5.85095E-01 -1.02085E-02  5.82782E-01  9.51325E-01      -1.00000E+00  1.00000E+00
 -9.49948E-01 -5.78658E-01  1.61500E-03  5.84350E-01  9.50538E-01      -1.00000E+00  1.00000E+00
 -9.48408E-01 -5.87708E-01  1.30933E-02  6.02140E-01  9.55002E-01      -1.00000E+00  1.00000E+00
 -9.52170E-01 -5.95182E-01 -3.54812E-03  5.90477E-01  9.50778E-01      -1.00000E+00  1.00000E+00
 -9.49870E-01 -5.85360E-01  1.37377E-02  5.92048E-01  9.50000E-01      -1.00000E+00  1.00000E+00
 -9.52433E-01 -5.85605E-01  1.66250E-04  5.89130E-01  9.54327E-01      -1.00000E+00  1.00000E+00
 -9.52043E-01 -5.95050E-01 -1.18700E-02  5.86190E-01  9.51377E-01      -1.00000E+00  1.00000E+00
 -9.51905E-01 -5.90928E-01 -7.91600E-03  5.80775E-01  9.48370E-01      -1.00000E+00  1.00000E+00
 -9.51630E-01 -5.82020E-01  3.39155E-03  5.86232E-01  9.52540E-01      -1.00000E+00  1.00000E+00
 -9.52630E-01 -5.92322E-01  1.65450E-03  5.89455E-01  9.52935E-01      -1.00000E+00  1.00000E+00
 -9.52295E-01 -5.87027E-01  1.19021E-02  5.87200E-01  9.51525E-01      -1.00000E+00  1.00000E+00
 -9.50450E-01 -5.73222E-01  1.41975E-02  5.87082E-01  9.51070E-01      -1.00000E+00  1.00000E+00


    1.   1.01    6.  12.01  2.00E+01  3.00E+01  4.78E-01  2.57E-01     5   0.00

  3.82230E+00  8.55630E+00  1.17670E+01  1.38980E+01  1.58190E+01       1.96030E-03  1.81030E+01

  4.52935E-01  6.68035E-01  7.94305E-01  8.89475E-01  9.67285E-01       5.35550E-03  1.00000E+00
  5.01120E-01  6.88325E-01  8.03250E-01  8.93085E-01  9.66975E-01       5.56510E-03  1.00000E+00
  4.90220E-01  6.77155E-01  7.92620E-01  8.86135E-01  9.64805E-01       9.72860E-03  1.00000E+00
  4.32445E-01  6.21890E-01  7.49735E-01  8.56065E-01  9.51785E-01       4.38560E-03  1.00000E+00
  2.82190E-01  4.34990E-01  5.42095E-01  6.45080E-01  7.81300E-01       9.90490E-04  9.99970E-01

 -9.47760E-01 -5.87572E-01 -8.90025E-03  5.76055E-01  9.48603E-01      -1.00000E+00  1.00000E+00
 -9.52105E-01 -5.94095E-01 -2.51293E-03  5.83453E-01  9.48170E-01      -1.00000E+00  1.00000E+00
 -9.50970E-01 -5.87900E-01 -1.58618E-03  5.76650E-01  9.47235E-01      -1.00000E+00  1.00000E+00
 -9.49137E-01 -5.73015E-01  9.53022E-03  5.83900E-01  9.49610E-01      -1.00000E+00  1.00000E+00
 -9.52475E-01 -5.89585E-01 -7.71887E-04  5.83068E-01  9.48080E-01      -1.00000E+00  1.00000E+00
 -9.51995E-01 -5.99048E-01 -2.12915E-02  5.76263E-01  9.49525E-01      -1.00000E+00  1.00000E+00
 -9.50490E-01 -5.92800E-01 -1.64658E-02  5.80122E-01  9.50198E-01      -1.00000E+00  1.00000E+00
 -9.52308E-01 -5.93650E-01 -1.45988E-02  5.76850E-01  9.49513E-01      -1.00000E+00  1.00000E+00
 -9.53220E-01 -5.93778E-01 -1.20810E-02  5.74828E-01  9.51748E-01      -1.00000E+00  1.00000E+00
 -9.51468E-01 -5.86925E-01 -2.25275E-04  5.86817E-01  9.49298E-01      -1.00000E+00  1.00000E+00
 -9.65908E-01 -6.90408E-01 -1.58702E-01  4.97817E-01  9.36960E-01      -1.00000E+00  1.00000E+00
 -9.63205E-01 -6.65520E-01 -1.12795E-01  5.23060E-01  9.43690E-01      -1.00000E+00  1.00000E+00
 -9.61690E-01 -6.59587E-01 -9.55142E-02  5.32272E-01  9.40757E-01      -1.00000E+00  1.00000E+00
 -9.59973E-01 -6.56393E-01 -9.16232E-02  5.39365E-01  9.42392E-01      -1.00000E+00  1.00000E+00
 -9.53062E-01 -6.06285E-01 -4.75835E-02  5.54735E-01  9.46315E-01      -1.00000E+00  1.00000E+00
 -9.38468E-01 -7.33983E-01 -4.04038E-01  2.47414E-01  9.00560E-01      -1.00000E+00  1.00000E+00
 -8.31808E-01 -5.45732E-01 -1.72502E-01  4.26255E-01  9.27898E-01      -1.00000E+00  1.00000E+00
 -7.50470E-01 -4.14880E-01 -2.46450E-02  5.13302E-01  9.39440E-01      -1.00000E+00  1.00000E+00
 -6.86835E-01 -2.99407E-01  1.12232E-01  5.86442E-01  9.46350E-01      -1.00000E+00  1.00000E+00
 -7.48082E-01 -2.46292E-01  2.15960E-01  6.51310E-01  9.56218E-01      -1.00000E+00  1.00000E+00
  6.30225E-02  4.01446E-01  6.15438E-01  8.09440E-01  9.73005E-01      -9.82670E-01  1.00000E+00
  1.80415E-01  5.26388E-01  7.34825E-01  8.88110E-01  9.85585E-01      -1.00000E+00  1.00000E+00
  2.41144E-01  6.08940E-01  8.02580E-01  9.27330E-01  9.91220E-01      -9.63970E-01  1.00000E+00
  2.96654E-01  6.67042E-01  8.43843E-01  9.46268E-01  9.94075E-01      -9.98780E-01  1.00000E+00
  3.09078E-01  6.81163E-01  8.55390E-01  9.50810E-01  9.94953E-01      -9.99990E-01  1.00000E+00


    1.   1.01    6.  12.01  2.00E+01  4.50E+01  5.81E-01  3.55E-01     5   0.00

  4.94740E+00  1.04340E+01  1.34970E+01  1.54490E+01  1.70560E+01       6.67060E-03  1.86940E+01

  4.64630E-01  6.73475E-01  7.96670E-01  8.90310E-01  9.67100E-01       2.71260E-03  1.00000E+00
  4.82905E-01  6.71845E-01  7.90220E-01  8.84105E-01  9.64095E-01       6.62030E-03  1.00000E+00
  4.25570E-01  6.17980E-01  7.48675E-01  8.58740E-01  9.55785E-01       4.03270E-03  1.00000E+00
  3.75920E-01  5.55565E-01  6.79825E-01  7.86485E-01  8.97425E-01       4.63580E-03  1.00000E+00
  2.30110E-01  3.57845E-01  4.48760E-01  5.37905E-01  6.62455E-01       1.60400E-03  9.92200E-01

 -9.51280E-01 -5.89762E-01 -1.74972E-03  5.88627E-01  9.49647E-01      -1.00000E+00  1.00000E+00
 -9.52995E-01 -5.87020E-01 -5.22045E-03  5.91357E-01  9.50020E-01      -1.00000E+00  1.00000E+00
 -9.52157E-01 -5.90620E-01  6.37250E-05  5.90253E-01  9.49543E-01      -1.00000E+00  1.00000E+00
 -9.50992E-01 -5.98707E-01 -4.77680E-03  5.86355E-01  9.51087E-01      -1.00000E+00  1.00000E+00
 -9.54110E-01 -5.90477E-01 -1.72480E-03  5.82912E-01  9.50975E-01      -1.00000E+00  1.00000E+00
 -9.61237E-01 -6.63110E-01 -1.35046E-01  4.83173E-01  9.33107E-01      -1.00000E+00  1.00000E+00
 -9.61108E-01 -6.53213E-01 -1.11709E-01  5.12005E-01  9.40475E-01      -1.00000E+00  1.00000E+00
 -9.55012E-01 -6.38273E-01 -7.59072E-02  5.38458E-01  9.42410E-01      -1.00000E+00  1.00000E+00
 -9.56270E-01 -6.19420E-01 -6.77325E-02  5.40528E-01  9.44317E-01      -1.00000E+00  1.00000E+00
 -9.55037E-01 -6.09688E-01 -3.44857E-02  5.64210E-01  9.49170E-01      -1.00000E+00  1.00000E+00
 -9.47222E-01 -7.73710E-01 -4.45952E-01  2.05128E-01  8.87410E-01      -1.00000E+00  1.00000E+00
 -8.99683E-01 -6.69185E-01 -2.44196E-01  4.40490E-01  9.31065E-01      -1.00000E+00  1.00000E+00
 -8.93278E-01 -6.23323E-01 -1.57753E-01  4.87143E-01  9.39252E-01      -1.00000E+00  1.00000E+00
 -9.31303E-01 -6.15615E-01 -1.23866E-01  5.05175E-01  9.37940E-01      -1.00000E+00  1.00000E+00
 -9.48597E-01 -6.05857E-01 -5.49110E-02  5.41772E-01  9.42758E-01      -1.00000E+00  1.00000E+00
 -2.24640E-01  6.57828E-02  3.25720E-01  6.79190E-01  9.59838E-01      -9.91780E-01  1.00000E+00
 -1.27421E-01  2.09435E-01  4.75413E-01  7.65815E-01  9.73028E-01      -9.96610E-01  1.00000E+00
 -4.31825E-02  3.33320E-01  5.84153E-01  8.18825E-01  9.78180E-01      -9.99680E-01  1.00000E+00
  3.82725E-02  4.48773E-01  6.97310E-01  8.76790E-01  9.84152E-01      -9.99110E-01  1.00000E+00
 -1.31125E-02  4.90938E-01  7.54945E-01  9.13970E-01  9.90485E-01      -1.00000E+00  1.00000E+00
  5.38643E-01  7.29167E-01  8.39108E-01  9.31070E-01  9.91860E-01      -4.97860E-01  1.00000E+00
  5.86360E-01  7.81075E-01  8.84650E-01  9.55250E-01  9.94705E-01      -4.28410E-01  1.00000E+00
  6.19290E-01  8.17193E-01  9.12532E-01  9.69167E-01  9.96655E-01      -3.75340E-01  1.00000E+00
  6.47953E-01  8.41865E-01  9.27595E-01  9.74897E-01  9.97302E-01      -3.05850E-01  1.00000E+00
  6.85137E-01  8.63950E-01  9.39808E-01  9.79657E-01  9.97762E-01      -3.00840E-01  1.00000E+00


    1.   1.01    6.  12.01  2.00E+01  6.00E+01  7.46E-01  5.40E-01     5   0.00

  7.83400E+00  1.37230E+01  1.60230E+01  1.72870E+01  1.82220E+01       9.38270E-03  1.90750E+01

  4.68785E-01  6.69780E-01  7.90295E-01  8.85865E-01  9.65185E-01       2.42350E-03  1.00000E+00
  3.92130E-01  5.85350E-01  7.20170E-01  8.38595E-01  9.48740E-01       1.79300E-03  1.00000E+00
  3.50240E-01  5.29020E-01  6.58850E-01  7.78555E-01  8.95975E-01       8.01850E-04  1.00000E+00
  2.71440E-01  4.16235E-01  5.17630E-01  6.07755E-01  7.19770E-01       1.32720E-03  9.82560E-01
  1.54435E-01  2.52965E-01  3.23295E-01  3.94110E-01  4.97770E-01       1.46670E-04  8.61240E-01

 -9.56562E-01 -6.29010E-01 -7.75917E-02  5.34690E-01  9.42913E-01      -1.00000E+00  1.00000E+00
 -9.55305E-01 -6.18215E-01 -5.15942E-02  5.51933E-01  9.44660E-01      -1.00000E+00  1.00000E+00
 -9.55323E-01 -6.14985E-01 -4.71274E-02  5.56763E-01  9.44972E-01      -1.00000E+00  1.00000E+00
 -9.52750E-01 -6.05617E-01 -2.79065E-02  5.62907E-01  9.46485E-01      -1.00000E+00  1.00000E+00
 -9.51975E-01 -5.88272E-01 -1.03089E-02  5.74580E-01  9.48960E-01      -1.00000E+00  1.00000E+00
 -8.48110E-01 -6.66210E-01 -4.08029E-01  1.43266E-01  8.63075E-01      -1.00000E+00  1.00000E+00
 -8.37848E-01 -6.11190E-01 -2.55045E-01  3.59385E-01  9.13537E-01      -1.00000E+00  1.00000E+00
 -8.61982E-01 -5.93155E-01 -1.72475E-01  4.63575E-01  9.31420E-01      -1.00000E+00  1.00000E+00
 -9.25330E-01 -6.02433E-01 -1.25019E-01  4.89810E-01  9.38168E-01      -1.00000E+00  1.00000E+00
 -9.51305E-01 -6.11005E-01 -7.70877E-02  5.17652E-01  9.39482E-01      -1.00000E+00  1.00000E+00
 -4.18225E-02  2.19666E-01  4.70235E-01  7.67867E-01  9.71155E-01      -9.26200E-01  1.00000E+00
  1.17925E-02  2.97592E-01  5.38825E-01  8.03785E-01  9.77225E-01      -9.98400E-01  1.00000E+00
  6.83500E-02  3.65825E-01  5.84550E-01  8.14960E-01  9.77600E-01      -9.31850E-01  1.00000E+00
  1.47614E-01  4.68725E-01  6.76920E-01  8.57202E-01  9.81880E-01      -9.80490E-01  1.00000E+00
  1.36568E-01  5.64422E-01  7.79392E-01  9.17482E-01  9.90260E-01      -1.00000E+00  1.00000E+00
  4.84460E-01  6.64540E-01  8.12715E-01  9.33030E-01  9.92718E-01      -3.92390E-01  1.00000E+00
  5.36587E-01  7.17205E-01  8.36028E-01  9.36387E-01  9.92650E-01      -2.53340E-01  1.00000E+00
  5.92458E-01  7.72792E-01  8.74187E-01  9.49232E-01  9.94205E-01      -2.49940E-01  1.00000E+00
  6.56282E-01  8.33543E-01  9.17830E-01  9.69600E-01  9.96675E-01      -2.52060E-01  1.00000E+00
  7.16158E-01  8.74208E-01  9.44213E-01  9.81230E-01  9.97902E-01      -1.83310E-01  1.00000E+00
  8.03480E-01  8.94833E-01  9.46858E-01  9.80918E-01  9.97942E-01       2.58730E-01  1.00000E+00
  8.24213E-01  9.12520E-01  9.56655E-01  9.84378E-01  9.98182E-01       2.66210E-01  1.00000E+00
  8.40718E-01  9.27165E-01  9.65747E-01  9.88055E-01  9.98700E-01       1.85530E-01  1.00000E+00
  8.50885E-01  9.35658E-01  9.71640E-01  9.90428E-01  9.98982E-01       3.19730E-01  1.00000E+00
  8.71435E-01  9.45037E-01  9.75858E-01  9.91995E-01  9.99132E-01       3.09400E-01  1.00000E+00


    1.   1.01    6.  12.01  2.00E+01  7.00E+01  8.78E-01  7.15E-01     5   0.00

  1.20740E+01  1.62130E+01  1.75210E+01  1.82540E+01  1.88250E+01       4.92050E-03  1.92620E+01

  4.05630E-01  6.00420E-01  7.31560E-01  8.44035E-01  9.47355E-01       1.87800E-03  1.00000E+00
  3.28425E-01  5.13360E-01  6.52505E-01  7.85850E-01  9.12150E-01       2.88940E-03  1.00000E+00
  2.53395E-01  4.04235E-01  5.14595E-01  6.17845E-01  7.33135E-01       7.10540E-04  9.89170E-01
  1.89200E-01  3.11520E-01  3.96525E-01  4.74410E-01  5.75940E-01       7.30340E-04  8.68850E-01
  1.13981E-01  1.92645E-01  2.49695E-01  3.06625E-01  3.84435E-01       8.81730E-04  6.73990E-01

 -9.68760E-01 -7.34252E-01 -3.35493E-01  2.14429E-01  8.55450E-01      -1.00000E+00  1.00000E+00
 -9.62650E-01 -6.96407E-01 -2.55022E-01  3.34278E-01  9.06520E-01      -1.00000E+00  1.00000E+00
 -9.59455E-01 -6.77785E-01 -2.10631E-01  4.10710E-01  9.26007E-01      -1.00000E+00  1.00000E+00
 -9.58762E-01 -6.65687E-01 -1.90545E-01  4.44885E-01  9.31925E-01      -1.00000E+00  1.00000E+00
 -9.60400E-01 -6.67730E-01 -1.60460E-01  4.81940E-01  9.36283E-01      -1.00000E+00  1.00000E+00
 -3.22200E-02  2.32604E-01  4.93990E-01  7.84382E-01  9.75583E-01      -9.57120E-01  1.00000E+00
 -8.31750E-03  2.65128E-01  5.05800E-01  7.85748E-01  9.74567E-01      -9.38600E-01  1.00000E+00
  2.22425E-02  3.04170E-01  5.27330E-01  7.88148E-01  9.74200E-01      -9.41980E-01  1.00000E+00
  5.97100E-02  3.69705E-01  5.87923E-01  8.03485E-01  9.74368E-01      -9.99320E-01  1.00000E+00
 -2.92875E-02  3.83944E-01  6.61595E-01  8.63722E-01  9.83310E-01      -1.00000E+00  1.00000E+00
  5.20687E-01  7.08758E-01  8.62493E-01  9.55022E-01  9.95275E-01      -1.60420E-01  1.00000E+00
  5.54822E-01  7.19163E-01  8.48860E-01  9.45008E-01  9.93823E-01      -2.14370E-01  1.00000E+00
  5.98690E-01  7.56350E-01  8.61708E-01  9.47708E-01  9.94295E-01      -2.12090E-01  1.00000E+00
  6.69702E-01  8.20235E-01  9.03512E-01  9.61825E-01  9.95330E-01      -6.33570E-03  1.00000E+00
  7.46950E-01  8.85150E-01  9.47782E-01  9.82250E-01  9.98123E-01      -2.18060E-01  1.00000E+00
  7.51742E-01  8.63235E-01  9.38362E-01  9.80047E-01  9.97883E-01       2.59120E-01  1.00000E+00
  7.75427E-01  8.72900E-01  9.33200E-01  9.76187E-01  9.97485E-01       1.98590E-01  1.00000E+00
  8.04840E-01  8.97205E-01  9.47072E-01  9.80195E-01  9.97757E-01       3.69820E-01  1.00000E+00
  8.34155E-01  9.22255E-01  9.63237E-01  9.87027E-01  9.98557E-01       2.90130E-01  1.00000E+00
  8.68148E-01  9.41828E-01  9.74290E-01  9.91415E-01  9.99085E-01       4.11980E-01  1.00000E+00
  8.99125E-01  9.49640E-01  9.75912E-01  9.91617E-01  9.99045E-01       5.85980E-01  1.00000E+00
  9.09062E-01  9.56635E-01  9.79032E-01  9.92507E-01  9.99175E-01       6.31370E-01  1.00000E+00
  9.18088E-01  9.62413E-01  9.82960E-01  9.94035E-01  9.99345E-01       6.43420E-01  1.00000E+00
  9.27107E-01  9.67707E-01  9.85602E-01  9.95125E-01  9.99480E-01       6.21920E-01  1.00000E+00
  9.42210E-01  9.75092E-01  9.89248E-01  9.96472E-01  9.99630E-01       7.02230E-01  1.00000E+00


    1.   1.01    6.  12.01  2.00E+01  8.00E+01  9.69E-01  8.65E-01     5   0.00

  1.59200E+01  1.78510E+01  1.85170E+01  1.89070E+01  1.91900E+01       2.00870E-02  1.94120E+01

  3.04135E-01  5.01890E-01  6.52830E-01  7.97165E-01  9.28280E-01       2.00400E-03  1.00000E+00
  1.98390E-01  3.56105E-01  4.79640E-01  5.99850E-01  7.31380E-01       2.80230E-04  9.80430E-01
  1.59685E-01  2.85150E-01  3.82485E-01  4.74910E-01  5.74500E-01       8.34730E-04  8.45390E-01
  1.40390E-01  2.45775E-01  3.16145E-01  3.74780E-01  4.42305E-01       9.26530E-05  6.60890E-01
  8.87235E-02  1.46610E-01  1.86650E-01  2.24535E-01  2.73595E-01       4.97790E-04  4.52670E-01

 -3.54843E-01  6.62000E-03  3.44273E-01  6.57202E-01  9.60932E-01      -1.00000E+00  1.00000E+00
 -3.75405E-01 -5.37925E-02  2.77432E-01  6.23927E-01  9.49022E-01      -1.00000E+00  1.00000E+00
 -3.67885E-01 -4.52975E-02  2.66682E-01  6.19578E-01  9.49335E-01      -1.00000E+00  1.00000E+00
 -3.47057E-01 -2.90250E-02  2.90980E-01  6.29905E-01  9.50947E-01      -1.00000E+00  1.00000E+00
 -3.22612E-01  1.22350E-02  3.42797E-01  6.71467E-01  9.54833E-01      -1.00000E+00  1.00000E+00
  6.51605E-01  8.64265E-01  9.50298E-01  9.85085E-01  9.98480E-01      -1.26660E-01  1.00000E+00
  6.17760E-01  7.87602E-01  9.05628E-01  9.70480E-01  9.96982E-01      -6.95520E-02  1.00000E+00
  6.43615E-01  7.83277E-01  8.88512E-01  9.61377E-01  9.95695E-01      -1.11160E-01  1.00000E+00
  6.97908E-01  8.22410E-01  9.00965E-01  9.62095E-01  9.95720E-01      -3.46870E-03  1.00000E+00
  7.89878E-01  8.99232E-01  9.52125E-01  9.82835E-01  9.98140E-01       1.41120E-01  1.00000E+00
  8.18815E-01  9.28685E-01  9.72175E-01  9.91395E-01  9.99085E-01       3.70760E-01  1.00000E+00
  8.07662E-01  9.01182E-01  9.57350E-01  9.86575E-01  9.98595E-01       3.21950E-01  1.00000E+00
  8.23655E-01  9.01977E-01  9.50440E-01  9.82958E-01  9.98138E-01       3.89450E-01  1.00000E+00
  8.54560E-01  9.23745E-01  9.60825E-01  9.85420E-01  9.98340E-01       4.63740E-01  1.00000E+00
  9.00918E-01  9.55535E-01  9.79860E-01  9.93120E-01  9.99235E-01       4.50090E-01  1.00000E+00
  8.86068E-01  9.45725E-01  9.76500E-01  9.92615E-01  9.99232E-01       6.47580E-01  1.00000E+00
  8.91880E-01  9.39967E-01  9.69082E-01  9.88580E-01  9.98723E-01       6.64570E-01  1.00000E+00
  9.10177E-01  9.52578E-01  9.75890E-01  9.91032E-01  9.98960E-01       6.97530E-01  1.00000E+00
  9.30873E-01  9.66820E-01  9.84337E-01  9.94455E-01  9.99372E-01       7.34060E-01  1.00000E+00
  9.52522E-01  9.79133E-01  9.90642E-01  9.96887E-01  9.99663E-01       7.69500E-01  1.00000E+00
  9.51072E-01  9.73772E-01  9.86267E-01  9.94880E-01  9.99413E-01       8.34550E-01  1.00000E+00
  9.59268E-01  9.79840E-01  9.90147E-01  9.96448E-01  9.99595E-01       8.57000E-01  1.00000E+00
  9.65307E-01  9.83762E-01  9.92495E-01  9.97395E-01  9.99715E-01       8.69320E-01  1.00000E+00
  9.71007E-01  9.86962E-01  9.94163E-01  9.98015E-01  9.99785E-01       8.76960E-01  1.00000E+00
  9.78742E-01  9.90800E-01  9.95995E-01  9.98683E-01  9.99865E-01       9.06470E-01  1.00000E+00


    1.   1.01    6.  12.01  2.00E+01  8.50E+01  9.86E-01  8.99E-01     5   0.00

  1.67950E+01  1.81990E+01  1.87320E+01  1.90570E+01  1.92830E+01       2.85850E-02  1.94640E+01

  2.40875E-01  4.31330E-01  5.86410E-01  7.40080E-01  8.87370E-01       8.05000E-04  1.00000E+00
  1.56085E-01  2.97175E-01  4.15940E-01  5.35355E-01  6.70090E-01       9.99130E-04  9.48350E-01
  1.33480E-01  2.47015E-01  3.44590E-01  4.38755E-01  5.30440E-01       6.28280E-04  7.90280E-01
  1.36750E-01  2.35975E-01  2.97575E-01  3.45660E-01  4.00740E-01       1.04180E-03  5.97500E-01
  7.91930E-02  1.30948E-01  1.66780E-01  2.00110E-01  2.43340E-01       1.47560E-04  3.93450E-01

 -5.70300E-02  4.72011E-01  7.64282E-01  9.36248E-01  9.94485E-01      -1.00000E+00  1.00000E+00
 -1.66677E-01  3.05127E-01  5.98658E-01  8.43190E-01  9.84610E-01      -1.00000E+00  1.00000E+00
 -1.87295E-01  2.36042E-01  5.42290E-01  7.89610E-01  9.75653E-01      -1.00000E+00  1.00000E+00
 -1.74055E-01  2.38758E-01  5.46787E-01  7.84807E-01  9.72005E-01      -1.00000E+00  1.00000E+00
 -1.23798E-01  2.75053E-01  6.15953E-01  8.45425E-01  9.79818E-01      -1.00000E+00  1.00000E+00
  8.05972E-01  9.39817E-01  9.77348E-01  9.93148E-01  9.99292E-01       2.22430E-01  1.00000E+00
  7.38780E-01  8.90075E-01  9.57742E-01  9.87200E-01  9.98685E-01       1.74870E-01  1.00000E+00
  7.37533E-01  8.60110E-01  9.38972E-01  9.80458E-01  9.97945E-01       1.13460E-01  1.00000E+00
  7.68948E-01  8.68215E-01  9.31812E-01  9.76178E-01  9.97375E-01       2.07660E-01  1.00000E+00
  8.49862E-01  9.27545E-01  9.65280E-01  9.87750E-01  9.98637E-01       2.99620E-01  1.00000E+00
  8.87785E-01  9.61795E-01  9.84982E-01  9.95285E-01  9.99505E-01       5.31020E-01  1.00000E+00
  8.58735E-01  9.39553E-01  9.76082E-01  9.92570E-01  9.99223E-01       4.85970E-01  1.00000E+00
  8.60472E-01  9.24787E-01  9.64260E-01  9.87893E-01  9.98702E-01       5.69020E-01  1.00000E+00
  8.86365E-01  9.39345E-01  9.68160E-01  9.87988E-01  9.98677E-01       5.92730E-01  1.00000E+00
  9.27872E-01  9.67780E-01  9.85495E-01  9.95040E-01  9.99448E-01       6.46570E-01  1.00000E+00
  9.09800E-01  9.55655E-01  9.80415E-01  9.93627E-01  9.99335E-01       7.35050E-01  1.00000E+00
  9.17710E-01  9.53122E-01  9.74825E-01  9.90640E-01  9.98950E-01       7.53760E-01  1.00000E+00
  9.36030E-01  9.65702E-01  9.82100E-01  9.93183E-01  9.99197E-01       7.84730E-01  1.00000E+00
  9.51910E-01  9.76810E-01  9.89080E-01  9.96165E-01  9.99585E-01       8.20490E-01  1.00000E+00
  9.67155E-01  9.85638E-01  9.93625E-01  9.97853E-01  9.99770E-01       8.57700E-01  1.00000E+00
  9.63030E-01  9.80560E-01  9.90280E-01  9.96430E-01  9.99620E-01       8.74580E-01  1.00000E+00
  9.69380E-01  9.84930E-01  9.92680E-01  9.97393E-01  9.99708E-01       8.86340E-01  1.00000E+00
  9.74073E-01  9.87940E-01  9.94435E-01  9.98060E-01  9.99788E-01       9.08570E-01  1.00000E+00
  9.78802E-01  9.90460E-01  9.95777E-01  9.98588E-01  9.99848E-01       9.10390E-01  1.00000E+00
  9.84705E-01  9.93355E-01  9.97070E-01  9.99020E-01  9.99897E-01       9.32570E-01  1.00000E+00


    1.   1.01    6.  12.01  5.00E+01  0.00E+00  3.26E-01  1.49E-01     5   0.00

  6.78840E+00  1.64450E+01  2.41170E+01  3.05520E+01  3.63380E+01       2.79480E-02  4.15560E+01

  4.85785E-01  6.85700E-01  8.04385E-01  8.94025E-01  9.68365E-01       4.02900E-03  1.00000E+00
  5.08800E-01  6.87750E-01  8.00610E-01  8.90690E-01  9.66660E-01       2.04430E-03  1.00000E+00
  4.97405E-01  6.75835E-01  7.90655E-01  8.84680E-01  9.64345E-01       1.22060E-02  9.99990E-01
  4.93630E-01  6.71645E-01  7.89215E-01  8.83570E-01  9.64135E-01       3.74790E-02  1.00000E+00
  3.73765E-01  5.33165E-01  6.35575E-01  7.30630E-01  8.45025E-01       4.70040E-03  9.99980E-01

 -9.52122E-01 -5.93603E-01  2.09950E-04  5.89830E-01  9.53032E-01      -1.00000E+00  1.00000E+00
 -9.52100E-01 -5.89610E-01 -6.48485E-03  5.74778E-01  9.50235E-01      -1.00000E+00  1.00000E+00
 -9.44665E-01 -5.72140E-01  1.22324E-02  6.05910E-01  9.53223E-01      -1.00000E+00  1.00000E+00
 -9.47635E-01 -5.83282E-01 -1.45244E-02  5.74720E-01  9.51140E-01      -1.00000E+00  1.00000E+00
 -9.49580E-01 -5.75797E-01  1.30012E-02  6.01905E-01  9.53462E-01      -1.00000E+00  1.00000E+00
 -9.52890E-01 -5.94875E-01 -1.91962E-02  5.77802E-01  9.51470E-01      -1.00000E+00  1.00000E+00
 -9.48970E-01 -5.89137E-01  6.11870E-04  5.91427E-01  9.49535E-01      -1.00000E+00  1.00000E+00
 -9.50608E-01 -5.81260E-01  3.46525E-03  5.86037E-01  9.51600E-01      -1.00000E+00  1.00000E+00
 -9.53005E-01 -5.87888E-01  2.01974E-02  6.02170E-01  9.52917E-01      -1.00000E+00  1.00000E+00
 -9.51747E-01 -5.97110E-01 -7.38625E-03  5.82480E-01  9.51325E-01      -1.00000E+00  1.00000E+00
 -9.50710E-01 -5.91625E-01  1.82910E-03  5.92888E-01  9.49230E-01      -1.00000E+00  1.00000E+00
 -9.50333E-01 -5.90768E-01  3.57882E-03  5.91682E-01  9.47853E-01      -1.00000E+00  1.00000E+00
 -9.51563E-01 -5.98493E-01 -1.25049E-02  5.73362E-01  9.49397E-01      -1.00000E+00  1.00000E+00
 -9.51807E-01 -5.98060E-01 -8.11788E-03  5.86207E-01  9.51523E-01      -1.00000E+00  1.00000E+00
 -9.53250E-01 -5.82310E-01 -1.12526E-02  5.80668E-01  9.50415E-01      -1.00000E+00  1.00000E+00
 -9.49118E-01 -5.80477E-01  9.11880E-04  5.91920E-01  9.51653E-01      -1.00000E+00  1.00000E+00
 -9.51882E-01 -5.98160E-01 -1.56478E-02  5.81078E-01  9.47358E-01      -1.00000E+00  1.00000E+00
 -9.51830E-01 -5.89612E-01 -3.12497E-03  5.80205E-01  9.48037E-01      -1.00000E+00  1.00000E+00
 -9.53430E-01 -5.95235E-01  4.57827E-03  5.83185E-01  9.49958E-01      -1.00000E+00  1.00000E+00
 -9.50370E-01 -5.80305E-01  1.26342E-02  5.91412E-01  9.49518E-01      -1.00000E+00  1.00000E+00
 -9.48018E-01 -5.89137E-01 -5.58708E-03  5.87168E-01  9.49508E-01      -1.00000E+00  1.00000E+00
 -9.51760E-01 -5.77858E-01  2.58448E-02  6.04822E-01  9.52805E-01      -1.00000E+00  1.00000E+00
 -9.50723E-01 -5.85958E-01  3.47178E-03  5.90303E-01  9.50795E-01      -1.00000E+00  1.00000E+00
 -9.52285E-01 -5.92970E-01 -1.91347E-03  5.79220E-01  9.48252E-01      -1.00000E+00  1.00000E+00
 -9.52273E-01 -5.94570E-01 -8.85300E-03  5.78965E-01  9.48842E-01      -1.00000E+00  1.00000E+00


    1.   1.01    6.  12.01  5.00E+01  3.00E+01  3.81E-01  1.89E-01     5   0.00

  7.77300E+00  1.83860E+01  2.63880E+01  3.28210E+01  3.85160E+01       1.14630E-02  4.51700E+01

  4.86255E-01  6.85395E-01  8.03640E-01  8.93295E-01  9.67755E-01       4.86030E-03  1.00000E+00
  5.03455E-01  6.82395E-01  7.97145E-01  8.88345E-01  9.66005E-01       5.70940E-03  1.00000E+00
  4.87425E-01  6.66745E-01  7.84635E-01  8.80250E-01  9.62590E-01       8.50500E-03  1.00000E+00
  4.73985E-01  6.47775E-01  7.67225E-01  8.68310E-01  9.59025E-01       2.12630E-02  1.00000E+00
  3.14490E-01  4.70900E-01  5.88530E-01  6.99565E-01  8.32320E-01       1.78510E-03  9.99990E-01

 -9.50005E-01 -5.92485E-01  5.32320E-03  5.87500E-01  9.51450E-01      -1.00000E+00  1.00000E+00
 -9.50867E-01 -5.93795E-01 -5.93905E-03  5.82780E-01  9.50705E-01      -1.00000E+00  1.00000E+00
 -9.52330E-01 -5.93162E-01 -4.36790E-03  5.88810E-01  9.51080E-01      -1.00000E+00  1.00000E+00
 -9.54060E-01 -5.96225E-01 -3.52393E-03  5.76765E-01  9.50615E-01      -1.00000E+00  1.00000E+00
 -9.50680E-01 -5.89985E-01 -6.50898E-03  5.74987E-01  9.47740E-01      -1.00000E+00  1.00000E+00
 -9.48005E-01 -5.75403E-01  5.91258E-03  5.96548E-01  9.52820E-01      -1.00000E+00  1.00000E+00
 -9.50515E-01 -5.95673E-01 -1.12443E-02  5.83962E-01  9.49582E-01      -1.00000E+00  1.00000E+00
 -9.50987E-01 -5.85435E-01 -1.15600E-02  5.80183E-01  9.48100E-01      -1.00000E+00  1.00000E+00
 -9.49880E-01 -5.94680E-01 -8.43807E-03  5.71475E-01  9.48930E-01      -1.00000E+00  1.00000E+00
 -9.49695E-01 -5.86800E-01 -3.60100E-04  5.81792E-01  9.48775E-01      -1.00000E+00  1.00000E+00
 -9.52195E-01 -5.89635E-01 -7.64782E-03  5.84995E-01  9.50693E-01      -1.00000E+00  1.00000E+00
 -9.48662E-01 -5.82895E-01  6.00218E-03  5.92750E-01  9.52923E-01      -1.00000E+00  1.00000E+00
 -9.49992E-01 -5.79315E-01 -9.54265E-04  5.82405E-01  9.49720E-01      -1.00000E+00  1.00000E+00
 -9.50450E-01 -5.95040E-01 -1.86405E-02  5.80008E-01  9.49400E-01      -1.00000E+00  1.00000E+00
 -9.50883E-01 -5.87810E-01  4.54990E-03  5.83762E-01  9.50700E-01      -1.00000E+00  1.00000E+00
 -9.58038E-01 -5.87565E-01  4.12521E-02  6.24695E-01  9.56037E-01      -1.00000E+00  1.00000E+00
 -9.53420E-01 -6.07698E-01  2.53845E-02  6.11140E-01  9.54088E-01      -1.00000E+00  1.00000E+00
 -9.48987E-01 -5.89252E-01  1.39623E-02  6.07627E-01  9.55772E-01      -1.00000E+00  1.00000E+00
 -9.51090E-01 -5.92623E-01 -5.20328E-03  6.06745E-01  9.53270E-01      -1.00000E+00  1.00000E+00
 -9.47810E-01 -5.78448E-01 -1.91778E-02  5.76375E-01  9.48528E-01      -1.00000E+00  1.00000E+00
 -3.87462E-01  2.89225E-02  3.33372E-01  6.89610E-01  9.63178E-01      -1.00000E+00  1.00000E+00
 -2.13945E-01  2.35080E-01  5.50570E-01  8.35380E-01  9.81010E-01      -1.00000E+00  1.00000E+00
 -9.32600E-02  3.51658E-01  6.44033E-01  8.57530E-01  9.83640E-01      -1.00000E+00  1.00000E+00
  2.33175E-02  4.67342E-01  7.35742E-01  9.02667E-01  9.89003E-01      -1.00000E+00  1.00000E+00
  2.08525E-02  5.12452E-01  7.65255E-01  9.18077E-01  9.91082E-01      -1.00000E+00  1.00000E+00


    1.   1.01    6.  12.01  5.00E+01  4.50E+01  4.56E-01  2.49E-01     5   0.00

  9.25230E+00  2.12130E+01  2.96000E+01  3.57170E+01  4.14350E+01       5.32560E-03  4.67320E+01

  4.90725E-01  6.86595E-01  8.03170E-01  8.93725E-01  9.67880E-01       6.39330E-03  1.00000E+00
  4.95730E-01  6.75115E-01  7.90555E-01  8.83965E-01  9.64045E-01       1.57820E-02  9.99990E-01
  4.68880E-01  6.47180E-01  7.66450E-01  8.67590E-01  9.57870E-01       1.42350E-02  1.00000E+00
  4.17075E-01  5.95255E-01  7.23790E-01  8.38500E-01  9.46505E-01       5.90700E-03  1.00000E+00
  2.71925E-01  4.15180E-01  5.20850E-01  6.22980E-01  7.52785E-01       1.77630E-03  1.00000E+00

 -9.52235E-01 -5.91942E-01  6.43307E-04  5.83632E-01  9.51292E-01      -1.00000E+00  1.00000E+00
 -9.51185E-01 -5.84642E-01  2.15775E-03  5.93110E-01  9.53597E-01      -1.00000E+00  1.00000E+00
 -9.51375E-01 -5.94212E-01 -1.02657E-02  5.79065E-01  9.48312E-01      -1.00000E+00  1.00000E+00
 -9.48860E-01 -5.83333E-01  6.96225E-03  5.91220E-01  9.51860E-01      -1.00000E+00  1.00000E+00
 -9.51022E-01 -5.92692E-01 -3.31010E-03  5.80730E-01  9.51778E-01      -1.00000E+00  1.00000E+00
 -9.50330E-01 -5.79192E-01  3.62778E-03  5.87360E-01  9.48813E-01      -1.00000E+00  1.00000E+00
 -9.50622E-01 -5.96882E-01 -4.04675E-04  5.89568E-01  9.52325E-01      -1.00000E+00  1.00000E+00
 -9.51013E-01 -5.85620E-01 -1.04101E-02  5.74480E-01  9.50233E-01      -1.00000E+00  1.00000E+00
 -9.49372E-01 -5.91745E-01  2.44300E-03  5.90357E-01  9.49275E-01      -1.00000E+00  1.00000E+00
 -9.51362E-01 -5.98667E-01 -1.95248E-02  5.72935E-01  9.51172E-01      -1.00000E+00  1.00000E+00
 -9.55905E-01 -6.04215E-01 -1.40971E-02  5.89357E-01  9.51072E-01      -1.00000E+00  1.00000E+00
 -9.50317E-01 -5.88448E-01  4.13925E-03  5.93713E-01  9.51750E-01      -1.00000E+00  1.00000E+00
 -9.51675E-01 -5.90370E-01  9.55250E-03  5.95117E-01  9.50443E-01      -1.00000E+00  1.00000E+00
 -9.51497E-01 -5.86917E-01  1.40138E-02  6.00888E-01  9.53790E-01      -1.00000E+00  1.00000E+00
 -9.53870E-01 -5.95048E-01 -1.46386E-03  5.94013E-01  9.51558E-01      -1.00000E+00  1.00000E+00
 -7.92327E-01 -4.88887E-01  4.26435E-02  6.18025E-01  9.56377E-01      -1.00000E+00  1.00000E+00
 -6.98963E-01 -2.90972E-01  2.62004E-01  7.25278E-01  9.68662E-01      -1.00000E+00  1.00000E+00
 -6.59015E-01 -2.44200E-01  2.86116E-01  7.35170E-01  9.69542E-01      -1.00000E+00  1.00000E+00
 -6.52480E-01 -2.16575E-01  2.88627E-01  7.27345E-01  9.70742E-01      -1.00000E+00  1.00000E+00
 -7.50992E-01 -2.84042E-01  2.56397E-01  7.13603E-01  9.67480E-01      -1.00000E+00  1.00000E+00
  2.64006E-01  5.38505E-01  7.11435E-01  8.85165E-01  9.87900E-01      -8.23200E-01  1.00000E+00
  3.21391E-01  6.03592E-01  7.78970E-01  9.16367E-01  9.91018E-01      -8.70520E-01  1.00000E+00
  3.93053E-01  6.63450E-01  8.26370E-01  9.31858E-01  9.92030E-01      -7.92810E-01  1.00000E+00
  4.55390E-01  7.26232E-01  8.68430E-01  9.53140E-01  9.94842E-01      -7.58570E-01  1.00000E+00
  4.74215E-01  7.70852E-01  8.95922E-01  9.65425E-01  9.96150E-01      -9.93500E-01  1.00000E+00


    1.   1.01    6.  12.01  5.00E+01  6.00E+01  5.78E-01  3.68E-01     5   0.00

  1.25500E+01  2.69080E+01  3.51830E+01  4.06800E+01  4.48440E+01       8.47170E-03  4.79720E+01

  4.93075E-01  6.83410E-01  8.00405E-01  8.91135E-01  9.66780E-01       4.12010E-03  1.00000E+00
  4.65780E-01  6.43660E-01  7.65360E-01  8.66335E-01  9.57260E-01       1.34660E-02  9.99990E-01
  4.04055E-01  5.80895E-01  7.10630E-01  8.29920E-01  9.45100E-01       1.42290E-02  9.99990E-01
  3.44000E-01  5.01085E-01  6.23510E-01  7.42885E-01  8.67615E-01       3.18460E-03  9.99990E-01
  1.80445E-01  2.86300E-01  3.69960E-01  4.52695E-01  5.62940E-01       7.20790E-04  9.41460E-01

 -9.51873E-01 -5.82960E-01  6.46073E-03  5.90240E-01  9.52200E-01      -1.00000E+00  1.00000E+00
 -9.51640E-01 -5.85765E-01 -1.14655E-03  5.86278E-01  9.50542E-01      -1.00000E+00  1.00000E+00
 -9.51342E-01 -5.93920E-01 -3.86050E-04  5.83920E-01  9.51353E-01      -1.00000E+00  1.00000E+00
 -9.52785E-01 -5.89490E-01  2.02555E-03  5.89475E-01  9.52058E-01      -1.00000E+00  1.00000E+00
 -9.51570E-01 -5.86030E-01 -1.31533E-03  5.83392E-01  9.50433E-01      -1.00000E+00  1.00000E+00
 -9.57655E-01 -6.31993E-01 -6.33265E-02  5.54218E-01  9.47480E-01      -1.00000E+00  1.00000E+00
 -9.52990E-01 -6.04280E-01 -2.40978E-02  5.74720E-01  9.48645E-01      -1.00000E+00  1.00000E+00
 -9.52527E-01 -6.05520E-01 -1.61906E-02  5.80405E-01  9.50995E-01      -1.00000E+00  1.00000E+00
 -9.52618E-01 -5.94425E-01 -5.68025E-03  5.90420E-01  9.51900E-01      -1.00000E+00  1.00000E+00
 -9.49595E-01 -5.84125E-01  2.50033E-03  5.91163E-01  9.53720E-01      -1.00000E+00  1.00000E+00
 -8.15495E-01 -5.42380E-01 -2.61985E-02  5.84700E-01  9.53380E-01      -1.00000E+00  1.00000E+00
 -7.74455E-01 -4.08253E-01  1.72849E-01  6.84345E-01  9.63468E-01      -1.00000E+00  1.00000E+00
 -7.81040E-01 -3.73037E-01  2.20164E-01  7.07550E-01  9.67358E-01      -1.00000E+00  1.00000E+00
 -8.46317E-01 -4.03403E-01  1.69876E-01  6.86195E-01  9.63905E-01      -1.00000E+00  1.00000E+00
 -9.26055E-01 -5.00020E-01  6.14063E-02  6.21450E-01  9.56270E-01      -1.00000E+00  1.00000E+00
  1.34825E-02  2.79369E-01  5.65128E-01  8.35000E-01  9.80633E-01      -9.43170E-01  1.00000E+00
  9.87175E-02  3.98523E-01  6.68040E-01  8.80863E-01  9.86900E-01      -8.99420E-01  1.00000E+00
  1.64342E-01  4.62480E-01  6.95907E-01  8.90580E-01  9.87550E-01      -9.32830E-01  1.00000E+00
  2.36598E-01  5.35080E-01  7.37085E-01  8.94640E-01  9.87945E-01      -9.24440E-01  1.00000E+00
  2.86509E-01  6.38948E-01  8.19918E-01  9.34265E-01  9.92733E-01      -1.00000E+00  1.00000E+00
  6.73638E-01  8.13130E-01  9.01990E-01  9.66155E-01  9.96215E-01      -2.22230E-02  1.00000E+00
  7.03785E-01  8.37860E-01  9.15650E-01  9.69715E-01  9.96727E-01      -5.95800E-02  1.00000E+00
  7.38655E-01  8.63892E-01  9.32370E-01  9.74692E-01  9.97175E-01       5.56240E-02  1.00000E+00
  7.73155E-01  8.89430E-01  9.48565E-01  9.82285E-01  9.98060E-01      -1.44390E-02  1.00000E+00
  8.09358E-01  9.19392E-01  9.64010E-01  9.87792E-01  9.98673E-01       1.22490E-01  1.00000E+00


    1.   1.01    6.  12.01  5.00E+01  7.00E+01  7.02E-01  5.11E-01     5   0.00

  1.78140E+01  3.39320E+01  4.07710E+01  4.44080E+01  4.68340E+01       6.85450E-03  4.84900E+01

  4.85380E-01  6.72015E-01  7.89240E-01  8.83535E-01  9.64535E-01       1.07310E-02  1.00000E+00
  3.93415E-01  5.69560E-01  7.00855E-01  8.21235E-01  9.39885E-01       5.53760E-03  1.00000E+00
  3.30740E-01  4.89680E-01  6.19865E-01  7.53975E-01  8.95405E-01       5.79990E-03  1.00000E+00
  2.21195E-01  3.49555E-01  4.53080E-01  5.58135E-01  6.74700E-01       1.01180E-03  9.67780E-01
  1.08617E-01  1.90820E-01  2.56720E-01  3.22225E-01  4.11060E-01       5.56630E-04  7.47680E-01

 -9.53385E-01 -6.04290E-01 -2.62386E-02  5.68730E-01  9.48233E-01      -1.00000E+00  1.00000E+00
 -9.52697E-01 -5.83790E-01  1.24715E-03  5.86290E-01  9.50720E-01      -1.00000E+00  1.00000E+00
 -9.51337E-01 -5.89115E-01 -7.26437E-03  5.86503E-01  9.50743E-01      -1.00000E+00  1.00000E+00
 -9.53843E-01 -5.88607E-01 -4.86868E-03  5.80430E-01  9.50035E-01      -1.00000E+00  1.00000E+00
 -9.49285E-01 -5.87185E-01  1.32422E-02  5.95897E-01  9.51010E-01      -1.00000E+00  1.00000E+00
 -9.19555E-01 -6.57760E-01 -2.16043E-01  4.45217E-01  9.33660E-01      -1.00000E+00  1.00000E+00
 -9.01772E-01 -5.42628E-01  2.71792E-02  6.10252E-01  9.56070E-01      -1.00000E+00  1.00000E+00
 -9.07040E-01 -5.16603E-01  8.28985E-02  6.40665E-01  9.58718E-01      -1.00000E+00  1.00000E+00
 -9.27882E-01 -5.39680E-01  6.10012E-02  6.28310E-01  9.56825E-01      -1.00000E+00  1.00000E+00
 -9.47743E-01 -5.97655E-01 -2.31972E-02  5.92988E-01  9.54538E-01      -1.00000E+00  1.00000E+00
 -3.01250E-02  2.43719E-01  5.44100E-01  8.21658E-01  9.79885E-01      -9.30560E-01  1.00000E+00
  2.61200E-02  3.27810E-01  6.28603E-01  8.65695E-01  9.85000E-01      -9.69100E-01  1.00000E+00
  6.24025E-02  3.59335E-01  6.41103E-01  8.70460E-01  9.85548E-01      -9.72860E-01  1.00000E+00
  1.08460E-01  4.03740E-01  6.36605E-01  8.60905E-01  9.83865E-01      -9.15350E-01  1.00000E+00
  8.86250E-02  4.66763E-01  7.08040E-01  8.85073E-01  9.87115E-01      -1.00000E+00  1.00000E+00
  5.53827E-01  7.29348E-01  8.70632E-01  9.56063E-01  9.95317E-01      -3.73550E-02  1.00000E+00
  5.94735E-01  7.48678E-01  8.76200E-01  9.57612E-01  9.95510E-01      -1.42440E-01  1.00000E+00
  6.35417E-01  7.74675E-01  8.76800E-01  9.55955E-01  9.95147E-01      -8.63070E-02  1.00000E+00
  7.01110E-01  8.29163E-01  9.04562E-01  9.62072E-01  9.95505E-01      -9.06630E-02  1.00000E+00
  7.86718E-01  9.01565E-01  9.54510E-01  9.84338E-01  9.98252E-01       9.22130E-02  1.00000E+00
  8.45310E-01  9.21253E-01  9.65400E-01  9.88487E-01  9.98792E-01       4.05130E-01  1.00000E+00
  8.59787E-01  9.27190E-01  9.65113E-01  9.88512E-01  9.98783E-01       4.19450E-01  1.00000E+00
  8.76000E-01  9.37642E-01  9.69217E-01  9.88877E-01  9.98757E-01       5.19200E-01  1.00000E+00
  8.97898E-01  9.50515E-01  9.76978E-01  9.92143E-01  9.99110E-01       5.13920E-01  1.00000E+00
  9.16720E-01  9.64603E-01  9.84517E-01  9.94753E-01  9.99420E-01       5.11850E-01  1.00000E+00


    1.   1.01    6.  12.01  5.00E+01  8.00E+01  8.58E-01  7.21E-01     5   0.00

  3.03840E+01  4.23640E+01  4.55650E+01  4.71760E+01  4.83050E+01       3.32030E-03  4.89260E+01

  4.07380E-01  5.86325E-01  7.16610E-01  8.33265E-01  9.44585E-01       6.15280E-03  1.00000E+00
  2.79475E-01  4.28655E-01  5.61945E-01  7.09365E-01  8.66815E-01       1.64070E-03  1.00000E+00
  1.68580E-01  2.92310E-01  3.95790E-01  5.08765E-01  6.39925E-01       8.94850E-04  9.07620E-01
  1.21580E-01  2.15635E-01  2.93555E-01  3.71855E-01  4.62385E-01       2.01530E-04  7.10630E-01
  7.35860E-02  1.31750E-01  1.76805E-01  2.20170E-01  2.75945E-01       3.11850E-04  4.81700E-01

 -9.55107E-01 -6.45160E-01 -1.83423E-01  3.87810E-01  9.12600E-01      -1.00000E+00  1.00000E+00
 -9.43410E-01 -5.89500E-01 -7.61543E-02  5.32737E-01  9.44500E-01      -1.00000E+00  1.00000E+00
 -9.40527E-01 -5.68950E-01 -2.86747E-02  5.78168E-01  9.49947E-01      -1.00000E+00  1.00000E+00
 -9.42705E-01 -5.76485E-01 -2.30199E-02  5.86313E-01  9.51213E-01      -1.00000E+00  1.00000E+00
 -9.54175E-01 -6.28653E-01 -9.06865E-02  5.41920E-01  9.44800E-01      -1.00000E+00  1.00000E+00
  1.59868E-01  4.23632E-01  6.62218E-01  8.66742E-01  9.84707E-01      -8.35840E-01  1.00000E+00
  1.80300E-01  4.46713E-01  6.86802E-01  8.82205E-01  9.86735E-01      -9.20630E-01  1.00000E+00
  1.97972E-01  4.53080E-01  6.73545E-01  8.76320E-01  9.86320E-01      -8.04710E-01  1.00000E+00
  2.36846E-01  4.96572E-01  6.79040E-01  8.64815E-01  9.84350E-01      -9.08190E-01  1.00000E+00
  2.35895E-01  5.77693E-01  7.79340E-01  9.11500E-01  9.88878E-01      -1.00000E+00  1.00000E+00
  6.66635E-01  8.34900E-01  9.28242E-01  9.76560E-01  9.97557E-01       9.44370E-02  1.00000E+00
  6.82840E-01  8.29155E-01  9.24050E-01  9.75097E-01  9.97308E-01       1.25180E-01  1.00000E+00
  7.07800E-01  8.25465E-01  9.17628E-01  9.72037E-01  9.96880E-01       1.16120E-01  1.00000E+00
  7.56880E-01  8.53750E-01  9.20797E-01  9.71742E-01  9.96985E-01       1.87000E-01  1.00000E+00
  8.47375E-01  9.23968E-01  9.62435E-01  9.86082E-01  9.98440E-01       3.93420E-01  1.00000E+00
  8.37108E-01  9.23867E-01  9.67650E-01  9.89343E-01  9.98855E-01       4.93500E-01  1.00000E+00
  8.49740E-01  9.19910E-01  9.65653E-01  9.88895E-01  9.98818E-01       5.58750E-01  1.00000E+00
  8.68440E-01  9.24010E-01  9.63130E-01  9.87710E-01  9.98677E-01       5.60750E-01  1.00000E+00
  8.94595E-01  9.42335E-01  9.69903E-01  9.88810E-01  9.98780E-01       5.97700E-01  1.00000E+00
  9.30135E-01  9.68390E-01  9.85250E-01  9.94925E-01  9.99440E-01       6.59620E-01  1.00000E+00
  9.41235E-01  9.70308E-01  9.86750E-01  9.95820E-01  9.99567E-01       7.98200E-01  1.00000E+00
  9.47255E-01  9.72407E-01  9.86530E-01  9.95360E-01  9.99510E-01       8.19580E-01  1.00000E+00
  9.54955E-01  9.76993E-01  9.88620E-01  9.95912E-01  9.99548E-01       8.35290E-01  1.00000E+00
  9.63770E-01  9.82600E-01  9.91895E-01  9.97188E-01  9.99702E-01       8.56160E-01  1.00000E+00
  9.73137E-01  9.88565E-01  9.94947E-01  9.98305E-01  9.99820E-01       8.74070E-01  1.00000E+00


    1.   1.01    6.  12.01  5.00E+01  8.50E+01  9.19E-01  8.13E-01     5   0.00

  3.70240E+01  4.48230E+01  4.68460E+01  4.79640E+01  4.86880E+01       8.03630E-03  4.90890E+01

  3.42245E-01  5.22070E-01  6.67970E-01  8.09135E-01  9.41650E-01       2.41010E-03  1.00000E+00
  2.00445E-01  3.33305E-01  4.53335E-01  5.87120E-01  7.40120E-01       1.18430E-03  9.81400E-01
  1.31655E-01  2.36475E-01  3.25945E-01  4.21700E-01  5.37105E-01       1.18160E-03  7.89170E-01
  1.00279E-01  1.82500E-01  2.50255E-01  3.16590E-01  3.85375E-01       2.52720E-04  6.03140E-01
  6.54035E-02  1.14222E-01  1.51230E-01  1.84510E-01  2.25800E-01       6.86140E-05  3.59600E-01

 -5.87750E-01 -3.10022E-01 -5.37500E-04  4.60442E-01  9.24667E-01      -1.00000E+00  1.00000E+00
 -5.79303E-01 -2.58575E-01  1.34845E-01  6.26870E-01  9.56495E-01      -1.00000E+00  1.00000E+00
 -5.96815E-01 -2.53720E-01  1.67400E-01  6.49643E-01  9.57168E-01      -1.00000E+00  1.00000E+00
 -6.46570E-01 -2.48497E-01  1.98133E-01  6.52515E-01  9.58712E-01      -1.00000E+00  1.00000E+00
 -8.42645E-01 -3.07830E-01  2.38183E-01  6.87955E-01  9.62375E-01      -1.00000E+00  1.00000E+00
  5.43327E-01  7.53140E-01  8.89588E-01  9.63855E-01  9.96112E-01      -2.14280E-01  1.00000E+00
  5.48995E-01  7.40425E-01  8.77090E-01  9.58897E-01  9.95465E-01      -1.98220E-01  1.00000E+00
  5.73762E-01  7.31052E-01  8.60265E-01  9.51270E-01  9.94837E-01      -1.07290E-01  1.00000E+00
  6.30393E-01  7.68942E-01  8.67770E-01  9.50730E-01  9.94343E-01      -7.11740E-02  1.00000E+00
  7.57305E-01  8.73447E-01  9.35725E-01  9.75670E-01  9.97143E-01      -3.15480E-02  1.00000E+00
  7.98852E-01  9.14575E-01  9.64900E-01  9.88838E-01  9.98862E-01       4.05450E-01  1.00000E+00
  8.06123E-01  9.05713E-01  9.59860E-01  9.87248E-01  9.98625E-01       3.74820E-01  1.00000E+00
  8.23807E-01  9.02800E-01  9.56703E-01  9.85695E-01  9.98468E-01       4.51340E-01  1.00000E+00
  8.54915E-01  9.14405E-01  9.56198E-01  9.85108E-01  9.98375E-01       4.89280E-01  1.00000E+00
  9.13098E-01  9.56547E-01  9.78545E-01  9.92062E-01  9.99115E-01       5.44780E-01  1.00000E+00
  8.98870E-01  9.54978E-01  9.81582E-01  9.94205E-01  9.99388E-01       6.98060E-01  1.00000E+00
  9.06350E-01  9.49895E-01  9.78290E-01  9.93047E-01  9.99285E-01       7.44640E-01  1.00000E+00
  9.18560E-01  9.52340E-01  9.76275E-01  9.92112E-01  9.99143E-01       7.54900E-01  1.00000E+00
  9.38303E-01  9.65283E-01  9.80883E-01  9.92783E-01  9.99188E-01       7.86090E-01  1.00000E+00
  9.61823E-01  9.82757E-01  9.92010E-01  9.97223E-01  9.99687E-01       8.36130E-01  1.00000E+00
  9.61460E-01  9.78392E-01  9.90340E-01  9.96710E-01  9.99640E-01       8.95630E-01  1.00000E+00
  9.66830E-01  9.81945E-01  9.90670E-01  9.96880E-01  9.99670E-01       9.06450E-01  1.00000E+00
  9.72930E-01  9.86065E-01  9.92827E-01  9.97212E-01  9.99675E-01       9.21570E-01  1.00000E+00
  9.79100E-01  9.89870E-01  9.95300E-01  9.98390E-01  9.99825E-01       9.33860E-01  1.00000E+00
  9.86187E-01  9.93712E-01  9.97165E-01  9.99048E-01  9.99897E-01       9.46530E-01  1.00000E+00


    1.   1.01    6.  12.01  1.00E+02  0.00E+00  2.81E-01  1.25E-01     5   0.00

  1.30530E+01  3.17720E+01  4.68160E+01  5.92090E+01  7.14320E+01       1.14040E-02  8.39340E+01

  4.98770E-01  6.87760E-01  8.02675E-01  8.93315E-01  9.67440E-01       9.59330E-03  1.00000E+00
  4.88720E-01  6.71950E-01  7.89430E-01  8.83960E-01  9.64040E-01       1.60000E-02  9.99990E-01
  4.44820E-01  6.42760E-01  7.70640E-01  8.72580E-01  9.60210E-01       1.20470E-02  9.99990E-01
  4.28150E-01  6.26965E-01  7.57540E-01  8.64355E-01  9.57305E-01       6.44110E-03  1.00000E+00
  3.23045E-01  5.00885E-01  6.29840E-01  7.47870E-01  8.70765E-01       1.22400E-03  1.00000E+00

 -9.47075E-01 -5.72085E-01  1.99533E-02  6.01708E-01  9.52638E-01      -1.00000E+00  1.00000E+00
 -9.49483E-01 -5.83295E-01 -1.10485E-03  5.79670E-01  9.46163E-01      -1.00000E+00  1.00000E+00
 -9.48228E-01 -5.78288E-01  3.04405E-03  5.99822E-01  9.49980E-01      -1.00000E+00  1.00000E+00
 -9.50650E-01 -5.85948E-01 -5.48850E-04  5.88828E-01  9.50250E-01      -1.00000E+00  1.00000E+00
 -9.48465E-01 -5.86370E-01 -9.26603E-03  5.73817E-01  9.50462E-01      -1.00000E+00  1.00000E+00
 -9.48167E-01 -5.84137E-01  3.38697E-03  5.87035E-01  9.51745E-01      -1.00000E+00  1.00000E+00
 -9.51747E-01 -5.84647E-01  1.46653E-02  5.91270E-01  9.50895E-01      -1.00000E+00  1.00000E+00
 -9.51377E-01 -5.87542E-01 -3.06593E-03  5.81557E-01  9.51152E-01      -1.00000E+00  1.00000E+00
 -9.48675E-01 -5.85885E-01 -8.81935E-04  5.75185E-01  9.46310E-01      -1.00000E+00  1.00000E+00
 -9.47757E-01 -5.82008E-01 -1.10247E-02  5.84270E-01  9.51893E-01      -1.00000E+00  1.00000E+00
 -9.49940E-01 -5.75263E-01  1.85609E-02  5.93867E-01  9.49950E-01      -1.00000E+00  1.00000E+00
 -9.50405E-01 -5.88190E-01 -6.50467E-03  5.89763E-01  9.52990E-01      -1.00000E+00  1.00000E+00
 -9.48732E-01 -5.76015E-01  8.99710E-03  5.88677E-01  9.52645E-01      -1.00000E+00  9.99990E-01
 -9.51405E-01 -5.87723E-01 -5.12190E-03  5.77287E-01  9.48857E-01      -1.00000E+00  1.00000E+00
 -9.48765E-01 -5.87530E-01 -1.13624E-02  5.82405E-01  9.48465E-01      -1.00000E+00  1.00000E+00
 -9.47418E-01 -5.79017E-01  9.73250E-04  5.91717E-01  9.50697E-01      -1.00000E+00  1.00000E+00
 -9.48710E-01 -5.74865E-01  1.38890E-02  5.90820E-01  9.47830E-01      -1.00000E+00  1.00000E+00
 -9.52997E-01 -5.87348E-01 -7.87085E-03  5.87265E-01  9.50252E-01      -1.00000E+00  1.00000E+00
 -9.51492E-01 -5.90197E-01  4.89327E-03  5.88202E-01  9.49618E-01      -1.00000E+00  1.00000E+00
 -9.51405E-01 -5.98882E-01 -8.38476E-03  5.76890E-01  9.48655E-01      -1.00000E+00  1.00000E+00
 -9.53865E-01 -6.05123E-01 -3.28833E-02  5.75190E-01  9.47710E-01      -1.00000E+00  1.00000E+00
 -9.54182E-01 -5.99263E-01 -1.14185E-02  5.78980E-01  9.52217E-01      -1.00000E+00  1.00000E+00
 -9.50967E-01 -5.89315E-01 -9.88300E-03  5.77948E-01  9.51418E-01      -1.00000E+00  1.00000E+00
 -9.51300E-01 -6.04553E-01 -1.63603E-02  5.78940E-01  9.49170E-01      -1.00000E+00  1.00000E+00
 -9.50330E-01 -5.88153E-01 -6.24815E-03  5.83905E-01  9.49535E-01      -1.00000E+00  1.00000E+00


    1.   1.01    6.  12.01  1.00E+02  3.00E+01  3.34E-01  1.60E-01     5   0.00

  1.47310E+01  3.52870E+01  5.07740E+01  6.33510E+01  7.54820E+01       1.20570E-02  9.11960E+01

  4.99390E-01  6.87250E-01  8.02270E-01  8.92355E-01  9.67645E-01       1.08910E-02  1.00000E+00
  4.81270E-01  6.63625E-01  7.83745E-01  8.81090E-01  9.63805E-01       1.65010E-02  1.00000E+00
  4.26875E-01  6.28065E-01  7.59560E-01  8.65235E-01  9.57525E-01       8.24650E-03  1.00000E+00
  4.08945E-01  6.06655E-01  7.41065E-01  8.52405E-01  9.52310E-01       6.47170E-03  1.00000E+00
  2.87285E-01  4.55605E-01  5.84825E-01  7.09485E-01  8.52250E-01       3.02930E-03  1.00000E+00

 -9.52435E-01 -5.89055E-01 -1.29741E-03  5.87973E-01  9.50853E-01      -1.00000E+00  1.00000E+00
 -9.53048E-01 -5.94938E-01  1.83252E-03  5.94025E-01  9.55275E-01      -1.00000E+00  1.00000E+00
 -9.49885E-01 -5.81215E-01  2.23206E-02  5.81380E-01  9.47980E-01      -1.00000E+00  1.00000E+00
 -9.51903E-01 -5.86178E-01  5.51683E-03  5.91600E-01  9.49670E-01      -1.00000E+00  1.00000E+00
 -9.52838E-01 -5.94525E-01 -1.47526E-02  5.82987E-01  9.51750E-01      -1.00000E+00  1.00000E+00
 -9.50530E-01 -5.84643E-01  4.86488E-03  5.78175E-01  9.49477E-01      -1.00000E+00  1.00000E+00
 -9.51573E-01 -5.89947E-01 -1.04447E-02  5.81540E-01  9.52285E-01      -1.00000E+00  1.00000E+00
 -9.50750E-01 -5.88230E-01 -4.13167E-03  5.84902E-01  9.48620E-01      -1.00000E+00  1.00000E+00
 -9.51798E-01 -5.94807E-01 -7.87227E-03  5.79752E-01  9.52062E-01      -1.00000E+00  1.00000E+00
 -9.51280E-01 -5.85458E-01 -6.82000E-03  5.94917E-01  9.53383E-01      -1.00000E+00  1.00000E+00
 -9.49035E-01 -5.86105E-01  1.19931E-02  5.98143E-01  9.52832E-01      -1.00000E+00  1.00000E+00
 -9.46005E-01 -5.70055E-01  2.65378E-02  5.99792E-01  9.48915E-01      -1.00000E+00  1.00000E+00
 -9.45887E-01 -5.61415E-01  2.90829E-02  6.05158E-01  9.53812E-01      -1.00000E+00  1.00000E+00
 -9.46408E-01 -5.76032E-01  1.61329E-02  6.06213E-01  9.51830E-01      -1.00000E+00  1.00000E+00
 -9.48828E-01 -5.67583E-01  1.30588E-02  5.92685E-01  9.51828E-01      -1.00000E+00  1.00000E+00
 -9.26045E-01 -4.43273E-01  1.81803E-01  6.85723E-01  9.63917E-01      -1.00000E+00  1.00000E+00
 -9.32318E-01 -4.78880E-01  1.48158E-01  6.71945E-01  9.63078E-01      -1.00000E+00  1.00000E+00
 -9.38833E-01 -5.09798E-01  1.10245E-01  6.52112E-01  9.61157E-01      -1.00000E+00  1.00000E+00
 -9.43492E-01 -5.28282E-01  9.66755E-02  6.48222E-01  9.59695E-01      -1.00000E+00  1.00000E+00
 -9.46795E-01 -5.59338E-01  4.68390E-02  6.22875E-01  9.54507E-01      -1.00000E+00  1.00000E+00
 -4.91102E-01  7.30000E-04  4.82263E-01  8.16383E-01  9.80398E-01      -1.00000E+00  1.00000E+00
 -3.90644E-01  1.48522E-01  5.69632E-01  8.45382E-01  9.83125E-01      -1.00000E+00  1.00000E+00
 -3.25547E-01  2.26166E-01  6.02240E-01  8.57555E-01  9.84835E-01      -1.00000E+00  1.00000E+00
 -2.66925E-01  2.79257E-01  6.26615E-01  8.60197E-01  9.83762E-01      -1.00000E+00  1.00000E+00
 -2.70500E-01  2.93017E-01  6.49905E-01  8.72487E-01  9.85550E-01      -1.00000E+00  1.00000E+00


    1.   1.01    6.  12.01  1.00E+02  4.50E+01  4.05E-01  2.14E-01     5   0.00

  1.73860E+01  4.04120E+01  5.64160E+01  6.89640E+01  8.12010E+01       6.86140E-03  9.37350E+01

  4.98445E-01  6.83650E-01  7.99330E-01  8.90150E-01  9.66465E-01       2.03940E-03  1.00000E+00
  4.60625E-01  6.48365E-01  7.71665E-01  8.73145E-01  9.60170E-01       1.00090E-02  9.99990E-01
  4.07930E-01  6.08000E-01  7.42675E-01  8.53705E-01  9.53410E-01       3.22380E-03  1.00000E+00
  3.72125E-01  5.64225E-01  7.03670E-01  8.25975E-01  9.43085E-01       4.10740E-03  1.00000E+00
  2.48970E-01  3.98070E-01  5.17050E-01  6.36845E-01  7.83080E-01       9.64270E-04  9.99980E-01

 -9.54788E-01 -5.82375E-01  1.36824E-02  5.94443E-01  9.54985E-01      -1.00000E+00  1.00000E+00
 -9.49708E-01 -5.83587E-01  2.90333E-03  5.88805E-01  9.50250E-01      -1.00000E+00  1.00000E+00
 -9.50183E-01 -5.90187E-01  5.33130E-03  5.93390E-01  9.51465E-01      -1.00000E+00  1.00000E+00
 -9.52035E-01 -5.75030E-01  3.77557E-03  5.82050E-01  9.49172E-01      -1.00000E+00  1.00000E+00
 -9.50165E-01 -5.87845E-01  6.52507E-03  5.90760E-01  9.49940E-01      -1.00000E+00  1.00000E+00
 -9.50450E-01 -5.76978E-01  2.15866E-02  5.98545E-01  9.53130E-01      -1.00000E+00  1.00000E+00
 -9.53147E-01 -5.85210E-01  2.30300E-03  5.95212E-01  9.53972E-01      -1.00000E+00  1.00000E+00
 -9.47118E-01 -5.72165E-01  2.01103E-02  6.02723E-01  9.54242E-01      -1.00000E+00  1.00000E+00
 -9.51865E-01 -5.93065E-01 -8.55925E-03  5.79002E-01  9.50445E-01      -1.00000E+00  1.00000E+00
 -9.51063E-01 -5.87580E-01 -5.72533E-03  5.77682E-01  9.48518E-01      -1.00000E+00  1.00000E+00
 -9.43280E-01 -5.43822E-01  7.23940E-02  6.37037E-01  9.55902E-01      -1.00000E+00  1.00000E+00
 -9.46505E-01 -5.37585E-01  7.97935E-02  6.43100E-01  9.58620E-01      -1.00000E+00  1.00000E+00
 -9.42368E-01 -5.35362E-01  7.27675E-02  6.34300E-01  9.57360E-01      -1.00000E+00  1.00000E+00
 -9.41810E-01 -5.45048E-01  6.34528E-02  6.25575E-01  9.55753E-01      -1.00000E+00  1.00000E+00
 -9.45610E-01 -5.70465E-01  2.87796E-02  6.15347E-01  9.53560E-01      -1.00000E+00  1.00000E+00
 -8.90370E-01 -3.61973E-01  2.91787E-01  7.48868E-01  9.73863E-01      -1.00000E+00  1.00000E+00
 -8.31035E-01 -2.79005E-01  3.28915E-01  7.55037E-01  9.72485E-01      -1.00000E+00  1.00000E+00
 -8.16040E-01 -2.72283E-01  3.24958E-01  7.57570E-01  9.73830E-01      -1.00000E+00  1.00000E+00
 -8.36125E-01 -2.92760E-01  3.02362E-01  7.45665E-01  9.71745E-01      -1.00000E+00  1.00000E+00
 -9.05795E-01 -4.09133E-01  1.81254E-01  6.89277E-01  9.64712E-01      -1.00000E+00  1.00000E+00
  1.12140E-01  4.85055E-01  7.53708E-01  9.14593E-01  9.90853E-01      -9.85980E-01  1.00000E+00
  1.88661E-01  5.58432E-01  7.89950E-01  9.27990E-01  9.91870E-01      -9.78560E-01  1.00000E+00
  2.35897E-01  5.91750E-01  8.00760E-01  9.30470E-01  9.92237E-01      -9.71510E-01  1.00000E+00
  2.96399E-01  6.39123E-01  8.22973E-01  9.37772E-01  9.93435E-01      -9.58590E-01  1.00000E+00
  3.00104E-01  6.68120E-01  8.45145E-01  9.47800E-01  9.94440E-01      -1.00000E+00  1.00000E+00


    1.   1.01    6.  12.01  1.00E+02  6.00E+01  5.18E-01  3.16E-01     5   0.00

  2.27530E+01  4.98450E+01  6.64140E+01  7.82190E+01  8.86620E+01       5.25050E-03  9.62050E+01

  4.92805E-01  6.77700E-01  7.93770E-01  8.86635E-01  9.65040E-01       1.20210E-02  1.00000E+00
  4.16395E-01  6.12420E-01  7.45710E-01  8.55525E-01  9.53755E-01       6.55220E-03  1.00000E+00
  3.58870E-01  5.50325E-01  6.89975E-01  8.15120E-01  9.36740E-01       3.02040E-03  1.00000E+00
  3.08675E-01  4.79905E-01  6.16275E-01  7.51735E-01  9.00650E-01       5.59600E-03  1.00000E+00
  1.79010E-01  2.92860E-01  3.86790E-01  4.85880E-01  6.17580E-01       3.81390E-04  9.96530E-01

 -9.50017E-01 -5.76475E-01  8.52608E-03  5.91040E-01  9.52335E-01      -1.00000E+00  1.00000E+00
 -9.51010E-01 -5.80665E-01  1.06835E-03  5.83448E-01  9.49362E-01      -1.00000E+00  1.00000E+00
 -9.52265E-01 -5.89772E-01  1.48135E-04  5.88043E-01  9.51145E-01      -1.00000E+00  1.00000E+00
 -9.52000E-01 -5.88440E-01 -4.28650E-03  5.84365E-01  9.49477E-01      -1.00000E+00  1.00000E+00
 -9.51887E-01 -5.75012E-01 -1.51855E-03  5.89570E-01  9.50315E-01      -1.00000E+00  1.00000E+00
 -9.51340E-01 -5.84372E-01  1.90809E-02  6.03470E-01  9.51275E-01      -1.00000E+00  1.00000E+00
 -9.46525E-01 -5.63438E-01  3.86615E-02  6.18972E-01  9.54117E-01      -1.00000E+00  1.00000E+00
 -9.47447E-01 -5.66950E-01  3.99673E-02  6.16833E-01  9.55765E-01      -1.00000E+00  1.00000E+00
 -9.50352E-01 -5.78753E-01  2.07392E-02  5.96405E-01  9.52913E-01      -1.00000E+00  1.00000E+00
 -9.47653E-01 -5.82703E-01  2.11874E-02  6.05790E-01  9.54368E-01      -1.00000E+00  1.00000E+00
 -9.24895E-01 -4.57998E-01  2.16775E-01  7.17862E-01  9.69930E-01      -1.00000E+00  1.00000E+00
 -9.03523E-01 -3.72460E-01  2.68395E-01  7.34102E-01  9.70220E-01      -1.00000E+00  1.00000E+00
 -9.00795E-01 -3.65177E-01  2.80400E-01  7.39430E-01  9.70305E-01      -1.00000E+00  1.00000E+00
 -9.18512E-01 -4.19880E-01  2.21008E-01  7.15257E-01  9.67722E-01      -1.00000E+00  1.00000E+00
 -9.34925E-01 -4.86925E-01  1.45927E-01  6.72573E-01  9.63792E-01      -1.00000E+00  1.00000E+00
 -2.03024E-01  2.61145E-01  6.49003E-01  8.80252E-01  9.87140E-01      -9.99800E-01  1.00000E+00
 -1.19369E-01  3.41512E-01  6.91427E-01  8.96478E-01  9.88877E-01      -9.99630E-01  1.00000E+00
 -7.75850E-02  3.67795E-01  7.02220E-01  8.98955E-01  9.88923E-01      -1.00000E+00  1.00000E+00
 -8.68875E-02  3.42947E-01  6.69833E-01  8.87417E-01  9.88220E-01      -9.99950E-01  1.00000E+00
 -2.19298E-01  2.62660E-01  6.05612E-01  8.52545E-01  9.83595E-01      -1.00000E+00  1.00000E+00
  5.84940E-01  7.69683E-01  8.91507E-01  9.63905E-01  9.96075E-01      -4.46890E-01  1.00000E+00
  6.15965E-01  8.02195E-01  9.07658E-01  9.69860E-01  9.96697E-01      -3.18300E-01  1.00000E+00
  6.48848E-01  8.21990E-01  9.13765E-01  9.71013E-01  9.96897E-01      -3.39910E-01  1.00000E+00
  6.92080E-01  8.50045E-01  9.29183E-01  9.75680E-01  9.97358E-01      -3.36230E-01  1.00000E+00
  7.42400E-01  8.83395E-01  9.47153E-01  9.82128E-01  9.98140E-01      -4.03080E-01  1.00000E+00


    1.   1.01    6.  12.01  1.00E+02  7.00E+01  6.35E-01  4.43E-01     5   0.00

  3.10180E+01  6.19790E+01  7.76670E+01  8.74150E+01  9.34180E+01       8.73120E-03  9.73800E+01

  4.72270E-01  6.60425E-01  7.81325E-01  8.78675E-01  9.62545E-01       8.07590E-03  1.00000E+00
  3.57110E-01  5.48885E-01  6.89245E-01  8.14460E-01  9.38040E-01       1.29510E-03  1.00000E+00
  2.94500E-01  4.67345E-01  6.09670E-01  7.53560E-01  9.13345E-01       8.11980E-04  9.99990E-01
  2.14150E-01  3.44365E-01  4.57240E-01  5.81060E-01  7.32870E-01       1.43860E-03  9.93680E-01
  1.14877E-01  1.94090E-01  2.61780E-01  3.35390E-01  4.35510E-01       3.93420E-04  8.09150E-01

 -9.51345E-01 -5.82345E-01  5.63433E-03  5.85945E-01  9.51710E-01      -1.00000E+00  1.00000E+00
 -9.50538E-01 -5.92985E-01 -3.59547E-03  5.87453E-01  9.49855E-01      -1.00000E+00  1.00000E+00
 -9.51453E-01 -5.88207E-01  4.42945E-03  5.96672E-01  9.51592E-01      -1.00000E+00  1.00000E+00
 -9.50610E-01 -5.83110E-01  9.45242E-03  5.96372E-01  9.51595E-01      -1.00000E+00  1.00000E+00
 -9.50372E-01 -5.91885E-01  2.07825E-04  5.84695E-01  9.49552E-01      -1.00000E+00  1.00000E+00
 -9.56370E-01 -5.93398E-01  4.41493E-02  6.35300E-01  9.58242E-01      -1.00000E+00  1.00000E+00
 -9.42893E-01 -5.09115E-01  1.28741E-01  6.67385E-01  9.61635E-01      -1.00000E+00  1.00000E+00
 -9.40820E-01 -4.86180E-01  1.52385E-01  6.83912E-01  9.63873E-01      -1.00000E+00  1.00000E+00
 -9.33915E-01 -4.72775E-01  1.46497E-01  6.79570E-01  9.63465E-01      -1.00000E+00  1.00000E+00
 -9.40503E-01 -5.13155E-01  1.06428E-01  6.50210E-01  9.61125E-01      -1.00000E+00  1.00000E+00
 -2.92390E-01  1.59506E-01  5.80458E-01  8.57647E-01  9.84847E-01      -9.99960E-01  1.00000E+00
 -2.42804E-01  2.55069E-01  6.44470E-01  8.79207E-01  9.87025E-01      -9.99980E-01  1.00000E+00
 -2.53008E-01  2.41229E-01  6.35475E-01  8.74030E-01  9.86545E-01      -1.00000E+00  1.00000E+00
 -3.26533E-01  1.42618E-01  5.67368E-01  8.49382E-01  9.83258E-01      -1.00000E+00  1.00000E+00
 -4.44837E-01  4.93500E-03  4.22983E-01  7.82185E-01  9.75780E-01      -1.00000E+00  1.00000E+00
  4.37233E-01  6.86810E-01  8.60402E-01  9.54920E-01  9.95110E-01      -4.54910E-01  1.00000E+00
  4.81183E-01  7.18250E-01  8.73433E-01  9.58087E-01  9.95658E-01      -4.26290E-01  1.00000E+00
  5.15370E-01  7.20780E-01  8.69993E-01  9.56670E-01  9.95285E-01      -5.02690E-01  1.00000E+00
  5.65850E-01  7.48065E-01  8.67748E-01  9.54730E-01  9.95103E-01      -4.89760E-01  1.00000E+00
  6.87300E-01  8.42535E-01  9.23635E-01  9.72278E-01  9.96995E-01      -3.95350E-01  1.00000E+00
  8.34105E-01  9.24500E-01  9.68590E-01  9.89868E-01  9.98905E-01       3.67120E-01  1.00000E+00
  8.44243E-01  9.26737E-01  9.68908E-01  9.89928E-01  9.98910E-01       3.21640E-01  1.00000E+00
  8.54270E-01  9.29073E-01  9.67902E-01  9.89575E-01  9.98908E-01       4.07550E-01  1.00000E+00
  8.71752E-01  9.37833E-01  9.70777E-01  9.89927E-01  9.98905E-01       4.55840E-01  1.00000E+00
  9.04775E-01  9.57045E-01  9.80523E-01  9.93440E-01  9.99305E-01       4.57260E-01  1.00000E+00


    1.   1.01    6.  12.01  1.00E+02  8.00E+01  8.24E-01  6.90E-01     5   0.00

  5.62850E+01  8.49530E+01  9.18830E+01  9.48960E+01  9.70670E+01       1.59260E-02  9.82780E+01

  3.73745E-01  5.64480E-01  7.01820E-01  8.22785E-01  9.38970E-01       4.87460E-03  1.00000E+00
  2.17050E-01  3.66035E-01  5.04320E-01  6.64805E-01  8.52205E-01       1.18060E-03  1.00000E+00
  1.39470E-01  2.37400E-01  3.28515E-01  4.40785E-01  5.98315E-01       9.69200E-04  8.89090E-01
  1.01485E-01  1.78385E-01  2.45740E-01  3.24305E-01  4.26730E-01       4.16570E-04  6.81650E-01
  6.17925E-02  1.11343E-01  1.51105E-01  1.92165E-01  2.45370E-01       2.75580E-04  4.44310E-01

 -9.48075E-01 -5.99545E-01 -5.08450E-02  5.63735E-01  9.50398E-01      -1.00000E+00  1.00000E+00
 -9.37705E-01 -5.37737E-01  7.60287E-02  6.46132E-01  9.59122E-01      -1.00000E+00  1.00000E+00
 -9.35085E-01 -5.24297E-01  1.00368E-01  6.48075E-01  9.60240E-01      -1.00000E+00  1.00000E+00
 -9.38412E-01 -5.44843E-01  7.99917E-02  6.42273E-01  9.58607E-01      -1.00000E+00  1.00000E+00
 -9.48132E-01 -5.68180E-01  5.36112E-02  6.26860E-01  9.57232E-01      -1.00000E+00  1.00000E+00
  1.59339E-01  4.70812E-01  7.31973E-01  9.08505E-01  9.90372E-01      -9.04330E-01  1.00000E+00
  1.80610E-01  5.09143E-01  7.71027E-01  9.23837E-01  9.92005E-01      -8.72960E-01  1.00000E+00
  1.81838E-01  4.91160E-01  7.49430E-01  9.16160E-01  9.90658E-01      -9.46840E-01  1.00000E+00
  1.71340E-01  4.83010E-01  7.05040E-01  8.97710E-01  9.89155E-01      -9.10860E-01  1.00000E+00
  6.70050E-02  4.64762E-01  7.12720E-01  8.85543E-01  9.86838E-01      -1.00000E+00  1.00000E+00
  7.42030E-01  8.99707E-01  9.60562E-01  9.87852E-01  9.98763E-01       1.08290E-01  1.00000E+00
  7.33475E-01  8.87725E-01  9.54792E-01  9.85875E-01  9.98452E-01       1.18260E-01  1.00000E+00
  7.36250E-01  8.73688E-01  9.46395E-01  9.82768E-01  9.98220E-01       1.96590E-01  1.00000E+00
  7.59270E-01  8.61920E-01  9.36267E-01  9.78832E-01  9.97758E-01       2.78000E-01  1.00000E+00
  8.45897E-01  9.16488E-01  9.57215E-01  9.84520E-01  9.98333E-01       3.01490E-01  1.00000E+00
  8.82078E-01  9.58725E-01  9.84100E-01  9.95060E-01  9.99483E-01       5.78910E-01  1.00000E+00
  8.77565E-01  9.52450E-01  9.81293E-01  9.93963E-01  9.99372E-01       6.12020E-01  1.00000E+00
  8.80412E-01  9.43920E-01  9.77143E-01  9.92820E-01  9.99220E-01       5.78610E-01  1.00000E+00
  8.97253E-01  9.44135E-01  9.73950E-01  9.91352E-01  9.99085E-01       6.75860E-01  1.00000E+00
  9.36558E-01  9.68625E-01  9.84890E-01  9.94627E-01  9.99410E-01       7.14500E-01  1.00000E+00
  9.55763E-01  9.81835E-01  9.92770E-01  9.97700E-01  9.99765E-01       8.37690E-01  1.00000E+00
  9.58015E-01  9.79727E-01  9.91245E-01  9.97147E-01  9.99710E-01       8.30680E-01  1.00000E+00
  9.62442E-01  9.81555E-01  9.91390E-01  9.97055E-01  9.99685E-01       8.54340E-01  1.00000E+00
  9.68895E-01  9.85200E-01  9.93070E-01  9.97610E-01  9.99740E-01       8.78170E-01  1.00000E+00
  9.78407E-01  9.90395E-01  9.95702E-01  9.98550E-01  9.99835E-01       8.93530E-01  1.00000E+00


    1.   1.01    6.  12.01  1.00E+02  8.50E+01  9.25E-01  8.39E-01     5   0.00

  7.97480E+01  9.25960E+01  9.54740E+01  9.70280E+01  9.79600E+01       1.54270E-02  9.86780E+01

  2.51255E-01  4.29555E-01  5.82905E-01  7.41460E-01  9.02545E-01       7.30780E-04  1.00000E+00
  1.23640E-01  2.18045E-01  3.09350E-01  4.29655E-01  6.02840E-01       2.22300E-04  9.02240E-01
  8.99955E-02  1.64470E-01  2.33000E-01  3.15995E-01  4.32110E-01       2.18940E-04  6.56000E-01
  7.28365E-02  1.34210E-01  1.85915E-01  2.40035E-01  3.00830E-01       4.34870E-04  4.65160E-01
  4.68695E-02  8.16650E-02  1.08887E-01  1.36555E-01  1.73710E-01       1.77010E-04  2.77950E-01

 -3.31418E-01  3.73300E-02  3.73396E-01  7.31690E-01  9.70310E-01      -1.00000E+00  1.00000E+00
 -3.33870E-01  5.73000E-02  4.43226E-01  7.91932E-01  9.76812E-01      -1.00000E+00  1.00000E+00
 -3.45358E-01  2.63300E-02  4.09014E-01  7.78525E-01  9.74953E-01      -1.00000E+00  1.00000E+00
 -3.56832E-01  4.99250E-03  3.64282E-01  7.46150E-01  9.70738E-01      -1.00000E+00  1.00000E+00
 -3.91270E-01 -1.16750E-02  3.65215E-01  7.42378E-01  9.68952E-01      -1.00000E+00  1.00000E+00
  7.86340E-01  9.24525E-01  9.71555E-01  9.91187E-01  9.99100E-01       1.22930E-01  1.00000E+00
  7.65213E-01  9.08972E-01  9.64545E-01  9.88955E-01  9.98857E-01       1.47830E-01  1.00000E+00
  7.51722E-01  8.87657E-01  9.54225E-01  9.85798E-01  9.98522E-01       2.61910E-01  1.00000E+00
  7.65097E-01  8.68140E-01  9.39192E-01  9.79698E-01  9.97895E-01       1.62290E-01  1.00000E+00
  8.45777E-01  9.16687E-01  9.57327E-01  9.84532E-01  9.98315E-01       3.27960E-01  1.00000E+00
  9.16473E-01  9.72688E-01  9.89403E-01  9.96650E-01  9.99652E-01       6.45700E-01  1.00000E+00
  8.99632E-01  9.64875E-01  9.86237E-01  9.95762E-01  9.99550E-01       6.46720E-01  1.00000E+00
  8.91665E-01  9.55682E-01  9.82260E-01  9.94470E-01  9.99430E-01       6.54530E-01  1.00000E+00
  9.01478E-01  9.47265E-01  9.77140E-01  9.92657E-01  9.99228E-01       6.94970E-01  1.00000E+00
  9.41675E-01  9.69013E-01  9.84270E-01  9.94277E-01  9.99380E-01       7.64030E-01  1.00000E+00
  9.50858E-01  9.83362E-01  9.93553E-01  9.97962E-01  9.99780E-01       8.37440E-01  1.00000E+00
  9.47213E-01  9.78220E-01  9.91165E-01  9.97235E-01  9.99707E-01       8.53020E-01  1.00000E+00
  9.52043E-01  9.76008E-01  9.89702E-01  9.96703E-01  9.99660E-01       8.63440E-01  1.00000E+00
  9.61667E-01  9.78210E-01  9.89187E-01  9.96240E-01  9.99580E-01       8.80270E-01  1.00000E+00
  9.78708E-01  9.89602E-01  9.94968E-01  9.98235E-01  9.99807E-01       9.08360E-01  1.00000E+00
  9.79685E-01  9.91305E-01  9.96398E-01  9.98840E-01  9.99880E-01       9.35270E-01  1.00000E+00
  9.81577E-01  9.91857E-01  9.96410E-01  9.98820E-01  9.99875E-01       9.42640E-01  1.00000E+00
  9.84042E-01  9.92868E-01  9.96897E-01  9.98950E-01  9.99888E-01       9.48290E-01  1.00000E+00
  9.86282E-01  9.93620E-01  9.97065E-01  9.99013E-01  9.99892E-01       9.56730E-01  1.00000E+00
  9.90760E-01  9.95847E-01  9.98147E-01  9.99375E-01  9.99930E-01       9.66720E-01  1.00000E+00


    1.   1.01    6.  12.01  2.00E+02  0.00E+00  2.35E-01  9.84E-02     5   0.00

  2.46190E+01  5.87230E+01  8.57650E+01  1.11070E+02  1.39010E+02       3.65240E-02  1.70050E+02

  4.94285E-01  6.79845E-01  7.97180E-01  8.88255E-01  9.65415E-01       8.66220E-03  1.00000E+00
  4.32010E-01  6.36740E-01  7.68045E-01  8.71440E-01  9.59530E-01       5.63550E-03  1.00000E+00
  4.26610E-01  6.30170E-01  7.63515E-01  8.69200E-01  9.59265E-01       4.17640E-03  9.99990E-01
  4.13655E-01  6.15725E-01  7.51620E-01  8.60750E-01  9.56355E-01       4.63560E-03  1.00000E+00
  3.19765E-01  4.97865E-01  6.31190E-01  7.56790E-01  8.95600E-01       6.21270E-03  1.00000E+00

 -9.50215E-01 -5.81575E-01  1.01588E-02  5.84642E-01  9.53407E-01      -1.00000E+00  1.00000E+00
 -9.52058E-01 -5.92163E-01 -1.17466E-02  5.84010E-01  9.52955E-01      -1.00000E+00  1.00000E+00
 -9.45982E-01 -5.62685E-01  1.87590E-02  5.99248E-01  9.52678E-01      -1.00000E+00  1.00000E+00
 -9.53178E-01 -5.82353E-01  6.58575E-03  5.96272E-01  9.54745E-01      -1.00000E+00  1.00000E+00
 -9.50555E-01 -5.78020E-01  1.63812E-02  5.90495E-01  9.53012E-01      -1.00000E+00  1.00000E+00
 -9.46980E-01 -5.81508E-01 -4.99250E-04  5.84655E-01  9.49758E-01      -1.00000E+00  1.00000E+00
 -9.52617E-01 -5.82642E-01  6.16800E-03  5.98463E-01  9.52383E-01      -1.00000E+00  1.00000E+00
 -9.51330E-01 -5.85673E-01 -5.89780E-03  5.77445E-01  9.51272E-01      -1.00000E+00  1.00000E+00
 -9.52642E-01 -5.92858E-01  2.13093E-03  5.79172E-01  9.49898E-01      -1.00000E+00  1.00000E+00
 -9.46348E-01 -5.71560E-01  1.14063E-02  5.97428E-01  9.51002E-01      -1.00000E+00  1.00000E+00
 -9.51260E-01 -5.85867E-01 -1.26694E-02  5.74145E-01  9.49928E-01      -1.00000E+00  1.00000E+00
 -9.51063E-01 -5.88583E-01 -1.07146E-02  5.79065E-01  9.46757E-01      -1.00000E+00  1.00000E+00
 -9.53018E-01 -5.90475E-01 -4.15130E-03  5.81335E-01  9.49170E-01      -1.00000E+00  1.00000E+00
 -9.50930E-01 -5.90120E-01 -4.78820E-03  5.81260E-01  9.48268E-01      -1.00000E+00  1.00000E+00
 -9.48140E-01 -5.79565E-01  8.97757E-03  5.93442E-01  9.50932E-01      -1.00000E+00  1.00000E+00
 -9.53210E-01 -5.86612E-01  1.26269E-02  5.89243E-01  9.50860E-01      -1.00000E+00  1.00000E+00
 -9.51425E-01 -5.93210E-01 -8.61805E-03  5.85095E-01  9.49868E-01      -1.00000E+00  1.00000E+00
 -9.52495E-01 -5.76677E-01  4.38472E-03  5.91595E-01  9.48735E-01      -1.00000E+00  1.00000E+00
 -9.49407E-01 -5.94370E-01 -2.20702E-02  5.82492E-01  9.50232E-01      -1.00000E+00  1.00000E+00
 -9.51650E-01 -5.87605E-01 -8.18323E-03  5.84977E-01  9.53450E-01      -1.00000E+00  1.00000E+00
 -9.52040E-01 -5.95607E-01 -1.31101E-02  5.88990E-01  9.47477E-01      -1.00000E+00  1.00000E+00
 -9.51103E-01 -5.99102E-01 -6.56965E-03  5.78327E-01  9.50710E-01      -1.00000E+00  1.00000E+00
 -9.50688E-01 -5.93598E-01  9.21595E-03  5.91905E-01  9.50802E-01      -1.00000E+00  1.00000E+00
 -9.53895E-01 -5.99633E-01 -2.30063E-02  5.72085E-01  9.48802E-01      -1.00000E+00  1.00000E+00
 -9.52900E-01 -5.67727E-01  2.24579E-02  6.01700E-01  9.51383E-01      -1.00000E+00  1.00000E+00


    1.   1.01    6.  12.01  2.00E+02  3.00E+01  2.86E-01  1.29E-01     5   0.00

  2.77770E+01  6.47860E+01  9.34150E+01  1.19380E+02  1.46600E+02       1.90100E-02  1.81040E+02

  4.87620E-01  6.75405E-01  7.93955E-01  8.86445E-01  9.65010E-01       1.80810E-02  1.00000E+00
  4.25975E-01  6.29975E-01  7.64380E-01  8.70105E-01  9.59850E-01       9.16570E-03  1.00000E+00
  4.17655E-01  6.20470E-01  7.55665E-01  8.63750E-01  9.57435E-01       1.14820E-02  1.00000E+00
  3.97135E-01  5.95935E-01  7.33650E-01  8.46395E-01  9.51015E-01       2.29830E-03  9.99990E-01
  2.93565E-01  4.61775E-01  5.92715E-01  7.21210E-01  8.69245E-01       4.65650E-03  9.99990E-01

 -9.51280E-01 -5.88775E-01 -3.20005E-04  5.91170E-01  9.49333E-01      -1.00000E+00  1.00000E+00
 -9.52107E-01 -5.91483E-01 -8.83585E-03  5.81688E-01  9.51773E-01      -1.00000E+00  1.00000E+00
 -9.50287E-01 -5.91295E-01 -8.70400E-03  5.80640E-01  9.50177E-01      -1.00000E+00  1.00000E+00
 -9.48953E-01 -5.86215E-01  4.42294E-03  5.97932E-01  9.51622E-01      -1.00000E+00  1.00000E+00
 -9.51315E-01 -5.84867E-01  6.68560E-03  5.88165E-01  9.49923E-01      -1.00000E+00  1.00000E+00
 -9.52170E-01 -5.76118E-01  1.41012E-02  5.91830E-01  9.52457E-01      -1.00000E+00  1.00000E+00
 -9.51562E-01 -5.77240E-01  1.62457E-02  6.05343E-01  9.51542E-01      -1.00000E+00  1.00000E+00
 -9.51020E-01 -5.82647E-01  9.76590E-03  5.92162E-01  9.51682E-01      -1.00000E+00  1.00000E+00
 -9.51355E-01 -5.91002E-01 -1.80395E-03  5.84865E-01  9.49978E-01      -1.00000E+00  1.00000E+00
 -9.44613E-01 -5.73338E-01  1.78234E-02  5.97607E-01  9.53755E-01      -1.00000E+00  1.00000E+00
 -9.41525E-01 -5.28902E-01  8.73450E-02  6.42490E-01  9.57620E-01      -1.00000E+00  1.00000E+00
 -9.40110E-01 -5.18575E-01  8.95345E-02  6.43170E-01  9.59078E-01      -1.00000E+00  1.00000E+00
 -9.42052E-01 -5.42558E-01  6.39057E-02  6.27835E-01  9.57650E-01      -1.00000E+00  1.00000E+00
 -9.43195E-01 -5.62052E-01  5.38752E-02  6.15847E-01  9.54510E-01      -1.00000E+00  1.00000E+00
 -9.48910E-01 -5.59185E-01  2.76148E-02  6.04950E-01  9.51955E-01      -1.00000E+00  1.00000E+00
 -9.14462E-01 -3.80530E-01  2.45967E-01  7.28002E-01  9.70112E-01      -1.00000E+00  1.00000E+00
 -9.17620E-01 -3.97435E-01  2.33940E-01  7.09195E-01  9.68427E-01      -1.00000E+00  1.00000E+00
 -9.22305E-01 -4.17343E-01  2.19110E-01  6.93920E-01  9.67135E-01      -1.00000E+00  1.00000E+00
 -9.32100E-01 -4.55173E-01  1.76131E-01  6.84675E-01  9.65762E-01      -1.00000E+00  1.00000E+00
 -9.41263E-01 -5.17135E-01  9.23620E-02  6.45582E-01  9.59325E-01      -1.00000E+00  1.00000E+00
 -6.05695E-01  9.71900E-02  5.74060E-01  8.56380E-01  9.84115E-01      -1.00000E+00  1.00000E+00
 -5.03865E-01  1.48633E-01  6.09243E-01  8.67253E-01  9.85637E-01      -1.00000E+00  1.00000E+00
 -4.50433E-01  1.70623E-01  6.01605E-01  8.63617E-01  9.85190E-01      -1.00000E+00  1.00000E+00
 -4.13311E-01  1.67100E-01  5.90520E-01  8.51005E-01  9.83765E-01      -1.00000E+00  1.00000E+00
 -4.00021E-01  1.37480E-01  5.52225E-01  8.36867E-01  9.81130E-01      -1.00000E+00  1.00000E+00


    1.   1.01    6.  12.01  2.00E+02  4.50E+01  3.57E-01  1.78E-01     5   0.00

  3.24570E+01  7.35830E+01  1.04170E+02  1.30680E+02  1.57560E+02       3.05760E-02  1.87540E+02

  4.76500E-01  6.67590E-01  7.87830E-01  8.83075E-01  9.64240E-01       1.87740E-03  9.99990E-01
  4.20800E-01  6.22235E-01  7.56735E-01  8.64690E-01  9.58050E-01       5.56040E-03  1.00000E+00
  3.98205E-01  6.00135E-01  7.38155E-01  8.51585E-01  9.52590E-01       7.50060E-03  1.00000E+00
  3.68230E-01  5.58725E-01  6.95630E-01  8.18520E-01  9.38460E-01       1.02770E-02  9.99990E-01
  2.53410E-01  4.06455E-01  5.31135E-01  6.58075E-01  8.16825E-01       1.94710E-03  9.99960E-01

 -9.52368E-01 -5.88507E-01 -3.23885E-03  5.89510E-01  9.50060E-01      -1.00000E+00  1.00000E+00
 -9.54413E-01 -5.93530E-01  5.82705E-03  5.81813E-01  9.50145E-01      -1.00000E+00  1.00000E+00
 -9.52380E-01 -5.91465E-01 -3.39573E-03  5.81873E-01  9.51647E-01      -1.00000E+00  1.00000E+00
 -9.53862E-01 -5.87440E-01  1.56662E-02  5.94848E-01  9.50980E-01      -1.00000E+00  1.00000E+00
 -9.49130E-01 -5.72955E-01  9.20910E-03  5.90577E-01  9.52770E-01      -1.00000E+00  1.00000E+00
 -9.46198E-01 -5.65142E-01  2.64450E-02  6.13775E-01  9.55660E-01      -1.00000E+00  1.00000E+00
 -9.49155E-01 -5.66403E-01  2.20593E-02  6.07300E-01  9.54240E-01      -1.00000E+00  1.00000E+00
 -9.47123E-01 -5.71763E-01  2.00168E-02  6.01058E-01  9.50587E-01      -1.00000E+00  1.00000E+00
 -9.52165E-01 -5.79595E-01  1.68884E-02  5.86023E-01  9.51207E-01      -1.00000E+00  1.00000E+00
 -9.51725E-01 -5.93405E-01  2.71703E-03  5.98040E-01  9.52908E-01      -1.00000E+00  1.00000E+00
 -9.33612E-01 -4.45808E-01  1.79047E-01  6.95357E-01  9.65210E-01      -1.00000E+00  1.00000E+00
 -9.30333E-01 -4.55610E-01  1.74305E-01  6.81290E-01  9.64307E-01      -1.00000E+00  1.00000E+00
 -9.31688E-01 -4.75960E-01  1.41664E-01  6.76140E-01  9.63870E-01      -1.00000E+00  1.00000E+00
 -9.33880E-01 -4.96697E-01  1.30158E-01  6.58922E-01  9.60222E-01      -1.00000E+00  1.00000E+00
 -9.43902E-01 -5.29450E-01  7.89075E-02  6.40978E-01  9.57543E-01      -1.00000E+00  1.00000E+00
 -8.56265E-01 -1.65117E-01  4.35060E-01  8.09787E-01  9.79750E-01      -1.00000E+00  1.00000E+00
 -8.61712E-01 -1.58568E-01  4.31990E-01  8.01963E-01  9.77458E-01      -1.00000E+00  1.00000E+00
 -8.58980E-01 -2.14106E-01  3.90420E-01  7.85772E-01  9.77657E-01      -1.00000E+00  1.00000E+00
 -8.76015E-01 -2.75250E-01  3.44650E-01  7.68212E-01  9.74023E-01      -1.00000E+00  1.00000E+00
 -9.19140E-01 -4.12733E-01  2.12998E-01  7.12465E-01  9.67157E-01      -1.00000E+00  1.00000E+00
 -2.92825E-02  4.76390E-01  7.69540E-01  9.25315E-01  9.91565E-01      -1.00000E+00  1.00000E+00
  5.24175E-02  5.37600E-01  7.94805E-01  9.30470E-01  9.92502E-01      -9.99980E-01  1.00000E+00
  9.34150E-02  5.47397E-01  7.98080E-01  9.32432E-01  9.92563E-01      -1.00000E+00  1.00000E+00
  1.06760E-01  5.46987E-01  7.89578E-01  9.27480E-01  9.92270E-01      -9.97410E-01  1.00000E+00
  1.97950E-02  5.01750E-01  7.68737E-01  9.20283E-01  9.91502E-01      -1.00000E+00  1.00000E+00


    1.   1.01    6.  12.01  2.00E+02  6.00E+01  4.67E-01  2.68E-01     5   0.00

  4.22220E+01  9.01220E+01  1.23360E+02  1.48630E+02  1.72710E+02       1.33070E-02  1.92920E+02

  4.60325E-01  6.54540E-01  7.79640E-01  8.78275E-01  9.62110E-01       5.20330E-03  1.00000E+00
  4.02040E-01  6.02925E-01  7.39455E-01  8.52620E-01  9.52645E-01       7.17770E-03  9.99990E-01
  3.57615E-01  5.47215E-01  6.86760E-01  8.13325E-01  9.37200E-01       8.10660E-03  1.00000E+00
  3.05565E-01  4.75610E-01  6.13340E-01  7.51820E-01  9.08775E-01       6.59700E-03  1.00000E+00
  1.95955E-01  3.13900E-01  4.15925E-01  5.28280E-01  6.83745E-01       1.22530E-03  9.99930E-01

 -9.51585E-01 -5.89015E-01 -1.02236E-02  5.80627E-01  9.51972E-01      -1.00000E+00  1.00000E+00
 -9.48415E-01 -5.73330E-01  1.16833E-02  5.94178E-01  9.51910E-01      -1.00000E+00  1.00000E+00
 -9.50923E-01 -5.91565E-01 -6.16002E-03  5.89095E-01  9.51113E-01      -1.00000E+00  1.00000E+00
 -9.49868E-01 -5.87283E-01  1.78409E-02  5.97550E-01  9.52840E-01      -1.00000E+00  1.00000E+00
 -9.51025E-01 -5.83305E-01  6.33125E-03  5.93002E-01  9.50670E-01      -1.00000E+00  1.00000E+00
 -9.39787E-01 -5.21138E-01  9.58337E-02  6.47390E-01  9.60155E-01      -1.00000E+00  1.00000E+00
 -9.38130E-01 -5.08845E-01  1.03510E-01  6.48965E-01  9.60880E-01      -1.00000E+00  1.00000E+00
 -9.40682E-01 -5.22475E-01  8.98220E-02  6.42010E-01  9.57045E-01      -1.00000E+00  1.00000E+00
 -9.42365E-01 -5.33465E-01  7.08488E-02  6.30698E-01  9.55668E-01      -1.00000E+00  1.00000E+00
 -9.46925E-01 -5.64300E-01  4.12287E-02  6.12575E-01  9.56712E-01      -1.00000E+00  1.00000E+00
 -8.81748E-01 -2.16512E-01  3.91325E-01  7.86963E-01  9.76762E-01      -1.00000E+00  1.00000E+00
 -8.72767E-01 -2.16150E-01  3.87387E-01  7.83778E-01  9.77290E-01      -1.00000E+00  1.00000E+00
 -8.81393E-01 -2.48675E-01  3.58720E-01  7.72742E-01  9.76655E-01      -1.00000E+00  1.00000E+00
 -8.94940E-01 -3.16875E-01  3.06060E-01  7.50710E-01  9.71320E-01      -1.00000E+00  1.00000E+00
 -9.24218E-01 -4.40815E-01  1.96137E-01  6.94592E-01  9.64590E-01      -1.00000E+00  1.00000E+00
 -3.99034E-01  2.83063E-01  6.85083E-01  8.97985E-01  9.88773E-01      -1.00000E+00  1.00000E+00
 -3.17686E-01  3.51082E-01  7.10795E-01  9.02722E-01  9.90098E-01      -1.00000E+00  1.00000E+00
 -3.21131E-01  3.21935E-01  6.97050E-01  8.98683E-01  9.89200E-01      -1.00000E+00  1.00000E+00
 -3.81258E-01  2.31263E-01  6.47335E-01  8.80552E-01  9.87622E-01      -1.00000E+00  1.00000E+00
 -5.83228E-01  5.81000E-03  4.94800E-01  8.21832E-01  9.80262E-01      -1.00000E+00  1.00000E+00
  4.99718E-01  7.70085E-01  9.05133E-01  9.69880E-01  9.96783E-01      -6.29690E-01  1.00000E+00
  5.31902E-01  7.86515E-01  9.08340E-01  9.70122E-01  9.96970E-01      -5.42820E-01  1.00000E+00
  5.41315E-01  7.84890E-01  9.06278E-01  9.69570E-01  9.96670E-01      -8.06530E-01  1.00000E+00
  5.65808E-01  7.94107E-01  9.06058E-01  9.68143E-01  9.96605E-01      -6.90870E-01  1.00000E+00
  6.10413E-01  8.21140E-01  9.18295E-01  9.71955E-01  9.96950E-01      -9.99790E-01  1.00000E+00


    1.   1.01    6.  12.01  2.00E+02  7.00E+01  5.76E-01  3.78E-01     5   0.00

  5.42370E+01  1.10600E+02  1.44210E+02  1.67020E+02  1.84540E+02       4.99750E-02  1.95260E+02

  4.43005E-01  6.41195E-01  7.68970E-01  8.71980E-01  9.59860E-01       5.77800E-03  1.00000E+00
  3.64580E-01  5.56395E-01  6.97435E-01  8.22450E-01  9.40430E-01       5.68950E-03  1.00000E+00
  2.97550E-01  4.66755E-01  6.06010E-01  7.48235E-01  9.09190E-01       4.83240E-03  1.00000E+00
  2.34570E-01  3.66760E-01  4.84690E-01  6.21140E-01  8.07220E-01       1.29300E-03  1.00000E+00
  1.30394E-01  2.13835E-01  2.89540E-01  3.77015E-01  5.05225E-01       1.79880E-03  9.15620E-01

 -9.50180E-01 -5.76890E-01  9.78882E-03  5.98152E-01  9.53873E-01      -1.00000E+00  1.00000E+00
 -9.48902E-01 -5.77358E-01  1.59605E-02  5.90888E-01  9.52705E-01      -1.00000E+00  1.00000E+00
 -9.47525E-01 -5.71518E-01  1.46923E-02  5.94220E-01  9.51628E-01      -1.00000E+00  1.00000E+00
 -9.50565E-01 -5.83110E-01  1.81381E-02  6.01240E-01  9.52465E-01      -1.00000E+00  1.00000E+00
 -9.49852E-01 -5.82973E-01  1.17313E-02  5.96910E-01  9.51475E-01      -1.00000E+00  1.00000E+00
 -9.20117E-01 -4.01310E-01  2.38907E-01  7.27407E-01  9.70445E-01      -1.00000E+00  1.00000E+00
 -9.17835E-01 -3.82165E-01  2.53575E-01  7.25950E-01  9.69250E-01      -1.00000E+00  1.00000E+00
 -9.16560E-01 -3.98280E-01  2.33417E-01  7.15248E-01  9.68655E-01      -1.00000E+00  1.00000E+00
 -9.26470E-01 -4.37660E-01  2.03632E-01  7.02348E-01  9.67370E-01      -1.00000E+00  1.00000E+00
 -9.36787E-01 -5.01982E-01  1.20278E-01  6.58560E-01  9.59178E-01      -1.00000E+00  1.00000E+00
 -5.68245E-01  1.53533E-01  6.24940E-01  8.77115E-01  9.86815E-01      -1.00000E+00  1.00000E+00
 -5.06968E-01  2.12020E-01  6.46968E-01  8.82500E-01  9.87623E-01      -1.00000E+00  1.00000E+00
 -5.39767E-01  1.66959E-01  6.22305E-01  8.72540E-01  9.85958E-01      -1.00000E+00  1.00000E+00
 -6.23285E-01  7.78735E-02  5.69817E-01  8.53465E-01  9.84478E-01      -1.00000E+00  1.00000E+00
 -8.34908E-01 -2.21324E-01  3.74607E-01  7.78143E-01  9.75028E-01      -1.00000E+00  1.00000E+00
  2.71936E-01  6.79427E-01  8.68945E-01  9.58370E-01  9.95733E-01      -9.10370E-01  1.00000E+00
  3.23730E-01  7.03958E-01  8.76312E-01  9.60677E-01  9.95983E-01      -8.51890E-01  1.00000E+00
  3.32112E-01  6.90103E-01  8.65743E-01  9.56660E-01  9.95267E-01      -8.14900E-01  1.00000E+00
  3.32665E-01  6.57110E-01  8.47355E-01  9.50010E-01  9.94440E-01      -7.54420E-01  1.00000E+00
  3.52931E-01  6.52690E-01  8.31682E-01  9.40823E-01  9.93810E-01      -9.99980E-01  1.00000E+00
  7.80412E-01  9.09560E-01  9.63445E-01  9.88315E-01  9.98855E-01       6.25850E-02  1.00000E+00
  7.89138E-01  9.09423E-01  9.63363E-01  9.88158E-01  9.98737E-01       4.13890E-02  1.00000E+00
  7.94507E-01  9.05783E-01  9.58673E-01  9.86860E-01  9.98595E-01       6.95700E-02  1.00000E+00
  8.06192E-01  9.08785E-01  9.57965E-01  9.85785E-01  9.98478E-01       2.90360E-02  1.00000E+00
  8.47765E-01  9.30660E-01  9.69013E-01  9.89805E-01  9.98902E-01       2.82980E-01  1.00000E+00


    1.   1.01    6.  12.01  2.00E+02  8.00E+01  7.65E-01  6.16E-01     5   0.00

  9.29400E+01  1.58850E+02  1.80720E+02  1.88620E+02  1.94050E+02       2.53530E-02  1.97210E+02

  3.83300E-01  5.78220E-01  7.15385E-01  8.34285E-01  9.45340E-01       2.80840E-03  1.00000E+00
  2.33810E-01  3.79955E-01  5.14025E-01  6.68670E-01  8.72895E-01       1.64410E-03  1.00000E+00
  1.43930E-01  2.35795E-01  3.28220E-01  4.52565E-01  6.51680E-01       1.45750E-03  9.76320E-01
  9.87350E-02  1.64030E-01  2.26905E-01  3.09070E-01  4.46800E-01       3.01550E-04  7.57800E-01
  5.87960E-02  1.03984E-01  1.44100E-01  1.92080E-01  2.62405E-01       3.35010E-04  5.10200E-01

 -9.42350E-01 -5.00102E-01  1.40713E-01  6.76638E-01  9.63043E-01      -1.00000E+00  1.00000E+00
 -9.33202E-01 -4.54952E-01  1.64185E-01  6.75995E-01  9.62642E-01      -1.00000E+00  1.00000E+00
 -9.30843E-01 -4.65275E-01  1.54745E-01  6.71292E-01  9.61535E-01      -1.00000E+00  1.00000E+00
 -9.34975E-01 -4.80685E-01  1.40653E-01  6.60902E-01  9.60343E-01      -1.00000E+00  1.00000E+00
 -9.42875E-01 -5.34332E-01  7.67114E-02  6.30755E-01  9.57585E-01      -1.00000E+00  1.00000E+00
 -1.96090E-01  3.46456E-01  7.23960E-01  9.13208E-01  9.91075E-01      -1.00000E+00  1.00000E+00
 -1.23503E-01  4.57380E-01  7.72147E-01  9.28037E-01  9.92615E-01      -1.00000E+00  1.00000E+00
 -1.67302E-01  4.02977E-01  7.43090E-01  9.17058E-01  9.91465E-01      -1.00000E+00  1.00000E+00
 -2.47855E-01  2.82357E-01  6.76835E-01  8.95262E-01  9.89112E-01      -1.00000E+00  1.00000E+00
 -3.81922E-01  8.10275E-02  5.08785E-01  8.26025E-01  9.82100E-01      -1.00000E+00  1.00000E+00
  6.73635E-01  8.79270E-01  9.54645E-01  9.86227E-01  9.98578E-01      -2.20630E-01  1.00000E+00
  6.72673E-01  8.73422E-01  9.51143E-01  9.84915E-01  9.98445E-01      -1.32380E-01  1.00000E+00
  6.55525E-01  8.52127E-01  9.41287E-01  9.81570E-01  9.98137E-01      -1.45200E-01  1.00000E+00
  6.53067E-01  8.19483E-01  9.21498E-01  9.74633E-01  9.97243E-01      -1.09410E-01  1.00000E+00
  7.37677E-01  8.56043E-01  9.28262E-01  9.75010E-01  9.97232E-01      -1.29900E-01  1.00000E+00
  8.96005E-01  9.68133E-01  9.88197E-01  9.96415E-01  9.99630E-01       4.60870E-01  1.00000E+00
  8.86328E-01  9.62232E-01  9.85383E-01  9.95432E-01  9.99525E-01       4.84900E-01  1.00000E+00
  8.70383E-01  9.53195E-01  9.81600E-01  9.94190E-01  9.99380E-01       5.23200E-01  1.00000E+00
  8.64942E-01  9.40035E-01  9.75023E-01  9.92042E-01  9.99180E-01       5.03860E-01  1.00000E+00
  9.04633E-01  9.51427E-01  9.77120E-01  9.92328E-01  9.99145E-01       5.74830E-01  1.00000E+00
  9.60513E-01  9.86650E-01  9.94857E-01  9.98368E-01  9.99823E-01       7.64280E-01  1.00000E+00
  9.56105E-01  9.83410E-01  9.93623E-01  9.97988E-01  9.99795E-01       7.91470E-01  1.00000E+00
  9.55637E-01  9.81475E-01  9.92572E-01  9.97625E-01  9.99750E-01       7.84030E-01  1.00000E+00
  9.58000E-01  9.80490E-01  9.91183E-01  9.97092E-01  9.99690E-01       8.09550E-01  1.00000E+00
  9.69602E-01  9.86385E-01  9.93935E-01  9.97963E-01  9.99772E-01       8.39640E-01  1.00000E+00


    1.   1.01    6.  12.01  2.00E+02  8.50E+01  9.14E-01  8.34E-01     5   0.00

  1.59940E+02  1.87050E+02  1.92050E+02  1.94860E+02  1.96410E+02       4.54500E-02  1.97970E+02

  2.25035E-01  3.81715E-01  5.25015E-01  6.84345E-01  8.72710E-01       6.43540E-04  9.99990E-01
  9.16550E-02  1.58050E-01  2.25205E-01  3.26365E-01  5.19270E-01       3.11840E-04  8.76420E-01
  6.65160E-02  1.20785E-01  1.72945E-01  2.44885E-01  3.73790E-01       2.76820E-04  6.29690E-01
  5.57580E-02  1.01095E-01  1.40495E-01  1.87700E-01  2.60245E-01       1.82530E-04  4.37700E-01
  3.48365E-02  6.17000E-02  8.52200E-02  1.12613E-01  1.55550E-01       3.00120E-05  2.67830E-01

 -2.22490E-01  2.33345E-01  6.01618E-01  8.71177E-01  9.87190E-01      -1.00000E+00  1.00000E+00
 -2.34003E-01  2.32135E-01  6.31228E-01  8.81227E-01  9.87625E-01      -1.00000E+00  1.00000E+00
 -2.63145E-01  1.70832E-01  5.78357E-01  8.56452E-01  9.84595E-01      -1.00000E+00  1.00000E+00
 -3.06688E-01  9.22950E-02  4.83122E-01  8.10590E-01  9.80270E-01      -1.00000E+00  1.00000E+00
 -3.68565E-01  3.92325E-02  4.31484E-01  7.81665E-01  9.75307E-01      -1.00000E+00  1.00000E+00
  8.91665E-01  9.70525E-01  9.89395E-01  9.96787E-01  9.99665E-01       2.27230E-01  1.00000E+00
  8.68248E-01  9.60318E-01  9.85385E-01  9.95555E-01  9.99553E-01       3.74920E-01  1.00000E+00
  8.36305E-01  9.45770E-01  9.79740E-01  9.93855E-01  9.99395E-01       2.88210E-01  1.00000E+00
  8.04542E-01  9.16680E-01  9.66440E-01  9.89378E-01  9.98912E-01       3.37350E-01  1.00000E+00
  8.48390E-01  9.19018E-01  9.62012E-01  9.87070E-01  9.98598E-01       4.69220E-01  1.00000E+00
  9.62762E-01  9.88955E-01  9.95722E-01  9.98675E-01  9.99860E-01       6.80690E-01  1.00000E+00
  9.47698E-01  9.84435E-01  9.94050E-01  9.98150E-01  9.99812E-01       7.06900E-01  1.00000E+00
  9.32660E-01  9.78675E-01  9.91880E-01  9.97475E-01  9.99737E-01       7.07990E-01  1.00000E+00
  9.18210E-01  9.67413E-01  9.87090E-01  9.95952E-01  9.99585E-01       7.31570E-01  1.00000E+00
  9.39810E-01  9.68630E-01  9.85743E-01  9.95330E-01  9.99518E-01       7.64160E-01  1.00000E+00
  9.77090E-01  9.92850E-01  9.97227E-01  9.99135E-01  9.99912E-01       8.70210E-01  1.00000E+00
  9.71078E-01  9.90162E-01  9.96137E-01  9.98808E-01  9.99875E-01       8.63260E-01  1.00000E+00
  9.67888E-01  9.88093E-01  9.95210E-01  9.98478E-01  9.99840E-01       8.70410E-01  1.00000E+00
  9.66683E-01  9.85675E-01  9.93980E-01  9.98045E-01  9.99802E-01       8.79170E-01  1.00000E+00
  9.77488E-01  9.89032E-01  9.95017E-01  9.98328E-01  9.99825E-01       9.11780E-01  1.00000E+00
  9.89612E-01  9.96320E-01  9.98500E-01  9.99518E-01  9.99947E-01       9.44840E-01  1.00000E+00
  9.89248E-01  9.96240E-01  9.98488E-01  9.99518E-01  9.99947E-01       9.48730E-01  1.00000E+00
  9.88435E-01  9.95502E-01  9.98168E-01  9.99413E-01  9.99940E-01       9.51870E-01  1.00000E+00
  9.88200E-01  9.95465E-01  9.98097E-01  9.99378E-01  9.99935E-01       9.56630E-01  1.00000E+00
  9.90062E-01  9.95707E-01  9.98130E-01  9.99383E-01  9.99935E-01       9.66250E-01  1.00000E+00


    1.   1.01    6.  12.01  5.00E+02  0.00E+00  1.66E-01  6.21E-02     5   0.00

  5.28740E+01  1.22840E+02  1.83830E+02  2.48120E+02  3.29030E+02       4.38780E-02  4.27110E+02

  4.55600E-01  6.54640E-01  7.81010E-01  8.79875E-01  9.63340E-01       5.86820E-03  1.00000E+00
  4.23195E-01  6.30320E-01  7.65045E-01  8.72875E-01  9.60445E-01       3.79490E-03  9.99990E-01
  4.18110E-01  6.26925E-01  7.63445E-01  8.69720E-01  9.60105E-01       1.14460E-02  1.00000E+00
  3.99865E-01  6.08785E-01  7.43720E-01  8.54740E-01  9.52720E-01       2.44080E-02  1.00000E+00
  3.06345E-01  4.87340E-01  6.26560E-01  7.57825E-01  9.06870E-01       1.00900E-02  1.00000E+00

 -9.51705E-01 -5.90645E-01 -5.75852E-03  5.85473E-01  9.50370E-01      -1.00000E+00  1.00000E+00
 -9.47293E-01 -5.78663E-01  7.25255E-03  5.87595E-01  9.50105E-01      -1.00000E+00  1.00000E+00
 -9.52232E-01 -5.93035E-01  3.10188E-03  5.88002E-01  9.49182E-01      -1.00000E+00  9.99980E-01
 -9.48458E-01 -5.92187E-01 -8.85084E-03  5.76053E-01  9.47970E-01      -1.00000E+00  1.00000E+00
 -9.49873E-01 -5.85075E-01  1.30681E-02  5.94892E-01  9.52790E-01      -1.00000E+00  1.00000E+00
 -9.48612E-01 -5.75070E-01  1.40119E-02  5.99530E-01  9.52527E-01      -1.00000E+00  1.00000E+00
 -9.49830E-01 -5.80087E-01  1.02100E-02  5.94180E-01  9.46082E-01      -1.00000E+00  1.00000E+00
 -9.52998E-01 -5.96938E-01 -2.14140E-03  5.92605E-01  9.49065E-01      -1.00000E+00  1.00000E+00
 -9.50965E-01 -6.03285E-01 -2.68445E-02  5.80087E-01  9.48593E-01      -1.00000E+00  1.00000E+00
 -9.50778E-01 -5.89845E-01  1.16218E-02  5.79735E-01  9.50562E-01      -1.00000E+00  1.00000E+00
 -9.47145E-01 -5.84700E-01 -1.89595E-02  5.86477E-01  9.51788E-01      -1.00000E+00  1.00000E+00
 -9.47032E-01 -5.68730E-01  2.29275E-02  5.93025E-01  9.54257E-01      -1.00000E+00  1.00000E+00
 -9.48120E-01 -5.81652E-01 -1.77751E-02  5.78697E-01  9.45987E-01      -1.00000E+00  1.00000E+00
 -9.52020E-01 -5.86185E-01  8.09779E-03  5.97845E-01  9.53348E-01      -1.00000E+00  1.00000E+00
 -9.50005E-01 -5.91222E-01  6.03333E-03  5.89125E-01  9.49570E-01      -1.00000E+00  1.00000E+00
 -9.54812E-01 -5.94602E-01 -3.97565E-03  5.67342E-01  9.46412E-01      -1.00000E+00  1.00000E+00
 -9.47850E-01 -5.77013E-01  8.67647E-03  5.79175E-01  9.50605E-01      -1.00000E+00  1.00000E+00
 -9.53770E-01 -6.04215E-01 -1.44900E-03  6.00797E-01  9.53065E-01      -1.00000E+00  1.00000E+00
 -9.49320E-01 -5.86577E-01 -1.22208E-02  5.79300E-01  9.48413E-01      -1.00000E+00  9.99990E-01
 -9.49550E-01 -5.84900E-01 -1.47362E-02  5.78753E-01  9.55550E-01      -1.00000E+00  1.00000E+00
 -9.49910E-01 -5.72740E-01  3.50760E-03  5.90805E-01  9.51252E-01      -1.00000E+00  1.00000E+00
 -9.46287E-01 -5.84537E-01 -3.21560E-03  5.71522E-01  9.50615E-01      -1.00000E+00  1.00000E+00
 -9.45810E-01 -5.71200E-01  2.23534E-02  5.86690E-01  9.49075E-01      -1.00000E+00  1.00000E+00
 -9.45493E-01 -5.78070E-01 -6.11425E-03  5.82693E-01  9.49298E-01      -1.00000E+00  1.00000E+00
 -9.48150E-01 -5.88865E-01 -2.72750E-04  5.73867E-01  9.48205E-01      -1.00000E+00  1.00000E+00


    1.   1.01    6.  12.01  5.00E+02  3.00E+01  2.13E-01  8.66E-02     5   0.00

  5.89620E+01  1.35450E+02  2.01260E+02  2.68200E+02  3.48250E+02       4.18340E-02  4.58290E+02

  4.49910E-01  6.49895E-01  7.76565E-01  8.76930E-01  9.61955E-01       2.22540E-02  9.99990E-01
  4.19215E-01  6.25715E-01  7.61170E-01  8.68955E-01  9.59525E-01       1.38680E-03  1.00000E+00
  4.05140E-01  6.15095E-01  7.53425E-01  8.60615E-01  9.56755E-01       1.24520E-02  9.99990E-01
  3.81590E-01  5.83030E-01  7.19925E-01  8.39155E-01  9.47335E-01       3.49640E-02  1.00000E+00
  2.85215E-01  4.56695E-01  5.92460E-01  7.27075E-01  8.83425E-01       9.07420E-03  9.99990E-01

 -9.49985E-01 -5.92400E-01  9.63925E-03  6.00087E-01  9.52105E-01      -1.00000E+00  1.00000E+00
 -9.52587E-01 -5.78495E-01  4.03775E-03  5.80735E-01  9.51395E-01      -1.00000E+00  1.00000E+00
 -9.47680E-01 -5.85570E-01 -5.76114E-03  5.85600E-01  9.49790E-01      -1.00000E+00  1.00000E+00
 -9.51638E-01 -5.99228E-01 -1.10552E-02  5.84357E-01  9.51495E-01      -1.00000E+00  1.00000E+00
 -9.51298E-01 -5.92425E-01  1.04890E-02  5.97725E-01  9.50863E-01      -1.00000E+00  1.00000E+00
 -9.49460E-01 -5.62765E-01  4.89792E-02  6.26297E-01  9.56618E-01      -1.00000E+00  1.00000E+00
 -9.48845E-01 -5.59658E-01  2.72590E-02  5.99330E-01  9.51863E-01      -1.00000E+00  1.00000E+00
 -9.51105E-01 -5.75175E-01  1.67875E-02  6.05895E-01  9.54670E-01      -1.00000E+00  9.99990E-01
 -9.50365E-01 -5.75495E-01  2.34521E-02  5.99847E-01  9.53712E-01      -1.00000E+00  1.00000E+00
 -9.53925E-01 -5.77767E-01  9.63545E-03  5.95850E-01  9.51403E-01      -1.00000E+00  1.00000E+00
 -9.31072E-01 -4.71500E-01  1.56307E-01  6.78505E-01  9.62268E-01      -1.00000E+00  1.00000E+00
 -9.33820E-01 -4.68015E-01  1.61183E-01  6.73335E-01  9.62955E-01      -1.00000E+00  1.00000E+00
 -9.38575E-01 -4.97465E-01  1.17316E-01  6.57285E-01  9.63592E-01      -1.00000E+00  1.00000E+00
 -9.39625E-01 -5.22602E-01  9.51550E-02  6.28022E-01  9.58685E-01      -1.00000E+00  1.00000E+00
 -9.41222E-01 -5.42530E-01  5.69007E-02  6.23992E-01  9.56017E-01      -1.00000E+00  1.00000E+00
 -8.87602E-01 -2.60155E-01  3.65370E-01  7.79038E-01  9.76082E-01      -1.00000E+00  1.00000E+00
 -8.81657E-01 -2.51648E-01  3.68595E-01  7.79298E-01  9.74647E-01      -1.00000E+00  1.00000E+00
 -9.03195E-01 -3.33263E-01  3.11275E-01  7.52000E-01  9.73360E-01      -1.00000E+00  1.00000E+00
 -9.13650E-01 -3.64935E-01  2.66340E-01  7.37692E-01  9.71160E-01      -1.00000E+00  1.00000E+00
 -9.34980E-01 -4.93215E-01  1.35354E-01  6.76550E-01  9.63827E-01      -1.00000E+00  1.00000E+00
 -5.99347E-01  2.01414E-01  6.47155E-01  8.84510E-01  9.86577E-01      -1.00000E+00  1.00000E+00
 -5.67308E-01  1.94464E-01  6.30935E-01  8.74493E-01  9.86797E-01      -1.00000E+00  1.00000E+00
 -5.59545E-01  1.59344E-01  6.13918E-01  8.68973E-01  9.86107E-01      -1.00000E+00  1.00000E+00
 -5.73958E-01  1.38567E-01  5.99433E-01  8.61967E-01  9.84988E-01      -1.00000E+00  1.00000E+00
 -6.74943E-01 -2.05450E-02  4.87513E-01  8.16215E-01  9.79745E-01      -1.00000E+00  1.00000E+00


    1.   1.01    6.  12.01  5.00E+02  4.50E+01  2.82E-01  1.27E-01     5   0.00

  6.81760E+01  1.54920E+02  2.26630E+02  2.95600E+02  3.73510E+02       8.15460E-02  4.71950E+02

  4.45065E-01  6.46255E-01  7.76255E-01  8.77285E-01  9.62070E-01       1.69150E-03  1.00000E+00
  4.08125E-01  6.16160E-01  7.53355E-01  8.63570E-01  9.57430E-01       2.05540E-02  1.00000E+00
  3.85635E-01  5.90965E-01  7.30175E-01  8.46680E-01  9.50740E-01       2.32420E-02  9.99980E-01
  3.49895E-01  5.42165E-01  6.82905E-01  8.09020E-01  9.34185E-01       1.78330E-02  1.00000E+00
  2.52365E-01  4.07180E-01  5.35155E-01  6.69560E-01  8.40145E-01       7.16240E-03  9.99990E-01

 -9.49950E-01 -5.91585E-01  4.88900E-03  5.88017E-01  9.50350E-01      -1.00000E+00  1.00000E+00
 -9.51170E-01 -5.76210E-01  3.24692E-02  6.12525E-01  9.54120E-01      -1.00000E+00  1.00000E+00
 -9.50542E-01 -5.95727E-01  5.62398E-03  5.99398E-01  9.53330E-01      -1.00000E+00  1.00000E+00
 -9.48665E-01 -5.88013E-01  1.27828E-02  5.99025E-01  9.52905E-01      -1.00000E+00  1.00000E+00
 -9.51310E-01 -5.92540E-01  1.62143E-02  5.86568E-01  9.46975E-01      -1.00000E+00  1.00000E+00
 -9.38752E-01 -5.13355E-01  1.05986E-01  6.41525E-01  9.59105E-01      -1.00000E+00  1.00000E+00
 -9.44273E-01 -5.37033E-01  6.53743E-02  6.24832E-01  9.57297E-01      -1.00000E+00  1.00000E+00
 -9.42800E-01 -5.40575E-01  8.04710E-02  6.37920E-01  9.56067E-01      -1.00000E+00  1.00000E+00
 -9.42540E-01 -5.41755E-01  6.10363E-02  6.35123E-01  9.57510E-01      -1.00000E+00  1.00000E+00
 -9.47010E-01 -5.66530E-01  2.76920E-02  6.10537E-01  9.53235E-01      -1.00000E+00  1.00000E+00
 -8.95562E-01 -2.84293E-01  3.32263E-01  7.55915E-01  9.72537E-01      -1.00000E+00  1.00000E+00
 -9.07720E-01 -3.38250E-01  2.87667E-01  7.40847E-01  9.70083E-01      -1.00000E+00  1.00000E+00
 -9.12292E-01 -3.73195E-01  2.65937E-01  7.34952E-01  9.69350E-01      -1.00000E+00  1.00000E+00
 -9.22453E-01 -4.16250E-01  2.22795E-01  7.05805E-01  9.67590E-01      -1.00000E+00  1.00000E+00
 -9.36797E-01 -4.88170E-01  1.24981E-01  6.62515E-01  9.59753E-01      -1.00000E+00  1.00000E+00
 -7.57525E-01  4.92392E-02  5.71632E-01  8.55640E-01  9.84705E-01      -1.00000E+00  1.00000E+00
 -7.77807E-01  1.38555E-02  5.38935E-01  8.45780E-01  9.83308E-01      -1.00000E+00  1.00000E+00
 -8.13010E-01 -4.06735E-02  5.10642E-01  8.35620E-01  9.81588E-01      -1.00000E+00  1.00000E+00
 -8.44278E-01 -1.35846E-01  4.55590E-01  8.14442E-01  9.79302E-01      -1.00000E+00  1.00000E+00
 -9.01147E-01 -3.29800E-01  3.08707E-01  7.49643E-01  9.72858E-01      -1.00000E+00  1.00000E+00
 -1.30870E-01  5.22262E-01  8.00303E-01  9.35795E-01  9.93287E-01      -1.00000E+00  1.00000E+00
 -8.10425E-02  5.26593E-01  7.94710E-01  9.33975E-01  9.93275E-01      -1.00000E+00  1.00000E+00
 -1.10615E-01  5.09628E-01  7.84917E-01  9.30867E-01  9.93053E-01      -1.00000E+00  1.00000E+00
 -1.26418E-01  4.67465E-01  7.65590E-01  9.22190E-01  9.91650E-01      -9.99990E-01  1.00000E+00
 -2.64003E-01  3.05710E-01  6.69857E-01  8.84970E-01  9.87610E-01      -1.00000E+00  1.00000E+00


    1.   1.01    6.  12.01  5.00E+02  6.00E+01  3.94E-01  2.05E-01     5   0.00

  8.66110E+01  1.91330E+02  2.72110E+02  3.41740E+02  4.12360E+02       7.46040E-02  4.82550E+02

  4.33980E-01  6.36400E-01  7.67530E-01  8.71110E-01  9.60020E-01       6.67470E-03  1.00000E+00
  3.87580E-01  5.92995E-01  7.34285E-01  8.49205E-01  9.52575E-01       2.21250E-03  1.00000E+00
  3.43320E-01  5.34760E-01  6.76405E-01  8.03865E-01  9.32745E-01       8.25320E-03  9.99990E-01
  2.92000E-01  4.61460E-01  5.97925E-01  7.37090E-01  9.00530E-01       1.39500E-02  1.00000E+00
  1.99330E-01  3.21880E-01  4.31745E-01  5.54635E-01  7.36710E-01       3.22450E-03  9.99990E-01

 -9.45797E-01 -5.66952E-01  2.28981E-02  6.08135E-01  9.53348E-01      -1.00000E+00  1.00000E+00
 -9.48615E-01 -5.81055E-01  1.45509E-02  5.93745E-01  9.53147E-01      -1.00000E+00  1.00000E+00
 -9.46702E-01 -5.77743E-01  1.31846E-02  5.94302E-01  9.49960E-01      -1.00000E+00  1.00000E+00
 -9.48597E-01 -5.89558E-01 -2.61957E-03  5.76693E-01  9.48375E-01      -1.00000E+00  1.00000E+00
 -9.49135E-01 -5.68072E-01  1.30810E-02  5.96845E-01  9.51942E-01      -1.00000E+00  1.00000E+00
 -9.14583E-01 -3.98968E-01  2.26000E-01  7.17795E-01  9.68252E-01      -1.00000E+00  1.00000E+00
 -9.20405E-01 -4.13977E-01  2.17835E-01  7.07507E-01  9.66108E-01      -1.00000E+00  1.00000E+00
 -9.26448E-01 -4.29012E-01  1.93595E-01  6.94720E-01  9.66455E-01      -1.00000E+00  1.00000E+00
 -9.31138E-01 -4.68080E-01  1.52700E-01  6.79840E-01  9.63625E-01      -1.00000E+00  1.00000E+00
 -9.41582E-01 -5.23215E-01  7.95257E-02  6.38770E-01  9.59878E-01      -1.00000E+00  1.00000E+00
 -7.75840E-01  2.92143E-02  5.55053E-01  8.52728E-01  9.84542E-01      -1.00000E+00  1.00000E+00
 -7.78258E-01 -8.13000E-03  5.39050E-01  8.45165E-01  9.82910E-01      -1.00000E+00  1.00000E+00
 -8.03923E-01 -4.32570E-02  5.05807E-01  8.29250E-01  9.81728E-01      -1.00000E+00  1.00000E+00
 -8.53530E-01 -1.73747E-01  4.18665E-01  7.97765E-01  9.77385E-01      -1.00000E+00  1.00000E+00
 -9.00950E-01 -3.53612E-01  2.79927E-01  7.35435E-01  9.70730E-01      -1.00000E+00  1.00000E+00
 -3.73240E-01  4.40650E-01  7.65780E-01  9.24177E-01  9.92167E-01      -1.00000E+00  1.00000E+00
 -3.52705E-01  4.28797E-01  7.61992E-01  9.22737E-01  9.91613E-01      -1.00000E+00  1.00000E+00
 -4.16538E-01  3.70447E-01  7.35435E-01  9.14373E-01  9.91193E-01      -1.00000E+00  1.00000E+00
 -5.31975E-01  2.64010E-01  6.76575E-01  8.91400E-01  9.88173E-01      -1.00000E+00  1.00000E+00
 -7.96798E-01 -8.16600E-02  4.86027E-01  8.22898E-01  9.80535E-01      -1.00000E+00  1.00000E+00
  4.50255E-01  7.94342E-01  9.17705E-01  9.72580E-01  9.97173E-01      -8.73960E-01  1.00000E+00
  4.59300E-01  7.87545E-01  9.11980E-01  9.72165E-01  9.97080E-01      -9.33650E-01  1.00000E+00
  4.39423E-01  7.66382E-01  9.01482E-01  9.68447E-01  9.96708E-01      -8.40540E-01  1.00000E+00
  4.27700E-01  7.45918E-01  8.93055E-01  9.64830E-01  9.96137E-01      -9.91320E-01  1.00000E+00
  3.46882E-01  6.93565E-01  8.60355E-01  9.53292E-01  9.94642E-01      -9.99900E-01  1.00000E+00


    1.   1.01    6.  12.01  5.00E+02  7.00E+01  5.02E-01  3.00E-01     5   0.00

  1.09820E+02  2.35730E+02  3.22740E+02  3.87420E+02  4.45260E+02       2.51320E-02  4.89690E+02

  4.19970E-01  6.24735E-01  7.59020E-01  8.66975E-01  9.58630E-01       1.12890E-02  1.00000E+00
  3.51150E-01  5.46895E-01  6.90295E-01  8.16455E-01  9.38455E-01       2.64370E-03  1.00000E+00
  2.83620E-01  4.51840E-01  5.89865E-01  7.30640E-01  8.97520E-01       3.03920E-03  1.00000E+00
  2.27685E-01  3.63570E-01  4.85185E-01  6.27215E-01  8.32325E-01       4.45660E-03  9.99980E-01
  1.45350E-01  2.35300E-01  3.20265E-01  4.24885E-01  5.93820E-01       1.39460E-03  9.98120E-01

 -9.45908E-01 -5.51028E-01  6.39943E-02  6.28210E-01  9.58880E-01      -1.00000E+00  1.00000E+00
 -9.44090E-01 -5.59473E-01  5.04833E-02  6.21088E-01  9.56377E-01      -1.00000E+00  1.00000E+00
 -9.48210E-01 -5.60567E-01  4.91512E-02  6.17578E-01  9.55720E-01      -1.00000E+00  1.00000E+00
 -9.48330E-01 -5.63482E-01  3.76293E-02  6.13540E-01  9.55542E-01      -1.00000E+00  1.00000E+00
 -9.50325E-01 -5.86583E-01  4.98542E-03  5.92715E-01  9.53453E-01      -1.00000E+00  1.00000E+00
 -8.49913E-01 -1.58415E-01  4.29933E-01  8.01858E-01  9.77700E-01      -1.00000E+00  1.00000E+00
 -8.57538E-01 -1.93436E-01  3.98353E-01  7.89127E-01  9.76912E-01      -1.00000E+00  1.00000E+00
 -8.78540E-01 -2.35226E-01  3.70095E-01  7.81220E-01  9.75032E-01      -1.00000E+00  1.00000E+00
 -8.91180E-01 -3.05155E-01  3.05620E-01  7.44860E-01  9.72465E-01      -1.00000E+00  1.00000E+00
 -9.27140E-01 -4.42865E-01  1.81730E-01  6.95623E-01  9.65355E-01      -1.00000E+00  1.00000E+00
 -5.02935E-01  3.76280E-01  7.39075E-01  9.16595E-01  9.91330E-01      -1.00000E+00  1.00000E+00
 -5.05127E-01  3.45002E-01  7.27237E-01  9.12640E-01  9.90575E-01      -1.00000E+00  1.00000E+00
 -5.46540E-01  2.97388E-01  7.01467E-01  9.02722E-01  9.89692E-01      -1.00000E+00  1.00000E+00
 -6.66802E-01  1.75909E-01  6.34415E-01  8.79735E-01  9.87572E-01      -1.00000E+00  1.00000E+00
 -8.45655E-01 -1.45572E-01  4.46600E-01  8.08190E-01  9.79193E-01      -1.00000E+00  1.00000E+00
  2.31001E-01  7.28655E-01  8.93595E-01  9.66185E-01  9.96387E-01      -9.83120E-01  1.00000E+00
  2.47708E-01  7.25347E-01  8.87102E-01  9.64155E-01  9.96265E-01      -9.93650E-01  1.00000E+00
  2.03115E-01  6.89995E-01  8.74095E-01  9.59603E-01  9.95750E-01      -9.75680E-01  1.00000E+00
  8.85188E-02  6.17445E-01  8.41348E-01  9.48955E-01  9.94683E-01      -9.99960E-01  1.00000E+00
 -2.22660E-01  3.59388E-01  7.10923E-01  9.04373E-01  9.89537E-01      -1.00000E+00  1.00000E+00
  7.28145E-01  9.07822E-01  9.63987E-01  9.88450E-01  9.98745E-01      -3.87340E-01  1.00000E+00
  7.28630E-01  9.01120E-01  9.60873E-01  9.87455E-01  9.98655E-01      -2.94240E-01  1.00000E+00
  7.09647E-01  8.87820E-01  9.54570E-01  9.85500E-01  9.98408E-01      -4.39440E-01  1.00000E+00
  6.94377E-01  8.73050E-01  9.46178E-01  9.82615E-01  9.98147E-01      -3.53550E-01  1.00000E+00
  7.09335E-01  8.67145E-01  9.40528E-01  9.80005E-01  9.97875E-01      -3.46880E-01  1.00000E+00


    1.   1.01    6.  12.01  5.00E+02  8.00E+01  6.72E-01  4.95E-01     5   0.00

  1.71640E+02  3.36060E+02  4.13890E+02  4.55780E+02  4.80010E+02       1.64550E-02  4.94530E+02

  3.85520E-01  5.85140E-01  7.24620E-01  8.42000E-01  9.48665E-01       6.66420E-03  1.00000E+00
  2.49800E-01  4.03520E-01  5.39230E-01  6.87045E-01  8.74370E-01       3.93810E-03  9.99990E-01
  1.71235E-01  2.73870E-01  3.78085E-01  5.16765E-01  7.56405E-01       2.63440E-03  9.99990E-01
  1.17325E-01  1.85080E-01  2.56615E-01  3.57195E-01  5.50265E-01       1.03190E-03  9.61310E-01
  6.64760E-02  1.10178E-01  1.54210E-01  2.14835E-01  3.27505E-01       4.83580E-04  7.08720E-01

 -9.10828E-01 -3.83758E-01  2.30473E-01  7.11913E-01  9.66645E-01      -1.00000E+00  1.00000E+00
 -9.17888E-01 -4.16768E-01  1.95964E-01  6.93123E-01  9.64668E-01      -1.00000E+00  1.00000E+00
 -9.20872E-01 -4.34072E-01  1.81088E-01  6.86753E-01  9.64387E-01      -1.00000E+00  1.00000E+00
 -9.28793E-01 -4.62100E-01  1.45066E-01  6.70288E-01  9.61930E-01      -1.00000E+00  1.00000E+00
 -9.42017E-01 -5.31105E-01  7.95736E-02  6.38903E-01  9.57610E-01      -1.00000E+00  1.00000E+00
 -4.43390E-01  4.28882E-01  7.75877E-01  9.28783E-01  9.92420E-01      -1.00000E+00  1.00000E+00
 -3.71265E-01  4.28280E-01  7.68687E-01  9.23860E-01  9.92113E-01      -1.00000E+00  1.00000E+00
 -4.68463E-01  3.65280E-01  7.34102E-01  9.14445E-01  9.90860E-01      -1.00000E+00  1.00000E+00
 -6.06640E-01  2.35505E-01  6.70985E-01  8.93652E-01  9.88875E-01      -1.00000E+00  1.00000E+00
 -8.33097E-01 -1.01137E-01  4.75493E-01  8.21893E-01  9.81065E-01      -1.00000E+00  1.00000E+00
  5.02475E-01  8.46005E-01  9.42142E-01  9.81932E-01  9.98120E-01      -7.70940E-01  1.00000E+00
  5.18293E-01  8.38800E-01  9.36950E-01  9.80475E-01  9.98002E-01      -8.73530E-01  1.00000E+00
  4.62595E-01  8.08215E-01  9.24405E-01  9.76155E-01  9.97557E-01      -9.53500E-01  1.00000E+00
  3.43045E-01  7.42903E-01  8.96075E-01  9.67110E-01  9.96415E-01      -8.98740E-01  1.00000E+00
  1.26033E-01  5.54412E-01  7.95702E-01  9.34112E-01  9.92840E-01      -1.00000E+00  1.00000E+00
  8.27295E-01  9.51065E-01  9.82222E-01  9.94530E-01  9.99443E-01      -4.49060E-02  1.00000E+00
  8.22558E-01  9.44645E-01  9.79195E-01  9.93635E-01  9.99313E-01      -4.29680E-02  1.00000E+00
  7.91612E-01  9.29810E-01  9.73145E-01  9.91620E-01  9.99105E-01       3.28250E-02  1.00000E+00
  7.48465E-01  9.04883E-01  9.62287E-01  9.88213E-01  9.98755E-01      -3.83580E-02  1.00000E+00
  7.62403E-01  8.85968E-01  9.49843E-01  9.83385E-01  9.98097E-01      -2.21110E-02  1.00000E+00
  9.54882E-01  9.86610E-01  9.95003E-01  9.98465E-01  9.99845E-01       6.21470E-01  1.00000E+00
  9.44847E-01  9.82505E-01  9.93355E-01  9.97950E-01  9.99788E-01       5.61360E-01  1.00000E+00
  9.33728E-01  9.77435E-01  9.91177E-01  9.97248E-01  9.99718E-01       6.16490E-01  1.00000E+00
  9.22387E-01  9.70090E-01  9.87998E-01  9.96172E-01  9.99600E-01       5.46060E-01  1.00000E+00
  9.31412E-01  9.69158E-01  9.86530E-01  9.95542E-01  9.99517E-01       6.31470E-01  1.00000E+00


    1.   1.01    6.  12.01  5.00E+02  8.50E+01  8.57E-01  7.55E-01     5   0.00

  3.29890E+02  4.58160E+02  4.75850E+02  4.85240E+02  4.91160E+02       1.21280E-01  4.96210E+02

  2.56805E-01  4.15900E-01  5.53390E-01  6.99815E-01  8.84250E-01       4.23750E-03  1.00000E+00
  9.12825E-02  1.48705E-01  2.13345E-01  3.18835E-01  5.54015E-01       7.79030E-05  9.84830E-01
  6.09955E-02  9.85570E-02  1.36340E-01  1.94865E-01  3.41910E-01       5.56450E-04  7.42480E-01
  4.77560E-02  8.13030E-02  1.13650E-01  1.61355E-01  2.66575E-01       2.68560E-04  5.29840E-01
  3.00325E-02  5.30800E-02  7.45990E-02  1.03490E-01  1.59970E-01       3.39690E-04  3.30080E-01

 -4.17222E-01  2.80562E-01  6.93483E-01  9.01972E-01  9.89765E-01      -1.00000E+00  1.00000E+00
 -3.87456E-01  2.45775E-01  6.52230E-01  8.85125E-01  9.88095E-01      -1.00000E+00  1.00000E+00
 -4.45377E-01  1.75233E-01  6.03065E-01  8.65378E-01  9.85797E-01      -1.00000E+00  1.00000E+00
 -5.62343E-01  5.02700E-02  5.21020E-01  8.34467E-01  9.82102E-01      -1.00000E+00  1.00000E+00
 -7.97432E-01 -1.89835E-01  3.49564E-01  7.59443E-01  9.73195E-01      -1.00000E+00  1.00000E+00
  8.44403E-01  9.63148E-01  9.87515E-01  9.96340E-01  9.99628E-01      -1.41030E-01  1.00000E+00
  8.31717E-01  9.54115E-01  9.83672E-01  9.95047E-01  9.99500E-01      -1.68120E-01  1.00000E+00
  7.87850E-01  9.36185E-01  9.76610E-01  9.92797E-01  9.99232E-01      -2.65210E-01  1.00000E+00
  7.18145E-01  8.94750E-01  9.59915E-01  9.87577E-01  9.98660E-01      -3.37280E-01  1.00000E+00
  6.94568E-01  8.48453E-01  9.32513E-01  9.78035E-01  9.97665E-01      -1.33500E-01  1.00000E+00
  9.73202E-01  9.92803E-01  9.97355E-01  9.99190E-01  9.99917E-01       6.60610E-01  1.00000E+00
  9.63325E-01  9.89845E-01  9.96252E-01  9.98847E-01  9.99880E-01       6.58480E-01  1.00000E+00
  9.51055E-01  9.86030E-01  9.94757E-01  9.98403E-01  9.99842E-01       5.64650E-01  1.00000E+00
  9.22190E-01  9.76655E-01  9.91295E-01  9.97383E-01  9.99722E-01       5.87440E-01  1.00000E+00
  8.99390E-01  9.58278E-01  9.82553E-01  9.94473E-01  9.99415E-01       6.39980E-01  1.00000E+00
  9.85718E-01  9.95880E-01  9.98438E-01  9.99513E-01  9.99950E-01       8.20490E-01  1.00000E+00
  9.79375E-01  9.94032E-01  9.97763E-01  9.99300E-01  9.99928E-01       8.08970E-01  1.00000E+00
  9.71928E-01  9.91640E-01  9.96830E-01  9.99032E-01  9.99903E-01       8.27440E-01  1.00000E+00
  9.59565E-01  9.86812E-01  9.94980E-01  9.98457E-01  9.99837E-01       8.06000E-01  1.00000E+00
  9.56067E-01  9.80785E-01  9.91918E-01  9.97367E-01  9.99715E-01       7.97120E-01  1.00000E+00
  9.93833E-01  9.97977E-01  9.99197E-01  9.99752E-01  9.99975E-01       9.11030E-01  1.00000E+00
  9.92225E-01  9.97462E-01  9.98995E-01  9.99680E-01  9.99968E-01       9.21190E-01  1.00000E+00
  9.90290E-01  9.96765E-01  9.98718E-01  9.99595E-01  9.99955E-01       9.29060E-01  1.00000E+00
  9.86525E-01  9.95290E-01  9.98107E-01  9.99413E-01  9.99940E-01       9.21470E-01  1.00000E+00
  9.85372E-01  9.93960E-01  9.97433E-01  9.99162E-01  9.99915E-01       9.34300E-01  1.00000E+00


    1.   1.01    6.  12.01  1.00E+03  0.00E+00  1.09E-01  3.67E-02     5   0.00

  8.56480E+01  2.03200E+02  3.13880E+02  4.41010E+02  6.23320E+02       2.22990E-02  8.79470E+02

  4.38205E-01  6.42360E-01  7.72845E-01  8.74965E-01  9.61605E-01       7.45970E-03  9.99980E-01
  4.16470E-01  6.27135E-01  7.63505E-01  8.70220E-01  9.59745E-01       3.66330E-02  1.00000E+00
  4.15205E-01  6.27210E-01  7.63865E-01  8.69720E-01  9.58315E-01       2.67710E-02  9.99990E-01
  3.89550E-01  5.98940E-01  7.38860E-01  8.51235E-01  9.51420E-01       2.73920E-02  9.99990E-01
  2.94205E-01  4.77490E-01  6.18705E-01  7.55385E-01  9.07675E-01       2.93170E-02  9.99990E-01

 -9.43532E-01 -5.78523E-01  3.04272E-03  5.82900E-01  9.43568E-01      -1.00000E+00  9.99990E-01
 -9.55590E-01 -5.92588E-01 -2.20516E-02  5.67702E-01  9.49180E-01      -1.00000E+00  1.00000E+00
 -9.48495E-01 -5.84537E-01 -3.24975E-03  5.75780E-01  9.49380E-01      -1.00000E+00  1.00000E+00
 -9.52525E-01 -6.06060E-01 -7.99715E-03  5.85863E-01  9.44275E-01      -1.00000E+00  1.00000E+00
 -9.52902E-01 -5.98595E-01 -5.95875E-03  5.99245E-01  9.55627E-01      -1.00000E+00  1.00000E+00
 -9.54902E-01 -5.95430E-01 -2.07817E-02  5.88202E-01  9.53688E-01      -1.00000E+00  1.00000E+00
 -9.52382E-01 -6.00190E-01  3.54700E-04  5.66277E-01  9.47925E-01      -1.00000E+00  1.00000E+00
 -9.51610E-01 -5.97995E-01 -1.77668E-02  5.78812E-01  9.51932E-01      -1.00000E+00  1.00000E+00
 -9.51122E-01 -5.90427E-01  3.11250E-04  5.96240E-01  9.50657E-01      -1.00000E+00  1.00000E+00
 -9.49763E-01 -6.00728E-01 -5.32385E-03  5.75890E-01  9.48577E-01      -1.00000E+00  1.00000E+00
 -9.52542E-01 -6.11158E-01 -1.23491E-02  5.82917E-01  9.49398E-01      -1.00000E+00  1.00000E+00
 -9.50642E-01 -5.89625E-01  1.90787E-02  5.97372E-01  9.51127E-01      -1.00000E+00  1.00000E+00
 -9.49760E-01 -6.02588E-01 -1.95440E-03  5.94090E-01  9.52080E-01      -1.00000E+00  9.99990E-01
 -9.54497E-01 -6.12555E-01 -1.58083E-02  5.99718E-01  9.47898E-01      -1.00000E+00  1.00000E+00
 -9.47998E-01 -5.80863E-01 -9.83825E-03  5.77630E-01  9.49048E-01      -1.00000E+00  1.00000E+00
 -9.48422E-01 -5.75295E-01  6.55204E-03  6.07230E-01  9.56827E-01      -1.00000E+00  1.00000E+00
 -9.46398E-01 -5.76608E-01  2.52607E-02  5.82870E-01  9.53060E-01      -1.00000E+00  9.99970E-01
 -9.50275E-01 -6.00623E-01 -1.03492E-02  5.69152E-01  9.46547E-01      -1.00000E+00  1.00000E+00
 -9.53885E-01 -5.90645E-01  8.30650E-04  5.86230E-01  9.52150E-01      -1.00000E+00  1.00000E+00
 -9.43623E-01 -5.67115E-01  3.07165E-03  6.04498E-01  9.53800E-01      -1.00000E+00  9.99990E-01
 -9.48150E-01 -5.88075E-01 -1.00366E-02  5.94162E-01  9.49533E-01      -1.00000E+00  1.00000E+00
 -9.57313E-01 -5.90430E-01  6.18995E-03  5.91612E-01  9.46925E-01      -1.00000E+00  1.00000E+00
 -9.53163E-01 -5.68870E-01 -3.31885E-03  6.00082E-01  9.50705E-01      -1.00000E+00  1.00000E+00
 -9.48757E-01 -6.00695E-01 -2.40058E-03  5.98050E-01  9.56592E-01      -1.00000E+00  1.00000E+00
 -9.43675E-01 -5.88175E-01  1.59775E-02  5.84712E-01  9.49060E-01      -1.00000E+00  1.00000E+00


    1.   1.01    6.  12.01  1.00E+03  3.00E+01  1.52E-01  5.49E-02     5   0.00

  9.59350E+01  2.23340E+02  3.42010E+02  4.74610E+02  6.57490E+02       2.59520E-02  9.12680E+02

  4.36555E-01  6.40985E-01  7.73640E-01  8.75650E-01  9.61025E-01       1.00710E-02  9.99990E-01
  4.11965E-01  6.24555E-01  7.61195E-01  8.69080E-01  9.59505E-01       2.01510E-02  1.00000E+00
  4.00770E-01  6.13985E-01  7.52460E-01  8.64115E-01  9.56880E-01       2.88190E-02  9.99990E-01
  3.76795E-01  5.74760E-01  7.14640E-01  8.33670E-01  9.44410E-01       3.83720E-02  1.00000E+00
  2.75600E-01  4.49355E-01  5.86995E-01  7.25415E-01  8.90170E-01       6.41600E-03  9.99990E-01

 -9.54453E-01 -5.85213E-01 -9.06582E-03  5.83352E-01  9.50805E-01      -1.00000E+00  9.99990E-01
 -9.49952E-01 -5.89412E-01  8.23920E-03  5.89730E-01  9.50580E-01      -1.00000E+00  1.00000E+00
 -9.49932E-01 -5.83905E-01  1.72833E-02  6.01685E-01  9.49340E-01      -1.00000E+00  1.00000E+00
 -9.51090E-01 -5.62965E-01  2.82694E-02  5.92170E-01  9.47510E-01      -1.00000E+00  1.00000E+00
 -9.51318E-01 -5.80385E-01  8.77570E-03  5.95735E-01  9.51242E-01      -1.00000E+00  1.00000E+00
 -9.43485E-01 -5.24923E-01  9.36270E-02  6.35672E-01  9.57420E-01      -1.00000E+00  1.00000E+00
 -9.36773E-01 -5.35208E-01  6.65585E-02  6.16530E-01  9.53465E-01      -1.00000E+00  1.00000E+00
 -9.46117E-01 -5.55847E-01  5.15580E-02  6.11525E-01  9.52383E-01      -1.00000E+00  9.99990E-01
 -9.47703E-01 -5.57728E-01  4.69860E-02  6.06770E-01  9.58175E-01      -1.00000E+00  1.00000E+00
 -9.47473E-01 -5.86110E-01  2.94009E-02  6.17180E-01  9.55448E-01      -1.00000E+00  1.00000E+00
 -9.12325E-01 -3.81730E-01  2.46468E-01  7.18270E-01  9.67750E-01      -1.00000E+00  1.00000E+00
 -9.16215E-01 -4.24808E-01  2.22360E-01  7.12710E-01  9.66298E-01      -1.00000E+00  1.00000E+00
 -9.26335E-01 -4.41790E-01  1.82218E-01  6.96695E-01  9.64090E-01      -1.00000E+00  1.00000E+00
 -9.30835E-01 -4.70002E-01  1.52072E-01  6.79695E-01  9.65357E-01      -1.00000E+00  1.00000E+00
 -9.41105E-01 -5.19400E-01  9.14328E-02  6.40232E-01  9.61762E-01      -1.00000E+00  1.00000E+00
 -8.46023E-01 -1.35800E-01  4.52003E-01  8.13817E-01  9.81167E-01      -1.00000E+00  1.00000E+00
 -8.56200E-01 -1.57807E-01  4.33038E-01  8.03273E-01  9.80590E-01      -1.00000E+00  1.00000E+00
 -8.74740E-01 -2.12358E-01  3.91902E-01  7.86167E-01  9.77590E-01      -1.00000E+00  1.00000E+00
 -8.88187E-01 -3.03033E-01  3.21093E-01  7.58092E-01  9.73315E-01      -1.00000E+00  1.00000E+00
 -9.30623E-01 -4.25173E-01  1.96977E-01  7.03463E-01  9.63225E-01      -1.00000E+00  1.00000E+00
 -5.87828E-01  2.37168E-01  6.79503E-01  8.94807E-01  9.88905E-01      -1.00000E+00  1.00000E+00
 -5.80977E-01  2.21613E-01  6.73195E-01  8.90653E-01  9.88570E-01      -1.00000E+00  1.00000E+00
 -6.16840E-01  2.02348E-01  6.38837E-01  8.78555E-01  9.87440E-01      -1.00000E+00  1.00000E+00
 -6.47815E-01  1.40390E-01  6.02350E-01  8.63537E-01  9.84832E-01      -1.00000E+00  1.00000E+00
 -7.98537E-01 -7.75680E-02  4.76770E-01  8.18303E-01  9.78550E-01      -1.00000E+00  1.00000E+00


    1.   1.01    6.  12.01  1.00E+03  4.50E+01  2.18E-01  8.71E-02     5   0.00

  1.11490E+02  2.57140E+02  3.87440E+02  5.25950E+02  7.05370E+02       2.11490E-02  9.43870E+02

  4.28390E-01  6.35030E-01  7.68190E-01  8.72790E-01  9.60565E-01       6.89440E-03  9.99990E-01
  4.05540E-01  6.16310E-01  7.55165E-01  8.65745E-01  9.58030E-01       8.74380E-03  9.99990E-01
  3.82925E-01  5.90265E-01  7.29415E-01  8.46220E-01  9.49730E-01       2.68940E-02  9.99990E-01
  3.40255E-01  5.35885E-01  6.76200E-01  8.02955E-01  9.31675E-01       1.37810E-02  9.99990E-01
  2.49065E-01  4.04700E-01  5.34015E-01  6.72205E-01  8.51470E-01       2.64640E-03  1.00000E+00

 -9.50560E-01 -5.65577E-01  2.09823E-02  6.06868E-01  9.56950E-01      -1.00000E+00  1.00000E+00
 -9.47450E-01 -5.72340E-01  2.66762E-02  6.09710E-01  9.52870E-01      -1.00000E+00  1.00000E+00
 -9.46932E-01 -5.74500E-01  1.78210E-02  5.88475E-01  9.52477E-01      -1.00000E+00  1.00000E+00
 -9.51695E-01 -5.88800E-01  5.24750E-05  5.86905E-01  9.49785E-01      -1.00000E+00  1.00000E+00
 -9.51010E-01 -5.78810E-01  1.61953E-02  5.87130E-01  9.51198E-01      -1.00000E+00  1.00000E+00
 -9.32152E-01 -4.57340E-01  1.80800E-01  6.86993E-01  9.65750E-01      -1.00000E+00  1.00000E+00
 -9.34195E-01 -4.82345E-01  1.55814E-01  6.85248E-01  9.63958E-01      -1.00000E+00  1.00000E+00
 -9.37820E-01 -4.95500E-01  1.14249E-01  6.59952E-01  9.62455E-01      -1.00000E+00  1.00000E+00
 -9.39163E-01 -5.18332E-01  1.01020E-01  6.53597E-01  9.58670E-01      -1.00000E+00  1.00000E+00
 -9.40390E-01 -5.30080E-01  7.43780E-02  6.35960E-01  9.57242E-01      -1.00000E+00  1.00000E+00
 -8.58193E-01 -1.59774E-01  4.30745E-01  8.01650E-01  9.78280E-01      -1.00000E+00  1.00000E+00
 -8.59045E-01 -1.92106E-01  4.15110E-01  7.91632E-01  9.78315E-01      -1.00000E+00  1.00000E+00
 -8.83555E-01 -2.63068E-01  3.56803E-01  7.70173E-01  9.74413E-01      -1.00000E+00  1.00000E+00
 -9.00030E-01 -3.21213E-01  3.03370E-01  7.49460E-01  9.72935E-01      -1.00000E+00  1.00000E+00
 -9.30445E-01 -4.71960E-01  1.66135E-01  6.84590E-01  9.62577E-01      -1.00000E+00  1.00000E+00
 -6.66073E-01  1.97202E-01  6.52617E-01  8.84698E-01  9.87895E-01      -1.00000E+00  1.00000E+00
 -6.77927E-01  1.62314E-01  6.37642E-01  8.79315E-01  9.86635E-01      -1.00000E+00  1.00000E+00
 -7.24925E-01  7.69011E-02  5.77165E-01  8.57505E-01  9.84328E-01      -1.00000E+00  1.00000E+00
 -7.90405E-01 -2.80677E-02  5.28165E-01  8.39377E-01  9.82032E-01      -1.00000E+00  1.00000E+00
 -8.81460E-01 -2.71415E-01  3.44387E-01  7.72490E-01  9.74932E-01      -1.00000E+00  1.00000E+00
 -1.11677E-01  5.71653E-01  8.24995E-01  9.42653E-01  9.93857E-01      -9.99990E-01  1.00000E+00
 -9.93075E-02  5.57767E-01  8.14688E-01  9.42452E-01  9.93937E-01      -1.00000E+00  1.00000E+00
 -1.48370E-01  5.26872E-01  7.99772E-01  9.35920E-01  9.92922E-01      -1.00000E+00  1.00000E+00
 -2.44588E-01  4.41243E-01  7.66317E-01  9.23825E-01  9.92478E-01      -1.00000E+00  1.00000E+00
 -4.62556E-01  2.29999E-01  6.44395E-01  8.78698E-01  9.86635E-01      -1.00000E+00  1.00000E+00


    1.   1.01    6.  12.01  1.00E+03  6.00E+01  3.33E-01  1.56E-01     5   0.00

  1.41410E+02  3.20000E+02  4.72270E+02  6.19240E+02  7.83990E+02       4.17550E-02  9.68390E+02

  4.21250E-01  6.28965E-01  7.63905E-01  8.70185E-01  9.59710E-01       9.15040E-03  1.00000E+00
  3.79815E-01  5.88775E-01  7.29625E-01  8.46625E-01  9.51175E-01       2.34480E-02  1.00000E+00
  3.32580E-01  5.25760E-01  6.66420E-01  7.96975E-01  9.29945E-01       1.69980E-02  1.00000E+00
  2.80535E-01  4.47580E-01  5.81955E-01  7.21090E-01  8.89215E-01       1.16710E-02  1.00000E+00
  1.95035E-01  3.21980E-01  4.35870E-01  5.67825E-01  7.63515E-01       6.40750E-03  9.99940E-01

 -9.44455E-01 -5.56028E-01  5.98240E-02  6.22383E-01  9.54932E-01      -1.00000E+00  1.00000E+00
 -9.45235E-01 -5.55657E-01  3.98925E-02  6.09978E-01  9.53620E-01      -1.00000E+00  1.00000E+00
 -9.46995E-01 -5.69665E-01  1.83230E-02  5.96160E-01  9.53153E-01      -1.00000E+00  1.00000E+00
 -9.48743E-01 -5.64905E-01  2.85853E-02  6.10395E-01  9.53858E-01      -1.00000E+00  1.00000E+00
 -9.46087E-01 -5.77245E-01  7.67462E-03  5.81973E-01  9.51918E-01      -1.00000E+00  1.00000E+00
 -8.82525E-01 -2.62787E-01  3.52515E-01  7.68792E-01  9.74135E-01      -1.00000E+00  1.00000E+00
 -8.96157E-01 -3.14980E-01  3.10545E-01  7.48957E-01  9.71847E-01      -1.00000E+00  1.00000E+00
 -9.03350E-01 -3.41810E-01  2.84875E-01  7.43510E-01  9.71310E-01      -1.00000E+00  1.00000E+00
 -9.12438E-01 -3.86267E-01  2.43122E-01  7.19977E-01  9.68260E-01      -1.00000E+00  1.00000E+00
 -9.27795E-01 -4.72667E-01  1.36088E-01  6.62687E-01  9.62890E-01      -1.00000E+00  1.00000E+00
 -6.31047E-01  2.17847E-01  6.60137E-01  8.85618E-01  9.88860E-01      -1.00000E+00  1.00000E+00
 -6.87927E-01  1.48514E-01  6.21310E-01  8.76445E-01  9.86740E-01      -1.00000E+00  1.00000E+00
 -7.23492E-01  8.78463E-02  5.90323E-01  8.62940E-01  9.85747E-01      -1.00000E+00  1.00000E+00
 -8.04090E-01 -3.87013E-02  5.12423E-01  8.35560E-01  9.81490E-01      -1.00000E+00  1.00000E+00
 -8.85537E-01 -2.83687E-01  3.36213E-01  7.55727E-01  9.72100E-01      -1.00000E+00  1.00000E+00
 -1.67160E-01  5.58365E-01  8.18045E-01  9.40597E-01  9.94082E-01      -1.00000E+00  1.00000E+00
 -2.21905E-01  5.39913E-01  8.10527E-01  9.38528E-01  9.93663E-01      -1.00000E+00  1.00000E+00
 -3.16215E-01  4.74465E-01  7.81985E-01  9.28393E-01  9.92533E-01      -1.00000E+00  1.00000E+00
 -4.91718E-01  3.50743E-01  7.28540E-01  9.14268E-01  9.90830E-01      -1.00000E+00  1.00000E+00
 -7.63120E-01 -3.82600E-03  5.37158E-01  8.48307E-01  9.83223E-01      -1.00000E+00  1.00000E+00
  4.46095E-01  8.10223E-01  9.25172E-01  9.76873E-01  9.97588E-01      -9.99980E-01  1.00000E+00
  4.28100E-01  7.91095E-01  9.14467E-01  9.72650E-01  9.97170E-01      -1.00000E+00  1.00000E+00
  3.83345E-01  7.71487E-01  9.07078E-01  9.70150E-01  9.96740E-01      -9.99990E-01  1.00000E+00
  2.83735E-01  7.18152E-01  8.82945E-01  9.62460E-01  9.96083E-01      -9.99710E-01  1.00000E+00
  4.32650E-02  5.56903E-01  8.02732E-01  9.36052E-01  9.92768E-01      -1.00000E+00  1.00000E+00


    1.   1.01    6.  12.01  1.00E+03  7.00E+01  4.44E-01  2.42E-01     5   0.00

  1.79920E+02  4.00520E+02  5.72590E+02  7.16390E+02  8.57080E+02       8.32930E-02  9.81540E+02

  4.11660E-01  6.19305E-01  7.55950E-01  8.64360E-01  9.57165E-01       9.79300E-03  9.99990E-01
  3.41625E-01  5.38705E-01  6.80755E-01  8.09020E-01  9.34685E-01       2.76090E-03  1.00000E+00
  2.73155E-01  4.38325E-01  5.75065E-01  7.17200E-01  8.88745E-01       1.26030E-02  9.99990E-01
  2.16525E-01  3.51085E-01  4.71825E-01  6.12375E-01  8.23475E-01       6.97830E-03  9.99990E-01
  1.44720E-01  2.38405E-01  3.29020E-01  4.41995E-01  6.33370E-01       2.58260E-03  9.99930E-01

 -9.37778E-01 -5.08455E-01  1.10998E-01  6.47280E-01  9.59120E-01      -1.00000E+00  1.00000E+00
 -9.44418E-01 -5.19480E-01  8.98146E-02  6.49655E-01  9.61230E-01      -1.00000E+00  1.00000E+00
 -9.39475E-01 -5.20833E-01  9.81213E-02  6.34450E-01  9.56240E-01      -1.00000E+00  1.00000E+00
 -9.43582E-01 -5.45735E-01  6.49824E-02  6.36890E-01  9.58387E-01      -1.00000E+00  1.00000E+00
 -9.46372E-01 -5.66863E-01  3.35760E-02  6.06537E-01  9.53260E-01      -1.00000E+00  1.00000E+00
 -7.60563E-01  2.46750E-02  5.46475E-01  8.50448E-01  9.83845E-01      -1.00000E+00  1.00000E+00
 -7.81832E-01 -2.00750E-02  5.25342E-01  8.41590E-01  9.82042E-01      -1.00000E+00  1.00000E+00
 -8.14275E-01 -1.00031E-01  4.73680E-01  8.18752E-01  9.80825E-01      -1.00000E+00  1.00000E+00
 -8.58000E-01 -1.79971E-01  4.11177E-01  7.94102E-01  9.78082E-01      -1.00000E+00  1.00000E+00
 -9.10185E-01 -3.65535E-01  2.58760E-01  7.29178E-01  9.68677E-01      -1.00000E+00  1.00000E+00
 -2.36982E-01  5.24768E-01  8.07190E-01  9.37743E-01  9.93598E-01      -1.00000E+00  1.00000E+00
 -2.78260E-01  5.01285E-01  7.94460E-01  9.34615E-01  9.92972E-01      -1.00000E+00  1.00000E+00
 -3.97712E-01  4.29605E-01  7.59315E-01  9.23607E-01  9.91883E-01      -1.00000E+00  1.00000E+00
 -5.43200E-01  3.06632E-01  6.99605E-01  9.00778E-01  9.89693E-01      -1.00000E+00  1.00000E+00
 -7.83783E-01 -2.31942E-02  5.25525E-01  8.37115E-01  9.83287E-01      -1.00000E+00  1.00000E+00
  3.21993E-01  7.73967E-01  9.11485E-01  9.72315E-01  9.97078E-01      -9.99990E-01  1.00000E+00
  2.86955E-01  7.53365E-01  9.02890E-01  9.69615E-01  9.96673E-01      -1.00000E+00  1.00000E+00
  1.96871E-01  7.16033E-01  8.85387E-01  9.63675E-01  9.96117E-01      -9.99980E-01  1.00000E+00
 -3.32750E-03  6.29855E-01  8.48665E-01  9.52460E-01  9.94895E-01      -1.00000E+00  1.00000E+00
 -4.83704E-01  2.96369E-01  6.98185E-01  9.02070E-01  9.89213E-01      -1.00000E+00  1.00000E+00
  7.27228E-01  9.12033E-01  9.65823E-01  9.89460E-01  9.98925E-01      -7.68360E-01  1.00000E+00
  7.11108E-01  9.00660E-01  9.60520E-01  9.87485E-01  9.98707E-01      -6.35780E-01  1.00000E+00
  6.79130E-01  8.86872E-01  9.53943E-01  9.85450E-01  9.98557E-01      -6.04030E-01  1.00000E+00
  6.30015E-01  8.57378E-01  9.42260E-01  9.81598E-01  9.97968E-01      -6.21570E-01  1.00000E+00
  5.58545E-01  8.05880E-01  9.15720E-01  9.71453E-01  9.96850E-01      -9.74910E-01  1.00000E+00


    1.   1.01    6.  12.01  1.00E+03  8.00E+01  6.10E-01  4.14E-01     5   0.00

  2.73400E+02  5.76270E+02  7.53480E+02  8.63160E+02  9.43830E+02       6.94320E-02  9.90960E+02

  3.76475E-01  5.80690E-01  7.22410E-01  8.40480E-01  9.48375E-01       5.46190E-03  1.00000E+00
  2.47405E-01  4.03275E-01  5.37440E-01  6.80965E-01  8.68855E-01       1.56300E-02  9.99990E-01
  1.70435E-01  2.77925E-01  3.82965E-01  5.20555E-01  7.59665E-01       6.78830E-03  9.99990E-01
  1.25370E-01  1.98660E-01  2.75235E-01  3.83940E-01  6.02090E-01       8.04750E-03  9.99820E-01
  7.61360E-02  1.23492E-01  1.73765E-01  2.46315E-01  3.88450E-01       5.72570E-04  9.24690E-01

 -8.79805E-01 -2.93486E-01  2.98635E-01  7.40592E-01  9.69843E-01      -1.00000E+00  1.00000E+00
 -8.88867E-01 -3.22910E-01  2.73738E-01  7.29158E-01  9.68625E-01      -1.00000E+00  1.00000E+00
 -9.05852E-01 -3.74058E-01  2.28123E-01  7.10703E-01  9.67672E-01      -1.00000E+00  1.00000E+00
 -9.19087E-01 -4.20833E-01  1.89126E-01  6.87672E-01  9.64732E-01      -1.00000E+00  1.00000E+00
 -9.37565E-01 -4.90015E-01  1.29741E-01  6.57627E-01  9.60000E-01      -1.00000E+00  1.00000E+00
 -2.06796E-01  5.42245E-01  8.16163E-01  9.42490E-01  9.93515E-01      -1.00000E+00  1.00000E+00
 -2.61244E-01  5.17520E-01  8.01695E-01  9.36430E-01  9.93138E-01      -1.00000E+00  1.00000E+00
 -3.43340E-01  4.57025E-01  7.74738E-01  9.28687E-01  9.92347E-01      -1.00000E+00  1.00000E+00
 -5.17858E-01  3.25028E-01  7.17605E-01  9.09005E-01  9.90370E-01      -1.00000E+00  1.00000E+00
 -7.66142E-01 -3.06885E-03  5.34407E-01  8.41383E-01  9.82900E-01      -1.00000E+00  1.00000E+00
  5.16118E-01  8.53270E-01  9.43150E-01  9.82315E-01  9.98138E-01      -9.99990E-01  1.00000E+00
  4.93817E-01  8.37460E-01  9.36375E-01  9.79897E-01  9.97915E-01      -1.00000E+00  1.00000E+00
  4.05910E-01  8.03210E-01  9.22865E-01  9.75903E-01  9.97510E-01      -9.99980E-01  1.00000E+00
  2.26565E-01  7.38908E-01  8.95805E-01  9.66610E-01  9.96505E-01      -1.00000E+00  1.00000E+00
 -3.28263E-01  4.06776E-01  7.57567E-01  9.22987E-01  9.92160E-01      -1.00000E+00  1.00000E+00
  8.14760E-01  9.45132E-01  9.79335E-01  9.93665E-01  9.99367E-01      -4.59290E-01  1.00000E+00
  8.02747E-01  9.37628E-01  9.76072E-01  9.92565E-01  9.99245E-01      -2.70320E-01  1.00000E+00
  7.60198E-01  9.21120E-01  9.69647E-01  9.90535E-01  9.98992E-01      -4.50150E-01  1.00000E+00
  6.83940E-01  8.91835E-01  9.56615E-01  9.86208E-01  9.98515E-01      -5.31380E-01  1.00000E+00
  5.64832E-01  8.12402E-01  9.20998E-01  9.74510E-01  9.97260E-01      -9.96620E-01  1.00000E+00
  9.35565E-01  9.81680E-01  9.93202E-01  9.97927E-01  9.99788E-01       3.64800E-01  1.00000E+00
  9.25870E-01  9.76925E-01  9.91205E-01  9.97290E-01  9.99720E-01       4.59300E-01  1.00000E+00
  9.10965E-01  9.71070E-01  9.88910E-01  9.96545E-01  9.99633E-01       3.13770E-01  1.00000E+00
  8.85862E-01  9.59667E-01  9.84143E-01  9.94915E-01  9.99480E-01       3.76360E-01  1.00000E+00
  8.76933E-01  9.48015E-01  9.77770E-01  9.92787E-01  9.99225E-01       3.72210E-01  1.00000E+00


    1.   1.01    6.  12.01  1.00E+03  8.50E+01  7.82E-01  6.45E-01     5   0.00

  4.78240E+02  8.28480E+02  9.26270E+02  9.57740E+02  9.79670E+02       5.67800E-02  9.93840E+02

  2.88845E-01  4.62300E-01  6.01085E-01  7.38650E-01  8.98750E-01       9.97360E-03  1.00000E+00
  1.23560E-01  2.00190E-01  2.83930E-01  4.07390E-01  6.61340E-01       1.96620E-03  9.99970E-01
  7.01410E-02  1.07648E-01  1.50815E-01  2.22110E-01  4.10230E-01       1.62990E-03  9.14250E-01
  5.10625E-02  7.86405E-02  1.07895E-01  1.55005E-01  2.79105E-01       5.63530E-04  6.87610E-01
  3.33475E-02  5.57470E-02  7.88560E-02  1.13504E-01  1.90560E-01       3.40060E-04  4.83640E-01

 -5.13170E-01  2.25703E-01  6.45713E-01  8.80218E-01  9.86705E-01      -1.00000E+00  1.00000E+00
 -5.24860E-01  1.65565E-01  6.00973E-01  8.63510E-01  9.84825E-01      -1.00000E+00  1.00000E+00
 -5.83592E-01  9.81550E-02  5.52550E-01  8.44280E-01  9.82215E-01      -1.00000E+00  1.00000E+00
 -6.88570E-01 -8.02500E-03  4.82220E-01  8.13360E-01  9.79270E-01      -1.00000E+00  1.00000E+00
 -8.48297E-01 -2.31935E-01  3.39898E-01  7.56840E-01  9.72252E-01      -1.00000E+00  1.00000E+00
  7.06400E-01  9.24605E-01  9.72185E-01  9.91525E-01  9.99110E-01      -9.76060E-01  1.00000E+00
  7.06555E-01  9.12837E-01  9.66725E-01  9.89732E-01  9.98903E-01      -9.88530E-01  1.00000E+00
  6.27737E-01  8.86428E-01  9.56713E-01  9.86757E-01  9.98640E-01      -9.98950E-01  1.00000E+00
  4.67407E-01  8.28005E-01  9.33875E-01  9.79650E-01  9.97837E-01      -9.99980E-01  1.00000E+00
  7.08978E-02  5.78365E-01  8.25585E-01  9.44588E-01  9.94247E-01      -1.00000E+00  1.00000E+00
  9.48555E-01  9.87085E-01  9.95375E-01  9.98598E-01  9.99855E-01       2.71550E-01  1.00000E+00
  9.40335E-01  9.83875E-01  9.94020E-01  9.98195E-01  9.99818E-01       2.17970E-01  1.00000E+00
  9.17180E-01  9.76715E-01  9.91373E-01  9.97347E-01  9.99725E-01       2.50770E-01  1.00000E+00
  8.71205E-01  9.61855E-01  9.85642E-01  9.95615E-01  9.99535E-01       1.86620E-01  1.00000E+00
  7.98702E-01  9.18497E-01  9.66115E-01  9.88852E-01  9.98830E-01       2.91380E-01  1.00000E+00
  9.83540E-01  9.95583E-01  9.98353E-01  9.99492E-01  9.99950E-01       7.00770E-01  1.00000E+00
  9.77960E-01  9.93925E-01  9.97762E-01  9.99318E-01  9.99927E-01       6.81590E-01  1.00000E+00
  9.69257E-01  9.91413E-01  9.96785E-01  9.99010E-01  9.99902E-01       6.86350E-01  1.00000E+00
  9.51573E-01  9.85620E-01  9.94557E-01  9.98323E-01  9.99830E-01       6.18990E-01  1.00000E+00
  9.21940E-01  9.69782E-01  9.87548E-01  9.96115E-01  9.99565E-01       6.57010E-01  1.00000E+00
  9.92908E-01  9.97903E-01  9.99208E-01  9.99755E-01  9.99972E-01       8.77870E-01  1.00000E+00
  9.89540E-01  9.96893E-01  9.98817E-01  9.99632E-01  9.99963E-01       8.66510E-01  1.00000E+00
  9.85318E-01  9.95530E-01  9.98302E-01  9.99470E-01  9.99945E-01       8.60320E-01  1.00000E+00
  9.77942E-01  9.92780E-01  9.97192E-01  9.99123E-01  9.99907E-01       8.61490E-01  1.00000E+00
  9.72880E-01  9.88990E-01  9.95485E-01  9.98520E-01  9.99845E-01       8.49390E-01  1.00000E+00


    1.   1.01    6.  12.01  2.00E+03  0.00E+00  6.00E-02  1.77E-02     5   0.00

  1.35000E+02  3.23700E+02  5.18460E+02  7.68790E+02  1.17300E+03       3.74860E-02  1.71090E+03

  4.23775E-01  6.35795E-01  7.69120E-01  8.71630E-01  9.60235E-01       3.61980E-02  9.99990E-01
  4.14930E-01  6.26975E-01  7.65045E-01  8.70495E-01  9.60580E-01       4.62200E-02  9.99990E-01
  4.14920E-01  6.28785E-01  7.63530E-01  8.69835E-01  9.59110E-01       3.36380E-02  9.99990E-01
  3.85590E-01  5.91940E-01  7.31445E-01  8.48500E-01  9.51600E-01       2.47110E-02  9.99990E-01
  2.81710E-01  4.61290E-01  6.04195E-01  7.43960E-01  9.05140E-01       3.41420E-02  9.99990E-01

 -9.49497E-01 -5.91708E-01 -3.04430E-02  5.72447E-01  9.50933E-01      -1.00000E+00  1.00000E+00
 -9.44955E-01 -5.62140E-01  3.11333E-02  6.03915E-01  9.53852E-01      -1.00000E+00  9.99980E-01
 -9.54882E-01 -5.86043E-01  3.42325E-03  5.92432E-01  9.48422E-01      -1.00000E+00  1.00000E+00
 -9.53388E-01 -5.65540E-01  2.32843E-02  6.03177E-01  9.53325E-01      -1.00000E+00  9.99990E-01
 -9.53533E-01 -5.94605E-01 -2.26730E-02  5.90910E-01  9.57032E-01      -1.00000E+00  9.99980E-01
 -9.55595E-01 -5.84567E-01  1.91453E-03  6.02453E-01  9.52478E-01      -1.00000E+00  9.99980E-01
 -9.48455E-01 -5.79923E-01  2.55903E-02  6.14218E-01  9.52780E-01      -1.00000E+00  9.99910E-01
 -9.55885E-01 -6.02768E-01 -1.46876E-02  5.77427E-01  9.49725E-01      -1.00000E+00  9.99990E-01
 -9.50848E-01 -6.08378E-01 -3.55065E-02  5.85065E-01  9.53495E-01      -1.00000E+00  9.99980E-01
 -9.53232E-01 -6.08827E-01 -3.29305E-02  5.80045E-01  9.56813E-01      -1.00000E+00  1.00000E+00
 -9.47132E-01 -5.45890E-01  2.49484E-02  5.86423E-01  9.53458E-01      -1.00000E+00  9.99990E-01
 -9.52810E-01 -5.98455E-01  3.91753E-02  5.98612E-01  9.45172E-01      -1.00000E+00  9.99980E-01
 -9.51972E-01 -6.36595E-01 -4.65730E-02  5.87015E-01  9.44422E-01      -1.00000E+00  1.00000E+00
 -9.44405E-01 -5.81653E-01 -4.35850E-03  5.89370E-01  9.55665E-01      -1.00000E+00  1.00000E+00
 -9.49808E-01 -5.69370E-01  6.17355E-02  6.11918E-01  9.56918E-01      -1.00000E+00  1.00000E+00
 -9.46875E-01 -5.71970E-01  9.41610E-03  5.74680E-01  9.49882E-01      -1.00000E+00  1.00000E+00
 -9.56310E-01 -6.30707E-01 -5.27145E-02  5.56498E-01  9.46638E-01      -1.00000E+00  9.99970E-01
 -9.47475E-01 -5.74878E-01  2.37820E-02  5.82743E-01  9.48770E-01      -1.00000E+00  9.99980E-01
 -9.52568E-01 -5.80537E-01  1.58700E-02  6.13145E-01  9.56245E-01      -1.00000E+00  9.99990E-01
 -9.47375E-01 -5.75653E-01  1.57805E-02  6.03773E-01  9.54518E-01      -1.00000E+00  9.99990E-01
 -9.50125E-01 -6.07387E-01 -2.03432E-02  5.80492E-01  9.57835E-01      -1.00000E+00  1.00000E+00
 -9.50292E-01 -6.12870E-01 -3.22527E-02  5.78770E-01  9.53940E-01      -1.00000E+00  9.99980E-01
 -9.46008E-01 -5.97967E-01  1.31848E-03  5.79588E-01  9.42265E-01      -1.00000E+00  9.99960E-01
 -9.49752E-01 -5.95280E-01  1.56234E-02  5.94040E-01  9.51270E-01      -1.00000E+00  9.99960E-01
 -9.58708E-01 -6.24152E-01 -4.73155E-02  5.64355E-01  9.45685E-01      -1.00000E+00  9.99970E-01


    1.   1.01    6.  12.01  2.00E+03  3.00E+01  9.37E-02  2.91E-02     5   0.00

  1.47300E+02  3.49980E+02  5.50260E+02  8.06200E+02  1.21620E+03       1.35720E-01  1.81370E+03

  4.22010E-01  6.31150E-01  7.64755E-01  8.70570E-01  9.59545E-01       2.22210E-02  1.00000E+00
  4.09655E-01  6.26355E-01  7.66475E-01  8.70740E-01  9.58915E-01       4.39490E-02  1.00000E+00
  4.01360E-01  6.15950E-01  7.53775E-01  8.64015E-01  9.57645E-01       4.17300E-02  9.99990E-01
  3.65815E-01  5.71145E-01  7.11505E-01  8.30615E-01  9.43825E-01       1.96160E-02  9.99980E-01
  2.65890E-01  4.41940E-01  5.79335E-01  7.20440E-01  8.88745E-01       3.11630E-02  9.99880E-01

 -9.46187E-01 -5.44523E-01  5.86085E-02  6.24175E-01  9.57547E-01      -1.00000E+00  9.99980E-01
 -9.51832E-01 -6.16490E-01  7.82515E-03  6.04348E-01  9.51688E-01      -1.00000E+00  1.00000E+00
 -9.50808E-01 -6.01060E-01 -1.98603E-02  5.80303E-01  9.48317E-01      -1.00000E+00  9.99990E-01
 -9.50297E-01 -5.69147E-01  9.41018E-03  5.78738E-01  9.50198E-01      -1.00000E+00  9.99990E-01
 -9.57267E-01 -6.02097E-01 -4.15378E-02  5.56438E-01  9.39472E-01      -1.00000E+00  1.00000E+00
 -9.31233E-01 -4.80882E-01  1.66079E-01  6.94418E-01  9.64253E-01      -1.00000E+00  1.00000E+00
 -9.30715E-01 -4.62655E-01  1.45305E-01  6.58628E-01  9.59888E-01      -1.00000E+00  9.99980E-01
 -9.35022E-01 -5.13160E-01  7.77113E-02  6.44308E-01  9.59145E-01      -1.00000E+00  1.00000E+00
 -9.47080E-01 -5.46723E-01  6.04165E-02  6.35373E-01  9.58268E-01      -1.00000E+00  9.99990E-01
 -9.36912E-01 -5.24075E-01  8.31472E-02  6.42822E-01  9.63105E-01      -1.00000E+00  1.00000E+00
 -8.88988E-01 -2.86410E-01  3.36498E-01  7.52472E-01  9.69398E-01      -1.00000E+00  9.99990E-01
 -8.80850E-01 -2.88517E-01  3.49890E-01  7.72572E-01  9.74567E-01      -1.00000E+00  9.99990E-01
 -9.15392E-01 -3.57345E-01  2.76052E-01  7.37182E-01  9.72795E-01      -1.00000E+00  1.00000E+00
 -9.21628E-01 -4.19747E-01  1.98682E-01  6.89678E-01  9.64012E-01      -1.00000E+00  1.00000E+00
 -9.29547E-01 -4.60052E-01  1.74183E-01  6.93180E-01  9.64765E-01      -1.00000E+00  1.00000E+00
 -8.15970E-01 -4.50847E-02  5.28373E-01  8.39152E-01  9.83637E-01      -1.00000E+00  1.00000E+00
 -8.08353E-01 -5.16519E-02  5.15630E-01  8.41873E-01  9.82877E-01      -1.00000E+00  1.00000E+00
 -8.35645E-01 -1.04054E-01  4.61552E-01  8.19442E-01  9.78023E-01      -1.00000E+00  1.00000E+00
 -8.63185E-01 -1.88929E-01  4.04495E-01  7.89857E-01  9.76967E-01      -1.00000E+00  1.00000E+00
 -9.16823E-01 -3.80930E-01  2.43855E-01  7.13835E-01  9.65355E-01      -1.00000E+00  1.00000E+00
 -5.65850E-01  3.11862E-01  7.03908E-01  9.03900E-01  9.89937E-01      -1.00000E+00  1.00000E+00
 -6.13903E-01  2.37689E-01  6.72962E-01  8.92012E-01  9.89443E-01      -1.00000E+00  1.00000E+00
 -6.25310E-01  2.13733E-01  6.48985E-01  8.90088E-01  9.88738E-01      -1.00000E+00  1.00000E+00
 -7.11710E-01  9.50310E-02  6.12645E-01  8.64700E-01  9.85105E-01      -1.00000E+00  9.99990E-01
 -8.36285E-01 -1.48934E-01  4.45372E-01  8.08150E-01  9.80492E-01      -1.00000E+00  1.00000E+00


    1.   1.01    6.  12.01  2.00E+03  4.50E+01  1.51E-01  5.13E-02     5   0.00

  1.69040E+02  3.93800E+02  6.17370E+02  8.85560E+02  1.29490E+03       5.59450E-02  1.88150E+03

  4.23225E-01  6.30475E-01  7.65865E-01  8.70975E-01  9.59705E-01       1.95720E-02  1.00000E+00
  4.00665E-01  6.14635E-01  7.55310E-01  8.64825E-01  9.58290E-01       4.37770E-02  1.00000E+00
  3.81430E-01  5.91315E-01  7.30120E-01  8.46170E-01  9.50065E-01       1.99540E-02  1.00000E+00
  3.37335E-01  5.30310E-01  6.71490E-01  7.98935E-01  9.28775E-01       1.46050E-02  9.99990E-01
  2.39645E-01  3.99795E-01  5.31960E-01  6.73495E-01  8.58660E-01       1.95650E-02  1.00000E+00

 -9.51148E-01 -5.88430E-01  1.35494E-02  5.90307E-01  9.53745E-01      -1.00000E+00  1.00000E+00
 -9.49088E-01 -5.64560E-01  2.82347E-02  5.95920E-01  9.52183E-01      -1.00000E+00  1.00000E+00
 -9.50072E-01 -5.57448E-01  1.45277E-02  6.06820E-01  9.56490E-01      -1.00000E+00  1.00000E+00
 -9.52690E-01 -5.81325E-01 -4.66275E-03  5.92915E-01  9.50448E-01      -1.00000E+00  1.00000E+00
 -9.49175E-01 -5.85283E-01 -9.65250E-04  6.07730E-01  9.52177E-01      -1.00000E+00  1.00000E+00
 -9.15843E-01 -3.65125E-01  2.53675E-01  7.17610E-01  9.64002E-01      -1.00000E+00  9.99990E-01
 -9.20380E-01 -4.22557E-01  1.99378E-01  7.08545E-01  9.66410E-01      -1.00000E+00  1.00000E+00
 -9.19130E-01 -4.03992E-01  2.14893E-01  7.11127E-01  9.66440E-01      -1.00000E+00  1.00000E+00
 -9.38600E-01 -4.88698E-01  1.56120E-01  6.79555E-01  9.63550E-01      -1.00000E+00  1.00000E+00
 -9.46853E-01 -5.50840E-01  5.98870E-02  6.39983E-01  9.60120E-01      -1.00000E+00  1.00000E+00
 -7.91430E-01 -2.67505E-02  5.16855E-01  8.36715E-01  9.81175E-01      -1.00000E+00  1.00000E+00
 -8.21830E-01 -9.86038E-02  4.81207E-01  8.24290E-01  9.79872E-01      -1.00000E+00  1.00000E+00
 -8.48600E-01 -1.41284E-01  4.44067E-01  8.04085E-01  9.81112E-01      -1.00000E+00  1.00000E+00
 -8.76965E-01 -2.16713E-01  3.84450E-01  7.88380E-01  9.75135E-01      -1.00000E+00  1.00000E+00
 -9.26098E-01 -4.46120E-01  1.89825E-01  7.11640E-01  9.70235E-01      -1.00000E+00  1.00000E+00
 -5.27767E-01  3.24713E-01  7.11125E-01  9.06297E-01  9.89995E-01      -1.00000E+00  1.00000E+00
 -5.98360E-01  2.88787E-01  7.00690E-01  9.03695E-01  9.89955E-01      -1.00000E+00  1.00000E+00
 -6.52405E-01  2.04450E-01  6.63453E-01  8.90968E-01  9.87642E-01      -1.00000E+00  1.00000E+00
 -7.57900E-01  6.99315E-02  5.79852E-01  8.56112E-01  9.84905E-01      -1.00000E+00  1.00000E+00
 -8.71530E-01 -2.10383E-01  3.93398E-01  7.88285E-01  9.77160E-01      -1.00000E+00  1.00000E+00
 -5.52075E-02  6.19295E-01  8.46120E-01  9.49937E-01  9.95320E-01      -1.00000E+00  1.00000E+00
 -8.49400E-02  5.98990E-01  8.37625E-01  9.49337E-01  9.94717E-01      -1.00000E+00  1.00000E+00
 -2.02531E-01  5.42712E-01  8.13743E-01  9.42210E-01  9.94077E-01      -1.00000E+00  1.00000E+00
 -3.28710E-01  4.42190E-01  7.60120E-01  9.20843E-01  9.92447E-01      -1.00000E+00  1.00000E+00
 -6.65485E-01  1.58010E-01  6.14418E-01  8.65245E-01  9.86517E-01      -1.00000E+00  1.00000E+00


    1.   1.01    6.  12.01  2.00E+03  6.00E+01  2.62E-01  1.05E-01     5   0.00

  2.10640E+02  4.93000E+02  7.60750E+02  1.05680E+03  1.44740E+03       8.13860E-02  1.93780E+03

  4.15745E-01  6.24720E-01  7.59955E-01  8.67985E-01  9.58785E-01       2.05270E-02  1.00000E+00
  3.77440E-01  5.88315E-01  7.29385E-01  8.45065E-01  9.50610E-01       1.75120E-02  1.00000E+00
  3.29595E-01  5.23360E-01  6.65370E-01  7.94440E-01  9.27485E-01       2.70580E-02  1.00000E+00
  2.76450E-01  4.42460E-01  5.75860E-01  7.14375E-01  8.83100E-01       1.68430E-02  9.99980E-01
  1.91955E-01  3.21215E-01  4.35485E-01  5.71615E-01  7.81170E-01       1.17520E-02  9.99980E-01

 -9.40908E-01 -5.19203E-01  9.73263E-02  6.48695E-01  9.58840E-01      -1.00000E+00  1.00000E+00
 -9.40492E-01 -5.29622E-01  7.61327E-02  6.32885E-01  9.57385E-01      -1.00000E+00  1.00000E+00
 -9.44588E-01 -5.37988E-01  7.51965E-02  6.24082E-01  9.53310E-01      -1.00000E+00  1.00000E+00
 -9.45743E-01 -5.54723E-01  4.10042E-02  6.10460E-01  9.54022E-01      -1.00000E+00  1.00000E+00
 -9.48030E-01 -5.70693E-01  1.06426E-02  5.94487E-01  9.55453E-01      -1.00000E+00  1.00000E+00
 -8.23163E-01 -1.17524E-01  4.57738E-01  8.15623E-01  9.79823E-01      -1.00000E+00  1.00000E+00
 -8.53797E-01 -1.64222E-01  4.24393E-01  8.02345E-01  9.78177E-01      -1.00000E+00  1.00000E+00
 -8.73987E-01 -2.36065E-01  3.70642E-01  7.80875E-01  9.76915E-01      -1.00000E+00  1.00000E+00
 -8.99027E-01 -3.06800E-01  3.15610E-01  7.54642E-01  9.72750E-01      -1.00000E+00  1.00000E+00
 -9.20980E-01 -4.29663E-01  1.95115E-01  6.88767E-01  9.62562E-01      -1.00000E+00  1.00000E+00
 -4.78130E-01  3.60845E-01  7.31855E-01  9.12058E-01  9.90960E-01      -1.00000E+00  1.00000E+00
 -5.55405E-01  2.88335E-01  6.96675E-01  9.02393E-01  9.89685E-01      -1.00000E+00  1.00000E+00
 -6.36115E-01  2.04623E-01  6.55040E-01  8.90617E-01  9.88017E-01      -1.00000E+00  1.00000E+00
 -7.34570E-01  9.18838E-02  5.92210E-01  8.60635E-01  9.84543E-01      -1.00000E+00  1.00000E+00
 -8.69230E-01 -1.95797E-01  3.97363E-01  7.91130E-01  9.77155E-01      -1.00000E+00  1.00000E+00
 -1.46183E-02  6.32550E-01  8.50315E-01  9.51830E-01  9.94957E-01      -1.00000E+00  1.00000E+00
 -5.93365E-02  6.05725E-01  8.42115E-01  9.48682E-01  9.94845E-01      -1.00000E+00  1.00000E+00
 -1.66319E-01  5.52878E-01  8.14220E-01  9.39872E-01  9.93552E-01      -1.00000E+00  1.00000E+00
 -3.95495E-01  4.29538E-01  7.64065E-01  9.24660E-01  9.91627E-01      -1.00000E+00  1.00000E+00
 -7.42487E-01  6.65572E-02  5.85893E-01  8.60933E-01  9.85170E-01      -1.00000E+00  1.00000E+00
  4.57675E-01  8.19785E-01  9.29375E-01  9.77552E-01  9.97705E-01      -9.99990E-01  1.00000E+00
  4.22075E-01  8.04892E-01  9.23022E-01  9.75803E-01  9.97460E-01      -9.99980E-01  1.00000E+00
  3.35605E-01  7.68562E-01  9.07450E-01  9.70290E-01  9.96770E-01      -1.00000E+00  1.00000E+00
  1.92279E-01  7.09368E-01  8.83645E-01  9.64058E-01  9.96112E-01      -9.99990E-01  1.00000E+00
 -1.91452E-01  4.56011E-01  7.70003E-01  9.25955E-01  9.91850E-01      -1.00000E+00  1.00000E+00


    1.   1.01    6.  12.01  2.00E+03  7.00E+01  3.79E-01  1.80E-01     5   0.00

  2.71530E+02  6.31250E+02  9.53310E+02  1.26440E+03  1.61330E+03       1.40710E-01  1.96520E+03

  4.03720E-01  6.13855E-01  7.52905E-01  8.63425E-01  9.57180E-01       6.16650E-03  1.00000E+00
  3.33315E-01  5.29865E-01  6.75030E-01  8.04365E-01  9.32025E-01       3.25050E-03  1.00000E+00
  2.67610E-01  4.32445E-01  5.67090E-01  7.07455E-01  8.80350E-01       4.60760E-03  1.00000E+00
  2.09565E-01  3.42040E-01  4.59120E-01  5.96900E-01  8.06150E-01       8.83470E-03  9.99990E-01
  1.43810E-01  2.39925E-01  3.32560E-01  4.51260E-01  6.61440E-01       1.03620E-02  9.99890E-01

 -9.23855E-01 -4.34412E-01  1.78975E-01  6.78705E-01  9.62043E-01      -1.00000E+00  1.00000E+00
 -9.31062E-01 -4.76623E-01  1.46389E-01  6.67765E-01  9.62135E-01      -1.00000E+00  1.00000E+00
 -9.36395E-01 -4.89557E-01  1.31532E-01  6.63382E-01  9.60398E-01      -1.00000E+00  1.00000E+00
 -9.38285E-01 -5.08665E-01  9.65297E-02  6.40945E-01  9.59775E-01      -1.00000E+00  1.00000E+00
 -9.43292E-01 -5.41245E-01  6.09682E-02  6.27220E-01  9.55483E-01      -1.00000E+00  1.00000E+00
 -6.41328E-01  1.82926E-01  6.35580E-01  8.80883E-01  9.87535E-01      -1.00000E+00  1.00000E+00
 -6.81410E-01  1.41394E-01  6.19943E-01  8.76150E-01  9.86563E-01      -1.00000E+00  1.00000E+00
 -7.35005E-01  6.45867E-02  5.71667E-01  8.56325E-01  9.84797E-01      -1.00000E+00  1.00000E+00
 -8.09157E-01 -5.71832E-02  4.92682E-01  8.24972E-01  9.82058E-01      -1.00000E+00  1.00000E+00
 -8.91757E-01 -3.08368E-01  3.18348E-01  7.56403E-01  9.73380E-01      -1.00000E+00  1.00000E+00
 -9.38500E-03  6.27445E-01  8.47967E-01  9.51865E-01  9.95008E-01      -1.00000E+00  1.00000E+00
 -7.70543E-02  6.04590E-01  8.37217E-01  9.47190E-01  9.94587E-01      -1.00000E+00  1.00000E+00
 -2.15741E-01  5.35417E-01  8.06645E-01  9.39590E-01  9.93687E-01      -1.00000E+00  1.00000E+00
 -4.28510E-01  4.06280E-01  7.54500E-01  9.21283E-01  9.91375E-01      -1.00000E+00  1.00000E+00
 -7.41610E-01  5.99522E-02  5.72095E-01  8.57992E-01  9.84962E-01      -1.00000E+00  1.00000E+00
  4.45775E-01  8.16527E-01  9.27655E-01  9.77013E-01  9.97580E-01      -1.00000E+00  1.00000E+00
  3.87785E-01  7.97373E-01  9.19840E-01  9.73983E-01  9.97230E-01      -1.00000E+00  1.00000E+00
  2.81863E-01  7.61880E-01  9.03528E-01  9.68875E-01  9.96750E-01      -1.00000E+00  1.00000E+00
  7.84330E-02  6.77682E-01  8.70557E-01  9.59987E-01  9.95790E-01      -1.00000E+00  1.00000E+00
 -4.72360E-01  3.58975E-01  7.33630E-01  9.14320E-01  9.90907E-01      -1.00000E+00  1.00000E+00
  7.42202E-01  9.18888E-01  9.68237E-01  9.90183E-01  9.98965E-01      -8.96600E-01  1.00000E+00
  7.16918E-01  9.06715E-01  9.63387E-01  9.88787E-01  9.98812E-01      -9.31690E-01  1.00000E+00
  6.76075E-01  8.90575E-01  9.56322E-01  9.86180E-01  9.98445E-01      -9.63030E-01  1.00000E+00
  5.75902E-01  8.52398E-01  9.41157E-01  9.81575E-01  9.98050E-01      -9.91380E-01  1.00000E+00
  2.81608E-01  7.09770E-01  8.78395E-01  9.61183E-01  9.95838E-01      -9.99990E-01  1.00000E+00


    1.   1.01    6.  12.01  2.00E+03  8.00E+01  5.53E-01  3.37E-01     5   0.00

  4.14040E+02  9.44890E+02  1.32730E+03  1.59960E+03  1.82850E+03       1.05070E-01  1.98410E+03

  3.68885E-01  5.73645E-01  7.15700E-01  8.35675E-01  9.46535E-01       6.51620E-03  1.00000E+00
  2.42205E-01  3.95300E-01  5.27635E-01  6.70470E-01  8.58510E-01       1.12810E-02  1.00000E+00
  1.63560E-01  2.69700E-01  3.72530E-01  5.02835E-01  7.32205E-01       1.68380E-02  9.99980E-01
  1.21215E-01  1.96805E-01  2.73255E-01  3.80295E-01  6.07900E-01       8.03310E-03  9.99990E-01
  8.00535E-02  1.31130E-01  1.85970E-01  2.65195E-01  4.31965E-01       2.39670E-03  9.90290E-01

 -8.22532E-01 -1.80833E-01  3.82105E-01  7.72808E-01  9.74533E-01      -1.00000E+00  1.00000E+00
 -8.55175E-01 -2.29975E-01  3.37433E-01  7.62340E-01  9.73125E-01      -1.00000E+00  1.00000E+00
 -8.77065E-01 -2.74064E-01  3.17597E-01  7.50463E-01  9.71090E-01      -1.00000E+00  1.00000E+00
 -9.05382E-01 -3.39775E-01  2.65049E-01  7.24313E-01  9.68952E-01      -1.00000E+00  1.00000E+00
 -9.27317E-01 -4.64253E-01  1.48083E-01  6.68005E-01  9.62655E-01      -1.00000E+00  1.00000E+00
  8.87750E-03  6.46352E-01  8.58725E-01  9.54603E-01  9.95123E-01      -1.00000E+00  1.00000E+00
 -6.59575E-02  6.02245E-01  8.39450E-01  9.47998E-01  9.94212E-01      -1.00000E+00  1.00000E+00
 -1.79715E-01  5.53818E-01  8.17413E-01  9.40523E-01  9.94077E-01      -1.00000E+00  1.00000E+00
 -3.59383E-01  4.45847E-01  7.70110E-01  9.24795E-01  9.91888E-01      -1.00000E+00  1.00000E+00
 -7.02377E-01  9.90000E-02  5.93655E-01  8.66777E-01  9.85575E-01      -1.00000E+00  1.00000E+00
  6.14113E-01  8.78308E-01  9.52295E-01  9.85267E-01  9.98440E-01      -1.00000E+00  1.00000E+00
  5.67732E-01  8.60150E-01  9.44427E-01  9.82492E-01  9.98195E-01      -1.00000E+00  1.00000E+00
  4.87750E-01  8.30917E-01  9.33878E-01  9.79190E-01  9.97905E-01      -1.00000E+00  1.00000E+00
  3.08422E-01  7.72188E-01  9.10097E-01  9.71105E-01  9.97003E-01      -9.99990E-01  1.00000E+00
 -3.48705E-01  4.64932E-01  7.83918E-01  9.31907E-01  9.92860E-01      -1.00000E+00  1.00000E+00
  8.33147E-01  9.49030E-01  9.79860E-01  9.93777E-01  9.99358E-01      -7.30820E-01  1.00000E+00
  8.14265E-01  9.42263E-01  9.77617E-01  9.92835E-01  9.99245E-01      -7.99140E-01  1.00000E+00
  7.62343E-01  9.25477E-01  9.71460E-01  9.90835E-01  9.99033E-01      -9.12730E-01  1.00000E+00
  6.78575E-01  8.94067E-01  9.58503E-01  9.86758E-01  9.98603E-01      -8.01690E-01  1.00000E+00
  3.04920E-01  7.37890E-01  8.96617E-01  9.68080E-01  9.96592E-01      -1.00000E+00  1.00000E+00
  9.30850E-01  9.79555E-01  9.92330E-01  9.97623E-01  9.99762E-01      -5.02870E-02  1.00000E+00
  9.18455E-01  9.75018E-01  9.90242E-01  9.96957E-01  9.99665E-01       8.55260E-02  1.00000E+00
  8.98643E-01  9.67660E-01  9.87495E-01  9.96173E-01  9.99592E-01       3.22080E-02  1.00000E+00
  8.63298E-01  9.54430E-01  9.82080E-01  9.94358E-01  9.99410E-01      -2.06860E-01  1.00000E+00
  8.06675E-01  9.24303E-01  9.68473E-01  9.89805E-01  9.98918E-01       6.11190E-03  1.00000E+00


    1.   1.01    6.  12.01  2.00E+03  8.50E+01  7.06E-01  5.29E-01     5   0.00

  6.65660E+02  1.38360E+03  1.70190E+03  1.85540E+03  1.93980E+03       5.93770E-02  1.98950E+03

  3.04010E-01  4.86330E-01  6.26545E-01  7.60595E-01  9.09670E-01       1.50130E-02  1.00000E+00
  1.40365E-01  2.32860E-01  3.26080E-01  4.51585E-01  6.91545E-01       6.94470E-03  1.00000E+00
  8.56025E-02  1.35420E-01  1.90685E-01  2.76285E-01  4.89085E-01       7.19580E-03  9.99910E-01
  5.95275E-02  9.05695E-02  1.26190E-01  1.84480E-01  3.40435E-01       1.46160E-03  9.23870E-01
  3.76285E-02  5.96035E-02  8.45795E-02  1.24415E-01  2.22035E-01       5.67940E-04  6.82480E-01

 -4.38189E-01  2.27227E-01  6.50680E-01  8.83895E-01  9.87580E-01      -1.00000E+00  1.00000E+00
 -5.06626E-01  1.60568E-01  5.95125E-01  8.61278E-01  9.85483E-01      -1.00000E+00  1.00000E+00
 -5.94170E-01  8.49600E-02  5.49813E-01  8.44310E-01  9.82958E-01      -1.00000E+00  1.00000E+00
 -6.92695E-01 -8.17250E-03  4.82265E-01  8.18732E-01  9.80218E-01      -1.00000E+00  1.00000E+00
 -8.56810E-01 -2.46205E-01  3.31121E-01  7.55610E-01  9.72703E-01      -1.00000E+00  1.00000E+00
  6.64493E-01  8.98170E-01  9.61287E-01  9.88013E-01  9.98700E-01      -1.00000E+00  1.00000E+00
  6.25130E-01  8.84105E-01  9.55093E-01  9.85582E-01  9.98513E-01      -1.00000E+00  1.00000E+00
  5.50935E-01  8.55680E-01  9.43380E-01  9.82417E-01  9.98147E-01      -1.00000E+00  1.00000E+00
  3.81815E-01  8.01527E-01  9.23102E-01  9.76052E-01  9.97425E-01      -1.00000E+00  1.00000E+00
 -2.74980E-01  5.07208E-01  8.06495E-01  9.39198E-01  9.93555E-01      -1.00000E+00  1.00000E+00
  9.15077E-01  9.75400E-01  9.90733E-01  9.97075E-01  9.99692E-01      -3.21700E-01  1.00000E+00
  9.00758E-01  9.70087E-01  9.88565E-01  9.96408E-01  9.99645E-01      -3.04100E-01  1.00000E+00
  8.72105E-01  9.61357E-01  9.85298E-01  9.95402E-01  9.99525E-01      -4.56060E-01  1.00000E+00
  8.08913E-01  9.41648E-01  9.77650E-01  9.93043E-01  9.99277E-01      -4.47700E-01  1.00000E+00
  5.54440E-01  8.37627E-01  9.35907E-01  9.80077E-01  9.97867E-01      -9.99960E-01  1.00000E+00
  9.71485E-01  9.92160E-01  9.97080E-01  9.99125E-01  9.99910E-01       2.16830E-01  1.00000E+00
  9.65100E-01  9.90020E-01  9.96245E-01  9.98878E-01  9.99877E-01       3.25800E-01  1.00000E+00
  9.52415E-01  9.86235E-01  9.94700E-01  9.98365E-01  9.99840E-01       3.44980E-01  1.00000E+00
  9.21473E-01  9.77017E-01  9.91347E-01  9.97317E-01  9.99713E-01       1.81840E-01  1.00000E+00
  8.47553E-01  9.44695E-01  9.77458E-01  9.92847E-01  9.99223E-01       2.29190E-01  1.00000E+00
  9.90185E-01  9.97280E-01  9.98992E-01  9.99695E-01  9.99968E-01       7.28120E-01  1.00000E+00
  9.85888E-01  9.95993E-01  9.98483E-01  9.99530E-01  9.99955E-01       7.64460E-01  1.00000E+00
  9.79170E-01  9.93885E-01  9.97705E-01  9.99295E-01  9.99930E-01       7.32630E-01  1.00000E+00
  9.69100E-01  9.90495E-01  9.96380E-01  9.98888E-01  9.99883E-01       7.11420E-01  1.00000E+00
  9.49532E-01  9.81090E-01  9.92265E-01  9.97552E-01  9.99745E-01       6.90660E-01  1.00000E+00


    1.   1.01    6.  12.01  5.00E+03  0.00E+00  1.97E-02  5.08E-03     5   0.00

  2.47670E+02  6.13200E+02  1.03830E+03  1.65840E+03  2.80220E+03       4.38450E-01  4.24230E+03

  4.18070E-01  6.34030E-01  7.71115E-01  8.74820E-01  9.60350E-01       5.47990E-02  9.99950E-01
  4.23350E-01  6.33855E-01  7.69770E-01  8.75705E-01  9.62420E-01       3.78440E-02  9.99960E-01
  3.94125E-01  6.04965E-01  7.47880E-01  8.59005E-01  9.55755E-01       3.98370E-02  9.99960E-01
  3.58955E-01  5.60040E-01  7.02190E-01  8.24335E-01  9.42270E-01       3.21680E-02  1.00000E+00
  2.50630E-01  4.35190E-01  5.82380E-01  7.34195E-01  8.98745E-01       3.09180E-02  1.00000E+00

 -9.47625E-01 -5.68050E-01  4.81250E-03  5.83430E-01  9.42588E-01      -1.00000E+00  9.99940E-01
 -9.37442E-01 -5.69965E-01 -4.65925E-05  6.03087E-01  9.65052E-01      -1.00000E+00  9.99800E-01
 -9.50375E-01 -5.47073E-01  4.19160E-02  6.15725E-01  9.56045E-01      -1.00000E+00  9.99860E-01
 -9.53265E-01 -5.58377E-01  2.88640E-02  5.79213E-01  9.37145E-01      -1.00000E+00  9.98890E-01
 -9.42720E-01 -5.08560E-01  1.10955E-01  6.25100E-01  9.61210E-01      -9.99950E-01  9.99820E-01
 -9.32055E-01 -5.47100E-01  1.26971E-01  6.46485E-01  9.57995E-01      -9.99990E-01  9.99960E-01
 -9.53250E-01 -5.78867E-01  1.93934E-02  6.17652E-01  9.44692E-01      -1.00000E+00  1.00000E+00
 -9.51633E-01 -5.54200E-01  2.45925E-02  5.91128E-01  9.53838E-01      -1.00000E+00  9.99660E-01
 -9.54170E-01 -6.03380E-01 -5.67505E-02  5.69732E-01  9.40968E-01      -9.99990E-01  9.99830E-01
 -9.56310E-01 -5.70395E-01 -3.57400E-02  5.75625E-01  9.39667E-01      -1.00000E+00  9.99230E-01
 -9.49120E-01 -6.12278E-01 -5.74472E-03  5.89135E-01  9.46643E-01      -1.00000E+00  9.99900E-01
 -9.41095E-01 -5.80910E-01 -3.65133E-02  5.66280E-01  9.49155E-01      -1.00000E+00  9.99980E-01
 -9.52930E-01 -5.81943E-01  7.71600E-03  5.74342E-01  9.39542E-01      -1.00000E+00  9.99680E-01
 -9.47507E-01 -5.59875E-01  4.44092E-02  6.20390E-01  9.58983E-01      -1.00000E+00  9.99720E-01
 -9.52043E-01 -5.72985E-01 -5.73500E-04  5.73028E-01  9.54445E-01      -1.00000E+00  9.99650E-01
 -9.41030E-01 -5.71325E-01 -7.70675E-04  5.72265E-01  9.46677E-01      -1.00000E+00  9.99960E-01
 -9.39260E-01 -5.67065E-01  2.77855E-02  5.89867E-01  9.49450E-01      -1.00000E+00  9.99960E-01
 -9.41080E-01 -5.90120E-01  8.35932E-02  6.50740E-01  9.60795E-01      -1.00000E+00  9.99730E-01
 -9.21957E-01 -5.41828E-01  7.82825E-03  5.69843E-01  9.43615E-01      -1.00000E+00  9.99520E-01
 -9.42105E-01 -5.79942E-01 -1.07005E-02  5.56970E-01  9.50412E-01      -9.99980E-01  9.99880E-01
 -9.44815E-01 -5.75678E-01 -3.91155E-02  5.60553E-01  9.49075E-01      -1.00000E+00  9.99870E-01
 -9.50650E-01 -6.02298E-01 -3.26690E-02  5.99242E-01  9.45060E-01      -1.00000E+00  9.99960E-01
 -9.52055E-01 -6.06595E-01  2.37000E-04  5.61797E-01  9.48505E-01      -1.00000E+00  9.99920E-01
 -9.44518E-01 -6.05897E-01  2.24593E-02  5.84553E-01  9.53932E-01      -1.00000E+00  9.99810E-01
 -9.56185E-01 -6.07150E-01 -1.95966E-02  6.20618E-01  9.51043E-01      -1.00000E+00  9.99950E-01


    1.   1.01    6.  12.01  5.00E+03  3.00E+01  3.57E-02  8.98E-03     5   0.00

  2.38380E+02  5.87040E+02  9.86940E+02  1.58470E+03  2.77440E+03       5.36670E-02  4.55260E+03

  4.14155E-01  6.29875E-01  7.65580E-01  8.69170E-01  9.58910E-01       1.51690E-02  9.99990E-01
  4.14745E-01  6.31660E-01  7.71200E-01  8.72700E-01  9.61020E-01       4.15220E-02  1.00000E+00
  4.01735E-01  6.18705E-01  7.53315E-01  8.64730E-01  9.58015E-01       6.41500E-02  1.00000E+00
  3.49505E-01  5.52570E-01  6.94690E-01  8.16920E-01  9.37495E-01       3.15450E-02  9.99980E-01
  2.42620E-01  4.15865E-01  5.57055E-01  7.10025E-01  8.87625E-01       2.91720E-02  9.99970E-01

 -9.54627E-01 -5.74353E-01  9.73733E-03  6.35305E-01  9.49153E-01      -1.00000E+00  9.99910E-01
 -9.51653E-01 -5.69353E-01  1.21280E-02  6.18430E-01  9.54150E-01      -1.00000E+00  9.99510E-01
 -9.49943E-01 -5.83455E-01  5.24675E-03  5.85230E-01  9.46375E-01      -1.00000E+00  9.99990E-01
 -9.46992E-01 -5.19657E-01  7.92653E-02  6.33808E-01  9.56657E-01      -1.00000E+00  9.99910E-01
 -9.40425E-01 -5.62805E-01  3.35580E-02  5.96850E-01  9.52425E-01      -9.99990E-01  9.99980E-01
 -9.18675E-01 -3.87587E-01  2.25282E-01  7.36485E-01  9.70540E-01      -1.00000E+00  9.99960E-01
 -9.26265E-01 -4.57310E-01  1.86818E-01  6.64810E-01  9.64570E-01      -1.00000E+00  9.99980E-01
 -9.21100E-01 -4.39843E-01  2.12693E-01  7.11477E-01  9.69557E-01      -1.00000E+00  9.99990E-01
 -9.42462E-01 -5.42905E-01  8.62325E-02  6.30565E-01  9.62272E-01      -1.00000E+00  1.00000E+00
 -9.40107E-01 -5.23508E-01  8.50812E-02  6.47902E-01  9.50362E-01      -1.00000E+00  9.99890E-01
 -8.40938E-01 -1.64175E-01  4.51403E-01  7.87948E-01  9.76285E-01      -9.99970E-01  9.99990E-01
 -8.38915E-01 -2.11093E-01  3.92405E-01  7.81720E-01  9.73405E-01      -9.99980E-01  9.99990E-01
 -8.68725E-01 -1.73350E-01  4.14988E-01  8.05432E-01  9.71927E-01      -9.99990E-01  9.99970E-01
 -8.76010E-01 -3.56900E-01  3.32425E-01  7.78075E-01  9.75210E-01      -1.00000E+00  9.99990E-01
 -9.24187E-01 -4.58433E-01  1.40790E-01  6.79485E-01  9.55885E-01      -9.99990E-01  9.99990E-01
 -7.16000E-01  1.43614E-01  6.38487E-01  8.75340E-01  9.86735E-01      -1.00000E+00  1.00000E+00
 -7.49480E-01  8.49557E-02  5.81105E-01  8.57868E-01  9.85498E-01      -1.00000E+00  9.99950E-01
 -7.96835E-01  1.87541E-02  5.54340E-01  8.39433E-01  9.85160E-01      -1.00000E+00  1.00000E+00
 -8.38205E-01 -1.38129E-01  4.67047E-01  8.35368E-01  9.79445E-01      -1.00000E+00  9.99990E-01
 -9.10343E-01 -3.60230E-01  3.05975E-01  7.48990E-01  9.70990E-01      -1.00000E+00  9.99980E-01
 -5.64785E-01  2.97272E-01  7.11112E-01  9.07082E-01  9.87953E-01      -1.00000E+00  9.99990E-01
 -6.40015E-01  2.14168E-01  6.95192E-01  8.98775E-01  9.88683E-01      -1.00000E+00  9.99990E-01
 -6.89098E-01  1.92865E-01  6.61600E-01  8.92940E-01  9.89012E-01      -1.00000E+00  1.00000E+00
 -7.71637E-01  4.46890E-02  5.63755E-01  8.55990E-01  9.85265E-01      -1.00000E+00  9.99990E-01
 -8.78893E-01 -2.37816E-01  4.03303E-01  7.78132E-01  9.79832E-01      -1.00000E+00  9.99980E-01


    1.   1.01    6.  12.01  5.00E+03  4.50E+01  7.14E-02  1.83E-02     5   0.00

  2.52770E+02  6.13330E+02  1.02030E+03  1.61120E+03  2.77610E+03       6.12020E-02  4.71370E+03

  4.17875E-01  6.31390E-01  7.64840E-01  8.71795E-01  9.60220E-01       4.16470E-02  1.00000E+00
  4.09105E-01  6.26610E-01  7.61995E-01  8.69620E-01  9.58815E-01       3.89330E-02  1.00000E+00
  3.89825E-01  6.00875E-01  7.40000E-01  8.51585E-01  9.51885E-01       3.16000E-02  9.99990E-01
  3.38085E-01  5.33025E-01  6.70320E-01  7.97825E-01  9.27800E-01       3.62620E-02  9.99980E-01
  2.29420E-01  3.91755E-01  5.28465E-01  6.76830E-01  8.62635E-01       2.32310E-02  9.99930E-01

 -9.38177E-01 -5.44400E-01  5.48783E-02  6.26545E-01  9.52597E-01      -1.00000E+00  9.99990E-01
 -9.38503E-01 -5.11197E-01  6.78625E-02  6.28132E-01  9.55260E-01      -1.00000E+00  9.99990E-01
 -9.40810E-01 -5.41843E-01  5.14542E-02  6.13513E-01  9.51602E-01      -1.00000E+00  1.00000E+00
 -9.52415E-01 -5.84280E-01  1.22233E-02  5.84965E-01  9.47932E-01      -1.00000E+00  9.99990E-01
 -9.49707E-01 -5.66270E-01  4.85620E-02  6.10278E-01  9.51037E-01      -1.00000E+00  1.00000E+00
 -8.89698E-01 -2.76181E-01  3.61382E-01  7.60563E-01  9.73990E-01      -1.00000E+00  9.99990E-01
 -8.90315E-01 -2.95687E-01  2.98318E-01  7.47878E-01  9.73530E-01      -1.00000E+00  1.00000E+00
 -9.01103E-01 -3.53630E-01  2.73205E-01  7.36815E-01  9.69620E-01      -1.00000E+00  1.00000E+00
 -9.20175E-01 -4.08277E-01  2.03655E-01  7.03720E-01  9.67278E-01      -1.00000E+00  9.99980E-01
 -9.37440E-01 -4.77980E-01  1.40729E-01  6.71827E-01  9.66135E-01      -1.00000E+00  1.00000E+00
 -6.86935E-01  1.76982E-01  6.33217E-01  8.83985E-01  9.88725E-01      -9.99990E-01  1.00000E+00
 -7.71095E-01  2.32115E-02  5.55913E-01  8.52415E-01  9.84638E-01      -1.00000E+00  9.99990E-01
 -8.07945E-01 -1.21105E-02  5.29767E-01  8.36650E-01  9.82830E-01      -1.00000E+00  1.00000E+00
 -8.71517E-01 -1.72355E-01  4.20280E-01  8.03880E-01  9.77840E-01      -1.00000E+00  9.99980E-01
 -9.01330E-01 -3.44060E-01  2.81155E-01  7.36565E-01  9.70958E-01      -9.99980E-01  1.00000E+00
 -4.06207E-01  4.20215E-01  7.60853E-01  9.21308E-01  9.90748E-01      -1.00000E+00  1.00000E+00
 -4.69205E-01  3.64075E-01  7.47660E-01  9.19593E-01  9.92160E-01      -9.99960E-01  1.00000E+00
 -5.51782E-01  3.20433E-01  7.26398E-01  9.09985E-01  9.90047E-01      -1.00000E+00  9.99990E-01
 -6.91593E-01  1.83797E-01  6.46700E-01  8.86285E-01  9.88372E-01      -1.00000E+00  1.00000E+00
 -8.49257E-01 -1.52426E-01  4.28102E-01  7.98582E-01  9.78563E-01      -1.00000E+00  1.00000E+00
 -6.45935E-02  6.43315E-01  8.57407E-01  9.56250E-01  9.95330E-01      -1.00000E+00  1.00000E+00
 -1.59426E-01  5.90742E-01  8.40250E-01  9.49595E-01  9.94490E-01      -1.00000E+00  1.00000E+00
 -2.54406E-01  5.45708E-01  8.16195E-01  9.44542E-01  9.94328E-01      -9.99970E-01  1.00000E+00
 -4.46615E-01  4.21442E-01  7.67415E-01  9.21343E-01  9.91325E-01      -9.99990E-01  1.00000E+00
 -7.59935E-01  3.89375E-02  5.67543E-01  8.57140E-01  9.84063E-01      -1.00000E+00  1.00000E+00


    1.   1.01    6.  12.01  5.00E+03  6.00E+01  1.62E-01  4.75E-02     5   0.00

  3.07460E+02  7.45720E+02  1.23070E+03  1.87600E+03  3.02580E+03       4.62770E-02  4.83710E+03

  4.10455E-01  6.23435E-01  7.61070E-01  8.67600E-01  9.58740E-01       2.62080E-02  1.00000E+00
  3.83580E-01  5.95200E-01  7.35535E-01  8.50985E-01  9.51980E-01       2.99460E-02  1.00000E+00
  3.42110E-01  5.39140E-01  6.78255E-01  8.04535E-01  9.30825E-01       2.30420E-02  9.99960E-01
  2.82030E-01  4.52555E-01  5.84655E-01  7.19900E-01  8.85975E-01       1.77920E-02  9.99980E-01
  1.91180E-01  3.23690E-01  4.42385E-01  5.83710E-01  8.01940E-01       1.59010E-02  9.99970E-01

 -9.37005E-01 -4.94420E-01  1.31392E-01  6.57528E-01  9.59415E-01      -1.00000E+00  1.00000E+00
 -9.37630E-01 -4.89370E-01  1.11614E-01  6.52530E-01  9.61327E-01      -1.00000E+00  1.00000E+00
 -9.41890E-01 -5.05038E-01  9.89245E-02  6.47835E-01  9.63267E-01      -1.00000E+00  1.00000E+00
 -9.42453E-01 -5.45700E-01  7.43885E-02  6.24602E-01  9.57528E-01      -1.00000E+00  1.00000E+00
 -9.47638E-01 -5.67922E-01  2.69947E-02  6.06322E-01  9.51890E-01      -1.00000E+00  1.00000E+00
 -7.65683E-01  3.12107E-02  5.45615E-01  8.44585E-01  9.81332E-01      -1.00000E+00  1.00000E+00
 -7.80462E-01 -2.95310E-02  5.07280E-01  8.33605E-01  9.81073E-01      -1.00000E+00  1.00000E+00
 -8.22280E-01 -1.38806E-01  4.68230E-01  8.13052E-01  9.79885E-01      -1.00000E+00  1.00000E+00
 -8.77215E-01 -2.50889E-01  3.76425E-01  7.76913E-01  9.72555E-01      -1.00000E+00  1.00000E+00
 -9.14520E-01 -4.17442E-01  2.12557E-01  7.05622E-01  9.64688E-01      -1.00000E+00  1.00000E+00
 -3.15655E-01  4.53878E-01  7.65327E-01  9.26275E-01  9.92113E-01      -1.00000E+00  1.00000E+00
 -4.20318E-01  4.12120E-01  7.51912E-01  9.18775E-01  9.91055E-01      -1.00000E+00  1.00000E+00
 -5.01043E-01  3.28370E-01  7.14627E-01  9.07803E-01  9.89620E-01      -1.00000E+00  1.00000E+00
 -6.62597E-01  1.78281E-01  6.40255E-01  8.81018E-01  9.86680E-01      -1.00000E+00  1.00000E+00
 -8.46788E-01 -1.29529E-01  4.40798E-01  8.10787E-01  9.79670E-01      -1.00000E+00  1.00000E+00
  1.38033E-01  7.00383E-01  8.83855E-01  9.62320E-01  9.96100E-01      -1.00000E+00  1.00000E+00
  9.11347E-02  6.71673E-01  8.65208E-01  9.55715E-01  9.95493E-01      -1.00000E+00  1.00000E+00
 -4.19606E-02  6.23245E-01  8.47438E-01  9.50493E-01  9.94922E-01      -1.00000E+00  1.00000E+00
 -2.58275E-01  5.26342E-01  8.04048E-01  9.36718E-01  9.93205E-01      -1.00000E+00  1.00000E+00
 -6.85195E-01  1.56189E-01  6.33833E-01  8.77435E-01  9.87745E-01      -1.00000E+00  1.00000E+00
  4.91315E-01  8.43245E-01  9.39103E-01  9.81208E-01  9.97962E-01      -1.00000E+00  1.00000E+00
  4.38308E-01  8.20982E-01  9.27468E-01  9.77462E-01  9.97630E-01      -9.99970E-01  1.00000E+00
  3.54907E-01  7.81042E-01  9.12515E-01  9.73008E-01  9.97115E-01      -1.00000E+00  1.00000E+00
  8.53206E-02  7.02450E-01  8.84990E-01  9.63545E-01  9.96247E-01      -1.00000E+00  1.00000E+00
 -4.43939E-01  3.82210E-01  7.44332E-01  9.19495E-01  9.91770E-01      -1.00000E+00  1.00000E+00


    1.   1.01    6.  12.01  5.00E+03  7.00E+01  2.81E-01  1.00E-01     5   0.00

  3.97120E+02  9.77630E+02  1.59970E+03  2.35350E+03  3.46880E+03       1.22370E-01  4.91800E+03

  3.99915E-01  6.12130E-01  7.50825E-01  8.61580E-01  9.56270E-01       1.49530E-02  1.00000E+00
  3.39430E-01  5.39025E-01  6.83935E-01  8.11160E-01  9.34800E-01       2.76170E-02  9.99970E-01
  2.71975E-01  4.38485E-01  5.72990E-01  7.09960E-01  8.80335E-01       2.43860E-02  1.00000E+00
  2.11175E-01  3.47535E-01  4.62770E-01  5.95750E-01  8.00640E-01       1.91900E-02  1.00000E+00
  1.42655E-01  2.42090E-01  3.37695E-01  4.60115E-01  6.86970E-01       1.33740E-02  9.99910E-01

 -9.02662E-01 -3.65015E-01  2.35768E-01  7.08692E-01  9.67097E-01      -1.00000E+00  1.00000E+00
 -9.14850E-01 -4.03965E-01  1.85747E-01  6.81707E-01  9.63572E-01      -1.00000E+00  1.00000E+00
 -9.18465E-01 -4.15085E-01  1.82675E-01  6.92655E-01  9.63782E-01      -1.00000E+00  1.00000E+00
 -9.28800E-01 -4.61010E-01  1.61696E-01  6.78288E-01  9.61440E-01      -1.00000E+00  1.00000E+00
 -9.42908E-01 -5.28095E-01  8.52902E-02  6.40103E-01  9.57775E-01      -1.00000E+00  1.00000E+00
 -4.97438E-01  3.33255E-01  7.13730E-01  9.05693E-01  9.89663E-01      -1.00000E+00  1.00000E+00
 -5.38265E-01  2.87640E-01  6.87277E-01  8.95625E-01  9.89253E-01      -1.00000E+00  1.00000E+00
 -6.09990E-01  2.01548E-01  6.46055E-01  8.82405E-01  9.86900E-01      -1.00000E+00  1.00000E+00
 -7.36860E-01  4.66935E-02  5.55465E-01  8.52100E-01  9.85090E-01      -1.00000E+00  1.00000E+00
 -8.63775E-01 -2.40144E-01  3.77885E-01  7.79345E-01  9.75243E-01      -1.00000E+00  1.00000E+00
  1.82140E-01  7.01560E-01  8.77910E-01  9.60803E-01  9.96035E-01      -1.00000E+00  1.00000E+00
  9.15617E-02  6.66843E-01  8.64145E-01  9.57155E-01  9.95568E-01      -1.00000E+00  1.00000E+00
 -3.88973E-02  6.18810E-01  8.44120E-01  9.48937E-01  9.94537E-01      -1.00000E+00  1.00000E+00
 -2.37268E-01  5.13578E-01  7.99365E-01  9.36477E-01  9.93235E-01      -1.00000E+00  1.00000E+00
 -6.49410E-01  1.59364E-01  6.26448E-01  8.78185E-01  9.86758E-01      -1.00000E+00  1.00000E+00
  5.48025E-01  8.47208E-01  9.39460E-01  9.80830E-01  9.98058E-01      -1.00000E+00  1.00000E+00
  5.06660E-01  8.33992E-01  9.35323E-01  9.79728E-01  9.97918E-01      -9.99980E-01  1.00000E+00
  4.25150E-01  8.06220E-01  9.20455E-01  9.74908E-01  9.97420E-01      -9.99980E-01  1.00000E+00
  2.13222E-01  7.36402E-01  8.94830E-01  9.66470E-01  9.96220E-01      -1.00000E+00  1.00000E+00
 -3.98643E-01  4.29855E-01  7.69023E-01  9.28155E-01  9.92195E-01      -1.00000E+00  1.00000E+00
  7.62917E-01  9.24033E-01  9.70738E-01  9.90730E-01  9.99015E-01      -9.99960E-01  1.00000E+00
  7.33152E-01  9.14162E-01  9.66082E-01  9.89638E-01  9.98907E-01      -9.99960E-01  1.00000E+00
  6.67195E-01  8.91982E-01  9.57655E-01  9.86817E-01  9.98655E-01      -9.99920E-01  1.00000E+00
  5.37983E-01  8.48622E-01  9.41235E-01  9.81393E-01  9.98100E-01      -9.99940E-01  1.00000E+00
 -1.24590E-02  6.24860E-01  8.55485E-01  9.55902E-01  9.95193E-01      -1.00000E+00  1.00000E+00


    1.   1.01    6.  12.01  5.00E+03  8.00E+01  4.73E-01  2.33E-01     5   0.00

  6.20850E+02  1.58680E+03  2.50330E+03  3.34900E+03  4.22140E+03       1.27020E-01  4.96660E+03

  3.65105E-01  5.72025E-01  7.13835E-01  8.34925E-01  9.45710E-01       9.28060E-03  9.99990E-01
  2.39800E-01  3.94865E-01  5.25350E-01  6.65475E-01  8.52915E-01       1.81900E-02  9.99990E-01
  1.61960E-01  2.68050E-01  3.66585E-01  4.88835E-01  7.10180E-01       1.22830E-02  9.99980E-01
  1.17605E-01  1.94050E-01  2.66900E-01  3.67910E-01  5.85130E-01       1.09430E-02  9.99950E-01
  7.92925E-02  1.32420E-01  1.88305E-01  2.70685E-01  4.58145E-01       6.86940E-03  9.99820E-01

 -7.17100E-01 -3.73575E-02  4.70867E-01  8.09205E-01  9.78975E-01      -1.00000E+00  1.00000E+00
 -7.83220E-01 -9.95450E-02  4.29785E-01  7.94170E-01  9.77073E-01      -1.00000E+00  1.00000E+00
 -8.23853E-01 -1.74852E-01  3.84343E-01  7.77668E-01  9.76398E-01      -1.00000E+00  1.00000E+00
 -8.63580E-01 -2.53029E-01  3.28232E-01  7.48595E-01  9.71785E-01      -1.00000E+00  1.00000E+00
 -9.13582E-01 -4.06830E-01  2.00116E-01  6.93770E-01  9.66440E-01      -1.00000E+00  1.00000E+00
  2.34275E-01  7.23415E-01  8.87115E-01  9.63770E-01  9.96100E-01      -1.00000E+00  1.00000E+00
  1.74684E-01  6.92468E-01  8.74827E-01  9.59738E-01  9.95727E-01      -1.00000E+00  1.00000E+00
  5.28475E-02  6.43265E-01  8.54093E-01  9.53318E-01  9.94973E-01      -1.00000E+00  1.00000E+00
 -1.65821E-01  5.52195E-01  8.16675E-01  9.40473E-01  9.93650E-01      -1.00000E+00  1.00000E+00
 -5.99063E-01  2.12502E-01  6.56713E-01  8.85883E-01  9.88215E-01      -1.00000E+00  1.00000E+00
  7.02200E-01  8.98720E-01  9.59605E-01  9.87073E-01  9.98618E-01      -1.00000E+00  1.00000E+00
  6.60713E-01  8.83703E-01  9.53527E-01  9.85370E-01  9.98422E-01      -1.00000E+00  1.00000E+00
  5.90558E-01  8.63217E-01  9.45465E-01  9.82565E-01  9.98120E-01      -1.00000E+00  1.00000E+00
  4.71737E-01  8.23963E-01  9.28825E-01  9.77248E-01  9.97613E-01      -1.00000E+00  1.00000E+00
 -1.53051E-01  5.74898E-01  8.34583E-01  9.48000E-01  9.94490E-01      -1.00000E+00  1.00000E+00
  8.56460E-01  9.53910E-01  9.81635E-01  9.94182E-01  9.99387E-01      -1.00000E+00  1.00000E+00
  8.42362E-01  9.48090E-01  9.79730E-01  9.93628E-01  9.99310E-01      -9.99550E-01  1.00000E+00
  8.08732E-01  9.38168E-01  9.76123E-01  9.92488E-01  9.99195E-01      -1.00000E+00  1.00000E+00
  7.26315E-01  9.12620E-01  9.65498E-01  9.89077E-01  9.98873E-01      -9.99990E-01  1.00000E+00
  1.74697E-01  7.44755E-01  9.06698E-01  9.71650E-01  9.97097E-01      -1.00000E+00  1.00000E+00
  9.36025E-01  9.80028E-01  9.92382E-01  9.97615E-01  9.99727E-01      -5.20300E-01  1.00000E+00
  9.22247E-01  9.75705E-01  9.90665E-01  9.97115E-01  9.99705E-01      -5.56460E-01  1.00000E+00
  9.02062E-01  9.69575E-01  9.88290E-01  9.96303E-01  9.99618E-01      -5.53360E-01  1.00000E+00
  8.54877E-01  9.54180E-01  9.82363E-01  9.94530E-01  9.99428E-01      -7.57730E-01  1.00000E+00
  6.62903E-01  8.86800E-01  9.55273E-01  9.85873E-01  9.98505E-01      -9.99860E-01  1.00000E+00


    1.   1.01    6.  12.01  5.00E+03  8.50E+01  6.26E-01  3.97E-01     5   0.00

  9.86210E+02  2.49920E+03  3.53980E+03  4.20140E+03  4.69740E+03       2.62040E-01  4.98090E+03

  3.07355E-01  4.92160E-01  6.33325E-01  7.65865E-01  9.11235E-01       7.96840E-03  1.00000E+00
  1.46930E-01  2.46855E-01  3.41180E-01  4.62005E-01  6.85415E-01       1.45580E-02  9.99980E-01
  8.87500E-02  1.45550E-01  2.03950E-01  2.87060E-01  4.87110E-01       1.28050E-02  9.99950E-01
  6.38300E-02  1.00579E-01  1.40345E-01  2.00485E-01  3.63495E-01       4.89170E-03  9.99810E-01
  4.25405E-02  6.76380E-02  9.69055E-02  1.43600E-01  2.63155E-01       1.79260E-03  9.34030E-01

 -3.40460E-01  3.11007E-01  6.87125E-01  8.94942E-01  9.89132E-01      -1.00000E+00  1.00000E+00
 -4.16582E-01  2.39148E-01  6.48090E-01  8.84983E-01  9.88065E-01      -1.00000E+00  1.00000E+00
 -5.07204E-01  1.50410E-01  5.95810E-01  8.64663E-01  9.85417E-01      -1.00000E+00  1.00000E+00
 -6.29925E-01  5.19550E-02  5.35532E-01  8.37633E-01  9.83073E-01      -1.00000E+00  1.00000E+00
 -8.23910E-01 -1.80924E-01  3.79431E-01  7.71378E-01  9.75078E-01      -1.00000E+00  1.00000E+00
  7.07942E-01  9.03625E-01  9.61132E-01  9.87885E-01  9.98738E-01      -9.99980E-01  1.00000E+00
  6.68720E-01  8.88003E-01  9.55762E-01  9.85845E-01  9.98517E-01      -1.00000E+00  1.00000E+00
  6.01847E-01  8.68267E-01  9.47162E-01  9.83145E-01  9.98202E-01      -9.99990E-01  1.00000E+00
  4.65875E-01  8.25102E-01  9.30073E-01  9.77435E-01  9.97690E-01      -1.00000E+00  1.00000E+00
 -1.27684E-01  5.88745E-01  8.40005E-01  9.49670E-01  9.94778E-01      -1.00000E+00  1.00000E+00
  9.09155E-01  9.71307E-01  9.88635E-01  9.96440E-01  9.99620E-01      -9.99980E-01  1.00000E+00
  8.95270E-01  9.66207E-01  9.86640E-01  9.95827E-01  9.99560E-01      -9.99770E-01  1.00000E+00
  8.69600E-01  9.58280E-01  9.83407E-01  9.94777E-01  9.99452E-01      -9.99980E-01  1.00000E+00
  8.15605E-01  9.42018E-01  9.77285E-01  9.92903E-01  9.99272E-01      -9.99810E-01  1.00000E+00
  3.29610E-01  8.15102E-01  9.32868E-01  9.79302E-01  9.97842E-01      -1.00000E+00  1.00000E+00
  9.63342E-01  9.88855E-01  9.95663E-01  9.98653E-01  9.99865E-01      -3.90540E-01  1.00000E+00
  9.55885E-01  9.86552E-01  9.94800E-01  9.98400E-01  9.99833E-01      -2.94050E-01  1.00000E+00
  9.44207E-01  9.83020E-01  9.93445E-01  9.97938E-01  9.99788E-01      -3.18160E-01  1.00000E+00
  9.16890E-01  9.74360E-01  9.90180E-01  9.96958E-01  9.99667E-01      -3.45840E-01  1.00000E+00
  7.29335E-01  9.19232E-01  9.69820E-01  9.90670E-01  9.99040E-01      -9.97940E-01  1.00000E+00
  9.84950E-01  9.95677E-01  9.98375E-01  9.99493E-01  9.99950E-01       4.38040E-01  1.00000E+00
  9.80332E-01  9.94183E-01  9.97810E-01  9.99315E-01  9.99925E-01       4.64780E-01  1.00000E+00
  9.73005E-01  9.91965E-01  9.96955E-01  9.99060E-01  9.99900E-01       4.01030E-01  1.00000E+00
  9.58160E-01  9.87445E-01  9.95212E-01  9.98490E-01  9.99848E-01       3.65460E-01  1.00000E+00
  9.03832E-01  9.67540E-01  9.87252E-01  9.96023E-01  9.99585E-01       2.30080E-01  1.00000E+00



