H_on_W_1.00  also includes: pdf boundaries emin,emax, angmin, angmax....       
 
*  projectile surface binding energy parameter: 1.00 eV     
*  parameter esbparm only added in first of the 84 blocks
 
 
    1.   1.01   74. 183.84  1.00E+00  0.00E+00  6.47E-01  4.24E-01  1.00E+00   5   0.00

  3.58610E-01  5.91830E-01  7.23370E-01  7.81450E-01  8.66700E-01       6.17120E-04  8.89020E-01

  3.13765E-01  5.45535E-01  7.05855E-01  8.36685E-01  9.48470E-01       1.29720E-03  1.00000E+00
  3.12060E-01  5.42460E-01  7.02705E-01  8.34485E-01  9.47945E-01       2.47750E-03  1.00000E+00
  3.05545E-01  5.32640E-01  6.94470E-01  8.27325E-01  9.44840E-01       1.61570E-03  9.99990E-01
  3.05610E-01  5.32900E-01  6.93210E-01  8.26930E-01  9.44610E-01       1.55030E-03  1.00000E+00
  2.77870E-01  4.89920E-01  6.46350E-01  7.85345E-01  9.24760E-01       5.45980E-04  1.00000E+00

 -9.51700E-01 -5.85878E-01 -1.15552E-03  5.81932E-01  9.51377E-01      -1.00000E+00  1.00000E+00
 -9.52075E-01 -5.91960E-01 -9.10332E-03  5.86690E-01  9.52317E-01      -1.00000E+00  1.00000E+00
 -9.49965E-01 -5.86040E-01  2.12911E-03  5.83210E-01  9.49713E-01      -1.00000E+00  1.00000E+00
 -9.48760E-01 -5.82512E-01 -3.15893E-03  5.85797E-01  9.50325E-01      -1.00000E+00  1.00000E+00
 -9.51582E-01 -5.91520E-01 -7.29690E-03  5.79373E-01  9.48670E-01      -1.00000E+00  1.00000E+00
 -9.50025E-01 -5.86098E-01 -6.11660E-03  5.79748E-01  9.49757E-01      -1.00000E+00  1.00000E+00
 -9.50260E-01 -5.82348E-01 -5.60270E-03  5.85638E-01  9.48505E-01      -1.00000E+00  1.00000E+00
 -9.50970E-01 -5.85465E-01 -9.59650E-04  5.80685E-01  9.50555E-01      -1.00000E+00  1.00000E+00
 -9.51017E-01 -5.96935E-01  9.89725E-04  5.86423E-01  9.49353E-01      -1.00000E+00  1.00000E+00
 -9.51407E-01 -5.88213E-01  5.85191E-03  5.87155E-01  9.50753E-01      -1.00000E+00  1.00000E+00
 -9.50200E-01 -5.82060E-01  8.60520E-03  5.96925E-01  9.52470E-01      -1.00000E+00  1.00000E+00
 -9.51845E-01 -5.88575E-01 -1.52105E-03  5.90620E-01  9.51992E-01      -1.00000E+00  1.00000E+00
 -9.50140E-01 -5.81570E-01 -2.08495E-03  5.79133E-01  9.48185E-01      -1.00000E+00  1.00000E+00
 -9.50045E-01 -5.81910E-01  3.99683E-03  5.88427E-01  9.49207E-01      -1.00000E+00  1.00000E+00
 -9.50817E-01 -5.91340E-01 -1.91365E-03  5.94413E-01  9.51267E-01      -1.00000E+00  1.00000E+00
 -9.51958E-01 -5.87972E-01 -1.09843E-03  5.85893E-01  9.51995E-01      -1.00000E+00  1.00000E+00
 -9.50180E-01 -5.78582E-01  1.39801E-02  5.96528E-01  9.50955E-01      -1.00000E+00  1.00000E+00
 -9.51095E-01 -5.90383E-01 -8.43850E-04  5.92595E-01  9.52230E-01      -1.00000E+00  1.00000E+00
 -9.52750E-01 -5.87230E-01  1.01531E-02  5.94897E-01  9.52472E-01      -1.00000E+00  1.00000E+00
 -9.51790E-01 -5.87668E-01  4.42208E-03  5.94040E-01  9.51715E-01      -1.00000E+00  1.00000E+00
 -9.53652E-01 -5.88485E-01 -3.66605E-03  5.93238E-01  9.50022E-01      -1.00000E+00  1.00000E+00
 -9.51375E-01 -5.85785E-01 -1.21470E-03  5.89437E-01  9.51390E-01      -1.00000E+00  1.00000E+00
 -9.51022E-01 -5.88627E-01  6.74740E-03  5.92422E-01  9.52298E-01      -1.00000E+00  1.00000E+00
 -9.52738E-01 -5.88900E-01 -2.70679E-04  5.88172E-01  9.50292E-01      -1.00000E+00  1.00000E+00
 -9.51368E-01 -5.84237E-01 -1.93088E-03  5.90472E-01  9.51178E-01      -1.00000E+00  1.00000E+00


    1.   1.01   74. 183.84  1.00E+00  3.00E+01  6.68E-01  4.46E-01     5   0.00

  3.68010E-01  6.01530E-01  7.30730E-01  8.18430E-01  8.69330E-01       9.14840E-04  9.56820E-01

  3.12995E-01  5.45325E-01  7.04775E-01  8.36255E-01  9.48820E-01       1.77380E-03  1.00000E+00
  3.13990E-01  5.44345E-01  7.03420E-01  8.34500E-01  9.48195E-01       7.72360E-04  9.99990E-01
  3.06555E-01  5.33430E-01  6.93355E-01  8.26300E-01  9.44135E-01       1.15490E-03  1.00000E+00
  2.98215E-01  5.23865E-01  6.84890E-01  8.20650E-01  9.43010E-01       2.80670E-03  1.00000E+00
  2.69865E-01  4.77435E-01  6.35900E-01  7.79520E-01  9.24385E-01       1.39650E-03  1.00000E+00

 -9.51740E-01 -5.89935E-01  4.47530E-03  5.87915E-01  9.51675E-01      -1.00000E+00  1.00000E+00
 -9.52093E-01 -5.86365E-01  1.65937E-03  5.92360E-01  9.49808E-01      -1.00000E+00  1.00000E+00
 -9.50840E-01 -5.87635E-01 -7.11510E-04  5.87398E-01  9.51462E-01      -1.00000E+00  1.00000E+00
 -9.51992E-01 -5.93000E-01  8.39775E-04  5.84788E-01  9.51712E-01      -1.00000E+00  1.00000E+00
 -9.50445E-01 -5.86390E-01 -8.23425E-04  5.84290E-01  9.50520E-01      -1.00000E+00  1.00000E+00
 -9.50370E-01 -5.86788E-01  1.56906E-02  5.92993E-01  9.52200E-01      -1.00000E+00  1.00000E+00
 -9.51525E-01 -5.89348E-01 -3.18475E-04  5.90048E-01  9.51085E-01      -1.00000E+00  1.00000E+00
 -9.52390E-01 -5.95820E-01 -1.70100E-02  5.78183E-01  9.49083E-01      -1.00000E+00  1.00000E+00
 -9.49303E-01 -5.77265E-01  1.03403E-02  5.91825E-01  9.51838E-01      -1.00000E+00  1.00000E+00
 -9.51107E-01 -5.89603E-01 -4.80892E-03  5.83322E-01  9.51242E-01      -1.00000E+00  1.00000E+00
 -9.48855E-01 -5.85627E-01  8.47725E-03  5.88945E-01  9.50185E-01      -1.00000E+00  1.00000E+00
 -9.50440E-01 -5.80535E-01 -1.33220E-03  5.87978E-01  9.51812E-01      -1.00000E+00  1.00000E+00
 -9.50245E-01 -5.85468E-01 -5.72715E-03  5.88372E-01  9.49715E-01      -1.00000E+00  1.00000E+00
 -9.49788E-01 -5.81072E-01  8.34858E-03  5.94865E-01  9.52087E-01      -1.00000E+00  1.00000E+00
 -9.50962E-01 -5.90718E-01  8.18775E-04  5.88605E-01  9.50307E-01      -1.00000E+00  1.00000E+00
 -9.49620E-01 -5.79727E-01  1.43483E-02  6.06032E-01  9.53830E-01      -1.00000E+00  1.00000E+00
 -9.48920E-01 -5.84170E-01  1.26183E-02  5.99328E-01  9.53123E-01      -1.00000E+00  1.00000E+00
 -9.50605E-01 -5.88243E-01  7.77625E-03  5.92257E-01  9.52710E-01      -1.00000E+00  1.00000E+00
 -9.53010E-01 -5.97413E-01 -1.32015E-02  5.82607E-01  9.51547E-01      -1.00000E+00  1.00000E+00
 -9.49518E-01 -5.87505E-01  6.60525E-03  6.01190E-01  9.51865E-01      -1.00000E+00  1.00000E+00
 -8.04627E-01 -2.36445E-01  2.62172E-01  6.93915E-01  9.61970E-01      -1.00000E+00  1.00000E+00
 -8.18508E-01 -2.33250E-01  2.93608E-01  7.12535E-01  9.64610E-01      -1.00000E+00  1.00000E+00
 -8.39950E-01 -2.36782E-01  3.00207E-01  7.25525E-01  9.68945E-01      -1.00000E+00  1.00000E+00
 -8.73252E-01 -2.84050E-01  2.83799E-01  7.27668E-01  9.68345E-01      -1.00000E+00  1.00000E+00
 -9.14393E-01 -4.03230E-01  1.96741E-01  6.85118E-01  9.62900E-01      -1.00000E+00  1.00000E+00


    1.   1.01   74. 183.84  1.00E+00  4.50E+01  6.86E-01  4.64E-01     5   0.00

  3.75370E-01  6.08930E-01  7.36370E-01  8.31210E-01  8.73240E-01       6.42890E-04  9.60860E-01

  3.15875E-01  5.45395E-01  7.06860E-01  8.36850E-01  9.48895E-01       1.73020E-03  9.99990E-01
  3.11420E-01  5.38255E-01  6.99880E-01  8.32830E-01  9.46965E-01       7.43890E-04  1.00000E+00
  3.04585E-01  5.30895E-01  6.90715E-01  8.23930E-01  9.43380E-01       1.70290E-03  1.00000E+00
  2.92125E-01  5.15050E-01  6.76985E-01  8.15170E-01  9.40195E-01       1.78210E-03  1.00000E+00
  2.68580E-01  4.76580E-01  6.33840E-01  7.78400E-01  9.22375E-01       2.13400E-03  9.99990E-01

 -9.51043E-01 -5.87995E-01  6.37665E-03  5.89950E-01  9.51090E-01      -1.00000E+00  1.00000E+00
 -9.49697E-01 -5.94320E-01 -1.35198E-02  5.77492E-01  9.51900E-01      -1.00000E+00  1.00000E+00
 -9.50520E-01 -5.84190E-01  1.55800E-04  5.82067E-01  9.49320E-01      -1.00000E+00  1.00000E+00
 -9.50908E-01 -5.93167E-01 -3.85010E-03  5.84932E-01  9.49263E-01      -1.00000E+00  1.00000E+00
 -9.52040E-01 -5.83975E-01  1.54372E-03  5.88305E-01  9.51345E-01      -1.00000E+00  1.00000E+00
 -9.49713E-01 -5.80867E-01  5.25458E-03  5.96187E-01  9.51698E-01      -1.00000E+00  1.00000E+00
 -9.50072E-01 -5.79403E-01  1.79518E-02  5.96712E-01  9.51520E-01      -1.00000E+00  1.00000E+00
 -9.49500E-01 -5.84413E-01  1.52341E-02  5.91137E-01  9.51313E-01      -1.00000E+00  1.00000E+00
 -9.49595E-01 -5.79395E-01  9.50897E-04  5.85047E-01  9.50962E-01      -1.00000E+00  1.00000E+00
 -9.51647E-01 -5.81650E-01 -9.04255E-04  5.88450E-01  9.51550E-01      -1.00000E+00  1.00000E+00
 -9.50272E-01 -5.78815E-01  5.80925E-03  5.94127E-01  9.50480E-01      -1.00000E+00  1.00000E+00
 -9.50018E-01 -5.85957E-01  5.75000E-03  5.90140E-01  9.52410E-01      -1.00000E+00  1.00000E+00
 -9.50998E-01 -5.89455E-01  8.42453E-03  5.94867E-01  9.51680E-01      -1.00000E+00  1.00000E+00
 -9.52548E-01 -5.84625E-01  9.09658E-03  5.96995E-01  9.51378E-01      -1.00000E+00  1.00000E+00
 -9.53167E-01 -5.86855E-01  1.55682E-03  5.88413E-01  9.51357E-01      -1.00000E+00  1.00000E+00
 -9.53627E-01 -6.06293E-01 -2.42377E-02  5.74447E-01  9.47762E-01      -1.00000E+00  1.00000E+00
 -9.53213E-01 -5.93050E-01 -4.49375E-03  5.85318E-01  9.49910E-01      -1.00000E+00  1.00000E+00
 -9.51175E-01 -5.91950E-01 -8.92000E-04  5.90710E-01  9.49515E-01      -1.00000E+00  1.00000E+00
 -9.47752E-01 -5.77315E-01  9.66450E-03  5.95915E-01  9.49810E-01      -1.00000E+00  1.00000E+00
 -9.49190E-01 -5.76672E-01  1.64716E-02  5.93690E-01  9.54042E-01      -1.00000E+00  1.00000E+00
 -6.55512E-01 -2.35675E-02  4.05669E-01  7.51865E-01  9.69520E-01      -1.00000E+00  1.00000E+00
 -7.03775E-01 -2.34675E-02  4.29405E-01  7.68247E-01  9.72352E-01      -1.00000E+00  1.00000E+00
 -7.68975E-01 -4.44825E-02  4.27685E-01  7.71405E-01  9.72255E-01      -1.00000E+00  1.00000E+00
 -8.38630E-01 -1.22720E-01  3.94182E-01  7.70907E-01  9.73205E-01      -1.00000E+00  1.00000E+00
 -9.02905E-01 -3.23404E-01  2.79637E-01  7.19955E-01  9.68740E-01      -1.00000E+00  1.00000E+00


    1.   1.01   74. 183.84  1.00E+00  6.00E+01  7.08E-01  4.88E-01     5   0.00

  3.85620E-01  6.18200E-01  7.43190E-01  8.42630E-01  8.78560E-01       6.67600E-04  9.65920E-01

  3.12860E-01  5.44850E-01  7.04580E-01  8.35560E-01  9.48750E-01       1.47550E-03  1.00000E+00
  3.08265E-01  5.35490E-01  6.95210E-01  8.29055E-01  9.45615E-01       6.59860E-04  1.00000E+00
  3.01610E-01  5.27115E-01  6.87075E-01  8.21135E-01  9.42350E-01       1.54530E-03  1.00000E+00
  2.88405E-01  5.10980E-01  6.72960E-01  8.11995E-01  9.39055E-01       8.55990E-04  1.00000E+00
  2.64195E-01  4.72775E-01  6.30790E-01  7.76310E-01  9.22340E-01       8.33710E-04  9.99990E-01

 -9.49850E-01 -5.84022E-01  2.44547E-03  5.83075E-01  9.50372E-01      -1.00000E+00  1.00000E+00
 -9.49632E-01 -5.80150E-01  5.68600E-03  5.85543E-01  9.50335E-01      -1.00000E+00  1.00000E+00
 -9.52582E-01 -5.96225E-01 -8.61703E-03  5.83583E-01  9.51217E-01      -1.00000E+00  1.00000E+00
 -9.52692E-01 -5.89015E-01  4.33198E-03  5.85075E-01  9.48573E-01      -1.00000E+00  1.00000E+00
 -9.51453E-01 -5.93935E-01 -1.21367E-03  5.89655E-01  9.51948E-01      -1.00000E+00  1.00000E+00
 -9.49970E-01 -5.78870E-01  3.28840E-03  5.92945E-01  9.52538E-01      -1.00000E+00  1.00000E+00
 -9.52505E-01 -5.90912E-01 -3.88120E-04  5.90410E-01  9.50987E-01      -1.00000E+00  1.00000E+00
 -9.49512E-01 -5.80500E-01  8.57495E-03  5.92087E-01  9.50643E-01      -1.00000E+00  1.00000E+00
 -9.52910E-01 -5.90372E-01  4.09483E-03  5.90210E-01  9.52310E-01      -1.00000E+00  1.00000E+00
 -9.50635E-01 -5.82098E-01  8.59100E-03  5.90577E-01  9.50075E-01      -1.00000E+00  1.00000E+00
 -9.46075E-01 -5.52338E-01  5.99675E-02  6.25075E-01  9.58050E-01      -1.00000E+00  1.00000E+00
 -9.47273E-01 -5.50783E-01  4.66746E-02  6.20270E-01  9.57640E-01      -1.00000E+00  1.00000E+00
 -9.45908E-01 -5.55290E-01  5.09574E-02  6.23073E-01  9.56645E-01      -1.00000E+00  1.00000E+00
 -9.49377E-01 -5.61723E-01  4.17422E-02  6.14177E-01  9.54905E-01      -1.00000E+00  1.00000E+00
 -9.48512E-01 -5.79300E-01  1.81578E-02  5.99352E-01  9.50360E-01      -1.00000E+00  1.00000E+00
 -9.54315E-01 -6.11800E-01 -4.80737E-02  5.59285E-01  9.43907E-01      -1.00000E+00  1.00000E+00
 -9.53380E-01 -6.07045E-01 -3.52237E-02  5.61340E-01  9.45493E-01      -1.00000E+00  1.00000E+00
 -9.52322E-01 -6.04825E-01 -2.58473E-02  5.66673E-01  9.50133E-01      -1.00000E+00  1.00000E+00
 -9.53692E-01 -6.03063E-01 -1.59871E-02  5.69128E-01  9.48937E-01      -1.00000E+00  1.00000E+00
 -9.52045E-01 -5.89282E-01 -6.56050E-03  5.76743E-01  9.49398E-01      -1.00000E+00  1.00000E+00
 -5.15273E-01  1.97218E-01  5.58287E-01  8.23910E-01  9.78263E-01      -1.00000E+00  1.00000E+00
 -5.92083E-01  1.99705E-01  5.69047E-01  8.33595E-01  9.80755E-01      -1.00000E+00  1.00000E+00
 -6.79582E-01  1.52971E-01  5.68623E-01  8.38840E-01  9.81225E-01      -1.00000E+00  1.00000E+00
 -7.77485E-01  3.70770E-02  5.57118E-01  8.37443E-01  9.81253E-01      -1.00000E+00  1.00000E+00
 -8.91273E-01 -2.82070E-01  3.47147E-01  7.70063E-01  9.75553E-01      -1.00000E+00  1.00000E+00


    1.   1.01   74. 183.84  1.00E+00  7.00E+01  7.20E-01  5.02E-01     5   0.00

  3.92430E-01  6.24020E-01  7.47600E-01  8.50540E-01  8.83720E-01       6.56600E-04  9.68030E-01

  3.13760E-01  5.44430E-01  7.04770E-01  8.35030E-01  9.48510E-01       2.53940E-03  1.00000E+00
  3.03700E-01  5.31795E-01  6.92295E-01  8.27240E-01  9.45170E-01       2.44040E-03  1.00000E+00
  3.01765E-01  5.25975E-01  6.84755E-01  8.19875E-01  9.41840E-01       2.67980E-04  1.00000E+00
  2.90930E-01  5.11925E-01  6.73885E-01  8.12095E-01  9.39400E-01       1.96180E-03  1.00000E+00
  2.61975E-01  4.68700E-01  6.28580E-01  7.75835E-01  9.24650E-01       1.85380E-03  1.00000E+00

 -9.51753E-01 -5.89168E-01 -3.84545E-03  5.89255E-01  9.52585E-01      -1.00000E+00  1.00000E+00
 -9.50955E-01 -5.85625E-01  4.29860E-03  5.88360E-01  9.51558E-01      -1.00000E+00  1.00000E+00
 -9.52063E-01 -5.89633E-01  7.18437E-04  5.80310E-01  9.50635E-01      -1.00000E+00  1.00000E+00
 -9.51445E-01 -5.92252E-01 -5.77472E-03  5.81770E-01  9.51275E-01      -1.00000E+00  1.00000E+00
 -9.50630E-01 -5.89908E-01  2.19380E-03  5.92782E-01  9.49727E-01      -1.00000E+00  1.00000E+00
 -9.53107E-01 -5.88950E-01  1.13271E-02  5.92895E-01  9.53202E-01      -1.00000E+00  1.00000E+00
 -9.50527E-01 -5.91575E-01 -1.18431E-02  5.81270E-01  9.51665E-01      -1.00000E+00  1.00000E+00
 -9.49555E-01 -5.75513E-01  1.20870E-02  5.93298E-01  9.52180E-01      -1.00000E+00  1.00000E+00
 -9.50140E-01 -5.83480E-01  5.54050E-03  5.95647E-01  9.53020E-01      -1.00000E+00  1.00000E+00
 -9.51967E-01 -5.89037E-01 -2.68934E-03  5.81755E-01  9.48855E-01      -1.00000E+00  1.00000E+00
 -9.39497E-01 -5.28935E-01  7.68071E-02  6.29010E-01  9.55938E-01      -1.00000E+00  1.00000E+00
 -9.43435E-01 -5.34928E-01  7.30337E-02  6.27405E-01  9.56967E-01      -1.00000E+00  1.00000E+00
 -9.41315E-01 -5.32467E-01  6.84557E-02  6.27308E-01  9.56945E-01      -1.00000E+00  1.00000E+00
 -9.44607E-01 -5.50233E-01  5.30205E-02  6.19120E-01  9.55397E-01      -1.00000E+00  1.00000E+00
 -9.46732E-01 -5.59730E-01  3.15763E-02  6.08695E-01  9.53837E-01      -1.00000E+00  1.00000E+00
 -9.49412E-01 -5.97175E-01 -4.99503E-02  5.34837E-01  9.40348E-01      -1.00000E+00  1.00000E+00
 -9.48037E-01 -5.87302E-01 -2.90938E-02  5.47550E-01  9.42945E-01      -1.00000E+00  1.00000E+00
 -9.48788E-01 -6.01818E-01 -3.98371E-02  5.49998E-01  9.43508E-01      -1.00000E+00  1.00000E+00
 -9.52152E-01 -6.00712E-01 -2.62232E-02  5.61135E-01  9.47245E-01      -1.00000E+00  1.00000E+00
 -9.50675E-01 -6.04413E-01 -2.72186E-02  5.69107E-01  9.48145E-01      -1.00000E+00  1.00000E+00
 -4.73095E-01  3.30070E-01  6.88535E-01  8.84020E-01  9.86307E-01      -1.00000E+00  1.00000E+00
 -5.45302E-01  2.80950E-01  6.80670E-01  8.87655E-01  9.86835E-01      -1.00000E+00  1.00000E+00
 -6.13085E-01  1.98832E-01  6.35595E-01  8.77780E-01  9.86088E-01      -1.00000E+00  1.00000E+00
 -6.90687E-01  8.69448E-02  5.76585E-01  8.58492E-01  9.85487E-01      -1.00000E+00  1.00000E+00
 -8.34740E-01 -1.86607E-01  3.85802E-01  7.82093E-01  9.75898E-01      -1.00000E+00  1.00000E+00


    1.   1.01   74. 183.84  1.00E+00  8.00E+01  7.30E-01  5.14E-01     5   0.00

  3.97500E-01  6.28670E-01  7.50730E-01  8.56970E-01  9.12260E-01       6.59440E-04  9.68440E-01

  3.13215E-01  5.45670E-01  7.05080E-01  8.35105E-01  9.48275E-01       8.34000E-04  1.00000E+00
  3.03595E-01  5.30515E-01  6.90820E-01  8.25215E-01  9.43975E-01       5.47950E-04  1.00000E+00
  2.98675E-01  5.23135E-01  6.82825E-01  8.18225E-01  9.40910E-01       1.39000E-03  1.00000E+00
  2.90515E-01  5.12520E-01  6.75385E-01  8.14820E-01  9.40975E-01       3.96000E-04  1.00000E+00
  2.60165E-01  4.67720E-01  6.26380E-01  7.73250E-01  9.21665E-01       1.90700E-03  9.99990E-01

 -9.50167E-01 -5.84980E-01  1.54200E-03  5.86145E-01  9.51565E-01      -1.00000E+00  1.00000E+00
 -9.50317E-01 -5.82888E-01  1.26910E-02  5.97392E-01  9.53615E-01      -1.00000E+00  1.00000E+00
 -9.51940E-01 -5.85140E-01  8.72195E-03  5.98263E-01  9.52202E-01      -1.00000E+00  1.00000E+00
 -9.52570E-01 -5.83283E-01  4.73113E-03  5.92588E-01  9.53455E-01      -1.00000E+00  1.00000E+00
 -9.49300E-01 -5.85403E-01 -8.00217E-04  5.90662E-01  9.51390E-01      -1.00000E+00  1.00000E+00
 -9.51112E-01 -5.90555E-01 -1.42515E-03  5.88895E-01  9.51100E-01      -1.00000E+00  1.00000E+00
 -9.52025E-01 -5.88938E-01  2.62060E-03  5.87077E-01  9.49043E-01      -1.00000E+00  1.00000E+00
 -9.51382E-01 -5.89055E-01  2.55804E-03  5.90862E-01  9.52987E-01      -1.00000E+00  1.00000E+00
 -9.50913E-01 -5.86893E-01  8.21125E-03  5.97328E-01  9.51653E-01      -1.00000E+00  1.00000E+00
 -9.49170E-01 -5.82225E-01  6.22132E-03  5.88653E-01  9.50695E-01      -1.00000E+00  1.00000E+00
 -9.41418E-01 -5.34948E-01  7.11628E-02  6.30012E-01  9.56500E-01      -1.00000E+00  1.00000E+00
 -9.41218E-01 -5.26990E-01  7.97109E-02  6.32498E-01  9.57647E-01      -1.00000E+00  1.00000E+00
 -9.40095E-01 -5.30582E-01  7.10941E-02  6.28112E-01  9.55137E-01      -1.00000E+00  1.00000E+00
 -9.43820E-01 -5.47590E-01  5.19720E-02  6.27667E-01  9.56660E-01      -1.00000E+00  1.00000E+00
 -9.47045E-01 -5.67835E-01  3.01457E-02  6.06205E-01  9.53527E-01      -1.00000E+00  1.00000E+00
 -9.39852E-01 -5.63817E-01 -1.28265E-02  5.49393E-01  9.41663E-01      -1.00000E+00  1.00000E+00
 -9.40590E-01 -5.60702E-01 -1.18580E-02  5.55362E-01  9.42433E-01      -1.00000E+00  1.00000E+00
 -9.43075E-01 -5.63177E-01 -8.57900E-03  5.59588E-01  9.45198E-01      -1.00000E+00  1.00000E+00
 -9.43432E-01 -5.69555E-01 -7.79900E-03  5.70875E-01  9.46207E-01      -1.00000E+00  1.00000E+00
 -9.53448E-01 -6.07650E-01 -4.11023E-02  5.56740E-01  9.47850E-01      -1.00000E+00  1.00000E+00
 -4.16648E-01  3.73960E-01  7.17290E-01  9.04672E-01  9.89872E-01      -1.00000E+00  1.00000E+00
 -4.97722E-01  3.30125E-01  7.01303E-01  8.99038E-01  9.89100E-01      -1.00000E+00  1.00000E+00
 -5.89463E-01  2.60833E-01  6.67665E-01  8.89790E-01  9.88190E-01      -1.00000E+00  1.00000E+00
 -7.10023E-01  1.37690E-01  6.00500E-01  8.65258E-01  9.85550E-01      -1.00000E+00  1.00000E+00
 -8.29863E-01 -1.29315E-01  4.38427E-01  8.03810E-01  9.78410E-01      -1.00000E+00  1.00000E+00


    1.   1.01   74. 183.84  1.00E+00  8.50E+01  7.32E-01  5.17E-01     5   0.00

  3.98140E-01  6.29860E-01  7.51690E-01  8.58750E-01  9.18800E-01       9.80810E-04  9.69530E-01

  3.12855E-01  5.44325E-01  7.04565E-01  8.35250E-01  9.48560E-01       5.60780E-04  1.00000E+00
  3.02995E-01  5.29315E-01  6.90525E-01  8.25540E-01  9.44325E-01       1.21970E-03  1.00000E+00
  2.98765E-01  5.22250E-01  6.82630E-01  8.18050E-01  9.41420E-01       1.38370E-03  1.00000E+00
  2.90695E-01  5.14205E-01  6.76930E-01  8.15795E-01  9.41080E-01       1.90980E-03  1.00000E+00
  2.59535E-01  4.66500E-01  6.25565E-01  7.72565E-01  9.21140E-01       7.06120E-04  1.00000E+00

 -9.51410E-01 -5.89787E-01  7.89425E-04  5.87683E-01  9.52267E-01      -1.00000E+00  1.00000E+00
 -9.48237E-01 -5.83245E-01  1.07338E-02  5.90043E-01  9.50843E-01      -1.00000E+00  1.00000E+00
 -9.51370E-01 -5.89082E-01  3.23560E-03  5.84218E-01  9.49823E-01      -1.00000E+00  1.00000E+00
 -9.52925E-01 -6.00348E-01 -1.33840E-02  5.80940E-01  9.49265E-01      -1.00000E+00  1.00000E+00
 -9.53268E-01 -5.89875E-01 -2.15227E-03  5.89590E-01  9.52460E-01      -1.00000E+00  1.00000E+00
 -9.51660E-01 -5.82140E-01  5.47442E-03  5.90383E-01  9.52170E-01      -1.00000E+00  1.00000E+00
 -9.50985E-01 -5.84392E-01  5.78160E-03  6.05518E-01  9.51482E-01      -1.00000E+00  1.00000E+00
 -9.52545E-01 -5.87557E-01  7.85283E-03  5.95903E-01  9.52555E-01      -1.00000E+00  1.00000E+00
 -9.50452E-01 -5.82457E-01  1.57630E-02  5.97575E-01  9.52048E-01      -1.00000E+00  1.00000E+00
 -9.52065E-01 -5.88875E-01 -2.02530E-03  5.89615E-01  9.49985E-01      -1.00000E+00  1.00000E+00
 -9.41272E-01 -5.33842E-01  6.77023E-02  6.29243E-01  9.56705E-01      -1.00000E+00  1.00000E+00
 -9.44405E-01 -5.29393E-01  6.75644E-02  6.22033E-01  9.56180E-01      -1.00000E+00  1.00000E+00
 -9.43937E-01 -5.37150E-01  7.37562E-02  6.36020E-01  9.55900E-01      -1.00000E+00  1.00000E+00
 -9.44738E-01 -5.45787E-01  5.15790E-02  6.17625E-01  9.55662E-01      -1.00000E+00  1.00000E+00
 -9.47240E-01 -5.66500E-01  3.13662E-02  6.05217E-01  9.52992E-01      -1.00000E+00  1.00000E+00
 -9.37623E-01 -5.56613E-01 -7.05550E-03  5.48775E-01  9.38970E-01      -1.00000E+00  1.00000E+00
 -9.36893E-01 -5.53900E-01 -3.79400E-03  5.62570E-01  9.45075E-01      -1.00000E+00  1.00000E+00
 -9.37495E-01 -5.51955E-01  4.51900E-03  5.67655E-01  9.44785E-01      -1.00000E+00  1.00000E+00
 -9.44242E-01 -5.70693E-01 -1.29925E-02  5.61025E-01  9.46758E-01      -1.00000E+00  1.00000E+00
 -9.52005E-01 -6.01538E-01 -3.06166E-02  5.64507E-01  9.47915E-01      -1.00000E+00  1.00000E+00
 -3.97675E-01  3.86022E-01  7.19757E-01  9.06513E-01  9.90000E-01      -1.00000E+00  1.00000E+00
 -4.71877E-01  3.52262E-01  7.10460E-01  9.00778E-01  9.88982E-01      -1.00000E+00  1.00000E+00
 -5.92668E-01  2.68197E-01  6.72478E-01  8.90615E-01  9.88385E-01      -1.00000E+00  1.00000E+00
 -7.02103E-01  1.48566E-01  6.14153E-01  8.69607E-01  9.85958E-01      -1.00000E+00  1.00000E+00
 -8.37228E-01 -1.10954E-01  4.51423E-01  8.04907E-01  9.79515E-01      -1.00000E+00  1.00000E+00


    1.   1.01   74. 183.84  2.00E+00  0.00E+00  7.80E-01  5.72E-01     5   0.00

  9.07970E-01  1.37590E+00  1.61380E+00  1.68580E+00  1.81520E+00       3.03730E-03  1.83830E+00

  3.29670E-01  5.65040E-01  7.24130E-01  8.49805E-01  9.54020E-01       1.72820E-03  1.00000E+00
  3.24855E-01  5.56290E-01  7.14410E-01  8.43215E-01  9.51345E-01       2.20470E-03  1.00000E+00
  3.15910E-01  5.45645E-01  7.03520E-01  8.33930E-01  9.47655E-01       1.17050E-03  1.00000E+00
  3.08145E-01  5.32255E-01  6.91155E-01  8.23500E-01  9.44410E-01       4.85510E-04  1.00000E+00
  2.69015E-01  4.75290E-01  6.28610E-01  7.68075E-01  9.13905E-01       1.69390E-03  1.00000E+00

 -9.51385E-01 -5.90775E-01  3.59035E-03  5.93195E-01  9.52145E-01      -1.00000E+00  1.00000E+00
 -9.50970E-01 -5.81790E-01  9.72125E-03  5.91882E-01  9.51097E-01      -1.00000E+00  1.00000E+00
 -9.51342E-01 -5.90710E-01 -6.44223E-03  5.83990E-01  9.51908E-01      -1.00000E+00  1.00000E+00
 -9.49368E-01 -5.82310E-01 -1.44026E-03  5.88157E-01  9.51170E-01      -1.00000E+00  1.00000E+00
 -9.49838E-01 -5.85365E-01 -3.62225E-03  5.84350E-01  9.49682E-01      -1.00000E+00  1.00000E+00
 -9.50192E-01 -5.85407E-01  5.24593E-03  5.89477E-01  9.51345E-01      -1.00000E+00  1.00000E+00
 -9.50303E-01 -5.88285E-01  6.56675E-04  5.89787E-01  9.51298E-01      -1.00000E+00  1.00000E+00
 -9.49862E-01 -5.85162E-01  3.72350E-03  5.89892E-01  9.51258E-01      -1.00000E+00  1.00000E+00
 -9.50760E-01 -5.79530E-01  7.44490E-03  5.88217E-01  9.49645E-01      -1.00000E+00  1.00000E+00
 -9.53330E-01 -5.88017E-01  6.01027E-03  5.97513E-01  9.51605E-01      -1.00000E+00  1.00000E+00
 -9.53100E-01 -5.97218E-01 -8.54795E-03  5.78465E-01  9.47265E-01      -1.00000E+00  1.00000E+00
 -9.49265E-01 -5.84250E-01  2.97781E-03  5.81615E-01  9.48648E-01      -1.00000E+00  1.00000E+00
 -9.52525E-01 -5.88718E-01  5.81680E-03  5.92305E-01  9.51672E-01      -1.00000E+00  1.00000E+00
 -9.51913E-01 -5.87555E-01  1.39624E-03  5.88240E-01  9.52032E-01      -1.00000E+00  1.00000E+00
 -9.50923E-01 -5.85175E-01  4.30645E-03  5.87078E-01  9.50760E-01      -1.00000E+00  1.00000E+00
 -9.50100E-01 -5.89335E-01  7.85818E-03  5.88805E-01  9.50725E-01      -1.00000E+00  1.00000E+00
 -9.50370E-01 -5.79610E-01  8.76642E-03  5.93890E-01  9.49905E-01      -1.00000E+00  1.00000E+00
 -9.50782E-01 -5.83725E-01  1.10845E-02  5.92990E-01  9.51345E-01      -1.00000E+00  1.00000E+00
 -9.53180E-01 -5.98190E-01 -4.65822E-03  5.81770E-01  9.50542E-01      -1.00000E+00  1.00000E+00
 -9.51930E-01 -5.95750E-01 -2.72028E-03  5.87447E-01  9.51285E-01      -1.00000E+00  1.00000E+00
 -9.49590E-01 -5.78730E-01  4.84827E-03  5.86312E-01  9.51773E-01      -1.00000E+00  1.00000E+00
 -9.50685E-01 -5.90002E-01  1.99913E-03  5.85435E-01  9.49900E-01      -1.00000E+00  1.00000E+00
 -9.50385E-01 -5.87265E-01 -2.87750E-04  5.86170E-01  9.51145E-01      -1.00000E+00  1.00000E+00
 -9.50033E-01 -5.86653E-01 -5.82712E-03  5.81348E-01  9.50455E-01      -1.00000E+00  1.00000E+00
 -9.51793E-01 -5.91485E-01 -2.02850E-03  5.88443E-01  9.51675E-01      -1.00000E+00  1.00000E+00


    1.   1.01   74. 183.84  2.00E+00  3.00E+01  8.07E-01  6.07E-01     5   0.00

  9.66490E-01  1.45110E+00  1.64190E+00  1.75860E+00  1.82240E+00       3.23000E-03  1.93690E+00

  3.27930E-01  5.62075E-01  7.20405E-01  8.47085E-01  9.52935E-01       1.25390E-03  1.00000E+00
  3.23605E-01  5.54910E-01  7.12560E-01  8.41615E-01  9.51230E-01       2.22640E-03  1.00000E+00
  3.14755E-01  5.42720E-01  7.01240E-01  8.31325E-01  9.46310E-01       9.64210E-04  1.00000E+00
  2.90785E-01  5.09975E-01  6.69615E-01  8.08075E-01  9.36860E-01       1.48150E-03  1.00000E+00
  2.55395E-01  4.53885E-01  6.03275E-01  7.46025E-01  9.01335E-01       1.23950E-03  1.00000E+00

 -9.49715E-01 -5.92023E-01  6.03825E-04  5.83902E-01  9.51492E-01      -1.00000E+00  1.00000E+00
 -9.50760E-01 -5.90418E-01 -1.32148E-03  5.92630E-01  9.51163E-01      -1.00000E+00  1.00000E+00
 -9.49893E-01 -5.84623E-01 -2.32455E-03  5.85387E-01  9.50225E-01      -1.00000E+00  1.00000E+00
 -9.51592E-01 -5.89442E-01 -5.93848E-03  5.82125E-01  9.48455E-01      -1.00000E+00  1.00000E+00
 -9.50995E-01 -5.93318E-01 -3.13412E-03  5.86002E-01  9.49060E-01      -1.00000E+00  1.00000E+00
 -9.49395E-01 -5.77313E-01  2.15923E-02  5.93655E-01  9.52353E-01      -1.00000E+00  1.00000E+00
 -9.50420E-01 -5.85295E-01  2.89828E-03  5.97703E-01  9.50423E-01      -1.00000E+00  1.00000E+00
 -9.49850E-01 -5.86342E-01 -3.78956E-03  5.84442E-01  9.50762E-01      -1.00000E+00  1.00000E+00
 -9.53638E-01 -5.94465E-01  2.43175E-04  5.88855E-01  9.51960E-01      -1.00000E+00  1.00000E+00
 -9.50657E-01 -5.94492E-01  4.65167E-03  5.87315E-01  9.51535E-01      -1.00000E+00  1.00000E+00
 -9.47843E-01 -5.69562E-01  2.93173E-02  6.08518E-01  9.52540E-01      -1.00000E+00  1.00000E+00
 -9.48808E-01 -5.72545E-01  2.68042E-02  6.07480E-01  9.53398E-01      -1.00000E+00  1.00000E+00
 -9.50843E-01 -5.88765E-01  3.32973E-03  5.86075E-01  9.51060E-01      -1.00000E+00  1.00000E+00
 -9.52253E-01 -5.86665E-01 -2.94650E-03  5.82222E-01  9.52085E-01      -1.00000E+00  1.00000E+00
 -9.50827E-01 -5.86052E-01  5.61613E-03  5.96765E-01  9.51387E-01      -1.00000E+00  1.00000E+00
 -9.41425E-01 -5.46925E-01  5.50995E-02  6.20025E-01  9.56452E-01      -1.00000E+00  1.00000E+00
 -9.44828E-01 -5.47080E-01  5.92968E-02  6.23608E-01  9.56293E-01      -1.00000E+00  1.00000E+00
 -9.43060E-01 -5.39950E-01  5.60737E-02  6.19923E-01  9.55780E-01      -1.00000E+00  1.00000E+00
 -9.42150E-01 -5.32353E-01  5.79340E-02  6.22902E-01  9.55952E-01      -1.00000E+00  1.00000E+00
 -9.44850E-01 -5.48647E-01  4.83131E-02  6.12390E-01  9.53932E-01      -1.00000E+00  1.00000E+00
 -5.74105E-01 -1.06445E-01  2.87347E-01  6.73465E-01  9.57422E-01      -1.00000E+00  1.00000E+00
 -5.76160E-01 -6.86375E-02  3.37764E-01  7.08880E-01  9.64080E-01      -1.00000E+00  1.00000E+00
 -5.98075E-01 -2.96450E-02  3.91859E-01  7.46115E-01  9.68008E-01      -1.00000E+00  1.00000E+00
 -6.94627E-01 -2.11275E-02  4.29205E-01  7.76197E-01  9.75200E-01      -1.00000E+00  1.00000E+00
 -8.69537E-01 -2.16135E-01  3.53488E-01  7.55593E-01  9.73130E-01      -1.00000E+00  1.00000E+00


    1.   1.01   74. 183.84  2.00E+00  4.50E+01  8.34E-01  6.41E-01     5   0.00

  1.03190E+00  1.48530E+00  1.65790E+00  1.78920E+00  1.83310E+00       1.51240E-03  1.94670E+00

  3.24945E-01  5.59195E-01  7.18190E-01  8.45015E-01  9.52500E-01       3.78970E-03  1.00000E+00
  3.15650E-01  5.45285E-01  7.04220E-01  8.34935E-01  9.48540E-01       6.07000E-04  1.00000E+00
  3.10655E-01  5.36770E-01  6.92750E-01  8.22875E-01  9.41960E-01       3.38520E-04  1.00000E+00
  2.79210E-01  4.96870E-01  6.60730E-01  8.04510E-01  9.36670E-01       1.85120E-03  1.00000E+00
  2.44820E-01  4.33455E-01  5.79710E-01  7.23325E-01  8.89800E-01       4.11530E-04  1.00000E+00

 -9.50113E-01 -5.93703E-01 -1.32370E-02  5.80973E-01  9.51160E-01      -1.00000E+00  1.00000E+00
 -9.51568E-01 -5.83360E-01  5.70702E-03  5.88485E-01  9.50760E-01      -1.00000E+00  1.00000E+00
 -9.52248E-01 -5.82385E-01  8.35076E-03  5.90390E-01  9.50285E-01      -1.00000E+00  1.00000E+00
 -9.49115E-01 -5.88572E-01  7.65430E-03  5.86790E-01  9.51072E-01      -1.00000E+00  1.00000E+00
 -9.51775E-01 -5.85080E-01  4.11798E-03  5.84337E-01  9.49280E-01      -1.00000E+00  1.00000E+00
 -9.50257E-01 -5.74217E-01  1.92610E-02  5.98390E-01  9.53070E-01      -1.00000E+00  1.00000E+00
 -9.48492E-01 -5.77157E-01  2.49730E-02  6.06027E-01  9.53133E-01      -1.00000E+00  1.00000E+00
 -9.49535E-01 -5.77412E-01  1.42445E-02  6.01280E-01  9.52692E-01      -1.00000E+00  1.00000E+00
 -9.50577E-01 -5.85710E-01  1.00790E-02  5.94385E-01  9.51028E-01      -1.00000E+00  1.00000E+00
 -9.49353E-01 -5.79970E-01  1.69772E-02  5.95042E-01  9.53127E-01      -1.00000E+00  1.00000E+00
 -9.36082E-01 -5.14175E-01  9.33713E-02  6.40205E-01  9.57690E-01      -1.00000E+00  1.00000E+00
 -9.38953E-01 -5.18068E-01  8.81513E-02  6.38160E-01  9.58440E-01      -1.00000E+00  1.00000E+00
 -9.37975E-01 -5.19045E-01  8.45278E-02  6.32812E-01  9.57145E-01      -1.00000E+00  1.00000E+00
 -9.41365E-01 -5.33767E-01  6.84559E-02  6.25265E-01  9.55150E-01      -1.00000E+00  1.00000E+00
 -9.42400E-01 -5.50588E-01  4.57940E-02  6.17258E-01  9.55222E-01      -1.00000E+00  1.00000E+00
 -9.54355E-01 -6.20770E-01 -7.35688E-02  5.33223E-01  9.42790E-01      -1.00000E+00  1.00000E+00
 -9.51120E-01 -6.12858E-01 -7.36060E-02  5.16460E-01  9.38505E-01      -1.00000E+00  1.00000E+00
 -9.50453E-01 -5.98860E-01 -4.07247E-02  5.40408E-01  9.42930E-01      -1.00000E+00  1.00000E+00
 -9.51730E-01 -6.00260E-01 -3.15093E-02  5.58858E-01  9.44745E-01      -1.00000E+00  1.00000E+00
 -9.52075E-01 -6.03595E-01 -1.71750E-02  5.68128E-01  9.47227E-01      -1.00000E+00  1.00000E+00
 -2.65140E-01  2.50397E-01  5.63070E-01  8.17963E-01  9.76442E-01      -1.00000E+00  1.00000E+00
 -2.45490E-01  3.00617E-01  6.15020E-01  8.47155E-01  9.81758E-01      -1.00000E+00  1.00000E+00
 -2.76218E-01  3.50367E-01  6.55755E-01  8.69217E-01  9.84945E-01      -1.00000E+00  1.00000E+00
 -4.35241E-01  3.37858E-01  6.77490E-01  8.80100E-01  9.86340E-01      -1.00000E+00  1.00000E+00
 -7.53910E-01  9.55550E-03  5.40123E-01  8.43258E-01  9.83393E-01      -1.00000E+00  1.00000E+00


    1.   1.01   74. 183.84  2.00E+00  6.00E+01  8.65E-01  6.84E-01     5   0.00

  1.10750E+00  1.51830E+00  1.67890E+00  1.81370E+00  1.87140E+00       1.33520E-03  1.95370E+00

  3.23620E-01  5.56490E-01  7.16350E-01  8.44020E-01  9.52590E-01       1.38970E-03  1.00000E+00
  3.07390E-01  5.32375E-01  6.92190E-01  8.25790E-01  9.44755E-01       4.33930E-04  1.00000E+00
  2.97720E-01  5.18100E-01  6.75960E-01  8.11130E-01  9.37395E-01       5.61320E-04  1.00000E+00
  2.81475E-01  4.98930E-01  6.61125E-01  8.05010E-01  9.38455E-01       2.16870E-03  1.00000E+00
  2.26255E-01  4.11130E-01  5.60860E-01  7.09260E-01  8.79090E-01       2.67230E-04  1.00000E+00

 -9.51028E-01 -5.86688E-01 -3.96058E-03  5.84952E-01  9.50860E-01      -1.00000E+00  1.00000E+00
 -9.53245E-01 -5.97993E-01 -1.04868E-02  5.86370E-01  9.50368E-01      -1.00000E+00  1.00000E+00
 -9.49785E-01 -5.86852E-01 -4.92975E-04  5.89682E-01  9.51865E-01      -1.00000E+00  1.00000E+00
 -9.49797E-01 -5.85845E-01  1.51270E-03  5.87118E-01  9.50793E-01      -1.00000E+00  1.00000E+00
 -9.51525E-01 -5.86718E-01 -2.63130E-03  5.87620E-01  9.51997E-01      -1.00000E+00  1.00000E+00
 -9.47495E-01 -5.65590E-01  1.93512E-02  6.01553E-01  9.52188E-01      -1.00000E+00  1.00000E+00
 -9.48652E-01 -5.70153E-01  2.46987E-02  5.96312E-01  9.52470E-01      -1.00000E+00  1.00000E+00
 -9.48713E-01 -5.70085E-01  3.16468E-02  6.02002E-01  9.52660E-01      -1.00000E+00  1.00000E+00
 -9.47532E-01 -5.72070E-01  1.47734E-02  5.96018E-01  9.54883E-01      -1.00000E+00  1.00000E+00
 -9.51812E-01 -5.86318E-01  4.19910E-03  5.90193E-01  9.51433E-01      -1.00000E+00  1.00000E+00
 -9.31815E-01 -4.77238E-01  1.39591E-01  6.62975E-01  9.62748E-01      -1.00000E+00  1.00000E+00
 -9.30425E-01 -4.67915E-01  1.38872E-01  6.63755E-01  9.60270E-01      -1.00000E+00  1.00000E+00
 -9.30537E-01 -4.68268E-01  1.33147E-01  6.58115E-01  9.61723E-01      -1.00000E+00  1.00000E+00
 -9.31173E-01 -4.72947E-01  1.30126E-01  6.54835E-01  9.61055E-01      -1.00000E+00  1.00000E+00
 -9.36882E-01 -5.10242E-01  9.40046E-02  6.38042E-01  9.57710E-01      -1.00000E+00  1.00000E+00
 -9.12505E-01 -5.23913E-01 -2.78835E-02  5.32558E-01  9.36600E-01      -1.00000E+00  1.00000E+00
 -9.06643E-01 -4.90597E-01  1.56725E-02  5.60872E-01  9.42478E-01      -1.00000E+00  1.00000E+00
 -9.06585E-01 -4.77398E-01  3.90040E-02  5.88440E-01  9.48540E-01      -1.00000E+00  1.00000E+00
 -9.19470E-01 -4.88488E-01  5.66132E-02  5.96003E-01  9.49965E-01      -1.00000E+00  1.00000E+00
 -9.37978E-01 -5.15650E-01  7.63995E-02  6.07940E-01  9.51525E-01      -1.00000E+00  1.00000E+00
  8.51327E-02  5.88300E-01  8.15548E-01  9.37945E-01  9.93392E-01      -1.00000E+00  1.00000E+00
  3.19570E-02  5.72485E-01  8.09815E-01  9.35505E-01  9.93215E-01      -1.00000E+00  1.00000E+00
 -6.77100E-02  5.25470E-01  7.91970E-01  9.31632E-01  9.92860E-01      -1.00000E+00  1.00000E+00
 -1.89540E-01  4.55863E-01  7.59112E-01  9.19503E-01  9.91348E-01      -1.00000E+00  1.00000E+00
 -5.48526E-01  2.28298E-01  6.43230E-01  8.79907E-01  9.87225E-01      -1.00000E+00  1.00000E+00


    1.   1.01   74. 183.84  2.00E+00  7.00E+01  8.85E-01  7.14E-01     5   0.00

  1.17070E+00  1.55340E+00  1.70890E+00  1.82490E+00  1.90690E+00       2.46560E-03  1.95760E+00

  3.19385E-01  5.51935E-01  7.11280E-01  8.40685E-01  9.50890E-01       1.92210E-03  1.00000E+00
  3.03050E-01  5.27950E-01  6.85690E-01  8.20810E-01  9.42980E-01       2.98340E-04  1.00000E+00
  2.90715E-01  5.10060E-01  6.69775E-01  8.06990E-01  9.36640E-01       6.16130E-04  1.00000E+00
  2.73805E-01  4.83230E-01  6.41660E-01  7.83835E-01  9.24080E-01       1.88700E-03  1.00000E+00
  2.26580E-01  4.11370E-01  5.65680E-01  7.24715E-01  9.00690E-01       1.33220E-03  1.00000E+00

 -9.49643E-01 -5.86183E-01  1.13993E-03  5.89345E-01  9.50913E-01      -1.00000E+00  1.00000E+00
 -9.49852E-01 -5.87748E-01 -2.26268E-03  5.85518E-01  9.51670E-01      -1.00000E+00  1.00000E+00
 -9.51725E-01 -5.89975E-01 -2.06743E-03  5.84580E-01  9.51308E-01      -1.00000E+00  1.00000E+00
 -9.52045E-01 -5.92250E-01  1.59120E-03  5.88812E-01  9.51985E-01      -1.00000E+00  1.00000E+00
 -9.50785E-01 -5.86350E-01 -1.75680E-03  5.91555E-01  9.53817E-01      -1.00000E+00  1.00000E+00
 -9.46535E-01 -5.63922E-01  3.47308E-02  6.11067E-01  9.53375E-01      -1.00000E+00  1.00000E+00
 -9.47182E-01 -5.63930E-01  3.36702E-02  6.10932E-01  9.54148E-01      -1.00000E+00  1.00000E+00
 -9.49510E-01 -5.78365E-01  1.70380E-02  5.97797E-01  9.53422E-01      -1.00000E+00  1.00000E+00
 -9.49360E-01 -5.85640E-01  1.55350E-03  5.84380E-01  9.49980E-01      -1.00000E+00  1.00000E+00
 -9.51460E-01 -5.87340E-01  2.19700E-03  5.90750E-01  9.52398E-01      -1.00000E+00  1.00000E+00
 -9.25392E-01 -4.28425E-01  1.94069E-01  6.93615E-01  9.64990E-01      -1.00000E+00  1.00000E+00
 -9.22165E-01 -4.26272E-01  1.90658E-01  6.96165E-01  9.65528E-01      -1.00000E+00  1.00000E+00
 -9.20122E-01 -4.28860E-01  1.92563E-01  6.94360E-01  9.65550E-01      -1.00000E+00  1.00000E+00
 -9.28670E-01 -4.67147E-01  1.57448E-01  6.73480E-01  9.63310E-01      -1.00000E+00  1.00000E+00
 -9.37383E-01 -5.13965E-01  9.87982E-02  6.43180E-01  9.59032E-01      -1.00000E+00  1.00000E+00
 -6.37937E-01 -2.22882E-01  1.62140E-01  6.29207E-01  9.56743E-01      -1.00000E+00  1.00000E+00
 -5.96530E-01 -1.82875E-01  1.91437E-01  6.28380E-01  9.55917E-01      -1.00000E+00  1.00000E+00
 -5.74162E-01 -1.45547E-01  2.34152E-01  6.44720E-01  9.55782E-01      -1.00000E+00  1.00000E+00
 -5.71085E-01 -1.31402E-01  2.62410E-01  6.69787E-01  9.58000E-01      -1.00000E+00  1.00000E+00
 -7.11063E-01 -2.30682E-01  2.29838E-01  6.66590E-01  9.59503E-01      -1.00000E+00  1.00000E+00
 -2.40800E-02  6.26197E-01  8.37155E-01  9.45253E-01  9.94032E-01      -1.00000E+00  1.00000E+00
 -9.86800E-02  5.85383E-01  8.30188E-01  9.44070E-01  9.94073E-01      -1.00000E+00  1.00000E+00
 -1.87550E-01  4.42224E-01  8.04860E-01  9.38510E-01  9.93378E-01      -1.00000E+00  1.00000E+00
 -3.01647E-01  1.68197E-01  5.82688E-01  8.75275E-01  9.87945E-01      -1.00000E+00  1.00000E+00
 -3.68553E-01  1.33225E-02  3.70889E-01  7.22025E-01  9.66982E-01      -1.00000E+00  1.00000E+00


    1.   1.01   74. 183.84  2.00E+00  8.00E+01  8.98E-01  7.35E-01     5   0.00

  1.20430E+00  1.60200E+00  1.75340E+00  1.83280E+00  1.91870E+00       1.42970E-03  1.95930E+00

  3.17260E-01  5.49625E-01  7.09005E-01  8.38230E-01  9.49770E-01       1.54810E-03  1.00000E+00
  2.98585E-01  5.22420E-01  6.81330E-01  8.16460E-01  9.40955E-01       1.42250E-03  1.00000E+00
  2.79765E-01  4.93435E-01  6.53395E-01  7.96640E-01  9.33515E-01       1.34910E-03  1.00000E+00
  2.61700E-01  4.63410E-01  6.16710E-01  7.59590E-01  9.07335E-01       1.13130E-03  9.99990E-01
  2.50230E-01  4.52825E-01  6.09335E-01  7.48560E-01  8.84950E-01       1.84050E-03  1.00000E+00

 -9.51755E-01 -5.81143E-01  1.33952E-03  5.88270E-01  9.50003E-01      -1.00000E+00  1.00000E+00
 -9.50187E-01 -5.81600E-01  5.49377E-03  5.90673E-01  9.51010E-01      -1.00000E+00  1.00000E+00
 -9.50230E-01 -5.87580E-01 -1.98800E-03  5.84345E-01  9.51665E-01      -1.00000E+00  1.00000E+00
 -9.52015E-01 -5.92623E-01 -2.59707E-03  5.87325E-01  9.51250E-01      -1.00000E+00  1.00000E+00
 -9.50705E-01 -5.90828E-01 -7.96640E-03  5.82928E-01  9.49620E-01      -1.00000E+00  1.00000E+00
 -9.47558E-01 -5.68472E-01  3.56488E-02  6.13927E-01  9.55800E-01      -1.00000E+00  1.00000E+00
 -9.51895E-01 -5.80483E-01  9.75200E-03  5.99755E-01  9.52562E-01      -1.00000E+00  1.00000E+00
 -9.53015E-01 -5.95645E-01 -1.09820E-02  5.80288E-01  9.50207E-01      -1.00000E+00  1.00000E+00
 -9.49568E-01 -5.82763E-01  3.01825E-03  5.88845E-01  9.50280E-01      -1.00000E+00  1.00000E+00
 -9.51770E-01 -5.89020E-01  5.89740E-03  5.86885E-01  9.49895E-01      -1.00000E+00  1.00000E+00
 -9.19745E-01 -4.21095E-01  2.20453E-01  7.19110E-01  9.69363E-01      -1.00000E+00  1.00000E+00
 -9.16010E-01 -4.04142E-01  2.28280E-01  7.20612E-01  9.69847E-01      -1.00000E+00  1.00000E+00
 -9.10405E-01 -3.86408E-01  2.28917E-01  7.19995E-01  9.69768E-01      -1.00000E+00  1.00000E+00
 -9.14747E-01 -4.09003E-01  2.06827E-01  7.03220E-01  9.65660E-01      -1.00000E+00  1.00000E+00
 -9.34708E-01 -4.86620E-01  1.27034E-01  6.58795E-01  9.61735E-01      -1.00000E+00  1.00000E+00
 -3.98415E-01  3.64625E-02  3.56014E-01  6.76648E-01  9.54320E-01      -1.00000E+00  1.00000E+00
 -3.98813E-01  5.05275E-02  3.76503E-01  6.90485E-01  9.52867E-01      -1.00000E+00  1.00000E+00
 -3.85502E-01  6.37650E-02  4.00185E-01  7.13105E-01  9.58460E-01      -1.00000E+00  1.00000E+00
 -4.29649E-01  4.00075E-02  3.98953E-01  7.19842E-01  9.62292E-01      -1.00000E+00  1.00000E+00
 -6.55266E-01 -2.68425E-02  3.91529E-01  7.28625E-01  9.63833E-01      -1.00000E+00  1.00000E+00
 -7.61650E-02  3.86355E-01  6.84790E-01  8.86900E-01  9.87895E-01      -1.00000E+00  1.00000E+00
 -1.37877E-01  3.31074E-01  6.21692E-01  8.61500E-01  9.84830E-01      -1.00000E+00  1.00000E+00
 -1.64132E-01  2.88995E-01  5.73870E-01  8.22385E-01  9.79640E-01      -1.00000E+00  1.00000E+00
 -1.84395E-01  2.57540E-01  5.69935E-01  8.00730E-01  9.72778E-01      -1.00000E+00  1.00000E+00
 -1.75847E-01  2.21122E-01  5.72440E-01  8.32253E-01  9.80090E-01      -1.00000E+00  1.00000E+00


    1.   1.01   74. 183.84  2.00E+00  8.50E+01  9.02E-01  7.41E-01     5   0.00

  1.21420E+00  1.61030E+00  1.76090E+00  1.83530E+00  1.92130E+00       2.01010E-03  1.96030E+00

  3.18000E-01  5.47845E-01  7.07675E-01  8.37320E-01  9.49865E-01       6.45950E-04  1.00000E+00
  3.00275E-01  5.23205E-01  6.81920E-01  8.17445E-01  9.40500E-01       1.15020E-03  1.00000E+00
  2.75695E-01  4.88050E-01  6.47495E-01  7.92235E-01  9.31840E-01       3.19090E-04  1.00000E+00
  2.62680E-01  4.65940E-01  6.20145E-01  7.62565E-01  9.09075E-01       1.38740E-03  1.00000E+00
  2.51295E-01  4.53670E-01  6.08560E-01  7.44750E-01  8.76680E-01       9.52620E-04  9.99990E-01

 -9.52195E-01 -5.87585E-01 -6.98018E-03  5.83425E-01  9.50143E-01      -1.00000E+00  1.00000E+00
 -9.51708E-01 -5.89372E-01 -4.43665E-03  5.88475E-01  9.52765E-01      -1.00000E+00  1.00000E+00
 -9.48952E-01 -5.84803E-01  2.44887E-03  5.87198E-01  9.51635E-01      -1.00000E+00  1.00000E+00
 -9.50668E-01 -5.88108E-01 -3.27933E-03  5.89535E-01  9.51357E-01      -1.00000E+00  1.00000E+00
 -9.53358E-01 -5.95065E-01 -5.53675E-03  5.88635E-01  9.48462E-01      -1.00000E+00  1.00000E+00
 -9.46095E-01 -5.61105E-01  4.83527E-02  6.27080E-01  9.57430E-01      -1.00000E+00  1.00000E+00
 -9.48030E-01 -5.78183E-01  2.23474E-02  6.05635E-01  9.52225E-01      -1.00000E+00  1.00000E+00
 -9.50100E-01 -5.83918E-01  5.29525E-03  5.92785E-01  9.51588E-01      -1.00000E+00  1.00000E+00
 -9.50980E-01 -5.95655E-01 -3.15125E-03  5.83580E-01  9.51010E-01      -1.00000E+00  1.00000E+00
 -9.52570E-01 -5.93233E-01 -5.45975E-03  5.84753E-01  9.50570E-01      -1.00000E+00  1.00000E+00
 -9.25388E-01 -4.38752E-01  1.96400E-01  7.12138E-01  9.68880E-01      -1.00000E+00  1.00000E+00
 -9.19507E-01 -4.19972E-01  2.13921E-01  7.17190E-01  9.69065E-01      -1.00000E+00  1.00000E+00
 -9.15168E-01 -4.06972E-01  2.18265E-01  7.13518E-01  9.69225E-01      -1.00000E+00  1.00000E+00
 -9.17737E-01 -4.11600E-01  1.98396E-01  7.04930E-01  9.66792E-01      -1.00000E+00  1.00000E+00
 -9.31200E-01 -4.79753E-01  1.37663E-01  6.58212E-01  9.62155E-01      -1.00000E+00  1.00000E+00
 -4.12730E-01  9.41500E-02  4.11446E-01  7.07558E-01  9.56033E-01      -1.00000E+00  1.00000E+00
 -4.00870E-01  1.18807E-01  4.35122E-01  7.25002E-01  9.57938E-01      -1.00000E+00  1.00000E+00
 -4.34204E-01  1.22138E-01  4.60575E-01  7.49148E-01  9.65255E-01      -1.00000E+00  1.00000E+00
 -5.54463E-01  9.19725E-02  4.62803E-01  7.60138E-01  9.69645E-01      -1.00000E+00  1.00000E+00
 -7.94990E-01 -8.16760E-02  4.28103E-01  7.66070E-01  9.71195E-01      -1.00000E+00  1.00000E+00
 -1.57750E-03  4.24569E-01  7.04005E-01  8.95693E-01  9.88525E-01      -1.00000E+00  1.00000E+00
 -8.59825E-02  3.70394E-01  6.38402E-01  8.66287E-01  9.84603E-01      -1.00000E+00  1.00000E+00
 -1.45720E-01  3.18333E-01  5.92795E-01  8.17190E-01  9.79063E-01      -1.00000E+00  1.00000E+00
 -1.50918E-01  2.95852E-01  6.03553E-01  8.20375E-01  9.75977E-01      -1.00000E+00  1.00000E+00
 -1.47660E-01  2.63845E-01  6.11610E-01  8.52672E-01  9.82535E-01      -1.00000E+00  1.00000E+00


    1.   1.01   74. 183.84  5.00E+00  0.00E+00  7.78E-01  5.90E-01     5   0.00

  2.19170E+00  3.66910E+00  4.19390E+00  4.45250E+00  4.66890E+00       7.27050E-04  4.71820E+00

  3.80950E-01  6.14045E-01  7.59890E-01  8.71355E-01  9.61320E-01       6.84880E-04  1.00000E+00
  4.02825E-01  6.27120E-01  7.65185E-01  8.73005E-01  9.61710E-01       4.15310E-03  1.00000E+00
  3.63875E-01  5.87315E-01  7.31400E-01  8.49430E-01  9.52365E-01       1.25910E-03  1.00000E+00
  3.40295E-01  5.60390E-01  7.06380E-01  8.27250E-01  9.40825E-01       9.62690E-04  1.00000E+00
  2.74020E-01  4.78200E-01  6.23565E-01  7.52930E-01  8.98595E-01       1.57600E-04  1.00000E+00

 -9.52675E-01 -5.94542E-01 -1.49220E-02  5.80512E-01  9.51040E-01      -1.00000E+00  1.00000E+00
 -9.50575E-01 -5.88672E-01  3.52017E-03  5.86090E-01  9.50650E-01      -1.00000E+00  1.00000E+00
 -9.49450E-01 -5.82295E-01  7.36358E-03  5.92825E-01  9.51005E-01      -1.00000E+00  1.00000E+00
 -9.50050E-01 -5.90338E-01 -1.84325E-04  5.85290E-01  9.51195E-01      -1.00000E+00  1.00000E+00
 -9.49422E-01 -5.86440E-01  6.53203E-03  5.87400E-01  9.51078E-01      -1.00000E+00  1.00000E+00
 -9.52120E-01 -5.90712E-01 -1.05847E-02  5.86363E-01  9.49945E-01      -1.00000E+00  1.00000E+00
 -9.50823E-01 -5.92938E-01 -6.35877E-03  5.77720E-01  9.49740E-01      -1.00000E+00  1.00000E+00
 -9.52170E-01 -5.88427E-01  1.93378E-03  5.80815E-01  9.50593E-01      -1.00000E+00  1.00000E+00
 -9.51425E-01 -5.86873E-01  1.31933E-03  5.86615E-01  9.50075E-01      -1.00000E+00  1.00000E+00
 -9.51815E-01 -5.89795E-01 -4.90215E-03  5.86095E-01  9.51273E-01      -1.00000E+00  1.00000E+00
 -9.50253E-01 -5.88365E-01 -1.07350E-03  5.85855E-01  9.51570E-01      -1.00000E+00  1.00000E+00
 -9.54132E-01 -5.93862E-01 -1.30415E-03  5.83758E-01  9.52058E-01      -1.00000E+00  1.00000E+00
 -9.52958E-01 -5.84460E-01  8.78393E-03  5.90535E-01  9.52205E-01      -1.00000E+00  1.00000E+00
 -9.51250E-01 -5.84638E-01  4.20057E-03  5.98842E-01  9.51860E-01      -1.00000E+00  1.00000E+00
 -9.51910E-01 -5.96402E-01 -1.06911E-02  5.74265E-01  9.50140E-01      -1.00000E+00  1.00000E+00
 -9.51767E-01 -5.87605E-01  7.99917E-03  5.95865E-01  9.52967E-01      -1.00000E+00  1.00000E+00
 -9.50090E-01 -5.85545E-01  1.19500E-03  5.82340E-01  9.49557E-01      -1.00000E+00  1.00000E+00
 -9.51573E-01 -5.94555E-01 -1.89188E-03  5.85375E-01  9.50848E-01      -1.00000E+00  1.00000E+00
 -9.50248E-01 -5.84165E-01  7.82863E-03  5.89790E-01  9.52580E-01      -1.00000E+00  1.00000E+00
 -9.49635E-01 -5.84492E-01  5.55662E-03  5.96830E-01  9.51950E-01      -1.00000E+00  1.00000E+00
 -9.53540E-01 -5.85140E-01  4.06898E-03  5.90795E-01  9.51173E-01      -1.00000E+00  1.00000E+00
 -9.49185E-01 -5.85870E-01  2.74657E-03  5.84980E-01  9.50945E-01      -1.00000E+00  1.00000E+00
 -9.53035E-01 -5.91575E-01  5.58553E-03  5.91487E-01  9.50725E-01      -1.00000E+00  1.00000E+00
 -9.49345E-01 -5.82755E-01  8.83053E-03  5.95930E-01  9.52322E-01      -1.00000E+00  1.00000E+00
 -9.48195E-01 -5.78817E-01  1.25580E-03  5.85372E-01  9.51645E-01      -1.00000E+00  1.00000E+00


    1.   1.01   74. 183.84  5.00E+00  3.00E+01  8.14E-01  6.40E-01     5   0.00

  2.46170E+00  3.88070E+00  4.28120E+00  4.51030E+00  4.69130E+00       1.88100E-03  4.87300E+00

  3.84575E-01  6.16450E-01  7.60680E-01  8.71845E-01  9.61660E-01       4.42430E-03  1.00000E+00
  3.84090E-01  6.09360E-01  7.50375E-01  8.63230E-01  9.58225E-01       2.25180E-03  1.00000E+00
  3.52110E-01  5.79215E-01  7.28365E-01  8.49210E-01  9.53000E-01       1.98480E-03  1.00000E+00
  3.00965E-01  5.13145E-01  6.63150E-01  7.98175E-01  9.29365E-01       2.07910E-03  1.00000E+00
  2.47985E-01  4.31830E-01  5.69920E-01  7.01880E-01  8.56330E-01       1.19480E-03  1.00000E+00

 -9.51390E-01 -5.88230E-01  3.79678E-03  5.87665E-01  9.51383E-01      -1.00000E+00  1.00000E+00
 -9.52515E-01 -5.97598E-01 -7.53955E-03  5.82310E-01  9.49895E-01      -1.00000E+00  1.00000E+00
 -9.49707E-01 -5.81662E-01  2.90938E-03  5.86527E-01  9.50558E-01      -1.00000E+00  1.00000E+00
 -9.51625E-01 -5.87718E-01 -6.07750E-05  5.88435E-01  9.50553E-01      -1.00000E+00  1.00000E+00
 -9.51653E-01 -5.90187E-01 -2.75605E-03  5.88535E-01  9.50858E-01      -1.00000E+00  1.00000E+00
 -9.47890E-01 -5.79180E-01  9.54348E-03  5.99215E-01  9.54490E-01      -1.00000E+00  1.00000E+00
 -9.49295E-01 -5.77392E-01  1.45527E-02  5.93480E-01  9.51008E-01      -1.00000E+00  1.00000E+00
 -9.49040E-01 -5.80682E-01  1.32824E-02  5.93433E-01  9.51940E-01      -1.00000E+00  1.00000E+00
 -9.50742E-01 -5.89062E-01  4.32530E-03  5.89110E-01  9.50682E-01      -1.00000E+00  1.00000E+00
 -9.51110E-01 -5.85070E-01  4.83093E-03  5.92167E-01  9.50618E-01      -1.00000E+00  1.00000E+00
 -9.46132E-01 -5.60998E-01  3.54083E-02  6.09158E-01  9.54917E-01      -1.00000E+00  1.00000E+00
 -9.49302E-01 -5.78795E-01  6.66350E-03  5.84810E-01  9.49997E-01      -1.00000E+00  1.00000E+00
 -9.50545E-01 -5.89187E-01  2.72750E-03  5.85720E-01  9.50717E-01      -1.00000E+00  1.00000E+00
 -9.50855E-01 -5.84577E-01  8.12150E-03  5.88650E-01  9.51425E-01      -1.00000E+00  1.00000E+00
 -9.51318E-01 -5.85392E-01  8.89975E-03  5.83870E-01  9.52857E-01      -1.00000E+00  1.00000E+00
 -8.89930E-01 -3.66715E-01  2.34411E-01  7.18533E-01  9.68543E-01      -1.00000E+00  1.00000E+00
 -8.93515E-01 -3.93200E-01  2.07833E-01  6.96715E-01  9.64987E-01      -1.00000E+00  1.00000E+00
 -8.99308E-01 -3.98473E-01  1.79293E-01  6.82943E-01  9.63770E-01      -1.00000E+00  1.00000E+00
 -9.09870E-01 -4.10053E-01  1.69328E-01  6.67148E-01  9.60512E-01      -1.00000E+00  1.00000E+00
 -9.27215E-01 -4.60678E-01  1.49666E-01  6.63200E-01  9.60800E-01      -1.00000E+00  1.00000E+00
 -4.38173E-01 -5.32625E-02  2.74037E-01  6.37692E-01  9.50688E-01      -1.00000E+00  1.00000E+00
 -4.14225E-01  3.09250E-03  3.51090E-01  6.93925E-01  9.58865E-01      -1.00000E+00  1.00000E+00
 -3.82078E-01  5.26175E-02  4.21280E-01  7.43640E-01  9.66785E-01      -1.00000E+00  1.00000E+00
 -3.44395E-01  9.80525E-02  4.91060E-01  7.90645E-01  9.74507E-01      -1.00000E+00  1.00000E+00
 -4.94055E-01  6.19950E-02  5.00330E-01  8.14063E-01  9.78942E-01      -1.00000E+00  1.00000E+00


    1.   1.01   74. 183.84  5.00E+00  4.50E+01  8.54E-01  6.97E-01     5   0.00

  2.82760E+00  4.07520E+00  4.43370E+00  4.65110E+00  4.72930E+00       1.41660E-03  4.89200E+00

  3.87095E-01  6.18190E-01  7.61910E-01  8.71215E-01  9.61050E-01       1.11870E-03  1.00000E+00
  3.59350E-01  5.83940E-01  7.30460E-01  8.50075E-01  9.53510E-01       3.00750E-03  1.00000E+00
  3.23865E-01  5.43985E-01  6.95215E-01  8.22535E-01  9.40140E-01       2.27680E-03  1.00000E+00
  2.80100E-01  4.89145E-01  6.45470E-01  7.89140E-01  9.31950E-01       1.96580E-03  1.00000E+00
  2.15150E-01  3.75360E-01  5.00520E-01  6.31535E-01  8.28110E-01       4.21270E-04  1.00000E+00

 -9.49495E-01 -5.83370E-01  1.51341E-02  5.91535E-01  9.52120E-01      -1.00000E+00  1.00000E+00
 -9.51202E-01 -5.86330E-01 -5.25257E-03  5.84218E-01  9.50075E-01      -1.00000E+00  1.00000E+00
 -9.49720E-01 -5.87988E-01  1.67293E-03  5.91623E-01  9.49815E-01      -1.00000E+00  1.00000E+00
 -9.51912E-01 -5.86970E-01  1.92433E-03  5.89240E-01  9.52065E-01      -1.00000E+00  1.00000E+00
 -9.50817E-01 -5.94573E-01 -2.23157E-03  5.85612E-01  9.51220E-01      -1.00000E+00  1.00000E+00
 -9.45248E-01 -5.51798E-01  3.74473E-02  6.11395E-01  9.53698E-01      -1.00000E+00  1.00000E+00
 -9.49360E-01 -5.68662E-01  2.36157E-02  6.03815E-01  9.52605E-01      -1.00000E+00  1.00000E+00
 -9.52050E-01 -5.83500E-01  9.82302E-03  5.96653E-01  9.52600E-01      -1.00000E+00  1.00000E+00
 -9.49315E-01 -5.78237E-01  1.41679E-02  5.98027E-01  9.51490E-01      -1.00000E+00  1.00000E+00
 -9.51565E-01 -5.88967E-01 -5.37855E-03  5.86328E-01  9.51535E-01      -1.00000E+00  1.00000E+00
 -8.83482E-01 -3.37602E-01  2.59030E-01  7.25035E-01  9.68895E-01      -1.00000E+00  1.00000E+00
 -8.94915E-01 -3.87277E-01  2.12783E-01  6.96697E-01  9.66125E-01      -1.00000E+00  1.00000E+00
 -9.06193E-01 -4.05495E-01  1.91384E-01  6.87192E-01  9.65227E-01      -1.00000E+00  1.00000E+00
 -9.11273E-01 -4.10985E-01  1.77965E-01  6.80680E-01  9.62705E-01      -1.00000E+00  1.00000E+00
 -9.22378E-01 -4.52915E-01  1.50428E-01  6.67480E-01  9.62405E-01      -1.00000E+00  1.00000E+00
 -9.53190E-01 -5.90882E-01 -4.50475E-02  5.22555E-01  9.42955E-01      -1.00000E+00  1.00000E+00
 -9.45437E-01 -5.57107E-01 -3.62500E-04  5.25343E-01  9.35645E-01      -1.00000E+00  1.00000E+00
 -9.38405E-01 -5.16532E-01  6.29375E-02  5.75945E-01  9.41128E-01      -1.00000E+00  1.00000E+00
 -9.36300E-01 -5.06883E-01  8.11092E-02  6.17537E-01  9.51887E-01      -1.00000E+00  1.00000E+00
 -9.42107E-01 -5.42573E-01  2.83987E-02  5.91965E-01  9.52877E-01      -1.00000E+00  1.00000E+00
  2.04509E-01  5.36190E-01  7.31473E-01  8.88748E-01  9.86023E-01      -1.00000E+00  1.00000E+00
  2.64554E-01  6.05150E-01  7.87098E-01  9.16920E-01  9.90293E-01      -9.99990E-01  1.00000E+00
  2.89160E-01  6.55480E-01  8.26727E-01  9.34810E-01  9.92592E-01      -1.00000E+00  1.00000E+00
  2.32735E-01  6.70245E-01  8.52560E-01  9.49280E-01  9.94698E-01      -1.00000E+00  1.00000E+00
 -7.88165E-02  4.97243E-01  7.77740E-01  9.26640E-01  9.92063E-01      -1.00000E+00  1.00000E+00


    1.   1.01   74. 183.84  5.00E+00  6.00E+01  9.02E-01  7.71E-01     5   0.00

  3.37160E+00  4.27460E+00  4.53080E+00  4.70590E+00  4.82290E+00       3.91160E-03  4.91290E+00

  3.79675E-01  6.09200E-01  7.53230E-01  8.65820E-01  9.59125E-01       2.19890E-03  1.00000E+00
  3.22785E-01  5.42215E-01  6.93150E-01  8.23730E-01  9.43180E-01       1.53120E-03  1.00000E+00
  2.79865E-01  4.82065E-01  6.33015E-01  7.74745E-01  9.22185E-01       9.57550E-04  1.00000E+00
  2.70305E-01  4.70940E-01  6.19555E-01  7.54230E-01  8.92035E-01       4.55910E-04  1.00000E+00
  1.81845E-01  3.31900E-01  4.63040E-01  6.21740E-01  8.24990E-01       7.35880E-04  1.00000E+00

 -9.53737E-01 -5.92045E-01 -8.14118E-03  5.74183E-01  9.46360E-01      -1.00000E+00  1.00000E+00
 -9.53798E-01 -6.00782E-01 -1.42699E-02  5.84157E-01  9.49690E-01      -1.00000E+00  1.00000E+00
 -9.53335E-01 -5.96738E-01 -2.01918E-02  5.79627E-01  9.49805E-01      -1.00000E+00  1.00000E+00
 -9.51470E-01 -5.82797E-01  2.60600E-03  5.84680E-01  9.51035E-01      -1.00000E+00  1.00000E+00
 -9.51360E-01 -5.85940E-01  3.22232E-03  5.89365E-01  9.52985E-01      -1.00000E+00  1.00000E+00
 -9.43902E-01 -5.18895E-01  1.09042E-01  6.62645E-01  9.62085E-01      -1.00000E+00  1.00000E+00
 -9.47575E-01 -5.50583E-01  6.39663E-02  6.34890E-01  9.57415E-01      -1.00000E+00  1.00000E+00
 -9.48838E-01 -5.64858E-01  3.78928E-02  6.17452E-01  9.55893E-01      -1.00000E+00  1.00000E+00
 -9.48082E-01 -5.62930E-01  4.00167E-02  6.11773E-01  9.54305E-01      -1.00000E+00  1.00000E+00
 -9.47935E-01 -5.74630E-01  2.22825E-02  5.99993E-01  9.52100E-01      -1.00000E+00  1.00000E+00
 -7.85922E-01 -2.55610E-01  3.03107E-01  7.64300E-01  9.75123E-01      -1.00000E+00  1.00000E+00
 -7.84025E-01 -2.52445E-01  2.90633E-01  7.59373E-01  9.74300E-01      -1.00000E+00  1.00000E+00
 -7.81793E-01 -2.46720E-01  2.82914E-01  7.50038E-01  9.73925E-01      -1.00000E+00  1.00000E+00
 -8.16070E-01 -2.64996E-01  2.70373E-01  7.24193E-01  9.70427E-01      -1.00000E+00  1.00000E+00
 -8.92258E-01 -3.52612E-01  2.25611E-01  6.97855E-01  9.65858E-01      -1.00000E+00  1.00000E+00
 -3.85663E-01  3.44100E-02  3.55625E-01  7.16627E-01  9.68677E-01      -1.00000E+00  1.00000E+00
 -3.37413E-01  8.96825E-02  3.83159E-01  6.98008E-01  9.61982E-01      -1.00000E+00  1.00000E+00
 -2.96860E-01  1.43017E-01  4.35264E-01  7.24335E-01  9.61330E-01      -1.00000E+00  1.00000E+00
 -2.73263E-01  1.73645E-01  4.87032E-01  7.63305E-01  9.69020E-01      -1.00000E+00  1.00000E+00
 -3.46502E-01  1.29767E-01  5.09637E-01  7.93632E-01  9.74387E-01      -1.00000E+00  1.00000E+00
  4.69715E-01  7.96303E-01  9.11048E-01  9.70345E-01  9.96862E-01      -9.98330E-01  1.00000E+00
  3.73368E-01  7.86602E-01  9.08205E-01  9.69660E-01  9.96703E-01      -9.99280E-01  1.00000E+00
  2.71921E-01  7.54953E-01  9.01952E-01  9.68677E-01  9.96703E-01      -1.00000E+00  1.00000E+00
  6.94650E-02  5.09763E-01  7.69345E-01  9.25060E-01  9.92790E-01      -1.00000E+00  1.00000E+00
 -7.45900E-02  3.93997E-01  6.91937E-01  8.78048E-01  9.85320E-01      -1.00000E+00  1.00000E+00


    1.   1.01   74. 183.84  5.00E+00  7.00E+01  9.33E-01  8.22E-01     5   0.00

  3.74280E+00  4.43660E+00  4.66300E+00  4.74540E+00  4.86640E+00       1.81920E-03  4.92390E+00

  3.60745E-01  5.88290E-01  7.35905E-01  8.55015E-01  9.55850E-01       2.51900E-03  1.00000E+00
  3.00535E-01  5.13190E-01  6.63445E-01  7.97990E-01  9.30165E-01       1.98350E-03  1.00000E+00
  2.64390E-01  4.65860E-01  6.23950E-01  7.76120E-01  9.29255E-01       1.42480E-03  1.00000E+00
  2.35155E-01  4.14135E-01  5.53190E-01  7.02265E-01  8.88185E-01       1.18270E-03  1.00000E+00
  1.95085E-01  3.56425E-01  4.89915E-01  6.05425E-01  7.39645E-01       7.92130E-04  9.99860E-01

 -9.48545E-01 -5.84185E-01  9.75227E-03  6.00240E-01  9.52970E-01      -1.00000E+00  1.00000E+00
 -9.52975E-01 -5.95623E-01 -1.46130E-02  5.86445E-01  9.50680E-01      -1.00000E+00  1.00000E+00
 -9.52520E-01 -5.97137E-01 -1.14800E-02  5.77600E-01  9.50573E-01      -1.00000E+00  1.00000E+00
 -9.50077E-01 -5.94725E-01 -9.18575E-03  5.85148E-01  9.50958E-01      -1.00000E+00  1.00000E+00
 -9.51117E-01 -5.95262E-01  1.29223E-03  5.87725E-01  9.52527E-01      -1.00000E+00  1.00000E+00
 -8.45465E-01 -2.20677E-01  3.65350E-01  7.74935E-01  9.75402E-01      -1.00000E+00  1.00000E+00
 -8.48730E-01 -2.50065E-01  3.18372E-01  7.48912E-01  9.71250E-01      -1.00000E+00  1.00000E+00
 -8.61775E-01 -2.61500E-01  3.16490E-01  7.45845E-01  9.70095E-01      -1.00000E+00  1.00000E+00
 -8.72282E-01 -2.88465E-01  2.88070E-01  7.29148E-01  9.69075E-01      -1.00000E+00  1.00000E+00
 -9.14800E-01 -4.05125E-01  2.06720E-01  6.94765E-01  9.62840E-01      -1.00000E+00  1.00000E+00
 -8.98033E-01 -4.15767E-01  1.95855E-01  7.15292E-01  9.70317E-01      -1.00000E+00  1.00000E+00
 -8.90625E-01 -3.93585E-01  2.14075E-01  7.00827E-01  9.68340E-01      -1.00000E+00  1.00000E+00
 -8.89347E-01 -3.73442E-01  2.23631E-01  6.82913E-01  9.62093E-01      -1.00000E+00  1.00000E+00
 -9.10587E-01 -4.05083E-01  1.90067E-01  6.71508E-01  9.58858E-01      -1.00000E+00  1.00000E+00
 -9.29028E-01 -4.74295E-01  1.16296E-01  6.23513E-01  9.55442E-01      -1.00000E+00  1.00000E+00
  2.19490E-01  6.03405E-01  7.75455E-01  9.06278E-01  9.88428E-01      -1.00000E+00  1.00000E+00
  1.26911E-01  6.29628E-01  8.02405E-01  9.20848E-01  9.90350E-01      -1.00000E+00  1.00000E+00
  2.10437E-02  6.44750E-01  8.26935E-01  9.33965E-01  9.92215E-01      -1.00000E+00  1.00000E+00
 -1.69860E-01  3.70202E-01  7.28200E-01  9.18480E-01  9.92012E-01      -1.00000E+00  1.00000E+00
 -4.22102E-01  9.63800E-02  4.32147E-01  7.44093E-01  9.68427E-01      -1.00000E+00  1.00000E+00
  4.97123E-01  7.16902E-01  8.67182E-01  9.56015E-01  9.95152E-01      -3.91420E-01  1.00000E+00
  4.90897E-01  7.02342E-01  8.26995E-01  9.34415E-01  9.92860E-01      -3.57860E-01  1.00000E+00
  5.21700E-01  7.38727E-01  8.51283E-01  9.33767E-01  9.91615E-01      -2.94420E-01  1.00000E+00
  5.71492E-01  7.89553E-01  9.00240E-01  9.64355E-01  9.96098E-01      -2.84080E-01  1.00000E+00
  6.30232E-01  8.15447E-01  9.16053E-01  9.71245E-01  9.96867E-01      -6.89010E-01  1.00000E+00


    1.   1.01   74. 183.84  5.00E+00  8.00E+01  9.55E-01  8.61E-01     5   0.00

  3.99890E+00  4.50780E+00  4.70940E+00  4.80290E+00  4.88810E+00       3.13250E-03  4.93130E+00

  3.35995E-01  5.58530E-01  7.07450E-01  8.32825E-01  9.46410E-01       9.96180E-04  1.00000E+00
  2.80005E-01  4.85810E-01  6.36475E-01  7.77115E-01  9.23715E-01       2.25990E-04  1.00000E+00
  2.60530E-01  4.59095E-01  6.09600E-01  7.55450E-01  9.08790E-01       7.24320E-04  1.00000E+00
  2.39945E-01  4.36595E-01  6.01350E-01  7.61960E-01  9.22595E-01       1.09600E-03  1.00000E+00
  1.81245E-01  3.26920E-01  4.38145E-01  5.32830E-01  6.44060E-01       1.06130E-03  9.52350E-01

 -9.32658E-01 -4.77988E-01  1.36613E-01  6.62605E-01  9.61738E-01      -1.00000E+00  1.00000E+00
 -9.34712E-01 -4.94418E-01  1.18729E-01  6.48338E-01  9.58925E-01      -1.00000E+00  1.00000E+00
 -9.36883E-01 -5.02615E-01  1.13214E-01  6.47740E-01  9.59180E-01      -1.00000E+00  1.00000E+00
 -9.40315E-01 -5.24937E-01  7.66710E-02  6.35340E-01  9.57150E-01      -1.00000E+00  1.00000E+00
 -9.45688E-01 -5.54078E-01  5.23676E-02  6.19977E-01  9.55402E-01      -1.00000E+00  1.00000E+00
 -8.98965E-01 -2.45544E-01  3.88673E-01  7.89977E-01  9.77148E-01      -1.00000E+00  1.00000E+00
 -8.91698E-01 -2.24577E-01  3.70310E-01  7.72190E-01  9.75035E-01      -1.00000E+00  1.00000E+00
 -8.77460E-01 -1.89389E-01  3.72837E-01  7.64003E-01  9.73010E-01      -1.00000E+00  1.00000E+00
 -8.82395E-01 -2.22472E-01  3.57008E-01  7.55630E-01  9.71760E-01      -1.00000E+00  1.00000E+00
 -9.17577E-01 -4.06723E-01  2.25019E-01  7.02475E-01  9.66773E-01      -1.00000E+00  1.00000E+00
 -4.42410E-01  2.63400E-02  4.19332E-01  7.90842E-01  9.76955E-01      -1.00000E+00  1.00000E+00
 -4.31316E-01  3.59425E-02  3.98060E-01  7.72168E-01  9.75337E-01      -1.00000E+00  1.00000E+00
 -4.13316E-01  5.51250E-02  3.96040E-01  7.52248E-01  9.73633E-01      -1.00000E+00  1.00000E+00
 -4.07773E-01  6.36425E-02  4.15456E-01  7.56153E-01  9.71505E-01      -1.00000E+00  1.00000E+00
 -5.29216E-01 -1.88450E-02  3.66312E-01  7.21780E-01  9.66053E-01      -1.00000E+00  1.00000E+00
  1.93870E-01  6.45142E-01  8.43300E-01  9.47502E-01  9.94383E-01      -1.00000E+00  1.00000E+00
  4.02390E-02  5.81635E-01  8.01520E-01  9.33590E-01  9.93112E-01      -9.99990E-01  1.00000E+00
 -9.46185E-02  5.43683E-01  7.58197E-01  9.11027E-01  9.90463E-01      -1.00000E+00  1.00000E+00
 -2.69797E-01  2.53827E-01  6.68305E-01  8.86100E-01  9.86513E-01      -1.00000E+00  1.00000E+00
 -4.26130E-01 -4.14275E-02  2.95515E-01  7.01860E-01  9.67292E-01      -1.00000E+00  1.00000E+00
  6.51633E-01  7.92065E-01  8.90777E-01  9.63732E-01  9.96205E-01       7.39540E-02  1.00000E+00
  6.72152E-01  8.03168E-01  8.79900E-01  9.46678E-01  9.93613E-01       1.08730E-01  1.00000E+00
  7.19225E-01  8.44980E-01  9.14250E-01  9.62165E-01  9.94850E-01       1.78980E-01  1.00000E+00
  7.70400E-01  8.86683E-01  9.45852E-01  9.80712E-01  9.97807E-01       2.17730E-01  1.00000E+00
  8.37310E-01  9.22440E-01  9.64435E-01  9.87918E-01  9.98687E-01       3.20550E-01  1.00000E+00


    1.   1.01   74. 183.84  5.00E+00  8.50E+01  9.61E-01  8.73E-01     5   0.00

  4.06140E+00  4.53050E+00  4.72420E+00  4.82120E+00  4.89340E+00       7.97650E-03  4.93310E+00

  3.29895E-01  5.51645E-01  7.02205E-01  8.29910E-01  9.45390E-01       2.01450E-03  1.00000E+00
  2.71285E-01  4.71945E-01  6.22140E-01  7.65000E-01  9.18775E-01       1.04900E-03  1.00000E+00
  2.54890E-01  4.48880E-01  5.95395E-01  7.36550E-01  8.90615E-01       1.14830E-03  9.99980E-01
  2.44775E-01  4.50660E-01  6.35040E-01  8.01545E-01  9.27785E-01       7.87650E-04  1.00000E+00
  1.76400E-01  3.16975E-01  4.22550E-01  5.12815E-01  6.18845E-01       7.63030E-04  9.24990E-01

 -9.34190E-01 -4.79822E-01  1.42115E-01  6.71357E-01  9.62020E-01      -1.00000E+00  1.00000E+00
 -9.40857E-01 -5.19715E-01  1.00303E-01  6.45470E-01  9.58067E-01      -1.00000E+00  1.00000E+00
 -9.41385E-01 -5.26295E-01  8.45235E-02  6.41130E-01  9.57337E-01      -1.00000E+00  1.00000E+00
 -9.43913E-01 -5.43598E-01  6.15697E-02  6.31167E-01  9.57900E-01      -1.00000E+00  1.00000E+00
 -9.48337E-01 -5.71608E-01  2.40387E-02  6.05850E-01  9.53363E-01      -1.00000E+00  1.00000E+00
 -8.86343E-01 -2.83203E-01  3.87625E-01  7.97245E-01  9.77938E-01      -1.00000E+00  1.00000E+00
 -8.87618E-01 -2.81495E-01  3.90238E-01  7.93430E-01  9.77753E-01      -1.00000E+00  1.00000E+00
 -8.84710E-01 -2.37500E-01  4.19057E-01  7.99055E-01  9.77520E-01      -1.00000E+00  1.00000E+00
 -8.83980E-01 -2.51472E-01  3.84107E-01  7.95115E-01  9.78082E-01      -1.00000E+00  1.00000E+00
 -9.11580E-01 -3.67420E-01  2.56755E-01  7.28557E-01  9.69860E-01      -1.00000E+00  1.00000E+00
 -2.16410E-01  2.69989E-01  5.87900E-01  8.59100E-01  9.84602E-01      -1.00000E+00  1.00000E+00
 -2.34002E-01  2.74729E-01  5.70287E-01  8.38373E-01  9.83020E-01      -1.00000E+00  1.00000E+00
 -2.51702E-01  2.77397E-01  5.63480E-01  8.16598E-01  9.78995E-01      -1.00000E+00  1.00000E+00
 -4.27640E-01  2.21493E-01  5.47127E-01  8.01145E-01  9.77180E-01      -1.00000E+00  1.00000E+00
 -7.06725E-01  8.50675E-02  5.13297E-01  7.99535E-01  9.75123E-01      -1.00000E+00  1.00000E+00
  1.41033E-01  6.49373E-01  8.58495E-01  9.54495E-01  9.95163E-01      -9.72120E-01  1.00000E+00
  2.49675E-02  4.84330E-01  7.93390E-01  9.35803E-01  9.93147E-01      -1.00000E+00  1.00000E+00
 -7.21675E-02  3.02332E-01  6.36000E-01  8.71792E-01  9.86642E-01      -9.99990E-01  1.00000E+00
 -1.66775E-01  2.37483E-01  5.30440E-01  8.29215E-01  9.80945E-01      -1.00000E+00  1.00000E+00
 -2.09805E-01  1.64375E-01  4.78477E-01  7.51775E-01  9.68867E-01      -1.00000E+00  1.00000E+00
  6.86190E-01  8.10823E-01  8.96825E-01  9.64982E-01  9.96342E-01       1.60660E-01  1.00000E+00
  7.10413E-01  8.24945E-01  8.92085E-01  9.50788E-01  9.94205E-01       2.14050E-01  1.00000E+00
  7.56120E-01  8.66643E-01  9.26743E-01  9.67895E-01  9.95600E-01       2.97080E-01  1.00000E+00
  8.04337E-01  9.01758E-01  9.53357E-01  9.83405E-01  9.98193E-01       3.16790E-01  1.00000E+00
  8.62882E-01  9.35423E-01  9.70585E-01  9.90033E-01  9.98910E-01       4.36560E-01  1.00000E+00


    1.   1.01   74. 183.84  1.00E+01  0.00E+00  7.45E-01  5.50E-01     5   0.00

  3.76590E+00  6.94580E+00  8.27730E+00  8.93050E+00  9.43420E+00       3.11390E-03  9.53740E+00

  4.18850E-01  6.43085E-01  7.78420E-01  8.81375E-01  9.64765E-01       2.28790E-03  1.00000E+00
  4.56830E-01  6.63935E-01  7.88330E-01  8.84845E-01  9.64780E-01       5.86420E-03  1.00000E+00
  4.31245E-01  6.39055E-01  7.68670E-01  8.71690E-01  9.60230E-01       1.13660E-03  1.00000E+00
  3.94590E-01  6.05135E-01  7.43520E-01  8.55880E-01  9.53520E-01       1.93620E-03  1.00000E+00
  2.66500E-01  4.60640E-01  6.08145E-01  7.46995E-01  8.93700E-01       2.12300E-03  9.99990E-01

 -9.50087E-01 -5.86545E-01 -3.87552E-03  5.87858E-01  9.52685E-01      -1.00000E+00  1.00000E+00
 -9.49488E-01 -5.85302E-01 -3.68756E-03  5.86490E-01  9.51528E-01      -1.00000E+00  1.00000E+00
 -9.51173E-01 -5.91727E-01 -8.30300E-03  5.84108E-01  9.49460E-01      -1.00000E+00  1.00000E+00
 -9.52648E-01 -5.85970E-01  9.32740E-03  5.94788E-01  9.50505E-01      -1.00000E+00  1.00000E+00
 -9.50412E-01 -5.86673E-01  7.53363E-03  5.86485E-01  9.50422E-01      -1.00000E+00  1.00000E+00
 -9.51710E-01 -5.86052E-01  1.60885E-03  5.90442E-01  9.50708E-01      -1.00000E+00  1.00000E+00
 -9.53115E-01 -5.87495E-01 -1.41195E-03  5.93862E-01  9.53182E-01      -1.00000E+00  1.00000E+00
 -9.50235E-01 -5.89718E-01  2.93950E-03  5.82242E-01  9.48948E-01      -1.00000E+00  1.00000E+00
 -9.50978E-01 -5.93835E-01 -7.38800E-03  5.82368E-01  9.51140E-01      -1.00000E+00  1.00000E+00
 -9.52050E-01 -5.88797E-01  1.83988E-03  5.86705E-01  9.50150E-01      -1.00000E+00  1.00000E+00
 -9.50607E-01 -5.92477E-01 -4.76508E-03  5.85720E-01  9.50665E-01      -1.00000E+00  1.00000E+00
 -9.51790E-01 -5.88045E-01 -1.43363E-03  5.92480E-01  9.51930E-01      -1.00000E+00  1.00000E+00
 -9.49580E-01 -5.91647E-01 -1.18613E-02  5.78325E-01  9.50310E-01      -1.00000E+00  1.00000E+00
 -9.52890E-01 -5.98368E-01 -1.52372E-02  5.78187E-01  9.49438E-01      -1.00000E+00  1.00000E+00
 -9.52178E-01 -5.81263E-01  1.05685E-02  5.86015E-01  9.50220E-01      -1.00000E+00  1.00000E+00
 -9.51140E-01 -5.85703E-01  1.92375E-03  5.89110E-01  9.51062E-01      -1.00000E+00  1.00000E+00
 -9.51313E-01 -5.88855E-01 -5.77355E-03  5.88410E-01  9.50418E-01      -1.00000E+00  1.00000E+00
 -9.50770E-01 -5.92132E-01 -1.12447E-02  5.87417E-01  9.51800E-01      -1.00000E+00  1.00000E+00
 -9.49342E-01 -5.85795E-01  5.68100E-03  5.92243E-01  9.50257E-01      -1.00000E+00  1.00000E+00
 -9.50822E-01 -5.83363E-01  3.12365E-03  5.87040E-01  9.50313E-01      -1.00000E+00  1.00000E+00
 -9.53520E-01 -5.93993E-01 -1.92678E-03  5.91230E-01  9.52913E-01      -1.00000E+00  1.00000E+00
 -9.52505E-01 -5.92560E-01 -3.85662E-03  5.94290E-01  9.51942E-01      -1.00000E+00  1.00000E+00
 -9.51053E-01 -5.86435E-01 -8.02413E-03  5.82990E-01  9.50285E-01      -1.00000E+00  1.00000E+00
 -9.51755E-01 -5.89778E-01 -3.01700E-04  5.91378E-01  9.52117E-01      -1.00000E+00  1.00000E+00
 -9.50207E-01 -5.86448E-01 -4.21640E-03  5.80477E-01  9.50900E-01      -1.00000E+00  1.00000E+00


    1.   1.01   74. 183.84  1.00E+01  3.00E+01  7.84E-01  6.04E-01     5   0.00

  4.30380E+00  7.44840E+00  8.58770E+00  9.13100E+00  9.46990E+00       3.81430E-03  9.74270E+00

  4.26595E-01  6.46855E-01  7.80415E-01  8.81465E-01  9.64465E-01       3.65440E-03  1.00000E+00
  4.52125E-01  6.56800E-01  7.81985E-01  8.81175E-01  9.63680E-01       2.27520E-03  1.00000E+00
  4.02975E-01  6.11590E-01  7.45570E-01  8.56625E-01  9.54970E-01       1.05100E-03  1.00000E+00
  3.27775E-01  5.33575E-01  6.79550E-01  8.08645E-01  9.34585E-01       1.64100E-03  1.00000E+00
  2.55170E-01  4.37800E-01  5.75670E-01  7.05395E-01  8.53415E-01       1.71000E-03  1.00000E+00

 -9.52678E-01 -5.91743E-01 -9.38122E-03  5.82307E-01  9.48928E-01      -1.00000E+00  1.00000E+00
 -9.51177E-01 -5.89947E-01  1.35521E-03  5.89792E-01  9.50688E-01      -1.00000E+00  1.00000E+00
 -9.49855E-01 -5.83960E-01  3.69735E-03  5.94328E-01  9.52507E-01      -1.00000E+00  1.00000E+00
 -9.50060E-01 -5.87452E-01  2.91685E-03  5.86278E-01  9.52830E-01      -1.00000E+00  1.00000E+00
 -9.50410E-01 -5.90973E-01 -3.28371E-03  5.86000E-01  9.51513E-01      -1.00000E+00  1.00000E+00
 -9.51700E-01 -5.90540E-01  5.04625E-04  5.84630E-01  9.50000E-01      -1.00000E+00  1.00000E+00
 -9.52405E-01 -5.90187E-01 -1.05144E-02  5.81152E-01  9.50362E-01      -1.00000E+00  1.00000E+00
 -9.53122E-01 -5.92537E-01 -1.77938E-03  5.83920E-01  9.50945E-01      -1.00000E+00  1.00000E+00
 -9.49325E-01 -5.91265E-01 -7.12669E-03  5.84555E-01  9.50845E-01      -1.00000E+00  1.00000E+00
 -9.52053E-01 -5.88410E-01 -3.73900E-04  5.85263E-01  9.51678E-01      -1.00000E+00  1.00000E+00
 -9.45977E-01 -5.57040E-01  4.63764E-02  6.20075E-01  9.57288E-01      -1.00000E+00  1.00000E+00
 -9.45640E-01 -5.54280E-01  5.02737E-02  6.22375E-01  9.55675E-01      -1.00000E+00  1.00000E+00
 -9.44017E-01 -5.47492E-01  5.03087E-02  6.19467E-01  9.55563E-01      -1.00000E+00  1.00000E+00
 -9.48468E-01 -5.64188E-01  3.21362E-02  6.13840E-01  9.55458E-01      -1.00000E+00  1.00000E+00
 -9.49842E-01 -5.81090E-01  1.18788E-02  5.93635E-01  9.51058E-01      -1.00000E+00  1.00000E+00
 -8.60492E-01 -2.20435E-01  3.83610E-01  7.86045E-01  9.76733E-01      -1.00000E+00  1.00000E+00
 -8.66723E-01 -2.57661E-01  3.45372E-01  7.70485E-01  9.75720E-01      -1.00000E+00  1.00000E+00
 -8.73953E-01 -3.00563E-01  2.98006E-01  7.41690E-01  9.72050E-01      -1.00000E+00  1.00000E+00
 -8.78927E-01 -3.52109E-01  2.39740E-01  7.09453E-01  9.67595E-01      -1.00000E+00  1.00000E+00
 -9.05913E-01 -4.16185E-01  1.68498E-01  6.78373E-01  9.61410E-01      -1.00000E+00  1.00000E+00
 -4.92260E-01 -1.17988E-01  1.96870E-01  6.05140E-01  9.50048E-01      -1.00000E+00  1.00000E+00
 -4.76031E-01 -8.94100E-02  2.30185E-01  5.96025E-01  9.42428E-01      -1.00000E+00  1.00000E+00
 -4.44820E-01 -5.22100E-02  2.97407E-01  6.52875E-01  9.52990E-01      -1.00000E+00  1.00000E+00
 -4.01970E-01 -1.09875E-02  3.77396E-01  7.23463E-01  9.64877E-01      -1.00000E+00  1.00000E+00
 -3.49055E-01  3.95300E-02  4.48329E-01  7.70860E-01  9.72790E-01      -1.00000E+00  1.00000E+00


    1.   1.01   74. 183.84  1.00E+01  4.50E+01  8.33E-01  6.74E-01     5   0.00

  5.14190E+00  8.09220E+00  8.90450E+00  9.30010E+00  9.55270E+00       7.47410E-04  9.79530E+00

  4.33685E-01  6.51405E-01  7.81575E-01  8.82265E-01  9.64630E-01       6.77210E-04  1.00000E+00
  4.19955E-01  6.28770E-01  7.60750E-01  8.67065E-01  9.58745E-01       3.30080E-03  1.00000E+00
  3.50175E-01  5.58055E-01  7.02550E-01  8.28360E-01  9.44685E-01       2.83480E-03  9.99990E-01
  2.88960E-01  4.87590E-01  6.36525E-01  7.76285E-01  9.20755E-01       9.19570E-04  1.00000E+00
  2.14245E-01  3.73620E-01  4.95555E-01  6.15600E-01  7.83830E-01       6.33840E-04  9.99990E-01

 -9.51597E-01 -5.84867E-01 -6.61000E-04  5.88935E-01  9.52525E-01      -1.00000E+00  1.00000E+00
 -9.51222E-01 -5.83655E-01  6.51167E-03  5.94637E-01  9.49820E-01      -1.00000E+00  1.00000E+00
 -9.51982E-01 -5.92140E-01 -8.67500E-04  5.87012E-01  9.50315E-01      -1.00000E+00  1.00000E+00
 -9.51405E-01 -5.83832E-01  3.49915E-03  5.92400E-01  9.52590E-01      -1.00000E+00  1.00000E+00
 -9.51687E-01 -5.92498E-01 -3.48225E-03  5.91845E-01  9.53040E-01      -1.00000E+00  1.00000E+00
 -9.43265E-01 -5.50400E-01  4.99970E-02  6.09145E-01  9.53495E-01      -1.00000E+00  1.00000E+00
 -9.46802E-01 -5.64995E-01  3.30633E-02  6.06667E-01  9.54208E-01      -1.00000E+00  1.00000E+00
 -9.46568E-01 -5.60298E-01  3.70070E-02  6.13010E-01  9.55030E-01      -1.00000E+00  1.00000E+00
 -9.47250E-01 -5.61315E-01  3.65563E-02  6.05557E-01  9.53558E-01      -1.00000E+00  1.00000E+00
 -9.49723E-01 -5.74313E-01  1.81285E-02  6.05285E-01  9.51058E-01      -1.00000E+00  1.00000E+00
 -9.28930E-01 -4.22708E-01  2.41710E-01  7.26670E-01  9.70110E-01      -1.00000E+00  1.00000E+00
 -9.39585E-01 -4.85015E-01  1.80465E-01  6.98892E-01  9.67833E-01      -1.00000E+00  1.00000E+00
 -9.43057E-01 -5.22952E-01  1.16286E-01  6.68890E-01  9.62800E-01      -1.00000E+00  1.00000E+00
 -9.45908E-01 -5.49098E-01  5.74638E-02  6.28380E-01  9.56897E-01      -1.00000E+00  1.00000E+00
 -9.48767E-01 -5.69178E-01  4.25887E-02  6.14050E-01  9.55773E-01      -1.00000E+00  1.00000E+00
 -7.37877E-01 -2.38865E-01  1.67198E-01  6.72590E-01  9.68748E-01      -1.00000E+00  1.00000E+00
 -7.35288E-01 -2.41875E-01  1.54080E-01  6.00895E-01  9.60005E-01      -1.00000E+00  1.00000E+00
 -7.35050E-01 -2.34928E-01  1.56028E-01  5.67377E-01  9.41555E-01      -1.00000E+00  1.00000E+00
 -7.71835E-01 -2.46202E-01  1.91183E-01  6.27067E-01  9.49935E-01      -1.00000E+00  1.00000E+00
 -8.75428E-01 -3.58143E-01  1.60370E-01  6.36590E-01  9.57083E-01      -1.00000E+00  1.00000E+00
  1.59647E-01  4.92097E-01  6.95355E-01  8.75807E-01  9.86500E-01      -8.62420E-01  1.00000E+00
  2.26989E-01  5.60068E-01  7.51118E-01  8.98073E-01  9.87902E-01      -9.89600E-01  1.00000E+00
  2.90152E-01  6.23398E-01  8.01560E-01  9.21343E-01  9.90833E-01      -9.99910E-01  1.00000E+00
  3.14512E-01  6.74340E-01  8.50508E-01  9.47048E-01  9.94040E-01      -1.00000E+00  1.00000E+00
  1.15108E-01  5.91863E-01  8.13937E-01  9.37610E-01  9.93330E-01      -9.99990E-01  1.00000E+00


    1.   1.01   74. 183.84  1.00E+01  6.00E+01  8.96E-01  7.72E-01     5   0.00

  6.61280E+00  8.77830E+00  9.23890E+00  9.51710E+00  9.69270E+00       9.56760E-04  9.83700E+00

  4.32295E-01  6.46395E-01  7.77955E-01  8.79305E-01  9.63425E-01       1.27820E-03  1.00000E+00
  3.33210E-01  5.37370E-01  6.81805E-01  8.11480E-01  9.37460E-01       1.70380E-03  1.00000E+00
  2.94190E-01  4.85920E-01  6.26715E-01  7.59235E-01  9.06235E-01       5.68270E-04  9.99990E-01
  2.73640E-01  4.67915E-01  6.13625E-01  7.48590E-01  8.94270E-01       7.65460E-04  1.00000E+00
  1.57470E-01  2.85380E-01  3.96700E-01  5.26700E-01  7.28810E-01       8.59700E-04  9.99970E-01

 -9.52285E-01 -5.87640E-01 -5.08710E-03  5.90295E-01  9.49980E-01      -1.00000E+00  1.00000E+00
 -9.49745E-01 -5.85198E-01 -1.82670E-03  5.85527E-01  9.50192E-01      -1.00000E+00  1.00000E+00
 -9.50182E-01 -5.81505E-01  1.16017E-02  5.94250E-01  9.51462E-01      -1.00000E+00  1.00000E+00
 -9.51725E-01 -5.94290E-01 -1.42802E-02  5.77150E-01  9.49700E-01      -1.00000E+00  1.00000E+00
 -9.50337E-01 -5.91245E-01  5.66812E-03  5.92265E-01  9.50983E-01      -1.00000E+00  1.00000E+00
 -8.81752E-01 -2.76818E-01  3.39098E-01  7.60507E-01  9.73217E-01      -1.00000E+00  1.00000E+00
 -8.92330E-01 -3.25768E-01  2.82865E-01  7.39910E-01  9.70485E-01      -1.00000E+00  1.00000E+00
 -9.09527E-01 -3.72607E-01  2.44049E-01  7.16638E-01  9.68073E-01      -1.00000E+00  1.00000E+00
 -9.23610E-01 -4.35642E-01  1.77514E-01  6.88780E-01  9.64843E-01      -1.00000E+00  1.00000E+00
 -9.40620E-01 -5.16305E-01  9.97838E-02  6.41495E-01  9.59802E-01      -1.00000E+00  1.00000E+00
 -9.02815E-01 -1.46600E-01  4.69463E-01  8.09237E-01  9.79305E-01      -1.00000E+00  1.00000E+00
 -8.92830E-01 -1.22022E-01  4.60965E-01  8.01242E-01  9.77630E-01      -1.00000E+00  1.00000E+00
 -8.79897E-01 -9.08847E-02  4.62280E-01  7.94203E-01  9.76533E-01      -1.00000E+00  1.00000E+00
 -8.75472E-01 -1.12915E-01  4.65052E-01  7.99030E-01  9.77675E-01      -1.00000E+00  1.00000E+00
 -9.04223E-01 -3.01998E-01  3.38048E-01  7.60905E-01  9.73480E-01      -1.00000E+00  1.00000E+00
 -3.11775E-01  1.00648E-01  4.17602E-01  7.68270E-01  9.76290E-01      -1.00000E+00  1.00000E+00
 -3.05308E-01  1.27790E-01  4.25070E-01  7.38620E-01  9.67585E-01      -1.00000E+00  1.00000E+00
 -2.79888E-01  1.74900E-01  4.63873E-01  7.53575E-01  9.67803E-01      -1.00000E+00  1.00000E+00
 -2.86282E-01  1.92030E-01  5.14307E-01  7.89770E-01  9.74625E-01      -1.00000E+00  1.00000E+00
 -6.49626E-01 -2.40468E-02  5.00560E-01  7.93632E-01  9.75185E-01      -1.00000E+00  1.00000E+00
  6.35000E-01  8.53005E-01  9.37458E-01  9.79518E-01  9.97708E-01      -4.51020E-01  1.00000E+00
  6.10208E-01  8.49217E-01  9.35128E-01  9.78363E-01  9.97752E-01      -5.09610E-01  1.00000E+00
  5.40362E-01  8.36812E-01  9.31742E-01  9.78020E-01  9.97698E-01      -4.46870E-01  1.00000E+00
  4.84220E-01  7.71160E-01  9.08597E-01  9.72852E-01  9.97128E-01      -4.29070E-01  1.00000E+00
  4.90070E-01  7.47707E-01  8.74793E-01  9.54195E-01  9.94672E-01      -9.94860E-01  1.00000E+00


    1.   1.01   74. 183.84  1.00E+01  7.00E+01  9.39E-01  8.44E-01     5   0.00

  7.87880E+00  9.12340E+00  9.46660E+00  9.61280E+00  9.78140E+00       6.35290E-03  9.86420E+00

  3.87390E-01  6.01075E-01  7.39970E-01  8.54465E-01  9.53965E-01       2.34820E-03  1.00000E+00
  2.98205E-01  4.95090E-01  6.40340E-01  7.75735E-01  9.18920E-01       1.80950E-03  1.00000E+00
  2.59775E-01  4.52290E-01  6.01645E-01  7.50170E-01  9.11955E-01       1.28750E-03  1.00000E+00
  2.13815E-01  3.72680E-01  5.05350E-01  6.59370E-01  8.62395E-01       1.13670E-03  1.00000E+00
  1.54895E-01  2.86705E-01  3.90135E-01  4.83755E-01  5.98955E-01       4.89950E-04  9.16630E-01

 -9.45695E-01 -5.49655E-01  7.72713E-02  6.37675E-01  9.58132E-01      -1.00000E+00  1.00000E+00
 -9.46967E-01 -5.64255E-01  4.13004E-02  6.19498E-01  9.54335E-01      -1.00000E+00  1.00000E+00
 -9.49822E-01 -5.71048E-01  4.14415E-02  6.15228E-01  9.55015E-01      -1.00000E+00  1.00000E+00
 -9.47825E-01 -5.78150E-01  1.35586E-02  6.00040E-01  9.53418E-01      -1.00000E+00  1.00000E+00
 -9.52248E-01 -5.83740E-01  2.35900E-04  5.90680E-01  9.52318E-01      -1.00000E+00  1.00000E+00
 -7.51410E-01  2.13878E-02  5.53543E-01  8.54270E-01  9.84083E-01      -1.00000E+00  1.00000E+00
 -7.70633E-01 -3.71200E-02  4.98273E-01  8.22540E-01  9.80995E-01      -1.00000E+00  1.00000E+00
 -7.86920E-01 -8.40225E-02  4.69045E-01  8.14340E-01  9.79282E-01      -1.00000E+00  1.00000E+00
 -8.29447E-01 -1.43498E-01  4.30617E-01  7.98813E-01  9.77753E-01      -1.00000E+00  1.00000E+00
 -8.94310E-01 -3.01749E-01  3.09725E-01  7.50197E-01  9.72505E-01      -1.00000E+00  1.00000E+00
 -5.96715E-01 -1.60538E-01  5.00888E-01  8.56590E-01  9.85293E-01      -1.00000E+00  1.00000E+00
 -6.26957E-01 -1.41378E-01  5.11685E-01  8.36152E-01  9.82545E-01      -1.00000E+00  1.00000E+00
 -6.59857E-01 -1.42628E-01  4.86080E-01  8.27260E-01  9.80970E-01      -1.00000E+00  1.00000E+00
 -7.50550E-01 -2.10453E-01  3.79638E-01  8.04090E-01  9.78847E-01      -1.00000E+00  1.00000E+00
 -8.74358E-01 -3.63774E-01  2.48850E-01  7.26202E-01  9.69580E-01      -1.00000E+00  1.00000E+00
  4.88205E-01  7.48370E-01  8.69600E-01  9.50650E-01  9.94312E-01      -7.80520E-01  1.00000E+00
  4.26617E-01  7.62860E-01  8.83575E-01  9.57098E-01  9.95230E-01      -7.88540E-01  1.00000E+00
  3.61470E-01  7.56115E-01  8.90385E-01  9.62260E-01  9.95842E-01      -8.00580E-01  1.00000E+00
  2.99313E-01  6.25618E-01  8.19808E-01  9.36765E-01  9.93653E-01      -8.42440E-01  1.00000E+00
 -1.07262E-01  3.98715E-01  6.51010E-01  9.05720E-01  9.89595E-01      -1.00000E+00  1.00000E+00
  6.93115E-01  8.30330E-01  9.22828E-01  9.75410E-01  9.97455E-01       1.26570E-01  1.00000E+00
  6.99087E-01  8.28395E-01  8.99250E-01  9.61523E-01  9.95788E-01       1.55490E-01  1.00000E+00
  7.29850E-01  8.55517E-01  9.18643E-01  9.63453E-01  9.95308E-01       2.20690E-01  1.00000E+00
  7.76608E-01  8.94170E-01  9.51017E-01  9.82917E-01  9.98108E-01       2.90310E-01  1.00000E+00
  8.40175E-01  9.23128E-01  9.64862E-01  9.88255E-01  9.98727E-01       4.07080E-01  1.00000E+00


    1.   1.01   74. 183.84  1.00E+01  8.00E+01  9.71E-01  9.03E-01     5   0.00

  8.69140E+00  9.37300E+00  9.60150E+00  9.73400E+00  9.82980E+00       1.59080E-02  9.88310E+00

  3.28105E-01  5.34260E-01  6.79415E-01  8.08175E-01  9.35490E-01       3.24910E-04  1.00000E+00
  2.56985E-01  4.45430E-01  5.92920E-01  7.42535E-01  9.09540E-01       2.11070E-03  1.00000E+00
  2.28300E-01  4.01655E-01  5.41820E-01  6.92880E-01  9.00400E-01       2.13420E-04  1.00000E+00
  2.07220E-01  3.95710E-01  5.54195E-01  6.95695E-01  8.06395E-01       1.07600E-03  9.91510E-01
  1.37932E-01  2.43835E-01  3.19195E-01  3.84465E-01  4.64685E-01       6.69740E-04  7.03760E-01

 -9.16335E-01 -3.51812E-01  3.04563E-01  7.48445E-01  9.72222E-01      -1.00000E+00  1.00000E+00
 -9.24382E-01 -4.19243E-01  2.36904E-01  7.27280E-01  9.69430E-01      -1.00000E+00  1.00000E+00
 -9.29850E-01 -4.50570E-01  1.95123E-01  7.02998E-01  9.67108E-01      -1.00000E+00  1.00000E+00
 -9.36920E-01 -4.85187E-01  1.49028E-01  6.75480E-01  9.64108E-01      -1.00000E+00  1.00000E+00
 -9.44312E-01 -5.24955E-01  9.11370E-02  6.43035E-01  9.58900E-01      -1.00000E+00  1.00000E+00
 -6.84980E-01  1.01727E-01  5.74133E-01  8.70965E-01  9.87362E-01      -1.00000E+00  1.00000E+00
 -6.55968E-01  7.06150E-02  5.15572E-01  8.45812E-01  9.84383E-01      -1.00000E+00  1.00000E+00
 -6.71538E-01  3.46850E-02  4.80787E-01  8.20875E-01  9.81360E-01      -1.00000E+00  1.00000E+00
 -7.31315E-01 -3.16750E-02  4.53337E-01  8.11152E-01  9.79983E-01      -1.00000E+00  1.00000E+00
 -8.73872E-01 -2.89200E-01  2.70699E-01  7.21470E-01  9.69000E-01      -1.00000E+00  1.00000E+00
  3.84610E-01  6.79368E-01  8.40755E-01  9.47785E-01  9.94525E-01      -9.98890E-01  1.00000E+00
  3.34116E-01  6.73328E-01  8.31170E-01  9.37805E-01  9.93210E-01      -1.00000E+00  1.00000E+00
  1.76958E-01  6.58353E-01  8.25028E-01  9.34785E-01  9.92460E-01      -1.00000E+00  1.00000E+00
 -1.75998E-01  5.73655E-01  8.18532E-01  9.33265E-01  9.92462E-01      -1.00000E+00  1.00000E+00
 -5.53355E-01  6.17000E-04  5.16633E-01  8.23603E-01  9.79457E-01      -1.00000E+00  1.00000E+00
  4.99240E-01  7.80855E-01  9.20025E-01  9.76245E-01  9.97637E-01      -1.55590E-01  1.00000E+00
  4.72200E-01  6.71507E-01  8.44625E-01  9.49468E-01  9.94810E-01      -9.55060E-02  1.00000E+00
  5.01525E-01  6.66850E-01  8.02910E-01  9.24687E-01  9.91640E-01      -3.75450E-02  1.00000E+00
  5.89313E-01  7.53038E-01  8.47475E-01  9.28318E-01  9.90555E-01       2.66270E-02  1.00000E+00
  7.12122E-01  8.57478E-01  9.33577E-01  9.76840E-01  9.97433E-01       9.90100E-02  1.00000E+00
  8.30710E-01  8.95338E-01  9.40643E-01  9.78150E-01  9.97602E-01       5.67280E-01  1.00000E+00
  8.51365E-01  9.12438E-01  9.46355E-01  9.76143E-01  9.96982E-01       6.11490E-01  1.00000E+00
  8.78370E-01  9.34603E-01  9.63830E-01  9.84442E-01  9.97988E-01       6.72190E-01  1.00000E+00
  9.03600E-01  9.53453E-01  9.78510E-01  9.92605E-01  9.99200E-01       7.13490E-01  1.00000E+00
  9.38695E-01  9.70670E-01  9.86635E-01  9.95520E-01  9.99527E-01       7.83970E-01  1.00000E+00


    1.   1.01   74. 183.84  1.00E+01  8.50E+01  9.79E-01  9.19E-01     5   0.00

  8.87620E+00  9.47160E+00  9.63710E+00  9.76210E+00  9.84160E+00       7.09320E-03  9.88930E+00

  3.12685E-01  5.16055E-01  6.64105E-01  7.97710E-01  9.32010E-01       9.02670E-04  1.00000E+00
  2.48745E-01  4.35685E-01  5.86545E-01  7.38505E-01  9.02740E-01       9.53710E-04  1.00000E+00
  2.18080E-01  3.91775E-01  5.44700E-01  7.17395E-01  9.06605E-01       7.89570E-04  1.00000E+00
  2.03230E-01  3.81175E-01  5.24505E-01  6.49580E-01  7.47515E-01       5.50570E-04  9.46060E-01
  1.31800E-01  2.30950E-01  3.00245E-01  3.60180E-01  4.33485E-01       2.14590E-04  6.57740E-01

 -8.70227E-01 -2.39177E-01  3.64968E-01  7.81158E-01  9.77182E-01      -1.00000E+00  1.00000E+00
 -8.79612E-01 -2.87907E-01  3.03042E-01  7.47448E-01  9.72030E-01      -1.00000E+00  1.00000E+00
 -8.82728E-01 -3.25141E-01  2.57580E-01  7.24078E-01  9.68307E-01      -1.00000E+00  1.00000E+00
 -8.98890E-01 -3.59673E-01  2.19933E-01  7.05563E-01  9.67138E-01      -1.00000E+00  1.00000E+00
 -9.25115E-01 -4.53405E-01  1.43201E-01  6.63942E-01  9.61527E-01      -1.00000E+00  1.00000E+00
 -5.35080E-01  2.31733E-01  7.13607E-01  9.15333E-01  9.91495E-01      -1.00000E+00  1.00000E+00
 -6.08775E-01  2.15125E-01  6.66190E-01  8.97038E-01  9.89537E-01      -1.00000E+00  1.00000E+00
 -7.02305E-01  1.25781E-01  6.12255E-01  8.72030E-01  9.86505E-01      -1.00000E+00  1.00000E+00
 -8.11697E-01  7.87025E-03  5.55615E-01  8.41932E-01  9.83038E-01      -1.00000E+00  1.00000E+00
 -9.13083E-01 -2.81525E-01  4.09527E-01  7.99690E-01  9.77218E-01      -1.00000E+00  1.00000E+00
  4.77663E-01  7.92848E-01  9.02788E-01  9.66360E-01  9.96227E-01      -6.48760E-01  1.00000E+00
  3.60882E-01  7.67475E-01  8.98627E-01  9.64978E-01  9.96135E-01      -6.53420E-01  1.00000E+00
  2.49305E-01  6.60775E-01  8.67980E-01  9.58900E-01  9.95702E-01      -6.68180E-01  1.00000E+00
  6.52715E-02  5.63205E-01  7.66045E-01  9.16640E-01  9.91630E-01      -7.51390E-01  1.00000E+00
 -1.65268E-01  2.06927E-01  5.47720E-01  7.67397E-01  9.75418E-01      -1.00000E+00  1.00000E+00
  5.86642E-01  8.07538E-01  9.25162E-01  9.77605E-01  9.97695E-01       5.27930E-02  1.00000E+00
  5.88947E-01  7.38543E-01  8.70193E-01  9.55515E-01  9.95160E-01       1.82460E-01  1.00000E+00
  6.32812E-01  7.49097E-01  8.43300E-01  9.38057E-01  9.92823E-01       1.98080E-01  1.00000E+00
  7.23220E-01  8.34255E-01  8.98885E-01  9.52068E-01  9.93803E-01       3.37250E-01  1.00000E+00
  8.31902E-01  9.17188E-01  9.61640E-01  9.87030E-01  9.98558E-01       3.58470E-01  1.00000E+00
  8.58808E-01  9.13057E-01  9.49067E-01  9.81040E-01  9.97905E-01       6.42520E-01  1.00000E+00
  8.78000E-01  9.28310E-01  9.56538E-01  9.81037E-01  9.97613E-01       6.81510E-01  1.00000E+00
  9.00890E-01  9.47260E-01  9.71530E-01  9.87835E-01  9.98495E-01       7.27460E-01  1.00000E+00
  9.21832E-01  9.62267E-01  9.82625E-01  9.93895E-01  9.99315E-01       7.81230E-01  1.00000E+00
  9.50745E-01  9.76738E-01  9.89367E-01  9.96415E-01  9.99607E-01       8.18250E-01  1.00000E+00


    1.   1.01   74. 183.84  2.00E+01  0.00E+00  7.07E-01  5.03E-01     5   0.00

  6.42720E+00  1.28590E+01  1.59310E+01  1.76860E+01  1.89600E+01       3.99560E-03  1.91940E+01

  4.49620E-01  6.61195E-01  7.89045E-01  8.86115E-01  9.65485E-01       3.32930E-03  1.00000E+00
  4.82485E-01  6.74295E-01  7.93940E-01  8.87155E-01  9.65125E-01       3.03820E-03  1.00000E+00
  4.71315E-01  6.60840E-01  7.81450E-01  8.79190E-01  9.62035E-01       3.41850E-03  1.00000E+00
  4.19365E-01  6.10450E-01  7.39265E-01  8.49435E-01  9.51265E-01       1.69890E-03  1.00000E+00
  2.84770E-01  4.81260E-01  6.37395E-01  7.84735E-01  9.29460E-01       1.34620E-03  1.00000E+00

 -9.52898E-01 -5.89755E-01 -3.36227E-04  5.84407E-01  9.50353E-01      -1.00000E+00  1.00000E+00
 -9.51165E-01 -5.91010E-01 -9.62850E-03  5.82875E-01  9.51518E-01      -1.00000E+00  1.00000E+00
 -9.52083E-01 -5.87067E-01 -1.17950E-04  5.82875E-01  9.50090E-01      -1.00000E+00  1.00000E+00
 -9.52945E-01 -5.90495E-01 -2.59793E-03  5.93143E-01  9.52962E-01      -1.00000E+00  1.00000E+00
 -9.51030E-01 -5.91625E-01 -4.49315E-03  5.85812E-01  9.50338E-01      -1.00000E+00  1.00000E+00
 -9.50275E-01 -5.82698E-01  4.28170E-03  5.89735E-01  9.50735E-01      -1.00000E+00  1.00000E+00
 -9.51660E-01 -5.97835E-01 -5.02275E-03  5.82427E-01  9.52745E-01      -1.00000E+00  1.00000E+00
 -9.53673E-01 -5.94930E-01 -1.33379E-02  5.78940E-01  9.49175E-01      -1.00000E+00  1.00000E+00
 -9.49540E-01 -5.91490E-01 -1.05930E-02  5.80782E-01  9.51087E-01      -1.00000E+00  1.00000E+00
 -9.52455E-01 -5.85370E-01  1.89490E-04  5.87627E-01  9.51823E-01      -1.00000E+00  1.00000E+00
 -9.51193E-01 -5.87875E-01  1.32534E-02  5.97853E-01  9.51215E-01      -1.00000E+00  1.00000E+00
 -9.47540E-01 -5.76423E-01  1.58372E-02  5.98188E-01  9.51468E-01      -1.00000E+00  1.00000E+00
 -9.50778E-01 -5.90935E-01 -6.89240E-03  5.87065E-01  9.50392E-01      -1.00000E+00  1.00000E+00
 -9.51558E-01 -5.93190E-01  6.75600E-04  5.87722E-01  9.50662E-01      -1.00000E+00  1.00000E+00
 -9.51828E-01 -5.89915E-01  1.96046E-03  5.87140E-01  9.51020E-01      -1.00000E+00  1.00000E+00
 -9.49690E-01 -5.82218E-01  1.68272E-02  5.98197E-01  9.52153E-01      -1.00000E+00  1.00000E+00
 -9.50923E-01 -5.84122E-01  6.31592E-03  5.89470E-01  9.48850E-01      -1.00000E+00  1.00000E+00
 -9.53152E-01 -5.98845E-01 -8.86593E-03  5.83030E-01  9.49032E-01      -1.00000E+00  1.00000E+00
 -9.51610E-01 -5.90580E-01  1.64297E-03  5.93560E-01  9.51707E-01      -1.00000E+00  1.00000E+00
 -9.52222E-01 -5.87517E-01 -5.19347E-03  5.88877E-01  9.51110E-01      -1.00000E+00  1.00000E+00
 -9.50195E-01 -5.88157E-01 -3.30695E-03  5.90742E-01  9.50945E-01      -1.00000E+00  1.00000E+00
 -9.53125E-01 -5.87760E-01  8.79507E-03  5.88055E-01  9.50015E-01      -1.00000E+00  1.00000E+00
 -9.50170E-01 -5.89765E-01 -2.19950E-03  5.82830E-01  9.50010E-01      -1.00000E+00  1.00000E+00
 -9.49533E-01 -5.85178E-01  8.61343E-03  5.92680E-01  9.50555E-01      -1.00000E+00  1.00000E+00
 -9.51030E-01 -5.93490E-01 -7.12975E-03  5.85140E-01  9.49905E-01      -1.00000E+00  1.00000E+00


    1.   1.01   74. 183.84  2.00E+01  3.00E+01  7.45E-01  5.53E-01     5   0.00

  7.32070E+00  1.38710E+01  1.66800E+01  1.81210E+01  1.90150E+01       4.00650E-03  1.94710E+01

  4.54880E-01  6.64365E-01  7.90665E-01  8.87310E-01  9.65735E-01       7.29890E-04  1.00000E+00
  4.79760E-01  6.71015E-01  7.90890E-01  8.85190E-01  9.64585E-01       4.43010E-03  1.00000E+00
  4.52385E-01  6.44330E-01  7.68785E-01  8.70585E-01  9.59010E-01       4.54140E-03  1.00000E+00
  3.80940E-01  5.75930E-01  7.13450E-01  8.34950E-01  9.47725E-01       1.41900E-03  1.00000E+00
  2.54275E-01  4.28675E-01  5.68915E-01  7.08815E-01  8.73280E-01       1.52700E-03  1.00000E+00

 -9.51488E-01 -5.87930E-01  3.34850E-04  5.87360E-01  9.50887E-01      -1.00000E+00  1.00000E+00
 -9.50790E-01 -5.84537E-01  3.24390E-03  5.92313E-01  9.52112E-01      -1.00000E+00  1.00000E+00
 -9.51320E-01 -5.84050E-01  1.44775E-03  5.85703E-01  9.51352E-01      -1.00000E+00  1.00000E+00
 -9.49858E-01 -5.88105E-01  1.74060E-03  5.91000E-01  9.51418E-01      -1.00000E+00  1.00000E+00
 -9.51788E-01 -5.93380E-01 -2.56699E-03  5.90320E-01  9.51982E-01      -1.00000E+00  1.00000E+00
 -9.49843E-01 -5.79360E-01  4.82085E-03  5.91505E-01  9.51078E-01      -1.00000E+00  1.00000E+00
 -9.50925E-01 -5.86923E-01 -2.23690E-03  5.83045E-01  9.48867E-01      -1.00000E+00  1.00000E+00
 -9.50867E-01 -5.83743E-01  1.17171E-02  5.97282E-01  9.52542E-01      -1.00000E+00  1.00000E+00
 -9.51327E-01 -5.98755E-01 -1.53810E-03  5.82945E-01  9.51195E-01      -1.00000E+00  1.00000E+00
 -9.51195E-01 -5.91715E-01 -4.01895E-03  5.86505E-01  9.49825E-01      -1.00000E+00  1.00000E+00
 -9.46260E-01 -5.61580E-01  4.90024E-02  6.21725E-01  9.56333E-01      -1.00000E+00  1.00000E+00
 -9.47707E-01 -5.62000E-01  3.96760E-02  6.16903E-01  9.55708E-01      -1.00000E+00  1.00000E+00
 -9.45963E-01 -5.60508E-01  3.79697E-02  6.17735E-01  9.53615E-01      -1.00000E+00  1.00000E+00
 -9.49660E-01 -5.76690E-01  2.52986E-02  6.05587E-01  9.53075E-01      -1.00000E+00  1.00000E+00
 -9.51653E-01 -5.80272E-01  1.08287E-02  6.00980E-01  9.52510E-01      -1.00000E+00  1.00000E+00
 -9.26185E-01 -4.26148E-01  2.41047E-01  7.33413E-01  9.71195E-01      -1.00000E+00  1.00000E+00
 -9.25640E-01 -4.31947E-01  2.18530E-01  7.13517E-01  9.67360E-01      -1.00000E+00  1.00000E+00
 -9.24863E-01 -4.54473E-01  1.80282E-01  6.89985E-01  9.65362E-01      -1.00000E+00  1.00000E+00
 -9.31970E-01 -4.85797E-01  1.30104E-01  6.69573E-01  9.62970E-01      -1.00000E+00  1.00000E+00
 -9.41557E-01 -5.33547E-01  6.93028E-02  6.34615E-01  9.57448E-01      -1.00000E+00  1.00000E+00
 -6.49670E-01  1.02412E-01  6.07700E-01  8.73367E-01  9.86657E-01      -1.00000E+00  1.00000E+00
 -6.53457E-01 -1.98175E-02  5.41573E-01  8.48470E-01  9.83645E-01      -1.00000E+00  1.00000E+00
 -6.18557E-01 -8.72950E-02  4.46075E-01  8.10355E-01  9.79465E-01      -1.00000E+00  1.00000E+00
 -5.63825E-01 -1.05425E-01  3.85544E-01  7.83382E-01  9.74912E-01      -1.00000E+00  1.00000E+00
 -5.06921E-01 -9.96750E-02  3.20058E-01  7.31697E-01  9.69427E-01      -1.00000E+00  1.00000E+00


    1.   1.01   74. 183.84  2.00E+01  4.50E+01  7.97E-01  6.25E-01     5   0.00

  8.78220E+00  1.52820E+01  1.75760E+01  1.85610E+01  1.91640E+01       3.09750E-03  1.95750E+01

  4.62255E-01  6.67775E-01  7.91770E-01  8.87090E-01  9.65630E-01       4.27050E-03  1.00000E+00
  4.67385E-01  6.59255E-01  7.81500E-01  8.79125E-01  9.62545E-01       1.14430E-03  1.00000E+00
  3.94070E-01  5.88125E-01  7.22430E-01  8.38405E-01  9.47320E-01       2.54620E-03  1.00000E+00
  3.10985E-01  4.92470E-01  6.31980E-01  7.70240E-01  9.18030E-01       1.55620E-03  9.99990E-01
  2.28825E-01  3.95395E-01  5.27240E-01  6.54640E-01  8.05390E-01       1.36890E-03  9.99980E-01

 -9.50570E-01 -5.87662E-01  7.71007E-03  5.90703E-01  9.52615E-01      -1.00000E+00  1.00000E+00
 -9.51205E-01 -5.88353E-01 -5.64395E-03  5.83413E-01  9.49900E-01      -1.00000E+00  1.00000E+00
 -9.53850E-01 -5.97110E-01 -1.02854E-02  5.78980E-01  9.50840E-01      -1.00000E+00  1.00000E+00
 -9.51157E-01 -5.92908E-01 -5.95847E-03  5.80125E-01  9.49035E-01      -1.00000E+00  1.00000E+00
 -9.49752E-01 -5.82623E-01  1.15173E-02  5.93877E-01  9.50483E-01      -1.00000E+00  1.00000E+00
 -9.49383E-01 -5.77773E-01  2.65451E-02  6.02270E-01  9.52955E-01      -1.00000E+00  1.00000E+00
 -9.50335E-01 -5.85090E-01  8.71675E-03  5.96668E-01  9.52378E-01      -1.00000E+00  1.00000E+00
 -9.51065E-01 -5.86365E-01  1.26472E-02  5.97540E-01  9.52465E-01      -1.00000E+00  1.00000E+00
 -9.47400E-01 -5.79035E-01  6.94227E-03  5.96855E-01  9.52908E-01      -1.00000E+00  1.00000E+00
 -9.52287E-01 -5.81990E-01  6.00042E-03  5.89207E-01  9.50407E-01      -1.00000E+00  1.00000E+00
 -9.28630E-01 -4.41400E-01  2.13030E-01  7.14045E-01  9.69155E-01      -1.00000E+00  1.00000E+00
 -9.32632E-01 -4.81670E-01  1.54187E-01  6.83367E-01  9.64850E-01      -1.00000E+00  1.00000E+00
 -9.34375E-01 -4.91778E-01  1.30713E-01  6.70258E-01  9.62895E-01      -1.00000E+00  1.00000E+00
 -9.38960E-01 -5.12955E-01  1.11476E-01  6.53055E-01  9.60072E-01      -1.00000E+00  1.00000E+00
 -9.45355E-01 -5.42450E-01  6.11195E-02  6.26970E-01  9.56882E-01      -1.00000E+00  1.00000E+00
 -7.65912E-01  1.03639E-01  6.31530E-01  8.84523E-01  9.88125E-01      -1.00000E+00  1.00000E+00
 -8.00598E-01  6.23585E-02  6.00445E-01  8.72777E-01  9.86650E-01      -1.00000E+00  1.00000E+00
 -8.09542E-01 -3.37447E-02  5.44612E-01  8.52405E-01  9.83725E-01      -1.00000E+00  1.00000E+00
 -8.16032E-01 -1.49349E-01  4.45013E-01  8.11325E-01  9.79577E-01      -1.00000E+00  1.00000E+00
 -8.66355E-01 -3.02365E-01  2.97546E-01  7.38397E-01  9.70538E-01      -1.00000E+00  1.00000E+00
 -1.96983E-01  2.12287E-01  4.91820E-01  7.93693E-01  9.80890E-01      -1.00000E+00  1.00000E+00
 -2.09725E-01  2.23535E-01  5.09097E-01  7.64098E-01  9.67555E-01      -1.00000E+00  1.00000E+00
 -2.08542E-01  2.56482E-01  5.64895E-01  7.97462E-01  9.73837E-01      -1.00000E+00  1.00000E+00
 -1.90518E-01  2.83042E-01  6.30597E-01  8.43755E-01  9.79802E-01      -1.00000E+00  1.00000E+00
 -1.53547E-01  2.43980E-01  6.15502E-01  8.61767E-01  9.84055E-01      -1.00000E+00  1.00000E+00


    1.   1.01   74. 183.84  2.00E+01  6.00E+01  8.71E-01  7.38E-01     5   0.00

  1.18340E+01  1.73150E+01  1.84640E+01  1.90450E+01  1.93870E+01       9.55490E-03  1.96770E+01

  4.65995E-01  6.66725E-01  7.88975E-01  8.85145E-01  9.65115E-01       2.95180E-03  1.00000E+00
  3.83300E-01  5.75885E-01  7.10175E-01  8.29085E-01  9.43470E-01       4.30720E-03  1.00000E+00
  3.08850E-01  4.94635E-01  6.38685E-01  7.77150E-01  9.21105E-01       3.61550E-03  1.00000E+00
  2.62795E-01  4.42540E-01  5.84685E-01  7.28120E-01  8.93935E-01       1.33980E-03  1.00000E+00
  1.61800E-01  2.78995E-01  3.76095E-01  4.87215E-01  6.53315E-01       7.05900E-04  9.80390E-01

 -9.52157E-01 -5.86788E-01  2.22940E-03  5.86418E-01  9.52045E-01      -1.00000E+00  1.00000E+00
 -9.50195E-01 -5.90745E-01 -1.36971E-02  5.78968E-01  9.49425E-01      -1.00000E+00  1.00000E+00
 -9.50887E-01 -5.89178E-01  5.99462E-03  5.91905E-01  9.51575E-01      -1.00000E+00  1.00000E+00
 -9.52403E-01 -5.86380E-01  1.69160E-03  5.93168E-01  9.52577E-01      -1.00000E+00  1.00000E+00
 -9.49890E-01 -5.89898E-01 -7.70030E-03  5.87925E-01  9.50360E-01      -1.00000E+00  1.00000E+00
 -9.30045E-01 -4.22732E-01  2.10390E-01  7.03423E-01  9.66555E-01      -1.00000E+00  1.00000E+00
 -9.30573E-01 -4.41155E-01  1.98881E-01  6.94138E-01  9.65370E-01      -1.00000E+00  1.00000E+00
 -9.33882E-01 -4.76703E-01  1.59521E-01  6.75372E-01  9.63280E-01      -1.00000E+00  1.00000E+00
 -9.39383E-01 -5.08180E-01  1.20691E-01  6.62210E-01  9.61492E-01      -1.00000E+00  1.00000E+00
 -9.45150E-01 -5.43795E-01  6.44448E-02  6.31275E-01  9.57800E-01      -1.00000E+00  1.00000E+00
 -7.18130E-01  1.52316E-01  6.45010E-01  8.89355E-01  9.88670E-01      -1.00000E+00  1.00000E+00
 -7.64922E-01  4.92018E-02  5.79175E-01  8.66608E-01  9.86137E-01      -1.00000E+00  1.00000E+00
 -8.03050E-01 -2.32598E-02  5.07590E-01  8.34820E-01  9.82125E-01      -1.00000E+00  1.00000E+00
 -8.47093E-01 -1.43878E-01  4.36173E-01  7.98870E-01  9.77662E-01      -1.00000E+00  1.00000E+00
 -8.96023E-01 -3.02992E-01  3.17608E-01  7.51735E-01  9.70770E-01      -1.00000E+00  1.00000E+00
 -5.26605E-01  2.09785E-01  6.81623E-01  8.97115E-01  9.89465E-01      -1.00000E+00  1.00000E+00
 -5.31890E-01  1.14972E-01  6.46173E-01  8.75453E-01  9.86313E-01      -1.00000E+00  1.00000E+00
 -5.29907E-01  6.86150E-02  6.40365E-01  8.71547E-01  9.85965E-01      -1.00000E+00  1.00000E+00
 -5.65087E-01 -3.33625E-02  6.05668E-01  8.65793E-01  9.84840E-01      -1.00000E+00  1.00000E+00
 -7.49188E-01 -2.88107E-01  3.06395E-01  7.79375E-01  9.78075E-01      -1.00000E+00  1.00000E+00
  6.33387E-01  8.32497E-01  9.20505E-01  9.72978E-01  9.97100E-01      -2.68160E-01  1.00000E+00
  6.46910E-01  8.47118E-01  9.30635E-01  9.76375E-01  9.97325E-01      -1.76660E-01  1.00000E+00
  6.41200E-01  8.48518E-01  9.35342E-01  9.78387E-01  9.97635E-01      -1.16350E-01  1.00000E+00
  6.47798E-01  8.38197E-01  9.30445E-01  9.77062E-01  9.97522E-01      -9.69630E-02  1.00000E+00
  6.89617E-01  8.55077E-01  9.33528E-01  9.77470E-01  9.97505E-01      -3.70490E-03  1.00000E+00


    1.   1.01   74. 183.84  2.00E+01  7.00E+01  9.29E-01  8.34E-01     5   0.00

  1.53250E+01  1.83600E+01  1.89720E+01  1.93240E+01  1.95850E+01       5.11000E-03  1.97410E+01

  4.23830E-01  6.23615E-01  7.54620E-01  8.61570E-01  9.56440E-01       2.20720E-03  1.00000E+00
  2.89300E-01  4.67515E-01  6.09335E-01  7.52360E-01  9.11350E-01       1.64550E-03  1.00000E+00
  2.53080E-01  4.27590E-01  5.74210E-01  7.24100E-01  8.93450E-01       1.04960E-03  1.00000E+00
  2.13210E-01  3.65585E-01  4.90485E-01  6.26340E-01  8.16130E-01       6.54660E-04  1.00000E+00
  1.24745E-01  2.30610E-01  3.21445E-01  4.07885E-01  5.17270E-01       1.09510E-03  8.14070E-01

 -9.43190E-01 -5.41022E-01  7.17900E-02  6.35387E-01  9.57862E-01      -1.00000E+00  1.00000E+00
 -9.46178E-01 -5.44678E-01  6.47734E-02  6.29062E-01  9.56902E-01      -1.00000E+00  1.00000E+00
 -9.47362E-01 -5.61272E-01  4.92184E-02  6.18428E-01  9.55375E-01      -1.00000E+00  1.00000E+00
 -9.48155E-01 -5.65900E-01  2.14031E-02  5.99390E-01  9.52880E-01      -1.00000E+00  1.00000E+00
 -9.48025E-01 -5.74540E-01  1.97594E-02  6.00755E-01  9.51825E-01      -1.00000E+00  1.00000E+00
 -7.52382E-01  1.58392E-01  6.58965E-01  8.96513E-01  9.89385E-01      -1.00000E+00  1.00000E+00
 -7.92540E-01  2.91050E-02  5.78250E-01  8.64540E-01  9.85698E-01      -1.00000E+00  1.00000E+00
 -8.36365E-01 -9.31580E-02  5.02405E-01  8.37320E-01  9.82803E-01      -1.00000E+00  1.00000E+00
 -8.72448E-01 -2.28972E-01  3.92925E-01  7.93057E-01  9.78042E-01      -1.00000E+00  1.00000E+00
 -9.17258E-01 -4.10818E-01  2.11905E-01  7.08823E-01  9.66702E-01      -1.00000E+00  1.00000E+00
 -6.50575E-01  3.12628E-01  7.69920E-01  9.40500E-01  9.93905E-01      -1.00000E+00  1.00000E+00
 -6.63590E-01  2.52009E-01  6.51625E-01  9.12597E-01  9.92005E-01      -1.00000E+00  1.00000E+00
 -6.98313E-01  1.78072E-01  5.41658E-01  8.34137E-01  9.84467E-01      -1.00000E+00  1.00000E+00
 -6.55097E-01  9.57825E-02  4.84300E-01  7.93403E-01  9.78258E-01      -1.00000E+00  1.00000E+00
 -7.32642E-01 -8.10850E-02  3.77228E-01  7.29227E-01  9.65015E-01      -1.00000E+00  1.00000E+00
  4.83032E-01  7.30835E-01  8.74955E-01  9.60225E-01  9.95852E-01      -4.14390E-01  1.00000E+00
  4.76130E-01  7.33737E-01  8.68388E-01  9.54315E-01  9.95008E-01      -3.88810E-01  1.00000E+00
  4.48565E-01  7.35413E-01  8.69327E-01  9.55063E-01  9.95135E-01      -3.75610E-01  1.00000E+00
  4.26343E-01  7.29287E-01  8.74982E-01  9.54630E-01  9.95027E-01      -3.69350E-01  1.00000E+00
  4.37615E-01  7.03448E-01  8.57650E-01  9.51715E-01  9.94627E-01      -9.99790E-01  1.00000E+00
  7.88950E-01  9.07268E-01  9.65200E-01  9.89513E-01  9.98912E-01       3.13790E-01  1.00000E+00
  7.88377E-01  8.86523E-01  9.47760E-01  9.83847E-01  9.98328E-01       3.82130E-01  1.00000E+00
  8.03387E-01  8.96760E-01  9.43717E-01  9.78763E-01  9.97595E-01       4.37790E-01  1.00000E+00
  8.33115E-01  9.22898E-01  9.63780E-01  9.86753E-01  9.98517E-01       5.08680E-01  1.00000E+00
  8.80200E-01  9.43880E-01  9.74862E-01  9.91633E-01  9.99120E-01       5.95870E-01  1.00000E+00


    1.   1.01   74. 183.84  2.00E+01  8.00E+01  9.76E-01  9.22E-01     5   0.00

  1.80430E+01  1.90430E+01  1.93770E+01  1.95680E+01  1.97050E+01       6.48240E-03  1.97940E+01

  3.04975E-01  4.92600E-01  6.36930E-01  7.74385E-01  9.20800E-01       1.68440E-03  1.00000E+00
  2.37180E-01  4.15575E-01  5.66245E-01  7.23180E-01  8.97295E-01       1.30870E-03  1.00000E+00
  1.97670E-01  3.49415E-01  4.84315E-01  6.39785E-01  8.46005E-01       3.25200E-04  9.99930E-01
  1.64370E-01  3.10140E-01  4.32115E-01  5.37980E-01  6.32765E-01       9.04220E-04  8.37370E-01
  1.04901E-01  1.80765E-01  2.35670E-01  2.86350E-01  3.49270E-01       5.60810E-04  5.23600E-01

 -7.86218E-01 -1.39000E-03  5.33890E-01  8.41830E-01  9.82945E-01      -1.00000E+00  1.00000E+00
 -8.27593E-01 -1.26900E-01  4.52330E-01  8.06498E-01  9.78387E-01      -1.00000E+00  1.00000E+00
 -8.66727E-01 -2.43102E-01  3.72985E-01  7.80055E-01  9.75343E-01      -1.00000E+00  1.00000E+00
 -8.93440E-01 -3.37275E-01  2.89515E-01  7.34533E-01  9.70282E-01      -1.00000E+00  1.00000E+00
 -9.31163E-01 -4.80862E-01  1.40130E-01  6.71162E-01  9.63180E-01      -1.00000E+00  1.00000E+00
 -3.87894E-01  5.47650E-01  8.59442E-01  9.61682E-01  9.96298E-01      -1.00000E+00  1.00000E+00
 -4.58712E-01  4.27492E-01  7.73325E-01  9.34495E-01  9.93520E-01      -1.00000E+00  1.00000E+00
 -5.62635E-01  3.08440E-01  6.94830E-01  9.07973E-01  9.90522E-01      -1.00000E+00  1.00000E+00
 -7.16677E-01  1.35495E-01  5.71358E-01  8.48300E-01  9.84275E-01      -1.00000E+00  1.00000E+00
 -8.74845E-01 -1.58868E-01  3.49601E-01  7.45440E-01  9.70515E-01      -1.00000E+00  1.00000E+00
  6.16397E-01  8.37895E-01  9.32292E-01  9.79222E-01  9.97867E-01      -2.10480E-01  1.00000E+00
  5.50990E-01  8.13612E-01  9.19000E-01  9.73690E-01  9.97290E-01      -1.88960E-01  1.00000E+00
  4.55125E-01  7.80330E-01  9.03527E-01  9.67650E-01  9.96555E-01      -1.89710E-01  1.00000E+00
  4.22508E-01  6.92122E-01  8.66005E-01  9.57457E-01  9.95670E-01      -1.61460E-01  1.00000E+00
  5.09197E-01  7.13815E-01  8.44800E-01  9.40585E-01  9.93245E-01      -8.85510E-01  1.00000E+00
  7.40147E-01  8.94860E-01  9.59975E-01  9.88017E-01  9.98805E-01       3.82330E-01  1.00000E+00
  7.29260E-01  8.40978E-01  9.27975E-01  9.76270E-01  9.97460E-01       4.30570E-01  1.00000E+00
  7.60802E-01  8.41893E-01  9.05848E-01  9.64313E-01  9.96018E-01       4.76900E-01  1.00000E+00
  8.21128E-01  8.96553E-01  9.39815E-01  9.74198E-01  9.96830E-01       5.53670E-01  1.00000E+00
  8.91973E-01  9.49385E-01  9.76985E-01  9.91977E-01  9.99120E-01       6.59430E-01  1.00000E+00
  9.11157E-01  9.48140E-01  9.71437E-01  9.89115E-01  9.98703E-01       7.56590E-01  1.00000E+00
  9.23633E-01  9.57225E-01  9.76787E-01  9.90820E-01  9.98878E-01       7.92130E-01  1.00000E+00
  9.36302E-01  9.67030E-01  9.83182E-01  9.93663E-01  9.99255E-01       8.27110E-01  1.00000E+00
  9.48548E-01  9.75502E-01  9.88650E-01  9.96018E-01  9.99545E-01       8.50490E-01  1.00000E+00
  9.66263E-01  9.84403E-01  9.92978E-01  9.97650E-01  9.99745E-01       8.88140E-01  1.00000E+00


    1.   1.01   74. 183.84  2.00E+01  8.50E+01  9.88E-01  9.46E-01     5   0.00

  1.85210E+01  1.92600E+01  1.94800E+01  1.96340E+01  1.97380E+01       1.93610E-02  1.98120E+01

  2.61950E-01  4.39385E-01  5.82320E-01  7.27940E-01  8.99385E-01       2.40430E-03  1.00000E+00
  2.16530E-01  3.97435E-01  5.59575E-01  7.34380E-01  9.16065E-01       7.27410E-04  1.00000E+00
  1.71025E-01  3.19370E-01  4.56900E-01  6.12095E-01  7.73985E-01       6.68970E-04  9.50700E-01
  1.55910E-01  2.90465E-01  3.90910E-01  4.68320E-01  5.41320E-01       3.86970E-04  7.10130E-01
  9.48255E-02  1.61175E-01  2.09165E-01  2.53265E-01  3.07825E-01       2.61170E-04  4.55810E-01

 -7.68543E-01  2.96103E-01  7.30932E-01  9.18675E-01  9.91757E-01      -1.00000E+00  1.00000E+00
 -7.95150E-01  1.61475E-01  6.52605E-01  8.92227E-01  9.88880E-01      -1.00000E+00  1.00000E+00
 -8.27975E-01  5.31550E-02  5.86193E-01  8.63805E-01  9.85888E-01      -1.00000E+00  1.00000E+00
 -8.47908E-01 -8.34875E-02  4.90430E-01  8.28900E-01  9.80868E-01      -1.00000E+00  1.00000E+00
 -8.97898E-01 -2.97356E-01  3.11304E-01  7.47402E-01  9.71322E-01      -1.00000E+00  1.00000E+00
  2.85715E-01  7.72240E-01  9.28425E-01  9.79208E-01  9.97905E-01      -9.99890E-01  1.00000E+00
  1.08730E-01  6.01665E-01  8.67433E-01  9.63292E-01  9.96375E-01      -9.99950E-01  1.00000E+00
 -5.86650E-02  4.37333E-01  7.55805E-01  9.30260E-01  9.93202E-01      -1.00000E+00  1.00000E+00
 -2.29855E-01  2.35624E-01  6.11935E-01  8.74528E-01  9.86918E-01      -1.00000E+00  1.00000E+00
 -3.21915E-01  5.38825E-02  4.03041E-01  7.62080E-01  9.73210E-01      -1.00000E+00  1.00000E+00
  7.51583E-01  9.21070E-01  9.69005E-01  9.90192E-01  9.98982E-01       1.33960E-01  1.00000E+00
  6.69712E-01  8.78235E-01  9.56112E-01  9.86617E-01  9.98612E-01       1.81410E-01  1.00000E+00
  6.10160E-01  8.17072E-01  9.15705E-01  9.73835E-01  9.97365E-01       2.01920E-01  1.00000E+00
  6.42435E-01  7.78433E-01  8.84082E-01  9.58790E-01  9.95428E-01       2.70650E-01  1.00000E+00
  7.83332E-01  8.80745E-01  9.34218E-01  9.72213E-01  9.96532E-01       3.95490E-01  1.00000E+00
  8.15540E-01  9.16227E-01  9.66043E-01  9.89440E-01  9.98943E-01       5.83560E-01  1.00000E+00
  8.22352E-01  8.84817E-01  9.38955E-01  9.78240E-01  9.97578E-01       6.29250E-01  1.00000E+00
  8.55825E-01  9.06440E-01  9.43210E-01  9.76395E-01  9.97140E-01       6.76510E-01  1.00000E+00
  8.98003E-01  9.42738E-01  9.68468E-01  9.87453E-01  9.98490E-01       7.40580E-01  1.00000E+00
  9.39978E-01  9.72087E-01  9.87272E-01  9.95748E-01  9.99530E-01       8.10170E-01  1.00000E+00
  9.35787E-01  9.62728E-01  9.79930E-01  9.92320E-01  9.99095E-01       8.30660E-01  1.00000E+00
  9.45590E-01  9.70068E-01  9.84398E-01  9.94208E-01  9.99345E-01       8.53910E-01  1.00000E+00
  9.55063E-01  9.76988E-01  9.88535E-01  9.95870E-01  9.99522E-01       8.73030E-01  1.00000E+00
  9.63873E-01  9.82957E-01  9.92015E-01  9.97215E-01  9.99698E-01       8.98890E-01  1.00000E+00
  9.76007E-01  9.88995E-01  9.95155E-01  9.98383E-01  9.99820E-01       9.22920E-01  1.00000E+00


    1.   1.01   74. 183.84  5.00E+01  0.00E+00  6.60E-01  4.44E-01     5   0.00

  1.33040E+01  2.90200E+01  3.75170E+01  4.28570E+01  4.68460E+01       6.38020E-03  4.82420E+01

  4.75480E-01  6.74245E-01  7.95155E-01  8.89070E-01  9.66375E-01       1.45870E-03  1.00000E+00
  4.82815E-01  6.70005E-01  7.89315E-01  8.84525E-01  9.64275E-01       1.41140E-03  1.00000E+00
  4.69950E-01  6.56670E-01  7.78065E-01  8.76860E-01  9.61695E-01       7.32200E-03  1.00000E+00
  4.47840E-01  6.33260E-01  7.58510E-01  8.63270E-01  9.56295E-01       6.32290E-03  1.00000E+00
  3.12025E-01  4.97770E-01  6.43245E-01  7.84355E-01  9.27385E-01       1.80980E-03  1.00000E+00

 -9.48215E-01 -5.79933E-01  3.24358E-03  5.90977E-01  9.52880E-01      -1.00000E+00  1.00000E+00
 -9.50093E-01 -5.97045E-01 -6.70837E-03  5.84980E-01  9.50518E-01      -1.00000E+00  1.00000E+00
 -9.51277E-01 -5.88682E-01 -7.94692E-03  5.91605E-01  9.50573E-01      -1.00000E+00  1.00000E+00
 -9.52033E-01 -5.97383E-01 -4.33740E-03  5.81650E-01  9.49978E-01      -1.00000E+00  1.00000E+00
 -9.50875E-01 -5.88865E-01 -6.15825E-04  5.87147E-01  9.50937E-01      -1.00000E+00  1.00000E+00
 -9.51110E-01 -5.93308E-01 -1.11405E-02  5.91790E-01  9.52885E-01      -1.00000E+00  1.00000E+00
 -9.49632E-01 -5.85333E-01  6.97435E-03  5.88530E-01  9.52318E-01      -1.00000E+00  1.00000E+00
 -9.51075E-01 -5.81743E-01  6.78775E-03  5.98405E-01  9.54205E-01      -1.00000E+00  1.00000E+00
 -9.48245E-01 -5.85005E-01  1.74368E-03  5.87128E-01  9.50433E-01      -1.00000E+00  1.00000E+00
 -9.51497E-01 -5.85898E-01  1.80147E-03  5.84217E-01  9.51175E-01      -1.00000E+00  1.00000E+00
 -9.51127E-01 -5.92197E-01  2.09452E-03  5.85150E-01  9.51983E-01      -1.00000E+00  1.00000E+00
 -9.50910E-01 -5.87287E-01  5.88018E-04  5.90010E-01  9.50967E-01      -1.00000E+00  1.00000E+00
 -9.51300E-01 -5.80630E-01  5.68227E-03  5.88453E-01  9.51370E-01      -1.00000E+00  1.00000E+00
 -9.51940E-01 -5.89795E-01 -6.93753E-03  5.87152E-01  9.51820E-01      -1.00000E+00  1.00000E+00
 -9.52123E-01 -5.90535E-01 -6.18350E-03  5.78480E-01  9.50388E-01      -1.00000E+00  1.00000E+00
 -9.51128E-01 -5.84042E-01  4.49378E-03  5.90828E-01  9.51490E-01      -1.00000E+00  1.00000E+00
 -9.51992E-01 -5.86178E-01  5.23763E-03  5.90500E-01  9.51927E-01      -1.00000E+00  1.00000E+00
 -9.51958E-01 -5.96750E-01 -3.06715E-03  5.77965E-01  9.50300E-01      -1.00000E+00  1.00000E+00
 -9.52712E-01 -5.91550E-01  1.10080E-02  5.93867E-01  9.53050E-01      -1.00000E+00  1.00000E+00
 -9.49447E-01 -5.80755E-01  3.33203E-03  5.80715E-01  9.51022E-01      -1.00000E+00  1.00000E+00
 -9.51503E-01 -5.86020E-01  2.95975E-03  5.91650E-01  9.50322E-01      -1.00000E+00  1.00000E+00
 -9.53172E-01 -5.87705E-01  7.51983E-03  5.85697E-01  9.51928E-01      -1.00000E+00  1.00000E+00
 -9.50333E-01 -5.90278E-01 -5.24752E-03  5.87603E-01  9.51695E-01      -1.00000E+00  1.00000E+00
 -9.51107E-01 -5.87170E-01 -2.79957E-03  5.81207E-01  9.50935E-01      -1.00000E+00  1.00000E+00
 -9.50695E-01 -5.83570E-01  8.06195E-03  5.98567E-01  9.51500E-01      -1.00000E+00  1.00000E+00


    1.   1.01   74. 183.84  5.00E+01  3.00E+01  6.96E-01  4.89E-01     5   0.00

  1.50180E+01  3.12520E+01  3.93240E+01  4.40960E+01  4.73960E+01       1.22850E-03  4.86620E+01

  4.78025E-01  6.73750E-01  7.94640E-01  8.88160E-01  9.65815E-01       6.09120E-03  1.00000E+00
  4.77850E-01  6.65275E-01  7.85610E-01  8.81775E-01  9.63635E-01       2.12080E-03  1.00000E+00
  4.59525E-01  6.46345E-01  7.70630E-01  8.71240E-01  9.59625E-01       8.22440E-03  1.00000E+00
  4.18120E-01  6.01295E-01  7.31345E-01  8.43545E-01  9.49155E-01       8.76460E-03  1.00000E+00
  2.74855E-01  4.49790E-01  5.95835E-01  7.43315E-01  9.05890E-01       1.20760E-03  9.99990E-01

 -9.52318E-01 -5.98557E-01 -2.57425E-03  5.95152E-01  9.51287E-01      -1.00000E+00  1.00000E+00
 -9.50675E-01 -5.79960E-01  1.02888E-02  5.90800E-01  9.54037E-01      -1.00000E+00  1.00000E+00
 -9.48905E-01 -5.78475E-01  1.53375E-04  5.90875E-01  9.51488E-01      -1.00000E+00  1.00000E+00
 -9.50475E-01 -5.91963E-01 -3.50033E-03  5.87257E-01  9.51545E-01      -1.00000E+00  1.00000E+00
 -9.49890E-01 -5.93808E-01 -7.87345E-03  5.87565E-01  9.52192E-01      -1.00000E+00  1.00000E+00
 -9.50125E-01 -5.81078E-01  3.25811E-03  5.86302E-01  9.50937E-01      -1.00000E+00  1.00000E+00
 -9.50883E-01 -5.83427E-01  4.50970E-03  5.82630E-01  9.49798E-01      -1.00000E+00  1.00000E+00
 -9.51735E-01 -5.88982E-01 -5.12270E-03  5.89583E-01  9.52253E-01      -1.00000E+00  1.00000E+00
 -9.49192E-01 -5.77113E-01  1.32837E-02  5.88983E-01  9.51670E-01      -1.00000E+00  1.00000E+00
 -9.50727E-01 -5.87823E-01  3.05973E-03  5.89437E-01  9.49675E-01      -1.00000E+00  1.00000E+00
 -9.48148E-01 -5.57360E-01  4.52285E-02  6.17825E-01  9.54117E-01      -1.00000E+00  1.00000E+00
 -9.46113E-01 -5.63285E-01  3.25391E-02  6.09873E-01  9.54797E-01      -1.00000E+00  1.00000E+00
 -9.46650E-01 -5.65530E-01  2.89477E-02  5.99518E-01  9.53008E-01      -1.00000E+00  1.00000E+00
 -9.51315E-01 -5.83552E-01  1.04192E-02  6.00788E-01  9.52920E-01      -1.00000E+00  1.00000E+00
 -9.49110E-01 -5.82078E-01  1.41730E-02  6.01615E-01  9.52447E-01      -1.00000E+00  1.00000E+00
 -9.27878E-01 -4.43110E-01  1.89962E-01  7.01215E-01  9.66805E-01      -1.00000E+00  1.00000E+00
 -9.27140E-01 -4.53925E-01  1.74532E-01  6.92945E-01  9.66122E-01      -1.00000E+00  1.00000E+00
 -9.28860E-01 -4.61785E-01  1.62018E-01  6.81345E-01  9.64770E-01      -1.00000E+00  1.00000E+00
 -9.39385E-01 -4.91422E-01  1.31714E-01  6.62828E-01  9.60980E-01      -1.00000E+00  1.00000E+00
 -9.43670E-01 -5.35335E-01  8.15680E-02  6.35290E-01  9.58112E-01      -1.00000E+00  1.00000E+00
 -7.19395E-01  6.91400E-02  5.73595E-01  8.62957E-01  9.86010E-01      -1.00000E+00  1.00000E+00
 -7.92130E-01  2.04650E-02  5.46177E-01  8.46285E-01  9.83692E-01      -1.00000E+00  1.00000E+00
 -8.49085E-01 -9.42955E-02  4.95288E-01  8.28562E-01  9.81302E-01      -1.00000E+00  1.00000E+00
 -8.96780E-01 -2.53020E-01  3.92637E-01  7.88652E-01  9.76853E-01      -1.00000E+00  1.00000E+00
 -9.39887E-01 -4.72570E-01  1.86789E-01  7.02265E-01  9.67790E-01      -1.00000E+00  1.00000E+00


    1.   1.01   74. 183.84  5.00E+01  4.50E+01  7.44E-01  5.52E-01     5   0.00

  1.77470E+01  3.44190E+01  4.17150E+01  4.55780E+01  4.78250E+01       1.89060E-03  4.89140E+01

  4.77965E-01  6.73855E-01  7.94300E-01  8.87875E-01  9.65700E-01       1.22460E-03  1.00000E+00
  4.70870E-01  6.58010E-01  7.79670E-01  8.78220E-01  9.61830E-01       1.09520E-02  1.00000E+00
  4.37665E-01  6.21780E-01  7.48830E-01  8.56695E-01  9.54080E-01       1.34950E-02  1.00000E+00
  3.60325E-01  5.38330E-01  6.74290E-01  8.00925E-01  9.31790E-01       4.68680E-03  9.99990E-01
  2.31395E-01  3.86665E-01  5.27030E-01  6.79945E-01  8.67205E-01       1.89050E-03  9.99980E-01

 -9.50955E-01 -5.89515E-01  2.79019E-03  5.96020E-01  9.49815E-01      -1.00000E+00  1.00000E+00
 -9.52538E-01 -5.86662E-01  4.56356E-03  5.94005E-01  9.52117E-01      -1.00000E+00  1.00000E+00
 -9.51763E-01 -5.92065E-01 -9.49280E-03  5.76842E-01  9.50128E-01      -1.00000E+00  1.00000E+00
 -9.51067E-01 -5.91300E-01 -1.43493E-03  5.91943E-01  9.51640E-01      -1.00000E+00  1.00000E+00
 -9.49717E-01 -5.78515E-01  6.40100E-03  5.91875E-01  9.51800E-01      -1.00000E+00  1.00000E+00
 -9.47862E-01 -5.71045E-01  1.95663E-02  6.02090E-01  9.52932E-01      -1.00000E+00  1.00000E+00
 -9.48910E-01 -5.80135E-01  6.93957E-03  5.91803E-01  9.50263E-01      -1.00000E+00  1.00000E+00
 -9.48752E-01 -5.78102E-01  1.40162E-02  6.00838E-01  9.53235E-01      -1.00000E+00  1.00000E+00
 -9.51900E-01 -5.86078E-01 -6.74137E-03  5.83832E-01  9.50843E-01      -1.00000E+00  1.00000E+00
 -9.51577E-01 -5.88015E-01 -8.82845E-04  5.85078E-01  9.51045E-01      -1.00000E+00  1.00000E+00
 -9.36713E-01 -5.01670E-01  1.25434E-01  6.64420E-01  9.62168E-01      -1.00000E+00  1.00000E+00
 -9.36142E-01 -4.91893E-01  1.25671E-01  6.55297E-01  9.61023E-01      -1.00000E+00  1.00000E+00
 -9.44960E-01 -5.27297E-01  8.33042E-02  6.40935E-01  9.55780E-01      -1.00000E+00  1.00000E+00
 -9.42958E-01 -5.37017E-01  6.62740E-02  6.30350E-01  9.56758E-01      -1.00000E+00  1.00000E+00
 -9.46778E-01 -5.63512E-01  2.82289E-02  6.13903E-01  9.54778E-01      -1.00000E+00  1.00000E+00
 -8.65167E-01 -1.61084E-01  4.55040E-01  8.17950E-01  9.80402E-01      -1.00000E+00  1.00000E+00
 -8.78092E-01 -2.11611E-01  4.17345E-01  8.03415E-01  9.78178E-01      -1.00000E+00  1.00000E+00
 -8.89613E-01 -2.56518E-01  3.60123E-01  7.78405E-01  9.75728E-01      -1.00000E+00  1.00000E+00
 -9.04618E-01 -3.15617E-01  3.17980E-01  7.54260E-01  9.72230E-01      -1.00000E+00  1.00000E+00
 -9.31210E-01 -4.47133E-01  1.89020E-01  6.94762E-01  9.66465E-01      -1.00000E+00  1.00000E+00
 -2.92840E-01  4.29511E-01  7.73617E-01  9.26737E-01  9.92133E-01      -1.00000E+00  1.00000E+00
 -3.80924E-01  3.48542E-01  7.58185E-01  9.24397E-01  9.92045E-01      -1.00000E+00  1.00000E+00
 -4.44368E-01  1.61105E-01  6.79917E-01  9.05033E-01  9.90310E-01      -1.00000E+00  1.00000E+00
 -4.75824E-01  1.68950E-02  5.44327E-01  8.59025E-01  9.85652E-01      -1.00000E+00  1.00000E+00
 -5.16287E-01 -8.33900E-02  3.80274E-01  7.78280E-01  9.74980E-01      -1.00000E+00  1.00000E+00


    1.   1.01   74. 183.84  5.00E+01  6.00E+01  8.21E-01  6.63E-01     5   0.00

  2.37100E+01  4.00130E+01  4.52050E+01  4.72010E+01  4.84270E+01       8.21950E-03  4.91910E+01

  4.78130E-01  6.69475E-01  7.89950E-01  8.84450E-01  9.64700E-01       9.80230E-03  1.00000E+00
  4.39840E-01  6.26050E-01  7.52600E-01  8.59100E-01  9.55010E-01       8.24980E-03  1.00000E+00
  3.41245E-01  5.14145E-01  6.50185E-01  7.83735E-01  9.24510E-01       2.88350E-03  1.00000E+00
  2.70685E-01  4.28190E-01  5.67575E-01  7.16915E-01  8.93570E-01       1.45130E-03  1.00000E+00
  1.75870E-01  3.04645E-01  4.21595E-01  5.52750E-01  7.19620E-01       1.79050E-04  9.99990E-01

 -9.50198E-01 -5.85880E-01  2.00805E-03  5.88928E-01  9.50830E-01      -1.00000E+00  1.00000E+00
 -9.51740E-01 -5.95000E-01 -8.97838E-03  5.83820E-01  9.49962E-01      -1.00000E+00  1.00000E+00
 -9.51950E-01 -5.85705E-01  5.02683E-03  5.91333E-01  9.51255E-01      -1.00000E+00  1.00000E+00
 -9.51335E-01 -5.89653E-01 -6.54705E-03  5.80128E-01  9.48730E-01      -1.00000E+00  1.00000E+00
 -9.49133E-01 -5.83817E-01  9.94870E-03  5.97255E-01  9.53368E-01      -1.00000E+00  1.00000E+00
 -9.41628E-01 -5.28803E-01  9.39310E-02  6.46722E-01  9.59238E-01      -1.00000E+00  1.00000E+00
 -9.42738E-01 -5.38278E-01  7.57843E-02  6.29467E-01  9.57207E-01      -1.00000E+00  1.00000E+00
 -9.42937E-01 -5.44905E-01  5.75575E-02  6.23077E-01  9.56165E-01      -1.00000E+00  1.00000E+00
 -9.44785E-01 -5.52595E-01  6.16088E-02  6.28308E-01  9.56947E-01      -1.00000E+00  1.00000E+00
 -9.47977E-01 -5.72943E-01  2.11927E-02  5.99295E-01  9.52315E-01      -1.00000E+00  1.00000E+00
 -8.44290E-01 -8.20630E-02  5.03895E-01  8.37170E-01  9.82843E-01      -1.00000E+00  1.00000E+00
 -8.56605E-01 -1.27102E-01  4.72803E-01  8.23413E-01  9.80915E-01      -1.00000E+00  1.00000E+00
 -8.75677E-01 -1.99160E-01  4.17975E-01  8.02150E-01  9.79892E-01      -1.00000E+00  1.00000E+00
 -8.96605E-01 -2.87053E-01  3.48468E-01  7.72877E-01  9.75603E-01      -1.00000E+00  1.00000E+00
 -9.26560E-01 -4.41595E-01  1.92580E-01  6.99928E-01  9.65765E-01      -1.00000E+00  1.00000E+00
 -6.42113E-01  4.17818E-01  8.00353E-01  9.42213E-01  9.94078E-01      -1.00000E+00  1.00000E+00
 -6.84168E-01  3.28335E-01  7.59032E-01  9.28372E-01  9.92560E-01      -1.00000E+00  1.00000E+00
 -7.80048E-01  1.61339E-01  6.80745E-01  9.00405E-01  9.89667E-01      -1.00000E+00  1.00000E+00
 -8.40445E-01 -8.96800E-03  5.85387E-01  8.70580E-01  9.86647E-01      -1.00000E+00  1.00000E+00
 -9.07795E-01 -3.10588E-01  3.34875E-01  7.70720E-01  9.75187E-01      -1.00000E+00  1.00000E+00
  4.40630E-01  7.45390E-01  9.04882E-01  9.72475E-01  9.97215E-01      -7.29150E-01  1.00000E+00
  4.02327E-01  6.99647E-01  8.70985E-01  9.60575E-01  9.95962E-01      -7.13530E-01  1.00000E+00
  3.84404E-01  6.84815E-01  8.45755E-01  9.51725E-01  9.94948E-01      -6.69440E-01  1.00000E+00
  3.71009E-01  6.83105E-01  8.39095E-01  9.38127E-01  9.92850E-01      -6.63330E-01  1.00000E+00
  2.64334E-01  6.27445E-01  8.29580E-01  9.43480E-01  9.93920E-01      -1.00000E+00  1.00000E+00


    1.   1.01   74. 183.84  5.00E+01  7.00E+01  8.94E-01  7.80E-01     5   0.00

  3.26490E+01  4.50600E+01  4.71520E+01  4.81590E+01  4.88630E+01       6.17270E-03  4.93700E+01

  4.62335E-01  6.52650E-01  7.75240E-01  8.75505E-01  9.61035E-01       9.15730E-03  1.00000E+00
  3.16335E-01  4.85990E-01  6.24265E-01  7.62865E-01  9.15590E-01       1.95620E-03  1.00000E+00
  2.44570E-01  3.90075E-01  5.24665E-01  6.81725E-01  8.79095E-01       1.23110E-03  1.00000E+00
  2.17475E-01  3.69360E-01  5.07295E-01  6.64510E-01  8.57510E-01       6.38360E-04  1.00000E+00
  1.21646E-01  2.10500E-01  2.85395E-01  3.67305E-01  4.83225E-01       4.45210E-04  7.92350E-01

 -9.49027E-01 -5.73943E-01  2.40078E-02  6.03457E-01  9.55123E-01      -1.00000E+00  1.00000E+00
 -9.47065E-01 -5.68748E-01  2.09498E-02  5.95110E-01  9.50887E-01      -1.00000E+00  1.00000E+00
 -9.48510E-01 -5.73458E-01  2.60834E-02  6.08535E-01  9.53085E-01      -1.00000E+00  1.00000E+00
 -9.49910E-01 -5.91555E-01  1.46307E-03  5.94847E-01  9.53198E-01      -1.00000E+00  1.00000E+00
 -9.49107E-01 -5.78128E-01  1.14809E-02  5.90800E-01  9.53747E-01      -1.00000E+00  1.00000E+00
 -8.29905E-01 -4.86100E-02  5.21972E-01  8.47160E-01  9.83688E-01      -1.00000E+00  1.00000E+00
 -8.40870E-01 -1.12383E-01  4.71225E-01  8.22885E-01  9.81478E-01      -1.00000E+00  1.00000E+00
 -8.70475E-01 -1.83010E-01  4.22100E-01  7.99747E-01  9.78705E-01      -1.00000E+00  1.00000E+00
 -8.97523E-01 -2.86235E-01  3.38292E-01  7.63287E-01  9.73860E-01      -1.00000E+00  1.00000E+00
 -9.27937E-01 -4.30235E-01  2.06834E-01  7.02488E-01  9.67520E-01      -1.00000E+00  1.00000E+00
 -4.62620E-01  6.29705E-01  8.79373E-01  9.65448E-01  9.96707E-01      -1.00000E+00  1.00000E+00
 -5.73993E-01  5.10540E-01  8.34207E-01  9.51807E-01  9.95095E-01      -1.00000E+00  1.00000E+00
 -6.78195E-01  3.44823E-01  7.63535E-01  9.30290E-01  9.92978E-01      -1.00000E+00  1.00000E+00
 -7.60760E-01  1.25424E-01  6.24820E-01  8.82460E-01  9.87982E-01      -1.00000E+00  1.00000E+00
 -8.53603E-01 -1.46398E-01  4.48810E-01  8.09163E-01  9.79173E-01      -1.00000E+00  1.00000E+00
  1.90599E-01  7.39672E-01  9.11277E-01  9.75687E-01  9.97507E-01      -1.00000E+00  1.00000E+00
  1.42789E-01  6.69920E-01  8.71972E-01  9.61105E-01  9.96040E-01      -1.00000E+00  1.00000E+00
  8.86300E-02  6.04750E-01  8.33198E-01  9.47747E-01  9.94718E-01      -1.00000E+00  1.00000E+00
 -1.60925E-02  4.65727E-01  7.90072E-01  9.29117E-01  9.92357E-01      -1.00000E+00  1.00000E+00
 -1.60687E-01  2.60332E-01  5.70015E-01  8.35600E-01  9.81202E-01      -1.00000E+00  1.00000E+00
  8.25502E-01  9.24050E-01  9.69148E-01  9.90237E-01  9.99005E-01       3.79140E-01  1.00000E+00
  8.29505E-01  9.20957E-01  9.64595E-01  9.88435E-01  9.98780E-01       4.28410E-01  1.00000E+00
  8.35328E-01  9.23142E-01  9.65560E-01  9.88217E-01  9.98720E-01       4.73590E-01  1.00000E+00
  8.47342E-01  9.27852E-01  9.66855E-01  9.88915E-01  9.98800E-01       5.35580E-01  1.00000E+00
  8.82802E-01  9.47358E-01  9.76195E-01  9.91980E-01  9.99148E-01       6.07380E-01  1.00000E+00


    1.   1.01   74. 183.84  5.00E+01  8.00E+01  9.72E-01  9.19E-01     5   0.00

  4.55930E+01  4.78620E+01  4.86130E+01  4.89960E+01  4.92910E+01       2.97000E-02  4.95380E+01

  2.84790E-01  4.55470E-01  5.96850E-01  7.40165E-01  9.04375E-01       1.19980E-03  1.00000E+00
  1.96575E-01  3.39775E-01  4.78665E-01  6.53835E-01  8.88305E-01       1.22350E-03  1.00000E+00
  1.70405E-01  3.10360E-01  4.41815E-01  5.95730E-01  7.54615E-01       1.26560E-03  9.89710E-01
  1.27395E-01  2.29125E-01  3.12015E-01  3.94130E-01  4.96690E-01       7.69860E-04  7.19260E-01
  7.61935E-02  1.28496E-01  1.68900E-01  2.11650E-01  2.73110E-01       3.26220E-04  4.57500E-01

 -6.47985E-01  1.60305E-01  6.32385E-01  8.90108E-01  9.89272E-01      -1.00000E+00  1.00000E+00
 -7.49018E-01  2.50975E-02  5.18695E-01  8.36615E-01  9.82058E-01      -1.00000E+00  1.00000E+00
 -8.12518E-01 -7.43200E-02  4.52605E-01  8.01950E-01  9.78428E-01      -1.00000E+00  1.00000E+00
 -8.70560E-01 -2.05263E-01  3.60800E-01  7.68260E-01  9.73885E-01      -1.00000E+00  1.00000E+00
 -9.14023E-01 -3.79321E-01  2.30218E-01  7.07070E-01  9.66275E-01      -1.00000E+00  1.00000E+00
  1.56127E-01  8.58132E-01  9.56910E-01  9.87865E-01  9.98780E-01      -1.00000E+00  1.00000E+00
 -7.19775E-02  7.42008E-01  9.20813E-01  9.77697E-01  9.97725E-01      -1.00000E+00  1.00000E+00
 -2.50408E-01  5.83122E-01  8.63415E-01  9.61695E-01  9.96150E-01      -1.00000E+00  1.00000E+00
 -4.33903E-01  2.83617E-01  7.34988E-01  9.22233E-01  9.92123E-01      -1.00000E+00  1.00000E+00
 -7.40228E-01 -1.77488E-01  3.85383E-01  7.78958E-01  9.76050E-01      -1.00000E+00  1.00000E+00
  6.70907E-01  9.05698E-01  9.70572E-01  9.91687E-01  9.99155E-01      -2.22660E-03  1.00000E+00
  6.09065E-01  8.24763E-01  9.38830E-01  9.82652E-01  9.98273E-01      -4.59580E-03  1.00000E+00
  5.90385E-01  7.67227E-01  8.96510E-01  9.68838E-01  9.96870E-01       2.20280E-02  1.00000E+00
  6.14280E-01  7.67880E-01  8.70308E-01  9.51233E-01  9.94712E-01       6.42330E-02  1.00000E+00
  7.28045E-01  8.62930E-01  9.32695E-01  9.75620E-01  9.97350E-01       1.49200E-01  1.00000E+00
  8.76208E-01  9.55507E-01  9.83515E-01  9.95047E-01  9.99490E-01       5.89920E-01  1.00000E+00
  8.63573E-01  9.36875E-01  9.73290E-01  9.91390E-01  9.99120E-01       6.24080E-01  1.00000E+00
  8.71123E-01  9.36033E-01  9.70307E-01  9.89863E-01  9.98933E-01       6.35640E-01  1.00000E+00
  8.90313E-01  9.44663E-01  9.74025E-01  9.91038E-01  9.98985E-01       6.80990E-01  1.00000E+00
  9.25195E-01  9.64745E-01  9.83888E-01  9.94552E-01  9.99400E-01       7.46930E-01  1.00000E+00
  9.55125E-01  9.78125E-01  9.89457E-01  9.96350E-01  9.99603E-01       8.25670E-01  1.00000E+00
  9.59623E-01  9.81297E-01  9.91480E-01  9.97080E-01  9.99688E-01       8.45090E-01  1.00000E+00
  9.63363E-01  9.83772E-01  9.92715E-01  9.97545E-01  9.99733E-01       8.54380E-01  1.00000E+00
  9.66747E-01  9.85425E-01  9.93667E-01  9.97897E-01  9.99777E-01       8.73140E-01  1.00000E+00
  9.73742E-01  9.88595E-01  9.94977E-01  9.98353E-01  9.99825E-01       8.95320E-01  1.00000E+00


    1.   1.01   74. 183.84  5.00E+01  8.50E+01  9.93E-01  9.62E-01     5   0.00

  4.74850E+01  4.86180E+01  4.90020E+01  4.92440E+01  4.94210E+01       5.48760E-02  4.96050E+01

  1.89630E-01  3.42245E-01  4.94770E-01  6.78995E-01  8.99705E-01       1.93300E-04  1.00000E+00
  1.42875E-01  2.85900E-01  4.30855E-01  6.07365E-01  7.82425E-01       1.06320E-03  9.99660E-01
  1.15830E-01  2.26675E-01  3.30840E-01  4.32590E-01  5.40455E-01       6.02400E-04  7.47610E-01
  1.14975E-01  1.95180E-01  2.48505E-01  2.97950E-01  3.62490E-01       2.03750E-04  5.28010E-01
  5.83895E-02  9.90670E-02  1.30308E-01  1.62775E-01  2.09475E-01       2.02250E-04  3.49750E-01

  1.08790E-01  8.23298E-01  9.52363E-01  9.87348E-01  9.98753E-01      -1.00000E+00  1.00000E+00
 -2.59435E-01  6.27383E-01  8.88147E-01  9.70503E-01  9.97160E-01      -1.00000E+00  1.00000E+00
 -4.75428E-01  3.70637E-01  7.91323E-01  9.42458E-01  9.94402E-01      -1.00000E+00  1.00000E+00
 -6.86945E-01  2.83500E-02  6.10442E-01  8.85983E-01  9.88387E-01      -1.00000E+00  1.00000E+00
 -8.76920E-01 -3.15434E-01  2.42222E-01  7.16805E-01  9.68290E-01      -1.00000E+00  1.00000E+00
  8.28063E-01  9.64677E-01  9.87807E-01  9.96342E-01  9.99635E-01      -4.36940E-02  1.00000E+00
  6.53332E-01  9.02905E-01  9.68255E-01  9.90782E-01  9.99030E-01      -8.51690E-02  1.00000E+00
  5.85720E-01  7.97077E-01  9.28752E-01  9.79563E-01  9.98003E-01      -7.34960E-02  1.00000E+00
  5.81512E-01  7.44395E-01  8.63075E-01  9.52440E-01  9.95003E-01      -6.62680E-02  1.00000E+00
  6.86745E-01  8.41650E-01  9.22110E-01  9.71037E-01  9.96675E-01      -1.67350E-02  1.00000E+00
  9.20820E-01  9.78933E-01  9.92115E-01  9.97535E-01  9.99745E-01       5.98780E-01  1.00000E+00
  8.65137E-01  9.48703E-01  9.81067E-01  9.94378E-01  9.99430E-01       6.13900E-01  1.00000E+00
  8.58155E-01  9.26985E-01  9.67193E-01  9.89290E-01  9.98870E-01       6.32800E-01  1.00000E+00
  8.80853E-01  9.35558E-01  9.67960E-01  9.88515E-01  9.98745E-01       6.86440E-01  1.00000E+00
  9.26737E-01  9.64503E-01  9.83317E-01  9.94220E-01  9.99352E-01       7.40110E-01  1.00000E+00
  9.33438E-01  9.68982E-01  9.86360E-01  9.95675E-01  9.99548E-01       8.02080E-01  1.00000E+00
  9.39693E-01  9.69145E-01  9.84703E-01  9.94490E-01  9.99400E-01       8.12870E-01  1.00000E+00
  9.48557E-01  9.75418E-01  9.88380E-01  9.95927E-01  9.99565E-01       8.37670E-01  1.00000E+00
  9.57242E-01  9.79982E-01  9.91047E-01  9.96955E-01  9.99672E-01       8.65540E-01  1.00000E+00
  9.70267E-01  9.86698E-01  9.94032E-01  9.97982E-01  9.99780E-01       8.91160E-01  1.00000E+00
  9.77498E-01  9.89520E-01  9.95070E-01  9.98258E-01  9.99805E-01       9.09680E-01  1.00000E+00
  9.80123E-01  9.91135E-01  9.95992E-01  9.98640E-01  9.99850E-01       9.14260E-01  1.00000E+00
  9.81518E-01  9.92085E-01  9.96522E-01  9.98842E-01  9.99870E-01       9.21100E-01  1.00000E+00
  9.83228E-01  9.92857E-01  9.96932E-01  9.98972E-01  9.99887E-01       9.31570E-01  1.00000E+00
  9.86438E-01  9.94197E-01  9.97498E-01  9.99178E-01  9.99910E-01       9.43150E-01  1.00000E+00


    1.   1.01   74. 183.84  1.00E+02  0.00E+00  6.25E-01  4.04E-01     5   0.00

  2.34890E+01  5.39150E+01  7.16210E+01  8.33590E+01  9.28270E+01       7.69840E-03  9.67560E+01

  4.80385E-01  6.73770E-01  7.93855E-01  8.87825E-01  9.65295E-01       8.65490E-03  1.00000E+00
  4.69150E-01  6.58090E-01  7.80735E-01  8.78780E-01  9.62245E-01       2.05850E-02  1.00000E+00
  4.54310E-01  6.44510E-01  7.69650E-01  8.71820E-01  9.60290E-01       1.91530E-02  1.00000E+00
  4.36295E-01  6.25380E-01  7.52800E-01  8.59740E-01  9.55345E-01       2.47560E-02  9.99990E-01
  3.25455E-01  5.07630E-01  6.54335E-01  7.94115E-01  9.33715E-01       6.25560E-03  1.00000E+00

 -9.50597E-01 -5.92707E-01  1.52422E-02  6.00265E-01  9.50507E-01      -1.00000E+00  1.00000E+00
 -9.50068E-01 -5.83892E-01  2.21225E-03  5.87803E-01  9.50052E-01      -1.00000E+00  1.00000E+00
 -9.48135E-01 -5.93768E-01 -4.45205E-03  5.84678E-01  9.50512E-01      -1.00000E+00  1.00000E+00
 -9.53435E-01 -5.97735E-01 -4.00315E-03  5.86795E-01  9.50767E-01      -1.00000E+00  1.00000E+00
 -9.51725E-01 -5.93442E-01 -8.24905E-03  5.83390E-01  9.50937E-01      -1.00000E+00  1.00000E+00
 -9.50008E-01 -5.82925E-01  9.54962E-03  5.91477E-01  9.49897E-01      -1.00000E+00  1.00000E+00
 -9.48597E-01 -5.90500E-01 -1.28751E-02  5.74390E-01  9.48587E-01      -1.00000E+00  1.00000E+00
 -9.49145E-01 -5.80742E-01 -5.90532E-03  5.84430E-01  9.51528E-01      -1.00000E+00  1.00000E+00
 -9.53483E-01 -5.84230E-01  4.93030E-03  5.96392E-01  9.52988E-01      -1.00000E+00  1.00000E+00
 -9.52285E-01 -5.90292E-01 -1.39075E-02  5.82480E-01  9.50143E-01      -1.00000E+00  1.00000E+00
 -9.50643E-01 -5.87832E-01  6.48500E-04  5.83452E-01  9.52107E-01      -1.00000E+00  1.00000E+00
 -9.50422E-01 -5.91888E-01 -1.45675E-03  5.86622E-01  9.51462E-01      -1.00000E+00  1.00000E+00
 -9.51345E-01 -5.86023E-01  1.95010E-03  5.97453E-01  9.52342E-01      -1.00000E+00  1.00000E+00
 -9.50385E-01 -5.84140E-01  1.58215E-03  5.90453E-01  9.49167E-01      -1.00000E+00  1.00000E+00
 -9.47973E-01 -5.86673E-01  9.14775E-04  5.90755E-01  9.51980E-01      -1.00000E+00  1.00000E+00
 -9.50745E-01 -5.79797E-01  9.67140E-03  5.99335E-01  9.52187E-01      -1.00000E+00  1.00000E+00
 -9.51530E-01 -5.90557E-01 -7.07872E-03  5.78285E-01  9.50310E-01      -1.00000E+00  1.00000E+00
 -9.51700E-01 -5.95168E-01 -5.64627E-03  5.87028E-01  9.51307E-01      -1.00000E+00  1.00000E+00
 -9.50208E-01 -5.85502E-01  2.96983E-03  5.90472E-01  9.52840E-01      -1.00000E+00  1.00000E+00
 -9.50565E-01 -5.75423E-01  6.53452E-03  5.90322E-01  9.51293E-01      -1.00000E+00  1.00000E+00
 -9.51507E-01 -5.93338E-01  4.51310E-03  5.87462E-01  9.50467E-01      -1.00000E+00  1.00000E+00
 -9.50465E-01 -5.87688E-01 -8.53290E-03  5.81100E-01  9.50013E-01      -1.00000E+00  1.00000E+00
 -9.49067E-01 -5.91993E-01 -1.34560E-04  5.89000E-01  9.50758E-01      -1.00000E+00  1.00000E+00
 -9.48425E-01 -5.88790E-01 -7.23827E-03  5.87348E-01  9.52543E-01      -1.00000E+00  1.00000E+00
 -9.51788E-01 -5.85767E-01 -2.66527E-03  5.85275E-01  9.51320E-01      -1.00000E+00  1.00000E+00


    1.   1.01   74. 183.84  1.00E+02  3.00E+01  6.61E-01  4.46E-01     5   0.00

  2.63540E+01  5.79650E+01  7.50780E+01  8.58870E+01  9.39010E+01       4.42250E-03  9.75010E+01

  4.79045E-01  6.72750E-01  7.92960E-01  8.87290E-01  9.65390E-01       6.20380E-03  1.00000E+00
  4.64525E-01  6.54675E-01  7.78815E-01  8.77860E-01  9.62055E-01       2.01760E-02  1.00000E+00
  4.45405E-01  6.35670E-01  7.63555E-01  8.67765E-01  9.58375E-01       3.14540E-02  1.00000E+00
  4.17470E-01  6.02780E-01  7.32975E-01  8.46695E-01  9.50600E-01       1.50750E-02  1.00000E+00
  2.93830E-01  4.67730E-01  6.12880E-01  7.57375E-01  9.12710E-01       6.39180E-03  1.00000E+00

 -9.51255E-01 -5.78885E-01  6.99422E-03  5.86145E-01  9.50505E-01      -1.00000E+00  1.00000E+00
 -9.52030E-01 -5.91705E-01 -3.12645E-03  5.97178E-01  9.51890E-01      -1.00000E+00  1.00000E+00
 -9.50527E-01 -5.87910E-01 -6.85692E-03  5.90227E-01  9.51685E-01      -1.00000E+00  1.00000E+00
 -9.50453E-01 -5.84332E-01  7.83675E-03  5.95718E-01  9.51468E-01      -1.00000E+00  1.00000E+00
 -9.51058E-01 -5.88330E-01 -1.44663E-03  5.79873E-01  9.50122E-01      -1.00000E+00  1.00000E+00
 -9.51765E-01 -5.87023E-01  6.08188E-03  5.89023E-01  9.51012E-01      -1.00000E+00  1.00000E+00
 -9.49580E-01 -5.85515E-01  7.60900E-03  5.95250E-01  9.51673E-01      -1.00000E+00  1.00000E+00
 -9.50712E-01 -5.83690E-01  5.10338E-03  5.93337E-01  9.51017E-01      -1.00000E+00  1.00000E+00
 -9.52080E-01 -5.88125E-01  4.07200E-03  5.89677E-01  9.50588E-01      -1.00000E+00  1.00000E+00
 -9.49595E-01 -5.86863E-01  5.24715E-04  5.80647E-01  9.51828E-01      -1.00000E+00  1.00000E+00
 -9.48848E-01 -5.73357E-01  2.44208E-02  5.99810E-01  9.53685E-01      -1.00000E+00  1.00000E+00
 -9.49123E-01 -5.75048E-01  1.98024E-02  5.98612E-01  9.53295E-01      -1.00000E+00  1.00000E+00
 -9.49052E-01 -5.82635E-01  1.83870E-02  5.93570E-01  9.54015E-01      -1.00000E+00  1.00000E+00
 -9.50282E-01 -5.74547E-01  1.81983E-02  5.98675E-01  9.53345E-01      -1.00000E+00  1.00000E+00
 -9.51618E-01 -5.88565E-01 -2.58048E-03  5.83715E-01  9.50392E-01      -1.00000E+00  1.00000E+00
 -9.29642E-01 -4.57333E-01  1.70254E-01  6.88062E-01  9.65143E-01      -1.00000E+00  1.00000E+00
 -9.32965E-01 -4.68655E-01  1.63807E-01  6.78453E-01  9.64230E-01      -1.00000E+00  1.00000E+00
 -9.33890E-01 -4.88838E-01  1.48498E-01  6.74510E-01  9.61825E-01      -1.00000E+00  1.00000E+00
 -9.38067E-01 -5.12517E-01  1.09296E-01  6.55590E-01  9.62865E-01      -1.00000E+00  1.00000E+00
 -9.45480E-01 -5.59213E-01  4.75865E-02  6.21035E-01  9.57890E-01      -1.00000E+00  1.00000E+00
 -7.81270E-01 -1.34500E-03  5.43887E-01  8.48985E-01  9.83410E-01      -1.00000E+00  1.00000E+00
 -8.27415E-01 -1.04086E-01  4.81545E-01  8.29470E-01  9.82005E-01      -1.00000E+00  1.00000E+00
 -8.59243E-01 -1.73752E-01  4.20573E-01  8.01372E-01  9.79027E-01      -1.00000E+00  1.00000E+00
 -8.97872E-01 -2.66927E-01  3.51485E-01  7.69698E-01  9.75035E-01      -1.00000E+00  1.00000E+00
 -9.39742E-01 -4.66003E-01  1.92588E-01  6.96338E-01  9.65910E-01      -1.00000E+00  1.00000E+00


    1.   1.01   74. 183.84  1.00E+02  4.50E+01  7.07E-01  5.03E-01     5   0.00

  3.08470E+01  6.37220E+01  7.96930E+01  8.90270E+01  9.52420E+01       8.50930E-03  9.78790E+01

  4.77580E-01  6.70620E-01  7.91565E-01  8.85830E-01  9.64925E-01       3.61610E-03  1.00000E+00
  4.56120E-01  6.45860E-01  7.72345E-01  8.73430E-01  9.60185E-01       1.49790E-02  1.00000E+00
  4.32170E-01  6.17085E-01  7.47785E-01  8.56785E-01  9.53990E-01       1.46940E-02  1.00000E+00
  3.79270E-01  5.58640E-01  6.93940E-01  8.18410E-01  9.39320E-01       1.13160E-02  1.00000E+00
  2.45060E-01  4.04480E-01  5.46925E-01  7.01425E-01  8.83875E-01       1.34200E-03  1.00000E+00

 -9.51335E-01 -5.88230E-01 -8.50400E-04  5.84947E-01  9.50202E-01      -1.00000E+00  1.00000E+00
 -9.50640E-01 -5.91235E-01 -6.02920E-03  5.82685E-01  9.50873E-01      -1.00000E+00  1.00000E+00
 -9.50318E-01 -5.87753E-01  9.96125E-04  5.93080E-01  9.52915E-01      -1.00000E+00  1.00000E+00
 -9.50948E-01 -5.86550E-01  8.82069E-03  5.95392E-01  9.54507E-01      -1.00000E+00  1.00000E+00
 -9.52592E-01 -5.96282E-01 -7.59598E-04  5.90942E-01  9.52355E-01      -1.00000E+00  1.00000E+00
 -9.50562E-01 -5.87525E-01  8.07075E-03  5.91240E-01  9.53097E-01      -1.00000E+00  1.00000E+00
 -9.51510E-01 -5.80545E-01  9.34810E-03  5.83082E-01  9.48627E-01      -1.00000E+00  1.00000E+00
 -9.52610E-01 -5.89193E-01 -1.12760E-03  5.87498E-01  9.51047E-01      -1.00000E+00  1.00000E+00
 -9.51275E-01 -5.87125E-01  9.01550E-04  5.89610E-01  9.51285E-01      -1.00000E+00  1.00000E+00
 -9.49832E-01 -5.87387E-01 -4.17260E-03  5.86122E-01  9.51570E-01      -1.00000E+00  1.00000E+00
 -9.41560E-01 -5.18800E-01  1.00767E-01  6.54437E-01  9.61535E-01      -1.00000E+00  1.00000E+00
 -9.40370E-01 -5.21255E-01  1.00470E-01  6.43672E-01  9.58232E-01      -1.00000E+00  1.00000E+00
 -9.45013E-01 -5.39120E-01  8.71443E-02  6.37510E-01  9.58620E-01      -1.00000E+00  1.00000E+00
 -9.42613E-01 -5.48752E-01  5.20820E-02  6.20858E-01  9.55325E-01      -1.00000E+00  1.00000E+00
 -9.47500E-01 -5.67255E-01  2.71901E-02  6.08757E-01  9.54515E-01      -1.00000E+00  1.00000E+00
 -8.88525E-01 -2.56013E-01  3.80880E-01  7.86605E-01  9.77058E-01      -1.00000E+00  1.00000E+00
 -8.96543E-01 -2.75720E-01  3.54120E-01  7.69327E-01  9.74420E-01      -1.00000E+00  1.00000E+00
 -9.01922E-01 -3.20622E-01  3.11998E-01  7.50030E-01  9.71670E-01      -1.00000E+00  1.00000E+00
 -9.20650E-01 -3.97857E-01  2.43645E-01  7.26307E-01  9.69430E-01      -1.00000E+00  1.00000E+00
 -9.39723E-01 -4.97505E-01  1.24531E-01  6.62708E-01  9.63612E-01      -1.00000E+00  1.00000E+00
 -3.74680E-01  4.12397E-01  7.68535E-01  9.27460E-01  9.92490E-01      -1.00000E+00  1.00000E+00
 -5.16575E-01  3.31250E-01  7.34430E-01  9.17740E-01  9.91472E-01      -1.00000E+00  1.00000E+00
 -6.59745E-01  2.25473E-01  6.80470E-01  8.99525E-01  9.89225E-01      -1.00000E+00  1.00000E+00
 -8.05620E-01  3.15053E-02  5.70075E-01  8.59630E-01  9.84993E-01      -1.00000E+00  1.00000E+00
 -8.79323E-01 -2.03204E-01  3.95005E-01  7.89260E-01  9.76825E-01      -1.00000E+00  1.00000E+00


    1.   1.01   74. 183.84  1.00E+02  6.00E+01  7.80E-01  6.03E-01     5   0.00

  3.99200E+01  7.38110E+01  8.70380E+01  9.31960E+01  9.65350E+01       1.28730E-02  9.83220E+01

  4.73920E-01  6.65765E-01  7.87705E-01  8.83415E-01  9.64085E-01       7.17770E-03  1.00000E+00
  4.37975E-01  6.26665E-01  7.55180E-01  8.62340E-01  9.56250E-01       1.80810E-02  9.99990E-01
  3.74350E-01  5.51835E-01  6.86915E-01  8.12950E-01  9.36710E-01       9.57240E-03  1.00000E+00
  2.81440E-01  4.38795E-01  5.78940E-01  7.27790E-01  9.00750E-01       3.77000E-03  1.00000E+00
  1.86470E-01  3.17465E-01  4.43675E-01  5.92885E-01  7.95415E-01       1.36950E-03  1.00000E+00

 -9.50462E-01 -5.88765E-01 -3.31955E-03  5.88890E-01  9.52528E-01      -1.00000E+00  1.00000E+00
 -9.52720E-01 -5.95288E-01  1.72810E-03  5.91210E-01  9.50760E-01      -1.00000E+00  1.00000E+00
 -9.49893E-01 -5.89525E-01 -1.02139E-02  5.85538E-01  9.51705E-01      -1.00000E+00  1.00000E+00
 -9.52565E-01 -5.91680E-01 -3.00534E-03  5.88832E-01  9.49153E-01      -1.00000E+00  1.00000E+00
 -9.52985E-01 -5.90670E-01 -4.26028E-03  5.88413E-01  9.51187E-01      -1.00000E+00  1.00000E+00
 -9.47437E-01 -5.57723E-01  4.08054E-02  6.19158E-01  9.55107E-01      -1.00000E+00  1.00000E+00
 -9.47307E-01 -5.65918E-01  2.88718E-02  6.09457E-01  9.53337E-01      -1.00000E+00  1.00000E+00
 -9.46385E-01 -5.61180E-01  4.29699E-02  6.08920E-01  9.54528E-01      -1.00000E+00  1.00000E+00
 -9.50183E-01 -5.75547E-01  3.39718E-02  6.04718E-01  9.53660E-01      -1.00000E+00  1.00000E+00
 -9.50913E-01 -5.82102E-01  1.27044E-02  5.95880E-01  9.52910E-01      -1.00000E+00  1.00000E+00
 -8.89820E-01 -2.67005E-01  3.71553E-01  7.82432E-01  9.76768E-01      -1.00000E+00  1.00000E+00
 -8.98570E-01 -2.89048E-01  3.47442E-01  7.69885E-01  9.74402E-01      -1.00000E+00  1.00000E+00
 -9.05915E-01 -3.40780E-01  3.07070E-01  7.54305E-01  9.72905E-01      -1.00000E+00  1.00000E+00
 -9.22027E-01 -4.14407E-01  2.30007E-01  7.21452E-01  9.69622E-01      -1.00000E+00  1.00000E+00
 -9.35805E-01 -4.95785E-01  1.19777E-01  6.66567E-01  9.62775E-01      -1.00000E+00  1.00000E+00
 -6.04005E-01  3.53610E-01  7.63770E-01  9.31430E-01  9.92970E-01      -1.00000E+00  1.00000E+00
 -6.42355E-01  2.68273E-01  7.12860E-01  9.11918E-01  9.90845E-01      -1.00000E+00  1.00000E+00
 -7.50233E-01  1.38877E-01  6.39812E-01  8.87000E-01  9.88457E-01      -1.00000E+00  1.00000E+00
 -8.25333E-01 -4.15207E-02  5.34383E-01  8.46687E-01  9.83815E-01      -1.00000E+00  1.00000E+00
 -9.03838E-01 -3.44580E-01  3.00435E-01  7.52770E-01  9.73378E-01      -1.00000E+00  1.00000E+00
  1.95617E-01  7.27025E-01  9.01987E-01  9.71618E-01  9.97110E-01      -1.00000E+00  1.00000E+00
  7.17550E-02  6.70440E-01  8.78760E-01  9.63425E-01  9.96150E-01      -1.00000E+00  1.00000E+00
 -3.44350E-02  5.55882E-01  8.45058E-01  9.53815E-01  9.94897E-01      -1.00000E+00  1.00000E+00
 -9.90575E-02  4.48920E-01  7.68520E-01  9.29640E-01  9.92892E-01      -1.00000E+00  1.00000E+00
 -1.63060E-01  3.36238E-01  6.59027E-01  8.80255E-01  9.86815E-01      -1.00000E+00  1.00000E+00


    1.   1.01   74. 183.84  1.00E+02  7.00E+01  8.53E-01  7.16E-01     5   0.00

  5.41840E+01  8.52640E+01  9.29710E+01  9.57210E+01  9.75450E+01       2.38770E-02  9.87110E+01

  4.62975E-01  6.54265E-01  7.77905E-01  8.77280E-01  9.61950E-01       9.93490E-03  1.00000E+00
  3.70080E-01  5.49005E-01  6.84750E-01  8.10910E-01  9.35410E-01       4.74420E-03  1.00000E+00
  2.52285E-01  3.96665E-01  5.31610E-01  6.85030E-01  8.81255E-01       2.70960E-03  1.00000E+00
  2.14355E-01  3.49870E-01  4.87135E-01  6.54375E-01  8.69450E-01       1.53330E-03  9.99990E-01
  1.29470E-01  2.22780E-01  3.12035E-01  4.22280E-01  5.85640E-01       4.80590E-04  9.84640E-01

 -9.52063E-01 -5.85523E-01  6.43965E-03  5.96287E-01  9.52475E-01      -1.00000E+00  1.00000E+00
 -9.49985E-01 -5.80213E-01  1.36762E-02  5.92430E-01  9.51932E-01      -1.00000E+00  1.00000E+00
 -9.50440E-01 -5.83625E-01  7.28685E-03  5.94243E-01  9.51565E-01      -1.00000E+00  1.00000E+00
 -9.51407E-01 -5.87050E-01  5.80765E-03  5.86283E-01  9.51588E-01      -1.00000E+00  1.00000E+00
 -9.49815E-01 -5.81550E-01  5.34918E-03  5.89273E-01  9.50958E-01      -1.00000E+00  1.00000E+00
 -9.03340E-01 -3.15933E-01  3.24580E-01  7.63500E-01  9.74045E-01      -1.00000E+00  1.00000E+00
 -9.08515E-01 -3.41090E-01  2.91835E-01  7.45780E-01  9.72067E-01      -1.00000E+00  1.00000E+00
 -9.15125E-01 -3.92725E-01  2.41407E-01  7.23198E-01  9.69872E-01      -1.00000E+00  1.00000E+00
 -9.25928E-01 -4.37758E-01  1.90833E-01  6.99353E-01  9.67247E-01      -1.00000E+00  1.00000E+00
 -9.41138E-01 -5.14735E-01  1.01502E-01  6.48695E-01  9.59348E-01      -1.00000E+00  1.00000E+00
 -4.79618E-01  4.97982E-01  8.29540E-01  9.52455E-01  9.95158E-01      -1.00000E+00  1.00000E+00
 -5.80777E-01  3.86075E-01  7.69500E-01  9.32715E-01  9.93297E-01      -1.00000E+00  1.00000E+00
 -6.70543E-01  2.68809E-01  7.17618E-01  9.12952E-01  9.90653E-01      -1.00000E+00  1.00000E+00
 -7.72840E-01  8.31145E-02  6.17840E-01  8.78265E-01  9.86927E-01      -1.00000E+00  1.00000E+00
 -8.85705E-01 -2.52736E-01  3.64325E-01  7.79992E-01  9.75920E-01      -1.00000E+00  1.00000E+00
  3.88700E-02  7.77080E-01  9.28910E-01  9.79832E-01  9.97945E-01      -1.00000E+00  1.00000E+00
 -1.11584E-01  6.86718E-01  8.93540E-01  9.68855E-01  9.96843E-01      -1.00000E+00  1.00000E+00
 -3.15048E-01  5.29027E-01  8.31727E-01  9.49540E-01  9.94870E-01      -1.00000E+00  1.00000E+00
 -4.96280E-01  3.29315E-01  7.40050E-01  9.22025E-01  9.91858E-01      -1.00000E+00  1.00000E+00
 -7.65160E-01 -3.81265E-02  5.02400E-01  8.28315E-01  9.81232E-01      -1.00000E+00  1.00000E+00
  7.70678E-01  9.14585E-01  9.68208E-01  9.90403E-01  9.99020E-01      -1.09440E-01  1.00000E+00
  7.32012E-01  8.92080E-01  9.57115E-01  9.86822E-01  9.98620E-01      -1.01420E-01  1.00000E+00
  7.13908E-01  8.75493E-01  9.49250E-01  9.83982E-01  9.98335E-01      -4.69280E-02  1.00000E+00
  6.99948E-01  8.63880E-01  9.38465E-01  9.79612E-01  9.97920E-01      -1.92000E-02  1.00000E+00
  7.14338E-01  8.69703E-01  9.41975E-01  9.80542E-01  9.97880E-01       5.25960E-02  1.00000E+00


    1.   1.01   74. 183.84  1.00E+02  8.00E+01  9.57E-01  8.94E-01     5   0.00

  8.86260E+01  9.52750E+01  9.69790E+01  9.79040E+01  9.84950E+01       1.96680E-02  9.90940E+01

  3.11180E-01  4.75265E-01  6.10870E-01  7.49625E-01  9.08745E-01       1.99210E-03  1.00000E+00
  1.79165E-01  2.96975E-01  4.23215E-01  5.96840E-01  8.49985E-01       8.15350E-04  1.00000E+00
  1.59540E-01  2.82425E-01  4.08645E-01  5.68280E-01  7.78925E-01       7.14790E-04  1.00000E+00
  1.22465E-01  2.08800E-01  2.81900E-01  3.67535E-01  4.93145E-01       1.19570E-04  8.14920E-01
  6.55260E-02  1.08875E-01  1.45090E-01  1.87750E-01  2.58470E-01       3.98300E-04  4.69980E-01

 -7.42482E-01  2.77100E-02  5.10415E-01  8.26325E-01  9.80742E-01      -1.00000E+00  1.00000E+00
 -8.07452E-01 -8.18125E-02  4.46303E-01  7.96863E-01  9.78287E-01      -1.00000E+00  1.00000E+00
 -8.50782E-01 -1.65457E-01  3.83423E-01  7.69548E-01  9.73933E-01      -1.00000E+00  1.00000E+00
 -8.91478E-01 -2.97613E-01  3.07165E-01  7.41410E-01  9.70827E-01      -1.00000E+00  1.00000E+00
 -9.23685E-01 -4.37310E-01  1.74013E-01  6.87245E-01  9.64880E-01      -1.00000E+00  1.00000E+00
  3.73768E-01  8.95053E-01  9.68380E-01  9.91222E-01  9.99088E-01      -1.00000E+00  1.00000E+00
  7.25158E-02  8.16540E-01  9.42603E-01  9.83743E-01  9.98373E-01      -1.00000E+00  1.00000E+00
 -2.32915E-01  6.66955E-01  8.96422E-01  9.71215E-01  9.97113E-01      -1.00000E+00  1.00000E+00
 -5.52830E-01  3.51422E-01  7.69230E-01  9.36635E-01  9.93563E-01      -1.00000E+00  1.00000E+00
 -8.47770E-01 -1.76292E-01  4.34333E-01  8.07210E-01  9.78657E-01      -1.00000E+00  1.00000E+00
  7.03530E-01  9.36790E-01  9.80482E-01  9.94467E-01  9.99453E-01      -4.97480E-01  1.00000E+00
  5.90295E-01  8.65255E-01  9.53740E-01  9.87045E-01  9.98698E-01      -4.54970E-01  1.00000E+00
  5.17663E-01  8.08482E-01  9.24937E-01  9.77147E-01  9.97645E-01      -5.20490E-01  1.00000E+00
  4.60278E-01  7.45625E-01  8.91228E-01  9.65062E-01  9.96340E-01      -5.60570E-01  1.00000E+00
  3.94540E-01  7.20410E-01  8.68702E-01  9.54497E-01  9.95010E-01      -1.00000E+00  1.00000E+00
  8.89945E-01  9.61703E-01  9.86097E-01  9.95923E-01  9.99595E-01       4.62110E-01  1.00000E+00
  8.77312E-01  9.49220E-01  9.78565E-01  9.93082E-01  9.99255E-01       4.57870E-01  1.00000E+00
  8.73960E-01  9.46735E-01  9.77435E-01  9.92550E-01  9.99200E-01       5.01690E-01  1.00000E+00
  8.75463E-01  9.43395E-01  9.75940E-01  9.92130E-01  9.99143E-01       5.68230E-01  1.00000E+00
  9.04895E-01  9.55062E-01  9.79285E-01  9.93055E-01  9.99250E-01       6.12490E-01  1.00000E+00
  9.68780E-01  9.87132E-01  9.94495E-01  9.98193E-01  9.99812E-01       8.22690E-01  1.00000E+00
  9.70012E-01  9.88190E-01  9.94930E-01  9.98342E-01  9.99828E-01       8.41550E-01  1.00000E+00
  9.68805E-01  9.87882E-01  9.94973E-01  9.98340E-01  9.99823E-01       8.45480E-01  1.00000E+00
  9.68040E-01  9.87228E-01  9.94705E-01  9.98275E-01  9.99820E-01       8.59510E-01  1.00000E+00
  9.71305E-01  9.87615E-01  9.94633E-01  9.98242E-01  9.99815E-01       8.77950E-01  1.00000E+00


    1.   1.01   74. 183.84  1.00E+02  8.50E+01  9.93E-01  9.65E-01     5   0.00

  9.55280E+01  9.75220E+01  9.81730E+01  9.85630E+01  9.88680E+01       1.40680E-01  9.92650E+01

  1.39195E-01  2.72705E-01  4.23040E-01  6.31760E-01  8.79835E-01       5.12220E-04  1.00000E+00
  1.10985E-01  2.26995E-01  3.49575E-01  4.98665E-01  6.68635E-01       1.93880E-04  9.96780E-01
  9.27835E-02  1.82025E-01  2.54850E-01  3.27790E-01  4.27420E-01       3.10150E-04  6.62740E-01
  8.86765E-02  1.39055E-01  1.75930E-01  2.16380E-01  2.82260E-01       5.91270E-04  4.56410E-01
  4.17730E-02  7.14950E-02  9.56055E-02  1.23025E-01  1.67955E-01       1.05860E-04  3.08770E-01

  5.88139E-01  9.49085E-01  9.86615E-01  9.96443E-01  9.99637E-01      -1.00000E+00  1.00000E+00
  4.75300E-02  7.98218E-01  9.48335E-01  9.86890E-01  9.98730E-01      -1.00000E+00  1.00000E+00
 -2.31910E-01  5.39367E-01  8.61708E-01  9.64825E-01  9.96698E-01      -1.00000E+00  1.00000E+00
 -4.48414E-01  1.83254E-01  6.64813E-01  9.02970E-01  9.90835E-01      -1.00000E+00  1.00000E+00
 -6.93678E-01 -1.08215E-01  4.24870E-01  7.98512E-01  9.78307E-01      -1.00000E+00  1.00000E+00
  9.29087E-01  9.85895E-01  9.95000E-01  9.98483E-01  9.99840E-01      -6.86410E-04  1.00000E+00
  8.03218E-01  9.47263E-01  9.82903E-01  9.95200E-01  9.99518E-01       4.44070E-02  1.00000E+00
  7.47850E-01  8.96680E-01  9.61230E-01  9.88590E-01  9.98850E-01       5.18010E-02  1.00000E+00
  7.37527E-01  8.65845E-01  9.38040E-01  9.79765E-01  9.97895E-01       3.13210E-02  1.00000E+00
  8.02235E-01  9.07445E-01  9.56723E-01  9.85105E-01  9.98350E-01       9.19290E-02  1.00000E+00
  9.58025E-01  9.88110E-01  9.95838E-01  9.98765E-01  9.99877E-01       7.21980E-01  1.00000E+00
  9.29512E-01  9.71375E-01  9.88540E-01  9.96457E-01  9.99652E-01       7.16920E-01  1.00000E+00
  9.27847E-01  9.68642E-01  9.86263E-01  9.95412E-01  9.99525E-01       7.41740E-01  1.00000E+00
  9.31175E-01  9.69780E-01  9.86610E-01  9.95592E-01  9.99537E-01       7.60130E-01  1.00000E+00
  9.47808E-01  9.76285E-01  9.89432E-01  9.96417E-01  9.99600E-01       7.75890E-01  1.00000E+00
  9.70037E-01  9.86853E-01  9.94310E-01  9.98185E-01  9.99805E-01       8.64050E-01  1.00000E+00
  9.72770E-01  9.88355E-01  9.94837E-01  9.98235E-01  9.99810E-01       8.69680E-01  1.00000E+00
  9.73980E-01  9.89530E-01  9.95592E-01  9.98560E-01  9.99848E-01       8.78220E-01  1.00000E+00
  9.73570E-01  9.89423E-01  9.95560E-01  9.98555E-01  9.99845E-01       8.94560E-01  1.00000E+00
  9.77032E-01  9.90010E-01  9.95663E-01  9.98585E-01  9.99853E-01       9.08970E-01  1.00000E+00
  9.89685E-01  9.95695E-01  9.98125E-01  9.99367E-01  9.99927E-01       9.35990E-01  1.00000E+00
  9.90128E-01  9.96008E-01  9.98330E-01  9.99455E-01  9.99942E-01       9.37900E-01  1.00000E+00
  9.89977E-01  9.96108E-01  9.98352E-01  9.99463E-01  9.99945E-01       9.41380E-01  1.00000E+00
  9.89242E-01  9.95827E-01  9.98260E-01  9.99442E-01  9.99938E-01       9.41900E-01  1.00000E+00
  9.89770E-01  9.95775E-01  9.98182E-01  9.99408E-01  9.99935E-01       9.48330E-01  1.00000E+00


    1.   1.01   74. 183.84  2.00E+02  0.00E+00  5.90E-01  3.67E-01     5   0.00

  4.21100E+01  1.00470E+02  1.36800E+02  1.62020E+02  1.83480E+02       3.85790E-03  1.93980E+02

  4.73855E-01  6.67555E-01  7.89495E-01  8.85005E-01  9.65090E-01       5.07460E-03  1.00000E+00
  4.50505E-01  6.44105E-01  7.72690E-01  8.74620E-01  9.61320E-01       1.30040E-02  1.00000E+00
  4.34990E-01  6.31505E-01  7.62825E-01  8.67980E-01  9.58435E-01       2.41900E-02  1.00000E+00
  4.17845E-01  6.12280E-01  7.45440E-01  8.55740E-01  9.54390E-01       1.42670E-02  1.00000E+00
  3.26485E-01  5.11345E-01  6.59060E-01  7.97275E-01  9.32980E-01       3.18760E-03  1.00000E+00

 -9.54398E-01 -5.99697E-01 -7.31457E-03  5.73515E-01  9.50808E-01      -1.00000E+00  1.00000E+00
 -9.51882E-01 -5.84383E-01 -4.07673E-04  5.84987E-01  9.50905E-01      -1.00000E+00  1.00000E+00
 -9.49672E-01 -5.83630E-01  2.95660E-03  5.89325E-01  9.51040E-01      -1.00000E+00  1.00000E+00
 -9.49855E-01 -5.86605E-01  4.82968E-03  5.92755E-01  9.51695E-01      -1.00000E+00  1.00000E+00
 -9.49288E-01 -5.83390E-01  2.82852E-03  5.86990E-01  9.52712E-01      -1.00000E+00  1.00000E+00
 -9.50745E-01 -5.85740E-01  5.82745E-03  5.85668E-01  9.52520E-01      -1.00000E+00  1.00000E+00
 -9.52313E-01 -5.90605E-01  1.85537E-04  5.86782E-01  9.50628E-01      -1.00000E+00  1.00000E+00
 -9.49450E-01 -5.83807E-01  7.79725E-03  5.92967E-01  9.51612E-01      -1.00000E+00  1.00000E+00
 -9.50672E-01 -5.80890E-01  5.32443E-03  5.98853E-01  9.51630E-01      -1.00000E+00  1.00000E+00
 -9.52320E-01 -5.95840E-01 -1.18335E-02  5.79480E-01  9.50553E-01      -1.00000E+00  1.00000E+00
 -9.50700E-01 -5.81242E-01  7.61440E-03  5.88375E-01  9.50525E-01      -1.00000E+00  1.00000E+00
 -9.50135E-01 -5.90372E-01  8.99100E-04  5.86078E-01  9.51193E-01      -1.00000E+00  1.00000E+00
 -9.52165E-01 -5.89595E-01 -2.69253E-03  5.83500E-01  9.49788E-01      -1.00000E+00  1.00000E+00
 -9.50168E-01 -5.79043E-01 -1.76177E-03  5.80627E-01  9.49385E-01      -1.00000E+00  1.00000E+00
 -9.48862E-01 -5.84083E-01 -2.02988E-03  5.85738E-01  9.49695E-01      -1.00000E+00  1.00000E+00
 -9.50043E-01 -5.90178E-01  3.26159E-03  5.88435E-01  9.51218E-01      -1.00000E+00  1.00000E+00
 -9.50337E-01 -5.76750E-01  2.74528E-03  5.85653E-01  9.50488E-01      -1.00000E+00  1.00000E+00
 -9.51390E-01 -5.91723E-01 -8.77768E-03  5.85665E-01  9.53895E-01      -1.00000E+00  1.00000E+00
 -9.50248E-01 -5.90812E-01 -1.30284E-02  5.77705E-01  9.48542E-01      -1.00000E+00  1.00000E+00
 -9.49565E-01 -5.80688E-01 -5.25108E-04  5.91187E-01  9.48740E-01      -1.00000E+00  1.00000E+00
 -9.51465E-01 -5.88967E-01  1.43650E-03  5.87577E-01  9.50292E-01      -1.00000E+00  1.00000E+00
 -9.51695E-01 -5.89867E-01 -2.23057E-03  5.89765E-01  9.51115E-01      -1.00000E+00  1.00000E+00
 -9.49433E-01 -5.82000E-01 -1.56425E-04  5.83060E-01  9.51933E-01      -1.00000E+00  1.00000E+00
 -9.49777E-01 -5.90272E-01 -2.45537E-03  5.88805E-01  9.51125E-01      -1.00000E+00  1.00000E+00
 -9.49650E-01 -5.84140E-01 -3.83998E-03  5.82163E-01  9.50765E-01      -1.00000E+00  1.00000E+00


    1.   1.01   74. 183.84  2.00E+02  3.00E+01  6.25E-01  4.05E-01     5   0.00

  4.67970E+01  1.07830E+02  1.43390E+02  1.66880E+02  1.85970E+02       6.01390E-03  1.95360E+02

  4.72655E-01  6.65975E-01  7.87785E-01  8.83695E-01  9.64495E-01       1.13590E-03  1.00000E+00
  4.46000E-01  6.41490E-01  7.70030E-01  8.72860E-01  9.60355E-01       2.80630E-02  1.00000E+00
  4.27555E-01  6.25155E-01  7.57315E-01  8.63550E-01  9.56670E-01       3.78310E-02  1.00000E+00
  4.04810E-01  5.94445E-01  7.29315E-01  8.44325E-01  9.49730E-01       4.12000E-02  1.00000E+00
  2.97975E-01  4.75770E-01  6.24285E-01  7.68705E-01  9.19225E-01       3.36050E-03  1.00000E+00

 -9.50923E-01 -5.81880E-01  3.62672E-03  5.84430E-01  9.50685E-01      -1.00000E+00  1.00000E+00
 -9.49805E-01 -5.79595E-01  9.55412E-03  5.92792E-01  9.52248E-01      -1.00000E+00  1.00000E+00
 -9.48840E-01 -5.79960E-01  2.25541E-03  5.92187E-01  9.52882E-01      -1.00000E+00  1.00000E+00
 -9.50650E-01 -5.84388E-01 -2.09220E-03  5.84982E-01  9.51990E-01      -1.00000E+00  1.00000E+00
 -9.48533E-01 -5.82167E-01 -6.12005E-03  5.88580E-01  9.51767E-01      -1.00000E+00  1.00000E+00
 -9.51962E-01 -5.93037E-01 -1.07319E-02  5.86612E-01  9.49195E-01      -1.00000E+00  1.00000E+00
 -9.52520E-01 -5.86933E-01  1.02005E-03  5.88280E-01  9.50708E-01      -1.00000E+00  1.00000E+00
 -9.53785E-01 -5.88045E-01 -5.39023E-03  5.81165E-01  9.48620E-01      -1.00000E+00  1.00000E+00
 -9.50418E-01 -5.79740E-01  1.52462E-02  5.96193E-01  9.51912E-01      -1.00000E+00  1.00000E+00
 -9.49800E-01 -5.83148E-01 -1.64277E-03  5.91700E-01  9.50173E-01      -1.00000E+00  1.00000E+00
 -9.47840E-01 -5.62975E-01  3.58552E-02  6.04283E-01  9.54192E-01      -1.00000E+00  1.00000E+00
 -9.48700E-01 -5.71927E-01  2.79216E-02  6.08568E-01  9.54825E-01      -1.00000E+00  1.00000E+00
 -9.50053E-01 -5.74122E-01  2.52406E-02  6.02073E-01  9.53492E-01      -1.00000E+00  1.00000E+00
 -9.49553E-01 -5.78523E-01  2.05920E-02  6.03355E-01  9.50845E-01      -1.00000E+00  1.00000E+00
 -9.47850E-01 -5.81845E-01  7.72928E-03  5.87610E-01  9.51325E-01      -1.00000E+00  1.00000E+00
 -9.31300E-01 -4.60388E-01  1.70932E-01  6.87545E-01  9.65275E-01      -1.00000E+00  1.00000E+00
 -9.30782E-01 -4.76075E-01  1.57440E-01  6.80198E-01  9.63493E-01      -1.00000E+00  1.00000E+00
 -9.35798E-01 -4.86830E-01  1.32874E-01  6.62362E-01  9.62188E-01      -1.00000E+00  1.00000E+00
 -9.40878E-01 -5.20887E-01  8.62287E-02  6.38765E-01  9.58677E-01      -1.00000E+00  1.00000E+00
 -9.46010E-01 -5.59168E-01  5.17058E-02  6.17290E-01  9.54592E-01      -1.00000E+00  1.00000E+00
 -8.07993E-01 -5.19100E-02  5.13770E-01  8.35688E-01  9.81835E-01      -1.00000E+00  1.00000E+00
 -8.48750E-01 -1.21935E-01  4.70625E-01  8.19767E-01  9.80995E-01      -1.00000E+00  1.00000E+00
 -8.71710E-01 -2.07629E-01  3.96190E-01  7.92260E-01  9.77267E-01      -1.00000E+00  1.00000E+00
 -9.09625E-01 -3.14760E-01  3.18070E-01  7.59645E-01  9.74160E-01      -1.00000E+00  1.00000E+00
 -9.36235E-01 -4.63257E-01  1.74035E-01  6.92312E-01  9.65882E-01      -1.00000E+00  1.00000E+00


    1.   1.01   74. 183.84  2.00E+02  4.50E+01  6.72E-01  4.58E-01     5   0.00

  5.41930E+01  1.18310E+02  1.52280E+02  1.73370E+02  1.88890E+02       1.43730E-02  1.96100E+02

  4.70330E-01  6.62995E-01  7.85980E-01  8.82410E-01  9.63515E-01       9.24450E-03  1.00000E+00
  4.42300E-01  6.35995E-01  7.65985E-01  8.69750E-01  9.59325E-01       4.19540E-02  1.00000E+00
  4.15075E-01  6.09100E-01  7.42670E-01  8.54390E-01  9.53645E-01       8.55290E-03  1.00000E+00
  3.77175E-01  5.60485E-01  6.97740E-01  8.21435E-01  9.40790E-01       3.53280E-02  1.00000E+00
  2.57010E-01  4.20995E-01  5.66755E-01  7.20785E-01  8.96580E-01       4.01430E-03  9.99990E-01

 -9.52352E-01 -5.87978E-01 -2.05253E-03  5.87267E-01  9.51665E-01      -1.00000E+00  1.00000E+00
 -9.51547E-01 -5.85453E-01  1.40455E-02  5.92827E-01  9.52570E-01      -1.00000E+00  1.00000E+00
 -9.50690E-01 -5.85207E-01  4.15355E-03  5.90480E-01  9.51525E-01      -1.00000E+00  1.00000E+00
 -9.50377E-01 -5.81320E-01  7.33302E-03  5.93548E-01  9.51243E-01      -1.00000E+00  1.00000E+00
 -9.51300E-01 -5.89352E-01 -7.30082E-03  5.79485E-01  9.51098E-01      -1.00000E+00  1.00000E+00
 -9.51802E-01 -5.90938E-01 -9.89603E-03  5.78078E-01  9.49910E-01      -1.00000E+00  1.00000E+00
 -9.53002E-01 -5.96045E-01 -7.83960E-03  5.77983E-01  9.49008E-01      -1.00000E+00  1.00000E+00
 -9.50353E-01 -5.85252E-01  5.06888E-03  5.92718E-01  9.50693E-01      -1.00000E+00  1.00000E+00
 -9.51582E-01 -5.81320E-01  9.58025E-03  5.97555E-01  9.50808E-01      -1.00000E+00  1.00000E+00
 -9.51277E-01 -5.92337E-01  7.57750E-05  5.82353E-01  9.50210E-01      -1.00000E+00  1.00000E+00
 -9.43785E-01 -5.22957E-01  9.20167E-02  6.46062E-01  9.58987E-01      -1.00000E+00  1.00000E+00
 -9.41367E-01 -5.28335E-01  8.38985E-02  6.29920E-01  9.56723E-01      -1.00000E+00  1.00000E+00
 -9.40370E-01 -5.32373E-01  8.36825E-02  6.40215E-01  9.58870E-01      -1.00000E+00  1.00000E+00
 -9.46073E-01 -5.54492E-01  4.73063E-02  6.17970E-01  9.57442E-01      -1.00000E+00  1.00000E+00
 -9.48767E-01 -5.68205E-01  2.83267E-02  6.09127E-01  9.52075E-01      -1.00000E+00  1.00000E+00
 -8.91605E-01 -2.63637E-01  3.67830E-01  7.85620E-01  9.75295E-01      -1.00000E+00  1.00000E+00
 -9.01425E-01 -3.08993E-01  3.33142E-01  7.65972E-01  9.75025E-01      -1.00000E+00  1.00000E+00
 -9.08848E-01 -3.58718E-01  2.75690E-01  7.41117E-01  9.72168E-01      -1.00000E+00  1.00000E+00
 -9.24530E-01 -4.24260E-01  2.20600E-01  7.14020E-01  9.68825E-01      -1.00000E+00  1.00000E+00
 -9.36235E-01 -4.95903E-01  1.20196E-01  6.61545E-01  9.61813E-01      -1.00000E+00  1.00000E+00
 -4.95850E-01  3.36684E-01  7.35340E-01  9.17537E-01  9.91622E-01      -1.00000E+00  1.00000E+00
 -6.27285E-01  2.27097E-01  6.81150E-01  8.97417E-01  9.89165E-01      -1.00000E+00  1.00000E+00
 -6.97750E-01  1.32616E-01  6.23978E-01  8.76997E-01  9.86875E-01      -1.00000E+00  1.00000E+00
 -8.10190E-01 -3.38200E-02  5.27103E-01  8.41895E-01  9.81975E-01      -1.00000E+00  1.00000E+00
 -8.94690E-01 -2.83718E-01  3.34860E-01  7.62217E-01  9.74290E-01      -1.00000E+00  1.00000E+00


    1.   1.01   74. 183.84  2.00E+02  6.00E+01  7.41E-01  5.48E-01     5   0.00

  6.88510E+01  1.36400E+02  1.66500E+02  1.82630E+02  1.92260E+02       1.70790E-02  1.96810E+02

  4.66385E-01  6.59215E-01  7.83040E-01  8.80610E-01  9.63170E-01       7.85130E-03  1.00000E+00
  4.25000E-01  6.19815E-01  7.51705E-01  8.60205E-01  9.56080E-01       4.51930E-02  1.00000E+00
  3.76255E-01  5.60560E-01  6.97775E-01  8.21730E-01  9.40380E-01       2.71530E-02  1.00000E+00
  3.03600E-01  4.69500E-01  6.10410E-01  7.55290E-01  9.13325E-01       1.53780E-02  1.00000E+00
  1.90810E-01  3.26055E-01  4.60140E-01  6.18190E-01  8.36845E-01       1.51180E-03  9.99990E-01

 -9.51730E-01 -5.94897E-01 -1.23319E-02  5.89072E-01  9.51618E-01      -1.00000E+00  1.00000E+00
 -9.50013E-01 -5.93457E-01 -5.87133E-03  5.87163E-01  9.50580E-01      -1.00000E+00  1.00000E+00
 -9.52145E-01 -5.80123E-01  1.28490E-02  5.96370E-01  9.51917E-01      -1.00000E+00  1.00000E+00
 -9.46845E-01 -5.82685E-01  9.14175E-03  5.89722E-01  9.49880E-01      -1.00000E+00  1.00000E+00
 -9.53597E-01 -5.95140E-01 -2.64075E-03  5.88222E-01  9.50072E-01      -1.00000E+00  1.00000E+00
 -9.48535E-01 -5.66392E-01  4.42285E-02  6.06753E-01  9.53802E-01      -1.00000E+00  1.00000E+00
 -9.46430E-01 -5.61567E-01  3.80257E-02  6.11447E-01  9.55958E-01      -1.00000E+00  1.00000E+00
 -9.49420E-01 -5.72952E-01  3.02360E-02  6.00825E-01  9.53342E-01      -1.00000E+00  1.00000E+00
 -9.47298E-01 -5.78380E-01  2.23282E-02  5.98895E-01  9.51973E-01      -1.00000E+00  1.00000E+00
 -9.47972E-01 -5.72812E-01  1.37140E-02  5.96738E-01  9.51182E-01      -1.00000E+00  1.00000E+00
 -9.01063E-01 -3.14952E-01  3.20418E-01  7.61472E-01  9.74153E-01      -1.00000E+00  1.00000E+00
 -9.10930E-01 -3.53075E-01  2.75175E-01  7.41255E-01  9.72605E-01      -1.00000E+00  1.00000E+00
 -9.17428E-01 -3.84303E-01  2.49103E-01  7.25362E-01  9.68853E-01      -1.00000E+00  1.00000E+00
 -9.26875E-01 -4.46412E-01  1.95060E-01  7.03533E-01  9.66073E-01      -1.00000E+00  1.00000E+00
 -9.42678E-01 -5.19648E-01  9.00222E-02  6.50698E-01  9.60002E-01      -1.00000E+00  1.00000E+00
 -7.12603E-01  2.09653E-01  6.90445E-01  9.04505E-01  9.89900E-01      -1.00000E+00  1.00000E+00
 -7.47408E-01  1.41086E-01  6.49412E-01  8.89700E-01  9.88585E-01      -1.00000E+00  1.00000E+00
 -8.04785E-01  2.07938E-02  5.73303E-01  8.61277E-01  9.85695E-01      -1.00000E+00  1.00000E+00
 -8.61942E-01 -1.39072E-01  4.74058E-01  8.21485E-01  9.81323E-01      -1.00000E+00  1.00000E+00
 -9.13050E-01 -3.67348E-01  2.73413E-01  7.40687E-01  9.70910E-01      -1.00000E+00  1.00000E+00
  7.60525E-02  7.27313E-01  9.05680E-01  9.72792E-01  9.97308E-01      -1.00000E+00  1.00000E+00
 -6.28675E-02  6.38210E-01  8.67315E-01  9.60253E-01  9.95720E-01      -1.00000E+00  1.00000E+00
 -1.93157E-01  5.46312E-01  8.24495E-01  9.45070E-01  9.94587E-01      -1.00000E+00  1.00000E+00
 -3.25998E-01  3.93976E-01  7.56182E-01  9.26227E-01  9.92158E-01      -1.00000E+00  1.00000E+00
 -5.79319E-01  1.06193E-01  5.81758E-01  8.55435E-01  9.84058E-01      -1.00000E+00  1.00000E+00


    1.   1.01   74. 183.84  2.00E+02  7.00E+01  8.10E-01  6.50E-01     5   0.00

  9.05140E+01  1.57540E+02  1.80480E+02  1.89610E+02  1.94510E+02       1.22780E-02  1.97320E+02

  4.55170E-01  6.49375E-01  7.75410E-01  8.76115E-01  9.61575E-01       5.28690E-03  1.00000E+00
  3.87650E-01  5.74710E-01  7.11375E-01  8.32450E-01  9.44900E-01       1.78520E-02  9.99990E-01
  2.88870E-01  4.47630E-01  5.89145E-01  7.36970E-01  9.05135E-01       1.17880E-02  1.00000E+00
  2.07615E-01  3.37500E-01  4.71440E-01  6.38065E-01  8.60445E-01       4.03060E-03  1.00000E+00
  1.38599E-01  2.39475E-01  3.48455E-01  4.88490E-01  6.98270E-01       8.44760E-04  9.99900E-01

 -9.51717E-01 -5.85990E-01  2.74110E-03  5.87820E-01  9.52430E-01      -1.00000E+00  1.00000E+00
 -9.50415E-01 -5.86322E-01  2.71170E-03  5.84625E-01  9.50865E-01      -1.00000E+00  1.00000E+00
 -9.52282E-01 -5.87045E-01  4.47300E-04  5.81643E-01  9.50838E-01      -1.00000E+00  1.00000E+00
 -9.52253E-01 -5.89363E-01  1.86630E-03  5.84420E-01  9.49935E-01      -1.00000E+00  1.00000E+00
 -9.50285E-01 -5.90010E-01 -3.28108E-03  5.84975E-01  9.51790E-01      -1.00000E+00  1.00000E+00
 -9.21235E-01 -4.08850E-01  2.10792E-01  7.02683E-01  9.66150E-01      -1.00000E+00  1.00000E+00
 -9.24558E-01 -4.45515E-01  1.91616E-01  6.97555E-01  9.66437E-01      -1.00000E+00  1.00000E+00
 -9.30632E-01 -4.75403E-01  1.44933E-01  6.72885E-01  9.64370E-01      -1.00000E+00  1.00000E+00
 -9.34605E-01 -4.98740E-01  1.11663E-01  6.55493E-01  9.60763E-01      -1.00000E+00  1.00000E+00
 -9.43503E-01 -5.44647E-01  5.73175E-02  6.23352E-01  9.53937E-01      -1.00000E+00  1.00000E+00
 -6.98165E-01  2.27573E-01  7.01800E-01  9.10925E-01  9.90883E-01      -1.00000E+00  1.00000E+00
 -7.38275E-01  1.64881E-01  6.61178E-01  8.93813E-01  9.89183E-01      -1.00000E+00  1.00000E+00
 -7.97608E-01  3.23575E-02  5.88693E-01  8.69322E-01  9.86068E-01      -1.00000E+00  1.00000E+00
 -8.54187E-01 -1.31496E-01  4.73355E-01  8.21747E-01  9.81113E-01      -1.00000E+00  1.00000E+00
 -9.10247E-01 -3.51870E-01  2.83803E-01  7.34552E-01  9.71355E-01      -1.00000E+00  1.00000E+00
 -4.06830E-02  7.55077E-01  9.21698E-01  9.77803E-01  9.97807E-01      -1.00000E+00  1.00000E+00
 -2.51247E-01  6.50338E-01  8.81410E-01  9.65732E-01  9.96560E-01      -1.00000E+00  1.00000E+00
 -4.81155E-01  5.05398E-01  8.25388E-01  9.49060E-01  9.94803E-01      -1.00000E+00  1.00000E+00
 -7.07565E-01  2.61927E-01  7.19672E-01  9.16388E-01  9.91113E-01      -1.00000E+00  1.00000E+00
 -8.64800E-01 -1.50083E-01  4.52712E-01  8.17435E-01  9.81242E-01      -1.00000E+00  1.00000E+00
  6.90095E-01  9.08615E-01  9.68030E-01  9.90600E-01  9.99045E-01      -7.96310E-01  1.00000E+00
  5.99585E-01  8.77142E-01  9.54322E-01  9.86070E-01  9.98595E-01      -8.07290E-01  1.00000E+00
  5.12968E-01  8.22215E-01  9.30382E-01  9.78177E-01  9.97740E-01      -8.03540E-01  1.00000E+00
  4.21625E-01  7.56428E-01  9.01192E-01  9.67845E-01  9.96730E-01      -8.66670E-01  1.00000E+00
  1.72451E-01  6.32247E-01  8.36480E-01  9.46897E-01  9.94347E-01      -1.00000E+00  1.00000E+00


    1.   1.01   74. 183.84  2.00E+02  8.00E+01  9.28E-01  8.44E-01     5   0.00

  1.55690E+02  1.88400E+02  1.92660E+02  1.95170E+02  1.96680E+02       2.04740E-02  1.98170E+02

  3.62120E-01  5.44880E-01  6.85390E-01  8.13655E-01  9.37940E-01       2.23750E-03  1.00000E+00
  1.72395E-01  2.76335E-01  3.93975E-01  5.59495E-01  8.17240E-01       3.08750E-03  9.99990E-01
  1.50270E-01  2.48910E-01  3.67315E-01  5.44315E-01  8.16985E-01       2.21270E-04  1.00000E+00
  1.24970E-01  2.05265E-01  2.88525E-01  4.01065E-01  5.93810E-01       6.21160E-04  9.91390E-01
  6.47460E-02  1.06153E-01  1.46085E-01  2.01785E-01  3.05210E-01       1.14830E-04  6.95540E-01

 -8.91380E-01 -2.79396E-01  3.18389E-01  7.45568E-01  9.71677E-01      -1.00000E+00  1.00000E+00
 -9.08090E-01 -3.54277E-01  2.54863E-01  7.24423E-01  9.67978E-01      -1.00000E+00  1.00000E+00
 -9.21060E-01 -4.15232E-01  2.03982E-01  6.97868E-01  9.65865E-01      -1.00000E+00  1.00000E+00
 -9.30345E-01 -4.69295E-01  1.49232E-01  6.71887E-01  9.61332E-01      -1.00000E+00  1.00000E+00
 -9.40132E-01 -5.25560E-01  8.34852E-02  6.33217E-01  9.56433E-01      -1.00000E+00  1.00000E+00
  1.91845E-01  8.44435E-01  9.55002E-01  9.88090E-01  9.98850E-01      -1.00000E+00  1.00000E+00
 -2.00925E-02  7.57918E-01  9.25425E-01  9.79510E-01  9.97960E-01      -1.00000E+00  1.00000E+00
 -2.94304E-01  6.32128E-01  8.78713E-01  9.65592E-01  9.96557E-01      -1.00000E+00  1.00000E+00
 -6.16835E-01  3.72770E-01  7.78978E-01  9.35885E-01  9.93615E-01      -1.00000E+00  1.00000E+00
 -8.58715E-01 -1.19697E-01  4.91287E-01  8.35622E-01  9.82487E-01      -1.00000E+00  1.00000E+00
  7.07707E-01  9.46135E-01  9.82712E-01  9.95113E-01  9.99495E-01      -9.99950E-01  1.00000E+00
  5.36932E-01  9.00723E-01  9.67575E-01  9.90448E-01  9.99035E-01      -1.00000E+00  1.00000E+00
  2.91557E-01  8.08347E-01  9.36647E-01  9.81925E-01  9.98177E-01      -1.00000E+00  1.00000E+00
  1.40500E-03  6.22933E-01  8.60192E-01  9.58742E-01  9.95767E-01      -1.00000E+00  1.00000E+00
 -4.06865E-01  2.75070E-01  6.57658E-01  8.84987E-01  9.87617E-01      -1.00000E+00  1.00000E+00
  8.68130E-01  9.62488E-01  9.86987E-01  9.96178E-01  9.99613E-01       4.29810E-02  1.00000E+00
  8.33110E-01  9.47477E-01  9.80055E-01  9.93870E-01  9.99370E-01       9.31390E-03  1.00000E+00
  7.97157E-01  9.30375E-01  9.72735E-01  9.91650E-01  9.99127E-01       1.05420E-02  1.00000E+00
  7.55798E-01  9.05730E-01  9.62680E-01  9.88212E-01  9.98775E-01       2.63050E-02  1.00000E+00
  7.16252E-01  8.83282E-01  9.49640E-01  9.83670E-01  9.98273E-01       4.64270E-02  1.00000E+00
  9.72355E-01  9.90258E-01  9.96045E-01  9.98730E-01  9.99865E-01       6.78100E-01  1.00000E+00
  9.68102E-01  9.89132E-01  9.95593E-01  9.98598E-01  9.99855E-01       6.61310E-01  1.00000E+00
  9.59240E-01  9.85985E-01  9.94470E-01  9.98232E-01  9.99823E-01       6.45360E-01  1.00000E+00
  9.47830E-01  9.79863E-01  9.91790E-01  9.97392E-01  9.99733E-01       6.75290E-01  1.00000E+00
  9.46327E-01  9.77455E-01  9.90142E-01  9.96777E-01  9.99650E-01       7.06040E-01  1.00000E+00


    1.   1.01   74. 183.84  2.00E+02  8.50E+01  9.90E-01  9.60E-01     5   0.00

  1.90940E+02  1.95100E+02  1.96370E+02  1.97070E+02  1.97670E+02       3.62430E-02  1.98570E+02

  1.24255E-01  2.35165E-01  3.74030E-01  5.86235E-01  8.63355E-01       3.45010E-04  1.00000E+00
  9.98710E-02  1.97510E-01  3.01245E-01  4.36470E-01  6.21685E-01       7.89280E-04  9.99950E-01
  8.34505E-02  1.48465E-01  2.00150E-01  2.63355E-01  3.76005E-01       6.16430E-05  7.66680E-01
  6.96440E-02  1.04487E-01  1.33620E-01  1.71025E-01  2.43430E-01       3.36040E-04  5.20350E-01
  3.27430E-02  5.61485E-02  7.63755E-02  1.01402E-01  1.47500E-01       2.31320E-04  3.00360E-01

  6.53355E-01  9.58527E-01  9.89422E-01  9.97303E-01  9.99737E-01      -1.00000E+00  1.00000E+00
  2.01462E-01  8.45778E-01  9.60322E-01  9.89805E-01  9.99000E-01      -1.00000E+00  1.00000E+00
 -1.74208E-01  5.89433E-01  8.79350E-01  9.69178E-01  9.97135E-01      -1.00000E+00  1.00000E+00
 -4.42400E-01  2.08242E-01  6.77930E-01  9.08455E-01  9.91232E-01      -1.00000E+00  1.00000E+00
 -7.16023E-01 -9.83475E-02  4.28025E-01  7.96227E-01  9.78690E-01      -1.00000E+00  1.00000E+00
  9.42045E-01  9.88533E-01  9.96345E-01  9.98953E-01  9.99892E-01      -5.02400E-02  1.00000E+00
  8.56818E-01  9.59047E-01  9.86170E-01  9.96120E-01  9.99605E-01      -1.52520E-01  1.00000E+00
  8.02108E-01  9.28180E-01  9.72820E-01  9.91900E-01  9.99170E-01      -1.46200E-01  1.00000E+00
  7.72545E-01  9.03580E-01  9.59352E-01  9.87100E-01  9.98630E-01      -1.66320E-01  1.00000E+00
  7.69863E-01  9.03425E-01  9.57825E-01  9.86145E-01  9.98545E-01      -6.64260E-01  1.00000E+00
  9.72283E-01  9.91625E-01  9.96978E-01  9.99107E-01  9.99910E-01       6.62980E-01  1.00000E+00
  9.59968E-01  9.85157E-01  9.93952E-01  9.98075E-01  9.99798E-01       6.22210E-01  1.00000E+00
  9.54502E-01  9.83825E-01  9.93428E-01  9.97855E-01  9.99767E-01       6.47710E-01  1.00000E+00
  9.45360E-01  9.80160E-01  9.91950E-01  9.97408E-01  9.99727E-01       6.25810E-01  1.00000E+00
  9.42720E-01  9.75968E-01  9.89750E-01  9.96670E-01  9.99645E-01       6.87440E-01  1.00000E+00
  9.85000E-01  9.94088E-01  9.97507E-01  9.99205E-01  9.99915E-01       8.98110E-01  1.00000E+00
  9.85490E-01  9.94545E-01  9.97710E-01  9.99242E-01  9.99920E-01       8.83220E-01  1.00000E+00
  9.83880E-01  9.94295E-01  9.97685E-01  9.99260E-01  9.99922E-01       8.24140E-01  1.00000E+00
  9.79920E-01  9.92778E-01  9.97085E-01  9.99065E-01  9.99905E-01       8.58520E-01  1.00000E+00
  9.77383E-01  9.90715E-01  9.96080E-01  9.98720E-01  9.99867E-01       8.65520E-01  1.00000E+00
  9.94575E-01  9.97912E-01  9.99117E-01  9.99715E-01  9.99970E-01       9.54240E-01  1.00000E+00
  9.94232E-01  9.97847E-01  9.99112E-01  9.99717E-01  9.99970E-01       9.52630E-01  1.00000E+00
  9.93443E-01  9.97602E-01  9.99012E-01  9.99685E-01  9.99970E-01       9.43680E-01  1.00000E+00
  9.91977E-01  9.97060E-01  9.98807E-01  9.99618E-01  9.99960E-01       9.46070E-01  1.00000E+00
  9.90875E-01  9.96315E-01  9.98430E-01  9.99485E-01  9.99945E-01       9.52050E-01  1.00000E+00


    1.   1.01   74. 183.84  5.00E+02  0.00E+00  5.35E-01  3.14E-01     5   0.00

  9.11110E+01  2.26590E+02  3.17800E+02  3.86650E+02  4.49640E+02       2.11450E-02  4.86390E+02

  4.61040E-01  6.56905E-01  7.82515E-01  8.81185E-01  9.63375E-01       8.79690E-03  1.00000E+00
  4.28745E-01  6.32485E-01  7.64735E-01  8.70125E-01  9.59350E-01       5.15560E-02  1.00000E+00
  4.14540E-01  6.19180E-01  7.54415E-01  8.64235E-01  9.57630E-01       3.58830E-02  1.00000E+00
  3.98200E-01  5.99030E-01  7.37050E-01  8.51685E-01  9.52620E-01       5.97660E-02  1.00000E+00
  3.18790E-01  5.10560E-01  6.59920E-01  7.98170E-01  9.33725E-01       1.78010E-02  1.00000E+00

 -9.49372E-01 -5.82738E-01  3.75850E-03  5.88285E-01  9.52620E-01      -1.00000E+00  1.00000E+00
 -9.52500E-01 -5.91973E-01 -1.11657E-02  5.77192E-01  9.51477E-01      -1.00000E+00  1.00000E+00
 -9.50875E-01 -5.93410E-01 -7.33533E-03  5.84675E-01  9.51690E-01      -1.00000E+00  1.00000E+00
 -9.51658E-01 -5.84120E-01 -2.26560E-03  5.84170E-01  9.51200E-01      -1.00000E+00  1.00000E+00
 -9.52120E-01 -5.91398E-01 -1.03508E-02  5.82268E-01  9.50013E-01      -1.00000E+00  1.00000E+00
 -9.53938E-01 -5.97468E-01 -8.15090E-03  5.82512E-01  9.51465E-01      -1.00000E+00  1.00000E+00
 -9.51230E-01 -5.91895E-01  7.07952E-03  5.81670E-01  9.50150E-01      -1.00000E+00  1.00000E+00
 -9.51383E-01 -5.86747E-01  2.40005E-03  5.91000E-01  9.50368E-01      -1.00000E+00  1.00000E+00
 -9.51533E-01 -5.86595E-01  1.00082E-03  5.89932E-01  9.49618E-01      -1.00000E+00  1.00000E+00
 -9.51238E-01 -5.88092E-01 -2.38102E-03  5.95575E-01  9.53010E-01      -1.00000E+00  1.00000E+00
 -9.50877E-01 -5.93158E-01 -8.84097E-03  5.75093E-01  9.49472E-01      -1.00000E+00  1.00000E+00
 -9.48845E-01 -5.78150E-01  7.32060E-03  5.84400E-01  9.48233E-01      -1.00000E+00  1.00000E+00
 -9.48133E-01 -5.86242E-01 -3.52530E-03  5.87375E-01  9.52387E-01      -1.00000E+00  1.00000E+00
 -9.49632E-01 -5.87197E-01  1.04702E-02  5.95090E-01  9.50090E-01      -1.00000E+00  1.00000E+00
 -9.51902E-01 -5.89105E-01  4.62120E-03  5.91320E-01  9.49690E-01      -1.00000E+00  1.00000E+00
 -9.51562E-01 -5.88085E-01 -2.87050E-04  5.82867E-01  9.51230E-01      -1.00000E+00  1.00000E+00
 -9.53675E-01 -5.91442E-01 -7.37839E-03  5.77195E-01  9.49437E-01      -1.00000E+00  1.00000E+00
 -9.49995E-01 -5.89265E-01  1.61757E-03  5.82625E-01  9.52105E-01      -1.00000E+00  1.00000E+00
 -9.48365E-01 -5.85043E-01  1.48505E-04  5.93305E-01  9.52580E-01      -1.00000E+00  1.00000E+00
 -9.54370E-01 -5.99788E-01 -1.52871E-02  5.72315E-01  9.49695E-01      -1.00000E+00  1.00000E+00
 -9.50330E-01 -5.81025E-01  1.19910E-02  5.94997E-01  9.49432E-01      -1.00000E+00  1.00000E+00
 -9.52165E-01 -5.88145E-01 -3.78555E-03  5.82148E-01  9.47845E-01      -1.00000E+00  1.00000E+00
 -9.51500E-01 -5.85732E-01  4.05060E-03  5.85582E-01  9.50947E-01      -1.00000E+00  1.00000E+00
 -9.53458E-01 -5.93310E-01 -8.92238E-03  5.84677E-01  9.50380E-01      -1.00000E+00  1.00000E+00
 -9.52065E-01 -5.90320E-01 -6.96675E-03  5.89060E-01  9.51565E-01      -1.00000E+00  1.00000E+00


    1.   1.01   74. 183.84  5.00E+02  3.00E+01  5.74E-01  3.51E-01     5   0.00

  1.01460E+02  2.44150E+02  3.34730E+02  3.99990E+02  4.56700E+02       7.38020E-03  4.89680E+02

  4.58475E-01  6.54340E-01  7.80515E-01  8.79335E-01  9.62515E-01       1.36590E-02  1.00000E+00
  4.25125E-01  6.29570E-01  7.62640E-01  8.68940E-01  9.59180E-01       4.89300E-02  1.00000E+00
  4.10205E-01  6.12840E-01  7.49475E-01  8.60300E-01  9.55825E-01       5.86080E-02  1.00000E+00
  3.86455E-01  5.82450E-01  7.20005E-01  8.39200E-01  9.48035E-01       4.76130E-02  1.00000E+00
  2.97700E-01  4.81520E-01  6.31180E-01  7.75450E-01  9.22545E-01       1.88170E-02  1.00000E+00

 -9.50595E-01 -5.83353E-01  6.29618E-03  5.88692E-01  9.50430E-01      -1.00000E+00  1.00000E+00
 -9.50942E-01 -5.83708E-01  4.88548E-03  5.88150E-01  9.51270E-01      -1.00000E+00  1.00000E+00
 -9.51533E-01 -5.88688E-01  4.12219E-03  5.87163E-01  9.48743E-01      -1.00000E+00  1.00000E+00
 -9.52678E-01 -5.89622E-01  1.79775E-03  5.90257E-01  9.50430E-01      -1.00000E+00  1.00000E+00
 -9.50603E-01 -5.78712E-01  1.85160E-02  5.90002E-01  9.52400E-01      -1.00000E+00  1.00000E+00
 -9.51197E-01 -5.90375E-01 -5.96966E-03  5.81920E-01  9.50187E-01      -1.00000E+00  1.00000E+00
 -9.51128E-01 -5.94973E-01 -7.64385E-03  5.84115E-01  9.51585E-01      -1.00000E+00  1.00000E+00
 -9.52363E-01 -5.94363E-01  3.46015E-03  5.93615E-01  9.50760E-01      -1.00000E+00  1.00000E+00
 -9.49582E-01 -5.85035E-01  1.01369E-02  5.93102E-01  9.52063E-01      -1.00000E+00  1.00000E+00
 -9.50505E-01 -5.91058E-01 -9.62575E-03  5.84577E-01  9.50775E-01      -1.00000E+00  1.00000E+00
 -9.47008E-01 -5.59375E-01  5.04670E-02  6.14585E-01  9.55602E-01      -1.00000E+00  1.00000E+00
 -9.48480E-01 -5.59863E-01  3.75700E-02  6.20125E-01  9.55605E-01      -1.00000E+00  1.00000E+00
 -9.47370E-01 -5.63070E-01  3.84533E-02  6.05915E-01  9.52037E-01      -1.00000E+00  1.00000E+00
 -9.49933E-01 -5.74313E-01  1.98739E-02  6.07023E-01  9.53465E-01      -1.00000E+00  1.00000E+00
 -9.48622E-01 -5.75860E-01  6.18890E-03  5.89627E-01  9.51170E-01      -1.00000E+00  1.00000E+00
 -9.27050E-01 -4.40752E-01  1.92580E-01  7.00135E-01  9.65368E-01      -1.00000E+00  1.00000E+00
 -9.27577E-01 -4.52958E-01  1.75943E-01  6.90315E-01  9.65995E-01      -1.00000E+00  1.00000E+00
 -9.34145E-01 -4.79737E-01  1.47945E-01  6.76673E-01  9.63290E-01      -1.00000E+00  1.00000E+00
 -9.41900E-01 -5.10545E-01  1.09043E-01  6.51795E-01  9.60810E-01      -1.00000E+00  1.00000E+00
 -9.43270E-01 -5.42233E-01  6.64882E-02  6.27257E-01  9.55577E-01      -1.00000E+00  1.00000E+00
 -8.28188E-01 -9.08110E-02  4.92988E-01  8.34963E-01  9.82015E-01      -1.00000E+00  1.00000E+00
 -8.60620E-01 -1.57459E-01  4.50630E-01  8.08545E-01  9.78850E-01      -1.00000E+00  1.00000E+00
 -8.80245E-01 -2.28370E-01  3.91265E-01  7.90255E-01  9.76520E-01      -1.00000E+00  1.00000E+00
 -9.09930E-01 -3.41150E-01  3.04968E-01  7.56045E-01  9.72257E-01      -1.00000E+00  1.00000E+00
 -9.35560E-01 -4.74205E-01  1.60174E-01  6.87877E-01  9.65585E-01      -1.00000E+00  1.00000E+00


    1.   1.01   74. 183.84  5.00E+02  4.50E+01  6.22E-01  4.02E-01     5   0.00

  1.17160E+02  2.68800E+02  3.57390E+02  4.17120E+02  4.65330E+02       9.13070E-03  4.91480E+02

  4.55175E-01  6.51335E-01  7.77780E-01  8.78035E-01  9.61955E-01       1.65000E-02  1.00000E+00
  4.16890E-01  6.20650E-01  7.56060E-01  8.64350E-01  9.57635E-01       2.88690E-02  1.00000E+00
  3.94915E-01  5.96265E-01  7.35240E-01  8.49580E-01  9.52225E-01       4.84330E-02  1.00000E+00
  3.58865E-01  5.49835E-01  6.92275E-01  8.18785E-01  9.39705E-01       4.48240E-02  1.00000E+00
  2.62085E-01  4.33290E-01  5.81975E-01  7.34675E-01  9.03445E-01       9.77860E-04  9.99990E-01

 -9.48455E-01 -5.81925E-01  1.86650E-03  5.91068E-01  9.53013E-01      -1.00000E+00  1.00000E+00
 -9.51575E-01 -5.85535E-01  4.98505E-03  5.96773E-01  9.54117E-01      -1.00000E+00  1.00000E+00
 -9.50850E-01 -5.85067E-01  7.41923E-03  5.91287E-01  9.51110E-01      -1.00000E+00  1.00000E+00
 -9.49648E-01 -5.80263E-01  7.59673E-03  5.87573E-01  9.49655E-01      -1.00000E+00  1.00000E+00
 -9.50635E-01 -5.94155E-01 -1.17768E-02  5.86275E-01  9.51135E-01      -1.00000E+00  1.00000E+00
 -9.49695E-01 -5.78360E-01  6.66177E-03  5.94143E-01  9.51915E-01      -1.00000E+00  1.00000E+00
 -9.52830E-01 -5.84425E-01  1.55782E-02  5.99588E-01  9.51407E-01      -1.00000E+00  1.00000E+00
 -9.47790E-01 -5.80500E-01  9.31920E-03  5.93330E-01  9.51923E-01      -1.00000E+00  1.00000E+00
 -9.50780E-01 -5.83238E-01  7.99428E-04  5.86998E-01  9.52280E-01      -1.00000E+00  1.00000E+00
 -9.49675E-01 -5.77990E-01  3.83812E-03  5.92995E-01  9.52717E-01      -1.00000E+00  1.00000E+00
 -9.40342E-01 -5.09067E-01  1.09345E-01  6.62570E-01  9.60757E-01      -1.00000E+00  1.00000E+00
 -9.41423E-01 -5.21890E-01  9.31855E-02  6.43880E-01  9.60305E-01      -1.00000E+00  1.00000E+00
 -9.41460E-01 -5.37205E-01  7.82530E-02  6.37790E-01  9.59395E-01      -1.00000E+00  1.00000E+00
 -9.42365E-01 -5.42620E-01  6.47265E-02  6.29180E-01  9.57515E-01      -1.00000E+00  1.00000E+00
 -9.47600E-01 -5.64122E-01  3.16137E-02  6.08378E-01  9.55760E-01      -1.00000E+00  1.00000E+00
 -8.88605E-01 -2.56115E-01  3.79893E-01  7.87170E-01  9.76950E-01      -1.00000E+00  1.00000E+00
 -8.98872E-01 -3.02010E-01  3.36433E-01  7.72795E-01  9.74378E-01      -1.00000E+00  1.00000E+00
 -9.12600E-01 -3.49793E-01  3.01075E-01  7.53728E-01  9.72675E-01      -1.00000E+00  1.00000E+00
 -9.20190E-01 -4.12740E-01  2.21890E-01  7.10800E-01  9.68680E-01      -1.00000E+00  1.00000E+00
 -9.35150E-01 -4.87152E-01  1.33708E-01  6.64215E-01  9.62330E-01      -1.00000E+00  1.00000E+00
 -5.92485E-01  2.93814E-01  7.16215E-01  9.08832E-01  9.90558E-01      -1.00000E+00  1.00000E+00
 -6.84275E-01  1.98710E-01  6.63807E-01  8.93200E-01  9.88773E-01      -1.00000E+00  1.00000E+00
 -7.70303E-01  6.10942E-02  5.90645E-01  8.69075E-01  9.86088E-01      -1.00000E+00  1.00000E+00
 -8.46545E-01 -8.80716E-02  4.97522E-01  8.30215E-01  9.81580E-01      -1.00000E+00  1.00000E+00
 -9.09125E-01 -3.33150E-01  2.99230E-01  7.49705E-01  9.72555E-01      -1.00000E+00  1.00000E+00


    1.   1.01   74. 183.84  5.00E+02  6.00E+01  6.91E-01  4.85E-01     5   0.00

  1.46310E+02  3.09490E+02  3.92380E+02  4.41930E+02  4.76500E+02       1.10060E-02  4.93100E+02

  4.50585E-01  6.48520E-01  7.75610E-01  8.76620E-01  9.61585E-01       1.36680E-02  1.00000E+00
  4.05040E-01  6.06940E-01  7.44585E-01  8.56380E-01  9.54465E-01       3.34630E-02  1.00000E+00
  3.61000E-01  5.54770E-01  6.97895E-01  8.23295E-01  9.41855E-01       3.53940E-02  1.00000E+00
  3.06050E-01  4.78325E-01  6.21615E-01  7.65135E-01  9.17950E-01       3.27280E-02  1.00000E+00
  1.99870E-01  3.43565E-01  4.85460E-01  6.49105E-01  8.60875E-01       2.64910E-03  1.00000E+00

 -9.48980E-01 -5.82172E-01  1.40737E-03  5.81732E-01  9.50943E-01      -1.00000E+00  1.00000E+00
 -9.52305E-01 -5.86622E-01 -2.07208E-03  5.84080E-01  9.49095E-01      -1.00000E+00  1.00000E+00
 -9.50935E-01 -5.85010E-01  6.53691E-04  5.84850E-01  9.50527E-01      -1.00000E+00  1.00000E+00
 -9.50195E-01 -5.86815E-01  5.76955E-03  5.91993E-01  9.49867E-01      -1.00000E+00  1.00000E+00
 -9.50325E-01 -5.87078E-01  6.91500E-05  5.84777E-01  9.51170E-01      -1.00000E+00  1.00000E+00
 -9.48533E-01 -5.62205E-01  4.00098E-02  6.09880E-01  9.54143E-01      -1.00000E+00  1.00000E+00
 -9.49483E-01 -5.61087E-01  2.83297E-02  6.10418E-01  9.53695E-01      -1.00000E+00  1.00000E+00
 -9.47990E-01 -5.68483E-01  2.81800E-02  6.04445E-01  9.53330E-01      -1.00000E+00  1.00000E+00
 -9.45295E-01 -5.61260E-01  2.21205E-02  6.02955E-01  9.53055E-01      -1.00000E+00  1.00000E+00
 -9.50323E-01 -5.87135E-01  1.05708E-02  5.94658E-01  9.52535E-01      -1.00000E+00  1.00000E+00
 -9.05700E-01 -3.22455E-01  3.09478E-01  7.50533E-01  9.72492E-01      -1.00000E+00  1.00000E+00
 -9.08563E-01 -3.38857E-01  2.98385E-01  7.48250E-01  9.72422E-01      -1.00000E+00  1.00000E+00
 -9.21527E-01 -4.08625E-01  2.26692E-01  7.14587E-01  9.66548E-01      -1.00000E+00  1.00000E+00
 -9.27425E-01 -4.60842E-01  1.80125E-01  6.89728E-01  9.65533E-01      -1.00000E+00  1.00000E+00
 -9.41422E-01 -5.18520E-01  9.60618E-02  6.48140E-01  9.58987E-01      -1.00000E+00  1.00000E+00
 -7.17640E-01  1.91106E-01  6.75493E-01  8.99220E-01  9.89517E-01      -1.00000E+00  1.00000E+00
 -7.52550E-01  1.09674E-01  6.22625E-01  8.80872E-01  9.87668E-01      -1.00000E+00  1.00000E+00
 -8.19370E-01 -2.81807E-02  5.49272E-01  8.52418E-01  9.84418E-01      -1.00000E+00  1.00000E+00
 -8.67545E-01 -1.62203E-01  4.47690E-01  8.14765E-01  9.80655E-01      -1.00000E+00  1.00000E+00
 -9.16197E-01 -3.70273E-01  2.65452E-01  7.36547E-01  9.71820E-01      -1.00000E+00  1.00000E+00
 -1.18550E-02  6.90342E-01  8.89665E-01  9.67292E-01  9.96663E-01      -1.00000E+00  1.00000E+00
 -1.80470E-01  5.96645E-01  8.51213E-01  9.55285E-01  9.95395E-01      -1.00000E+00  1.00000E+00
 -3.38858E-01  4.75727E-01  7.98822E-01  9.36905E-01  9.93555E-01      -1.00000E+00  1.00000E+00
 -5.32390E-01  3.25328E-01  7.19383E-01  9.12760E-01  9.90978E-01      -1.00000E+00  1.00000E+00
 -8.00048E-01 -4.79202E-02  5.10108E-01  8.35220E-01  9.83003E-01      -1.00000E+00  1.00000E+00


    1.   1.01   74. 183.84  5.00E+02  7.00E+01  7.56E-01  5.73E-01     5   0.00

  1.84360E+02  3.54740E+02  4.27120E+02  4.63250E+02  4.83910E+02       3.67130E-02  4.94090E+02

  4.40840E-01  6.40350E-01  7.69950E-01  8.72700E-01  9.60420E-01       2.83420E-02  1.00000E+00
  3.79810E-01  5.77975E-01  7.18800E-01  8.38810E-01  9.48025E-01       4.70690E-02  1.00000E+00
  3.05160E-01  4.76680E-01  6.20430E-01  7.64150E-01  9.17510E-01       1.47050E-02  1.00000E+00
  2.27275E-01  3.70130E-01  5.09480E-01  6.71465E-01  8.73615E-01       1.09930E-02  9.99990E-01
  1.41140E-01  2.50685E-01  3.72545E-01  5.32425E-01  7.77000E-01       2.55380E-03  9.99990E-01

 -9.50672E-01 -5.85560E-01 -8.17625E-04  5.85755E-01  9.49693E-01      -1.00000E+00  1.00000E+00
 -9.50143E-01 -5.86420E-01  4.00768E-03  5.95303E-01  9.52022E-01      -1.00000E+00  1.00000E+00
 -9.51717E-01 -5.92685E-01 -3.77115E-03  5.92492E-01  9.52635E-01      -1.00000E+00  1.00000E+00
 -9.52010E-01 -5.90485E-01  3.21653E-03  5.89042E-01  9.50242E-01      -1.00000E+00  1.00000E+00
 -9.48545E-01 -5.87012E-01  2.48260E-03  5.90963E-01  9.51738E-01      -1.00000E+00  1.00000E+00
 -9.32778E-01 -4.55498E-01  1.60280E-01  6.81645E-01  9.63278E-01      -1.00000E+00  1.00000E+00
 -9.33523E-01 -4.81183E-01  1.39440E-01  6.67280E-01  9.61297E-01      -1.00000E+00  1.00000E+00
 -9.38695E-01 -5.11190E-01  1.07740E-01  6.55458E-01  9.60175E-01      -1.00000E+00  1.00000E+00
 -9.42745E-01 -5.31190E-01  7.71997E-02  6.30788E-01  9.59490E-01      -1.00000E+00  1.00000E+00
 -9.45610E-01 -5.59022E-01  4.30974E-02  6.17067E-01  9.55688E-01      -1.00000E+00  1.00000E+00
 -7.48795E-01  1.19232E-01  6.31170E-01  8.85595E-01  9.88090E-01      -1.00000E+00  1.00000E+00
 -8.01320E-01  2.18025E-02  5.74545E-01  8.64902E-01  9.85905E-01      -1.00000E+00  1.00000E+00
 -8.30388E-01 -9.23877E-02  4.99103E-01  8.35298E-01  9.82155E-01      -1.00000E+00  1.00000E+00
 -8.79622E-01 -2.20716E-01  4.03345E-01  7.92513E-01  9.77530E-01      -1.00000E+00  1.00000E+00
 -9.22778E-01 -4.13755E-01  2.27532E-01  7.13032E-01  9.68015E-01      -1.00000E+00  1.00000E+00
 -2.29416E-01  6.44082E-01  8.78790E-01  9.64793E-01  9.96507E-01      -1.00000E+00  1.00000E+00
 -3.55390E-01  5.52645E-01  8.36258E-01  9.52595E-01  9.95235E-01      -1.00000E+00  1.00000E+00
 -5.47000E-01  4.17180E-01  7.81845E-01  9.33492E-01  9.93437E-01      -1.00000E+00  1.00000E+00
 -7.03398E-01  2.05447E-01  6.82565E-01  9.01012E-01  9.89895E-01      -1.00000E+00  1.00000E+00
 -8.58470E-01 -1.65812E-01  4.44620E-01  8.10360E-01  9.79625E-01      -1.00000E+00  1.00000E+00
  5.59213E-01  8.95430E-01  9.64427E-01  9.89557E-01  9.98973E-01      -1.00000E+00  1.00000E+00
  3.99146E-01  8.38353E-01  9.43397E-01  9.83238E-01  9.98282E-01      -1.00000E+00  1.00000E+00
  1.85220E-01  7.51003E-01  9.12525E-01  9.74538E-01  9.97410E-01      -1.00000E+00  1.00000E+00
 -5.70000E-03  6.17378E-01  8.57515E-01  9.56030E-01  9.95450E-01      -1.00000E+00  1.00000E+00
 -2.85860E-01  2.90300E-01  6.77273E-01  8.92290E-01  9.88735E-01      -1.00000E+00  1.00000E+00


    1.   1.01   74. 183.84  5.00E+02  8.00E+01  8.68E-01  7.49E-01     5   0.00

  2.95270E+02  4.45280E+02  4.74350E+02  4.84190E+02  4.90570E+02       1.84380E-02  4.95120E+02

  4.03870E-01  6.03415E-01  7.39940E-01  8.53580E-01  9.53180E-01       9.19060E-03  1.00000E+00
  2.35465E-01  3.82460E-01  5.23310E-01  6.83005E-01  8.80730E-01       1.21310E-02  1.00000E+00
  1.39650E-01  2.27910E-01  3.36365E-01  5.00475E-01  7.80895E-01       6.74420E-04  1.00000E+00
  1.19605E-01  1.97430E-01  2.96980E-01  4.57650E-01  7.46130E-01       2.67730E-04  9.99990E-01
  7.00995E-02  1.18325E-01  1.78100E-01  2.71075E-01  4.44505E-01       2.19410E-04  9.60840E-01

 -9.40845E-01 -5.18728E-01  9.92752E-02  6.47738E-01  9.60328E-01      -1.00000E+00  1.00000E+00
 -9.40265E-01 -5.28675E-01  8.25880E-02  6.36095E-01  9.57242E-01      -1.00000E+00  1.00000E+00
 -9.43342E-01 -5.40077E-01  6.35504E-02  6.28312E-01  9.56417E-01      -1.00000E+00  1.00000E+00
 -9.46858E-01 -5.56295E-01  4.56306E-02  6.16340E-01  9.54530E-01      -1.00000E+00  1.00000E+00
 -9.47952E-01 -5.66987E-01  2.70231E-02  6.06897E-01  9.54827E-01      -1.00000E+00  1.00000E+00
 -4.86158E-01  4.45103E-01  7.99957E-01  9.41102E-01  9.94212E-01      -1.00000E+00  1.00000E+00
 -5.88033E-01  3.29238E-01  7.37857E-01  9.21368E-01  9.92270E-01      -1.00000E+00  1.00000E+00
 -6.93002E-01  1.77354E-01  6.60768E-01  8.90018E-01  9.88252E-01      -1.00000E+00  1.00000E+00
 -7.96728E-01  2.92250E-03  5.51702E-01  8.54705E-01  9.84850E-01      -1.00000E+00  1.00000E+00
 -8.97755E-01 -2.88677E-01  3.35153E-01  7.62347E-01  9.73588E-01      -1.00000E+00  1.00000E+00
  5.68245E-01  9.24788E-01  9.76747E-01  9.93570E-01  9.99370E-01      -1.00000E+00  1.00000E+00
  3.99407E-01  8.79150E-01  9.61830E-01  9.88918E-01  9.98875E-01      -1.00000E+00  1.00000E+00
  1.08080E-01  7.90935E-01  9.31875E-01  9.80212E-01  9.98065E-01      -1.00000E+00  1.00000E+00
 -3.36894E-01  6.03385E-01  8.62295E-01  9.59398E-01  9.95893E-01      -1.00000E+00  1.00000E+00
 -7.80195E-01  5.11575E-02  5.94718E-01  8.73970E-01  9.86850E-01      -1.00000E+00  1.00000E+00
  8.39592E-01  9.64970E-01  9.88075E-01  9.96555E-01  9.99650E-01      -1.00000E+00  1.00000E+00
  7.49972E-01  9.42087E-01  9.80103E-01  9.94230E-01  9.99420E-01      -1.00000E+00  1.00000E+00
  5.78055E-01  8.94858E-01  9.63695E-01  9.89247E-01  9.98900E-01      -1.00000E+00  1.00000E+00
  2.67277E-01  7.70983E-01  9.19560E-01  9.76102E-01  9.97475E-01      -1.00000E+00  1.00000E+00
 -1.68045E-01  4.53918E-01  7.64317E-01  9.23957E-01  9.92175E-01      -1.00000E+00  1.00000E+00
  9.64640E-01  9.89597E-01  9.96023E-01  9.98785E-01  9.99875E-01       2.40300E-01  1.00000E+00
  9.41002E-01  9.83232E-01  9.93797E-01  9.98093E-01  9.99803E-01       2.48120E-01  1.00000E+00
  9.01993E-01  9.70830E-01  9.89255E-01  9.96775E-01  9.99667E-01       1.42200E-01  1.00000E+00
  8.56885E-01  9.48243E-01  9.79180E-01  9.93545E-01  9.99330E-01       2.22410E-01  1.00000E+00
  8.09022E-01  9.26828E-01  9.70097E-01  9.90333E-01  9.98963E-01       2.09550E-01  1.00000E+00


    1.   1.01   74. 183.84  5.00E+02  8.50E+01  9.72E-01  9.28E-01     5   0.00

  4.70120E+02  4.84690E+02  4.89540E+02  4.91740E+02  4.93530E+02       9.34130E-02  4.96350E+02

  1.43130E-01  2.67115E-01  4.03965E-01  5.71695E-01  8.21310E-01       3.34940E-04  1.00000E+00
  9.64665E-02  1.59825E-01  2.44605E-01  3.98385E-01  7.02045E-01       2.49080E-04  1.00000E+00
  8.31760E-02  1.30595E-01  1.82580E-01  2.63510E-01  4.38710E-01       4.84920E-04  9.74160E-01
  5.82550E-02  8.58655E-02  1.14625E-01  1.59880E-01  2.70655E-01       3.43580E-05  7.49770E-01
  3.10100E-02  5.16310E-02  7.17165E-02  1.01044E-01  1.65560E-01       1.21930E-04  5.42830E-01

  2.46995E-01  8.42230E-01  9.59278E-01  9.90842E-01  9.99230E-01      -1.00000E+00  1.00000E+00
 -2.07850E-02  5.59111E-01  8.47330E-01  9.59167E-01  9.96127E-01      -1.00000E+00  1.00000E+00
 -2.11555E-01  3.44033E-01  7.10298E-01  9.11700E-01  9.91338E-01      -1.00000E+00  1.00000E+00
 -5.18165E-01  1.81182E-01  5.99562E-01  8.61887E-01  9.85080E-01      -1.00000E+00  1.00000E+00
 -8.66025E-01 -2.39232E-01  3.47135E-01  7.67308E-01  9.73668E-01      -1.00000E+00  1.00000E+00
  9.35465E-01  9.87770E-01  9.96093E-01  9.98862E-01  9.99885E-01      -9.99140E-01  1.00000E+00
  8.76660E-01  9.73548E-01  9.91165E-01  9.97372E-01  9.99740E-01      -9.98990E-01  1.00000E+00
  7.58020E-01  9.45137E-01  9.81637E-01  9.94692E-01  9.99443E-01      -9.99970E-01  1.00000E+00
  5.20390E-01  8.56215E-01  9.51283E-01  9.85583E-01  9.98608E-01      -9.99990E-01  1.00000E+00
  1.24917E-01  6.30555E-01  8.44533E-01  9.49550E-01  9.94750E-01      -1.00000E+00  1.00000E+00
  9.70277E-01  9.91715E-01  9.97085E-01  9.99145E-01  9.99912E-01       2.22140E-01  1.00000E+00
  9.59510E-01  9.88190E-01  9.95518E-01  9.98600E-01  9.99858E-01       1.78000E-01  1.00000E+00
  9.40500E-01  9.82913E-01  9.93548E-01  9.98008E-01  9.99792E-01       1.67600E-01  1.00000E+00
  9.05120E-01  9.70433E-01  9.88780E-01  9.96555E-01  9.99647E-01       1.80930E-01  1.00000E+00
  8.50055E-01  9.44355E-01  9.77215E-01  9.92680E-01  9.99222E-01       2.18890E-01  1.00000E+00
  9.90563E-01  9.96845E-01  9.98740E-01  9.99602E-01  9.99960E-01       7.12980E-01  1.00000E+00
  9.88815E-01  9.96335E-01  9.98565E-01  9.99545E-01  9.99950E-01       7.34650E-01  1.00000E+00
  9.83668E-01  9.94968E-01  9.98035E-01  9.99385E-01  9.99933E-01       6.58020E-01  1.00000E+00
  9.72190E-01  9.91398E-01  9.96698E-01  9.98973E-01  9.99895E-01       6.41630E-01  1.00000E+00
  9.50205E-01  9.81738E-01  9.92560E-01  9.97660E-01  9.99748E-01       6.19080E-01  1.00000E+00
  9.96650E-01  9.98798E-01  9.99507E-01  9.99845E-01  9.99985E-01       9.40320E-01  1.00000E+00
  9.95445E-01  9.98412E-01  9.99363E-01  9.99800E-01  9.99977E-01       8.99770E-01  1.00000E+00
  9.93823E-01  9.97883E-01  9.99155E-01  9.99735E-01  9.99972E-01       8.68140E-01  1.00000E+00
  9.90178E-01  9.96602E-01  9.98667E-01  9.99580E-01  9.99955E-01       8.54580E-01  1.00000E+00
  9.83780E-01  9.93853E-01  9.97490E-01  9.99180E-01  9.99915E-01       8.33390E-01  1.00000E+00


    1.   1.01   74. 183.84  1.00E+03  0.00E+00  4.85E-01  2.70E-01     5   0.00

  1.62880E+02  4.13670E+02  5.93460E+02  7.38760E+02  8.81990E+02       1.83190E-02  9.75120E+02

  4.49380E-01  6.48295E-01  7.76070E-01  8.76875E-01  9.61935E-01       2.03230E-02  1.00000E+00
  4.15970E-01  6.23625E-01  7.60470E-01  8.67770E-01  9.58965E-01       4.61490E-02  1.00000E+00
  4.06765E-01  6.14970E-01  7.52180E-01  8.62375E-01  9.57125E-01       4.56110E-02  1.00000E+00
  3.87855E-01  5.94625E-01  7.34065E-01  8.49440E-01  9.51895E-01       2.36300E-03  1.00000E+00
  3.14000E-01  5.07940E-01  6.58115E-01  7.96445E-01  9.32510E-01       2.49000E-02  1.00000E+00

 -9.50572E-01 -5.92420E-01 -6.51675E-03  5.81363E-01  9.49315E-01      -1.00000E+00  1.00000E+00
 -9.48850E-01 -5.79533E-01  6.19056E-03  5.81562E-01  9.50040E-01      -1.00000E+00  1.00000E+00
 -9.54073E-01 -5.95380E-01 -5.48883E-03  5.88432E-01  9.48805E-01      -1.00000E+00  1.00000E+00
 -9.49702E-01 -5.88732E-01 -2.54350E-04  5.93168E-01  9.51820E-01      -1.00000E+00  1.00000E+00
 -9.51238E-01 -5.94133E-01 -1.17339E-02  5.92287E-01  9.53087E-01      -1.00000E+00  1.00000E+00
 -9.50993E-01 -5.78877E-01  9.48053E-03  5.86697E-01  9.52203E-01      -1.00000E+00  1.00000E+00
 -9.49340E-01 -5.83862E-01  2.82232E-03  5.86677E-01  9.49603E-01      -1.00000E+00  1.00000E+00
 -9.52562E-01 -5.90890E-01 -7.40342E-03  5.83520E-01  9.49793E-01      -1.00000E+00  1.00000E+00
 -9.51100E-01 -5.86410E-01 -8.11138E-03  5.93193E-01  9.51860E-01      -1.00000E+00  1.00000E+00
 -9.49928E-01 -5.90275E-01 -7.01225E-03  5.81518E-01  9.52105E-01      -1.00000E+00  1.00000E+00
 -9.49032E-01 -5.86537E-01 -5.26080E-03  5.86350E-01  9.51048E-01      -1.00000E+00  1.00000E+00
 -9.49483E-01 -5.82515E-01  6.80038E-03  5.90983E-01  9.52005E-01      -1.00000E+00  1.00000E+00
 -9.50157E-01 -5.75750E-01  1.29834E-02  5.90248E-01  9.50010E-01      -1.00000E+00  1.00000E+00
 -9.51667E-01 -5.84803E-01 -2.31405E-03  5.79775E-01  9.51753E-01      -1.00000E+00  1.00000E+00
 -9.48830E-01 -5.83072E-01  2.88400E-03  5.90768E-01  9.51690E-01      -1.00000E+00  1.00000E+00
 -9.48925E-01 -5.83520E-01  1.23675E-02  5.97620E-01  9.50240E-01      -1.00000E+00  1.00000E+00
 -9.50508E-01 -5.87110E-01 -1.53901E-03  5.85765E-01  9.50530E-01      -1.00000E+00  1.00000E+00
 -9.46645E-01 -5.91870E-01 -3.78375E-04  5.95472E-01  9.50570E-01      -1.00000E+00  1.00000E+00
 -9.51377E-01 -5.93357E-01 -7.84700E-03  5.82000E-01  9.48895E-01      -1.00000E+00  1.00000E+00
 -9.49660E-01 -5.87342E-01  3.37740E-03  5.95980E-01  9.51735E-01      -1.00000E+00  1.00000E+00
 -9.49978E-01 -5.86483E-01  4.30316E-03  5.95112E-01  9.52925E-01      -1.00000E+00  1.00000E+00
 -9.47852E-01 -5.72070E-01  9.12832E-03  6.05598E-01  9.53613E-01      -1.00000E+00  1.00000E+00
 -9.48195E-01 -5.81237E-01  9.58032E-03  5.95215E-01  9.53448E-01      -1.00000E+00  1.00000E+00
 -9.51348E-01 -5.74905E-01  1.99287E-02  5.99017E-01  9.53563E-01      -1.00000E+00  1.00000E+00
 -9.47685E-01 -5.87305E-01 -6.61584E-03  5.78107E-01  9.48240E-01      -1.00000E+00  1.00000E+00


    1.   1.01   74. 183.84  1.00E+03  3.00E+01  5.25E-01  3.06E-01     5   0.00

  1.81440E+02  4.47310E+02  6.28500E+02  7.67720E+02  8.98340E+02       1.29640E-02  9.81300E+02

  4.46270E-01  6.46625E-01  7.76035E-01  8.76925E-01  9.61780E-01       2.16060E-02  1.00000E+00
  4.11295E-01  6.19845E-01  7.57265E-01  8.65815E-01  9.58045E-01       2.17800E-02  1.00000E+00
  3.97535E-01  6.06625E-01  7.45800E-01  8.58205E-01  9.55450E-01       3.95120E-02  1.00000E+00
  3.72510E-01  5.74625E-01  7.16945E-01  8.36590E-01  9.47515E-01       5.48860E-02  1.00000E+00
  2.91310E-01  4.79150E-01  6.29945E-01  7.75000E-01  9.22790E-01       1.88280E-02  1.00000E+00

 -9.50597E-01 -5.84788E-01  7.92133E-03  5.85957E-01  9.50860E-01      -1.00000E+00  1.00000E+00
 -9.51805E-01 -5.82008E-01  1.01939E-02  6.03365E-01  9.51270E-01      -1.00000E+00  1.00000E+00
 -9.50327E-01 -5.81280E-01 -2.66600E-03  5.86218E-01  9.49640E-01      -1.00000E+00  1.00000E+00
 -9.48825E-01 -5.89920E-01 -7.87250E-04  5.88510E-01  9.49780E-01      -1.00000E+00  1.00000E+00
 -9.51732E-01 -5.89753E-01 -5.88970E-03  5.90283E-01  9.51732E-01      -1.00000E+00  1.00000E+00
 -9.51705E-01 -5.84395E-01  2.85795E-03  5.90990E-01  9.53322E-01      -1.00000E+00  1.00000E+00
 -9.52472E-01 -5.93287E-01 -3.07680E-03  5.90507E-01  9.51230E-01      -1.00000E+00  1.00000E+00
 -9.50590E-01 -5.86180E-01 -2.33650E-03  5.84290E-01  9.49180E-01      -1.00000E+00  1.00000E+00
 -9.49600E-01 -5.84533E-01  5.08510E-03  5.82282E-01  9.50190E-01      -1.00000E+00  1.00000E+00
 -9.49973E-01 -5.94295E-01  6.22292E-03  5.95600E-01  9.51675E-01      -1.00000E+00  1.00000E+00
 -9.48538E-01 -5.48895E-01  6.61655E-02  6.30057E-01  9.58738E-01      -1.00000E+00  1.00000E+00
 -9.42952E-01 -5.51553E-01  5.63640E-02  6.16720E-01  9.55093E-01      -1.00000E+00  1.00000E+00
 -9.42933E-01 -5.53690E-01  3.95647E-02  6.19973E-01  9.56603E-01      -1.00000E+00  1.00000E+00
 -9.48543E-01 -5.71265E-01  2.42355E-02  6.05065E-01  9.53195E-01      -1.00000E+00  1.00000E+00
 -9.50608E-01 -5.77685E-01  1.02876E-02  5.93647E-01  9.53385E-01      -1.00000E+00  1.00000E+00
 -9.19893E-01 -4.19843E-01  2.14533E-01  7.16877E-01  9.67788E-01      -1.00000E+00  1.00000E+00
 -9.26362E-01 -4.37940E-01  1.99222E-01  6.98098E-01  9.65533E-01      -1.00000E+00  1.00000E+00
 -9.34642E-01 -4.75565E-01  1.62490E-01  6.83943E-01  9.64900E-01      -1.00000E+00  1.00000E+00
 -9.38128E-01 -5.00820E-01  1.13970E-01  6.51807E-01  9.59805E-01      -1.00000E+00  1.00000E+00
 -9.44545E-01 -5.48482E-01  7.11655E-02  6.37810E-01  9.59470E-01      -1.00000E+00  1.00000E+00
 -8.35480E-01 -6.42253E-02  5.13145E-01  8.40508E-01  9.82980E-01      -1.00000E+00  1.00000E+00
 -8.60940E-01 -1.71256E-01  4.41307E-01  8.09512E-01  9.79353E-01      -1.00000E+00  1.00000E+00
 -8.81175E-01 -2.38147E-01  3.85680E-01  7.87412E-01  9.76718E-01      -1.00000E+00  1.00000E+00
 -9.08750E-01 -3.29213E-01  3.10577E-01  7.58735E-01  9.72970E-01      -1.00000E+00  1.00000E+00
 -9.32425E-01 -4.75760E-01  1.68819E-01  6.84580E-01  9.66145E-01      -1.00000E+00  1.00000E+00


    1.   1.01   74. 183.84  1.00E+03  4.50E+01  5.76E-01  3.56E-01     5   0.00

  2.09420E+02  4.94470E+02  6.74820E+02  8.05030E+02  9.17430E+02       2.07650E-02  9.84540E+02

  4.40395E-01  6.42965E-01  7.72705E-01  8.75255E-01  9.61440E-01       5.86830E-03  1.00000E+00
  4.07750E-01  6.14525E-01  7.52980E-01  8.63365E-01  9.57250E-01       4.56720E-02  1.00000E+00
  3.83855E-01  5.90115E-01  7.31605E-01  8.47690E-01  9.51070E-01       4.56920E-02  1.00000E+00
  3.48110E-01  5.42495E-01  6.86325E-01  8.15520E-01  9.38550E-01       3.51250E-02  1.00000E+00
  2.60295E-01  4.34635E-01  5.85565E-01  7.37855E-01  9.06280E-01       1.36730E-02  1.00000E+00

 -9.53000E-01 -6.00815E-01 -9.16695E-03  5.79078E-01  9.49415E-01      -1.00000E+00  1.00000E+00
 -9.52707E-01 -5.92622E-01 -1.60062E-02  5.84708E-01  9.51050E-01      -1.00000E+00  1.00000E+00
 -9.48880E-01 -5.78365E-01  9.83897E-03  5.85238E-01  9.50625E-01      -1.00000E+00  1.00000E+00
 -9.50057E-01 -5.87102E-01  9.91255E-04  5.84055E-01  9.51850E-01      -1.00000E+00  1.00000E+00
 -9.49235E-01 -5.88295E-01 -5.42625E-04  5.90390E-01  9.50690E-01      -1.00000E+00  1.00000E+00
 -9.48840E-01 -5.72082E-01  1.81656E-02  5.99215E-01  9.54647E-01      -1.00000E+00  1.00000E+00
 -9.49793E-01 -5.78935E-01  1.09558E-02  5.99275E-01  9.51835E-01      -1.00000E+00  1.00000E+00
 -9.49195E-01 -5.70365E-01  2.35890E-02  5.98535E-01  9.54890E-01      -1.00000E+00  1.00000E+00
 -9.49830E-01 -5.76533E-01  2.97734E-02  6.00672E-01  9.52427E-01      -1.00000E+00  1.00000E+00
 -9.49655E-01 -5.80065E-01  5.05796E-03  5.95810E-01  9.52398E-01      -1.00000E+00  1.00000E+00
 -9.36380E-01 -4.90470E-01  1.31784E-01  6.70237E-01  9.63095E-01      -1.00000E+00  1.00000E+00
 -9.38538E-01 -4.96255E-01  1.21752E-01  6.63415E-01  9.61968E-01      -1.00000E+00  1.00000E+00
 -9.44187E-01 -5.20190E-01  9.77768E-02  6.50250E-01  9.60028E-01      -1.00000E+00  1.00000E+00
 -9.42265E-01 -5.24783E-01  8.91710E-02  6.39380E-01  9.56160E-01      -1.00000E+00  1.00000E+00
 -9.46930E-01 -5.51950E-01  5.01146E-02  6.18558E-01  9.56113E-01      -1.00000E+00  1.00000E+00
 -8.70770E-01 -2.05098E-01  4.10927E-01  8.00955E-01  9.77953E-01      -1.00000E+00  1.00000E+00
 -8.87890E-01 -2.51997E-01  3.73762E-01  7.86618E-01  9.77097E-01      -1.00000E+00  1.00000E+00
 -8.99383E-01 -3.18662E-01  3.16928E-01  7.57245E-01  9.72760E-01      -1.00000E+00  1.00000E+00
 -9.17230E-01 -3.88825E-01  2.46177E-01  7.25220E-01  9.69683E-01      -1.00000E+00  1.00000E+00
 -9.36390E-01 -4.86495E-01  1.41898E-01  6.67803E-01  9.59795E-01      -1.00000E+00  1.00000E+00
 -6.04410E-01  3.02700E-01  7.22995E-01  9.13557E-01  9.91082E-01      -1.00000E+00  1.00000E+00
 -6.93007E-01  1.89000E-01  6.57312E-01  8.91695E-01  9.88660E-01      -1.00000E+00  1.00000E+00
 -7.67270E-01  6.03377E-02  5.92610E-01  8.67260E-01  9.85955E-01      -1.00000E+00  1.00000E+00
 -8.46620E-01 -9.55300E-02  4.99570E-01  8.33945E-01  9.81702E-01      -1.00000E+00  1.00000E+00
 -9.05118E-01 -3.23667E-01  2.99270E-01  7.50303E-01  9.72850E-01      -1.00000E+00  1.00000E+00


    1.   1.01   74. 183.84  1.00E+03  6.00E+01  6.50E-01  4.37E-01     5   0.00

  2.61660E+02  5.72490E+02  7.46920E+02  8.58530E+02  9.43330E+02       2.42000E-02  9.87360E+02

  4.35905E-01  6.39515E-01  7.70510E-01  8.73390E-01  9.60930E-01       3.11850E-02  1.00000E+00
  3.95315E-01  6.01930E-01  7.41405E-01  8.55030E-01  9.54635E-01       4.32770E-02  1.00000E+00
  3.51325E-01  5.45910E-01  6.90085E-01  8.18750E-01  9.40470E-01       4.26100E-02  1.00000E+00
  2.95555E-01  4.72005E-01  6.17465E-01  7.61905E-01  9.16135E-01       4.21730E-02  1.00000E+00
  2.03950E-01  3.53770E-01  4.98250E-01  6.62165E-01  8.68790E-01       1.32410E-02  1.00000E+00

 -9.51760E-01 -5.83413E-01  2.29075E-03  5.94158E-01  9.51760E-01      -1.00000E+00  1.00000E+00
 -9.52353E-01 -5.95347E-01 -1.03422E-02  5.83993E-01  9.50785E-01      -1.00000E+00  1.00000E+00
 -9.53547E-01 -5.94472E-01 -1.26981E-02  5.80917E-01  9.51358E-01      -1.00000E+00  1.00000E+00
 -9.53802E-01 -5.95932E-01 -3.08626E-03  5.84298E-01  9.50033E-01      -1.00000E+00  1.00000E+00
 -9.51647E-01 -5.89133E-01 -9.78550E-03  5.81775E-01  9.52855E-01      -1.00000E+00  1.00000E+00
 -9.45453E-01 -5.48312E-01  5.59065E-02  6.21280E-01  9.56592E-01      -1.00000E+00  1.00000E+00
 -9.44128E-01 -5.49605E-01  6.08718E-02  6.22235E-01  9.57640E-01      -1.00000E+00  1.00000E+00
 -9.46080E-01 -5.56737E-01  4.18478E-02  6.15005E-01  9.53830E-01      -1.00000E+00  1.00000E+00
 -9.48082E-01 -5.68473E-01  2.93393E-02  6.10220E-01  9.52870E-01      -1.00000E+00  1.00000E+00
 -9.49990E-01 -5.75540E-01  1.76868E-02  5.98712E-01  9.52275E-01      -1.00000E+00  1.00000E+00
 -8.87028E-01 -2.72618E-01  3.54505E-01  7.74097E-01  9.75267E-01      -1.00000E+00  1.00000E+00
 -9.04120E-01 -3.18142E-01  3.12495E-01  7.53687E-01  9.73282E-01      -1.00000E+00  1.00000E+00
 -9.15085E-01 -3.75848E-01  2.66085E-01  7.30345E-01  9.70398E-01      -1.00000E+00  1.00000E+00
 -9.28095E-01 -4.37123E-01  2.07200E-01  7.04035E-01  9.65207E-01      -1.00000E+00  1.00000E+00
 -9.39290E-01 -5.12847E-01  1.08264E-01  6.45710E-01  9.58867E-01      -1.00000E+00  1.00000E+00
 -6.80397E-01  2.37760E-01  6.91948E-01  9.06300E-01  9.90445E-01      -1.00000E+00  1.00000E+00
 -7.45393E-01  1.26838E-01  6.35310E-01  8.87295E-01  9.88715E-01      -1.00000E+00  1.00000E+00
 -8.01683E-01  1.32750E-02  5.73878E-01  8.63530E-01  9.85410E-01      -1.00000E+00  1.00000E+00
 -8.57132E-01 -1.35327E-01  4.73655E-01  8.25132E-01  9.81330E-01      -1.00000E+00  1.00000E+00
 -9.09865E-01 -3.53635E-01  2.79415E-01  7.40448E-01  9.72335E-01      -1.00000E+00  1.00000E+00
 -5.31650E-02  6.76312E-01  8.83327E-01  9.64570E-01  9.96483E-01      -1.00000E+00  1.00000E+00
 -2.30678E-01  5.79263E-01  8.45405E-01  9.52580E-01  9.95150E-01      -1.00000E+00  1.00000E+00
 -4.12998E-01  4.67520E-01  7.92155E-01  9.34212E-01  9.93062E-01      -1.00000E+00  1.00000E+00
 -6.11335E-01  2.79191E-01  7.09650E-01  9.09628E-01  9.90513E-01      -1.00000E+00  1.00000E+00
 -8.23595E-01 -9.64050E-02  4.83515E-01  8.25338E-01  9.81278E-01      -1.00000E+00  1.00000E+00


    1.   1.01   74. 183.84  1.00E+03  7.00E+01  7.16E-01  5.21E-01     5   0.00

  3.24310E+02  6.57420E+02  8.17340E+02  9.04980E+02  9.62350E+02       2.10200E-02  9.89620E+02

  4.26580E-01  6.32500E-01  7.65405E-01  8.70295E-01  9.59450E-01       1.93180E-02  1.00000E+00
  3.71150E-01  5.74005E-01  7.18390E-01  8.38400E-01  9.47890E-01       2.92550E-02  1.00000E+00
  2.98590E-01  4.76930E-01  6.23495E-01  7.67585E-01  9.19065E-01       3.29560E-02  1.00000E+00
  2.32305E-01  3.80120E-01  5.20590E-01  6.80335E-01  8.78060E-01       3.26450E-02  1.00000E+00
  1.45100E-01  2.61555E-01  3.89530E-01  5.53070E-01  8.01275E-01       7.14390E-03  9.99980E-01

 -9.51183E-01 -5.89275E-01 -9.32400E-04  5.87657E-01  9.52125E-01      -1.00000E+00  1.00000E+00
 -9.51367E-01 -5.85240E-01  6.62512E-03  5.91350E-01  9.54492E-01      -1.00000E+00  1.00000E+00
 -9.47507E-01 -5.86585E-01 -1.17125E-04  5.87400E-01  9.49233E-01      -1.00000E+00  1.00000E+00
 -9.52735E-01 -5.97797E-01 -2.01235E-02  5.83890E-01  9.50525E-01      -1.00000E+00  1.00000E+00
 -9.51905E-01 -5.86512E-01 -2.66156E-03  5.80987E-01  9.49805E-01      -1.00000E+00  1.00000E+00
 -9.25730E-01 -4.52727E-01  1.72590E-01  6.91952E-01  9.65078E-01      -1.00000E+00  1.00000E+00
 -9.27623E-01 -4.61377E-01  1.68212E-01  6.83518E-01  9.63198E-01      -1.00000E+00  1.00000E+00
 -9.40385E-01 -4.99710E-01  1.25353E-01  6.63643E-01  9.61320E-01      -1.00000E+00  1.00000E+00
 -9.41635E-01 -5.18750E-01  1.01696E-01  6.42780E-01  9.60522E-01      -1.00000E+00  1.00000E+00
 -9.46917E-01 -5.60542E-01  4.37342E-02  6.19010E-01  9.55705E-01      -1.00000E+00  1.00000E+00
 -7.44595E-01  1.26297E-01  6.30862E-01  8.81788E-01  9.87415E-01      -1.00000E+00  1.00000E+00
 -7.97480E-01  1.39750E-02  5.66245E-01  8.60820E-01  9.84985E-01      -1.00000E+00  1.00000E+00
 -8.34170E-01 -8.75935E-02  4.96727E-01  8.32940E-01  9.82395E-01      -1.00000E+00  1.00000E+00
 -8.78382E-01 -2.21743E-01  4.06965E-01  7.97072E-01  9.78365E-01      -1.00000E+00  1.00000E+00
 -9.20695E-01 -4.07227E-01  2.31152E-01  7.22140E-01  9.69040E-01      -1.00000E+00  1.00000E+00
 -2.20408E-01  6.34437E-01  8.69025E-01  9.60630E-01  9.96003E-01      -1.00000E+00  1.00000E+00
 -3.64418E-01  5.35645E-01  8.30457E-01  9.48838E-01  9.94590E-01      -1.00000E+00  1.00000E+00
 -5.39520E-01  4.06573E-01  7.69797E-01  9.30098E-01  9.92730E-01      -1.00000E+00  1.00000E+00
 -7.07397E-01  2.07414E-01  6.72168E-01  8.96318E-01  9.89000E-01      -1.00000E+00  1.00000E+00
 -8.65725E-01 -1.81850E-01  4.27972E-01  8.04887E-01  9.79903E-01      -1.00000E+00  1.00000E+00
  4.96557E-01  8.80210E-01  9.58565E-01  9.87788E-01  9.98705E-01      -1.00000E+00  1.00000E+00
  3.40557E-01  8.21033E-01  9.35688E-01  9.80987E-01  9.97980E-01      -1.00000E+00  1.00000E+00
  1.21825E-01  7.35413E-01  9.02757E-01  9.70788E-01  9.97010E-01      -1.00000E+00  1.00000E+00
 -1.31030E-01  5.90355E-01  8.45588E-01  9.52287E-01  9.94930E-01      -1.00000E+00  1.00000E+00
 -5.92346E-01  2.05577E-01  6.56590E-01  8.88498E-01  9.88838E-01      -1.00000E+00  1.00000E+00


    1.   1.01   74. 183.84  1.00E+03  8.00E+01  8.20E-01  6.75E-01     5   0.00

  4.83040E+02  8.22440E+02  9.23850E+02  9.60030E+02  9.79360E+02       1.13020E-01  9.91370E+02

  4.03765E-01  6.08595E-01  7.46220E-01  8.57905E-01  9.55160E-01       1.41250E-02  1.00000E+00
  2.71395E-01  4.40570E-01  5.87575E-01  7.39465E-01  9.06585E-01       2.42760E-02  1.00000E+00
  1.65475E-01  2.76055E-01  4.00185E-01  5.64525E-01  8.16500E-01       3.16870E-03  1.00000E+00
  1.12805E-01  1.90870E-01  2.91590E-01  4.51875E-01  7.50380E-01       7.66380E-03  1.00000E+00
  7.51190E-02  1.32510E-01  2.07745E-01  3.26280E-01  5.57960E-01       1.28990E-03  9.99940E-01

 -9.41922E-01 -5.33582E-01  6.33865E-02  6.21323E-01  9.54370E-01      -1.00000E+00  1.00000E+00
 -9.46342E-01 -5.58975E-01  3.93695E-02  6.13740E-01  9.56307E-01      -1.00000E+00  1.00000E+00
 -9.47767E-01 -5.59985E-01  3.86279E-02  6.08480E-01  9.55350E-01      -1.00000E+00  1.00000E+00
 -9.47538E-01 -5.68403E-01  3.30997E-02  6.05785E-01  9.54205E-01      -1.00000E+00  1.00000E+00
 -9.49455E-01 -5.86793E-01  5.40238E-03  5.92780E-01  9.51870E-01      -1.00000E+00  1.00000E+00
 -6.53583E-01  2.17511E-01  6.72283E-01  8.97342E-01  9.89443E-01      -1.00000E+00  1.00000E+00
 -7.26745E-01  1.05012E-01  6.08395E-01  8.75857E-01  9.86595E-01      -1.00000E+00  1.00000E+00
 -7.94928E-01 -1.23775E-02  5.26720E-01  8.43980E-01  9.83500E-01      -1.00000E+00  1.00000E+00
 -8.56005E-01 -1.62095E-01  4.37342E-01  8.08395E-01  9.79570E-01      -1.00000E+00  1.00000E+00
 -9.15453E-01 -3.78740E-01  2.46246E-01  7.19140E-01  9.67388E-01      -1.00000E+00  1.00000E+00
  2.84975E-01  8.40932E-01  9.47905E-01  9.85237E-01  9.98540E-01      -1.00000E+00  1.00000E+00
  1.31158E-01  7.76693E-01  9.24162E-01  9.77590E-01  9.97702E-01      -1.00000E+00  1.00000E+00
 -1.37819E-01  6.62255E-01  8.81725E-01  9.65602E-01  9.96528E-01      -1.00000E+00  1.00000E+00
 -4.62415E-01  4.70205E-01  8.03625E-01  9.40645E-01  9.93932E-01      -1.00000E+00  1.00000E+00
 -7.89602E-01  1.30325E-02  5.65085E-01  8.57243E-01  9.85435E-01      -1.00000E+00  1.00000E+00
  7.95600E-01  9.59873E-01  9.86988E-01  9.96240E-01  9.99627E-01      -1.00000E+00  1.00000E+00
  6.72610E-01  9.31387E-01  9.76860E-01  9.93265E-01  9.99315E-01      -1.00000E+00  1.00000E+00
  4.49910E-01  8.75285E-01  9.57967E-01  9.87703E-01  9.98692E-01      -1.00000E+00  1.00000E+00
  2.41345E-02  7.46145E-01  9.11755E-01  9.74298E-01  9.97340E-01      -1.00000E+00  1.00000E+00
 -6.48953E-01  2.08961E-01  6.74755E-01  8.97933E-01  9.89970E-01      -1.00000E+00  1.00000E+00
  9.45258E-01  9.85905E-01  9.94893E-01  9.98437E-01  9.99838E-01      -2.98050E-01  1.00000E+00
  8.95023E-01  9.73020E-01  9.90205E-01  9.97047E-01  9.99700E-01      -3.90210E-01  1.00000E+00
  8.28937E-01  9.52418E-01  9.82995E-01  9.94893E-01  9.99488E-01      -4.09890E-01  1.00000E+00
  7.18203E-01  9.09043E-01  9.65795E-01  9.89688E-01  9.98895E-01      -4.27850E-01  1.00000E+00
  5.67403E-01  8.23690E-01  9.27337E-01  9.76845E-01  9.97592E-01      -9.99840E-01  1.00000E+00


    1.   1.01   74. 183.84  1.00E+03  8.50E+01  9.37E-01  8.70E-01     5   0.00

  8.46830E+02  9.58630E+02  9.73350E+02  9.80940E+02  9.85880E+02       6.69280E-02  9.92440E+02

  2.39180E-01  3.92230E-01  5.31765E-01  6.85075E-01  8.76970E-01       1.70110E-03  1.00000E+00
  8.59195E-02  1.33970E-01  1.99635E-01  3.25810E-01  6.53295E-01       1.07560E-03  9.99990E-01
  7.80000E-02  1.22680E-01  1.82995E-01  2.97045E-01  5.79100E-01       6.41900E-04  9.99950E-01
  5.71625E-02  8.58130E-02  1.22155E-01  1.89210E-01  3.68005E-01       4.20160E-04  9.61200E-01
  3.44800E-02  5.63160E-02  8.18165E-02  1.24505E-01  2.25100E-01       2.82990E-04  7.63610E-01

 -2.84442E-01  3.05853E-01  6.74623E-01  8.93883E-01  9.88258E-01      -1.00000E+00  1.00000E+00
 -4.38777E-01  1.87240E-01  5.85595E-01  8.54360E-01  9.84265E-01      -1.00000E+00  1.00000E+00
 -6.16565E-01  7.39850E-02  5.15435E-01  8.22110E-01  9.80507E-01      -1.00000E+00  1.00000E+00
 -7.68927E-01 -7.18000E-02  4.39330E-01  7.94268E-01  9.77062E-01      -1.00000E+00  1.00000E+00
 -8.94102E-01 -3.18437E-01  2.80409E-01  7.27905E-01  9.69807E-01      -1.00000E+00  1.00000E+00
  9.20747E-01  9.86015E-01  9.95557E-01  9.98740E-01  9.99870E-01      -1.00000E+00  1.00000E+00
  8.68945E-01  9.75887E-01  9.92155E-01  9.97762E-01  9.99773E-01      -1.00000E+00  1.00000E+00
  7.42585E-01  9.51947E-01  9.84610E-01  9.95602E-01  9.99555E-01      -1.00000E+00  1.00000E+00
  3.52789E-01  8.70755E-01  9.59760E-01  9.88387E-01  9.98847E-01      -1.00000E+00  1.00000E+00
 -5.58230E-01  3.38590E-01  7.46520E-01  9.25693E-01  9.92707E-01      -1.00000E+00  1.00000E+00
  9.62512E-01  9.91670E-01  9.97095E-01  9.99147E-01  9.99910E-01      -6.27420E-01  1.00000E+00
  9.38885E-01  9.86080E-01  9.95162E-01  9.98563E-01  9.99853E-01      -7.01670E-01  1.00000E+00
  8.89145E-01  9.74033E-01  9.90895E-01  9.97293E-01  9.99727E-01      -7.34810E-01  1.00000E+00
  7.50475E-01  9.36050E-01  9.77405E-01  9.93337E-01  9.99313E-01      -7.27800E-01  1.00000E+00
  3.96281E-01  7.76578E-01  9.10080E-01  9.71820E-01  9.96982E-01      -1.00000E+00  1.00000E+00
  9.88797E-01  9.96690E-01  9.98738E-01  9.99613E-01  9.99960E-01       3.46510E-01  1.00000E+00
  9.82510E-01  9.95180E-01  9.98190E-01  9.99443E-01  9.99940E-01       2.54170E-01  1.00000E+00
  9.69090E-01  9.91748E-01  9.96985E-01  9.99085E-01  9.99908E-01       2.54430E-01  1.00000E+00
  9.32112E-01  9.81185E-01  9.93122E-01  9.97902E-01  9.99785E-01       2.37240E-01  1.00000E+00
  8.51095E-01  9.47642E-01  9.79180E-01  9.93337E-01  9.99298E-01       1.87990E-01  1.00000E+00
  9.96572E-01  9.98843E-01  9.99537E-01  9.99853E-01  9.99982E-01       8.76660E-01  1.00000E+00
  9.94042E-01  9.98103E-01  9.99250E-01  9.99762E-01  9.99977E-01       7.69180E-01  1.00000E+00
  9.89297E-01  9.96645E-01  9.98703E-01  9.99592E-01  9.99958E-01       6.75160E-01  1.00000E+00
  9.78550E-01  9.93025E-01  9.97315E-01  9.99170E-01  9.99915E-01       6.38000E-01  1.00000E+00
  9.53197E-01  9.84368E-01  9.93712E-01  9.98003E-01  9.99795E-01       6.02290E-01  1.00000E+00


    1.   1.01   74. 183.84  2.00E+03  0.00E+00  4.25E-01  2.26E-01     5   0.00

  2.95530E+02  7.61890E+02  1.11550E+03  1.41160E+03  1.72880E+03       4.03990E-02  1.95620E+03

  4.37375E-01  6.40570E-01  7.72435E-01  8.75435E-01  9.61205E-01       1.78650E-02  1.00000E+00
  4.05600E-01  6.18355E-01  7.56865E-01  8.65690E-01  9.57875E-01       3.28940E-02  1.00000E+00
  3.95725E-01  6.10005E-01  7.50335E-01  8.61595E-01  9.56915E-01       1.84860E-02  1.00000E+00
  3.79945E-01  5.90300E-01  7.32090E-01  8.47800E-01  9.51530E-01       1.52330E-02  1.00000E+00
  3.04765E-01  5.01810E-01  6.55000E-01  7.95090E-01  9.31690E-01       1.91180E-02  1.00000E+00

 -9.50442E-01 -5.85328E-01  2.48250E-03  5.86420E-01  9.50835E-01      -1.00000E+00  1.00000E+00
 -9.51363E-01 -5.95557E-01 -8.06760E-03  5.77122E-01  9.50910E-01      -1.00000E+00  1.00000E+00
 -9.51307E-01 -5.77235E-01 -1.38175E-03  5.90902E-01  9.49565E-01      -1.00000E+00  1.00000E+00
 -9.50352E-01 -5.87320E-01  3.70475E-03  5.91997E-01  9.51355E-01      -1.00000E+00  1.00000E+00
 -9.51410E-01 -5.83110E-01  1.08775E-04  5.83600E-01  9.48528E-01      -1.00000E+00  1.00000E+00
 -9.48893E-01 -5.86322E-01  1.29605E-02  5.90830E-01  9.54117E-01      -1.00000E+00  1.00000E+00
 -9.51505E-01 -5.97735E-01 -7.30586E-03  5.79530E-01  9.49688E-01      -1.00000E+00  1.00000E+00
 -9.49670E-01 -5.76090E-01  1.23953E-02  5.95215E-01  9.50150E-01      -1.00000E+00  1.00000E+00
 -9.50533E-01 -5.90195E-01 -6.21420E-03  5.85590E-01  9.50265E-01      -1.00000E+00  1.00000E+00
 -9.49148E-01 -5.82782E-01 -1.32585E-03  5.83857E-01  9.48965E-01      -1.00000E+00  1.00000E+00
 -9.48475E-01 -5.94272E-01  1.68457E-03  5.82870E-01  9.49852E-01      -1.00000E+00  1.00000E+00
 -9.47218E-01 -5.84167E-01  5.66628E-03  5.94602E-01  9.54178E-01      -1.00000E+00  1.00000E+00
 -9.50018E-01 -5.89067E-01  1.36600E-03  5.83355E-01  9.50490E-01      -1.00000E+00  1.00000E+00
 -9.50050E-01 -5.84090E-01 -5.45430E-03  5.86598E-01  9.50767E-01      -1.00000E+00  1.00000E+00
 -9.54738E-01 -5.98963E-01 -8.68642E-03  5.72113E-01  9.47290E-01      -1.00000E+00  1.00000E+00
 -9.48410E-01 -5.77575E-01  8.98500E-03  5.90668E-01  9.50927E-01      -1.00000E+00  1.00000E+00
 -9.51655E-01 -5.88282E-01 -1.70975E-03  5.78680E-01  9.49470E-01      -1.00000E+00  1.00000E+00
 -9.50825E-01 -5.84925E-01 -3.11782E-03  5.84248E-01  9.51200E-01      -1.00000E+00  1.00000E+00
 -9.52465E-01 -5.86315E-01 -5.88888E-03  5.80380E-01  9.50835E-01      -1.00000E+00  1.00000E+00
 -9.52948E-01 -6.06595E-01 -2.61364E-02  5.78307E-01  9.51538E-01      -1.00000E+00  1.00000E+00
 -9.51445E-01 -5.93135E-01 -2.67595E-03  5.90697E-01  9.53322E-01      -1.00000E+00  1.00000E+00
 -9.52615E-01 -5.84980E-01  3.30325E-03  5.87573E-01  9.50313E-01      -1.00000E+00  1.00000E+00
 -9.49365E-01 -5.81555E-01  8.67090E-03  5.90725E-01  9.52072E-01      -1.00000E+00  1.00000E+00
 -9.50055E-01 -5.75900E-01  7.93755E-03  5.93795E-01  9.51320E-01      -1.00000E+00  1.00000E+00
 -9.53458E-01 -5.90925E-01 -3.18007E-03  5.87740E-01  9.50083E-01      -1.00000E+00  1.00000E+00


    1.   1.01   74. 183.84  2.00E+03  3.00E+01  4.69E-01  2.61E-01     5   0.00

  3.28220E+02  8.26660E+02  1.18440E+03  1.47300E+03  1.76430E+03       4.14240E-02  1.96750E+03

  4.32890E-01  6.37520E-01  7.69330E-01  8.73440E-01  9.60570E-01       2.38360E-02  9.99990E-01
  4.03610E-01  6.15605E-01  7.53910E-01  8.64340E-01  9.57535E-01       3.11320E-02  1.00000E+00
  3.89785E-01  6.01245E-01  7.41840E-01  8.55395E-01  9.54135E-01       3.51460E-02  1.00000E+00
  3.63900E-01  5.68600E-01  7.12900E-01  8.35240E-01  9.46035E-01       3.57930E-02  1.00000E+00
  2.84325E-01  4.73855E-01  6.25270E-01  7.70480E-01  9.21160E-01       9.76100E-03  1.00000E+00

 -9.52135E-01 -5.93897E-01  7.66425E-04  5.85410E-01  9.49570E-01      -1.00000E+00  1.00000E+00
 -9.50040E-01 -5.86585E-01 -2.24070E-03  5.81355E-01  9.51897E-01      -1.00000E+00  1.00000E+00
 -9.53500E-01 -5.92750E-01 -2.31127E-03  5.90522E-01  9.50735E-01      -1.00000E+00  1.00000E+00
 -9.53935E-01 -5.91273E-01 -3.71415E-03  5.90753E-01  9.50490E-01      -1.00000E+00  1.00000E+00
 -9.52470E-01 -5.85825E-01 -3.07038E-03  5.91005E-01  9.51605E-01      -1.00000E+00  1.00000E+00
 -9.50895E-01 -5.84030E-01  9.75395E-03  5.93422E-01  9.51175E-01      -1.00000E+00  1.00000E+00
 -9.50480E-01 -5.87985E-01  8.07558E-03  6.00525E-01  9.51907E-01      -1.00000E+00  1.00000E+00
 -9.48185E-01 -5.80565E-01  1.63957E-02  6.00278E-01  9.53185E-01      -1.00000E+00  1.00000E+00
 -9.47410E-01 -5.76738E-01  4.48723E-03  5.86750E-01  9.51175E-01      -1.00000E+00  1.00000E+00
 -9.51062E-01 -5.84970E-01  1.07727E-02  5.86472E-01  9.50713E-01      -1.00000E+00  1.00000E+00
 -9.42680E-01 -5.31083E-01  7.50995E-02  6.28667E-01  9.56098E-01      -1.00000E+00  1.00000E+00
 -9.42575E-01 -5.32258E-01  7.63840E-02  6.35160E-01  9.54940E-01      -1.00000E+00  1.00000E+00
 -9.44415E-01 -5.44573E-01  5.36973E-02  6.14495E-01  9.55162E-01      -1.00000E+00  1.00000E+00
 -9.49283E-01 -5.60045E-01  3.92832E-02  6.18790E-01  9.56398E-01      -1.00000E+00  1.00000E+00
 -9.48608E-01 -5.75072E-01  2.38179E-02  6.04537E-01  9.52035E-01      -1.00000E+00  1.00000E+00
 -9.15847E-01 -3.89105E-01  2.47088E-01  7.24113E-01  9.70658E-01      -1.00000E+00  1.00000E+00
 -9.18458E-01 -4.05087E-01  2.30183E-01  7.19558E-01  9.69673E-01      -1.00000E+00  1.00000E+00
 -9.25055E-01 -4.36177E-01  1.97212E-01  7.04627E-01  9.66455E-01      -1.00000E+00  1.00000E+00
 -9.33398E-01 -4.77750E-01  1.55002E-01  6.81343E-01  9.63675E-01      -1.00000E+00  1.00000E+00
 -9.42415E-01 -5.31162E-01  9.12615E-02  6.41277E-01  9.57970E-01      -1.00000E+00  1.00000E+00
 -8.17217E-01 -5.06605E-02  5.20210E-01  8.46100E-01  9.84020E-01      -1.00000E+00  1.00000E+00
 -8.47670E-01 -1.19031E-01  4.79317E-01  8.28857E-01  9.81505E-01      -1.00000E+00  1.00000E+00
 -8.72280E-01 -2.15993E-01  4.10810E-01  8.01833E-01  9.78405E-01      -1.00000E+00  1.00000E+00
 -9.07547E-01 -3.25725E-01  3.11815E-01  7.56490E-01  9.75003E-01      -1.00000E+00  1.00000E+00
 -9.31500E-01 -4.55178E-01  1.82337E-01  6.91023E-01  9.64243E-01      -1.00000E+00  1.00000E+00


    1.   1.01   74. 183.84  2.00E+03  4.50E+01  5.24E-01  3.10E-01     5   0.00

  3.82160E+02  9.20890E+02  1.27820E+03  1.55260E+03  1.80750E+03       2.97690E-02  1.97350E+03

  4.30275E-01  6.35015E-01  7.68160E-01  8.72060E-01  9.60475E-01       2.37500E-02  1.00000E+00
  3.95395E-01  6.09275E-01  7.50565E-01  8.60960E-01  9.56395E-01       3.75030E-02  9.99990E-01
  3.74140E-01  5.83460E-01  7.28000E-01  8.45305E-01  9.50175E-01       2.74120E-02  1.00000E+00
  3.37000E-01  5.34975E-01  6.81550E-01  8.11770E-01  9.37675E-01       2.90610E-02  1.00000E+00
  2.53930E-01  4.32680E-01  5.84105E-01  7.37290E-01  9.05625E-01       1.15930E-02  1.00000E+00

 -9.51013E-01 -5.80725E-01  9.96130E-03  5.98133E-01  9.52115E-01      -1.00000E+00  1.00000E+00
 -9.50990E-01 -5.74515E-01  1.20555E-02  5.97823E-01  9.52745E-01      -1.00000E+00  1.00000E+00
 -9.50970E-01 -5.88272E-01 -1.48660E-03  5.82445E-01  9.49313E-01      -1.00000E+00  1.00000E+00
 -9.49655E-01 -5.90033E-01 -6.70665E-03  5.83877E-01  9.50812E-01      -1.00000E+00  1.00000E+00
 -9.49025E-01 -5.86078E-01  1.33782E-02  5.88047E-01  9.49767E-01      -1.00000E+00  1.00000E+00
 -9.48335E-01 -5.73925E-01  2.37175E-02  5.97263E-01  9.52395E-01      -1.00000E+00  1.00000E+00
 -9.47940E-01 -5.69033E-01  2.86255E-02  6.00475E-01  9.51985E-01      -1.00000E+00  1.00000E+00
 -9.47513E-01 -5.80995E-01  1.80602E-02  5.96593E-01  9.51530E-01      -1.00000E+00  1.00000E+00
 -9.49668E-01 -5.77325E-01  2.59933E-02  6.06065E-01  9.53738E-01      -1.00000E+00  1.00000E+00
 -9.46575E-01 -5.70425E-01  1.57876E-02  5.92040E-01  9.51507E-01      -1.00000E+00  1.00000E+00
 -9.23095E-01 -4.39667E-01  1.85343E-01  7.01040E-01  9.66545E-01      -1.00000E+00  1.00000E+00
 -9.31345E-01 -4.83333E-01  1.51945E-01  6.73325E-01  9.63065E-01      -1.00000E+00  1.00000E+00
 -9.34460E-01 -4.89703E-01  1.34755E-01  6.67297E-01  9.62915E-01      -1.00000E+00  1.00000E+00
 -9.41220E-01 -5.20440E-01  9.70500E-02  6.49575E-01  9.59203E-01      -1.00000E+00  1.00000E+00
 -9.47388E-01 -5.57330E-01  4.32050E-02  6.12480E-01  9.55912E-01      -1.00000E+00  1.00000E+00
 -8.58038E-01 -1.48646E-01  4.57422E-01  8.16155E-01  9.79783E-01      -1.00000E+00  1.00000E+00
 -8.71865E-01 -2.15300E-01  4.13185E-01  7.98820E-01  9.78735E-01      -1.00000E+00  1.00000E+00
 -8.87962E-01 -2.72990E-01  3.57580E-01  7.71825E-01  9.74685E-01      -1.00000E+00  1.00000E+00
 -9.11295E-01 -3.72560E-01  2.75975E-01  7.36677E-01  9.71513E-01      -1.00000E+00  1.00000E+00
 -9.30500E-01 -4.64097E-01  1.66499E-01  6.82212E-01  9.62307E-01      -1.00000E+00  1.00000E+00
 -5.80357E-01  3.27547E-01  7.33938E-01  9.17370E-01  9.91180E-01      -1.00000E+00  1.00000E+00
 -6.74895E-01  2.17408E-01  6.77922E-01  8.97062E-01  9.89410E-01      -1.00000E+00  1.00000E+00
 -7.55820E-01  9.55740E-02  6.14400E-01  8.75935E-01  9.87123E-01      -1.00000E+00  1.00000E+00
 -8.41463E-01 -7.98377E-02  5.03027E-01  8.34560E-01  9.83285E-01      -1.00000E+00  1.00000E+00
 -9.02755E-01 -3.30547E-01  3.13248E-01  7.54015E-01  9.73990E-01      -1.00000E+00  1.00000E+00


    1.   1.01   74. 183.84  2.00E+03  6.00E+01  6.04E-01  3.92E-01     5   0.00

  4.78020E+02  1.07880E+03  1.42720E+03  1.66920E+03  1.86600E+03       3.60740E-02  1.97920E+03

  4.21610E-01  6.30010E-01  7.64455E-01  8.70550E-01  9.59775E-01       2.34910E-02  1.00000E+00
  3.82700E-01  5.93775E-01  7.36290E-01  8.52135E-01  9.53315E-01       1.15540E-02  1.00000E+00
  3.39120E-01  5.38355E-01  6.85515E-01  8.15735E-01  9.38590E-01       1.95680E-02  1.00000E+00
  2.83440E-01  4.63680E-01  6.10890E-01  7.55160E-01  9.13025E-01       1.83500E-02  1.00000E+00
  2.01275E-01  3.54710E-01  4.99765E-01  6.63775E-01  8.69085E-01       8.52980E-03  9.99990E-01

 -9.49908E-01 -5.88415E-01 -7.18857E-03  5.84545E-01  9.51067E-01      -1.00000E+00  1.00000E+00
 -9.50673E-01 -5.89920E-01 -1.93898E-03  5.82372E-01  9.51653E-01      -1.00000E+00  1.00000E+00
 -9.51987E-01 -5.89370E-01 -8.26000E-03  5.87378E-01  9.50543E-01      -1.00000E+00  1.00000E+00
 -9.51817E-01 -5.92035E-01 -2.29132E-03  5.81885E-01  9.49353E-01      -1.00000E+00  1.00000E+00
 -9.49530E-01 -5.78062E-01  5.30053E-03  5.87345E-01  9.51483E-01      -1.00000E+00  1.00000E+00
 -9.41335E-01 -5.21145E-01  9.21825E-02  6.43790E-01  9.57280E-01      -1.00000E+00  1.00000E+00
 -9.40457E-01 -5.24695E-01  8.76695E-02  6.40470E-01  9.58150E-01      -1.00000E+00  1.00000E+00
 -9.45550E-01 -5.47840E-01  5.92802E-02  6.22195E-01  9.56385E-01      -1.00000E+00  1.00000E+00
 -9.46752E-01 -5.52168E-01  4.18163E-02  6.13990E-01  9.55458E-01      -1.00000E+00  1.00000E+00
 -9.45227E-01 -5.67847E-01  3.37662E-02  6.06348E-01  9.52357E-01      -1.00000E+00  1.00000E+00
 -8.71780E-01 -2.00455E-01  4.20525E-01  8.00370E-01  9.77820E-01      -1.00000E+00  1.00000E+00
 -8.91125E-01 -2.62915E-01  3.63535E-01  7.80023E-01  9.75865E-01      -1.00000E+00  1.00000E+00
 -9.00995E-01 -3.13635E-01  3.13592E-01  7.58020E-01  9.73675E-01      -1.00000E+00  1.00000E+00
 -9.19255E-01 -3.99070E-01  2.35308E-01  7.21928E-01  9.68278E-01      -1.00000E+00  1.00000E+00
 -9.36362E-01 -4.87587E-01  1.32602E-01  6.64722E-01  9.62612E-01      -1.00000E+00  1.00000E+00
 -6.44230E-01  2.90967E-01  7.19015E-01  9.10832E-01  9.90630E-01      -1.00000E+00  1.00000E+00
 -7.01882E-01  1.94647E-01  6.70443E-01  8.95675E-01  9.88798E-01      -1.00000E+00  1.00000E+00
 -7.82450E-01  7.40264E-02  6.04110E-01  8.72155E-01  9.86710E-01      -1.00000E+00  1.00000E+00
 -8.35867E-01 -8.48215E-02  5.01070E-01  8.35070E-01  9.82145E-01      -1.00000E+00  1.00000E+00
 -9.03050E-01 -3.27198E-01  3.08285E-01  7.52470E-01  9.72078E-01      -1.00000E+00  1.00000E+00
 -4.47225E-02  6.81612E-01  8.85565E-01  9.65795E-01  9.96575E-01      -1.00000E+00  1.00000E+00
 -2.15000E-01  5.96638E-01  8.48222E-01  9.53525E-01  9.95282E-01      -1.00000E+00  1.00000E+00
 -3.97275E-01  4.74895E-01  7.97615E-01  9.37487E-01  9.93457E-01      -1.00000E+00  1.00000E+00
 -6.11943E-01  2.96269E-01  7.11118E-01  9.08165E-01  9.90523E-01      -1.00000E+00  1.00000E+00
 -8.27997E-01 -1.14652E-01  4.80895E-01  8.26730E-01  9.80885E-01      -1.00000E+00  1.00000E+00


    1.   1.01   74. 183.84  2.00E+03  7.00E+01  6.73E-01  4.73E-01     5   0.00

  5.89920E+02  1.23490E+03  1.56990E+03  1.76890E+03  1.91030E+03       1.07420E-02  1.98250E+03

  4.17685E-01  6.25755E-01  7.61220E-01  8.68075E-01  9.58975E-01       2.57070E-02  1.00000E+00
  3.60715E-01  5.66495E-01  7.12830E-01  8.34990E-01  9.46960E-01       1.21050E-02  1.00000E+00
  2.87355E-01  4.69795E-01  6.18220E-01  7.63215E-01  9.16415E-01       2.23200E-02  1.00000E+00
  2.23635E-01  3.75200E-01  5.16175E-01  6.74720E-01  8.74140E-01       1.13440E-02  1.00000E+00
  1.48115E-01  2.70335E-01  4.00250E-01  5.66585E-01  8.13085E-01       2.87170E-03  1.00000E+00

 -9.50402E-01 -5.77368E-01  9.44522E-03  5.89753E-01  9.48928E-01      -1.00000E+00  1.00000E+00
 -9.48955E-01 -5.82663E-01  1.28513E-02  5.92207E-01  9.50775E-01      -1.00000E+00  1.00000E+00
 -9.52032E-01 -5.89633E-01 -6.23253E-03  5.92098E-01  9.51680E-01      -1.00000E+00  1.00000E+00
 -9.49615E-01 -5.87737E-01  4.63900E-03  5.88735E-01  9.50980E-01      -1.00000E+00  1.00000E+00
 -9.52425E-01 -5.81943E-01  1.36687E-02  5.92885E-01  9.51603E-01      -1.00000E+00  1.00000E+00
 -9.17438E-01 -4.00667E-01  2.27470E-01  7.18725E-01  9.69122E-01      -1.00000E+00  1.00000E+00
 -9.26523E-01 -4.38597E-01  1.88123E-01  6.94335E-01  9.66533E-01      -1.00000E+00  1.00000E+00
 -9.32913E-01 -4.71002E-01  1.61364E-01  6.81737E-01  9.63912E-01      -1.00000E+00  1.00000E+00
 -9.40033E-01 -5.02672E-01  1.09133E-01  6.44702E-01  9.58700E-01      -1.00000E+00  1.00000E+00
 -9.45298E-01 -5.37757E-01  6.51403E-02  6.29382E-01  9.55398E-01      -1.00000E+00  1.00000E+00
 -7.00067E-01  1.77482E-01  6.51445E-01  8.89972E-01  9.88720E-01      -1.00000E+00  1.00000E+00
 -7.64042E-01  8.16972E-02  6.02288E-01  8.71377E-01  9.86505E-01      -1.00000E+00  1.00000E+00
 -8.17515E-01 -3.99632E-02  5.30127E-01  8.47603E-01  9.83785E-01      -1.00000E+00  1.00000E+00
 -8.67592E-01 -1.72380E-01  4.36667E-01  8.08855E-01  9.79305E-01      -1.00000E+00  1.00000E+00
 -9.13243E-01 -3.66492E-01  2.57815E-01  7.27973E-01  9.70235E-01      -1.00000E+00  1.00000E+00
 -1.47102E-01  6.53815E-01  8.73270E-01  9.61917E-01  9.96272E-01      -1.00000E+00  1.00000E+00
 -3.19350E-01  5.59030E-01  8.34638E-01  9.48925E-01  9.94850E-01      -1.00000E+00  1.00000E+00
 -4.96078E-01  4.30863E-01  7.81355E-01  9.33295E-01  9.92910E-01      -1.00000E+00  1.00000E+00
 -6.84165E-01  2.35195E-01  6.89025E-01  9.03405E-01  9.90155E-01      -1.00000E+00  1.00000E+00
 -8.56278E-01 -1.42054E-01  4.54542E-01  8.11485E-01  9.79975E-01      -1.00000E+00  1.00000E+00
  4.73653E-01  8.67560E-01  9.53457E-01  9.86235E-01  9.98595E-01      -1.00000E+00  1.00000E+00
  2.95323E-01  8.09438E-01  9.31930E-01  9.79515E-01  9.97900E-01      -1.00000E+00  1.00000E+00
  9.55033E-02  7.29123E-01  9.00622E-01  9.69838E-01  9.96878E-01      -1.00000E+00  1.00000E+00
 -1.98193E-01  5.79422E-01  8.40812E-01  9.50175E-01  9.94735E-01      -1.00000E+00  1.00000E+00
 -6.63550E-01  1.58253E-01  6.35985E-01  8.82227E-01  9.87237E-01      -1.00000E+00  1.00000E+00


    1.   1.01   74. 183.84  2.00E+03  8.00E+01  7.72E-01  6.09E-01     5   0.00

  8.33430E+02  1.52180E+03  1.77940E+03  1.89250E+03  1.95520E+03       5.55970E-02  1.98660E+03

  3.98295E-01  6.07855E-01  7.47525E-01  8.59155E-01  9.55620E-01       8.89190E-03  1.00000E+00
  2.81025E-01  4.63655E-01  6.13545E-01  7.59705E-01  9.15520E-01       1.69670E-02  1.00000E+00
  1.80450E-01  3.07925E-01  4.38460E-01  6.03630E-01  8.36055E-01       1.98840E-02  9.99990E-01
  1.22905E-01  2.15385E-01  3.25015E-01  4.84370E-01  7.60250E-01       2.85640E-03  9.99990E-01
  7.45190E-02  1.41270E-01  2.26595E-01  3.59465E-01  6.25650E-01       1.44250E-04  9.99980E-01

 -9.44975E-01 -5.48127E-01  6.26895E-02  6.27410E-01  9.55195E-01      -1.00000E+00  1.00000E+00
 -9.47893E-01 -5.54000E-01  4.59502E-02  6.11580E-01  9.55152E-01      -1.00000E+00  1.00000E+00
 -9.49030E-01 -5.70662E-01  2.50772E-02  6.06025E-01  9.55143E-01      -1.00000E+00  1.00000E+00
 -9.47045E-01 -5.64520E-01  3.79918E-02  6.06130E-01  9.54233E-01      -1.00000E+00  1.00000E+00
 -9.49262E-01 -5.81795E-01  1.05474E-02  5.99460E-01  9.51585E-01      -1.00000E+00  1.00000E+00
 -7.02895E-01  1.31317E-01  6.20680E-01  8.78205E-01  9.87575E-01      -1.00000E+00  1.00000E+00
 -7.66765E-01  3.30250E-02  5.63415E-01  8.56507E-01  9.84950E-01      -1.00000E+00  1.00000E+00
 -8.27480E-01 -9.14288E-02  4.90903E-01  8.27515E-01  9.82407E-01      -1.00000E+00  1.00000E+00
 -8.70690E-01 -2.17756E-01  3.94053E-01  7.86905E-01  9.76608E-01      -1.00000E+00  1.00000E+00
 -9.22558E-01 -4.15560E-01  2.19075E-01  7.14133E-01  9.68620E-01      -1.00000E+00  1.00000E+00
  1.64392E-01  7.81757E-01  9.23743E-01  9.78212E-01  9.97815E-01      -1.00000E+00  1.00000E+00
 -3.12550E-02  7.05135E-01  8.94425E-01  9.68732E-01  9.96825E-01      -1.00000E+00  1.00000E+00
 -2.71436E-01  5.81597E-01  8.45890E-01  9.53925E-01  9.95365E-01      -1.00000E+00  1.00000E+00
 -5.33303E-01  3.96030E-01  7.64400E-01  9.28475E-01  9.92470E-01      -1.00000E+00  1.00000E+00
 -8.08275E-01 -3.13512E-02  5.32373E-01  8.45803E-01  9.84215E-01      -1.00000E+00  1.00000E+00
  6.91420E-01  9.33700E-01  9.77588E-01  9.93563E-01  9.99358E-01      -1.00000E+00  1.00000E+00
  5.74540E-01  9.01033E-01  9.65043E-01  9.89630E-01  9.98918E-01      -1.00000E+00  1.00000E+00
  3.43237E-01  8.39170E-01  9.43710E-01  9.83352E-01  9.98250E-01      -1.00000E+00  1.00000E+00
 -5.10798E-02  7.07935E-01  8.96795E-01  9.69663E-01  9.96890E-01      -1.00000E+00  1.00000E+00
 -6.45985E-01  2.43517E-01  6.91707E-01  9.04672E-01  9.89985E-01      -1.00000E+00  1.00000E+00
  9.11053E-01  9.79050E-01  9.92583E-01  9.97793E-01  9.99775E-01      -9.99950E-01  1.00000E+00
  8.45940E-01  9.62475E-01  9.86880E-01  9.96080E-01  9.99605E-01      -9.99990E-01  1.00000E+00
  7.41707E-01  9.34532E-01  9.76780E-01  9.93075E-01  9.99285E-01      -9.99890E-01  1.00000E+00
  5.52170E-01  8.75410E-01  9.54182E-01  9.85912E-01  9.98592E-01      -1.00000E+00  1.00000E+00
  1.33613E-01  6.31242E-01  8.49452E-01  9.52642E-01  9.94770E-01      -1.00000E+00  1.00000E+00


    1.   1.01   74. 183.84  2.00E+03  8.50E+01  8.74E-01  7.71E-01     5   0.00

  1.28240E+03  1.84140E+03  1.92530E+03  1.95520E+03  1.97300E+03       7.88460E-02  1.98900E+03

  3.30000E-01  5.25855E-01  6.72640E-01  8.06000E-01  9.34785E-01       9.77100E-03  9.99990E-01
  1.24939E-01  2.20430E-01  3.32480E-01  4.92120E-01  7.63635E-01       5.32230E-03  1.00000E+00
  6.98035E-02  1.17060E-01  1.82000E-01  3.03445E-01  6.14640E-01       4.19260E-04  9.99960E-01
  5.76760E-02  9.74140E-02  1.51390E-01  2.53000E-01  5.24980E-01       6.05760E-04  9.99950E-01
  3.36540E-02  6.05970E-02  9.60575E-02  1.58550E-01  3.06965E-01       1.01270E-04  9.10490E-01

 -8.21687E-01 -1.56295E-01  3.83084E-01  7.73050E-01  9.74172E-01      -1.00000E+00  1.00000E+00
 -8.66087E-01 -2.48384E-01  3.24667E-01  7.45375E-01  9.70488E-01      -1.00000E+00  1.00000E+00
 -8.97525E-01 -3.32184E-01  2.67876E-01  7.27873E-01  9.69718E-01      -1.00000E+00  1.00000E+00
 -9.20368E-01 -4.07173E-01  2.12362E-01  6.99417E-01  9.65760E-01      -1.00000E+00  1.00000E+00
 -9.36108E-01 -4.97040E-01  1.18042E-01  6.56045E-01  9.60468E-01      -1.00000E+00  1.00000E+00
  5.30825E-01  8.97265E-01  9.66677E-01  9.90555E-01  9.99073E-01      -1.00000E+00  1.00000E+00
  3.58749E-01  8.41655E-01  9.45380E-01  9.84030E-01  9.98352E-01      -1.00000E+00  1.00000E+00
  1.16565E-01  7.52190E-01  9.11585E-01  9.73713E-01  9.97260E-01      -1.00000E+00  1.00000E+00
 -2.37128E-01  5.91345E-01  8.48008E-01  9.54590E-01  9.95228E-01      -1.00000E+00  1.00000E+00
 -7.12015E-01  1.22369E-01  6.22243E-01  8.79935E-01  9.87030E-01      -1.00000E+00  1.00000E+00
  9.39588E-01  9.87790E-01  9.95928E-01  9.98827E-01  9.99883E-01      -1.00000E+00  1.00000E+00
  8.96455E-01  9.78390E-01  9.92743E-01  9.97920E-01  9.99792E-01      -1.00000E+00  1.00000E+00
  8.03305E-01  9.59653E-01  9.86282E-01  9.96012E-01  9.99600E-01      -9.99990E-01  1.00000E+00
  5.37053E-01  9.02410E-01  9.67720E-01  9.90708E-01  9.99030E-01      -1.00000E+00  1.00000E+00
 -4.04018E-01  4.60180E-01  8.03257E-01  9.41743E-01  9.94278E-01      -1.00000E+00  1.00000E+00
  9.71920E-01  9.93533E-01  9.97715E-01  9.99320E-01  9.99930E-01      -5.25300E-01  1.00000E+00
  9.51745E-01  9.88840E-01  9.96088E-01  9.98827E-01  9.99875E-01      -5.32340E-01  1.00000E+00
  9.10795E-01  9.79222E-01  9.92657E-01  9.97802E-01  9.99770E-01      -6.50350E-01  1.00000E+00
  8.03863E-01  9.51393E-01  9.82940E-01  9.94865E-01  9.99500E-01      -6.41890E-01  1.00000E+00
  4.57073E-01  8.02048E-01  9.22690E-01  9.75880E-01  9.97565E-01      -9.99980E-01  1.00000E+00
  9.93152E-01  9.98005E-01  9.99238E-01  9.99760E-01  9.99975E-01       4.58860E-01  1.00000E+00
  9.86348E-01  9.96243E-01  9.98602E-01  9.99573E-01  9.99955E-01       4.71800E-01  1.00000E+00
  9.72923E-01  9.92613E-01  9.97300E-01  9.99162E-01  9.99915E-01       3.57470E-01  1.00000E+00
  9.45235E-01  9.83405E-01  9.93838E-01  9.98153E-01  9.99820E-01       3.57660E-01  1.00000E+00
  8.90140E-01  9.61568E-01  9.84735E-01  9.95265E-01  9.99513E-01       3.75870E-01  1.00000E+00


    1.   1.01   74. 183.84  5.00E+03  0.00E+00  3.29E-01  1.56E-01     5   0.00

  6.10380E+02  1.56450E+03  2.36010E+03  3.14830E+03  4.11550E+03       2.87140E-02  4.90140E+03

  4.18860E-01  6.28870E-01  7.64460E-01  8.70690E-01  9.60040E-01       1.42210E-02  1.00000E+00
  3.98915E-01  6.16065E-01  7.55875E-01  8.65300E-01  9.58405E-01       2.90640E-02  1.00000E+00
  3.97035E-01  6.10415E-01  7.52570E-01  8.62270E-01  9.56875E-01       3.18300E-02  1.00000E+00
  3.76190E-01  5.90910E-01  7.32920E-01  8.48625E-01  9.51865E-01       2.50410E-02  1.00000E+00
  3.02490E-01  5.00940E-01  6.53015E-01  7.93685E-01  9.30490E-01       2.23360E-02  1.00000E+00

 -9.52722E-01 -5.86377E-01  3.82145E-03  5.89495E-01  9.50577E-01      -1.00000E+00  1.00000E+00
 -9.52948E-01 -5.99738E-01 -2.11672E-02  5.81638E-01  9.49342E-01      -1.00000E+00  1.00000E+00
 -9.53012E-01 -5.93788E-01 -2.28132E-02  5.79487E-01  9.51747E-01      -1.00000E+00  1.00000E+00
 -9.50937E-01 -5.80527E-01  1.12850E-02  5.99305E-01  9.52923E-01      -1.00000E+00  1.00000E+00
 -9.51940E-01 -5.89360E-01 -1.50033E-02  5.77572E-01  9.49113E-01      -1.00000E+00  1.00000E+00
 -9.51693E-01 -5.89270E-01 -5.06600E-03  5.83422E-01  9.51067E-01      -1.00000E+00  1.00000E+00
 -9.52373E-01 -5.89792E-01 -9.56515E-03  5.81465E-01  9.53225E-01      -1.00000E+00  1.00000E+00
 -9.54330E-01 -6.05690E-01 -2.33819E-02  5.79580E-01  9.50870E-01      -1.00000E+00  1.00000E+00
 -9.54268E-01 -5.81790E-01  1.13551E-02  5.93557E-01  9.51065E-01      -1.00000E+00  1.00000E+00
 -9.52845E-01 -5.93593E-01 -4.77025E-03  5.88448E-01  9.50620E-01      -1.00000E+00  1.00000E+00
 -9.52550E-01 -5.90285E-01 -1.47428E-02  5.86520E-01  9.49972E-01      -1.00000E+00  1.00000E+00
 -9.49310E-01 -5.77403E-01  6.27480E-03  5.90995E-01  9.50090E-01      -1.00000E+00  1.00000E+00
 -9.50195E-01 -5.79238E-01  1.79742E-02  6.06963E-01  9.51893E-01      -1.00000E+00  1.00000E+00
 -9.46700E-01 -5.83307E-01  2.62883E-03  5.94193E-01  9.52825E-01      -1.00000E+00  1.00000E+00
 -9.48490E-01 -5.80763E-01  1.13620E-03  5.94340E-01  9.53585E-01      -1.00000E+00  1.00000E+00
 -9.50260E-01 -5.83207E-01  1.29195E-03  5.80090E-01  9.51590E-01      -1.00000E+00  1.00000E+00
 -9.51595E-01 -6.02880E-01 -1.66835E-02  5.73180E-01  9.48465E-01      -1.00000E+00  1.00000E+00
 -9.47973E-01 -5.81442E-01  2.15620E-03  5.81727E-01  9.49863E-01      -1.00000E+00  1.00000E+00
 -9.50660E-01 -5.90420E-01 -1.05211E-03  5.83842E-01  9.51110E-01      -1.00000E+00  1.00000E+00
 -9.51062E-01 -5.92515E-01 -1.68476E-02  5.86703E-01  9.52762E-01      -1.00000E+00  1.00000E+00
 -9.48930E-01 -5.78192E-01 -7.51100E-04  6.00825E-01  9.50570E-01      -1.00000E+00  1.00000E+00
 -9.51158E-01 -5.86000E-01 -4.82472E-03  5.96838E-01  9.52575E-01      -1.00000E+00  1.00000E+00
 -9.49755E-01 -5.86740E-01 -1.02260E-03  5.86110E-01  9.49848E-01      -1.00000E+00  1.00000E+00
 -9.51828E-01 -5.83895E-01  1.10784E-02  5.86840E-01  9.49880E-01      -1.00000E+00  1.00000E+00
 -9.52817E-01 -5.86765E-01  5.17925E-03  5.99465E-01  9.52640E-01      -1.00000E+00  1.00000E+00


    1.   1.01   74. 183.84  5.00E+03  3.00E+01  3.78E-01  1.88E-01     5   0.00

  6.82100E+02  1.71060E+03  2.53560E+03  3.31760E+03  4.21740E+03       6.83780E-02  4.92820E+03

  4.15570E-01  6.26690E-01  7.63135E-01  8.69485E-01  9.59760E-01       3.38280E-02  1.00000E+00
  3.95465E-01  6.12975E-01  7.53125E-01  8.64440E-01  9.58000E-01       1.12850E-02  1.00000E+00
  3.84425E-01  5.98060E-01  7.41900E-01  8.56000E-01  9.54365E-01       2.84370E-02  1.00000E+00
  3.61680E-01  5.67225E-01  7.10400E-01  8.32500E-01  9.46065E-01       2.36330E-02  1.00000E+00
  2.81310E-01  4.71245E-01  6.22930E-01  7.67865E-01  9.19790E-01       2.71000E-02  9.99990E-01

 -9.52093E-01 -5.91455E-01 -1.11347E-02  5.79225E-01  9.52207E-01      -1.00000E+00  1.00000E+00
 -9.49460E-01 -5.88110E-01  1.11787E-03  5.86468E-01  9.53263E-01      -1.00000E+00  1.00000E+00
 -9.52413E-01 -5.84577E-01  4.62530E-03  5.94037E-01  9.51820E-01      -1.00000E+00  1.00000E+00
 -9.49720E-01 -5.88197E-01  8.38700E-03  5.91668E-01  9.52632E-01      -1.00000E+00  1.00000E+00
 -9.49087E-01 -5.88767E-01 -5.33645E-03  5.85812E-01  9.51742E-01      -1.00000E+00  1.00000E+00
 -9.52135E-01 -5.75765E-01  2.89750E-02  6.12707E-01  9.57340E-01      -1.00000E+00  1.00000E+00
 -9.51333E-01 -5.76093E-01  2.08914E-02  5.90865E-01  9.49575E-01      -1.00000E+00  1.00000E+00
 -9.52360E-01 -5.86530E-01  2.17425E-03  6.01132E-01  9.52568E-01      -1.00000E+00  1.00000E+00
 -9.48838E-01 -5.79412E-01  1.23925E-02  5.92603E-01  9.53368E-01      -1.00000E+00  1.00000E+00
 -9.49978E-01 -5.67765E-01  1.67451E-02  5.88765E-01  9.50375E-01      -1.00000E+00  1.00000E+00
 -9.33775E-01 -4.89575E-01  1.31348E-01  6.70315E-01  9.61165E-01      -1.00000E+00  1.00000E+00
 -9.36808E-01 -5.07048E-01  9.30950E-02  6.47872E-01  9.60575E-01      -1.00000E+00  1.00000E+00
 -9.44732E-01 -5.21830E-01  9.70215E-02  6.42772E-01  9.60080E-01      -1.00000E+00  1.00000E+00
 -9.42960E-01 -5.40027E-01  7.13012E-02  6.31380E-01  9.54443E-01      -1.00000E+00  1.00000E+00
 -9.49322E-01 -5.65805E-01  4.62638E-02  6.14448E-01  9.56622E-01      -1.00000E+00  1.00000E+00
 -9.04722E-01 -3.22463E-01  3.20518E-01  7.54723E-01  9.73678E-01      -1.00000E+00  1.00000E+00
 -9.08090E-01 -3.49265E-01  2.73860E-01  7.42563E-01  9.71477E-01      -1.00000E+00  1.00000E+00
 -9.19242E-01 -4.02682E-01  2.40745E-01  7.27637E-01  9.68117E-01      -1.00000E+00  1.00000E+00
 -9.24268E-01 -4.35347E-01  2.10680E-01  7.03915E-01  9.66213E-01      -1.00000E+00  1.00000E+00
 -9.39795E-01 -5.22330E-01  1.02615E-01  6.52320E-01  9.61593E-01      -1.00000E+00  1.00000E+00
 -8.00553E-01 -6.04950E-03  5.43995E-01  8.51897E-01  9.84190E-01      -1.00000E+00  1.00000E+00
 -8.35395E-01 -9.13630E-02  5.01737E-01  8.39360E-01  9.82733E-01      -1.00000E+00  1.00000E+00
 -8.67022E-01 -1.69745E-01  4.40958E-01  8.09917E-01  9.79957E-01      -1.00000E+00  1.00000E+00
 -8.96642E-01 -2.81907E-01  3.49662E-01  7.70228E-01  9.73495E-01      -1.00000E+00  1.00000E+00
 -9.26870E-01 -4.42240E-01  1.94905E-01  6.99057E-01  9.67440E-01      -1.00000E+00  1.00000E+00


    1.   1.01   74. 183.84  5.00E+03  4.50E+01  4.39E-01  2.35E-01     5   0.00

  7.97480E+02  1.91770E+03  2.78130E+03  3.54490E+03  4.35330E+03       4.42790E-02  4.94460E+03

  4.14685E-01  6.27025E-01  7.63000E-01  8.69755E-01  9.59800E-01       3.12990E-02  1.00000E+00
  3.89935E-01  6.05995E-01  7.48210E-01  8.60085E-01  9.56050E-01       2.21870E-02  9.99990E-01
  3.68045E-01  5.80175E-01  7.24660E-01  8.43750E-01  9.50250E-01       2.57240E-02  1.00000E+00
  3.31055E-01  5.28555E-01  6.75040E-01  8.06705E-01  9.34940E-01       1.89620E-02  1.00000E+00
  2.50110E-01  4.26695E-01  5.77505E-01  7.31665E-01  9.02770E-01       1.28440E-02  1.00000E+00

 -9.52310E-01 -5.92440E-01 -7.38765E-03  5.83978E-01  9.52758E-01      -1.00000E+00  1.00000E+00
 -9.51490E-01 -5.80708E-01  6.16344E-03  5.98290E-01  9.52675E-01      -1.00000E+00  1.00000E+00
 -9.50290E-01 -5.76512E-01  1.01719E-02  5.92637E-01  9.52070E-01      -1.00000E+00  1.00000E+00
 -9.48462E-01 -5.90673E-01 -7.36150E-04  5.84520E-01  9.49248E-01      -1.00000E+00  1.00000E+00
 -9.52952E-01 -5.91155E-01 -1.09350E-02  5.80403E-01  9.48720E-01      -1.00000E+00  1.00000E+00
 -9.47933E-01 -5.54652E-01  5.19995E-02  6.32215E-01  9.57313E-01      -1.00000E+00  1.00000E+00
 -9.45527E-01 -5.55588E-01  4.44688E-02  6.15865E-01  9.52713E-01      -1.00000E+00  1.00000E+00
 -9.44457E-01 -5.49265E-01  4.31895E-02  6.19275E-01  9.56605E-01      -1.00000E+00  1.00000E+00
 -9.49248E-01 -5.73828E-01  3.15174E-02  6.06892E-01  9.54085E-01      -1.00000E+00  1.00000E+00
 -9.50040E-01 -5.66530E-01  2.41466E-02  6.02322E-01  9.52205E-01      -1.00000E+00  1.00000E+00
 -9.17805E-01 -3.88740E-01  2.51592E-01  7.23308E-01  9.69600E-01      -1.00000E+00  1.00000E+00
 -9.21198E-01 -4.10032E-01  2.28523E-01  7.12707E-01  9.66950E-01      -1.00000E+00  1.00000E+00
 -9.22832E-01 -4.40268E-01  1.80322E-01  6.91043E-01  9.64015E-01      -1.00000E+00  1.00000E+00
 -9.30540E-01 -4.72723E-01  1.50030E-01  6.74840E-01  9.63735E-01      -1.00000E+00  1.00000E+00
 -9.42700E-01 -5.38118E-01  7.26200E-02  6.30695E-01  9.58440E-01      -1.00000E+00  1.00000E+00
 -8.18353E-01 -5.27420E-02  5.24410E-01  8.42473E-01  9.83900E-01      -1.00000E+00  1.00000E+00
 -8.38415E-01 -1.04062E-01  4.85465E-01  8.25835E-01  9.81798E-01      -1.00000E+00  1.00000E+00
 -8.64960E-01 -1.86962E-01  4.21340E-01  8.05450E-01  9.78932E-01      -1.00000E+00  1.00000E+00
 -8.94390E-01 -2.96070E-01  3.43562E-01  7.69607E-01  9.75378E-01      -1.00000E+00  1.00000E+00
 -9.30950E-01 -4.42605E-01  2.00862E-01  7.06770E-01  9.67043E-01      -1.00000E+00  1.00000E+00
 -5.41562E-01  3.73993E-01  7.58120E-01  9.22695E-01  9.91968E-01      -1.00000E+00  1.00000E+00
 -6.38065E-01  2.86710E-01  7.11110E-01  9.09540E-01  9.90655E-01      -1.00000E+00  1.00000E+00
 -7.26487E-01  1.53037E-01  6.45682E-01  8.87443E-01  9.88302E-01      -1.00000E+00  1.00000E+00
 -8.22573E-01 -3.39455E-02  5.40272E-01  8.47155E-01  9.83762E-01      -1.00000E+00  1.00000E+00
 -9.00493E-01 -3.03205E-01  3.33335E-01  7.66437E-01  9.74100E-01      -1.00000E+00  1.00000E+00


    1.   1.01   74. 183.84  5.00E+03  6.00E+01  5.31E-01  3.16E-01     5   0.00

  1.00220E+03  2.29080E+03  3.19260E+03  3.89770E+03  4.54150E+03       8.62560E-02  4.95720E+03

  4.09140E-01  6.21950E-01  7.60695E-01  8.68330E-01  9.59595E-01       2.34050E-02  1.00000E+00
  3.75425E-01  5.89440E-01  7.32430E-01  8.49575E-01  9.52345E-01       2.73550E-02  1.00000E+00
  3.30205E-01  5.30880E-01  6.77735E-01  8.09905E-01  9.36765E-01       1.74660E-02  1.00000E+00
  2.74330E-01  4.53340E-01  5.99065E-01  7.44460E-01  9.08155E-01       2.21950E-02  1.00000E+00
  1.97140E-01  3.48590E-01  4.92390E-01  6.56050E-01  8.65995E-01       1.99610E-02  9.99960E-01

 -9.51820E-01 -5.79443E-01  6.48539E-03  5.95155E-01  9.53453E-01      -1.00000E+00  1.00000E+00
 -9.52128E-01 -5.91697E-01 -4.61277E-03  5.84407E-01  9.51650E-01      -1.00000E+00  1.00000E+00
 -9.52450E-01 -5.88505E-01  2.23768E-02  5.98215E-01  9.50102E-01      -1.00000E+00  1.00000E+00
 -9.48135E-01 -5.71250E-01  1.37030E-02  5.91605E-01  9.50260E-01      -1.00000E+00  1.00000E+00
 -9.52835E-01 -5.93212E-01 -1.77498E-03  5.87015E-01  9.50213E-01      -1.00000E+00  1.00000E+00
 -9.31950E-01 -4.70773E-01  1.44564E-01  6.69623E-01  9.62255E-01      -1.00000E+00  1.00000E+00
 -9.35270E-01 -4.86492E-01  1.34742E-01  6.60395E-01  9.60445E-01      -1.00000E+00  1.00000E+00
 -9.39808E-01 -5.19905E-01  1.08717E-01  6.57398E-01  9.59538E-01      -1.00000E+00  1.00000E+00
 -9.42555E-01 -5.34972E-01  7.10200E-02  6.33528E-01  9.57148E-01      -1.00000E+00  1.00000E+00
 -9.45400E-01 -5.61508E-01  2.93145E-02  6.05847E-01  9.54608E-01      -1.00000E+00  1.00000E+00
 -8.36015E-01 -7.96132E-02  5.03835E-01  8.34790E-01  9.81507E-01      -1.00000E+00  1.00000E+00
 -8.50047E-01 -1.43130E-01  4.53725E-01  8.15952E-01  9.79940E-01      -1.00000E+00  1.00000E+00
 -8.78667E-01 -2.23315E-01  3.98425E-01  7.89490E-01  9.76780E-01      -1.00000E+00  1.00000E+00
 -8.98898E-01 -3.13692E-01  3.21240E-01  7.59402E-01  9.73365E-01      -1.00000E+00  1.00000E+00
 -9.29630E-01 -4.51205E-01  1.75480E-01  6.88497E-01  9.64432E-01      -1.00000E+00  1.00000E+00
 -5.17780E-01  4.05103E-01  7.65912E-01  9.27780E-01  9.92625E-01      -1.00000E+00  1.00000E+00
 -5.98780E-01  3.05675E-01  7.21262E-01  9.13423E-01  9.91065E-01      -1.00000E+00  1.00000E+00
 -7.01720E-01  1.97291E-01  6.70478E-01  8.93310E-01  9.88348E-01      -1.00000E+00  1.00000E+00
 -7.78535E-01  2.44485E-02  5.66535E-01  8.62705E-01  9.85820E-01      -1.00000E+00  1.00000E+00
 -8.90235E-01 -2.74707E-01  3.58055E-01  7.76953E-01  9.75828E-01      -1.00000E+00  1.00000E+00
  4.48800E-02  7.17572E-01  8.94815E-01  9.68187E-01  9.96555E-01      -1.00000E+00  1.00000E+00
 -1.65519E-01  6.28940E-01  8.63890E-01  9.58485E-01  9.95930E-01      -1.00000E+00  1.00000E+00
 -3.49012E-01  5.22350E-01  8.16450E-01  9.43100E-01  9.93692E-01      -1.00000E+00  1.00000E+00
 -6.00975E-01  3.30270E-01  7.37492E-01  9.17810E-01  9.91785E-01      -1.00000E+00  1.00000E+00
 -8.27547E-01 -8.22857E-02  4.97560E-01  8.28618E-01  9.82262E-01      -1.00000E+00  1.00000E+00


    1.   1.01   74. 183.84  5.00E+03  7.00E+01  6.11E-01  3.99E-01     5   0.00

  1.23660E+03  2.69330E+03  3.59920E+03  4.20880E+03  4.69160E+03       4.15110E-02  4.96320E+03

  4.03585E-01  6.16585E-01  7.56125E-01  8.65355E-01  9.57990E-01       2.79000E-02  1.00000E+00
  3.47435E-01  5.55935E-01  7.03250E-01  8.29420E-01  9.44925E-01       2.14830E-02  1.00000E+00
  2.76255E-01  4.57170E-01  6.04130E-01  7.50080E-01  9.09860E-01       2.32080E-02  9.99990E-01
  2.13400E-01  3.62610E-01  5.00285E-01  6.58250E-01  8.64730E-01       2.33920E-02  9.99990E-01
  1.48210E-01  2.70010E-01  3.98745E-01  5.63220E-01  8.09740E-01       1.00670E-02  9.99970E-01

 -9.47160E-01 -5.72375E-01  2.40325E-02  6.00475E-01  9.51485E-01      -1.00000E+00  1.00000E+00
 -9.50403E-01 -5.85762E-01  8.95447E-03  5.90677E-01  9.52097E-01      -1.00000E+00  1.00000E+00
 -9.51370E-01 -5.72765E-01  1.39163E-02  5.98712E-01  9.52285E-01      -1.00000E+00  1.00000E+00
 -9.49952E-01 -5.81577E-01 -2.19182E-04  5.89390E-01  9.50977E-01      -1.00000E+00  1.00000E+00
 -9.50625E-01 -5.78495E-01  1.70288E-02  5.96602E-01  9.50610E-01      -1.00000E+00  1.00000E+00
 -8.96727E-01 -3.01520E-01  3.25360E-01  7.60740E-01  9.74168E-01      -1.00000E+00  1.00000E+00
 -9.06387E-01 -3.40080E-01  2.94665E-01  7.46227E-01  9.70535E-01      -1.00000E+00  1.00000E+00
 -9.14262E-01 -3.86862E-01  2.45387E-01  7.22015E-01  9.68495E-01      -1.00000E+00  1.00000E+00
 -9.28635E-01 -4.47267E-01  1.78128E-01  6.90608E-01  9.66705E-01      -1.00000E+00  1.00000E+00
 -9.38857E-01 -5.20293E-01  1.01380E-01  6.45720E-01  9.58095E-01      -1.00000E+00  1.00000E+00
 -5.92930E-01  3.09830E-01  7.17703E-01  9.11053E-01  9.90850E-01      -1.00000E+00  1.00000E+00
 -6.64222E-01  2.14641E-01  6.76353E-01  8.97608E-01  9.89155E-01      -1.00000E+00  1.00000E+00
 -7.54213E-01  1.02510E-01  6.18032E-01  8.75930E-01  9.87210E-01      -1.00000E+00  1.00000E+00
 -8.20325E-01 -6.14641E-02  5.12498E-01  8.39530E-01  9.83025E-01      -1.00000E+00  1.00000E+00
 -9.01415E-01 -3.28182E-01  3.07160E-01  7.52082E-01  9.72525E-01      -1.00000E+00  1.00000E+00
  2.45825E-02  7.04578E-01  8.92720E-01  9.67527E-01  9.96502E-01      -1.00000E+00  1.00000E+00
 -1.23280E-01  6.38977E-01  8.67003E-01  9.59390E-01  9.95713E-01      -1.00000E+00  1.00000E+00
 -3.60600E-01  5.20655E-01  8.19972E-01  9.45057E-01  9.94487E-01      -1.00000E+00  1.00000E+00
 -5.78873E-01  3.52570E-01  7.42208E-01  9.19580E-01  9.91595E-01      -1.00000E+00  1.00000E+00
 -8.25410E-01 -6.40795E-02  5.13695E-01  8.36185E-01  9.82755E-01      -1.00000E+00  1.00000E+00
  5.14435E-01  8.75205E-01  9.55685E-01  9.86498E-01  9.98597E-01      -1.00000E+00  1.00000E+00
  3.40700E-01  8.23490E-01  9.35952E-01  9.80668E-01  9.98023E-01      -1.00000E+00  1.00000E+00
  1.51618E-01  7.49985E-01  9.09355E-01  9.72740E-01  9.97093E-01      -1.00000E+00  1.00000E+00
 -2.08711E-01  6.07038E-01  8.50548E-01  9.53375E-01  9.95285E-01      -1.00000E+00  1.00000E+00
 -6.89630E-01  1.58510E-01  6.39885E-01  8.84405E-01  9.87765E-01      -1.00000E+00  1.00000E+00


    1.   1.01   74. 183.84  5.00E+03  8.00E+01  7.17E-01  5.34E-01     5   0.00

  1.72620E+03  3.41580E+03  4.19970E+03  4.59660E+03  4.85120E+03       2.10230E-01  4.97200E+03

  3.85565E-01  5.98935E-01  7.40585E-01  8.54665E-01  9.54040E-01       2.91190E-02  1.00000E+00
  2.72270E-01  4.55330E-01  6.04660E-01  7.52425E-01  9.11070E-01       2.52560E-02  1.00000E+00
  1.75275E-01  3.04025E-01  4.32235E-01  5.91260E-01  8.24805E-01       2.07120E-02  1.00000E+00
  1.25780E-01  2.19795E-01  3.25555E-01  4.77730E-01  7.48365E-01       1.47870E-02  1.00000E+00
  7.92370E-02  1.50445E-01  2.39070E-01  3.75735E-01  6.51265E-01       2.77520E-03  9.99990E-01

 -9.38230E-01 -5.19365E-01  8.96301E-02  6.46057E-01  9.58302E-01      -1.00000E+00  1.00000E+00
 -9.43457E-01 -5.37055E-01  7.20961E-02  6.29115E-01  9.55185E-01      -1.00000E+00  1.00000E+00
 -9.42348E-01 -5.36185E-01  6.18011E-02  6.24865E-01  9.56753E-01      -1.00000E+00  1.00000E+00
 -9.46390E-01 -5.57368E-01  4.22370E-02  6.16788E-01  9.56455E-01      -1.00000E+00  1.00000E+00
 -9.48827E-01 -5.73640E-01  2.99540E-02  6.10605E-01  9.53167E-01      -1.00000E+00  1.00000E+00
 -6.07152E-01  2.42095E-01  6.79845E-01  8.97412E-01  9.89180E-01      -1.00000E+00  1.00000E+00
 -6.95245E-01  1.44132E-01  6.27860E-01  8.80845E-01  9.87585E-01      -1.00000E+00  1.00000E+00
 -7.74695E-01  1.48100E-02  5.54688E-01  8.52507E-01  9.84230E-01      -1.00000E+00  1.00000E+00
 -8.37890E-01 -1.35260E-01  4.53612E-01  8.12962E-01  9.79758E-01      -1.00000E+00  1.00000E+00
 -9.09567E-01 -3.63397E-01  2.73303E-01  7.42565E-01  9.71810E-01      -1.00000E+00  1.00000E+00
  2.66530E-01  7.98530E-01  9.27240E-01  9.77933E-01  9.97733E-01      -1.00000E+00  1.00000E+00
  1.06041E-01  7.38903E-01  9.02517E-01  9.70245E-01  9.96887E-01      -1.00000E+00  1.00000E+00
 -1.26486E-01  6.40752E-01  8.66460E-01  9.59670E-01  9.95667E-01      -1.00000E+00  1.00000E+00
 -4.19420E-01  4.74803E-01  7.98025E-01  9.37797E-01  9.93602E-01      -1.00000E+00  1.00000E+00
 -7.68350E-01  3.16670E-02  5.69338E-01  8.57930E-01  9.84923E-01      -1.00000E+00  1.00000E+00
  7.15617E-01  9.31260E-01  9.75560E-01  9.92743E-01  9.99248E-01      -1.00000E+00  1.00000E+00
  6.11880E-01  9.01563E-01  9.64847E-01  9.89252E-01  9.98892E-01      -1.00000E+00  1.00000E+00
  4.23510E-01  8.51557E-01  9.46755E-01  9.83982E-01  9.98345E-01      -1.00000E+00  1.00000E+00
  7.66830E-02  7.36792E-01  9.05805E-01  9.71507E-01  9.97135E-01      -1.00000E+00  1.00000E+00
 -5.84500E-01  2.94449E-01  7.20955E-01  9.12223E-01  9.90875E-01      -1.00000E+00  1.00000E+00
  8.87795E-01  9.73667E-01  9.90745E-01  9.97258E-01  9.99720E-01      -1.00000E+00  1.00000E+00
  8.25733E-01  9.56603E-01  9.84415E-01  9.95322E-01  9.99515E-01      -1.00000E+00  1.00000E+00
  7.20503E-01  9.30215E-01  9.74948E-01  9.92395E-01  9.99238E-01      -1.00000E+00  1.00000E+00
  5.08065E-01  8.68260E-01  9.52253E-01  9.85440E-01  9.98580E-01      -1.00000E+00  1.00000E+00
 -1.18379E-01  5.80740E-01  8.39470E-01  9.50505E-01  9.94972E-01      -1.00000E+00  1.00000E+00


    1.   1.01   74. 183.84  5.00E+03  8.50E+01  8.11E-01  6.74E-01     5   0.00

  2.44240E+03  4.18090E+03  4.66000E+03  4.83380E+03  4.92330E+03       3.90880E-02  4.97590E+03

  3.46225E-01  5.51840E-01  6.98515E-01  8.24875E-01  9.42125E-01       1.35380E-02  1.00000E+00
  1.62480E-01  2.87240E-01  4.14395E-01  5.74925E-01  8.15190E-01       1.54480E-02  9.99980E-01
  8.82255E-02  1.52810E-01  2.33885E-01  3.65725E-01  6.52895E-01       4.13120E-03  9.99990E-01
  5.64420E-02  9.76635E-02  1.54145E-01  2.58095E-01  5.40940E-01       2.81240E-03  9.99980E-01
  3.79045E-02  6.98570E-02  1.14120E-01  1.92950E-01  4.01345E-01       1.10350E-03  9.99700E-01

 -8.66723E-01 -2.46430E-01  3.29055E-01  7.52405E-01  9.71955E-01      -1.00000E+00  1.00000E+00
 -8.98452E-01 -3.20910E-01  2.82621E-01  7.30452E-01  9.69803E-01      -1.00000E+00  1.00000E+00
 -9.11193E-01 -3.81235E-01  2.29338E-01  7.06005E-01  9.66212E-01      -1.00000E+00  1.00000E+00
 -9.26825E-01 -4.55358E-01  1.70848E-01  6.82135E-01  9.63400E-01      -1.00000E+00  1.00000E+00
 -9.41157E-01 -5.20663E-01  8.98284E-02  6.44042E-01  9.59632E-01      -1.00000E+00  1.00000E+00
  2.79179E-01  7.96755E-01  9.27395E-01  9.78490E-01  9.97770E-01      -1.00000E+00  1.00000E+00
  9.18700E-02  7.23270E-01  8.97585E-01  9.69452E-01  9.96878E-01      -1.00000E+00  1.00000E+00
 -1.21115E-01  6.16718E-01  8.55342E-01  9.55198E-01  9.95483E-01      -1.00000E+00  1.00000E+00
 -4.11237E-01  4.49980E-01  7.84163E-01  9.32630E-01  9.93043E-01      -1.00000E+00  1.00000E+00
 -7.71707E-01  2.31418E-02  5.57145E-01  8.53095E-01  9.84395E-01      -1.00000E+00  1.00000E+00
  8.63498E-01  9.68725E-01  9.89245E-01  9.96803E-01  9.99670E-01      -1.00000E+00  1.00000E+00
  7.97582E-01  9.52652E-01  9.83490E-01  9.94970E-01  9.99472E-01      -1.00000E+00  1.00000E+00
  6.78337E-01  9.22420E-01  9.72838E-01  9.91790E-01  9.99150E-01      -1.00000E+00  1.00000E+00
  4.02823E-01  8.51692E-01  9.47270E-01  9.83887E-01  9.98370E-01      -1.00000E+00  1.00000E+00
 -3.83763E-01  4.65727E-01  8.02168E-01  9.39453E-01  9.93835E-01      -1.00000E+00  1.00000E+00
  9.62273E-01  9.91570E-01  9.97150E-01  9.99195E-01  9.99915E-01      -9.99490E-01  1.00000E+00
  9.35380E-01  9.85167E-01  9.94868E-01  9.98483E-01  9.99842E-01      -9.99980E-01  1.00000E+00
  8.84895E-01  9.72980E-01  9.90555E-01  9.97202E-01  9.99720E-01      -1.00000E+00  1.00000E+00
  7.42205E-01  9.39437E-01  9.79032E-01  9.93840E-01  9.99383E-01      -1.00000E+00  1.00000E+00
 -7.01500E-02  6.50030E-01  8.78217E-01  9.64735E-01  9.96398E-01      -1.00000E+00  1.00000E+00
  9.87045E-01  9.96773E-01  9.98850E-01  9.99645E-01  9.99960E-01      -2.15750E-01  1.00000E+00
  9.72997E-01  9.93213E-01  9.97550E-01  9.99262E-01  9.99925E-01      -3.86000E-01  1.00000E+00
  9.50235E-01  9.87128E-01  9.95462E-01  9.98633E-01  9.99858E-01      -3.54270E-01  1.00000E+00
  8.95937E-01  9.72315E-01  9.90200E-01  9.97018E-01  9.99695E-01      -3.84920E-01  1.00000E+00
  7.13323E-01  8.99875E-01  9.61315E-01  9.88237E-01  9.98800E-01      -9.99980E-01  1.00000E+00



