He_on_W_0.00  also includes: pdf boundaries emin,emax, angmin, angmax....    
 
*  projectile surface binding energy parameter: 0.00 eV     
*  parameter esbparm only added in first of the 84 blocks  
 
 
    2.   4.00   74. 183.84  1.00E+00  0.00E+00  9.27E-01  7.04E-01  0.00E+00   5   0.00

  5.26840E-01  7.49330E-01  8.46960E-01  8.62930E-01  8.78400E-01       5.00070E-02  9.00200E-01

  5.51470E-01  7.21870E-01  8.25800E-01  9.05515E-01  9.71050E-01       8.75110E-02  1.00000E+00
  5.04330E-01  6.80595E-01  7.91610E-01  8.81715E-01  9.62100E-01       6.81040E-02  1.00000E+00
  4.18180E-01  6.09705E-01  7.39305E-01  8.49960E-01  9.52110E-01       1.71450E-02  1.00000E+00
  4.02765E-01  6.09915E-01  7.46195E-01  8.57290E-01  9.54685E-01       2.23270E-02  1.00000E+00
  3.65735E-01  5.48420E-01  6.76935E-01  7.93635E-01  9.12230E-01       3.27370E-02  1.00000E+00

 -9.49980E-01 -5.87253E-01  1.04376E-02  5.95978E-01  9.51553E-01      -1.00000E+00  1.00000E+00
 -9.50808E-01 -5.90030E-01  4.22187E-03  5.86218E-01  9.51895E-01      -1.00000E+00  1.00000E+00
 -9.51947E-01 -5.80577E-01  2.72840E-03  5.94100E-01  9.50665E-01      -1.00000E+00  1.00000E+00
 -9.52695E-01 -5.96333E-01 -1.52609E-02  5.80958E-01  9.49865E-01      -1.00000E+00  1.00000E+00
 -9.51093E-01 -5.80427E-01  6.75675E-04  5.84450E-01  9.50250E-01      -1.00000E+00  1.00000E+00
 -9.51233E-01 -5.88535E-01 -1.74725E-04  5.86960E-01  9.51633E-01      -1.00000E+00  1.00000E+00
 -9.51187E-01 -5.91625E-01 -1.53868E-03  5.90310E-01  9.52032E-01      -1.00000E+00  1.00000E+00
 -9.54085E-01 -5.98045E-01 -1.34922E-02  5.79668E-01  9.49263E-01      -1.00000E+00  1.00000E+00
 -9.51620E-01 -5.85917E-01  3.95882E-03  5.82168E-01  9.50257E-01      -1.00000E+00  1.00000E+00
 -9.49650E-01 -5.84605E-01 -5.94850E-04  5.87582E-01  9.50318E-01      -1.00000E+00  1.00000E+00
 -9.50878E-01 -5.82323E-01  8.10680E-03  5.88993E-01  9.51263E-01      -1.00000E+00  1.00000E+00
 -9.50170E-01 -5.83677E-01  4.45030E-03  5.91760E-01  9.52730E-01      -1.00000E+00  1.00000E+00
 -9.51492E-01 -5.81910E-01  5.07020E-03  5.93432E-01  9.53692E-01      -1.00000E+00  1.00000E+00
 -9.52095E-01 -5.90335E-01 -7.01655E-03  5.86368E-01  9.51795E-01      -1.00000E+00  1.00000E+00
 -9.50823E-01 -5.93182E-01 -3.16618E-03  5.83750E-01  9.51705E-01      -1.00000E+00  1.00000E+00
 -9.51228E-01 -5.96360E-01  1.82992E-03  5.97380E-01  9.53555E-01      -1.00000E+00  1.00000E+00
 -9.51388E-01 -5.90657E-01 -9.62775E-04  5.88132E-01  9.51340E-01      -1.00000E+00  1.00000E+00
 -9.50430E-01 -5.85095E-01 -1.19325E-04  5.84965E-01  9.50653E-01      -1.00000E+00  1.00000E+00
 -9.47952E-01 -5.82980E-01 -9.37267E-04  5.87490E-01  9.52240E-01      -1.00000E+00  1.00000E+00
 -9.49918E-01 -5.90045E-01 -4.11332E-03  5.82185E-01  9.52285E-01      -1.00000E+00  1.00000E+00
 -9.51117E-01 -5.88102E-01 -2.48027E-03  5.82230E-01  9.49905E-01      -1.00000E+00  1.00000E+00
 -9.51592E-01 -5.84605E-01  4.47075E-04  5.88798E-01  9.49775E-01      -1.00000E+00  1.00000E+00
 -9.51405E-01 -5.93603E-01 -5.78175E-03  5.82595E-01  9.49800E-01      -1.00000E+00  1.00000E+00
 -9.50225E-01 -5.86723E-01 -7.31107E-03  5.83320E-01  9.50543E-01      -1.00000E+00  1.00000E+00
 -9.52068E-01 -5.94492E-01 -7.93128E-03  5.81895E-01  9.49983E-01      -1.00000E+00  1.00000E+00


    2.   4.00   74. 183.84  1.00E+00  3.00E+01  9.46E-01  7.48E-01     5   0.00

  5.76650E-01  7.70820E-01  8.58340E-01  8.76880E-01  9.23090E-01       5.00040E-02  9.82010E-01

  5.40370E-01  7.12070E-01  8.17630E-01  8.99895E-01  9.68790E-01       9.21380E-02  1.00000E+00
  4.97700E-01  6.72605E-01  7.85240E-01  8.76825E-01  9.59945E-01       6.82300E-02  1.00000E+00
  3.96985E-01  5.89160E-01  7.20850E-01  8.36310E-01  9.46375E-01       2.69420E-02  1.00000E+00
  4.09755E-01  5.99905E-01  7.32750E-01  8.47255E-01  9.51460E-01       2.88790E-02  1.00000E+00
  3.17455E-01  4.97035E-01  6.32035E-01  7.65095E-01  9.10945E-01       2.86230E-02  9.99990E-01

 -9.50165E-01 -5.79732E-01  1.46796E-02  5.99195E-01  9.51832E-01      -1.00000E+00  1.00000E+00
 -9.51873E-01 -5.82330E-01  1.87437E-02  5.98922E-01  9.54260E-01      -1.00000E+00  1.00000E+00
 -9.52093E-01 -5.80795E-01  9.24517E-03  6.02365E-01  9.53002E-01      -1.00000E+00  1.00000E+00
 -9.51903E-01 -5.88240E-01  1.85915E-03  5.89410E-01  9.50603E-01      -1.00000E+00  1.00000E+00
 -9.52040E-01 -5.88675E-01 -1.51018E-03  5.86023E-01  9.51330E-01      -1.00000E+00  1.00000E+00
 -9.55153E-01 -6.07160E-01 -3.11073E-02  5.66477E-01  9.47955E-01      -1.00000E+00  1.00000E+00
 -9.54098E-01 -6.10818E-01 -3.81593E-02  5.60593E-01  9.48002E-01      -1.00000E+00  1.00000E+00
 -9.53830E-01 -6.08768E-01 -3.62717E-02  5.58347E-01  9.45385E-01      -1.00000E+00  1.00000E+00
 -9.52873E-01 -6.02925E-01 -2.60057E-02  5.67543E-01  9.48348E-01      -1.00000E+00  1.00000E+00
 -9.53185E-01 -6.05283E-01 -2.31306E-02  5.71198E-01  9.48402E-01      -1.00000E+00  1.00000E+00
 -9.82873E-01 -8.43662E-01 -5.40050E-01 -2.26290E-02  7.45850E-01      -1.00000E+00  1.00000E+00
 -9.79812E-01 -8.11858E-01 -4.31510E-01  1.85510E-01  8.60750E-01      -1.00000E+00  1.00000E+00
 -9.76272E-01 -7.78088E-01 -3.54513E-01  2.99673E-01  8.97330E-01      -1.00000E+00  1.00000E+00
 -9.71028E-01 -7.35017E-01 -2.67728E-01  3.85985E-01  9.18148E-01      -1.00000E+00  1.00000E+00
 -9.63163E-01 -6.72440E-01 -1.48325E-01  4.86173E-01  9.36313E-01      -1.00000E+00  1.00000E+00
 -9.59930E-01 -7.31345E-01 -3.17580E-01  3.37575E-01  9.11282E-01      -1.00000E+00  1.00000E+00
 -9.34427E-01 -6.38658E-01 -1.80712E-01  4.48953E-01  9.30795E-01      -1.00000E+00  1.00000E+00
 -9.03142E-01 -5.83230E-01 -1.15104E-01  4.79450E-01  9.35840E-01      -1.00000E+00  1.00000E+00
 -8.65505E-01 -5.25852E-01 -7.39150E-02  4.97535E-01  9.36935E-01      -1.00000E+00  1.00000E+00
 -8.96905E-01 -5.19775E-01 -1.98700E-02  5.42153E-01  9.42608E-01      -1.00000E+00  1.00000E+00
 -2.12577E-01  3.01654E-01  6.11023E-01  8.39760E-01  9.80058E-01      -1.00000E+00  1.00000E+00
 -3.14651E-01  2.91089E-01  6.27950E-01  8.57243E-01  9.82160E-01      -1.00000E+00  1.00000E+00
 -3.86918E-01  2.71863E-01  6.36365E-01  8.65962E-01  9.84622E-01      -1.00000E+00  1.00000E+00
 -4.80465E-01  2.19408E-01  6.23363E-01  8.65965E-01  9.85497E-01      -1.00000E+00  1.00000E+00
 -7.24403E-01 -4.32883E-02  4.85052E-01  8.20947E-01  9.80398E-01      -1.00000E+00  1.00000E+00


    2.   4.00   74. 183.84  1.00E+00  4.50E+01  9.61E-01  8.01E-01     5   0.00

  6.45020E-01  8.43310E-01  8.77510E-01  9.14050E-01  9.64670E-01       5.00130E-02  9.88870E-01

  5.32520E-01  7.04770E-01  8.11115E-01  8.95000E-01  9.67055E-01       8.69250E-02  1.00000E+00
  4.35420E-01  6.19670E-01  7.44480E-01  8.51775E-01  9.52245E-01       4.15770E-02  1.00000E+00
  4.03825E-01  5.92220E-01  7.24685E-01  8.40765E-01  9.47075E-01       3.53650E-02  1.00000E+00
  4.33915E-01  6.17870E-01  7.39015E-01  8.37810E-01  9.34510E-01       3.17840E-02  1.00000E+00
  3.34115E-01  4.74530E-01  5.79325E-01  6.80775E-01  8.04225E-01       2.22000E-02  1.00000E+00

 -9.51625E-01 -5.92207E-01  2.68050E-04  5.95747E-01  9.54155E-01      -1.00000E+00  1.00000E+00
 -9.49755E-01 -5.86727E-01  2.94035E-03  5.88577E-01  9.50580E-01      -1.00000E+00  1.00000E+00
 -9.51462E-01 -5.86435E-01 -3.29933E-03  5.77033E-01  9.49775E-01      -1.00000E+00  1.00000E+00
 -9.49488E-01 -5.81100E-01  2.60570E-03  5.87263E-01  9.50585E-01      -1.00000E+00  1.00000E+00
 -9.49405E-01 -5.84118E-01 -5.62785E-03  5.83855E-01  9.50403E-01      -1.00000E+00  1.00000E+00
 -9.73745E-01 -7.66140E-01 -3.85611E-01  1.26730E-01  7.17885E-01      -1.00000E+00  1.00000E+00
 -9.72765E-01 -7.56335E-01 -3.40245E-01  2.28750E-01  8.40000E-01      -1.00000E+00  1.00000E+00
 -9.68967E-01 -7.27877E-01 -2.71168E-01  3.34591E-01  8.90970E-01      -1.00000E+00  1.00000E+00
 -9.65375E-01 -6.86832E-01 -1.78832E-01  4.31730E-01  9.25110E-01      -1.00000E+00  1.00000E+00
 -9.55777E-01 -6.29955E-01 -7.04000E-02  5.35305E-01  9.41377E-01      -1.00000E+00  1.00000E+00
 -9.44265E-01 -7.37337E-01 -3.91490E-01  2.92509E-01  8.93350E-01      -1.00000E+00  1.00000E+00
 -9.17307E-01 -6.74130E-01 -2.59590E-01  4.45528E-01  9.37592E-01      -1.00000E+00  1.00000E+00
 -9.12240E-01 -6.60092E-01 -2.34285E-01  4.41572E-01  9.38560E-01      -1.00000E+00  1.00000E+00
 -9.26298E-01 -6.62910E-01 -2.41658E-01  4.05502E-01  9.22620E-01      -1.00000E+00  1.00000E+00
 -9.57333E-01 -6.79285E-01 -1.89108E-01  4.54043E-01  9.32927E-01      -1.00000E+00  1.00000E+00
 -8.65995E-01 -3.85037E-01 -9.04250E-04  3.76638E-01  7.91197E-01      -1.00000E+00  1.00000E+00
 -8.93643E-01 -3.43378E-01  7.56700E-02  4.73208E-01  8.37383E-01      -1.00000E+00  1.00000E+00
 -9.05188E-01 -3.10281E-01  1.49725E-01  5.67240E-01  9.24677E-01      -1.00000E+00  1.00000E+00
 -9.07475E-01 -2.81474E-01  2.03078E-01  6.18537E-01  9.43457E-01      -1.00000E+00  1.00000E+00
 -8.33810E-01 -2.00360E-01  2.93586E-01  7.03052E-01  9.62898E-01      -1.00000E+00  1.00000E+00
  3.95164E-01  6.44470E-01  7.86375E-01  8.79617E-01  9.52825E-01      -8.95760E-01  1.00000E+00
  4.38743E-01  7.13690E-01  8.52735E-01  9.47337E-01  9.94050E-01      -9.36390E-01  1.00000E+00
  4.51858E-01  7.44235E-01  8.76215E-01  9.55175E-01  9.94873E-01      -9.47830E-01  1.00000E+00
  4.62910E-01  7.41685E-01  8.84217E-01  9.61132E-01  9.95747E-01      -9.44050E-01  1.00000E+00
  3.62452E-01  7.17645E-01  8.73598E-01  9.56802E-01  9.95398E-01      -1.00000E+00  1.00000E+00


    2.   4.00   74. 183.84  1.00E+00  6.00E+01  9.82E-01  8.83E-01     5   0.00

  7.71430E-01  8.86240E-01  9.43090E-01  9.69190E-01  9.81940E-01       5.00270E-02  9.93450E-01

  4.83120E-01  6.62785E-01  7.79885E-01  8.76020E-01  9.60675E-01       4.34170E-02  9.99990E-01
  3.94430E-01  5.68955E-01  6.92485E-01  8.07170E-01  9.30285E-01       3.68620E-02  1.00000E+00
  5.22345E-01  7.11935E-01  8.20995E-01  9.03965E-01  9.70035E-01       7.13920E-02  1.00000E+00
  4.45675E-01  5.75125E-01  6.66340E-01  7.56080E-01  8.45420E-01       7.62900E-02  9.99960E-01
  2.20795E-01  3.16080E-01  4.00670E-01  4.86550E-01  5.78210E-01       5.85710E-03  9.00760E-01

 -9.64997E-01 -7.07660E-01 -2.44496E-01  3.38759E-01  8.91030E-01      -1.00000E+00  1.00000E+00
 -9.63235E-01 -6.80570E-01 -1.77458E-01  4.36623E-01  9.22880E-01      -1.00000E+00  1.00000E+00
 -9.59845E-01 -6.51647E-01 -1.26462E-01  4.83977E-01  9.35392E-01      -1.00000E+00  1.00000E+00
 -9.57442E-01 -6.35227E-01 -9.04521E-02  5.16512E-01  9.39520E-01      -1.00000E+00  1.00000E+00
 -9.54845E-01 -6.08740E-01 -3.98403E-02  5.59310E-01  9.46075E-01      -1.00000E+00  1.00000E+00
 -9.76475E-01 -7.83765E-01 -3.89178E-01  2.52397E-01  8.40165E-01      -1.00000E+00  1.00000E+00
 -9.69223E-01 -7.12348E-01 -2.06255E-01  4.66705E-01  8.95735E-01      -1.00000E+00  1.00000E+00
 -9.65183E-01 -6.50130E-01 -1.20620E-01  5.50835E-01  9.42940E-01      -1.00000E+00  1.00000E+00
 -9.52450E-01 -5.81923E-01 -7.54350E-02  5.84022E-01  9.50318E-01      -1.00000E+00  1.00000E+00
 -9.22075E-01 -5.13138E-01 -2.19400E-02  5.65405E-01  9.52292E-01      -1.00000E+00  1.00000E+00
 -5.41722E-01 -2.43140E-01  1.89750E-03  2.68846E-01  6.93770E-01      -1.00000E+00  1.00000E+00
 -5.42990E-01 -2.27040E-01  3.92775E-02  3.30750E-01  6.96248E-01      -1.00000E+00  1.00000E+00
 -5.51273E-01 -2.25078E-01  6.05350E-02  3.61117E-01  7.04595E-01      -1.00000E+00  1.00000E+00
 -6.04465E-01 -2.45040E-01  7.35050E-02  3.89069E-01  7.60997E-01      -1.00000E+00  1.00000E+00
 -8.11787E-01 -3.50079E-01  7.63325E-02  5.18435E-01  9.19173E-01      -1.00000E+00  1.00000E+00
  3.78375E-01  6.31540E-01  7.37277E-01  8.15718E-01  9.11720E-01      -6.68910E-01  1.00000E+00
  4.93157E-01  7.59065E-01  8.91437E-01  9.58210E-01  9.93420E-01      -5.84660E-01  1.00000E+00
  5.19815E-01  7.24295E-01  8.68777E-01  9.56745E-01  9.95170E-01      -7.42140E-01  1.00000E+00
  5.85790E-01  7.92878E-01  8.93033E-01  9.59115E-01  9.95202E-01      -6.55130E-01  1.00000E+00
  5.67063E-01  8.14343E-01  9.18285E-01  9.72820E-01  9.97110E-01      -9.98770E-01  1.00000E+00
  8.04052E-01  9.15102E-01  9.49680E-01  9.71875E-01  9.89282E-01       1.05610E-01  1.00000E+00
  8.12600E-01  9.25357E-01  9.70840E-01  9.90023E-01  9.98920E-01       1.03370E-01  1.00000E+00
  8.07822E-01  9.05555E-01  9.53372E-01  9.85058E-01  9.98395E-01       1.91960E-01  1.00000E+00
  8.44890E-01  9.25810E-01  9.65410E-01  9.88045E-01  9.98650E-01       1.80870E-01  1.00000E+00
  8.78713E-01  9.49025E-01  9.77770E-01  9.92685E-01  9.99217E-01       3.64110E-01  1.00000E+00


    2.   4.00   74. 183.84  1.00E+00  7.00E+01  9.94E-01  9.38E-01     5   0.00

  8.76970E-01  9.49720E-01  9.72640E-01  9.82600E-01  9.90650E-01       5.00400E-02  9.96180E-01

  4.24010E-01  5.98950E-01  7.19545E-01  8.26050E-01  9.35840E-01       3.98000E-02  1.00000E+00
  5.52630E-01  7.35755E-01  8.36210E-01  9.11010E-01  9.71330E-01       8.94090E-02  1.00000E+00
  4.87380E-01  6.22155E-01  6.91945E-01  7.76725E-01  8.59565E-01       7.07350E-02  9.99940E-01
  3.44150E-01  4.31925E-01  4.93795E-01  5.83865E-01  6.61105E-01       4.29800E-02  9.13580E-01
  1.30761E-01  1.85045E-01  2.35885E-01  3.05645E-01  4.08975E-01       1.12350E-03  7.00380E-01

 -9.81422E-01 -8.20257E-01 -4.57278E-01  1.51174E-01  8.39475E-01      -1.00000E+00  1.00000E+00
 -9.75102E-01 -7.67288E-01 -3.08242E-01  3.32670E-01  9.00648E-01      -1.00000E+00  1.00000E+00
 -9.70295E-01 -7.25330E-01 -2.24084E-01  4.32617E-01  9.28985E-01      -1.00000E+00  1.00000E+00
 -9.66867E-01 -6.97778E-01 -1.72036E-01  4.83975E-01  9.39407E-01      -1.00000E+00  1.00000E+00
 -9.59800E-01 -6.48985E-01 -8.89517E-02  5.32580E-01  9.46513E-01      -1.00000E+00  1.00000E+00
 -4.47490E-01 -1.52945E-01  7.41175E-02  3.00082E-01  6.72837E-01      -1.00000E+00  1.00000E+00
 -4.61873E-01 -1.55847E-01  1.03578E-01  3.65135E-01  6.75532E-01      -1.00000E+00  9.99990E-01
 -4.41606E-01 -1.29452E-01  1.46530E-01  4.21112E-01  7.05915E-01      -1.00000E+00  1.00000E+00
 -4.78257E-01 -1.38210E-01  1.42230E-01  4.41625E-01  7.70883E-01      -1.00000E+00  1.00000E+00
 -6.95838E-01 -2.37178E-01  1.81317E-01  5.94557E-01  9.37072E-01      -1.00000E+00  1.00000E+00
  4.07678E-01  6.50100E-01  7.30248E-01  7.90205E-01  8.98015E-01      -4.25710E-01  1.00000E+00
  5.34825E-01  8.06590E-01  8.90970E-01  9.39700E-01  9.76370E-01      -4.16300E-01  1.00000E+00
  5.80895E-01  8.02860E-01  9.31745E-01  9.77680E-01  9.97620E-01      -3.80390E-01  1.00000E+00
  6.25967E-01  7.84658E-01  8.81968E-01  9.57335E-01  9.95325E-01      -4.33530E-01  1.00000E+00
  6.45600E-01  8.50905E-01  9.34140E-01  9.77800E-01  9.97515E-01      -9.97040E-01  1.00000E+00
  7.42660E-01  8.55807E-01  8.88760E-01  9.15793E-01  9.50695E-01       2.02510E-01  1.00000E+00
  8.10967E-01  9.39750E-01  9.70045E-01  9.87793E-01  9.98012E-01       2.74460E-01  1.00000E+00
  7.87740E-01  9.17872E-01  9.73815E-01  9.92465E-01  9.99215E-01       2.64770E-01  1.00000E+00
  8.25732E-01  8.98335E-01  9.42312E-01  9.77785E-01  9.97540E-01       3.48480E-01  1.00000E+00
  8.95257E-01  9.51873E-01  9.78305E-01  9.92618E-01  9.99195E-01       4.24190E-01  1.00000E+00
  9.40430E-01  9.63452E-01  9.75023E-01  9.83088E-01  9.90727E-01       5.59920E-01  1.00000E+00
  9.52603E-01  9.78270E-01  9.90528E-01  9.96850E-01  9.99667E-01       5.97140E-01  1.00000E+00
  9.34978E-01  9.80470E-01  9.91757E-01  9.97252E-01  9.99718E-01       6.11320E-01  1.00000E+00
  9.32177E-01  9.70198E-01  9.85305E-01  9.94820E-01  9.99443E-01       6.58310E-01  1.00000E+00
  9.49562E-01  9.76480E-01  9.89515E-01  9.96488E-01  9.99633E-01       7.04640E-01  1.00000E+00


    2.   4.00   74. 183.84  1.00E+00  8.00E+01  1.00E+00  9.78E-01     5   0.00

  9.54390E-01  9.77780E-01  9.86880E-01  9.92140E-01  9.95580E-01       5.00280E-02  9.96740E-01

  5.53690E-01  7.25460E-01  8.20845E-01  9.00180E-01  9.67760E-01       5.90570E-02  1.00000E+00
  5.25970E-01  6.47850E-01  7.00625E-01  7.59335E-01  8.50725E-01       9.79690E-02  9.99620E-01
  3.67820E-01  4.54730E-01  4.91620E-01  5.32105E-01  6.32855E-01       6.94050E-02  8.30780E-01
  2.38745E-01  2.98710E-01  3.24510E-01  3.49485E-01  4.07810E-01       4.90260E-02  6.24610E-01
  1.29580E-01  1.66575E-01  1.83485E-01  2.00125E-01  2.21500E-01       2.12750E-02  2.76460E-01

 -4.35647E-01 -2.44332E-01 -1.25700E-02  2.62140E-01  6.90870E-01      -1.00000E+00  1.00000E+00
 -3.88285E-01 -1.58478E-01  1.07217E-01  3.80192E-01  7.51705E-01      -1.00000E+00  1.00000E+00
 -3.57395E-01 -1.05185E-01  1.65400E-01  4.41491E-01  7.71150E-01      -1.00000E+00  1.00000E+00
 -3.91460E-01 -9.91475E-02  1.56360E-01  4.46902E-01  7.53648E-01      -1.00000E+00  1.00000E+00
 -5.78314E-01 -1.46110E-01  2.13845E-01  5.85153E-01  8.84293E-01      -1.00000E+00  1.00000E+00
  5.30310E-01  7.21923E-01  7.72258E-01  8.12850E-01  8.83353E-01      -1.27470E-01  1.00000E+00
  6.50725E-01  8.53185E-01  9.06473E-01  9.40698E-01  9.70385E-01      -1.38070E-01  1.00000E+00
  7.01195E-01  9.10622E-01  9.58562E-01  9.85875E-01  9.98477E-01      -7.04870E-02  1.00000E+00
  6.87928E-01  8.49303E-01  9.32425E-01  9.78838E-01  9.98095E-01      -2.53750E-01  1.00000E+00
  7.70153E-01  8.89355E-01  9.46845E-01  9.80903E-01  9.97858E-01      -2.67220E-01  1.00000E+00
  8.41237E-01  8.72750E-01  8.92685E-01  9.09722E-01  9.29920E-01       3.95710E-01  1.00000E+00
  9.08640E-01  9.41075E-01  9.60965E-01  9.73905E-01  9.85572E-01       4.90460E-01  1.00000E+00
  9.37715E-01  9.68745E-01  9.85830E-01  9.95195E-01  9.99498E-01       4.52450E-01  1.00000E+00
  9.04785E-01  9.77520E-01  9.89995E-01  9.96627E-01  9.99635E-01       3.71430E-01  1.00000E+00
  8.88323E-01  9.39475E-01  9.70490E-01  9.90175E-01  9.98937E-01       5.34500E-01  1.00000E+00
  9.22578E-01  9.35895E-01  9.45263E-01  9.53390E-01  9.62755E-01       7.41860E-01  1.00000E+00
  9.56005E-01  9.69647E-01  9.78587E-01  9.85000E-01  9.90708E-01       7.91000E-01  1.00000E+00
  9.71272E-01  9.84993E-01  9.93015E-01  9.97635E-01  9.99740E-01       8.05970E-01  1.00000E+00
  9.80457E-01  9.89553E-01  9.95040E-01  9.98285E-01  9.99810E-01       8.24140E-01  1.00000E+00
  9.51472E-01  9.79385E-01  9.93603E-01  9.97940E-01  9.99780E-01       8.38540E-01  1.00000E+00
  9.62438E-01  9.69870E-01  9.75045E-01  9.79280E-01  9.83690E-01       9.22720E-01  9.80590E-01
  9.76727E-01  9.84885E-01  9.89940E-01  9.93428E-01  9.96145E-01       9.59400E-01  9.95640E-01
  9.83440E-01  9.91485E-01  9.96110E-01  9.98698E-01  9.99860E-01       9.69740E-01  1.00000E+00
  9.87360E-01  9.93195E-01  9.96780E-01  9.98895E-01  9.99875E-01       9.76230E-01  1.00000E+00
  9.93600E-01  9.96573E-01  9.98365E-01  9.99435E-01  9.99940E-01       9.84590E-01  1.00000E+00


    2.   4.00   74. 183.84  1.00E+00  8.50E+01  1.00E+00  9.88E-01     5   0.00

  9.74360E-01  9.86750E-01  9.91890E-01  9.94550E-01  9.96170E-01       6.73550E-02  9.96740E-01

  6.41415E-01  7.58030E-01  8.10805E-01  8.67590E-01  9.32205E-01       7.73480E-02  1.00000E+00
  4.56155E-01  5.32930E-01  5.64465E-01  5.96965E-01  6.62145E-01       1.02200E-01  9.29190E-01
  3.30965E-01  3.90860E-01  4.16140E-01  4.34450E-01  4.60010E-01       8.75330E-02  6.70090E-01
  2.47270E-01  2.94545E-01  3.16435E-01  3.29495E-01  3.46325E-01       6.60750E-02  5.25350E-01
  1.86390E-01  2.24830E-01  2.43105E-01  2.53515E-01  2.66535E-01       5.02810E-02  2.96910E-01

 -1.29273E-01  2.42119E-01  5.59925E-01  7.29055E-01  8.15057E-01      -1.00000E+00  9.99990E-01
  9.88625E-02  6.59240E-01  8.45005E-01  9.22580E-01  9.65207E-01      -1.00000E+00  1.00000E+00
  1.16032E-01  6.91432E-01  8.74637E-01  9.63015E-01  9.96032E-01      -1.00000E+00  1.00000E+00
  6.24275E-02  6.31687E-01  8.24220E-01  9.37830E-01  9.93237E-01      -1.00000E+00  1.00000E+00
  2.48975E-02  5.28436E-01  7.94655E-01  9.31785E-01  9.92795E-01      -1.00000E+00  1.00000E+00
  8.40315E-01  8.73090E-01  8.93920E-01  9.11077E-01  9.29663E-01       3.64210E-01  1.00000E+00
  9.06062E-01  9.42133E-01  9.61917E-01  9.74360E-01  9.84670E-01       4.96290E-01  1.00000E+00
  9.33532E-01  9.68463E-01  9.85823E-01  9.95197E-01  9.99463E-01       4.53350E-01  1.00000E+00
  9.46990E-01  9.74250E-01  9.88020E-01  9.95905E-01  9.99555E-01       5.02250E-01  1.00000E+00
  8.93775E-01  9.54682E-01  9.84470E-01  9.94997E-01  9.99460E-01       5.29900E-01  1.00000E+00
  9.19087E-01  9.31855E-01  9.40327E-01  9.47860E-01  9.56645E-01       7.31090E-01  9.99990E-01
  9.55700E-01  9.66592E-01  9.74295E-01  9.80165E-01  9.85660E-01       7.88420E-01  9.99990E-01
  9.72355E-01  9.84588E-01  9.91935E-01  9.96445E-01  9.99215E-01       8.01280E-01  1.00000E+00
  9.80685E-01  9.89535E-01  9.95020E-01  9.98277E-01  9.99818E-01       8.18650E-01  1.00000E+00
  9.68620E-01  9.89218E-01  9.96320E-01  9.98847E-01  9.99875E-01       8.31750E-01  1.00000E+00
  9.50100E-01  9.57395E-01  9.62303E-01  9.66685E-01  9.71815E-01       9.01410E-01  9.75160E-01
  9.72452E-01  9.78182E-01  9.82550E-01  9.85945E-01  9.89257E-01       9.57290E-01  9.91140E-01
  9.82870E-01  9.89570E-01  9.93893E-01  9.96680E-01  9.98540E-01       9.71370E-01  9.99560E-01
  9.88145E-01  9.93457E-01  9.96868E-01  9.98927E-01  9.99880E-01       9.78560E-01  1.00000E+00
  9.94037E-01  9.96785E-01  9.98478E-01  9.99470E-01  9.99942E-01       9.10000E-01  1.00000E+00
  9.68015E-01  9.72480E-01  9.75465E-01  9.78182E-01  9.81385E-01       9.38580E-01  9.79640E-01
  9.82495E-01  9.85830E-01  9.88390E-01  9.90490E-01  9.92568E-01       9.73430E-01  9.92590E-01
  9.89265E-01  9.93123E-01  9.95733E-01  9.97500E-01  9.98770E-01       9.82360E-01  9.99330E-01
  9.92790E-01  9.95978E-01  9.98053E-01  9.99327E-01  9.99925E-01       9.87200E-01  1.00000E+00
  9.96425E-01  9.98067E-01  9.99067E-01  9.99675E-01  9.99962E-01       9.91760E-01  1.00000E+00


    2.   4.00   74. 183.84  2.00E+00  0.00E+00  9.14E-01  7.00E-01     5   0.00

  1.03910E+00  1.53940E+00  1.67590E+00  1.75220E+00  1.79360E+00       5.00000E-02  1.84660E+00

  5.69135E-01  7.33910E-01  8.33610E-01  9.10360E-01  9.73075E-01       1.00410E-01  1.00000E+00
  5.24625E-01  6.94790E-01  8.03330E-01  8.90230E-01  9.65750E-01       9.81630E-02  1.00000E+00
  4.68750E-01  6.44260E-01  7.60565E-01  8.60235E-01  9.54045E-01       3.24830E-02  1.00000E+00
  4.34955E-01  6.31030E-01  7.61400E-01  8.67260E-01  9.58840E-01       2.79730E-02  1.00000E+00
  3.50500E-01  5.07410E-01  6.17995E-01  7.22095E-01  8.39665E-01       4.13420E-02  1.00000E+00

 -9.51977E-01 -5.91213E-01 -9.89740E-03  5.82365E-01  9.50155E-01      -1.00000E+00  1.00000E+00
 -9.52287E-01 -5.84865E-01  3.92712E-03  5.93322E-01  9.52340E-01      -1.00000E+00  1.00000E+00
 -9.52132E-01 -5.87850E-01  8.82775E-03  5.96398E-01  9.53345E-01      -1.00000E+00  1.00000E+00
 -9.49603E-01 -5.88908E-01  7.51330E-03  5.93815E-01  9.50488E-01      -1.00000E+00  1.00000E+00
 -9.52240E-01 -5.91982E-01 -1.14245E-02  5.81363E-01  9.50052E-01      -1.00000E+00  1.00000E+00
 -9.51618E-01 -5.89377E-01 -5.20445E-03  5.80403E-01  9.51015E-01      -1.00000E+00  1.00000E+00
 -9.52468E-01 -5.94293E-01 -1.29051E-02  5.82357E-01  9.51153E-01      -1.00000E+00  1.00000E+00
 -9.49120E-01 -5.86747E-01  2.45100E-03  5.88157E-01  9.52813E-01      -1.00000E+00  1.00000E+00
 -9.50618E-01 -5.89865E-01 -7.35327E-03  5.85355E-01  9.52555E-01      -1.00000E+00  1.00000E+00
 -9.49950E-01 -5.77002E-01  9.84087E-03  5.92337E-01  9.53538E-01      -1.00000E+00  1.00000E+00
 -9.52430E-01 -5.87915E-01  6.74525E-04  5.84595E-01  9.51380E-01      -1.00000E+00  1.00000E+00
 -9.50365E-01 -5.87865E-01 -4.51395E-03  5.84825E-01  9.50075E-01      -1.00000E+00  1.00000E+00
 -9.50525E-01 -5.87212E-01 -2.01325E-03  5.87028E-01  9.48897E-01      -1.00000E+00  1.00000E+00
 -9.49655E-01 -5.89905E-01 -6.11395E-03  5.85130E-01  9.50470E-01      -1.00000E+00  1.00000E+00
 -9.50160E-01 -5.85692E-01  5.68675E-04  5.86547E-01  9.50612E-01      -1.00000E+00  1.00000E+00
 -9.48937E-01 -5.90575E-01  1.18988E-02  5.93880E-01  9.51650E-01      -1.00000E+00  1.00000E+00
 -9.51860E-01 -5.92518E-01 -5.65795E-03  5.82440E-01  9.49692E-01      -1.00000E+00  1.00000E+00
 -9.50712E-01 -5.89442E-01 -1.41537E-03  5.83295E-01  9.50730E-01      -1.00000E+00  1.00000E+00
 -9.51747E-01 -5.91557E-01 -5.57629E-03  5.83910E-01  9.51410E-01      -1.00000E+00  1.00000E+00
 -9.47293E-01 -5.75677E-01  8.59945E-03  5.92460E-01  9.51027E-01      -1.00000E+00  1.00000E+00
 -9.51638E-01 -5.89550E-01 -2.23205E-03  5.84632E-01  9.51025E-01      -1.00000E+00  1.00000E+00
 -9.51230E-01 -5.93405E-01 -2.72228E-03  5.84863E-01  9.49307E-01      -1.00000E+00  1.00000E+00
 -9.51245E-01 -5.88512E-01 -3.34203E-03  5.87002E-01  9.51267E-01      -1.00000E+00  1.00000E+00
 -9.51385E-01 -5.84325E-01 -8.11053E-03  5.78505E-01  9.50137E-01      -1.00000E+00  1.00000E+00
 -9.52615E-01 -5.97082E-01 -5.13095E-03  5.84140E-01  9.50085E-01      -1.00000E+00  1.00000E+00


    2.   4.00   74. 183.84  2.00E+00  3.00E+01  9.35E-01  7.44E-01     5   0.00

  1.16510E+00  1.58650E+00  1.73700E+00  1.78290E+00  1.83600E+00       5.00170E-02  1.96550E+00

  5.64825E-01  7.29405E-01  8.30550E-01  9.08040E-01  9.72210E-01       9.98920E-02  1.00000E+00
  5.19635E-01  6.88015E-01  7.94655E-01  8.82915E-01  9.62170E-01       1.02400E-01  1.00000E+00
  4.31070E-01  6.09870E-01  7.34375E-01  8.43440E-01  9.48250E-01       3.70540E-02  1.00000E+00
  4.29530E-01  6.08370E-01  7.32740E-01  8.41985E-01  9.44555E-01       4.88470E-02  1.00000E+00
  3.16560E-01  4.68465E-01  5.87825E-01  7.13515E-01  8.71180E-01       2.62530E-02  1.00000E+00

 -9.51307E-01 -5.90098E-01  2.14090E-03  5.89430E-01  9.51275E-01      -1.00000E+00  1.00000E+00
 -9.51125E-01 -5.83828E-01  2.22453E-03  5.92710E-01  9.50978E-01      -1.00000E+00  1.00000E+00
 -9.52155E-01 -5.91340E-01 -5.99610E-03  5.85193E-01  9.49893E-01      -1.00000E+00  1.00000E+00
 -9.50445E-01 -5.80765E-01  8.86213E-03  5.93265E-01  9.51493E-01      -1.00000E+00  1.00000E+00
 -9.51120E-01 -5.94855E-01 -8.26436E-03  5.84483E-01  9.50350E-01      -1.00000E+00  1.00000E+00
 -9.54215E-01 -6.14910E-01 -3.48717E-02  5.64285E-01  9.46765E-01      -1.00000E+00  1.00000E+00
 -9.54070E-01 -6.12557E-01 -3.67580E-02  5.62177E-01  9.48555E-01      -1.00000E+00  1.00000E+00
 -9.55097E-01 -6.07685E-01 -3.48429E-02  5.65832E-01  9.48035E-01      -1.00000E+00  1.00000E+00
 -9.54217E-01 -6.07780E-01 -2.53734E-02  5.78313E-01  9.49752E-01      -1.00000E+00  1.00000E+00
 -9.52797E-01 -6.02395E-01 -1.15573E-02  5.76060E-01  9.48695E-01      -1.00000E+00  1.00000E+00
 -9.84875E-01 -8.62833E-01 -5.92932E-01 -9.65707E-02  6.97358E-01      -1.00000E+00  1.00000E+00
 -9.79843E-01 -8.14275E-01 -4.64058E-01  1.19048E-01  8.31110E-01      -1.00000E+00  1.00000E+00
 -9.75905E-01 -7.82840E-01 -3.92550E-01  2.08931E-01  8.65622E-01      -1.00000E+00  1.00000E+00
 -9.72577E-01 -7.58088E-01 -3.29715E-01  2.98053E-01  8.92437E-01      -1.00000E+00  1.00000E+00
 -9.65995E-01 -6.98667E-01 -2.02197E-01  4.28412E-01  9.22085E-01      -1.00000E+00  1.00000E+00
 -8.95385E-01 -6.12380E-01 -2.55227E-01  2.85928E-01  8.73620E-01      -1.00000E+00  1.00000E+00
 -8.29137E-01 -4.63270E-01 -5.72850E-02  4.62645E-01  9.23922E-01      -1.00000E+00  1.00000E+00
 -7.48663E-01 -3.40480E-01  8.35925E-02  5.55630E-01  9.38548E-01      -1.00000E+00  1.00000E+00
 -6.73900E-01 -2.35238E-01  1.93335E-01  6.24613E-01  9.51530E-01      -1.00000E+00  1.00000E+00
 -6.87813E-01 -1.89620E-01  2.84772E-01  6.94430E-01  9.62410E-01      -1.00000E+00  1.00000E+00
 -1.93350E-02  4.17020E-01  6.66138E-01  8.58200E-01  9.82073E-01      -1.00000E+00  1.00000E+00
 -9.19000E-03  4.74298E-01  7.31318E-01  8.98772E-01  9.88885E-01      -1.00000E+00  1.00000E+00
 -7.39850E-03  5.07360E-01  7.66980E-01  9.17083E-01  9.90448E-01      -1.00000E+00  1.00000E+00
 -7.13292E-02  4.87367E-01  7.62158E-01  9.18782E-01  9.91027E-01      -1.00000E+00  1.00000E+00
 -4.77832E-01  3.06472E-01  6.99440E-01  8.99565E-01  9.89202E-01      -1.00000E+00  1.00000E+00


    2.   4.00   74. 183.84  2.00E+00  4.50E+01  9.54E-01  7.99E-01     5   0.00

  1.32200E+00  1.66690E+00  1.77910E+00  1.82810E+00  1.92460E+00       5.00000E-02  1.97750E+00

  5.48525E-01  7.14965E-01  8.18685E-01  9.00130E-01  9.69155E-01       7.85220E-02  1.00000E+00
  4.66005E-01  6.37530E-01  7.53910E-01  8.54750E-01  9.51385E-01       3.90490E-02  1.00000E+00
  4.24350E-01  6.10180E-01  7.40285E-01  8.52850E-01  9.53855E-01       5.69110E-02  1.00000E+00
  3.98890E-01  5.65100E-01  6.87005E-01  8.05765E-01  9.28955E-01       5.48830E-02  9.99990E-01
  3.27120E-01  4.69265E-01  5.77945E-01  6.85725E-01  8.17510E-01       2.74960E-02  1.00000E+00

 -9.48978E-01 -5.74260E-01  1.62138E-02  5.98788E-01  9.52420E-01      -1.00000E+00  1.00000E+00
 -9.50172E-01 -5.77317E-01  1.43833E-02  5.95510E-01  9.52228E-01      -1.00000E+00  1.00000E+00
 -9.48618E-01 -5.71765E-01  1.54365E-02  5.95662E-01  9.52965E-01      -1.00000E+00  1.00000E+00
 -9.48157E-01 -5.78593E-01  1.79634E-02  6.01830E-01  9.52647E-01      -1.00000E+00  1.00000E+00
 -9.49323E-01 -5.85147E-01  3.68315E-03  5.93145E-01  9.53207E-01      -1.00000E+00  1.00000E+00
 -9.76750E-01 -7.88438E-01 -4.14942E-01  1.34465E-01  8.10673E-01      -1.00000E+00  1.00000E+00
 -9.72410E-01 -7.52463E-01 -3.12167E-01  2.93136E-01  8.96345E-01      -1.00000E+00  1.00000E+00
 -9.69640E-01 -7.19898E-01 -2.37938E-01  3.96875E-01  9.16762E-01      -1.00000E+00  1.00000E+00
 -9.64395E-01 -6.87707E-01 -1.68531E-01  4.60120E-01  9.31527E-01      -1.00000E+00  1.00000E+00
 -9.58660E-01 -6.38960E-01 -8.12155E-02  5.28800E-01  9.41298E-01      -1.00000E+00  1.00000E+00
 -9.07895E-01 -7.00882E-01 -4.65200E-01 -8.18025E-02  6.20753E-01      -1.00000E+00  1.00000E+00
 -8.45125E-01 -6.04575E-01 -3.20360E-01  1.15950E-01  7.74848E-01      -1.00000E+00  1.00000E+00
 -8.07722E-01 -5.42098E-01 -2.23643E-01  2.29048E-01  8.44050E-01      -1.00000E+00  1.00000E+00
 -8.08282E-01 -5.03020E-01 -1.61853E-01  3.06518E-01  8.70197E-01      -1.00000E+00  1.00000E+00
 -8.98815E-01 -5.28390E-01 -7.75325E-02  4.45307E-01  9.20853E-01      -1.00000E+00  1.00000E+00
 -3.56285E-01  1.75793E-01  4.90030E-01  7.89977E-01  9.74980E-01      -1.00000E+00  1.00000E+00
 -4.53268E-01  2.10627E-01  5.64970E-01  8.22498E-01  9.80923E-01      -1.00000E+00  1.00000E+00
 -5.58983E-01  1.35863E-01  5.67390E-01  8.38730E-01  9.81335E-01      -1.00000E+00  1.00000E+00
 -6.54465E-01 -3.89375E-02  4.35840E-01  7.91220E-01  9.76240E-01      -1.00000E+00  1.00000E+00
 -6.91573E-01 -1.34040E-01  2.89036E-01  6.86732E-01  9.62073E-01      -1.00000E+00  1.00000E+00
  3.14070E-01  5.77317E-01  7.28475E-01  8.45335E-01  9.47403E-01      -9.90390E-01  1.00000E+00
  3.58910E-01  6.49155E-01  8.09823E-01  9.26202E-01  9.91248E-01      -9.96230E-01  1.00000E+00
  3.78509E-01  6.86585E-01  8.39695E-01  9.39953E-01  9.93337E-01      -9.83420E-01  1.00000E+00
  3.74101E-01  6.96662E-01  8.59895E-01  9.51083E-01  9.94598E-01      -9.99460E-01  1.00000E+00
  2.40181E-01  6.50885E-01  8.40660E-01  9.46485E-01  9.94262E-01      -1.00000E+00  1.00000E+00


    2.   4.00   74. 183.84  2.00E+00  6.00E+01  9.81E-01  8.84E-01     5   0.00

  1.57960E+00  1.79970E+00  1.87610E+00  1.93670E+00  1.96540E+00       5.00040E-02  1.98810E+00

  5.00565E-01  6.70565E-01  7.82405E-01  8.74880E-01  9.59605E-01       7.20360E-02  1.00000E+00
  4.18345E-01  5.89670E-01  7.14865E-01  8.30650E-01  9.45060E-01       6.49360E-02  1.00000E+00
  4.83265E-01  6.68345E-01  7.86650E-01  8.79230E-01  9.61695E-01       7.20880E-02  1.00000E+00
  4.24165E-01  5.63500E-01  6.58335E-01  7.46275E-01  8.48420E-01       5.95470E-02  9.99980E-01
  2.24365E-01  3.16500E-01  3.91665E-01  4.63420E-01  5.59605E-01       1.11580E-02  9.47020E-01

 -9.63835E-01 -6.83595E-01 -1.94283E-01  4.22990E-01  9.25260E-01      -1.00000E+00  1.00000E+00
 -9.59675E-01 -6.53625E-01 -1.15590E-01  4.97038E-01  9.38578E-01      -1.00000E+00  1.00000E+00
 -9.58785E-01 -6.35070E-01 -8.20884E-02  5.31955E-01  9.42892E-01      -1.00000E+00  1.00000E+00
 -9.56553E-01 -6.20827E-01 -6.07460E-02  5.52573E-01  9.44592E-01      -1.00000E+00  1.00000E+00
 -9.55547E-01 -6.13670E-01 -4.21395E-02  5.58145E-01  9.45420E-01      -1.00000E+00  1.00000E+00
 -9.53925E-01 -5.86597E-01 -2.59223E-01  1.52810E-01  6.83920E-01      -1.00000E+00  1.00000E+00
 -9.33045E-01 -5.02748E-01 -1.42002E-01  2.94305E-01  8.00632E-01      -1.00000E+00  1.00000E+00
 -9.03130E-01 -4.41485E-01 -7.99625E-02  3.51703E-01  8.54113E-01      -1.00000E+00  1.00000E+00
 -8.10660E-01 -3.79405E-01 -6.76000E-03  4.29527E-01  9.00120E-01      -1.00000E+00  1.00000E+00
 -8.14242E-01 -3.58247E-01  9.40600E-02  5.54117E-01  9.37227E-01      -1.00000E+00  1.00000E+00
 -4.88555E-01 -1.64804E-02  3.36840E-01  5.99670E-01  8.79875E-01      -1.00000E+00  1.00000E+00
 -5.82283E-01 -1.43803E-01  3.16465E-01  6.45297E-01  8.88510E-01      -1.00000E+00  1.00000E+00
 -6.58190E-01 -2.19614E-01  2.55023E-01  7.10755E-01  9.59115E-01      -1.00000E+00  1.00000E+00
 -7.77068E-01 -3.44629E-01  7.00825E-02  5.61057E-01  9.52027E-01      -1.00000E+00  1.00000E+00
 -9.02988E-01 -5.01970E-01 -6.25175E-02  4.11355E-01  8.93547E-01      -1.00000E+00  1.00000E+00
  3.76212E-01  5.92087E-01  7.05455E-01  7.97448E-01  8.99527E-01      -7.83070E-01  1.00000E+00
  4.68228E-01  7.11040E-01  8.39652E-01  9.32840E-01  9.87920E-01      -5.52260E-01  1.00000E+00
  5.07267E-01  7.45213E-01  8.76697E-01  9.53973E-01  9.94815E-01      -6.18400E-01  1.00000E+00
  5.47928E-01  7.86423E-01  9.00705E-01  9.65863E-01  9.96268E-01      -6.71570E-01  1.00000E+00
  5.49100E-01  7.97915E-01  9.09658E-01  9.69165E-01  9.96595E-01      -1.00000E+00  1.00000E+00
  8.22147E-01  9.16257E-01  9.54925E-01  9.79078E-01  9.95388E-01       1.07040E-02  1.00000E+00
  8.26530E-01  9.22048E-01  9.67442E-01  9.89067E-01  9.98782E-01       2.06070E-01  1.00000E+00
  8.34550E-01  9.22257E-01  9.62788E-01  9.86855E-01  9.98585E-01       2.23910E-01  1.00000E+00
  8.54248E-01  9.37432E-01  9.72445E-01  9.90870E-01  9.99003E-01       2.58680E-01  1.00000E+00
  8.65140E-01  9.44218E-01  9.75927E-01  9.92095E-01  9.99160E-01       3.53760E-01  1.00000E+00


    2.   4.00   74. 183.84  2.00E+00  7.00E+01  9.94E-01  9.43E-01     5   0.00

  1.78250E+00  1.90000E+00  1.94880E+00  1.96790E+00  1.98150E+00       5.00820E-02  1.99290E+00

  4.37680E-01  6.06260E-01  7.26585E-01  8.34510E-01  9.43220E-01       6.54930E-02  1.00000E+00
  5.41810E-01  7.26790E-01  8.33260E-01  9.09825E-01  9.70910E-01       7.75770E-02  1.00000E+00
  4.54090E-01  5.81670E-01  6.58660E-01  7.35180E-01  8.24475E-01       6.68420E-02  9.99360E-01
  3.26715E-01  4.09205E-01  4.81085E-01  5.48285E-01  6.25175E-01       4.89100E-02  8.99170E-01
  1.43451E-01  2.07275E-01  2.64845E-01  3.21965E-01  3.89355E-01       2.87380E-03  6.99860E-01

 -9.68115E-01 -7.22865E-01 -2.86424E-01  3.26784E-01  9.05223E-01      -1.00000E+00  1.00000E+00
 -9.61928E-01 -6.70255E-01 -1.50878E-01  4.70322E-01  9.35485E-01      -1.00000E+00  1.00000E+00
 -9.60237E-01 -6.45182E-01 -9.87295E-02  5.11240E-01  9.37445E-01      -1.00000E+00  1.00000E+00
 -9.55660E-01 -6.12450E-01 -2.41775E-02  5.60237E-01  9.46185E-01      -1.00000E+00  1.00000E+00
 -9.48522E-01 -5.62265E-01  2.28077E-02  5.94435E-01  9.50918E-01      -1.00000E+00  1.00000E+00
 -3.68705E-01 -6.44000E-02  1.63017E-01  4.12970E-01  7.66798E-01      -1.00000E+00  1.00000E+00
 -4.32438E-01 -8.19850E-02  1.77102E-01  4.46880E-01  8.26000E-01      -1.00000E+00  1.00000E+00
 -4.40311E-01 -9.79725E-02  1.79173E-01  4.56928E-01  7.61340E-01      -1.00000E+00  1.00000E+00
 -4.82941E-01 -1.21197E-01  1.86837E-01  4.84074E-01  8.11805E-01      -1.00000E+00  1.00000E+00
 -7.05943E-01 -2.23690E-01  1.97040E-01  6.02378E-01  9.37735E-01      -1.00000E+00  1.00000E+00
  5.06445E-01  6.75137E-01  7.55843E-01  8.18908E-01  8.96897E-01      -4.59090E-01  1.00000E+00
  6.11312E-01  8.00558E-01  8.89957E-01  9.49130E-01  9.85842E-01      -3.12010E-01  1.00000E+00
  6.48558E-01  8.19803E-01  9.13565E-01  9.68738E-01  9.96538E-01      -4.99050E-01  1.00000E+00
  6.90107E-01  8.55610E-01  9.32587E-01  9.76442E-01  9.97347E-01      -2.80750E-01  1.00000E+00
  7.03272E-01  8.72762E-01  9.44060E-01  9.81478E-01  9.97997E-01      -7.33630E-01  1.00000E+00
  7.65615E-01  8.79947E-01  9.17008E-01  9.43617E-01  9.72652E-01       2.56030E-01  1.00000E+00
  8.18007E-01  9.27180E-01  9.72152E-01  9.90330E-01  9.98935E-01       2.77750E-01  1.00000E+00
  8.31390E-01  9.05850E-01  9.52028E-01  9.84105E-01  9.98252E-01       3.55560E-01  1.00000E+00
  8.71625E-01  9.41733E-01  9.72173E-01  9.90053E-01  9.98895E-01       3.85480E-01  1.00000E+00
  8.87708E-01  9.53647E-01  9.80263E-01  9.93515E-01  9.99297E-01       4.62350E-01  1.00000E+00
  9.35580E-01  9.68915E-01  9.82010E-01  9.90267E-01  9.96432E-01       6.64630E-01  1.00000E+00
  9.33993E-01  9.73640E-01  9.89375E-01  9.96422E-01  9.99602E-01       6.73190E-01  1.00000E+00
  9.34545E-01  9.69770E-01  9.85503E-01  9.95293E-01  9.99480E-01       6.51410E-01  1.00000E+00
  9.43745E-01  9.74815E-01  9.88945E-01  9.96322E-01  9.99610E-01       6.40130E-01  1.00000E+00
  9.55668E-01  9.81670E-01  9.91995E-01  9.97362E-01  9.99723E-01       7.14220E-01  1.00000E+00


    2.   4.00   74. 183.84  2.00E+00  8.00E+01  1.00E+00  9.82E-01     5   0.00

  1.91980E+00  1.96520E+00  1.97890E+00  1.98770E+00  1.99350E+00       5.11620E-02  1.99640E+00

  5.49375E-01  7.16525E-01  8.11140E-01  8.84810E-01  9.49680E-01       6.56290E-02  1.00000E+00
  4.56185E-01  5.55385E-01  6.08650E-01  6.71520E-01  7.49230E-01       6.68110E-02  9.82050E-01
  3.16415E-01  3.83500E-01  4.23725E-01  4.80080E-01  5.47820E-01       4.32060E-02  7.83330E-01
  1.94110E-01  2.36165E-01  2.63730E-01  3.05925E-01  3.66170E-01       3.23080E-02  5.66330E-01
  6.72555E-02  8.91895E-02  1.07575E-01  1.28606E-01  1.72025E-01       2.62480E-03  3.04740E-01

 -3.00003E-01 -6.84850E-02  2.01813E-01  4.65235E-01  8.09643E-01      -1.00000E+00  1.00000E+00
 -2.27973E-01  3.39825E-02  3.12793E-01  5.61755E-01  8.40512E-01      -1.00000E+00  1.00000E+00
 -2.09240E-01  4.92600E-02  3.21530E-01  5.79900E-01  8.21115E-01      -1.00000E+00  1.00000E+00
 -1.99760E-01  8.02425E-02  3.74513E-01  6.60232E-01  9.07088E-01      -1.00000E+00  1.00000E+00
 -2.60610E-01  8.10475E-02  4.19838E-01  7.40760E-01  9.64863E-01      -1.00000E+00  1.00000E+00
  7.01298E-01  8.15765E-01  8.57730E-01  8.89990E-01  9.30177E-01       1.26750E-02  1.00000E+00
  7.90743E-01  9.10980E-01  9.51720E-01  9.75845E-01  9.92145E-01       7.55950E-02  1.00000E+00
  8.12503E-01  9.27765E-01  9.69008E-01  9.89240E-01  9.98807E-01       1.99780E-01  1.00000E+00
  8.31125E-01  9.15070E-01  9.61435E-01  9.87827E-01  9.98750E-01       1.75890E-01  1.00000E+00
  8.68065E-01  9.43035E-01  9.74542E-01  9.91367E-01  9.99055E-01       1.66830E-01  1.00000E+00
  8.75210E-01  9.20305E-01  9.37210E-01  9.50925E-01  9.67560E-01       5.68260E-01  1.00000E+00
  9.21655E-01  9.68193E-01  9.83385E-01  9.92355E-01  9.98403E-01       5.64330E-01  1.00000E+00
  9.12753E-01  9.75832E-01  9.89460E-01  9.96360E-01  9.99598E-01       6.53030E-01  1.00000E+00
  9.14518E-01  9.54577E-01  9.79678E-01  9.93790E-01  9.99343E-01       6.49940E-01  1.00000E+00
  9.48095E-01  9.76283E-01  9.89197E-01  9.96380E-01  9.99613E-01       7.16240E-01  1.00000E+00
  9.53390E-01  9.65110E-01  9.72445E-01  9.78492E-01  9.85243E-01       7.79810E-01  1.00000E+00
  9.75282E-01  9.87515E-01  9.93705E-01  9.97323E-01  9.99537E-01       7.95060E-01  1.00000E+00
  9.74093E-01  9.91013E-01  9.95835E-01  9.98575E-01  9.99845E-01       8.21150E-01  1.00000E+00
  9.58187E-01  9.81668E-01  9.92352E-01  9.97270E-01  9.99713E-01       8.29100E-01  1.00000E+00
  9.75747E-01  9.88712E-01  9.94875E-01  9.98265E-01  9.99812E-01       8.64840E-01  1.00000E+00
  9.83853E-01  9.89615E-01  9.92670E-01  9.94862E-01  9.96850E-01       9.20850E-01  1.00000E+00
  9.87753E-01  9.94407E-01  9.97488E-01  9.99140E-01  9.99903E-01       9.29000E-01  1.00000E+00
  9.89108E-01  9.94800E-01  9.97653E-01  9.99217E-01  9.99915E-01       9.34560E-01  1.00000E+00
  9.92295E-01  9.96140E-01  9.98215E-01  9.99388E-01  9.99930E-01       9.42130E-01  1.00000E+00
  9.88550E-01  9.94573E-01  9.97865E-01  9.99378E-01  9.99937E-01       9.51060E-01  1.00000E+00


    2.   4.00   74. 183.84  2.00E+00  8.50E+01  1.00E+00  9.91E-01     5   0.00

  1.96170E+00  1.98120E+00  1.98920E+00  1.99310E+00  1.99560E+00       1.29800E-01  1.99640E+00

  5.71795E-01  6.58415E-01  7.17595E-01  7.77215E-01  8.54785E-01       1.04830E-01  9.99990E-01
  3.64545E-01  4.21555E-01  4.51810E-01  4.88635E-01  5.60350E-01       9.21570E-02  8.04070E-01
  2.43330E-01  2.85085E-01  3.02855E-01  3.22605E-01  3.78595E-01       6.79530E-02  5.51760E-01
  1.60630E-01  1.91340E-01  2.04425E-01  2.16615E-01  2.33225E-01       3.93440E-02  3.64250E-01
  1.00525E-01  1.22245E-01  1.31805E-01  1.40265E-01  1.51110E-01       2.48730E-02  1.81080E-01

  3.70030E-01  7.62530E-01  8.45790E-01  8.90867E-01  9.32430E-01      -1.00000E+00  9.99940E-01
  6.46903E-01  8.82160E-01  9.52503E-01  9.84223E-01  9.98135E-01      -1.00000E+00  1.00000E+00
  4.74103E-01  8.61040E-01  9.41515E-01  9.80563E-01  9.97930E-01      -1.00000E+00  1.00000E+00
  2.48855E-01  8.20022E-01  9.32677E-01  9.78873E-01  9.97815E-01      -1.00000E+00  1.00000E+00
  2.59775E-02  4.85063E-01  7.90223E-01  9.36925E-01  9.93823E-01      -1.00000E+00  1.00000E+00
  9.06112E-01  9.30855E-01  9.45647E-01  9.56943E-01  9.69252E-01       6.04380E-01  1.00000E+00
  9.46920E-01  9.72890E-01  9.85745E-01  9.92980E-01  9.97750E-01       6.50560E-01  1.00000E+00
  9.53985E-01  9.79553E-01  9.90842E-01  9.96925E-01  9.99670E-01       6.87740E-01  1.00000E+00
  9.45235E-01  9.80142E-01  9.92045E-01  9.97425E-01  9.99720E-01       6.84770E-01  1.00000E+00
  9.44998E-01  9.74900E-01  9.89507E-01  9.96522E-01  9.99625E-01       7.63940E-01  1.00000E+00
  9.57537E-01  9.66095E-01  9.71667E-01  9.76367E-01  9.81705E-01       8.48110E-01  1.00000E+00
  9.77788E-01  9.85975E-01  9.90905E-01  9.94190E-01  9.96915E-01       8.89040E-01  1.00000E+00
  9.84880E-01  9.92233E-01  9.96390E-01  9.98782E-01  9.99870E-01       8.62990E-01  1.00000E+00
  9.89702E-01  9.94775E-01  9.97483E-01  9.99132E-01  9.99903E-01       8.91570E-01  1.00000E+00
  9.72770E-01  9.87825E-01  9.95818E-01  9.98747E-01  9.99865E-01       8.83550E-01  1.00000E+00
  9.76245E-01  9.80627E-01  9.83635E-01  9.86173E-01  9.88955E-01       9.17630E-01  9.90930E-01
  9.86545E-01  9.90847E-01  9.93607E-01  9.95565E-01  9.97252E-01       9.39210E-01  9.97910E-01
  9.90977E-01  9.95310E-01  9.97788E-01  9.99220E-01  9.99910E-01       9.42240E-01  1.00000E+00
  9.93450E-01  9.96445E-01  9.98323E-01  9.99422E-01  9.99938E-01       9.47730E-01  1.00000E+00
  9.93120E-01  9.97183E-01  9.98960E-01  9.99663E-01  9.99962E-01       9.53770E-01  1.00000E+00
  9.87265E-01  9.89577E-01  9.91180E-01  9.92510E-01  9.93982E-01       9.73090E-01  9.93590E-01
  9.92542E-01  9.94818E-01  9.96315E-01  9.97410E-01  9.98363E-01       9.86960E-01  9.98680E-01
  9.94950E-01  9.97350E-01  9.98732E-01  9.99538E-01  9.99942E-01       9.90290E-01  1.00000E+00
  9.96230E-01  9.97967E-01  9.99035E-01  9.99667E-01  9.99965E-01       9.92430E-01  1.00000E+00
  9.98103E-01  9.98985E-01  9.99518E-01  9.99832E-01  9.99982E-01       9.94850E-01  1.00000E+00


    2.   4.00   74. 183.84  5.00E+00  0.00E+00  8.66E-01  6.50E-01     5   0.00

  2.16830E+00  3.75530E+00  4.18110E+00  4.40550E+00  4.52770E+00       5.00000E-02  4.70230E+00

  5.84960E-01  7.44175E-01  8.41340E-01  9.14890E-01  9.74805E-01       6.71090E-02  1.00000E+00
  5.47750E-01  7.10100E-01  8.14020E-01  8.97585E-01  9.68455E-01       1.02100E-01  1.00000E+00
  5.16625E-01  6.86370E-01  7.96325E-01  8.85920E-01  9.63825E-01       1.00840E-01  1.00000E+00
  4.84410E-01  6.58295E-01  7.75380E-01  8.71000E-01  9.56620E-01       6.94110E-02  1.00000E+00
  3.38610E-01  4.86440E-01  5.92910E-01  6.91825E-01  8.11070E-01       4.56100E-02  9.99990E-01

 -9.52740E-01 -5.89967E-01 -5.88805E-04  5.88100E-01  9.49262E-01      -1.00000E+00  1.00000E+00
 -9.52562E-01 -5.92533E-01 -2.58665E-03  5.84642E-01  9.51098E-01      -1.00000E+00  1.00000E+00
 -9.48693E-01 -5.80348E-01  7.70467E-03  5.93233E-01  9.51780E-01      -1.00000E+00  1.00000E+00
 -9.50342E-01 -5.79213E-01  1.02907E-03  5.91300E-01  9.50313E-01      -1.00000E+00  1.00000E+00
 -9.52090E-01 -5.91700E-01  6.01350E-03  5.94055E-01  9.52520E-01      -1.00000E+00  1.00000E+00
 -9.50272E-01 -5.80817E-01  1.32910E-02  5.96097E-01  9.52260E-01      -1.00000E+00  1.00000E+00
 -9.52165E-01 -5.89712E-01 -3.18775E-03  5.89690E-01  9.50100E-01      -1.00000E+00  1.00000E+00
 -9.49405E-01 -5.79313E-01  1.05563E-02  5.95137E-01  9.51905E-01      -1.00000E+00  1.00000E+00
 -9.49710E-01 -5.77758E-01  1.17600E-02  5.95257E-01  9.50495E-01      -1.00000E+00  1.00000E+00
 -9.52198E-01 -5.90970E-01 -4.41225E-03  5.81873E-01  9.50455E-01      -1.00000E+00  1.00000E+00
 -9.50483E-01 -5.87383E-01  4.43600E-03  5.92668E-01  9.50982E-01      -1.00000E+00  1.00000E+00
 -9.52827E-01 -5.89668E-01 -4.05642E-03  5.83782E-01  9.49562E-01      -1.00000E+00  1.00000E+00
 -9.51367E-01 -5.90515E-01 -2.49165E-03  5.87862E-01  9.50690E-01      -1.00000E+00  1.00000E+00
 -9.50875E-01 -5.80625E-01  5.51572E-03  5.88257E-01  9.51665E-01      -1.00000E+00  1.00000E+00
 -9.52765E-01 -5.95565E-01  6.13500E-05  5.91860E-01  9.52403E-01      -1.00000E+00  1.00000E+00
 -9.52377E-01 -5.93330E-01 -1.00653E-02  5.79967E-01  9.49630E-01      -1.00000E+00  1.00000E+00
 -9.50982E-01 -5.84295E-01 -3.24632E-03  5.84727E-01  9.50065E-01      -1.00000E+00  1.00000E+00
 -9.51523E-01 -5.88243E-01  2.32033E-03  5.92885E-01  9.50372E-01      -1.00000E+00  1.00000E+00
 -9.50520E-01 -5.79335E-01  5.38257E-03  5.91540E-01  9.50775E-01      -1.00000E+00  1.00000E+00
 -9.50388E-01 -5.80427E-01  4.24412E-03  5.90010E-01  9.51630E-01      -1.00000E+00  1.00000E+00
 -9.50572E-01 -5.84410E-01  1.37385E-03  5.86707E-01  9.51750E-01      -1.00000E+00  1.00000E+00
 -9.50100E-01 -5.84138E-01  7.06715E-03  5.89910E-01  9.52203E-01      -1.00000E+00  1.00000E+00
 -9.51257E-01 -5.88605E-01  2.34158E-03  5.77322E-01  9.49700E-01      -1.00000E+00  1.00000E+00
 -9.51172E-01 -5.83072E-01 -7.60837E-04  5.90442E-01  9.50830E-01      -1.00000E+00  1.00000E+00
 -9.49990E-01 -5.83360E-01  2.43213E-03  5.93525E-01  9.51167E-01      -1.00000E+00  1.00000E+00


    2.   4.00   74. 183.84  5.00E+00  3.00E+01  8.96E-01  7.06E-01     5   0.00

  2.59550E+00  3.97010E+00  4.32590E+00  4.48950E+00  4.65160E+00       5.00030E-02  4.89540E+00

  5.80790E-01  7.39225E-01  8.37080E-01  9.13090E-01  9.73955E-01       7.64020E-02  1.00000E+00
  5.26855E-01  6.92735E-01  8.00390E-01  8.88425E-01  9.64935E-01       7.99380E-02  1.00000E+00
  4.85895E-01  6.52505E-01  7.64460E-01  8.59105E-01  9.51255E-01       6.68540E-02  1.00000E+00
  4.28635E-01  6.03290E-01  7.27925E-01  8.38960E-01  9.44965E-01       6.04890E-02  1.00000E+00
  3.09860E-01  4.38900E-01  5.38210E-01  6.40320E-01  7.86320E-01       3.02100E-02  9.99990E-01

 -9.51255E-01 -5.88548E-01 -1.43028E-03  5.86415E-01  9.50468E-01      -1.00000E+00  1.00000E+00
 -9.50605E-01 -5.89025E-01 -5.63805E-03  5.86162E-01  9.51263E-01      -1.00000E+00  1.00000E+00
 -9.50727E-01 -5.82490E-01  6.80625E-03  5.88272E-01  9.49948E-01      -1.00000E+00  1.00000E+00
 -9.50885E-01 -5.86915E-01 -2.74858E-03  5.84758E-01  9.50422E-01      -1.00000E+00  1.00000E+00
 -9.51327E-01 -5.91020E-01 -5.61123E-03  5.82535E-01  9.50495E-01      -1.00000E+00  1.00000E+00
 -9.55275E-01 -6.23862E-01 -6.13905E-02  5.49815E-01  9.43998E-01      -1.00000E+00  1.00000E+00
 -9.53008E-01 -6.07008E-01 -3.12988E-02  5.62750E-01  9.47095E-01      -1.00000E+00  1.00000E+00
 -9.52538E-01 -6.00123E-01 -2.42461E-02  5.69492E-01  9.48535E-01      -1.00000E+00  1.00000E+00
 -9.51615E-01 -5.98690E-01 -2.04079E-02  5.76420E-01  9.50068E-01      -1.00000E+00  1.00000E+00
 -9.52037E-01 -5.94080E-01 -9.60866E-03  5.84835E-01  9.50275E-01      -1.00000E+00  1.00000E+00
 -9.75883E-01 -7.77185E-01 -3.46905E-01  3.13819E-01  9.04863E-01      -1.00000E+00  1.00000E+00
 -9.71992E-01 -7.33148E-01 -2.43510E-01  4.19338E-01  9.25220E-01      -1.00000E+00  1.00000E+00
 -9.69485E-01 -7.04535E-01 -1.80155E-01  4.75453E-01  9.36787E-01      -1.00000E+00  1.00000E+00
 -9.64072E-01 -6.67698E-01 -1.02873E-01  5.22508E-01  9.41040E-01      -1.00000E+00  1.00000E+00
 -9.55753E-01 -6.08102E-01 -1.59675E-02  5.73825E-01  9.48813E-01      -1.00000E+00  1.00000E+00
 -8.96392E-01 -6.64985E-01 -3.61971E-01  1.33939E-01  8.33245E-01      -1.00000E+00  1.00000E+00
 -8.02375E-01 -5.06920E-01 -1.53688E-01  3.56525E-01  9.03390E-01      -1.00000E+00  1.00000E+00
 -7.27025E-01 -3.84042E-01 -1.06650E-02  4.73195E-01  9.24198E-01      -1.00000E+00  1.00000E+00
 -6.86045E-01 -2.89735E-01  8.67800E-02  5.28855E-01  9.35705E-01      -1.00000E+00  1.00000E+00
 -7.84023E-01 -2.91021E-01  1.57940E-01  6.02520E-01  9.43632E-01      -1.00000E+00  1.00000E+00
  1.11795E-01  4.81672E-01  6.94068E-01  8.59545E-01  9.80145E-01      -9.94990E-01  1.00000E+00
  1.98651E-01  5.72817E-01  7.78405E-01  9.17628E-01  9.90220E-01      -9.99830E-01  1.00000E+00
  2.43542E-01  6.22982E-01  8.19097E-01  9.35207E-01  9.93135E-01      -1.00000E+00  1.00000E+00
  2.95133E-01  6.62255E-01  8.43475E-01  9.46433E-01  9.94242E-01      -9.98870E-01  1.00000E+00
  1.82040E-01  6.44357E-01  8.43143E-01  9.47615E-01  9.94485E-01      -1.00000E+00  1.00000E+00


    2.   4.00   74. 183.84  5.00E+00  4.50E+01  9.28E-01  7.71E-01     5   0.00

  3.16490E+00  4.19260E+00  4.45760E+00  4.62020E+00  4.78070E+00       5.00100E-02  4.94360E+00

  5.66890E-01  7.27195E-01  8.27695E-01  9.06555E-01  9.71680E-01       1.18100E-01  1.00000E+00
  5.03795E-01  6.70400E-01  7.81870E-01  8.74935E-01  9.59460E-01       9.71630E-02  1.00000E+00
  4.21495E-01  5.95190E-01  7.21740E-01  8.35165E-01  9.40875E-01       5.63260E-02  1.00000E+00
  4.18810E-01  5.79415E-01  6.89340E-01  7.88285E-01  9.05260E-01       7.14930E-02  1.00000E+00
  2.72795E-01  3.96290E-01  4.98535E-01  6.05600E-01  7.64475E-01       1.92990E-02  9.99990E-01

 -9.51072E-01 -5.79970E-01 -2.54435E-03  5.87935E-01  9.52377E-01      -1.00000E+00  1.00000E+00
 -9.50325E-01 -5.89105E-01 -2.34822E-03  5.82890E-01  9.50725E-01      -1.00000E+00  1.00000E+00
 -9.51505E-01 -5.91680E-01  8.19295E-04  5.97810E-01  9.52295E-01      -1.00000E+00  1.00000E+00
 -9.50055E-01 -5.86250E-01  5.33795E-03  5.94035E-01  9.51753E-01      -1.00000E+00  1.00000E+00
 -9.53205E-01 -5.87987E-01  1.72300E-03  5.84742E-01  9.50395E-01      -1.00000E+00  1.00000E+00
 -9.65100E-01 -7.04720E-01 -2.06415E-01  4.35095E-01  9.28430E-01      -1.00000E+00  1.00000E+00
 -9.63948E-01 -6.87322E-01 -1.67030E-01  4.69110E-01  9.32915E-01      -1.00000E+00  1.00000E+00
 -9.59888E-01 -6.57543E-01 -1.33221E-01  4.85995E-01  9.36025E-01      -1.00000E+00  1.00000E+00
 -9.57297E-01 -6.28492E-01 -8.93618E-02  5.21310E-01  9.44847E-01      -1.00000E+00  1.00000E+00
 -9.53653E-01 -6.07080E-01 -3.99023E-02  5.58412E-01  9.47725E-01      -1.00000E+00  1.00000E+00
 -9.20010E-01 -7.71637E-01 -5.61972E-01 -1.31836E-01  7.47220E-01      -1.00000E+00  1.00000E+00
 -8.90220E-01 -6.92545E-01 -4.03667E-01  1.81239E-01  8.80785E-01      -1.00000E+00  1.00000E+00
 -8.92657E-01 -6.60222E-01 -2.83555E-01  3.42473E-01  9.11185E-01      -1.00000E+00  1.00000E+00
 -9.25660E-01 -6.60385E-01 -1.99647E-01  4.18385E-01  9.17045E-01      -1.00000E+00  1.00000E+00
 -9.56075E-01 -6.54040E-01 -7.42544E-02  5.30735E-01  9.41965E-01      -1.00000E+00  1.00000E+00
 -1.91206E-01  1.35156E-01  3.61217E-01  5.96427E-01  9.02618E-01      -9.99860E-01  1.00000E+00
 -1.05213E-01  2.79499E-01  5.25992E-01  7.46160E-01  9.53983E-01      -1.00000E+00  1.00000E+00
 -3.80000E-02  3.89127E-01  6.45172E-01  8.42525E-01  9.78085E-01      -1.00000E+00  1.00000E+00
 -5.19825E-02  4.50735E-01  7.15235E-01  8.89673E-01  9.87038E-01      -1.00000E+00  1.00000E+00
 -4.33776E-01  2.90976E-01  6.74175E-01  8.87382E-01  9.87520E-01      -1.00000E+00  1.00000E+00
  4.46410E-01  7.39625E-01  8.79680E-01  9.58642E-01  9.95290E-01      -8.64620E-01  1.00000E+00
  4.56725E-01  7.46380E-01  8.84095E-01  9.61162E-01  9.95833E-01      -9.68390E-01  1.00000E+00
  4.53680E-01  7.55165E-01  8.86678E-01  9.60265E-01  9.95722E-01      -9.54070E-01  1.00000E+00
  4.41758E-01  7.50672E-01  8.90833E-01  9.63548E-01  9.96125E-01      -8.86660E-01  1.00000E+00
  3.50024E-01  7.03462E-01  8.67173E-01  9.56220E-01  9.95220E-01      -1.00000E+00  1.00000E+00


    2.   4.00   74. 183.84  5.00E+00  6.00E+01  9.69E-01  8.68E-01     5   0.00

  3.94070E+00  4.48940E+00  4.67250E+00  4.80860E+00  4.90740E+00       5.00260E-02  4.96760E+00

  5.20895E-01  6.85930E-01  7.93825E-01  8.83305E-01  9.62700E-01       6.38390E-02  1.00000E+00
  4.26710E-01  5.97260E-01  7.22365E-01  8.36235E-01  9.43655E-01       6.38110E-02  1.00000E+00
  4.24255E-01  5.82235E-01  6.93570E-01  8.02250E-01  9.36920E-01       9.12310E-02  1.00000E+00
  3.95535E-01  5.57855E-01  6.72850E-01  7.70450E-01  8.74945E-01       6.60390E-02  1.00000E+00
  2.23075E-01  3.12330E-01  3.82945E-01  4.58650E-01  5.62740E-01       1.92900E-02  9.44780E-01

 -9.60172E-01 -6.57485E-01 -1.24377E-01  4.99418E-01  9.37963E-01      -1.00000E+00  1.00000E+00
 -9.59740E-01 -6.55963E-01 -1.25618E-01  4.98780E-01  9.37563E-01      -1.00000E+00  1.00000E+00
 -9.59575E-01 -6.53530E-01 -1.13493E-01  5.03278E-01  9.36473E-01      -1.00000E+00  1.00000E+00
 -9.56025E-01 -6.35335E-01 -8.67956E-02  5.22263E-01  9.42930E-01      -1.00000E+00  1.00000E+00
 -9.57675E-01 -6.27235E-01 -6.73277E-02  5.44920E-01  9.44250E-01      -1.00000E+00  1.00000E+00
 -9.06630E-01 -6.85527E-01 -4.39800E-01  9.86875E-03  8.07090E-01      -1.00000E+00  1.00000E+00
 -9.22922E-01 -6.53768E-01 -3.02960E-01  2.72532E-01  8.86365E-01      -1.00000E+00  1.00000E+00
 -9.25345E-01 -6.16720E-01 -1.62307E-01  3.86845E-01  9.02015E-01      -1.00000E+00  1.00000E+00
 -9.43218E-01 -6.01770E-01 -4.93987E-02  4.70070E-01  9.02998E-01      -1.00000E+00  1.00000E+00
 -9.46287E-01 -5.50870E-01  6.04640E-02  6.01770E-01  9.49607E-01      -1.00000E+00  1.00000E+00
 -5.82575E-02  3.26388E-01  5.34965E-01  7.26203E-01  9.40975E-01      -9.98970E-01  1.00000E+00
 -6.50850E-02  4.01015E-01  6.30127E-01  8.08120E-01  9.66930E-01      -1.00000E+00  1.00000E+00
 -1.19844E-01  4.51728E-01  7.06457E-01  8.71045E-01  9.81735E-01      -1.00000E+00  1.00000E+00
 -3.42201E-01  3.22030E-01  6.94288E-01  8.93127E-01  9.87650E-01      -1.00000E+00  1.00000E+00
 -7.60750E-01 -1.81615E-01  3.73415E-01  7.73047E-01  9.75782E-01      -1.00000E+00  1.00000E+00
  2.57475E-01  5.04088E-01  6.85215E-01  8.45685E-01  9.51878E-01      -6.53580E-01  1.00000E+00
  3.08195E-01  5.61588E-01  7.17857E-01  8.52442E-01  9.75245E-01      -7.71430E-01  1.00000E+00
  3.70208E-01  6.41445E-01  7.98588E-01  9.14872E-01  9.88255E-01      -8.15550E-01  1.00000E+00
  4.17007E-01  6.99305E-01  8.50283E-01  9.44700E-01  9.93640E-01      -9.73900E-01  1.00000E+00
  3.10840E-01  6.85153E-01  8.55920E-01  9.49990E-01  9.94640E-01      -9.99990E-01  1.00000E+00
  8.18027E-01  8.99235E-01  9.39495E-01  9.68458E-01  9.91117E-01       1.96520E-01  1.00000E+00
  8.30418E-01  9.21957E-01  9.62295E-01  9.86035E-01  9.98402E-01       1.00600E-01  1.00000E+00
  8.33913E-01  9.25320E-01  9.67070E-01  9.88807E-01  9.98760E-01      -4.24760E-02  1.00000E+00
  8.43132E-01  9.31533E-01  9.69472E-01  9.89805E-01  9.98880E-01       1.82560E-01  1.00000E+00
  8.63990E-01  9.42595E-01  9.75007E-01  9.91730E-01  9.99130E-01       2.39880E-01  1.00000E+00


    2.   4.00   74. 183.84  5.00E+00  7.00E+01  9.92E-01  9.39E-01     5   0.00

  4.45250E+00  4.72730E+00  4.85540E+00  4.91980E+00  4.95290E+00       5.00240E-02  4.98140E+00

  4.48870E-01  6.20700E-01  7.42535E-01  8.50055E-01  9.50555E-01       9.24390E-02  1.00000E+00
  4.51480E-01  6.38325E-01  7.72795E-01  8.76200E-01  9.64090E-01       8.89900E-02  1.00000E+00
  4.32515E-01  5.78680E-01  6.66285E-01  7.42310E-01  8.32905E-01       6.78440E-02  9.99980E-01
  3.05700E-01  3.89045E-01  4.51365E-01  5.13835E-01  5.96610E-01       5.98960E-02  9.04670E-01
  1.49833E-01  2.09050E-01  2.55220E-01  3.00920E-01  3.64925E-01       1.03310E-02  6.34080E-01

 -9.48690E-01 -7.27930E-01 -3.45237E-01  2.12089E-01  8.72095E-01      -1.00000E+00  1.00000E+00
 -9.50085E-01 -6.73158E-01 -2.12278E-01  3.45610E-01  9.05223E-01      -1.00000E+00  1.00000E+00
 -9.56690E-01 -6.52113E-01 -1.60870E-01  4.03653E-01  9.12153E-01      -1.00000E+00  1.00000E+00
 -9.60452E-01 -6.54345E-01 -1.31964E-01  4.54650E-01  9.18315E-01      -1.00000E+00  1.00000E+00
 -9.56125E-01 -6.30727E-01 -5.25847E-02  5.42342E-01  9.42180E-01      -1.00000E+00  1.00000E+00
 -6.03019E-02  3.25285E-01  6.03263E-01  8.48470E-01  9.80660E-01      -9.92980E-01  1.00000E+00
 -1.24601E-01  2.87255E-01  5.51107E-01  7.60252E-01  9.60587E-01      -1.00000E+00  1.00000E+00
 -1.91455E-01  2.63265E-01  5.94137E-01  8.10917E-01  9.57843E-01      -1.00000E+00  1.00000E+00
 -3.66421E-01  1.24545E-01  5.01615E-01  8.13980E-01  9.79705E-01      -1.00000E+00  1.00000E+00
 -6.92022E-01 -1.58290E-01  2.70064E-01  6.57922E-01  9.52022E-01      -1.00000E+00  1.00000E+00
  4.43985E-01  6.09577E-01  6.99435E-01  7.78450E-01  8.91082E-01      -3.42520E-01  1.00000E+00
  5.39080E-01  7.25442E-01  8.26090E-01  9.05760E-01  9.71133E-01      -3.31480E-01  1.00000E+00
  6.05175E-01  7.96018E-01  8.96400E-01  9.59032E-01  9.95193E-01      -4.25760E-01  1.00000E+00
  6.47182E-01  8.30162E-01  9.21492E-01  9.73330E-01  9.96980E-01      -4.15260E-01  1.00000E+00
  6.70872E-01  8.53198E-01  9.34595E-01  9.77958E-01  9.97657E-01      -9.99830E-01  1.00000E+00
  8.03373E-01  8.80250E-01  9.18158E-01  9.48770E-01  9.77653E-01       3.26700E-01  1.00000E+00
  8.42285E-01  9.22605E-01  9.61933E-01  9.85362E-01  9.98295E-01       2.40540E-01  1.00000E+00
  8.56757E-01  9.33240E-01  9.68895E-01  9.89157E-01  9.98835E-01       4.06240E-01  1.00000E+00
  8.74475E-01  9.43640E-01  9.74913E-01  9.91510E-01  9.99047E-01       3.79650E-01  1.00000E+00
  8.97443E-01  9.56838E-01  9.81125E-01  9.93702E-01  9.99340E-01       4.37130E-01  1.00000E+00
  9.38738E-01  9.69730E-01  9.83678E-01  9.92905E-01  9.98938E-01       6.59310E-01  1.00000E+00
  9.42040E-01  9.74252E-01  9.88510E-01  9.96082E-01  9.99587E-01       6.73290E-01  1.00000E+00
  9.45573E-01  9.75862E-01  9.89125E-01  9.96372E-01  9.99607E-01       7.03760E-01  1.00000E+00
  9.50430E-01  9.78630E-01  9.90695E-01  9.96873E-01  9.99668E-01       7.45120E-01  1.00000E+00
  9.58128E-01  9.82610E-01  9.92465E-01  9.97495E-01  9.99743E-01       7.43100E-01  1.00000E+00


    2.   4.00   74. 183.84  5.00E+00  8.00E+01  1.00E+00  9.84E-01     5   0.00

  4.82450E+00  4.92830E+00  4.95580E+00  4.97110E+00  4.98250E+00       5.11010E-02  4.99130E+00

  5.22935E-01  6.90270E-01  7.88905E-01  8.60355E-01  9.31435E-01       8.93190E-02  1.00000E+00
  3.86290E-01  4.68015E-01  5.19620E-01  5.69900E-01  6.38710E-01       7.60950E-02  9.07720E-01
  2.72015E-01  3.27290E-01  3.69090E-01  4.08795E-01  4.60480E-01       6.55070E-02  6.74050E-01
  1.77940E-01  2.16715E-01  2.49235E-01  2.77580E-01  3.13315E-01       3.64670E-02  4.77640E-01
  7.12150E-02  1.00594E-01  1.22880E-01  1.45415E-01  1.74410E-01       1.22010E-03  3.02470E-01

 -1.81315E-01  2.17712E-01  4.72790E-01  6.64225E-01  9.05815E-01      -1.00000E+00  1.00000E+00
 -1.05013E-01  2.98563E-01  5.49758E-01  7.30233E-01  9.13763E-01      -1.00000E+00  1.00000E+00
 -6.75100E-02  3.64352E-01  6.28112E-01  8.09492E-01  9.47072E-01      -1.00000E+00  1.00000E+00
 -6.81850E-02  4.04890E-01  6.86430E-01  8.76518E-01  9.84770E-01      -1.00000E+00  1.00000E+00
 -1.29375E-01  2.95385E-01  6.36865E-01  8.63622E-01  9.84338E-01      -1.00000E+00  1.00000E+00
  8.10295E-01  8.72170E-01  9.05353E-01  9.32108E-01  9.60583E-01       3.10580E-01  1.00000E+00
  8.68965E-01  9.32585E-01  9.63958E-01  9.85897E-01  9.98035E-01       4.13690E-01  1.00000E+00
  8.89815E-01  9.49000E-01  9.75730E-01  9.91192E-01  9.99005E-01       3.97980E-01  1.00000E+00
  9.03687E-01  9.58435E-01  9.81542E-01  9.93640E-01  9.99305E-01       4.51270E-01  1.00000E+00
  9.16515E-01  9.65615E-01  9.85090E-01  9.95050E-01  9.99472E-01       4.70550E-01  1.00000E+00
  9.13615E-01  9.49003E-01  9.64515E-01  9.76145E-01  9.88333E-01       6.82230E-01  1.00000E+00
  9.38460E-01  9.72555E-01  9.87765E-01  9.95620E-01  9.99507E-01       7.40840E-01  1.00000E+00
  9.45993E-01  9.73237E-01  9.87682E-01  9.95850E-01  9.99553E-01       7.64500E-01  1.00000E+00
  9.57245E-01  9.81527E-01  9.91617E-01  9.97165E-01  9.99692E-01       7.92880E-01  1.00000E+00
  9.65588E-01  9.85602E-01  9.93755E-01  9.97938E-01  9.99772E-01       7.85450E-01  1.00000E+00
  9.59700E-01  9.77875E-01  9.85595E-01  9.91123E-01  9.96133E-01       8.61870E-01  1.00000E+00
  9.68500E-01  9.86255E-01  9.94175E-01  9.98000E-01  9.99785E-01       8.62290E-01  1.00000E+00
  9.73330E-01  9.86855E-01  9.93600E-01  9.97897E-01  9.99777E-01       8.77910E-01  1.00000E+00
  9.79855E-01  9.90927E-01  9.95968E-01  9.98627E-01  9.99853E-01       9.00280E-01  1.00000E+00
  9.83993E-01  9.93368E-01  9.97075E-01  9.99043E-01  9.99897E-01       9.10440E-01  1.00000E+00
  9.88275E-01  9.93998E-01  9.96710E-01  9.98472E-01  9.99652E-01       9.37360E-01  1.00000E+00
  9.88915E-01  9.95165E-01  9.97757E-01  9.99228E-01  9.99918E-01       9.44790E-01  1.00000E+00
  9.90212E-01  9.95862E-01  9.98212E-01  9.99408E-01  9.99932E-01       9.44890E-01  1.00000E+00
  9.90620E-01  9.96047E-01  9.98310E-01  9.99447E-01  9.99940E-01       9.52950E-01  1.00000E+00
  9.93165E-01  9.97073E-01  9.98713E-01  9.99573E-01  9.99953E-01       9.58460E-01  1.00000E+00


    2.   4.00   74. 183.84  5.00E+00  8.50E+01  1.00E+00  9.94E-01     5   0.00

  4.93500E+00  4.96860E+00  4.98150E+00  4.98780E+00  4.99310E+00       1.42140E-01  4.99570E+00

  4.44235E-01  5.12980E-01  5.69845E-01  6.37810E-01  7.43790E-01       1.15820E-01  1.00000E+00
  2.65520E-01  3.03975E-01  3.33310E-01  3.62995E-01  4.05195E-01       6.63810E-02  5.95740E-01
  1.67050E-01  1.91815E-01  2.10855E-01  2.32130E-01  2.60185E-01       4.60860E-02  3.76240E-01
  1.02309E-01  1.18845E-01  1.31165E-01  1.44815E-01  1.65320E-01       2.53220E-02  2.37420E-01
  3.12735E-02  4.06150E-02  4.91600E-02  5.84630E-02  7.06185E-02       8.77510E-04  1.29420E-01

  8.41620E-01  9.11933E-01  9.43337E-01  9.63950E-01  9.82132E-01      -1.00000E+00  1.00000E+00
  8.83250E-01  9.51930E-01  9.78452E-01  9.92782E-01  9.99228E-01      -9.99340E-01  1.00000E+00
  8.65903E-01  9.52757E-01  9.79958E-01  9.93490E-01  9.99280E-01      -1.00000E+00  1.00000E+00
  7.22543E-01  9.18238E-01  9.69158E-01  9.90600E-01  9.98990E-01      -1.00000E+00  1.00000E+00
  2.91664E-01  7.03830E-01  8.79663E-01  9.60965E-01  9.95948E-01      -1.00000E+00  1.00000E+00
  9.53590E-01  9.70485E-01  9.79360E-01  9.85907E-01  9.92457E-01       8.28200E-01  1.00000E+00
  9.69245E-01  9.85945E-01  9.93712E-01  9.97912E-01  9.99783E-01       8.28460E-01  1.00000E+00
  9.71557E-01  9.88620E-01  9.94648E-01  9.98145E-01  9.99798E-01       8.64160E-01  1.00000E+00
  9.73700E-01  9.88548E-01  9.95313E-01  9.98492E-01  9.99840E-01       8.69520E-01  1.00000E+00
  9.80513E-01  9.91695E-01  9.96355E-01  9.98800E-01  9.99870E-01       8.82610E-01  1.00000E+00
  9.80560E-01  9.87020E-01  9.90600E-01  9.93320E-01  9.96238E-01       9.20840E-01  1.00000E+00
  9.88150E-01  9.94728E-01  9.97658E-01  9.99208E-01  9.99910E-01       9.35960E-01  1.00000E+00
  9.87785E-01  9.95462E-01  9.97975E-01  9.99308E-01  9.99925E-01       9.44280E-01  1.00000E+00
  9.88415E-01  9.94920E-01  9.97853E-01  9.99315E-01  9.99923E-01       9.49800E-01  1.00000E+00
  9.92227E-01  9.96485E-01  9.98425E-01  9.99478E-01  9.99942E-01       9.43740E-01  1.00000E+00
  9.90622E-01  9.93480E-01  9.95167E-01  9.96478E-01  9.97925E-01       9.63130E-01  1.00000E+00
  9.94680E-01  9.97515E-01  9.98905E-01  9.99627E-01  9.99958E-01       9.76410E-01  1.00000E+00
  9.94805E-01  9.97915E-01  9.99047E-01  9.99680E-01  9.99965E-01       9.73920E-01  1.00000E+00
  9.94568E-01  9.97818E-01  9.99130E-01  9.99715E-01  9.99970E-01       9.79970E-01  1.00000E+00
  9.96290E-01  9.98295E-01  9.99235E-01  9.99742E-01  9.99972E-01       9.82910E-01  1.00000E+00
  9.97028E-01  9.98240E-01  9.98822E-01  9.99230E-01  9.99585E-01       9.85940E-01  1.00000E+00
  9.97535E-01  9.98948E-01  9.99545E-01  9.99850E-01  9.99985E-01       9.88200E-01  1.00000E+00
  9.97610E-01  9.98905E-01  9.99517E-01  9.99840E-01  9.99985E-01       9.88180E-01  1.00000E+00
  9.98077E-01  9.99033E-01  9.99560E-01  9.99853E-01  9.99985E-01       9.90040E-01  1.00000E+00
  9.98580E-01  9.99367E-01  9.99733E-01  9.99910E-01  9.99993E-01       9.91640E-01  1.00000E+00


    2.   4.00   74. 183.84  1.00E+01  0.00E+00  8.08E-01  5.87E-01     5   0.00

  3.51770E+00  7.07090E+00  8.27060E+00  8.79250E+00  9.05660E+00       5.00040E-02  9.46270E+00

  5.88130E-01  7.44635E-01  8.41375E-01  9.15395E-01  9.74855E-01       7.45360E-02  1.00000E+00
  5.58835E-01  7.18670E-01  8.20445E-01  9.02005E-01  9.70000E-01       1.04960E-01  1.00000E+00
  5.21865E-01  6.89705E-01  7.98965E-01  8.88315E-01  9.65570E-01       1.16400E-01  1.00000E+00
  5.13575E-01  6.87275E-01  8.01670E-01  8.91970E-01  9.66905E-01       9.30300E-02  1.00000E+00
  3.55740E-01  4.92990E-01  5.92820E-01  6.86645E-01  8.01145E-01       5.29150E-02  9.99970E-01

 -9.50863E-01 -5.79400E-01  1.69394E-02  5.99637E-01  9.52560E-01      -1.00000E+00  1.00000E+00
 -9.49560E-01 -5.83605E-01 -8.46000E-04  5.84730E-01  9.50012E-01      -1.00000E+00  1.00000E+00
 -9.52052E-01 -5.94390E-01 -8.13105E-03  5.78355E-01  9.50582E-01      -1.00000E+00  1.00000E+00
 -9.51365E-01 -5.88413E-01 -2.38587E-03  5.88352E-01  9.50457E-01      -1.00000E+00  1.00000E+00
 -9.51550E-01 -5.93433E-01  3.54588E-03  5.86355E-01  9.52025E-01      -1.00000E+00  1.00000E+00
 -9.51393E-01 -5.88125E-01 -9.85310E-03  5.78140E-01  9.49875E-01      -1.00000E+00  1.00000E+00
 -9.50213E-01 -5.88015E-01 -1.37388E-02  5.82155E-01  9.49955E-01      -1.00000E+00  1.00000E+00
 -9.50960E-01 -5.84143E-01  5.94043E-03  5.94978E-01  9.52495E-01      -1.00000E+00  1.00000E+00
 -9.50453E-01 -5.83117E-01  9.30368E-03  5.96548E-01  9.52305E-01      -1.00000E+00  1.00000E+00
 -9.49490E-01 -5.82767E-01  5.22955E-03  5.89955E-01  9.49650E-01      -1.00000E+00  1.00000E+00
 -9.51040E-01 -5.86232E-01  2.76093E-03  5.87938E-01  9.51562E-01      -1.00000E+00  1.00000E+00
 -9.53315E-01 -5.89395E-01 -4.16727E-03  5.86963E-01  9.50292E-01      -1.00000E+00  1.00000E+00
 -9.51128E-01 -5.88093E-01 -4.07063E-03  5.88465E-01  9.50350E-01      -1.00000E+00  1.00000E+00
 -9.50168E-01 -5.80348E-01  1.37616E-03  5.89245E-01  9.54880E-01      -1.00000E+00  1.00000E+00
 -9.52030E-01 -5.87483E-01 -1.05575E-04  5.92235E-01  9.52610E-01      -1.00000E+00  1.00000E+00
 -9.52093E-01 -5.87753E-01  1.73208E-03  5.89328E-01  9.48805E-01      -1.00000E+00  1.00000E+00
 -9.50842E-01 -5.84350E-01  7.10588E-03  5.90483E-01  9.50718E-01      -1.00000E+00  1.00000E+00
 -9.53365E-01 -5.90803E-01 -7.23960E-03  5.83618E-01  9.51497E-01      -1.00000E+00  1.00000E+00
 -9.50967E-01 -5.87475E-01  6.45250E-04  5.86707E-01  9.51167E-01      -1.00000E+00  1.00000E+00
 -9.50955E-01 -5.89685E-01 -8.08310E-03  5.82200E-01  9.49405E-01      -1.00000E+00  1.00000E+00
 -9.51022E-01 -5.87483E-01  3.95827E-03  5.95175E-01  9.50917E-01      -1.00000E+00  1.00000E+00
 -9.52407E-01 -5.95440E-01 -4.67890E-03  5.92405E-01  9.49763E-01      -1.00000E+00  1.00000E+00
 -9.49230E-01 -5.79510E-01  6.60455E-03  5.92588E-01  9.52220E-01      -1.00000E+00  1.00000E+00
 -9.50462E-01 -5.84965E-01  1.49590E-03  5.91958E-01  9.51923E-01      -1.00000E+00  1.00000E+00
 -9.48873E-01 -5.74040E-01  4.89530E-03  5.92810E-01  9.51278E-01      -1.00000E+00  1.00000E+00


    2.   4.00   74. 183.84  1.00E+01  3.00E+01  8.47E-01  6.51E-01     5   0.00

  4.34770E+00  7.67410E+00  8.57250E+00  8.96960E+00  9.31000E+00       5.00010E-02  9.78640E+00

  5.82780E-01  7.40495E-01  8.38560E-01  9.13520E-01  9.74370E-01       7.34420E-02  1.00000E+00
  5.38530E-01  7.02780E-01  8.08685E-01  8.94675E-01  9.67625E-01       1.09910E-01  1.00000E+00
  4.96185E-01  6.66115E-01  7.81200E-01  8.76735E-01  9.60660E-01       1.06170E-01  1.00000E+00
  4.40635E-01  6.06800E-01  7.25550E-01  8.33275E-01  9.42035E-01       7.20400E-02  1.00000E+00
  3.09260E-01  4.39040E-01  5.37525E-01  6.38645E-01  7.77620E-01       4.09770E-02  1.00000E+00

 -9.51098E-01 -5.88113E-01  6.39017E-04  5.87570E-01  9.51955E-01      -1.00000E+00  1.00000E+00
 -9.51780E-01 -5.91660E-01 -1.29256E-02  5.80163E-01  9.50773E-01      -1.00000E+00  1.00000E+00
 -9.49935E-01 -5.90627E-01 -2.39985E-03  5.85052E-01  9.50790E-01      -1.00000E+00  1.00000E+00
 -9.50222E-01 -5.94607E-01 -1.21668E-02  5.79497E-01  9.50065E-01      -1.00000E+00  1.00000E+00
 -9.49738E-01 -5.78700E-01  8.93267E-03  5.87145E-01  9.50402E-01      -1.00000E+00  1.00000E+00
 -9.52398E-01 -6.05515E-01 -2.98090E-02  5.68770E-01  9.49220E-01      -1.00000E+00  1.00000E+00
 -9.51277E-01 -6.00738E-01 -1.78477E-02  5.72390E-01  9.48533E-01      -1.00000E+00  1.00000E+00
 -9.49940E-01 -5.90502E-01 -8.29358E-03  5.76150E-01  9.50073E-01      -1.00000E+00  1.00000E+00
 -9.52995E-01 -5.97623E-01 -9.60623E-03  5.84267E-01  9.49985E-01      -1.00000E+00  1.00000E+00
 -9.52538E-01 -5.90065E-01 -1.07590E-02  5.76970E-01  9.48455E-01      -1.00000E+00  1.00000E+00
 -9.68940E-01 -7.04592E-01 -1.90212E-01  4.50945E-01  9.29345E-01      -1.00000E+00  1.00000E+00
 -9.64067E-01 -6.86357E-01 -1.49658E-01  4.81538E-01  9.34123E-01      -1.00000E+00  1.00000E+00
 -9.61728E-01 -6.67190E-01 -1.26593E-01  4.98615E-01  9.37682E-01      -1.00000E+00  1.00000E+00
 -9.58815E-01 -6.42125E-01 -8.82742E-02  5.26258E-01  9.40595E-01      -1.00000E+00  1.00000E+00
 -9.55585E-01 -6.15095E-01 -4.11294E-02  5.64375E-01  9.47993E-01      -1.00000E+00  1.00000E+00
 -9.52778E-01 -7.53700E-01 -4.12863E-01  1.77594E-01  8.81073E-01      -1.00000E+00  1.00000E+00
 -8.56340E-01 -5.76605E-01 -1.80540E-01  3.69984E-01  9.09632E-01      -1.00000E+00  1.00000E+00
 -7.66373E-01 -4.48329E-01 -4.44900E-02  4.81745E-01  9.31693E-01      -1.00000E+00  1.00000E+00
 -7.08310E-01 -3.52011E-01  6.09650E-02  5.66128E-01  9.43525E-01      -1.00000E+00  1.00000E+00
 -7.63518E-01 -3.16743E-01  1.37088E-01  6.22642E-01  9.53535E-01      -1.00000E+00  1.00000E+00
  4.16650E-02  3.88338E-01  6.11598E-01  8.04035E-01  9.72487E-01      -9.99910E-01  1.00000E+00
  1.49895E-01  5.08600E-01  7.30343E-01  8.92952E-01  9.87062E-01      -9.98220E-01  1.00000E+00
  2.23275E-01  5.91233E-01  7.93513E-01  9.24283E-01  9.91482E-01      -9.99990E-01  1.00000E+00
  3.01790E-01  6.54202E-01  8.32963E-01  9.41572E-01  9.93583E-01      -9.99940E-01  1.00000E+00
  2.61418E-01  6.68640E-01  8.50842E-01  9.49515E-01  9.94540E-01      -1.00000E+00  1.00000E+00


    2.   4.00   74. 183.84  1.00E+01  4.50E+01  8.92E-01  7.28E-01     5   0.00

  5.59060E+00  8.29380E+00  8.91190E+00  9.21840E+00  9.52450E+00       5.00020E-02  9.86050E+00

  5.74040E-01  7.32715E-01  8.31380E-01  9.09250E-01  9.72855E-01       1.18370E-01  1.00000E+00
  5.00665E-01  6.68655E-01  7.81955E-01  8.76960E-01  9.61040E-01       9.82780E-02  1.00000E+00
  4.33855E-01  6.03030E-01  7.28330E-01  8.39870E-01  9.46385E-01       6.80350E-02  1.00000E+00
  4.07765E-01  5.72055E-01  6.89200E-01  7.99570E-01  9.17625E-01       7.25190E-02  1.00000E+00
  2.64725E-01  3.69120E-01  4.52850E-01  5.43715E-01  6.84610E-01       2.39500E-02  9.99950E-01

 -9.51930E-01 -5.90850E-01  1.94782E-03  5.95260E-01  9.51405E-01      -1.00000E+00  1.00000E+00
 -9.49740E-01 -5.83547E-01  5.14057E-03  5.92392E-01  9.50995E-01      -1.00000E+00  1.00000E+00
 -9.50580E-01 -5.86577E-01  5.03015E-03  5.91860E-01  9.50610E-01      -1.00000E+00  1.00000E+00
 -9.50723E-01 -5.81980E-01  9.10960E-03  5.89548E-01  9.49987E-01      -1.00000E+00  1.00000E+00
 -9.51885E-01 -5.87342E-01 -3.03168E-03  5.84755E-01  9.51098E-01      -1.00000E+00  1.00000E+00
 -9.68322E-01 -7.17538E-01 -2.30740E-01  4.17525E-01  9.21220E-01      -1.00000E+00  1.00000E+00
 -9.65457E-01 -6.96460E-01 -1.86695E-01  4.60110E-01  9.31345E-01      -1.00000E+00  1.00000E+00
 -9.63020E-01 -6.82165E-01 -1.58131E-01  4.77360E-01  9.33202E-01      -1.00000E+00  1.00000E+00
 -9.59670E-01 -6.59977E-01 -1.19813E-01  5.03687E-01  9.38285E-01      -1.00000E+00  1.00000E+00
 -9.56040E-01 -6.22908E-01 -5.38617E-02  5.54820E-01  9.45760E-01      -1.00000E+00  1.00000E+00
 -9.69965E-01 -8.19623E-01 -5.13870E-01  1.50200E-01  8.73115E-01      -1.00000E+00  1.00000E+00
 -9.49148E-01 -7.25345E-01 -3.10205E-01  3.61690E-01  9.14125E-01      -1.00000E+00  1.00000E+00
 -9.36915E-01 -6.48485E-01 -1.63955E-01  4.80935E-01  9.37140E-01      -1.00000E+00  1.00000E+00
 -9.47392E-01 -6.05930E-01 -6.71047E-02  5.46285E-01  9.45690E-01      -1.00000E+00  1.00000E+00
 -9.50573E-01 -6.09148E-01 -6.72948E-02  5.38740E-01  9.43640E-01      -1.00000E+00  1.00000E+00
 -2.64513E-01  3.43362E-02  3.19800E-01  6.56990E-01  9.41937E-01      -9.98400E-01  1.00000E+00
 -1.47995E-01  1.99856E-01  4.93655E-01  7.84528E-01  9.71355E-01      -1.00000E+00  1.00000E+00
 -7.85200E-02  3.03843E-01  5.87788E-01  8.39433E-01  9.81475E-01      -9.99460E-01  1.00000E+00
 -4.90550E-02  3.75425E-01  6.49413E-01  8.58745E-01  9.83137E-01      -1.00000E+00  1.00000E+00
 -2.71928E-01  3.18417E-01  6.54728E-01  8.72390E-01  9.85660E-01      -1.00000E+00  1.00000E+00
  5.22838E-01  7.54942E-01  8.68132E-01  9.45157E-01  9.92705E-01      -6.87980E-01  1.00000E+00
  5.64303E-01  7.95150E-01  9.03102E-01  9.65300E-01  9.96207E-01      -6.44640E-01  1.00000E+00
  5.86893E-01  8.13425E-01  9.15528E-01  9.71198E-01  9.96853E-01      -6.80900E-01  1.00000E+00
  6.05220E-01  8.25492E-01  9.22330E-01  9.73660E-01  9.97073E-01      -7.03660E-01  1.00000E+00
  5.66450E-01  8.19748E-01  9.22698E-01  9.74385E-01  9.97285E-01      -9.86630E-01  1.00000E+00


    2.   4.00   74. 183.84  1.00E+01  6.00E+01  9.50E-01  8.41E-01     5   0.00

  7.61280E+00  8.94560E+00  9.31330E+00  9.55190E+00  9.78630E+00       5.00200E-02  9.92350E+00

  5.23950E-01  6.89465E-01  7.97975E-01  8.87365E-01  9.64755E-01       1.08330E-01  1.00000E+00
  4.23650E-01  5.90885E-01  7.14210E-01  8.26900E-01  9.40705E-01       6.42450E-02  1.00000E+00
  4.23980E-01  5.92730E-01  7.14745E-01  8.29505E-01  9.41320E-01       6.24400E-02  1.00000E+00
  3.46995E-01  4.75375E-01  5.77470E-01  6.83860E-01  8.30800E-01       6.69500E-02  9.99990E-01
  2.26320E-01  3.14180E-01  3.82370E-01  4.53600E-01  5.57690E-01       1.42350E-02  9.55930E-01

 -9.62490E-01 -6.67698E-01 -1.43432E-01  4.74087E-01  9.33183E-01      -1.00000E+00  1.00000E+00
 -9.59602E-01 -6.45968E-01 -1.01712E-01  5.11890E-01  9.38262E-01      -1.00000E+00  1.00000E+00
 -9.59840E-01 -6.45327E-01 -8.58386E-02  5.25715E-01  9.44175E-01      -1.00000E+00  1.00000E+00
 -9.55888E-01 -6.28960E-01 -6.97056E-02  5.33992E-01  9.45050E-01      -1.00000E+00  1.00000E+00
 -9.53625E-01 -6.09252E-01 -3.32686E-02  5.65075E-01  9.45612E-01      -1.00000E+00  1.00000E+00
 -9.00260E-01 -7.26907E-01 -4.46920E-01  1.78689E-01  8.83430E-01      -1.00000E+00  1.00000E+00
 -8.99630E-01 -6.63652E-01 -2.36490E-01  4.07525E-01  9.19320E-01      -1.00000E+00  1.00000E+00
 -9.25415E-01 -6.25845E-01 -1.24973E-01  4.92825E-01  9.34595E-01      -1.00000E+00  1.00000E+00
 -9.49875E-01 -6.10427E-01 -5.98212E-02  5.58145E-01  9.46265E-01      -1.00000E+00  1.00000E+00
 -9.53450E-01 -6.23070E-01 -8.24595E-02  5.41665E-01  9.46070E-01      -1.00000E+00  1.00000E+00
 -1.49867E-01  1.48830E-01  4.16240E-01  7.06577E-01  9.27092E-01      -9.93970E-01  1.00000E+00
 -1.12818E-01  2.33974E-01  5.09760E-01  7.85988E-01  9.61277E-01      -9.99840E-01  1.00000E+00
 -1.02117E-01  2.88361E-01  5.63905E-01  8.23392E-01  9.79770E-01      -1.00000E+00  1.00000E+00
 -2.03615E-01  2.73835E-01  5.76503E-01  8.14650E-01  9.76710E-01      -1.00000E+00  1.00000E+00
 -5.18431E-01  1.01270E-01  5.27283E-01  8.19462E-01  9.78895E-01      -1.00000E+00  1.00000E+00
  3.95190E-01  6.48608E-01  8.08540E-01  9.10907E-01  9.85175E-01      -5.95340E-01  1.00000E+00
  4.57443E-01  7.10980E-01  8.50785E-01  9.44630E-01  9.93680E-01      -7.09270E-01  1.00000E+00
  4.84110E-01  7.40752E-01  8.74517E-01  9.54422E-01  9.94935E-01      -5.54770E-01  1.00000E+00
  5.04895E-01  7.63960E-01  8.89200E-01  9.61288E-01  9.95665E-01      -6.10090E-01  1.00000E+00
  4.75165E-01  7.57443E-01  8.89393E-01  9.62462E-01  9.95828E-01      -9.99870E-01  1.00000E+00
  7.66270E-01  8.60988E-01  9.11403E-01  9.48415E-01  9.82372E-01       5.86290E-02  1.00000E+00
  7.93423E-01  8.93435E-01  9.43898E-01  9.77885E-01  9.97243E-01       2.50810E-02  1.00000E+00
  8.11013E-01  9.10605E-01  9.56615E-01  9.84125E-01  9.98185E-01       1.40190E-01  1.00000E+00
  8.27313E-01  9.21875E-01  9.64980E-01  9.88132E-01  9.98700E-01       1.95600E-01  1.00000E+00
  8.54357E-01  9.36488E-01  9.72060E-01  9.90715E-01  9.98960E-01       2.31220E-01  1.00000E+00


    2.   4.00   74. 183.84  1.00E+01  7.00E+01  9.85E-01  9.27E-01     5   0.00

  8.84130E+00  9.42640E+00  9.66250E+00  9.81210E+00  9.89510E+00       5.00640E-02  9.95420E+00

  4.43200E-01  6.10765E-01  7.31720E-01  8.39660E-01  9.46270E-01       6.51720E-02  1.00000E+00
  4.25725E-01  5.95050E-01  7.22090E-01  8.43370E-01  9.52360E-01       9.21940E-02  1.00000E+00
  3.82510E-01  5.30150E-01  6.44620E-01  7.46130E-01  8.47010E-01       6.29550E-02  9.99920E-01
  3.03195E-01  3.97400E-01  4.60835E-01  5.23370E-01  6.05020E-01       6.22040E-02  8.90380E-01
  1.56000E-01  2.10825E-01  2.54055E-01  2.98570E-01  3.60345E-01       6.98100E-03  6.44140E-01

 -9.69958E-01 -7.37682E-01 -3.17122E-01  3.04532E-01  8.95990E-01      -1.00000E+00  1.00000E+00
 -9.60548E-01 -6.81113E-01 -1.99763E-01  4.28985E-01  9.17083E-01      -1.00000E+00  1.00000E+00
 -9.51250E-01 -6.29717E-01 -9.98075E-02  5.16432E-01  9.34425E-01      -1.00000E+00  1.00000E+00
 -9.56427E-01 -6.31305E-01 -6.87750E-02  5.56915E-01  9.47623E-01      -1.00000E+00  1.00000E+00
 -9.57860E-01 -6.35173E-01 -8.92865E-02  5.31078E-01  9.43717E-01      -1.00000E+00  1.00000E+00
 -3.21375E-02  2.77492E-01  5.10123E-01  7.65745E-01  9.61168E-01      -9.55050E-01  1.00000E+00
 -3.82825E-02  3.05658E-01  5.63348E-01  8.00350E-01  9.75602E-01      -9.94920E-01  1.00000E+00
 -9.12700E-02  2.91512E-01  5.69998E-01  8.02963E-01  9.73842E-01      -9.99980E-01  1.00000E+00
 -2.51823E-01  1.83644E-01  5.01295E-01  7.88435E-01  9.73508E-01      -1.00000E+00  1.00000E+00
 -4.63237E-01  2.72725E-02  4.39540E-01  7.59365E-01  9.71702E-01      -1.00000E+00  1.00000E+00
  4.55828E-01  6.72755E-01  8.01415E-01  8.77625E-01  9.53135E-01      -4.74200E-01  1.00000E+00
  4.97622E-01  6.87205E-01  8.30525E-01  9.29180E-01  9.83135E-01      -3.55210E-01  1.00000E+00
  5.36740E-01  7.22000E-01  8.31245E-01  9.22238E-01  9.89600E-01      -4.62550E-01  1.00000E+00
  6.09498E-01  7.96968E-01  8.95695E-01  9.59093E-01  9.95038E-01      -3.84280E-01  1.00000E+00
  6.54197E-01  8.43843E-01  9.29248E-01  9.76020E-01  9.97497E-01      -9.94840E-01  1.00000E+00
  7.56472E-01  8.37882E-01  8.81170E-01  9.18888E-01  9.63685E-01       2.95640E-01  1.00000E+00
  8.10370E-01  8.96860E-01  9.41813E-01  9.73827E-01  9.95838E-01       3.41430E-01  1.00000E+00
  8.38130E-01  9.21020E-01  9.62490E-01  9.86432E-01  9.98507E-01       3.91920E-01  1.00000E+00
  8.62730E-01  9.35890E-01  9.70655E-01  9.90028E-01  9.98950E-01       4.42410E-01  1.00000E+00
  8.95297E-01  9.54525E-01  9.79858E-01  9.93180E-01  9.99305E-01       4.34120E-01  1.00000E+00
  9.40250E-01  9.68295E-01  9.81573E-01  9.91225E-01  9.98435E-01       7.08470E-01  1.00000E+00
  9.45298E-01  9.75590E-01  9.88780E-01  9.96073E-01  9.99565E-01       7.24720E-01  1.00000E+00
  9.47877E-01  9.77182E-01  9.89705E-01  9.96570E-01  9.99635E-01       7.31440E-01  1.00000E+00
  9.52280E-01  9.79612E-01  9.91020E-01  9.97005E-01  9.99680E-01       7.50240E-01  1.00000E+00
  9.61067E-01  9.83505E-01  9.92887E-01  9.97677E-01  9.99752E-01       7.95230E-01  1.00000E+00


    2.   4.00   74. 183.84  1.00E+01  8.00E+01  1.00E+00  9.84E-01     5   0.00

  9.65770E+00  9.85430E+00  9.91220E+00  9.93970E+00  9.95980E+00       5.21250E-02  9.98020E+00

  4.84245E-01  6.57005E-01  7.63625E-01  8.38660E-01  9.11845E-01       7.98160E-02  1.00000E+00
  3.59065E-01  4.43775E-01  4.94215E-01  5.41540E-01  6.07040E-01       7.57510E-02  8.67510E-01
  2.48400E-01  2.99585E-01  3.33845E-01  3.67460E-01  4.12120E-01       5.84340E-02  6.08690E-01
  1.68335E-01  2.03450E-01  2.28645E-01  2.52195E-01  2.83385E-01       4.06220E-02  4.16260E-01
  7.85475E-02  1.04689E-01  1.22915E-01  1.40905E-01  1.64705E-01       2.77390E-03  2.65090E-01

 -9.65150E-02  3.73528E-01  5.89860E-01  7.76983E-01  9.37513E-01      -1.00000E+00  1.00000E+00
 -2.69975E-02  4.23276E-01  6.36960E-01  7.84137E-01  9.55810E-01      -1.00000E+00  1.00000E+00
  2.89750E-02  4.95090E-01  7.12518E-01  8.51985E-01  9.59055E-01      -1.00000E+00  1.00000E+00
  5.93025E-02  5.64200E-01  7.93305E-01  9.22262E-01  9.90693E-01      -1.00000E+00  1.00000E+00
 -2.88900E-02  4.32810E-01  7.41200E-01  9.14033E-01  9.90833E-01      -1.00000E+00  1.00000E+00
  8.20185E-01  8.75663E-01  9.06295E-01  9.32617E-01  9.63835E-01       3.71070E-01  1.00000E+00
  8.73907E-01  9.30928E-01  9.60755E-01  9.82797E-01  9.97460E-01       4.31770E-01  1.00000E+00
  8.98018E-01  9.51330E-01  9.76317E-01  9.91343E-01  9.99010E-01       5.29270E-01  1.00000E+00
  9.12985E-01  9.62913E-01  9.83365E-01  9.94420E-01  9.99402E-01       5.57000E-01  1.00000E+00
  9.26855E-01  9.68967E-01  9.86685E-01  9.95623E-01  9.99537E-01       5.33750E-01  1.00000E+00
  9.29727E-01  9.54902E-01  9.68285E-01  9.79395E-01  9.91210E-01       7.87090E-01  1.00000E+00
  9.51162E-01  9.75313E-01  9.87247E-01  9.94818E-01  9.99383E-01       8.10010E-01  1.00000E+00
  9.59027E-01  9.80975E-01  9.91115E-01  9.96940E-01  9.99665E-01       8.22400E-01  1.00000E+00
  9.66225E-01  9.85077E-01  9.93358E-01  9.97768E-01  9.99770E-01       8.43470E-01  1.00000E+00
  9.73642E-01  9.88930E-01  9.95165E-01  9.98398E-01  9.99828E-01       8.59390E-01  1.00000E+00
  9.65832E-01  9.79555E-01  9.86855E-01  9.92633E-01  9.97660E-01       8.91250E-01  1.00000E+00
  9.75237E-01  9.87727E-01  9.94188E-01  9.97875E-01  9.99753E-01       9.10010E-01  1.00000E+00
  9.79835E-01  9.90470E-01  9.95420E-01  9.98380E-01  9.99825E-01       9.20730E-01  1.00000E+00
  9.83850E-01  9.92827E-01  9.96798E-01  9.98927E-01  9.99883E-01       9.23510E-01  1.00000E+00
  9.87807E-01  9.94847E-01  9.97770E-01  9.99260E-01  9.99923E-01       9.33790E-01  1.00000E+00
  9.88383E-01  9.93965E-01  9.96642E-01  9.98535E-01  9.99775E-01       9.46870E-01  1.00000E+00
  9.90287E-01  9.95622E-01  9.98005E-01  9.99310E-01  9.99923E-01       9.57640E-01  1.00000E+00
  9.91330E-01  9.96245E-01  9.98335E-01  9.99450E-01  9.99942E-01       9.55640E-01  1.00000E+00
  9.92548E-01  9.96820E-01  9.98615E-01  9.99537E-01  9.99953E-01       9.65660E-01  1.00000E+00
  9.94363E-01  9.97622E-01  9.98960E-01  9.99655E-01  9.99963E-01       9.71770E-01  1.00000E+00


    2.   4.00   74. 183.84  1.00E+01  8.50E+01  1.00E+00  9.95E-01     5   0.00

  9.89450E+00  9.94640E+00  9.96410E+00  9.97480E+00  9.98280E+00       5.69870E-01  9.99040E+00

  3.68520E-01  4.27810E-01  4.80195E-01  5.51570E-01  6.55600E-01       8.84680E-02  1.00000E+00
  2.17815E-01  2.49305E-01  2.70215E-01  2.90905E-01  3.19915E-01       5.90770E-02  4.57810E-01
  1.45010E-01  1.66085E-01  1.80145E-01  1.93725E-01  2.11550E-01       3.22330E-02  2.93140E-01
  9.28225E-02  1.06991E-01  1.16325E-01  1.25365E-01  1.37430E-01       2.55710E-02  1.88820E-01
  3.69190E-02  4.85100E-02  5.66350E-02  6.44810E-02  7.47795E-02       6.56650E-04  1.09990E-01

  9.03133E-01  9.46955E-01  9.66245E-01  9.80100E-01  9.91680E-01      -9.99360E-01  1.00000E+00
  9.30080E-01  9.71995E-01  9.87435E-01  9.95630E-01  9.99507E-01      -9.99770E-01  1.00000E+00
  9.11685E-01  9.69195E-01  9.87202E-01  9.95897E-01  9.99575E-01      -9.99840E-01  1.00000E+00
  8.55197E-01  9.50322E-01  9.79667E-01  9.93542E-01  9.99313E-01      -1.00000E+00  1.00000E+00
  6.27641E-01  8.80493E-01  9.53677E-01  9.85470E-01  9.98495E-01      -1.00000E+00  1.00000E+00
  9.70652E-01  9.81402E-01  9.87657E-01  9.92547E-01  9.96947E-01       8.89720E-01  1.00000E+00
  9.81052E-01  9.90622E-01  9.95225E-01  9.98235E-01  9.99800E-01       9.15200E-01  1.00000E+00
  9.84770E-01  9.93343E-01  9.97015E-01  9.98973E-01  9.99888E-01       9.27220E-01  1.00000E+00
  9.86950E-01  9.94300E-01  9.97475E-01  9.99175E-01  9.99905E-01       9.21810E-01  1.00000E+00
  9.89515E-01  9.95625E-01  9.98110E-01  9.99383E-01  9.99932E-01       9.41130E-01  1.00000E+00
  9.85715E-01  9.91082E-01  9.94240E-01  9.96615E-01  9.98740E-01       9.51950E-01  1.00000E+00
  9.90683E-01  9.95463E-01  9.97718E-01  9.99182E-01  9.99910E-01       9.62160E-01  1.00000E+00
  9.92638E-01  9.96753E-01  9.98595E-01  9.99518E-01  9.99947E-01       9.65320E-01  1.00000E+00
  9.93952E-01  9.97290E-01  9.98785E-01  9.99588E-01  9.99955E-01       9.71500E-01  1.00000E+00
  9.95690E-01  9.98160E-01  9.99205E-01  9.99735E-01  9.99970E-01       9.76550E-01  1.00000E+00
  9.93120E-01  9.95710E-01  9.97358E-01  9.98597E-01  9.99572E-01       9.78640E-01  1.00000E+00
  9.95533E-01  9.97777E-01  9.98873E-01  9.99602E-01  9.99955E-01       9.84830E-01  1.00000E+00
  9.96470E-01  9.98530E-01  9.99352E-01  9.99777E-01  9.99977E-01       9.86930E-01  1.00000E+00
  9.97047E-01  9.98687E-01  9.99425E-01  9.99810E-01  9.99977E-01       9.88380E-01  1.00000E+00
  9.97970E-01  9.99123E-01  9.99613E-01  9.99870E-01  9.99988E-01       9.90700E-01  1.00000E+00
  9.97657E-01  9.98675E-01  9.99260E-01  9.99650E-01  9.99922E-01       9.90160E-01  1.00000E+00
  9.98067E-01  9.99105E-01  9.99580E-01  9.99855E-01  9.99985E-01       9.92450E-01  1.00000E+00
  9.98305E-01  9.99277E-01  9.99685E-01  9.99895E-01  9.99990E-01       9.93540E-01  1.00000E+00
  9.98493E-01  9.99370E-01  9.99727E-01  9.99908E-01  9.99990E-01       9.94430E-01  1.00000E+00
  9.98938E-01  9.99535E-01  9.99795E-01  9.99933E-01  9.99993E-01       9.95570E-01  1.00000E+00


    2.   4.00   74. 183.84  2.00E+01  0.00E+00  7.46E-01  5.19E-01     5   0.00

  5.83720E+00  1.29180E+01  1.59520E+01  1.73910E+01  1.81280E+01       5.00020E-02  1.88950E+01

  5.82325E-01  7.39745E-01  8.37890E-01  9.12700E-01  9.74005E-01       1.08450E-01  1.00000E+00
  5.53560E-01  7.16615E-01  8.19550E-01  9.01045E-01  9.69775E-01       1.16940E-01  1.00000E+00
  5.24595E-01  6.91365E-01  8.00955E-01  8.89960E-01  9.66250E-01       1.28560E-01  1.00000E+00
  5.00140E-01  6.74080E-01  7.92730E-01  8.87645E-01  9.66090E-01       1.04330E-01  1.00000E+00
  3.83735E-01  5.23485E-01  6.20055E-01  7.07605E-01  8.14485E-01       6.13330E-02  1.00000E+00

 -9.51758E-01 -5.87805E-01  7.69937E-03  5.89815E-01  9.49562E-01      -1.00000E+00  1.00000E+00
 -9.53210E-01 -5.93630E-01 -4.03958E-03  5.89213E-01  9.51377E-01      -1.00000E+00  1.00000E+00
 -9.52430E-01 -5.87855E-01  4.97723E-03  5.85345E-01  9.51252E-01      -1.00000E+00  1.00000E+00
 -9.52225E-01 -5.93313E-01 -4.80765E-03  5.86370E-01  9.52540E-01      -1.00000E+00  1.00000E+00
 -9.51185E-01 -5.80615E-01  8.00895E-03  5.85920E-01  9.49302E-01      -1.00000E+00  1.00000E+00
 -9.51163E-01 -5.89075E-01 -6.91645E-03  5.87120E-01  9.51800E-01      -1.00000E+00  1.00000E+00
 -9.50420E-01 -5.81137E-01  3.47978E-03  5.89375E-01  9.50845E-01      -1.00000E+00  1.00000E+00
 -9.50880E-01 -5.88183E-01  8.15630E-03  5.95020E-01  9.51725E-01      -1.00000E+00  1.00000E+00
 -9.50662E-01 -5.78315E-01  1.46455E-02  5.92165E-01  9.51545E-01      -1.00000E+00  1.00000E+00
 -9.52205E-01 -5.99560E-01 -7.60105E-03  5.86163E-01  9.50732E-01      -1.00000E+00  1.00000E+00
 -9.50298E-01 -5.82333E-01 -1.69520E-03  5.88755E-01  9.52830E-01      -1.00000E+00  1.00000E+00
 -9.49288E-01 -5.85023E-01  1.03794E-02  5.98685E-01  9.52363E-01      -1.00000E+00  1.00000E+00
 -9.50288E-01 -5.85475E-01 -1.31000E-05  5.87902E-01  9.51385E-01      -1.00000E+00  1.00000E+00
 -9.48370E-01 -5.79102E-01  4.02675E-03  5.88585E-01  9.50900E-01      -1.00000E+00  1.00000E+00
 -9.52440E-01 -5.85330E-01  1.48912E-03  5.91413E-01  9.51352E-01      -1.00000E+00  1.00000E+00
 -9.49980E-01 -5.78085E-01  7.91663E-03  5.92545E-01  9.51310E-01      -1.00000E+00  1.00000E+00
 -9.50732E-01 -5.84895E-01 -2.88605E-03  5.81805E-01  9.50967E-01      -1.00000E+00  1.00000E+00
 -9.51495E-01 -5.93817E-01 -3.56793E-03  5.87028E-01  9.50555E-01      -1.00000E+00  1.00000E+00
 -9.48438E-01 -5.80855E-01  1.01650E-02  5.94493E-01  9.52267E-01      -1.00000E+00  1.00000E+00
 -9.51670E-01 -5.84037E-01 -2.45077E-03  5.84150E-01  9.52263E-01      -1.00000E+00  1.00000E+00
 -9.48920E-01 -5.87605E-01 -7.13370E-03  5.84668E-01  9.49955E-01      -1.00000E+00  1.00000E+00
 -9.53372E-01 -5.91627E-01  4.98738E-03  5.86383E-01  9.50383E-01      -1.00000E+00  1.00000E+00
 -9.52415E-01 -5.95357E-01  8.43838E-03  5.85838E-01  9.50830E-01      -1.00000E+00  1.00000E+00
 -9.49763E-01 -5.87395E-01  3.52755E-03  5.89155E-01  9.50237E-01      -1.00000E+00  1.00000E+00
 -9.49462E-01 -5.82113E-01 -3.46630E-03  5.83913E-01  9.51060E-01      -1.00000E+00  1.00000E+00


    2.   4.00   74. 183.84  2.00E+01  3.00E+01  7.89E-01  5.82E-01     5   0.00

  7.12820E+00  1.42280E+01  1.67860E+01  1.78760E+01  1.85220E+01       5.00010E-02  1.95480E+01

  5.79635E-01  7.37095E-01  8.35490E-01  9.11530E-01  9.73580E-01       1.03980E-01  1.00000E+00
  5.42770E-01  7.06780E-01  8.12060E-01  8.96650E-01  9.68565E-01       1.23660E-01  1.00000E+00
  5.01455E-01  6.72015E-01  7.86625E-01  8.80915E-01  9.62610E-01       8.57540E-02  1.00000E+00
  4.49400E-01  6.20705E-01  7.44775E-01  8.52685E-01  9.52275E-01       1.05520E-01  1.00000E+00
  3.13220E-01  4.47610E-01  5.50685E-01  6.51060E-01  7.79795E-01       4.78130E-02  1.00000E+00

 -9.50495E-01 -5.85630E-01  6.20275E-04  5.83910E-01  9.50608E-01      -1.00000E+00  1.00000E+00
 -9.49832E-01 -5.84693E-01  6.28117E-03  5.93422E-01  9.50283E-01      -1.00000E+00  1.00000E+00
 -9.52215E-01 -5.97758E-01 -1.22762E-02  5.85730E-01  9.52845E-01      -1.00000E+00  1.00000E+00
 -9.52650E-01 -5.97797E-01 -6.40925E-03  5.80560E-01  9.49905E-01      -1.00000E+00  1.00000E+00
 -9.52322E-01 -5.96718E-01 -1.30553E-02  5.78585E-01  9.51070E-01      -1.00000E+00  1.00000E+00
 -9.51758E-01 -5.87603E-01 -5.65140E-03  5.81198E-01  9.51030E-01      -1.00000E+00  1.00000E+00
 -9.51228E-01 -5.83135E-01  1.37879E-02  5.92483E-01  9.51325E-01      -1.00000E+00  1.00000E+00
 -9.49910E-01 -5.89285E-01 -8.87250E-04  5.88907E-01  9.50470E-01      -1.00000E+00  1.00000E+00
 -9.48347E-01 -5.78458E-01  1.10405E-02  5.99520E-01  9.52313E-01      -1.00000E+00  1.00000E+00
 -9.51985E-01 -5.94383E-01 -3.25558E-03  5.84885E-01  9.50457E-01      -1.00000E+00  1.00000E+00
 -9.67580E-01 -7.00558E-01 -1.88919E-01  4.51022E-01  9.28965E-01      -1.00000E+00  1.00000E+00
 -9.62788E-01 -6.75970E-01 -1.42164E-01  4.89840E-01  9.35870E-01      -1.00000E+00  1.00000E+00
 -9.61438E-01 -6.63145E-01 -1.17512E-01  5.08093E-01  9.41320E-01      -1.00000E+00  1.00000E+00
 -9.59348E-01 -6.47533E-01 -9.75230E-02  5.23355E-01  9.40307E-01      -1.00000E+00  1.00000E+00
 -9.56520E-01 -6.22318E-01 -5.82105E-02  5.53063E-01  9.45357E-01      -1.00000E+00  1.00000E+00
 -9.71095E-01 -7.46390E-01 -3.09588E-01  3.74587E-01  9.21582E-01      -1.00000E+00  1.00000E+00
 -9.57115E-01 -6.82015E-01 -1.93070E-01  4.66297E-01  9.33908E-01      -1.00000E+00  1.00000E+00
 -9.30325E-01 -6.17573E-01 -1.33280E-01  4.84158E-01  9.37858E-01      -1.00000E+00  1.00000E+00
 -9.03417E-01 -5.39467E-01 -3.19837E-02  5.40077E-01  9.42525E-01      -1.00000E+00  1.00000E+00
 -9.20740E-01 -4.86330E-01  7.59042E-02  6.17768E-01  9.54150E-01      -1.00000E+00  1.00000E+00
 -1.35315E-01  2.54483E-01  5.17224E-01  7.83038E-01  9.73942E-01      -1.00000E+00  1.00000E+00
  2.89050E-02  4.05001E-01  6.59582E-01  8.59858E-01  9.83207E-01      -9.91580E-01  1.00000E+00
  1.48193E-01  5.13107E-01  7.40293E-01  8.97757E-01  9.87410E-01      -9.84540E-01  1.00000E+00
  2.65931E-01  6.10455E-01  8.05028E-01  9.30177E-01  9.91897E-01      -9.86030E-01  1.00000E+00
  3.48680E-01  6.88635E-01  8.56602E-01  9.50615E-01  9.94550E-01      -9.99990E-01  1.00000E+00


    2.   4.00   74. 183.84  2.00E+01  4.50E+01  8.45E-01  6.68E-01     5   0.00

  9.34650E+00  1.59010E+01  1.76410E+01  1.83350E+01  1.90040E+01       5.00050E-02  1.97000E+01

  5.70335E-01  7.29555E-01  8.29665E-01  9.08195E-01  9.72510E-01       1.10930E-01  1.00000E+00
  5.08445E-01  6.78435E-01  7.90855E-01  8.83340E-01  9.63575E-01       1.11130E-01  1.00000E+00
  4.41320E-01  6.09880E-01  7.32920E-01  8.42500E-01  9.46555E-01       8.82320E-02  1.00000E+00
  4.00035E-01  5.66920E-01  6.92890E-01  8.07885E-01  9.23165E-01       7.09300E-02  1.00000E+00
  2.70725E-01  3.79615E-01  4.63665E-01  5.49975E-01  6.76105E-01       3.00950E-02  9.99940E-01

 -9.52372E-01 -5.90658E-01 -4.40210E-03  5.87245E-01  9.51183E-01      -1.00000E+00  1.00000E+00
 -9.50777E-01 -5.83842E-01  8.98075E-03  5.94985E-01  9.51930E-01      -1.00000E+00  1.00000E+00
 -9.49852E-01 -5.83025E-01  6.77845E-03  5.91807E-01  9.50102E-01      -1.00000E+00  1.00000E+00
 -9.49700E-01 -5.95280E-01 -6.52190E-03  5.86195E-01  9.53082E-01      -1.00000E+00  1.00000E+00
 -9.49882E-01 -5.88418E-01 -1.00861E-02  5.82185E-01  9.51690E-01      -1.00000E+00  1.00000E+00
 -9.59505E-01 -6.46362E-01 -1.06531E-01  5.06250E-01  9.36878E-01      -1.00000E+00  1.00000E+00
 -9.57407E-01 -6.37053E-01 -8.43987E-02  5.27405E-01  9.42432E-01      -1.00000E+00  1.00000E+00
 -9.55597E-01 -6.25637E-01 -5.67799E-02  5.49560E-01  9.45705E-01      -1.00000E+00  1.00000E+00
 -9.55780E-01 -6.12925E-01 -4.45147E-02  5.56612E-01  9.48608E-01      -1.00000E+00  1.00000E+00
 -9.52777E-01 -5.98627E-01 -2.03242E-02  5.63198E-01  9.47620E-01      -1.00000E+00  1.00000E+00
 -9.81607E-01 -8.28170E-01 -4.46535E-01  2.71903E-01  9.03363E-01      -1.00000E+00  1.00000E+00
 -9.77268E-01 -7.85065E-01 -3.21445E-01  3.99188E-01  9.24278E-01      -1.00000E+00  1.00000E+00
 -9.72102E-01 -7.49845E-01 -2.50383E-01  4.38470E-01  9.29893E-01      -1.00000E+00  1.00000E+00
 -9.66775E-01 -7.09897E-01 -1.70970E-01  4.79625E-01  9.33970E-01      -1.00000E+00  1.00000E+00
 -9.62285E-01 -6.49647E-01 -7.06427E-02  5.47270E-01  9.48235E-01      -1.00000E+00  1.00000E+00
 -4.39518E-01 -1.46229E-01  2.04200E-01  6.76097E-01  9.62100E-01      -9.99990E-01  1.00000E+00
 -3.00532E-01  2.68225E-02  3.78170E-01  7.54822E-01  9.71338E-01      -9.99730E-01  1.00000E+00
 -2.12329E-01  1.40245E-01  4.59512E-01  7.83100E-01  9.75415E-01      -1.00000E+00  1.00000E+00
 -1.70255E-01  2.28376E-01  5.34328E-01  8.13788E-01  9.78287E-01      -1.00000E+00  1.00000E+00
 -2.88170E-01  1.95422E-01  5.52353E-01  8.18087E-01  9.78527E-01      -1.00000E+00  1.00000E+00
  4.70872E-01  6.77355E-01  8.01808E-01  9.04240E-01  9.87807E-01      -6.88520E-01  1.00000E+00
  5.33443E-01  7.48677E-01  8.66132E-01  9.47780E-01  9.93990E-01      -7.27760E-01  1.00000E+00
  5.80145E-01  7.90262E-01  8.96213E-01  9.62755E-01  9.95625E-01      -5.82010E-01  1.00000E+00
  6.29890E-01  8.27520E-01  9.19670E-01  9.72040E-01  9.96892E-01      -7.94840E-01  1.00000E+00
  6.35030E-01  8.45017E-01  9.31592E-01  9.77243E-01  9.97563E-01      -9.90750E-01  1.00000E+00


    2.   4.00   74. 183.84  2.00E+01  6.00E+01  9.19E-01  7.96E-01     5   0.00

  1.36960E+01  1.77050E+01  1.84880E+01  1.90450E+01  1.95150E+01       5.00660E-02  1.98060E+01

  5.35995E-01  7.01565E-01  8.08570E-01  8.94545E-01  9.67800E-01       1.30870E-01  1.00000E+00
  4.16035E-01  5.80170E-01  7.05800E-01  8.22540E-01  9.38495E-01       9.90610E-02  1.00000E+00
  4.00805E-01  5.66785E-01  6.94025E-01  8.17265E-01  9.39900E-01       8.64450E-02  1.00000E+00
  3.45010E-01  4.75750E-01  5.75810E-01  6.72455E-01  7.95065E-01       7.13310E-02  9.99950E-01
  2.06030E-01  2.86970E-01  3.52020E-01  4.23065E-01  5.30155E-01       2.45580E-02  9.45180E-01

 -9.55578E-01 -6.14542E-01 -4.50580E-02  5.55420E-01  9.45703E-01      -1.00000E+00  1.00000E+00
 -9.54468E-01 -6.13177E-01 -3.89137E-02  5.59737E-01  9.47073E-01      -1.00000E+00  1.00000E+00
 -9.52945E-01 -6.06432E-01 -2.64287E-02  5.72340E-01  9.50033E-01      -1.00000E+00  1.00000E+00
 -9.51600E-01 -5.93440E-01 -9.52932E-03  5.82215E-01  9.50615E-01      -1.00000E+00  1.00000E+00
 -9.52670E-01 -5.98940E-01 -1.39520E-02  5.76167E-01  9.49328E-01      -1.00000E+00  1.00000E+00
 -9.80433E-01 -8.17022E-01 -4.65475E-01  2.31313E-01  8.94027E-01      -1.00000E+00  1.00000E+00
 -9.72595E-01 -7.61483E-01 -3.27040E-01  3.68775E-01  9.18395E-01      -1.00000E+00  1.00000E+00
 -9.64573E-01 -7.19067E-01 -2.33130E-01  4.20633E-01  9.23940E-01      -1.00000E+00  1.00000E+00
 -9.63435E-01 -6.89685E-01 -1.58100E-01  4.78495E-01  9.34198E-01      -1.00000E+00  1.00000E+00
 -9.56902E-01 -6.32305E-01 -5.51500E-02  5.46048E-01  9.44922E-01      -1.00000E+00  1.00000E+00
 -2.60228E-01  3.43925E-02  4.12840E-01  7.84070E-01  9.74622E-01      -9.28610E-01  1.00000E+00
 -1.99518E-01  1.30007E-01  4.93675E-01  8.12573E-01  9.79213E-01      -9.74040E-01  1.00000E+00
 -1.77842E-01  1.69438E-01  5.10053E-01  8.17605E-01  9.79557E-01      -9.99370E-01  1.00000E+00
 -2.41002E-01  1.58071E-01  4.93645E-01  8.03673E-01  9.77875E-01      -1.00000E+00  1.00000E+00
 -4.51695E-01  1.86775E-02  4.04296E-01  7.42910E-01  9.70058E-01      -1.00000E+00  1.00000E+00
  3.61343E-01  5.63430E-01  7.15070E-01  8.78502E-01  9.80635E-01      -6.07700E-01  1.00000E+00
  4.49098E-01  6.55660E-01  7.93618E-01  9.09320E-01  9.89670E-01      -5.23950E-01  1.00000E+00
  5.13208E-01  7.21555E-01  8.47407E-01  9.37750E-01  9.92357E-01      -6.37060E-01  1.00000E+00
  5.76730E-01  7.83587E-01  8.90905E-01  9.59825E-01  9.95330E-01      -5.16730E-01  1.00000E+00
  5.91655E-01  8.18453E-01  9.19380E-01  9.72722E-01  9.97100E-01      -9.92710E-01  1.00000E+00
  7.73045E-01  8.75675E-01  9.32615E-01  9.75688E-01  9.97350E-01       6.52460E-02  1.00000E+00
  7.94118E-01  8.97992E-01  9.51610E-01  9.82882E-01  9.98045E-01       1.21800E-01  1.00000E+00
  8.11190E-01  9.10247E-01  9.58470E-01  9.86030E-01  9.98487E-01      -2.66160E-02  1.00000E+00
  8.23268E-01  9.20220E-01  9.63642E-01  9.87557E-01  9.98690E-01       9.48840E-02  1.00000E+00
  8.43490E-01  9.33042E-01  9.70627E-01  9.90398E-01  9.98947E-01       1.29580E-01  1.00000E+00


    2.   4.00   74. 183.84  2.00E+01  7.00E+01  9.72E-01  9.02E-01     5   0.00

  1.72870E+01  1.86720E+01  1.92160E+01  1.95460E+01  1.97460E+01       5.01790E-02  1.98830E+01

  4.36685E-01  6.03975E-01  7.26130E-01  8.36155E-01  9.43625E-01       9.76870E-02  1.00000E+00
  3.90740E-01  5.55160E-01  6.90365E-01  8.25840E-01  9.46625E-01       8.61220E-02  1.00000E+00
  3.50385E-01  4.86765E-01  5.88370E-01  6.98360E-01  8.22280E-01       7.37110E-02  9.99800E-01
  2.84530E-01  3.94495E-01  4.70400E-01  5.37455E-01  6.25535E-01       6.24640E-02  9.29800E-01
  1.63240E-01  2.17625E-01  2.58920E-01  3.01470E-01  3.61555E-01       1.67320E-02  6.13790E-01

 -9.73923E-01 -7.66058E-01 -3.52990E-01  3.13815E-01  9.08955E-01      -1.00000E+00  1.00000E+00
 -9.66187E-01 -7.11795E-01 -2.32936E-01  4.23150E-01  9.27808E-01      -1.00000E+00  1.00000E+00
 -9.62278E-01 -6.87515E-01 -1.77550E-01  4.62627E-01  9.29390E-01      -1.00000E+00  1.00000E+00
 -9.62887E-01 -6.71295E-01 -1.25259E-01  4.97208E-01  9.37375E-01      -1.00000E+00  1.00000E+00
 -9.57978E-01 -6.33375E-01 -5.21320E-02  5.43883E-01  9.44605E-01      -1.00000E+00  1.00000E+00
 -1.28013E-01  1.81935E-01  5.43763E-01  8.42645E-01  9.82328E-01      -9.35480E-01  1.00000E+00
 -1.29352E-01  2.05965E-01  5.58458E-01  8.32978E-01  9.80957E-01      -9.90290E-01  1.00000E+00
 -1.71015E-01  1.78627E-01  5.17055E-01  8.20483E-01  9.79153E-01      -9.99910E-01  1.00000E+00
 -2.90964E-01  1.00788E-01  4.32737E-01  7.67572E-01  9.73257E-01      -1.00000E+00  1.00000E+00
 -4.61235E-01 -4.55700E-02  3.26684E-01  6.86198E-01  9.60377E-01      -1.00000E+00  1.00000E+00
  4.52178E-01  6.42267E-01  7.59923E-01  8.55507E-01  9.73473E-01      -3.86240E-01  1.00000E+00
  5.07623E-01  7.08137E-01  8.29420E-01  9.14645E-01  9.82753E-01      -3.08190E-01  1.00000E+00
  5.52305E-01  7.42447E-01  8.70400E-01  9.52755E-01  9.94510E-01      -3.02140E-01  1.00000E+00
  5.91932E-01  7.75500E-01  8.81948E-01  9.55510E-01  9.94935E-01      -3.14190E-01  1.00000E+00
  6.63835E-01  8.40802E-01  9.25380E-01  9.73805E-01  9.97148E-01      -8.91490E-01  1.00000E+00
  7.18195E-01  8.05978E-01  8.73328E-01  9.41965E-01  9.82820E-01       1.32720E-01  1.00000E+00
  7.63008E-01  8.51290E-01  9.03465E-01  9.48072E-01  9.91505E-01       2.15320E-01  1.00000E+00
  8.07802E-01  8.95188E-01  9.42697E-01  9.76370E-01  9.96865E-01       2.91550E-01  1.00000E+00
  8.43865E-01  9.26837E-01  9.65235E-01  9.87755E-01  9.98608E-01       3.35200E-01  1.00000E+00
  8.77947E-01  9.47060E-01  9.76747E-01  9.92160E-01  9.99145E-01       3.84860E-01  1.00000E+00
  9.24122E-01  9.55365E-01  9.71635E-01  9.84000E-01  9.95320E-01       6.90080E-01  1.00000E+00
  9.35027E-01  9.67525E-01  9.83455E-01  9.93723E-01  9.99280E-01       6.95070E-01  1.00000E+00
  9.42760E-01  9.74117E-01  9.88000E-01  9.95845E-01  9.99537E-01       7.25340E-01  1.00000E+00
  9.49425E-01  9.77523E-01  9.89947E-01  9.96570E-01  9.99625E-01       7.37590E-01  1.00000E+00
  9.60297E-01  9.83052E-01  9.92568E-01  9.97518E-01  9.99730E-01       8.07210E-01  1.00000E+00


    2.   4.00   74. 183.84  2.00E+01  8.00E+01  9.99E-01  9.81E-01     5   0.00

  1.92580E+01  1.96660E+01  1.98000E+01  1.98620E+01  1.99040E+01       5.15580E-02  1.99490E+01

  4.16360E-01  5.99855E-01  7.22520E-01  8.11610E-01  8.91505E-01       8.76510E-02  1.00000E+00
  3.49150E-01  4.45490E-01  4.98020E-01  5.44360E-01  6.06185E-01       8.03560E-02  8.85830E-01
  2.40105E-01  2.94150E-01  3.26490E-01  3.56540E-01  3.96840E-01       6.00590E-02  5.63210E-01
  1.64225E-01  1.96240E-01  2.17360E-01  2.37635E-01  2.64465E-01       3.76260E-02  3.72510E-01
  8.19205E-02  1.04129E-01  1.19600E-01  1.34570E-01  1.54950E-01       4.68210E-03  2.35180E-01

 -7.81575E-02  3.96263E-01  6.13935E-01  8.14505E-01  9.78860E-01      -1.00000E+00  1.00000E+00
 -2.94475E-02  4.20122E-01  6.29480E-01  7.83537E-01  9.62820E-01      -1.00000E+00  1.00000E+00
  7.17250E-03  4.68577E-01  6.89237E-01  8.26905E-01  9.64357E-01      -1.00000E+00  1.00000E+00
  5.40975E-02  5.56922E-01  7.84998E-01  9.09638E-01  9.86337E-01      -1.00000E+00  1.00000E+00
  6.71250E-03  4.62295E-01  7.57860E-01  9.18495E-01  9.91245E-01      -1.00000E+00  1.00000E+00
  8.07370E-01  8.59738E-01  8.91563E-01  9.20430E-01  9.64638E-01       4.65680E-01  1.00000E+00
  8.64443E-01  9.16623E-01  9.47093E-01  9.71835E-01  9.92853E-01       4.87760E-01  1.00000E+00
  8.97585E-01  9.47560E-01  9.72932E-01  9.89823E-01  9.98775E-01       5.69220E-01  1.00000E+00
  9.18068E-01  9.62978E-01  9.83080E-01  9.94260E-01  9.99378E-01       5.76150E-01  1.00000E+00
  9.34353E-01  9.72368E-01  9.88063E-01  9.96095E-01  9.99572E-01       6.51590E-01  1.00000E+00
  9.27450E-01  9.49820E-01  9.63055E-01  9.75145E-01  9.90712E-01       7.45340E-01  1.00000E+00
  9.50838E-01  9.72588E-01  9.84347E-01  9.93098E-01  9.99003E-01       8.31680E-01  1.00000E+00
  9.61372E-01  9.81065E-01  9.90803E-01  9.96603E-01  9.99623E-01       8.54610E-01  1.00000E+00
  9.68735E-01  9.85890E-01  9.93605E-01  9.97815E-01  9.99765E-01       8.12000E-01  1.00000E+00
  9.76692E-01  9.90075E-01  9.95675E-01  9.98548E-01  9.99845E-01       8.67720E-01  1.00000E+00
  9.68420E-01  9.79467E-01  9.86015E-01  9.91710E-01  9.97748E-01       9.02820E-01  1.00000E+00
  9.78650E-01  9.88822E-01  9.94190E-01  9.97728E-01  9.99723E-01       9.25810E-01  1.00000E+00
  9.82945E-01  9.91800E-01  9.96128E-01  9.98650E-01  9.99848E-01       9.31660E-01  1.00000E+00
  9.86270E-01  9.93858E-01  9.97242E-01  9.99067E-01  9.99895E-01       9.41330E-01  1.00000E+00
  9.90050E-01  9.95758E-01  9.98152E-01  9.99390E-01  9.99935E-01       9.46310E-01  1.00000E+00
  9.89655E-01  9.94237E-01  9.96653E-01  9.98428E-01  9.99730E-01       9.51790E-01  1.00000E+00
  9.91528E-01  9.96090E-01  9.98142E-01  9.99350E-01  9.99927E-01       9.62630E-01  1.00000E+00
  9.92573E-01  9.96733E-01  9.98552E-01  9.99507E-01  9.99947E-01       9.70470E-01  1.00000E+00
  9.93538E-01  9.97210E-01  9.98785E-01  9.99597E-01  9.99958E-01       9.72010E-01  1.00000E+00
  9.95225E-01  9.97945E-01  9.99108E-01  9.99705E-01  9.99970E-01       9.76020E-01  1.00000E+00


    2.   4.00   74. 183.84  2.00E+01  8.50E+01  1.00E+00  9.94E-01     5   0.00

  1.97960E+01  1.98930E+01  1.99230E+01  1.99410E+01  1.99570E+01       3.91170E+00  1.99760E+01

  3.27140E-01  3.80635E-01  4.26865E-01  4.86105E-01  5.83535E-01       5.87470E-02  1.00000E+00
  1.87055E-01  2.12945E-01  2.28660E-01  2.43540E-01  2.64670E-01       6.30520E-02  3.65550E-01
  1.29125E-01  1.46445E-01  1.56705E-01  1.66150E-01  1.79020E-01       3.87140E-02  2.31820E-01
  8.75340E-02  9.91340E-02  1.06122E-01  1.12765E-01  1.21955E-01       2.98600E-02  1.56510E-01
  4.03815E-02  5.04995E-02  5.73910E-02  6.38730E-02  7.18065E-02       1.82520E-03  1.00910E-01

  9.23560E-01  9.58665E-01  9.73653E-01  9.84277E-01  9.94225E-01      -9.99770E-01  1.00000E+00
  9.44410E-01  9.78545E-01  9.90598E-01  9.96737E-01  9.99652E-01      -9.86200E-01  1.00000E+00
  9.35987E-01  9.76722E-01  9.90428E-01  9.96915E-01  9.99672E-01      -9.99890E-01  1.00000E+00
  9.17425E-01  9.70815E-01  9.87845E-01  9.96090E-01  9.99580E-01      -9.98250E-01  1.00000E+00
  7.63035E-01  9.30795E-01  9.73177E-01  9.91572E-01  9.99132E-01      -1.00000E+00  1.00000E+00
  9.79230E-01  9.86230E-01  9.90538E-01  9.94228E-01  9.98268E-01       9.23870E-01  1.00000E+00
  9.87218E-01  9.93267E-01  9.96482E-01  9.98628E-01  9.99832E-01       9.47880E-01  1.00000E+00
  9.90170E-01  9.95453E-01  9.97845E-01  9.99240E-01  9.99915E-01       9.58690E-01  1.00000E+00
  9.91913E-01  9.96540E-01  9.98480E-01  9.99490E-01  9.99945E-01       9.56670E-01  1.00000E+00
  9.93657E-01  9.97355E-01  9.98860E-01  9.99620E-01  9.99963E-01       9.65830E-01  1.00000E+00
  9.89430E-01  9.93025E-01  9.95365E-01  9.97450E-01  9.99473E-01       9.66570E-01  1.00000E+00
  9.93618E-01  9.96600E-01  9.98225E-01  9.99325E-01  9.99920E-01       9.79530E-01  1.00000E+00
  9.95223E-01  9.97765E-01  9.98955E-01  9.99640E-01  9.99960E-01       9.81570E-01  1.00000E+00
  9.96150E-01  9.98312E-01  9.99258E-01  9.99755E-01  9.99975E-01       9.84550E-01  1.00000E+00
  9.97283E-01  9.98827E-01  9.99490E-01  9.99828E-01  9.99980E-01       9.87770E-01  1.00000E+00
  9.94417E-01  9.96417E-01  9.97755E-01  9.98910E-01  9.99833E-01       9.81630E-01  1.00000E+00
  9.96642E-01  9.98235E-01  9.99110E-01  9.99672E-01  9.99963E-01       9.89300E-01  1.00000E+00
  9.97452E-01  9.98830E-01  9.99452E-01  9.99815E-01  9.99980E-01       9.91410E-01  1.00000E+00
  9.97922E-01  9.99095E-01  9.99600E-01  9.99865E-01  9.99988E-01       9.92470E-01  1.00000E+00
  9.98570E-01  9.99375E-01  9.99723E-01  9.99910E-01  9.99990E-01       9.94170E-01  1.00000E+00
  9.98038E-01  9.98958E-01  9.99430E-01  9.99772E-01  9.99973E-01       9.91130E-01  1.00000E+00
  9.98445E-01  9.99340E-01  9.99705E-01  9.99897E-01  9.99988E-01       9.94310E-01  1.00000E+00
  9.98583E-01  9.99410E-01  9.99748E-01  9.99915E-01  9.99990E-01       9.94770E-01  1.00000E+00
  9.98775E-01  9.99472E-01  9.99770E-01  9.99922E-01  9.99990E-01       9.95740E-01  1.00000E+00
  9.99190E-01  9.99648E-01  9.99845E-01  9.99950E-01  9.99993E-01       9.96610E-01  1.00000E+00


    2.   4.00   74. 183.84  5.00E+01  0.00E+00  6.74E-01  4.45E-01     5   0.00

  1.21980E+01  2.87810E+01  3.74210E+01  4.24020E+01  4.52600E+01       5.00150E-02  4.71500E+01

  5.68320E-01  7.30190E-01  8.30420E-01  9.08145E-01  9.72380E-01       1.28760E-01  1.00000E+00
  5.31275E-01  6.99685E-01  8.09015E-01  8.95085E-01  9.67515E-01       1.12440E-01  1.00000E+00
  5.11680E-01  6.81745E-01  7.93825E-01  8.84985E-01  9.63915E-01       1.17190E-01  1.00000E+00
  4.96280E-01  6.71595E-01  7.86840E-01  8.81795E-01  9.63535E-01       1.09820E-01  1.00000E+00
  3.68985E-01  5.27195E-01  6.44340E-01  7.38355E-01  8.39275E-01       5.59110E-02  1.00000E+00

 -9.49517E-01 -5.85038E-01 -6.41225E-03  5.88925E-01  9.50545E-01      -1.00000E+00  1.00000E+00
 -9.52287E-01 -5.87735E-01 -4.38210E-03  5.88905E-01  9.52170E-01      -1.00000E+00  1.00000E+00
 -9.52810E-01 -5.89788E-01 -7.54525E-03  5.87348E-01  9.49545E-01      -1.00000E+00  1.00000E+00
 -9.51350E-01 -5.85492E-01  5.22095E-03  5.88472E-01  9.52638E-01      -1.00000E+00  1.00000E+00
 -9.48965E-01 -5.90825E-01 -9.09575E-03  5.79542E-01  9.49705E-01      -1.00000E+00  1.00000E+00
 -9.50478E-01 -5.87135E-01 -7.64175E-03  5.83860E-01  9.50625E-01      -1.00000E+00  1.00000E+00
 -9.49852E-01 -5.85925E-01 -1.12310E-03  5.86765E-01  9.50838E-01      -1.00000E+00  1.00000E+00
 -9.52160E-01 -5.85523E-01  5.51475E-03  6.00475E-01  9.51590E-01      -1.00000E+00  1.00000E+00
 -9.53152E-01 -5.89412E-01 -8.09145E-03  5.82620E-01  9.51800E-01      -1.00000E+00  1.00000E+00
 -9.48908E-01 -5.84858E-01  4.17695E-03  5.88393E-01  9.49192E-01      -1.00000E+00  1.00000E+00
 -9.51623E-01 -5.89087E-01 -2.62233E-03  5.87357E-01  9.50003E-01      -1.00000E+00  1.00000E+00
 -9.52483E-01 -5.93920E-01 -5.74970E-03  5.86035E-01  9.50435E-01      -1.00000E+00  1.00000E+00
 -9.50885E-01 -5.93595E-01 -5.22875E-04  5.88492E-01  9.51550E-01      -1.00000E+00  1.00000E+00
 -9.50550E-01 -5.84152E-01  6.96410E-03  5.95545E-01  9.52285E-01      -1.00000E+00  1.00000E+00
 -9.51253E-01 -5.90530E-01  1.64584E-03  5.88860E-01  9.51987E-01      -1.00000E+00  1.00000E+00
 -9.50615E-01 -5.93940E-01 -6.11325E-03  5.86585E-01  9.51235E-01      -1.00000E+00  1.00000E+00
 -9.52468E-01 -5.84923E-01  6.99113E-03  5.88955E-01  9.49800E-01      -1.00000E+00  1.00000E+00
 -9.51620E-01 -5.89100E-01  9.26950E-04  5.87252E-01  9.49955E-01      -1.00000E+00  1.00000E+00
 -9.49828E-01 -5.87767E-01 -5.25370E-03  5.80850E-01  9.51280E-01      -1.00000E+00  1.00000E+00
 -9.49998E-01 -5.81940E-01  6.11195E-03  5.87927E-01  9.51433E-01      -1.00000E+00  1.00000E+00
 -9.49055E-01 -5.84437E-01  1.06005E-02  5.99612E-01  9.52207E-01      -1.00000E+00  1.00000E+00
 -9.51965E-01 -5.90060E-01 -8.03115E-03  5.91365E-01  9.52252E-01      -1.00000E+00  1.00000E+00
 -9.50770E-01 -5.87813E-01 -6.01469E-03  5.87028E-01  9.52608E-01      -1.00000E+00  1.00000E+00
 -9.52682E-01 -5.91058E-01 -9.49500E-04  5.78518E-01  9.50527E-01      -1.00000E+00  1.00000E+00
 -9.51612E-01 -5.92185E-01 -1.18149E-02  5.79373E-01  9.50848E-01      -1.00000E+00  1.00000E+00


    2.   4.00   74. 183.84  5.00E+01  3.00E+01  7.16E-01  4.98E-01     5   0.00

  1.43470E+01  3.15580E+01  3.95540E+01  4.37700E+01  4.60340E+01       5.00140E-02  4.84730E+01

  5.65070E-01  7.26310E-01  8.28005E-01  9.06780E-01  9.71825E-01       1.30200E-01  1.00000E+00
  5.22915E-01  6.92750E-01  8.03445E-01  8.91335E-01  9.66600E-01       1.27090E-01  1.00000E+00
  4.96755E-01  6.69500E-01  7.85390E-01  8.79710E-01  9.61915E-01       9.35440E-02  1.00000E+00
  4.64450E-01  6.40665E-01  7.61180E-01  8.63625E-01  9.56405E-01       9.39450E-02  1.00000E+00
  3.11770E-01  4.54735E-01  5.71485E-01  6.86515E-01  8.17180E-01       3.58780E-02  9.99990E-01

 -9.50338E-01 -5.89185E-01 -7.27223E-03  5.86623E-01  9.49955E-01      -1.00000E+00  1.00000E+00
 -9.52797E-01 -5.86643E-01 -3.28865E-03  5.95785E-01  9.51905E-01      -1.00000E+00  1.00000E+00
 -9.51725E-01 -5.88700E-01 -4.33000E-03  5.89480E-01  9.50860E-01      -1.00000E+00  1.00000E+00
 -9.51445E-01 -5.87515E-01 -2.44706E-03  5.92753E-01  9.52175E-01      -1.00000E+00  1.00000E+00
 -9.50327E-01 -5.87952E-01  9.26265E-03  5.95873E-01  9.51423E-01      -1.00000E+00  1.00000E+00
 -9.50738E-01 -5.83525E-01  3.01221E-03  5.91505E-01  9.54218E-01      -1.00000E+00  1.00000E+00
 -9.51852E-01 -5.79427E-01  6.96610E-03  5.92840E-01  9.51870E-01      -1.00000E+00  1.00000E+00
 -9.53008E-01 -6.00020E-01 -1.10150E-02  5.86050E-01  9.50982E-01      -1.00000E+00  1.00000E+00
 -9.49775E-01 -5.83145E-01  9.35775E-04  5.82380E-01  9.51320E-01      -1.00000E+00  1.00000E+00
 -9.49300E-01 -5.82107E-01 -1.20857E-03  5.88358E-01  9.51362E-01      -1.00000E+00  1.00000E+00
 -9.51833E-01 -6.07988E-01 -3.96694E-02  5.61285E-01  9.49440E-01      -1.00000E+00  1.00000E+00
 -9.53947E-01 -6.05787E-01 -3.14843E-02  5.66408E-01  9.46295E-01      -1.00000E+00  1.00000E+00
 -9.53937E-01 -6.04767E-01 -2.52390E-02  5.68880E-01  9.47902E-01      -1.00000E+00  1.00000E+00
 -9.51858E-01 -5.92448E-01 -5.65943E-03  5.74990E-01  9.50010E-01      -1.00000E+00  1.00000E+00
 -9.52233E-01 -5.93675E-01 -1.17840E-03  5.85395E-01  9.49473E-01      -1.00000E+00  1.00000E+00
 -9.67782E-01 -6.98862E-01 -1.54787E-01  4.97578E-01  9.37705E-01      -1.00000E+00  1.00000E+00
 -9.69643E-01 -7.09735E-01 -1.33770E-01  5.12618E-01  9.41967E-01      -1.00000E+00  1.00000E+00
 -9.67263E-01 -6.99802E-01 -1.46892E-01  5.21532E-01  9.41242E-01      -1.00000E+00  1.00000E+00
 -9.63917E-01 -6.93493E-01 -1.56893E-01  5.00238E-01  9.39067E-01      -1.00000E+00  1.00000E+00
 -9.62770E-01 -6.69260E-01 -1.24608E-01  5.13818E-01  9.40487E-01      -1.00000E+00  1.00000E+00
 -4.12780E-01  7.92500E-03  3.11410E-01  6.77458E-01  9.58773E-01      -1.00000E+00  1.00000E+00
 -3.06690E-01  1.41222E-01  4.56561E-01  7.75365E-01  9.73865E-01      -1.00000E+00  1.00000E+00
 -1.40222E-01  2.83070E-01  5.69160E-01  8.19072E-01  9.77670E-01      -9.99960E-01  1.00000E+00
  2.14500E-02  4.26462E-01  6.90648E-01  8.71962E-01  9.84357E-01      -9.35880E-01  1.00000E+00
  1.54390E-01  5.42950E-01  7.77405E-01  9.22603E-01  9.91698E-01      -9.99990E-01  1.00000E+00


    2.   4.00   74. 183.84  5.00E+01  4.50E+01  7.73E-01  5.76E-01     5   0.00

  1.80160E+01  3.55440E+01  4.23110E+01  4.52150E+01  4.71090E+01       5.00060E-02  4.89710E+01

  5.57145E-01  7.21085E-01  8.23860E-01  9.04285E-01  9.70730E-01       1.40170E-01  1.00000E+00
  5.09270E-01  6.81135E-01  7.94110E-01  8.85130E-01  9.64150E-01       1.33050E-01  1.00000E+00
  4.59685E-01  6.33620E-01  7.55405E-01  8.59940E-01  9.54905E-01       1.06720E-01  1.00000E+00
  3.96195E-01  5.69915E-01  7.03390E-01  8.27190E-01  9.43380E-01       8.82830E-02  9.99990E-01
  2.72590E-01  3.94905E-01  4.95810E-01  5.93660E-01  7.14635E-01       4.46500E-02  9.98130E-01

 -9.50520E-01 -5.92448E-01 -9.68108E-03  5.79723E-01  9.48670E-01      -1.00000E+00  1.00000E+00
 -9.50257E-01 -5.85675E-01  4.83597E-04  5.87473E-01  9.51782E-01      -1.00000E+00  1.00000E+00
 -9.50802E-01 -5.80833E-01  4.63181E-03  5.92595E-01  9.51367E-01      -1.00000E+00  1.00000E+00
 -9.49808E-01 -5.88335E-01  3.54797E-03  5.85543E-01  9.50887E-01      -1.00000E+00  1.00000E+00
 -9.48803E-01 -5.81147E-01  5.04878E-03  5.88298E-01  9.50657E-01      -1.00000E+00  1.00000E+00
 -9.51350E-01 -5.89725E-01 -9.76034E-03  5.86297E-01  9.52577E-01      -1.00000E+00  1.00000E+00
 -9.53425E-01 -5.97085E-01 -3.30537E-03  5.87507E-01  9.49512E-01      -1.00000E+00  1.00000E+00
 -9.51215E-01 -5.94960E-01 -1.09818E-02  5.82860E-01  9.51330E-01      -1.00000E+00  1.00000E+00
 -9.49218E-01 -5.87618E-01 -2.21822E-03  5.84380E-01  9.50120E-01      -1.00000E+00  1.00000E+00
 -9.51898E-01 -5.90845E-01  2.27887E-03  5.93150E-01  9.52107E-01      -1.00000E+00  1.00000E+00
 -9.67477E-01 -7.06325E-01 -1.97749E-01  4.45357E-01  9.30547E-01      -1.00000E+00  1.00000E+00
 -9.64283E-01 -6.79450E-01 -1.22839E-01  5.18640E-01  9.43168E-01      -1.00000E+00  1.00000E+00
 -9.61410E-01 -6.54120E-01 -8.55978E-02  5.41252E-01  9.44010E-01      -1.00000E+00  1.00000E+00
 -9.58895E-01 -6.41575E-01 -6.87780E-02  5.47115E-01  9.46952E-01      -1.00000E+00  1.00000E+00
 -9.55952E-01 -6.16213E-01 -4.64439E-02  5.62455E-01  9.48582E-01      -1.00000E+00  1.00000E+00
 -7.96868E-01 -5.45710E-01 -8.38780E-02  5.10647E-01  9.40865E-01      -1.00000E+00  1.00000E+00
 -7.07230E-01 -4.02091E-01  9.97975E-02  6.26970E-01  9.55553E-01      -1.00000E+00  1.00000E+00
 -6.59367E-01 -3.39892E-01  1.23145E-01  6.40020E-01  9.57210E-01      -1.00000E+00  1.00000E+00
 -6.22215E-01 -2.70575E-01  1.54833E-01  6.41108E-01  9.57268E-01      -1.00000E+00  1.00000E+00
 -7.12795E-01 -2.77185E-01  2.07096E-01  6.68268E-01  9.58927E-01      -1.00000E+00  1.00000E+00
  3.04513E-01  5.71320E-01  7.62945E-01  9.17460E-01  9.91278E-01      -7.37920E-01  1.00000E+00
  3.68047E-01  6.25587E-01  7.87702E-01  9.22510E-01  9.91380E-01      -5.49660E-01  1.00000E+00
  4.39368E-01  6.83233E-01  8.26760E-01  9.29505E-01  9.91938E-01      -5.82700E-01  1.00000E+00
  5.32127E-01  7.53768E-01  8.80105E-01  9.56778E-01  9.95103E-01      -4.36800E-01  1.00000E+00
  6.36765E-01  8.24805E-01  9.20263E-01  9.72542E-01  9.97127E-01      -6.85810E-01  1.00000E+00


    2.   4.00   74. 183.84  5.00E+01  6.00E+01  8.61E-01  7.11E-01     5   0.00

  2.67750E+01  4.20180E+01  4.54920E+01  4.70690E+01  4.84120E+01       5.00160E-02  4.94050E+01

  5.38750E-01  7.04220E-01  8.11515E-01  8.97095E-01  9.68490E-01       1.07420E-01  1.00000E+00
  4.40795E-01  6.13250E-01  7.36755E-01  8.46590E-01  9.49725E-01       8.25620E-02  1.00000E+00
  3.74695E-01  5.42510E-01  6.80305E-01  8.14080E-01  9.41585E-01       8.18540E-02  1.00000E+00
  3.28410E-01  4.70575E-01  5.89180E-01  7.05480E-01  8.32360E-01       6.87640E-02  9.99930E-01
  2.10450E-01  2.93695E-01  3.59980E-01  4.29280E-01  5.31860E-01       2.81870E-02  9.20110E-01

 -9.50760E-01 -5.80288E-01  1.13631E-02  5.94960E-01  9.52045E-01      -1.00000E+00  1.00000E+00
 -9.50360E-01 -5.87900E-01 -1.91714E-03  5.84200E-01  9.51448E-01      -1.00000E+00  1.00000E+00
 -9.51717E-01 -5.85135E-01  8.74578E-03  5.93460E-01  9.53237E-01      -1.00000E+00  1.00000E+00
 -9.49807E-01 -5.85785E-01 -6.75250E-04  5.91980E-01  9.50588E-01      -1.00000E+00  1.00000E+00
 -9.52997E-01 -5.88842E-01  3.62160E-03  5.93073E-01  9.52545E-01      -1.00000E+00  1.00000E+00
 -9.71075E-01 -7.34935E-01 -2.60746E-01  3.83835E-01  9.18573E-01      -1.00000E+00  1.00000E+00
 -9.66838E-01 -7.03460E-01 -1.86331E-01  4.66738E-01  9.36580E-01      -1.00000E+00  1.00000E+00
 -9.65745E-01 -6.79318E-01 -1.29541E-01  5.11945E-01  9.41205E-01      -1.00000E+00  1.00000E+00
 -9.59515E-01 -6.46452E-01 -8.30218E-02  5.42905E-01  9.43985E-01      -1.00000E+00  1.00000E+00
 -9.54708E-01 -6.12410E-01 -4.23502E-02  5.65645E-01  9.48068E-01      -1.00000E+00  1.00000E+00
 -6.77730E-01 -3.80269E-01  7.09900E-02  5.82610E-01  9.47887E-01      -1.00000E+00  1.00000E+00
 -6.32540E-01 -2.98780E-01  1.75510E-01  6.55282E-01  9.59402E-01      -1.00000E+00  1.00000E+00
 -6.18350E-01 -2.81759E-01  1.79492E-01  6.66680E-01  9.61287E-01      -1.00000E+00  1.00000E+00
 -6.36377E-01 -2.95618E-01  1.44778E-01  6.32360E-01  9.55215E-01      -1.00000E+00  1.00000E+00
 -8.17878E-01 -4.07546E-01  1.07653E-01  6.14415E-01  9.54820E-01      -1.00000E+00  1.00000E+00
  1.88025E-01  4.47060E-01  7.38352E-01  9.12395E-01  9.90255E-01      -5.48090E-01  1.00000E+00
  2.69423E-01  5.15493E-01  7.58543E-01  9.19995E-01  9.91378E-01      -5.85630E-01  1.00000E+00
  3.31603E-01  5.56778E-01  7.55767E-01  9.11593E-01  9.90390E-01      -5.71810E-01  1.00000E+00
  4.28140E-01  6.47382E-01  7.97440E-01  9.23453E-01  9.91520E-01      -4.20100E-01  1.00000E+00
  5.45347E-01  7.64460E-01  8.83900E-01  9.57292E-01  9.95150E-01      -1.00000E+00  1.00000E+00
  7.37745E-01  8.43225E-01  9.06933E-01  9.59262E-01  9.95475E-01       7.48310E-02  1.00000E+00
  7.69853E-01  8.78580E-01  9.38082E-01  9.77127E-01  9.97342E-01       1.37390E-01  1.00000E+00
  7.95547E-01  8.99493E-01  9.52005E-01  9.82630E-01  9.98000E-01       6.79620E-02  1.00000E+00
  8.24010E-01  9.16320E-01  9.61745E-01  9.86940E-01  9.98583E-01       1.83410E-01  1.00000E+00
  8.53008E-01  9.37225E-01  9.72430E-01  9.90630E-01  9.99005E-01       2.70000E-01  1.00000E+00


    2.   4.00   74. 183.84  5.00E+01  7.00E+01  9.37E-01  8.43E-01     5   0.00

  3.88260E+01  4.58690E+01  4.74350E+01  4.84820E+01  4.92020E+01       5.02860E-02  4.96010E+01

  4.63855E-01  6.32630E-01  7.51905E-01  8.56945E-01  9.53650E-01       1.04810E-01  1.00000E+00
  3.50425E-01  5.16025E-01  6.57565E-01  7.98725E-01  9.38040E-01       7.12510E-02  1.00000E+00
  3.16510E-01  4.55895E-01  5.76065E-01  7.05335E-01  8.46825E-01       7.25630E-02  9.99980E-01
  2.60710E-01  3.62855E-01  4.47465E-01  5.26915E-01  6.25555E-01       7.33700E-02  9.02110E-01
  1.56250E-01  2.13150E-01  2.55790E-01  2.99090E-01  3.60155E-01       2.46670E-02  6.50970E-01

 -9.64895E-01 -7.04902E-01 -2.22493E-01  3.98363E-01  9.16600E-01      -1.00000E+00  1.00000E+00
 -9.63280E-01 -6.83042E-01 -1.59422E-01  4.74155E-01  9.35025E-01      -1.00000E+00  1.00000E+00
 -9.61387E-01 -6.51903E-01 -9.93892E-02  5.18200E-01  9.40590E-01      -1.00000E+00  1.00000E+00
 -9.58220E-01 -6.30870E-01 -5.77556E-02  5.45290E-01  9.45805E-01      -1.00000E+00  1.00000E+00
 -9.54562E-01 -6.12900E-01 -2.96194E-02  5.70080E-01  9.48098E-01      -1.00000E+00  1.00000E+00
 -5.66653E-01 -2.12773E-01  2.12425E-01  6.61467E-01  9.58632E-01      -1.00000E+00  1.00000E+00
 -5.36855E-01 -1.74002E-01  2.54128E-01  6.90380E-01  9.63770E-01      -1.00000E+00  1.00000E+00
 -5.44722E-01 -1.98923E-01  2.21852E-01  6.69065E-01  9.61062E-01      -1.00000E+00  1.00000E+00
 -5.89290E-01 -2.46757E-01  1.56805E-01  6.27760E-01  9.53365E-01      -1.00000E+00  1.00000E+00
 -7.88120E-01 -4.03893E-01  6.62925E-02  5.79940E-01  9.47677E-01      -1.00000E+00  1.00000E+00
  3.06020E-01  5.63052E-01  8.16997E-01  9.40275E-01  9.93752E-01      -3.93650E-01  1.00000E+00
  3.50720E-01  5.86583E-01  8.15000E-01  9.41587E-01  9.93765E-01      -3.98350E-01  1.00000E+00
  3.89685E-01  5.92322E-01  7.89935E-01  9.28270E-01  9.92403E-01      -3.52920E-01  1.00000E+00
  4.57157E-01  6.47473E-01  7.98028E-01  9.24485E-01  9.91627E-01      -3.43410E-01  1.00000E+00
  5.81340E-01  7.71577E-01  8.80648E-01  9.53760E-01  9.94393E-01      -8.11870E-01  1.00000E+00
  6.85337E-01  7.91415E-01  8.82745E-01  9.62418E-01  9.95930E-01       1.52950E-01  1.00000E+00
  7.31905E-01  8.32015E-01  9.01965E-01  9.58948E-01  9.95205E-01       1.41080E-01  1.00000E+00
  7.72025E-01  8.68880E-01  9.25590E-01  9.70743E-01  9.96560E-01       1.95500E-01  1.00000E+00
  8.17505E-01  9.06467E-01  9.53195E-01  9.82788E-01  9.97988E-01       2.20040E-01  1.00000E+00
  8.63823E-01  9.39177E-01  9.72413E-01  9.90670E-01  9.98992E-01       3.89960E-01  1.00000E+00
  9.06850E-01  9.43615E-01  9.63690E-01  9.80683E-01  9.97605E-01       6.46900E-01  1.00000E+00
  9.20590E-01  9.57030E-01  9.76690E-01  9.90197E-01  9.98690E-01       6.72290E-01  1.00000E+00
  9.33153E-01  9.66527E-01  9.83680E-01  9.94145E-01  9.99345E-01       6.96450E-01  1.00000E+00
  9.43098E-01  9.74075E-01  9.88025E-01  9.95818E-01  9.99540E-01       7.23810E-01  1.00000E+00
  9.54137E-01  9.80472E-01  9.91488E-01  9.97150E-01  9.99690E-01       7.45750E-01  1.00000E+00


    2.   4.00   74. 183.84  5.00E+01  8.00E+01  9.96E-01  9.71E-01     5   0.00

  4.74860E+01  4.89180E+01  4.93360E+01  4.95300E+01  4.96680E+01       6.03340E-02  4.98180E+01

  3.38490E-01  5.16175E-01  6.68380E-01  7.98590E-01  9.07835E-01       7.75800E-02  1.00000E+00
  2.90845E-01  4.12780E-01  4.95330E-01  5.54030E-01  6.19750E-01       7.41060E-02  8.66890E-01
  2.32665E-01  2.99950E-01  3.38450E-01  3.69405E-01  4.07855E-01       6.16590E-02  5.74370E-01
  1.64595E-01  2.02525E-01  2.25055E-01  2.44610E-01  2.70115E-01       5.12490E-02  3.70230E-01
  8.89855E-02  1.10692E-01  1.25596E-01  1.39995E-01  1.58810E-01       1.08010E-02  2.35140E-01

 -1.74032E-01  2.97465E-01  6.10653E-01  8.83945E-01  9.88927E-01      -1.00000E+00  1.00000E+00
 -1.81853E-01  2.46083E-01  5.16478E-01  8.05840E-01  9.81322E-01      -1.00000E+00  1.00000E+00
 -1.65122E-01  2.39155E-01  5.11095E-01  7.52773E-01  9.67225E-01      -1.00000E+00  1.00000E+00
 -1.33012E-01  2.57360E-01  5.48490E-01  7.42982E-01  9.63577E-01      -1.00000E+00  1.00000E+00
 -9.94725E-02  2.84085E-01  6.17273E-01  8.36090E-01  9.74460E-01      -1.00000E+00  1.00000E+00
  7.74535E-01  8.39705E-01  8.98035E-01  9.58538E-01  9.95060E-01       3.63220E-01  1.00000E+00
  8.10450E-01  8.68707E-01  9.06972E-01  9.50063E-01  9.91162E-01       3.98590E-01  1.00000E+00
  8.57100E-01  9.12562E-01  9.45540E-01  9.71440E-01  9.94942E-01       4.21640E-01  1.00000E+00
  8.97342E-01  9.47993E-01  9.74647E-01  9.90830E-01  9.98945E-01       5.49910E-01  1.00000E+00
  9.29277E-01  9.68035E-01  9.85555E-01  9.95140E-01  9.99483E-01       6.04880E-01  1.00000E+00
  9.10702E-01  9.33133E-01  9.48575E-01  9.65460E-01  9.91100E-01       7.58600E-01  1.00000E+00
  9.38447E-01  9.58825E-01  9.71993E-01  9.83653E-01  9.96425E-01       8.22400E-01  1.00000E+00
  9.55975E-01  9.75318E-01  9.86410E-01  9.94437E-01  9.99297E-01       8.43820E-01  1.00000E+00
  9.67337E-01  9.84365E-01  9.92485E-01  9.97318E-01  9.99698E-01       8.55790E-01  1.00000E+00
  9.77140E-01  9.90112E-01  9.95650E-01  9.98545E-01  9.99840E-01       8.69790E-01  1.00000E+00
  9.61135E-01  9.72483E-01  9.80335E-01  9.88895E-01  9.98085E-01       8.97370E-01  1.00000E+00
  9.73910E-01  9.83928E-01  9.90212E-01  9.95368E-01  9.99320E-01       9.27170E-01  1.00000E+00
  9.80965E-01  9.89858E-01  9.94800E-01  9.98040E-01  9.99773E-01       9.39200E-01  1.00000E+00
  9.85635E-01  9.93290E-01  9.96847E-01  9.98897E-01  9.99875E-01       9.45030E-01  1.00000E+00
  9.89933E-01  9.95650E-01  9.98080E-01  9.99358E-01  9.99927E-01       9.52510E-01  1.00000E+00
  9.88170E-01  9.93173E-01  9.95920E-01  9.98110E-01  9.99740E-01       9.52360E-01  1.00000E+00
  9.90500E-01  9.95452E-01  9.97782E-01  9.99178E-01  9.99905E-01       9.64160E-01  1.00000E+00
  9.91937E-01  9.96370E-01  9.98347E-01  9.99448E-01  9.99940E-01       9.71010E-01  1.00000E+00
  9.93290E-01  9.96970E-01  9.98652E-01  9.99552E-01  9.99953E-01       9.74980E-01  1.00000E+00
  9.95385E-01  9.97975E-01  9.99115E-01  9.99702E-01  9.99970E-01       9.81580E-01  1.00000E+00


    2.   4.00   74. 183.84  5.00E+01  8.50E+01  1.00E+00  9.93E-01     5   0.00

  4.94260E+01  4.96750E+01  4.97560E+01  4.98040E+01  4.98470E+01       6.25820E-01  4.99100E+01

  2.95820E-01  3.49325E-01  3.87840E-01  4.41665E-01  5.44755E-01       6.85010E-02  1.00000E+00
  1.65975E-01  1.91980E-01  2.06300E-01  2.19745E-01  2.38235E-01       5.84510E-02  3.19420E-01
  1.14355E-01  1.30470E-01  1.39850E-01  1.47825E-01  1.58275E-01       4.55270E-02  1.97960E-01
  8.06075E-02  9.13895E-02  9.79800E-02  1.03835E-01  1.11615E-01       3.36530E-02  1.38970E-01
  4.31830E-02  5.21305E-02  5.80805E-02  6.36585E-02  7.06595E-02       4.06310E-03  9.48430E-02

  9.24415E-01  9.57420E-01  9.71222E-01  9.81965E-01  9.94405E-01      -1.00000E+00  1.00000E+00
  9.53102E-01  9.81448E-01  9.91365E-01  9.96808E-01  9.99625E-01      -9.91760E-01  1.00000E+00
  9.48735E-01  9.81853E-01  9.92568E-01  9.97613E-01  9.99757E-01      -9.99660E-01  1.00000E+00
  9.28650E-01  9.75765E-01  9.90272E-01  9.96892E-01  9.99657E-01      -1.00000E+00  1.00000E+00
  7.65210E-01  9.32922E-01  9.74662E-01  9.92420E-01  9.99190E-01      -1.00000E+00  1.00000E+00
  9.81450E-01  9.87785E-01  9.91875E-01  9.95947E-01  9.99410E-01       9.39270E-01  1.00000E+00
  9.88547E-01  9.93688E-01  9.96438E-01  9.98467E-01  9.99805E-01       9.60270E-01  1.00000E+00
  9.91390E-01  9.96042E-01  9.98150E-01  9.99348E-01  9.99925E-01       9.68920E-01  1.00000E+00
  9.92920E-01  9.96813E-01  9.98580E-01  9.99528E-01  9.99950E-01       9.70490E-01  1.00000E+00
  9.95147E-01  9.97865E-01  9.99047E-01  9.99683E-01  9.99967E-01       9.74970E-01  1.00000E+00
  9.91387E-01  9.94513E-01  9.96780E-01  9.98683E-01  9.99845E-01       9.77020E-01  1.00000E+00
  9.94565E-01  9.96912E-01  9.98333E-01  9.99360E-01  9.99928E-01       9.85090E-01  1.00000E+00
  9.96073E-01  9.98060E-01  9.99052E-01  9.99658E-01  9.99960E-01       9.86730E-01  1.00000E+00
  9.97048E-01  9.98660E-01  9.99390E-01  9.99792E-01  9.99977E-01       9.89190E-01  1.00000E+00
  9.98037E-01  9.99128E-01  9.99618E-01  9.99873E-01  9.99988E-01       9.92290E-01  1.00000E+00
  9.95343E-01  9.97282E-01  9.98565E-01  9.99470E-01  9.99937E-01       9.86900E-01  1.00000E+00
  9.97008E-01  9.98412E-01  9.99205E-01  9.99720E-01  9.99967E-01       9.91780E-01  1.00000E+00
  9.97775E-01  9.98930E-01  9.99495E-01  9.99823E-01  9.99980E-01       9.93300E-01  1.00000E+00
  9.98267E-01  9.99225E-01  9.99655E-01  9.99885E-01  9.99990E-01       9.94450E-01  1.00000E+00
  9.98860E-01  9.99495E-01  9.99777E-01  9.99925E-01  9.99990E-01       9.95690E-01  1.00000E+00
  9.98335E-01  9.99182E-01  9.99610E-01  9.99865E-01  9.99988E-01       9.92710E-01  1.00000E+00
  9.98630E-01  9.99405E-01  9.99730E-01  9.99910E-01  9.99988E-01       9.94510E-01  1.00000E+00
  9.98755E-01  9.99487E-01  9.99778E-01  9.99925E-01  9.99990E-01       9.95620E-01  1.00000E+00
  9.98913E-01  9.99540E-01  9.99797E-01  9.99933E-01  9.99990E-01       9.96280E-01  1.00000E+00
  9.99270E-01  9.99680E-01  9.99860E-01  9.99953E-01  9.99995E-01       9.97220E-01  1.00000E+00


    2.   4.00   74. 183.84  1.00E+02  0.00E+00  6.32E-01  4.03E-01     5   0.00

  2.22870E+01  5.36940E+01  7.15650E+01  8.26740E+01  9.02500E+01       5.00230E-02  9.41060E+01

  5.52290E-01  7.16655E-01  8.21095E-01  9.03005E-01  9.70380E-01       1.15780E-01  1.00000E+00
  5.08050E-01  6.83905E-01  7.97100E-01  8.88005E-01  9.65195E-01       1.01750E-01  1.00000E+00
  4.86050E-01  6.64730E-01  7.83330E-01  8.79495E-01  9.62735E-01       9.15690E-02  1.00000E+00
  4.73355E-01  6.51465E-01  7.72300E-01  8.71605E-01  9.59515E-01       1.06900E-01  1.00000E+00
  3.60615E-01  5.25745E-01  6.50585E-01  7.67370E-01  8.79080E-01       6.76480E-02  1.00000E+00

 -9.50368E-01 -5.84468E-01  1.33295E-02  5.98380E-01  9.52440E-01      -1.00000E+00  1.00000E+00
 -9.52937E-01 -5.99590E-01 -6.62400E-03  5.81430E-01  9.50925E-01      -1.00000E+00  1.00000E+00
 -9.51772E-01 -5.87335E-01 -4.54222E-03  5.91200E-01  9.52600E-01      -1.00000E+00  1.00000E+00
 -9.51515E-01 -5.85837E-01 -6.30713E-03  5.87065E-01  9.52735E-01      -1.00000E+00  1.00000E+00
 -9.48998E-01 -5.97050E-01 -5.12417E-03  5.92415E-01  9.53345E-01      -1.00000E+00  1.00000E+00
 -9.48208E-01 -5.78423E-01  7.28095E-03  5.94293E-01  9.53812E-01      -1.00000E+00  1.00000E+00
 -9.51497E-01 -5.83063E-01  1.36381E-03  5.82855E-01  9.51190E-01      -1.00000E+00  1.00000E+00
 -9.49833E-01 -5.87002E-01 -8.89018E-03  5.87562E-01  9.52848E-01      -1.00000E+00  1.00000E+00
 -9.50120E-01 -5.89618E-01  3.65211E-03  5.90292E-01  9.50337E-01      -1.00000E+00  1.00000E+00
 -9.52462E-01 -5.97605E-01 -1.49380E-02  5.86005E-01  9.50210E-01      -1.00000E+00  1.00000E+00
 -9.51433E-01 -5.90307E-01 -1.43825E-04  5.88890E-01  9.49845E-01      -1.00000E+00  1.00000E+00
 -9.53052E-01 -5.91468E-01 -7.07168E-03  5.88773E-01  9.49700E-01      -1.00000E+00  1.00000E+00
 -9.49760E-01 -5.88255E-01 -2.00980E-03  5.89645E-01  9.50870E-01      -1.00000E+00  1.00000E+00
 -9.50093E-01 -5.75843E-01  6.42122E-03  5.93340E-01  9.51018E-01      -1.00000E+00  1.00000E+00
 -9.49680E-01 -5.90030E-01  4.19743E-03  6.00418E-01  9.52713E-01      -1.00000E+00  1.00000E+00
 -9.50565E-01 -5.83773E-01 -7.58785E-03  5.89973E-01  9.51795E-01      -1.00000E+00  1.00000E+00
 -9.51570E-01 -5.88375E-01 -5.11050E-04  5.92577E-01  9.52832E-01      -1.00000E+00  1.00000E+00
 -9.50490E-01 -5.92383E-01 -5.92677E-03  5.84013E-01  9.52100E-01      -1.00000E+00  1.00000E+00
 -9.52175E-01 -5.90575E-01 -9.99650E-03  5.88290E-01  9.51040E-01      -1.00000E+00  1.00000E+00
 -9.52623E-01 -5.88727E-01 -5.39513E-03  5.81800E-01  9.52265E-01      -1.00000E+00  1.00000E+00
 -9.48140E-01 -5.77630E-01  1.53080E-02  5.95010E-01  9.52093E-01      -1.00000E+00  1.00000E+00
 -9.50458E-01 -5.91278E-01  1.75990E-03  5.87848E-01  9.51515E-01      -1.00000E+00  1.00000E+00
 -9.48210E-01 -5.80285E-01  1.41089E-02  5.93228E-01  9.50318E-01      -1.00000E+00  1.00000E+00
 -9.53935E-01 -5.96275E-01 -1.47167E-03  5.90263E-01  9.53283E-01      -1.00000E+00  1.00000E+00
 -9.50445E-01 -5.93442E-01 -3.51535E-03  5.85835E-01  9.50392E-01      -1.00000E+00  1.00000E+00


    2.   4.00   74. 183.84  1.00E+02  3.00E+01  6.71E-01  4.48E-01     5   0.00

  2.54660E+01  5.82020E+01  7.53800E+01  8.53740E+01  9.15000E+01       5.00040E-02  9.64640E+01

  5.47695E-01  7.13575E-01  8.19145E-01  9.01345E-01  9.69840E-01       9.87880E-02  1.00000E+00
  5.01245E-01  6.78315E-01  7.92995E-01  8.85905E-01  9.65195E-01       1.06670E-01  1.00000E+00
  4.78635E-01  6.56540E-01  7.76570E-01  8.74845E-01  9.60255E-01       1.03460E-01  1.00000E+00
  4.54585E-01  6.31860E-01  7.55710E-01  8.60345E-01  9.55310E-01       1.05770E-01  1.00000E+00
  3.16780E-01  4.70640E-01  5.95350E-01  7.16995E-01  8.53955E-01       5.45410E-02  9.99990E-01

 -9.50253E-01 -5.82330E-01  3.30800E-03  5.91810E-01  9.51128E-01      -1.00000E+00  1.00000E+00
 -9.51205E-01 -5.89230E-01  2.34183E-03  5.82847E-01  9.49673E-01      -1.00000E+00  1.00000E+00
 -9.51477E-01 -5.79070E-01  8.99380E-03  6.01588E-01  9.55445E-01      -1.00000E+00  1.00000E+00
 -9.53163E-01 -5.98718E-01 -6.11575E-03  5.88868E-01  9.50338E-01      -1.00000E+00  1.00000E+00
 -9.52167E-01 -5.95330E-01 -6.99012E-03  5.80538E-01  9.49738E-01      -1.00000E+00  1.00000E+00
 -9.50433E-01 -5.83338E-01 -2.51458E-03  5.89470E-01  9.51295E-01      -1.00000E+00  1.00000E+00
 -9.51390E-01 -5.79068E-01  1.30586E-02  5.89615E-01  9.49972E-01      -1.00000E+00  1.00000E+00
 -9.52682E-01 -5.96283E-01 -1.46768E-02  5.76582E-01  9.50520E-01      -1.00000E+00  1.00000E+00
 -9.51258E-01 -5.92288E-01 -5.06755E-03  5.81580E-01  9.49128E-01      -1.00000E+00  1.00000E+00
 -9.50398E-01 -5.86237E-01 -1.47138E-03  5.86547E-01  9.51183E-01      -1.00000E+00  1.00000E+00
 -9.50977E-01 -5.92108E-01 -1.52147E-02  5.75795E-01  9.48357E-01      -1.00000E+00  1.00000E+00
 -9.51577E-01 -5.92353E-01 -1.04025E-02  5.83650E-01  9.50072E-01      -1.00000E+00  1.00000E+00
 -9.51448E-01 -5.94413E-01 -7.40933E-03  5.84682E-01  9.50247E-01      -1.00000E+00  1.00000E+00
 -9.51455E-01 -5.89915E-01  1.63715E-03  5.84280E-01  9.50073E-01      -1.00000E+00  1.00000E+00
 -9.50035E-01 -5.90147E-01 -6.84717E-03  5.85085E-01  9.51120E-01      -1.00000E+00  1.00000E+00
 -9.52838E-01 -6.01147E-01 -1.14173E-02  5.84193E-01  9.52045E-01      -1.00000E+00  1.00000E+00
 -9.53472E-01 -5.92538E-01 -3.86710E-03  5.92498E-01  9.51838E-01      -1.00000E+00  1.00000E+00
 -9.55705E-01 -5.93898E-01 -4.86175E-04  5.97422E-01  9.53735E-01      -1.00000E+00  1.00000E+00
 -9.55072E-01 -6.02645E-01 -6.10133E-03  5.86325E-01  9.51940E-01      -1.00000E+00  1.00000E+00
 -9.54997E-01 -6.05682E-01 -1.02782E-02  5.84825E-01  9.50303E-01      -1.00000E+00  1.00000E+00
 -5.43160E-01 -1.05710E-01  2.60665E-01  6.75732E-01  9.60847E-01      -1.00000E+00  1.00000E+00
 -4.77398E-01 -1.76275E-02  3.78849E-01  7.61190E-01  9.72368E-01      -1.00000E+00  1.00000E+00
 -4.26713E-01  5.34450E-02  4.19696E-01  7.81178E-01  9.75970E-01      -1.00000E+00  1.00000E+00
 -3.68885E-01  1.10433E-01  4.82108E-01  7.75345E-01  9.73328E-01      -1.00000E+00  1.00000E+00
 -2.55745E-01  1.77372E-01  5.65198E-01  8.36583E-01  9.80123E-01      -1.00000E+00  1.00000E+00


    2.   4.00   74. 183.84  1.00E+02  4.50E+01  7.24E-01  5.16E-01     5   0.00

  3.08640E+01  6.51110E+01  8.07210E+01  8.88980E+01  9.36100E+01       5.00260E-02  9.75480E+01

  5.39545E-01  7.09115E-01  8.15585E-01  8.99480E-01  9.69025E-01       1.25940E-01  1.00000E+00
  4.91795E-01  6.68465E-01  7.86305E-01  8.80610E-01  9.62645E-01       9.56420E-02  1.00000E+00
  4.60000E-01  6.38150E-01  7.60675E-01  8.64540E-01  9.56580E-01       1.05540E-01  1.00000E+00
  4.03170E-01  5.79355E-01  7.12300E-01  8.33500E-01  9.47405E-01       7.21190E-02  1.00000E+00
  2.73395E-01  4.07285E-01  5.18950E-01  6.33305E-01  7.68900E-01       5.35260E-02  9.99960E-01

 -9.50348E-01 -5.85333E-01 -1.84223E-03  5.84015E-01  9.49390E-01      -1.00000E+00  1.00000E+00
 -9.51255E-01 -5.93720E-01 -5.39377E-03  5.84295E-01  9.50900E-01      -1.00000E+00  1.00000E+00
 -9.51288E-01 -5.89952E-01 -5.18835E-03  5.85590E-01  9.51102E-01      -1.00000E+00  1.00000E+00
 -9.49588E-01 -5.79350E-01  9.95898E-03  5.92153E-01  9.53235E-01      -1.00000E+00  1.00000E+00
 -9.50170E-01 -5.86295E-01  4.51325E-03  5.90570E-01  9.53420E-01      -1.00000E+00  1.00000E+00
 -9.51565E-01 -5.89375E-01  3.76703E-03  5.89403E-01  9.51315E-01      -1.00000E+00  1.00000E+00
 -9.50395E-01 -5.91785E-01 -5.47140E-03  5.80415E-01  9.50577E-01      -1.00000E+00  1.00000E+00
 -9.50622E-01 -5.92515E-01 -8.88947E-03  5.85185E-01  9.49490E-01      -1.00000E+00  1.00000E+00
 -9.52542E-01 -5.93045E-01 -3.89650E-03  5.80670E-01  9.50682E-01      -1.00000E+00  1.00000E+00
 -9.50422E-01 -5.86265E-01  2.33447E-03  5.87372E-01  9.50255E-01      -1.00000E+00  1.00000E+00
 -9.55032E-01 -6.18630E-01 -4.43639E-02  5.55933E-01  9.45900E-01      -1.00000E+00  1.00000E+00
 -9.51950E-01 -6.05390E-01 -1.77122E-02  5.74620E-01  9.49960E-01      -1.00000E+00  1.00000E+00
 -9.51700E-01 -6.00357E-01 -1.84409E-02  5.74982E-01  9.50280E-01      -1.00000E+00  1.00000E+00
 -9.52655E-01 -5.90035E-01 -3.35263E-03  5.87660E-01  9.49673E-01      -1.00000E+00  1.00000E+00
 -9.49160E-01 -5.81078E-01  6.73350E-04  5.90295E-01  9.52945E-01      -1.00000E+00  1.00000E+00
 -9.57940E-01 -6.75903E-01 -1.39203E-01  5.27180E-01  9.43263E-01      -1.00000E+00  1.00000E+00
 -9.37520E-01 -5.76458E-01  2.56367E-02  6.16903E-01  9.56882E-01      -1.00000E+00  1.00000E+00
 -9.32278E-01 -5.46935E-01  3.86012E-02  6.26785E-01  9.57673E-01      -1.00000E+00  1.00000E+00
 -9.27152E-01 -5.30987E-01  3.02911E-02  6.18400E-01  9.56670E-01      -1.00000E+00  1.00000E+00
 -9.38110E-01 -5.46690E-01  4.87125E-03  5.75582E-01  9.48160E-01      -1.00000E+00  1.00000E+00
  1.17815E-01  4.46775E-01  6.86562E-01  8.85127E-01  9.87853E-01      -8.45310E-01  1.00000E+00
  1.81060E-01  5.16838E-01  7.40335E-01  9.10805E-01  9.90358E-01      -7.40000E-01  1.00000E+00
  2.48639E-01  5.70280E-01  7.61963E-01  9.14975E-01  9.90712E-01      -6.80640E-01  1.00000E+00
  3.33502E-01  6.37252E-01  8.11212E-01  9.26275E-01  9.91580E-01      -6.01330E-01  1.00000E+00
  4.53792E-01  7.18458E-01  8.66628E-01  9.53868E-01  9.95117E-01      -9.99940E-01  1.00000E+00


    2.   4.00   74. 183.84  1.00E+02  6.00E+01  8.09E-01  6.38E-01     5   0.00

  4.36220E+01  7.75470E+01  8.87560E+01  9.30890E+01  9.61870E+01       5.00170E-02  9.85140E+01

  5.24920E-01  6.96035E-01  8.06810E-01  8.93915E-01  9.67280E-01       1.20190E-01  1.00000E+00
  4.59535E-01  6.36725E-01  7.60065E-01  8.64085E-01  9.56840E-01       1.00160E-01  1.00000E+00
  3.76480E-01  5.48385E-01  6.83160E-01  8.09780E-01  9.35995E-01       8.69910E-02  1.00000E+00
  3.25130E-01  4.80080E-01  6.15090E-01  7.53075E-01  8.91205E-01       7.27220E-02  1.00000E+00
  2.09635E-01  3.03690E-01  3.86135E-01  4.69335E-01  5.78780E-01       3.84390E-02  9.28750E-01

 -9.49497E-01 -5.84000E-01  4.61025E-03  5.88305E-01  9.49778E-01      -1.00000E+00  1.00000E+00
 -9.49065E-01 -5.85950E-01  6.39994E-03  5.90072E-01  9.51558E-01      -1.00000E+00  1.00000E+00
 -9.51292E-01 -5.93090E-01 -1.47072E-03  5.87395E-01  9.51995E-01      -1.00000E+00  1.00000E+00
 -9.52058E-01 -5.91403E-01 -1.43405E-03  5.87303E-01  9.52182E-01      -1.00000E+00  1.00000E+00
 -9.51483E-01 -5.86068E-01  1.84060E-03  5.90402E-01  9.50190E-01      -1.00000E+00  1.00000E+00
 -9.56595E-01 -6.20378E-01 -4.93675E-02  5.53567E-01  9.45360E-01      -1.00000E+00  1.00000E+00
 -9.53438E-01 -6.08587E-01 -2.66282E-02  5.70187E-01  9.50883E-01      -1.00000E+00  1.00000E+00
 -9.53415E-01 -6.07177E-01 -2.64916E-02  5.73352E-01  9.49747E-01      -1.00000E+00  1.00000E+00
 -9.51903E-01 -6.00832E-01 -1.03818E-02  5.78527E-01  9.49623E-01      -1.00000E+00  1.00000E+00
 -9.49710E-01 -5.82213E-01  1.28248E-02  5.92785E-01  9.51445E-01      -1.00000E+00  1.00000E+00
 -9.61878E-01 -7.09452E-01 -2.08658E-01  4.53747E-01  9.31707E-01      -1.00000E+00  1.00000E+00
 -9.45353E-01 -6.08783E-01 -1.89755E-02  5.88602E-01  9.52923E-01      -1.00000E+00  1.00000E+00
 -9.37830E-01 -5.75190E-01  2.89085E-02  6.23905E-01  9.56732E-01      -1.00000E+00  1.00000E+00
 -9.42298E-01 -5.89668E-01 -7.27332E-03  6.04132E-01  9.54802E-01      -1.00000E+00  1.00000E+00
 -9.56152E-01 -6.30190E-01 -6.69280E-02  5.57057E-01  9.49185E-01      -1.00000E+00  1.00000E+00
 -8.35150E-02  2.73936E-01  6.35910E-01  8.74473E-01  9.86762E-01      -8.58930E-01  1.00000E+00
 -1.19450E-02  3.29260E-01  6.67575E-01  8.85308E-01  9.87547E-01      -7.72310E-01  1.00000E+00
  3.47900E-02  3.40537E-01  6.49388E-01  8.73835E-01  9.86165E-01      -8.09840E-01  1.00000E+00
  8.45950E-02  3.94255E-01  6.33943E-01  8.57103E-01  9.83335E-01      -8.73840E-01  1.00000E+00
  4.21700E-02  4.45191E-01  6.97455E-01  8.80153E-01  9.85648E-01      -1.00000E+00  1.00000E+00
  6.60335E-01  8.01610E-01  9.07608E-01  9.69675E-01  9.96875E-01       7.54660E-03  1.00000E+00
  6.81698E-01  8.25102E-01  9.12137E-01  9.71565E-01  9.96885E-01      -2.07940E-02  1.00000E+00
  7.14158E-01  8.46988E-01  9.17942E-01  9.68452E-01  9.96507E-01       1.16420E-01  1.00000E+00
  7.62502E-01  8.80077E-01  9.42835E-01  9.79755E-01  9.97795E-01       1.79290E-01  1.00000E+00
  8.34413E-01  9.20387E-01  9.62747E-01  9.87435E-01  9.98620E-01       2.92870E-01  1.00000E+00


    2.   4.00   74. 183.84  1.00E+02  7.00E+01  8.95E-01  7.76E-01     5   0.00

  6.45480E+01  8.94170E+01  9.37520E+01  9.60940E+01  9.79530E+01       5.00920E-02  9.90410E+01

  4.91330E-01  6.66395E-01  7.83595E-01  8.78850E-01  9.61710E-01       1.11790E-01  1.00000E+00
  3.46340E-01  5.14075E-01  6.54370E-01  7.92320E-01  9.30515E-01       5.91980E-02  1.00000E+00
  2.98940E-01  4.46135E-01  5.84420E-01  7.35335E-01  8.94935E-01       7.32160E-02  1.00000E+00
  2.48050E-01  3.60755E-01  4.62135E-01  5.65835E-01  6.84400E-01       5.65830E-02  9.31880E-01
  1.56970E-01  2.15405E-01  2.64200E-01  3.14810E-01  3.84830E-01       2.69020E-02  6.66590E-01

 -9.53183E-01 -5.99470E-01 -1.93674E-02  5.73172E-01  9.49518E-01      -1.00000E+00  1.00000E+00
 -9.53305E-01 -5.97338E-01 -1.27266E-02  5.74572E-01  9.48582E-01      -1.00000E+00  1.00000E+00
 -9.50225E-01 -5.91292E-01 -1.21734E-02  5.84885E-01  9.50417E-01      -1.00000E+00  1.00000E+00
 -9.50722E-01 -5.88315E-01 -6.13552E-03  5.86755E-01  9.50965E-01      -1.00000E+00  1.00000E+00
 -9.49923E-01 -5.88078E-01 -4.96288E-03  5.87745E-01  9.50145E-01      -1.00000E+00  1.00000E+00
 -9.18460E-01 -6.35980E-01 -1.99088E-01  4.19972E-01  9.23177E-01      -1.00000E+00  1.00000E+00
 -8.94885E-01 -5.64155E-01 -4.57250E-02  5.56707E-01  9.47015E-01      -1.00000E+00  1.00000E+00
 -9.02842E-01 -5.56298E-01 -2.48850E-02  5.76705E-01  9.49968E-01      -1.00000E+00  1.00000E+00
 -9.35675E-01 -5.86115E-01 -6.31990E-02  5.54290E-01  9.47773E-01      -1.00000E+00  1.00000E+00
 -9.55348E-01 -6.39942E-01 -1.06218E-01  5.20585E-01  9.42695E-01      -1.00000E+00  1.00000E+00
  8.04113E-02  4.72630E-01  7.66678E-01  9.25652E-01  9.92293E-01      -6.57600E-01  1.00000E+00
  1.08605E-01  4.59230E-01  7.48317E-01  9.16737E-01  9.91210E-01      -6.84650E-01  1.00000E+00
  1.21163E-01  4.08768E-01  7.00217E-01  8.95633E-01  9.88677E-01      -6.73130E-01  1.00000E+00
  1.54656E-01  4.20605E-01  6.62470E-01  8.72742E-01  9.85275E-01      -6.21320E-01  1.00000E+00
  1.30575E-01  4.77930E-01  7.01603E-01  8.81082E-01  9.85905E-01      -1.00000E+00  1.00000E+00
  5.79843E-01  7.66982E-01  9.10567E-01  9.74803E-01  9.97450E-01       4.01880E-02  1.00000E+00
  6.17920E-01  7.70590E-01  8.93647E-01  9.67537E-01  9.96582E-01       7.45680E-02  1.00000E+00
  6.58975E-01  7.87590E-01  8.92160E-01  9.60637E-01  9.95652E-01       5.68900E-02  1.00000E+00
  7.22887E-01  8.34498E-01  9.09613E-01  9.66398E-01  9.96393E-01       2.31690E-01  1.00000E+00
  8.26348E-01  9.10777E-01  9.57282E-01  9.84672E-01  9.98310E-01       3.20120E-01  1.00000E+00
  8.85722E-01  9.32085E-01  9.60242E-01  9.84535E-01  9.98122E-01       5.56240E-01  1.00000E+00
  8.98332E-01  9.45698E-01  9.71085E-01  9.89850E-01  9.98880E-01       6.08050E-01  1.00000E+00
  9.11210E-01  9.55440E-01  9.78123E-01  9.91620E-01  9.98995E-01       6.35500E-01  1.00000E+00
  9.26540E-01  9.64527E-01  9.83575E-01  9.94372E-01  9.99378E-01       6.82710E-01  1.00000E+00
  9.46870E-01  9.76368E-01  9.89313E-01  9.96360E-01  9.99603E-01       7.22600E-01  1.00000E+00


    2.   4.00   74. 183.84  1.00E+02  8.00E+01  9.88E-01  9.53E-01     5   0.00

  9.33500E+01  9.70220E+01  9.82700E+01  9.88160E+01  9.91570E+01       5.10400E-02  9.95250E+01

  3.01640E-01  4.71120E-01  6.29615E-01  7.90555E-01  9.28200E-01       6.87400E-02  1.00000E+00
  2.50740E-01  3.75620E-01  4.89975E-01  5.97390E-01  6.90390E-01       7.21470E-02  9.26270E-01
  2.07770E-01  2.87595E-01  3.47110E-01  3.93210E-01  4.42035E-01       5.48950E-02  6.17720E-01
  1.57435E-01  2.00275E-01  2.28975E-01  2.52400E-01  2.80990E-01       4.84190E-02  3.85310E-01
  8.84020E-02  1.10672E-01  1.26622E-01  1.42005E-01  1.62825E-01       1.72540E-02  2.35510E-01

 -3.23045E-01  7.22725E-02  4.27570E-01  7.64133E-01  9.75807E-01      -1.00000E+00  1.00000E+00
 -3.35627E-01  1.95000E-02  3.78628E-01  7.32768E-01  9.69202E-01      -1.00000E+00  1.00000E+00
 -3.49467E-01 -2.22100E-02  3.09220E-01  6.91032E-01  9.62182E-01      -1.00000E+00  1.00000E+00
 -3.47765E-01 -2.49325E-02  2.77948E-01  6.47328E-01  9.55332E-01      -1.00000E+00  1.00000E+00
 -3.37720E-01 -7.91500E-03  3.09425E-01  6.66965E-01  9.57100E-01      -1.00000E+00  1.00000E+00
  6.90597E-01  8.23783E-01  9.29730E-01  9.80407E-01  9.98147E-01       1.61790E-01  1.00000E+00
  7.07290E-01  8.07995E-01  9.06970E-01  9.68230E-01  9.96648E-01       2.92810E-01  1.00000E+00
  7.37795E-01  8.24045E-01  8.83480E-01  9.51393E-01  9.94668E-01       2.24080E-01  1.00000E+00
  8.03175E-01  8.85177E-01  9.32432E-01  9.66973E-01  9.95212E-01       4.12070E-01  1.00000E+00
  8.78190E-01  9.41045E-01  9.72618E-01  9.90667E-01  9.99015E-01       5.03490E-01  1.00000E+00
  8.85158E-01  9.20650E-01  9.55377E-01  9.84135E-01  9.98290E-01       6.94130E-01  1.00000E+00
  9.07520E-01  9.36738E-01  9.60180E-01  9.84065E-01  9.98133E-01       7.57400E-01  1.00000E+00
  9.28845E-01  9.55062E-01  9.71210E-01  9.85990E-01  9.98152E-01       7.81180E-01  1.00000E+00
  9.51237E-01  9.74165E-01  9.86825E-01  9.94948E-01  9.99365E-01       8.31030E-01  1.00000E+00
  9.70398E-01  9.86028E-01  9.93650E-01  9.97845E-01  9.99765E-01       8.63000E-01  1.00000E+00
  9.53798E-01  9.67283E-01  9.78047E-01  9.89038E-01  9.98378E-01       8.91600E-01  1.00000E+00
  9.66925E-01  9.78595E-01  9.86662E-01  9.94100E-01  9.99260E-01       9.16230E-01  1.00000E+00
  9.75515E-01  9.86040E-01  9.92065E-01  9.96648E-01  9.99578E-01       9.29550E-01  1.00000E+00
  9.82585E-01  9.91435E-01  9.95942E-01  9.98562E-01  9.99837E-01       9.39680E-01  1.00000E+00
  9.88965E-01  9.94973E-01  9.97737E-01  9.99238E-01  9.99918E-01       9.53610E-01  1.00000E+00
  9.86260E-01  9.92193E-01  9.95655E-01  9.98220E-01  9.99775E-01       9.50760E-01  1.00000E+00
  9.88583E-01  9.94325E-01  9.97120E-01  9.98943E-01  9.99880E-01       9.62770E-01  1.00000E+00
  9.90355E-01  9.95587E-01  9.97918E-01  9.99260E-01  9.99920E-01       9.69040E-01  1.00000E+00
  9.91962E-01  9.96327E-01  9.98370E-01  9.99450E-01  9.99945E-01       9.72620E-01  1.00000E+00
  9.94747E-01  9.97613E-01  9.98927E-01  9.99640E-01  9.99962E-01       9.77760E-01  1.00000E+00


    2.   4.00   74. 183.84  1.00E+02  8.50E+01  1.00E+00  9.92E-01     5   0.00

  9.86510E+01  9.91790E+01  9.93690E+01  9.94870E+01  9.95920E+01       3.63130E-01  9.97590E+01

  2.69465E-01  3.36605E-01  3.77870E-01  4.34640E-01  5.45290E-01       7.25300E-02  1.00000E+00
  1.57350E-01  1.87200E-01  2.05090E-01  2.20130E-01  2.39600E-01       5.15020E-02  3.13110E-01
  1.09315E-01  1.27030E-01  1.38695E-01  1.49240E-01  1.62215E-01       4.24340E-02  2.05860E-01
  7.81300E-02  8.94380E-02  9.72265E-02  1.04745E-01  1.14640E-01       3.73560E-02  1.46900E-01
  4.51855E-02  5.39325E-02  6.00585E-02  6.60700E-02  7.42290E-02       6.62560E-03  1.03670E-01

  9.02400E-01  9.48495E-01  9.64975E-01  9.79017E-01  9.96167E-01      -1.00000E+00  1.00000E+00
  9.41630E-01  9.76280E-01  9.87693E-01  9.94645E-01  9.99232E-01      -9.99970E-01  1.00000E+00
  9.37167E-01  9.78980E-01  9.91460E-01  9.97235E-01  9.99702E-01      -9.99880E-01  1.00000E+00
  9.03388E-01  9.69947E-01  9.87972E-01  9.96272E-01  9.99605E-01      -9.99970E-01  1.00000E+00
  6.72873E-01  9.07810E-01  9.66210E-01  9.89715E-01  9.98918E-01      -1.00000E+00  1.00000E+00
  9.79595E-01  9.86845E-01  9.92102E-01  9.96518E-01  9.99537E-01       9.49050E-01  1.00000E+00
  9.86390E-01  9.92072E-01  9.95615E-01  9.98258E-01  9.99793E-01       9.59400E-01  1.00000E+00
  9.90025E-01  9.94955E-01  9.97420E-01  9.99038E-01  9.99888E-01       9.65960E-01  1.00000E+00
  9.92395E-01  9.96540E-01  9.98442E-01  9.99470E-01  9.99945E-01       9.73580E-01  1.00000E+00
  9.95017E-01  9.97745E-01  9.98985E-01  9.99657E-01  9.99965E-01       9.79290E-01  1.00000E+00
  9.90835E-01  9.94963E-01  9.97437E-01  9.99062E-01  9.99895E-01       9.75000E-01  1.00000E+00
  9.93613E-01  9.96710E-01  9.98430E-01  9.99450E-01  9.99940E-01       9.81460E-01  1.00000E+00
  9.95038E-01  9.97548E-01  9.98858E-01  9.99605E-01  9.99955E-01       9.84720E-01  1.00000E+00
  9.96283E-01  9.98285E-01  9.99210E-01  9.99730E-01  9.99972E-01       9.87090E-01  1.00000E+00
  9.97557E-01  9.98928E-01  9.99522E-01  9.99842E-01  9.99982E-01       9.90410E-01  1.00000E+00
  9.95575E-01  9.97860E-01  9.98995E-01  9.99655E-01  9.99963E-01       9.84850E-01  1.00000E+00
  9.96795E-01  9.98528E-01  9.99330E-01  9.99775E-01  9.99975E-01       9.90090E-01  1.00000E+00
  9.97405E-01  9.98820E-01  9.99472E-01  9.99823E-01  9.99980E-01       9.91690E-01  1.00000E+00
  9.97890E-01  9.99065E-01  9.99585E-01  9.99862E-01  9.99985E-01       9.93000E-01  1.00000E+00
  9.98545E-01  9.99368E-01  9.99725E-01  9.99907E-01  9.99990E-01       9.94130E-01  1.00000E+00
  9.98448E-01  9.99325E-01  9.99697E-01  9.99905E-01  9.99992E-01       9.91600E-01  1.00000E+00
  9.98625E-01  9.99425E-01  9.99750E-01  9.99918E-01  9.99990E-01       9.93470E-01  1.00000E+00
  9.98735E-01  9.99478E-01  9.99775E-01  9.99925E-01  9.99990E-01       9.94360E-01  1.00000E+00
  9.98868E-01  9.99528E-01  9.99797E-01  9.99933E-01  9.99990E-01       9.95060E-01  1.00000E+00
  9.99112E-01  9.99627E-01  9.99840E-01  9.99947E-01  9.99995E-01       9.96270E-01  1.00000E+00


    2.   4.00   74. 183.84  2.00E+02  0.00E+00  5.96E-01  3.67E-01     5   0.00

  4.12450E+01  1.00910E+02  1.37320E+02  1.61130E+02  1.78770E+02       5.01110E-02  1.88090E+02

  5.31630E-01  7.03280E-01  8.11125E-01  8.96460E-01  9.68570E-01       1.15240E-01  1.00000E+00
  4.82395E-01  6.65700E-01  7.85825E-01  8.81860E-01  9.63250E-01       1.02960E-01  1.00000E+00
  4.61480E-01  6.48225E-01  7.73045E-01  8.74005E-01  9.60455E-01       9.16740E-02  1.00000E+00
  4.48575E-01  6.33680E-01  7.60490E-01  8.64920E-01  9.57450E-01       9.13600E-02  1.00000E+00
  3.50555E-01  5.19205E-01  6.50105E-01  7.75525E-01  9.14460E-01       5.65670E-02  1.00000E+00

 -9.49000E-01 -5.87910E-01  4.86638E-04  5.85515E-01  9.52163E-01      -1.00000E+00  1.00000E+00
 -9.52997E-01 -5.90548E-01  4.76238E-03  5.92058E-01  9.51272E-01      -1.00000E+00  1.00000E+00
 -9.52263E-01 -5.97410E-01 -1.38265E-02  5.80580E-01  9.49178E-01      -1.00000E+00  1.00000E+00
 -9.49823E-01 -5.86500E-01  6.72305E-03  5.86287E-01  9.50020E-01      -1.00000E+00  1.00000E+00
 -9.48635E-01 -5.81155E-01  6.89217E-03  5.96712E-01  9.52005E-01      -1.00000E+00  1.00000E+00
 -9.50735E-01 -5.90727E-01 -6.29460E-03  5.91263E-01  9.50932E-01      -1.00000E+00  1.00000E+00
 -9.51330E-01 -5.92295E-01 -3.99580E-03  5.78802E-01  9.51597E-01      -1.00000E+00  1.00000E+00
 -9.50185E-01 -5.79613E-01  9.36250E-03  5.91243E-01  9.50740E-01      -1.00000E+00  1.00000E+00
 -9.51438E-01 -5.87128E-01  4.25250E-04  5.88282E-01  9.48923E-01      -1.00000E+00  1.00000E+00
 -9.49062E-01 -5.89875E-01 -4.97006E-03  5.81245E-01  9.51677E-01      -1.00000E+00  1.00000E+00
 -9.50797E-01 -5.87512E-01  5.17892E-03  5.92498E-01  9.52313E-01      -1.00000E+00  1.00000E+00
 -9.50547E-01 -5.85363E-01  5.50505E-03  5.87568E-01  9.51272E-01      -1.00000E+00  1.00000E+00
 -9.51322E-01 -5.95765E-01 -7.23280E-03  5.86267E-01  9.50733E-01      -1.00000E+00  1.00000E+00
 -9.49718E-01 -5.83133E-01  8.72400E-04  5.88700E-01  9.50993E-01      -1.00000E+00  1.00000E+00
 -9.50745E-01 -5.87150E-01  1.89150E-03  5.83500E-01  9.51855E-01      -1.00000E+00  1.00000E+00
 -9.53237E-01 -5.94263E-01 -7.97307E-03  5.86032E-01  9.52593E-01      -1.00000E+00  1.00000E+00
 -9.50705E-01 -5.84172E-01 -8.19277E-03  5.85552E-01  9.50893E-01      -1.00000E+00  1.00000E+00
 -9.49970E-01 -5.85587E-01  6.85207E-03  5.86410E-01  9.50623E-01      -1.00000E+00  1.00000E+00
 -9.52203E-01 -5.95677E-01 -1.47835E-02  5.83757E-01  9.50510E-01      -1.00000E+00  1.00000E+00
 -9.53315E-01 -5.92183E-01 -4.69883E-03  5.86225E-01  9.50585E-01      -1.00000E+00  1.00000E+00
 -9.50892E-01 -5.92342E-01 -8.58268E-03  5.77222E-01  9.51283E-01      -1.00000E+00  1.00000E+00
 -9.48605E-01 -5.85713E-01 -2.67275E-03  5.92143E-01  9.49310E-01      -1.00000E+00  1.00000E+00
 -9.51133E-01 -5.82930E-01  1.17166E-02  5.94823E-01  9.51180E-01      -1.00000E+00  1.00000E+00
 -9.47020E-01 -5.78750E-01  3.55462E-03  5.83145E-01  9.50468E-01      -1.00000E+00  1.00000E+00
 -9.52242E-01 -5.86635E-01 -4.14520E-03  5.86285E-01  9.49188E-01      -1.00000E+00  1.00000E+00


    2.   4.00   74. 183.84  2.00E+02  3.00E+01  6.34E-01  4.09E-01     5   0.00

  4.66320E+01  1.09300E+02  1.44590E+02  1.66540E+02  1.81680E+02       5.01130E-02  1.92480E+02

  5.27420E-01  6.99790E-01  8.08805E-01  8.95105E-01  9.67515E-01       1.00810E-01  1.00000E+00
  4.76395E-01  6.59285E-01  7.82125E-01  8.79055E-01  9.62380E-01       1.00190E-01  1.00000E+00
  4.54985E-01  6.40730E-01  7.66485E-01  8.69655E-01  9.58915E-01       1.06560E-01  1.00000E+00
  4.33905E-01  6.17935E-01  7.45510E-01  8.55185E-01  9.53555E-01       1.01170E-01  1.00000E+00
  3.19045E-01  4.76915E-01  6.05450E-01  7.32760E-01  8.79020E-01       5.64480E-02  9.99990E-01

 -9.50940E-01 -5.80320E-01  2.17067E-03  5.96322E-01  9.50392E-01      -1.00000E+00  1.00000E+00
 -9.50880E-01 -5.91180E-01 -1.06120E-02  5.80995E-01  9.48422E-01      -1.00000E+00  1.00000E+00
 -9.51958E-01 -5.85773E-01 -1.81043E-03  5.94955E-01  9.52725E-01      -1.00000E+00  1.00000E+00
 -9.50518E-01 -5.85580E-01  4.67323E-03  5.89530E-01  9.49210E-01      -1.00000E+00  1.00000E+00
 -9.50873E-01 -5.98625E-01 -1.00453E-02  5.74887E-01  9.50875E-01      -1.00000E+00  1.00000E+00
 -9.51642E-01 -5.87650E-01 -2.67507E-04  5.92220E-01  9.51470E-01      -1.00000E+00  1.00000E+00
 -9.52675E-01 -5.97962E-01 -2.09533E-02  5.84660E-01  9.49615E-01      -1.00000E+00  1.00000E+00
 -9.52638E-01 -5.92355E-01 -9.06667E-03  5.73908E-01  9.49087E-01      -1.00000E+00  1.00000E+00
 -9.48547E-01 -5.77208E-01  1.19679E-02  5.98040E-01  9.53072E-01      -1.00000E+00  1.00000E+00
 -9.53355E-01 -5.92790E-01 -8.63223E-03  5.80552E-01  9.48250E-01      -1.00000E+00  1.00000E+00
 -9.51438E-01 -5.90060E-01 -1.87377E-03  5.84067E-01  9.49518E-01      -1.00000E+00  1.00000E+00
 -9.50330E-01 -5.88592E-01  2.90412E-03  5.87498E-01  9.52483E-01      -1.00000E+00  1.00000E+00
 -9.51560E-01 -5.85793E-01 -3.04828E-03  5.81718E-01  9.50455E-01      -1.00000E+00  1.00000E+00
 -9.50635E-01 -5.92135E-01  2.78763E-03  5.95760E-01  9.52735E-01      -1.00000E+00  1.00000E+00
 -9.49672E-01 -5.79615E-01  5.95143E-03  5.90130E-01  9.52607E-01      -1.00000E+00  1.00000E+00
 -9.48238E-01 -5.65265E-01  2.99198E-02  6.12323E-01  9.55560E-01      -1.00000E+00  1.00000E+00
 -9.47235E-01 -5.57160E-01  5.94820E-02  6.25563E-01  9.59052E-01      -1.00000E+00  1.00000E+00
 -9.46490E-01 -5.59928E-01  3.41499E-02  6.10680E-01  9.53917E-01      -1.00000E+00  1.00000E+00
 -9.46770E-01 -5.62290E-01  3.15710E-02  6.08675E-01  9.53670E-01      -1.00000E+00  1.00000E+00
 -9.48935E-01 -5.66655E-01  2.67064E-02  6.01555E-01  9.52417E-01      -1.00000E+00  1.00000E+00
 -7.04623E-01 -1.20692E-01  3.95002E-01  7.82210E-01  9.75712E-01      -1.00000E+00  1.00000E+00
 -6.54892E-01 -1.05792E-01  4.08997E-01  7.87508E-01  9.76295E-01      -1.00000E+00  1.00000E+00
 -5.83523E-01 -7.07100E-02  4.12235E-01  7.83170E-01  9.76803E-01      -1.00000E+00  1.00000E+00
 -5.34902E-01 -5.45200E-02  3.93439E-01  7.70025E-01  9.73780E-01      -1.00000E+00  1.00000E+00
 -4.33996E-01 -1.27550E-02  3.92705E-01  7.57293E-01  9.72660E-01      -1.00000E+00  1.00000E+00


    2.   4.00   74. 183.84  2.00E+02  4.50E+01  6.84E-01  4.69E-01     5   0.00

  5.52390E+01  1.21040E+02  1.54240E+02  1.73420E+02  1.85720E+02       5.00910E-02  1.94520E+02

  5.18320E-01  6.94040E-01  8.05370E-01  8.93755E-01  9.67570E-01       1.16490E-01  1.00000E+00
  4.67980E-01  6.52090E-01  7.75945E-01  8.75420E-01  9.60885E-01       9.87600E-02  1.00000E+00
  4.40025E-01  6.25240E-01  7.53500E-01  8.60205E-01  9.55230E-01       8.22020E-02  1.00000E+00
  4.03575E-01  5.83320E-01  7.15125E-01  8.31320E-01  9.44280E-01       9.20020E-02  1.00000E+00
  2.72720E-01  4.18545E-01  5.42480E-01  6.71235E-01  8.20755E-01       5.03600E-02  1.00000E+00

 -9.51217E-01 -5.77840E-01  6.24050E-03  5.92008E-01  9.51863E-01      -1.00000E+00  1.00000E+00
 -9.51210E-01 -5.84937E-01  3.54290E-03  5.86250E-01  9.53383E-01      -1.00000E+00  1.00000E+00
 -9.52433E-01 -5.92295E-01 -8.34750E-03  5.86013E-01  9.50518E-01      -1.00000E+00  1.00000E+00
 -9.50738E-01 -5.88770E-01  8.49545E-03  5.92715E-01  9.51225E-01      -1.00000E+00  1.00000E+00
 -9.51755E-01 -5.92658E-01 -1.44613E-02  5.81198E-01  9.49093E-01      -1.00000E+00  1.00000E+00
 -9.50835E-01 -5.90365E-01  6.08434E-03  5.90175E-01  9.51125E-01      -1.00000E+00  1.00000E+00
 -9.52945E-01 -5.90367E-01 -6.68903E-03  5.86210E-01  9.51480E-01      -1.00000E+00  1.00000E+00
 -9.50570E-01 -5.96842E-01 -1.55921E-02  5.79510E-01  9.50915E-01      -1.00000E+00  1.00000E+00
 -9.54120E-01 -5.97463E-01 -1.38579E-02  5.85775E-01  9.50515E-01      -1.00000E+00  1.00000E+00
 -9.51058E-01 -5.87490E-01 -8.38740E-03  5.86048E-01  9.51000E-01      -1.00000E+00  1.00000E+00
 -9.51145E-01 -5.87512E-01  4.41935E-03  5.93220E-01  9.51237E-01      -1.00000E+00  1.00000E+00
 -9.50330E-01 -5.81740E-01 -4.59275E-04  5.92365E-01  9.52248E-01      -1.00000E+00  1.00000E+00
 -9.47157E-01 -5.85143E-01 -2.20665E-03  5.92375E-01  9.52225E-01      -1.00000E+00  1.00000E+00
 -9.51782E-01 -5.93785E-01 -9.07003E-03  5.85655E-01  9.49643E-01      -1.00000E+00  1.00000E+00
 -9.51252E-01 -5.90040E-01 -2.46542E-03  5.93535E-01  9.53067E-01      -1.00000E+00  1.00000E+00
 -9.49255E-01 -5.49863E-01  9.02000E-02  6.56878E-01  9.61213E-01      -1.00000E+00  1.00000E+00
 -9.48525E-01 -5.18912E-01  1.21428E-01  6.67802E-01  9.62250E-01      -1.00000E+00  1.00000E+00
 -9.53712E-01 -5.33570E-01  1.04928E-01  6.62400E-01  9.63320E-01      -1.00000E+00  1.00000E+00
 -9.45660E-01 -5.25763E-01  1.10666E-01  6.58095E-01  9.61307E-01      -1.00000E+00  1.00000E+00
 -9.48065E-01 -5.52458E-01  6.18557E-02  6.29897E-01  9.56318E-01      -1.00000E+00  1.00000E+00
 -1.77237E-01  2.57197E-01  5.76770E-01  8.50077E-01  9.83818E-01      -1.00000E+00  1.00000E+00
 -1.19880E-01  3.44517E-01  6.61947E-01  8.84510E-01  9.87847E-01      -1.00000E+00  1.00000E+00
 -5.48650E-02  3.99737E-01  6.87172E-01  8.88170E-01  9.88140E-01      -9.98330E-01  1.00000E+00
 -3.78400E-02  4.21027E-01  6.88975E-01  8.78383E-01  9.86572E-01      -1.00000E+00  1.00000E+00
 -7.86550E-02  3.89700E-01  7.01850E-01  8.92890E-01  9.88263E-01      -1.00000E+00  1.00000E+00


    2.   4.00   74. 183.84  2.00E+02  6.00E+01  7.62E-01  5.74E-01     5   0.00

  7.37380E+01  1.42340E+02  1.70090E+02  1.83030E+02  1.91110E+02       5.00230E-02  1.96510E+02

  5.05705E-01  6.83160E-01  7.97470E-01  8.89005E-01  9.65820E-01       1.04500E-01  1.00000E+00
  4.48440E-01  6.32075E-01  7.59255E-01  8.63750E-01  9.57010E-01       9.88680E-02  1.00000E+00
  3.91400E-01  5.67670E-01  7.00985E-01  8.22355E-01  9.40305E-01       7.56450E-02  1.00000E+00
  3.27195E-01  4.94800E-01  6.37590E-01  7.81080E-01  9.25970E-01       6.57780E-02  9.99990E-01
  2.08150E-01  3.12835E-01  4.08555E-01  5.14930E-01  6.49200E-01       4.28910E-02  9.70270E-01

 -9.50905E-01 -5.91470E-01 -8.98859E-03  5.86037E-01  9.51398E-01      -1.00000E+00  1.00000E+00
 -9.50530E-01 -5.83148E-01  1.61839E-02  6.01058E-01  9.52402E-01      -1.00000E+00  1.00000E+00
 -9.52885E-01 -5.90845E-01 -4.93425E-04  5.89333E-01  9.51145E-01      -1.00000E+00  1.00000E+00
 -9.51855E-01 -5.89660E-01 -5.72250E-03  5.84145E-01  9.50220E-01      -1.00000E+00  1.00000E+00
 -9.50478E-01 -5.92467E-01 -6.24681E-03  5.77100E-01  9.49338E-01      -1.00000E+00  1.00000E+00
 -9.51013E-01 -5.88495E-01  7.77170E-03  5.86110E-01  9.50628E-01      -1.00000E+00  1.00000E+00
 -9.50873E-01 -5.84488E-01  4.98997E-03  5.94545E-01  9.53363E-01      -1.00000E+00  1.00000E+00
 -9.51442E-01 -5.91280E-01  1.38154E-03  5.87182E-01  9.52945E-01      -1.00000E+00  1.00000E+00
 -9.51335E-01 -5.88723E-01  5.81173E-03  5.90677E-01  9.51078E-01      -1.00000E+00  1.00000E+00
 -9.49677E-01 -5.85805E-01  6.98952E-03  5.93843E-01  9.53727E-01      -1.00000E+00  1.00000E+00
 -9.58703E-01 -6.22090E-01 -1.50100E-02  5.96437E-01  9.53070E-01      -1.00000E+00  1.00000E+00
 -9.50857E-01 -5.57250E-01  6.64891E-02  6.36668E-01  9.59523E-01      -1.00000E+00  1.00000E+00
 -9.47663E-01 -5.34500E-01  8.31487E-02  6.40790E-01  9.58190E-01      -1.00000E+00  1.00000E+00
 -9.47337E-01 -5.50535E-01  6.35638E-02  6.37653E-01  9.58670E-01      -1.00000E+00  1.00000E+00
 -9.45267E-01 -5.56762E-01  4.16388E-02  6.10345E-01  9.54410E-01      -1.00000E+00  1.00000E+00
 -5.42272E-01 -1.31398E-01  3.68494E-01  7.75587E-01  9.76372E-01      -1.00000E+00  1.00000E+00
 -4.85442E-01 -5.61750E-03  4.96005E-01  8.28913E-01  9.81910E-01      -1.00000E+00  1.00000E+00
 -4.76766E-01 -2.63125E-02  4.74780E-01  8.13688E-01  9.79705E-01      -1.00000E+00  1.00000E+00
 -4.81479E-01 -6.52750E-02  4.01070E-01  7.82493E-01  9.75475E-01      -1.00000E+00  1.00000E+00
 -5.58763E-01 -1.24455E-01  3.21994E-01  7.35603E-01  9.69853E-01      -1.00000E+00  1.00000E+00
  5.53895E-01  7.64717E-01  8.99142E-01  9.68673E-01  9.96868E-01      -2.04380E-01  1.00000E+00
  5.80062E-01  7.76410E-01  9.01543E-01  9.67638E-01  9.96682E-01      -2.13960E-01  1.00000E+00
  5.95262E-01  7.82423E-01  8.92807E-01  9.64298E-01  9.96070E-01      -1.58430E-01  1.00000E+00
  6.40590E-01  8.13450E-01  9.05678E-01  9.65300E-01  9.96158E-01      -5.67940E-02  1.00000E+00
  7.42700E-01  8.73820E-01  9.42130E-01  9.80868E-01  9.97922E-01       3.68800E-02  1.00000E+00


    2.   4.00   74. 183.84  2.00E+02  7.00E+01  8.44E-01  6.99E-01     5   0.00

  1.03890E+02  1.67480E+02  1.83790E+02  1.90320E+02  1.94880E+02       5.00360E-02  1.97700E+02

  4.84970E-01  6.66140E-01  7.85245E-01  8.80425E-01  9.62900E-01       8.58060E-02  1.00000E+00
  3.78595E-01  5.53955E-01  6.89545E-01  8.14555E-01  9.37605E-01       7.34570E-02  1.00000E+00
  3.00220E-01  4.62845E-01  6.11060E-01  7.66390E-01  9.25790E-01       6.87730E-02  1.00000E+00
  2.39805E-01  3.59075E-01  4.75015E-01  6.11540E-01  7.67210E-01       6.81580E-02  9.88820E-01
  1.54755E-01  2.23180E-01  2.87355E-01  3.54835E-01  4.45145E-01       2.99680E-02  7.41970E-01

 -9.51758E-01 -5.87205E-01 -7.79280E-03  5.80017E-01  9.50383E-01      -1.00000E+00  1.00000E+00
 -9.52697E-01 -5.95785E-01 -4.46163E-03  5.87045E-01  9.49938E-01      -1.00000E+00  1.00000E+00
 -9.50348E-01 -5.88952E-01 -9.92510E-03  5.84585E-01  9.51415E-01      -1.00000E+00  1.00000E+00
 -9.50742E-01 -5.83420E-01  9.64870E-04  5.88315E-01  9.50368E-01      -1.00000E+00  1.00000E+00
 -9.51230E-01 -5.86897E-01 -2.13660E-03  5.87853E-01  9.52210E-01      -1.00000E+00  1.00000E+00
 -9.65340E-01 -6.73845E-01 -1.22540E-01  5.26687E-01  9.45562E-01      -1.00000E+00  1.00000E+00
 -9.55572E-01 -5.99745E-01  1.32741E-02  6.03703E-01  9.53490E-01      -1.00000E+00  1.00000E+00
 -9.51530E-01 -5.65260E-01  4.81313E-02  6.21920E-01  9.55555E-01      -1.00000E+00  1.00000E+00
 -9.46230E-01 -5.50135E-01  5.58498E-02  6.25827E-01  9.57288E-01      -1.00000E+00  1.00000E+00
 -9.47773E-01 -5.67697E-01  2.98371E-02  6.07093E-01  9.54178E-01      -1.00000E+00  1.00000E+00
 -4.84725E-01 -4.51350E-02  4.12067E-01  7.90585E-01  9.76948E-01      -1.00000E+00  1.00000E+00
 -4.59222E-01  1.21250E-03  4.80755E-01  8.23785E-01  9.81048E-01      -1.00000E+00  1.00000E+00
 -4.72672E-01 -5.38250E-02  4.33922E-01  8.00913E-01  9.78423E-01      -1.00000E+00  1.00000E+00
 -5.07533E-01 -1.35555E-01  3.20703E-01  7.46757E-01  9.72150E-01      -1.00000E+00  1.00000E+00
 -6.49075E-01 -2.31375E-01  2.12593E-01  6.81505E-01  9.62522E-01      -1.00000E+00  1.00000E+00
  4.26165E-01  7.42067E-01  9.00875E-01  9.70093E-01  9.96977E-01      -1.79170E-01  1.00000E+00
  4.52885E-01  7.23355E-01  8.86252E-01  9.64438E-01  9.96305E-01      -2.24100E-01  1.00000E+00
  4.72830E-01  6.89435E-01  8.63195E-01  9.56218E-01  9.95340E-01      -1.48660E-01  1.00000E+00
  5.34517E-01  7.03758E-01  8.40225E-01  9.43405E-01  9.94150E-01      -8.90940E-02  1.00000E+00
  6.81473E-01  8.27405E-01  9.10415E-01  9.66575E-01  9.96325E-01      -2.44550E-02  1.00000E+00
  8.37577E-01  9.12075E-01  9.65520E-01  9.89422E-01  9.98937E-01       4.92040E-01  1.00000E+00
  8.43908E-01  9.17813E-01  9.61050E-01  9.88245E-01  9.98762E-01       5.31500E-01  1.00000E+00
  8.55710E-01  9.25570E-01  9.60350E-01  9.85000E-01  9.98312E-01       5.65750E-01  1.00000E+00
  8.80725E-01  9.43697E-01  9.73968E-01  9.90833E-01  9.98930E-01       5.78610E-01  1.00000E+00
  9.17935E-01  9.61420E-01  9.82607E-01  9.94075E-01  9.99382E-01       6.64490E-01  1.00000E+00


    2.   4.00   74. 183.84  2.00E+02  8.00E+01  9.68E-01  9.14E-01     5   0.00

  1.80750E+02  1.91630E+02  1.95150E+02  1.96900E+02  1.97870E+02       5.04720E-02  1.98800E+02

  3.04085E-01  4.84105E-01  6.45675E-01  8.01860E-01  9.42110E-01       7.16720E-02  1.00000E+00
  2.12525E-01  3.25580E-01  4.52990E-01  6.13645E-01  7.85885E-01       5.92030E-02  9.90310E-01
  1.88815E-01  2.78515E-01  3.63275E-01  4.51520E-01  5.34435E-01       5.02990E-02  7.38820E-01
  1.50660E-01  2.00685E-01  2.40110E-01  2.77935E-01  3.21370E-01       4.83600E-02  4.61310E-01
  8.64385E-02  1.10215E-01  1.28970E-01  1.48530E-01  1.76105E-01       1.97940E-02  2.69790E-01

 -6.27683E-01 -3.03177E-01  1.05090E-01  5.68693E-01  9.40908E-01      -1.00000E+00  1.00000E+00
 -6.54860E-01 -2.95777E-01  1.82603E-01  6.66370E-01  9.60260E-01      -1.00000E+00  1.00000E+00
 -7.26865E-01 -3.24279E-01  1.43087E-01  6.51578E-01  9.60638E-01      -1.00000E+00  1.00000E+00
 -8.48212E-01 -3.85174E-01  9.34748E-02  5.99147E-01  9.54037E-01      -1.00000E+00  1.00000E+00
 -9.17450E-01 -4.51535E-01  1.02933E-01  5.98600E-01  9.48790E-01      -1.00000E+00  1.00000E+00
  5.62242E-01  8.58350E-01  9.53095E-01  9.87083E-01  9.98690E-01      -7.63680E-02  1.00000E+00
  5.37350E-01  7.94650E-01  9.27492E-01  9.78740E-01  9.97770E-01      -9.12390E-02  1.00000E+00
  5.23288E-01  7.11200E-01  8.76975E-01  9.63143E-01  9.96247E-01      -7.86120E-02  1.00000E+00
  5.62793E-01  7.11315E-01  8.29653E-01  9.38890E-01  9.93517E-01       5.07550E-03  1.00000E+00
  6.99040E-01  8.34230E-01  9.11005E-01  9.63760E-01  9.95533E-01       1.36810E-01  1.00000E+00
  8.19005E-01  9.11475E-01  9.67167E-01  9.90797E-01  9.99095E-01       5.89020E-01  1.00000E+00
  8.31630E-01  8.99877E-01  9.55928E-01  9.86303E-01  9.98602E-01       5.93170E-01  1.00000E+00
  8.50567E-01  9.02703E-01  9.45315E-01  9.80530E-01  9.97950E-01       6.24000E-01  1.00000E+00
  8.87555E-01  9.34003E-01  9.60080E-01  9.82142E-01  9.97780E-01       6.85780E-01  1.00000E+00
  9.36632E-01  9.69193E-01  9.85928E-01  9.95285E-01  9.99470E-01       7.57530E-01  1.00000E+00
  9.36098E-01  9.60170E-01  9.78498E-01  9.92123E-01  9.99115E-01       8.37930E-01  1.00000E+00
  9.48645E-01  9.69402E-01  9.84387E-01  9.94317E-01  9.99390E-01       8.64250E-01  1.00000E+00
  9.58380E-01  9.76055E-01  9.87405E-01  9.95427E-01  9.99478E-01       8.87420E-01  1.00000E+00
  9.69075E-01  9.84063E-01  9.91835E-01  9.96925E-01  9.99643E-01       9.05310E-01  1.00000E+00
  9.80973E-01  9.91187E-01  9.96058E-01  9.98670E-01  9.99857E-01       9.27350E-01  1.00000E+00
  9.83615E-01  9.91627E-01  9.95840E-01  9.98470E-01  9.99832E-01       9.40060E-01  1.00000E+00
  9.85650E-01  9.93188E-01  9.96880E-01  9.98922E-01  9.99880E-01       9.50570E-01  1.00000E+00
  9.87260E-01  9.94090E-01  9.97305E-01  9.99100E-01  9.99908E-01       9.55370E-01  1.00000E+00
  9.89038E-01  9.95080E-01  9.97765E-01  9.99245E-01  9.99918E-01       9.63460E-01  1.00000E+00
  9.92212E-01  9.96518E-01  9.98465E-01  9.99487E-01  9.99945E-01       9.71730E-01  1.00000E+00


    2.   4.00   74. 183.84  2.00E+02  8.50E+01  1.00E+00  9.89E-01     5   0.00

  1.96510E+02  1.97900E+02  1.98360E+02  1.98650E+02  1.98910E+02       6.65240E-02  1.99360E+02

  2.32580E-01  3.37360E-01  3.98210E-01  4.66530E-01  5.89730E-01       6.13990E-02  9.99970E-01
  1.45745E-01  1.80860E-01  2.04665E-01  2.26465E-01  2.53425E-01       4.98220E-02  3.36520E-01
  1.03794E-01  1.24250E-01  1.38875E-01  1.53320E-01  1.72575E-01       3.71260E-02  2.28660E-01
  7.58740E-02  8.86675E-02  9.84260E-02  1.08621E-01  1.23230E-01       3.02290E-02  1.71280E-01
  4.66315E-02  5.57420E-02  6.26080E-02  6.99070E-02  8.08860E-02       1.17800E-02  1.23880E-01

  8.21162E-01  9.21797E-01  9.54955E-01  9.82862E-01  9.98158E-01      -1.00000E+00  1.00000E+00
  8.60795E-01  9.44822E-01  9.68695E-01  9.83672E-01  9.97383E-01      -1.00000E+00  1.00000E+00
  8.84200E-01  9.63950E-01  9.85045E-01  9.94935E-01  9.99435E-01      -1.00000E+00  1.00000E+00
  8.08318E-01  9.47305E-01  9.79812E-01  9.93653E-01  9.99330E-01      -1.00000E+00  1.00000E+00
  4.37877E-01  8.17943E-01  9.33837E-01  9.80518E-01  9.98025E-01      -1.00000E+00  1.00000E+00
  9.75505E-01  9.85548E-01  9.92030E-01  9.96830E-01  9.99615E-01       9.33740E-01  1.00000E+00
  9.81928E-01  9.90322E-01  9.95167E-01  9.98237E-01  9.99805E-01       9.48850E-01  1.00000E+00
  9.85662E-01  9.92740E-01  9.96545E-01  9.98768E-01  9.99862E-01       9.56080E-01  1.00000E+00
  9.88942E-01  9.94793E-01  9.97560E-01  9.99167E-01  9.99908E-01       9.62590E-01  1.00000E+00
  9.92750E-01  9.96753E-01  9.98562E-01  9.99525E-01  9.99950E-01       9.71980E-01  1.00000E+00
  9.89695E-01  9.94735E-01  9.97398E-01  9.99048E-01  9.99892E-01       9.69160E-01  1.00000E+00
  9.92145E-01  9.96302E-01  9.98295E-01  9.99415E-01  9.99938E-01       9.75180E-01  1.00000E+00
  9.93490E-01  9.97042E-01  9.98680E-01  9.99550E-01  9.99953E-01       9.77330E-01  1.00000E+00
  9.94623E-01  9.97567E-01  9.98925E-01  9.99642E-01  9.99963E-01       9.81670E-01  1.00000E+00
  9.96280E-01  9.98375E-01  9.99280E-01  9.99758E-01  9.99972E-01       9.84300E-01  1.00000E+00
  9.95252E-01  9.97842E-01  9.99030E-01  9.99672E-01  9.99965E-01       9.80770E-01  1.00000E+00
  9.96210E-01  9.98337E-01  9.99272E-01  9.99758E-01  9.99975E-01       9.84510E-01  1.00000E+00
  9.96662E-01  9.98572E-01  9.99367E-01  9.99790E-01  9.99975E-01       9.86160E-01  1.00000E+00
  9.97067E-01  9.98753E-01  9.99460E-01  9.99823E-01  9.99980E-01       9.88090E-01  1.00000E+00
  9.97718E-01  9.99043E-01  9.99588E-01  9.99865E-01  9.99988E-01       9.89400E-01  1.00000E+00
  9.98382E-01  9.99340E-01  9.99717E-01  9.99908E-01  9.99992E-01       9.89670E-01  1.00000E+00
  9.98428E-01  9.99362E-01  9.99730E-01  9.99910E-01  9.99990E-01       9.91530E-01  1.00000E+00
  9.98483E-01  9.99385E-01  9.99740E-01  9.99915E-01  9.99990E-01       9.91630E-01  1.00000E+00
  9.98537E-01  9.99408E-01  9.99750E-01  9.99918E-01  9.99990E-01       9.91670E-01  1.00000E+00
  9.98733E-01  9.99482E-01  9.99775E-01  9.99927E-01  9.99990E-01       9.93680E-01  1.00000E+00


    2.   4.00   74. 183.84  5.00E+02  0.00E+00  5.49E-01  3.25E-01     5   0.00

  9.47470E+01  2.35380E+02  3.25960E+02  3.89640E+02  4.40470E+02       5.00110E-02  4.70800E+02

  5.02195E-01  6.83045E-01  7.98960E-01  8.89785E-01  9.65735E-01       9.77900E-02  1.00000E+00
  4.50470E-01  6.44735E-01  7.71995E-01  8.73300E-01  9.60465E-01       9.90790E-02  1.00000E+00
  4.33395E-01  6.29995E-01  7.61600E-01  8.67025E-01  9.58290E-01       8.76010E-02  1.00000E+00
  4.18615E-01  6.13855E-01  7.47340E-01  8.57365E-01  9.55260E-01       7.60510E-02  1.00000E+00
  3.34630E-01  5.15260E-01  6.54140E-01  7.85720E-01  9.24675E-01       4.85890E-02  1.00000E+00

 -9.52178E-01 -6.00495E-01 -1.53054E-02  5.78050E-01  9.50190E-01      -1.00000E+00  1.00000E+00
 -9.51425E-01 -5.89712E-01  1.91344E-02  5.93365E-01  9.53905E-01      -1.00000E+00  1.00000E+00
 -9.50827E-01 -5.85220E-01  4.37850E-04  5.89298E-01  9.51192E-01      -1.00000E+00  1.00000E+00
 -9.51970E-01 -5.92015E-01 -7.49210E-03  5.86100E-01  9.50410E-01      -1.00000E+00  1.00000E+00
 -9.50955E-01 -5.91882E-01  4.38330E-03  5.95718E-01  9.50455E-01      -1.00000E+00  1.00000E+00
 -9.48897E-01 -5.83605E-01  1.02340E-02  5.94702E-01  9.52105E-01      -1.00000E+00  1.00000E+00
 -9.51770E-01 -5.96285E-01 -6.70818E-03  5.89310E-01  9.50210E-01      -1.00000E+00  1.00000E+00
 -9.53698E-01 -5.92320E-01  1.31425E-03  5.94045E-01  9.50773E-01      -1.00000E+00  1.00000E+00
 -9.54102E-01 -5.99932E-01 -1.76000E-02  5.78570E-01  9.49265E-01      -1.00000E+00  1.00000E+00
 -9.51370E-01 -5.89545E-01  5.92275E-03  5.94712E-01  9.51828E-01      -1.00000E+00  1.00000E+00
 -9.50348E-01 -5.87803E-01  1.03771E-02  5.86785E-01  9.51740E-01      -1.00000E+00  1.00000E+00
 -9.50268E-01 -5.82875E-01  6.25525E-03  5.89020E-01  9.51035E-01      -1.00000E+00  1.00000E+00
 -9.52427E-01 -5.92725E-01  4.05973E-03  5.96390E-01  9.54148E-01      -1.00000E+00  1.00000E+00
 -9.50405E-01 -5.82725E-01 -2.04485E-03  5.82620E-01  9.50407E-01      -1.00000E+00  1.00000E+00
 -9.52160E-01 -5.92118E-01 -1.19210E-02  5.86662E-01  9.50128E-01      -1.00000E+00  1.00000E+00
 -9.51963E-01 -5.89950E-01  4.22407E-03  5.85400E-01  9.49932E-01      -1.00000E+00  1.00000E+00
 -9.47040E-01 -5.79902E-01  8.84395E-03  5.86392E-01  9.50320E-01      -1.00000E+00  1.00000E+00
 -9.50260E-01 -5.75565E-01  8.70045E-03  5.95320E-01  9.52440E-01      -1.00000E+00  1.00000E+00
 -9.51935E-01 -5.90372E-01 -9.32508E-03  5.79205E-01  9.48150E-01      -1.00000E+00  1.00000E+00
 -9.49415E-01 -5.84533E-01 -6.53962E-03  5.86415E-01  9.50418E-01      -1.00000E+00  1.00000E+00
 -9.50788E-01 -5.93268E-01 -7.82872E-03  5.86492E-01  9.51745E-01      -1.00000E+00  1.00000E+00
 -9.51947E-01 -5.87120E-01  3.75025E-03  5.87662E-01  9.52263E-01      -1.00000E+00  1.00000E+00
 -9.52915E-01 -5.93990E-01  4.68288E-03  5.96370E-01  9.51488E-01      -1.00000E+00  1.00000E+00
 -9.49612E-01 -5.77595E-01 -1.05662E-03  5.85785E-01  9.49893E-01      -1.00000E+00  1.00000E+00
 -9.47427E-01 -5.75905E-01  1.43280E-02  5.84733E-01  9.49100E-01      -1.00000E+00  1.00000E+00


    2.   4.00   74. 183.84  5.00E+02  3.00E+01  5.88E-01  3.64E-01     5   0.00

  1.06070E+02  2.53730E+02  3.43020E+02  4.02910E+02  4.48850E+02       5.01720E-02  4.81750E+02

  4.96095E-01  6.77695E-01  7.95260E-01  8.87885E-01  9.65530E-01       9.50740E-02  1.00000E+00
  4.47895E-01  6.40895E-01  7.69050E-01  8.72100E-01  9.60360E-01       8.64340E-02  1.00000E+00
  4.24775E-01  6.21180E-01  7.53815E-01  8.62645E-01  9.56220E-01       8.65010E-02  1.00000E+00
  4.07380E-01  5.98755E-01  7.34735E-01  8.48050E-01  9.51400E-01       7.14280E-02  1.00000E+00
  3.10175E-01  4.78985E-01  6.16215E-01  7.51350E-01  9.02970E-01       3.98040E-02  9.99990E-01

 -9.49738E-01 -5.87510E-01  3.75655E-03  5.87483E-01  9.50060E-01      -1.00000E+00  1.00000E+00
 -9.50928E-01 -5.87345E-01  4.98610E-03  5.86490E-01  9.51610E-01      -1.00000E+00  1.00000E+00
 -9.52085E-01 -5.87995E-01 -9.64175E-04  5.83058E-01  9.50875E-01      -1.00000E+00  1.00000E+00
 -9.49820E-01 -5.86880E-01  9.06453E-03  5.94140E-01  9.52600E-01      -1.00000E+00  1.00000E+00
 -9.48267E-01 -5.72670E-01  5.07982E-03  5.84285E-01  9.51618E-01      -1.00000E+00  1.00000E+00
 -9.52688E-01 -5.84850E-01  8.97182E-03  5.87290E-01  9.50577E-01      -1.00000E+00  1.00000E+00
 -9.52275E-01 -5.95583E-01 -1.27825E-02  5.82500E-01  9.50385E-01      -1.00000E+00  1.00000E+00
 -9.50792E-01 -5.92960E-01 -1.49498E-02  5.69522E-01  9.48192E-01      -1.00000E+00  1.00000E+00
 -9.50918E-01 -5.95420E-01 -7.95590E-03  5.86975E-01  9.48680E-01      -1.00000E+00  1.00000E+00
 -9.50805E-01 -5.84723E-01  9.30195E-03  5.96205E-01  9.52083E-01      -1.00000E+00  1.00000E+00
 -9.48708E-01 -5.79480E-01  1.25355E-02  5.98535E-01  9.52433E-01      -1.00000E+00  1.00000E+00
 -9.50222E-01 -5.81530E-01 -1.74025E-03  5.86292E-01  9.49850E-01      -1.00000E+00  1.00000E+00
 -9.52665E-01 -5.88523E-01  2.55055E-03  5.86083E-01  9.49900E-01      -1.00000E+00  1.00000E+00
 -9.52192E-01 -5.79715E-01  1.03425E-02  5.96798E-01  9.51435E-01      -1.00000E+00  1.00000E+00
 -9.54395E-01 -5.92555E-01  3.98462E-03  5.85790E-01  9.50893E-01      -1.00000E+00  1.00000E+00
 -9.43255E-01 -5.24123E-01  9.04942E-02  6.43528E-01  9.58310E-01      -1.00000E+00  1.00000E+00
 -9.47372E-01 -5.42090E-01  6.83462E-02  6.27773E-01  9.56387E-01      -1.00000E+00  1.00000E+00
 -9.44613E-01 -5.46485E-01  7.05905E-02  6.26675E-01  9.55348E-01      -1.00000E+00  1.00000E+00
 -9.47260E-01 -5.52800E-01  5.81357E-02  6.25468E-01  9.57392E-01      -1.00000E+00  1.00000E+00
 -9.49673E-01 -5.72825E-01  2.66995E-02  6.08015E-01  9.55512E-01      -1.00000E+00  1.00000E+00
 -7.66323E-01 -7.96900E-02  4.56985E-01  8.08880E-01  9.79047E-01      -1.00000E+00  1.00000E+00
 -7.53175E-01 -7.95475E-02  4.49720E-01  8.03400E-01  9.79050E-01      -1.00000E+00  1.00000E+00
 -7.42432E-01 -8.81525E-02  4.35435E-01  7.99673E-01  9.78085E-01      -1.00000E+00  1.00000E+00
 -7.55760E-01 -1.23595E-01  4.10835E-01  7.86432E-01  9.76988E-01      -1.00000E+00  1.00000E+00
 -8.47075E-01 -2.53285E-01  3.06382E-01  7.39757E-01  9.69628E-01      -1.00000E+00  1.00000E+00


    2.   4.00   74. 183.84  5.00E+02  4.50E+01  6.37E-01  4.17E-01     5   0.00

  1.23220E+02  2.79310E+02  3.65760E+02  4.19980E+02  4.58280E+02       5.00150E-02  4.86850E+02

  4.90110E-01  6.74185E-01  7.92030E-01  8.86010E-01  9.65090E-01       1.01510E-01  1.00000E+00
  4.37445E-01  6.33595E-01  7.63855E-01  8.69085E-01  9.58935E-01       7.64830E-02  1.00000E+00
  4.14725E-01  6.09225E-01  7.43195E-01  8.54900E-01  9.54090E-01       7.15920E-02  1.00000E+00
  3.85650E-01  5.71155E-01  7.09440E-01  8.29880E-01  9.43870E-01       6.84200E-02  9.99990E-01
  2.71370E-01  4.26990E-01  5.60605E-01  6.98645E-01  8.62720E-01       3.90330E-02  1.00000E+00

 -9.50520E-01 -5.83865E-01  3.60906E-03  5.84863E-01  9.49175E-01      -1.00000E+00  1.00000E+00
 -9.51242E-01 -5.88517E-01  4.68068E-03  5.87673E-01  9.49523E-01      -1.00000E+00  1.00000E+00
 -9.50370E-01 -5.90303E-01 -8.34575E-04  5.88600E-01  9.48740E-01      -1.00000E+00  1.00000E+00
 -9.50575E-01 -5.87533E-01  2.34100E-03  5.86775E-01  9.51420E-01      -1.00000E+00  1.00000E+00
 -9.50988E-01 -5.91390E-01  4.55525E-04  5.94895E-01  9.52065E-01      -1.00000E+00  1.00000E+00
 -9.51523E-01 -5.88590E-01 -1.53225E-04  5.82905E-01  9.50920E-01      -1.00000E+00  1.00000E+00
 -9.50383E-01 -5.81788E-01  1.03018E-02  5.92150E-01  9.53920E-01      -1.00000E+00  1.00000E+00
 -9.49657E-01 -5.84753E-01  8.58095E-03  5.94523E-01  9.52403E-01      -1.00000E+00  1.00000E+00
 -9.52808E-01 -5.91945E-01 -4.25970E-03  5.85878E-01  9.49462E-01      -1.00000E+00  1.00000E+00
 -9.49780E-01 -5.90155E-01  6.54425E-03  5.90082E-01  9.50575E-01      -1.00000E+00  1.00000E+00
 -9.49245E-01 -5.68068E-01  2.97121E-02  6.07965E-01  9.56375E-01      -1.00000E+00  1.00000E+00
 -9.49735E-01 -5.70532E-01  2.47435E-02  6.06997E-01  9.51897E-01      -1.00000E+00  1.00000E+00
 -9.46950E-01 -5.73347E-01  2.35830E-02  6.04620E-01  9.52895E-01      -1.00000E+00  1.00000E+00
 -9.49723E-01 -5.77337E-01  1.77007E-02  5.98805E-01  9.54383E-01      -1.00000E+00  1.00000E+00
 -9.48732E-01 -5.74663E-01  1.28211E-02  5.97803E-01  9.54785E-01      -1.00000E+00  1.00000E+00
 -9.31170E-01 -4.59032E-01  1.94412E-01  7.05568E-01  9.68848E-01      -1.00000E+00  1.00000E+00
 -9.25575E-01 -4.47920E-01  1.93313E-01  7.00703E-01  9.66367E-01      -1.00000E+00  1.00000E+00
 -9.33625E-01 -4.71557E-01  1.67784E-01  6.86277E-01  9.65368E-01      -1.00000E+00  1.00000E+00
 -9.37833E-01 -4.87082E-01  1.34575E-01  6.69820E-01  9.62708E-01      -1.00000E+00  1.00000E+00
 -9.40303E-01 -5.28972E-01  7.25360E-02  6.33310E-01  9.58660E-01      -1.00000E+00  1.00000E+00
 -3.53310E-01  1.60617E-01  5.96468E-01  8.67330E-01  9.86295E-01      -1.00000E+00  1.00000E+00
 -3.29215E-01  2.43875E-01  6.53135E-01  8.83393E-01  9.86833E-01      -1.00000E+00  1.00000E+00
 -3.31485E-01  2.14938E-01  6.22905E-01  8.69017E-01  9.85453E-01      -1.00000E+00  1.00000E+00
 -3.38085E-01  1.81420E-01  5.89465E-01  8.62038E-01  9.85272E-01      -1.00000E+00  1.00000E+00
 -3.39417E-01  1.12320E-01  5.07658E-01  8.17867E-01  9.80032E-01      -1.00000E+00  1.00000E+00


    2.   4.00   74. 183.84  5.00E+02  6.00E+01  7.10E-01  5.07E-01     5   0.00

  1.56430E+02  3.23750E+02  4.02060E+02  4.45210E+02  4.73170E+02       5.01100E-02  4.91000E+02

  4.78255E-01  6.65180E-01  7.86655E-01  8.82850E-01  9.63430E-01       7.91510E-02  1.00000E+00
  4.24315E-01  6.19430E-01  7.52335E-01  8.60955E-01  9.56090E-01       7.55140E-02  1.00000E+00
  3.82850E-01  5.70660E-01  7.08880E-01  8.31185E-01  9.44725E-01       7.71850E-02  1.00000E+00
  3.26365E-01  4.99890E-01  6.42700E-01  7.82055E-01  9.25290E-01       5.34400E-02  1.00000E+00
  2.11555E-01  3.34270E-01  4.49865E-01  5.78540E-01  7.46670E-01       3.99320E-02  9.99980E-01

 -9.49495E-01 -5.85410E-01 -1.48110E-03  5.86725E-01  9.52160E-01      -1.00000E+00  1.00000E+00
 -9.52280E-01 -5.93423E-01  2.68304E-03  5.87185E-01  9.49932E-01      -1.00000E+00  1.00000E+00
 -9.50932E-01 -5.86475E-01  2.01560E-03  5.87173E-01  9.52595E-01      -1.00000E+00  1.00000E+00
 -9.50505E-01 -5.85660E-01  1.21135E-02  5.91688E-01  9.51455E-01      -1.00000E+00  1.00000E+00
 -9.52048E-01 -5.86623E-01 -1.44300E-03  5.85235E-01  9.48935E-01      -1.00000E+00  1.00000E+00
 -9.49248E-01 -5.85422E-01 -1.76075E-03  5.91565E-01  9.50275E-01      -1.00000E+00  1.00000E+00
 -9.49040E-01 -5.79722E-01  5.18699E-03  5.89122E-01  9.50905E-01      -1.00000E+00  1.00000E+00
 -9.51900E-01 -5.91112E-01  1.70523E-03  5.88345E-01  9.51455E-01      -1.00000E+00  1.00000E+00
 -9.49505E-01 -5.79785E-01  9.57770E-03  5.91040E-01  9.50450E-01      -1.00000E+00  1.00000E+00
 -9.49660E-01 -5.80765E-01  1.18081E-02  5.91245E-01  9.49993E-01      -1.00000E+00  1.00000E+00
 -9.39098E-01 -5.11935E-01  1.17515E-01  6.64942E-01  9.61248E-01      -1.00000E+00  1.00000E+00
 -9.37572E-01 -5.00320E-01  1.18684E-01  6.55140E-01  9.59780E-01      -1.00000E+00  1.00000E+00
 -9.39875E-01 -5.08412E-01  1.06233E-01  6.49962E-01  9.61032E-01      -1.00000E+00  1.00000E+00
 -9.43500E-01 -5.34775E-01  8.51453E-02  6.40655E-01  9.59873E-01      -1.00000E+00  1.00000E+00
 -9.46610E-01 -5.59385E-01  5.18567E-02  6.18583E-01  9.55537E-01      -1.00000E+00  1.00000E+00
 -8.55142E-01 -2.47321E-01  4.07415E-01  8.02010E-01  9.79063E-01      -1.00000E+00  1.00000E+00
 -8.15782E-01 -1.38151E-01  4.60118E-01  8.17442E-01  9.80593E-01      -1.00000E+00  1.00000E+00
 -8.20210E-01 -1.82489E-01  4.26620E-01  8.07920E-01  9.79058E-01      -1.00000E+00  1.00000E+00
 -8.52893E-01 -2.55120E-01  3.65347E-01  7.76687E-01  9.75993E-01      -1.00000E+00  1.00000E+00
 -9.24617E-01 -4.61100E-01  1.67978E-01  6.95870E-01  9.65367E-01      -1.00000E+00  1.00000E+00
  3.47170E-01  6.71758E-01  8.59110E-01  9.55682E-01  9.95368E-01      -6.39710E-01  1.00000E+00
  3.67803E-01  6.84782E-01  8.63617E-01  9.56442E-01  9.95448E-01      -7.31930E-01  1.00000E+00
  3.68451E-01  6.75665E-01  8.51285E-01  9.50875E-01  9.94645E-01      -6.78730E-01  1.00000E+00
  3.90487E-01  6.83900E-01  8.44105E-01  9.45438E-01  9.93875E-01      -6.75680E-01  1.00000E+00
  3.91984E-01  6.98985E-01  8.60340E-01  9.52248E-01  9.94777E-01      -9.99900E-01  1.00000E+00


    2.   4.00   74. 183.84  5.00E+02  7.00E+01  7.83E-01  6.10E-01     5   0.00

  2.04970E+02  3.75190E+02  4.39120E+02  4.66860E+02  4.83710E+02       5.00580E-02  4.93570E+02

  4.64230E-01  6.54240E-01  7.78655E-01  8.77870E-01  9.61945E-01       8.45950E-02  1.00000E+00
  3.92780E-01  5.83240E-01  7.20085E-01  8.38625E-01  9.47595E-01       8.37000E-02  9.99990E-01
  3.14095E-01  4.83775E-01  6.25270E-01  7.66650E-01  9.16540E-01       5.46430E-02  1.00000E+00
  2.49300E-01  3.94285E-01  5.35180E-01  6.94445E-01  8.79745E-01       5.97760E-02  1.00000E+00
  1.50195E-01  2.31355E-01  3.13745E-01  4.13455E-01  5.49885E-01       3.52100E-02  9.09870E-01

 -9.51382E-01 -5.84337E-01 -1.60190E-03  5.92225E-01  9.52310E-01      -1.00000E+00  1.00000E+00
 -9.50115E-01 -5.86175E-01  6.22090E-03  5.92810E-01  9.53797E-01      -1.00000E+00  1.00000E+00
 -9.49562E-01 -5.84812E-01  6.55360E-03  5.88520E-01  9.50333E-01      -1.00000E+00  1.00000E+00
 -9.49512E-01 -5.85055E-01  1.60422E-03  5.89810E-01  9.51313E-01      -1.00000E+00  1.00000E+00
 -9.50810E-01 -5.83945E-01 -9.91587E-03  5.82852E-01  9.50635E-01      -1.00000E+00  1.00000E+00
 -9.47160E-01 -5.53175E-01  4.74052E-02  6.19060E-01  9.55500E-01      -1.00000E+00  1.00000E+00
 -9.45625E-01 -5.50895E-01  4.76668E-02  6.25695E-01  9.55162E-01      -1.00000E+00  1.00000E+00
 -9.49093E-01 -5.56338E-01  4.46536E-02  6.22138E-01  9.56407E-01      -1.00000E+00  1.00000E+00
 -9.49315E-01 -5.65365E-01  3.23944E-02  6.09365E-01  9.53755E-01      -1.00000E+00  1.00000E+00
 -9.48705E-01 -5.68773E-01  2.57692E-02  6.04062E-01  9.54665E-01      -1.00000E+00  1.00000E+00
 -9.24060E-01 -4.10903E-01  2.86183E-01  7.67607E-01  9.75085E-01      -1.00000E+00  1.00000E+00
 -8.95347E-01 -2.90797E-01  3.71513E-01  7.88050E-01  9.77677E-01      -1.00000E+00  1.00000E+00
 -9.01772E-01 -3.05022E-01  3.44910E-01  7.76905E-01  9.75827E-01      -1.00000E+00  1.00000E+00
 -9.23687E-01 -3.84090E-01  2.76290E-01  7.49302E-01  9.71708E-01      -1.00000E+00  1.00000E+00
 -9.34077E-01 -4.64160E-01  1.69447E-01  6.84238E-01  9.65115E-01      -1.00000E+00  1.00000E+00
  1.81275E-02  5.02628E-01  8.03222E-01  9.41327E-01  9.93958E-01      -8.43060E-01  1.00000E+00
  4.41225E-02  5.25455E-01  8.01680E-01  9.38257E-01  9.93635E-01      -8.32080E-01  1.00000E+00
  2.70175E-02  4.66647E-01  7.68375E-01  9.24573E-01  9.92085E-01      -8.36720E-01  1.00000E+00
 -2.81075E-02  3.64317E-01  6.91067E-01  8.95482E-01  9.89088E-01      -9.91920E-01  1.00000E+00
 -1.66763E-01  2.58939E-01  5.71252E-01  8.33817E-01  9.81290E-01      -1.00000E+00  1.00000E+00
  7.62643E-01  9.05558E-01  9.64680E-01  9.89193E-01  9.98865E-01       1.56680E-01  1.00000E+00
  7.54622E-01  8.93630E-01  9.56943E-01  9.86855E-01  9.98642E-01       1.42640E-01  1.00000E+00
  7.53175E-01  8.79067E-01  9.46560E-01  9.82890E-01  9.98155E-01       2.14780E-01  1.00000E+00
  7.68070E-01  8.85598E-01  9.44727E-01  9.80707E-01  9.97958E-01       1.84510E-01  1.00000E+00
  8.30098E-01  9.19600E-01  9.63612E-01  9.87465E-01  9.98612E-01       3.06210E-01  1.00000E+00


    2.   4.00   74. 183.84  5.00E+02  8.00E+01  9.14E-01  8.24E-01     5   0.00

  3.68030E+02  4.66490E+02  4.80960E+02  4.88290E+02  4.92900E+02       5.06730E-02  4.96400E+02

  3.76425E-01  5.64500E-01  7.02360E-01  8.25550E-01  9.42485E-01       5.72010E-02  1.00000E+00
  2.15490E-01  3.53800E-01  5.05820E-01  6.89635E-01  8.96785E-01       5.45330E-02  1.00000E+00
  1.59625E-01  2.44485E-01  3.45525E-01  4.90965E-01  6.92825E-01       3.93580E-02  9.45460E-01
  1.38455E-01  2.03980E-01  2.73210E-01  3.58465E-01  4.64445E-01       3.88120E-02  7.09910E-01
  8.55860E-02  1.15073E-01  1.42900E-01  1.77095E-01  2.30445E-01       1.92070E-02  4.25170E-01

 -9.59283E-01 -6.30150E-01 -4.04898E-02  5.90418E-01  9.53342E-01      -1.00000E+00  1.00000E+00
 -9.46790E-01 -5.54388E-01  5.78032E-02  6.30757E-01  9.57635E-01      -1.00000E+00  1.00000E+00
 -9.46410E-01 -5.46580E-01  7.31537E-02  6.38108E-01  9.57575E-01      -1.00000E+00  1.00000E+00
 -9.44195E-01 -5.39992E-01  6.64912E-02  6.34197E-01  9.57117E-01      -1.00000E+00  1.00000E+00
 -9.48852E-01 -5.62090E-01  4.25118E-02  6.13105E-01  9.55650E-01      -1.00000E+00  1.00000E+00
 -1.56423E-01  3.51770E-01  7.00075E-01  9.10890E-01  9.91500E-01      -1.00000E+00  1.00000E+00
 -1.96877E-01  3.14572E-01  6.92450E-01  9.06522E-01  9.90818E-01      -1.00000E+00  1.00000E+00
 -2.63103E-01  2.03005E-01  6.05043E-01  8.74937E-01  9.86705E-01      -1.00000E+00  1.00000E+00
 -3.26272E-01  8.04350E-02  4.56782E-01  8.03152E-01  9.78655E-01      -1.00000E+00  1.00000E+00
 -3.55202E-01  5.79750E-03  3.44251E-01  7.13890E-01  9.65898E-01      -1.00000E+00  1.00000E+00
  7.35650E-01  9.33782E-01  9.77980E-01  9.93692E-01  9.99380E-01       1.16050E-01  1.00000E+00
  6.86218E-01  9.00238E-01  9.65202E-01  9.89858E-01  9.98975E-01       1.55520E-01  1.00000E+00
  6.37990E-01  8.48772E-01  9.43695E-01  9.83318E-01  9.98320E-01       1.06390E-01  1.00000E+00
  6.44865E-01  7.90625E-01  9.05232E-01  9.69460E-01  9.96755E-01       1.89670E-01  1.00000E+00
  7.59602E-01  8.65040E-01  9.28300E-01  9.72742E-01  9.96932E-01       3.24610E-01  1.00000E+00
  8.75058E-01  9.57080E-01  9.84838E-01  9.95525E-01  9.99532E-01       6.23200E-01  1.00000E+00
  8.70542E-01  9.48350E-01  9.80410E-01  9.94025E-01  9.99370E-01       6.28900E-01  1.00000E+00
  8.69997E-01  9.35053E-01  9.73532E-01  9.91790E-01  9.99138E-01       6.33250E-01  1.00000E+00
  8.87360E-01  9.38360E-01  9.69300E-01  9.89507E-01  9.98830E-01       6.89920E-01  1.00000E+00
  9.28618E-01  9.65607E-01  9.83985E-01  9.94522E-01  9.99400E-01       7.52040E-01  1.00000E+00
  9.73770E-01  9.88948E-01  9.95267E-01  9.98447E-01  9.99838E-01       8.68550E-01  1.00000E+00
  9.73157E-01  9.89060E-01  9.95418E-01  9.98517E-01  9.99840E-01       8.67860E-01  1.00000E+00
  9.73635E-01  9.88650E-01  9.95220E-01  9.98465E-01  9.99838E-01       8.86020E-01  1.00000E+00
  9.74278E-01  9.88640E-01  9.94988E-01  9.98330E-01  9.99825E-01       8.90430E-01  1.00000E+00
  9.80265E-01  9.91365E-01  9.96208E-01  9.98762E-01  9.99870E-01       9.05300E-01  1.00000E+00


    2.   4.00   74. 183.84  5.00E+02  8.50E+01  9.95E-01  9.76E-01     5   0.00

  4.84510E+02  4.92360E+02  4.94200E+02  4.95260E+02  4.96210E+02       5.40960E-02  4.97820E+02

  1.60870E-01  2.80675E-01  4.31350E-01  5.77600E-01  7.21610E-01       4.92730E-02  9.99990E-01
  1.33050E-01  1.84595E-01  2.28990E-01  2.75220E-01  3.33965E-01       4.23700E-02  5.37210E-01
  9.57990E-02  1.20690E-01  1.42015E-01  1.66945E-01  2.07110E-01       3.86630E-02  3.30630E-01
  7.07725E-02  8.58530E-02  9.90135E-02  1.15035E-01  1.43520E-01       3.34260E-02  2.29710E-01
  4.56295E-02  5.55425E-02  6.41070E-02  7.45610E-02  9.34015E-02       1.48040E-02  1.66370E-01

  6.05538E-01  9.11285E-01  9.79032E-01  9.94782E-01  9.99478E-01      -1.00000E+00  1.00000E+00
  3.63377E-01  7.84355E-01  9.19573E-01  9.80005E-01  9.98133E-01      -1.00000E+00  1.00000E+00
  2.25328E-01  7.13167E-01  8.52627E-01  9.39963E-01  9.93665E-01      -1.00000E+00  1.00000E+00
  2.27990E-01  7.52945E-01  9.00358E-01  9.61133E-01  9.94535E-01      -1.00000E+00  1.00000E+00
  7.41825E-02  5.40775E-01  8.11985E-01  9.42697E-01  9.94082E-01      -1.00000E+00  1.00000E+00
  9.55083E-01  9.78853E-01  9.90787E-01  9.97070E-01  9.99705E-01       8.27430E-01  1.00000E+00
  9.58215E-01  9.80212E-01  9.91057E-01  9.97000E-01  9.99683E-01       8.33530E-01  1.00000E+00
  9.62210E-01  9.81703E-01  9.91607E-01  9.97165E-01  9.99700E-01       8.64790E-01  1.00000E+00
  9.68310E-01  9.84877E-01  9.92990E-01  9.97572E-01  9.99740E-01       8.68490E-01  1.00000E+00
  9.78355E-01  9.90330E-01  9.95685E-01  9.98542E-01  9.99845E-01       8.93240E-01  1.00000E+00
  9.86463E-01  9.94025E-01  9.97310E-01  9.99090E-01  9.99905E-01       9.38440E-01  1.00000E+00
  9.88393E-01  9.95335E-01  9.97965E-01  9.99335E-01  9.99930E-01       9.49120E-01  1.00000E+00
  9.88513E-01  9.95387E-01  9.98067E-01  9.99365E-01  9.99935E-01       9.49460E-01  1.00000E+00
  9.88408E-01  9.95325E-01  9.98043E-01  9.99360E-01  9.99935E-01       9.51070E-01  1.00000E+00
  9.90615E-01  9.95907E-01  9.98225E-01  9.99410E-01  9.99940E-01       9.58890E-01  1.00000E+00
  9.94627E-01  9.97762E-01  9.99023E-01  9.99670E-01  9.99965E-01       9.69480E-01  1.00000E+00
  9.95070E-01  9.98077E-01  9.99178E-01  9.99735E-01  9.99972E-01       9.70000E-01  1.00000E+00
  9.95022E-01  9.98112E-01  9.99213E-01  9.99742E-01  9.99975E-01       9.74350E-01  1.00000E+00
  9.94632E-01  9.97918E-01  9.99138E-01  9.99722E-01  9.99972E-01       9.72840E-01  1.00000E+00
  9.94867E-01  9.97870E-01  9.99077E-01  9.99698E-01  9.99965E-01       9.78490E-01  1.00000E+00
  9.98230E-01  9.99307E-01  9.99703E-01  9.99900E-01  9.99990E-01       9.85240E-01  1.00000E+00
  9.98090E-01  9.99260E-01  9.99695E-01  9.99900E-01  9.99988E-01       9.84170E-01  1.00000E+00
  9.97922E-01  9.99210E-01  9.99675E-01  9.99892E-01  9.99990E-01       9.82210E-01  1.00000E+00
  9.97658E-01  9.99093E-01  9.99615E-01  9.99877E-01  9.99985E-01       9.84660E-01  1.00000E+00
  9.97513E-01  9.98992E-01  9.99575E-01  9.99860E-01  9.99985E-01       9.84900E-01  1.00000E+00


    2.   4.00   74. 183.84  1.00E+03  0.00E+00  5.11E-01  2.92E-01     5   0.00

  1.77930E+02  4.44020E+02  6.23750E+02  7.56020E+02  8.69510E+02       5.00160E-02  9.43930E+02

  4.76475E-01  6.67260E-01  7.89115E-01  8.84935E-01  9.64475E-01       5.67040E-02  1.00000E+00
  4.30200E-01  6.30510E-01  7.64010E-01  8.69750E-01  9.59475E-01       6.54010E-02  1.00000E+00
  4.15695E-01  6.19910E-01  7.54695E-01  8.63720E-01  9.57500E-01       6.55460E-02  1.00000E+00
  4.02625E-01  6.05170E-01  7.42700E-01  8.54810E-01  9.53680E-01       6.86390E-02  1.00000E+00
  3.24975E-01  5.11480E-01  6.53740E-01  7.88690E-01  9.26460E-01       4.93490E-02  1.00000E+00

 -9.49202E-01 -5.79697E-01  7.30143E-03  5.91237E-01  9.53187E-01      -1.00000E+00  1.00000E+00
 -9.53100E-01 -5.96872E-01 -1.25269E-02  5.89342E-01  9.52850E-01      -1.00000E+00  1.00000E+00
 -9.50025E-01 -5.95862E-01 -7.21075E-04  5.85050E-01  9.51202E-01      -1.00000E+00  1.00000E+00
 -9.48817E-01 -5.86218E-01  2.24465E-03  5.87280E-01  9.52160E-01      -1.00000E+00  1.00000E+00
 -9.52140E-01 -5.88625E-01 -6.54332E-03  5.81205E-01  9.49592E-01      -1.00000E+00  1.00000E+00
 -9.52047E-01 -5.87950E-01  3.70081E-03  5.86955E-01  9.49520E-01      -1.00000E+00  1.00000E+00
 -9.49060E-01 -5.91830E-01  1.40155E-03  5.88400E-01  9.51737E-01      -1.00000E+00  1.00000E+00
 -9.50918E-01 -5.90938E-01  2.13227E-03  5.90768E-01  9.49257E-01      -1.00000E+00  1.00000E+00
 -9.52547E-01 -5.86612E-01  7.09760E-03  5.90845E-01  9.51762E-01      -1.00000E+00  1.00000E+00
 -9.50485E-01 -5.93832E-01  3.91030E-03  5.94353E-01  9.52642E-01      -1.00000E+00  1.00000E+00
 -9.52457E-01 -5.92435E-01  4.92025E-04  5.86825E-01  9.52085E-01      -1.00000E+00  1.00000E+00
 -9.49268E-01 -5.78937E-01  9.88475E-03  5.83575E-01  9.52150E-01      -1.00000E+00  1.00000E+00
 -9.50815E-01 -5.81570E-01  1.19242E-02  5.84668E-01  9.50950E-01      -1.00000E+00  1.00000E+00
 -9.49417E-01 -5.83935E-01 -3.04909E-03  5.86753E-01  9.51262E-01      -1.00000E+00  1.00000E+00
 -9.52070E-01 -5.93287E-01 -1.27448E-03  5.93145E-01  9.50218E-01      -1.00000E+00  1.00000E+00
 -9.50120E-01 -5.89722E-01  2.75639E-03  5.93025E-01  9.51842E-01      -1.00000E+00  1.00000E+00
 -9.51677E-01 -5.91160E-01 -1.03255E-02  5.85325E-01  9.51960E-01      -1.00000E+00  1.00000E+00
 -9.50802E-01 -5.83697E-01 -2.53388E-03  5.92993E-01  9.52705E-01      -1.00000E+00  1.00000E+00
 -9.51667E-01 -5.93380E-01  3.59850E-04  5.88085E-01  9.52585E-01      -1.00000E+00  1.00000E+00
 -9.49622E-01 -5.88448E-01  1.74212E-03  5.90025E-01  9.51350E-01      -1.00000E+00  1.00000E+00
 -9.50035E-01 -5.85745E-01  7.50174E-03  5.91040E-01  9.50043E-01      -1.00000E+00  1.00000E+00
 -9.50610E-01 -5.79823E-01  2.93397E-03  5.92928E-01  9.52497E-01      -1.00000E+00  1.00000E+00
 -9.55160E-01 -5.94665E-01 -1.07099E-02  5.85450E-01  9.50715E-01      -1.00000E+00  1.00000E+00
 -9.50790E-01 -5.89310E-01  7.37982E-03  5.94380E-01  9.52343E-01      -1.00000E+00  1.00000E+00
 -9.51980E-01 -5.98350E-01 -2.71588E-03  5.85017E-01  9.49407E-01      -1.00000E+00  1.00000E+00


    2.   4.00   74. 183.84  1.00E+03  3.00E+01  5.51E-01  3.30E-01     5   0.00

  1.98330E+02  4.78780E+02  6.57990E+02  7.84080E+02  8.87090E+02       5.00620E-02  9.64930E+02

  4.74535E-01  6.63460E-01  7.86160E-01  8.82550E-01  9.63620E-01       7.83800E-02  1.00000E+00
  4.26475E-01  6.28005E-01  7.61775E-01  8.67930E-01  9.58800E-01       6.03740E-02  1.00000E+00
  4.08060E-01  6.12135E-01  7.49210E-01  8.59845E-01  9.55505E-01       6.56830E-02  1.00000E+00
  3.91820E-01  5.89795E-01  7.28300E-01  8.44590E-01  9.50450E-01       6.19590E-02  1.00000E+00
  3.01075E-01  4.78900E-01  6.20725E-01  7.58815E-01  9.09780E-01       3.96540E-02  9.99990E-01

 -9.51270E-01 -5.89438E-01  5.11700E-03  5.94570E-01  9.53285E-01      -1.00000E+00  1.00000E+00
 -9.50460E-01 -5.89550E-01  3.50812E-03  5.92630E-01  9.50773E-01      -1.00000E+00  1.00000E+00
 -9.49607E-01 -5.79260E-01  5.40980E-03  5.90097E-01  9.48955E-01      -1.00000E+00  1.00000E+00
 -9.51788E-01 -5.85503E-01  5.29399E-03  5.91237E-01  9.48320E-01      -1.00000E+00  1.00000E+00
 -9.52543E-01 -5.89823E-01  2.11823E-03  5.87325E-01  9.50950E-01      -1.00000E+00  1.00000E+00
 -9.50060E-01 -5.79255E-01  1.04685E-02  5.86255E-01  9.51217E-01      -1.00000E+00  1.00000E+00
 -9.52857E-01 -5.99002E-01 -1.85961E-02  5.84218E-01  9.50017E-01      -1.00000E+00  1.00000E+00
 -9.51340E-01 -5.90905E-01 -4.31435E-03  5.85400E-01  9.51485E-01      -1.00000E+00  1.00000E+00
 -9.51242E-01 -5.84902E-01 -9.49262E-03  5.89008E-01  9.51348E-01      -1.00000E+00  1.00000E+00
 -9.51442E-01 -5.84852E-01  6.54633E-03  5.92583E-01  9.51222E-01      -1.00000E+00  1.00000E+00
 -9.48815E-01 -5.70063E-01  2.15042E-02  5.97848E-01  9.52208E-01      -1.00000E+00  1.00000E+00
 -9.52030E-01 -5.87965E-01  1.19258E-02  6.00928E-01  9.52347E-01      -1.00000E+00  1.00000E+00
 -9.49867E-01 -5.72315E-01  2.24639E-02  6.03085E-01  9.52950E-01      -1.00000E+00  1.00000E+00
 -9.51772E-01 -5.93008E-01  1.43550E-03  5.85725E-01  9.51588E-01      -1.00000E+00  1.00000E+00
 -9.49793E-01 -5.88025E-01 -1.59600E-03  5.92512E-01  9.50638E-01      -1.00000E+00  1.00000E+00
 -9.38122E-01 -5.06795E-01  1.15660E-01  6.57040E-01  9.61240E-01      -1.00000E+00  1.00000E+00
 -9.39125E-01 -5.08740E-01  1.11969E-01  6.60520E-01  9.60278E-01      -1.00000E+00  1.00000E+00
 -9.41072E-01 -5.26890E-01  9.51850E-02  6.39252E-01  9.58738E-01      -1.00000E+00  1.00000E+00
 -9.42188E-01 -5.27832E-01  8.20513E-02  6.35988E-01  9.57700E-01      -1.00000E+00  1.00000E+00
 -9.44638E-01 -5.60100E-01  3.94145E-02  6.17325E-01  9.53130E-01      -1.00000E+00  1.00000E+00
 -7.71510E-01 -5.65225E-02  4.79875E-01  8.17802E-01  9.80783E-01      -1.00000E+00  1.00000E+00
 -7.72505E-01 -8.26050E-02  4.66650E-01  8.15693E-01  9.79580E-01      -1.00000E+00  1.00000E+00
 -7.95858E-01 -1.05810E-01  4.45227E-01  8.04598E-01  9.78180E-01      -1.00000E+00  1.00000E+00
 -8.24272E-01 -1.77208E-01  3.89552E-01  7.80477E-01  9.76163E-01      -1.00000E+00  1.00000E+00
 -8.95463E-01 -3.29746E-01  2.76790E-01  7.34130E-01  9.69615E-01      -1.00000E+00  1.00000E+00


    2.   4.00   74. 183.84  1.00E+03  4.50E+01  6.01E-01  3.81E-01     5   0.00

  2.29270E+02  5.28930E+02  7.04090E+02  8.19770E+02  9.07750E+02       5.00740E-02  9.74770E+02

  4.67855E-01  6.58695E-01  7.82970E-01  8.80920E-01  9.63255E-01       9.34520E-02  1.00000E+00
  4.20640E-01  6.23235E-01  7.57905E-01  8.65700E-01  9.58190E-01       6.39580E-02  1.00000E+00
  3.96900E-01  5.98435E-01  7.36455E-01  8.51040E-01  9.52695E-01       6.93900E-02  1.00000E+00
  3.66385E-01  5.60275E-01  7.01810E-01  8.25705E-01  9.41920E-01       5.83980E-02  9.99990E-01
  2.68710E-01  4.30985E-01  5.68530E-01  7.09870E-01  8.80125E-01       4.21750E-02  1.00000E+00

 -9.49673E-01 -5.74645E-01  1.31873E-02  6.00753E-01  9.53330E-01      -1.00000E+00  1.00000E+00
 -9.49055E-01 -5.80148E-01  5.56068E-03  5.92955E-01  9.53777E-01      -1.00000E+00  1.00000E+00
 -9.51450E-01 -5.98187E-01 -3.54313E-03  5.87422E-01  9.51595E-01      -1.00000E+00  1.00000E+00
 -9.50600E-01 -5.86195E-01  5.54385E-03  5.87417E-01  9.51798E-01      -1.00000E+00  1.00000E+00
 -9.52058E-01 -5.81260E-01  5.22405E-03  5.80313E-01  9.50360E-01      -1.00000E+00  1.00000E+00
 -9.49385E-01 -5.83352E-01 -7.21910E-03  5.76690E-01  9.47802E-01      -1.00000E+00  1.00000E+00
 -9.51275E-01 -5.81355E-01  5.01292E-03  5.84790E-01  9.50972E-01      -1.00000E+00  1.00000E+00
 -9.51993E-01 -5.87947E-01  7.31718E-03  5.88425E-01  9.51550E-01      -1.00000E+00  1.00000E+00
 -9.50832E-01 -5.87677E-01  1.51180E-03  5.94333E-01  9.53122E-01      -1.00000E+00  1.00000E+00
 -9.51715E-01 -6.01665E-01 -8.60807E-03  5.87190E-01  9.52060E-01      -1.00000E+00  1.00000E+00
 -9.44635E-01 -5.49570E-01  4.64880E-02  6.18270E-01  9.56682E-01      -1.00000E+00  1.00000E+00
 -9.45168E-01 -5.56830E-01  5.83255E-02  6.20815E-01  9.56905E-01      -1.00000E+00  1.00000E+00
 -9.46470E-01 -5.59222E-01  3.83957E-02  6.18003E-01  9.56548E-01      -1.00000E+00  1.00000E+00
 -9.51535E-01 -5.71717E-01  2.75495E-02  6.06100E-01  9.53953E-01      -1.00000E+00  1.00000E+00
 -9.49525E-01 -5.74937E-01  1.39911E-02  5.88625E-01  9.49703E-01      -1.00000E+00  1.00000E+00
 -9.13663E-01 -3.79153E-01  2.55060E-01  7.30950E-01  9.70533E-01      -1.00000E+00  1.00000E+00
 -9.19517E-01 -3.96347E-01  2.47485E-01  7.25025E-01  9.68600E-01      -1.00000E+00  1.00000E+00
 -9.23567E-01 -4.24040E-01  2.07072E-01  7.12700E-01  9.67850E-01      -1.00000E+00  1.00000E+00
 -9.32175E-01 -4.62945E-01  1.63847E-01  6.83230E-01  9.64120E-01      -1.00000E+00  1.00000E+00
 -9.40103E-01 -5.09058E-01  1.13542E-01  6.54240E-01  9.60393E-01      -1.00000E+00  1.00000E+00
 -4.48310E-01  2.21285E-01  6.55830E-01  8.87512E-01  9.87977E-01      -1.00000E+00  1.00000E+00
 -4.34133E-01  2.28772E-01  6.52525E-01  8.84513E-01  9.87655E-01      -1.00000E+00  1.00000E+00
 -4.42451E-01  1.85502E-01  6.22202E-01  8.73915E-01  9.86235E-01      -1.00000E+00  1.00000E+00
 -4.52458E-01  1.41962E-01  5.90662E-01  8.58678E-01  9.85270E-01      -1.00000E+00  1.00000E+00
 -5.95948E-01 -9.29250E-03  4.77800E-01  8.11415E-01  9.79490E-01      -1.00000E+00  1.00000E+00


    2.   4.00   74. 183.84  1.00E+03  6.00E+01  6.74E-01  4.66E-01     5   0.00

  2.88220E+02  6.10140E+02  7.74700E+02  8.71390E+02  9.37870E+02       5.00050E-02  9.83190E+02

  4.58510E-01  6.52595E-01  7.78655E-01  8.77550E-01  9.61845E-01       8.14290E-02  1.00000E+00
  4.07465E-01  6.08740E-01  7.46580E-01  8.58260E-01  9.55405E-01       7.82690E-02  1.00000E+00
  3.68910E-01  5.62875E-01  7.04680E-01  8.28145E-01  9.43690E-01       5.48730E-02  1.00000E+00
  3.16745E-01  4.93105E-01  6.36640E-01  7.76510E-01  9.21795E-01       6.27500E-02  9.99990E-01
  2.11620E-01  3.45375E-01  4.70620E-01  6.10100E-01  7.93090E-01       3.53320E-02  1.00000E+00

 -9.51955E-01 -5.86970E-01  6.22435E-03  5.88427E-01  9.49103E-01      -1.00000E+00  1.00000E+00
 -9.52318E-01 -5.90500E-01  3.95525E-04  5.91723E-01  9.52330E-01      -1.00000E+00  1.00000E+00
 -9.51470E-01 -5.86080E-01  5.28128E-03  5.90280E-01  9.52058E-01      -1.00000E+00  1.00000E+00
 -9.50252E-01 -5.81600E-01 -4.14558E-04  5.93905E-01  9.52610E-01      -1.00000E+00  1.00000E+00
 -9.52898E-01 -5.90285E-01  1.04670E-03  5.87653E-01  9.51418E-01      -1.00000E+00  1.00000E+00
 -9.49020E-01 -5.79565E-01  3.41175E-03  5.95615E-01  9.52258E-01      -1.00000E+00  1.00000E+00
 -9.48688E-01 -5.71710E-01  1.47821E-02  5.93405E-01  9.51457E-01      -1.00000E+00  1.00000E+00
 -9.50705E-01 -5.77245E-01  1.38621E-02  5.96315E-01  9.52908E-01      -1.00000E+00  1.00000E+00
 -9.51532E-01 -5.83155E-01  7.73239E-03  5.93958E-01  9.52497E-01      -1.00000E+00  1.00000E+00
 -9.50055E-01 -5.80235E-01  8.75875E-03  5.95132E-01  9.51990E-01      -1.00000E+00  1.00000E+00
 -9.31580E-01 -4.64793E-01  1.70733E-01  6.91190E-01  9.64243E-01      -1.00000E+00  1.00000E+00
 -9.30173E-01 -4.67840E-01  1.64374E-01  6.86607E-01  9.64178E-01      -1.00000E+00  1.00000E+00
 -9.33512E-01 -4.82940E-01  1.44935E-01  6.70480E-01  9.63327E-01      -1.00000E+00  1.00000E+00
 -9.37755E-01 -5.05718E-01  1.17781E-01  6.54525E-01  9.60895E-01      -1.00000E+00  1.00000E+00
 -9.46240E-01 -5.52283E-01  5.60095E-02  6.26740E-01  9.56625E-01      -1.00000E+00  1.00000E+00
 -8.59822E-01 -1.13542E-01  4.98350E-01  8.38230E-01  9.82760E-01      -1.00000E+00  1.00000E+00
 -8.50660E-01 -1.01771E-01  4.95645E-01  8.31603E-01  9.82142E-01      -1.00000E+00  1.00000E+00
 -8.69730E-01 -1.61774E-01  4.57195E-01  8.17010E-01  9.80000E-01      -1.00000E+00  1.00000E+00
 -8.88988E-01 -2.44607E-01  3.70525E-01  7.79173E-01  9.75382E-01      -1.00000E+00  1.00000E+00
 -9.19755E-01 -4.05413E-01  2.21230E-01  7.11610E-01  9.66788E-01      -1.00000E+00  1.00000E+00
  1.84768E-01  6.30150E-01  8.53300E-01  9.54345E-01  9.95385E-01      -9.99850E-01  1.00000E+00
  2.22360E-01  6.52955E-01  8.55672E-01  9.54098E-01  9.95245E-01      -9.40560E-01  1.00000E+00
  1.93625E-01  6.14535E-01  8.34735E-01  9.47500E-01  9.94418E-01      -9.50190E-01  1.00000E+00
  1.36970E-01  5.70900E-01  8.02618E-01  9.34472E-01  9.92845E-01      -1.00000E+00  1.00000E+00
 -1.76300E-02  4.65518E-01  7.40742E-01  9.08825E-01  9.89893E-01      -1.00000E+00  1.00000E+00


    2.   4.00   74. 183.84  1.00E+03  7.00E+01  7.43E-01  5.57E-01     5   0.00

  3.62340E+02  7.00170E+02  8.44560E+02  9.16070E+02  9.61880E+02       5.03060E-02  9.88040E+02

  4.46620E-01  6.43420E-01  7.72610E-01  8.73840E-01  9.61010E-01       8.42870E-02  1.00000E+00
  3.84150E-01  5.82070E-01  7.22130E-01  8.40540E-01  9.48275E-01       6.01160E-02  1.00000E+00
  3.15585E-01  4.94095E-01  6.37895E-01  7.77035E-01  9.22805E-01       5.95680E-02  1.00000E+00
  2.52520E-01  4.05635E-01  5.49975E-01  7.08865E-01  8.96975E-01       4.98470E-02  1.00000E+00
  1.51055E-01  2.44665E-01  3.41450E-01  4.60430E-01  6.31355E-01       2.95290E-02  9.92270E-01

 -9.50877E-01 -5.83840E-01  6.51427E-03  5.89522E-01  9.51128E-01      -1.00000E+00  1.00000E+00
 -9.50660E-01 -5.86882E-01  2.53210E-03  5.90310E-01  9.52108E-01      -1.00000E+00  1.00000E+00
 -9.50860E-01 -5.89623E-01  4.36284E-03  5.90817E-01  9.51465E-01      -1.00000E+00  1.00000E+00
 -9.50157E-01 -5.81875E-01  1.24306E-02  5.94402E-01  9.50635E-01      -1.00000E+00  1.00000E+00
 -9.51105E-01 -5.93683E-01 -8.40543E-03  5.90702E-01  9.50022E-01      -1.00000E+00  1.00000E+00
 -9.45573E-01 -5.45597E-01  6.09375E-02  6.24603E-01  9.56115E-01      -1.00000E+00  1.00000E+00
 -9.44333E-01 -5.46032E-01  6.08345E-02  6.23428E-01  9.56577E-01      -1.00000E+00  1.00000E+00
 -9.42930E-01 -5.52430E-01  5.69520E-02  6.19995E-01  9.56448E-01      -1.00000E+00  1.00000E+00
 -9.46488E-01 -5.58895E-01  3.72638E-02  6.07710E-01  9.53732E-01      -1.00000E+00  1.00000E+00
 -9.48670E-01 -5.73497E-01  2.48642E-02  6.08655E-01  9.53455E-01      -1.00000E+00  1.00000E+00
 -8.92675E-01 -2.42093E-01  3.94570E-01  7.95452E-01  9.78395E-01      -1.00000E+00  1.00000E+00
 -8.82517E-01 -2.21655E-01  4.01247E-01  7.94868E-01  9.77832E-01      -1.00000E+00  1.00000E+00
 -8.91335E-01 -2.69877E-01  3.47890E-01  7.73083E-01  9.74387E-01      -1.00000E+00  1.00000E+00
 -9.10040E-01 -3.38745E-01  2.94598E-01  7.44630E-01  9.72973E-01      -1.00000E+00  1.00000E+00
 -9.28222E-01 -4.61285E-01  1.69434E-01  6.80325E-01  9.64115E-01      -1.00000E+00  1.00000E+00
 -3.69896E-01  3.53111E-01  7.58085E-01  9.27283E-01  9.92665E-01      -1.00000E+00  1.00000E+00
 -3.22139E-01  3.97332E-01  7.58798E-01  9.24335E-01  9.92135E-01      -1.00000E+00  1.00000E+00
 -3.67247E-01  3.11566E-01  7.10455E-01  9.08390E-01  9.90590E-01      -1.00000E+00  1.00000E+00
 -4.62815E-01  1.62770E-01  6.25777E-01  8.76398E-01  9.86345E-01      -1.00000E+00  1.00000E+00
 -6.96603E-01 -1.03726E-01  4.28648E-01  7.95443E-01  9.78352E-01      -1.00000E+00  1.00000E+00
  6.70408E-01  8.75283E-01  9.55075E-01  9.86550E-01  9.98720E-01      -3.15880E-01  1.00000E+00
  6.59720E-01  8.61113E-01  9.45365E-01  9.82828E-01  9.98155E-01      -2.20550E-01  1.00000E+00
  6.43750E-01  8.37102E-01  9.31550E-01  9.78670E-01  9.97758E-01      -2.30560E-01  1.00000E+00
  6.48693E-01  8.27948E-01  9.21305E-01  9.74112E-01  9.97160E-01      -1.57200E-01  1.00000E+00
  7.01965E-01  8.59407E-01  9.35092E-01  9.77413E-01  9.97467E-01      -2.14140E-01  1.00000E+00


    2.   4.00   74. 183.84  1.00E+03  8.00E+01  8.62E-01  7.42E-01     5   0.00

  5.87320E+02  8.85330E+02  9.46950E+02  9.69020E+02  9.83040E+02       5.00070E-02  9.92220E+02

  4.09255E-01  6.06350E-01  7.41250E-01  8.54575E-01  9.53595E-01       7.34790E-02  1.00000E+00
  2.53865E-01  4.13415E-01  5.62050E-01  7.21450E-01  8.99965E-01       5.29570E-02  1.00000E+00
  1.67120E-01  2.74280E-01  4.01655E-01  5.76200E-01  8.21745E-01       4.60520E-02  1.00000E+00
  1.26035E-01  1.93600E-01  2.75510E-01  3.94740E-01  5.77405E-01       3.62550E-02  8.99950E-01
  8.38725E-02  1.21583E-01  1.62970E-01  2.18950E-01  3.08585E-01       2.25130E-02  5.93940E-01

 -9.48578E-01 -5.67538E-01  4.59531E-02  6.17143E-01  9.54915E-01      -1.00000E+00  1.00000E+00
 -9.46198E-01 -5.68850E-01  4.15325E-02  6.14953E-01  9.55030E-01      -1.00000E+00  1.00000E+00
 -9.47030E-01 -5.66990E-01  3.54865E-02  6.07127E-01  9.54285E-01      -1.00000E+00  1.00000E+00
 -9.48577E-01 -5.73180E-01  3.08722E-02  6.03002E-01  9.51460E-01      -1.00000E+00  1.00000E+00
 -9.50767E-01 -5.80955E-01  9.88178E-03  5.95392E-01  9.53000E-01      -1.00000E+00  1.00000E+00
 -8.23010E-01 -1.74636E-01  4.87360E-01  8.47938E-01  9.85143E-01      -1.00000E+00  1.00000E+00
 -7.84327E-01 -6.42175E-02  5.32658E-01  8.52603E-01  9.84790E-01      -1.00000E+00  1.00000E+00
 -8.20655E-01 -1.42365E-01  4.73665E-01  8.26137E-01  9.82267E-01      -1.00000E+00  1.00000E+00
 -8.71430E-01 -2.78015E-01  3.75762E-01  7.87748E-01  9.77425E-01      -1.00000E+00  1.00000E+00
 -9.30940E-01 -4.93147E-01  1.38331E-01  6.82605E-01  9.65755E-01      -1.00000E+00  1.00000E+00
  4.29523E-01  8.12148E-01  9.39368E-01  9.83433E-01  9.98372E-01      -6.50240E-01  1.00000E+00
  3.82047E-01  7.75728E-01  9.20975E-01  9.76693E-01  9.97550E-01      -6.55570E-01  1.00000E+00
  3.03592E-01  6.91142E-01  8.81090E-01  9.64557E-01  9.96413E-01      -6.00710E-01  1.00000E+00
  2.42670E-01  5.69570E-01  8.10847E-01  9.39030E-01  9.93842E-01      -6.27510E-01  1.00000E+00
  1.39536E-01  5.02243E-01  7.31240E-01  9.00297E-01  9.88643E-01      -1.00000E+00  1.00000E+00
  8.42108E-01  9.59910E-01  9.86592E-01  9.96073E-01  9.99597E-01       3.24510E-01  1.00000E+00
  8.10153E-01  9.43213E-01  9.80045E-01  9.94123E-01  9.99425E-01       3.10130E-01  1.00000E+00
  7.72468E-01  9.16305E-01  9.68950E-01  9.90650E-01  9.99020E-01       3.48200E-01  1.00000E+00
  7.57772E-01  8.78635E-01  9.48663E-01  9.83630E-01  9.98358E-01       3.12920E-01  1.00000E+00
  8.28135E-01  9.10603E-01  9.56525E-01  9.84822E-01  9.98377E-01       3.64650E-01  1.00000E+00
  9.58757E-01  9.85385E-01  9.94402E-01  9.98245E-01  9.99817E-01       7.41070E-01  1.00000E+00
  9.51960E-01  9.82493E-01  9.93313E-01  9.97982E-01  9.99788E-01       7.52400E-01  1.00000E+00
  9.44578E-01  9.77875E-01  9.91030E-01  9.97245E-01  9.99713E-01       7.50970E-01  1.00000E+00
  9.42968E-01  9.74952E-01  9.88995E-01  9.96400E-01  9.99613E-01       7.70580E-01  1.00000E+00
  9.53417E-01  9.79430E-01  9.90900E-01  9.96965E-01  9.99668E-01       8.08530E-01  1.00000E+00


    2.   4.00   74. 183.84  1.00E+03  8.50E+01  9.79E-01  9.45E-01     5   0.00

  9.49600E+02  9.76480E+02  9.84540E+02  9.87890E+02  9.90540E+02       5.52030E-02  9.94900E+02

  1.59705E-01  2.92955E-01  4.43905E-01  6.28015E-01  8.35545E-01       3.65840E-02  1.00000E+00
  1.06960E-01  1.63770E-01  2.39000E-01  3.51090E-01  4.96540E-01       3.80920E-02  8.04750E-01
  9.29965E-02  1.27180E-01  1.62605E-01  2.09655E-01  2.87420E-01       3.69520E-02  5.33400E-01
  6.77070E-02  8.59965E-02  1.04363E-01  1.30295E-01  1.82415E-01       3.01920E-02  3.83910E-01
  4.49360E-02  5.64705E-02  6.77910E-02  8.33920E-02  1.14764E-01       1.76640E-02  2.73580E-01

  7.92325E-02  5.80442E-01  8.39600E-01  9.62740E-01  9.97038E-01      -1.00000E+00  1.00000E+00
 -4.30425E-02  4.39055E-01  7.18720E-01  9.13885E-01  9.91820E-01      -1.00000E+00  1.00000E+00
 -1.30555E-01  3.06487E-01  6.19833E-01  8.55893E-01  9.84892E-01      -1.00000E+00  1.00000E+00
 -1.73875E-01  2.03942E-01  5.51425E-01  8.09513E-01  9.77615E-01      -1.00000E+00  1.00000E+00
 -1.37377E-01  2.04232E-01  5.61112E-01  8.21003E-01  9.76923E-01      -1.00000E+00  1.00000E+00
  9.36990E-01  9.85575E-01  9.95325E-01  9.98635E-01  9.99860E-01       5.38670E-01  1.00000E+00
  9.04145E-01  9.73877E-01  9.91032E-01  9.97323E-01  9.99727E-01       5.35650E-01  1.00000E+00
  8.73385E-01  9.51747E-01  9.82265E-01  9.94772E-01  9.99472E-01       5.33940E-01  1.00000E+00
  8.70190E-01  9.31542E-01  9.68372E-01  9.89452E-01  9.98935E-01       5.92810E-01  1.00000E+00
  9.11705E-01  9.57928E-01  9.80120E-01  9.93065E-01  9.99235E-01       6.36590E-01  1.00000E+00
  9.75235E-01  9.91140E-01  9.96478E-01  9.98907E-01  9.99880E-01       8.27960E-01  1.00000E+00
  9.74432E-01  9.90990E-01  9.96345E-01  9.98855E-01  9.99877E-01       8.20370E-01  1.00000E+00
  9.70955E-01  9.89352E-01  9.95748E-01  9.98627E-01  9.99857E-01       8.24130E-01  1.00000E+00
  9.67970E-01  9.87210E-01  9.94660E-01  9.98300E-01  9.99820E-01       8.44030E-01  1.00000E+00
  9.73302E-01  9.88150E-01  9.94815E-01  9.98302E-01  9.99818E-01       8.65730E-01  1.00000E+00
  9.92865E-01  9.97370E-01  9.98912E-01  9.99653E-01  9.99965E-01       9.36310E-01  1.00000E+00
  9.92495E-01  9.97390E-01  9.98945E-01  9.99668E-01  9.99963E-01       9.16250E-01  1.00000E+00
  9.91022E-01  9.96910E-01  9.98755E-01  9.99605E-01  9.99960E-01       9.22100E-01  1.00000E+00
  9.88587E-01  9.95915E-01  9.98358E-01  9.99480E-01  9.99943E-01       9.23810E-01  1.00000E+00
  9.87437E-01  9.94903E-01  9.97852E-01  9.99290E-01  9.99925E-01       9.24420E-01  1.00000E+00
  9.97847E-01  9.99215E-01  9.99677E-01  9.99897E-01  9.99985E-01       9.76070E-01  1.00000E+00
  9.97352E-01  9.99052E-01  9.99610E-01  9.99875E-01  9.99985E-01       9.72790E-01  1.00000E+00
  9.96665E-01  9.98790E-01  9.99505E-01  9.99842E-01  9.99985E-01       9.63390E-01  1.00000E+00
  9.95683E-01  9.98403E-01  9.99352E-01  9.99792E-01  9.99975E-01       9.65780E-01  1.00000E+00
  9.94915E-01  9.97945E-01  9.99140E-01  9.99718E-01  9.99970E-01       9.64600E-01  1.00000E+00


    2.   4.00   74. 183.84  2.00E+03  0.00E+00  4.68E-01  2.58E-01     5   0.00

  3.33260E+02  8.34130E+02  1.18560E+03  1.46020E+03  1.71250E+03       5.03640E-02  1.88910E+03

  4.54210E-01  6.50830E-01  7.78395E-01  8.78165E-01  9.62390E-01       7.96300E-02  1.00000E+00
  4.14790E-01  6.22560E-01  7.59055E-01  8.66815E-01  9.58630E-01       7.14450E-02  1.00000E+00
  4.02935E-01  6.13165E-01  7.51715E-01  8.61740E-01  9.56960E-01       5.65150E-02  1.00000E+00
  3.92630E-01  5.98185E-01  7.37570E-01  8.51840E-01  9.52635E-01       6.42020E-02  1.00000E+00
  3.15725E-01  5.05380E-01  6.51510E-01  7.88625E-01  9.26930E-01       4.07900E-02  1.00000E+00

 -9.51125E-01 -5.84958E-01  7.12213E-03  5.87715E-01  9.52180E-01      -1.00000E+00  1.00000E+00
 -9.52345E-01 -5.80830E-01  6.15970E-03  5.92137E-01  9.49348E-01      -1.00000E+00  1.00000E+00
 -9.50287E-01 -5.89448E-01 -3.75418E-03  5.82585E-01  9.50792E-01      -1.00000E+00  1.00000E+00
 -9.50910E-01 -5.89150E-01 -1.45177E-02  5.73795E-01  9.50480E-01      -1.00000E+00  1.00000E+00
 -9.50972E-01 -5.91172E-01  6.65250E-05  5.88568E-01  9.50653E-01      -1.00000E+00  1.00000E+00
 -9.51195E-01 -5.96098E-01 -2.81202E-03  5.89187E-01  9.52478E-01      -1.00000E+00  1.00000E+00
 -9.51160E-01 -5.85948E-01  7.45755E-03  5.91053E-01  9.55420E-01      -1.00000E+00  1.00000E+00
 -9.50585E-01 -5.96800E-01 -1.10151E-02  5.83668E-01  9.49430E-01      -1.00000E+00  1.00000E+00
 -9.50802E-01 -5.85845E-01  3.08970E-03  5.86210E-01  9.51810E-01      -1.00000E+00  1.00000E+00
 -9.53140E-01 -6.01392E-01 -6.14850E-04  5.87078E-01  9.48455E-01      -1.00000E+00  1.00000E+00
 -9.53377E-01 -5.94832E-01 -1.61473E-02  5.84240E-01  9.51083E-01      -1.00000E+00  1.00000E+00
 -9.50818E-01 -5.87058E-01  4.73397E-03  5.82710E-01  9.48618E-01      -1.00000E+00  1.00000E+00
 -9.50353E-01 -5.87775E-01  8.12545E-03  5.96973E-01  9.51098E-01      -1.00000E+00  1.00000E+00
 -9.50080E-01 -5.87838E-01  1.69380E-03  5.78780E-01  9.49113E-01      -1.00000E+00  1.00000E+00
 -9.51735E-01 -5.92087E-01 -1.71446E-02  5.74550E-01  9.47067E-01      -1.00000E+00  1.00000E+00
 -9.53310E-01 -6.01932E-01 -5.25985E-03  5.83255E-01  9.50572E-01      -1.00000E+00  1.00000E+00
 -9.50675E-01 -5.87847E-01  7.73487E-03  5.96900E-01  9.53237E-01      -1.00000E+00  1.00000E+00
 -9.52620E-01 -5.91250E-01 -3.96600E-04  5.88987E-01  9.52847E-01      -1.00000E+00  1.00000E+00
 -9.50348E-01 -5.79322E-01  2.12430E-03  5.86225E-01  9.50365E-01      -1.00000E+00  1.00000E+00
 -9.49887E-01 -5.89130E-01 -5.37198E-03  5.85500E-01  9.50878E-01      -1.00000E+00  1.00000E+00
 -9.52570E-01 -5.92398E-01 -5.58590E-03  5.77885E-01  9.51260E-01      -1.00000E+00  1.00000E+00
 -9.52960E-01 -5.93135E-01 -4.65582E-03  5.88250E-01  9.50783E-01      -1.00000E+00  1.00000E+00
 -9.51632E-01 -5.88747E-01  6.65268E-03  5.83535E-01  9.49105E-01      -1.00000E+00  1.00000E+00
 -9.50597E-01 -5.78365E-01  1.00867E-02  5.96828E-01  9.52212E-01      -1.00000E+00  1.00000E+00
 -9.50562E-01 -5.86325E-01  6.16478E-03  5.85723E-01  9.52213E-01      -1.00000E+00  1.00000E+00


    2.   4.00   74. 183.84  2.00E+03  3.00E+01  5.09E-01  2.94E-01     5   0.00

  3.72300E+02  9.01370E+02  1.25400E+03  1.51760E+03  1.74990E+03       5.00980E-02  1.93190E+03

  4.52660E-01  6.50125E-01  7.77040E-01  8.77520E-01  9.61865E-01       7.75780E-02  1.00000E+00
  4.11415E-01  6.20045E-01  7.56160E-01  8.65055E-01  9.57390E-01       6.78490E-02  1.00000E+00
  3.98230E-01  6.06595E-01  7.46285E-01  8.59280E-01  9.55465E-01       5.97570E-02  1.00000E+00
  3.77290E-01  5.81405E-01  7.21590E-01  8.40910E-01  9.48820E-01       5.09280E-02  1.00000E+00
  2.94325E-01  4.76340E-01  6.21060E-01  7.61355E-01  9.12550E-01       3.94180E-02  9.99980E-01

 -9.49320E-01 -5.75887E-01  4.73997E-03  5.93132E-01  9.53253E-01      -1.00000E+00  1.00000E+00
 -9.49917E-01 -5.76188E-01  9.28502E-03  5.92233E-01  9.53753E-01      -1.00000E+00  1.00000E+00
 -9.51448E-01 -5.94527E-01 -9.95653E-03  5.88415E-01  9.49735E-01      -1.00000E+00  1.00000E+00
 -9.49098E-01 -5.84122E-01 -3.52738E-03  5.87958E-01  9.50947E-01      -1.00000E+00  1.00000E+00
 -9.49868E-01 -5.89870E-01 -6.00330E-03  5.90405E-01  9.52400E-01      -1.00000E+00  1.00000E+00
 -9.49565E-01 -5.89360E-01 -1.15009E-02  5.72838E-01  9.49090E-01      -1.00000E+00  1.00000E+00
 -9.50885E-01 -5.86890E-01 -3.66635E-03  5.86535E-01  9.50355E-01      -1.00000E+00  1.00000E+00
 -9.50358E-01 -5.94510E-01 -8.12710E-03  5.80755E-01  9.51695E-01      -1.00000E+00  1.00000E+00
 -9.49210E-01 -5.86250E-01 -1.20325E-03  5.86392E-01  9.52280E-01      -1.00000E+00  1.00000E+00
 -9.49030E-01 -5.79603E-01  1.38389E-02  5.97015E-01  9.51545E-01      -1.00000E+00  1.00000E+00
 -9.49200E-01 -5.66733E-01  2.82022E-02  6.18258E-01  9.54315E-01      -1.00000E+00  1.00000E+00
 -9.46452E-01 -5.63995E-01  4.43568E-02  6.08775E-01  9.54405E-01      -1.00000E+00  1.00000E+00
 -9.47610E-01 -5.67985E-01  2.69623E-02  6.04913E-01  9.53547E-01      -1.00000E+00  1.00000E+00
 -9.48303E-01 -5.76412E-01  1.32797E-02  5.97340E-01  9.52737E-01      -1.00000E+00  1.00000E+00
 -9.48745E-01 -5.84303E-01  5.40905E-03  5.98463E-01  9.50235E-01      -1.00000E+00  1.00000E+00
 -9.32927E-01 -4.69388E-01  1.60582E-01  6.80610E-01  9.64400E-01      -1.00000E+00  1.00000E+00
 -9.35830E-01 -4.78825E-01  1.52041E-01  6.76788E-01  9.62993E-01      -1.00000E+00  1.00000E+00
 -9.35512E-01 -4.94870E-01  1.28137E-01  6.61020E-01  9.63737E-01      -1.00000E+00  1.00000E+00
 -9.36928E-01 -5.05618E-01  9.90165E-02  6.49768E-01  9.60193E-01      -1.00000E+00  1.00000E+00
 -9.44863E-01 -5.51107E-01  5.47842E-02  6.19422E-01  9.55063E-01      -1.00000E+00  1.00000E+00
 -7.85215E-01 -5.08950E-02  5.00580E-01  8.28355E-01  9.81270E-01      -1.00000E+00  1.00000E+00
 -7.85053E-01 -7.46950E-02  4.85155E-01  8.21433E-01  9.81097E-01      -1.00000E+00  1.00000E+00
 -8.14285E-01 -1.19547E-01  4.47000E-01  8.02528E-01  9.79293E-01      -1.00000E+00  1.00000E+00
 -8.51552E-01 -2.01735E-01  3.91662E-01  7.86922E-01  9.76305E-01      -1.00000E+00  1.00000E+00
 -9.09158E-01 -3.57685E-01  2.59790E-01  7.30002E-01  9.70055E-01      -1.00000E+00  1.00000E+00


    2.   4.00   74. 183.84  2.00E+03  4.50E+01  5.61E-01  3.44E-01     5   0.00

  4.27720E+02  9.93530E+02  1.34600E+03  1.59400E+03  1.79580E+03       5.09140E-02  1.95190E+03

  4.46750E-01  6.46185E-01  7.75340E-01  8.76300E-01  9.61595E-01       7.43100E-02  1.00000E+00
  4.05620E-01  6.15995E-01  7.53160E-01  8.63175E-01  9.57205E-01       6.00350E-02  1.00000E+00
  3.85940E-01  5.92265E-01  7.33360E-01  8.48675E-01  9.51685E-01       5.34840E-02  1.00000E+00
  3.54210E-01  5.51145E-01  6.94400E-01  8.20435E-01  9.40420E-01       5.34090E-02  9.99990E-01
  2.63305E-01  4.30125E-01  5.71625E-01  7.16745E-01  8.87880E-01       3.32950E-02  9.99990E-01

 -9.52020E-01 -5.94658E-01 -3.35750E-03  5.94830E-01  9.50085E-01      -1.00000E+00  1.00000E+00
 -9.50345E-01 -5.79608E-01 -1.15398E-03  5.91915E-01  9.50880E-01      -1.00000E+00  1.00000E+00
 -9.49607E-01 -5.87593E-01 -2.65177E-03  5.91960E-01  9.50030E-01      -1.00000E+00  1.00000E+00
 -9.50150E-01 -5.79653E-01  3.92642E-03  5.91615E-01  9.50852E-01      -1.00000E+00  1.00000E+00
 -9.50700E-01 -5.84355E-01 -8.43770E-03  5.80928E-01  9.49085E-01      -1.00000E+00  1.00000E+00
 -9.50310E-01 -5.84372E-01  1.10044E-02  5.93100E-01  9.53423E-01      -1.00000E+00  1.00000E+00
 -9.48990E-01 -5.85530E-01  4.38632E-03  5.92468E-01  9.50462E-01      -1.00000E+00  1.00000E+00
 -9.52137E-01 -5.86955E-01 -2.25253E-03  5.80570E-01  9.48238E-01      -1.00000E+00  1.00000E+00
 -9.49725E-01 -5.82495E-01 -9.75093E-03  5.78643E-01  9.50177E-01      -1.00000E+00  1.00000E+00
 -9.51670E-01 -5.91300E-01 -8.17190E-03  5.81907E-01  9.50450E-01      -1.00000E+00  1.00000E+00
 -9.41697E-01 -5.30867E-01  7.70350E-02  6.28353E-01  9.56778E-01      -1.00000E+00  1.00000E+00
 -9.44513E-01 -5.42312E-01  7.39685E-02  6.37585E-01  9.58715E-01      -1.00000E+00  1.00000E+00
 -9.43057E-01 -5.38818E-01  7.05227E-02  6.25185E-01  9.55817E-01      -1.00000E+00  1.00000E+00
 -9.45537E-01 -5.45835E-01  5.48362E-02  6.21415E-01  9.55422E-01      -1.00000E+00  1.00000E+00
 -9.47500E-01 -5.65235E-01  3.06058E-02  5.99692E-01  9.52028E-01      -1.00000E+00  1.00000E+00
 -8.97425E-01 -3.06920E-01  3.26167E-01  7.63362E-01  9.73840E-01      -1.00000E+00  1.00000E+00
 -9.04715E-01 -3.31210E-01  3.12248E-01  7.55580E-01  9.73460E-01      -1.00000E+00  1.00000E+00
 -9.12800E-01 -3.74825E-01  2.61228E-01  7.31998E-01  9.69665E-01      -1.00000E+00  1.00000E+00
 -9.25265E-01 -4.22907E-01  2.03880E-01  7.03980E-01  9.67105E-01      -1.00000E+00  1.00000E+00
 -9.34810E-01 -4.97432E-01  1.22808E-01  6.59540E-01  9.62075E-01      -1.00000E+00  1.00000E+00
 -4.52511E-01  2.95286E-01  6.95990E-01  9.02755E-01  9.89322E-01      -1.00000E+00  1.00000E+00
 -4.72199E-01  2.54980E-01  6.75120E-01  8.92833E-01  9.88505E-01      -1.00000E+00  1.00000E+00
 -5.16705E-01  2.00289E-01  6.35007E-01  8.80132E-01  9.87483E-01      -1.00000E+00  1.00000E+00
 -5.84392E-01  1.14785E-01  5.82555E-01  8.58270E-01  9.84507E-01      -1.00000E+00  1.00000E+00
 -7.62045E-01 -9.87657E-02  4.41852E-01  8.00320E-01  9.78058E-01      -1.00000E+00  1.00000E+00


    2.   4.00   74. 183.84  2.00E+03  6.00E+01  6.37E-01  4.26E-01     5   0.00

  5.33850E+02  1.15120E+03  1.49010E+03  1.70300E+03  1.85710E+03       5.01190E-02  1.96770E+03

  4.38980E-01  6.41035E-01  7.71490E-01  8.74245E-01  9.60905E-01       6.41200E-02  1.00000E+00
  3.94265E-01  6.00995E-01  7.41070E-01  8.55335E-01  9.54230E-01       5.87910E-02  1.00000E+00
  3.55040E-01  5.54180E-01  6.98210E-01  8.24995E-01  9.42350E-01       6.14440E-02  1.00000E+00
  3.04540E-01  4.86045E-01  6.31005E-01  7.71385E-01  9.20315E-01       4.95270E-02  1.00000E+00
  2.07695E-01  3.48710E-01  4.78740E-01  6.24480E-01  8.17290E-01       3.21570E-02  9.99990E-01

 -9.51535E-01 -5.89130E-01 -5.58750E-03  5.88850E-01  9.50890E-01      -1.00000E+00  1.00000E+00
 -9.51520E-01 -5.88888E-01 -7.90250E-05  5.90295E-01  9.51085E-01      -1.00000E+00  1.00000E+00
 -9.51720E-01 -5.83155E-01  2.45658E-03  5.87178E-01  9.51602E-01      -1.00000E+00  1.00000E+00
 -9.52117E-01 -5.90125E-01 -6.01263E-03  5.86523E-01  9.51518E-01      -1.00000E+00  1.00000E+00
 -9.52643E-01 -5.90788E-01 -4.36562E-03  5.79337E-01  9.49438E-01      -1.00000E+00  1.00000E+00
 -9.48015E-01 -5.60750E-01  2.83254E-02  6.06475E-01  9.53770E-01      -1.00000E+00  1.00000E+00
 -9.47630E-01 -5.66643E-01  2.96229E-02  6.10610E-01  9.54292E-01      -1.00000E+00  1.00000E+00
 -9.48847E-01 -5.72327E-01  2.50261E-02  6.06935E-01  9.53980E-01      -1.00000E+00  1.00000E+00
 -9.47585E-01 -5.76550E-01  2.02946E-02  6.03108E-01  9.52945E-01      -1.00000E+00  1.00000E+00
 -9.52753E-01 -5.88532E-01  1.00830E-03  5.83840E-01  9.50002E-01      -1.00000E+00  1.00000E+00
 -9.14175E-01 -3.96820E-01  2.43207E-01  7.26583E-01  9.69540E-01      -1.00000E+00  1.00000E+00
 -9.23312E-01 -4.24645E-01  2.05695E-01  7.08880E-01  9.67828E-01      -1.00000E+00  1.00000E+00
 -9.25643E-01 -4.37028E-01  1.93115E-01  6.98045E-01  9.66060E-01      -1.00000E+00  1.00000E+00
 -9.36643E-01 -4.82063E-01  1.39529E-01  6.75650E-01  9.61520E-01      -1.00000E+00  1.00000E+00
 -9.39512E-01 -5.28135E-01  8.55610E-02  6.39007E-01  9.58965E-01      -1.00000E+00  1.00000E+00
 -7.97270E-01  2.68950E-02  5.82540E-01  8.65705E-01  9.85592E-01      -1.00000E+00  1.00000E+00
 -8.03430E-01  5.36750E-03  5.63908E-01  8.58460E-01  9.85137E-01      -1.00000E+00  1.00000E+00
 -8.31593E-01 -7.89587E-02  4.96700E-01  8.31965E-01  9.81980E-01      -1.00000E+00  1.00000E+00
 -8.68260E-01 -1.90032E-01  4.22583E-01  8.02803E-01  9.78740E-01      -1.00000E+00  1.00000E+00
 -9.14765E-01 -3.82183E-01  2.54077E-01  7.31427E-01  9.70147E-01      -1.00000E+00  1.00000E+00
  5.46975E-02  6.31032E-01  8.58298E-01  9.56105E-01  9.95445E-01      -1.00000E+00  1.00000E+00
  6.84375E-02  6.18365E-01  8.50470E-01  9.53272E-01  9.95220E-01      -1.00000E+00  1.00000E+00
  2.33250E-02  5.66877E-01  8.21710E-01  9.43407E-01  9.93997E-01      -1.00000E+00  1.00000E+00
 -5.13075E-02  4.88727E-01  7.78850E-01  9.28340E-01  9.92310E-01      -1.00000E+00  1.00000E+00
 -2.03320E-01  3.03615E-01  6.61115E-01  8.81355E-01  9.86735E-01      -1.00000E+00  1.00000E+00


    2.   4.00   74. 183.84  2.00E+03  7.00E+01  7.05E-01  5.11E-01     5   0.00

  6.59440E+02  1.31760E+03  1.62920E+03  1.79730E+03  1.90920E+03       5.02410E-02  1.97770E+03

  4.29855E-01  6.33775E-01  7.66330E-01  8.71115E-01  9.59980E-01       4.28660E-02  1.00000E+00
  3.72355E-01  5.76660E-01  7.20705E-01  8.39630E-01  9.48200E-01       4.39650E-02  1.00000E+00
  3.07220E-01  4.92085E-01  6.37960E-01  7.78240E-01  9.22930E-01       5.38950E-02  1.00000E+00
  2.45310E-01  4.01595E-01  5.45225E-01  7.02020E-01  8.90145E-01       4.67200E-02  9.99990E-01
  1.53895E-01  2.58135E-01  3.64685E-01  4.96695E-01  6.94135E-01       2.91580E-02  9.99980E-01

 -9.52645E-01 -5.88697E-01  3.00612E-03  5.88985E-01  9.50690E-01      -1.00000E+00  1.00000E+00
 -9.51600E-01 -5.88823E-01 -1.35693E-03  5.83392E-01  9.51390E-01      -1.00000E+00  1.00000E+00
 -9.50340E-01 -5.89797E-01 -4.41757E-03  5.91685E-01  9.51745E-01      -1.00000E+00  1.00000E+00
 -9.50560E-01 -5.90110E-01 -3.75500E-04  5.86693E-01  9.52198E-01      -1.00000E+00  1.00000E+00
 -9.51638E-01 -5.79723E-01  1.01588E-02  5.93108E-01  9.52387E-01      -1.00000E+00  1.00000E+00
 -9.37720E-01 -5.08865E-01  1.05259E-01  6.48990E-01  9.58593E-01      -1.00000E+00  1.00000E+00
 -9.38667E-01 -5.22330E-01  8.73348E-02  6.42275E-01  9.57113E-01      -1.00000E+00  1.00000E+00
 -9.44483E-01 -5.41717E-01  6.65325E-02  6.35355E-01  9.58580E-01      -1.00000E+00  1.00000E+00
 -9.42815E-01 -5.38652E-01  6.56842E-02  6.33727E-01  9.56805E-01      -1.00000E+00  1.00000E+00
 -9.48052E-01 -5.68518E-01  2.98140E-02  6.05875E-01  9.52605E-01      -1.00000E+00  1.00000E+00
 -8.52623E-01 -1.27338E-01  4.73013E-01  8.23597E-01  9.81892E-01      -1.00000E+00  1.00000E+00
 -8.58260E-01 -1.58687E-01  4.46217E-01  8.15400E-01  9.80225E-01      -1.00000E+00  1.00000E+00
 -8.73933E-01 -2.12705E-01  4.01760E-01  7.93595E-01  9.77480E-01      -1.00000E+00  1.00000E+00
 -8.95970E-01 -3.04812E-01  3.26775E-01  7.62705E-01  9.74605E-01      -1.00000E+00  1.00000E+00
 -9.20385E-01 -4.25575E-01  2.03827E-01  7.02370E-01  9.66172E-01      -1.00000E+00  1.00000E+00
 -4.71072E-01  4.33438E-01  7.89563E-01  9.36570E-01  9.93615E-01      -1.00000E+00  1.00000E+00
 -4.46780E-01  4.10275E-01  7.67060E-01  9.28290E-01  9.92492E-01      -1.00000E+00  1.00000E+00
 -5.24223E-01  3.11740E-01  7.19860E-01  9.11173E-01  9.91233E-01      -1.00000E+00  1.00000E+00
 -6.58268E-01  1.39180E-01  6.30275E-01  8.80915E-01  9.87485E-01      -1.00000E+00  1.00000E+00
 -8.45568E-01 -2.11720E-01  3.99250E-01  7.92190E-01  9.77027E-01      -1.00000E+00  1.00000E+00
  5.85010E-01  8.59330E-01  9.48993E-01  9.84565E-01  9.98487E-01      -6.40500E-01  1.00000E+00
  5.70987E-01  8.40982E-01  9.37617E-01  9.80973E-01  9.98145E-01      -5.98690E-01  1.00000E+00
  5.36867E-01  8.11987E-01  9.24278E-01  9.76212E-01  9.97593E-01      -6.61540E-01  1.00000E+00
  5.05853E-01  7.72790E-01  9.03100E-01  9.68193E-01  9.96525E-01      -6.16990E-01  1.00000E+00
  4.60805E-01  7.45185E-01  8.80493E-01  9.59207E-01  9.95692E-01      -9.99950E-01  1.00000E+00


    2.   4.00   74. 183.84  2.00E+03  8.00E+01  8.12E-01  6.68E-01     5   0.00

  9.76510E+02  1.64030E+03  1.83990E+03  1.91860E+03  1.96020E+03       5.13630E-02  1.98470E+03

  4.08425E-01  6.11380E-01  7.48380E-01  8.59715E-01  9.55650E-01       5.91980E-02  1.00000E+00
  2.83345E-01  4.59510E-01  6.06895E-01  7.55180E-01  9.12450E-01       4.12500E-02  1.00000E+00
  1.88770E-01  3.16785E-01  4.54180E-01  6.26660E-01  8.61155E-01       4.25210E-02  1.00000E+00
  1.25925E-01  2.07610E-01  3.05800E-01  4.50525E-01  6.90010E-01       3.68470E-02  9.95480E-01
  8.08025E-02  1.26509E-01  1.80930E-01  2.58335E-01  3.88920E-01       2.10350E-02  7.37160E-01

 -9.49568E-01 -5.67565E-01  2.18311E-02  6.05868E-01  9.53550E-01      -1.00000E+00  1.00000E+00
 -9.49107E-01 -5.74663E-01  2.33781E-02  6.02540E-01  9.54140E-01      -1.00000E+00  1.00000E+00
 -9.46772E-01 -5.70022E-01  1.72364E-02  5.97040E-01  9.51543E-01      -1.00000E+00  1.00000E+00
 -9.48638E-01 -5.77348E-01  1.25751E-02  5.94015E-01  9.52037E-01      -1.00000E+00  1.00000E+00
 -9.51265E-01 -5.81457E-01 -4.71087E-04  5.92207E-01  9.52222E-01      -1.00000E+00  1.00000E+00
 -8.65123E-01 -1.15302E-01  4.90407E-01  8.32970E-01  9.82553E-01      -1.00000E+00  1.00000E+00
 -8.52118E-01 -1.22593E-01  4.73607E-01  8.23597E-01  9.81380E-01      -1.00000E+00  1.00000E+00
 -8.62860E-01 -1.77997E-01  4.19115E-01  8.01345E-01  9.78175E-01      -1.00000E+00  1.00000E+00
 -8.91358E-01 -2.71034E-01  3.52780E-01  7.70007E-01  9.74617E-01      -1.00000E+00  1.00000E+00
 -9.24370E-01 -4.27743E-01  1.99529E-01  7.04427E-01  9.67030E-01      -1.00000E+00  1.00000E+00
 -1.32825E-01  6.22010E-01  8.77075E-01  9.65885E-01  9.96545E-01      -1.00000E+00  1.00000E+00
 -1.38882E-01  6.09015E-01  8.60260E-01  9.59022E-01  9.95815E-01      -1.00000E+00  1.00000E+00
 -2.61489E-01  4.99488E-01  8.13633E-01  9.43320E-01  9.94273E-01      -1.00000E+00  1.00000E+00
 -4.07216E-01  2.97813E-01  7.13110E-01  9.11423E-01  9.90848E-01      -1.00000E+00  1.00000E+00
 -6.94243E-01 -8.87230E-02  4.56955E-01  8.12240E-01  9.80595E-01      -1.00000E+00  1.00000E+00
  7.40130E-01  9.36785E-01  9.78827E-01  9.94030E-01  9.99408E-01      -1.72310E-01  1.00000E+00
  6.88708E-01  9.10793E-01  9.68665E-01  9.90680E-01  9.99032E-01      -2.14890E-01  1.00000E+00
  6.20368E-01  8.71358E-01  9.52275E-01  9.85620E-01  9.98533E-01      -3.49650E-01  1.00000E+00
  5.62380E-01  8.05802E-01  9.21588E-01  9.75805E-01  9.97565E-01      -2.33240E-01  1.00000E+00
  6.03212E-01  7.87933E-01  8.99618E-01  9.66158E-01  9.96350E-01      -1.03410E-01  1.00000E+00
  9.40955E-01  9.83548E-01  9.94110E-01  9.98250E-01  9.99823E-01       5.68780E-01  1.00000E+00
  9.21610E-01  9.74878E-01  9.90668E-01  9.97188E-01  9.99707E-01       5.93430E-01  1.00000E+00
  9.04865E-01  9.65360E-01  9.86820E-01  9.95950E-01  9.99580E-01       5.53470E-01  1.00000E+00
  8.95093E-01  9.55470E-01  9.81125E-01  9.93918E-01  9.99343E-01       5.41020E-01  1.00000E+00
  9.09750E-01  9.59677E-01  9.82078E-01  9.94038E-01  9.99343E-01       6.68750E-01  1.00000E+00


    2.   4.00   74. 183.84  2.00E+03  8.50E+01  9.40E-01  8.78E-01     5   0.00

  1.72850E+03  1.92760E+03  1.95500E+03  1.96930E+03  1.97760E+03       5.05400E-02  1.98820E+03

  2.45870E-01  4.12950E-01  5.66235E-01  7.29700E-01  9.11145E-01       3.73190E-02  1.00000E+00
  9.37020E-02  1.46340E-01  2.24210E-01  3.69720E-01  6.52855E-01       3.00950E-02  9.94790E-01
  8.17115E-02  1.21650E-01  1.74680E-01  2.64780E-01  4.33680E-01       3.32630E-02  7.61380E-01
  6.57305E-02  9.04125E-02  1.19805E-01  1.67340E-01  2.65145E-01       2.35980E-02  5.59920E-01
  4.35415E-02  5.79460E-02  7.44975E-02  1.00486E-01  1.55655E-01       1.55880E-02  3.96250E-01

 -6.31332E-01  6.55925E-02  5.80015E-01  8.63495E-01  9.85372E-01      -1.00000E+00  1.00000E+00
 -6.57137E-01 -3.47500E-04  5.09960E-01  8.33270E-01  9.82128E-01      -1.00000E+00  1.00000E+00
 -7.42057E-01 -1.13838E-01  4.38762E-01  7.99230E-01  9.78238E-01      -1.00000E+00  1.00000E+00
 -8.27210E-01 -2.36673E-01  3.16274E-01  7.53952E-01  9.72187E-01      -1.00000E+00  1.00000E+00
 -8.97462E-01 -3.88310E-01  1.73876E-01  6.65725E-01  9.60030E-01      -1.00000E+00  1.00000E+00
  8.82020E-01  9.78407E-01  9.93472E-01  9.98210E-01  9.99823E-01      -8.50220E-02  1.00000E+00
  8.24295E-01  9.62893E-01  9.88075E-01  9.96690E-01  9.99675E-01      -9.58420E-02  1.00000E+00
  7.24850E-01  9.23878E-01  9.75380E-01  9.93012E-01  9.99308E-01      -2.90190E-02  1.00000E+00
  6.19897E-01  8.33983E-01  9.37972E-01  9.81905E-01  9.98128E-01      -1.28310E-01  1.00000E+00
  6.45605E-01  8.07203E-01  9.04085E-01  9.66703E-01  9.96350E-01       3.11950E-02  1.00000E+00
  9.62213E-01  9.91522E-01  9.97130E-01  9.99150E-01  9.99912E-01       6.15860E-01  1.00000E+00
  9.45485E-01  9.86280E-01  9.95245E-01  9.98597E-01  9.99858E-01       6.13420E-01  1.00000E+00
  9.15535E-01  9.76175E-01  9.91540E-01  9.97500E-01  9.99742E-01       5.92570E-01  1.00000E+00
  8.81648E-01  9.54637E-01  9.82448E-01  9.94622E-01  9.99448E-01       5.92600E-01  1.00000E+00
  9.00478E-01  9.52403E-01  9.78563E-01  9.92897E-01  9.99232E-01       6.56820E-01  1.00000E+00
  9.87005E-01  9.96052E-01  9.98468E-01  9.99525E-01  9.99950E-01       8.16180E-01  1.00000E+00
  9.83195E-01  9.95040E-01  9.98105E-01  9.99415E-01  9.99942E-01       7.94930E-01  1.00000E+00
  9.76008E-01  9.92680E-01  9.97247E-01  9.99158E-01  9.99915E-01       8.17340E-01  1.00000E+00
  9.64995E-01  9.88012E-01  9.95350E-01  9.98545E-01  9.99850E-01       8.18560E-01  1.00000E+00
  9.63457E-01  9.84575E-01  9.93365E-01  9.97845E-01  9.99770E-01       8.30960E-01  1.00000E+00
  9.97007E-01  9.98978E-01  9.99590E-01  9.99870E-01  9.99985E-01       9.28690E-01  1.00000E+00
  9.95570E-01  9.98525E-01  9.99410E-01  9.99810E-01  9.99980E-01       9.23170E-01  1.00000E+00
  9.93468E-01  9.97820E-01  9.99140E-01  9.99727E-01  9.99972E-01       9.15180E-01  1.00000E+00
  9.89862E-01  9.96435E-01  9.98595E-01  9.99557E-01  9.99955E-01       9.06120E-01  1.00000E+00
  9.86825E-01  9.94722E-01  9.97790E-01  9.99278E-01  9.99922E-01       9.14950E-01  1.00000E+00


    2.   4.00   74. 183.84  5.00E+03  0.00E+00  3.97E-01  2.07E-01     5   0.00

  7.67260E+02  1.90450E+03  2.74470E+03  3.45040E+03  4.17530E+03       5.52900E-02  4.74370E+03

  4.31630E-01  6.38605E-01  7.70680E-01  8.73530E-01  9.61040E-01       6.68510E-02  1.00000E+00
  4.03870E-01  6.17280E-01  7.56685E-01  8.65885E-01  9.58110E-01       2.94630E-02  1.00000E+00
  3.92810E-01  6.07890E-01  7.49350E-01  8.60985E-01  9.56605E-01       3.60120E-02  1.00000E+00
  3.81595E-01  5.93285E-01  7.34650E-01  8.50820E-01  9.52400E-01       2.79720E-02  9.99990E-01
  3.06430E-01  5.00495E-01  6.48470E-01  7.86785E-01  9.27960E-01       2.79310E-02  1.00000E+00

 -9.50460E-01 -5.81623E-01  4.92603E-03  5.90585E-01  9.50122E-01      -1.00000E+00  1.00000E+00
 -9.51052E-01 -5.91202E-01  6.97357E-03  5.97185E-01  9.51375E-01      -1.00000E+00  1.00000E+00
 -9.49935E-01 -5.91035E-01  7.71915E-03  5.78372E-01  9.49672E-01      -1.00000E+00  1.00000E+00
 -9.51055E-01 -5.77002E-01  1.43007E-02  5.91992E-01  9.52480E-01      -1.00000E+00  1.00000E+00
 -9.51030E-01 -5.92738E-01 -1.13194E-02  5.72330E-01  9.48618E-01      -1.00000E+00  1.00000E+00
 -9.51812E-01 -5.86870E-01 -3.25965E-04  5.89797E-01  9.52005E-01      -1.00000E+00  1.00000E+00
 -9.50630E-01 -5.82125E-01  7.34575E-03  5.88990E-01  9.50465E-01      -1.00000E+00  1.00000E+00
 -9.50137E-01 -5.93132E-01 -6.00273E-03  5.88097E-01  9.49335E-01      -1.00000E+00  1.00000E+00
 -9.52198E-01 -5.77052E-01  1.21686E-02  6.03992E-01  9.50562E-01      -1.00000E+00  1.00000E+00
 -9.51975E-01 -5.99120E-01 -9.11575E-03  5.79052E-01  9.47632E-01      -1.00000E+00  1.00000E+00
 -9.49255E-01 -5.75063E-01  2.25520E-02  5.98978E-01  9.52102E-01      -1.00000E+00  1.00000E+00
 -9.52748E-01 -5.90345E-01  1.44047E-03  5.95267E-01  9.50825E-01      -1.00000E+00  1.00000E+00
 -9.51582E-01 -5.86097E-01 -1.28907E-02  5.70225E-01  9.48533E-01      -1.00000E+00  1.00000E+00
 -9.50985E-01 -5.85380E-01  9.37440E-03  5.83787E-01  9.50237E-01      -1.00000E+00  1.00000E+00
 -9.53220E-01 -5.89993E-01 -4.09512E-03  5.88863E-01  9.51565E-01      -1.00000E+00  1.00000E+00
 -9.50317E-01 -5.73757E-01  1.95538E-02  6.02803E-01  9.53932E-01      -1.00000E+00  1.00000E+00
 -9.50612E-01 -5.87668E-01 -1.14474E-02  5.78018E-01  9.51017E-01      -1.00000E+00  1.00000E+00
 -9.52000E-01 -5.87202E-01 -6.05222E-03  5.81368E-01  9.50855E-01      -1.00000E+00  1.00000E+00
 -9.49975E-01 -5.95407E-01 -2.06937E-03  5.84458E-01  9.52400E-01      -1.00000E+00  1.00000E+00
 -9.49882E-01 -5.88723E-01 -3.57275E-04  5.92008E-01  9.49835E-01      -1.00000E+00  1.00000E+00
 -9.51782E-01 -5.91338E-01 -4.67009E-03  5.85640E-01  9.50330E-01      -1.00000E+00  1.00000E+00
 -9.51372E-01 -5.80970E-01  3.25687E-03  5.88192E-01  9.51237E-01      -1.00000E+00  1.00000E+00
 -9.51970E-01 -5.76555E-01  7.32708E-03  5.99430E-01  9.53705E-01      -1.00000E+00  1.00000E+00
 -9.47433E-01 -5.84490E-01  9.91577E-03  5.93545E-01  9.50200E-01      -1.00000E+00  1.00000E+00
 -9.52430E-01 -5.96137E-01 -9.64392E-03  5.74140E-01  9.46227E-01      -1.00000E+00  1.00000E+00


    2.   4.00   74. 183.84  5.00E+03  3.00E+01  4.42E-01  2.42E-01     5   0.00

  8.53790E+02  2.07340E+03  2.91850E+03  3.60860E+03  4.27980E+03       5.24790E-02  4.84320E+03

  4.29505E-01  6.35595E-01  7.69370E-01  8.73920E-01  9.60805E-01       4.71510E-02  1.00000E+00
  3.98645E-01  6.13915E-01  7.53625E-01  8.63635E-01  9.57380E-01       3.90610E-02  1.00000E+00
  3.87655E-01  6.00715E-01  7.42545E-01  8.56300E-01  9.54445E-01       3.68290E-02  1.00000E+00
  3.66905E-01  5.72795E-01  7.16070E-01  8.36760E-01  9.47075E-01       3.15710E-02  1.00000E+00
  2.84400E-01  4.69460E-01  6.17775E-01  7.60840E-01  9.14005E-01       2.95930E-02  1.00000E+00

 -9.53140E-01 -5.86497E-01 -7.32160E-03  5.90185E-01  9.48130E-01      -1.00000E+00  1.00000E+00
 -9.49850E-01 -5.87310E-01 -7.38972E-03  5.84148E-01  9.49720E-01      -1.00000E+00  1.00000E+00
 -9.50503E-01 -5.90345E-01 -1.10189E-02  5.85708E-01  9.49665E-01      -1.00000E+00  1.00000E+00
 -9.51205E-01 -5.89638E-01 -3.57098E-04  5.86715E-01  9.51025E-01      -1.00000E+00  1.00000E+00
 -9.51812E-01 -5.87002E-01  4.62750E-04  5.88505E-01  9.52125E-01      -1.00000E+00  1.00000E+00
 -9.51320E-01 -5.88182E-01 -5.47585E-03  5.85202E-01  9.49965E-01      -1.00000E+00  1.00000E+00
 -9.51072E-01 -5.79457E-01  8.66660E-03  5.96090E-01  9.53097E-01      -1.00000E+00  1.00000E+00
 -9.48175E-01 -5.90318E-01 -2.90798E-03  5.95310E-01  9.51900E-01      -1.00000E+00  1.00000E+00
 -9.48427E-01 -5.83085E-01 -2.17250E-04  5.91037E-01  9.50688E-01      -1.00000E+00  1.00000E+00
 -9.50405E-01 -5.89438E-01 -6.62530E-03  5.92213E-01  9.54670E-01      -1.00000E+00  1.00000E+00
 -9.42588E-01 -5.40425E-01  5.68995E-02  6.21750E-01  9.55265E-01      -1.00000E+00  1.00000E+00
 -9.46243E-01 -5.49295E-01  4.94005E-02  6.13120E-01  9.57043E-01      -1.00000E+00  1.00000E+00
 -9.47063E-01 -5.65600E-01  3.64958E-02  6.06297E-01  9.54035E-01      -1.00000E+00  1.00000E+00
 -9.45965E-01 -5.48283E-01  4.51620E-02  6.16355E-01  9.55337E-01      -1.00000E+00  1.00000E+00
 -9.49360E-01 -5.82495E-01  9.24120E-03  5.96505E-01  9.54278E-01      -1.00000E+00  1.00000E+00
 -9.17005E-01 -3.98788E-01  2.28140E-01  7.18390E-01  9.68468E-01      -1.00000E+00  1.00000E+00
 -9.21393E-01 -4.19600E-01  2.11577E-01  7.09085E-01  9.66697E-01      -1.00000E+00  1.00000E+00
 -9.30010E-01 -4.54178E-01  1.74085E-01  6.89410E-01  9.65842E-01      -1.00000E+00  1.00000E+00
 -9.31288E-01 -4.79505E-01  1.47897E-01  6.76585E-01  9.63817E-01      -1.00000E+00  1.00000E+00
 -9.41850E-01 -5.31195E-01  8.34938E-02  6.43942E-01  9.59065E-01      -1.00000E+00  1.00000E+00
 -7.85967E-01 -7.45750E-03  5.38830E-01  8.47875E-01  9.82903E-01      -1.00000E+00  1.00000E+00
 -7.94120E-01 -4.36525E-02  5.14615E-01  8.34117E-01  9.82553E-01      -1.00000E+00  1.00000E+00
 -8.25515E-01 -1.05841E-01  4.66085E-01  8.17445E-01  9.80100E-01      -1.00000E+00  1.00000E+00
 -8.58575E-01 -1.92174E-01  4.00965E-01  7.90135E-01  9.77060E-01      -1.00000E+00  1.00000E+00
 -9.13447E-01 -3.72542E-01  2.52510E-01  7.23738E-01  9.69253E-01      -1.00000E+00  1.00000E+00


    2.   4.00   74. 183.84  5.00E+03  4.50E+01  5.00E-01  2.92E-01     5   0.00

  9.88210E+02  2.30290E+03  3.15800E+03  3.81580E+03  4.41000E+03       5.06670E-02  4.89560E+03

  4.26040E-01  6.32295E-01  7.66710E-01  8.71275E-01  9.60200E-01       6.22070E-02  1.00000E+00
  3.94110E-01  6.07710E-01  7.48290E-01  8.60490E-01  9.56415E-01       3.85540E-02  1.00000E+00
  3.72580E-01  5.83715E-01  7.27445E-01  8.45675E-01  9.50695E-01       3.60190E-02  1.00000E+00
  3.40425E-01  5.39730E-01  6.85125E-01  8.14520E-01  9.38135E-01       3.64030E-02  9.99990E-01
  2.51700E-01  4.24120E-01  5.70235E-01  7.18410E-01  8.91155E-01       2.32850E-02  1.00000E+00

 -9.50205E-01 -5.83080E-01  3.68780E-03  5.95858E-01  9.51083E-01      -1.00000E+00  1.00000E+00
 -9.50708E-01 -5.92413E-01 -5.48650E-03  5.87550E-01  9.51035E-01      -1.00000E+00  1.00000E+00
 -9.50163E-01 -5.86245E-01  3.45380E-03  5.90568E-01  9.52285E-01      -1.00000E+00  1.00000E+00
 -9.50887E-01 -5.92285E-01 -1.62590E-03  5.91300E-01  9.53253E-01      -1.00000E+00  1.00000E+00
 -9.49760E-01 -5.86873E-01 -2.76803E-03  5.79210E-01  9.48442E-01      -1.00000E+00  1.00000E+00
 -9.47910E-01 -5.71930E-01  1.27202E-02  5.94842E-01  9.54163E-01      -1.00000E+00  1.00000E+00
 -9.49140E-01 -5.79477E-01  1.16374E-02  5.94240E-01  9.52393E-01      -1.00000E+00  1.00000E+00
 -9.51172E-01 -5.76065E-01  1.61615E-02  6.00417E-01  9.51310E-01      -1.00000E+00  1.00000E+00
 -9.50980E-01 -5.77658E-01  2.13138E-02  6.01853E-01  9.53820E-01      -1.00000E+00  1.00000E+00
 -9.48915E-01 -5.86410E-01  3.03772E-03  5.87217E-01  9.51817E-01      -1.00000E+00  1.00000E+00
 -9.30445E-01 -4.77607E-01  1.47290E-01  6.76060E-01  9.63063E-01      -1.00000E+00  1.00000E+00
 -9.34188E-01 -4.91240E-01  1.39257E-01  6.69690E-01  9.62712E-01      -1.00000E+00  1.00000E+00
 -9.38413E-01 -5.06047E-01  1.08067E-01  6.54628E-01  9.60597E-01      -1.00000E+00  1.00000E+00
 -9.40745E-01 -5.25293E-01  1.01656E-01  6.49030E-01  9.61765E-01      -1.00000E+00  1.00000E+00
 -9.46850E-01 -5.53495E-01  5.69552E-02  6.19023E-01  9.55495E-01      -1.00000E+00  1.00000E+00
 -8.70710E-01 -2.07382E-01  4.20890E-01  8.02240E-01  9.77855E-01      -1.00000E+00  1.00000E+00
 -8.82055E-01 -2.31750E-01  3.94372E-01  7.91972E-01  9.78628E-01      -1.00000E+00  1.00000E+00
 -8.93585E-01 -2.91150E-01  3.37345E-01  7.69215E-01  9.74328E-01      -1.00000E+00  1.00000E+00
 -9.06000E-01 -3.37660E-01  2.82040E-01  7.43715E-01  9.71780E-01      -1.00000E+00  1.00000E+00
 -9.31257E-01 -4.76258E-01  1.48843E-01  6.74907E-01  9.62642E-01      -1.00000E+00  1.00000E+00
 -4.66105E-01  3.47180E-01  7.31150E-01  9.12550E-01  9.90878E-01      -1.00000E+00  1.00000E+00
 -4.88882E-01  3.00636E-01  7.03102E-01  9.03985E-01  9.89827E-01      -1.00000E+00  1.00000E+00
 -5.47498E-01  2.34704E-01  6.69578E-01  8.92878E-01  9.88250E-01      -1.00000E+00  1.00000E+00
 -6.59042E-01  1.24257E-01  5.96530E-01  8.67362E-01  9.86230E-01      -1.00000E+00  1.00000E+00
 -8.21310E-01 -1.41913E-01  4.27473E-01  8.00813E-01  9.78052E-01      -1.00000E+00  1.00000E+00


    2.   4.00   74. 183.84  5.00E+03  6.00E+01  5.82E-01  3.74E-01     5   0.00

  1.22660E+03  2.67300E+03  3.53210E+03  4.11860E+03  4.58060E+03       5.01330E-02  4.93040E+03

  4.19120E-01  6.27235E-01  7.63255E-01  8.69695E-01  9.59440E-01       5.93740E-02  1.00000E+00
  3.80740E-01  5.94305E-01  7.36710E-01  8.52340E-01  9.53800E-01       3.48290E-02  1.00000E+00
  3.40440E-01  5.42670E-01  6.89040E-01  8.18145E-01  9.39780E-01       3.61060E-02  1.00000E+00
  2.89850E-01  4.71610E-01  6.18410E-01  7.61135E-01  9.14915E-01       2.83800E-02  1.00000E+00
  2.01130E-01  3.46580E-01  4.78985E-01  6.30570E-01  8.34020E-01       1.88580E-02  9.99990E-01

 -9.49835E-01 -5.85625E-01  1.62863E-02  5.85477E-01  9.51852E-01      -1.00000E+00  1.00000E+00
 -9.52107E-01 -5.81143E-01  7.94442E-03  5.92097E-01  9.51930E-01      -1.00000E+00  1.00000E+00
 -9.53808E-01 -5.83850E-01  3.92692E-03  5.89605E-01  9.50202E-01      -1.00000E+00  1.00000E+00
 -9.52645E-01 -5.90560E-01 -1.03748E-02  5.88018E-01  9.48740E-01      -1.00000E+00  1.00000E+00
 -9.52068E-01 -5.92812E-01 -9.17967E-03  5.85475E-01  9.48963E-01      -1.00000E+00  1.00000E+00
 -9.46343E-01 -5.44933E-01  6.95983E-02  6.27230E-01  9.55285E-01      -1.00000E+00  1.00000E+00
 -9.45443E-01 -5.53268E-01  5.04312E-02  6.16902E-01  9.55668E-01      -1.00000E+00  1.00000E+00
 -9.46163E-01 -5.51797E-01  5.82488E-02  6.23333E-01  9.53895E-01      -1.00000E+00  1.00000E+00
 -9.47760E-01 -5.55045E-01  3.76322E-02  6.06648E-01  9.53987E-01      -1.00000E+00  1.00000E+00
 -9.47937E-01 -5.69858E-01  2.02773E-02  5.95880E-01  9.52185E-01      -1.00000E+00  1.00000E+00
 -8.93450E-01 -2.77060E-01  3.41987E-01  7.66950E-01  9.74627E-01      -1.00000E+00  1.00000E+00
 -8.99622E-01 -3.08793E-01  3.19810E-01  7.54833E-01  9.72815E-01      -1.00000E+00  1.00000E+00
 -9.11892E-01 -3.63523E-01  2.69080E-01  7.37410E-01  9.72032E-01      -1.00000E+00  1.00000E+00
 -9.18910E-01 -4.12355E-01  2.16938E-01  7.12305E-01  9.67680E-01      -1.00000E+00  1.00000E+00
 -9.36885E-01 -5.01165E-01  1.28956E-01  6.63942E-01  9.63035E-01      -1.00000E+00  1.00000E+00
 -6.94142E-01  1.91940E-01  6.66835E-01  8.93985E-01  9.89130E-01      -1.00000E+00  1.00000E+00
 -7.20090E-01  1.39161E-01  6.28327E-01  8.83442E-01  9.88115E-01      -1.00000E+00  1.00000E+00
 -7.76092E-01  4.79253E-02  5.85885E-01  8.62928E-01  9.85308E-01      -1.00000E+00  1.00000E+00
 -8.36810E-01 -1.01994E-01  4.87425E-01  8.29870E-01  9.81797E-01      -1.00000E+00  1.00000E+00
 -8.99285E-01 -3.24695E-01  3.13455E-01  7.52215E-01  9.71952E-01      -1.00000E+00  1.00000E+00
  3.37675E-02  6.62940E-01  8.74343E-01  9.62325E-01  9.96047E-01      -1.00000E+00  1.00000E+00
  2.50400E-02  6.44400E-01  8.61757E-01  9.56962E-01  9.95490E-01      -1.00000E+00  1.00000E+00
 -6.69475E-02  5.72817E-01  8.26542E-01  9.45385E-01  9.94178E-01      -1.00000E+00  1.00000E+00
 -1.84605E-01  4.70055E-01  7.76832E-01  9.27680E-01  9.92587E-01      -1.00000E+00  1.00000E+00
 -4.31812E-01  1.96709E-01  6.21112E-01  8.74025E-01  9.85910E-01      -1.00000E+00  1.00000E+00


    2.   4.00   74. 183.84  5.00E+03  7.00E+01  6.54E-01  4.56E-01     5   0.00

  1.50230E+03  3.06770E+03  3.88800E+03  4.37660E+03  4.72030E+03       5.16140E-02  4.95250E+03

  4.11860E-01  6.23185E-01  7.59035E-01  8.66715E-01  9.58195E-01       4.13030E-02  1.00000E+00
  3.58430E-01  5.67510E-01  7.12325E-01  8.35720E-01  9.46815E-01       4.20630E-02  1.00000E+00
  2.93165E-01  4.79635E-01  6.27900E-01  7.70905E-01  9.20440E-01       3.33540E-02  1.00000E+00
  2.32645E-01  3.88620E-01  5.30045E-01  6.86170E-01  8.80370E-01       3.19450E-02  9.99990E-01
  1.51420E-01  2.64120E-01  3.77695E-01  5.21995E-01  7.38145E-01       1.59110E-02  1.00000E+00

 -9.48437E-01 -5.76915E-01  1.73044E-02  5.91558E-01  9.51542E-01      -1.00000E+00  1.00000E+00
 -9.51975E-01 -5.90005E-01 -7.38588E-03  5.76595E-01  9.51072E-01      -1.00000E+00  1.00000E+00
 -9.49167E-01 -5.86435E-01 -4.95765E-03  5.88377E-01  9.52802E-01      -1.00000E+00  1.00000E+00
 -9.51313E-01 -5.84555E-01  4.64013E-03  5.85858E-01  9.49815E-01      -1.00000E+00  1.00000E+00
 -9.51242E-01 -5.90090E-01  6.69793E-03  5.88358E-01  9.53993E-01      -1.00000E+00  1.00000E+00
 -9.27605E-01 -4.64555E-01  1.60372E-01  6.78265E-01  9.64232E-01      -1.00000E+00  1.00000E+00
 -9.31520E-01 -4.69973E-01  1.49189E-01  6.74998E-01  9.62385E-01      -1.00000E+00  1.00000E+00
 -9.35385E-01 -4.87940E-01  1.32254E-01  6.70045E-01  9.62065E-01      -1.00000E+00  1.00000E+00
 -9.39650E-01 -5.15620E-01  9.75415E-02  6.50050E-01  9.57583E-01      -1.00000E+00  1.00000E+00
 -9.46355E-01 -5.50125E-01  6.49270E-02  6.30415E-01  9.57875E-01      -1.00000E+00  1.00000E+00
 -7.85382E-01  3.03170E-02  5.76483E-01  8.62973E-01  9.85890E-01      -1.00000E+00  1.00000E+00
 -8.04425E-01 -2.72375E-02  5.36717E-01  8.47738E-01  9.83255E-01      -1.00000E+00  1.00000E+00
 -8.33305E-01 -9.49158E-02  4.91610E-01  8.28840E-01  9.82452E-01      -1.00000E+00  1.00000E+00
 -8.76138E-01 -2.09865E-01  4.01745E-01  7.90682E-01  9.78010E-01      -1.00000E+00  1.00000E+00
 -9.19500E-01 -3.97488E-01  2.29835E-01  7.16237E-01  9.67842E-01      -1.00000E+00  1.00000E+00
 -3.47573E-01  5.48528E-01  8.31993E-01  9.49248E-01  9.94770E-01      -1.00000E+00  1.00000E+00
 -3.81325E-01  4.99225E-01  8.05123E-01  9.39558E-01  9.93535E-01      -1.00000E+00  1.00000E+00
 -5.19633E-01  3.83610E-01  7.58268E-01  9.24608E-01  9.92305E-01      -1.00000E+00  1.00000E+00
 -6.78038E-01  2.12161E-01  6.73315E-01  8.96630E-01  9.89038E-01      -1.00000E+00  1.00000E+00
 -8.45200E-01 -1.46009E-01  4.54910E-01  8.10700E-01  9.79155E-01      -1.00000E+00  1.00000E+00
  5.36535E-01  8.59437E-01  9.48535E-01  9.84293E-01  9.98372E-01      -9.51460E-01  1.00000E+00
  4.97425E-01  8.33655E-01  9.36837E-01  9.80465E-01  9.97912E-01      -9.31370E-01  1.00000E+00
  4.26133E-01  7.92900E-01  9.18850E-01  9.74370E-01  9.97337E-01      -9.42810E-01  1.00000E+00
  3.33039E-01  7.32123E-01  8.90245E-01  9.64960E-01  9.96358E-01      -9.99930E-01  1.00000E+00
  8.40300E-02  5.60295E-01  7.99125E-01  9.33993E-01  9.93208E-01      -1.00000E+00  1.00000E+00


    2.   4.00   74. 183.84  5.00E+03  8.00E+01  7.55E-01  5.92E-01     5   0.00

  2.07970E+03  3.75960E+03  4.40870E+03  4.69870E+03  4.87730E+03       5.09940E-02  4.97080E+03

  3.97285E-01  6.06765E-01  7.45925E-01  8.58390E-01  9.55225E-01       4.28720E-02  1.00000E+00
  2.90015E-01  4.76570E-01  6.25370E-01  7.68890E-01  9.18645E-01       2.83470E-02  1.00000E+00
  1.93015E-01  3.31550E-01  4.67305E-01  6.30905E-01  8.52215E-01       2.38190E-02  1.00000E+00
  1.37355E-01  2.36985E-01  3.48685E-01  5.05695E-01  7.67885E-01       2.32990E-02  1.00000E+00
  7.79380E-02  1.36540E-01  2.05070E-01  3.03405E-01  4.82275E-01       1.08700E-02  9.37640E-01

 -9.47623E-01 -5.67617E-01  3.75654E-02  6.09112E-01  9.54045E-01      -1.00000E+00  1.00000E+00
 -9.46975E-01 -5.61590E-01  3.77744E-02  6.11050E-01  9.55027E-01      -1.00000E+00  1.00000E+00
 -9.49688E-01 -5.74488E-01  2.25468E-02  5.96853E-01  9.51313E-01      -1.00000E+00  1.00000E+00
 -9.49112E-01 -5.73832E-01  1.84940E-02  5.96982E-01  9.52413E-01      -1.00000E+00  1.00000E+00
 -9.48520E-01 -5.79950E-01  1.33977E-02  6.01155E-01  9.52613E-01      -1.00000E+00  1.00000E+00
 -8.11730E-01 -4.27150E-02  5.19205E-01  8.43027E-01  9.82540E-01      -1.00000E+00  1.00000E+00
 -8.32840E-01 -1.06463E-01  4.76790E-01  8.25520E-01  9.81240E-01      -1.00000E+00  1.00000E+00
 -8.58418E-01 -1.69683E-01  4.27225E-01  8.04887E-01  9.79497E-01      -1.00000E+00  1.00000E+00
 -8.88840E-01 -2.72455E-01  3.41525E-01  7.64023E-01  9.74392E-01      -1.00000E+00  1.00000E+00
 -9.20490E-01 -4.18607E-01  2.04980E-01  7.01438E-01  9.65413E-01      -1.00000E+00  1.00000E+00
 -2.32126E-01  6.47345E-01  8.76282E-01  9.63780E-01  9.96295E-01      -1.00000E+00  1.00000E+00
 -2.58972E-01  5.87128E-01  8.47720E-01  9.54575E-01  9.95290E-01      -1.00000E+00  1.00000E+00
 -4.25755E-01  4.86052E-01  8.02130E-01  9.38600E-01  9.93672E-01      -1.00000E+00  1.00000E+00
 -6.25475E-01  2.96360E-01  7.15125E-01  9.11725E-01  9.90908E-01      -1.00000E+00  1.00000E+00
 -8.37892E-01 -1.06300E-01  4.88635E-01  8.30450E-01  9.81772E-01      -1.00000E+00  1.00000E+00
  6.03475E-01  9.02497E-01  9.66330E-01  9.90063E-01  9.99020E-01      -8.16040E-01  1.00000E+00
  5.48650E-01  8.72590E-01  9.54455E-01  9.86570E-01  9.98555E-01      -8.10980E-01  1.00000E+00
  4.37768E-01  8.25320E-01  9.35295E-01  9.80438E-01  9.98025E-01      -8.38810E-01  1.00000E+00
  2.64319E-01  7.29080E-01  8.95620E-01  9.67455E-01  9.96722E-01      -9.43290E-01  1.00000E+00
 -8.17200E-02  4.32501E-01  7.45067E-01  9.17895E-01  9.91265E-01      -1.00000E+00  1.00000E+00
  9.05505E-01  9.75255E-01  9.91280E-01  9.97398E-01  9.99738E-01       2.43400E-01  1.00000E+00
  8.75343E-01  9.63273E-01  9.86413E-01  9.95880E-01  9.99580E-01       2.24490E-01  1.00000E+00
  8.43400E-01  9.49163E-01  9.80875E-01  9.94117E-01  9.99375E-01       1.84300E-01  1.00000E+00
  8.12330E-01  9.27170E-01  9.70943E-01  9.90840E-01  9.99018E-01       1.86930E-01  1.00000E+00
  8.14007E-01  9.15758E-01  9.62983E-01  9.87953E-01  9.98752E-01       2.30900E-01  1.00000E+00


    2.   4.00   74. 183.84  5.00E+03  8.50E+01  8.57E-01  7.50E-01     5   0.00

  3.06850E+03  4.52690E+03  4.80310E+03  4.89010E+03  4.94050E+03       5.09740E-02  4.97770E+03

  3.42700E-01  5.43645E-01  6.89575E-01  8.18290E-01  9.39700E-01       3.13570E-02  1.00000E+00
  1.53935E-01  2.72430E-01  4.01610E-01  5.73930E-01  8.29910E-01       2.46600E-02  1.00000E+00
  8.18490E-02  1.39570E-01  2.17300E-01  3.50680E-01  6.35525E-01       1.64300E-02  9.99980E-01
  6.06835E-02  9.68300E-02  1.45370E-01  2.29615E-01  4.20505E-01       1.55560E-02  8.20970E-01
  3.95385E-02  6.19270E-02  9.07210E-02  1.37185E-01  2.32200E-01       8.07250E-03  5.54330E-01

 -8.97485E-01 -3.19930E-01  2.78502E-01  7.31140E-01  9.68927E-01      -1.00000E+00  1.00000E+00
 -9.04887E-01 -3.64488E-01  2.39329E-01  7.10380E-01  9.65812E-01      -1.00000E+00  1.00000E+00
 -9.18243E-01 -4.08310E-01  2.06516E-01  7.02720E-01  9.64850E-01      -1.00000E+00  1.00000E+00
 -9.29208E-01 -4.55502E-01  1.67221E-01  6.73423E-01  9.62295E-01      -1.00000E+00  1.00000E+00
 -9.39843E-01 -5.26615E-01  8.65578E-02  6.41012E-01  9.57735E-01      -1.00000E+00  1.00000E+00
 -7.56250E-02  7.29527E-01  9.13177E-01  9.76180E-01  9.97575E-01      -1.00000E+00  1.00000E+00
 -6.45425E-02  6.86872E-01  8.90660E-01  9.67798E-01  9.96637E-01      -1.00000E+00  1.00000E+00
 -2.32449E-01  5.76882E-01  8.45097E-01  9.53200E-01  9.95127E-01      -1.00000E+00  1.00000E+00
 -4.60815E-01  3.88663E-01  7.64550E-01  9.28098E-01  9.92545E-01      -1.00000E+00  1.00000E+00
 -7.85395E-01 -1.01222E-01  4.70008E-01  8.23157E-01  9.81052E-01      -1.00000E+00  1.00000E+00
  8.71800E-01  9.74437E-01  9.91710E-01  9.97650E-01  9.99768E-01      -1.60420E-01  1.00000E+00
  8.24830E-01  9.59760E-01  9.86443E-01  9.96038E-01  9.99588E-01      -2.57200E-01  1.00000E+00
  7.34732E-01  9.30220E-01  9.76075E-01  9.92962E-01  9.99278E-01      -3.37970E-01  1.00000E+00
  5.91190E-01  8.65658E-01  9.50743E-01  9.85168E-01  9.98510E-01      -3.51620E-01  1.00000E+00
  5.01580E-01  7.48638E-01  8.87450E-01  9.62775E-01  9.96015E-01      -9.99730E-01  1.00000E+00
  9.66907E-01  9.92433E-01  9.97393E-01  9.99232E-01  9.99920E-01       5.21120E-01  1.00000E+00
  9.51395E-01  9.88065E-01  9.95805E-01  9.98745E-01  9.99875E-01       5.27080E-01  1.00000E+00
  9.20647E-01  9.79275E-01  9.92670E-01  9.97792E-01  9.99780E-01       4.80200E-01  1.00000E+00
  8.72495E-01  9.59515E-01  9.85047E-01  9.95505E-01  9.99548E-01       4.36130E-01  1.00000E+00
  8.59140E-01  9.37055E-01  9.73093E-01  9.91333E-01  9.99073E-01       5.47620E-01  1.00000E+00
  9.91440E-01  9.97607E-01  9.99100E-01  9.99715E-01  9.99972E-01       8.09810E-01  1.00000E+00
  9.85898E-01  9.95932E-01  9.98487E-01  9.99545E-01  9.99950E-01       8.03490E-01  1.00000E+00
  9.77718E-01  9.93225E-01  9.97505E-01  9.99223E-01  9.99923E-01       7.95510E-01  1.00000E+00
  9.67507E-01  9.88467E-01  9.95530E-01  9.98610E-01  9.99857E-01       8.08240E-01  1.00000E+00
  9.62413E-01  9.84855E-01  9.93547E-01  9.97890E-01  9.99777E-01       8.25790E-01  1.00000E+00



