He_on_Mo_0.00  also includes: pdf boundaries emin,emax, angmin, angmax....       
 
*  projectile surface binding energy parameter: 0.00 eV     
*  parameter esbparm only added in first of the 84 blocks 
 
 
    2.   4.00   42.  95.94  1.00E+00  0.00E+00  9.13E-01  6.12E-01  0.00E+00  5   0.00

  4.01190E-01  6.37780E-01  7.53550E-01  7.83310E-01  8.15920E-01       5.00000E-02  8.57870E-01

  5.29925E-01  7.04585E-01  8.13975E-01  8.98875E-01  9.69115E-01       7.31920E-02  1.00000E+00
  4.91190E-01  6.73705E-01  7.89265E-01  8.82045E-01  9.62305E-01       6.78420E-02  1.00000E+00
  4.09145E-01  6.09600E-01  7.40420E-01  8.51350E-01  9.51920E-01       1.52560E-02  1.00000E+00
  4.04400E-01  6.14865E-01  7.49430E-01  8.56645E-01  9.51605E-01       2.77480E-02  1.00000E+00
  3.71085E-01  5.67010E-01  7.04700E-01  8.25800E-01  9.39785E-01       3.24630E-02  1.00000E+00

 -9.51265E-01 -5.85093E-01  4.51693E-03  5.84635E-01  9.50645E-01      -1.00000E+00  1.00000E+00
 -9.50452E-01 -5.92810E-01  2.15768E-03  5.89420E-01  9.52320E-01      -1.00000E+00  1.00000E+00
 -9.51005E-01 -5.90623E-01 -3.32425E-04  5.84405E-01  9.51292E-01      -1.00000E+00  1.00000E+00
 -9.51658E-01 -5.86750E-01  1.14550E-04  5.89357E-01  9.50018E-01      -1.00000E+00  1.00000E+00
 -9.50948E-01 -5.85815E-01  9.98700E-04  5.80185E-01  9.49785E-01      -1.00000E+00  1.00000E+00
 -9.48882E-01 -5.82437E-01  1.69140E-03  5.89570E-01  9.50545E-01      -1.00000E+00  1.00000E+00
 -9.50873E-01 -5.92600E-01 -5.52690E-03  5.85650E-01  9.50650E-01      -1.00000E+00  1.00000E+00
 -9.51533E-01 -5.90842E-01 -1.74025E-03  5.84000E-01  9.48937E-01      -1.00000E+00  1.00000E+00
 -9.53028E-01 -5.87143E-01 -3.57523E-03  5.82577E-01  9.49500E-01      -1.00000E+00  1.00000E+00
 -9.50670E-01 -5.86377E-01  5.19675E-03  5.94365E-01  9.52265E-01      -1.00000E+00  1.00000E+00
 -9.49202E-01 -5.86725E-01  2.79607E-03  5.90930E-01  9.50420E-01      -1.00000E+00  1.00000E+00
 -9.50840E-01 -5.95838E-01 -6.89300E-03  5.85615E-01  9.52325E-01      -1.00000E+00  1.00000E+00
 -9.50362E-01 -5.92330E-01 -6.96659E-03  5.85363E-01  9.51343E-01      -1.00000E+00  1.00000E+00
 -9.50695E-01 -5.89125E-01  2.35130E-03  5.86732E-01  9.50573E-01      -1.00000E+00  1.00000E+00
 -9.51233E-01 -5.87178E-01 -1.57860E-03  5.86785E-01  9.50860E-01      -1.00000E+00  1.00000E+00
 -9.51025E-01 -5.82590E-01  7.79250E-05  5.89475E-01  9.50678E-01      -1.00000E+00  1.00000E+00
 -9.52822E-01 -5.91568E-01 -3.77080E-03  5.80653E-01  9.49923E-01      -1.00000E+00  1.00000E+00
 -9.50195E-01 -5.83612E-01  2.41160E-03  5.86902E-01  9.51893E-01      -1.00000E+00  1.00000E+00
 -9.51380E-01 -5.89665E-01 -2.71843E-03  5.92610E-01  9.50630E-01      -1.00000E+00  1.00000E+00
 -9.52035E-01 -5.97895E-01 -1.93420E-03  5.85668E-01  9.51025E-01      -1.00000E+00  1.00000E+00
 -9.50657E-01 -5.83657E-01  1.77154E-03  5.85823E-01  9.50945E-01      -1.00000E+00  1.00000E+00
 -9.52968E-01 -5.88583E-01  1.30305E-03  5.90800E-01  9.50995E-01      -1.00000E+00  1.00000E+00
 -9.49973E-01 -5.86985E-01  8.32500E-06  5.90777E-01  9.50447E-01      -1.00000E+00  1.00000E+00
 -9.51580E-01 -5.92565E-01 -4.61278E-03  5.82455E-01  9.51090E-01      -1.00000E+00  1.00000E+00
 -9.51505E-01 -5.87533E-01 -7.30275E-04  5.91158E-01  9.52225E-01      -1.00000E+00  1.00000E+00


    2.   4.00   42.  95.94  1.00E+00  3.00E+01  9.37E-01  6.71E-01     5   0.00

  4.59860E-01  6.90060E-01  7.78620E-01  8.16390E-01  8.73870E-01       5.00010E-02  9.65950E-01

  5.24615E-01  7.00285E-01  8.10545E-01  8.96685E-01  9.67970E-01       6.33590E-02  1.00000E+00
  4.78730E-01  6.63110E-01  7.80190E-01  8.74870E-01  9.59540E-01       4.09060E-02  1.00000E+00
  3.84975E-01  5.83630E-01  7.18960E-01  8.36275E-01  9.45185E-01       2.20040E-02  1.00000E+00
  4.17870E-01  6.13985E-01  7.45450E-01  8.54400E-01  9.52660E-01       3.90760E-02  1.00000E+00
  3.26875E-01  5.03835E-01  6.42690E-01  7.73570E-01  9.17145E-01       3.51250E-02  1.00000E+00

 -9.46075E-01 -5.72615E-01  2.69447E-02  6.08295E-01  9.54272E-01      -1.00000E+00  1.00000E+00
 -9.49692E-01 -5.81052E-01  7.97332E-03  5.91150E-01  9.51028E-01      -1.00000E+00  1.00000E+00
 -9.50795E-01 -5.82105E-01  6.57850E-03  5.92193E-01  9.50007E-01      -1.00000E+00  1.00000E+00
 -9.50477E-01 -5.86800E-01  4.35412E-03  5.92387E-01  9.49735E-01      -1.00000E+00  1.00000E+00
 -9.48650E-01 -5.80128E-01  1.07221E-02  5.92595E-01  9.51635E-01      -1.00000E+00  1.00000E+00
 -9.55783E-01 -6.25415E-01 -7.95308E-02  5.10807E-01  9.35947E-01      -1.00000E+00  1.00000E+00
 -9.57500E-01 -6.29792E-01 -7.15274E-02  5.34272E-01  9.42505E-01      -1.00000E+00  1.00000E+00
 -9.55682E-01 -6.22437E-01 -5.92275E-02  5.37058E-01  9.42475E-01      -1.00000E+00  1.00000E+00
 -9.54282E-01 -6.15978E-01 -4.51449E-02  5.55340E-01  9.44130E-01      -1.00000E+00  1.00000E+00
 -9.52333E-01 -5.95665E-01 -1.35442E-02  5.84028E-01  9.49752E-01      -1.00000E+00  1.00000E+00
 -9.84217E-01 -8.53765E-01 -5.61177E-01 -4.13753E-02  7.48025E-01      -1.00000E+00  1.00000E+00
 -9.81022E-01 -8.15395E-01 -4.57657E-01  1.38819E-01  8.53947E-01      -1.00000E+00  1.00000E+00
 -9.76600E-01 -7.90885E-01 -3.88895E-01  2.35715E-01  8.83352E-01      -1.00000E+00  1.00000E+00
 -9.72117E-01 -7.46725E-01 -3.03235E-01  3.37452E-01  9.09747E-01      -1.00000E+00  1.00000E+00
 -9.63207E-01 -6.76160E-01 -1.55020E-01  4.68023E-01  9.30577E-01      -1.00000E+00  1.00000E+00
 -9.62647E-01 -7.42570E-01 -3.41295E-01  2.77898E-01  8.84095E-01      -1.00000E+00  1.00000E+00
 -9.44767E-01 -6.77982E-01 -2.23726E-01  3.85540E-01  9.15855E-01      -1.00000E+00  1.00000E+00
 -9.31403E-01 -6.23952E-01 -1.65379E-01  4.40465E-01  9.26667E-01      -1.00000E+00  1.00000E+00
 -9.20538E-01 -5.81318E-01 -1.38228E-01  4.58122E-01  9.26843E-01      -1.00000E+00  1.00000E+00
 -9.23370E-01 -5.35310E-01 -4.37225E-02  5.11328E-01  9.37812E-01      -1.00000E+00  1.00000E+00
 -1.38670E-01  3.23118E-01  6.03520E-01  8.20435E-01  9.74880E-01      -1.00000E+00  1.00000E+00
 -1.80847E-01  3.53871E-01  6.69302E-01  8.77955E-01  9.85863E-01      -1.00000E+00  1.00000E+00
 -2.27525E-01  3.42268E-01  6.71335E-01  8.78528E-01  9.86035E-01      -1.00000E+00  1.00000E+00
 -3.38889E-01  2.73737E-01  6.40907E-01  8.73377E-01  9.85700E-01      -1.00000E+00  1.00000E+00
 -6.30510E-01  8.60000E-04  4.80472E-01  8.13227E-01  9.78880E-01      -1.00000E+00  1.00000E+00


    2.   4.00   42.  95.94  1.00E+00  4.50E+01  9.55E-01  7.41E-01     5   0.00

  5.45200E-01  7.65710E-01  8.21860E-01  8.69410E-01  9.36430E-01       5.00000E-02  9.80190E-01

  5.14465E-01  6.91180E-01  8.02700E-01  8.90500E-01  9.65490E-01       7.26910E-02  1.00000E+00
  4.12340E-01  6.04305E-01  7.32960E-01  8.42505E-01  9.47200E-01       3.10260E-02  1.00000E+00
  4.08930E-01  6.05290E-01  7.38125E-01  8.49235E-01  9.50990E-01       4.34060E-02  1.00000E+00
  4.38765E-01  6.32925E-01  7.62080E-01  8.64765E-01  9.54405E-01       4.72090E-02  1.00000E+00
  3.36825E-01  4.78030E-01  5.82760E-01  6.81395E-01  7.95325E-01       2.24380E-02  1.00000E+00

 -9.47475E-01 -5.70283E-01  3.22597E-02  5.98507E-01  9.53902E-01      -1.00000E+00  1.00000E+00
 -9.48022E-01 -5.73383E-01  1.92108E-02  5.97498E-01  9.52527E-01      -1.00000E+00  1.00000E+00
 -9.50275E-01 -5.78048E-01  1.10602E-02  5.95150E-01  9.52365E-01      -1.00000E+00  1.00000E+00
 -9.50287E-01 -5.84340E-01  1.23221E-02  5.91225E-01  9.52122E-01      -1.00000E+00  1.00000E+00
 -9.51330E-01 -5.84295E-01  1.32926E-02  5.97587E-01  9.51977E-01      -1.00000E+00  1.00000E+00
 -9.79837E-01 -8.22590E-01 -5.17895E-01 -3.87225E-02  6.80420E-01      -1.00000E+00  1.00000E+00
 -9.79020E-01 -8.02388E-01 -4.44815E-01  1.09157E-01  8.15477E-01      -1.00000E+00  1.00000E+00
 -9.75598E-01 -7.81432E-01 -3.88877E-01  2.06316E-01  8.62295E-01      -1.00000E+00  1.00000E+00
 -9.71805E-01 -7.42797E-01 -2.91598E-01  3.19808E-01  8.95788E-01      -1.00000E+00  1.00000E+00
 -9.64452E-01 -6.81040E-01 -1.68306E-01  4.65560E-01  9.30805E-01      -1.00000E+00  1.00000E+00
 -9.59495E-01 -7.66347E-01 -4.96818E-01  5.50500E-03  7.55522E-01      -1.00000E+00  1.00000E+00
 -9.55638E-01 -7.11242E-01 -3.82958E-01  1.64664E-01  8.47488E-01      -1.00000E+00  1.00000E+00
 -9.51313E-01 -6.70732E-01 -3.07412E-01  2.57021E-01  8.79670E-01      -1.00000E+00  1.00000E+00
 -9.36555E-01 -6.27962E-01 -2.37943E-01  3.28161E-01  9.03218E-01      -1.00000E+00  1.00000E+00
 -9.31275E-01 -5.86253E-01 -1.09958E-01  4.60863E-01  9.30320E-01      -1.00000E+00  1.00000E+00
 -5.42155E-01 -2.79865E-02  3.43920E-01  6.91397E-01  9.48248E-01      -1.00000E+00  1.00000E+00
 -6.36965E-01 -7.81223E-02  3.57880E-01  6.97100E-01  9.52838E-01      -1.00000E+00  1.00000E+00
 -7.17100E-01 -1.21204E-01  3.68900E-01  7.59103E-01  9.70775E-01      -1.00000E+00  1.00000E+00
 -8.36718E-01 -2.93307E-01  2.87328E-01  7.11893E-01  9.64752E-01      -1.00000E+00  1.00000E+00
 -9.17160E-01 -5.00452E-01  1.28916E-01  6.60927E-01  9.60455E-01      -1.00000E+00  1.00000E+00
  4.30180E-01  6.83457E-01  8.15405E-01  8.97885E-01  9.62208E-01      -7.97890E-01  1.00000E+00
  4.56950E-01  7.27477E-01  8.66400E-01  9.54017E-01  9.95050E-01      -8.53520E-01  1.00000E+00
  4.75680E-01  7.45360E-01  8.79243E-01  9.57083E-01  9.95227E-01      -8.30360E-01  1.00000E+00
  5.14730E-01  7.70537E-01  8.94142E-01  9.63545E-01  9.96103E-01      -8.36340E-01  1.00000E+00
  4.47419E-01  7.58838E-01  8.94360E-01  9.63825E-01  9.96258E-01      -9.99990E-01  1.00000E+00


    2.   4.00   42.  95.94  1.00E+00  6.00E+01  9.79E-01  8.40E-01     5   0.00

  7.03400E-01  8.40430E-01  9.04090E-01  9.43890E-01  9.66810E-01       5.00010E-02  9.86240E-01

  4.56050E-01  6.43315E-01  7.65755E-01  8.66585E-01  9.56440E-01       4.74700E-02  1.00000E+00
  4.14430E-01  5.96060E-01  7.22270E-01  8.32345E-01  9.39220E-01       4.15340E-02  1.00000E+00
  5.22975E-01  7.15720E-01  8.23295E-01  9.05785E-01  9.69745E-01       6.32620E-02  1.00000E+00
  4.51040E-01  5.77215E-01  6.67340E-01  7.63080E-01  8.42720E-01       8.23110E-02  1.00000E+00
  2.08550E-01  2.98625E-01  3.88390E-01  4.90980E-01  5.86425E-01       4.47590E-03  8.97990E-01

 -9.69185E-01 -7.26915E-01 -3.02052E-01  2.22142E-01  8.09915E-01      -1.00000E+00  1.00000E+00
 -9.66508E-01 -7.07488E-01 -2.53976E-01  3.23949E-01  8.84162E-01      -1.00000E+00  1.00000E+00
 -9.62983E-01 -6.94105E-01 -2.13292E-01  3.88900E-01  9.09353E-01      -1.00000E+00  1.00000E+00
 -9.61745E-01 -6.71655E-01 -1.58595E-01  4.56470E-01  9.27677E-01      -1.00000E+00  1.00000E+00
 -9.58315E-01 -6.41640E-01 -9.17076E-02  5.21110E-01  9.38750E-01      -1.00000E+00  1.00000E+00
 -9.52340E-01 -7.04730E-01 -3.67859E-01  7.77625E-02  7.20045E-01      -1.00000E+00  1.00000E+00
 -9.70403E-01 -7.38668E-01 -3.26012E-01  1.85203E-01  8.24242E-01      -1.00000E+00  1.00000E+00
 -9.72145E-01 -7.40833E-01 -2.81586E-01  2.77140E-01  8.71847E-01      -1.00000E+00  1.00000E+00
 -9.71815E-01 -7.34918E-01 -2.36699E-01  3.64970E-01  9.01292E-01      -1.00000E+00  1.00000E+00
 -9.64158E-01 -6.74303E-01 -1.28088E-01  4.85785E-01  9.37978E-01      -1.00000E+00  1.00000E+00
 -3.63130E-01  2.11250E-03  2.92596E-01  5.57945E-01  8.56598E-01      -9.99980E-01  1.00000E+00
 -3.91538E-01  9.18000E-03  3.42876E-01  6.44862E-01  9.24750E-01      -1.00000E+00  1.00000E+00
 -4.40280E-01 -4.87975E-02  2.87055E-01  6.10100E-01  8.97155E-01      -1.00000E+00  1.00000E+00
 -5.00889E-01 -8.50875E-02  2.78438E-01  6.44423E-01  9.22400E-01      -1.00000E+00  1.00000E+00
 -7.45857E-01 -1.98710E-01  2.54690E-01  6.60362E-01  9.57030E-01      -1.00000E+00  1.00000E+00
  3.56302E-01  6.55358E-01  7.53693E-01  8.23475E-01  9.30475E-01      -6.09770E-01  1.00000E+00
  4.83940E-01  8.04480E-01  9.15405E-01  9.67318E-01  9.94718E-01      -4.15120E-01  1.00000E+00
  5.13770E-01  6.98238E-01  8.64847E-01  9.55705E-01  9.95485E-01      -5.45100E-01  1.00000E+00
  6.07490E-01  7.82395E-01  8.78165E-01  9.50825E-01  9.94315E-01      -6.16050E-01  1.00000E+00
  6.11997E-01  8.37735E-01  9.30203E-01  9.76395E-01  9.97410E-01      -9.99940E-01  1.00000E+00
  8.36882E-01  9.18805E-01  9.48892E-01  9.68782E-01  9.86155E-01       6.53470E-02  1.00000E+00
  8.14723E-01  9.44527E-01  9.75128E-01  9.91667E-01  9.99130E-01       1.78760E-01  1.00000E+00
  8.05413E-01  9.00225E-01  9.57040E-01  9.84635E-01  9.98303E-01       2.20340E-01  1.00000E+00
  8.29230E-01  9.15223E-01  9.59877E-01  9.85703E-01  9.98380E-01       3.08970E-01  1.00000E+00
  8.92730E-01  9.50972E-01  9.77930E-01  9.92705E-01  9.99218E-01       3.81210E-01  1.00000E+00


    2.   4.00   42.  95.94  1.00E+00  7.00E+01  9.93E-01  9.06E-01     5   0.00

  8.19160E-01  9.09930E-01  9.48010E-01  9.67430E-01  9.83090E-01       5.00120E-02  9.91170E-01

  4.19760E-01  6.03670E-01  7.27855E-01  8.35690E-01  9.41260E-01       3.21750E-02  1.00000E+00
  5.48565E-01  7.37950E-01  8.38380E-01  9.12280E-01  9.72280E-01       7.37020E-02  1.00000E+00
  4.96965E-01  6.35985E-01  7.03415E-01  7.87895E-01  8.73125E-01       7.90280E-02  9.99980E-01
  3.42395E-01  4.34955E-01  4.87785E-01  5.73265E-01  6.76465E-01       5.08370E-02  9.10610E-01
  1.30347E-01  1.75054E-01  2.09620E-01  2.49955E-01  3.43750E-01       5.73630E-03  5.98540E-01

 -9.83910E-01 -8.51538E-01 -5.55612E-01 -2.82188E-02  7.28202E-01      -1.00000E+00  1.00000E+00
 -9.80283E-01 -8.16940E-01 -4.38458E-01  1.82986E-01  8.56278E-01      -1.00000E+00  1.00000E+00
 -9.76622E-01 -7.90830E-01 -3.64975E-01  2.88398E-01  8.99260E-01      -1.00000E+00  1.00000E+00
 -9.72718E-01 -7.44900E-01 -2.76292E-01  3.76170E-01  9.14020E-01      -1.00000E+00  1.00000E+00
 -9.62710E-01 -6.65345E-01 -1.17543E-01  5.13443E-01  9.39885E-01      -1.00000E+00  1.00000E+00
 -4.01080E-01 -6.55975E-02  2.03018E-01  4.75252E-01  8.44803E-01      -1.00000E+00  1.00000E+00
 -4.38635E-01 -9.68375E-02  1.97125E-01  4.76250E-01  8.12128E-01      -1.00000E+00  1.00000E+00
 -4.47111E-01 -9.63275E-02  2.21533E-01  5.34800E-01  8.52172E-01      -1.00000E+00  1.00000E+00
 -5.02657E-01 -1.36397E-01  1.94408E-01  5.29465E-01  8.34020E-01      -1.00000E+00  1.00000E+00
 -7.41655E-01 -2.38839E-01  2.01930E-01  6.48965E-01  9.53670E-01      -1.00000E+00  1.00000E+00
  3.42215E-01  6.36443E-01  7.11877E-01  7.71000E-01  9.15320E-01      -3.99010E-01  1.00000E+00
  4.75548E-01  8.02020E-01  8.79997E-01  9.27850E-01  9.70058E-01      -4.02770E-01  1.00000E+00
  5.35070E-01  8.23575E-01  9.42455E-01  9.80470E-01  9.97873E-01      -3.32090E-01  1.00000E+00
  5.66175E-01  7.20370E-01  8.45162E-01  9.51020E-01  9.94930E-01      -5.13490E-01  1.00000E+00
  6.26785E-01  8.36763E-01  9.22270E-01  9.72120E-01  9.96935E-01      -9.99880E-01  1.00000E+00
  7.63342E-01  8.44078E-01  8.74080E-01  8.99165E-01  9.31562E-01       1.05110E-01  1.00000E+00
  8.69085E-01  9.36945E-01  9.65678E-01  9.83117E-01  9.95295E-01       1.62010E-01  1.00000E+00
  8.16362E-01  9.59122E-01  9.80972E-01  9.93448E-01  9.99302E-01       2.09360E-01  1.00000E+00
  7.76398E-01  8.74648E-01  9.44090E-01  9.83200E-01  9.98290E-01       2.52150E-01  1.00000E+00
  8.77853E-01  9.39078E-01  9.70665E-01  9.89765E-01  9.98883E-01       3.69950E-01  1.00000E+00
  9.28215E-01  9.52165E-01  9.64987E-01  9.74392E-01  9.83250E-01       6.41650E-01  1.00000E+00
  9.48555E-01  9.75042E-01  9.88247E-01  9.95400E-01  9.99275E-01       6.95670E-01  1.00000E+00
  9.56703E-01  9.78557E-01  9.90270E-01  9.96783E-01  9.99655E-01       7.18060E-01  1.00000E+00
  9.55015E-01  9.84768E-01  9.93030E-01  9.97660E-01  9.99740E-01       7.36820E-01  1.00000E+00
  9.46178E-01  9.71035E-01  9.86278E-01  9.95575E-01  9.99550E-01       7.88250E-01  1.00000E+00


    2.   4.00   42.  95.94  1.00E+00  8.00E+01  9.99E-01  9.58E-01     5   0.00

  9.13590E-01  9.54770E-01  9.72980E-01  9.82930E-01  9.89060E-01       5.00140E-02  9.91170E-01

  5.56205E-01  7.30510E-01  8.27265E-01  9.04675E-01  9.71130E-01       4.58330E-02  1.00000E+00
  5.54565E-01  6.83560E-01  7.37875E-01  7.92110E-01  8.87295E-01       9.08650E-02  9.99980E-01
  3.94705E-01  4.90990E-01  5.32135E-01  5.65770E-01  6.42650E-01       4.60160E-02  8.64950E-01
  2.74540E-01  3.45015E-01  3.77895E-01  3.98890E-01  4.27215E-01       4.73160E-02  6.78320E-01
  1.84230E-01  2.35915E-01  2.60960E-01  2.76570E-01  2.96775E-01       2.95860E-02  3.44510E-01

 -5.01243E-01 -2.98085E-01 -5.74325E-02  2.24706E-01  6.98045E-01      -1.00000E+00  1.00000E+00
 -4.83016E-01 -2.38162E-01  3.54500E-02  3.34453E-01  7.28365E-01      -1.00000E+00  1.00000E+00
 -4.58619E-01 -1.68355E-01  1.24535E-01  4.16041E-01  7.76640E-01      -1.00000E+00  1.00000E+00
 -5.32189E-01 -2.05235E-01  8.02600E-02  4.08598E-01  7.53537E-01      -1.00000E+00  1.00000E+00
 -7.57893E-01 -3.07130E-01  1.16578E-01  5.22337E-01  8.45283E-01      -1.00000E+00  1.00000E+00
  4.61553E-01  6.73680E-01  7.26260E-01  7.70560E-01  8.66812E-01      -2.36490E-01  1.00000E+00
  5.75102E-01  8.14928E-01  8.74238E-01  9.13597E-01  9.51677E-01      -2.37120E-01  1.00000E+00
  6.69945E-01  9.00663E-01  9.54358E-01  9.84600E-01  9.98343E-01      -2.48150E-01  1.00000E+00
  5.99562E-01  8.09540E-01  9.23730E-01  9.76962E-01  9.97925E-01      -3.08600E-01  1.00000E+00
  6.96152E-01  8.34427E-01  9.13375E-01  9.67520E-01  9.96275E-01      -9.99570E-01  1.00000E+00
  8.11377E-01  8.41975E-01  8.62375E-01  8.80465E-01  9.01990E-01       2.70250E-01  1.00000E+00
  8.88800E-01  9.19110E-01  9.39592E-01  9.54555E-01  9.69085E-01       3.15730E-01  1.00000E+00
  9.29355E-01  9.62568E-01  9.81575E-01  9.92725E-01  9.98837E-01       4.24230E-01  1.00000E+00
  9.48873E-01  9.73920E-01  9.87797E-01  9.95772E-01  9.99548E-01       3.54150E-01  1.00000E+00
  8.50093E-01  9.48722E-01  9.77413E-01  9.92055E-01  9.99108E-01       3.73000E-01  1.00000E+00
  8.98238E-01  9.12687E-01  9.22835E-01  9.31833E-01  9.42535E-01       6.67150E-01  9.51400E-01
  9.40897E-01  9.53943E-01  9.63585E-01  9.71073E-01  9.78148E-01       7.30160E-01  9.82350E-01
  9.63102E-01  9.78027E-01  9.87500E-01  9.93622E-01  9.97658E-01       7.53810E-01  9.99560E-01
  9.74240E-01  9.85737E-01  9.93178E-01  9.97617E-01  9.99737E-01       7.66800E-01  1.00000E+00
  9.68743E-01  9.89123E-01  9.96047E-01  9.98660E-01  9.99855E-01       7.78900E-01  1.00000E+00
  9.41623E-01  9.49948E-01  9.55825E-01  9.61058E-01  9.67187E-01       8.92720E-01  9.63100E-01
  9.65967E-01  9.73325E-01  9.78853E-01  9.83182E-01  9.87258E-01       9.47000E-01  9.86740E-01
  9.78578E-01  9.86938E-01  9.92477E-01  9.96067E-01  9.98400E-01       9.64000E-01  9.99670E-01
  9.84965E-01  9.91653E-01  9.95978E-01  9.98590E-01  9.99845E-01       9.73250E-01  1.00000E+00
  9.92448E-01  9.95912E-01  9.98047E-01  9.99315E-01  9.99928E-01       9.82550E-01  1.00000E+00


    2.   4.00   42.  95.94  1.00E+00  8.50E+01  1.00E+00  9.74E-01     5   0.00

  9.47580E-01  9.71850E-01  9.81550E-01  9.86690E-01  9.89950E-01       5.81380E-02  9.91170E-01

  6.60460E-01  7.90830E-01  8.44540E-01  8.98145E-01  9.58275E-01       6.46470E-02  1.00000E+00
  4.96880E-01  5.82320E-01  6.16965E-01  6.45075E-01  6.86855E-01       1.06240E-01  9.22200E-01
  3.82475E-01  4.52105E-01  4.83550E-01  5.01040E-01  5.23160E-01       8.93930E-02  7.53080E-01
  3.06885E-01  3.66450E-01  3.94185E-01  4.08655E-01  4.25155E-01       8.30190E-02  4.61910E-01
  2.51490E-01  3.02540E-01  3.26965E-01  3.39680E-01  3.52975E-01       6.56250E-02  3.81990E-01

 -1.96652E-01  1.07038E-01  3.94983E-01  6.28722E-01  7.54755E-01      -1.00000E+00  1.00000E+00
 -2.99500E-02  4.78346E-01  7.19435E-01  8.54785E-01  9.19725E-01      -1.00000E+00  9.99990E-01
  4.46400E-02  5.94595E-01  8.37587E-01  9.53405E-01  9.95215E-01      -1.00000E+00  1.00000E+00
 -6.44325E-02  4.57699E-01  7.01865E-01  8.89525E-01  9.87860E-01      -1.00000E+00  1.00000E+00
 -7.26975E-02  3.91080E-01  7.00965E-01  8.88493E-01  9.87285E-01      -1.00000E+00  1.00000E+00
  8.01743E-01  8.36495E-01  8.59570E-01  8.78867E-01  9.00743E-01       3.41090E-01  9.99990E-01
  8.80015E-01  9.17790E-01  9.40397E-01  9.55668E-01  9.69585E-01       3.68110E-01  1.00000E+00
  9.20050E-01  9.60542E-01  9.81002E-01  9.92412E-01  9.98452E-01       4.84990E-01  1.00000E+00
  9.38135E-01  9.68545E-01  9.85600E-01  9.95210E-01  9.99457E-01       4.90870E-01  1.00000E+00
  8.95565E-01  9.58410E-01  9.83230E-01  9.95348E-01  9.99525E-01       5.57030E-01  1.00000E+00
  8.90245E-01  9.05330E-01  9.15360E-01  9.24347E-01  9.35195E-01       6.60120E-01  9.62190E-01
  9.39810E-01  9.51263E-01  9.60028E-01  9.66865E-01  9.73940E-01       7.22150E-01  9.98770E-01
  9.63250E-01  9.76610E-01  9.85465E-01  9.91362E-01  9.95725E-01       7.49410E-01  9.96720E-01
  9.75510E-01  9.86528E-01  9.93565E-01  9.97768E-01  9.99758E-01       7.56330E-01  1.00000E+00
  9.75762E-01  9.92585E-01  9.96552E-01  9.98805E-01  9.99865E-01       7.69930E-01  1.00000E+00
  9.25865E-01  9.35595E-01  9.41795E-01  9.47365E-01  9.54195E-01       8.66370E-01  9.50070E-01
  9.60562E-01  9.66838E-01  9.71720E-01  9.75845E-01  9.80388E-01       9.41600E-01  9.80200E-01
  9.76387E-01  9.83442E-01  9.88565E-01  9.92312E-01  9.95515E-01       9.62770E-01  9.96300E-01
  9.85147E-01  9.91712E-01  9.95968E-01  9.98607E-01  9.99845E-01       9.74190E-01  1.00000E+00
  9.92587E-01  9.96033E-01  9.98082E-01  9.99325E-01  9.99923E-01       9.83220E-01  1.00000E+00
  9.47302E-01  9.53940E-01  9.58165E-01  9.61905E-01  9.66580E-01       9.03900E-01  9.63570E-01
  9.72315E-01  9.76230E-01  9.79360E-01  9.82070E-01  9.85167E-01       9.59940E-01  9.85070E-01
  9.83657E-01  9.87930E-01  9.91155E-01  9.93695E-01  9.95993E-01       9.74890E-01  9.96580E-01
  9.90150E-01  9.94388E-01  9.97278E-01  9.99047E-01  9.99892E-01       9.83430E-01  1.00000E+00
  9.95127E-01  9.97323E-01  9.98702E-01  9.99545E-01  9.99950E-01       9.89230E-01  1.00000E+00


    2.   4.00   42.  95.94  2.00E+00  0.00E+00  9.01E-01  6.21E-01     5   0.00

  8.13780E-01  1.34150E+00  1.53460E+00  1.61040E+00  1.69060E+00       5.00080E-02  1.78850E+00

  5.60245E-01  7.28195E-01  8.30835E-01  9.08590E-01  9.72350E-01       7.52640E-02  1.00000E+00
  5.21845E-01  6.94630E-01  8.03005E-01  8.89390E-01  9.64930E-01       8.63830E-02  1.00000E+00
  4.64745E-01  6.44545E-01  7.62105E-01  8.61315E-01  9.54425E-01       2.79330E-02  1.00000E+00
  4.33290E-01  6.30705E-01  7.61215E-01  8.66825E-01  9.59380E-01       3.28070E-02  1.00000E+00
  3.61185E-01  5.28370E-01  6.46035E-01  7.53700E-01  8.68350E-01       2.86740E-02  9.99990E-01

 -9.50940E-01 -5.83570E-01 -3.49257E-03  5.86380E-01  9.50720E-01      -1.00000E+00  1.00000E+00
 -9.51677E-01 -5.88475E-01  1.02315E-03  5.84800E-01  9.50802E-01      -1.00000E+00  1.00000E+00
 -9.51505E-01 -5.84547E-01  7.43523E-03  5.87827E-01  9.49083E-01      -1.00000E+00  1.00000E+00
 -9.49995E-01 -5.87820E-01 -2.78127E-03  5.86603E-01  9.50810E-01      -1.00000E+00  1.00000E+00
 -9.49790E-01 -5.86298E-01  9.69525E-03  5.90475E-01  9.53512E-01      -1.00000E+00  1.00000E+00
 -9.50192E-01 -5.85655E-01 -3.00530E-03  5.92290E-01  9.53005E-01      -1.00000E+00  1.00000E+00
 -9.53533E-01 -5.91622E-01  6.20625E-04  5.91633E-01  9.50250E-01      -1.00000E+00  1.00000E+00
 -9.50440E-01 -5.91588E-01 -3.25445E-03  5.87960E-01  9.50468E-01      -1.00000E+00  1.00000E+00
 -9.51370E-01 -5.95500E-01 -1.20697E-02  5.79473E-01  9.47715E-01      -1.00000E+00  1.00000E+00
 -9.51345E-01 -5.88113E-01  5.86930E-03  5.98337E-01  9.52995E-01      -1.00000E+00  1.00000E+00
 -9.52908E-01 -5.87610E-01 -7.18590E-03  5.84225E-01  9.50877E-01      -1.00000E+00  1.00000E+00
 -9.49938E-01 -5.84255E-01 -3.60723E-03  5.86040E-01  9.51472E-01      -1.00000E+00  1.00000E+00
 -9.50368E-01 -5.84688E-01  3.98997E-03  5.87870E-01  9.49483E-01      -1.00000E+00  1.00000E+00
 -9.51095E-01 -5.88015E-01 -2.71675E-04  5.83522E-01  9.50028E-01      -1.00000E+00  1.00000E+00
 -9.50290E-01 -5.82952E-01  7.28538E-03  5.86557E-01  9.51697E-01      -1.00000E+00  1.00000E+00
 -9.51660E-01 -5.82408E-01  3.83175E-03  5.83767E-01  9.50662E-01      -1.00000E+00  1.00000E+00
 -9.50855E-01 -5.82128E-01  7.20687E-03  5.95723E-01  9.52740E-01      -1.00000E+00  1.00000E+00
 -9.49688E-01 -5.90415E-01  8.30959E-03  5.90655E-01  9.50615E-01      -1.00000E+00  1.00000E+00
 -9.51693E-01 -5.89202E-01 -5.76200E-03  5.87075E-01  9.52192E-01      -1.00000E+00  1.00000E+00
 -9.47773E-01 -5.78137E-01  5.35757E-03  5.92927E-01  9.50485E-01      -1.00000E+00  1.00000E+00
 -9.51178E-01 -5.84692E-01  3.51732E-04  5.87042E-01  9.50115E-01      -1.00000E+00  1.00000E+00
 -9.48972E-01 -5.81233E-01  2.52760E-03  5.82645E-01  9.50435E-01      -1.00000E+00  1.00000E+00
 -9.50728E-01 -5.83827E-01  3.04043E-03  5.94633E-01  9.50950E-01      -1.00000E+00  1.00000E+00
 -9.50285E-01 -5.85672E-01  6.86835E-03  5.87938E-01  9.48850E-01      -1.00000E+00  1.00000E+00
 -9.50445E-01 -5.92453E-01 -7.38855E-03  5.85265E-01  9.51110E-01      -1.00000E+00  1.00000E+00


    2.   4.00   42.  95.94  2.00E+00  3.00E+01  9.27E-01  6.76E-01     5   0.00

  9.49560E-01  1.42010E+00  1.58850E+00  1.67360E+00  1.76310E+00       5.00100E-02  1.93960E+00

  5.53885E-01  7.23235E-01  8.25920E-01  9.05220E-01  9.70725E-01       8.95600E-02  1.00000E+00
  5.16010E-01  6.86815E-01  7.95180E-01  8.83215E-01  9.62230E-01       7.81660E-02  1.00000E+00
  4.25295E-01  6.11400E-01  7.36625E-01  8.45005E-01  9.48120E-01       3.91320E-02  1.00000E+00
  4.38045E-01  6.23465E-01  7.48415E-01  8.54535E-01  9.53180E-01       4.72640E-02  1.00000E+00
  3.28910E-01  4.85505E-01  6.02980E-01  7.19290E-01  8.68520E-01       2.32410E-02  1.00000E+00

 -9.50470E-01 -5.68695E-01  2.51101E-02  6.05443E-01  9.53500E-01      -1.00000E+00  1.00000E+00
 -9.48182E-01 -5.74137E-01  2.08199E-02  6.01352E-01  9.51298E-01      -1.00000E+00  1.00000E+00
 -9.50272E-01 -5.74700E-01  1.65847E-02  5.93825E-01  9.50560E-01      -1.00000E+00  1.00000E+00
 -9.50043E-01 -5.89465E-01  8.73059E-03  5.94222E-01  9.51060E-01      -1.00000E+00  1.00000E+00
 -9.50835E-01 -5.86232E-01  8.40525E-04  5.92523E-01  9.51732E-01      -1.00000E+00  1.00000E+00
 -9.59345E-01 -6.45473E-01 -9.92958E-02  5.03015E-01  9.36210E-01      -1.00000E+00  1.00000E+00
 -9.57955E-01 -6.37243E-01 -8.53997E-02  5.22295E-01  9.39455E-01      -1.00000E+00  1.00000E+00
 -9.56852E-01 -6.34813E-01 -7.53646E-02  5.30370E-01  9.42740E-01      -1.00000E+00  1.00000E+00
 -9.57315E-01 -6.25897E-01 -5.75311E-02  5.45070E-01  9.44607E-01      -1.00000E+00  1.00000E+00
 -9.54233E-01 -6.08735E-01 -2.74237E-02  5.69592E-01  9.46835E-01      -1.00000E+00  1.00000E+00
 -9.86762E-01 -8.74507E-01 -6.13195E-01 -1.11650E-01  6.97675E-01      -1.00000E+00  1.00000E+00
 -9.82173E-01 -8.34075E-01 -4.88092E-01  1.15327E-01  8.44338E-01      -1.00000E+00  1.00000E+00
 -9.79627E-01 -8.09253E-01 -4.20667E-01  2.12363E-01  8.81390E-01      -1.00000E+00  1.00000E+00
 -9.75665E-01 -7.76630E-01 -3.45388E-01  3.05767E-01  9.02220E-01      -1.00000E+00  1.00000E+00
 -9.67780E-01 -7.13035E-01 -2.11588E-01  4.40960E-01  9.29852E-01      -1.00000E+00  1.00000E+00
 -8.91042E-01 -5.78002E-01 -1.89620E-01  3.50737E-01  8.98672E-01      -1.00000E+00  1.00000E+00
 -8.43332E-01 -4.61672E-01 -2.57175E-02  4.83745E-01  9.28162E-01      -1.00000E+00  1.00000E+00
 -7.90310E-01 -3.65198E-01  9.36025E-02  5.67885E-01  9.41418E-01      -1.00000E+00  1.00000E+00
 -7.71965E-01 -3.05096E-01  1.50342E-01  6.16170E-01  9.51598E-01      -1.00000E+00  1.00000E+00
 -8.45930E-01 -3.46365E-01  1.87008E-01  6.62312E-01  9.58545E-01      -1.00000E+00  1.00000E+00
 -8.08325E-02  3.68629E-01  6.35720E-01  8.40453E-01  9.79217E-01      -1.00000E+00  1.00000E+00
 -2.06225E-02  4.37698E-01  7.13068E-01  8.94820E-01  9.88195E-01      -1.00000E+00  1.00000E+00
  2.31975E-02  4.84740E-01  7.43663E-01  9.08220E-01  9.89707E-01      -1.00000E+00  1.00000E+00
  4.12075E-02  5.21080E-01  7.70715E-01  9.18725E-01  9.91295E-01      -9.99900E-01  1.00000E+00
 -1.38917E-01  4.64030E-01  7.52252E-01  9.16267E-01  9.90968E-01      -1.00000E+00  1.00000E+00


    2.   4.00   42.  95.94  2.00E+00  4.50E+01  9.50E-01  7.45E-01     5   0.00

  1.13410E+00  1.55600E+00  1.67300E+00  1.75470E+00  1.87270E+00       5.00040E-02  1.95910E+00

  5.40435E-01  7.11090E-01  8.16785E-01  8.98705E-01  9.68225E-01       6.77230E-02  1.00000E+00
  4.42915E-01  6.21395E-01  7.42120E-01  8.47115E-01  9.48865E-01       5.03250E-02  1.00000E+00
  4.45365E-01  6.31590E-01  7.57635E-01  8.62990E-01  9.56375E-01       5.91270E-02  1.00000E+00
  4.30550E-01  6.00655E-01  7.19380E-01  8.30270E-01  9.44360E-01       4.89220E-02  1.00000E+00
  3.09370E-01  4.52805E-01  5.63065E-01  6.71590E-01  8.03170E-01       3.11330E-02  9.99990E-01

 -9.46493E-01 -5.56647E-01  3.57521E-02  6.05855E-01  9.53695E-01      -1.00000E+00  1.00000E+00
 -9.49530E-01 -5.84473E-01  7.66933E-03  5.94170E-01  9.51530E-01      -1.00000E+00  1.00000E+00
 -9.49912E-01 -5.85045E-01  6.75462E-03  5.87105E-01  9.51255E-01      -1.00000E+00  1.00000E+00
 -9.51220E-01 -5.86817E-01  6.07238E-03  5.93785E-01  9.51600E-01      -1.00000E+00  1.00000E+00
 -9.52895E-01 -5.88000E-01  7.09000E-04  5.90060E-01  9.50380E-01      -1.00000E+00  1.00000E+00
 -9.84225E-01 -8.52815E-01 -5.84618E-01 -1.19190E-01  6.27088E-01      -1.00000E+00  1.00000E+00
 -9.81715E-01 -8.24592E-01 -4.86922E-01  7.27400E-02  8.01357E-01      -1.00000E+00  1.00000E+00
 -9.78878E-01 -7.98903E-01 -4.06927E-01  2.07911E-01  8.64282E-01      -1.00000E+00  1.00000E+00
 -9.73620E-01 -7.49798E-01 -2.93268E-01  3.40335E-01  9.03910E-01      -1.00000E+00  1.00000E+00
 -9.62007E-01 -6.66930E-01 -1.39049E-01  4.88777E-01  9.37333E-01      -1.00000E+00  1.00000E+00
 -8.79563E-01 -6.36298E-01 -3.51822E-01  9.62223E-02  7.80753E-01      -1.00000E+00  1.00000E+00
 -8.93043E-01 -6.09967E-01 -2.73682E-01  2.11638E-01  8.58530E-01      -1.00000E+00  1.00000E+00
 -9.12220E-01 -6.02810E-01 -2.28893E-01  2.80853E-01  8.84295E-01      -1.00000E+00  1.00000E+00
 -9.35902E-01 -6.04680E-01 -1.86928E-01  3.53378E-01  9.03535E-01      -1.00000E+00  1.00000E+00
 -9.50345E-01 -6.16265E-01 -1.31080E-01  4.45357E-01  9.20937E-01      -1.00000E+00  1.00000E+00
 -3.01281E-01  1.22870E-01  4.23528E-01  6.91248E-01  9.51143E-01      -9.99880E-01  1.00000E+00
 -2.80095E-01  2.08960E-01  5.43085E-01  7.86425E-01  9.69070E-01      -1.00000E+00  1.00000E+00
 -3.26345E-01  2.42335E-01  5.89348E-01  8.40442E-01  9.80652E-01      -1.00000E+00  1.00000E+00
 -4.58560E-01  1.79798E-01  5.81337E-01  8.42085E-01  9.81740E-01      -1.00000E+00  1.00000E+00
 -7.71758E-01 -1.07690E-01  4.27617E-01  7.93010E-01  9.75417E-01      -1.00000E+00  1.00000E+00
  4.20207E-01  6.66255E-01  8.10435E-01  9.08693E-01  9.85075E-01      -7.94760E-01  1.00000E+00
  4.38837E-01  7.17372E-01  8.55425E-01  9.47560E-01  9.94175E-01      -8.52780E-01  1.00000E+00
  4.47608E-01  7.31195E-01  8.69525E-01  9.52377E-01  9.94638E-01      -8.33200E-01  1.00000E+00
  4.62865E-01  7.39298E-01  8.81560E-01  9.60093E-01  9.95638E-01      -8.98860E-01  1.00000E+00
  3.91864E-01  7.25217E-01  8.77300E-01  9.58682E-01  9.95530E-01      -1.00000E+00  1.00000E+00


    2.   4.00   42.  95.94  2.00E+00  6.00E+01  9.79E-01  8.47E-01     5   0.00

  1.45460E+00  1.70930E+00  1.80370E+00  1.89360E+00  1.93790E+00       5.00070E-02  1.98030E+00

  4.76865E-01  6.52535E-01  7.68525E-01  8.66550E-01  9.56725E-01       4.85450E-02  1.00000E+00
  4.58650E-01  6.38180E-01  7.58510E-01  8.59405E-01  9.53265E-01       6.43190E-02  1.00000E+00
  4.75915E-01  6.61035E-01  7.81205E-01  8.81285E-01  9.64135E-01       5.97930E-02  1.00000E+00
  4.22975E-01  5.52300E-01  6.49460E-01  7.34570E-01  8.33755E-01       6.26880E-02  1.00000E+00
  2.19560E-01  3.15945E-01  3.99075E-01  4.70300E-01  5.60460E-01       9.17460E-03  9.06940E-01

 -9.70077E-01 -7.47850E-01 -3.59260E-01  1.34505E-01  7.49665E-01      -1.00000E+00  1.00000E+00
 -9.69712E-01 -7.39262E-01 -3.12228E-01  2.55410E-01  8.58560E-01      -1.00000E+00  1.00000E+00
 -9.69035E-01 -7.17502E-01 -2.40591E-01  3.58996E-01  8.99795E-01      -1.00000E+00  1.00000E+00
 -9.63442E-01 -6.71713E-01 -1.65284E-01  4.46720E-01  9.23793E-01      -1.00000E+00  1.00000E+00
 -9.57460E-01 -6.41208E-01 -9.03522E-02  5.19953E-01  9.40285E-01      -1.00000E+00  1.00000E+00
 -8.45087E-01 -5.67932E-01 -2.72290E-01  1.07519E-01  7.48400E-01      -1.00000E+00  1.00000E+00
 -9.03038E-01 -5.91435E-01 -2.46674E-01  1.81401E-01  8.17410E-01      -1.00000E+00  1.00000E+00
 -9.35497E-01 -6.30367E-01 -2.42324E-01  2.38868E-01  8.51222E-01      -1.00000E+00  1.00000E+00
 -9.55475E-01 -6.62602E-01 -2.25320E-01  3.09503E-01  8.83737E-01      -1.00000E+00  1.00000E+00
 -9.61790E-01 -6.69190E-01 -1.64426E-01  4.21475E-01  9.14420E-01      -1.00000E+00  1.00000E+00
 -1.98729E-01  2.17787E-01  5.11225E-01  7.75927E-01  9.69665E-01      -9.99950E-01  1.00000E+00
 -2.40303E-01  2.33175E-01  5.63635E-01  7.92160E-01  9.60892E-01      -1.00000E+00  1.00000E+00
 -3.15911E-01  2.00315E-01  5.70833E-01  8.45870E-01  9.81955E-01      -1.00000E+00  1.00000E+00
 -4.73022E-01  4.28150E-02  4.55320E-01  7.69465E-01  9.69425E-01      -1.00000E+00  1.00000E+00
 -7.17738E-01 -1.54002E-01  3.17782E-01  7.23285E-01  9.66723E-01      -1.00000E+00  1.00000E+00
  4.32352E-01  6.60062E-01  7.66082E-01  8.43392E-01  9.24327E-01      -5.71010E-01  1.00000E+00
  5.25518E-01  7.55875E-01  8.88118E-01  9.60075E-01  9.94885E-01      -6.55840E-01  1.00000E+00
  5.55147E-01  7.64508E-01  8.80522E-01  9.56580E-01  9.95353E-01      -6.28100E-01  1.00000E+00
  6.00200E-01  8.16183E-01  9.12962E-01  9.68917E-01  9.96483E-01      -5.22240E-01  1.00000E+00
  5.92935E-01  8.20285E-01  9.21855E-01  9.74158E-01  9.97270E-01      -9.99910E-01  1.00000E+00
  8.18543E-01  9.24333E-01  9.58838E-01  9.80118E-01  9.94918E-01       1.54790E-01  1.00000E+00
  8.18950E-01  9.16837E-01  9.65305E-01  9.89807E-01  9.98925E-01       1.67760E-01  1.00000E+00
  8.30272E-01  9.16293E-01  9.58287E-01  9.84622E-01  9.98248E-01       2.75840E-01  1.00000E+00
  8.63530E-01  9.39135E-01  9.72588E-01  9.90665E-01  9.98987E-01       2.65530E-01  1.00000E+00
  8.72563E-01  9.47565E-01  9.77332E-01  9.92635E-01  9.99215E-01       3.14120E-01  1.00000E+00


    2.   4.00   42.  95.94  2.00E+00  7.00E+01  9.94E-01  9.17E-01     5   0.00

  1.67820E+00  1.83010E+00  1.91020E+00  1.94210E+00  1.96740E+00       5.00560E-02  1.98570E+00

  4.57990E-01  6.34695E-01  7.53865E-01  8.56105E-01  9.51740E-01       5.54440E-02  9.99990E-01
  5.21195E-01  7.06110E-01  8.15165E-01  8.98920E-01  9.65880E-01       7.85270E-02  1.00000E+00
  4.59285E-01  5.81390E-01  6.57485E-01  7.39920E-01  8.24230E-01       7.07610E-02  9.99430E-01
  3.27450E-01  4.08385E-01  4.82080E-01  5.57530E-01  6.25670E-01       6.63040E-02  9.15620E-01
  1.33097E-01  1.92625E-01  2.54795E-01  3.25105E-01  3.94585E-01       1.75320E-03  6.58930E-01

 -9.58860E-01 -7.64490E-01 -4.79440E-01 -1.86402E-02  7.28278E-01      -1.00000E+00  1.00000E+00
 -9.72688E-01 -7.76773E-01 -4.25780E-01  1.11638E-01  7.95758E-01      -1.00000E+00  1.00000E+00
 -9.72653E-01 -7.65097E-01 -3.74483E-01  2.00991E-01  8.26010E-01      -1.00000E+00  1.00000E+00
 -9.71835E-01 -7.59170E-01 -3.26562E-01  2.72630E-01  8.74595E-01      -1.00000E+00  1.00000E+00
 -9.68125E-01 -7.11740E-01 -2.27940E-01  3.88742E-01  9.17362E-01      -1.00000E+00  1.00000E+00
 -1.50435E-01  2.14960E-01  4.90698E-01  7.08355E-01  9.02090E-01      -1.00000E+00  1.00000E+00
 -1.84190E-01  2.11793E-01  5.01293E-01  7.74155E-01  9.47338E-01      -1.00000E+00  1.00000E+00
 -2.82745E-01  1.45700E-01  4.47156E-01  7.18827E-01  9.60657E-01      -1.00000E+00  1.00000E+00
 -3.48138E-01  8.48700E-02  4.22423E-01  7.11647E-01  9.37560E-01      -1.00000E+00  1.00000E+00
 -5.44467E-01 -4.50125E-02  3.85579E-01  7.33690E-01  9.67213E-01      -1.00000E+00  1.00000E+00
  5.04212E-01  7.08915E-01  7.86135E-01  8.41573E-01  9.19650E-01      -3.39260E-01  1.00000E+00
  6.17777E-01  8.38987E-01  9.21743E-01  9.65247E-01  9.91552E-01      -3.33230E-01  1.00000E+00
  6.44637E-01  8.02505E-01  9.14343E-01  9.71110E-01  9.97062E-01      -3.36940E-01  1.00000E+00
  7.01928E-01  8.51160E-01  9.22503E-01  9.71022E-01  9.96953E-01      -2.81530E-01  1.00000E+00
  7.14335E-01  8.79952E-01  9.48315E-01  9.82860E-01  9.98095E-01      -9.99310E-01  1.00000E+00
  7.54560E-01  8.84763E-01  9.16818E-01  9.41293E-01  9.71085E-01       3.04500E-01  1.00000E+00
  8.08547E-01  9.49850E-01  9.77775E-01  9.92212E-01  9.99110E-01       2.18420E-01  1.00000E+00
  8.16107E-01  8.88140E-01  9.50007E-01  9.83113E-01  9.98132E-01       3.26210E-01  1.00000E+00
  8.74110E-01  9.33505E-01  9.65650E-01  9.87053E-01  9.98507E-01       3.27380E-01  1.00000E+00
  9.00735E-01  9.59357E-01  9.82305E-01  9.94128E-01  9.99348E-01       4.04730E-01  1.00000E+00
  9.47677E-01  9.70193E-01  9.81480E-01  9.89022E-01  9.95070E-01       6.14600E-01  1.00000E+00
  9.44198E-01  9.80015E-01  9.90918E-01  9.96978E-01  9.99675E-01       6.33920E-01  1.00000E+00
  9.31137E-01  9.67120E-01  9.86442E-01  9.95260E-01  9.99483E-01       6.71350E-01  1.00000E+00
  9.36262E-01  9.71710E-01  9.87795E-01  9.96027E-01  9.99565E-01       7.10700E-01  1.00000E+00
  9.59283E-01  9.81910E-01  9.92093E-01  9.97378E-01  9.99715E-01       7.45270E-01  1.00000E+00


    2.   4.00   42.  95.94  2.00E+00  8.00E+01  1.00E+00  9.67E-01     5   0.00

  1.85410E+00  1.93270E+00  1.95930E+00  1.97570E+00  1.98680E+00       5.01830E-02  1.99060E+00

  5.58660E-01  7.23495E-01  8.15970E-01  8.91085E-01  9.55045E-01       5.23060E-02  1.00000E+00
  4.77905E-01  5.83820E-01  6.35070E-01  7.02365E-01  7.85035E-01       8.64830E-02  9.95630E-01
  3.31715E-01  4.06175E-01  4.41770E-01  4.89105E-01  5.82865E-01       4.90530E-02  8.05330E-01
  2.08015E-01  2.58535E-01  2.81265E-01  3.08375E-01  3.89935E-01       3.25080E-02  6.06460E-01
  9.84230E-02  1.26721E-01  1.40905E-01  1.56570E-01  1.76395E-01       1.01740E-02  2.30820E-01

 -3.22385E-01 -1.01565E-01  1.69210E-01  4.46305E-01  7.98555E-01      -1.00000E+00  1.00000E+00
 -2.54888E-01 -3.53500E-03  2.82015E-01  5.41935E-01  8.29110E-01      -1.00000E+00  1.00000E+00
 -2.38932E-01  1.44875E-02  2.90253E-01  5.60330E-01  8.13638E-01      -1.00000E+00  1.00000E+00
 -2.28990E-01  5.26625E-02  3.41577E-01  6.34557E-01  8.93790E-01      -1.00000E+00  1.00000E+00
 -2.87523E-01  5.72575E-02  4.01427E-01  7.29865E-01  9.66122E-01      -1.00000E+00  1.00000E+00
  6.47140E-01  7.98532E-01  8.39167E-01  8.72803E-01  9.24750E-01      -1.02660E-01  1.00000E+00
  7.51425E-01  9.05620E-01  9.46457E-01  9.70478E-01  9.87858E-01       1.14200E-01  1.00000E+00
  7.70470E-01  9.32527E-01  9.70470E-01  9.89922E-01  9.98912E-01       1.44430E-01  1.00000E+00
  7.81587E-01  8.77100E-01  9.44830E-01  9.82560E-01  9.98103E-01       4.35500E-02  1.00000E+00
  8.49060E-01  9.31620E-01  9.68357E-01  9.89008E-01  9.98790E-01       8.90730E-02  1.00000E+00
  8.76785E-01  9.06785E-01  9.23240E-01  9.37412E-01  9.54717E-01       5.14260E-01  1.00000E+00
  9.33995E-01  9.62228E-01  9.77555E-01  9.87220E-01  9.94470E-01       5.48570E-01  1.00000E+00
  9.29250E-01  9.76550E-01  9.89255E-01  9.96320E-01  9.99602E-01       5.71910E-01  1.00000E+00
  8.91072E-01  9.56190E-01  9.80565E-01  9.93758E-01  9.99405E-01       6.01610E-01  1.00000E+00
  9.32213E-01  9.65830E-01  9.83140E-01  9.93775E-01  9.99313E-01       5.62730E-01  1.00000E+00
  9.42140E-01  9.53562E-01  9.61163E-01  9.67705E-01  9.75185E-01       7.96530E-01  1.00000E+00
  9.69150E-01  9.80710E-01  9.87820E-01  9.92460E-01  9.96165E-01       8.36520E-01  1.00000E+00
  9.79123E-01  9.88985E-01  9.94885E-01  9.98245E-01  9.99798E-01       8.50220E-01  1.00000E+00
  9.72665E-01  9.89635E-01  9.96465E-01  9.98807E-01  9.99875E-01       8.61630E-01  1.00000E+00
  9.58105E-01  9.82605E-01  9.91355E-01  9.96880E-01  9.99647E-01       8.09730E-01  1.00000E+00
  9.72973E-01  9.79483E-01  9.83620E-01  9.86820E-01  9.90015E-01       9.41790E-01  9.87830E-01
  9.82868E-01  9.90255E-01  9.94293E-01  9.96773E-01  9.98490E-01       9.67630E-01  9.98660E-01
  9.86868E-01  9.93452E-01  9.97005E-01  9.98980E-01  9.99895E-01       9.74480E-01  1.00000E+00
  9.89777E-01  9.94635E-01  9.97480E-01  9.99140E-01  9.99902E-01       9.79980E-01  1.00000E+00
  9.94775E-01  9.97215E-01  9.98665E-01  9.99537E-01  9.99947E-01       9.86860E-01  1.00000E+00


    2.   4.00   42.  95.94  2.00E+00  8.50E+01  1.00E+00  9.82E-01     5   0.00

  1.92420E+00  1.96130E+00  1.97640E+00  1.98430E+00  1.98890E+00       4.03790E-01  1.99060E+00

  6.02515E-01  6.94795E-01  7.52415E-01  8.13195E-01  8.85240E-01       1.07240E-01  1.00000E+00
  3.99365E-01  4.64890E-01  4.93245E-01  5.27130E-01  6.02210E-01       7.64680E-02  8.65580E-01
  2.82890E-01  3.32970E-01  3.53795E-01  3.71165E-01  4.02100E-01       7.28230E-02  5.83570E-01
  2.04780E-01  2.44130E-01  2.62005E-01  2.73465E-01  2.88335E-01       4.42250E-02  4.47050E-01
  1.50945E-01  1.82360E-01  1.97260E-01  2.06065E-01  2.17240E-01       3.65370E-02  2.43960E-01

  1.37950E-01  6.82545E-01  8.04342E-01  8.60097E-01  9.09640E-01      -1.00000E+00  9.99980E-01
  4.97066E-01  8.45878E-01  9.41087E-01  9.78200E-01  9.96733E-01      -1.00000E+00  1.00000E+00
  3.02165E-01  8.09317E-01  9.15705E-01  9.73065E-01  9.97145E-01      -1.00000E+00  1.00000E+00
  1.76448E-01  7.78212E-01  9.12907E-01  9.71643E-01  9.97040E-01      -1.00000E+00  1.00000E+00
  3.34475E-02  5.37285E-01  8.21827E-01  9.46860E-01  9.94630E-01      -1.00000E+00  1.00000E+00
  8.85938E-01  9.11395E-01  9.27177E-01  9.40018E-01  9.54242E-01       5.80840E-01  9.99990E-01
  9.36048E-01  9.63370E-01  9.77775E-01  9.86300E-01  9.92892E-01       6.58100E-01  9.99990E-01
  9.52753E-01  9.77400E-01  9.90000E-01  9.96690E-01  9.99650E-01       6.87970E-01  1.00000E+00
  9.48447E-01  9.82687E-01  9.92130E-01  9.97305E-01  9.99715E-01       6.15580E-01  1.00000E+00
  9.19608E-01  9.63562E-01  9.82403E-01  9.94082E-01  9.99420E-01       6.22470E-01  1.00000E+00
  9.42060E-01  9.51920E-01  9.58413E-01  9.64017E-01  9.70562E-01       7.96090E-01  1.00000E+00
  9.69118E-01  9.77540E-01  9.83365E-01  9.87565E-01  9.91520E-01       8.41000E-01  1.00000E+00
  9.80538E-01  9.89627E-01  9.94970E-01  9.98103E-01  9.99730E-01       8.56200E-01  1.00000E+00
  9.86698E-01  9.92675E-01  9.96498E-01  9.98790E-01  9.99870E-01       8.68530E-01  1.00000E+00
  9.73380E-01  9.88815E-01  9.95400E-01  9.98417E-01  9.99820E-01       8.79870E-01  1.00000E+00
  9.64318E-01  9.69775E-01  9.73440E-01  9.76665E-01  9.80437E-01       9.28640E-01  9.78850E-01
  9.80295E-01  9.84727E-01  9.87985E-01  9.90483E-01  9.92865E-01       9.11040E-01  9.93210E-01
  9.87570E-01  9.92637E-01  9.95895E-01  9.97927E-01  9.99253E-01       9.17990E-01  1.00000E+00
  9.91293E-01  9.95223E-01  9.97715E-01  9.99210E-01  9.99915E-01       9.23590E-01  1.00000E+00
  9.95605E-01  9.97635E-01  9.98875E-01  9.99608E-01  9.99958E-01       9.33090E-01  1.00000E+00
  9.77425E-01  9.80665E-01  9.82843E-01  9.84800E-01  9.87140E-01       9.55500E-01  9.85970E-01
  9.87648E-01  9.90125E-01  9.92008E-01  9.93530E-01  9.95020E-01       9.81000E-01  9.95070E-01
  9.92372E-01  9.95215E-01  9.97140E-01  9.98410E-01  9.99280E-01       9.87310E-01  9.99670E-01
  9.94798E-01  9.97122E-01  9.98607E-01  9.99520E-01  9.99950E-01       9.90690E-01  1.00000E+00
  9.97422E-01  9.98602E-01  9.99330E-01  9.99765E-01  9.99975E-01       9.93990E-01  1.00000E+00


    2.   4.00   42.  95.94  5.00E+00  0.00E+00  8.47E-01  5.80E-01     5   0.00

  1.72940E+00  3.35060E+00  3.85120E+00  4.07930E+00  4.28190E+00       5.00030E-02  4.60500E+00

  5.82430E-01  7.44005E-01  8.41080E-01  9.15140E-01  9.74575E-01       8.56400E-02  1.00000E+00
  5.52410E-01  7.14735E-01  8.17820E-01  8.99380E-01  9.68590E-01       1.12660E-01  1.00000E+00
  5.30995E-01  6.95955E-01  8.01590E-01  8.87555E-01  9.64365E-01       7.35160E-02  1.00000E+00
  4.85405E-01  6.62205E-01  7.78495E-01  8.72550E-01  9.56600E-01       5.53730E-02  1.00000E+00
  3.47800E-01  4.93650E-01  5.98400E-01  6.97955E-01  8.22775E-01       4.57410E-02  9.99990E-01

 -9.52520E-01 -5.87880E-01 -1.07681E-03  5.79805E-01  9.48610E-01      -1.00000E+00  1.00000E+00
 -9.50945E-01 -5.86065E-01  8.04582E-03  5.92205E-01  9.50852E-01      -1.00000E+00  1.00000E+00
 -9.51653E-01 -5.89343E-01 -3.03482E-03  5.85825E-01  9.51465E-01      -1.00000E+00  1.00000E+00
 -9.53013E-01 -5.84680E-01  5.14057E-03  5.89773E-01  9.51553E-01      -1.00000E+00  1.00000E+00
 -9.48443E-01 -5.82662E-01  5.70863E-03  5.88655E-01  9.52248E-01      -1.00000E+00  1.00000E+00
 -9.49588E-01 -5.83975E-01  7.30282E-03  5.87213E-01  9.49898E-01      -1.00000E+00  1.00000E+00
 -9.50655E-01 -5.87435E-01  9.17272E-03  5.92260E-01  9.51850E-01      -1.00000E+00  1.00000E+00
 -9.49440E-01 -5.82428E-01  7.65265E-03  5.84975E-01  9.50525E-01      -1.00000E+00  1.00000E+00
 -9.51658E-01 -5.91187E-01 -1.10578E-03  5.87000E-01  9.51553E-01      -1.00000E+00  1.00000E+00
 -9.50852E-01 -5.92052E-01 -7.09228E-03  5.86043E-01  9.51332E-01      -1.00000E+00  1.00000E+00
 -9.50905E-01 -5.83505E-01  1.03057E-02  5.90982E-01  9.51925E-01      -1.00000E+00  1.00000E+00
 -9.49265E-01 -5.82575E-01  2.25065E-03  5.88908E-01  9.50908E-01      -1.00000E+00  1.00000E+00
 -9.51415E-01 -5.89997E-01 -4.50922E-03  5.91715E-01  9.50795E-01      -1.00000E+00  1.00000E+00
 -9.51392E-01 -5.93283E-01 -2.85164E-03  5.81843E-01  9.50680E-01      -1.00000E+00  1.00000E+00
 -9.51710E-01 -5.97430E-01 -7.71078E-03  5.86383E-01  9.50483E-01      -1.00000E+00  1.00000E+00
 -9.51123E-01 -5.83357E-01  5.74487E-03  5.88460E-01  9.50410E-01      -1.00000E+00  1.00000E+00
 -9.53403E-01 -5.95580E-01 -3.14450E-03  5.85278E-01  9.49228E-01      -1.00000E+00  1.00000E+00
 -9.52022E-01 -5.92572E-01 -9.73428E-03  5.77028E-01  9.48457E-01      -1.00000E+00  1.00000E+00
 -9.50825E-01 -5.92607E-01 -5.51190E-03  5.89662E-01  9.50835E-01      -1.00000E+00  1.00000E+00
 -9.50660E-01 -5.85405E-01  3.76750E-04  5.86338E-01  9.51898E-01      -1.00000E+00  1.00000E+00
 -9.49447E-01 -5.89352E-01  2.70795E-03  5.85172E-01  9.50520E-01      -1.00000E+00  1.00000E+00
 -9.50643E-01 -5.89070E-01  5.09088E-04  5.86575E-01  9.52357E-01      -1.00000E+00  1.00000E+00
 -9.51018E-01 -5.90215E-01 -6.47255E-03  5.82867E-01  9.48303E-01      -1.00000E+00  1.00000E+00
 -9.52015E-01 -5.90993E-01 -1.16697E-02  5.83525E-01  9.50775E-01      -1.00000E+00  1.00000E+00
 -9.52182E-01 -5.96692E-01 -1.08790E-02  5.82188E-01  9.50322E-01      -1.00000E+00  1.00000E+00


    2.   4.00   42.  95.94  5.00E+00  3.00E+01  8.82E-01  6.44E-01     5   0.00

  2.15950E+00  3.59980E+00  4.02720E+00  4.23780E+00  4.49460E+00       5.00030E-02  4.84390E+00

  5.79115E-01  7.39400E-01  8.37955E-01  9.12975E-01  9.73890E-01       1.18570E-01  1.00000E+00
  5.39465E-01  7.03465E-01  8.07955E-01  8.92750E-01  9.65995E-01       1.01960E-01  1.00000E+00
  4.83265E-01  6.55340E-01  7.69390E-01  8.66410E-01  9.55530E-01       6.98710E-02  1.00000E+00
  4.42225E-01  6.12395E-01  7.31855E-01  8.37875E-01  9.42145E-01       6.02690E-02  1.00000E+00
  3.19150E-01  4.50970E-01  5.48600E-01  6.46600E-01  7.77995E-01       1.79490E-02  9.99980E-01

 -9.51710E-01 -5.85068E-01  1.01165E-02  5.87050E-01  9.50472E-01      -1.00000E+00  1.00000E+00
 -9.51093E-01 -5.81792E-01  6.18775E-03  5.89030E-01  9.49845E-01      -1.00000E+00  1.00000E+00
 -9.52900E-01 -5.89275E-01  2.46855E-03  5.92132E-01  9.52552E-01      -1.00000E+00  1.00000E+00
 -9.53127E-01 -5.93017E-01 -9.95667E-03  5.78085E-01  9.49612E-01      -1.00000E+00  1.00000E+00
 -9.51702E-01 -5.85955E-01  2.89818E-03  5.83470E-01  9.50147E-01      -1.00000E+00  1.00000E+00
 -9.58318E-01 -6.44818E-01 -1.25396E-01  4.77110E-01  9.32178E-01      -1.00000E+00  1.00000E+00
 -9.55920E-01 -6.30685E-01 -9.04032E-02  5.24100E-01  9.39503E-01      -1.00000E+00  1.00000E+00
 -9.56782E-01 -6.29382E-01 -7.15958E-02  5.40538E-01  9.43663E-01      -1.00000E+00  1.00000E+00
 -9.56175E-01 -6.14723E-01 -4.80152E-02  5.47647E-01  9.43650E-01      -1.00000E+00  1.00000E+00
 -9.53780E-01 -6.06980E-01 -2.87563E-02  5.66470E-01  9.48672E-01      -1.00000E+00  1.00000E+00
 -9.87370E-01 -8.76015E-01 -6.13683E-01 -8.18180E-02  7.76680E-01      -1.00000E+00  1.00000E+00
 -9.83180E-01 -8.40667E-01 -4.93422E-01  1.40911E-01  8.65088E-01      -1.00000E+00  1.00000E+00
 -9.78907E-01 -8.02990E-01 -4.03123E-01  2.54698E-01  8.97998E-01      -1.00000E+00  1.00000E+00
 -9.74143E-01 -7.67672E-01 -3.34732E-01  3.29207E-01  9.09355E-01      -1.00000E+00  1.00000E+00
 -9.67038E-01 -7.12673E-01 -2.14678E-01  4.40027E-01  9.29405E-01      -1.00000E+00  1.00000E+00
 -8.01787E-01 -4.64375E-01 -9.70430E-02  3.99215E-01  8.96728E-01      -1.00000E+00  1.00000E+00
 -6.89685E-01 -2.70781E-01  1.46894E-01  6.01347E-01  9.47970E-01      -1.00000E+00  1.00000E+00
 -6.04990E-01 -1.26970E-01  2.88768E-01  6.92713E-01  9.62645E-01      -1.00000E+00  1.00000E+00
 -5.48567E-01 -3.30425E-02  3.85707E-01  7.38957E-01  9.67653E-01      -1.00000E+00  1.00000E+00
 -6.87072E-01 -8.07975E-02  3.96540E-01  7.59213E-01  9.71773E-01      -1.00000E+00  1.00000E+00
  1.09965E-01  4.81870E-01  7.03355E-01  8.71700E-01  9.82912E-01      -9.86280E-01  1.00000E+00
  1.85536E-01  5.60735E-01  7.74260E-01  9.14532E-01  9.90005E-01      -9.97630E-01  1.00000E+00
  2.45701E-01  6.14258E-01  8.10375E-01  9.32295E-01  9.92452E-01      -9.92500E-01  1.00000E+00
  3.08680E-01  6.69928E-01  8.44340E-01  9.45852E-01  9.94225E-01      -9.90730E-01  1.00000E+00
  3.06700E-01  6.87037E-01  8.59875E-01  9.53275E-01  9.94868E-01      -1.00000E+00  1.00000E+00


    2.   4.00   42.  95.94  5.00E+00  4.50E+01  9.21E-01  7.23E-01     5   0.00

  2.76310E+00  3.91730E+00  4.22130E+00  4.44900E+00  4.65130E+00       5.00080E-02  4.90540E+00

  5.66250E-01  7.28165E-01  8.29015E-01  9.07065E-01  9.71970E-01       9.70800E-02  1.00000E+00
  4.76720E-01  6.45080E-01  7.58905E-01  8.57605E-01  9.52615E-01       5.50580E-02  1.00000E+00
  4.62225E-01  6.42180E-01  7.65175E-01  8.68190E-01  9.58415E-01       5.87660E-02  1.00000E+00
  4.29635E-01  5.88325E-01  6.97300E-01  7.96400E-01  9.08645E-01       4.61790E-02  1.00000E+00
  2.80685E-01  4.01680E-01  4.95635E-01  5.94905E-01  7.38995E-01       2.26820E-02  9.99990E-01

 -9.50103E-01 -5.71020E-01  3.04704E-02  6.04638E-01  9.51877E-01      -1.00000E+00  1.00000E+00
 -9.47638E-01 -5.78472E-01  1.32319E-02  5.94192E-01  9.51060E-01      -1.00000E+00  1.00000E+00
 -9.50310E-01 -5.85505E-01  4.73982E-03  5.89873E-01  9.51235E-01      -1.00000E+00  1.00000E+00
 -9.51558E-01 -5.83888E-01  3.80279E-03  5.90705E-01  9.51035E-01      -1.00000E+00  1.00000E+00
 -9.51300E-01 -5.87832E-01  6.60675E-03  5.94595E-01  9.51255E-01      -1.00000E+00  1.00000E+00
 -9.85410E-01 -8.67507E-01 -5.96735E-01 -1.11328E-01  6.96865E-01      -1.00000E+00  1.00000E+00
 -9.82545E-01 -8.36032E-01 -5.02175E-01  8.51410E-02  8.39375E-01      -1.00000E+00  1.00000E+00
 -9.79690E-01 -8.05880E-01 -4.11425E-01  2.24738E-01  8.85365E-01      -1.00000E+00  1.00000E+00
 -9.72947E-01 -7.51723E-01 -2.85595E-01  3.62475E-01  9.17140E-01      -1.00000E+00  1.00000E+00
 -9.61360E-01 -6.68327E-01 -1.41006E-01  4.91605E-01  9.33972E-01      -1.00000E+00  1.00000E+00
 -7.85195E-01 -5.33608E-01 -2.62511E-01  1.63386E-01  7.98535E-01      -1.00000E+00  1.00000E+00
 -7.61395E-01 -4.46708E-01 -1.08080E-01  3.67175E-01  8.95502E-01      -1.00000E+00  1.00000E+00
 -7.71500E-01 -4.17105E-01 -4.43700E-02  4.41597E-01  9.17070E-01      -1.00000E+00  1.00000E+00
 -8.25753E-01 -4.26505E-01  3.42500E-04  4.88197E-01  9.25220E-01      -1.00000E+00  1.00000E+00
 -9.16165E-01 -5.11082E-01  3.74750E-03  5.36863E-01  9.38512E-01      -1.00000E+00  1.00000E+00
 -1.60673E-01  1.65967E-01  4.18225E-01  6.77340E-01  9.46568E-01      -9.98540E-01  1.00000E+00
 -5.79755E-02  3.09177E-01  5.68863E-01  7.97480E-01  9.72043E-01      -9.97750E-01  1.00000E+00
  1.55375E-02  4.07870E-01  6.64162E-01  8.61193E-01  9.82862E-01      -9.99640E-01  1.00000E+00
  5.36725E-02  4.89965E-01  7.36810E-01  9.00125E-01  9.89053E-01      -1.00000E+00  1.00000E+00
 -1.98673E-01  4.21257E-01  7.32252E-01  9.07835E-01  9.89590E-01      -1.00000E+00  1.00000E+00
  4.87933E-01  7.33672E-01  8.60658E-01  9.45870E-01  9.93555E-01      -5.94150E-01  1.00000E+00
  5.14412E-01  7.68245E-01  8.90510E-01  9.60590E-01  9.95580E-01      -8.27840E-01  1.00000E+00
  5.34293E-01  7.90867E-01  9.04085E-01  9.67278E-01  9.96437E-01      -8.53120E-01  1.00000E+00
  5.51205E-01  7.98088E-01  9.11120E-01  9.70875E-01  9.96760E-01      -7.61880E-01  1.00000E+00
  5.39328E-01  7.97220E-01  9.09390E-01  9.69572E-01  9.96747E-01      -9.99960E-01  1.00000E+00


    2.   4.00   42.  95.94  5.00E+00  6.00E+01  9.68E-01  8.38E-01     5   0.00

  3.65310E+00  4.29830E+00  4.53570E+00  4.70260E+00  4.85040E+00       5.00250E-02  4.94680E+00

  4.97390E-01  6.63885E-01  7.75595E-01  8.70800E-01  9.57710E-01       8.79740E-02  1.00000E+00
  4.71930E-01  6.46975E-01  7.66395E-01  8.67670E-01  9.58080E-01       6.87120E-02  1.00000E+00
  4.50430E-01  6.17425E-01  7.32705E-01  8.36010E-01  9.41095E-01       7.31130E-02  1.00000E+00
  3.75200E-01  5.12500E-01  6.14680E-01  7.15405E-01  8.33475E-01       5.57980E-02  9.99990E-01
  2.17115E-01  3.08620E-01  3.81705E-01  4.54825E-01  5.56485E-01       1.03100E-02  9.17990E-01

 -9.71195E-01 -7.62232E-01 -3.98865E-01  8.44425E-02  7.79180E-01      -1.00000E+00  1.00000E+00
 -9.70480E-01 -7.46957E-01 -3.27630E-01  2.46010E-01  8.79788E-01      -1.00000E+00  1.00000E+00
 -9.67102E-01 -7.15672E-01 -2.50614E-01  3.55188E-01  9.11400E-01      -1.00000E+00  1.00000E+00
 -9.63783E-01 -6.88222E-01 -1.76164E-01  4.44562E-01  9.29685E-01      -1.00000E+00  1.00000E+00
 -9.59915E-01 -6.46470E-01 -9.88863E-02  5.11450E-01  9.37362E-01      -1.00000E+00  1.00000E+00
 -7.04875E-01 -4.31320E-01 -1.57463E-01  2.18125E-01  7.98755E-01      -1.00000E+00  1.00000E+00
 -7.33033E-01 -4.17135E-01 -1.00890E-01  3.26148E-01  8.72358E-01      -1.00000E+00  1.00000E+00
 -7.97463E-01 -4.47213E-01 -9.11475E-02  3.63763E-01  8.85655E-01      -1.00000E+00  1.00000E+00
 -8.87598E-01 -5.22070E-01 -1.00887E-01  4.00682E-01  9.07282E-01      -1.00000E+00  1.00000E+00
 -9.47398E-01 -6.04272E-01 -9.85485E-02  4.70400E-01  9.28822E-01      -1.00000E+00  1.00000E+00
 -2.39060E-02  2.70970E-01  4.87542E-01  7.08430E-01  9.48585E-01      -9.66760E-01  1.00000E+00
  2.95900E-02  3.65727E-01  5.88735E-01  7.95730E-01  9.67313E-01      -9.96550E-01  1.00000E+00
  4.73025E-02  4.35690E-01  6.63650E-01  8.48627E-01  9.80202E-01      -1.00000E+00  1.00000E+00
 -2.03950E-02  4.46510E-01  7.09143E-01  8.83295E-01  9.85692E-01      -9.99990E-01  1.00000E+00
 -4.18797E-01  2.50181E-01  6.37845E-01  8.71505E-01  9.85607E-01      -1.00000E+00  1.00000E+00
  4.23652E-01  6.50633E-01  7.90045E-01  8.98035E-01  9.71130E-01      -4.90960E-01  1.00000E+00
  4.72110E-01  7.19008E-01  8.47178E-01  9.39760E-01  9.93322E-01      -5.54660E-01  1.00000E+00
  5.07985E-01  7.49660E-01  8.81020E-01  9.58322E-01  9.95315E-01      -6.09290E-01  1.00000E+00
  5.41022E-01  7.70612E-01  8.92318E-01  9.63423E-01  9.95968E-01      -6.15720E-01  1.00000E+00
  5.64730E-01  8.02350E-01  9.09885E-01  9.69320E-01  9.96645E-01      -9.97560E-01  1.00000E+00
  8.41900E-01  9.19950E-01  9.55095E-01  9.80065E-01  9.96660E-01       2.10380E-01  1.00000E+00
  8.46267E-01  9.31102E-01  9.69532E-01  9.89598E-01  9.98895E-01       1.60240E-01  1.00000E+00
  8.45390E-01  9.31155E-01  9.68420E-01  9.89110E-01  9.98805E-01       2.43480E-01  1.00000E+00
  8.52445E-01  9.37242E-01  9.72372E-01  9.90710E-01  9.98997E-01       3.26090E-01  1.00000E+00
  8.69567E-01  9.45305E-01  9.76395E-01  9.92220E-01  9.99178E-01       2.86630E-01  1.00000E+00


    2.   4.00   42.  95.94  5.00E+00  7.00E+01  9.92E-01  9.19E-01     5   0.00

  4.24910E+00  4.60820E+00  4.77940E+00  4.87090E+00  4.92210E+00       5.00670E-02  4.97050E+00

  4.71965E-01  6.45265E-01  7.64510E-01  8.66325E-01  9.57620E-01       8.26210E-02  1.00000E+00
  4.76515E-01  6.51630E-01  7.76730E-01  8.73570E-01  9.54935E-01       9.29450E-02  1.00000E+00
  4.11115E-01  5.44985E-01  6.27860E-01  7.05540E-01  7.99805E-01       6.75700E-02  9.99860E-01
  2.98915E-01  3.79955E-01  4.46960E-01  5.06175E-01  5.88765E-01       4.89310E-02  8.97310E-01
  1.45467E-01  2.09855E-01  2.59035E-01  3.04975E-01  3.69040E-01       6.93790E-03  6.57000E-01

 -8.11627E-01 -5.92143E-01 -3.37270E-01  7.68150E-02  7.88885E-01      -1.00000E+00  1.00000E+00
 -8.72595E-01 -6.07868E-01 -2.87720E-01  2.15138E-01  8.63853E-01      -1.00000E+00  1.00000E+00
 -9.32880E-01 -6.53082E-01 -2.68612E-01  2.74355E-01  8.77727E-01      -1.00000E+00  1.00000E+00
 -9.58678E-01 -6.94028E-01 -2.52188E-01  3.14217E-01  8.85153E-01      -1.00000E+00  1.00000E+00
 -9.63488E-01 -6.81130E-01 -1.85892E-01  4.17155E-01  9.14780E-01      -1.00000E+00  1.00000E+00
  6.42635E-02  3.51992E-01  5.60310E-01  7.63373E-01  9.53597E-01      -8.70570E-01  1.00000E+00
  6.14250E-02  3.90075E-01  5.98680E-01  7.99765E-01  9.65485E-01      -9.97180E-01  1.00000E+00
  4.48900E-02  4.16327E-01  6.42763E-01  8.26925E-01  9.74310E-01      -9.99930E-01  1.00000E+00
 -3.84875E-02  4.20242E-01  6.86195E-01  8.71957E-01  9.83805E-01      -1.00000E+00  1.00000E+00
 -3.34135E-01  2.52598E-01  6.24378E-01  8.62863E-01  9.84855E-01      -1.00000E+00  1.00000E+00
  5.44412E-01  6.97370E-01  7.78680E-01  8.52755E-01  9.50488E-01      -1.70350E-01  1.00000E+00
  6.21927E-01  7.94218E-01  8.80865E-01  9.44738E-01  9.87577E-01      -2.55710E-01  1.00000E+00
  6.67868E-01  8.33757E-01  9.21068E-01  9.70383E-01  9.96590E-01      -2.52430E-01  1.00000E+00
  7.02525E-01  8.62120E-01  9.37020E-01  9.78955E-01  9.97758E-01      -1.82930E-01  1.00000E+00
  7.39750E-01  8.85118E-01  9.48740E-01  9.82838E-01  9.98158E-01      -9.60360E-01  1.00000E+00
  8.21025E-01  9.03582E-01  9.41377E-01  9.65913E-01  9.86738E-01       3.32430E-01  1.00000E+00
  8.48430E-01  9.23690E-01  9.65657E-01  9.88387E-01  9.98798E-01       3.71380E-01  1.00000E+00
  8.65495E-01  9.37358E-01  9.69250E-01  9.88567E-01  9.98718E-01       2.74220E-01  1.00000E+00
  8.81395E-01  9.49493E-01  9.77990E-01  9.92657E-01  9.99210E-01       4.06970E-01  1.00000E+00
  9.00975E-01  9.57963E-01  9.81667E-01  9.93888E-01  9.99350E-01       3.99910E-01  1.00000E+00
  9.39305E-01  9.73240E-01  9.86620E-01  9.94557E-01  9.99247E-01       6.44700E-01  1.00000E+00
  9.39530E-01  9.72090E-01  9.87225E-01  9.95670E-01  9.99520E-01       7.10670E-01  1.00000E+00
  9.46030E-01  9.76370E-01  9.89370E-01  9.96362E-01  9.99610E-01       6.76220E-01  1.00000E+00
  9.51660E-01  9.79402E-01  9.91032E-01  9.97053E-01  9.99685E-01       7.00950E-01  1.00000E+00
  9.56878E-01  9.82420E-01  9.92387E-01  9.97470E-01  9.99727E-01       7.50090E-01  1.00000E+00


    2.   4.00   42.  95.94  5.00E+00  8.00E+01  1.00E+00  9.75E-01     5   0.00

  4.70880E+00  4.88040E+00  4.92520E+00  4.95250E+00  4.97130E+00       5.07340E-02  4.98600E+00

  5.26260E-01  6.84530E-01  7.76875E-01  8.46740E-01  9.20190E-01       7.92190E-02  1.00000E+00
  3.85050E-01  4.63345E-01  5.17455E-01  5.72415E-01  6.44345E-01       7.28690E-02  9.14150E-01
  2.72025E-01  3.26160E-01  3.73555E-01  4.16915E-01  4.67425E-01       4.88670E-02  6.76330E-01
  1.74190E-01  2.12055E-01  2.51145E-01  2.83305E-01  3.18785E-01       3.41770E-02  5.06690E-01
  6.52285E-02  9.20260E-02  1.18658E-01  1.46830E-01  1.81400E-01       3.27800E-04  2.99070E-01

 -1.52030E-01  2.52405E-01  5.04498E-01  6.84615E-01  9.04662E-01      -1.00000E+00  1.00000E+00
 -6.94700E-02  3.52340E-01  5.95407E-01  7.68718E-01  9.21390E-01      -1.00000E+00  1.00000E+00
 -3.40550E-02  4.16778E-01  6.76317E-01  8.54262E-01  9.72240E-01      -1.00000E+00  1.00000E+00
 -4.69875E-02  4.14673E-01  7.03345E-01  8.88502E-01  9.87262E-01      -1.00000E+00  1.00000E+00
 -1.11765E-01  3.02443E-01  6.43465E-01  8.70875E-01  9.85935E-01      -1.00000E+00  1.00000E+00
  8.12520E-01  8.85030E-01  9.16807E-01  9.40593E-01  9.65512E-01       3.42390E-01  1.00000E+00
  8.68067E-01  9.41695E-01  9.72037E-01  9.89825E-01  9.98685E-01       3.46490E-01  1.00000E+00
  8.81917E-01  9.45592E-01  9.75575E-01  9.91698E-01  9.99125E-01       3.99710E-01  1.00000E+00
  8.98785E-01  9.54515E-01  9.79657E-01  9.93273E-01  9.99295E-01       3.56240E-01  1.00000E+00
  9.14138E-01  9.64792E-01  9.84762E-01  9.95022E-01  9.99472E-01       4.66550E-01  1.00000E+00
  9.08750E-01  9.52590E-01  9.66530E-01  9.76865E-01  9.88230E-01       6.82690E-01  1.00000E+00
  9.32605E-01  9.77610E-01  9.90657E-01  9.96812E-01  9.99640E-01       7.26890E-01  1.00000E+00
  9.38855E-01  9.66355E-01  9.83923E-01  9.95015E-01  9.99455E-01       7.44100E-01  1.00000E+00
  9.56120E-01  9.79920E-01  9.90565E-01  9.96700E-01  9.99633E-01       7.60300E-01  1.00000E+00
  9.63015E-01  9.84908E-01  9.93570E-01  9.97900E-01  9.99772E-01       7.92270E-01  1.00000E+00
  9.64145E-01  9.79548E-01  9.85918E-01  9.90750E-01  9.95510E-01       8.38430E-01  1.00000E+00
  9.67170E-01  9.90548E-01  9.95867E-01  9.98582E-01  9.99840E-01       8.66580E-01  1.00000E+00
  9.69115E-01  9.83298E-01  9.92060E-01  9.97558E-01  9.99737E-01       8.72360E-01  1.00000E+00
  9.78892E-01  9.90403E-01  9.95690E-01  9.98522E-01  9.99837E-01       9.00370E-01  1.00000E+00
  9.83528E-01  9.93143E-01  9.97008E-01  9.99008E-01  9.99895E-01       8.71880E-01  1.00000E+00
  9.89413E-01  9.93953E-01  9.96265E-01  9.97780E-01  9.99013E-01       9.28420E-01  1.00000E+00
  9.89518E-01  9.95975E-01  9.98203E-01  9.99413E-01  9.99935E-01       9.34760E-01  1.00000E+00
  9.88317E-01  9.94843E-01  9.97777E-01  9.99213E-01  9.99918E-01       9.38270E-01  1.00000E+00
  9.89115E-01  9.95578E-01  9.98105E-01  9.99383E-01  9.99933E-01       9.52450E-01  1.00000E+00
  9.93140E-01  9.96920E-01  9.98642E-01  9.99560E-01  9.99955E-01       9.57540E-01  1.00000E+00


    2.   4.00   42.  95.94  5.00E+00  8.50E+01  1.00E+00  9.89E-01     5   0.00

  4.88280E+00  4.94210E+00  4.96600E+00  4.97780E+00  4.98690E+00       1.52170E-01  4.98990E+00

  4.62110E-01  5.32570E-01  5.92040E-01  6.58890E-01  7.64945E-01       1.03490E-01  1.00000E+00
  2.82690E-01  3.23355E-01  3.54205E-01  3.91360E-01  4.42645E-01       6.89250E-02  6.37530E-01
  1.81855E-01  2.10120E-01  2.27340E-01  2.51450E-01  2.93475E-01       4.29360E-02  4.30200E-01
  1.11848E-01  1.32045E-01  1.42290E-01  1.54695E-01  1.79920E-01       2.63970E-02  2.55930E-01
  5.34110E-02  6.52410E-02  7.15300E-02  7.86025E-02  8.75855E-02       1.10690E-02  1.12900E-01

  8.25438E-01  9.03828E-01  9.38550E-01  9.60228E-01  9.79428E-01      -9.99950E-01  1.00000E+00
  8.69705E-01  9.45615E-01  9.76570E-01  9.92250E-01  9.99180E-01      -1.00000E+00  1.00000E+00
  8.52348E-01  9.46545E-01  9.77002E-01  9.92595E-01  9.99228E-01      -1.00000E+00  1.00000E+00
  7.21282E-01  9.22248E-01  9.70565E-01  9.90873E-01  9.99038E-01      -1.00000E+00  1.00000E+00
  2.44382E-01  6.62148E-01  8.59495E-01  9.54907E-01  9.95423E-01      -1.00000E+00  1.00000E+00
  9.48217E-01  9.65573E-01  9.74618E-01  9.81502E-01  9.88683E-01       7.76490E-01  1.00000E+00
  9.68542E-01  9.86883E-01  9.94173E-01  9.98018E-01  9.99762E-01       8.05280E-01  1.00000E+00
  9.63827E-01  9.87760E-01  9.94628E-01  9.98190E-01  9.99805E-01       8.34860E-01  1.00000E+00
  9.63283E-01  9.83385E-01  9.92842E-01  9.97663E-01  9.99753E-01       8.36190E-01  1.00000E+00
  9.75128E-01  9.88868E-01  9.95088E-01  9.98358E-01  9.99830E-01       8.54850E-01  1.00000E+00
  9.77398E-01  9.83295E-01  9.86760E-01  9.89575E-01  9.92755E-01       9.19980E-01  1.00000E+00
  9.88555E-01  9.94297E-01  9.97117E-01  9.98723E-01  9.99750E-01       9.11470E-01  1.00000E+00
  9.89275E-01  9.95788E-01  9.98082E-01  9.99358E-01  9.99930E-01       9.25400E-01  1.00000E+00
  9.82177E-01  9.92950E-01  9.96672E-01  9.98842E-01  9.99880E-01       9.33120E-01  1.00000E+00
  9.89215E-01  9.94995E-01  9.97703E-01  9.99213E-01  9.99910E-01       9.39440E-01  1.00000E+00
  9.87595E-01  9.90535E-01  9.92413E-01  9.93910E-01  9.95535E-01       9.58100E-01  9.99990E-01
  9.93243E-01  9.96285E-01  9.97947E-01  9.98930E-01  9.99603E-01       9.67930E-01  1.00000E+00
  9.94993E-01  9.97502E-01  9.98860E-01  9.99617E-01  9.99957E-01       9.70610E-01  1.00000E+00
  9.94485E-01  9.97775E-01  9.99120E-01  9.99713E-01  9.99968E-01       9.74710E-01  1.00000E+00
  9.94580E-01  9.97545E-01  9.98847E-01  9.99595E-01  9.99955E-01       9.80780E-01  1.00000E+00
  9.94270E-01  9.95753E-01  9.96655E-01  9.97360E-01  9.98053E-01       9.87040E-01  9.97750E-01
  9.96487E-01  9.98120E-01  9.98970E-01  9.99478E-01  9.99797E-01       9.92960E-01  9.99960E-01
  9.97147E-01  9.98602E-01  9.99365E-01  9.99783E-01  9.99975E-01       9.94360E-01  1.00000E+00
  9.97798E-01  9.98843E-01  9.99457E-01  9.99815E-01  9.99977E-01       9.95570E-01  1.00000E+00
  9.98877E-01  9.99405E-01  9.99720E-01  9.99900E-01  9.99988E-01       9.97100E-01  1.00000E+00


    2.   4.00   42.  95.94  1.00E+01  0.00E+00  7.75E-01  5.13E-01     5   0.00

  2.72680E+00  6.26410E+00  7.59990E+00  8.18640E+00  8.55480E+00       5.00040E-02  9.24580E+00

  5.89250E-01  7.47660E-01  8.43845E-01  9.16735E-01  9.75145E-01       9.41870E-02  1.00000E+00
  5.68575E-01  7.26180E-01  8.25875E-01  9.04805E-01  9.71080E-01       1.36020E-01  1.00000E+00
  5.44555E-01  7.09150E-01  8.13375E-01  8.96805E-01  9.68035E-01       8.14960E-02  1.00000E+00
  5.30940E-01  6.96740E-01  8.03630E-01  8.87635E-01  9.60880E-01       8.64570E-02  1.00000E+00
  3.54140E-01  4.92700E-01  5.92780E-01  6.86905E-01  8.09820E-01       4.44680E-02  9.99980E-01

 -9.48948E-01 -5.85488E-01 -4.63025E-04  5.90812E-01  9.53442E-01      -1.00000E+00  1.00000E+00
 -9.50210E-01 -5.86665E-01  8.82525E-04  5.81320E-01  9.50388E-01      -1.00000E+00  1.00000E+00
 -9.49843E-01 -5.95633E-01 -1.38602E-02  5.76433E-01  9.50542E-01      -1.00000E+00  1.00000E+00
 -9.50400E-01 -5.90627E-01  3.49372E-03  5.94185E-01  9.51990E-01      -1.00000E+00  1.00000E+00
 -9.50600E-01 -5.85670E-01  1.96195E-03  5.84928E-01  9.51407E-01      -1.00000E+00  1.00000E+00
 -9.52990E-01 -5.86938E-01  2.90493E-03  5.93527E-01  9.50665E-01      -1.00000E+00  1.00000E+00
 -9.49770E-01 -5.83608E-01  8.26937E-03  5.95350E-01  9.51215E-01      -1.00000E+00  1.00000E+00
 -9.50992E-01 -5.84220E-01 -3.85732E-03  5.87468E-01  9.49895E-01      -1.00000E+00  1.00000E+00
 -9.50590E-01 -5.87522E-01  2.51787E-03  5.80885E-01  9.49180E-01      -1.00000E+00  1.00000E+00
 -9.50327E-01 -5.90085E-01 -3.44022E-03  5.87917E-01  9.50735E-01      -1.00000E+00  1.00000E+00
 -9.50270E-01 -5.86945E-01  1.32080E-02  5.95380E-01  9.52375E-01      -1.00000E+00  1.00000E+00
 -9.50350E-01 -5.75597E-01  5.22205E-03  5.90178E-01  9.50597E-01      -1.00000E+00  1.00000E+00
 -9.51045E-01 -5.92453E-01 -8.14745E-03  5.78257E-01  9.50615E-01      -1.00000E+00  1.00000E+00
 -9.50688E-01 -5.84730E-01 -2.33507E-03  5.80190E-01  9.49152E-01      -1.00000E+00  1.00000E+00
 -9.51480E-01 -5.85363E-01 -2.80600E-05  5.84605E-01  9.49967E-01      -1.00000E+00  1.00000E+00
 -9.50103E-01 -5.88483E-01 -3.06025E-04  5.84560E-01  9.49518E-01      -1.00000E+00  1.00000E+00
 -9.53220E-01 -5.91043E-01  1.17662E-03  5.89005E-01  9.51180E-01      -1.00000E+00  1.00000E+00
 -9.52075E-01 -5.86962E-01  1.91030E-03  5.84232E-01  9.49585E-01      -1.00000E+00  1.00000E+00
 -9.51465E-01 -5.80810E-01  5.77355E-03  5.88725E-01  9.51502E-01      -1.00000E+00  1.00000E+00
 -9.51418E-01 -5.83858E-01 -1.51750E-04  5.88873E-01  9.50593E-01      -1.00000E+00  1.00000E+00
 -9.49473E-01 -5.83335E-01  6.34135E-03  5.91627E-01  9.50200E-01      -1.00000E+00  1.00000E+00
 -9.50303E-01 -5.81830E-01  8.29525E-03  5.95203E-01  9.52280E-01      -1.00000E+00  1.00000E+00
 -9.52067E-01 -5.91685E-01 -1.33432E-03  5.83155E-01  9.49318E-01      -1.00000E+00  1.00000E+00
 -9.51278E-01 -5.90843E-01 -6.83515E-03  5.82852E-01  9.49848E-01      -1.00000E+00  1.00000E+00
 -9.50315E-01 -5.85098E-01  1.48006E-02  5.93703E-01  9.51412E-01      -1.00000E+00  1.00000E+00


    2.   4.00   42.  95.94  1.00E+01  3.00E+01  8.23E-01  5.86E-01     5   0.00

  3.57310E+00  6.97900E+00  8.02940E+00  8.47490E+00  8.98770E+00       5.00050E-02  9.66620E+00

  5.86880E-01  7.45095E-01  8.40720E-01  9.14670E-01  9.74540E-01       9.74880E-02  1.00000E+00
  5.49120E-01  7.11720E-01  8.14745E-01  8.97930E-01  9.68795E-01       1.09130E-01  1.00000E+00
  5.09720E-01  6.76625E-01  7.87090E-01  8.78730E-01  9.60730E-01       9.21810E-02  1.00000E+00
  4.46260E-01  6.13520E-01  7.32065E-01  8.37090E-01  9.39995E-01       7.44820E-02  1.00000E+00
  3.17830E-01  4.41505E-01  5.35800E-01  6.31610E-01  7.65360E-01       3.57670E-02  9.99960E-01

 -9.50668E-01 -5.85720E-01  2.03758E-03  5.86290E-01  9.52005E-01      -1.00000E+00  1.00000E+00
 -9.50160E-01 -5.82595E-01  5.49915E-03  5.88873E-01  9.51315E-01      -1.00000E+00  1.00000E+00
 -9.50863E-01 -5.88102E-01  4.59502E-03  5.90537E-01  9.51560E-01      -1.00000E+00  1.00000E+00
 -9.49405E-01 -5.84655E-01 -1.51052E-03  5.90565E-01  9.51678E-01      -1.00000E+00  1.00000E+00
 -9.50885E-01 -5.89007E-01  1.41337E-03  5.87365E-01  9.49040E-01      -1.00000E+00  1.00000E+00
 -9.53590E-01 -6.20557E-01 -5.85655E-02  5.26797E-01  9.39148E-01      -1.00000E+00  1.00000E+00
 -9.53260E-01 -6.07475E-01 -4.12580E-02  5.55943E-01  9.47205E-01      -1.00000E+00  1.00000E+00
 -9.50055E-01 -5.85217E-01 -1.07255E-02  5.69077E-01  9.47242E-01      -1.00000E+00  1.00000E+00
 -9.52120E-01 -6.03390E-01 -2.62036E-02  5.73333E-01  9.49128E-01      -1.00000E+00  1.00000E+00
 -9.54295E-01 -6.00662E-01 -1.18890E-02  5.82803E-01  9.48350E-01      -1.00000E+00  1.00000E+00
 -9.86272E-01 -8.67515E-01 -5.70847E-01  1.66773E-02  8.32890E-01      -1.00000E+00  1.00000E+00
 -9.83248E-01 -8.38133E-01 -4.94570E-01  1.29176E-01  8.59945E-01      -1.00000E+00  1.00000E+00
 -9.79872E-01 -8.16852E-01 -4.33588E-01  2.08552E-01  8.78493E-01      -1.00000E+00  1.00000E+00
 -9.76465E-01 -7.85955E-01 -3.62228E-01  2.92395E-01  9.00273E-01      -1.00000E+00  1.00000E+00
 -9.66855E-01 -7.10810E-01 -2.09484E-01  4.38067E-01  9.28915E-01      -1.00000E+00  1.00000E+00
 -8.12557E-01 -5.30250E-01 -1.94296E-01  2.83215E-01  8.68295E-01      -1.00000E+00  1.00000E+00
 -6.82605E-01 -3.01464E-01  8.50025E-02  5.44412E-01  9.36945E-01      -1.00000E+00  1.00000E+00
 -5.64765E-01 -1.28830E-01  2.67467E-01  6.69230E-01  9.56130E-01      -1.00000E+00  1.00000E+00
 -4.86480E-01  4.59500E-03  4.04480E-01  7.43140E-01  9.67988E-01      -1.00000E+00  1.00000E+00
 -6.10455E-01 -1.27700E-02  4.38518E-01  7.79150E-01  9.74280E-01      -1.00000E+00  1.00000E+00
  1.64260E-01  4.98830E-01  7.04800E-01  8.67465E-01  9.82040E-01      -9.83490E-01  1.00000E+00
  2.49623E-01  5.93743E-01  7.90022E-01  9.20385E-01  9.91005E-01      -9.95760E-01  1.00000E+00
  3.06374E-01  6.52992E-01  8.31740E-01  9.40830E-01  9.93298E-01      -9.21290E-01  1.00000E+00
  3.59040E-01  6.97947E-01  8.58827E-01  9.51795E-01  9.94875E-01      -9.96510E-01  1.00000E+00
  3.34229E-01  7.00585E-01  8.65545E-01  9.54400E-01  9.95108E-01      -1.00000E+00  1.00000E+00


    2.   4.00   42.  95.94  1.00E+01  4.50E+01  8.79E-01  6.79E-01     5   0.00

  4.90060E+00  7.73210E+00  8.42990E+00  8.89900E+00  9.32350E+00       5.00100E-02  9.79400E+00

  5.77235E-01  7.36385E-01  8.33975E-01  9.10510E-01  9.73100E-01       8.06890E-02  1.00000E+00
  4.95590E-01  6.63040E-01  7.74715E-01  8.71115E-01  9.58765E-01       8.57050E-02  1.00000E+00
  4.56310E-01  6.31590E-01  7.56030E-01  8.62515E-01  9.56735E-01       8.12270E-02  1.00000E+00
  4.20335E-01  5.74930E-01  6.81895E-01  7.78675E-01  8.90960E-01       6.45080E-02  9.99990E-01
  2.74355E-01  3.79860E-01  4.59885E-01  5.42585E-01  6.65950E-01       2.86540E-02  9.99260E-01

 -9.47665E-01 -5.70242E-01  2.17635E-02  6.01760E-01  9.53078E-01      -1.00000E+00  1.00000E+00
 -9.50710E-01 -5.90597E-01  6.04982E-03  5.89958E-01  9.51062E-01      -1.00000E+00  1.00000E+00
 -9.49388E-01 -5.80083E-01  1.33752E-02  5.98095E-01  9.52687E-01      -1.00000E+00  1.00000E+00
 -9.50703E-01 -5.81980E-01  7.28240E-03  5.93012E-01  9.51392E-01      -1.00000E+00  1.00000E+00
 -9.50855E-01 -5.86375E-01 -7.39825E-04  5.92268E-01  9.52083E-01      -1.00000E+00  1.00000E+00
 -9.81533E-01 -8.34803E-01 -5.23367E-01  3.29375E-02  8.24662E-01      -1.00000E+00  1.00000E+00
 -9.78195E-01 -7.97898E-01 -4.14085E-01  2.20173E-01  8.86420E-01      -1.00000E+00  1.00000E+00
 -9.73893E-01 -7.64487E-01 -3.31437E-01  3.09997E-01  9.08408E-01      -1.00000E+00  1.00000E+00
 -9.69595E-01 -7.23945E-01 -2.35788E-01  4.13545E-01  9.23030E-01      -1.00000E+00  1.00000E+00
 -9.60708E-01 -6.64945E-01 -1.23786E-01  5.07215E-01  9.37505E-01      -1.00000E+00  1.00000E+00
 -7.98528E-01 -5.93270E-01 -3.43481E-01  7.72583E-02  7.99625E-01      -1.00000E+00  1.00000E+00
 -7.58260E-01 -4.92968E-01 -1.79978E-01  3.12066E-01  8.92343E-01      -1.00000E+00  1.00000E+00
 -7.43717E-01 -4.38033E-01 -9.20800E-02  4.13305E-01  9.14682E-01      -1.00000E+00  1.00000E+00
 -7.67375E-01 -4.11238E-01 -2.82925E-02  4.71137E-01  9.26935E-01      -1.00000E+00  1.00000E+00
 -8.81310E-01 -4.55394E-01  2.73150E-02  5.56565E-01  9.45227E-01      -1.00000E+00  1.00000E+00
 -9.79620E-02  1.95978E-01  4.20645E-01  6.86732E-01  9.51372E-01      -9.94920E-01  1.00000E+00
  1.81700E-02  3.49375E-01  5.79973E-01  8.00067E-01  9.74777E-01      -9.68350E-01  1.00000E+00
  1.10722E-01  4.65247E-01  6.88607E-01  8.64195E-01  9.82717E-01      -9.85880E-01  1.00000E+00
  1.85395E-01  5.67360E-01  7.75970E-01  9.14610E-01  9.90025E-01      -9.98830E-01  1.00000E+00
  2.08578E-02  5.47185E-01  7.93090E-01  9.28640E-01  9.92107E-01      -1.00000E+00  1.00000E+00
  5.45820E-01  7.46625E-01  8.54478E-01  9.34965E-01  9.91105E-01      -5.76360E-01  1.00000E+00
  5.94530E-01  7.97780E-01  9.00168E-01  9.61878E-01  9.95688E-01      -5.32400E-01  1.00000E+00
  6.25798E-01  8.27140E-01  9.19110E-01  9.71888E-01  9.96965E-01      -4.86370E-01  1.00000E+00
  6.51075E-01  8.45917E-01  9.31490E-01  9.77193E-01  9.97513E-01      -5.99720E-01  1.00000E+00
  6.58172E-01  8.54263E-01  9.37007E-01  9.78885E-01  9.97765E-01      -9.99550E-01  1.00000E+00


    2.   4.00   42.  95.94  1.00E+01  6.00E+01  9.47E-01  8.11E-01     5   0.00

  7.06010E+00  8.55640E+00  9.05730E+00  9.38240E+00  9.67040E+00       5.00110E-02  9.88430E+00

  5.16470E-01  6.80795E-01  7.89755E-01  8.81595E-01  9.62485E-01       9.07050E-02  1.00000E+00
  4.51860E-01  6.23865E-01  7.48650E-01  8.57550E-01  9.55010E-01       8.19960E-02  1.00000E+00
  4.32990E-01  5.95090E-01  7.08895E-01  8.11200E-01  9.19010E-01       7.19080E-02  1.00000E+00
  3.56595E-01  4.80000E-01  5.69030E-01  6.57155E-01  7.85770E-01       5.09890E-02  9.99930E-01
  2.21065E-01  3.08165E-01  3.77155E-01  4.50790E-01  5.52725E-01       1.97000E-02  9.26010E-01

 -9.70295E-01 -7.36908E-01 -3.31702E-01  2.29163E-01  8.66977E-01      -1.00000E+00  1.00000E+00
 -9.65927E-01 -7.04475E-01 -2.45734E-01  3.62179E-01  9.10025E-01      -1.00000E+00  1.00000E+00
 -9.64518E-01 -7.00595E-01 -2.05979E-01  4.12930E-01  9.19745E-01      -1.00000E+00  1.00000E+00
 -9.62985E-01 -6.77755E-01 -1.48069E-01  4.79157E-01  9.32993E-01      -1.00000E+00  1.00000E+00
 -9.58370E-01 -6.36167E-01 -7.53496E-02  5.34023E-01  9.41280E-01      -1.00000E+00  1.00000E+00
 -7.19940E-01 -5.00860E-01 -2.55295E-01  1.21893E-01  7.93262E-01      -1.00000E+00  1.00000E+00
 -7.12933E-01 -4.51923E-01 -1.66555E-01  2.66200E-01  8.74135E-01      -1.00000E+00  1.00000E+00
 -7.34102E-01 -4.36972E-01 -1.16020E-01  3.39604E-01  8.98037E-01      -1.00000E+00  1.00000E+00
 -8.21885E-01 -4.74677E-01 -1.03763E-01  3.96035E-01  9.09662E-01      -1.00000E+00  1.00000E+00
 -9.29725E-01 -5.79402E-01 -9.95875E-02  4.59653E-01  9.28203E-01      -1.00000E+00  1.00000E+00
  2.27655E-02  2.81090E-01  4.80795E-01  7.13945E-01  9.55175E-01      -9.01820E-01  1.00000E+00
  9.43198E-02  3.86520E-01  5.90633E-01  7.95392E-01  9.71298E-01      -9.39400E-01  1.00000E+00
  1.49756E-01  4.72650E-01  6.77918E-01  8.55148E-01  9.81265E-01      -9.76350E-01  1.00000E+00
  1.93500E-01  5.50735E-01  7.61420E-01  9.05395E-01  9.88658E-01      -9.99890E-01  1.00000E+00
 -2.44328E-02  4.96173E-01  7.61215E-01  9.16175E-01  9.90847E-01      -1.00000E+00  1.00000E+00
  4.63113E-01  6.52470E-01  7.74062E-01  8.85705E-01  9.80250E-01      -5.04760E-01  1.00000E+00
  5.38305E-01  7.40143E-01  8.52020E-01  9.36855E-01  9.91745E-01      -3.79380E-01  1.00000E+00
  5.88325E-01  7.95270E-01  8.96288E-01  9.60740E-01  9.95350E-01      -6.08250E-01  1.00000E+00
  6.21487E-01  8.24318E-01  9.19552E-01  9.72513E-01  9.96930E-01      -5.79890E-01  1.00000E+00
  6.28343E-01  8.32180E-01  9.24920E-01  9.74490E-01  9.97110E-01      -9.99450E-01  1.00000E+00
  8.03560E-01  8.92798E-01  9.36685E-01  9.69128E-01  9.93962E-01       1.59870E-01  1.00000E+00
  8.20435E-01  9.13138E-01  9.57747E-01  9.84293E-01  9.98213E-01       1.63000E-01  1.00000E+00
  8.26678E-01  9.20395E-01  9.63952E-01  9.87802E-01  9.98630E-01       1.42070E-01  1.00000E+00
  8.43047E-01  9.28410E-01  9.67185E-01  9.88715E-01  9.98828E-01       1.31850E-01  1.00000E+00
  8.66062E-01  9.42557E-01  9.74903E-01  9.91720E-01  9.99113E-01       3.09090E-01  1.00000E+00


    2.   4.00   42.  95.94  1.00E+01  7.00E+01  9.86E-01  9.10E-01     5   0.00

  8.45170E+00  9.21090E+00  9.51990E+00  9.72640E+00  9.84110E+00       5.00080E-02  9.93170E+00

  4.61200E-01  6.34215E-01  7.58455E-01  8.65620E-01  9.59015E-01       8.15520E-02  1.00000E+00
  4.45260E-01  6.12660E-01  7.33405E-01  8.37700E-01  9.32515E-01       6.95210E-02  1.00000E+00
  3.75740E-01  5.09520E-01  6.01935E-01  6.88670E-01  7.94065E-01       7.01070E-02  9.99490E-01
  2.89705E-01  3.75005E-01  4.37675E-01  4.99260E-01  5.78915E-01       5.49240E-02  8.88780E-01
  1.50115E-01  2.07110E-01  2.51160E-01  2.95615E-01  3.56695E-01       9.72980E-03  6.32370E-01

 -7.84072E-01 -5.87510E-01 -3.57057E-01  4.57775E-02  8.00388E-01      -1.00000E+00  1.00000E+00
 -8.21645E-01 -5.80113E-01 -2.75751E-01  2.25992E-01  8.74533E-01      -1.00000E+00  1.00000E+00
 -8.95045E-01 -6.00488E-01 -2.21029E-01  3.22163E-01  8.96402E-01      -1.00000E+00  1.00000E+00
 -9.44852E-01 -6.46502E-01 -1.95443E-01  3.69075E-01  9.03345E-01      -1.00000E+00  1.00000E+00
 -9.57605E-01 -6.49215E-01 -1.38729E-01  4.54485E-01  9.24680E-01      -1.00000E+00  1.00000E+00
  1.39684E-01  3.68387E-01  5.42442E-01  7.48332E-01  9.57565E-01      -8.90200E-01  1.00000E+00
  1.76572E-01  4.34030E-01  6.09492E-01  7.99012E-01  9.70383E-01      -8.35380E-01  1.00000E+00
  2.12976E-01  5.02243E-01  6.83230E-01  8.48155E-01  9.78897E-01      -9.22760E-01  1.00000E+00
  2.26162E-01  5.56852E-01  7.52278E-01  8.95950E-01  9.86210E-01      -9.99340E-01  1.00000E+00
  1.97250E-02  5.09190E-01  7.63472E-01  9.15060E-01  9.91060E-01      -1.00000E+00  1.00000E+00
  5.52890E-01  7.08850E-01  8.07127E-01  9.05215E-01  9.85955E-01      -1.18860E-01  1.00000E+00
  6.06405E-01  7.73595E-01  8.67088E-01  9.40745E-01  9.91430E-01      -8.76630E-02  1.00000E+00
  6.54698E-01  8.23937E-01  9.10588E-01  9.65548E-01  9.95818E-01      -2.09430E-01  1.00000E+00
  6.99878E-01  8.55205E-01  9.33095E-01  9.76648E-01  9.97397E-01      -2.34940E-01  1.00000E+00
  7.43497E-01  8.85238E-01  9.48213E-01  9.82410E-01  9.98115E-01      -3.21840E-01  1.00000E+00
  8.07450E-01  8.82252E-01  9.20590E-01  9.51400E-01  9.81882E-01       2.85670E-01  1.00000E+00
  8.43560E-01  9.21298E-01  9.60533E-01  9.84382E-01  9.98115E-01       3.53760E-01  1.00000E+00
  8.60398E-01  9.33880E-01  9.69140E-01  9.89420E-01  9.98830E-01       4.49950E-01  1.00000E+00
  8.77953E-01  9.44925E-01  9.74985E-01  9.91592E-01  9.99103E-01       3.87460E-01  1.00000E+00
  9.05387E-01  9.59377E-01  9.82093E-01  9.93965E-01  9.99355E-01       4.84080E-01  1.00000E+00
  9.46603E-01  9.74270E-01  9.86818E-01  9.94518E-01  9.99285E-01       6.37040E-01  1.00000E+00
  9.48330E-01  9.77032E-01  9.89522E-01  9.96512E-01  9.99613E-01       7.08130E-01  1.00000E+00
  9.51113E-01  9.78873E-01  9.90748E-01  9.96952E-01  9.99677E-01       7.12550E-01  1.00000E+00
  9.54858E-01  9.80818E-01  9.91638E-01  9.97173E-01  9.99692E-01       7.40970E-01  1.00000E+00
  9.61785E-01  9.84067E-01  9.93153E-01  9.97730E-01  9.99755E-01       7.79500E-01  1.00000E+00


    2.   4.00   42.  95.94  1.00E+01  8.00E+01  1.00E+00  9.77E-01     5   0.00

  9.49070E+00  9.78820E+00  9.86740E+00  9.90850E+00  9.94010E+00       5.05350E-02  9.97190E+00

  4.90985E-01  6.48820E-01  7.41635E-01  8.13985E-01  8.93050E-01       8.42150E-02  1.00000E+00
  3.42585E-01  4.16320E-01  4.64240E-01  5.10845E-01  5.76080E-01       6.83940E-02  8.35970E-01
  2.40620E-01  2.90515E-01  3.28180E-01  3.62270E-01  4.08925E-01       6.10060E-02  6.18070E-01
  1.62525E-01  2.00535E-01  2.28210E-01  2.52065E-01  2.84845E-01       3.02960E-02  4.25180E-01
  7.26755E-02  1.01603E-01  1.21846E-01  1.41595E-01  1.66635E-01       2.20620E-03  2.81390E-01

 -3.23525E-02  4.29797E-01  6.25415E-01  7.58205E-01  9.30040E-01      -1.00000E+00  1.00000E+00
  8.73950E-02  5.40600E-01  7.26915E-01  8.49280E-01  9.55665E-01      -1.00000E+00  1.00000E+00
  1.71150E-01  6.41260E-01  8.18505E-01  9.27020E-01  9.89757E-01      -1.00000E+00  1.00000E+00
  1.52728E-01  6.52625E-01  8.44718E-01  9.45710E-01  9.94080E-01      -1.00000E+00  1.00000E+00
  9.56000E-03  4.84577E-01  7.69232E-01  9.23445E-01  9.91700E-01      -1.00000E+00  1.00000E+00
  8.54600E-01  9.05370E-01  9.32745E-01  9.55190E-01  9.78410E-01       4.64960E-01  1.00000E+00
  8.95138E-01  9.46415E-01  9.71495E-01  9.88365E-01  9.98625E-01       5.32500E-01  1.00000E+00
  9.11687E-01  9.59975E-01  9.81177E-01  9.93352E-01  9.99275E-01       5.07770E-01  1.00000E+00
  9.22325E-01  9.67448E-01  9.85650E-01  9.95223E-01  9.99485E-01       5.97150E-01  1.00000E+00
  9.34885E-01  9.73052E-01  9.88383E-01  9.96165E-01  9.99588E-01       4.98580E-01  1.00000E+00
  9.36155E-01  9.62900E-01  9.76340E-01  9.85870E-01  9.94250E-01       7.73290E-01  1.00000E+00
  9.52865E-01  9.76562E-01  9.89195E-01  9.96227E-01  9.99575E-01       8.16410E-01  1.00000E+00
  9.59597E-01  9.81473E-01  9.91227E-01  9.96910E-01  9.99662E-01       7.94130E-01  1.00000E+00
  9.66515E-01  9.85483E-01  9.93750E-01  9.97953E-01  9.99785E-01       8.37730E-01  1.00000E+00
  9.73380E-01  9.88870E-01  9.95150E-01  9.98387E-01  9.99825E-01       8.36670E-01  1.00000E+00
  9.67172E-01  9.82698E-01  9.90020E-01  9.94877E-01  9.98570E-01       8.80210E-01  1.00000E+00
  9.74448E-01  9.86875E-01  9.93947E-01  9.97907E-01  9.99777E-01       8.94460E-01  1.00000E+00
  9.79955E-01  9.90783E-01  9.95625E-01  9.98470E-01  9.99835E-01       8.91250E-01  1.00000E+00
  9.83320E-01  9.92790E-01  9.96825E-01  9.98942E-01  9.99885E-01       9.21840E-01  1.00000E+00
  9.87098E-01  9.94622E-01  9.97668E-01  9.99238E-01  9.99918E-01       9.21530E-01  1.00000E+00
  9.88997E-01  9.94665E-01  9.97315E-01  9.98940E-01  9.99860E-01       9.46530E-01  1.00000E+00
  9.90105E-01  9.95537E-01  9.98035E-01  9.99340E-01  9.99932E-01       9.46920E-01  1.00000E+00
  9.91100E-01  9.96245E-01  9.98370E-01  9.99460E-01  9.99940E-01       9.56710E-01  1.00000E+00
  9.92378E-01  9.96713E-01  9.98557E-01  9.99520E-01  9.99950E-01       9.63050E-01  1.00000E+00
  9.93908E-01  9.97515E-01  9.98933E-01  9.99650E-01  9.99960E-01       9.63780E-01  1.00000E+00


    2.   4.00   42.  95.94  1.00E+01  8.50E+01  1.00E+00  9.91E-01     5   0.00

  9.83180E+00  9.91430E+00  9.94460E+00  9.96180E+00  9.97400E+00       4.64470E+00  9.98630E+00

  3.65145E-01  4.24910E-01  4.76290E-01  5.45240E-01  6.58810E-01       9.48150E-02  1.00000E+00
  2.19895E-01  2.52605E-01  2.77175E-01  3.01550E-01  3.33570E-01       6.58180E-02  4.92040E-01
  1.45235E-01  1.67080E-01  1.84475E-01  2.00610E-01  2.20345E-01       2.83240E-02  3.16960E-01
  9.17125E-02  1.06324E-01  1.18515E-01  1.29625E-01  1.43010E-01       1.70680E-02  1.97590E-01
  3.37555E-02  4.48610E-02  5.44965E-02  6.40895E-02  7.64680E-02       9.65140E-05  1.11290E-01

  9.08465E-01  9.49797E-01  9.69240E-01  9.82552E-01  9.93050E-01      -9.99640E-01  1.00000E+00
  9.30562E-01  9.71130E-01  9.86945E-01  9.95518E-01  9.99510E-01      -9.99410E-01  1.00000E+00
  9.21217E-01  9.72327E-01  9.88340E-01  9.96158E-01  9.99580E-01      -9.99320E-01  1.00000E+00
  8.67553E-01  9.54993E-01  9.81893E-01  9.94258E-01  9.99395E-01      -9.99960E-01  1.00000E+00
  6.31022E-01  8.82905E-01  9.53670E-01  9.85110E-01  9.98440E-01      -1.00000E+00  1.00000E+00
  9.69125E-01  9.81980E-01  9.88460E-01  9.92947E-01  9.96918E-01       8.85820E-01  1.00000E+00
  9.78023E-01  9.90315E-01  9.95435E-01  9.98443E-01  9.99833E-01       8.98190E-01  1.00000E+00
  9.81572E-01  9.92058E-01  9.96652E-01  9.98913E-01  9.99883E-01       9.05710E-01  1.00000E+00
  9.84625E-01  9.93205E-01  9.97020E-01  9.99003E-01  9.99895E-01       9.23650E-01  1.00000E+00
  9.87845E-01  9.94912E-01  9.97798E-01  9.99263E-01  9.99920E-01       9.28220E-01  1.00000E+00
  9.85490E-01  9.91805E-01  9.94655E-01  9.96753E-01  9.98600E-01       9.43900E-01  1.00000E+00
  9.89378E-01  9.95585E-01  9.98077E-01  9.99355E-01  9.99930E-01       9.57340E-01  1.00000E+00
  9.91005E-01  9.95845E-01  9.98225E-01  9.99405E-01  9.99938E-01       9.66090E-01  1.00000E+00
  9.92990E-01  9.96840E-01  9.98620E-01  9.99545E-01  9.99953E-01       9.70070E-01  1.00000E+00
  9.94950E-01  9.97830E-01  9.99045E-01  9.99680E-01  9.99970E-01       9.70070E-01  1.00000E+00
  9.92962E-01  9.95828E-01  9.97197E-01  9.98237E-01  9.99248E-01       9.72650E-01  1.00000E+00
  9.94857E-01  9.97942E-01  9.99115E-01  9.99707E-01  9.99970E-01       9.80600E-01  1.00000E+00
  9.95507E-01  9.97992E-01  9.99140E-01  9.99718E-01  9.99972E-01       9.82700E-01  1.00000E+00
  9.96460E-01  9.98465E-01  9.99330E-01  9.99775E-01  9.99975E-01       9.85460E-01  1.00000E+00
  9.97772E-01  9.99005E-01  9.99557E-01  9.99857E-01  9.99985E-01       9.88630E-01  1.00000E+00
  9.97658E-01  9.98645E-01  9.99160E-01  9.99500E-01  9.99785E-01       9.88680E-01  1.00000E+00
  9.98045E-01  9.99095E-01  9.99605E-01  9.99870E-01  9.99985E-01       9.91840E-01  1.00000E+00
  9.98030E-01  9.99215E-01  9.99645E-01  9.99880E-01  9.99988E-01       9.93300E-01  1.00000E+00
  9.98130E-01  9.99207E-01  9.99672E-01  9.99890E-01  9.99990E-01       9.94080E-01  1.00000E+00
  9.98762E-01  9.99462E-01  9.99763E-01  9.99923E-01  9.99990E-01       9.95300E-01  1.00000E+00


    2.   4.00   42.  95.94  2.00E+01  0.00E+00  6.94E-01  4.39E-01     5   0.00

  4.44640E+00  1.12690E+01  1.45960E+01  1.62950E+01  1.70950E+01       5.00030E-02  1.84660E+01

  5.90985E-01  7.46865E-01  8.42075E-01  9.15460E-01  9.74955E-01       1.00470E-01  1.00000E+00
  5.68205E-01  7.26425E-01  8.26135E-01  9.04745E-01  9.71205E-01       1.09860E-01  1.00000E+00
  5.37670E-01  7.02450E-01  8.07585E-01  8.93215E-01  9.66535E-01       1.31480E-01  1.00000E+00
  5.57635E-01  7.28330E-01  8.31710E-01  9.08125E-01  9.71085E-01       1.33550E-01  1.00000E+00
  3.70105E-01  4.96585E-01  5.88185E-01  6.76020E-01  7.93485E-01       5.77090E-02  9.99980E-01

 -9.53015E-01 -5.93087E-01 -4.86952E-03  5.81383E-01  9.50802E-01      -1.00000E+00  1.00000E+00
 -9.50085E-01 -5.85660E-01 -4.96850E-04  5.85540E-01  9.51120E-01      -1.00000E+00  1.00000E+00
 -9.53523E-01 -5.91680E-01 -3.20332E-03  5.91375E-01  9.51210E-01      -1.00000E+00  1.00000E+00
 -9.50280E-01 -5.89435E-01 -3.28072E-03  5.85645E-01  9.50900E-01      -1.00000E+00  1.00000E+00
 -9.51020E-01 -5.86688E-01 -1.03020E-02  5.85625E-01  9.51430E-01      -1.00000E+00  1.00000E+00
 -9.52277E-01 -5.96925E-01 -2.55520E-03  5.85298E-01  9.50113E-01      -1.00000E+00  1.00000E+00
 -9.49695E-01 -5.83122E-01  1.12405E-02  5.97522E-01  9.53358E-01      -1.00000E+00  1.00000E+00
 -9.52337E-01 -5.92928E-01 -6.79100E-04  5.82600E-01  9.50017E-01      -1.00000E+00  1.00000E+00
 -9.51270E-01 -5.81235E-01  2.92150E-03  5.92330E-01  9.53518E-01      -1.00000E+00  1.00000E+00
 -9.51037E-01 -5.90623E-01  8.19780E-03  5.92453E-01  9.52357E-01      -1.00000E+00  1.00000E+00
 -9.52553E-01 -5.81333E-01  3.17165E-03  5.88888E-01  9.50960E-01      -1.00000E+00  1.00000E+00
 -9.50870E-01 -5.90845E-01 -1.01467E-02  5.84165E-01  9.49462E-01      -1.00000E+00  1.00000E+00
 -9.49407E-01 -5.80553E-01  1.01236E-02  5.89330E-01  9.51562E-01      -1.00000E+00  1.00000E+00
 -9.51492E-01 -5.85852E-01 -1.61182E-03  5.86653E-01  9.50035E-01      -1.00000E+00  1.00000E+00
 -9.50680E-01 -5.93015E-01 -6.05555E-03  5.90927E-01  9.51755E-01      -1.00000E+00  1.00000E+00
 -9.51180E-01 -5.83020E-01  3.57239E-03  5.83865E-01  9.49912E-01      -1.00000E+00  1.00000E+00
 -9.51747E-01 -5.95025E-01 -7.02270E-03  5.87202E-01  9.51695E-01      -1.00000E+00  1.00000E+00
 -9.50268E-01 -5.82580E-01  1.09897E-02  5.93122E-01  9.52533E-01      -1.00000E+00  1.00000E+00
 -9.50743E-01 -5.88085E-01 -3.28040E-03  5.86910E-01  9.50630E-01      -1.00000E+00  1.00000E+00
 -9.51723E-01 -5.96345E-01 -1.01135E-02  5.84462E-01  9.51203E-01      -1.00000E+00  1.00000E+00
 -9.50638E-01 -5.85440E-01  3.77517E-03  5.90342E-01  9.50352E-01      -1.00000E+00  1.00000E+00
 -9.52130E-01 -5.89575E-01  1.39702E-03  5.91407E-01  9.51960E-01      -1.00000E+00  1.00000E+00
 -9.51485E-01 -5.91102E-01 -7.21022E-03  5.79290E-01  9.50662E-01      -1.00000E+00  1.00000E+00
 -9.51640E-01 -5.87840E-01  1.97750E-03  5.86182E-01  9.52945E-01      -1.00000E+00  1.00000E+00
 -9.51315E-01 -5.89015E-01  8.75550E-03  5.91102E-01  9.50172E-01      -1.00000E+00  1.00000E+00


    2.   4.00   42.  95.94  2.00E+01  3.00E+01  7.49E-01  5.11E-01     5   0.00

  5.72730E+00  1.27720E+01  1.56170E+01  1.68140E+01  1.78420E+01       5.00060E-02  1.92840E+01

  5.86625E-01  7.43360E-01  8.39890E-01  9.14165E-01  9.74595E-01       1.20560E-01  1.00000E+00
  5.53740E-01  7.14540E-01  8.16995E-01  8.99545E-01  9.69145E-01       1.04250E-01  1.00000E+00
  5.19015E-01  6.87035E-01  7.97485E-01  8.87395E-01  9.64655E-01       1.21430E-01  1.00000E+00
  4.55760E-01  6.26355E-01  7.47970E-01  8.52220E-01  9.47080E-01       8.97900E-02  1.00000E+00
  3.25895E-01  4.52795E-01  5.47935E-01  6.41710E-01  7.69215E-01       4.66960E-02  9.99970E-01

 -9.50593E-01 -5.84642E-01  6.75250E-05  5.98395E-01  9.51900E-01      -1.00000E+00  1.00000E+00
 -9.49235E-01 -5.82698E-01  2.09312E-03  5.88432E-01  9.50277E-01      -1.00000E+00  1.00000E+00
 -9.53065E-01 -5.91823E-01 -1.12053E-02  5.82745E-01  9.49523E-01      -1.00000E+00  1.00000E+00
 -9.51215E-01 -5.97145E-01 -1.09014E-02  5.79875E-01  9.50415E-01      -1.00000E+00  1.00000E+00
 -9.50882E-01 -5.88350E-01  1.05192E-03  5.89290E-01  9.53877E-01      -1.00000E+00  1.00000E+00
 -9.49380E-01 -5.87987E-01 -1.85578E-03  5.84872E-01  9.50618E-01      -1.00000E+00  1.00000E+00
 -9.51172E-01 -5.88450E-01 -2.93100E-04  5.87365E-01  9.49175E-01      -1.00000E+00  1.00000E+00
 -9.52037E-01 -5.91190E-01 -2.98454E-03  5.92087E-01  9.49805E-01      -1.00000E+00  1.00000E+00
 -9.52028E-01 -5.92703E-01  2.37287E-03  5.87520E-01  9.50557E-01      -1.00000E+00  1.00000E+00
 -9.50847E-01 -5.83433E-01  8.54181E-03  5.90537E-01  9.48930E-01      -1.00000E+00  1.00000E+00
 -9.76955E-01 -7.84918E-01 -3.70513E-01  2.83030E-01  8.98020E-01      -1.00000E+00  1.00000E+00
 -9.73527E-01 -7.60305E-01 -3.10190E-01  3.56360E-01  9.12832E-01      -1.00000E+00  1.00000E+00
 -9.70960E-01 -7.40273E-01 -2.65830E-01  3.83337E-01  9.17123E-01      -1.00000E+00  1.00000E+00
 -9.66450E-01 -7.09780E-01 -2.15453E-01  4.31198E-01  9.26078E-01      -1.00000E+00  1.00000E+00
 -9.59873E-01 -6.48435E-01 -1.08674E-01  5.05020E-01  9.36128E-01      -1.00000E+00  1.00000E+00
 -9.08593E-01 -7.05858E-01 -4.35729E-01  5.07688E-02  8.31962E-01      -1.00000E+00  1.00000E+00
 -7.88720E-01 -5.13953E-01 -1.97842E-01  2.93370E-01  8.88902E-01      -1.00000E+00  1.00000E+00
 -6.94740E-01 -3.64982E-01 -1.20975E-02  4.40247E-01  9.15998E-01      -1.00000E+00  1.00000E+00
 -6.22795E-01 -2.38820E-01  1.39213E-01  5.58065E-01  9.39390E-01      -1.00000E+00  1.00000E+00
 -6.49895E-01 -1.65953E-01  2.67399E-01  6.66385E-01  9.59320E-01      -1.00000E+00  1.00000E+00
  8.13350E-02  4.24170E-01  6.36008E-01  8.27135E-01  9.76840E-01      -9.97730E-01  1.00000E+00
  2.05073E-01  5.42990E-01  7.46603E-01  8.95498E-01  9.87248E-01      -9.80530E-01  1.00000E+00
  2.78904E-01  6.23935E-01  8.11000E-01  9.28453E-01  9.92065E-01      -9.76820E-01  1.00000E+00
  3.48248E-01  6.86943E-01  8.53658E-01  9.48760E-01  9.94440E-01      -9.31810E-01  1.00000E+00
  3.80195E-01  7.15283E-01  8.72160E-01  9.56560E-01  9.95433E-01      -9.99320E-01  1.00000E+00


    2.   4.00   42.  95.94  2.00E+01  4.50E+01  8.18E-01  6.12E-01     5   0.00

  8.01190E+00  1.47320E+01  1.66570E+01  1.76710E+01  1.85720E+01       5.00010E-02  1.95250E+01

  5.79345E-01  7.36890E-01  8.34505E-01  9.10560E-01  9.73295E-01       1.03590E-01  1.00000E+00
  5.16020E-01  6.82760E-01  7.93610E-01  8.85220E-01  9.64260E-01       1.05070E-01  1.00000E+00
  4.49815E-01  6.23785E-01  7.49925E-01  8.58970E-01  9.55420E-01       6.73280E-02  1.00000E+00
  4.17050E-01  5.75080E-01  6.88250E-01  7.87445E-01  8.93410E-01       7.12370E-02  9.99990E-01
  2.75445E-01  3.77595E-01  4.55370E-01  5.36010E-01  6.58220E-01       3.95870E-02  9.96630E-01

 -9.51698E-01 -5.82388E-01 -2.13613E-03  5.86358E-01  9.52753E-01      -1.00000E+00  1.00000E+00
 -9.50175E-01 -5.83347E-01  4.92348E-03  5.89357E-01  9.50667E-01      -1.00000E+00  1.00000E+00
 -9.51155E-01 -5.87863E-01  2.17383E-03  5.97678E-01  9.53207E-01      -1.00000E+00  1.00000E+00
 -9.50430E-01 -5.88637E-01 -8.05242E-04  5.87987E-01  9.51835E-01      -1.00000E+00  1.00000E+00
 -9.51313E-01 -5.84688E-01  3.16485E-03  5.86130E-01  9.50905E-01      -1.00000E+00  1.00000E+00
 -9.68120E-01 -7.23570E-01 -2.74988E-01  3.33505E-01  9.04268E-01      -1.00000E+00  1.00000E+00
 -9.64692E-01 -6.96472E-01 -2.12913E-01  4.14822E-01  9.22708E-01      -1.00000E+00  1.00000E+00
 -9.63723E-01 -6.86200E-01 -1.78641E-01  4.49627E-01  9.29978E-01      -1.00000E+00  1.00000E+00
 -9.61300E-01 -6.63722E-01 -1.23835E-01  4.97958E-01  9.36410E-01      -1.00000E+00  1.00000E+00
 -9.54715E-01 -6.33305E-01 -6.99237E-02  5.40297E-01  9.42512E-01      -1.00000E+00  1.00000E+00
 -8.92030E-01 -7.44532E-01 -5.41807E-01 -9.10667E-02  7.76218E-01      -1.00000E+00  1.00000E+00
 -8.40675E-01 -6.51388E-01 -3.78551E-01  1.67400E-01  8.67663E-01      -1.00000E+00  1.00000E+00
 -8.26653E-01 -6.00518E-01 -2.87862E-01  2.74564E-01  8.96597E-01      -1.00000E+00  1.00000E+00
 -8.59333E-01 -5.86407E-01 -2.24596E-01  3.43043E-01  9.07310E-01      -1.00000E+00  1.00000E+00
 -9.40185E-01 -6.10877E-01 -1.01411E-01  4.82238E-01  9.32695E-01      -1.00000E+00  1.00000E+00
 -1.65837E-01  1.00176E-01  3.32875E-01  6.50898E-01  9.53120E-01      -9.67150E-01  1.00000E+00
 -5.15625E-02  2.57029E-01  4.94070E-01  7.62695E-01  9.70538E-01      -9.63430E-01  1.00000E+00
  5.91875E-02  3.86170E-01  6.16587E-01  8.26385E-01  9.78000E-01      -9.91770E-01  1.00000E+00
  1.61112E-01  5.23325E-01  7.38225E-01  8.93012E-01  9.86637E-01      -9.82710E-01  1.00000E+00
  7.95319E-02  5.62957E-01  7.92750E-01  9.27765E-01  9.91942E-01      -1.00000E+00  1.00000E+00
  5.50280E-01  7.35272E-01  8.38188E-01  9.22605E-01  9.89160E-01      -4.83910E-01  1.00000E+00
  6.04607E-01  7.94397E-01  8.93598E-01  9.58935E-01  9.94943E-01      -6.97670E-01  1.00000E+00
  6.46697E-01  8.32267E-01  9.20140E-01  9.71960E-01  9.96947E-01      -5.25030E-01  1.00000E+00
  6.71517E-01  8.53845E-01  9.34767E-01  9.78260E-01  9.97583E-01      -4.53070E-01  1.00000E+00
  6.81945E-01  8.62272E-01  9.39908E-01  9.80025E-01  9.97805E-01      -5.69700E-01  1.00000E+00


    2.   4.00   42.  95.94  2.00E+01  6.00E+01  9.10E-01  7.63E-01     5   0.00

  1.26980E+01  1.68540E+01  1.79800E+01  1.86920E+01  1.92770E+01       5.00030E-02  1.97250E+01

  5.37285E-01  7.00690E-01  8.07265E-01  8.93630E-01  9.67400E-01       1.20590E-01  1.00000E+00
  4.31975E-01  6.01315E-01  7.28705E-01  8.42320E-01  9.47710E-01       8.57620E-02  1.00000E+00
  4.14630E-01  5.76055E-01  6.95720E-01  8.03750E-01  9.10695E-01       9.45360E-02  1.00000E+00
  3.47560E-01  4.68905E-01  5.54665E-01  6.36245E-01  7.49260E-01       8.25490E-02  9.99580E-01
  2.10960E-01  2.86220E-01  3.45705E-01  4.10840E-01  5.10500E-01       2.71590E-02  9.03540E-01

 -9.63383E-01 -6.82538E-01 -1.78984E-01  4.33195E-01  9.24082E-01      -1.00000E+00  1.00000E+00
 -9.59248E-01 -6.57715E-01 -1.20748E-01  4.94180E-01  9.34222E-01      -1.00000E+00  1.00000E+00
 -9.60592E-01 -6.50840E-01 -1.04497E-01  5.17250E-01  9.43285E-01      -1.00000E+00  1.00000E+00
 -9.57705E-01 -6.35590E-01 -7.79302E-02  5.35280E-01  9.43120E-01      -1.00000E+00  1.00000E+00
 -9.55783E-01 -6.15823E-01 -4.47848E-02  5.58275E-01  9.46828E-01      -1.00000E+00  1.00000E+00
 -7.94152E-01 -6.32753E-01 -4.29501E-01 -4.29025E-02  7.44282E-01      -1.00000E+00  1.00000E+00
 -7.84268E-01 -5.85287E-01 -3.31667E-01  1.63910E-01  8.54187E-01      -1.00000E+00  1.00000E+00
 -7.99928E-01 -5.73213E-01 -2.84059E-01  2.54496E-01  8.83188E-01      -1.00000E+00  1.00000E+00
 -8.80038E-01 -6.11730E-01 -2.60281E-01  3.00622E-01  8.97655E-01      -1.00000E+00  1.00000E+00
 -9.54085E-01 -6.61582E-01 -1.72381E-01  4.18378E-01  9.18397E-01      -1.00000E+00  1.00000E+00
 -1.31025E-02  2.20442E-01  4.32255E-01  7.23500E-01  9.65390E-01      -9.43930E-01  1.00000E+00
  5.75073E-02  3.18202E-01  5.24702E-01  7.79505E-01  9.71070E-01      -8.95680E-01  1.00000E+00
  1.29474E-01  4.08807E-01  6.08800E-01  8.19307E-01  9.77128E-01      -8.45530E-01  1.00000E+00
  2.02971E-01  5.18473E-01  7.14130E-01  8.73465E-01  9.84123E-01      -9.32450E-01  1.00000E+00
  1.26437E-01  5.65445E-01  7.86915E-01  9.22490E-01  9.91217E-01      -1.00000E+00  1.00000E+00
  4.69975E-01  6.33803E-01  7.49267E-01  8.71490E-01  9.81960E-01      -4.50690E-01  1.00000E+00
  5.55828E-01  7.30935E-01  8.36990E-01  9.27955E-01  9.90843E-01      -3.86140E-01  1.00000E+00
  6.19195E-01  7.96935E-01  8.90755E-01  9.56685E-01  9.94788E-01      -3.05390E-01  1.00000E+00
  6.70695E-01  8.47252E-01  9.26758E-01  9.74158E-01  9.97130E-01      -3.35320E-01  1.00000E+00
  6.90985E-01  8.65993E-01  9.40327E-01  9.80105E-01  9.97850E-01      -2.47620E-01  1.00000E+00
  8.13265E-01  8.97695E-01  9.42527E-01  9.74558E-01  9.96710E-01       1.31890E-01  1.00000E+00
  8.32735E-01  9.19708E-01  9.61282E-01  9.86357E-01  9.98487E-01       1.70400E-01  1.00000E+00
  8.41797E-01  9.29947E-01  9.68508E-01  9.89180E-01  9.98842E-01       2.41900E-01  1.00000E+00
  8.49405E-01  9.34515E-01  9.71133E-01  9.90375E-01  9.98987E-01       2.52650E-01  1.00000E+00
  8.66165E-01  9.43230E-01  9.75428E-01  9.91812E-01  9.99115E-01       2.37940E-01  1.00000E+00


    2.   4.00   42.  95.94  2.00E+01  7.00E+01  9.72E-01  8.87E-01     5   0.00

  1.65440E+01  1.82730E+01  1.89640E+01  1.93640E+01  1.96360E+01       5.00980E-02  1.98440E+01

  4.43750E-01  6.19020E-01  7.46160E-01  8.58180E-01  9.56340E-01       8.86330E-02  1.00000E+00
  4.12195E-01  5.77405E-01  7.03145E-01  8.17505E-01  9.20925E-01       8.11540E-02  1.00000E+00
  3.51945E-01  4.77195E-01  5.68580E-01  6.52095E-01  7.59705E-01       8.57690E-02  9.94890E-01
  2.76205E-01  3.66250E-01  4.30440E-01  4.94485E-01  5.80770E-01       6.62770E-02  8.89440E-01
  1.59580E-01  2.13480E-01  2.55415E-01  2.98325E-01  3.57435E-01       1.58080E-02  6.30750E-01

 -8.91983E-01 -7.02445E-01 -4.51470E-01  3.50512E-02  8.14717E-01      -1.00000E+00  1.00000E+00
 -9.18983E-01 -6.59355E-01 -2.97013E-01  2.47917E-01  8.80885E-01      -1.00000E+00  1.00000E+00
 -9.38233E-01 -6.43927E-01 -2.19040E-01  3.36302E-01  8.99355E-01      -1.00000E+00  1.00000E+00
 -9.53647E-01 -6.56957E-01 -2.04015E-01  3.51825E-01  8.98895E-01      -1.00000E+00  1.00000E+00
 -9.60748E-01 -6.72830E-01 -1.82697E-01  3.87512E-01  9.11105E-01      -1.00000E+00  1.00000E+00
  1.07054E-01  3.20970E-01  5.04547E-01  7.47180E-01  9.66145E-01      -7.13850E-01  1.00000E+00
  1.52149E-01  3.84720E-01  5.65750E-01  7.94600E-01  9.73002E-01      -8.39400E-01  1.00000E+00
  2.04051E-01  4.52880E-01  6.35120E-01  8.26620E-01  9.77433E-01      -8.70580E-01  1.00000E+00
  2.37045E-01  5.22140E-01  7.11278E-01  8.63240E-01  9.82095E-01      -9.98840E-01  1.00000E+00
  1.37714E-01  5.54030E-01  7.77687E-01  9.18392E-01  9.90830E-01      -1.00000E+00  1.00000E+00
  5.62102E-01  6.95323E-01  7.90263E-01  8.93795E-01  9.83080E-01      -1.61460E-01  1.00000E+00
  6.24428E-01  7.63658E-01  8.49645E-01  9.29643E-01  9.90918E-01      -1.11600E-01  1.00000E+00
  6.77133E-01  8.20423E-01  8.98925E-01  9.56517E-01  9.94457E-01      -1.50040E-01  1.00000E+00
  7.27220E-01  8.67988E-01  9.36087E-01  9.76472E-01  9.97413E-01      -7.94950E-02  1.00000E+00
  7.70387E-01  8.98930E-01  9.54680E-01  9.84920E-01  9.98325E-01       5.36800E-02  1.00000E+00
  7.81515E-01  8.61422E-01  9.10343E-01  9.56468E-01  9.90805E-01       2.85260E-01  1.00000E+00
  8.20405E-01  9.01763E-01  9.45560E-01  9.76880E-01  9.97045E-01       3.60060E-01  1.00000E+00
  8.43255E-01  9.22517E-01  9.61823E-01  9.86112E-01  9.98425E-01       4.30230E-01  1.00000E+00
  8.66815E-01  9.36675E-01  9.70560E-01  9.89947E-01  9.98910E-01       3.84990E-01  1.00000E+00
  8.98160E-01  9.55430E-01  9.80472E-01  9.93457E-01  9.99302E-01       4.93720E-01  1.00000E+00
  9.36948E-01  9.66052E-01  9.80295E-01  9.90430E-01  9.98195E-01       7.11670E-01  1.00000E+00
  9.43937E-01  9.73498E-01  9.87470E-01  9.95565E-01  9.99493E-01       7.16860E-01  1.00000E+00
  9.47955E-01  9.76455E-01  9.89348E-01  9.96430E-01  9.99610E-01       7.27380E-01  1.00000E+00
  9.54147E-01  9.79903E-01  9.91080E-01  9.97038E-01  9.99688E-01       7.39530E-01  1.00000E+00
  9.62395E-01  9.84132E-01  9.93097E-01  9.97715E-01  9.99765E-01       7.75370E-01  1.00000E+00


    2.   4.00   42.  95.94  2.00E+01  8.00E+01  9.99E-01  9.76E-01     5   0.00

  1.90070E+01  1.95500E+01  1.97280E+01  1.98070E+01  1.98650E+01       5.06420E-02  1.99290E+01

  4.34595E-01  5.96465E-01  6.96530E-01  7.72520E-01  8.56555E-01       8.60300E-02  1.00000E+00
  3.25045E-01  4.04325E-01  4.51650E-01  4.95530E-01  5.56000E-01       6.61160E-02  8.18390E-01
  2.25715E-01  2.72520E-01  3.04040E-01  3.33855E-01  3.72700E-01       5.17830E-02  5.35320E-01
  1.56665E-01  1.88650E-01  2.10760E-01  2.31120E-01  2.57860E-01       4.15930E-02  3.67590E-01
  7.88235E-02  1.01972E-01  1.18216E-01  1.33895E-01  1.54600E-01       5.69510E-03  2.43070E-01

  4.08825E-02  5.06460E-01  6.75553E-01  7.95930E-01  9.63997E-01      -1.00000E+00  1.00000E+00
  1.29512E-01  5.80195E-01  7.45412E-01  8.49267E-01  9.56990E-01      -1.00000E+00  1.00000E+00
  2.43370E-01  6.89882E-01  8.42787E-01  9.30780E-01  9.88045E-01      -1.00000E+00  1.00000E+00
  2.53290E-01  7.23353E-01  8.82965E-01  9.60122E-01  9.95648E-01      -1.00000E+00  1.00000E+00
  6.41950E-02  5.42165E-01  8.04922E-01  9.38615E-01  9.93270E-01      -1.00000E+00  1.00000E+00
  8.51683E-01  8.99050E-01  9.26597E-01  9.50632E-01  9.81607E-01       5.09540E-01  1.00000E+00
  8.95205E-01  9.42545E-01  9.67390E-01  9.85585E-01  9.97843E-01       5.94630E-01  1.00000E+00
  9.15920E-01  9.59735E-01  9.80700E-01  9.93045E-01  9.99202E-01       6.16790E-01  1.00000E+00
  9.31148E-01  9.69385E-01  9.86485E-01  9.95390E-01  9.99493E-01       6.62000E-01  1.00000E+00
  9.44100E-01  9.76592E-01  9.89815E-01  9.96657E-01  9.99653E-01       6.83570E-01  1.00000E+00
  9.43365E-01  9.64210E-01  9.75655E-01  9.85167E-01  9.94930E-01       8.13040E-01  1.00000E+00
  9.59532E-01  9.79458E-01  9.89583E-01  9.95945E-01  9.99505E-01       8.28500E-01  1.00000E+00
  9.66627E-01  9.84335E-01  9.92675E-01  9.97447E-01  9.99718E-01       8.49890E-01  1.00000E+00
  9.72735E-01  9.87930E-01  9.94525E-01  9.98158E-01  9.99800E-01       8.58070E-01  1.00000E+00
  9.79215E-01  9.91223E-01  9.96195E-01  9.98745E-01  9.99865E-01       8.76450E-01  1.00000E+00
  9.72387E-01  9.83710E-01  9.90080E-01  9.94895E-01  9.98935E-01       9.08090E-01  1.00000E+00
  9.80052E-01  9.90070E-01  9.95220E-01  9.98308E-01  9.99810E-01       9.19770E-01  1.00000E+00
  9.83800E-01  9.92430E-01  9.96530E-01  9.98798E-01  9.99872E-01       9.30860E-01  1.00000E+00
  9.86980E-01  9.94210E-01  9.97390E-01  9.99115E-01  9.99908E-01       9.44380E-01  1.00000E+00
  9.90415E-01  9.95930E-01  9.98218E-01  9.99410E-01  9.99938E-01       9.49560E-01  1.00000E+00
  9.90102E-01  9.94958E-01  9.97345E-01  9.98895E-01  9.99860E-01       9.57770E-01  1.00000E+00
  9.91720E-01  9.96215E-01  9.98285E-01  9.99410E-01  9.99937E-01       9.64350E-01  1.00000E+00
  9.92675E-01  9.96855E-01  9.98600E-01  9.99540E-01  9.99953E-01       9.67430E-01  1.00000E+00
  9.93593E-01  9.97283E-01  9.98815E-01  9.99605E-01  9.99960E-01       9.69030E-01  1.00000E+00
  9.95145E-01  9.97968E-01  9.99107E-01  9.99710E-01  9.99970E-01       9.78490E-01  1.00000E+00


    2.   4.00   42.  95.94  2.00E+01  8.50E+01  1.00E+00  9.92E-01     5   0.00

  1.97230E+01  1.98480E+01  1.98910E+01  1.99180E+01  1.99410E+01       1.76760E+00  1.99670E+01

  3.04360E-01  3.54935E-01  3.99865E-01  4.60040E-01  5.58850E-01       7.92680E-02  9.99980E-01
  1.82715E-01  2.08290E-01  2.24840E-01  2.40930E-01  2.63025E-01       5.73640E-02  3.70270E-01
  1.27525E-01  1.45085E-01  1.56265E-01  1.66505E-01  1.80145E-01       3.81400E-02  2.39130E-01
  8.60905E-02  9.83150E-02  1.05904E-01  1.13170E-01  1.22805E-01       2.19580E-02  1.61120E-01
  3.73960E-02  4.81195E-02  5.56855E-02  6.26930E-02  7.12545E-02       1.35240E-03  1.01990E-01

  9.40362E-01  9.67777E-01  9.80385E-01  9.89395E-01  9.96968E-01      -9.95350E-01  1.00000E+00
  9.54533E-01  9.82117E-01  9.92158E-01  9.97357E-01  9.99715E-01      -1.00000E+00  1.00000E+00
  9.46213E-01  9.80658E-01  9.92082E-01  9.97447E-01  9.99720E-01      -9.99480E-01  1.00000E+00
  9.28900E-01  9.74787E-01  9.89637E-01  9.96757E-01  9.99658E-01      -9.98520E-01  1.00000E+00
  8.14135E-01  9.44832E-01  9.78625E-01  9.93395E-01  9.99312E-01      -1.00000E+00  1.00000E+00
  9.80513E-01  9.87958E-01  9.92250E-01  9.95748E-01  9.98740E-01       9.31600E-01  1.00000E+00
  9.87367E-01  9.93850E-01  9.96982E-01  9.98905E-01  9.99870E-01       9.44910E-01  1.00000E+00
  9.89995E-01  9.95482E-01  9.97960E-01  9.99317E-01  9.99925E-01       9.50740E-01  1.00000E+00
  9.91688E-01  9.96463E-01  9.98452E-01  9.99480E-01  9.99942E-01       9.59870E-01  1.00000E+00
  9.93395E-01  9.97258E-01  9.98810E-01  9.99607E-01  9.99955E-01       9.63050E-01  1.00000E+00
  9.89537E-01  9.93680E-01  9.96128E-01  9.98030E-01  9.99528E-01       9.67320E-01  1.00000E+00
  9.93352E-01  9.96660E-01  9.98400E-01  9.99417E-01  9.99937E-01       9.76950E-01  1.00000E+00
  9.94910E-01  9.97583E-01  9.98895E-01  9.99630E-01  9.99960E-01       9.80110E-01  1.00000E+00
  9.95962E-01  9.98232E-01  9.99223E-01  9.99740E-01  9.99970E-01       9.82730E-01  1.00000E+00
  9.97055E-01  9.98740E-01  9.99450E-01  9.99820E-01  9.99980E-01       9.85620E-01  1.00000E+00
  9.94330E-01  9.96607E-01  9.98020E-01  9.99100E-01  9.99837E-01       9.82210E-01  1.00000E+00
  9.96482E-01  9.98270E-01  9.99148E-01  9.99692E-01  9.99967E-01       9.88660E-01  1.00000E+00
  9.97310E-01  9.98775E-01  9.99452E-01  9.99818E-01  9.99982E-01       9.89960E-01  1.00000E+00
  9.97833E-01  9.99043E-01  9.99570E-01  9.99858E-01  9.99985E-01       9.91330E-01  1.00000E+00
  9.98452E-01  9.99332E-01  9.99710E-01  9.99903E-01  9.99990E-01       9.92900E-01  1.00000E+00
  9.98030E-01  9.98930E-01  9.99430E-01  9.99780E-01  9.99972E-01       9.91600E-01  1.00000E+00
  9.98395E-01  9.99313E-01  9.99683E-01  9.99890E-01  9.99988E-01       9.93630E-01  1.00000E+00
  9.98515E-01  9.99387E-01  9.99742E-01  9.99915E-01  9.99990E-01       9.94400E-01  1.00000E+00
  9.98692E-01  9.99450E-01  9.99762E-01  9.99922E-01  9.99990E-01       9.95450E-01  1.00000E+00
  9.99143E-01  9.99618E-01  9.99832E-01  9.99942E-01  9.99993E-01       9.96520E-01  1.00000E+00


    2.   4.00   42.  95.94  5.00E+01  0.00E+00  6.04E-01  3.60E-01     5   0.00

  9.45920E+00  2.46530E+01  3.37440E+01  3.93420E+01  4.26070E+01       5.00050E-02  4.56490E+01

  5.81320E-01  7.39525E-01  8.36920E-01  9.11935E-01  9.73500E-01       1.47450E-01  1.00000E+00
  5.44735E-01  7.08945E-01  8.14080E-01  8.97735E-01  9.68575E-01       9.84600E-02  1.00000E+00
  5.21335E-01  6.89380E-01  7.99665E-01  8.88380E-01  9.65365E-01       1.05600E-01  1.00000E+00
  5.22405E-01  6.96145E-01  8.10395E-01  9.00020E-01  9.70905E-01       1.25250E-01  1.00000E+00
  3.96545E-01  5.29660E-01  6.18720E-01  7.03180E-01  8.09435E-01       5.87560E-02  9.99980E-01

 -9.50773E-01 -5.87538E-01 -3.30120E-03  5.88215E-01  9.49447E-01      -1.00000E+00  1.00000E+00
 -9.50897E-01 -5.82237E-01  1.46155E-02  5.99190E-01  9.52717E-01      -1.00000E+00  1.00000E+00
 -9.50093E-01 -5.82995E-01  7.52625E-03  5.89457E-01  9.50290E-01      -1.00000E+00  1.00000E+00
 -9.50570E-01 -5.84880E-01  4.72258E-03  5.95485E-01  9.53050E-01      -1.00000E+00  1.00000E+00
 -9.49723E-01 -5.82457E-01  4.77448E-03  5.91518E-01  9.50167E-01      -1.00000E+00  1.00000E+00
 -9.51725E-01 -5.80237E-01  6.61767E-03  5.87240E-01  9.51880E-01      -1.00000E+00  1.00000E+00
 -9.51952E-01 -5.87148E-01  3.94193E-03  5.87383E-01  9.53160E-01      -1.00000E+00  1.00000E+00
 -9.51675E-01 -5.97303E-01 -9.00990E-03  5.78105E-01  9.51842E-01      -1.00000E+00  1.00000E+00
 -9.50045E-01 -5.85603E-01  4.94950E-04  5.88155E-01  9.51555E-01      -1.00000E+00  1.00000E+00
 -9.51793E-01 -5.94880E-01 -9.33722E-03  5.81248E-01  9.51122E-01      -1.00000E+00  1.00000E+00
 -9.49897E-01 -5.81662E-01  9.01220E-03  5.88895E-01  9.51662E-01      -1.00000E+00  1.00000E+00
 -9.50445E-01 -5.91303E-01  2.09205E-03  5.81890E-01  9.49868E-01      -1.00000E+00  1.00000E+00
 -9.51565E-01 -5.90160E-01 -6.53758E-03  5.80268E-01  9.52490E-01      -1.00000E+00  1.00000E+00
 -9.51072E-01 -5.89762E-01 -1.88628E-03  5.85723E-01  9.51710E-01      -1.00000E+00  1.00000E+00
 -9.51460E-01 -5.87680E-01  2.95930E-03  5.91012E-01  9.52502E-01      -1.00000E+00  1.00000E+00
 -9.51750E-01 -5.93817E-01 -4.30335E-03  5.82835E-01  9.50850E-01      -1.00000E+00  1.00000E+00
 -9.50205E-01 -5.78955E-01  4.04788E-03  5.87430E-01  9.52100E-01      -1.00000E+00  1.00000E+00
 -9.52528E-01 -5.89365E-01 -5.55485E-03  5.75215E-01  9.51618E-01      -1.00000E+00  1.00000E+00
 -9.48900E-01 -5.82157E-01  4.93773E-03  5.96628E-01  9.52395E-01      -1.00000E+00  1.00000E+00
 -9.49945E-01 -5.83950E-01  4.37267E-03  5.91435E-01  9.52260E-01      -1.00000E+00  1.00000E+00
 -9.50928E-01 -5.90835E-01 -3.78555E-03  5.86615E-01  9.49013E-01      -1.00000E+00  1.00000E+00
 -9.51965E-01 -5.93398E-01  2.85910E-03  5.89753E-01  9.49685E-01      -1.00000E+00  1.00000E+00
 -9.50645E-01 -5.76172E-01  1.23155E-02  5.91065E-01  9.51418E-01      -1.00000E+00  1.00000E+00
 -9.49492E-01 -5.83813E-01  4.29525E-04  5.86147E-01  9.53275E-01      -1.00000E+00  1.00000E+00
 -9.49995E-01 -5.87995E-01 -4.79343E-03  5.83635E-01  9.49618E-01      -1.00000E+00  1.00000E+00


    2.   4.00   42.  95.94  5.00E+01  3.00E+01  6.55E-01  4.18E-01     5   0.00

  1.14210E+01  2.76090E+01  3.62630E+01  4.11740E+01  4.41150E+01       5.00140E-02  4.77330E+01

  5.75640E-01  7.34990E-01  8.34120E-01  9.10600E-01  9.72815E-01       9.25330E-02  1.00000E+00
  5.37795E-01  7.03255E-01  8.09325E-01  8.95460E-01  9.67875E-01       1.34450E-01  1.00000E+00
  5.07020E-01  6.78185E-01  7.91110E-01  8.83580E-01  9.63545E-01       1.15790E-01  1.00000E+00
  4.73195E-01  6.47575E-01  7.69670E-01  8.72175E-01  9.60655E-01       9.89700E-02  1.00000E+00
  3.23995E-01  4.64345E-01  5.70010E-01  6.69155E-01  7.92475E-01       6.35070E-02  9.99970E-01

 -9.53280E-01 -5.92790E-01 -4.77442E-03  5.78940E-01  9.50295E-01      -1.00000E+00  1.00000E+00
 -9.52005E-01 -5.85710E-01 -3.56432E-03  5.88487E-01  9.52730E-01      -1.00000E+00  1.00000E+00
 -9.49340E-01 -5.89557E-01 -2.18442E-03  5.85360E-01  9.51455E-01      -1.00000E+00  1.00000E+00
 -9.50230E-01 -5.89630E-01 -8.11387E-04  5.87947E-01  9.51325E-01      -1.00000E+00  1.00000E+00
 -9.50538E-01 -5.78527E-01  7.02195E-03  5.92070E-01  9.51685E-01      -1.00000E+00  1.00000E+00
 -9.51743E-01 -5.85597E-01  6.32343E-03  5.81790E-01  9.50860E-01      -1.00000E+00  1.00000E+00
 -9.51740E-01 -5.88245E-01 -2.50272E-03  5.82148E-01  9.49993E-01      -1.00000E+00  1.00000E+00
 -9.48547E-01 -5.80622E-01  1.67407E-02  5.93372E-01  9.51450E-01      -1.00000E+00  1.00000E+00
 -9.50163E-01 -5.84115E-01  4.24973E-03  5.92065E-01  9.50820E-01      -1.00000E+00  1.00000E+00
 -9.51440E-01 -5.84987E-01  7.71500E-05  5.88803E-01  9.49385E-01      -1.00000E+00  1.00000E+00
 -9.59290E-01 -6.56370E-01 -1.03768E-01  5.19813E-01  9.38982E-01      -1.00000E+00  1.00000E+00
 -9.56115E-01 -6.20570E-01 -5.80175E-02  5.43593E-01  9.44338E-01      -1.00000E+00  1.00000E+00
 -9.54603E-01 -6.18223E-01 -5.25180E-02  5.49523E-01  9.45465E-01      -1.00000E+00  1.00000E+00
 -9.54707E-01 -6.10795E-01 -4.20268E-02  5.58755E-01  9.47027E-01      -1.00000E+00  1.00000E+00
 -9.52000E-01 -5.96967E-01 -1.14164E-02  5.76748E-01  9.48528E-01      -1.00000E+00  1.00000E+00
 -9.79067E-01 -8.16115E-01 -4.53308E-01  1.69545E-01  8.76380E-01      -1.00000E+00  1.00000E+00
 -9.66372E-01 -7.43842E-01 -3.18345E-01  3.27190E-01  9.16623E-01      -1.00000E+00  1.00000E+00
 -9.56612E-01 -6.87310E-01 -2.34750E-01  3.89985E-01  9.21488E-01      -1.00000E+00  1.00000E+00
 -9.45372E-01 -6.31085E-01 -1.44053E-01  4.43355E-01  9.23983E-01      -1.00000E+00  1.00000E+00
 -9.41998E-01 -5.60860E-01  2.98950E-03  5.58895E-01  9.45307E-01      -1.00000E+00  1.00000E+00
 -1.69760E-01  1.98950E-01  4.35200E-01  6.71952E-01  9.47582E-01      -1.00000E+00  1.00000E+00
 -1.70250E-03  3.63673E-01  6.04893E-01  8.10055E-01  9.74340E-01      -9.88940E-01  1.00000E+00
  1.27312E-01  4.85360E-01  7.11850E-01  8.77405E-01  9.84010E-01      -9.96020E-01  1.00000E+00
  2.42637E-01  5.92040E-01  7.95370E-01  9.24785E-01  9.91900E-01      -9.90860E-01  1.00000E+00
  3.07007E-01  6.77630E-01  8.49875E-01  9.48225E-01  9.94245E-01      -9.99770E-01  1.00000E+00


    2.   4.00   42.  95.94  5.00E+01  4.50E+01  7.25E-01  5.05E-01     5   0.00

  1.49640E+01  3.21610E+01  3.96610E+01  4.31580E+01  4.58990E+01       5.00010E-02  4.85300E+01

  5.69310E-01  7.28985E-01  8.29065E-01  9.07510E-01  9.72130E-01       1.09170E-01  1.00000E+00
  5.18100E-01  6.86605E-01  7.97320E-01  8.87510E-01  9.65025E-01       1.11130E-01  1.00000E+00
  4.67635E-01  6.36830E-01  7.55490E-01  8.58265E-01  9.52970E-01       1.12990E-01  1.00000E+00
  4.09895E-01  5.86685E-01  7.19365E-01  8.33730E-01  9.34540E-01       8.42620E-02  1.00000E+00
  2.82955E-01  3.96365E-01  4.82925E-01  5.67795E-01  6.81455E-01       4.47580E-02  9.96880E-01

 -9.51965E-01 -5.89272E-01 -3.14660E-03  5.82052E-01  9.50290E-01      -1.00000E+00  1.00000E+00
 -9.50927E-01 -5.90302E-01 -2.55939E-03  5.86970E-01  9.51662E-01      -1.00000E+00  1.00000E+00
 -9.51705E-01 -5.78790E-01  1.14915E-02  5.95577E-01  9.50360E-01      -1.00000E+00  1.00000E+00
 -9.50270E-01 -5.88313E-01  5.83581E-03  5.96160E-01  9.53408E-01      -1.00000E+00  1.00000E+00
 -9.50040E-01 -5.85047E-01  1.02208E-02  5.90422E-01  9.51483E-01      -1.00000E+00  1.00000E+00
 -9.52010E-01 -5.92215E-01 -7.80096E-03  5.69080E-01  9.47338E-01      -1.00000E+00  1.00000E+00
 -9.53202E-01 -5.99815E-01 -1.13193E-02  5.82125E-01  9.51742E-01      -1.00000E+00  1.00000E+00
 -9.51605E-01 -5.89723E-01 -8.85057E-03  5.82977E-01  9.49765E-01      -1.00000E+00  1.00000E+00
 -9.51210E-01 -5.92265E-01 -1.59643E-02  5.78192E-01  9.47348E-01      -1.00000E+00  1.00000E+00
 -9.50870E-01 -5.86670E-01 -4.90093E-03  5.88300E-01  9.49205E-01      -1.00000E+00  1.00000E+00
 -9.83077E-01 -8.44202E-01 -4.87660E-01  1.87684E-01  8.85358E-01      -1.00000E+00  1.00000E+00
 -9.78775E-01 -8.02037E-01 -3.94593E-01  3.12157E-01  9.13125E-01      -1.00000E+00  1.00000E+00
 -9.74505E-01 -7.76343E-01 -3.20157E-01  3.76730E-01  9.19105E-01      -1.00000E+00  1.00000E+00
 -9.72095E-01 -7.55275E-01 -2.65575E-01  4.18772E-01  9.28720E-01      -1.00000E+00  1.00000E+00
 -9.64575E-01 -6.74098E-01 -1.35846E-01  5.06167E-01  9.42495E-01      -1.00000E+00  1.00000E+00
 -5.55440E-01 -3.01097E-01 -4.56425E-02  3.99051E-01  9.11443E-01      -1.00000E+00  1.00000E+00
 -4.15620E-01 -1.05578E-01  1.90364E-01  6.22732E-01  9.52433E-01      -9.99950E-01  1.00000E+00
 -3.29495E-01  1.49800E-02  3.02994E-01  6.70322E-01  9.59270E-01      -1.00000E+00  1.00000E+00
 -2.84971E-01  1.06310E-01  4.15338E-01  7.24745E-01  9.66805E-01      -1.00000E+00  1.00000E+00
 -3.58937E-01  1.04768E-01  4.77685E-01  7.73318E-01  9.69815E-01      -1.00000E+00  1.00000E+00
  4.39020E-01  6.42890E-01  7.69795E-01  8.94742E-01  9.86973E-01      -4.53240E-01  1.00000E+00
  5.08330E-01  7.15062E-01  8.36030E-01  9.28902E-01  9.91495E-01      -5.10830E-01  1.00000E+00
  5.70075E-01  7.72633E-01  8.85398E-01  9.56535E-01  9.94855E-01      -4.66980E-01  1.00000E+00
  6.24545E-01  8.18723E-01  9.14225E-01  9.69925E-01  9.96570E-01      -4.59710E-01  1.00000E+00
  6.69450E-01  8.54478E-01  9.34813E-01  9.77915E-01  9.97583E-01      -2.98820E-01  1.00000E+00


    2.   4.00   42.  95.94  5.00E+01  6.00E+01  8.35E-01  6.64E-01     5   0.00

  2.38770E+01  3.97840E+01  4.39100E+01  4.61260E+01  4.78110E+01       5.00100E-02  4.91530E+01

  5.46775E-01  7.10565E-01  8.15675E-01  8.99165E-01  9.69020E-01       1.10800E-01  1.00000E+00
  4.33795E-01  6.02980E-01  7.26915E-01  8.37545E-01  9.43645E-01       9.06850E-02  1.00000E+00
  3.99080E-01  5.72580E-01  7.08615E-01  8.32940E-01  9.40435E-01       8.55390E-02  1.00000E+00
  3.34310E-01  4.65305E-01  5.67445E-01  6.61360E-01  7.65815E-01       5.68420E-02  9.95330E-01
  2.12195E-01  2.89155E-01  3.48050E-01  4.10260E-01  5.04645E-01       2.64380E-02  8.89060E-01

 -9.48878E-01 -5.79592E-01  2.61988E-03  5.93332E-01  9.50260E-01      -1.00000E+00  1.00000E+00
 -9.51132E-01 -5.82050E-01  4.39715E-03  5.90975E-01  9.50722E-01      -1.00000E+00  1.00000E+00
 -9.51267E-01 -5.85035E-01 -6.95171E-03  5.79843E-01  9.51563E-01      -1.00000E+00  1.00000E+00
 -9.51460E-01 -5.85615E-01  3.09767E-03  5.92585E-01  9.49252E-01      -1.00000E+00  1.00000E+00
 -9.48880E-01 -5.88290E-01 -4.14930E-03  5.84863E-01  9.50553E-01      -1.00000E+00  1.00000E+00
 -9.83438E-01 -8.44383E-01 -5.43525E-01  1.96675E-02  8.19580E-01      -1.00000E+00  1.00000E+00
 -9.78705E-01 -7.96418E-01 -4.26535E-01  2.21042E-01  8.89250E-01      -1.00000E+00  1.00000E+00
 -9.73045E-01 -7.63745E-01 -3.45938E-01  3.32935E-01  9.08920E-01      -1.00000E+00  1.00000E+00
 -9.71220E-01 -7.48270E-01 -2.93185E-01  3.88415E-01  9.23297E-01      -1.00000E+00  1.00000E+00
 -9.64505E-01 -6.88750E-01 -1.47261E-01  4.89367E-01  9.36705E-01      -1.00000E+00  1.00000E+00
 -3.22721E-01 -7.74550E-02  1.75798E-01  5.68532E-01  9.39688E-01      -9.90010E-01  1.00000E+00
 -2.64734E-01  1.38150E-02  2.82311E-01  6.66925E-01  9.58070E-01      -9.93920E-01  1.00000E+00
 -2.28859E-01  6.87050E-02  3.29855E-01  6.88065E-01  9.60712E-01      -9.98140E-01  1.00000E+00
 -2.30487E-01  1.13467E-01  3.82960E-01  6.88470E-01  9.59205E-01      -1.00000E+00  1.00000E+00
 -3.26188E-01  8.59625E-02  4.35955E-01  7.32180E-01  9.62927E-01      -1.00000E+00  1.00000E+00
  3.70202E-01  5.40907E-01  7.11970E-01  8.88845E-01  9.87017E-01      -4.11050E-01  1.00000E+00
  4.51232E-01  6.26768E-01  7.66722E-01  9.09850E-01  9.89888E-01      -3.99500E-01  1.00000E+00
  5.22998E-01  6.99455E-01  8.16045E-01  9.21942E-01  9.90915E-01      -3.84560E-01  1.00000E+00
  6.16435E-01  7.92130E-01  8.87510E-01  9.54152E-01  9.94557E-01      -2.95410E-01  1.00000E+00
  6.86195E-01  8.60677E-01  9.37043E-01  9.78322E-01  9.97662E-01      -1.84730E-01  1.00000E+00
  7.85807E-01  8.72958E-01  9.23005E-01  9.66662E-01  9.96352E-01       2.02650E-01  1.00000E+00
  8.15507E-01  9.02252E-01  9.49013E-01  9.80247E-01  9.97633E-01       1.69650E-01  1.00000E+00
  8.40753E-01  9.22845E-01  9.62835E-01  9.86825E-01  9.98567E-01       2.11900E-01  1.00000E+00
  8.56043E-01  9.36092E-01  9.70845E-01  9.89982E-01  9.98930E-01       2.85200E-01  1.00000E+00
  8.69032E-01  9.45115E-01  9.76268E-01  9.92197E-01  9.99175E-01       3.06490E-01  1.00000E+00


    2.   4.00   42.  95.94  5.00E+01  7.00E+01  9.30E-01  8.21E-01     5   0.00

  3.69720E+01  4.46600E+01  4.67730E+01  4.80230E+01  4.88930E+01       5.00220E-02  4.94530E+01

  4.55610E-01  6.21480E-01  7.39890E-01  8.44620E-01  9.46260E-01       8.63310E-02  1.00000E+00
  3.79495E-01  5.50050E-01  6.90765E-01  8.24235E-01  9.37325E-01       9.27260E-02  1.00000E+00
  3.19105E-01  4.49100E-01  5.54215E-01  6.55335E-01  7.64070E-01       7.13210E-02  9.86450E-01
  2.61535E-01  3.51050E-01  4.18545E-01  4.82015E-01  5.68920E-01       6.75840E-02  8.63810E-01
  1.56925E-01  2.07405E-01  2.46060E-01  2.86440E-01  3.46500E-01       1.97040E-02  6.20820E-01

 -9.69383E-01 -7.45162E-01 -3.59793E-01  1.28775E-01  8.06330E-01      -1.00000E+00  1.00000E+00
 -9.66542E-01 -7.24023E-01 -3.16377E-01  2.48885E-01  8.76860E-01      -1.00000E+00  1.00000E+00
 -9.66312E-01 -7.17325E-01 -2.84791E-01  3.27324E-01  9.06077E-01      -1.00000E+00  1.00000E+00
 -9.67175E-01 -7.19323E-01 -2.56656E-01  3.90203E-01  9.17833E-01      -1.00000E+00  1.00000E+00
 -9.63562E-01 -6.72715E-01 -1.34926E-01  4.99920E-01  9.38468E-01      -1.00000E+00  1.00000E+00
 -1.74588E-01  6.84825E-02  3.02901E-01  6.35347E-01  9.43930E-01      -9.47830E-01  1.00000E+00
 -1.46502E-01  1.13247E-01  3.48313E-01  6.80000E-01  9.56540E-01      -9.34170E-01  1.00000E+00
 -1.34323E-01  1.38543E-01  3.67358E-01  6.76038E-01  9.55440E-01      -9.74350E-01  1.00000E+00
 -1.78968E-01  1.50585E-01  4.01410E-01  6.68162E-01  9.51902E-01      -1.00000E+00  1.00000E+00
 -2.53567E-01  1.18960E-01  4.50384E-01  7.32762E-01  9.58102E-01      -1.00000E+00  1.00000E+00
  4.79310E-01  6.25238E-01  7.88365E-01  9.26840E-01  9.92037E-01      -1.42140E-01  1.00000E+00
  5.35022E-01  6.81340E-01  8.10740E-01  9.30587E-01  9.92500E-01      -1.65920E-01  1.00000E+00
  5.95363E-01  7.34630E-01  8.36670E-01  9.36038E-01  9.92545E-01      -8.19150E-02  1.00000E+00
  6.72620E-01  8.09862E-01  8.91683E-01  9.55107E-01  9.94525E-01      -8.95900E-02  1.00000E+00
  7.59143E-01  8.88400E-01  9.47557E-01  9.81833E-01  9.98020E-01      -5.61360E-02  1.00000E+00
  7.57822E-01  8.34025E-01  8.93853E-01  9.56117E-01  9.93960E-01       3.47180E-01  1.00000E+00
  8.02675E-01  8.79100E-01  9.28238E-01  9.70907E-01  9.96557E-01       2.79250E-01  1.00000E+00
  8.35913E-01  9.11400E-01  9.52035E-01  9.80537E-01  9.97625E-01       3.63260E-01  1.00000E+00
  8.62545E-01  9.35567E-01  9.69167E-01  9.89123E-01  9.98770E-01       4.02880E-01  1.00000E+00
  8.89885E-01  9.53535E-01  9.79425E-01  9.93077E-01  9.99265E-01       4.33310E-01  1.00000E+00
  9.25620E-01  9.57292E-01  9.74038E-01  9.87237E-01  9.98212E-01       6.74480E-01  1.00000E+00
  9.36322E-01  9.67763E-01  9.84055E-01  9.94125E-01  9.99318E-01       7.08670E-01  1.00000E+00
  9.43205E-01  9.73642E-01  9.87615E-01  9.95680E-01  9.99527E-01       7.14980E-01  1.00000E+00
  9.49597E-01  9.77747E-01  9.90063E-01  9.96598E-01  9.99628E-01       7.50560E-01  1.00000E+00
  9.58963E-01  9.82510E-01  9.92380E-01  9.97500E-01  9.99732E-01       7.32450E-01  1.00000E+00


    2.   4.00   42.  95.94  5.00E+01  8.00E+01  9.97E-01  9.67E-01     5   0.00

  4.69760E+01  4.86870E+01  4.91510E+01  4.93860E+01  4.95550E+01       5.04120E-02  4.97510E+01

  3.57020E-01  5.26395E-01  6.57960E-01  7.58580E-01  8.53230E-01       8.48200E-02  9.99990E-01
  2.83530E-01  3.80035E-01  4.38330E-01  4.84995E-01  5.42570E-01       7.69910E-02  7.98880E-01
  2.19380E-01  2.73865E-01  3.05795E-01  3.33560E-01  3.69710E-01       4.99750E-02  5.25700E-01
  1.59070E-01  1.90830E-01  2.10445E-01  2.28430E-01  2.52085E-01       4.59220E-02  3.47700E-01
  8.78535E-02  1.08245E-01  1.22293E-01  1.35730E-01  1.53635E-01       1.11400E-02  2.24210E-01

 -5.09775E-02  4.11698E-01  6.30820E-01  8.13857E-01  9.77892E-01      -1.00000E+00  1.00000E+00
 -3.48375E-02  4.29564E-01  6.43402E-01  7.87822E-01  9.69692E-01      -1.00000E+00  1.00000E+00
  8.83750E-03  4.82590E-01  7.03162E-01  8.29070E-01  9.62178E-01      -1.00000E+00  1.00000E+00
  6.81575E-02  5.87030E-01  8.13305E-01  9.24285E-01  9.88128E-01      -1.00000E+00  1.00000E+00
  1.68475E-02  4.63950E-01  7.60190E-01  9.22470E-01  9.92055E-01      -1.00000E+00  1.00000E+00
  8.41202E-01  8.86118E-01  9.17928E-01  9.55695E-01  9.93488E-01       5.07330E-01  1.00000E+00
  8.77610E-01  9.19840E-01  9.45998E-01  9.69368E-01  9.94650E-01       5.55290E-01  1.00000E+00
  9.08297E-01  9.49037E-01  9.71742E-01  9.88085E-01  9.98417E-01       5.71470E-01  1.00000E+00
  9.31210E-01  9.66930E-01  9.84270E-01  9.94380E-01  9.99387E-01       6.52120E-01  1.00000E+00
  9.49662E-01  9.78610E-01  9.90608E-01  9.96833E-01  9.99665E-01       6.84520E-01  1.00000E+00
  9.32137E-01  9.52185E-01  9.65080E-01  9.77810E-01  9.94855E-01       8.10210E-01  1.00000E+00
  9.53258E-01  9.71900E-01  9.82757E-01  9.91505E-01  9.98493E-01       8.60410E-01  1.00000E+00
  9.65040E-01  9.82025E-01  9.90757E-01  9.96465E-01  9.99585E-01       8.71820E-01  1.00000E+00
  9.73285E-01  9.87453E-01  9.94212E-01  9.97992E-01  9.99785E-01       8.91360E-01  1.00000E+00
  9.81160E-01  9.91877E-01  9.96433E-01  9.98817E-01  9.99875E-01       9.11110E-01  1.00000E+00
  9.69220E-01  9.79565E-01  9.86310E-01  9.92583E-01  9.98675E-01       9.11350E-01  1.00000E+00
  9.79468E-01  9.88565E-01  9.93805E-01  9.97480E-01  9.99690E-01       9.35900E-01  1.00000E+00
  9.84308E-01  9.92138E-01  9.96193E-01  9.98648E-01  9.99848E-01       9.45340E-01  1.00000E+00
  9.87775E-01  9.94457E-01  9.97465E-01  9.99132E-01  9.99907E-01       9.52830E-01  1.00000E+00
  9.91413E-01  9.96265E-01  9.98362E-01  9.99458E-01  9.99942E-01       9.56400E-01  1.00000E+00
  9.89927E-01  9.94430E-01  9.96875E-01  9.98628E-01  9.99812E-01       9.56700E-01  1.00000E+00
  9.91985E-01  9.96270E-01  9.98227E-01  9.99372E-01  9.99932E-01       9.69940E-01  1.00000E+00
  9.93038E-01  9.96952E-01  9.98635E-01  9.99535E-01  9.99947E-01       9.75100E-01  1.00000E+00
  9.94125E-01  9.97465E-01  9.98888E-01  9.99628E-01  9.99958E-01       9.76890E-01  1.00000E+00
  9.95815E-01  9.98195E-01  9.99200E-01  9.99730E-01  9.99970E-01       9.80880E-01  1.00000E+00


    2.   4.00   42.  95.94  5.00E+01  8.50E+01  1.00E+00  9.92E-01     5   0.00

  4.92950E+01  4.95880E+01  4.96810E+01  4.97410E+01  4.97970E+01       1.06460E-01  4.98810E+01

  2.65460E-01  3.08510E-01  3.41875E-01  3.88025E-01  4.83200E-01       6.82770E-02  9.99870E-01
  1.54855E-01  1.76350E-01  1.88425E-01  1.99785E-01  2.15510E-01       5.56130E-02  2.84520E-01
  1.10840E-01  1.25120E-01  1.33230E-01  1.40365E-01  1.49825E-01       4.45180E-02  1.84850E-01
  7.96035E-02  8.94595E-02  9.53610E-02  1.00728E-01  1.07874E-01       3.30780E-02  1.33590E-01
  4.21325E-02  5.10345E-02  5.69035E-02  6.23875E-02  6.90410E-02       3.67440E-03  9.19780E-02

  9.50845E-01  9.72333E-01  9.82267E-01  9.89978E-01  9.97408E-01      -9.99490E-01  1.00000E+00
  9.68087E-01  9.86980E-01  9.94128E-01  9.97933E-01  9.99772E-01      -9.97870E-01  1.00000E+00
  9.65137E-01  9.87537E-01  9.94905E-01  9.98350E-01  9.99825E-01      -9.99800E-01  1.00000E+00
  9.53653E-01  9.83838E-01  9.93470E-01  9.97920E-01  9.99777E-01      -1.00000E+00  1.00000E+00
  8.54627E-01  9.59287E-01  9.84205E-01  9.95000E-01  9.99493E-01      -9.99980E-01  1.00000E+00
  9.85937E-01  9.90925E-01  9.94282E-01  9.97280E-01  9.99625E-01       9.54020E-01  1.00000E+00
  9.91400E-01  9.95380E-01  9.97560E-01  9.99045E-01  9.99887E-01       9.69350E-01  1.00000E+00
  9.93550E-01  9.96985E-01  9.98605E-01  9.99518E-01  9.99945E-01       9.71350E-01  1.00000E+00
  9.94707E-01  9.97690E-01  9.98987E-01  9.99658E-01  9.99963E-01       9.75030E-01  1.00000E+00
  9.96082E-01  9.98323E-01  9.99265E-01  9.99760E-01  9.99972E-01       9.80250E-01  1.00000E+00
  9.92605E-01  9.95390E-01  9.97335E-01  9.98927E-01  9.99870E-01       9.77900E-01  1.00000E+00
  9.95468E-01  9.97488E-01  9.98685E-01  9.99500E-01  9.99940E-01       9.86690E-01  1.00000E+00
  9.96695E-01  9.98393E-01  9.99240E-01  9.99730E-01  9.99970E-01       9.89400E-01  1.00000E+00
  9.97438E-01  9.98860E-01  9.99485E-01  9.99823E-01  9.99980E-01       9.91070E-01  1.00000E+00
  9.98240E-01  9.99245E-01  9.99670E-01  9.99890E-01  9.99988E-01       9.92250E-01  1.00000E+00
  9.95733E-01  9.97528E-01  9.98690E-01  9.99513E-01  9.99945E-01       9.86930E-01  1.00000E+00
  9.97347E-01  9.98622E-01  9.99313E-01  9.99753E-01  9.99972E-01       9.92670E-01  1.00000E+00
  9.98020E-01  9.99065E-01  9.99568E-01  9.99853E-01  9.99985E-01       9.93610E-01  1.00000E+00
  9.98460E-01  9.99315E-01  9.99698E-01  9.99900E-01  9.99990E-01       9.94820E-01  1.00000E+00
  9.98952E-01  9.99543E-01  9.99800E-01  9.99933E-01  9.99993E-01       9.95740E-01  1.00000E+00
  9.98372E-01  9.99192E-01  9.99620E-01  9.99870E-01  9.99988E-01       9.91380E-01  1.00000E+00
  9.98692E-01  9.99435E-01  9.99742E-01  9.99913E-01  9.99990E-01       9.95150E-01  1.00000E+00
  9.98815E-01  9.99513E-01  9.99792E-01  9.99930E-01  9.99990E-01       9.96030E-01  1.00000E+00
  9.98968E-01  9.99562E-01  9.99812E-01  9.99935E-01  9.99990E-01       9.96680E-01  1.00000E+00
  9.99323E-01  9.99702E-01  9.99870E-01  9.99955E-01  9.99997E-01       9.97640E-01  1.00000E+00


    2.   4.00   42.  95.94  1.00E+02  0.00E+00  5.52E-01  3.17E-01     5   0.00

  1.76140E+01  4.58360E+01  6.41020E+01  7.63160E+01  8.47420E+01       5.00030E-02  9.08790E+01

  5.66400E-01  7.27445E-01  8.28145E-01  9.07315E-01  9.71835E-01       1.16290E-01  1.00000E+00
  5.19310E-01  6.90660E-01  8.01830E-01  8.90915E-01  9.66520E-01       1.33570E-01  1.00000E+00
  4.97135E-01  6.70315E-01  7.86920E-01  8.81280E-01  9.63060E-01       1.12670E-01  1.00000E+00
  4.91330E-01  6.68245E-01  7.85710E-01  8.80945E-01  9.62910E-01       1.19660E-01  1.00000E+00
  3.85350E-01  5.42405E-01  6.44930E-01  7.35945E-01  8.37445E-01       6.05590E-02  1.00000E+00

 -9.51763E-01 -5.95945E-01 -7.83755E-03  5.82935E-01  9.52290E-01      -1.00000E+00  1.00000E+00
 -9.50603E-01 -5.83687E-01  2.30030E-03  5.87115E-01  9.50867E-01      -1.00000E+00  1.00000E+00
 -9.47438E-01 -5.74442E-01  1.05286E-02  5.88050E-01  9.50052E-01      -1.00000E+00  1.00000E+00
 -9.51325E-01 -5.84047E-01  5.25319E-03  5.92470E-01  9.51620E-01      -1.00000E+00  1.00000E+00
 -9.51867E-01 -5.85653E-01 -7.84155E-03  5.82320E-01  9.48060E-01      -1.00000E+00  1.00000E+00
 -9.50248E-01 -5.84825E-01  6.33945E-03  5.86020E-01  9.49720E-01      -1.00000E+00  1.00000E+00
 -9.49518E-01 -5.89255E-01 -4.45017E-03  5.86817E-01  9.51448E-01      -1.00000E+00  1.00000E+00
 -9.50280E-01 -5.86292E-01 -3.45065E-03  5.93405E-01  9.50488E-01      -1.00000E+00  1.00000E+00
 -9.49877E-01 -5.80763E-01  5.03168E-03  5.84185E-01  9.52493E-01      -1.00000E+00  1.00000E+00
 -9.52235E-01 -5.88302E-01 -3.62575E-03  5.87115E-01  9.51432E-01      -1.00000E+00  1.00000E+00
 -9.51900E-01 -5.90232E-01  3.94550E-04  5.89305E-01  9.50742E-01      -1.00000E+00  1.00000E+00
 -9.51145E-01 -5.85337E-01  2.60750E-05  5.85052E-01  9.51542E-01      -1.00000E+00  1.00000E+00
 -9.50320E-01 -5.92325E-01  1.22145E-03  5.88982E-01  9.51812E-01      -1.00000E+00  1.00000E+00
 -9.51965E-01 -5.92298E-01  4.28150E-03  5.82773E-01  9.51192E-01      -1.00000E+00  1.00000E+00
 -9.48150E-01 -5.83540E-01  3.23008E-03  5.85522E-01  9.49703E-01      -1.00000E+00  1.00000E+00
 -9.52052E-01 -5.88065E-01 -5.96970E-04  5.87052E-01  9.49945E-01      -1.00000E+00  1.00000E+00
 -9.50292E-01 -5.83575E-01 -1.01542E-02  5.84800E-01  9.51225E-01      -1.00000E+00  1.00000E+00
 -9.50407E-01 -5.84725E-01 -1.13450E-04  5.88595E-01  9.50357E-01      -1.00000E+00  1.00000E+00
 -9.49160E-01 -5.88625E-01 -1.89254E-02  5.83090E-01  9.51677E-01      -1.00000E+00  1.00000E+00
 -9.51000E-01 -5.94073E-01  1.48845E-03  5.93185E-01  9.52160E-01      -1.00000E+00  1.00000E+00
 -9.51448E-01 -5.87448E-01 -4.68005E-04  5.95313E-01  9.50645E-01      -1.00000E+00  1.00000E+00
 -9.52627E-01 -5.90635E-01  5.03747E-04  5.87388E-01  9.50827E-01      -1.00000E+00  1.00000E+00
 -9.51025E-01 -5.86090E-01  1.81037E-03  5.86923E-01  9.52802E-01      -1.00000E+00  1.00000E+00
 -9.48928E-01 -5.82380E-01  7.18300E-03  5.93673E-01  9.51710E-01      -1.00000E+00  1.00000E+00
 -9.50263E-01 -5.88767E-01  5.81338E-03  5.93025E-01  9.50368E-01      -1.00000E+00  1.00000E+00


    2.   4.00   42.  95.94  1.00E+02  3.00E+01  6.00E-01  3.66E-01     5   0.00

  2.05770E+01  5.05490E+01  6.84890E+01  7.97660E+01  8.72760E+01       5.00310E-02  9.47370E+01

  5.61320E-01  7.23635E-01  8.26060E-01  9.06055E-01  9.71465E-01       1.02400E-01  1.00000E+00
  5.12435E-01  6.84490E-01  7.97355E-01  8.88685E-01  9.65110E-01       1.12030E-01  1.00000E+00
  4.85055E-01  6.61415E-01  7.79190E-01  8.76350E-01  9.60765E-01       1.01640E-01  1.00000E+00
  4.75390E-01  6.50835E-01  7.70585E-01  8.70425E-01  9.58645E-01       9.94520E-02  1.00000E+00
  3.18470E-01  4.65080E-01  5.83655E-01  6.97615E-01  8.28120E-01       6.29640E-02  9.99990E-01

 -9.49435E-01 -5.86360E-01 -7.39247E-04  5.85375E-01  9.49565E-01      -1.00000E+00  1.00000E+00
 -9.51690E-01 -5.84075E-01 -4.45328E-03  5.83753E-01  9.50543E-01      -1.00000E+00  1.00000E+00
 -9.50862E-01 -5.90180E-01  1.28796E-02  6.00140E-01  9.52162E-01      -1.00000E+00  1.00000E+00
 -9.48570E-01 -5.78345E-01  9.49823E-03  5.99762E-01  9.54297E-01      -1.00000E+00  1.00000E+00
 -9.51012E-01 -5.82498E-01  1.38091E-02  5.99280E-01  9.50873E-01      -1.00000E+00  1.00000E+00
 -9.50873E-01 -5.91433E-01  2.28135E-03  5.89570E-01  9.51658E-01      -1.00000E+00  1.00000E+00
 -9.50535E-01 -5.82317E-01 -2.48525E-03  5.85743E-01  9.49405E-01      -1.00000E+00  1.00000E+00
 -9.52233E-01 -5.83962E-01  5.06883E-03  5.92928E-01  9.52480E-01      -1.00000E+00  1.00000E+00
 -9.51740E-01 -5.88810E-01 -1.50640E-03  5.83600E-01  9.49972E-01      -1.00000E+00  1.00000E+00
 -9.52435E-01 -5.89475E-01  3.82700E-04  5.82973E-01  9.48723E-01      -1.00000E+00  1.00000E+00
 -9.55063E-01 -6.03368E-01 -2.59827E-02  5.63462E-01  9.48157E-01      -1.00000E+00  1.00000E+00
 -9.51470E-01 -5.92465E-01 -2.19055E-02  5.66462E-01  9.46087E-01      -1.00000E+00  1.00000E+00
 -9.53263E-01 -6.05900E-01 -2.19551E-02  5.76523E-01  9.48823E-01      -1.00000E+00  1.00000E+00
 -9.51205E-01 -5.94427E-01 -9.84812E-03  5.80855E-01  9.49090E-01      -1.00000E+00  1.00000E+00
 -9.50960E-01 -5.91490E-01 -1.32139E-02  5.81383E-01  9.51280E-01      -1.00000E+00  1.00000E+00
 -9.71130E-01 -7.04735E-01 -1.43065E-01  5.12630E-01  9.42070E-01      -1.00000E+00  1.00000E+00
 -9.69183E-01 -7.17378E-01 -1.55950E-01  5.05460E-01  9.40147E-01      -1.00000E+00  1.00000E+00
 -9.66392E-01 -7.05178E-01 -1.71903E-01  4.91893E-01  9.38128E-01      -1.00000E+00  1.00000E+00
 -9.63758E-01 -6.80710E-01 -1.64870E-01  5.03080E-01  9.39610E-01      -1.00000E+00  1.00000E+00
 -9.61672E-01 -6.67262E-01 -1.53940E-01  4.94645E-01  9.38933E-01      -1.00000E+00  1.00000E+00
 -4.23666E-01 -3.68450E-02  2.49855E-01  5.71543E-01  9.41335E-01      -1.00000E+00  1.00000E+00
 -3.01195E-01  1.27445E-01  4.45354E-01  7.47785E-01  9.70335E-01      -1.00000E+00  1.00000E+00
 -1.41715E-01  2.79049E-01  5.77250E-01  8.16155E-01  9.78217E-01      -9.99970E-01  1.00000E+00
  7.16500E-03  4.20517E-01  6.94308E-01  8.81007E-01  9.85540E-01      -9.99930E-01  1.00000E+00
  8.02100E-02  5.05428E-01  7.57432E-01  9.14090E-01  9.90210E-01      -1.00000E+00  1.00000E+00


    2.   4.00   42.  95.94  1.00E+02  4.50E+01  6.63E-01  4.39E-01     5   0.00

  2.54910E+01  5.78470E+01  7.46800E+01  8.39910E+01  9.08700E+01       5.00410E-02  9.64360E+01

  5.53765E-01  7.17800E-01  8.21000E-01  9.03195E-01  9.70390E-01       1.51540E-01  1.00000E+00
  5.00810E-01  6.73935E-01  7.88700E-01  8.82125E-01  9.63245E-01       1.27500E-01  1.00000E+00
  4.68655E-01  6.43430E-01  7.63830E-01  8.65630E-01  9.56950E-01       9.70040E-02  1.00000E+00
  4.11700E-01  5.89990E-01  7.22780E-01  8.40790E-01  9.48575E-01       7.80080E-02  1.00000E+00
  2.83185E-01  4.08925E-01  5.09580E-01  6.06935E-01  7.29075E-01       5.02650E-02  9.99900E-01

 -9.49660E-01 -5.83070E-01  1.07812E-02  5.95525E-01  9.51435E-01      -1.00000E+00  1.00000E+00
 -9.51763E-01 -5.81675E-01  1.28195E-03  5.88032E-01  9.51678E-01      -1.00000E+00  1.00000E+00
 -9.49468E-01 -5.88483E-01 -6.95355E-03  5.81492E-01  9.51183E-01      -1.00000E+00  1.00000E+00
 -9.52765E-01 -5.86755E-01 -1.37051E-02  5.85353E-01  9.52208E-01      -1.00000E+00  1.00000E+00
 -9.50403E-01 -5.89410E-01 -7.38920E-03  5.89178E-01  9.50917E-01      -1.00000E+00  1.00000E+00
 -9.50078E-01 -5.86785E-01  9.59400E-04  5.99952E-01  9.53930E-01      -1.00000E+00  1.00000E+00
 -9.53512E-01 -5.87803E-01 -1.69475E-04  5.84850E-01  9.50398E-01      -1.00000E+00  1.00000E+00
 -9.49585E-01 -5.85902E-01  2.44475E-03  5.89220E-01  9.49133E-01      -1.00000E+00  1.00000E+00
 -9.52457E-01 -5.94965E-01 -1.52875E-02  5.81385E-01  9.51540E-01      -1.00000E+00  1.00000E+00
 -9.52562E-01 -5.84780E-01  9.60042E-03  5.87535E-01  9.50560E-01      -1.00000E+00  1.00000E+00
 -9.64228E-01 -6.84233E-01 -1.53218E-01  4.87937E-01  9.36675E-01      -1.00000E+00  1.00000E+00
 -9.62295E-01 -6.64532E-01 -1.09974E-01  5.23080E-01  9.40940E-01      -1.00000E+00  1.00000E+00
 -9.58655E-01 -6.46432E-01 -8.27510E-02  5.37160E-01  9.45455E-01      -1.00000E+00  1.00000E+00
 -9.55545E-01 -6.24418E-01 -6.51590E-02  5.49573E-01  9.45620E-01      -1.00000E+00  1.00000E+00
 -9.53307E-01 -6.04205E-01 -2.62716E-02  5.74865E-01  9.47980E-01      -1.00000E+00  1.00000E+00
 -8.34908E-01 -6.18120E-01 -2.51703E-01  3.98998E-01  9.23390E-01      -1.00000E+00  1.00000E+00
 -7.53480E-01 -4.69478E-01 -2.57950E-02  5.69895E-01  9.46878E-01      -1.00000E+00  1.00000E+00
 -7.12302E-01 -3.99816E-01  3.36925E-02  6.03842E-01  9.55530E-01      -1.00000E+00  1.00000E+00
 -6.88725E-01 -3.44071E-01  1.02940E-01  6.16185E-01  9.53028E-01      -1.00000E+00  1.00000E+00
 -8.02680E-01 -3.77532E-01  1.37238E-01  6.49097E-01  9.58682E-01      -1.00000E+00  1.00000E+00
  2.72352E-01  5.28770E-01  6.89675E-01  8.58950E-01  9.83145E-01      -6.89520E-01  1.00000E+00
  3.48832E-01  6.08733E-01  7.66310E-01  9.02048E-01  9.88922E-01      -6.94310E-01  1.00000E+00
  4.21375E-01  6.76652E-01  8.25710E-01  9.27465E-01  9.91017E-01      -7.55850E-01  1.00000E+00
  5.05480E-01  7.39572E-01  8.73287E-01  9.53887E-01  9.94870E-01      -5.88130E-01  1.00000E+00
  5.79473E-01  8.04007E-01  9.08583E-01  9.69073E-01  9.96600E-01      -9.85570E-01  1.00000E+00


    2.   4.00   42.  95.94  1.00E+02  6.00E+01  7.68E-01  5.77E-01     5   0.00

  3.75100E+01  7.17960E+01  8.43860E+01  9.06870E+01  9.47730E+01       5.00050E-02  9.79090E+01

  5.35830E-01  7.04705E-01  8.11225E-01  8.96270E-01  9.68200E-01       1.19390E-01  1.00000E+00
  4.62085E-01  6.36060E-01  7.57510E-01  8.62090E-01  9.55675E-01       1.13660E-01  1.00000E+00
  3.88435E-01  5.62875E-01  7.00810E-01  8.28120E-01  9.45185E-01       8.47180E-02  1.00000E+00
  3.36345E-01  4.85680E-01  6.07100E-01  7.24000E-01  8.40885E-01       8.50550E-02  9.99990E-01
  2.13690E-01  2.98765E-01  3.69480E-01  4.40185E-01  5.36260E-01       4.40170E-02  8.80650E-01

 -9.49838E-01 -5.87697E-01  3.32630E-03  5.92220E-01  9.51913E-01      -1.00000E+00  1.00000E+00
 -9.52697E-01 -5.87380E-01 -3.77997E-03  5.87900E-01  9.50815E-01      -1.00000E+00  1.00000E+00
 -9.51557E-01 -5.89645E-01 -8.18034E-03  5.81620E-01  9.50597E-01      -1.00000E+00  1.00000E+00
 -9.53168E-01 -5.92500E-01 -8.39802E-03  5.81538E-01  9.50817E-01      -1.00000E+00  1.00000E+00
 -9.50960E-01 -5.86070E-01 -4.49380E-03  5.88690E-01  9.50908E-01      -1.00000E+00  1.00000E+00
 -9.64997E-01 -6.86262E-01 -1.65652E-01  4.64558E-01  9.33780E-01      -1.00000E+00  1.00000E+00
 -9.61825E-01 -6.61120E-01 -1.12333E-01  5.16417E-01  9.40780E-01      -1.00000E+00  1.00000E+00
 -9.59750E-01 -6.51628E-01 -9.76453E-02  5.26475E-01  9.41765E-01      -1.00000E+00  1.00000E+00
 -9.57888E-01 -6.26695E-01 -6.40485E-02  5.45570E-01  9.44285E-01      -1.00000E+00  1.00000E+00
 -9.54230E-01 -6.08978E-01 -3.40482E-02  5.66268E-01  9.49680E-01      -1.00000E+00  1.00000E+00
 -7.69690E-01 -5.66840E-01 -2.67750E-01  2.99351E-01  9.00360E-01      -1.00000E+00  1.00000E+00
 -7.38343E-01 -4.81965E-01 -7.74725E-02  5.18613E-01  9.42910E-01      -1.00000E+00  1.00000E+00
 -7.29085E-01 -4.47128E-01 -8.16000E-03  5.72340E-01  9.49583E-01      -1.00000E+00  1.00000E+00
 -7.76048E-01 -4.65400E-01 -1.65000E-02  5.57098E-01  9.49923E-01      -1.00000E+00  1.00000E+00
 -9.22897E-01 -5.28960E-01  1.06895E-02  5.61810E-01  9.45815E-01      -1.00000E+00  1.00000E+00
  1.32975E-01  3.51610E-01  5.80978E-01  8.26965E-01  9.79383E-01      -6.55580E-01  1.00000E+00
  2.12292E-01  4.43792E-01  6.57130E-01  8.66663E-01  9.84740E-01      -7.18420E-01  1.00000E+00
  2.87562E-01  5.18502E-01  6.88492E-01  8.74427E-01  9.85013E-01      -7.10930E-01  1.00000E+00
  3.93568E-01  6.23958E-01  7.73907E-01  9.00293E-01  9.87458E-01      -7.83500E-01  1.00000E+00
  5.14825E-01  7.55772E-01  8.81308E-01  9.57385E-01  9.95270E-01      -9.99200E-01  1.00000E+00
  7.25737E-01  8.37832E-01  9.10658E-01  9.68768E-01  9.96582E-01       1.07890E-01  1.00000E+00
  7.53485E-01  8.64805E-01  9.27377E-01  9.73828E-01  9.97102E-01       1.15450E-01  1.00000E+00
  7.85740E-01  8.88530E-01  9.43887E-01  9.78648E-01  9.97522E-01       2.57010E-01  1.00000E+00
  8.23555E-01  9.12505E-01  9.58600E-01  9.85853E-01  9.98452E-01       1.97250E-01  1.00000E+00
  8.61582E-01  9.39777E-01  9.72798E-01  9.90775E-01  9.99025E-01       2.98750E-01  1.00000E+00


    2.   4.00   42.  95.94  1.00E+02  7.00E+01  8.77E-01  7.41E-01     5   0.00

  5.94710E+01  8.58110E+01  9.20850E+01  9.50400E+01  9.72810E+01       5.00300E-02  9.86860E+01

  4.90050E-01  6.62995E-01  7.79260E-01  8.75710E-01  9.60630E-01       9.88530E-02  1.00000E+00
  3.55375E-01  5.25840E-01  6.70385E-01  8.10360E-01  9.39735E-01       7.32600E-02  9.99990E-01
  3.09600E-01  4.50000E-01  5.74765E-01  7.02200E-01  8.26835E-01       7.26880E-02  9.99710E-01
  2.49195E-01  3.46740E-01  4.29720E-01  5.11845E-01  6.06180E-01       6.30990E-02  8.79340E-01
  1.58430E-01  2.11950E-01  2.53620E-01  2.97325E-01  3.59885E-01       3.00840E-02  6.39790E-01

 -9.59845E-01 -6.62798E-01 -1.24129E-01  5.03792E-01  9.39007E-01      -1.00000E+00  1.00000E+00
 -9.58608E-01 -6.41652E-01 -8.00516E-02  5.27930E-01  9.42655E-01      -1.00000E+00  1.00000E+00
 -9.55518E-01 -6.23203E-01 -5.47626E-02  5.51200E-01  9.46962E-01      -1.00000E+00  1.00000E+00
 -9.55338E-01 -6.12420E-01 -3.56988E-02  5.65137E-01  9.46440E-01      -1.00000E+00  1.00000E+00
 -9.52245E-01 -5.95655E-01 -1.66338E-02  5.72527E-01  9.48590E-01      -1.00000E+00  1.00000E+00
 -6.61517E-01 -4.48383E-01 -1.87778E-01  2.36415E-01  8.53928E-01      -1.00000E+00  1.00000E+00
 -6.42050E-01 -3.88367E-01 -7.70875E-02  4.48280E-01  9.25312E-01      -1.00000E+00  1.00000E+00
 -6.44888E-01 -3.73108E-01 -5.06300E-02  4.99930E-01  9.36760E-01      -1.00000E+00  1.00000E+00
 -6.73175E-01 -3.85837E-01 -3.77100E-02  5.01325E-01  9.39257E-01      -1.00000E+00  1.00000E+00
 -8.61140E-01 -4.82490E-01 -1.09250E-03  5.40282E-01  9.41833E-01      -1.00000E+00  1.00000E+00
  2.93643E-01  4.91393E-01  7.09380E-01  8.87632E-01  9.86940E-01      -4.94790E-01  1.00000E+00
  3.42592E-01  5.36447E-01  7.32983E-01  8.98153E-01  9.88887E-01      -5.04780E-01  1.00000E+00
  3.96278E-01  5.76470E-01  7.29263E-01  8.91315E-01  9.87375E-01      -4.11530E-01  1.00000E+00
  4.88465E-01  6.64878E-01  7.86623E-01  9.03828E-01  9.87920E-01      -3.63960E-01  1.00000E+00
  6.40047E-01  8.10445E-01  9.04878E-01  9.64918E-01  9.95785E-01      -2.97950E-01  1.00000E+00
  6.85658E-01  7.97900E-01  9.07910E-01  9.70742E-01  9.97032E-01       2.52310E-01  1.00000E+00
  7.29057E-01  8.30653E-01  9.17042E-01  9.72525E-01  9.97143E-01       2.25280E-01  1.00000E+00
  7.66992E-01  8.56088E-01  9.20417E-01  9.71043E-01  9.96713E-01       2.65310E-01  1.00000E+00
  8.19763E-01  8.99393E-01  9.45982E-01  9.79430E-01  9.97665E-01       4.06480E-01  1.00000E+00
  8.75025E-01  9.43057E-01  9.73550E-01  9.90960E-01  9.99010E-01       4.43170E-01  1.00000E+00
  9.06573E-01  9.44110E-01  9.66245E-01  9.85393E-01  9.98320E-01       6.39900E-01  1.00000E+00
  9.19780E-01  9.57840E-01  9.78185E-01  9.91447E-01  9.98980E-01       6.77750E-01  1.00000E+00
  9.30617E-01  9.65627E-01  9.83648E-01  9.94280E-01  9.99415E-01       6.88430E-01  1.00000E+00
  9.41295E-01  9.72475E-01  9.87230E-01  9.95597E-01  9.99525E-01       6.89520E-01  1.00000E+00
  9.53325E-01  9.80158E-01  9.91330E-01  9.97110E-01  9.99690E-01       7.20260E-01  1.00000E+00


    2.   4.00   42.  95.94  1.00E+02  8.00E+01  9.89E-01  9.48E-01     5   0.00

  9.20280E+01  9.65600E+01  9.78960E+01  9.84840E+01  9.88840E+01       5.00780E-02  9.93610E+01

  3.14180E-01  4.84535E-01  6.36545E-01  7.74400E-01  8.88535E-01       7.16740E-02  1.00000E+00
  2.46440E-01  3.52745E-01  4.40085E-01  5.14155E-01  5.87355E-01       6.27720E-02  8.28540E-01
  2.02990E-01  2.66955E-01  3.11595E-01  3.46205E-01  3.86255E-01       5.87080E-02  5.48560E-01
  1.53035E-01  1.89470E-01  2.13270E-01  2.33490E-01  2.58550E-01       4.49070E-02  3.52990E-01
  8.96855E-02  1.10664E-01  1.25215E-01  1.39265E-01  1.57965E-01       1.60630E-02  2.31820E-01

 -2.01820E-01  1.81540E-01  4.86728E-01  7.04062E-01  9.51962E-01      -1.00000E+00  1.00000E+00
 -1.93760E-01  1.81597E-01  4.73228E-01  7.02265E-01  9.55635E-01      -1.00000E+00  1.00000E+00
 -1.79830E-01  1.79173E-01  4.69202E-01  6.86065E-01  9.47998E-01      -1.00000E+00  1.00000E+00
 -1.39228E-01  2.30022E-01  5.40388E-01  7.41715E-01  9.49802E-01      -1.00000E+00  1.00000E+00
 -8.65500E-02  2.91102E-01  6.36730E-01  8.60607E-01  9.80325E-01      -1.00000E+00  1.00000E+00
  7.89760E-01  8.61010E-01  9.32577E-01  9.79775E-01  9.97990E-01       4.39470E-01  1.00000E+00
  8.13535E-01  8.74787E-01  9.24740E-01  9.72245E-01  9.97065E-01       4.28360E-01  1.00000E+00
  8.45602E-01  8.99783E-01  9.34373E-01  9.68413E-01  9.95995E-01       4.57320E-01  1.00000E+00
  8.91093E-01  9.41110E-01  9.68495E-01  9.86932E-01  9.98305E-01       5.19360E-01  1.00000E+00
  9.30865E-01  9.68083E-01  9.85375E-01  9.95043E-01  9.99463E-01       6.23290E-01  1.00000E+00
  9.18075E-01  9.42092E-01  9.62512E-01  9.83760E-01  9.98018E-01       7.85110E-01  1.00000E+00
  9.37275E-01  9.58375E-01  9.73085E-01  9.88515E-01  9.98613E-01       8.20010E-01  1.00000E+00
  9.53157E-01  9.72105E-01  9.83568E-01  9.92600E-01  9.99015E-01       8.41400E-01  1.00000E+00
  9.67078E-01  9.83460E-01  9.91853E-01  9.97032E-01  9.99660E-01       8.63110E-01  1.00000E+00
  9.77838E-01  9.90293E-01  9.95685E-01  9.98563E-01  9.99840E-01       8.88440E-01  1.00000E+00
  9.63845E-01  9.75190E-01  9.84150E-01  9.92567E-01  9.98995E-01       9.09790E-01  1.00000E+00
  9.74350E-01  9.84075E-01  9.90457E-01  9.95892E-01  9.99495E-01       9.26630E-01  1.00000E+00
  9.81115E-01  9.89567E-01  9.94403E-01  9.97762E-01  9.99732E-01       9.42630E-01  1.00000E+00
  9.86075E-01  9.93267E-01  9.96823E-01  9.98890E-01  9.99877E-01       9.45710E-01  1.00000E+00
  9.90655E-01  9.95950E-01  9.98195E-01  9.99398E-01  9.99935E-01       9.58310E-01  1.00000E+00
  9.88202E-01  9.93540E-01  9.96528E-01  9.98665E-01  9.99842E-01       9.59730E-01  1.00000E+00
  9.90302E-01  9.95235E-01  9.97648E-01  9.99167E-01  9.99905E-01       9.65160E-01  1.00000E+00
  9.91903E-01  9.96275E-01  9.98303E-01  9.99420E-01  9.99935E-01       9.69080E-01  1.00000E+00
  9.93252E-01  9.96962E-01  9.98645E-01  9.99545E-01  9.99953E-01       9.75850E-01  1.00000E+00
  9.95410E-01  9.97967E-01  9.99100E-01  9.99698E-01  9.99967E-01       9.80820E-01  1.00000E+00


    2.   4.00   42.  95.94  1.00E+02  8.50E+01  1.00E+00  9.90E-01     5   0.00

  9.84440E+01  9.89980E+01  9.92050E+01  9.93390E+01  9.94650E+01       2.44030E-01  9.96800E+01

  2.38955E-01  2.88245E-01  3.21560E-01  3.67880E-01  4.69200E-01       7.31800E-02  9.99980E-01
  1.43930E-01  1.67490E-01  1.82070E-01  1.94620E-01  2.10855E-01       5.81430E-02  2.72820E-01
  1.03435E-01  1.18205E-01  1.27865E-01  1.36695E-01  1.47795E-01       4.33910E-02  1.87760E-01
  7.60440E-02  8.61150E-02  9.29680E-02  9.95135E-02  1.08131E-01       3.54020E-02  1.37910E-01
  4.47630E-02  5.32380E-02  5.90650E-02  6.46530E-02  7.21980E-02       8.59050E-03  9.95080E-02

  9.45635E-01  9.69727E-01  9.80195E-01  9.89010E-01  9.97993E-01      -9.99580E-01  1.00000E+00
  9.66800E-01  9.86163E-01  9.93102E-01  9.97295E-01  9.99680E-01      -9.97380E-01  1.00000E+00
  9.64750E-01  9.87410E-01  9.94745E-01  9.98272E-01  9.99825E-01      -9.99940E-01  1.00000E+00
  9.48955E-01  9.82765E-01  9.93080E-01  9.97777E-01  9.99757E-01      -1.00000E+00  1.00000E+00
  8.03555E-01  9.48655E-01  9.81205E-01  9.94225E-01  9.99398E-01      -1.00000E+00  1.00000E+00
  9.85605E-01  9.91490E-01  9.95400E-01  9.98207E-01  9.99788E-01       9.54980E-01  1.00000E+00
  9.90332E-01  9.94730E-01  9.97320E-01  9.99022E-01  9.99888E-01       9.70760E-01  1.00000E+00
  9.92797E-01  9.96455E-01  9.98270E-01  9.99385E-01  9.99930E-01       9.75340E-01  1.00000E+00
  9.94405E-01  9.97492E-01  9.98872E-01  9.99622E-01  9.99958E-01       9.79790E-01  1.00000E+00
  9.96275E-01  9.98327E-01  9.99260E-01  9.99753E-01  9.99975E-01       9.83100E-01  1.00000E+00
  9.93062E-01  9.96513E-01  9.98358E-01  9.99425E-01  9.99937E-01       9.77170E-01  1.00000E+00
  9.95182E-01  9.97685E-01  9.98943E-01  9.99640E-01  9.99963E-01       9.84160E-01  1.00000E+00
  9.96228E-01  9.98213E-01  9.99183E-01  9.99725E-01  9.99970E-01       9.88200E-01  1.00000E+00
  9.97062E-01  9.98660E-01  9.99393E-01  9.99795E-01  9.99977E-01       9.89910E-01  1.00000E+00
  9.98077E-01  9.99155E-01  9.99630E-01  9.99875E-01  9.99988E-01       9.92080E-01  1.00000E+00
  9.96375E-01  9.98295E-01  9.99232E-01  9.99738E-01  9.99970E-01       9.85420E-01  1.00000E+00
  9.97342E-01  9.98812E-01  9.99475E-01  9.99827E-01  9.99982E-01       9.91170E-01  1.00000E+00
  9.97862E-01  9.99048E-01  9.99575E-01  9.99862E-01  9.99985E-01       9.92250E-01  1.00000E+00
  9.98270E-01  9.99230E-01  9.99665E-01  9.99887E-01  9.99990E-01       9.93920E-01  1.00000E+00
  9.98762E-01  9.99467E-01  9.99767E-01  9.99923E-01  9.99990E-01       9.95060E-01  1.00000E+00
  9.98598E-01  9.99415E-01  9.99742E-01  9.99915E-01  9.99992E-01       9.92000E-01  1.00000E+00
  9.98760E-01  9.99488E-01  9.99783E-01  9.99927E-01  9.99990E-01       9.94540E-01  1.00000E+00
  9.98857E-01  9.99527E-01  9.99795E-01  9.99935E-01  9.99990E-01       9.95140E-01  1.00000E+00
  9.98975E-01  9.99572E-01  9.99817E-01  9.99943E-01  9.99990E-01       9.95520E-01  1.00000E+00
  9.99197E-01  9.99665E-01  9.99858E-01  9.99950E-01  9.99997E-01       9.96380E-01  1.00000E+00


    2.   4.00   42.  95.94  2.00E+02  0.00E+00  5.10E-01  2.83E-01     5   0.00

  3.32310E+01  8.61310E+01  1.22120E+02  1.47950E+02  1.67640E+02       5.01090E-02  1.81320E+02

  5.44880E-01  7.12125E-01  8.17515E-01  9.00520E-01  9.69820E-01       1.15960E-01  1.00000E+00
  4.92915E-01  6.70970E-01  7.88695E-01  8.83520E-01  9.63790E-01       1.01030E-01  1.00000E+00
  4.70015E-01  6.51950E-01  7.75395E-01  8.75475E-01  9.61355E-01       1.15270E-01  1.00000E+00
  4.60395E-01  6.45085E-01  7.69685E-01  8.70275E-01  9.59100E-01       1.04920E-01  1.00000E+00
  3.65070E-01  5.28910E-01  6.52745E-01  7.68280E-01  8.80975E-01       5.07060E-02  9.99990E-01

 -9.52340E-01 -5.96125E-01 -5.70743E-03  5.84555E-01  9.50127E-01      -1.00000E+00  1.00000E+00
 -9.51625E-01 -5.89975E-01  4.54977E-03  5.96080E-01  9.50725E-01      -1.00000E+00  1.00000E+00
 -9.49380E-01 -5.93128E-01  8.12612E-03  5.86595E-01  9.49608E-01      -1.00000E+00  1.00000E+00
 -9.50125E-01 -5.86847E-01 -3.94213E-03  5.90385E-01  9.51710E-01      -1.00000E+00  1.00000E+00
 -9.52175E-01 -5.93700E-01  4.38750E-04  5.84505E-01  9.50880E-01      -1.00000E+00  1.00000E+00
 -9.51915E-01 -6.03365E-01 -6.19830E-03  5.95240E-01  9.52545E-01      -1.00000E+00  1.00000E+00
 -9.47388E-01 -5.89867E-01  9.19172E-04  5.90250E-01  9.52012E-01      -1.00000E+00  1.00000E+00
 -9.52225E-01 -5.94475E-01  1.40017E-03  5.86250E-01  9.50425E-01      -1.00000E+00  1.00000E+00
 -9.54365E-01 -5.86190E-01  4.99477E-03  5.95605E-01  9.50400E-01      -1.00000E+00  1.00000E+00
 -9.50213E-01 -5.83675E-01 -3.25090E-03  5.84702E-01  9.50008E-01      -1.00000E+00  1.00000E+00
 -9.48827E-01 -5.85115E-01 -1.94862E-03  5.82470E-01  9.49658E-01      -1.00000E+00  1.00000E+00
 -9.50675E-01 -5.86595E-01  2.36720E-03  5.95328E-01  9.51890E-01      -1.00000E+00  1.00000E+00
 -9.50575E-01 -5.80805E-01  3.80725E-04  5.86685E-01  9.49755E-01      -1.00000E+00  1.00000E+00
 -9.50415E-01 -5.95315E-01  3.05383E-03  5.97345E-01  9.52898E-01      -1.00000E+00  1.00000E+00
 -9.54472E-01 -5.80867E-01  9.21248E-03  5.96800E-01  9.51890E-01      -1.00000E+00  1.00000E+00
 -9.50235E-01 -5.89738E-01 -6.90620E-03  5.85993E-01  9.50975E-01      -1.00000E+00  1.00000E+00
 -9.50000E-01 -5.89470E-01 -1.59073E-03  5.86372E-01  9.51000E-01      -1.00000E+00  1.00000E+00
 -9.50037E-01 -5.78495E-01  1.21932E-02  5.96000E-01  9.53580E-01      -1.00000E+00  1.00000E+00
 -9.50268E-01 -5.84857E-01  2.94077E-03  5.91243E-01  9.52670E-01      -1.00000E+00  1.00000E+00
 -9.50345E-01 -5.92255E-01  1.45207E-03  5.85863E-01  9.51898E-01      -1.00000E+00  1.00000E+00
 -9.47960E-01 -5.87230E-01 -1.97717E-03  5.95250E-01  9.49913E-01      -1.00000E+00  1.00000E+00
 -9.51765E-01 -5.82738E-01  4.11970E-03  5.92178E-01  9.52518E-01      -1.00000E+00  1.00000E+00
 -9.50162E-01 -5.82880E-01  5.84162E-03  5.90275E-01  9.51550E-01      -1.00000E+00  1.00000E+00
 -9.52902E-01 -5.98808E-01 -9.03291E-03  5.87858E-01  9.51222E-01      -1.00000E+00  1.00000E+00
 -9.49228E-01 -5.87620E-01 -7.54085E-04  5.89785E-01  9.49320E-01      -1.00000E+00  1.00000E+00


    2.   4.00   42.  95.94  2.00E+02  3.00E+01  5.55E-01  3.25E-01     5   0.00

  3.77160E+01  9.41020E+01  1.30140E+02  1.54480E+02  1.72240E+02       5.00510E-02  1.88400E+02

  5.43160E-01  7.09370E-01  8.16015E-01  8.99265E-01  9.69075E-01       1.31700E-01  1.00000E+00
  4.86210E-01  6.65835E-01  7.84810E-01  8.80470E-01  9.62490E-01       1.06970E-01  1.00000E+00
  4.61225E-01  6.43945E-01  7.68110E-01  8.69705E-01  9.58620E-01       1.02760E-01  1.00000E+00
  4.47215E-01  6.30370E-01  7.56585E-01  8.61365E-01  9.55730E-01       9.96860E-02  1.00000E+00
  3.19720E-01  4.76170E-01  6.00710E-01  7.22585E-01  8.59910E-01       6.17960E-02  1.00000E+00

 -9.49555E-01 -5.83623E-01 -5.45318E-03  5.87120E-01  9.51743E-01      -1.00000E+00  1.00000E+00
 -9.50793E-01 -5.81817E-01  8.79562E-03  5.88313E-01  9.51125E-01      -1.00000E+00  1.00000E+00
 -9.50400E-01 -5.85448E-01 -3.63647E-03  5.87200E-01  9.51822E-01      -1.00000E+00  1.00000E+00
 -9.49323E-01 -5.84880E-01 -7.84143E-03  5.76913E-01  9.50870E-01      -1.00000E+00  1.00000E+00
 -9.52075E-01 -5.84257E-01 -2.97077E-03  5.88533E-01  9.50943E-01      -1.00000E+00  1.00000E+00
 -9.49307E-01 -5.85470E-01  2.39898E-03  5.80365E-01  9.48147E-01      -1.00000E+00  1.00000E+00
 -9.52385E-01 -5.91557E-01 -7.09350E-04  5.88843E-01  9.49865E-01      -1.00000E+00  1.00000E+00
 -9.50512E-01 -5.86675E-01  7.41785E-03  5.87792E-01  9.52352E-01      -1.00000E+00  1.00000E+00
 -9.47845E-01 -5.80252E-01  1.50861E-02  5.88915E-01  9.50523E-01      -1.00000E+00  1.00000E+00
 -9.50792E-01 -5.95552E-01 -7.17038E-03  5.78483E-01  9.48285E-01      -1.00000E+00  1.00000E+00
 -9.52887E-01 -5.94650E-01 -1.60377E-02  5.83157E-01  9.50783E-01      -1.00000E+00  1.00000E+00
 -9.53192E-01 -5.94702E-01 -1.45866E-02  5.84403E-01  9.52060E-01      -1.00000E+00  1.00000E+00
 -9.53008E-01 -6.00097E-01 -9.82890E-03  5.78805E-01  9.49037E-01      -1.00000E+00  1.00000E+00
 -9.52370E-01 -5.98792E-01 -1.13464E-02  5.80590E-01  9.51095E-01      -1.00000E+00  1.00000E+00
 -9.50732E-01 -5.88477E-01 -1.85630E-03  5.83348E-01  9.51620E-01      -1.00000E+00  1.00000E+00
 -9.54330E-01 -6.11055E-01 -2.01434E-02  5.84465E-01  9.51810E-01      -1.00000E+00  1.00000E+00
 -9.57185E-01 -6.08982E-01 -2.07424E-02  5.81147E-01  9.49645E-01      -1.00000E+00  1.00000E+00
 -9.55663E-01 -6.18850E-01 -3.41725E-02  5.75808E-01  9.48810E-01      -1.00000E+00  1.00000E+00
 -9.56970E-01 -6.16728E-01 -3.63162E-02  5.78385E-01  9.50782E-01      -1.00000E+00  1.00000E+00
 -9.53477E-01 -6.04628E-01 -2.21469E-02  5.75298E-01  9.49547E-01      -1.00000E+00  1.00000E+00
 -5.62333E-01 -1.12327E-01  2.71665E-01  7.05465E-01  9.67850E-01      -1.00000E+00  1.00000E+00
 -4.78121E-01  5.88250E-03  4.16851E-01  7.79578E-01  9.75575E-01      -1.00000E+00  1.00000E+00
 -4.15024E-01  8.89875E-02  4.65715E-01  8.00772E-01  9.77598E-01      -1.00000E+00  1.00000E+00
 -3.50898E-01  1.52512E-01  5.28890E-01  8.07362E-01  9.77890E-01      -1.00000E+00  1.00000E+00
 -2.79465E-01  1.99930E-01  5.83568E-01  8.45777E-01  9.82030E-01      -1.00000E+00  1.00000E+00


    2.   4.00   42.  95.94  2.00E+02  4.50E+01  6.15E-01  3.89E-01     5   0.00

  4.55610E+01  1.06450E+02  1.41370E+02  1.63250E+02  1.79270E+02       5.01240E-02  1.92320E+02

  5.33345E-01  7.03560E-01  8.11250E-01  8.96940E-01  9.68550E-01       1.22370E-01  1.00000E+00
  4.76465E-01  6.57700E-01  7.78200E-01  8.76260E-01  9.61305E-01       1.02860E-01  1.00000E+00
  4.47645E-01  6.29000E-01  7.55880E-01  8.61965E-01  9.56205E-01       1.11070E-01  1.00000E+00
  4.09335E-01  5.88930E-01  7.22135E-01  8.39280E-01  9.48340E-01       8.43220E-02  1.00000E+00
  2.83195E-01  4.21140E-01  5.35700E-01  6.50080E-01  7.87560E-01       4.70340E-02  9.99980E-01

 -9.50268E-01 -5.83600E-01  8.46854E-03  5.91595E-01  9.51767E-01      -1.00000E+00  1.00000E+00
 -9.49315E-01 -5.89305E-01  2.37704E-03  5.87700E-01  9.50917E-01      -1.00000E+00  1.00000E+00
 -9.52645E-01 -5.92493E-01 -6.46883E-03  5.92870E-01  9.50505E-01      -1.00000E+00  1.00000E+00
 -9.48713E-01 -5.78412E-01  3.07645E-03  5.92220E-01  9.53128E-01      -1.00000E+00  1.00000E+00
 -9.53133E-01 -5.96013E-01 -1.91425E-04  5.78140E-01  9.51920E-01      -1.00000E+00  1.00000E+00
 -9.51302E-01 -5.86670E-01  1.89087E-03  5.97165E-01  9.52895E-01      -1.00000E+00  1.00000E+00
 -9.51830E-01 -5.91160E-01 -7.28053E-03  5.83745E-01  9.49715E-01      -1.00000E+00  1.00000E+00
 -9.50115E-01 -5.82398E-01  1.88017E-02  5.90505E-01  9.51483E-01      -1.00000E+00  1.00000E+00
 -9.52155E-01 -5.85767E-01  1.84878E-03  5.82342E-01  9.50348E-01      -1.00000E+00  1.00000E+00
 -9.51658E-01 -5.84635E-01 -1.47750E-04  5.88210E-01  9.51165E-01      -1.00000E+00  1.00000E+00
 -9.56995E-01 -6.13792E-01 -4.83685E-02  5.60222E-01  9.47625E-01      -1.00000E+00  1.00000E+00
 -9.55525E-01 -6.08003E-01 -3.92870E-02  5.66915E-01  9.49895E-01      -1.00000E+00  1.00000E+00
 -9.51975E-01 -5.96882E-01 -1.59369E-02  5.79168E-01  9.50348E-01      -1.00000E+00  1.00000E+00
 -9.53753E-01 -5.94837E-01 -8.65625E-03  5.80335E-01  9.50140E-01      -1.00000E+00  1.00000E+00
 -9.52310E-01 -5.93287E-01 -7.08050E-04  5.81410E-01  9.51798E-01      -1.00000E+00  1.00000E+00
 -9.56435E-01 -6.63905E-01 -9.96823E-02  5.54322E-01  9.45818E-01      -1.00000E+00  1.00000E+00
 -9.34118E-01 -5.70978E-01  3.17641E-02  6.22340E-01  9.55052E-01      -1.00000E+00  1.00000E+00
 -9.26787E-01 -5.35740E-01  6.04583E-02  6.28158E-01  9.57788E-01      -1.00000E+00  1.00000E+00
 -9.28320E-01 -5.34802E-01  3.94197E-02  6.19045E-01  9.55618E-01      -1.00000E+00  1.00000E+00
 -9.42887E-01 -5.68755E-01 -1.44895E-02  5.75782E-01  9.49433E-01      -1.00000E+00  1.00000E+00
  5.97750E-02  3.99984E-01  6.27738E-01  8.55978E-01  9.84797E-01      -9.25160E-01  1.00000E+00
  1.36407E-01  4.90245E-01  7.20705E-01  8.98572E-01  9.89818E-01      -9.64890E-01  1.00000E+00
  2.12281E-01  5.52917E-01  7.58557E-01  9.09755E-01  9.89935E-01      -9.44930E-01  1.00000E+00
  2.89711E-01  6.15068E-01  8.08462E-01  9.28597E-01  9.91767E-01      -8.85610E-01  1.00000E+00
  3.42776E-01  6.69167E-01  8.42453E-01  9.44610E-01  9.93837E-01      -1.00000E+00  1.00000E+00


    2.   4.00   42.  95.94  2.00E+02  6.00E+01  7.09E-01  5.03E-01     5   0.00

  6.23980E+01  1.29200E+02  1.60290E+02  1.76390E+02  1.87910E+02       5.00290E-02  1.95190E+02

  5.17535E-01  6.90925E-01  8.02730E-01  8.91040E-01  9.66630E-01       1.24210E-01  1.00000E+00
  4.53220E-01  6.34510E-01  7.59725E-01  8.64170E-01  9.56915E-01       8.56410E-02  1.00000E+00
  3.91350E-01  5.67405E-01  7.01220E-01  8.21880E-01  9.38965E-01       8.05170E-02  1.00000E+00
  3.43125E-01  5.08150E-01  6.45445E-01  7.80310E-01  9.11950E-01       8.03920E-02  1.00000E+00
  2.14095E-01  3.11960E-01  3.96130E-01  4.83660E-01  5.98315E-01       4.39390E-02  9.59700E-01

 -9.52180E-01 -5.88365E-01 -7.36955E-03  5.79165E-01  9.48967E-01      -1.00000E+00  1.00000E+00
 -9.52262E-01 -5.84805E-01 -1.22238E-02  5.87808E-01  9.48468E-01      -1.00000E+00  1.00000E+00
 -9.50533E-01 -5.95925E-01  5.81225E-04  5.94100E-01  9.52147E-01      -1.00000E+00  1.00000E+00
 -9.50308E-01 -5.89112E-01  8.85281E-03  5.91678E-01  9.50265E-01      -1.00000E+00  1.00000E+00
 -9.50212E-01 -5.90720E-01 -9.06425E-04  5.83360E-01  9.49705E-01      -1.00000E+00  1.00000E+00
 -9.53607E-01 -6.10480E-01 -3.49491E-02  5.63285E-01  9.44728E-01      -1.00000E+00  1.00000E+00
 -9.53160E-01 -6.07125E-01 -2.32885E-02  5.72152E-01  9.51340E-01      -1.00000E+00  1.00000E+00
 -9.54775E-01 -5.99925E-01 -2.09855E-02  5.80738E-01  9.51540E-01      -1.00000E+00  1.00000E+00
 -9.49890E-01 -5.97425E-01 -2.43129E-02  5.71775E-01  9.48418E-01      -1.00000E+00  1.00000E+00
 -9.48422E-01 -5.94652E-01 -1.22128E-02  5.78785E-01  9.51890E-01      -1.00000E+00  1.00000E+00
 -9.69662E-01 -7.39120E-01 -2.29045E-01  4.67115E-01  9.36948E-01      -1.00000E+00  1.00000E+00
 -9.57805E-01 -6.60240E-01 -5.80190E-02  5.74860E-01  9.51232E-01      -1.00000E+00  1.00000E+00
 -9.54383E-01 -6.27780E-01 -1.61831E-02  5.95193E-01  9.52797E-01      -1.00000E+00  1.00000E+00
 -9.56665E-01 -6.30858E-01 -1.91148E-02  5.95777E-01  9.53405E-01      -1.00000E+00  1.00000E+00
 -9.54573E-01 -6.06533E-01  4.71775E-04  5.94917E-01  9.52572E-01      -1.00000E+00  1.00000E+00
 -2.34158E-01  6.92668E-02  4.33220E-01  7.86750E-01  9.75353E-01      -9.86620E-01  1.00000E+00
 -1.58664E-01  1.95058E-01  5.64283E-01  8.44280E-01  9.82657E-01      -9.97060E-01  1.00000E+00
 -1.22747E-01  2.36165E-01  5.68233E-01  8.44017E-01  9.82490E-01      -9.91340E-01  1.00000E+00
 -1.03065E-01  2.70392E-01  5.59682E-01  8.29988E-01  9.80445E-01      -9.99920E-01  1.00000E+00
 -2.00372E-01  2.15092E-01  5.45118E-01  8.07213E-01  9.76487E-01      -1.00000E+00  1.00000E+00
  6.29217E-01  7.80265E-01  8.81925E-01  9.58342E-01  9.95655E-01      -1.60930E-01  1.00000E+00
  6.59717E-01  8.12137E-01  9.01755E-01  9.66200E-01  9.96198E-01      -9.47590E-02  1.00000E+00
  6.91540E-01  8.33630E-01  9.12285E-01  9.66965E-01  9.96415E-01      -9.16500E-02  1.00000E+00
  7.38215E-01  8.67915E-01  9.37028E-01  9.77247E-01  9.97483E-01      -3.28180E-02  1.00000E+00
  8.04158E-01  9.08907E-01  9.58252E-01  9.85768E-01  9.98520E-01      -3.80470E-03  1.00000E+00


    2.   4.00   42.  95.94  2.00E+02  7.00E+01  8.10E-01  6.47E-01     5   0.00

  9.15520E+01  1.58420E+02  1.78350E+02  1.87630E+02  1.93240E+02       5.00040E-02  1.96940E+02

  4.92635E-01  6.69975E-01  7.86805E-01  8.82110E-01  9.63210E-01       1.18850E-01  1.00000E+00
  3.74745E-01  5.48885E-01  6.84020E-01  8.09675E-01  9.33205E-01       8.78290E-02  1.00000E+00
  3.17160E-01  4.79515E-01  6.24445E-01  7.74525E-01  9.17330E-01       7.92870E-02  1.00000E+00
  2.44640E-01  3.54545E-01  4.56895E-01  5.68940E-01  6.90520E-01       6.89620E-02  9.56900E-01
  1.56635E-01  2.18145E-01  2.72580E-01  3.30395E-01  4.07860E-01       3.32120E-02  7.09930E-01

 -9.51072E-01 -5.92280E-01 -1.57448E-03  5.82420E-01  9.49515E-01      -1.00000E+00  1.00000E+00
 -9.51582E-01 -5.85507E-01 -2.61900E-04  5.85423E-01  9.51017E-01      -1.00000E+00  1.00000E+00
 -9.53480E-01 -6.01228E-01 -1.63145E-02  5.80960E-01  9.50232E-01      -1.00000E+00  1.00000E+00
 -9.52030E-01 -5.89503E-01 -2.44858E-03  5.83992E-01  9.49755E-01      -1.00000E+00  1.00000E+00
 -9.50552E-01 -5.85545E-01  9.10670E-03  5.92565E-01  9.52322E-01      -1.00000E+00  1.00000E+00
 -9.72185E-01 -7.54520E-01 -3.28650E-01  3.47121E-01  9.13758E-01      -1.00000E+00  1.00000E+00
 -9.62258E-01 -6.83335E-01 -1.57718E-01  5.08687E-01  9.42898E-01      -1.00000E+00  1.00000E+00
 -9.56415E-01 -6.50645E-01 -7.60977E-02  5.58400E-01  9.47650E-01      -1.00000E+00  1.00000E+00
 -9.57332E-01 -6.53395E-01 -6.40485E-02  5.69123E-01  9.48848E-01      -1.00000E+00  1.00000E+00
 -9.57772E-01 -6.18325E-01 -2.31492E-02  5.88262E-01  9.51218E-01      -1.00000E+00  1.00000E+00
 -1.42539E-01  1.38553E-01  4.56523E-01  7.81563E-01  9.74125E-01      -9.70130E-01  1.00000E+00
 -9.98475E-02  2.05363E-01  5.46970E-01  8.35260E-01  9.81343E-01      -9.56840E-01  1.00000E+00
 -8.90425E-02  2.19121E-01  5.41115E-01  8.29412E-01  9.81275E-01      -9.61670E-01  1.00000E+00
 -1.04752E-01  2.26731E-01  4.90293E-01  7.92752E-01  9.76555E-01      -9.99820E-01  1.00000E+00
 -1.96525E-01  1.92913E-01  5.08198E-01  7.71620E-01  9.71095E-01      -1.00000E+00  1.00000E+00
  5.50907E-01  7.34622E-01  8.79107E-01  9.60210E-01  9.95912E-01      -1.28110E-01  1.00000E+00
  5.89398E-01  7.51622E-01  8.84365E-01  9.61660E-01  9.95918E-01      -1.71700E-01  1.00000E+00
  6.26640E-01  7.63840E-01  8.76977E-01  9.57703E-01  9.95443E-01      -7.25350E-04  1.00000E+00
  6.90485E-01  8.10980E-01  8.88970E-01  9.56252E-01  9.95053E-01       8.54360E-02  1.00000E+00
  8.06270E-01  9.03223E-01  9.53040E-01  9.82960E-01  9.98152E-01       1.64510E-01  1.00000E+00
  8.70005E-01  9.28670E-01  9.69835E-01  9.90615E-01  9.99078E-01       5.52250E-01  1.00000E+00
  8.77102E-01  9.36270E-01  9.69738E-01  9.90537E-01  9.99040E-01       5.63350E-01  1.00000E+00
  8.89800E-01  9.44025E-01  9.71533E-01  9.89725E-01  9.98857E-01       6.29960E-01  1.00000E+00
  9.10455E-01  9.56522E-01  9.79825E-01  9.92958E-01  9.99197E-01       5.93540E-01  1.00000E+00
  9.37550E-01  9.71065E-01  9.86858E-01  9.95583E-01  9.99518E-01       7.01020E-01  1.00000E+00


    2.   4.00   42.  95.94  2.00E+02  8.00E+01  9.65E-01  9.05E-01     5   0.00

  1.75680E+02  1.90340E+02  1.94270E+02  1.96160E+02  1.97250E+02       5.02000E-02  1.98500E+02

  3.07875E-01  4.88355E-01  6.50850E-01  8.03580E-01  9.32700E-01       6.63940E-02  1.00000E+00
  2.12370E-01  3.13770E-01  4.22060E-01  5.50100E-01  6.79400E-01       6.58190E-02  9.20140E-01
  1.83205E-01  2.57275E-01  3.24250E-01  3.91445E-01  4.56860E-01       5.36760E-02  6.57050E-01
  1.46810E-01  1.88920E-01  2.21625E-01  2.52810E-01  2.88815E-01       5.31560E-02  4.16310E-01
  8.82785E-02  1.10163E-01  1.27175E-01  1.44940E-01  1.69635E-01       1.78660E-02  2.59270E-01

 -4.46023E-01 -1.73895E-01  1.16540E-01  4.74085E-01  9.07475E-01      -1.00000E+00  1.00000E+00
 -4.45584E-01 -1.44280E-01  1.60635E-01  6.07567E-01  9.48795E-01      -1.00000E+00  1.00000E+00
 -4.49814E-01 -1.39580E-01  1.74967E-01  6.15308E-01  9.52917E-01      -1.00000E+00  1.00000E+00
 -4.49913E-01 -1.20007E-01  2.05175E-01  6.28070E-01  9.53695E-01      -1.00000E+00  1.00000E+00
 -5.66670E-01 -1.59837E-01  2.51995E-01  6.73720E-01  9.60257E-01      -1.00000E+00  1.00000E+00
  6.86658E-01  8.62427E-01  9.49863E-01  9.85455E-01  9.98512E-01       1.73070E-01  1.00000E+00
  6.90085E-01  8.32540E-01  9.32722E-01  9.79190E-01  9.97820E-01       1.19500E-01  1.00000E+00
  7.01377E-01  8.06285E-01  9.03230E-01  9.68145E-01  9.96677E-01       2.27230E-01  1.00000E+00
  7.53310E-01  8.41185E-01  9.00835E-01  9.59413E-01  9.95275E-01       2.99210E-01  1.00000E+00
  8.57052E-01  9.26965E-01  9.64357E-01  9.86723E-01  9.98417E-01       4.12450E-01  1.00000E+00
  8.74232E-01  9.32270E-01  9.72845E-01  9.92065E-01  9.99155E-01       6.59000E-01  1.00000E+00
  8.86308E-01  9.31123E-01  9.68382E-01  9.89832E-01  9.98943E-01       7.07230E-01  1.00000E+00
  9.03073E-01  9.37515E-01  9.64555E-01  9.87483E-01  9.98678E-01       7.38400E-01  1.00000E+00
  9.29723E-01  9.59095E-01  9.76273E-01  9.89602E-01  9.98730E-01       7.74620E-01  1.00000E+00
  9.60160E-01  9.80828E-01  9.91120E-01  9.96983E-01  9.99667E-01       7.93420E-01  1.00000E+00
  9.50578E-01  9.69290E-01  9.83405E-01  9.93928E-01  9.99323E-01       8.72190E-01  1.00000E+00
  9.61300E-01  9.77480E-01  9.88568E-01  9.95875E-01  9.99540E-01       8.90930E-01  1.00000E+00
  9.69102E-01  9.82445E-01  9.90897E-01  9.96708E-01  9.99635E-01       9.09300E-01  1.00000E+00
  9.76793E-01  9.88095E-01  9.93953E-01  9.97770E-01  9.99755E-01       9.19580E-01  1.00000E+00
  9.85918E-01  9.93525E-01  9.97088E-01  9.99007E-01  9.99890E-01       9.33250E-01  1.00000E+00
  9.86148E-01  9.93260E-01  9.96792E-01  9.98873E-01  9.99872E-01       9.41640E-01  1.00000E+00
  9.87765E-01  9.94358E-01  9.97457E-01  9.99143E-01  9.99910E-01       9.55910E-01  1.00000E+00
  9.89095E-01  9.94995E-01  9.97753E-01  9.99255E-01  9.99918E-01       9.55470E-01  1.00000E+00
  9.90620E-01  9.95830E-01  9.98120E-01  9.99372E-01  9.99933E-01       9.68480E-01  1.00000E+00
  9.93423E-01  9.97093E-01  9.98723E-01  9.99578E-01  9.99953E-01       9.71900E-01  1.00000E+00


    2.   4.00   42.  95.94  2.00E+02  8.50E+01  1.00E+00  9.87E-01     5   0.00

  1.96180E+02  1.97500E+02  1.97970E+02  1.98280E+02  1.98590E+02       9.59620E-02  1.99170E+02

  2.13355E-01  2.83960E-01  3.28550E-01  3.85420E-01  5.02515E-01       6.05540E-02  9.99970E-01
  1.31885E-01  1.58850E-01  1.77825E-01  1.96005E-01  2.18900E-01       5.19600E-02  2.92700E-01
  9.72445E-02  1.13975E-01  1.26435E-01  1.39110E-01  1.56710E-01       4.62140E-02  2.09960E-01
  7.33610E-02  8.46615E-02  9.33440E-02  1.02710E-01  1.16675E-01       3.69050E-02  1.62500E-01
  4.68660E-02  5.56225E-02  6.22275E-02  6.92455E-02  8.00085E-02       1.06800E-02  1.24460E-01

  9.13255E-01  9.58033E-01  9.74760E-01  9.89590E-01  9.98810E-01      -1.00000E+00  1.00000E+00
  9.38945E-01  9.74398E-01  9.86315E-01  9.93897E-01  9.99115E-01      -1.00000E+00  1.00000E+00
  9.42775E-01  9.80795E-01  9.91903E-01  9.97327E-01  9.99705E-01      -9.99890E-01  1.00000E+00
  9.07560E-01  9.72403E-01  9.89313E-01  9.96620E-01  9.99652E-01      -1.00000E+00  1.00000E+00
  6.28777E-01  9.00998E-01  9.64860E-01  9.89513E-01  9.98933E-01      -1.00000E+00  1.00000E+00
  9.84318E-01  9.91923E-01  9.95968E-01  9.98538E-01  9.99830E-01       9.52050E-01  1.00000E+00
  9.87992E-01  9.94197E-01  9.97305E-01  9.99077E-01  9.99895E-01       9.62530E-01  1.00000E+00
  9.90152E-01  9.95402E-01  9.97900E-01  9.99285E-01  9.99925E-01       9.69050E-01  1.00000E+00
  9.92155E-01  9.96392E-01  9.98378E-01  9.99443E-01  9.99940E-01       9.69440E-01  1.00000E+00
  9.94760E-01  9.97700E-01  9.98980E-01  9.99653E-01  9.99965E-01       9.78790E-01  1.00000E+00
  9.93008E-01  9.96808E-01  9.98538E-01  9.99498E-01  9.99945E-01       9.73510E-01  1.00000E+00
  9.94498E-01  9.97602E-01  9.98938E-01  9.99645E-01  9.99963E-01       9.78330E-01  1.00000E+00
  9.95078E-01  9.97898E-01  9.99088E-01  9.99695E-01  9.99968E-01       9.80580E-01  1.00000E+00
  9.95745E-01  9.98170E-01  9.99210E-01  9.99740E-01  9.99975E-01       9.85260E-01  1.00000E+00
  9.96907E-01  9.98670E-01  9.99422E-01  9.99810E-01  9.99977E-01       9.87380E-01  1.00000E+00
  9.96545E-01  9.98545E-01  9.99373E-01  9.99792E-01  9.99977E-01       9.83090E-01  1.00000E+00
  9.97140E-01  9.98815E-01  9.99487E-01  9.99833E-01  9.99982E-01       9.86600E-01  1.00000E+00
  9.97352E-01  9.98920E-01  9.99540E-01  9.99850E-01  9.99985E-01       9.86710E-01  1.00000E+00
  9.97563E-01  9.98995E-01  9.99572E-01  9.99862E-01  9.99985E-01       9.88710E-01  1.00000E+00
  9.98005E-01  9.99167E-01  9.99642E-01  9.99883E-01  9.99988E-01       9.90370E-01  1.00000E+00
  9.98675E-01  9.99475E-01  9.99777E-01  9.99930E-01  9.99995E-01       9.91010E-01  1.00000E+00
  9.98695E-01  9.99488E-01  9.99783E-01  9.99930E-01  9.99990E-01       9.91380E-01  1.00000E+00
  9.98692E-01  9.99485E-01  9.99783E-01  9.99930E-01  9.99990E-01       9.90980E-01  1.00000E+00
  9.98707E-01  9.99482E-01  9.99780E-01  9.99927E-01  9.99990E-01       9.92420E-01  1.00000E+00
  9.98813E-01  9.99520E-01  9.99795E-01  9.99935E-01  9.99990E-01       9.93440E-01  1.00000E+00


    2.   4.00   42.  95.94  5.00E+02  0.00E+00  4.58E-01  2.44E-01     5   0.00

  7.82870E+01  2.01380E+02  2.88630E+02  3.55520E+02  4.12110E+02       5.00650E-02  4.54700E+02

  5.12165E-01  6.88390E-01  8.01600E-01  8.91280E-01  9.66830E-01       1.13970E-01  1.00000E+00
  4.56925E-01  6.47660E-01  7.73640E-01  8.75190E-01  9.61080E-01       9.49470E-02  1.00000E+00
  4.37540E-01  6.32400E-01  7.62260E-01  8.67375E-01  9.58525E-01       8.78210E-02  1.00000E+00
  4.25265E-01  6.20505E-01  7.52100E-01  8.61100E-01  9.56160E-01       8.57930E-02  1.00000E+00
  3.39835E-01  5.14805E-01  6.48735E-01  7.73630E-01  9.09675E-01       6.49100E-02  1.00000E+00

 -9.50225E-01 -5.89853E-01 -4.57743E-03  5.83313E-01  9.49960E-01      -1.00000E+00  1.00000E+00
 -9.49313E-01 -5.90510E-01 -1.18550E-04  5.87832E-01  9.49947E-01      -1.00000E+00  1.00000E+00
 -9.50285E-01 -5.78440E-01  4.81063E-03  5.84503E-01  9.50002E-01      -1.00000E+00  1.00000E+00
 -9.52497E-01 -5.83325E-01 -3.53145E-03  5.90725E-01  9.52960E-01      -1.00000E+00  1.00000E+00
 -9.52000E-01 -5.90148E-01  7.24350E-04  5.89200E-01  9.50777E-01      -1.00000E+00  1.00000E+00
 -9.53662E-01 -5.93725E-01 -8.68445E-03  5.91638E-01  9.51178E-01      -1.00000E+00  1.00000E+00
 -9.48065E-01 -5.86965E-01  3.45534E-03  5.88538E-01  9.51483E-01      -1.00000E+00  1.00000E+00
 -9.48220E-01 -5.83865E-01  1.73748E-03  5.79758E-01  9.49313E-01      -1.00000E+00  1.00000E+00
 -9.50965E-01 -5.90575E-01 -3.98265E-03  5.77848E-01  9.50080E-01      -1.00000E+00  1.00000E+00
 -9.50743E-01 -5.82960E-01  9.06929E-03  5.94802E-01  9.52545E-01      -1.00000E+00  1.00000E+00
 -9.50990E-01 -5.95025E-01 -1.00048E-02  5.81695E-01  9.48468E-01      -1.00000E+00  1.00000E+00
 -9.49653E-01 -5.85993E-01 -3.95625E-03  5.82955E-01  9.49465E-01      -1.00000E+00  1.00000E+00
 -9.51912E-01 -5.82567E-01  8.15565E-03  5.96683E-01  9.50338E-01      -1.00000E+00  1.00000E+00
 -9.51627E-01 -5.90747E-01 -1.09888E-02  5.85987E-01  9.50670E-01      -1.00000E+00  1.00000E+00
 -9.50963E-01 -5.76340E-01  8.29488E-03  5.90805E-01  9.51470E-01      -1.00000E+00  1.00000E+00
 -9.48813E-01 -5.84650E-01  9.07081E-04  5.81375E-01  9.50050E-01      -1.00000E+00  1.00000E+00
 -9.49122E-01 -5.92297E-01 -4.41874E-03  5.96435E-01  9.52228E-01      -1.00000E+00  1.00000E+00
 -9.49892E-01 -5.84803E-01 -3.88880E-03  5.94633E-01  9.52487E-01      -1.00000E+00  1.00000E+00
 -9.50442E-01 -5.87905E-01  3.75302E-03  5.84387E-01  9.52913E-01      -1.00000E+00  1.00000E+00
 -9.53095E-01 -6.03608E-01 -1.33720E-02  5.79508E-01  9.49397E-01      -1.00000E+00  1.00000E+00
 -9.51497E-01 -5.76655E-01  3.79175E-04  5.86707E-01  9.48592E-01      -1.00000E+00  1.00000E+00
 -9.49107E-01 -5.84830E-01  4.50356E-03  5.93720E-01  9.50980E-01      -1.00000E+00  1.00000E+00
 -9.50138E-01 -5.83795E-01 -5.54505E-03  5.86560E-01  9.50923E-01      -1.00000E+00  1.00000E+00
 -9.53135E-01 -5.95430E-01  6.64855E-03  5.83607E-01  9.50918E-01      -1.00000E+00  1.00000E+00
 -9.50937E-01 -5.86030E-01  2.12960E-03  5.85657E-01  9.50453E-01      -1.00000E+00  1.00000E+00


    2.   4.00   42.  95.94  5.00E+02  3.00E+01  5.02E-01  2.82E-01     5   0.00

  8.77470E+01  2.18180E+02  3.06720E+02  3.71300E+02  4.23280E+02       5.00270E-02  4.71330E+02

  5.06170E-01  6.84400E-01  7.99290E-01  8.89775E-01  9.66080E-01       9.11620E-02  1.00000E+00
  4.51505E-01  6.42965E-01  7.70480E-01  8.72800E-01  9.60380E-01       9.27280E-02  1.00000E+00
  4.29435E-01  6.25680E-01  7.57795E-01  8.64785E-01  9.57205E-01       9.59120E-02  1.00000E+00
  4.12510E-01  6.05940E-01  7.39695E-01  8.51720E-01  9.52590E-01       7.85580E-02  1.00000E+00
  3.15455E-01  4.79345E-01  6.09125E-01  7.36725E-01  8.82275E-01       5.86520E-02  1.00000E+00

 -9.51420E-01 -5.89060E-01 -3.69505E-03  5.85755E-01  9.50705E-01      -1.00000E+00  1.00000E+00
 -9.51207E-01 -5.84037E-01  5.36613E-03  5.87133E-01  9.51605E-01      -1.00000E+00  1.00000E+00
 -9.51107E-01 -5.88507E-01 -7.91795E-03  5.78792E-01  9.51540E-01      -1.00000E+00  1.00000E+00
 -9.52037E-01 -5.91503E-01 -2.82475E-04  5.91963E-01  9.52360E-01      -1.00000E+00  1.00000E+00
 -9.49802E-01 -5.91222E-01 -1.02307E-02  5.85905E-01  9.49850E-01      -1.00000E+00  1.00000E+00
 -9.50870E-01 -5.92422E-01 -8.73995E-03  5.81035E-01  9.50907E-01      -1.00000E+00  1.00000E+00
 -9.52330E-01 -5.95605E-01 -1.36353E-02  5.78512E-01  9.49582E-01      -1.00000E+00  1.00000E+00
 -9.51042E-01 -5.89240E-01  2.76500E-04  5.91333E-01  9.50845E-01      -1.00000E+00  1.00000E+00
 -9.49388E-01 -5.83813E-01  6.68550E-03  5.86932E-01  9.51180E-01      -1.00000E+00  1.00000E+00
 -9.49060E-01 -5.81845E-01 -2.88415E-03  5.90658E-01  9.53253E-01      -1.00000E+00  1.00000E+00
 -9.51412E-01 -5.89255E-01 -6.19172E-03  5.80370E-01  9.52825E-01      -1.00000E+00  1.00000E+00
 -9.49695E-01 -5.85128E-01  1.14271E-02  5.95565E-01  9.53220E-01      -1.00000E+00  1.00000E+00
 -9.50802E-01 -5.87218E-01 -5.67475E-03  5.83330E-01  9.48793E-01      -1.00000E+00  1.00000E+00
 -9.50867E-01 -5.86030E-01 -5.13325E-04  5.88243E-01  9.49890E-01      -1.00000E+00  1.00000E+00
 -9.50865E-01 -5.86660E-01  3.10880E-03  5.92200E-01  9.50745E-01      -1.00000E+00  1.00000E+00
 -9.46897E-01 -5.51317E-01  6.63697E-02  6.30090E-01  9.57410E-01      -1.00000E+00  1.00000E+00
 -9.45405E-01 -5.54978E-01  6.01483E-02  6.23380E-01  9.57388E-01      -1.00000E+00  1.00000E+00
 -9.46760E-01 -5.62033E-01  4.24035E-02  6.21622E-01  9.55690E-01      -1.00000E+00  1.00000E+00
 -9.47765E-01 -5.61202E-01  3.68735E-02  6.13028E-01  9.53925E-01      -1.00000E+00  1.00000E+00
 -9.48648E-01 -5.75533E-01  2.76058E-02  6.07840E-01  9.51542E-01      -1.00000E+00  1.00000E+00
 -7.19668E-01 -6.16225E-02  4.52795E-01  8.04065E-01  9.77450E-01      -1.00000E+00  1.00000E+00
 -6.47057E-01 -5.16375E-02  4.54997E-01  8.06235E-01  9.78152E-01      -1.00000E+00  1.00000E+00
 -5.69110E-01 -2.30225E-02  4.59593E-01  8.07042E-01  9.79033E-01      -1.00000E+00  1.00000E+00
 -5.23084E-01 -9.47500E-03  4.38610E-01  7.88743E-01  9.75755E-01      -1.00000E+00  1.00000E+00
 -4.53181E-01 -7.28750E-03  4.14933E-01  7.71665E-01  9.73975E-01      -1.00000E+00  1.00000E+00


    2.   4.00   42.  95.94  5.00E+02  4.50E+01  5.59E-01  3.37E-01     5   0.00

  1.02750E+02  2.44420E+02  3.32590E+02  3.92550E+02  4.39290E+02       5.00300E-02  4.80210E+02

  4.99105E-01  6.80075E-01  7.96380E-01  8.88105E-01  9.65630E-01       1.05410E-01  1.00000E+00
  4.42830E-01  6.35505E-01  7.63790E-01  8.68755E-01  9.58595E-01       8.24160E-02  1.00000E+00
  4.16490E-01  6.09970E-01  7.44180E-01  8.56015E-01  9.53805E-01       8.47270E-02  1.00000E+00
  3.89825E-01  5.76830E-01  7.11875E-01  8.31765E-01  9.44820E-01       7.32930E-02  1.00000E+00
  2.74710E-01  4.26830E-01  5.53425E-01  6.83275E-01  8.36610E-01       4.41120E-02  1.00000E+00

 -9.48885E-01 -5.81815E-01  9.46681E-03  5.91307E-01  9.51883E-01      -1.00000E+00  1.00000E+00
 -9.51327E-01 -5.85750E-01  1.30551E-03  5.90842E-01  9.50243E-01      -1.00000E+00  1.00000E+00
 -9.50667E-01 -5.87080E-01  1.41364E-02  5.90925E-01  9.51237E-01      -1.00000E+00  1.00000E+00
 -9.51475E-01 -5.85823E-01  5.73312E-03  5.94448E-01  9.51520E-01      -1.00000E+00  1.00000E+00
 -9.49738E-01 -5.80260E-01  1.29468E-02  5.94475E-01  9.52588E-01      -1.00000E+00  1.00000E+00
 -9.49195E-01 -5.84027E-01  1.01650E-03  5.93058E-01  9.51565E-01      -1.00000E+00  1.00000E+00
 -9.49315E-01 -5.74965E-01  1.32461E-02  6.00535E-01  9.51905E-01      -1.00000E+00  1.00000E+00
 -9.52313E-01 -5.90932E-01 -2.27665E-03  5.92185E-01  9.51570E-01      -1.00000E+00  1.00000E+00
 -9.52375E-01 -5.89442E-01 -5.76880E-03  5.89735E-01  9.48720E-01      -1.00000E+00  1.00000E+00
 -9.52780E-01 -5.87788E-01  5.94096E-03  5.90747E-01  9.51793E-01      -1.00000E+00  1.00000E+00
 -9.49380E-01 -5.71928E-01  1.58350E-02  5.98430E-01  9.53835E-01      -1.00000E+00  1.00000E+00
 -9.49928E-01 -5.82040E-01  4.87025E-03  5.82390E-01  9.51095E-01      -1.00000E+00  1.00000E+00
 -9.49948E-01 -5.75078E-01  1.68420E-02  6.00960E-01  9.51712E-01      -1.00000E+00  1.00000E+00
 -9.49465E-01 -5.72740E-01  1.56372E-02  5.95952E-01  9.52318E-01      -1.00000E+00  1.00000E+00
 -9.50627E-01 -5.88867E-01  1.49936E-02  5.99177E-01  9.54900E-01      -1.00000E+00  1.00000E+00
 -9.38673E-01 -4.92212E-01  1.46236E-01  6.83480E-01  9.63930E-01      -1.00000E+00  1.00000E+00
 -9.38653E-01 -4.81552E-01  1.58771E-01  6.81195E-01  9.63640E-01      -1.00000E+00  1.00000E+00
 -9.38330E-01 -4.97085E-01  1.43534E-01  6.76652E-01  9.62495E-01      -1.00000E+00  1.00000E+00
 -9.42252E-01 -5.15327E-01  1.08351E-01  6.48675E-01  9.58555E-01      -1.00000E+00  1.00000E+00
 -9.43107E-01 -5.35000E-01  7.23390E-02  6.30320E-01  9.56613E-01      -1.00000E+00  1.00000E+00
 -2.09902E-01  2.61602E-01  6.29445E-01  8.77133E-01  9.87685E-01      -1.00000E+00  1.00000E+00
 -1.16970E-01  3.61442E-01  6.88033E-01  8.93585E-01  9.88595E-01      -1.00000E+00  1.00000E+00
 -6.77800E-02  4.04984E-01  7.07230E-01  8.97610E-01  9.88600E-01      -9.99980E-01  1.00000E+00
 -6.84500E-02  4.10068E-01  6.93655E-01  8.91470E-01  9.88490E-01      -1.00000E+00  1.00000E+00
 -1.37178E-01  3.62562E-01  6.84967E-01  8.85363E-01  9.87705E-01      -1.00000E+00  1.00000E+00


    2.   4.00   42.  95.94  5.00E+02  6.00E+01  6.46E-01  4.32E-01     5   0.00

  1.32490E+02  2.89450E+02  3.73850E+02  4.23970E+02  4.62640E+02       5.01020E-02  4.87720E+02

  4.86595E-01  6.69195E-01  7.89060E-01  8.83730E-01  9.64050E-01       1.00260E-01  1.00000E+00
  4.26145E-01  6.18455E-01  7.51410E-01  8.60250E-01  9.55765E-01       7.25680E-02  1.00000E+00
  3.85015E-01  5.70840E-01  7.08295E-01  8.29250E-01  9.43395E-01       7.41090E-02  1.00000E+00
  3.32820E-01  5.06495E-01  6.48340E-01  7.87165E-01  9.29060E-01       6.22140E-02  1.00000E+00
  2.16255E-01  3.30845E-01  4.33865E-01  5.47915E-01  6.96020E-01       4.20770E-02  9.99640E-01

 -9.51580E-01 -5.91920E-01  5.92680E-03  5.84635E-01  9.51255E-01      -1.00000E+00  1.00000E+00
 -9.49547E-01 -5.83240E-01  9.27075E-04  5.88610E-01  9.48767E-01      -1.00000E+00  1.00000E+00
 -9.50667E-01 -5.84510E-01  8.17159E-03  5.87165E-01  9.49950E-01      -1.00000E+00  1.00000E+00
 -9.51520E-01 -5.89280E-01 -3.56172E-03  5.87225E-01  9.49585E-01      -1.00000E+00  1.00000E+00
 -9.50568E-01 -5.86692E-01 -6.04772E-03  5.88325E-01  9.51380E-01      -1.00000E+00  1.00000E+00
 -9.54063E-01 -5.96580E-01 -9.70905E-03  5.79570E-01  9.49723E-01      -1.00000E+00  1.00000E+00
 -9.50270E-01 -5.88143E-01  1.34274E-03  5.88503E-01  9.51890E-01      -1.00000E+00  1.00000E+00
 -9.47987E-01 -5.79112E-01  3.27400E-03  5.92207E-01  9.50862E-01      -1.00000E+00  1.00000E+00
 -9.49163E-01 -5.81720E-01  1.30642E-02  6.00973E-01  9.52295E-01      -1.00000E+00  1.00000E+00
 -9.51952E-01 -5.91635E-01 -1.49758E-02  5.83825E-01  9.51185E-01      -1.00000E+00  1.00000E+00
 -9.50038E-01 -5.57300E-01  5.96446E-02  6.32607E-01  9.57973E-01      -1.00000E+00  1.00000E+00
 -9.45855E-01 -5.44415E-01  8.85095E-02  6.43537E-01  9.57708E-01      -1.00000E+00  1.00000E+00
 -9.45113E-01 -5.38412E-01  7.96463E-02  6.38195E-01  9.59310E-01      -1.00000E+00  1.00000E+00
 -9.43935E-01 -5.30850E-01  8.19695E-02  6.37955E-01  9.58810E-01      -1.00000E+00  1.00000E+00
 -9.43730E-01 -5.54693E-01  4.37646E-02  6.16755E-01  9.56728E-01      -1.00000E+00  1.00000E+00
 -6.42683E-01 -1.57845E-01  4.12440E-01  7.99453E-01  9.78280E-01      -1.00000E+00  1.00000E+00
 -5.89753E-01 -4.82725E-02  4.82048E-01  8.19863E-01  9.80303E-01      -1.00000E+00  1.00000E+00
 -5.76022E-01 -5.58450E-02  4.67055E-01  8.11782E-01  9.79478E-01      -1.00000E+00  1.00000E+00
 -6.09810E-01 -1.01758E-01  4.17708E-01  7.93872E-01  9.76570E-01      -1.00000E+00  1.00000E+00
 -7.87718E-01 -2.56248E-01  2.94278E-01  7.32845E-01  9.69325E-01      -1.00000E+00  1.00000E+00
  4.57425E-01  6.95980E-01  8.59720E-01  9.53357E-01  9.95080E-01      -6.83360E-01  1.00000E+00
  4.86797E-01  7.32792E-01  8.80458E-01  9.61372E-01  9.95767E-01      -5.97730E-01  1.00000E+00
  5.16775E-01  7.48785E-01  8.79032E-01  9.58345E-01  9.95435E-01      -5.81200E-01  1.00000E+00
  5.52670E-01  7.73350E-01  8.89278E-01  9.59995E-01  9.95465E-01      -6.54850E-01  1.00000E+00
  6.29115E-01  8.21130E-01  9.18502E-01  9.72288E-01  9.97087E-01      -9.98520E-01  1.00000E+00


    2.   4.00   42.  95.94  5.00E+02  7.00E+01  7.33E-01  5.45E-01     5   0.00

  1.77710E+02  3.45850E+02  4.17990E+02  4.55410E+02  4.78640E+02       5.00290E-02  4.91740E+02

  4.69940E-01  6.56750E-01  7.79345E-01  8.78175E-01  9.62025E-01       8.38410E-02  1.00000E+00
  3.92095E-01  5.79695E-01  7.16670E-01  8.35960E-01  9.46455E-01       7.32590E-02  1.00000E+00
  3.17420E-01  4.90215E-01  6.34305E-01  7.77530E-01  9.24550E-01       6.52560E-02  1.00000E+00
  2.57045E-01  3.94850E-01  5.23270E-01  6.68025E-01  8.36540E-01       6.02380E-02  9.99990E-01
  1.52025E-01  2.26215E-01  2.98085E-01  3.82550E-01  4.97160E-01       3.02890E-02  8.82680E-01

 -9.51202E-01 -5.83930E-01 -3.64640E-03  5.90537E-01  9.50427E-01      -1.00000E+00  1.00000E+00
 -9.51995E-01 -5.85313E-01  1.00010E-02  5.91573E-01  9.50697E-01      -1.00000E+00  1.00000E+00
 -9.49803E-01 -5.80790E-01  3.75510E-03  5.85355E-01  9.50455E-01      -1.00000E+00  1.00000E+00
 -9.50928E-01 -5.90885E-01 -4.95395E-03  5.85897E-01  9.51533E-01      -1.00000E+00  1.00000E+00
 -9.49370E-01 -5.88105E-01  1.63283E-03  5.94468E-01  9.53080E-01      -1.00000E+00  1.00000E+00
 -9.51110E-01 -5.92838E-01  1.58350E-03  6.00160E-01  9.54153E-01      -1.00000E+00  1.00000E+00
 -9.52488E-01 -5.75595E-01  2.76930E-02  6.10078E-01  9.55635E-01      -1.00000E+00  1.00000E+00
 -9.49638E-01 -5.75653E-01  1.38695E-02  5.96340E-01  9.51502E-01      -1.00000E+00  1.00000E+00
 -9.50325E-01 -5.77625E-01  2.35436E-02  6.01110E-01  9.52625E-01      -1.00000E+00  1.00000E+00
 -9.50090E-01 -5.82507E-01  1.07765E-02  5.92400E-01  9.52540E-01      -1.00000E+00  1.00000E+00
 -7.61790E-01 -3.60295E-01  2.24613E-01  7.15768E-01  9.68835E-01      -1.00000E+00  1.00000E+00
 -7.28083E-01 -2.02563E-01  3.79345E-01  7.79950E-01  9.76007E-01      -1.00000E+00  1.00000E+00
 -7.64310E-01 -2.36733E-01  3.67993E-01  7.76355E-01  9.75257E-01      -1.00000E+00  1.00000E+00
 -8.36635E-01 -3.10545E-01  3.02828E-01  7.53907E-01  9.72905E-01      -1.00000E+00  1.00000E+00
 -9.20955E-01 -4.77722E-01  1.08025E-01  6.57335E-01  9.60217E-01      -1.00000E+00  1.00000E+00
  2.06110E-01  5.31173E-01  7.90635E-01  9.34527E-01  9.93193E-01      -7.87920E-01  1.00000E+00
  2.51364E-01  5.87820E-01  8.17917E-01  9.40597E-01  9.93827E-01      -7.07200E-01  1.00000E+00
  2.70841E-01  5.68723E-01  7.98840E-01  9.33428E-01  9.93038E-01      -6.97130E-01  1.00000E+00
  3.00300E-01  5.73130E-01  7.75633E-01  9.23453E-01  9.91535E-01      -7.28390E-01  1.00000E+00
  3.60722E-01  6.49193E-01  8.13998E-01  9.29967E-01  9.92202E-01      -1.00000E+00  1.00000E+00
  7.98312E-01  9.05735E-01  9.62568E-01  9.88570E-01  9.98843E-01       2.60490E-01  1.00000E+00
  7.99038E-01  9.03293E-01  9.58867E-01  9.86980E-01  9.98633E-01       1.72600E-01  1.00000E+00
  8.07473E-01  9.02383E-01  9.54653E-01  9.84860E-01  9.98435E-01       3.10380E-01  1.00000E+00
  8.28812E-01  9.15515E-01  9.58533E-01  9.85353E-01  9.98375E-01       3.40900E-01  1.00000E+00
  8.77498E-01  9.42497E-01  9.74147E-01  9.91212E-01  9.99053E-01       4.11130E-01  1.00000E+00


    2.   4.00   42.  95.94  5.00E+02  8.00E+01  8.97E-01  7.95E-01     5   0.00

  3.46700E+02  4.58380E+02  4.77440E+02  4.85740E+02  4.91100E+02       5.00930E-02  4.95460E+02

  3.69650E-01  5.54700E-01  6.93110E-01  8.17295E-01  9.37550E-01       6.11230E-02  1.00000E+00
  2.21540E-01  3.58530E-01  5.07190E-01  6.82565E-01  8.67020E-01       5.56280E-02  1.00000E+00
  1.58150E-01  2.31675E-01  3.17240E-01  4.36915E-01  6.00820E-01       5.71620E-02  8.63780E-01
  1.33680E-01  1.88040E-01  2.45100E-01  3.16995E-01  4.07450E-01       4.75130E-02  6.34380E-01
  8.65890E-02  1.13890E-01  1.39615E-01  1.71130E-01  2.18510E-01       2.37840E-02  3.75400E-01

 -9.57715E-01 -6.49637E-01 -1.40174E-01  4.95185E-01  9.40298E-01      -1.00000E+00  1.00000E+00
 -9.49137E-01 -6.04977E-01 -1.01817E-02  5.99432E-01  9.52808E-01      -1.00000E+00  1.00000E+00
 -9.48533E-01 -5.95575E-01  1.70526E-02  6.13875E-01  9.54865E-01      -1.00000E+00  1.00000E+00
 -9.54455E-01 -6.08045E-01  8.69242E-03  6.09390E-01  9.54885E-01      -1.00000E+00  1.00000E+00
 -9.53945E-01 -5.88687E-01  1.65462E-02  6.05350E-01  9.52927E-01      -1.00000E+00  1.00000E+00
  1.59565E-01  4.69557E-01  7.17725E-01  9.02290E-01  9.89810E-01      -9.18560E-01  1.00000E+00
  1.63035E-01  4.83322E-01  7.49085E-01  9.18838E-01  9.91740E-01      -8.98860E-01  1.00000E+00
  1.37275E-01  4.36410E-01  6.92590E-01  8.95908E-01  9.88935E-01      -8.93380E-01  1.00000E+00
  9.72200E-02  4.14270E-01  6.27295E-01  8.46325E-01  9.82533E-01      -9.78100E-01  1.00000E+00
 -3.63225E-02  3.75196E-01  6.62115E-01  8.54013E-01  9.81570E-01      -1.00000E+00  1.00000E+00
  7.85910E-01  9.33998E-01  9.77295E-01  9.93487E-01  9.99330E-01       2.26380E-01  1.00000E+00
  7.72537E-01  9.17750E-01  9.70158E-01  9.91178E-01  9.99123E-01       2.97550E-01  1.00000E+00
  7.56030E-01  8.87343E-01  9.55380E-01  9.86195E-01  9.98557E-01       3.13660E-01  1.00000E+00
  7.72300E-01  8.61807E-01  9.33785E-01  9.78432E-01  9.97813E-01       3.52990E-01  1.00000E+00
  8.63960E-01  9.24123E-01  9.59518E-01  9.84515E-01  9.98260E-01       5.42500E-01  1.00000E+00
  9.06602E-01  9.67060E-01  9.88200E-01  9.96463E-01  9.99637E-01       7.26900E-01  1.00000E+00
  9.04685E-01  9.62455E-01  9.85537E-01  9.95595E-01  9.99555E-01       7.11300E-01  1.00000E+00
  9.05045E-01  9.53960E-01  9.81217E-01  9.94142E-01  9.99393E-01       7.25530E-01  1.00000E+00
  9.18015E-01  9.53955E-01  9.77637E-01  9.92525E-01  9.99200E-01       7.39480E-01  1.00000E+00
  9.51525E-01  9.76063E-01  9.88420E-01  9.95907E-01  9.99543E-01       7.98540E-01  1.00000E+00
  9.77775E-01  9.91053E-01  9.96298E-01  9.98815E-01  9.99875E-01       8.94920E-01  1.00000E+00
  9.77298E-01  9.90680E-01  9.96147E-01  9.98755E-01  9.99870E-01       9.02200E-01  1.00000E+00
  9.77187E-01  9.90107E-01  9.95840E-01  9.98645E-01  9.99862E-01       9.04740E-01  1.00000E+00
  9.78355E-01  9.90215E-01  9.95670E-01  9.98575E-01  9.99845E-01       9.17350E-01  1.00000E+00
  9.83912E-01  9.92940E-01  9.96847E-01  9.98933E-01  9.99888E-01       9.35980E-01  1.00000E+00


    2.   4.00   42.  95.94  5.00E+02  8.50E+01  9.96E-01  9.75E-01     5   0.00

  4.83760E+02  4.91240E+02  4.92990E+02  4.94090E+02  4.95150E+02       7.78800E-02  4.97200E+02

  1.56030E-01  2.58025E-01  3.80670E-01  4.90940E-01  6.37510E-01       4.69180E-02  9.99970E-01
  1.19100E-01  1.55950E-01  1.88805E-01  2.26270E-01  2.77740E-01       4.99570E-02  4.23740E-01
  8.87555E-02  1.08905E-01  1.26760E-01  1.49005E-01  1.86905E-01       3.74820E-02  2.93770E-01
  6.81840E-02  8.17055E-02  9.38835E-02  1.09330E-01  1.37795E-01       3.34880E-02  2.24990E-01
  4.67050E-02  5.64355E-02  6.50400E-02  7.58405E-02  9.59735E-02       1.28760E-02  1.75890E-01

  7.60000E-01  9.37885E-01  9.83498E-01  9.95840E-01  9.99607E-01      -1.00000E+00  1.00000E+00
  6.16745E-01  8.74688E-01  9.44547E-01  9.84845E-01  9.98600E-01      -1.00000E+00  1.00000E+00
  5.51318E-01  8.66895E-01  9.33425E-01  9.69815E-01  9.96115E-01      -1.00000E+00  1.00000E+00
  5.38629E-01  8.88350E-01  9.58850E-01  9.86942E-01  9.98563E-01      -1.00000E+00  1.00000E+00
  1.76538E-01  6.46785E-01  8.65227E-01  9.59873E-01  9.95710E-01      -1.00000E+00  1.00000E+00
  9.74310E-01  9.89170E-01  9.95375E-01  9.98487E-01  9.99842E-01       8.99310E-01  1.00000E+00
  9.76383E-01  9.90305E-01  9.95862E-01  9.98640E-01  9.99857E-01       9.08120E-01  1.00000E+00
  9.76578E-01  9.89900E-01  9.95692E-01  9.98592E-01  9.99850E-01       9.10690E-01  1.00000E+00
  9.78540E-01  9.90182E-01  9.95688E-01  9.98540E-01  9.99845E-01       9.22090E-01  1.00000E+00
  9.85345E-01  9.93347E-01  9.97048E-01  9.99020E-01  9.99890E-01       9.37070E-01  1.00000E+00
  9.91703E-01  9.96708E-01  9.98582E-01  9.99528E-01  9.99950E-01       9.52190E-01  1.00000E+00
  9.92265E-01  9.97070E-01  9.98785E-01  9.99605E-01  9.99958E-01       9.56630E-01  1.00000E+00
  9.91992E-01  9.96988E-01  9.98762E-01  9.99607E-01  9.99960E-01       9.55260E-01  1.00000E+00
  9.91115E-01  9.96568E-01  9.98570E-01  9.99543E-01  9.99953E-01       9.59590E-01  1.00000E+00
  9.92013E-01  9.96638E-01  9.98537E-01  9.99518E-01  9.99950E-01       9.65050E-01  1.00000E+00
  9.96337E-01  9.98562E-01  9.99387E-01  9.99798E-01  9.99975E-01       9.69550E-01  1.00000E+00
  9.96360E-01  9.98645E-01  9.99440E-01  9.99820E-01  9.99980E-01       9.70920E-01  1.00000E+00
  9.96040E-01  9.98535E-01  9.99400E-01  9.99805E-01  9.99980E-01       9.72890E-01  1.00000E+00
  9.95443E-01  9.98298E-01  9.99297E-01  9.99775E-01  9.99975E-01       9.73840E-01  1.00000E+00
  9.95237E-01  9.98065E-01  9.99178E-01  9.99730E-01  9.99975E-01       9.79560E-01  1.00000E+00
  9.98617E-01  9.99475E-01  9.99780E-01  9.99928E-01  9.99992E-01       9.81860E-01  1.00000E+00
  9.98377E-01  9.99390E-01  9.99745E-01  9.99918E-01  9.99990E-01       9.84330E-01  1.00000E+00
  9.98142E-01  9.99300E-01  9.99710E-01  9.99907E-01  9.99990E-01       9.82710E-01  1.00000E+00
  9.97803E-01  9.99170E-01  9.99657E-01  9.99890E-01  9.99988E-01       9.82760E-01  1.00000E+00
  9.97455E-01  9.98975E-01  9.99567E-01  9.99860E-01  9.99985E-01       9.85020E-01  1.00000E+00


    2.   4.00   42.  95.94  1.00E+03  0.00E+00  4.15E-01  2.13E-01     5   0.00

  1.48490E+02  3.78290E+02  5.48860E+02  6.85510E+02  8.10510E+02       5.00910E-02  9.14140E+02

  4.86485E-01  6.70755E-01  7.91005E-01  8.85455E-01  9.64700E-01       9.91190E-02  1.00000E+00
  4.35350E-01  6.33935E-01  7.64985E-01  8.70255E-01  9.60025E-01       7.45820E-02  1.00000E+00
  4.20270E-01  6.22715E-01  7.57605E-01  8.65080E-01  9.57825E-01       8.49580E-02  1.00000E+00
  4.07920E-01  6.09415E-01  7.46310E-01  8.56155E-01  9.54395E-01       7.08420E-02  9.99990E-01
  3.28820E-01  5.09860E-01  6.48585E-01  7.78050E-01  9.16980E-01       5.09610E-02  1.00000E+00

 -9.48837E-01 -5.92892E-01 -1.04243E-02  5.83730E-01  9.47942E-01      -1.00000E+00  1.00000E+00
 -9.51875E-01 -5.84027E-01 -2.32645E-03  5.84300E-01  9.50100E-01      -1.00000E+00  1.00000E+00
 -9.52560E-01 -5.91463E-01 -2.67305E-03  5.84725E-01  9.51597E-01      -1.00000E+00  1.00000E+00
 -9.49685E-01 -5.90283E-01 -5.81675E-03  5.86872E-01  9.51703E-01      -1.00000E+00  1.00000E+00
 -9.52578E-01 -5.95185E-01  3.18125E-03  5.86160E-01  9.51530E-01      -1.00000E+00  1.00000E+00
 -9.50615E-01 -5.85273E-01 -4.34067E-03  5.83758E-01  9.48755E-01      -1.00000E+00  1.00000E+00
 -9.48060E-01 -5.79908E-01 -9.69325E-03  5.88383E-01  9.52065E-01      -1.00000E+00  1.00000E+00
 -9.52060E-01 -5.79570E-01  4.65000E-04  5.83967E-01  9.52063E-01      -1.00000E+00  1.00000E+00
 -9.51337E-01 -5.95048E-01 -9.33127E-03  5.87908E-01  9.49507E-01      -1.00000E+00  1.00000E+00
 -9.51178E-01 -5.85482E-01 -1.22918E-02  5.86913E-01  9.51267E-01      -1.00000E+00  1.00000E+00
 -9.50270E-01 -5.85660E-01 -3.97060E-03  5.92635E-01  9.50490E-01      -1.00000E+00  1.00000E+00
 -9.52353E-01 -5.91110E-01  2.92117E-03  5.79305E-01  9.52195E-01      -1.00000E+00  1.00000E+00
 -9.53033E-01 -5.93492E-01  2.75148E-03  5.89047E-01  9.49437E-01      -1.00000E+00  1.00000E+00
 -9.51225E-01 -5.84792E-01  5.51407E-03  5.96363E-01  9.51995E-01      -1.00000E+00  1.00000E+00
 -9.53375E-01 -5.86990E-01 -1.68300E-04  5.87118E-01  9.51875E-01      -1.00000E+00  1.00000E+00
 -9.53157E-01 -5.87303E-01 -6.03087E-03  5.82412E-01  9.53735E-01      -1.00000E+00  1.00000E+00
 -9.48530E-01 -5.73442E-01  8.51983E-03  5.88978E-01  9.49790E-01      -1.00000E+00  1.00000E+00
 -9.52495E-01 -6.02105E-01 -1.99119E-02  5.84728E-01  9.48680E-01      -1.00000E+00  1.00000E+00
 -9.50220E-01 -5.79437E-01  8.97537E-03  6.03032E-01  9.55165E-01      -1.00000E+00  1.00000E+00
 -9.50010E-01 -5.91852E-01 -5.90600E-04  5.83880E-01  9.49148E-01      -1.00000E+00  1.00000E+00
 -9.51180E-01 -5.88747E-01  6.65740E-03  5.90217E-01  9.48480E-01      -1.00000E+00  1.00000E+00
 -9.51807E-01 -5.83052E-01  8.27195E-03  5.86943E-01  9.49887E-01      -1.00000E+00  1.00000E+00
 -9.51575E-01 -5.85577E-01 -2.44800E-03  5.94978E-01  9.53068E-01      -1.00000E+00  1.00000E+00
 -9.50553E-01 -5.83302E-01  3.68958E-03  5.94995E-01  9.53300E-01      -1.00000E+00  1.00000E+00
 -9.49745E-01 -5.89300E-01 -3.85373E-03  5.85672E-01  9.49457E-01      -1.00000E+00  1.00000E+00


    2.   4.00   42.  95.94  1.00E+03  3.00E+01  4.60E-01  2.49E-01     5   0.00

  1.66070E+02  4.12260E+02  5.85530E+02  7.18450E+02  8.34900E+02       5.01880E-02  9.47310E+02

  4.79495E-01  6.66435E-01  7.87035E-01  8.83480E-01  9.64065E-01       8.34760E-02  1.00000E+00
  4.28625E-01  6.30340E-01  7.62900E-01  8.68755E-01  9.58930E-01       7.91930E-02  1.00000E+00
  4.12480E-01  6.14775E-01  7.52025E-01  8.60725E-01  9.56025E-01       7.42890E-02  1.00000E+00
  3.93945E-01  5.92830E-01  7.30445E-01  8.46175E-01  9.50720E-01       6.34910E-02  1.00000E+00
  3.05335E-01  4.77335E-01  6.12620E-01  7.45920E-01  8.95865E-01       4.10220E-02  1.00000E+00

 -9.49045E-01 -5.79368E-01  7.27633E-03  5.91283E-01  9.50723E-01      -1.00000E+00  1.00000E+00
 -9.49932E-01 -5.83632E-01 -5.37075E-04  5.86770E-01  9.47280E-01      -1.00000E+00  1.00000E+00
 -9.49870E-01 -5.82660E-01 -3.97272E-03  5.85010E-01  9.50775E-01      -1.00000E+00  1.00000E+00
 -9.51820E-01 -5.89090E-01 -2.57667E-03  5.85870E-01  9.51448E-01      -1.00000E+00  1.00000E+00
 -9.50337E-01 -5.87878E-01  5.59975E-03  5.89385E-01  9.52248E-01      -1.00000E+00  1.00000E+00
 -9.50342E-01 -5.84137E-01  1.48384E-02  5.95668E-01  9.52773E-01      -1.00000E+00  1.00000E+00
 -9.51087E-01 -5.92502E-01 -5.30433E-03  5.84920E-01  9.52070E-01      -1.00000E+00  1.00000E+00
 -9.50568E-01 -5.83792E-01  5.29775E-03  5.99840E-01  9.52115E-01      -1.00000E+00  1.00000E+00
 -9.53260E-01 -5.94620E-01 -1.61104E-02  5.82875E-01  9.50622E-01      -1.00000E+00  1.00000E+00
 -9.51577E-01 -5.96723E-01 -4.02694E-03  5.83997E-01  9.48723E-01      -1.00000E+00  1.00000E+00
 -9.48390E-01 -5.71145E-01  1.84523E-02  5.96250E-01  9.51902E-01      -1.00000E+00  1.00000E+00
 -9.48105E-01 -5.67967E-01  3.78255E-02  6.06017E-01  9.54712E-01      -1.00000E+00  1.00000E+00
 -9.50710E-01 -5.72022E-01  2.23035E-02  6.01297E-01  9.52187E-01      -1.00000E+00  1.00000E+00
 -9.51718E-01 -5.85710E-01  7.55812E-03  5.90175E-01  9.51147E-01      -1.00000E+00  1.00000E+00
 -9.51315E-01 -5.88525E-01  6.74026E-03  5.93165E-01  9.49415E-01      -1.00000E+00  1.00000E+00
 -9.33773E-01 -4.97715E-01  1.22486E-01  6.58197E-01  9.62927E-01      -1.00000E+00  1.00000E+00
 -9.40353E-01 -5.05938E-01  1.07698E-01  6.56138E-01  9.59610E-01      -1.00000E+00  1.00000E+00
 -9.37952E-01 -5.11280E-01  1.06762E-01  6.45603E-01  9.60475E-01      -1.00000E+00  1.00000E+00
 -9.45782E-01 -5.40922E-01  6.36667E-02  6.33195E-01  9.57810E-01      -1.00000E+00  1.00000E+00
 -9.48040E-01 -5.51867E-01  4.82739E-02  6.16960E-01  9.54338E-01      -1.00000E+00  1.00000E+00
 -7.23285E-01 -2.09100E-02  5.01735E-01  8.26945E-01  9.80507E-01      -1.00000E+00  1.00000E+00
 -6.80312E-01 -1.55300E-02  4.96950E-01  8.20590E-01  9.80305E-01      -1.00000E+00  1.00000E+00
 -6.65667E-01 -2.96900E-02  4.76405E-01  8.13105E-01  9.79105E-01      -1.00000E+00  1.00000E+00
 -6.52942E-01 -4.63275E-02  4.59070E-01  8.01173E-01  9.77565E-01      -1.00000E+00  1.00000E+00
 -7.02973E-01 -1.33383E-01  3.84165E-01  7.66988E-01  9.73970E-01      -1.00000E+00  1.00000E+00


    2.   4.00   42.  95.94  1.00E+03  4.50E+01  5.18E-01  3.01E-01     5   0.00

  1.93370E+02  4.60750E+02  6.35170E+02  7.61460E+02  8.65600E+02       5.00770E-02  9.62240E+02

  4.74630E-01  6.62345E-01  7.85195E-01  8.81595E-01  9.63585E-01       9.29410E-02  1.00000E+00
  4.23225E-01  6.22775E-01  7.58110E-01  8.65360E-01  9.57630E-01       8.19870E-02  1.00000E+00
  3.98560E-01  6.00005E-01  7.37385E-01  8.51940E-01  9.52615E-01       5.99330E-02  9.99990E-01
  3.71170E-01  5.64020E-01  7.04260E-01  8.26670E-01  9.43170E-01       6.16050E-02  1.00000E+00
  2.68635E-01  4.26405E-01  5.58505E-01  6.94255E-01  8.55745E-01       4.49130E-02  1.00000E+00

 -9.53015E-01 -5.87872E-01  1.59245E-02  5.99912E-01  9.52448E-01      -1.00000E+00  1.00000E+00
 -9.52200E-01 -5.81222E-01  3.91561E-03  5.88780E-01  9.51005E-01      -1.00000E+00  1.00000E+00
 -9.51250E-01 -5.93255E-01 -9.55668E-03  5.84365E-01  9.50120E-01      -1.00000E+00  1.00000E+00
 -9.50610E-01 -5.84815E-01 -1.89680E-03  5.84287E-01  9.50492E-01      -1.00000E+00  1.00000E+00
 -9.51295E-01 -5.87145E-01  2.77672E-03  5.89585E-01  9.50753E-01      -1.00000E+00  1.00000E+00
 -9.49023E-01 -5.85478E-01 -2.68110E-03  5.93085E-01  9.51027E-01      -1.00000E+00  1.00000E+00
 -9.51605E-01 -5.83538E-01  5.38948E-03  5.92097E-01  9.53152E-01      -1.00000E+00  1.00000E+00
 -9.48340E-01 -5.75178E-01  3.28440E-03  5.90115E-01  9.51772E-01      -1.00000E+00  1.00000E+00
 -9.47385E-01 -5.76800E-01  1.21602E-02  6.00737E-01  9.51860E-01      -1.00000E+00  1.00000E+00
 -9.51965E-01 -5.93172E-01 -7.07050E-03  5.86075E-01  9.50843E-01      -1.00000E+00  1.00000E+00
 -9.44250E-01 -5.42970E-01  5.73895E-02  6.20788E-01  9.56157E-01      -1.00000E+00  1.00000E+00
 -9.46183E-01 -5.44665E-01  4.83440E-02  6.14460E-01  9.53700E-01      -1.00000E+00  1.00000E+00
 -9.48098E-01 -5.63117E-01  3.46758E-02  6.04740E-01  9.53450E-01      -1.00000E+00  1.00000E+00
 -9.47080E-01 -5.55503E-01  4.84548E-02  6.17445E-01  9.56037E-01      -1.00000E+00  1.00000E+00
 -9.47022E-01 -5.65975E-01  1.41085E-02  5.99068E-01  9.51840E-01      -1.00000E+00  1.00000E+00
 -9.13695E-01 -3.73273E-01  2.57765E-01  7.29753E-01  9.69863E-01      -1.00000E+00  1.00000E+00
 -9.19628E-01 -3.86445E-01  2.59115E-01  7.27178E-01  9.70275E-01      -1.00000E+00  1.00000E+00
 -9.25098E-01 -4.23615E-01  2.06655E-01  7.11032E-01  9.67402E-01      -1.00000E+00  1.00000E+00
 -9.28970E-01 -4.57998E-01  1.73492E-01  6.87720E-01  9.65058E-01      -1.00000E+00  1.00000E+00
 -9.38338E-01 -5.07398E-01  1.07303E-01  6.46020E-01  9.60237E-01      -1.00000E+00  1.00000E+00
 -2.87910E-01  2.69845E-01  6.66000E-01  8.88728E-01  9.88270E-01      -1.00000E+00  1.00000E+00
 -2.37228E-01  3.31571E-01  6.94605E-01  8.95812E-01  9.88393E-01      -1.00000E+00  1.00000E+00
 -2.27917E-01  3.30410E-01  6.83588E-01  8.90260E-01  9.87735E-01      -1.00000E+00  1.00000E+00
 -2.41170E-01  2.96058E-01  6.59802E-01  8.83420E-01  9.87235E-01      -1.00000E+00  1.00000E+00
 -2.81787E-01  2.12527E-01  5.94215E-01  8.49750E-01  9.82790E-01      -1.00000E+00  1.00000E+00


    2.   4.00   42.  95.94  1.00E+03  6.00E+01  6.04E-01  3.89E-01     5   0.00

  2.46280E+02  5.43400E+02  7.15300E+02  8.26320E+02  9.12390E+02       5.00970E-02  9.76580E+02

  4.62145E-01  6.53045E-01  7.78890E-01  8.78435E-01  9.62385E-01       7.62910E-02  1.00000E+00
  4.07520E-01  6.07465E-01  7.44695E-01  8.56650E-01  9.54650E-01       7.29360E-02  1.00000E+00
  3.67920E-01  5.61560E-01  7.02840E-01  8.27200E-01  9.43015E-01       6.32770E-02  1.00000E+00
  3.19100E-01  4.96590E-01  6.39665E-01  7.78810E-01  9.24110E-01       5.78410E-02  1.00000E+00
  2.13955E-01  3.38685E-01  4.51970E-01  5.79585E-01  7.48410E-01       3.49860E-02  1.00000E+00

 -9.49917E-01 -5.83217E-01  1.41796E-02  5.94853E-01  9.52110E-01      -1.00000E+00  1.00000E+00
 -9.49740E-01 -5.87945E-01  6.30310E-03  5.91052E-01  9.50455E-01      -1.00000E+00  1.00000E+00
 -9.47237E-01 -5.74562E-01  8.45895E-03  5.91373E-01  9.51192E-01      -1.00000E+00  1.00000E+00
 -9.53468E-01 -5.91328E-01 -1.17510E-02  5.81647E-01  9.49882E-01      -1.00000E+00  1.00000E+00
 -9.48182E-01 -5.78468E-01  1.67941E-02  5.89147E-01  9.49575E-01      -1.00000E+00  1.00000E+00
 -9.50825E-01 -5.75180E-01  1.42551E-02  5.93520E-01  9.52500E-01      -1.00000E+00  1.00000E+00
 -9.50592E-01 -5.86420E-01  1.96662E-02  5.99587E-01  9.53723E-01      -1.00000E+00  1.00000E+00
 -9.48093E-01 -5.77808E-01  4.06651E-03  5.89342E-01  9.51215E-01      -1.00000E+00  1.00000E+00
 -9.47850E-01 -5.78177E-01  1.37005E-02  5.95263E-01  9.52017E-01      -1.00000E+00  1.00000E+00
 -9.49488E-01 -5.87033E-01  1.73031E-02  5.97990E-01  9.52990E-01      -1.00000E+00  1.00000E+00
 -9.32037E-01 -4.60867E-01  1.78380E-01  6.92940E-01  9.65835E-01      -1.00000E+00  1.00000E+00
 -9.31983E-01 -4.75653E-01  1.63275E-01  6.86895E-01  9.65005E-01      -1.00000E+00  1.00000E+00
 -9.32285E-01 -4.72567E-01  1.52189E-01  6.76362E-01  9.62135E-01      -1.00000E+00  1.00000E+00
 -9.37028E-01 -4.97080E-01  1.14584E-01  6.59892E-01  9.61288E-01      -1.00000E+00  1.00000E+00
 -9.42115E-01 -5.26535E-01  7.67173E-02  6.42877E-01  9.60520E-01      -1.00000E+00  1.00000E+00
 -7.55188E-01 -6.58275E-02  5.08377E-01  8.39447E-01  9.82457E-01      -1.00000E+00  1.00000E+00
 -7.16743E-01 -1.62750E-02  5.26218E-01  8.40250E-01  9.82187E-01      -1.00000E+00  1.00000E+00
 -7.24970E-01 -6.11675E-02  4.90035E-01  8.24998E-01  9.81560E-01      -1.00000E+00  1.00000E+00
 -7.82965E-01 -1.56377E-01  4.35837E-01  8.00957E-01  9.77880E-01      -1.00000E+00  1.00000E+00
 -8.91835E-01 -3.68080E-01  2.47028E-01  7.26727E-01  9.69757E-01      -1.00000E+00  1.00000E+00
  3.50813E-01  6.89425E-01  8.70287E-01  9.59432E-01  9.95653E-01      -7.58960E-01  1.00000E+00
  3.97850E-01  7.16145E-01  8.78000E-01  9.60280E-01  9.95742E-01      -8.16630E-01  1.00000E+00
  3.91988E-01  7.05985E-01  8.68665E-01  9.56755E-01  9.95310E-01      -8.60300E-01  1.00000E+00
  4.03963E-01  6.99372E-01  8.57550E-01  9.51690E-01  9.94802E-01      -8.50300E-01  1.00000E+00
  4.19318E-01  7.17040E-01  8.68772E-01  9.54720E-01  9.95152E-01      -9.99980E-01  1.00000E+00


    2.   4.00   42.  95.94  1.00E+03  7.00E+01  6.86E-01  4.88E-01     5   0.00

  3.15880E+02  6.40170E+02  7.98880E+02  8.86140E+02  9.48970E+02       5.00090E-02  9.84310E+02

  4.50895E-01  6.45450E-01  7.72615E-01  8.74490E-01  9.60855E-01       9.19460E-02  1.00000E+00
  3.80740E-01  5.77520E-01  7.18740E-01  8.38745E-01  9.47740E-01       6.52530E-02  1.00000E+00
  3.13540E-01  4.90405E-01  6.34250E-01  7.73380E-01  9.21315E-01       5.64140E-02  1.00000E+00
  2.58010E-01  4.06670E-01  5.43685E-01  6.96025E-01  8.80100E-01       5.48020E-02  1.00000E+00
  1.54740E-01  2.40235E-01  3.25570E-01  4.28450E-01  5.74740E-01       3.51380E-02  9.67070E-01

 -9.52962E-01 -5.90660E-01 -7.17498E-03  5.84272E-01  9.51215E-01      -1.00000E+00  1.00000E+00
 -9.51228E-01 -5.86650E-01  4.13147E-03  5.89502E-01  9.49600E-01      -1.00000E+00  1.00000E+00
 -9.51200E-01 -5.91163E-01 -5.48327E-03  5.84670E-01  9.50745E-01      -1.00000E+00  1.00000E+00
 -9.50325E-01 -5.84707E-01  2.99870E-03  5.95487E-01  9.52870E-01      -1.00000E+00  1.00000E+00
 -9.50520E-01 -5.86863E-01  1.06896E-03  5.86368E-01  9.52452E-01      -1.00000E+00  1.00000E+00
 -9.41462E-01 -5.31340E-01  7.07101E-02  6.34267E-01  9.59385E-01      -1.00000E+00  1.00000E+00
 -9.43895E-01 -5.43725E-01  6.52957E-02  6.31720E-01  9.57258E-01      -1.00000E+00  1.00000E+00
 -9.43867E-01 -5.54362E-01  5.77546E-02  6.22363E-01  9.55042E-01      -1.00000E+00  1.00000E+00
 -9.46227E-01 -5.48600E-01  4.67667E-02  6.20035E-01  9.56263E-01      -1.00000E+00  1.00000E+00
 -9.48125E-01 -5.62845E-01  2.81587E-02  6.04128E-01  9.52418E-01      -1.00000E+00  1.00000E+00
 -8.97725E-01 -3.09715E-01  3.58455E-01  7.87478E-01  9.76955E-01      -1.00000E+00  1.00000E+00
 -8.73445E-01 -2.29590E-01  4.00235E-01  7.96452E-01  9.78517E-01      -1.00000E+00  1.00000E+00
 -8.87493E-01 -2.56330E-01  3.74683E-01  7.81408E-01  9.76065E-01      -1.00000E+00  1.00000E+00
 -9.01567E-01 -3.06468E-01  3.23892E-01  7.58425E-01  9.73762E-01      -1.00000E+00  1.00000E+00
 -9.23325E-01 -4.37538E-01  1.95268E-01  6.98975E-01  9.65635E-01      -1.00000E+00  1.00000E+00
 -4.34175E-02  4.85903E-01  7.89272E-01  9.36373E-01  9.93283E-01      -9.95660E-01  1.00000E+00
  1.03775E-02  5.29158E-01  7.98998E-01  9.35070E-01  9.93130E-01      -9.32540E-01  1.00000E+00
 -7.61000E-03  4.82187E-01  7.74295E-01  9.25987E-01  9.92138E-01      -9.92670E-01  1.00000E+00
 -5.90925E-02  4.01088E-01  7.26070E-01  9.08242E-01  9.90380E-01      -1.00000E+00  1.00000E+00
 -2.33015E-01  2.29435E-01  5.90588E-01  8.49025E-01  9.83230E-01      -1.00000E+00  1.00000E+00
  7.16343E-01  8.78138E-01  9.52765E-01  9.85520E-01  9.98505E-01      -6.21630E-02  1.00000E+00
  7.21148E-01  8.79015E-01  9.50285E-01  9.84085E-01  9.98345E-01      -1.62720E-01  1.00000E+00
  7.22942E-01  8.67355E-01  9.43835E-01  9.81408E-01  9.98073E-01      -2.07280E-01  1.00000E+00
  7.36410E-01  8.71610E-01  9.38958E-01  9.79365E-01  9.97810E-01      -6.96730E-02  1.00000E+00
  7.93145E-01  9.03665E-01  9.56113E-01  9.85048E-01  9.98335E-01       2.78770E-02  1.00000E+00


    2.   4.00   42.  95.94  1.00E+03  8.00E+01  8.30E-01  6.96E-01     5   0.00

  5.29590E+02  8.49000E+02  9.32790E+02  9.62000E+02  9.78990E+02       5.02020E-02  9.90290E+02

  4.07870E-01  6.01705E-01  7.37095E-01  8.51315E-01  9.52460E-01       5.73280E-02  1.00000E+00
  2.53525E-01  4.13045E-01  5.61065E-01  7.23335E-01  9.06070E-01       5.02340E-02  1.00000E+00
  1.71080E-01  2.72905E-01  3.88545E-01  5.43790E-01  7.60815E-01       4.54890E-02  9.99850E-01
  1.23545E-01  1.82630E-01  2.51880E-01  3.51775E-01  5.08030E-01       3.81630E-02  7.93670E-01
  8.49930E-02  1.19531E-01  1.56535E-01  2.06220E-01  2.83915E-01       2.70470E-02  5.28980E-01

 -9.46765E-01 -5.69195E-01  3.12213E-02  6.06448E-01  9.53462E-01      -1.00000E+00  1.00000E+00
 -9.45248E-01 -5.53957E-01  5.46197E-02  6.20025E-01  9.54637E-01      -1.00000E+00  1.00000E+00
 -9.47157E-01 -5.60603E-01  4.03468E-02  6.14513E-01  9.53458E-01      -1.00000E+00  1.00000E+00
 -9.48885E-01 -5.71383E-01  2.66104E-02  6.03432E-01  9.54025E-01      -1.00000E+00  1.00000E+00
 -9.48590E-01 -5.75653E-01  1.21563E-02  6.01063E-01  9.53805E-01      -1.00000E+00  1.00000E+00
 -5.84090E-01 -1.22430E-01  4.28600E-01  8.15588E-01  9.80690E-01      -1.00000E+00  1.00000E+00
 -5.53698E-01  2.55350E-02  5.58262E-01  8.57840E-01  9.84892E-01      -1.00000E+00  1.00000E+00
 -5.89885E-01 -2.59025E-02  5.29033E-01  8.41383E-01  9.82940E-01      -1.00000E+00  1.00000E+00
 -6.87915E-01 -1.37804E-01  4.31100E-01  8.05002E-01  9.78465E-01      -1.00000E+00  1.00000E+00
 -8.76930E-01 -3.44137E-01  2.13812E-01  6.94782E-01  9.64540E-01      -1.00000E+00  1.00000E+00
  5.15653E-01  8.00060E-01  9.28338E-01  9.79720E-01  9.97842E-01      -3.45180E-01  1.00000E+00
  5.06935E-01  7.93675E-01  9.22040E-01  9.76620E-01  9.97655E-01      -4.14750E-01  1.00000E+00
  4.85180E-01  7.45510E-01  8.94197E-01  9.67468E-01  9.96648E-01      -3.53780E-01  1.00000E+00
  4.85240E-01  6.96365E-01  8.56795E-01  9.52093E-01  9.94847E-01      -4.08050E-01  1.00000E+00
  5.79130E-01  7.62325E-01  8.72290E-01  9.52865E-01  9.94815E-01      -9.13240E-01  1.00000E+00
  8.71640E-01  9.65062E-01  9.87988E-01  9.96448E-01  9.99638E-01       3.41560E-01  1.00000E+00
  8.51100E-01  9.52828E-01  9.82800E-01  9.94810E-01  9.99447E-01       4.76290E-01  1.00000E+00
  8.28603E-01  9.34377E-01  9.75010E-01  9.92210E-01  9.99177E-01       3.72410E-01  1.00000E+00
  8.26638E-01  9.12420E-01  9.63205E-01  9.88422E-01  9.98753E-01       4.36100E-01  1.00000E+00
  8.85768E-01  9.39312E-01  9.69703E-01  9.89220E-01  9.98787E-01       5.18590E-01  1.00000E+00
  9.63185E-01  9.87357E-01  9.95202E-01  9.98520E-01  9.99845E-01       8.05200E-01  1.00000E+00
  9.58383E-01  9.84785E-01  9.94060E-01  9.98168E-01  9.99805E-01       8.07210E-01  1.00000E+00
  9.53640E-01  9.80815E-01  9.92285E-01  9.97580E-01  9.99758E-01       8.03210E-01  1.00000E+00
  9.53488E-01  9.79002E-01  9.90713E-01  9.96950E-01  9.99690E-01       8.17320E-01  1.00000E+00
  9.64622E-01  9.83895E-01  9.92805E-01  9.97600E-01  9.99740E-01       8.38540E-01  1.00000E+00


    2.   4.00   42.  95.94  1.00E+03  8.50E+01  9.77E-01  9.39E-01     5   0.00

  9.44070E+02  9.73740E+02  9.81790E+02  9.85220E+02  9.88200E+02       5.04440E-02  9.93720E+02

  1.54615E-01  2.77290E-01  4.17225E-01  5.83060E-01  7.66960E-01       4.36530E-02  1.00000E+00
  1.01325E-01  1.45195E-01  2.00565E-01  2.87190E-01  4.10785E-01       3.89260E-02  6.58930E-01
  8.51780E-02  1.11300E-01  1.39140E-01  1.78760E-01  2.50185E-01       3.87770E-02  4.36830E-01
  6.45640E-02  8.07495E-02  9.75695E-02  1.21890E-01  1.72560E-01       3.34360E-02  3.37260E-01
  4.61410E-02  5.79105E-02  6.97055E-02  8.62200E-02  1.19480E-01       1.61610E-02  2.60370E-01

  2.16415E-01  6.88818E-01  8.60457E-01  9.64390E-01  9.96980E-01      -1.00000E+00  1.00000E+00
  6.66125E-02  5.77680E-01  7.83815E-01  9.24133E-01  9.92520E-01      -1.00000E+00  1.00000E+00
 -1.76650E-02  4.70916E-01  7.41005E-01  8.83788E-01  9.86645E-01      -1.00000E+00  1.00000E+00
 -4.07175E-02  4.23191E-01  7.39395E-01  8.95910E-01  9.85853E-01      -1.00000E+00  1.00000E+00
 -3.08300E-02  3.38677E-01  6.79225E-01  8.94735E-01  9.88788E-01      -1.00000E+00  1.00000E+00
  9.57288E-01  9.89490E-01  9.96472E-01  9.98957E-01  9.99895E-01       7.23680E-01  1.00000E+00
  9.41102E-01  9.83825E-01  9.94387E-01  9.98335E-01  9.99833E-01       6.84500E-01  1.00000E+00
  9.20530E-01  9.71988E-01  9.89878E-01  9.96960E-01  9.99680E-01       7.19030E-01  1.00000E+00
  9.15510E-01  9.57242E-01  9.80912E-01  9.93815E-01  9.99350E-01       7.39250E-01  1.00000E+00
  9.46243E-01  9.73295E-01  9.87252E-01  9.95492E-01  9.99522E-01       7.92230E-01  1.00000E+00
  9.85560E-01  9.95040E-01  9.98047E-01  9.99382E-01  9.99935E-01       8.77640E-01  1.00000E+00
  9.83888E-01  9.94685E-01  9.97945E-01  9.99355E-01  9.99935E-01       8.92190E-01  1.00000E+00
  9.80425E-01  9.93227E-01  9.97375E-01  9.99175E-01  9.99913E-01       8.93680E-01  1.00000E+00
  9.76205E-01  9.90890E-01  9.96340E-01  9.98835E-01  9.99880E-01       9.06080E-01  1.00000E+00
  9.79123E-01  9.90795E-01  9.95968E-01  9.98677E-01  9.99863E-01       9.07690E-01  1.00000E+00
  9.95302E-01  9.98345E-01  9.99325E-01  9.99785E-01  9.99975E-01       9.47540E-01  1.00000E+00
  9.94452E-01  9.98130E-01  9.99255E-01  9.99765E-01  9.99975E-01       9.43360E-01  1.00000E+00
  9.92788E-01  9.97557E-01  9.99042E-01  9.99697E-01  9.99968E-01       9.44400E-01  1.00000E+00
  9.90212E-01  9.96520E-01  9.98608E-01  9.99555E-01  9.99955E-01       9.38680E-01  1.00000E+00
  9.88868E-01  9.95437E-01  9.98073E-01  9.99375E-01  9.99933E-01       9.43600E-01  1.00000E+00
  9.98270E-01  9.99370E-01  9.99742E-01  9.99918E-01  9.99990E-01       9.72990E-01  1.00000E+00
  9.97605E-01  9.99138E-01  9.99650E-01  9.99887E-01  9.99988E-01       9.62610E-01  1.00000E+00
  9.96825E-01  9.98860E-01  9.99537E-01  9.99850E-01  9.99985E-01       9.53040E-01  1.00000E+00
  9.95627E-01  9.98420E-01  9.99350E-01  9.99790E-01  9.99977E-01       9.68030E-01  1.00000E+00
  9.94615E-01  9.97860E-01  9.99088E-01  9.99702E-01  9.99968E-01       9.58430E-01  1.00000E+00


    2.   4.00   42.  95.94  2.00E+03  0.00E+00  3.69E-01  1.84E-01     5   0.00

  2.90410E+02  7.26060E+02  1.06110E+03  1.33200E+03  1.59880E+03       5.05370E-02  1.83550E+03

  4.61035E-01  6.54190E-01  7.80555E-01  8.79450E-01  9.63050E-01       7.62410E-02  1.00000E+00
  4.19055E-01  6.24950E-01  7.59955E-01  8.67295E-01  9.58550E-01       6.98240E-02  1.00000E+00
  4.03895E-01  6.14575E-01  7.52895E-01  8.63580E-01  9.57340E-01       3.68740E-02  1.00000E+00
  3.91990E-01  6.01000E-01  7.41395E-01  8.54680E-01  9.54140E-01       5.14910E-02  1.00000E+00
  3.12815E-01  4.99955E-01  6.42785E-01  7.77275E-01  9.18850E-01       3.40420E-02  9.99990E-01

 -9.51520E-01 -5.95013E-01 -4.68425E-03  5.84145E-01  9.51275E-01      -1.00000E+00  1.00000E+00
 -9.51590E-01 -5.86148E-01  1.69436E-02  5.92630E-01  9.51873E-01      -1.00000E+00  1.00000E+00
 -9.51317E-01 -5.85888E-01 -5.22295E-03  5.82318E-01  9.49872E-01      -1.00000E+00  1.00000E+00
 -9.48727E-01 -5.65318E-01  8.56992E-03  5.83683E-01  9.46925E-01      -1.00000E+00  1.00000E+00
 -9.52420E-01 -5.85388E-01  3.59350E-03  5.96315E-01  9.53408E-01      -1.00000E+00  1.00000E+00
 -9.48653E-01 -5.81292E-01  1.15648E-02  5.94505E-01  9.49850E-01      -1.00000E+00  1.00000E+00
 -9.50677E-01 -5.89363E-01  5.23498E-03  5.91433E-01  9.52890E-01      -1.00000E+00  1.00000E+00
 -9.51145E-01 -5.84475E-01  3.23349E-03  5.89148E-01  9.51268E-01      -1.00000E+00  1.00000E+00
 -9.52948E-01 -5.89187E-01  3.35393E-03  5.90278E-01  9.50975E-01      -1.00000E+00  1.00000E+00
 -9.53060E-01 -5.95453E-01 -1.51705E-02  5.87897E-01  9.48928E-01      -1.00000E+00  1.00000E+00
 -9.51830E-01 -5.85460E-01  1.31463E-02  5.96895E-01  9.52512E-01      -1.00000E+00  1.00000E+00
 -9.51845E-01 -5.89065E-01 -8.89023E-03  5.82998E-01  9.49665E-01      -1.00000E+00  1.00000E+00
 -9.51550E-01 -5.88315E-01 -4.37668E-03  5.86060E-01  9.53860E-01      -1.00000E+00  1.00000E+00
 -9.46788E-01 -5.80685E-01 -1.38750E-04  5.86477E-01  9.51218E-01      -1.00000E+00  1.00000E+00
 -9.52845E-01 -6.00785E-01 -1.27323E-02  5.87480E-01  9.51690E-01      -1.00000E+00  1.00000E+00
 -9.50410E-01 -5.87508E-01  1.64938E-02  5.95122E-01  9.50730E-01      -1.00000E+00  1.00000E+00
 -9.50245E-01 -5.87918E-01 -1.94881E-02  5.79977E-01  9.48915E-01      -1.00000E+00  1.00000E+00
 -9.52613E-01 -5.97158E-01 -1.34882E-02  5.82278E-01  9.48857E-01      -1.00000E+00  1.00000E+00
 -9.50350E-01 -5.84180E-01  5.70723E-03  5.91342E-01  9.50248E-01      -1.00000E+00  1.00000E+00
 -9.50385E-01 -5.87765E-01  7.01213E-03  5.89790E-01  9.51647E-01      -1.00000E+00  1.00000E+00
 -9.48365E-01 -5.87250E-01  8.54905E-03  5.98125E-01  9.51400E-01      -1.00000E+00  1.00000E+00
 -9.49908E-01 -5.91445E-01 -1.26411E-02  5.85500E-01  9.51330E-01      -1.00000E+00  1.00000E+00
 -9.52392E-01 -5.89120E-01 -5.43855E-03  5.80198E-01  9.49840E-01      -1.00000E+00  1.00000E+00
 -9.50793E-01 -5.88400E-01  3.63635E-03  5.78732E-01  9.48323E-01      -1.00000E+00  1.00000E+00
 -9.52697E-01 -5.87052E-01 -2.99405E-03  5.88930E-01  9.51182E-01      -1.00000E+00  1.00000E+00


    2.   4.00   42.  95.94  2.00E+03  3.00E+01  4.15E-01  2.19E-01     5   0.00

  3.24050E+02  7.92920E+02  1.13180E+03  1.39930E+03  1.64940E+03       5.00780E-02  1.90140E+03

  4.56370E-01  6.51320E-01  7.78730E-01  8.78810E-01  9.62705E-01       8.70420E-02  1.00000E+00
  4.12290E-01  6.20970E-01  7.58425E-01  8.65540E-01  9.57540E-01       6.72530E-02  1.00000E+00
  3.97105E-01  6.06275E-01  7.46495E-01  8.57980E-01  9.55490E-01       4.71490E-02  1.00000E+00
  3.77925E-01  5.82325E-01  7.23890E-01  8.42195E-01  9.49385E-01       4.25070E-02  1.00000E+00
  2.89590E-01  4.69115E-01  6.10525E-01  7.46515E-01  8.99860E-01       2.58430E-02  1.00000E+00

 -9.47957E-01 -5.77660E-01  5.14485E-03  5.94838E-01  9.53355E-01      -1.00000E+00  1.00000E+00
 -9.50680E-01 -5.96943E-01 -8.90873E-03  5.88530E-01  9.51220E-01      -1.00000E+00  1.00000E+00
 -9.52910E-01 -5.88503E-01 -3.06065E-03  5.87600E-01  9.50843E-01      -1.00000E+00  1.00000E+00
 -9.49513E-01 -5.89978E-01  1.83615E-03  5.87635E-01  9.50085E-01      -1.00000E+00  1.00000E+00
 -9.53620E-01 -5.92117E-01 -9.93095E-03  5.82905E-01  9.48220E-01      -1.00000E+00  1.00000E+00
 -9.51420E-01 -5.85745E-01 -2.34275E-04  5.92192E-01  9.51033E-01      -1.00000E+00  1.00000E+00
 -9.51480E-01 -5.89023E-01 -9.70212E-03  5.87900E-01  9.49210E-01      -1.00000E+00  1.00000E+00
 -9.52827E-01 -5.92958E-01  3.75538E-03  5.87703E-01  9.51450E-01      -1.00000E+00  1.00000E+00
 -9.50425E-01 -5.80670E-01  3.26820E-03  5.90357E-01  9.52568E-01      -1.00000E+00  1.00000E+00
 -9.51012E-01 -5.83803E-01  3.49710E-03  5.86315E-01  9.46192E-01      -1.00000E+00  1.00000E+00
 -9.47032E-01 -5.56658E-01  5.21922E-02  6.18207E-01  9.58413E-01      -1.00000E+00  1.00000E+00
 -9.45187E-01 -5.53140E-01  4.63657E-02  6.09317E-01  9.54563E-01      -1.00000E+00  1.00000E+00
 -9.46732E-01 -5.60525E-01  4.81455E-02  6.11128E-01  9.55963E-01      -1.00000E+00  1.00000E+00
 -9.50248E-01 -5.72438E-01  1.59679E-02  6.02432E-01  9.54333E-01      -1.00000E+00  1.00000E+00
 -9.51115E-01 -5.87905E-01  1.70180E-03  5.92228E-01  9.51377E-01      -1.00000E+00  1.00000E+00
 -9.29290E-01 -4.58723E-01  1.66720E-01  6.84447E-01  9.65480E-01      -1.00000E+00  1.00000E+00
 -9.34553E-01 -4.64753E-01  1.49913E-01  6.66065E-01  9.63392E-01      -1.00000E+00  1.00000E+00
 -9.35150E-01 -4.85187E-01  1.48639E-01  6.74020E-01  9.62990E-01      -1.00000E+00  1.00000E+00
 -9.37730E-01 -5.05077E-01  1.16851E-01  6.58575E-01  9.60912E-01      -1.00000E+00  1.00000E+00
 -9.42037E-01 -5.43527E-01  6.42702E-02  6.12418E-01  9.56313E-01      -1.00000E+00  1.00000E+00
 -7.00948E-01  2.45625E-02  5.29500E-01  8.40765E-01  9.82285E-01      -1.00000E+00  1.00000E+00
 -7.00415E-01  1.70250E-02  5.30712E-01  8.39777E-01  9.83248E-01      -1.00000E+00  1.00000E+00
 -6.97767E-01 -7.05250E-03  5.03040E-01  8.23988E-01  9.81425E-01      -1.00000E+00  1.00000E+00
 -7.12978E-01 -5.52625E-02  4.71690E-01  8.11065E-01  9.79805E-01      -1.00000E+00  1.00000E+00
 -8.12752E-01 -1.81224E-01  3.69302E-01  7.75745E-01  9.74363E-01      -1.00000E+00  1.00000E+00


    2.   4.00   42.  95.94  2.00E+03  4.50E+01  4.75E-01  2.70E-01     5   0.00

  3.76660E+02  8.85850E+02  1.23010E+03  1.48680E+03  1.71070E+03       5.00760E-02  1.93130E+03

  4.50210E-01  6.47055E-01  7.74485E-01  8.76145E-01  9.61445E-01       7.75750E-02  1.00000E+00
  4.05570E-01  6.14010E-01  7.53090E-01  8.62810E-01  9.57140E-01       5.91810E-02  1.00000E+00
  3.83235E-01  5.90290E-01  7.32325E-01  8.49280E-01  9.52130E-01       4.30450E-02  1.00000E+00
  3.51125E-01  5.49855E-01  6.92800E-01  8.19050E-01  9.40315E-01       3.96480E-02  1.00000E+00
  2.58740E-01  4.22530E-01  5.58295E-01  6.96995E-01  8.64830E-01       2.94440E-02  1.00000E+00

 -9.52095E-01 -5.92333E-01  1.39098E-03  5.86078E-01  9.53465E-01      -1.00000E+00  1.00000E+00
 -9.50205E-01 -5.84732E-01  7.14460E-03  5.83055E-01  9.50845E-01      -1.00000E+00  1.00000E+00
 -9.50730E-01 -5.84980E-01 -5.24839E-03  5.88972E-01  9.52352E-01      -1.00000E+00  1.00000E+00
 -9.50068E-01 -5.95935E-01 -9.11482E-03  5.81095E-01  9.50755E-01      -1.00000E+00  1.00000E+00
 -9.52505E-01 -5.92115E-01 -3.46417E-03  5.81935E-01  9.46967E-01      -1.00000E+00  1.00000E+00
 -9.51010E-01 -5.96055E-01 -1.78785E-03  5.86917E-01  9.49758E-01      -1.00000E+00  1.00000E+00
 -9.47902E-01 -5.89888E-01  4.74838E-03  5.93015E-01  9.52443E-01      -1.00000E+00  1.00000E+00
 -9.45712E-01 -5.78788E-01  6.10627E-03  5.93720E-01  9.53682E-01      -1.00000E+00  1.00000E+00
 -9.51605E-01 -5.86383E-01 -2.18931E-03  5.90680E-01  9.50970E-01      -1.00000E+00  1.00000E+00
 -9.51077E-01 -5.83310E-01  1.04657E-02  5.90355E-01  9.50043E-01      -1.00000E+00  1.00000E+00
 -9.39495E-01 -5.16355E-01  1.00381E-01  6.51390E-01  9.61480E-01      -1.00000E+00  1.00000E+00
 -9.38515E-01 -5.11853E-01  1.08700E-01  6.57335E-01  9.60242E-01      -1.00000E+00  1.00000E+00
 -9.42547E-01 -5.41405E-01  6.98335E-02  6.21785E-01  9.54068E-01      -1.00000E+00  1.00000E+00
 -9.43332E-01 -5.39500E-01  5.27138E-02  6.21237E-01  9.57665E-01      -1.00000E+00  1.00000E+00
 -9.47105E-01 -5.69210E-01  2.12422E-02  6.08158E-01  9.53568E-01      -1.00000E+00  1.00000E+00
 -8.92977E-01 -2.93015E-01  3.43845E-01  7.66130E-01  9.73930E-01      -1.00000E+00  1.00000E+00
 -9.01570E-01 -3.17595E-01  3.13782E-01  7.51663E-01  9.72005E-01      -1.00000E+00  1.00000E+00
 -9.05967E-01 -3.47330E-01  2.80190E-01  7.40725E-01  9.71453E-01      -1.00000E+00  1.00000E+00
 -9.15575E-01 -3.82032E-01  2.48160E-01  7.23257E-01  9.67932E-01      -1.00000E+00  1.00000E+00
 -9.31148E-01 -4.76205E-01  1.49415E-01  6.71332E-01  9.61503E-01      -1.00000E+00  1.00000E+00
 -3.28830E-01  3.25949E-01  7.00623E-01  9.00150E-01  9.89693E-01      -1.00000E+00  1.00000E+00
 -2.94790E-01  3.40118E-01  7.06400E-01  9.03895E-01  9.89927E-01      -1.00000E+00  1.00000E+00
 -2.96987E-01  3.14796E-01  6.93855E-01  8.97408E-01  9.89393E-01      -1.00000E+00  1.00000E+00
 -3.27593E-01  2.61125E-01  6.58848E-01  8.84578E-01  9.87618E-01      -1.00000E+00  1.00000E+00
 -3.98875E-01  1.28572E-01  5.54847E-01  8.41955E-01  9.82890E-01      -1.00000E+00  1.00000E+00


    2.   4.00   42.  95.94  2.00E+03  6.00E+01  5.63E-01  3.54E-01     5   0.00

  4.71590E+02  1.04540E+03  1.38560E+03  1.61740E+03  1.80340E+03       5.06040E-02  1.95980E+03

  4.40650E-01  6.41445E-01  7.71290E-01  8.73420E-01  9.60580E-01       7.51150E-02  1.00000E+00
  3.89695E-01  5.98285E-01  7.39015E-01  8.53495E-01  9.53330E-01       3.94010E-02  1.00000E+00
  3.48730E-01  5.49045E-01  6.94010E-01  8.20760E-01  9.40625E-01       4.91050E-02  1.00000E+00
  3.01490E-01  4.82900E-01  6.28830E-01  7.69290E-01  9.18050E-01       2.75680E-02  1.00000E+00
  2.05160E-01  3.38900E-01  4.59340E-01  5.93085E-01  7.75915E-01       1.34500E-02  9.99990E-01

 -9.53233E-01 -5.93770E-01 -1.15280E-02  5.94757E-01  9.52085E-01      -1.00000E+00  1.00000E+00
 -9.51435E-01 -5.73415E-01  1.32250E-02  5.85775E-01  9.47555E-01      -1.00000E+00  1.00000E+00
 -9.47950E-01 -5.82825E-01  1.59880E-03  5.88260E-01  9.49950E-01      -1.00000E+00  1.00000E+00
 -9.51107E-01 -5.83203E-01  1.77340E-03  5.96202E-01  9.49725E-01      -1.00000E+00  1.00000E+00
 -9.50085E-01 -5.89185E-01  2.48083E-03  5.93888E-01  9.50635E-01      -1.00000E+00  1.00000E+00
 -9.48778E-01 -5.59660E-01  3.78410E-02  6.01258E-01  9.53315E-01      -1.00000E+00  1.00000E+00
 -9.50070E-01 -5.69302E-01  2.34856E-02  6.00645E-01  9.52075E-01      -1.00000E+00  1.00000E+00
 -9.48825E-01 -5.66640E-01  2.20704E-02  6.06498E-01  9.53333E-01      -1.00000E+00  1.00000E+00
 -9.48813E-01 -5.76068E-01  2.07847E-02  6.05533E-01  9.52605E-01      -1.00000E+00  1.00000E+00
 -9.50655E-01 -5.81583E-01  1.46364E-02  5.98940E-01  9.51815E-01      -1.00000E+00  1.00000E+00
 -9.13650E-01 -3.75518E-01  2.65285E-01  7.34335E-01  9.69240E-01      -1.00000E+00  1.00000E+00
 -9.18372E-01 -3.89685E-01  2.45535E-01  7.25637E-01  9.68703E-01      -1.00000E+00  1.00000E+00
 -9.21203E-01 -4.12678E-01  2.14173E-01  7.04862E-01  9.68025E-01      -1.00000E+00  1.00000E+00
 -9.22652E-01 -4.37048E-01  1.86358E-01  6.83312E-01  9.63023E-01      -1.00000E+00  1.00000E+00
 -9.40510E-01 -5.14112E-01  1.12679E-01  6.58447E-01  9.60433E-01      -1.00000E+00  1.00000E+00
 -7.61762E-01  4.50933E-02  5.81452E-01  8.60673E-01  9.85170E-01      -1.00000E+00  1.00000E+00
 -7.40560E-01  6.17157E-02  5.76778E-01  8.60540E-01  9.84955E-01      -1.00000E+00  1.00000E+00
 -7.72743E-01 -5.65250E-03  5.34315E-01  8.42845E-01  9.83557E-01      -1.00000E+00  1.00000E+00
 -8.21320E-01 -1.11725E-01  4.71745E-01  8.23962E-01  9.80268E-01      -1.00000E+00  1.00000E+00
 -8.99910E-01 -3.41730E-01  2.94625E-01  7.45485E-01  9.70935E-01      -1.00000E+00  1.00000E+00
  2.83725E-01  7.01795E-01  8.78037E-01  9.61602E-01  9.95823E-01      -9.79450E-01  1.00000E+00
  3.15586E-01  7.02830E-01  8.75145E-01  9.59670E-01  9.95537E-01      -9.05160E-01  1.00000E+00
  3.04006E-01  6.80265E-01  8.64173E-01  9.55735E-01  9.95357E-01      -9.52650E-01  1.00000E+00
  2.98779E-01  6.62238E-01  8.49680E-01  9.49115E-01  9.94615E-01      -9.19560E-01  1.00000E+00
  1.78157E-01  6.01385E-01  8.15965E-01  9.37375E-01  9.92915E-01      -1.00000E+00  1.00000E+00


    2.   4.00   42.  95.94  2.00E+03  7.00E+01  6.42E-01  4.43E-01     5   0.00

  5.86920E+02  1.21400E+03  1.54000E+03  1.73250E+03  1.87800E+03       5.04100E-02  1.97460E+03

  4.30300E-01  6.31390E-01  7.64365E-01  8.69550E-01  9.59190E-01       6.45470E-02  1.00000E+00
  3.66585E-01  5.71300E-01  7.14720E-01  8.36215E-01  9.47235E-01       3.40140E-02  1.00000E+00
  3.01055E-01  4.84760E-01  6.29940E-01  7.71910E-01  9.19945E-01       2.76190E-02  9.99990E-01
  2.44420E-01  4.01255E-01  5.41215E-01  6.94870E-01  8.85055E-01       3.56780E-02  1.00000E+00
  1.49875E-01  2.48820E-01  3.44740E-01  4.60445E-01  6.33495E-01       2.01350E-02  9.99320E-01

 -9.51048E-01 -5.83230E-01 -3.49550E-03  5.87403E-01  9.50295E-01      -1.00000E+00  1.00000E+00
 -9.53403E-01 -5.85255E-01  6.69962E-03  5.92930E-01  9.48902E-01      -1.00000E+00  1.00000E+00
 -9.49632E-01 -5.75492E-01  1.81448E-03  5.87342E-01  9.50168E-01      -1.00000E+00  1.00000E+00
 -9.48445E-01 -5.76618E-01  1.63276E-02  5.92562E-01  9.53327E-01      -1.00000E+00  1.00000E+00
 -9.48157E-01 -5.74418E-01  2.33683E-02  6.02380E-01  9.52652E-01      -1.00000E+00  1.00000E+00
 -9.37310E-01 -4.99908E-01  1.12199E-01  6.57895E-01  9.61165E-01      -1.00000E+00  1.00000E+00
 -9.36940E-01 -5.10388E-01  1.15348E-01  6.56373E-01  9.61220E-01      -1.00000E+00  1.00000E+00
 -9.39043E-01 -5.16020E-01  9.79070E-02  6.49050E-01  9.58243E-01      -1.00000E+00  1.00000E+00
 -9.41950E-01 -5.28015E-01  7.97778E-02  6.35130E-01  9.56335E-01      -1.00000E+00  1.00000E+00
 -9.47087E-01 -5.60595E-01  4.24065E-02  6.17387E-01  9.53985E-01      -1.00000E+00  1.00000E+00
 -8.60080E-01 -1.27917E-01  4.70793E-01  8.23795E-01  9.80913E-01      -1.00000E+00  1.00000E+00
 -8.57505E-01 -1.41885E-01  4.59193E-01  8.17702E-01  9.80853E-01      -1.00000E+00  1.00000E+00
 -8.58005E-01 -1.73083E-01  4.29855E-01  8.04127E-01  9.78875E-01      -1.00000E+00  1.00000E+00
 -8.79933E-01 -2.45242E-01  3.77740E-01  7.85342E-01  9.76587E-01      -1.00000E+00  1.00000E+00
 -9.20508E-01 -4.11070E-01  2.21826E-01  7.12847E-01  9.69965E-01      -1.00000E+00  1.00000E+00
 -2.03765E-01  4.96720E-01  7.99240E-01  9.37323E-01  9.93475E-01      -1.00000E+00  1.00000E+00
 -1.64718E-01  4.87615E-01  7.91130E-01  9.33030E-01  9.93017E-01      -1.00000E+00  1.00000E+00
 -2.17348E-01  4.36370E-01  7.62455E-01  9.24138E-01  9.92023E-01      -1.00000E+00  1.00000E+00
 -3.12944E-01  3.11076E-01  6.94240E-01  8.99640E-01  9.89395E-01      -1.00000E+00  1.00000E+00
 -5.52052E-01  4.76575E-02  5.21513E-01  8.33570E-01  9.82203E-01      -1.00000E+00  1.00000E+00
  6.48170E-01  8.65808E-01  9.48527E-01  9.83730E-01  9.98377E-01      -3.62900E-01  1.00000E+00
  6.52807E-01  8.63053E-01  9.44220E-01  9.82587E-01  9.98058E-01      -3.06570E-01  1.00000E+00
  6.44253E-01  8.46375E-01  9.36685E-01  9.79000E-01  9.97750E-01      -3.71050E-01  1.00000E+00
  6.47102E-01  8.33460E-01  9.26900E-01  9.75440E-01  9.97405E-01      -4.06980E-01  1.00000E+00
  6.83150E-01  8.51415E-01  9.31042E-01  9.76338E-01  9.97425E-01      -4.87280E-01  1.00000E+00


    2.   4.00   42.  95.94  2.00E+03  8.00E+01  7.63E-01  6.06E-01     5   0.00

  8.70480E+02  1.54070E+03  1.78090E+03  1.89250E+03  1.95200E+03       5.12870E-02  1.98590E+03

  4.06935E-01  6.08725E-01  7.45650E-01  8.57940E-01  9.55435E-01       4.77140E-02  9.99990E-01
  2.81205E-01  4.59060E-01  6.04805E-01  7.50660E-01  9.10595E-01       3.75880E-02  1.00000E+00
  1.96325E-01  3.29385E-01  4.64265E-01  6.30925E-01  8.55675E-01       1.85750E-02  9.99980E-01
  1.31860E-01  2.16465E-01  3.10490E-01  4.38205E-01  6.43640E-01       1.81530E-02  9.88480E-01
  7.61295E-02  1.21656E-01  1.72365E-01  2.41240E-01  3.53500E-01       6.87500E-03  7.03190E-01

 -9.46585E-01 -5.61470E-01  3.52119E-02  6.14722E-01  9.53973E-01      -1.00000E+00  1.00000E+00
 -9.48390E-01 -5.65505E-01  3.38598E-02  6.08707E-01  9.53248E-01      -1.00000E+00  1.00000E+00
 -9.45915E-01 -5.68013E-01  3.74763E-02  6.12982E-01  9.54937E-01      -1.00000E+00  1.00000E+00
 -9.50380E-01 -5.75265E-01  2.35099E-02  6.02318E-01  9.51242E-01      -1.00000E+00  1.00000E+00
 -9.50315E-01 -5.76188E-01  1.82271E-02  6.00002E-01  9.53310E-01      -1.00000E+00  1.00000E+00
 -8.90992E-01 -2.14417E-01  4.30165E-01  8.12652E-01  9.78645E-01      -1.00000E+00  1.00000E+00
 -8.61253E-01 -1.42212E-01  4.62465E-01  8.17300E-01  9.80585E-01      -1.00000E+00  1.00000E+00
 -8.74253E-01 -1.89942E-01  4.20065E-01  8.00910E-01  9.78470E-01      -1.00000E+00  1.00000E+00
 -8.80740E-01 -2.49681E-01  3.68947E-01  7.79635E-01  9.75965E-01      -1.00000E+00  1.00000E+00
 -9.17780E-01 -3.90688E-01  2.33847E-01  7.18450E-01  9.67890E-01      -1.00000E+00  1.00000E+00
  6.30125E-02  6.40798E-01  8.69010E-01  9.61200E-01  9.95953E-01      -9.74110E-01  1.00000E+00
  8.76875E-02  6.42748E-01  8.62085E-01  9.56995E-01  9.95632E-01      -9.48940E-01  1.00000E+00
  1.69450E-02  5.68950E-01  8.26525E-01  9.45525E-01  9.94202E-01      -9.97090E-01  1.00000E+00
 -1.07460E-01  4.32517E-01  7.55105E-01  9.20348E-01  9.91365E-01      -1.00000E+00  1.00000E+00
 -3.25580E-01  1.43676E-01  5.60215E-01  8.45440E-01  9.83665E-01      -1.00000E+00  1.00000E+00
  7.13615E-01  9.12382E-01  9.69453E-01  9.90930E-01  9.99050E-01      -1.38470E-01  1.00000E+00
  7.08010E-01  9.01275E-01  9.62975E-01  9.88735E-01  9.98880E-01      -5.97210E-02  1.00000E+00
  6.71813E-01  8.72668E-01  9.50940E-01  9.84655E-01  9.98433E-01      -4.19520E-02  1.00000E+00
  6.61470E-01  8.38568E-01  9.32570E-01  9.78433E-01  9.97685E-01      -1.17640E-01  1.00000E+00
  7.28285E-01  8.56877E-01  9.31615E-01  9.76790E-01  9.97553E-01       2.02580E-02  1.00000E+00
  9.37793E-01  9.81962E-01  9.93458E-01  9.98012E-01  9.99800E-01       5.76970E-01  1.00000E+00
  9.26390E-01  9.75220E-01  9.90665E-01  9.97130E-01  9.99692E-01       5.70920E-01  1.00000E+00
  9.16795E-01  9.68208E-01  9.87510E-01  9.96195E-01  9.99610E-01       6.22360E-01  1.00000E+00
  9.13453E-01  9.61097E-01  9.83305E-01  9.94692E-01  9.99463E-01       6.34720E-01  1.00000E+00
  9.32790E-01  9.69510E-01  9.86345E-01  9.95323E-01  9.99503E-01       6.43810E-01  1.00000E+00


    2.   4.00   42.  95.94  2.00E+03  8.50E+01  9.00E-01  8.18E-01     5   0.00

  1.49310E+03  1.89280E+03  1.94190E+03  1.96450E+03  1.97710E+03       5.34710E-02  1.98970E+03

  2.91665E-01  4.73215E-01  6.21445E-01  7.66900E-01  9.20625E-01       2.90250E-02  1.00000E+00
  1.11547E-01  1.90185E-01  2.92050E-01  4.49130E-01  6.99245E-01       2.09430E-02  9.99960E-01
  7.66195E-02  1.17220E-01  1.68340E-01  2.54460E-01  4.27880E-01       1.64900E-02  7.29150E-01
  6.53875E-02  9.60735E-02  1.31405E-01  1.84075E-01  2.78500E-01       1.74350E-02  5.06810E-01
  3.85445E-02  5.49450E-02  7.27670E-02  9.89110E-02  1.49870E-01       6.23730E-03  3.35140E-01

 -8.19670E-01 -2.29426E-01  3.75958E-01  7.82727E-01  9.76793E-01      -1.00000E+00  1.00000E+00
 -7.90288E-01 -1.83795E-01  3.81661E-01  7.75530E-01  9.75410E-01      -1.00000E+00  1.00000E+00
 -8.25283E-01 -2.34277E-01  3.45088E-01  7.60428E-01  9.72875E-01      -1.00000E+00  1.00000E+00
 -8.71840E-01 -3.33913E-01  2.62540E-01  7.25670E-01  9.69915E-01      -1.00000E+00  1.00000E+00
 -9.25427E-01 -4.85513E-01  9.55498E-02  6.46763E-01  9.60433E-01      -1.00000E+00  1.00000E+00
  6.73003E-01  9.00035E-01  9.69320E-01  9.91862E-01  9.99197E-01      -3.50900E-01  1.00000E+00
  6.47358E-01  8.81250E-01  9.59165E-01  9.88080E-01  9.98777E-01      -4.48380E-01  1.00000E+00
  5.86020E-01  8.27248E-01  9.34365E-01  9.80695E-01  9.98058E-01      -6.60420E-01  1.00000E+00
  5.38765E-01  7.56657E-01  8.88813E-01  9.64398E-01  9.96410E-01      -3.89900E-01  1.00000E+00
  5.59747E-01  7.71713E-01  8.85902E-01  9.58335E-01  9.95443E-01      -9.98260E-01  1.00000E+00
  9.53353E-01  9.89405E-01  9.96367E-01  9.98940E-01  9.99893E-01       6.17600E-01  1.00000E+00
  9.34742E-01  9.83550E-01  9.94303E-01  9.98350E-01  9.99830E-01       5.91380E-01  1.00000E+00
  9.06765E-01  9.73385E-01  9.90522E-01  9.97190E-01  9.99712E-01       6.22640E-01  1.00000E+00
  8.76165E-01  9.51743E-01  9.81887E-01  9.94453E-01  9.99393E-01       5.57040E-01  1.00000E+00
  9.03778E-01  9.49535E-01  9.76595E-01  9.92333E-01  9.99173E-01       6.83430E-01  1.00000E+00
  9.77477E-01  9.93678E-01  9.97673E-01  9.99293E-01  9.99925E-01       8.35880E-01  1.00000E+00
  9.72087E-01  9.91810E-01  9.96982E-01  9.99080E-01  9.99907E-01       8.30300E-01  1.00000E+00
  9.64883E-01  9.88405E-01  9.95615E-01  9.98638E-01  9.99860E-01       8.41140E-01  1.00000E+00
  9.56485E-01  9.82560E-01  9.93110E-01  9.97817E-01  9.99773E-01       8.31510E-01  1.00000E+00
  9.65588E-01  9.84077E-01  9.92895E-01  9.97620E-01  9.99742E-01       8.54630E-01  1.00000E+00
  9.95263E-01  9.98440E-01  9.99387E-01  9.99807E-01  9.99980E-01       9.18770E-01  1.00000E+00
  9.93727E-01  9.97940E-01  9.99193E-01  9.99745E-01  9.99970E-01       9.23050E-01  1.00000E+00
  9.91540E-01  9.97165E-01  9.98868E-01  9.99638E-01  9.99965E-01       9.25080E-01  1.00000E+00
  9.88653E-01  9.95835E-01  9.98338E-01  9.99475E-01  9.99945E-01       9.28730E-01  1.00000E+00
  9.87788E-01  9.94957E-01  9.97875E-01  9.99300E-01  9.99925E-01       9.36440E-01  1.00000E+00


    2.   4.00   42.  95.94  5.00E+03  0.00E+00  2.94E-01  1.35E-01     5   0.00

  6.57710E+02  1.60580E+03  2.35620E+03  3.05580E+03  3.84390E+03       5.01880E-02  4.60610E+03

  4.34025E-01  6.38775E-01  7.71185E-01  8.73390E-01  9.60765E-01       5.97870E-02  1.00000E+00
  4.04475E-01  6.17470E-01  7.56365E-01  8.65845E-01  9.58315E-01       5.03750E-02  9.99990E-01
  3.97105E-01  6.12750E-01  7.52130E-01  8.62885E-01  9.56965E-01       3.56350E-02  1.00000E+00
  3.84510E-01  5.96025E-01  7.36340E-01  8.51440E-01  9.52870E-01       2.85560E-02  1.00000E+00
  3.05405E-01  4.96090E-01  6.41990E-01  7.78005E-01  9.21270E-01       2.55440E-02  9.99990E-01

 -9.49603E-01 -5.95873E-01 -1.18771E-03  5.92030E-01  9.49055E-01      -1.00000E+00  1.00000E+00
 -9.51917E-01 -5.89925E-01 -1.07782E-02  5.82178E-01  9.49810E-01      -1.00000E+00  1.00000E+00
 -9.49447E-01 -5.86870E-01  7.27377E-03  5.91135E-01  9.50525E-01      -1.00000E+00  1.00000E+00
 -9.51050E-01 -5.87900E-01  1.01152E-02  5.95487E-01  9.55430E-01      -1.00000E+00  1.00000E+00
 -9.50423E-01 -5.81250E-01  1.95925E-03  5.84660E-01  9.50662E-01      -1.00000E+00  1.00000E+00
 -9.50060E-01 -5.87932E-01  6.40995E-03  5.98052E-01  9.53313E-01      -1.00000E+00  1.00000E+00
 -9.53138E-01 -5.89002E-01 -3.08582E-03  5.94545E-01  9.52255E-01      -1.00000E+00  1.00000E+00
 -9.50198E-01 -5.87012E-01 -1.38275E-03  5.89530E-01  9.51180E-01      -1.00000E+00  1.00000E+00
 -9.51943E-01 -5.79603E-01  5.14800E-03  5.93090E-01  9.52643E-01      -1.00000E+00  1.00000E+00
 -9.52192E-01 -5.99950E-01 -8.31287E-03  5.86820E-01  9.50265E-01      -1.00000E+00  1.00000E+00
 -9.51780E-01 -5.82390E-01  6.95055E-03  5.84030E-01  9.48872E-01      -1.00000E+00  1.00000E+00
 -9.49752E-01 -5.84623E-01  1.04602E-02  5.94978E-01  9.50322E-01      -1.00000E+00  1.00000E+00
 -9.49625E-01 -5.80808E-01 -2.46575E-04  5.92835E-01  9.50802E-01      -1.00000E+00  1.00000E+00
 -9.48755E-01 -5.95427E-01 -1.82730E-03  5.82885E-01  9.52430E-01      -1.00000E+00  1.00000E+00
 -9.49958E-01 -5.90467E-01 -1.15803E-02  5.82135E-01  9.52510E-01      -1.00000E+00  1.00000E+00
 -9.48935E-01 -5.78367E-01  1.21885E-02  5.87050E-01  9.49373E-01      -1.00000E+00  1.00000E+00
 -9.49353E-01 -5.81975E-01 -1.17947E-02  5.77500E-01  9.47205E-01      -1.00000E+00  1.00000E+00
 -9.51758E-01 -6.00722E-01 -4.43210E-03  5.82102E-01  9.51313E-01      -1.00000E+00  1.00000E+00
 -9.49428E-01 -5.87185E-01 -1.51931E-02  5.97407E-01  9.53440E-01      -1.00000E+00  1.00000E+00
 -9.53593E-01 -6.00353E-01  2.70887E-03  5.88535E-01  9.50140E-01      -1.00000E+00  1.00000E+00
 -9.53510E-01 -5.91843E-01 -1.07291E-02  5.92770E-01  9.52128E-01      -1.00000E+00  1.00000E+00
 -9.49323E-01 -5.82337E-01  5.82678E-03  5.82495E-01  9.52207E-01      -1.00000E+00  1.00000E+00
 -9.51630E-01 -5.93785E-01 -1.39508E-02  5.82758E-01  9.52522E-01      -1.00000E+00  1.00000E+00
 -9.50678E-01 -5.75885E-01  8.12750E-03  5.86688E-01  9.47885E-01      -1.00000E+00  1.00000E+00
 -9.49030E-01 -5.74355E-01  1.03408E-02  5.93960E-01  9.52878E-01      -1.00000E+00  1.00000E+00


    2.   4.00   42.  95.94  5.00E+03  3.00E+01  3.42E-01  1.68E-01     5   0.00

  7.39700E+02  1.75650E+03  2.53610E+03  3.23620E+03  3.98600E+03       5.14170E-02  4.76010E+03

  4.30450E-01  6.36775E-01  7.69555E-01  8.73490E-01  9.60720E-01       5.95990E-02  1.00000E+00
  3.99355E-01  6.15390E-01  7.54500E-01  8.64315E-01  9.58025E-01       2.88530E-02  1.00000E+00
  3.87495E-01  6.03245E-01  7.45095E-01  8.58270E-01  9.55595E-01       3.46410E-02  1.00000E+00
  3.68420E-01  5.75295E-01  7.17115E-01  8.36190E-01  9.46795E-01       2.16730E-02  1.00000E+00
  2.83255E-01  4.64220E-01  6.07795E-01  7.48175E-01  9.04285E-01       2.79600E-02  9.99990E-01

 -9.49685E-01 -5.79450E-01  4.90400E-04  5.91902E-01  9.54008E-01      -1.00000E+00  1.00000E+00
 -9.52688E-01 -5.89050E-01 -1.25214E-02  5.75813E-01  9.49188E-01      -1.00000E+00  1.00000E+00
 -9.51200E-01 -5.83710E-01  1.66035E-02  5.84495E-01  9.49228E-01      -1.00000E+00  1.00000E+00
 -9.53483E-01 -5.88002E-01  5.76253E-03  5.89305E-01  9.49287E-01      -1.00000E+00  1.00000E+00
 -9.53545E-01 -6.00197E-01 -1.26605E-02  5.77562E-01  9.49460E-01      -1.00000E+00  1.00000E+00
 -9.48060E-01 -5.85380E-01  1.50548E-02  5.91193E-01  9.53577E-01      -1.00000E+00  1.00000E+00
 -9.47295E-01 -5.74883E-01  8.49090E-03  5.95592E-01  9.51895E-01      -1.00000E+00  1.00000E+00
 -9.50410E-01 -5.79888E-01  8.52925E-03  5.99712E-01  9.53605E-01      -1.00000E+00  1.00000E+00
 -9.53313E-01 -5.88795E-01  1.61550E-03  5.85998E-01  9.51820E-01      -1.00000E+00  1.00000E+00
 -9.50512E-01 -5.82242E-01  9.08883E-03  5.92477E-01  9.52482E-01      -1.00000E+00  1.00000E+00
 -9.40390E-01 -5.28188E-01  8.44017E-02  6.42935E-01  9.57955E-01      -1.00000E+00  1.00000E+00
 -9.43473E-01 -5.41512E-01  7.34687E-02  6.33325E-01  9.56258E-01      -1.00000E+00  1.00000E+00
 -9.43370E-01 -5.33213E-01  7.20590E-02  6.25603E-01  9.59377E-01      -1.00000E+00  1.00000E+00
 -9.46318E-01 -5.46050E-01  5.26705E-02  6.19773E-01  9.53800E-01      -1.00000E+00  1.00000E+00
 -9.48918E-01 -5.63678E-01  3.16533E-02  5.99958E-01  9.54205E-01      -1.00000E+00  1.00000E+00
 -9.11250E-01 -3.60190E-01  2.64335E-01  7.30780E-01  9.71048E-01      -1.00000E+00  1.00000E+00
 -9.13027E-01 -3.83505E-01  2.62120E-01  7.31977E-01  9.69708E-01      -1.00000E+00  1.00000E+00
 -9.22007E-01 -4.16105E-01  2.10010E-01  7.05085E-01  9.65070E-01      -1.00000E+00  1.00000E+00
 -9.28573E-01 -4.62140E-01  1.56037E-01  6.81212E-01  9.65078E-01      -1.00000E+00  1.00000E+00
 -9.41392E-01 -5.24435E-01  7.95195E-02  6.42400E-01  9.57190E-01      -1.00000E+00  1.00000E+00
 -7.18587E-01  8.46100E-02  5.81925E-01  8.60803E-01  9.84995E-01      -1.00000E+00  1.00000E+00
 -7.27367E-01  5.59275E-02  5.64368E-01  8.52055E-01  9.84790E-01      -1.00000E+00  1.00000E+00
 -7.37958E-01  1.56200E-02  5.42495E-01  8.42970E-01  9.82735E-01      -1.00000E+00  1.00000E+00
 -7.83793E-01 -6.53775E-02  4.71950E-01  8.18535E-01  9.80425E-01      -1.00000E+00  1.00000E+00
 -8.73657E-01 -2.58700E-01  3.48428E-01  7.63020E-01  9.73662E-01      -1.00000E+00  1.00000E+00


    2.   4.00   42.  95.94  5.00E+03  4.50E+01  4.07E-01  2.15E-01     5   0.00

  8.57240E+02  1.96980E+03  2.78710E+03  3.47840E+03  4.15840E+03       5.00440E-02  4.83610E+03

  4.25455E-01  6.32185E-01  7.67475E-01  8.71925E-01  9.60385E-01       4.78970E-02  1.00000E+00
  3.91695E-01  6.07545E-01  7.48300E-01  8.60540E-01  9.56485E-01       4.44160E-02  1.00000E+00
  3.71440E-01  5.84690E-01  7.27115E-01  8.44285E-01  9.50750E-01       2.61110E-02  1.00000E+00
  3.41985E-01  5.39285E-01  6.83560E-01  8.11790E-01  9.36665E-01       3.59000E-02  1.00000E+00
  2.51890E-01  4.17815E-01  5.54255E-01  6.97380E-01  8.74590E-01       2.30380E-02  9.99980E-01

 -9.49877E-01 -5.88455E-01  3.71753E-03  5.93938E-01  9.51533E-01      -1.00000E+00  1.00000E+00
 -9.50698E-01 -5.90855E-01 -8.99625E-03  5.89415E-01  9.50422E-01      -1.00000E+00  1.00000E+00
 -9.50307E-01 -5.90727E-01 -1.30636E-02  5.82217E-01  9.50442E-01      -1.00000E+00  1.00000E+00
 -9.53698E-01 -5.84803E-01 -3.74630E-03  5.91395E-01  9.51415E-01      -1.00000E+00  1.00000E+00
 -9.52390E-01 -5.89473E-01 -1.12081E-03  5.78093E-01  9.53202E-01      -1.00000E+00  1.00000E+00
 -9.44608E-01 -5.65562E-01  3.50092E-02  6.10783E-01  9.54150E-01      -1.00000E+00  1.00000E+00
 -9.46398E-01 -5.69168E-01  3.74530E-02  6.00900E-01  9.53397E-01      -1.00000E+00  1.00000E+00
 -9.47960E-01 -5.72318E-01  2.95292E-02  6.06655E-01  9.54908E-01      -1.00000E+00  1.00000E+00
 -9.50208E-01 -5.69773E-01  1.32487E-02  5.92895E-01  9.51313E-01      -1.00000E+00  1.00000E+00
 -9.49307E-01 -5.82343E-01  2.00105E-02  5.98650E-01  9.52645E-01      -1.00000E+00  1.00000E+00
 -9.27852E-01 -4.38238E-01  2.00182E-01  6.99882E-01  9.66303E-01      -1.00000E+00  1.00000E+00
 -9.24130E-01 -4.50242E-01  1.82320E-01  6.88567E-01  9.64920E-01      -1.00000E+00  1.00000E+00
 -9.30110E-01 -4.73903E-01  1.59529E-01  6.70160E-01  9.62718E-01      -1.00000E+00  1.00000E+00
 -9.38383E-01 -4.95787E-01  1.24443E-01  6.66290E-01  9.61030E-01      -1.00000E+00  1.00000E+00
 -9.45197E-01 -5.45417E-01  6.77710E-02  6.31168E-01  9.58730E-01      -1.00000E+00  1.00000E+00
 -8.42490E-01 -1.19308E-01  4.64855E-01  8.19285E-01  9.80542E-01      -1.00000E+00  1.00000E+00
 -8.60640E-01 -1.70496E-01  4.31030E-01  8.06357E-01  9.79803E-01      -1.00000E+00  1.00000E+00
 -8.67560E-01 -1.96250E-01  4.13520E-01  8.01583E-01  9.77625E-01      -1.00000E+00  1.00000E+00
 -8.94783E-01 -2.83798E-01  3.36730E-01  7.67510E-01  9.73237E-01      -1.00000E+00  1.00000E+00
 -9.28278E-01 -4.41348E-01  1.80950E-01  6.88318E-01  9.65520E-01      -1.00000E+00  1.00000E+00
 -3.22964E-01  4.28165E-01  7.62388E-01  9.24280E-01  9.92205E-01      -1.00000E+00  1.00000E+00
 -3.33152E-01  3.81915E-01  7.36660E-01  9.14903E-01  9.90960E-01      -1.00000E+00  1.00000E+00
 -3.76767E-01  3.57782E-01  7.25222E-01  9.11120E-01  9.90585E-01      -1.00000E+00  1.00000E+00
 -4.44392E-01  2.60470E-01  6.64878E-01  8.90030E-01  9.87828E-01      -1.00000E+00  1.00000E+00
 -6.39615E-01  2.98400E-02  5.26625E-01  8.34623E-01  9.81525E-01      -1.00000E+00  1.00000E+00


    2.   4.00   42.  95.94  5.00E+03  6.00E+01  5.03E-01  2.98E-01     5   0.00

  1.07580E+03  2.34120E+03  3.19770E+03  3.84580E+03  4.40610E+03       5.20290E-02  4.90960E+03

  4.18150E-01  6.27560E-01  7.62365E-01  8.69935E-01  9.59800E-01       4.62830E-02  1.00000E+00
  3.78575E-01  5.89700E-01  7.32990E-01  8.50265E-01  9.52325E-01       4.29780E-02  1.00000E+00
  3.37150E-01  5.38565E-01  6.84380E-01  8.13075E-01  9.37875E-01       4.00200E-02  1.00000E+00
  2.87185E-01  4.66885E-01  6.10830E-01  7.52530E-01  9.09975E-01       2.76890E-02  9.99990E-01
  1.98825E-01  3.36385E-01  4.60650E-01  6.01670E-01  7.97760E-01       2.36640E-02  1.00000E+00

 -9.50465E-01 -5.90757E-01  3.60140E-03  5.90677E-01  9.50405E-01      -1.00000E+00  1.00000E+00
 -9.52935E-01 -5.89845E-01  2.10260E-03  5.81720E-01  9.49028E-01      -1.00000E+00  1.00000E+00
 -9.49933E-01 -5.83515E-01  8.48678E-03  5.93235E-01  9.52973E-01      -1.00000E+00  1.00000E+00
 -9.50873E-01 -5.80465E-01  1.05154E-02  5.96333E-01  9.53923E-01      -1.00000E+00  1.00000E+00
 -9.49588E-01 -5.80483E-01 -3.06733E-03  5.84037E-01  9.51277E-01      -1.00000E+00  1.00000E+00
 -9.40032E-01 -5.12795E-01  1.09419E-01  6.58748E-01  9.61198E-01      -1.00000E+00  1.00000E+00
 -9.38717E-01 -5.11160E-01  9.63755E-02  6.53160E-01  9.61200E-01      -1.00000E+00  1.00000E+00
 -9.44595E-01 -5.40205E-01  7.37498E-02  6.26555E-01  9.55348E-01      -1.00000E+00  1.00000E+00
 -9.44362E-01 -5.48018E-01  6.76682E-02  6.34587E-01  9.56208E-01      -1.00000E+00  1.00000E+00
 -9.48298E-01 -5.65473E-01  3.68700E-02  6.09045E-01  9.56080E-01      -1.00000E+00  1.00000E+00
 -8.68685E-01 -1.91543E-01  4.14108E-01  7.99983E-01  9.77627E-01      -1.00000E+00  1.00000E+00
 -8.74615E-01 -2.14380E-01  3.95025E-01  7.90332E-01  9.76818E-01      -1.00000E+00  1.00000E+00
 -8.82660E-01 -2.63143E-01  3.52195E-01  7.70835E-01  9.74647E-01      -1.00000E+00  1.00000E+00
 -9.07100E-01 -3.38282E-01  2.92982E-01  7.39645E-01  9.71262E-01      -1.00000E+00  1.00000E+00
 -9.25300E-01 -4.43483E-01  1.75807E-01  6.89752E-01  9.64687E-01      -1.00000E+00  1.00000E+00
 -6.11120E-01  2.88460E-01  7.03097E-01  9.05490E-01  9.90263E-01      -1.00000E+00  1.00000E+00
 -6.29585E-01  2.38182E-01  6.76800E-01  8.98042E-01  9.89363E-01      -1.00000E+00  1.00000E+00
 -6.84368E-01  1.75604E-01  6.43593E-01  8.82838E-01  9.87645E-01      -1.00000E+00  1.00000E+00
 -7.76745E-01  2.64060E-02  5.55822E-01  8.55428E-01  9.84830E-01      -1.00000E+00  1.00000E+00
 -8.82970E-01 -2.53404E-01  3.64082E-01  7.76323E-01  9.75162E-01      -1.00000E+00  1.00000E+00
  2.18867E-01  7.22078E-01  8.91485E-01  9.65647E-01  9.96450E-01      -9.99990E-01  1.00000E+00
  2.24035E-01  7.03283E-01  8.78885E-01  9.60660E-01  9.96012E-01      -1.00000E+00  1.00000E+00
  1.80715E-01  6.72795E-01  8.64225E-01  9.56205E-01  9.95510E-01      -1.00000E+00  1.00000E+00
  8.19525E-02  5.94603E-01  8.25525E-01  9.44920E-01  9.94050E-01      -1.00000E+00  1.00000E+00
 -1.17362E-01  4.16444E-01  7.29618E-01  9.08325E-01  9.90372E-01      -1.00000E+00  1.00000E+00


    2.   4.00   42.  95.94  5.00E+03  7.00E+01  5.87E-01  3.84E-01     5   0.00

  1.32680E+03  2.75250E+03  3.61160E+03  4.17270E+03  4.61120E+03       5.14640E-02  4.94270E+03

  4.09480E-01  6.19770E-01  7.56820E-01  8.65640E-01  9.57840E-01       3.81850E-02  1.00000E+00
  3.53550E-01  5.59190E-01  7.05975E-01  8.30770E-01  9.44185E-01       2.85620E-02  1.00000E+00
  2.87350E-01  4.70490E-01  6.16165E-01  7.58175E-01  9.13180E-01       2.85070E-02  9.99990E-01
  2.28280E-01  3.80705E-01  5.18120E-01  6.71495E-01  8.71220E-01       2.80880E-02  9.99980E-01
  1.48790E-01  2.52705E-01  3.53965E-01  4.80890E-01  6.80545E-01       1.57000E-02  9.99980E-01

 -9.50462E-01 -5.74260E-01  2.48943E-02  6.01550E-01  9.51745E-01      -1.00000E+00  1.00000E+00
 -9.48045E-01 -5.74163E-01  8.23632E-03  5.86390E-01  9.50675E-01      -1.00000E+00  1.00000E+00
 -9.51137E-01 -5.76717E-01  1.48728E-02  5.94197E-01  9.51298E-01      -1.00000E+00  1.00000E+00
 -9.49492E-01 -5.75105E-01  1.32336E-02  6.01520E-01  9.53170E-01      -1.00000E+00  1.00000E+00
 -9.50732E-01 -5.84320E-01 -2.83427E-03  5.89330E-01  9.53480E-01      -1.00000E+00  1.00000E+00
 -9.11160E-01 -3.73505E-01  2.49417E-01  7.22688E-01  9.68895E-01      -1.00000E+00  1.00000E+00
 -9.18177E-01 -4.00660E-01  2.29137E-01  7.15780E-01  9.67900E-01      -1.00000E+00  1.00000E+00
 -9.20780E-01 -4.18720E-01  2.10170E-01  7.05603E-01  9.66500E-01      -1.00000E+00  1.00000E+00
 -9.33797E-01 -4.75750E-01  1.55318E-01  6.78767E-01  9.63015E-01      -1.00000E+00  1.00000E+00
 -9.38415E-01 -5.19245E-01  9.15142E-02  6.38872E-01  9.59567E-01      -1.00000E+00  1.00000E+00
 -7.05515E-01  1.50546E-01  6.31162E-01  8.82190E-01  9.87738E-01      -1.00000E+00  1.00000E+00
 -7.35348E-01  9.83485E-02  6.03675E-01  8.69878E-01  9.86395E-01      -1.00000E+00  1.00000E+00
 -7.72468E-01  2.18267E-02  5.61350E-01  8.53655E-01  9.84538E-01      -1.00000E+00  1.00000E+00
 -8.30323E-01 -1.04323E-01  4.81375E-01  8.23142E-01  9.81425E-01      -1.00000E+00  1.00000E+00
 -8.92830E-01 -3.02525E-01  3.09372E-01  7.52880E-01  9.72812E-01      -1.00000E+00  1.00000E+00
 -1.57481E-01  5.96215E-01  8.46722E-01  9.52508E-01  9.95065E-01      -1.00000E+00  1.00000E+00
 -1.33994E-01  5.84445E-01  8.34300E-01  9.49175E-01  9.95010E-01      -1.00000E+00  1.00000E+00
 -2.65151E-01  5.06110E-01  8.04882E-01  9.38645E-01  9.93420E-01      -1.00000E+00  1.00000E+00
 -4.35082E-01  3.64762E-01  7.37910E-01  9.15898E-01  9.91215E-01      -1.00000E+00  1.00000E+00
 -7.52200E-01 -2.59447E-02  5.30945E-01  8.40283E-01  9.82835E-01      -1.00000E+00  1.00000E+00
  6.33455E-01  8.78598E-01  9.53443E-01  9.85525E-01  9.98468E-01      -5.95000E-01  1.00000E+00
  6.13635E-01  8.62735E-01  9.46055E-01  9.82590E-01  9.98182E-01      -6.20880E-01  1.00000E+00
  5.79148E-01  8.40483E-01  9.35542E-01  9.79390E-01  9.97870E-01      -6.63950E-01  1.00000E+00
  5.40525E-01  8.04513E-01  9.19763E-01  9.74163E-01  9.97182E-01      -7.06990E-01  1.00000E+00
  4.82278E-01  7.58057E-01  8.92030E-01  9.63665E-01  9.96230E-01      -9.99940E-01  1.00000E+00


    2.   4.00   42.  95.94  5.00E+03  8.00E+01  7.06E-01  5.32E-01     5   0.00

  1.84840E+03  3.49780E+03  4.22940E+03  4.59830E+03  4.83830E+03       5.22650E-02  4.96750E+03

  3.90855E-01  6.00980E-01  7.42040E-01  8.56290E-01  9.54475E-01       3.79770E-02  1.00000E+00
  2.78870E-01  4.60085E-01  6.07755E-01  7.52800E-01  9.10835E-01       3.17900E-02  9.99990E-01
  1.90470E-01  3.24065E-01  4.55485E-01  6.15800E-01  8.43805E-01       2.44180E-02  9.99990E-01
  1.36630E-01  2.28565E-01  3.27685E-01  4.66480E-01  7.09330E-01       2.50770E-02  9.99870E-01
  7.94260E-02  1.33810E-01  1.94885E-01  2.80485E-01  4.34225E-01       1.39290E-02  8.86380E-01

 -9.43898E-01 -5.34175E-01  7.51598E-02  6.29760E-01  9.58048E-01      -1.00000E+00  1.00000E+00
 -9.47468E-01 -5.58938E-01  4.67585E-02  6.14188E-01  9.55155E-01      -1.00000E+00  1.00000E+00
 -9.46645E-01 -5.56335E-01  5.43400E-02  6.26570E-01  9.56897E-01      -1.00000E+00  1.00000E+00
 -9.47345E-01 -5.61107E-01  3.63717E-02  6.17105E-01  9.56765E-01      -1.00000E+00  1.00000E+00
 -9.47990E-01 -5.74605E-01  1.94343E-02  5.95135E-01  9.52285E-01      -1.00000E+00  1.00000E+00
 -7.62230E-01  6.52850E-02  5.92230E-01  8.64515E-01  9.86003E-01      -1.00000E+00  1.00000E+00
 -7.73510E-01  2.56725E-02  5.61440E-01  8.52727E-01  9.84230E-01      -1.00000E+00  1.00000E+00
 -7.99690E-01 -4.19300E-02  5.13448E-01  8.34958E-01  9.82205E-01      -1.00000E+00  1.00000E+00
 -8.43220E-01 -1.42603E-01  4.43038E-01  8.10958E-01  9.79557E-01      -1.00000E+00  1.00000E+00
 -9.09995E-01 -3.61943E-01  2.67615E-01  7.35733E-01  9.70867E-01      -1.00000E+00  1.00000E+00
 -5.21975E-02  6.81928E-01  8.85343E-01  9.65360E-01  9.96453E-01      -1.00000E+00  1.00000E+00
 -3.91175E-02  6.49047E-01  8.66847E-01  9.58775E-01  9.95648E-01      -1.00000E+00  1.00000E+00
 -1.68128E-01  5.78483E-01  8.37135E-01  9.49075E-01  9.94733E-01      -1.00000E+00  1.00000E+00
 -3.63130E-01  4.31540E-01  7.70487E-01  9.27860E-01  9.92762E-01      -1.00000E+00  1.00000E+00
 -7.34490E-01 -2.23350E-03  5.35295E-01  8.49407E-01  9.84143E-01      -1.00000E+00  1.00000E+00
  6.76770E-01  9.09655E-01  9.67718E-01  9.90100E-01  9.98982E-01      -5.27330E-01  1.00000E+00
  6.48255E-01  8.90065E-01  9.58803E-01  9.87503E-01  9.98677E-01      -5.17210E-01  1.00000E+00
  5.89703E-01  8.60357E-01  9.46672E-01  9.83652E-01  9.98293E-01      -6.51220E-01  1.00000E+00
  4.85207E-01  8.03042E-01  9.21457E-01  9.75825E-01  9.97455E-01      -5.89370E-01  1.00000E+00
  3.85339E-01  7.00280E-01  8.65960E-01  9.54990E-01  9.95302E-01      -1.00000E+00  1.00000E+00
  9.11583E-01  9.74765E-01  9.90912E-01  9.97278E-01  9.99718E-01       2.81000E-01  1.00000E+00
  8.91522E-01  9.66715E-01  9.87475E-01  9.96202E-01  9.99602E-01       2.90700E-01  1.00000E+00
  8.72520E-01  9.56747E-01  9.83500E-01  9.94842E-01  9.99465E-01       2.88020E-01  1.00000E+00
  8.53677E-01  9.42802E-01  9.76760E-01  9.92927E-01  9.99242E-01       2.57610E-01  1.00000E+00
  8.63217E-01  9.38952E-01  9.73223E-01  9.91217E-01  9.99083E-01       3.23820E-01  1.00000E+00


    2.   4.00   42.  95.94  5.00E+03  8.50E+01  8.23E-01  7.04E-01     5   0.00

  2.77220E+03  4.35890E+03  4.74170E+03  4.86490E+03  4.93100E+03       5.18770E-02  4.97770E+03

  3.32560E-01  5.32730E-01  6.78010E-01  8.08390E-01  9.35590E-01       3.21110E-02  1.00000E+00
  1.55820E-01  2.72120E-01  3.95885E-01  5.59110E-01  8.15455E-01       2.42510E-02  9.99990E-01
  8.61010E-02  1.42865E-01  2.15060E-01  3.32655E-01  5.79620E-01       1.97790E-02  9.94100E-01
  5.89055E-02  9.12310E-02  1.33255E-01  2.04890E-01  3.68755E-01       1.54720E-02  7.26700E-01
  4.00280E-02  6.14510E-02  8.80505E-02  1.29815E-01  2.14310E-01       7.89230E-03  4.80820E-01

 -8.73777E-01 -2.62754E-01  3.24220E-01  7.50830E-01  9.70993E-01      -1.00000E+00  1.00000E+00
 -8.86955E-01 -2.95524E-01  2.95022E-01  7.37202E-01  9.71117E-01      -1.00000E+00  1.00000E+00
 -8.98725E-01 -3.32742E-01  2.67072E-01  7.21488E-01  9.67698E-01      -1.00000E+00  1.00000E+00
 -9.11957E-01 -3.92158E-01  2.13997E-01  6.99010E-01  9.65395E-01      -1.00000E+00  1.00000E+00
 -9.34730E-01 -4.93065E-01  1.26305E-01  6.60230E-01  9.60862E-01      -1.00000E+00  1.00000E+00
  4.73175E-02  7.34943E-01  9.10362E-01  9.74385E-01  9.97390E-01      -1.00000E+00  1.00000E+00
  1.01910E-01  7.20882E-01  8.97855E-01  9.69172E-01  9.96885E-01      -1.00000E+00  1.00000E+00
 -2.64750E-02  6.43142E-01  8.66290E-01  9.59210E-01  9.95970E-01      -1.00000E+00  1.00000E+00
 -2.20180E-01  4.92860E-01  7.98720E-01  9.37828E-01  9.93502E-01      -1.00000E+00  1.00000E+00
 -5.45743E-01  1.20780E-01  5.85782E-01  8.61535E-01  9.85025E-01      -1.00000E+00  1.00000E+00
  8.61845E-01  9.69023E-01  9.89595E-01  9.96988E-01  9.99698E-01      -8.28650E-03  1.00000E+00
  8.39473E-01  9.58473E-01  9.85393E-01  9.95585E-01  9.99535E-01      -1.16710E-01  1.00000E+00
  7.78582E-01  9.37185E-01  9.77078E-01  9.93132E-01  9.99315E-01      -9.32440E-02  1.00000E+00
  6.87420E-01  8.91628E-01  9.58438E-01  9.87178E-01  9.98700E-01      -2.97390E-01  1.00000E+00
  6.70325E-01  8.35943E-01  9.27388E-01  9.75705E-01  9.97387E-01      -1.05830E-01  1.00000E+00
  9.70268E-01  9.92955E-01  9.97565E-01  9.99267E-01  9.99925E-01       6.44850E-01  1.00000E+00
  9.57340E-01  9.89090E-01  9.96150E-01  9.98858E-01  9.99885E-01       5.96150E-01  1.00000E+00
  9.37970E-01  9.82825E-01  9.93775E-01  9.98127E-01  9.99805E-01       6.01060E-01  1.00000E+00
  9.01840E-01  9.67895E-01  9.88263E-01  9.96387E-01  9.99628E-01       5.43830E-01  1.00000E+00
  8.96060E-01  9.53040E-01  9.80195E-01  9.93402E-01  9.99273E-01       6.31240E-01  1.00000E+00
  9.91052E-01  9.97535E-01  9.99092E-01  9.99725E-01  9.99970E-01       8.52780E-01  1.00000E+00
  9.85918E-01  9.95908E-01  9.98478E-01  9.99537E-01  9.99953E-01       8.61610E-01  1.00000E+00
  9.79487E-01  9.93657E-01  9.97613E-01  9.99270E-01  9.99925E-01       8.41590E-01  1.00000E+00
  9.71277E-01  9.89730E-01  9.95990E-01  9.98762E-01  9.99872E-01       8.53650E-01  1.00000E+00
  9.70303E-01  9.87393E-01  9.94660E-01  9.98260E-01  9.99818E-01       8.73060E-01  1.00000E+00



