Li_on_Li  
 
 
 
 
 
    3.   6.94    3.   6.94  1.00E+00  0.00E+00  0.00E+00

  0.00000E+00  0.00000E+00  0.00000E+00  0.00000E+00  0.00000E+00

  0.00000E+00  0.00000E+00  0.00000E+00  0.00000E+00  0.00000E+00
  0.00000E+00  0.00000E+00  0.00000E+00  0.00000E+00  0.00000E+00
  0.00000E+00  0.00000E+00  0.00000E+00  0.00000E+00  0.00000E+00
  0.00000E+00  0.00000E+00  0.00000E+00  0.00000E+00  0.00000E+00
  0.00000E+00  0.00000E+00  0.00000E+00  0.00000E+00  0.00000E+00

  0.00000E+00  0.00000E+00  0.00000E+00  0.00000E+00  0.00000E+00
  0.00000E+00  0.00000E+00  0.00000E+00  0.00000E+00  0.00000E+00
  0.00000E+00  0.00000E+00  0.00000E+00  0.00000E+00  0.00000E+00
  0.00000E+00  0.00000E+00  0.00000E+00  0.00000E+00  0.00000E+00
  0.00000E+00  0.00000E+00  0.00000E+00  0.00000E+00  0.00000E+00
  0.00000E+00  0.00000E+00  0.00000E+00  0.00000E+00  0.00000E+00
  0.00000E+00  0.00000E+00  0.00000E+00  0.00000E+00  0.00000E+00
  0.00000E+00  0.00000E+00  0.00000E+00  0.00000E+00  0.00000E+00
  0.00000E+00  0.00000E+00  0.00000E+00  0.00000E+00  0.00000E+00
  0.00000E+00  0.00000E+00  0.00000E+00  0.00000E+00  0.00000E+00
  0.00000E+00  0.00000E+00  0.00000E+00  0.00000E+00  0.00000E+00
  0.00000E+00  0.00000E+00  0.00000E+00  0.00000E+00  0.00000E+00
  0.00000E+00  0.00000E+00  0.00000E+00  0.00000E+00  0.00000E+00
  0.00000E+00  0.00000E+00  0.00000E+00  0.00000E+00  0.00000E+00
  0.00000E+00  0.00000E+00  0.00000E+00  0.00000E+00  0.00000E+00
  0.00000E+00  0.00000E+00  0.00000E+00  0.00000E+00  0.00000E+00
  0.00000E+00  0.00000E+00  0.00000E+00  0.00000E+00  0.00000E+00
  0.00000E+00  0.00000E+00  0.00000E+00  0.00000E+00  0.00000E+00
  0.00000E+00  0.00000E+00  0.00000E+00  0.00000E+00  0.00000E+00
  0.00000E+00  0.00000E+00  0.00000E+00  0.00000E+00  0.00000E+00
  0.00000E+00  0.00000E+00  0.00000E+00  0.00000E+00  0.00000E+00
  0.00000E+00  0.00000E+00  0.00000E+00  0.00000E+00  0.00000E+00
  0.00000E+00  0.00000E+00  0.00000E+00  0.00000E+00  0.00000E+00
  0.00000E+00  0.00000E+00  0.00000E+00  0.00000E+00  0.00000E+00
  0.00000E+00  0.00000E+00  0.00000E+00  0.00000E+00  0.00000E+00


    3.   6.94    3.   6.94  1.00E+00  3.00E+01  0.00E+00

  0.00000E+00  0.00000E+00  0.00000E+00  0.00000E+00  0.00000E+00

  0.00000E+00  0.00000E+00  0.00000E+00  0.00000E+00  0.00000E+00
  0.00000E+00  0.00000E+00  0.00000E+00  0.00000E+00  0.00000E+00
  0.00000E+00  0.00000E+00  0.00000E+00  0.00000E+00  0.00000E+00
  0.00000E+00  0.00000E+00  0.00000E+00  0.00000E+00  0.00000E+00
  0.00000E+00  0.00000E+00  0.00000E+00  0.00000E+00  0.00000E+00

  0.00000E+00  0.00000E+00  0.00000E+00  0.00000E+00  0.00000E+00
  0.00000E+00  0.00000E+00  0.00000E+00  0.00000E+00  0.00000E+00
  0.00000E+00  0.00000E+00  0.00000E+00  0.00000E+00  0.00000E+00
  0.00000E+00  0.00000E+00  0.00000E+00  0.00000E+00  0.00000E+00
  0.00000E+00  0.00000E+00  0.00000E+00  0.00000E+00  0.00000E+00
  0.00000E+00  0.00000E+00  0.00000E+00  0.00000E+00  0.00000E+00
  0.00000E+00  0.00000E+00  0.00000E+00  0.00000E+00  0.00000E+00
  0.00000E+00  0.00000E+00  0.00000E+00  0.00000E+00  0.00000E+00
  0.00000E+00  0.00000E+00  0.00000E+00  0.00000E+00  0.00000E+00
  0.00000E+00  0.00000E+00  0.00000E+00  0.00000E+00  0.00000E+00
  0.00000E+00  0.00000E+00  0.00000E+00  0.00000E+00  0.00000E+00
  0.00000E+00  0.00000E+00  0.00000E+00  0.00000E+00  0.00000E+00
  0.00000E+00  0.00000E+00  0.00000E+00  0.00000E+00  0.00000E+00
  0.00000E+00  0.00000E+00  0.00000E+00  0.00000E+00  0.00000E+00
  0.00000E+00  0.00000E+00  0.00000E+00  0.00000E+00  0.00000E+00
  0.00000E+00  0.00000E+00  0.00000E+00  0.00000E+00  0.00000E+00
  0.00000E+00  0.00000E+00  0.00000E+00  0.00000E+00  0.00000E+00
  0.00000E+00  0.00000E+00  0.00000E+00  0.00000E+00  0.00000E+00
  0.00000E+00  0.00000E+00  0.00000E+00  0.00000E+00  0.00000E+00
  0.00000E+00  0.00000E+00  0.00000E+00  0.00000E+00  0.00000E+00
  0.00000E+00  0.00000E+00  0.00000E+00  0.00000E+00  0.00000E+00
  0.00000E+00  0.00000E+00  0.00000E+00  0.00000E+00  0.00000E+00
  0.00000E+00  0.00000E+00  0.00000E+00  0.00000E+00  0.00000E+00
  0.00000E+00  0.00000E+00  0.00000E+00  0.00000E+00  0.00000E+00
  0.00000E+00  0.00000E+00  0.00000E+00  0.00000E+00  0.00000E+00


    3.   6.94    3.   6.94  1.00E+00  4.50E+01  0.00E+00

  0.00000E+00  0.00000E+00  0.00000E+00  0.00000E+00  0.00000E+00

  0.00000E+00  0.00000E+00  0.00000E+00  0.00000E+00  0.00000E+00
  0.00000E+00  0.00000E+00  0.00000E+00  0.00000E+00  0.00000E+00
  0.00000E+00  0.00000E+00  0.00000E+00  0.00000E+00  0.00000E+00
  0.00000E+00  0.00000E+00  0.00000E+00  0.00000E+00  0.00000E+00
  0.00000E+00  0.00000E+00  0.00000E+00  0.00000E+00  0.00000E+00

  0.00000E+00  0.00000E+00  0.00000E+00  0.00000E+00  0.00000E+00
  0.00000E+00  0.00000E+00  0.00000E+00  0.00000E+00  0.00000E+00
  0.00000E+00  0.00000E+00  0.00000E+00  0.00000E+00  0.00000E+00
  0.00000E+00  0.00000E+00  0.00000E+00  0.00000E+00  0.00000E+00
  0.00000E+00  0.00000E+00  0.00000E+00  0.00000E+00  0.00000E+00
  0.00000E+00  0.00000E+00  0.00000E+00  0.00000E+00  0.00000E+00
  0.00000E+00  0.00000E+00  0.00000E+00  0.00000E+00  0.00000E+00
  0.00000E+00  0.00000E+00  0.00000E+00  0.00000E+00  0.00000E+00
  0.00000E+00  0.00000E+00  0.00000E+00  0.00000E+00  0.00000E+00
  0.00000E+00  0.00000E+00  0.00000E+00  0.00000E+00  0.00000E+00
  0.00000E+00  0.00000E+00  0.00000E+00  0.00000E+00  0.00000E+00
  0.00000E+00  0.00000E+00  0.00000E+00  0.00000E+00  0.00000E+00
  0.00000E+00  0.00000E+00  0.00000E+00  0.00000E+00  0.00000E+00
  0.00000E+00  0.00000E+00  0.00000E+00  0.00000E+00  0.00000E+00
  0.00000E+00  0.00000E+00  0.00000E+00  0.00000E+00  0.00000E+00
  0.00000E+00  0.00000E+00  0.00000E+00  0.00000E+00  0.00000E+00
  0.00000E+00  0.00000E+00  0.00000E+00  0.00000E+00  0.00000E+00
  0.00000E+00  0.00000E+00  0.00000E+00  0.00000E+00  0.00000E+00
  0.00000E+00  0.00000E+00  0.00000E+00  0.00000E+00  0.00000E+00
  0.00000E+00  0.00000E+00  0.00000E+00  0.00000E+00  0.00000E+00
  0.00000E+00  0.00000E+00  0.00000E+00  0.00000E+00  0.00000E+00
  0.00000E+00  0.00000E+00  0.00000E+00  0.00000E+00  0.00000E+00
  0.00000E+00  0.00000E+00  0.00000E+00  0.00000E+00  0.00000E+00
  0.00000E+00  0.00000E+00  0.00000E+00  0.00000E+00  0.00000E+00
  0.00000E+00  0.00000E+00  0.00000E+00  0.00000E+00  0.00000E+00


    3.   6.94    3.   6.94  1.00E+00  6.00E+01  0.00E+00

  0.00000E+00  0.00000E+00  0.00000E+00  0.00000E+00  0.00000E+00

  0.00000E+00  0.00000E+00  0.00000E+00  0.00000E+00  0.00000E+00
  0.00000E+00  0.00000E+00  0.00000E+00  0.00000E+00  0.00000E+00
  0.00000E+00  0.00000E+00  0.00000E+00  0.00000E+00  0.00000E+00
  0.00000E+00  0.00000E+00  0.00000E+00  0.00000E+00  0.00000E+00
  0.00000E+00  0.00000E+00  0.00000E+00  0.00000E+00  0.00000E+00

  0.00000E+00  0.00000E+00  0.00000E+00  0.00000E+00  0.00000E+00
  0.00000E+00  0.00000E+00  0.00000E+00  0.00000E+00  0.00000E+00
  0.00000E+00  0.00000E+00  0.00000E+00  0.00000E+00  0.00000E+00
  0.00000E+00  0.00000E+00  0.00000E+00  0.00000E+00  0.00000E+00
  0.00000E+00  0.00000E+00  0.00000E+00  0.00000E+00  0.00000E+00
  0.00000E+00  0.00000E+00  0.00000E+00  0.00000E+00  0.00000E+00
  0.00000E+00  0.00000E+00  0.00000E+00  0.00000E+00  0.00000E+00
  0.00000E+00  0.00000E+00  0.00000E+00  0.00000E+00  0.00000E+00
  0.00000E+00  0.00000E+00  0.00000E+00  0.00000E+00  0.00000E+00
  0.00000E+00  0.00000E+00  0.00000E+00  0.00000E+00  0.00000E+00
  0.00000E+00  0.00000E+00  0.00000E+00  0.00000E+00  0.00000E+00
  0.00000E+00  0.00000E+00  0.00000E+00  0.00000E+00  0.00000E+00
  0.00000E+00  0.00000E+00  0.00000E+00  0.00000E+00  0.00000E+00
  0.00000E+00  0.00000E+00  0.00000E+00  0.00000E+00  0.00000E+00
  0.00000E+00  0.00000E+00  0.00000E+00  0.00000E+00  0.00000E+00
  0.00000E+00  0.00000E+00  0.00000E+00  0.00000E+00  0.00000E+00
  0.00000E+00  0.00000E+00  0.00000E+00  0.00000E+00  0.00000E+00
  0.00000E+00  0.00000E+00  0.00000E+00  0.00000E+00  0.00000E+00
  0.00000E+00  0.00000E+00  0.00000E+00  0.00000E+00  0.00000E+00
  0.00000E+00  0.00000E+00  0.00000E+00  0.00000E+00  0.00000E+00
  0.00000E+00  0.00000E+00  0.00000E+00  0.00000E+00  0.00000E+00
  0.00000E+00  0.00000E+00  0.00000E+00  0.00000E+00  0.00000E+00
  0.00000E+00  0.00000E+00  0.00000E+00  0.00000E+00  0.00000E+00
  0.00000E+00  0.00000E+00  0.00000E+00  0.00000E+00  0.00000E+00
  0.00000E+00  0.00000E+00  0.00000E+00  0.00000E+00  0.00000E+00


    3.   6.94    3.   6.94  1.00E+00  7.00E+01  0.00E+00

  0.00000E+00  0.00000E+00  0.00000E+00  0.00000E+00  0.00000E+00

  0.00000E+00  0.00000E+00  0.00000E+00  0.00000E+00  0.00000E+00
  0.00000E+00  0.00000E+00  0.00000E+00  0.00000E+00  0.00000E+00
  0.00000E+00  0.00000E+00  0.00000E+00  0.00000E+00  0.00000E+00
  0.00000E+00  0.00000E+00  0.00000E+00  0.00000E+00  0.00000E+00
  0.00000E+00  0.00000E+00  0.00000E+00  0.00000E+00  0.00000E+00

  0.00000E+00  0.00000E+00  0.00000E+00  0.00000E+00  0.00000E+00
  0.00000E+00  0.00000E+00  0.00000E+00  0.00000E+00  0.00000E+00
  0.00000E+00  0.00000E+00  0.00000E+00  0.00000E+00  0.00000E+00
  0.00000E+00  0.00000E+00  0.00000E+00  0.00000E+00  0.00000E+00
  0.00000E+00  0.00000E+00  0.00000E+00  0.00000E+00  0.00000E+00
  0.00000E+00  0.00000E+00  0.00000E+00  0.00000E+00  0.00000E+00
  0.00000E+00  0.00000E+00  0.00000E+00  0.00000E+00  0.00000E+00
  0.00000E+00  0.00000E+00  0.00000E+00  0.00000E+00  0.00000E+00
  0.00000E+00  0.00000E+00  0.00000E+00  0.00000E+00  0.00000E+00
  0.00000E+00  0.00000E+00  0.00000E+00  0.00000E+00  0.00000E+00
  0.00000E+00  0.00000E+00  0.00000E+00  0.00000E+00  0.00000E+00
  0.00000E+00  0.00000E+00  0.00000E+00  0.00000E+00  0.00000E+00
  0.00000E+00  0.00000E+00  0.00000E+00  0.00000E+00  0.00000E+00
  0.00000E+00  0.00000E+00  0.00000E+00  0.00000E+00  0.00000E+00
  0.00000E+00  0.00000E+00  0.00000E+00  0.00000E+00  0.00000E+00
  0.00000E+00  0.00000E+00  0.00000E+00  0.00000E+00  0.00000E+00
  0.00000E+00  0.00000E+00  0.00000E+00  0.00000E+00  0.00000E+00
  0.00000E+00  0.00000E+00  0.00000E+00  0.00000E+00  0.00000E+00
  0.00000E+00  0.00000E+00  0.00000E+00  0.00000E+00  0.00000E+00
  0.00000E+00  0.00000E+00  0.00000E+00  0.00000E+00  0.00000E+00
  0.00000E+00  0.00000E+00  0.00000E+00  0.00000E+00  0.00000E+00
  0.00000E+00  0.00000E+00  0.00000E+00  0.00000E+00  0.00000E+00
  0.00000E+00  0.00000E+00  0.00000E+00  0.00000E+00  0.00000E+00
  0.00000E+00  0.00000E+00  0.00000E+00  0.00000E+00  0.00000E+00
  0.00000E+00  0.00000E+00  0.00000E+00  0.00000E+00  0.00000E+00


    3.   6.94    3.   6.94  1.00E+00  8.00E+01  0.00E+00

  0.00000E+00  0.00000E+00  0.00000E+00  0.00000E+00  0.00000E+00

  0.00000E+00  0.00000E+00  0.00000E+00  0.00000E+00  0.00000E+00
  0.00000E+00  0.00000E+00  0.00000E+00  0.00000E+00  0.00000E+00
  0.00000E+00  0.00000E+00  0.00000E+00  0.00000E+00  0.00000E+00
  0.00000E+00  0.00000E+00  0.00000E+00  0.00000E+00  0.00000E+00
  0.00000E+00  0.00000E+00  0.00000E+00  0.00000E+00  0.00000E+00

  0.00000E+00  0.00000E+00  0.00000E+00  0.00000E+00  0.00000E+00
  0.00000E+00  0.00000E+00  0.00000E+00  0.00000E+00  0.00000E+00
  0.00000E+00  0.00000E+00  0.00000E+00  0.00000E+00  0.00000E+00
  0.00000E+00  0.00000E+00  0.00000E+00  0.00000E+00  0.00000E+00
  0.00000E+00  0.00000E+00  0.00000E+00  0.00000E+00  0.00000E+00
  0.00000E+00  0.00000E+00  0.00000E+00  0.00000E+00  0.00000E+00
  0.00000E+00  0.00000E+00  0.00000E+00  0.00000E+00  0.00000E+00
  0.00000E+00  0.00000E+00  0.00000E+00  0.00000E+00  0.00000E+00
  0.00000E+00  0.00000E+00  0.00000E+00  0.00000E+00  0.00000E+00
  0.00000E+00  0.00000E+00  0.00000E+00  0.00000E+00  0.00000E+00
  0.00000E+00  0.00000E+00  0.00000E+00  0.00000E+00  0.00000E+00
  0.00000E+00  0.00000E+00  0.00000E+00  0.00000E+00  0.00000E+00
  0.00000E+00  0.00000E+00  0.00000E+00  0.00000E+00  0.00000E+00
  0.00000E+00  0.00000E+00  0.00000E+00  0.00000E+00  0.00000E+00
  0.00000E+00  0.00000E+00  0.00000E+00  0.00000E+00  0.00000E+00
  0.00000E+00  0.00000E+00  0.00000E+00  0.00000E+00  0.00000E+00
  0.00000E+00  0.00000E+00  0.00000E+00  0.00000E+00  0.00000E+00
  0.00000E+00  0.00000E+00  0.00000E+00  0.00000E+00  0.00000E+00
  0.00000E+00  0.00000E+00  0.00000E+00  0.00000E+00  0.00000E+00
  0.00000E+00  0.00000E+00  0.00000E+00  0.00000E+00  0.00000E+00
  0.00000E+00  0.00000E+00  0.00000E+00  0.00000E+00  0.00000E+00
  0.00000E+00  0.00000E+00  0.00000E+00  0.00000E+00  0.00000E+00
  0.00000E+00  0.00000E+00  0.00000E+00  0.00000E+00  0.00000E+00
  0.00000E+00  0.00000E+00  0.00000E+00  0.00000E+00  0.00000E+00
  0.00000E+00  0.00000E+00  0.00000E+00  0.00000E+00  0.00000E+00


    3.   6.94    3.   6.94  1.00E+00  8.50E+01  0.00E+00

  0.00000E+00  0.00000E+00  0.00000E+00  0.00000E+00  0.00000E+00

  0.00000E+00  0.00000E+00  0.00000E+00  0.00000E+00  0.00000E+00
  0.00000E+00  0.00000E+00  0.00000E+00  0.00000E+00  0.00000E+00
  0.00000E+00  0.00000E+00  0.00000E+00  0.00000E+00  0.00000E+00
  0.00000E+00  0.00000E+00  0.00000E+00  0.00000E+00  0.00000E+00
  0.00000E+00  0.00000E+00  0.00000E+00  0.00000E+00  0.00000E+00

  0.00000E+00  0.00000E+00  0.00000E+00  0.00000E+00  0.00000E+00
  0.00000E+00  0.00000E+00  0.00000E+00  0.00000E+00  0.00000E+00
  0.00000E+00  0.00000E+00  0.00000E+00  0.00000E+00  0.00000E+00
  0.00000E+00  0.00000E+00  0.00000E+00  0.00000E+00  0.00000E+00
  0.00000E+00  0.00000E+00  0.00000E+00  0.00000E+00  0.00000E+00
  0.00000E+00  0.00000E+00  0.00000E+00  0.00000E+00  0.00000E+00
  0.00000E+00  0.00000E+00  0.00000E+00  0.00000E+00  0.00000E+00
  0.00000E+00  0.00000E+00  0.00000E+00  0.00000E+00  0.00000E+00
  0.00000E+00  0.00000E+00  0.00000E+00  0.00000E+00  0.00000E+00
  0.00000E+00  0.00000E+00  0.00000E+00  0.00000E+00  0.00000E+00
  0.00000E+00  0.00000E+00  0.00000E+00  0.00000E+00  0.00000E+00
  0.00000E+00  0.00000E+00  0.00000E+00  0.00000E+00  0.00000E+00
  0.00000E+00  0.00000E+00  0.00000E+00  0.00000E+00  0.00000E+00
  0.00000E+00  0.00000E+00  0.00000E+00  0.00000E+00  0.00000E+00
  0.00000E+00  0.00000E+00  0.00000E+00  0.00000E+00  0.00000E+00
  0.00000E+00  0.00000E+00  0.00000E+00  0.00000E+00  0.00000E+00
  0.00000E+00  0.00000E+00  0.00000E+00  0.00000E+00  0.00000E+00
  0.00000E+00  0.00000E+00  0.00000E+00  0.00000E+00  0.00000E+00
  0.00000E+00  0.00000E+00  0.00000E+00  0.00000E+00  0.00000E+00
  0.00000E+00  0.00000E+00  0.00000E+00  0.00000E+00  0.00000E+00
  0.00000E+00  0.00000E+00  0.00000E+00  0.00000E+00  0.00000E+00
  0.00000E+00  0.00000E+00  0.00000E+00  0.00000E+00  0.00000E+00
  0.00000E+00  0.00000E+00  0.00000E+00  0.00000E+00  0.00000E+00
  0.00000E+00  0.00000E+00  0.00000E+00  0.00000E+00  0.00000E+00
  0.00000E+00  0.00000E+00  0.00000E+00  0.00000E+00  0.00000E+00


    3.   6.94    3.   6.94  2.00E+00  0.00E+00  0.00E+00

  0.00000E+00  0.00000E+00  0.00000E+00  0.00000E+00  0.00000E+00

  0.00000E+00  0.00000E+00  0.00000E+00  0.00000E+00  0.00000E+00
  0.00000E+00  0.00000E+00  0.00000E+00  0.00000E+00  0.00000E+00
  0.00000E+00  0.00000E+00  0.00000E+00  0.00000E+00  0.00000E+00
  0.00000E+00  0.00000E+00  0.00000E+00  0.00000E+00  0.00000E+00
  0.00000E+00  0.00000E+00  0.00000E+00  0.00000E+00  0.00000E+00

  0.00000E+00  0.00000E+00  0.00000E+00  0.00000E+00  0.00000E+00
  0.00000E+00  0.00000E+00  0.00000E+00  0.00000E+00  0.00000E+00
  0.00000E+00  0.00000E+00  0.00000E+00  0.00000E+00  0.00000E+00
  0.00000E+00  0.00000E+00  0.00000E+00  0.00000E+00  0.00000E+00
  0.00000E+00  0.00000E+00  0.00000E+00  0.00000E+00  0.00000E+00
  0.00000E+00  0.00000E+00  0.00000E+00  0.00000E+00  0.00000E+00
  0.00000E+00  0.00000E+00  0.00000E+00  0.00000E+00  0.00000E+00
  0.00000E+00  0.00000E+00  0.00000E+00  0.00000E+00  0.00000E+00
  0.00000E+00  0.00000E+00  0.00000E+00  0.00000E+00  0.00000E+00
  0.00000E+00  0.00000E+00  0.00000E+00  0.00000E+00  0.00000E+00
  0.00000E+00  0.00000E+00  0.00000E+00  0.00000E+00  0.00000E+00
  0.00000E+00  0.00000E+00  0.00000E+00  0.00000E+00  0.00000E+00
  0.00000E+00  0.00000E+00  0.00000E+00  0.00000E+00  0.00000E+00
  0.00000E+00  0.00000E+00  0.00000E+00  0.00000E+00  0.00000E+00
  0.00000E+00  0.00000E+00  0.00000E+00  0.00000E+00  0.00000E+00
  0.00000E+00  0.00000E+00  0.00000E+00  0.00000E+00  0.00000E+00
  0.00000E+00  0.00000E+00  0.00000E+00  0.00000E+00  0.00000E+00
  0.00000E+00  0.00000E+00  0.00000E+00  0.00000E+00  0.00000E+00
  0.00000E+00  0.00000E+00  0.00000E+00  0.00000E+00  0.00000E+00
  0.00000E+00  0.00000E+00  0.00000E+00  0.00000E+00  0.00000E+00
  0.00000E+00  0.00000E+00  0.00000E+00  0.00000E+00  0.00000E+00
  0.00000E+00  0.00000E+00  0.00000E+00  0.00000E+00  0.00000E+00
  0.00000E+00  0.00000E+00  0.00000E+00  0.00000E+00  0.00000E+00
  0.00000E+00  0.00000E+00  0.00000E+00  0.00000E+00  0.00000E+00
  0.00000E+00  0.00000E+00  0.00000E+00  0.00000E+00  0.00000E+00


    3.   6.94    3.   6.94  2.00E+00  3.00E+01  0.00E+00

  0.00000E+00  0.00000E+00  0.00000E+00  0.00000E+00  0.00000E+00

  0.00000E+00  0.00000E+00  0.00000E+00  0.00000E+00  0.00000E+00
  0.00000E+00  0.00000E+00  0.00000E+00  0.00000E+00  0.00000E+00
  0.00000E+00  0.00000E+00  0.00000E+00  0.00000E+00  0.00000E+00
  0.00000E+00  0.00000E+00  0.00000E+00  0.00000E+00  0.00000E+00
  0.00000E+00  0.00000E+00  0.00000E+00  0.00000E+00  0.00000E+00

  0.00000E+00  0.00000E+00  0.00000E+00  0.00000E+00  0.00000E+00
  0.00000E+00  0.00000E+00  0.00000E+00  0.00000E+00  0.00000E+00
  0.00000E+00  0.00000E+00  0.00000E+00  0.00000E+00  0.00000E+00
  0.00000E+00  0.00000E+00  0.00000E+00  0.00000E+00  0.00000E+00
  0.00000E+00  0.00000E+00  0.00000E+00  0.00000E+00  0.00000E+00
  0.00000E+00  0.00000E+00  0.00000E+00  0.00000E+00  0.00000E+00
  0.00000E+00  0.00000E+00  0.00000E+00  0.00000E+00  0.00000E+00
  0.00000E+00  0.00000E+00  0.00000E+00  0.00000E+00  0.00000E+00
  0.00000E+00  0.00000E+00  0.00000E+00  0.00000E+00  0.00000E+00
  0.00000E+00  0.00000E+00  0.00000E+00  0.00000E+00  0.00000E+00
  0.00000E+00  0.00000E+00  0.00000E+00  0.00000E+00  0.00000E+00
  0.00000E+00  0.00000E+00  0.00000E+00  0.00000E+00  0.00000E+00
  0.00000E+00  0.00000E+00  0.00000E+00  0.00000E+00  0.00000E+00
  0.00000E+00  0.00000E+00  0.00000E+00  0.00000E+00  0.00000E+00
  0.00000E+00  0.00000E+00  0.00000E+00  0.00000E+00  0.00000E+00
  0.00000E+00  0.00000E+00  0.00000E+00  0.00000E+00  0.00000E+00
  0.00000E+00  0.00000E+00  0.00000E+00  0.00000E+00  0.00000E+00
  0.00000E+00  0.00000E+00  0.00000E+00  0.00000E+00  0.00000E+00
  0.00000E+00  0.00000E+00  0.00000E+00  0.00000E+00  0.00000E+00
  0.00000E+00  0.00000E+00  0.00000E+00  0.00000E+00  0.00000E+00
  0.00000E+00  0.00000E+00  0.00000E+00  0.00000E+00  0.00000E+00
  0.00000E+00  0.00000E+00  0.00000E+00  0.00000E+00  0.00000E+00
  0.00000E+00  0.00000E+00  0.00000E+00  0.00000E+00  0.00000E+00
  0.00000E+00  0.00000E+00  0.00000E+00  0.00000E+00  0.00000E+00
  0.00000E+00  0.00000E+00  0.00000E+00  0.00000E+00  0.00000E+00


    3.   6.94    3.   6.94  2.00E+00  4.50E+01  0.00E+00

  0.00000E+00  0.00000E+00  0.00000E+00  0.00000E+00  0.00000E+00

  0.00000E+00  0.00000E+00  0.00000E+00  0.00000E+00  0.00000E+00
  0.00000E+00  0.00000E+00  0.00000E+00  0.00000E+00  0.00000E+00
  0.00000E+00  0.00000E+00  0.00000E+00  0.00000E+00  0.00000E+00
  0.00000E+00  0.00000E+00  0.00000E+00  0.00000E+00  0.00000E+00
  0.00000E+00  0.00000E+00  0.00000E+00  0.00000E+00  0.00000E+00

  0.00000E+00  0.00000E+00  0.00000E+00  0.00000E+00  0.00000E+00
  0.00000E+00  0.00000E+00  0.00000E+00  0.00000E+00  0.00000E+00
  0.00000E+00  0.00000E+00  0.00000E+00  0.00000E+00  0.00000E+00
  0.00000E+00  0.00000E+00  0.00000E+00  0.00000E+00  0.00000E+00
  0.00000E+00  0.00000E+00  0.00000E+00  0.00000E+00  0.00000E+00
  0.00000E+00  0.00000E+00  0.00000E+00  0.00000E+00  0.00000E+00
  0.00000E+00  0.00000E+00  0.00000E+00  0.00000E+00  0.00000E+00
  0.00000E+00  0.00000E+00  0.00000E+00  0.00000E+00  0.00000E+00
  0.00000E+00  0.00000E+00  0.00000E+00  0.00000E+00  0.00000E+00
  0.00000E+00  0.00000E+00  0.00000E+00  0.00000E+00  0.00000E+00
  0.00000E+00  0.00000E+00  0.00000E+00  0.00000E+00  0.00000E+00
  0.00000E+00  0.00000E+00  0.00000E+00  0.00000E+00  0.00000E+00
  0.00000E+00  0.00000E+00  0.00000E+00  0.00000E+00  0.00000E+00
  0.00000E+00  0.00000E+00  0.00000E+00  0.00000E+00  0.00000E+00
  0.00000E+00  0.00000E+00  0.00000E+00  0.00000E+00  0.00000E+00
  0.00000E+00  0.00000E+00  0.00000E+00  0.00000E+00  0.00000E+00
  0.00000E+00  0.00000E+00  0.00000E+00  0.00000E+00  0.00000E+00
  0.00000E+00  0.00000E+00  0.00000E+00  0.00000E+00  0.00000E+00
  0.00000E+00  0.00000E+00  0.00000E+00  0.00000E+00  0.00000E+00
  0.00000E+00  0.00000E+00  0.00000E+00  0.00000E+00  0.00000E+00
  0.00000E+00  0.00000E+00  0.00000E+00  0.00000E+00  0.00000E+00
  0.00000E+00  0.00000E+00  0.00000E+00  0.00000E+00  0.00000E+00
  0.00000E+00  0.00000E+00  0.00000E+00  0.00000E+00  0.00000E+00
  0.00000E+00  0.00000E+00  0.00000E+00  0.00000E+00  0.00000E+00
  0.00000E+00  0.00000E+00  0.00000E+00  0.00000E+00  0.00000E+00


    3.   6.94    3.   6.94  2.00E+00  6.00E+01  0.00E+00

  0.00000E+00  0.00000E+00  0.00000E+00  0.00000E+00  0.00000E+00

  0.00000E+00  0.00000E+00  0.00000E+00  0.00000E+00  0.00000E+00
  0.00000E+00  0.00000E+00  0.00000E+00  0.00000E+00  0.00000E+00
  0.00000E+00  0.00000E+00  0.00000E+00  0.00000E+00  0.00000E+00
  0.00000E+00  0.00000E+00  0.00000E+00  0.00000E+00  0.00000E+00
  0.00000E+00  0.00000E+00  0.00000E+00  0.00000E+00  0.00000E+00

  0.00000E+00  0.00000E+00  0.00000E+00  0.00000E+00  0.00000E+00
  0.00000E+00  0.00000E+00  0.00000E+00  0.00000E+00  0.00000E+00
  0.00000E+00  0.00000E+00  0.00000E+00  0.00000E+00  0.00000E+00
  0.00000E+00  0.00000E+00  0.00000E+00  0.00000E+00  0.00000E+00
  0.00000E+00  0.00000E+00  0.00000E+00  0.00000E+00  0.00000E+00
  0.00000E+00  0.00000E+00  0.00000E+00  0.00000E+00  0.00000E+00
  0.00000E+00  0.00000E+00  0.00000E+00  0.00000E+00  0.00000E+00
  0.00000E+00  0.00000E+00  0.00000E+00  0.00000E+00  0.00000E+00
  0.00000E+00  0.00000E+00  0.00000E+00  0.00000E+00  0.00000E+00
  0.00000E+00  0.00000E+00  0.00000E+00  0.00000E+00  0.00000E+00
  0.00000E+00  0.00000E+00  0.00000E+00  0.00000E+00  0.00000E+00
  0.00000E+00  0.00000E+00  0.00000E+00  0.00000E+00  0.00000E+00
  0.00000E+00  0.00000E+00  0.00000E+00  0.00000E+00  0.00000E+00
  0.00000E+00  0.00000E+00  0.00000E+00  0.00000E+00  0.00000E+00
  0.00000E+00  0.00000E+00  0.00000E+00  0.00000E+00  0.00000E+00
  0.00000E+00  0.00000E+00  0.00000E+00  0.00000E+00  0.00000E+00
  0.00000E+00  0.00000E+00  0.00000E+00  0.00000E+00  0.00000E+00
  0.00000E+00  0.00000E+00  0.00000E+00  0.00000E+00  0.00000E+00
  0.00000E+00  0.00000E+00  0.00000E+00  0.00000E+00  0.00000E+00
  0.00000E+00  0.00000E+00  0.00000E+00  0.00000E+00  0.00000E+00
  0.00000E+00  0.00000E+00  0.00000E+00  0.00000E+00  0.00000E+00
  0.00000E+00  0.00000E+00  0.00000E+00  0.00000E+00  0.00000E+00
  0.00000E+00  0.00000E+00  0.00000E+00  0.00000E+00  0.00000E+00
  0.00000E+00  0.00000E+00  0.00000E+00  0.00000E+00  0.00000E+00
  0.00000E+00  0.00000E+00  0.00000E+00  0.00000E+00  0.00000E+00


    3.   6.94    3.   6.94  2.00E+00  7.00E+01  0.00E+00

  0.00000E+00  0.00000E+00  0.00000E+00  0.00000E+00  0.00000E+00

  0.00000E+00  0.00000E+00  0.00000E+00  0.00000E+00  0.00000E+00
  0.00000E+00  0.00000E+00  0.00000E+00  0.00000E+00  0.00000E+00
  0.00000E+00  0.00000E+00  0.00000E+00  0.00000E+00  0.00000E+00
  0.00000E+00  0.00000E+00  0.00000E+00  0.00000E+00  0.00000E+00
  0.00000E+00  0.00000E+00  0.00000E+00  0.00000E+00  0.00000E+00

  0.00000E+00  0.00000E+00  0.00000E+00  0.00000E+00  0.00000E+00
  0.00000E+00  0.00000E+00  0.00000E+00  0.00000E+00  0.00000E+00
  0.00000E+00  0.00000E+00  0.00000E+00  0.00000E+00  0.00000E+00
  0.00000E+00  0.00000E+00  0.00000E+00  0.00000E+00  0.00000E+00
  0.00000E+00  0.00000E+00  0.00000E+00  0.00000E+00  0.00000E+00
  0.00000E+00  0.00000E+00  0.00000E+00  0.00000E+00  0.00000E+00
  0.00000E+00  0.00000E+00  0.00000E+00  0.00000E+00  0.00000E+00
  0.00000E+00  0.00000E+00  0.00000E+00  0.00000E+00  0.00000E+00
  0.00000E+00  0.00000E+00  0.00000E+00  0.00000E+00  0.00000E+00
  0.00000E+00  0.00000E+00  0.00000E+00  0.00000E+00  0.00000E+00
  0.00000E+00  0.00000E+00  0.00000E+00  0.00000E+00  0.00000E+00
  0.00000E+00  0.00000E+00  0.00000E+00  0.00000E+00  0.00000E+00
  0.00000E+00  0.00000E+00  0.00000E+00  0.00000E+00  0.00000E+00
  0.00000E+00  0.00000E+00  0.00000E+00  0.00000E+00  0.00000E+00
  0.00000E+00  0.00000E+00  0.00000E+00  0.00000E+00  0.00000E+00
  0.00000E+00  0.00000E+00  0.00000E+00  0.00000E+00  0.00000E+00
  0.00000E+00  0.00000E+00  0.00000E+00  0.00000E+00  0.00000E+00
  0.00000E+00  0.00000E+00  0.00000E+00  0.00000E+00  0.00000E+00
  0.00000E+00  0.00000E+00  0.00000E+00  0.00000E+00  0.00000E+00
  0.00000E+00  0.00000E+00  0.00000E+00  0.00000E+00  0.00000E+00
  0.00000E+00  0.00000E+00  0.00000E+00  0.00000E+00  0.00000E+00
  0.00000E+00  0.00000E+00  0.00000E+00  0.00000E+00  0.00000E+00
  0.00000E+00  0.00000E+00  0.00000E+00  0.00000E+00  0.00000E+00
  0.00000E+00  0.00000E+00  0.00000E+00  0.00000E+00  0.00000E+00
  0.00000E+00  0.00000E+00  0.00000E+00  0.00000E+00  0.00000E+00


    3.   6.94    3.   6.94  2.00E+00  8.00E+01  0.00E+00

  0.00000E+00  0.00000E+00  0.00000E+00  0.00000E+00  0.00000E+00

  0.00000E+00  0.00000E+00  0.00000E+00  0.00000E+00  0.00000E+00
  0.00000E+00  0.00000E+00  0.00000E+00  0.00000E+00  0.00000E+00
  0.00000E+00  0.00000E+00  0.00000E+00  0.00000E+00  0.00000E+00
  0.00000E+00  0.00000E+00  0.00000E+00  0.00000E+00  0.00000E+00
  0.00000E+00  0.00000E+00  0.00000E+00  0.00000E+00  0.00000E+00

  0.00000E+00  0.00000E+00  0.00000E+00  0.00000E+00  0.00000E+00
  0.00000E+00  0.00000E+00  0.00000E+00  0.00000E+00  0.00000E+00
  0.00000E+00  0.00000E+00  0.00000E+00  0.00000E+00  0.00000E+00
  0.00000E+00  0.00000E+00  0.00000E+00  0.00000E+00  0.00000E+00
  0.00000E+00  0.00000E+00  0.00000E+00  0.00000E+00  0.00000E+00
  0.00000E+00  0.00000E+00  0.00000E+00  0.00000E+00  0.00000E+00
  0.00000E+00  0.00000E+00  0.00000E+00  0.00000E+00  0.00000E+00
  0.00000E+00  0.00000E+00  0.00000E+00  0.00000E+00  0.00000E+00
  0.00000E+00  0.00000E+00  0.00000E+00  0.00000E+00  0.00000E+00
  0.00000E+00  0.00000E+00  0.00000E+00  0.00000E+00  0.00000E+00
  0.00000E+00  0.00000E+00  0.00000E+00  0.00000E+00  0.00000E+00
  0.00000E+00  0.00000E+00  0.00000E+00  0.00000E+00  0.00000E+00
  0.00000E+00  0.00000E+00  0.00000E+00  0.00000E+00  0.00000E+00
  0.00000E+00  0.00000E+00  0.00000E+00  0.00000E+00  0.00000E+00
  0.00000E+00  0.00000E+00  0.00000E+00  0.00000E+00  0.00000E+00
  0.00000E+00  0.00000E+00  0.00000E+00  0.00000E+00  0.00000E+00
  0.00000E+00  0.00000E+00  0.00000E+00  0.00000E+00  0.00000E+00
  0.00000E+00  0.00000E+00  0.00000E+00  0.00000E+00  0.00000E+00
  0.00000E+00  0.00000E+00  0.00000E+00  0.00000E+00  0.00000E+00
  0.00000E+00  0.00000E+00  0.00000E+00  0.00000E+00  0.00000E+00
  0.00000E+00  0.00000E+00  0.00000E+00  0.00000E+00  0.00000E+00
  0.00000E+00  0.00000E+00  0.00000E+00  0.00000E+00  0.00000E+00
  0.00000E+00  0.00000E+00  0.00000E+00  0.00000E+00  0.00000E+00
  0.00000E+00  0.00000E+00  0.00000E+00  0.00000E+00  0.00000E+00
  0.00000E+00  0.00000E+00  0.00000E+00  0.00000E+00  0.00000E+00


    3.   6.94    3.   6.94  2.00E+00  8.50E+01  0.00E+00

  0.00000E+00  0.00000E+00  0.00000E+00  0.00000E+00  0.00000E+00

  0.00000E+00  0.00000E+00  0.00000E+00  0.00000E+00  0.00000E+00
  0.00000E+00  0.00000E+00  0.00000E+00  0.00000E+00  0.00000E+00
  0.00000E+00  0.00000E+00  0.00000E+00  0.00000E+00  0.00000E+00
  0.00000E+00  0.00000E+00  0.00000E+00  0.00000E+00  0.00000E+00
  0.00000E+00  0.00000E+00  0.00000E+00  0.00000E+00  0.00000E+00

  0.00000E+00  0.00000E+00  0.00000E+00  0.00000E+00  0.00000E+00
  0.00000E+00  0.00000E+00  0.00000E+00  0.00000E+00  0.00000E+00
  0.00000E+00  0.00000E+00  0.00000E+00  0.00000E+00  0.00000E+00
  0.00000E+00  0.00000E+00  0.00000E+00  0.00000E+00  0.00000E+00
  0.00000E+00  0.00000E+00  0.00000E+00  0.00000E+00  0.00000E+00
  0.00000E+00  0.00000E+00  0.00000E+00  0.00000E+00  0.00000E+00
  0.00000E+00  0.00000E+00  0.00000E+00  0.00000E+00  0.00000E+00
  0.00000E+00  0.00000E+00  0.00000E+00  0.00000E+00  0.00000E+00
  0.00000E+00  0.00000E+00  0.00000E+00  0.00000E+00  0.00000E+00
  0.00000E+00  0.00000E+00  0.00000E+00  0.00000E+00  0.00000E+00
  0.00000E+00  0.00000E+00  0.00000E+00  0.00000E+00  0.00000E+00
  0.00000E+00  0.00000E+00  0.00000E+00  0.00000E+00  0.00000E+00
  0.00000E+00  0.00000E+00  0.00000E+00  0.00000E+00  0.00000E+00
  0.00000E+00  0.00000E+00  0.00000E+00  0.00000E+00  0.00000E+00
  0.00000E+00  0.00000E+00  0.00000E+00  0.00000E+00  0.00000E+00
  0.00000E+00  0.00000E+00  0.00000E+00  0.00000E+00  0.00000E+00
  0.00000E+00  0.00000E+00  0.00000E+00  0.00000E+00  0.00000E+00
  0.00000E+00  0.00000E+00  0.00000E+00  0.00000E+00  0.00000E+00
  0.00000E+00  0.00000E+00  0.00000E+00  0.00000E+00  0.00000E+00
  0.00000E+00  0.00000E+00  0.00000E+00  0.00000E+00  0.00000E+00
  0.00000E+00  0.00000E+00  0.00000E+00  0.00000E+00  0.00000E+00
  0.00000E+00  0.00000E+00  0.00000E+00  0.00000E+00  0.00000E+00
  0.00000E+00  0.00000E+00  0.00000E+00  0.00000E+00  0.00000E+00
  0.00000E+00  0.00000E+00  0.00000E+00  0.00000E+00  0.00000E+00
  0.00000E+00  0.00000E+00  0.00000E+00  0.00000E+00  0.00000E+00


    3.   6.94    3.   6.94  5.00E+00  0.00E+00  0.00E+00

  0.00000E+00  0.00000E+00  0.00000E+00  0.00000E+00  0.00000E+00

  0.00000E+00  0.00000E+00  0.00000E+00  0.00000E+00  0.00000E+00
  0.00000E+00  0.00000E+00  0.00000E+00  0.00000E+00  0.00000E+00
  0.00000E+00  0.00000E+00  0.00000E+00  0.00000E+00  0.00000E+00
  0.00000E+00  0.00000E+00  0.00000E+00  0.00000E+00  0.00000E+00
  0.00000E+00  0.00000E+00  0.00000E+00  0.00000E+00  0.00000E+00

  0.00000E+00  0.00000E+00  0.00000E+00  0.00000E+00  0.00000E+00
  0.00000E+00  0.00000E+00  0.00000E+00  0.00000E+00  0.00000E+00
  0.00000E+00  0.00000E+00  0.00000E+00  0.00000E+00  0.00000E+00
  0.00000E+00  0.00000E+00  0.00000E+00  0.00000E+00  0.00000E+00
  0.00000E+00  0.00000E+00  0.00000E+00  0.00000E+00  0.00000E+00
  0.00000E+00  0.00000E+00  0.00000E+00  0.00000E+00  0.00000E+00
  0.00000E+00  0.00000E+00  0.00000E+00  0.00000E+00  0.00000E+00
  0.00000E+00  0.00000E+00  0.00000E+00  0.00000E+00  0.00000E+00
  0.00000E+00  0.00000E+00  0.00000E+00  0.00000E+00  0.00000E+00
  0.00000E+00  0.00000E+00  0.00000E+00  0.00000E+00  0.00000E+00
  0.00000E+00  0.00000E+00  0.00000E+00  0.00000E+00  0.00000E+00
  0.00000E+00  0.00000E+00  0.00000E+00  0.00000E+00  0.00000E+00
  0.00000E+00  0.00000E+00  0.00000E+00  0.00000E+00  0.00000E+00
  0.00000E+00  0.00000E+00  0.00000E+00  0.00000E+00  0.00000E+00
  0.00000E+00  0.00000E+00  0.00000E+00  0.00000E+00  0.00000E+00
  0.00000E+00  0.00000E+00  0.00000E+00  0.00000E+00  0.00000E+00
  0.00000E+00  0.00000E+00  0.00000E+00  0.00000E+00  0.00000E+00
  0.00000E+00  0.00000E+00  0.00000E+00  0.00000E+00  0.00000E+00
  0.00000E+00  0.00000E+00  0.00000E+00  0.00000E+00  0.00000E+00
  0.00000E+00  0.00000E+00  0.00000E+00  0.00000E+00  0.00000E+00
  0.00000E+00  0.00000E+00  0.00000E+00  0.00000E+00  0.00000E+00
  0.00000E+00  0.00000E+00  0.00000E+00  0.00000E+00  0.00000E+00
  0.00000E+00  0.00000E+00  0.00000E+00  0.00000E+00  0.00000E+00
  0.00000E+00  0.00000E+00  0.00000E+00  0.00000E+00  0.00000E+00
  0.00000E+00  0.00000E+00  0.00000E+00  0.00000E+00  0.00000E+00


    3.   6.94    3.   6.94  5.00E+00  3.00E+01  7.00E-05

  2.59860E-01  3.01440E-01  4.42360E-01  5.21340E-01  1.06540E+00

  1.09790E-01  1.09790E-01  1.09790E-01  1.09790E-01  1.09790E-01
  3.12310E-01  3.12310E-01  3.12310E-01  3.12310E-01  3.12310E-01
  1.72500E-01  1.72500E-01  1.72500E-01  1.72500E-01  1.72500E-01
  5.91670E-01  5.91670E-01  5.91670E-01  5.91670E-01  5.91670E-01
  2.75790E-01  2.75790E-01  2.75790E-01  2.75790E-01  2.75790E-01

  5.60940E-01  5.60940E-01  5.60940E-01  5.60940E-01  5.60940E-01
  5.60940E-01  5.60940E-01  5.60940E-01  5.60940E-01  5.60940E-01
  5.60940E-01  5.60940E-01  5.60940E-01  5.60940E-01  5.60940E-01
  5.60940E-01  5.60940E-01  5.60940E-01  5.60940E-01  5.60940E-01
  5.60940E-01  5.60940E-01  5.60940E-01  5.60940E-01  5.60940E-01
  7.44470E-01  7.44470E-01  7.44470E-01  7.44470E-01  7.44470E-01
  7.44470E-01  7.44470E-01  7.44470E-01  7.44470E-01  7.44470E-01
  7.44470E-01  7.44470E-01  7.44470E-01  7.44470E-01  7.44470E-01
  7.44470E-01  7.44470E-01  7.44470E-01  7.44470E-01  7.44470E-01
  7.44470E-01  7.44470E-01  7.44470E-01  7.44470E-01  7.44470E-01
  9.98940E-01  9.98940E-01  9.98940E-01  9.98940E-01  9.98940E-01
  9.98940E-01  9.98940E-01  9.98940E-01  9.98940E-01  9.98940E-01
  9.98940E-01  9.98940E-01  9.98940E-01  9.98940E-01  9.98940E-01
  9.98940E-01  9.98940E-01  9.98940E-01  9.98940E-01  9.98940E-01
  9.98940E-01  9.98940E-01  9.98940E-01  9.98940E-01  9.98940E-01
  4.40960E-01  4.40960E-01  4.40960E-01  4.40960E-01  4.40960E-01
  4.40960E-01  4.40960E-01  4.40960E-01  4.40960E-01  4.40960E-01
  4.40960E-01  4.40960E-01  4.40960E-01  4.40960E-01  4.40960E-01
  4.40960E-01  4.40960E-01  4.40960E-01  4.40960E-01  4.40960E-01
  4.40960E-01  4.40960E-01  4.40960E-01  4.40960E-01  4.40960E-01
  8.45700E-01  8.45700E-01  8.45700E-01  8.45700E-01  8.45700E-01
  8.45700E-01  8.45700E-01  8.45700E-01  8.45700E-01  8.45700E-01
  8.45700E-01  8.45700E-01  8.45700E-01  8.45700E-01  8.45700E-01
  8.45700E-01  8.45700E-01  8.45700E-01  8.45700E-01  8.45700E-01
  8.45700E-01  8.45700E-01  8.45700E-01  8.45700E-01  8.45700E-01


    3.   6.94    3.   6.94  5.00E+00  4.50E+01  1.14E-03

  4.03980E-01  6.63020E-01  8.90350E-01  1.17320E+00  1.46080E+00

  1.85890E-01  3.43770E-01  4.34850E-01  5.38380E-01  8.22980E-01
  1.97500E-01  3.60200E-01  4.41030E-01  6.38100E-01  7.85430E-01
  2.08650E-01  3.02200E-01  4.02210E-01  5.49780E-01  6.98510E-01
  1.81240E-01  2.43240E-01  3.15660E-01  4.24940E-01  6.51960E-01
  1.41590E-01  2.19040E-01  3.23220E-01  4.07240E-01  5.06130E-01

  9.21480E-01  9.21480E-01  9.21480E-01  9.21480E-01  9.21480E-01
  8.75470E-01  8.75470E-01  8.75470E-01  8.75470E-01  8.75470E-01
  8.61410E-01  8.61410E-01  8.61410E-01  8.61410E-01  8.61410E-01
  8.68600E-01  8.68600E-01  8.68600E-01  8.68600E-01  8.68600E-01
  8.47110E-01  8.47110E-01  8.47110E-01  8.47110E-01  8.47110E-01
  9.02450E-01  9.02450E-01  9.02450E-01  9.02450E-01  9.02450E-01
  9.62510E-01  9.62510E-01  9.62510E-01  9.62510E-01  9.62510E-01
  8.60540E-01  8.60540E-01  8.60540E-01  8.60540E-01  8.60540E-01
  9.49750E-01  9.49750E-01  9.49750E-01  9.49750E-01  9.49750E-01
  9.25750E-01  9.25750E-01  9.25750E-01  9.25750E-01  9.25750E-01
  9.72960E-01  9.72960E-01  9.72960E-01  9.72960E-01  9.72960E-01
  7.66020E-01  7.66020E-01  7.66020E-01  7.66020E-01  7.66020E-01
  9.22240E-01  9.22240E-01  9.22240E-01  9.22240E-01  9.22240E-01
  9.37640E-01  9.37640E-01  9.37640E-01  9.37640E-01  9.37640E-01
  9.02490E-01  9.02490E-01  9.02490E-01  9.02490E-01  9.02490E-01
  8.40760E-01  8.40760E-01  8.40760E-01  8.40760E-01  8.40760E-01
  9.27580E-01  9.27580E-01  9.27580E-01  9.27580E-01  9.27580E-01
  8.95190E-01  8.95190E-01  8.95190E-01  8.95190E-01  8.95190E-01
  9.74130E-01  9.74130E-01  9.74130E-01  9.74130E-01  9.74130E-01
  9.22970E-01  9.22970E-01  9.22970E-01  9.22970E-01  9.22970E-01
  9.83070E-01  9.83070E-01  9.83070E-01  9.83070E-01  9.83070E-01
  9.18030E-01  9.18030E-01  9.18030E-01  9.18030E-01  9.18030E-01
  9.65080E-01  9.65080E-01  9.65080E-01  9.65080E-01  9.65080E-01
  8.86270E-01  8.86270E-01  8.86270E-01  8.86270E-01  8.86270E-01
  9.56000E-01  9.56000E-01  9.56000E-01  9.56000E-01  9.56000E-01


    3.   6.94    3.   6.94  5.00E+00  6.00E+01  6.53E-03

  5.51810E-01  8.81190E-01  1.15940E+00  1.45660E+00  1.84960E+00

  1.76290E-01  3.06880E-01  4.21740E-01  5.70270E-01  7.82060E-01
  1.61720E-01  2.77410E-01  4.08690E-01  5.15650E-01  7.00970E-01
  1.62420E-01  2.80040E-01  3.76040E-01  5.14240E-01  6.47290E-01
  1.40220E-01  2.32650E-01  3.21240E-01  4.44340E-01  6.03460E-01
  1.07550E-01  2.15640E-01  2.91290E-01  3.77670E-01  5.25770E-01

  6.31670E-01  8.39430E-01  9.26490E-01  9.68520E-01  9.95640E-01
  7.18700E-01  8.65630E-01  9.27310E-01  9.62570E-01  9.92500E-01
  6.26860E-01  8.03240E-01  8.62550E-01  9.70350E-01  9.93170E-01
  5.60950E-01  8.07850E-01  9.02350E-01  9.58040E-01  9.85670E-01
  7.73570E-01  8.82350E-01  9.56320E-01  9.88020E-01  9.99530E-01
  6.56170E-01  8.64310E-01  9.24970E-01  9.64550E-01  9.98590E-01
  7.86950E-01  8.73530E-01  9.35230E-01  9.78510E-01  9.89080E-01
  7.58930E-01  8.67320E-01  9.39240E-01  9.71390E-01  9.96230E-01
  7.20650E-01  8.85340E-01  9.43000E-01  9.72500E-01  9.97600E-01
  6.32940E-01  7.75610E-01  8.93400E-01  9.65950E-01  9.98420E-01
  8.59670E-01  9.22450E-01  9.62000E-01  9.89620E-01  9.98370E-01
  9.13670E-01  9.38600E-01  9.73310E-01  9.84460E-01  9.96700E-01
  8.05590E-01  9.02610E-01  9.62250E-01  9.86660E-01  9.98780E-01
  6.91280E-01  8.70880E-01  9.20490E-01  9.79980E-01  9.96250E-01
  7.62800E-01  8.74970E-01  9.70430E-01  9.90590E-01  9.97670E-01
  8.54790E-01  9.45780E-01  9.68740E-01  9.84020E-01  9.98900E-01
  7.39080E-01  9.01090E-01  9.36080E-01  9.87680E-01  9.99980E-01
  7.75810E-01  8.33850E-01  9.41290E-01  9.78970E-01  9.98690E-01
  8.22130E-01  8.94970E-01  9.51120E-01  9.84420E-01  9.97170E-01
  7.89900E-01  8.78280E-01  9.43180E-01  9.86090E-01  9.95810E-01
  9.16350E-01  9.75660E-01  9.86800E-01  9.93730E-01  9.97180E-01
  8.74960E-01  9.29650E-01  9.73340E-01  9.88290E-01  9.98220E-01
  9.08120E-01  9.69050E-01  9.88330E-01  9.96740E-01  9.99450E-01
  8.86530E-01  9.44730E-01  9.75030E-01  9.89390E-01  9.98640E-01
  8.80800E-01  9.32050E-01  9.77540E-01  9.87800E-01  9.99280E-01


    3.   6.94    3.   6.94  5.00E+00  7.00E+01  1.46E-02

  6.16840E-01  1.04600E+00  1.37200E+00  1.71190E+00  2.16340E+00

  1.94210E-01  3.54540E-01  4.80080E-01  5.74250E-01  7.44600E-01
  1.67480E-01  2.92190E-01  3.97070E-01  5.26330E-01  6.77840E-01
  1.48240E-01  2.78090E-01  3.63640E-01  4.63330E-01  6.04390E-01
  1.37810E-01  2.56000E-01  3.46840E-01  4.42530E-01  5.80050E-01
  1.15490E-01  1.85170E-01  2.65200E-01  3.44430E-01  4.57640E-01

  6.80680E-01  8.43840E-01  9.07560E-01  9.77580E-01  9.90230E-01
  6.23050E-01  8.84220E-01  9.63350E-01  9.86560E-01  9.98700E-01
  6.73130E-01  8.64280E-01  9.39700E-01  9.80570E-01  9.99140E-01
  7.07180E-01  8.74650E-01  9.38940E-01  9.82170E-01  9.98630E-01
  6.33450E-01  8.29710E-01  9.27590E-01  9.75260E-01  9.98880E-01
  7.03300E-01  8.97840E-01  9.41450E-01  9.72410E-01  9.99140E-01
  7.63240E-01  8.91650E-01  9.39870E-01  9.76220E-01  9.99060E-01
  6.74710E-01  8.73490E-01  9.40680E-01  9.69030E-01  9.97390E-01
  6.82890E-01  8.48670E-01  9.33910E-01  9.75400E-01  9.94870E-01
  7.23880E-01  8.71920E-01  9.38660E-01  9.86270E-01  9.97350E-01
  7.85150E-01  9.05720E-01  9.63200E-01  9.81680E-01  9.98420E-01
  8.03940E-01  9.05930E-01  9.56280E-01  9.80910E-01  9.94590E-01
  7.02640E-01  8.58240E-01  9.46770E-01  9.79700E-01  9.98160E-01
  7.96440E-01  8.95260E-01  9.59550E-01  9.80800E-01  9.98280E-01
  8.22890E-01  9.12480E-01  9.50170E-01  9.81070E-01  9.97300E-01
  8.41490E-01  9.21020E-01  9.61110E-01  9.83690E-01  9.97840E-01
  7.53230E-01  9.03590E-01  9.48040E-01  9.88910E-01  9.98400E-01
  8.09140E-01  9.18740E-01  9.64200E-01  9.86620E-01  9.99100E-01
  8.22030E-01  9.27040E-01  9.75280E-01  9.93890E-01  9.99410E-01
  8.43710E-01  9.15870E-01  9.65300E-01  9.88350E-01  9.99080E-01
  8.60770E-01  9.33680E-01  9.65660E-01  9.88420E-01  9.99140E-01
  8.53200E-01  9.46530E-01  9.76200E-01  9.89600E-01  9.98570E-01
  8.82460E-01  9.20860E-01  9.60550E-01  9.92270E-01  9.99610E-01
  8.60280E-01  9.40700E-01  9.77930E-01  9.91200E-01  9.99420E-01
  8.37000E-01  9.02300E-01  9.63890E-01  9.83970E-01  9.97280E-01


    3.   6.94    3.   6.94  5.00E+00  8.00E+01  2.36E-02

  7.04620E-01  1.15280E+00  1.51240E+00  1.87800E+00  2.38050E+00

  2.04720E-01  3.53130E-01  4.64220E-01  5.83120E-01  7.58050E-01
  1.62920E-01  2.93700E-01  3.98470E-01  5.16070E-01  6.65170E-01
  1.62740E-01  2.80380E-01  3.83350E-01  4.69990E-01  6.28770E-01
  1.32360E-01  2.45960E-01  3.39800E-01  4.34110E-01  5.66420E-01
  1.09840E-01  1.91150E-01  2.69090E-01  3.39770E-01  4.69950E-01

  6.13470E-01  7.91690E-01  9.09390E-01  9.74200E-01  9.97650E-01
  6.22500E-01  8.53280E-01  9.31630E-01  9.79140E-01  9.99620E-01
  6.44630E-01  8.57470E-01  9.35110E-01  9.78510E-01  9.96530E-01
  5.72000E-01  8.13670E-01  9.24740E-01  9.80790E-01  9.98720E-01
  6.70940E-01  8.45730E-01  9.17130E-01  9.74890E-01  9.94930E-01
  6.73890E-01  8.54280E-01  9.20600E-01  9.75790E-01  9.97650E-01
  7.35210E-01  8.57230E-01  9.48330E-01  9.79910E-01  9.98720E-01
  6.97710E-01  8.69770E-01  9.39120E-01  9.84010E-01  9.97260E-01
  7.39100E-01  8.76970E-01  9.47070E-01  9.80180E-01  9.98430E-01
  7.32530E-01  8.71270E-01  9.49990E-01  9.82270E-01  9.98550E-01
  7.47180E-01  8.92580E-01  9.46680E-01  9.85130E-01  9.98500E-01
  7.67400E-01  8.97730E-01  9.59280E-01  9.88430E-01  9.98890E-01
  7.79670E-01  9.10430E-01  9.66390E-01  9.88180E-01  9.98680E-01
  7.31830E-01  8.76090E-01  9.47560E-01  9.75150E-01  9.98100E-01
  7.95180E-01  9.10220E-01  9.55720E-01  9.81320E-01  9.97780E-01
  7.97900E-01  9.15210E-01  9.61270E-01  9.88930E-01  9.98660E-01
  8.54060E-01  9.27990E-01  9.76000E-01  9.90400E-01  9.98170E-01
  8.18310E-01  9.12780E-01  9.62460E-01  9.87640E-01  9.99070E-01
  8.30100E-01  9.22120E-01  9.75100E-01  9.91630E-01  9.99100E-01
  8.20520E-01  9.22600E-01  9.65640E-01  9.94250E-01  9.99520E-01
  8.71580E-01  9.53900E-01  9.81110E-01  9.93670E-01  9.98990E-01
  8.80380E-01  9.52750E-01  9.72330E-01  9.88940E-01  9.98280E-01
  8.92300E-01  9.54030E-01  9.79540E-01  9.93170E-01  9.99110E-01
  9.14650E-01  9.50260E-01  9.79220E-01  9.94810E-01  9.99370E-01
  9.23640E-01  9.61120E-01  9.84110E-01  9.95230E-01  9.99690E-01


    3.   6.94    3.   6.94  5.00E+00  8.50E+01  2.62E-02

  7.36910E-01  1.20800E+00  1.57140E+00  1.94340E+00  2.42050E+00

  1.76550E-01  3.37690E-01  4.63330E-01  5.72220E-01  7.26120E-01
  1.72740E-01  3.01350E-01  4.14510E-01  5.25240E-01  6.75050E-01
  1.36270E-01  2.59420E-01  3.62530E-01  4.60760E-01  6.12870E-01
  1.34050E-01  2.38160E-01  3.23270E-01  4.22150E-01  5.51680E-01
  1.14630E-01  1.96810E-01  2.69300E-01  3.53650E-01  4.61330E-01

  5.94640E-01  8.66790E-01  9.27460E-01  9.66370E-01  9.93400E-01
  5.79430E-01  8.03750E-01  8.98170E-01  9.73540E-01  9.97640E-01
  6.36310E-01  8.60200E-01  9.28570E-01  9.75130E-01  9.97710E-01
  6.28250E-01  8.49060E-01  9.30630E-01  9.75440E-01  9.98480E-01
  6.13950E-01  8.29950E-01  9.36110E-01  9.68130E-01  9.97030E-01
  7.26350E-01  8.89470E-01  9.49210E-01  9.81160E-01  9.96210E-01
  7.37570E-01  8.86330E-01  9.43280E-01  9.81180E-01  9.97330E-01
  7.41050E-01  8.92700E-01  9.53470E-01  9.84310E-01  9.97980E-01
  6.80610E-01  8.56860E-01  9.35110E-01  9.79650E-01  9.97980E-01
  7.62750E-01  8.93860E-01  9.52720E-01  9.85060E-01  9.98850E-01
  7.61860E-01  8.83670E-01  9.50930E-01  9.81690E-01  9.97000E-01
  7.57670E-01  8.89190E-01  9.56040E-01  9.85640E-01  9.98520E-01
  7.97140E-01  9.18450E-01  9.58420E-01  9.81240E-01  9.96410E-01
  7.51800E-01  8.91970E-01  9.64000E-01  9.85780E-01  9.96680E-01
  8.22700E-01  9.06530E-01  9.58860E-01  9.84830E-01  9.97730E-01
  7.96920E-01  9.06530E-01  9.58900E-01  9.80670E-01  9.96930E-01
  8.14380E-01  9.29850E-01  9.67470E-01  9.87910E-01  9.98760E-01
  8.24730E-01  9.16510E-01  9.60310E-01  9.87770E-01  9.98630E-01
  8.16860E-01  9.28430E-01  9.68830E-01  9.88840E-01  9.98240E-01
  8.10520E-01  9.24340E-01  9.70150E-01  9.90060E-01  9.99300E-01
  8.46830E-01  9.34670E-01  9.79110E-01  9.93150E-01  9.98450E-01
  8.90050E-01  9.45840E-01  9.72420E-01  9.89790E-01  9.98940E-01
  8.69330E-01  9.36700E-01  9.75350E-01  9.91780E-01  9.99690E-01
  8.80820E-01  9.38170E-01  9.72930E-01  9.91350E-01  9.99380E-01
  8.93770E-01  9.56970E-01  9.83100E-01  9.93240E-01  9.99640E-01


    3.   6.94    3.   6.94  1.00E+01  0.00E+00  9.50E-05

  3.69720E-01  5.94860E-01  7.19220E-01  1.02540E+00  1.11940E+00

  3.70890E-01  3.70890E-01  3.70890E-01  3.70890E-01  3.70890E-01
  8.28730E-01  8.28730E-01  8.28730E-01  8.28730E-01  8.28730E-01
  4.52520E-01  4.52520E-01  4.52520E-01  4.52520E-01  4.52520E-01
  6.76340E-01  6.76340E-01  6.76340E-01  6.76340E-01  6.76340E-01
  7.31090E-01  7.31090E-01  7.31090E-01  7.31090E-01  7.31090E-01

  7.80270E-01  7.80270E-01  7.80270E-01  7.80270E-01  7.80270E-01
  7.80270E-01  7.80270E-01  7.80270E-01  7.80270E-01  7.80270E-01
  7.80270E-01  7.80270E-01  7.80270E-01  7.80270E-01  7.80270E-01
  7.80270E-01  7.80270E-01  7.80270E-01  7.80270E-01  7.80270E-01
  7.80270E-01  7.80270E-01  7.80270E-01  7.80270E-01  7.80270E-01
 -9.90230E-01 -9.90230E-01 -9.90230E-01 -9.90230E-01 -9.90230E-01
 -9.90230E-01 -9.90230E-01 -9.90230E-01 -9.90230E-01 -9.90230E-01
 -9.90230E-01 -9.90230E-01 -9.90230E-01 -9.90230E-01 -9.90230E-01
 -9.90230E-01 -9.90230E-01 -9.90230E-01 -9.90230E-01 -9.90230E-01
 -9.90230E-01 -9.90230E-01 -9.90230E-01 -9.90230E-01 -9.90230E-01
  2.58550E-01  2.58550E-01  2.58550E-01  2.58550E-01  2.58550E-01
  2.58550E-01  2.58550E-01  2.58550E-01  2.58550E-01  2.58550E-01
  2.58550E-01  2.58550E-01  2.58550E-01  2.58550E-01  2.58550E-01
  2.58550E-01  2.58550E-01  2.58550E-01  2.58550E-01  2.58550E-01
  2.58550E-01  2.58550E-01  2.58550E-01  2.58550E-01  2.58550E-01
 -4.69070E-01 -4.69070E-01 -4.69070E-01 -4.69070E-01 -4.69070E-01
 -4.69070E-01 -4.69070E-01 -4.69070E-01 -4.69070E-01 -4.69070E-01
 -4.69070E-01 -4.69070E-01 -4.69070E-01 -4.69070E-01 -4.69070E-01
 -4.69070E-01 -4.69070E-01 -4.69070E-01 -4.69070E-01 -4.69070E-01
 -4.69070E-01 -4.69070E-01 -4.69070E-01 -4.69070E-01 -4.69070E-01
 -1.68670E-01 -1.68670E-01 -1.68670E-01 -1.68670E-01 -1.68670E-01
 -1.68670E-01 -1.68670E-01 -1.68670E-01 -1.68670E-01 -1.68670E-01
 -1.68670E-01 -1.68670E-01 -1.68670E-01 -1.68670E-01 -1.68670E-01
 -1.68670E-01 -1.68670E-01 -1.68670E-01 -1.68670E-01 -1.68670E-01
 -1.68670E-01 -1.68670E-01 -1.68670E-01 -1.68670E-01 -1.68670E-01


    3.   6.94    3.   6.94  1.00E+01  3.00E+01  4.69E-03

  5.21380E-01  9.71780E-01  1.40290E+00  1.90960E+00  2.67110E+00

  2.61280E-01  4.97310E-01  6.47310E-01  7.58660E-01  8.84950E-01
  2.44060E-01  4.42500E-01  5.37890E-01  6.58630E-01  8.41730E-01
  1.87230E-01  3.80880E-01  5.29300E-01  6.40920E-01  7.96240E-01
  2.45290E-01  3.84880E-01  4.96620E-01  6.25130E-01  7.41420E-01
  1.71220E-01  2.89720E-01  3.65490E-01  5.11130E-01  6.74630E-01

  9.78860E-01  9.78860E-01  9.78860E-01  9.78860E-01  9.78860E-01
  8.99090E-01  8.99090E-01  8.99090E-01  8.99090E-01  8.99090E-01
  5.29940E-01  5.29940E-01  5.29940E-01  5.29940E-01  5.29940E-01
  4.68090E-01  4.68090E-01  4.68090E-01  4.68090E-01  4.68090E-01
  4.68260E-01  4.68260E-01  4.68260E-01  4.68260E-01  4.68260E-01
  8.71450E-01  8.71450E-01  8.71450E-01  8.71450E-01  8.71450E-01
  7.33450E-01  7.33450E-01  7.33450E-01  7.33450E-01  7.33450E-01
  2.96040E-01  2.96040E-01  2.96040E-01  2.96040E-01  2.96040E-01
  6.32620E-01  6.32620E-01  6.32620E-01  6.32620E-01  6.32620E-01
  8.75260E-01  8.75260E-01  8.75260E-01  8.75260E-01  8.75260E-01
  4.71050E-01  4.71050E-01  4.71050E-01  4.71050E-01  4.71050E-01
  8.89110E-01  8.89110E-01  8.89110E-01  8.89110E-01  8.89110E-01
  5.59530E-01  5.59530E-01  5.59530E-01  5.59530E-01  5.59530E-01
  9.34620E-01  9.34620E-01  9.34620E-01  9.34620E-01  9.34620E-01
  7.33810E-01  7.33810E-01  7.33810E-01  7.33810E-01  7.33810E-01
  7.51130E-01  7.51130E-01  7.51130E-01  7.51130E-01  7.51130E-01
  8.33470E-01  8.33470E-01  8.33470E-01  8.33470E-01  8.33470E-01
  8.11240E-01  8.11240E-01  8.11240E-01  8.11240E-01  8.11240E-01
  9.44220E-01  9.44220E-01  9.44220E-01  9.44220E-01  9.44220E-01
  7.19760E-01  7.19760E-01  7.19760E-01  7.19760E-01  7.19760E-01
  8.13990E-01  8.13990E-01  8.13990E-01  8.13990E-01  8.13990E-01
  8.90570E-01  8.90570E-01  8.90570E-01  8.90570E-01  8.90570E-01
  8.07290E-01  8.07290E-01  8.07290E-01  8.07290E-01  8.07290E-01
  9.47810E-01  9.47810E-01  9.47810E-01  9.47810E-01  9.47810E-01
  9.02520E-01  9.02520E-01  9.02520E-01  9.02520E-01  9.02520E-01


    3.   6.94    3.   6.94  1.00E+01  4.50E+01  2.83E-02

  8.11300E-01  1.55590E+00  2.21350E+00  2.92730E+00  3.97470E+00

  2.27640E-01  3.95530E-01  5.38950E-01  6.75990E-01  8.48820E-01
  2.04110E-01  3.57480E-01  4.90710E-01  6.03060E-01  7.69240E-01
  1.95880E-01  3.28730E-01  4.38660E-01  5.45390E-01  7.11520E-01
  1.74510E-01  3.05270E-01  4.10020E-01  5.14190E-01  6.54240E-01
  1.49040E-01  2.45850E-01  3.35940E-01  4.32460E-01  5.68210E-01

  3.61790E-01  6.84100E-01  8.69850E-01  9.54140E-01  9.92720E-01
  2.53330E-01  6.65470E-01  8.43870E-01  9.50880E-01  9.95300E-01
  4.28730E-01  7.33020E-01  8.79230E-01  9.52120E-01  9.94260E-01
  2.49040E-01  6.86860E-01  8.32570E-01  9.48320E-01  9.95190E-01
 -3.27250E-03  6.63310E-01  8.89170E-01  9.55870E-01  9.94310E-01
  4.88930E-01  7.42670E-01  8.83930E-01  9.58420E-01  9.95920E-01
  4.21460E-01  7.38880E-01  8.95970E-01  9.56080E-01  9.96460E-01
  4.61350E-01  7.79640E-01  9.10310E-01  9.62920E-01  9.95820E-01
  5.09450E-01  7.97850E-01  9.00970E-01  9.66400E-01  9.95410E-01
  4.19340E-01  7.57550E-01  8.92930E-01  9.58950E-01  9.93590E-01
  5.44110E-01  7.82640E-01  8.95220E-01  9.51140E-01  9.94490E-01
  5.36540E-01  8.55240E-01  9.43860E-01  9.84760E-01  9.98670E-01
  6.88390E-01  8.45840E-01  9.36260E-01  9.70460E-01  9.94450E-01
  5.68090E-01  8.40570E-01  9.24360E-01  9.73920E-01  9.96860E-01
  6.10550E-01  8.26050E-01  9.27060E-01  9.69080E-01  9.95440E-01
  7.30580E-01  8.75570E-01  9.32520E-01  9.74590E-01  9.96340E-01
  6.70480E-01  8.61760E-01  9.40340E-01  9.80200E-01  9.97990E-01
  6.73180E-01  8.68540E-01  9.36260E-01  9.76110E-01  9.97640E-01
  6.25490E-01  8.32530E-01  9.16460E-01  9.71310E-01  9.96480E-01
  6.58750E-01  8.34390E-01  9.26440E-01  9.72030E-01  9.96210E-01
  7.81030E-01  8.92110E-01  9.56700E-01  9.83830E-01  9.98750E-01
  7.51090E-01  9.00720E-01  9.57660E-01  9.84280E-01  9.97990E-01
  7.84240E-01  8.95550E-01  9.58750E-01  9.84120E-01  9.97020E-01
  7.29510E-01  8.94960E-01  9.55230E-01  9.86630E-01  9.99060E-01
  7.79020E-01  9.14030E-01  9.64910E-01  9.89880E-01  9.99060E-01


    3.   6.94    3.   6.94  1.00E+01  6.00E+01  1.05E-01

  1.23170E+00  2.29740E+00  3.18810E+00  4.10370E+00  5.27280E+00

  2.14320E-01  3.78810E-01  5.13480E-01  6.48260E-01  8.12400E-01
  1.87340E-01  3.34860E-01  4.49450E-01  5.70680E-01  7.34760E-01
  1.61930E-01  2.96560E-01  4.06220E-01  5.18870E-01  6.68910E-01
  1.50070E-01  2.65520E-01  3.56610E-01  4.53840E-01  5.95390E-01
  1.13740E-01  2.09690E-01  2.85360E-01  3.66750E-01  4.83760E-01

  3.45320E-01  7.24620E-01  8.76390E-01  9.59170E-01  9.95970E-01
  3.71550E-01  7.11990E-01  8.68460E-01  9.61760E-01  9.95420E-01
  3.72030E-01  7.10330E-01  8.71300E-01  9.52790E-01  9.95250E-01
  3.45710E-01  7.02530E-01  8.65180E-01  9.59240E-01  9.95000E-01
  1.44510E-01  6.60130E-01  8.35820E-01  9.36640E-01  9.91790E-01
  5.31960E-01  7.90980E-01  9.04770E-01  9.68070E-01  9.96670E-01
  4.93890E-01  7.81990E-01  9.01620E-01  9.67880E-01  9.95370E-01
  5.80990E-01  8.04720E-01  9.17360E-01  9.72490E-01  9.97370E-01
  5.56970E-01  8.08140E-01  9.16820E-01  9.74160E-01  9.96680E-01
  5.54490E-01  8.18330E-01  9.17180E-01  9.70990E-01  9.96860E-01
  6.24740E-01  8.47980E-01  9.30470E-01  9.75540E-01  9.97240E-01
  6.19190E-01  8.25240E-01  9.25940E-01  9.80840E-01  9.97920E-01
  6.22960E-01  8.45680E-01  9.37880E-01  9.78570E-01  9.97300E-01
  6.26480E-01  8.52160E-01  9.31260E-01  9.78640E-01  9.96940E-01
  6.86300E-01  8.52410E-01  9.40740E-01  9.82580E-01  9.97500E-01
  7.23300E-01  8.82680E-01  9.49290E-01  9.84560E-01  9.98570E-01
  7.28250E-01  8.81760E-01  9.44850E-01  9.79830E-01  9.97980E-01
  7.39510E-01  8.94670E-01  9.54050E-01  9.83840E-01  9.97640E-01
  7.52040E-01  8.97770E-01  9.53700E-01  9.86160E-01  9.98300E-01
  7.59340E-01  9.02460E-01  9.56940E-01  9.85280E-01  9.98360E-01
  8.33220E-01  9.23110E-01  9.71030E-01  9.90530E-01  9.99010E-01
  8.27670E-01  9.31420E-01  9.70920E-01  9.90710E-01  9.98920E-01
  8.32980E-01  9.38950E-01  9.70790E-01  9.90850E-01  9.99200E-01
  8.40540E-01  9.33730E-01  9.74050E-01  9.90010E-01  9.99040E-01
  8.52750E-01  9.37590E-01  9.73490E-01  9.90500E-01  9.99250E-01


    3.   6.94    3.   6.94  1.00E+01  7.00E+01  1.85E-01

  1.53390E+00  2.83460E+00  3.87350E+00  4.88560E+00  6.06190E+00

  2.04360E-01  3.60340E-01  4.87600E-01  6.17040E-01  7.81700E-01
  1.77890E-01  3.12810E-01  4.21710E-01  5.38810E-01  6.88830E-01
  1.57090E-01  2.79910E-01  3.79280E-01  4.83280E-01  6.23820E-01
  1.36320E-01  2.44250E-01  3.35960E-01  4.25340E-01  5.58730E-01
  1.07650E-01  1.92900E-01  2.62600E-01  3.38050E-01  4.45150E-01

  4.17820E-01  7.14590E-01  8.74720E-01  9.59000E-01  9.95770E-01
  4.36860E-01  7.31410E-01  8.73070E-01  9.55200E-01  9.95750E-01
  3.96980E-01  7.27020E-01  8.78390E-01  9.59040E-01  9.96300E-01
  4.31890E-01  7.41800E-01  8.84840E-01  9.63540E-01  9.95780E-01
  3.71760E-01  7.38560E-01  8.91450E-01  9.62290E-01  9.95590E-01
  5.82890E-01  8.14770E-01  9.17400E-01  9.71060E-01  9.96840E-01
  5.91650E-01  8.14200E-01  9.14330E-01  9.74140E-01  9.97120E-01
  5.93430E-01  8.22000E-01  9.23940E-01  9.72630E-01  9.96950E-01
  6.15130E-01  8.37340E-01  9.31360E-01  9.74610E-01  9.97340E-01
  6.10670E-01  8.36470E-01  9.30890E-01  9.74240E-01  9.97100E-01
  6.91000E-01  8.62110E-01  9.45050E-01  9.80510E-01  9.98020E-01
  6.69500E-01  8.56040E-01  9.41850E-01  9.80890E-01  9.97690E-01
  6.80500E-01  8.61790E-01  9.41260E-01  9.80640E-01  9.98030E-01
  6.97580E-01  8.75490E-01  9.42760E-01  9.79710E-01  9.98080E-01
  7.20120E-01  8.80260E-01  9.52270E-01  9.82880E-01  9.98140E-01
  7.88240E-01  9.00210E-01  9.52010E-01  9.83690E-01  9.98330E-01
  7.85800E-01  9.04550E-01  9.57530E-01  9.85180E-01  9.98190E-01
  7.89460E-01  9.09150E-01  9.59420E-01  9.86940E-01  9.98980E-01
  7.84880E-01  9.12640E-01  9.56760E-01  9.86530E-01  9.98560E-01
  8.12590E-01  9.26050E-01  9.67770E-01  9.89880E-01  9.98880E-01
  8.57910E-01  9.42110E-01  9.76590E-01  9.91270E-01  9.98990E-01
  8.63320E-01  9.42740E-01  9.75690E-01  9.91930E-01  9.99180E-01
  8.80990E-01  9.45530E-01  9.76280E-01  9.92510E-01  9.99340E-01
  8.69010E-01  9.45250E-01  9.76270E-01  9.92180E-01  9.99160E-01
  8.92930E-01  9.53820E-01  9.81000E-01  9.93800E-01  9.99300E-01


    3.   6.94    3.   6.94  1.00E+01  8.00E+01  2.62E-01

  1.84840E+00  3.31320E+00  4.44570E+00  5.50640E+00  6.66550E+00

  1.86380E-01  3.36730E-01  4.60850E-01  5.87810E-01  7.54080E-01
  1.71150E-01  2.96520E-01  4.06070E-01  5.15210E-01  6.60300E-01
  1.48920E-01  2.66870E-01  3.62370E-01  4.58980E-01  5.89630E-01
  1.26890E-01  2.33220E-01  3.20260E-01  4.05480E-01  5.30960E-01
  9.90460E-02  1.78540E-01  2.46670E-01  3.18030E-01  4.21340E-01

  5.04000E-01  7.64230E-01  8.86820E-01  9.62930E-01  9.96120E-01
  4.66180E-01  7.52470E-01  8.87140E-01  9.63720E-01  9.96160E-01
  4.57240E-01  7.68320E-01  8.93010E-01  9.68390E-01  9.96600E-01
  4.96910E-01  7.59420E-01  8.92010E-01  9.63640E-01  9.95690E-01
  4.67690E-01  7.67280E-01  8.98690E-01  9.66040E-01  9.95970E-01
  6.17500E-01  8.29730E-01  9.22920E-01  9.73600E-01  9.97000E-01
  6.18080E-01  8.31590E-01  9.23590E-01  9.74040E-01  9.97550E-01
  6.43340E-01  8.49080E-01  9.32890E-01  9.77310E-01  9.97690E-01
  6.63470E-01  8.56380E-01  9.34700E-01  9.78490E-01  9.97490E-01
  6.80030E-01  8.61390E-01  9.36030E-01  9.80010E-01  9.97710E-01
  7.41700E-01  8.82320E-01  9.47000E-01  9.82180E-01  9.98110E-01
  7.16850E-01  8.69600E-01  9.46320E-01  9.80540E-01  9.98110E-01
  7.56040E-01  8.86590E-01  9.49280E-01  9.82420E-01  9.97660E-01
  7.58990E-01  8.95330E-01  9.54640E-01  9.84750E-01  9.97950E-01
  7.78920E-01  9.05820E-01  9.57030E-01  9.86480E-01  9.98460E-01
  8.00890E-01  9.08870E-01  9.61130E-01  9.86330E-01  9.98560E-01
  8.11760E-01  9.16010E-01  9.61540E-01  9.88030E-01  9.98610E-01
  8.13290E-01  9.21280E-01  9.63510E-01  9.87460E-01  9.98620E-01
  8.23280E-01  9.21680E-01  9.65780E-01  9.88310E-01  9.98910E-01
  8.50920E-01  9.33480E-01  9.70130E-01  9.89360E-01  9.98490E-01
  8.86010E-01  9.51560E-01  9.79470E-01  9.93450E-01  9.99230E-01
  8.92950E-01  9.55680E-01  9.79960E-01  9.93890E-01  9.99340E-01
  8.98310E-01  9.56370E-01  9.81920E-01  9.94040E-01  9.99400E-01
  9.00190E-01  9.57080E-01  9.81440E-01  9.93420E-01  9.99310E-01
  9.05950E-01  9.61150E-01  9.82670E-01  9.94660E-01  9.99460E-01


    3.   6.94    3.   6.94  1.00E+01  8.50E+01  2.84E-01

  1.91860E+00  3.42550E+00  4.60060E+00  5.65590E+00  6.82660E+00

  1.86760E-01  3.31430E-01  4.55210E-01  5.75780E-01  7.39770E-01
  1.61290E-01  2.88300E-01  3.95270E-01  5.05300E-01  6.52290E-01
  1.44610E-01  2.61530E-01  3.54320E-01  4.51930E-01  5.89430E-01
  1.28310E-01  2.28300E-01  3.13130E-01  3.99720E-01  5.16530E-01
  9.76110E-02  1.76780E-01  2.40010E-01  3.09680E-01  4.10560E-01

  4.87530E-01  7.76480E-01  8.98140E-01  9.67120E-01  9.96190E-01
  4.69470E-01  7.68650E-01  8.94060E-01  9.65740E-01  9.96360E-01
  5.04010E-01  7.81740E-01  9.07130E-01  9.67010E-01  9.95870E-01
  5.09770E-01  7.79050E-01  8.95000E-01  9.65920E-01  9.96380E-01
  4.69420E-01  7.65090E-01  8.92340E-01  9.65240E-01  9.96320E-01
  6.37850E-01  8.43800E-01  9.28000E-01  9.74990E-01  9.97120E-01
  6.53140E-01  8.44040E-01  9.31250E-01  9.76000E-01  9.97560E-01
  6.51380E-01  8.42500E-01  9.30510E-01  9.78020E-01  9.97030E-01
  6.65950E-01  8.64790E-01  9.40970E-01  9.81010E-01  9.97950E-01
  6.90000E-01  8.63430E-01  9.39720E-01  9.80350E-01  9.97500E-01
  7.62020E-01  8.86350E-01  9.51150E-01  9.83680E-01  9.98420E-01
  7.51880E-01  8.90980E-01  9.47480E-01  9.82630E-01  9.98250E-01
  7.50620E-01  9.01380E-01  9.54560E-01  9.85240E-01  9.98130E-01
  7.67630E-01  9.02100E-01  9.52520E-01  9.85130E-01  9.98520E-01
  7.93400E-01  9.17620E-01  9.64980E-01  9.88770E-01  9.98590E-01
  8.15500E-01  9.18250E-01  9.64830E-01  9.88300E-01  9.98640E-01
  8.17780E-01  9.22570E-01  9.64120E-01  9.88930E-01  9.98610E-01
  8.30240E-01  9.29520E-01  9.68570E-01  9.89310E-01  9.98680E-01
  8.35430E-01  9.28620E-01  9.68450E-01  9.88560E-01  9.98710E-01
  8.53560E-01  9.39600E-01  9.74160E-01  9.91550E-01  9.98910E-01
  8.95260E-01  9.54190E-01  9.79170E-01  9.93290E-01  9.99380E-01
  9.04790E-01  9.58000E-01  9.82040E-01  9.93970E-01  9.99420E-01
  9.01080E-01  9.59860E-01  9.82960E-01  9.94400E-01  9.99410E-01
  9.07990E-01  9.61310E-01  9.84150E-01  9.95150E-01  9.99500E-01
  9.17210E-01  9.65310E-01  9.84030E-01  9.94730E-01  9.99380E-01


    3.   6.94    3.   6.94  2.00E+01  0.00E+00  8.65E-04

  4.86540E-01  8.86120E-01  1.34510E+00  1.73430E+00  2.42020E+00

  3.83640E-01  4.95030E-01  7.57590E-01  9.28190E-01  9.84330E-01
  4.36590E-01  5.27090E-01  6.41400E-01  8.20810E-01  8.73010E-01
  2.76960E-01  4.93940E-01  6.73780E-01  8.32630E-01  9.72710E-01
  4.71890E-01  5.76820E-01  6.41850E-01  7.93610E-01  9.36190E-01
  3.31420E-01  5.01580E-01  6.82970E-01  8.07230E-01  9.43050E-01

 -5.70960E-01 -5.70960E-01 -5.70960E-01 -5.70960E-01 -5.70960E-01
 -4.82790E-01 -4.82790E-01 -4.82790E-01 -4.82790E-01 -4.82790E-01
 -2.97360E-01 -2.97360E-01 -2.97360E-01 -2.97360E-01 -2.97360E-01
 -3.72040E-01 -3.72040E-01 -3.72040E-01 -3.72040E-01 -3.72040E-01
  1.02620E-01  1.02620E-01  1.02620E-01  1.02620E-01  1.02620E-01
 -2.16980E-02 -2.16980E-02 -2.16980E-02 -2.16980E-02 -2.16980E-02
  6.00500E-02  6.00500E-02  6.00500E-02  6.00500E-02  6.00500E-02
  2.79640E-01  2.79640E-01  2.79640E-01  2.79640E-01  2.79640E-01
  1.63490E-01  1.63490E-01  1.63490E-01  1.63490E-01  1.63490E-01
  5.63450E-02  5.63450E-02  5.63450E-02  5.63450E-02  5.63450E-02
  4.76610E-01  4.76610E-01  4.76610E-01  4.76610E-01  4.76610E-01
  5.75170E-01  5.75170E-01  5.75170E-01  5.75170E-01  5.75170E-01
  4.35300E-01  4.35300E-01  4.35300E-01  4.35300E-01  4.35300E-01
 -3.51580E-01 -3.51580E-01 -3.51580E-01 -3.51580E-01 -3.51580E-01
 -2.63190E-01 -2.63190E-01 -2.63190E-01 -2.63190E-01 -2.63190E-01
 -3.74650E-01 -3.74650E-01 -3.74650E-01 -3.74650E-01 -3.74650E-01
  6.88430E-01  6.88430E-01  6.88430E-01  6.88430E-01  6.88430E-01
  3.55660E-01  3.55660E-01  3.55660E-01  3.55660E-01  3.55660E-01
  2.13570E-01  2.13570E-01  2.13570E-01  2.13570E-01  2.13570E-01
  2.79480E-01  2.79480E-01  2.79480E-01  2.79480E-01  2.79480E-01
  2.44030E-01  2.44030E-01  2.44030E-01  2.44030E-01  2.44030E-01
  6.32500E-03  6.32500E-03  6.32500E-03  6.32500E-03  6.32500E-03
 -4.62660E-01 -4.62660E-01 -4.62660E-01 -4.62660E-01 -4.62660E-01
  5.76800E-02  5.76800E-02  5.76800E-02  5.76800E-02  5.76800E-02
  7.89300E-02  7.89300E-02  7.89300E-02  7.89300E-02  7.89300E-02


    3.   6.94    3.   6.94  2.00E+01  3.00E+01  1.63E-02

  7.89890E-01  1.69560E+00  2.60750E+00  3.77190E+00  5.68100E+00

  2.89410E-01  5.16430E-01  6.54100E-01  8.00870E-01  9.26770E-01
  2.34970E-01  4.59440E-01  6.05740E-01  7.49850E-01  8.98850E-01
  2.41890E-01  4.10310E-01  5.62290E-01  7.09370E-01  8.72740E-01
  2.26460E-01  3.91540E-01  5.39810E-01  6.63720E-01  8.07760E-01
  1.77690E-01  3.23100E-01  4.45200E-01  5.59810E-01  7.10760E-01

 -1.49980E-01  4.35050E-01  7.58130E-01  9.13930E-01  9.80090E-01
 -4.73510E-01  2.55870E-01  7.31310E-01  9.00720E-01  9.82720E-01
 -3.60250E-01  3.23940E-01  6.63290E-01  8.58300E-01  9.86740E-01
 -3.37260E-01  2.79330E-01  6.82160E-01  8.79900E-01  9.75860E-01
 -6.59050E-01 -3.24730E-02  5.58510E-01  8.64110E-01  9.87590E-01
  7.98710E-02  6.17340E-01  7.88550E-01  9.32830E-01  9.86390E-01
  1.66110E-01  7.20860E-01  8.55490E-01  9.60500E-01  9.94210E-01
 -1.28790E-02  5.29890E-01  7.92520E-01  9.02230E-01  9.85820E-01
  3.71020E-01  6.89100E-01  9.06230E-01  9.74040E-01  9.93650E-01
 -2.09720E-01  3.23370E-01  6.94760E-01  8.74500E-01  9.74850E-01
  3.46240E-01  6.55680E-01  8.11320E-01  9.38610E-01  9.91810E-01
  3.53910E-01  7.26620E-01  8.69190E-01  9.35320E-01  9.87880E-01
  3.53830E-01  6.54650E-01  8.62050E-01  9.43390E-01  9.90800E-01
  3.64990E-01  7.55220E-01  8.72540E-01  9.62150E-01  9.90130E-01
  6.33750E-02  5.49480E-01  7.83500E-01  9.39420E-01  9.88530E-01
  5.52950E-01  7.58210E-01  8.91800E-01  9.61410E-01  9.92630E-01
  4.74530E-01  7.84900E-01  9.31500E-01  9.61920E-01  9.94600E-01
  4.62250E-01  7.68090E-01  8.86200E-01  9.61980E-01  9.97600E-01
  2.90370E-01  6.80800E-01  8.56680E-01  9.42700E-01  9.94740E-01
  3.88470E-01  7.76900E-01  8.90540E-01  9.63130E-01  9.94900E-01
  6.92750E-01  8.86960E-01  9.48790E-01  9.80520E-01  9.98120E-01
  6.54770E-01  8.21880E-01  9.17570E-01  9.69600E-01  9.97570E-01
  6.33550E-01  8.71600E-01  9.30170E-01  9.82140E-01  9.97650E-01
  5.15190E-01  8.54520E-01  9.33010E-01  9.75840E-01  9.97230E-01
  6.63860E-01  8.57310E-01  9.39390E-01  9.81240E-01  9.97680E-01


    3.   6.94    3.   6.94  2.00E+01  4.50E+01  7.11E-02

  1.24840E+00  2.77960E+00  4.31200E+00  6.01850E+00  8.61040E+00

  2.70350E-01  4.73370E-01  6.23750E-01  7.63760E-01  9.07050E-01
  2.40450E-01  4.22630E-01  5.65530E-01  6.85430E-01  8.60560E-01
  2.27270E-01  3.77920E-01  5.03420E-01  6.23360E-01  7.76290E-01
  2.01660E-01  3.44460E-01  4.55320E-01  5.69800E-01  7.25100E-01
  1.50290E-01  2.75510E-01  3.70570E-01  4.65470E-01  6.02140E-01

 -9.34290E-02  4.78520E-01  7.49960E-01  9.04520E-01  9.92540E-01
 -9.90150E-02  4.95720E-01  7.64780E-01  9.19860E-01  9.91560E-01
 -1.87760E-01  4.45100E-01  7.59910E-01  9.08880E-01  9.90230E-01
 -2.28740E-01  4.51910E-01  7.37650E-01  9.06240E-01  9.87840E-01
 -4.12030E-01  2.53560E-01  6.42150E-01  8.77310E-01  9.91650E-01
  2.85120E-01  7.15370E-01  8.58530E-01  9.54520E-01  9.95750E-01
  2.82810E-01  7.02750E-01  8.56340E-01  9.52290E-01  9.95990E-01
  1.99720E-01  6.52330E-01  8.54820E-01  9.55480E-01  9.93540E-01
  2.75800E-01  6.53870E-01  8.41280E-01  9.48870E-01  9.93770E-01
  5.19960E-02  5.81300E-01  8.09310E-01  9.28220E-01  9.91600E-01
  4.85270E-01  7.45990E-01  8.93200E-01  9.63290E-01  9.96420E-01
  4.81910E-01  7.64100E-01  8.96040E-01  9.67110E-01  9.95880E-01
  4.51580E-01  7.54610E-01  8.78390E-01  9.60750E-01  9.94590E-01
  3.72440E-01  7.41570E-01  8.76830E-01  9.58660E-01  9.95110E-01
  3.84110E-01  7.24450E-01  8.83440E-01  9.58500E-01  9.95620E-01
  6.05250E-01  8.43820E-01  9.24460E-01  9.79540E-01  9.96970E-01
  5.88910E-01  8.41820E-01  9.32150E-01  9.77890E-01  9.97030E-01
  5.69490E-01  8.02050E-01  9.20690E-01  9.70940E-01  9.96160E-01
  5.91530E-01  8.27440E-01  9.26160E-01  9.73960E-01  9.95650E-01
  5.88270E-01  8.12830E-01  9.18210E-01  9.72070E-01  9.95110E-01
  7.46800E-01  8.92730E-01  9.53350E-01  9.85150E-01  9.98590E-01
  7.78180E-01  8.99590E-01  9.56880E-01  9.85990E-01  9.98400E-01
  7.19370E-01  8.74530E-01  9.44600E-01  9.80830E-01  9.97870E-01
  7.50290E-01  8.85330E-01  9.41120E-01  9.83070E-01  9.98680E-01
  7.35920E-01  8.89490E-01  9.50460E-01  9.81480E-01  9.98020E-01


    3.   6.94    3.   6.94  2.00E+01  6.00E+01  2.31E-01

  2.13920E+00  4.67480E+00  7.01590E+00  9.40330E+00  1.22120E+01

  2.51280E-01  4.43170E-01  5.86270E-01  7.19490E-01  8.71210E-01
  2.08390E-01  3.66600E-01  4.93150E-01  6.19200E-01  7.71710E-01
  1.80400E-01  3.24500E-01  4.37160E-01  5.47030E-01  6.94950E-01
  1.58200E-01  2.82370E-01  3.79760E-01  4.75180E-01  6.05620E-01
  1.19660E-01  2.13720E-01  2.90460E-01  3.71070E-01  4.82640E-01

  9.34280E-02  5.26430E-01  7.81160E-01  9.24230E-01  9.90430E-01
  1.09150E-01  5.61490E-01  7.88140E-01  9.27780E-01  9.92180E-01
  1.14820E-01  5.66610E-01  7.97360E-01  9.28850E-01  9.91660E-01
  4.42700E-02  5.38410E-01  7.84600E-01  9.23260E-01  9.92590E-01
 -1.42170E-01  4.64840E-01  7.59660E-01  9.18300E-01  9.91100E-01
  4.02210E-01  7.02360E-01  8.62870E-01  9.52290E-01  9.95330E-01
  4.27350E-01  7.03470E-01  8.66220E-01  9.55920E-01  9.93210E-01
  4.47610E-01  7.35680E-01  8.75460E-01  9.53780E-01  9.94760E-01
  4.75150E-01  7.54300E-01  8.89620E-01  9.64510E-01  9.95460E-01
  4.58590E-01  7.56090E-01  8.95330E-01  9.65990E-01  9.96320E-01
  6.14300E-01  8.12920E-01  9.12670E-01  9.66410E-01  9.96310E-01
  5.79100E-01  8.02370E-01  9.10860E-01  9.69580E-01  9.97320E-01
  6.05030E-01  8.14370E-01  9.16570E-01  9.73070E-01  9.97030E-01
  5.99680E-01  8.23370E-01  9.28250E-01  9.77000E-01  9.96950E-01
  6.51060E-01  8.41420E-01  9.33630E-01  9.77470E-01  9.98050E-01
  7.14180E-01  8.69570E-01  9.39450E-01  9.78570E-01  9.97780E-01
  7.25460E-01  8.76450E-01  9.41620E-01  9.81300E-01  9.97990E-01
  7.25860E-01  8.71460E-01  9.40450E-01  9.79590E-01  9.98200E-01
  7.17310E-01  8.81180E-01  9.48480E-01  9.83390E-01  9.98390E-01
  7.65350E-01  8.94240E-01  9.52180E-01  9.84380E-01  9.98420E-01
  8.38830E-01  9.35540E-01  9.70370E-01  9.89710E-01  9.98960E-01
  8.45550E-01  9.34490E-01  9.70520E-01  9.90240E-01  9.98790E-01
  8.49420E-01  9.37080E-01  9.73400E-01  9.90840E-01  9.99260E-01
  8.52980E-01  9.38830E-01  9.72530E-01  9.90870E-01  9.98970E-01
  8.60000E-01  9.37990E-01  9.72870E-01  9.91580E-01  9.98990E-01


    3.   6.94    3.   6.94  2.00E+01  7.00E+01  4.23E-01

  3.15450E+00  6.58600E+00  9.34710E+00  1.18400E+01  1.43800E+01

  2.20620E-01  3.93410E-01  5.28900E-01  6.59830E-01  8.20000E-01
  1.87200E-01  3.28310E-01  4.41110E-01  5.55980E-01  7.02530E-01
  1.58790E-01  2.80990E-01  3.80670E-01  4.79080E-01  6.12820E-01
  1.34430E-01  2.42930E-01  3.27760E-01  4.13820E-01  5.28160E-01
  9.90200E-02  1.77440E-01  2.42630E-01  3.09320E-01  4.05900E-01

  2.17360E-01  6.13700E-01  8.22250E-01  9.35460E-01  9.93980E-01
  2.60110E-01  6.47000E-01  8.36630E-01  9.46370E-01  9.93340E-01
  2.43950E-01  6.46390E-01  8.39280E-01  9.46570E-01  9.93210E-01
  2.41690E-01  6.57570E-01  8.41910E-01  9.45810E-01  9.94480E-01
  1.08340E-01  6.27810E-01  8.35860E-01  9.46840E-01  9.94350E-01
  5.39370E-01  7.92130E-01  9.02270E-01  9.64820E-01  9.96020E-01
  5.32870E-01  7.79360E-01  8.99920E-01  9.66700E-01  9.96470E-01
  5.26850E-01  7.78550E-01  8.93850E-01  9.64640E-01  9.96280E-01
  5.68710E-01  7.96110E-01  9.05130E-01  9.65360E-01  9.95910E-01
  5.94540E-01  8.28870E-01  9.21630E-01  9.71480E-01  9.97080E-01
  6.96220E-01  8.60970E-01  9.40660E-01  9.79700E-01  9.97710E-01
  6.85890E-01  8.50070E-01  9.31170E-01  9.76940E-01  9.97290E-01
  6.96130E-01  8.57780E-01  9.36980E-01  9.78390E-01  9.97500E-01
  7.13490E-01  8.71060E-01  9.43210E-01  9.80480E-01  9.97500E-01
  7.45350E-01  8.90870E-01  9.50270E-01  9.83920E-01  9.98060E-01
  8.03990E-01  9.13340E-01  9.59870E-01  9.86270E-01  9.98550E-01
  7.99200E-01  9.10210E-01  9.60710E-01  9.87240E-01  9.98420E-01
  8.00190E-01  9.13120E-01  9.61170E-01  9.85630E-01  9.98330E-01
  8.07060E-01  9.18010E-01  9.61940E-01  9.87390E-01  9.98710E-01
  8.32100E-01  9.32170E-01  9.69330E-01  9.89460E-01  9.99060E-01
  8.98700E-01  9.55520E-01  9.81110E-01  9.93540E-01  9.99260E-01
  8.98610E-01  9.58050E-01  9.81660E-01  9.93850E-01  9.99230E-01
  8.98880E-01  9.56890E-01  9.81800E-01  9.94110E-01  9.99280E-01
  8.99500E-01  9.59000E-01  9.82630E-01  9.94200E-01  9.99430E-01
  9.08950E-01  9.62270E-01  9.84130E-01  9.94740E-01  9.99550E-01


    3.   6.94    3.   6.94  2.00E+01  8.00E+01  6.33E-01

  4.35110E+00  8.53310E+00  1.14240E+01  1.37500E+01  1.59110E+01

  2.04730E-01  3.63730E-01  4.84160E-01  6.02660E-01  7.53450E-01
  1.65430E-01  2.91740E-01  3.94150E-01  4.94600E-01  6.29160E-01
  1.37590E-01  2.46740E-01  3.34200E-01  4.23200E-01  5.44310E-01
  1.16470E-01  2.08410E-01  2.81180E-01  3.57620E-01  4.60460E-01
  8.37600E-02  1.53570E-01  2.09390E-01  2.66490E-01  3.50750E-01

  3.43090E-01  6.66370E-01  8.16860E-01  9.21670E-01  9.90230E-01
  3.71180E-01  6.92570E-01  8.49330E-01  9.40070E-01  9.91470E-01
  3.86240E-01  7.21980E-01  8.69760E-01  9.53630E-01  9.94130E-01
  4.09710E-01  7.34510E-01  8.86260E-01  9.60150E-01  9.95650E-01
  3.81520E-01  7.35340E-01  8.88450E-01  9.61030E-01  9.95570E-01
  6.29300E-01  8.20880E-01  9.02070E-01  9.60880E-01  9.95710E-01
  6.51330E-01  8.37210E-01  9.19310E-01  9.69170E-01  9.96480E-01
  6.71570E-01  8.48870E-01  9.31180E-01  9.73970E-01  9.96820E-01
  6.92910E-01  8.58870E-01  9.36400E-01  9.78320E-01  9.97570E-01
  7.28470E-01  8.81720E-01  9.46470E-01  9.81230E-01  9.98240E-01
  7.64010E-01  8.96440E-01  9.52040E-01  9.82650E-01  9.97750E-01
  7.78540E-01  9.05520E-01  9.57270E-01  9.85540E-01  9.98520E-01
  7.90160E-01  9.08600E-01  9.58950E-01  9.85690E-01  9.98480E-01
  8.01710E-01  9.14160E-01  9.59140E-01  9.85890E-01  9.98700E-01
  8.24800E-01  9.25290E-01  9.66000E-01  9.88720E-01  9.98690E-01
  8.65030E-01  9.38720E-01  9.73660E-01  9.91290E-01  9.98930E-01
  8.57880E-01  9.37800E-01  9.73170E-01  9.91360E-01  9.99130E-01
  8.65330E-01  9.37260E-01  9.71480E-01  9.90600E-01  9.99010E-01
  8.70050E-01  9.43990E-01  9.74900E-01  9.91820E-01  9.99150E-01
  8.90400E-01  9.52900E-01  9.80220E-01  9.93380E-01  9.99280E-01
  9.27390E-01  9.70350E-01  9.87120E-01  9.95520E-01  9.99540E-01
  9.30410E-01  9.70880E-01  9.87060E-01  9.95650E-01  9.99500E-01
  9.34070E-01  9.72200E-01  9.87580E-01  9.96110E-01  9.99500E-01
  9.35180E-01  9.73590E-01  9.88200E-01  9.96100E-01  9.99580E-01
  9.40510E-01  9.76300E-01  9.89520E-01  9.96470E-01  9.99640E-01


    3.   6.94    3.   6.94  2.00E+01  8.50E+01  6.96E-01

  4.82360E+00  9.15650E+00  1.20360E+01  1.42900E+01  1.63610E+01

  2.02370E-01  3.58410E-01  4.74130E-01  5.86670E-01  7.36230E-01
  1.59050E-01  2.84540E-01  3.80040E-01  4.77120E-01  6.08740E-01
  1.29940E-01  2.33770E-01  3.19030E-01  4.05290E-01  5.22310E-01
  1.09180E-01  1.98300E-01  2.69160E-01  3.42270E-01  4.40370E-01
  8.13200E-02  1.45110E-01  1.97520E-01  2.53860E-01  3.32510E-01

  3.83560E-01  6.78860E-01  8.23600E-01  9.26930E-01  9.91710E-01
  4.03610E-01  7.17440E-01  8.48050E-01  9.37140E-01  9.91180E-01
  4.54920E-01  7.56580E-01  8.84220E-01  9.57770E-01  9.94960E-01
  4.81660E-01  7.82740E-01  9.03260E-01  9.68240E-01  9.96350E-01
  4.87830E-01  7.85830E-01  9.05770E-01  9.68250E-01  9.96590E-01
  6.61910E-01  8.26720E-01  9.07220E-01  9.61000E-01  9.95870E-01
  6.80520E-01  8.53150E-01  9.29240E-01  9.71780E-01  9.96750E-01
  7.08300E-01  8.67790E-01  9.37850E-01  9.77750E-01  9.97530E-01
  7.21980E-01  8.78910E-01  9.44650E-01  9.81020E-01  9.98060E-01
  7.51110E-01  8.95350E-01  9.53710E-01  9.84500E-01  9.98330E-01
  7.95690E-01  9.06600E-01  9.55120E-01  9.83700E-01  9.98060E-01
  8.09440E-01  9.13010E-01  9.60870E-01  9.85720E-01  9.98460E-01
  8.09350E-01  9.15790E-01  9.63830E-01  9.87310E-01  9.98410E-01
  8.26680E-01  9.25820E-01  9.66620E-01  9.88960E-01  9.98710E-01
  8.54540E-01  9.37620E-01  9.73030E-01  9.91670E-01  9.99100E-01
  8.79950E-01  9.46970E-01  9.75710E-01  9.91590E-01  9.99060E-01
  8.81110E-01  9.48370E-01  9.76000E-01  9.91990E-01  9.99150E-01
  8.86550E-01  9.52270E-01  9.78730E-01  9.92490E-01  9.99150E-01
  8.95420E-01  9.54940E-01  9.80280E-01  9.92720E-01  9.99160E-01
  9.05360E-01  9.61660E-01  9.83240E-01  9.94410E-01  9.99380E-01
  9.41720E-01  9.75650E-01  9.89420E-01  9.96280E-01  9.99630E-01
  9.41090E-01  9.74310E-01  9.88620E-01  9.96200E-01  9.99580E-01
  9.39850E-01  9.74460E-01  9.88920E-01  9.96500E-01  9.99670E-01
  9.46160E-01  9.77240E-01  9.90310E-01  9.96760E-01  9.99660E-01
  9.50120E-01  9.79330E-01  9.91150E-01  9.97180E-01  9.99650E-01


    3.   6.94    3.   6.94  5.00E+01  0.00E+00  3.59E-03

  7.09930E-01  1.58580E+00  2.47630E+00  3.68550E+00  5.87550E+00

  3.64280E-01  6.13590E-01  7.21680E-01  8.46830E-01  9.46460E-01
  3.46130E-01  5.28480E-01  6.92070E-01  8.10620E-01  9.41040E-01
  3.18750E-01  5.11890E-01  6.79910E-01  8.21590E-01  9.48370E-01
  3.29420E-01  5.17960E-01  6.52310E-01  7.82460E-01  9.43610E-01
  3.17710E-01  4.64760E-01  6.04850E-01  7.51400E-01  9.03690E-01

  4.03360E-01  4.03360E-01  4.03360E-01  4.03360E-01  4.03360E-01
 -8.63260E-01 -8.63260E-01 -8.63260E-01 -8.63260E-01 -8.63260E-01
  3.95330E-01  3.95330E-01  3.95330E-01  3.95330E-01  3.95330E-01
 -2.40050E-01 -2.40050E-01 -2.40050E-01 -2.40050E-01 -2.40050E-01
  3.42140E-01  3.42140E-01  3.42140E-01  3.42140E-01  3.42140E-01
 -2.17880E-02 -2.17880E-02 -2.17880E-02 -2.17880E-02 -2.17880E-02
 -3.67960E-01 -3.67960E-01 -3.67960E-01 -3.67960E-01 -3.67960E-01
  2.39630E-01  2.39630E-01  2.39630E-01  2.39630E-01  2.39630E-01
 -2.69090E-02 -2.69090E-02 -2.69090E-02 -2.69090E-02 -2.69090E-02
 -3.70070E-01 -3.70070E-01 -3.70070E-01 -3.70070E-01 -3.70070E-01
 -2.93770E-01 -2.93770E-01 -2.93770E-01 -2.93770E-01 -2.93770E-01
  8.99550E-02  8.99550E-02  8.99550E-02  8.99550E-02  8.99550E-02
 -1.63700E-01 -1.63700E-01 -1.63700E-01 -1.63700E-01 -1.63700E-01
 -1.55480E-01 -1.55480E-01 -1.55480E-01 -1.55480E-01 -1.55480E-01
  4.15800E-01  4.15800E-01  4.15800E-01  4.15800E-01  4.15800E-01
 -2.77210E-01 -2.77210E-01 -2.77210E-01 -2.77210E-01 -2.77210E-01
 -2.18300E-01 -2.18300E-01 -2.18300E-01 -2.18300E-01 -2.18300E-01
 -1.19420E-01 -1.19420E-01 -1.19420E-01 -1.19420E-01 -1.19420E-01
  4.40760E-01  4.40760E-01  4.40760E-01  4.40760E-01  4.40760E-01
 -4.41020E-01 -4.41020E-01 -4.41020E-01 -4.41020E-01 -4.41020E-01
  2.44970E-01  2.44970E-01  2.44970E-01  2.44970E-01  2.44970E-01
 -4.75660E-01 -4.75660E-01 -4.75660E-01 -4.75660E-01 -4.75660E-01
 -8.51170E-01 -8.51170E-01 -8.51170E-01 -8.51170E-01 -8.51170E-01
  4.04950E-01  4.04950E-01  4.04950E-01  4.04950E-01  4.04950E-01
 -5.84210E-01 -5.84210E-01 -5.84210E-01 -5.84210E-01 -5.84210E-01


    3.   6.94    3.   6.94  5.00E+01  3.00E+01  2.40E-02

  1.22680E+00  3.15860E+00  5.39880E+00  8.43730E+00  1.33620E+01

  3.20460E-01  5.50630E-01  7.01560E-01  8.26270E-01  9.38150E-01
  3.28760E-01  5.49730E-01  6.81200E-01  8.09810E-01  9.37240E-01
  2.95140E-01  4.98090E-01  6.65290E-01  7.88180E-01  9.33290E-01
  2.78680E-01  4.73420E-01  6.07760E-01  7.29960E-01  8.81830E-01
  2.04310E-01  3.83700E-01  5.09250E-01  6.32260E-01  7.93550E-01

 -4.41780E-01  2.32550E-01  6.46740E-01  8.68990E-01  9.87750E-01
 -8.30700E-01  1.29260E-01  5.43870E-01  8.38280E-01  9.81490E-01
 -7.86510E-01 -4.42340E-02  5.64000E-01  8.32610E-01  9.84520E-01
 -5.93430E-01  1.97190E-02  3.88930E-01  8.58580E-01  9.74650E-01
 -8.72310E-01 -3.18540E-01  2.66400E-01  7.54190E-01  9.78220E-01
 -1.30410E-02  5.10940E-01  7.60520E-01  9.28240E-01  9.95360E-01
 -2.81280E-01  4.76470E-01  7.62970E-01  9.15600E-01  9.93400E-01
 -2.54060E-01  3.35730E-01  6.92630E-01  8.86410E-01  9.82260E-01
 -2.16530E-01  3.52860E-01  6.41940E-01  8.11490E-01  9.81200E-01
 -6.78190E-01  2.92750E-03  4.85490E-01  7.57440E-01  9.82250E-01
  1.56510E-01  6.05600E-01  7.99680E-01  9.49170E-01  9.90230E-01
  7.05870E-02  6.52260E-01  8.51350E-01  9.45080E-01  9.93610E-01
  4.93200E-02  5.51670E-01  7.73390E-01  9.18010E-01  9.88360E-01
 -5.72490E-02  5.38400E-01  8.07690E-01  9.35340E-01  9.96540E-01
 -3.45680E-01  2.07650E-01  6.03430E-01  8.61370E-01  9.80970E-01
  4.61370E-01  7.68320E-01  8.72010E-01  9.51940E-01  9.95510E-01
  3.07390E-01  6.64360E-01  8.45150E-01  9.36000E-01  9.92950E-01
  3.06330E-01  6.50040E-01  8.10440E-01  9.44440E-01  9.93370E-01
  1.77900E-01  6.91430E-01  8.25690E-01  9.49830E-01  9.96640E-01
 -9.72600E-02  4.80790E-01  7.13690E-01  8.78340E-01  9.90450E-01
  5.89260E-01  8.41010E-01  9.21100E-01  9.74030E-01  9.98600E-01
  5.41100E-01  8.46330E-01  9.34080E-01  9.68440E-01  9.96970E-01
  5.87180E-01  8.17610E-01  9.31040E-01  9.76480E-01  9.96870E-01
  4.36430E-01  7.58570E-01  8.89870E-01  9.69480E-01  9.97870E-01
  4.48950E-01  7.20520E-01  8.75510E-01  9.53210E-01  9.91430E-01


    3.   6.94    3.   6.94  5.00E+01  4.50E+01  8.02E-02

  1.99470E+00  5.20700E+00  8.93560E+00  1.38660E+01  2.10680E+01

  2.95860E-01  5.33850E-01  7.03570E-01  8.33430E-01  9.51100E-01
  3.04290E-01  5.06790E-01  6.58040E-01  7.77580E-01  9.15000E-01
  2.72160E-01  4.71730E-01  5.98060E-01  7.22640E-01  8.68310E-01
  2.31840E-01  4.00490E-01  5.19060E-01  6.39760E-01  7.90030E-01
  1.62260E-01  2.97850E-01  3.95610E-01  4.99260E-01  6.42720E-01

 -4.30630E-01  2.00240E-01  5.88180E-01  8.55310E-01  9.86050E-01
 -4.50560E-01  2.52970E-01  6.35270E-01  8.71720E-01  9.82800E-01
 -5.22140E-01  1.29100E-01  5.63920E-01  8.30280E-01  9.78090E-01
 -6.73730E-01  3.87300E-02  5.14410E-01  8.42000E-01  9.78500E-01
 -8.44020E-01 -2.20250E-01  3.94260E-01  7.59840E-01  9.75540E-01
  4.35700E-02  5.01350E-01  7.65390E-01  9.11020E-01  9.89540E-01
  2.56760E-02  5.06910E-01  7.51840E-01  9.07910E-01  9.91450E-01
 -1.02600E-01  4.98690E-01  7.42060E-01  9.21360E-01  9.91740E-01
 -1.96310E-01  4.22790E-01  7.19180E-01  9.04860E-01  9.91250E-01
 -4.00280E-01  2.61630E-01  6.24450E-01  8.46780E-01  9.71200E-01
  2.92970E-01  6.89650E-01  8.66540E-01  9.53520E-01  9.93990E-01
  1.80510E-01  6.13990E-01  8.07880E-01  9.30290E-01  9.91060E-01
  3.09680E-01  6.88080E-01  8.61150E-01  9.48980E-01  9.91540E-01
  2.34050E-01  6.69000E-01  8.34920E-01  9.48070E-01  9.92520E-01
 -7.46350E-02  5.46630E-01  7.90710E-01  9.24240E-01  9.96920E-01
  5.18230E-01  7.95940E-01  9.08620E-01  9.68920E-01  9.97040E-01
  4.44620E-01  7.55690E-01  8.95660E-01  9.66890E-01  9.96970E-01
  5.22740E-01  7.78600E-01  8.92670E-01  9.59820E-01  9.95790E-01
  4.95080E-01  7.84190E-01  9.01180E-01  9.58970E-01  9.95620E-01
  4.42920E-01  7.35140E-01  8.88300E-01  9.61940E-01  9.96340E-01
  7.88390E-01  9.00950E-01  9.54800E-01  9.82960E-01  9.97670E-01
  7.53150E-01  8.88280E-01  9.57460E-01  9.87860E-01  9.98670E-01
  7.33860E-01  8.70650E-01  9.46560E-01  9.80360E-01  9.98110E-01
  7.27090E-01  8.82770E-01  9.45720E-01  9.78990E-01  9.97220E-01
  6.46470E-01  8.57800E-01  9.33350E-01  9.78110E-01  9.97790E-01


    3.   6.94    3.   6.94  5.00E+01  6.00E+01  2.31E-01

  3.43100E+00  9.53710E+00  1.64970E+01  2.37650E+01  3.20200E+01

  3.21760E-01  5.27690E-01  6.82380E-01  8.10590E-01  9.34150E-01
  2.91890E-01  4.71700E-01  6.04310E-01  7.21260E-01  8.60700E-01
  2.31550E-01  3.85580E-01  5.00910E-01  6.16560E-01  7.54800E-01
  1.74290E-01  3.10900E-01  4.07180E-01  5.01730E-01  6.31060E-01
  1.23360E-01  2.17910E-01  2.92500E-01  3.67060E-01  4.80220E-01

 -1.93750E-01  3.93350E-01  7.11980E-01  8.91030E-01  9.84760E-01
 -2.66830E-01  3.16770E-01  6.63020E-01  8.84570E-01  9.88680E-01
 -3.34850E-01  2.81070E-01  6.60270E-01  8.85460E-01  9.86380E-01
 -4.15950E-01  2.44400E-01  6.38260E-01  8.57680E-01  9.85080E-01
 -6.59210E-01  4.24530E-02  5.10560E-01  8.51030E-01  9.85110E-01
  2.57490E-01  6.31770E-01  8.13870E-01  9.20120E-01  9.85650E-01
  1.94860E-01  5.91400E-01  8.05120E-01  9.31890E-01  9.92610E-01
  1.98620E-01  5.92830E-01  8.11110E-01  9.34090E-01  9.92380E-01
  1.87280E-01  6.06600E-01  8.09690E-01  9.37480E-01  9.91440E-01
  1.12790E-01  5.76310E-01  8.09230E-01  9.38950E-01  9.93550E-01
  5.00820E-01  7.57000E-01  8.84010E-01  9.51420E-01  9.93240E-01
  5.09730E-01  7.49620E-01  8.88560E-01  9.62260E-01  9.96300E-01
  5.00970E-01  7.71240E-01  8.90420E-01  9.64400E-01  9.96370E-01
  4.83930E-01  7.80050E-01  9.00520E-01  9.65470E-01  9.96040E-01
  5.46330E-01  8.02610E-01  9.11180E-01  9.69550E-01  9.96970E-01
  6.99490E-01  8.62160E-01  9.34780E-01  9.78060E-01  9.97150E-01
  6.74460E-01  8.44960E-01  9.28330E-01  9.75470E-01  9.97440E-01
  6.85100E-01  8.57270E-01  9.33320E-01  9.76530E-01  9.97600E-01
  7.01780E-01  8.69500E-01  9.43570E-01  9.80170E-01  9.97570E-01
  7.13510E-01  8.82130E-01  9.46940E-01  9.81680E-01  9.97960E-01
  8.65330E-01  9.43330E-01  9.75720E-01  9.91630E-01  9.98980E-01
  8.58050E-01  9.35440E-01  9.72000E-01  9.89540E-01  9.98990E-01
  8.49340E-01  9.41890E-01  9.74540E-01  9.90410E-01  9.98820E-01
  8.58030E-01  9.39130E-01  9.72770E-01  9.90920E-01  9.98960E-01
  8.49800E-01  9.42630E-01  9.74790E-01  9.90490E-01  9.99010E-01


    3.   6.94    3.   6.94  5.00E+01  7.00E+01  4.48E-01

  6.11270E+00  1.68730E+01  2.62090E+01  3.34160E+01  3.95820E+01

  3.04230E-01  5.05760E-01  6.35700E-01  7.57520E-01  8.92340E-01
  2.53450E-01  4.07530E-01  5.11260E-01  6.16960E-01  7.52400E-01
  1.91880E-01  3.11610E-01  4.02920E-01  4.97420E-01  6.15560E-01
  1.30910E-01  2.30580E-01  3.08100E-01  3.85750E-01  4.89720E-01
  9.01320E-02  1.60790E-01  2.17870E-01  2.75740E-01  3.57230E-01

 -3.62850E-02  4.06970E-01  6.68750E-01  8.35610E-01  9.80980E-01
 -3.98980E-02  4.58490E-01  7.35760E-01  8.87620E-01  9.83910E-01
 -2.03750E-02  4.94080E-01  7.58970E-01  9.20800E-01  9.92160E-01
 -7.29900E-02  4.78030E-01  7.53600E-01  9.08870E-01  9.90570E-01
 -2.88640E-01  4.00420E-01  7.07800E-01  8.95160E-01  9.88450E-01
  4.07190E-01  6.65990E-01  7.96960E-01  8.86650E-01  9.81190E-01
  4.57270E-01  7.27030E-01  8.62770E-01  9.43180E-01  9.90220E-01
  4.83590E-01  7.53660E-01  8.87330E-01  9.61670E-01  9.95910E-01
  5.08670E-01  7.73530E-01  8.95070E-01  9.64430E-01  9.95670E-01
  5.64660E-01  8.04500E-01  9.16770E-01  9.69410E-01  9.96780E-01
  6.73760E-01  8.25900E-01  9.02860E-01  9.52390E-01  9.92280E-01
  6.99870E-01  8.57080E-01  9.31420E-01  9.75050E-01  9.97160E-01
  7.13040E-01  8.65490E-01  9.37260E-01  9.78790E-01  9.97420E-01
  7.21140E-01  8.72770E-01  9.44530E-01  9.81930E-01  9.98080E-01
  7.64150E-01  9.02600E-01  9.56110E-01  9.84220E-01  9.98130E-01
  8.36960E-01  9.24030E-01  9.62160E-01  9.85910E-01  9.98260E-01
  8.16610E-01  9.17850E-01  9.61700E-01  9.88060E-01  9.98670E-01
  8.25930E-01  9.22110E-01  9.64920E-01  9.88390E-01  9.98750E-01
  8.38180E-01  9.28760E-01  9.68330E-01  9.89470E-01  9.98870E-01
  8.65860E-01  9.45070E-01  9.76070E-01  9.91630E-01  9.99120E-01
  9.31350E-01  9.69610E-01  9.87250E-01  9.95520E-01  9.99510E-01
  9.23330E-01  9.67850E-01  9.85930E-01  9.94990E-01  9.99430E-01
  9.25560E-01  9.67680E-01  9.85240E-01  9.94820E-01  9.99450E-01
  9.29410E-01  9.70170E-01  9.86630E-01  9.95580E-01  9.99530E-01
  9.28930E-01  9.71190E-01  9.88020E-01  9.96180E-01  9.99550E-01


    3.   6.94    3.   6.94  5.00E+01  8.00E+01  7.70E-01

  1.47280E+01  3.01690E+01  3.72930E+01  4.14920E+01  4.47230E+01

  2.43980E-01  4.22650E-01  5.50480E-01  6.55580E-01  7.79120E-01
  1.68140E-01  2.90170E-01  3.77480E-01  4.57670E-01  5.62830E-01
  1.19010E-01  2.08510E-01  2.76230E-01  3.46440E-01  4.39520E-01
  8.98680E-02  1.59630E-01  2.16770E-01  2.74720E-01  3.50910E-01
  6.26020E-02  1.11410E-01  1.51630E-01  1.92780E-01  2.50720E-01

  2.79870E-01  5.65320E-01  6.96190E-01  8.23620E-01  9.76150E-01
  2.94260E-01  6.04530E-01  7.45830E-01  8.53140E-01  9.78150E-01
  3.75880E-01  6.91940E-01  8.21090E-01  9.11070E-01  9.85680E-01
  4.38270E-01  7.68910E-01  8.94890E-01  9.62770E-01  9.95940E-01
  3.49070E-01  7.51080E-01  8.93740E-01  9.65770E-01  9.96460E-01
  7.13080E-01  8.32310E-01  8.89290E-01  9.43190E-01  9.92950E-01
  7.31950E-01  8.54860E-01  9.14070E-01  9.56170E-01  9.92670E-01
  7.67790E-01  8.92120E-01  9.46990E-01  9.78580E-01  9.97220E-01
  7.97990E-01  9.11270E-01  9.59440E-01  9.86360E-01  9.98500E-01
  8.40730E-01  9.33060E-01  9.69920E-01  9.89940E-01  9.98800E-01
  8.62860E-01  9.30050E-01  9.60550E-01  9.83240E-01  9.98010E-01
  8.69690E-01  9.37010E-01  9.69810E-01  9.88530E-01  9.98650E-01
  8.73890E-01  9.41010E-01  9.73170E-01  9.90850E-01  9.98910E-01
  8.89080E-01  9.50420E-01  9.77100E-01  9.92220E-01  9.99200E-01
  9.13110E-01  9.63350E-01  9.83590E-01  9.94610E-01  9.99310E-01
  9.28350E-01  9.67510E-01  9.84640E-01  9.94450E-01  9.99370E-01
  9.29690E-01  9.68520E-01  9.85830E-01  9.95010E-01  9.99450E-01
  9.30650E-01  9.68730E-01  9.85820E-01  9.95390E-01  9.99540E-01
  9.37410E-01  9.72050E-01  9.87570E-01  9.95570E-01  9.99490E-01
  9.47650E-01  9.77670E-01  9.90150E-01  9.96720E-01  9.99640E-01
  9.68440E-01  9.86280E-01  9.94080E-01  9.98020E-01  9.99790E-01
  9.67860E-01  9.86470E-01  9.94140E-01  9.97980E-01  9.99790E-01
  9.69020E-01  9.86900E-01  9.94370E-01  9.98130E-01  9.99820E-01
  9.70420E-01  9.87850E-01  9.94770E-01  9.98130E-01  9.99800E-01
  9.73910E-01  9.89080E-01  9.95210E-01  9.98490E-01  9.99820E-01


    3.   6.94    3.   6.94  5.00E+01  8.50E+01  8.88E-01

  2.10960E+01  3.50950E+01  4.04230E+01  4.35480E+01  4.60230E+01

  2.12340E-01  3.73010E-01  4.91350E-01  5.92110E-01  7.08310E-01
  1.34760E-01  2.38420E-01  3.14440E-01  3.86040E-01  4.81010E-01
  9.67960E-02  1.73240E-01  2.32720E-01  2.93880E-01  3.77400E-01
  7.60840E-02  1.36640E-01  1.86490E-01  2.37040E-01  3.05410E-01
  5.33560E-02  9.57670E-02  1.31890E-01  1.68240E-01  2.19490E-01

  4.47600E-01  6.61740E-01  7.62100E-01  8.57670E-01  9.75990E-01
  4.84130E-01  7.00490E-01  8.02930E-01  8.81940E-01  9.78630E-01
  5.47520E-01  7.63150E-01  8.56490E-01  9.28490E-01  9.88330E-01
  6.35990E-01  8.36760E-01  9.20220E-01  9.68660E-01  9.95900E-01
  6.01360E-01  8.56290E-01  9.39640E-01  9.79930E-01  9.97850E-01
  8.22150E-01  8.97020E-01  9.38810E-01  9.76530E-01  9.97370E-01
  8.28250E-01  9.08040E-01  9.45650E-01  9.76300E-01  9.97120E-01
  8.49680E-01  9.27150E-01  9.63210E-01  9.84700E-01  9.98040E-01
  8.80590E-01  9.46130E-01  9.75540E-01  9.91840E-01  9.99190E-01
  9.01930E-01  9.60310E-01  9.82690E-01  9.94270E-01  9.99400E-01
  9.15530E-01  9.57910E-01  9.78540E-01  9.92230E-01  9.99000E-01
  9.17750E-01  9.60570E-01  9.80760E-01  9.93030E-01  9.99150E-01
  9.18790E-01  9.64410E-01  9.83190E-01  9.94180E-01  9.99370E-01
  9.30580E-01  9.69010E-01  9.85990E-01  9.95300E-01  9.99470E-01
  9.43000E-01  9.76260E-01  9.89280E-01  9.96490E-01  9.99630E-01
  9.53140E-01  9.79670E-01  9.90780E-01  9.96740E-01  9.99620E-01
  9.53600E-01  9.79740E-01  9.90610E-01  9.96720E-01  9.99620E-01
  9.54640E-01  9.79640E-01  9.91130E-01  9.97010E-01  9.99690E-01
  9.57680E-01  9.82200E-01  9.92160E-01  9.97290E-01  9.99700E-01
  9.65660E-01  9.85390E-01  9.93620E-01  9.97890E-01  9.99760E-01
  9.78130E-01  9.90690E-01  9.95890E-01  9.98650E-01  9.99860E-01
  9.78740E-01  9.91130E-01  9.96050E-01  9.98700E-01  9.99850E-01
  9.79110E-01  9.91200E-01  9.96180E-01  9.98700E-01  9.99870E-01
  9.80130E-01  9.91330E-01  9.96250E-01  9.98770E-01  9.99870E-01
  9.82580E-01  9.92920E-01  9.96960E-01  9.98970E-01  9.99890E-01


    3.   6.94    3.   6.94  1.00E+02  0.00E+00  5.03E-03

  1.07880E+00  2.34410E+00  4.09480E+00  6.90100E+00  1.23050E+01

  3.89180E-01  5.59730E-01  7.55040E-01  8.66980E-01  9.46820E-01
  3.54390E-01  5.74990E-01  7.39300E-01  8.70920E-01  9.73630E-01
  3.89160E-01  5.91160E-01  7.20580E-01  8.69600E-01  9.63920E-01
  3.39610E-01  5.55390E-01  7.08410E-01  8.30990E-01  9.42260E-01
  4.46110E-01  6.26120E-01  7.26810E-01  8.04180E-01  9.30320E-01

 -8.17320E-01 -3.41680E-01 -3.38570E-02  5.75180E-01  8.59760E-01
 -7.99350E-01 -1.38650E-01  1.89580E-01  6.84020E-01  9.34760E-01
 -7.26610E-01 -5.15040E-01  3.79470E-02  6.11050E-01  9.28620E-01
 -6.59120E-01 -2.28210E-01  3.39030E-02  5.82410E-01  9.56480E-01
 -5.94480E-01  2.49510E-01  6.41530E-01  8.21830E-01  9.03020E-01
 -5.90990E-01 -4.22230E-01  1.16660E-01  5.43530E-01  9.40820E-01
 -8.43530E-01 -3.21110E-01  3.19940E-01  7.68350E-01  9.57070E-01
 -6.62630E-01 -4.29240E-01  3.85200E-02  3.78160E-01  8.86180E-01
 -8.76030E-01 -6.49920E-01 -1.75480E-01  2.98690E-01  7.83240E-01
 -8.50600E-01 -1.47650E-01  3.24580E-01  6.98560E-01  9.50060E-01
 -9.32540E-01 -2.72640E-01  3.29940E-01  7.69960E-01  9.82950E-01
 -8.80030E-01 -5.06000E-01  1.88400E-03  4.59940E-01  8.69740E-01
 -7.56530E-01 -1.77410E-01  6.59160E-01  8.44200E-01  9.70360E-01
 -8.50190E-01 -6.05800E-02  5.25290E-01  7.69240E-01  9.36890E-01
 -6.69040E-01 -4.55650E-01  4.24470E-02  6.12220E-01  9.72850E-01
 -5.20760E-01 -3.08750E-01  2.36400E-01  6.81940E-01  9.19900E-01
 -8.73640E-01 -6.43360E-01 -2.87230E-02  3.75370E-01  9.30070E-01
 -8.19440E-01 -4.52650E-01  9.01130E-02  5.08510E-01  9.48830E-01
 -7.84970E-01 -3.42030E-01  1.46890E-01  6.17160E-01  8.94370E-01
 -8.90970E-01 -3.64570E-01  3.62520E-01  7.39670E-01  9.91940E-01
 -7.00570E-01 -1.56190E-01  2.74920E-01  6.99880E-01  9.94130E-01
 -7.88970E-01 -4.60580E-01 -1.62220E-01  3.95650E-01  7.97360E-01
 -9.13760E-01 -5.79810E-01  5.48940E-02  4.88130E-01  8.89570E-01
 -7.40690E-01 -4.98720E-01 -2.40130E-01  3.14700E-01  9.90980E-01
 -6.21360E-01 -2.57380E-01  2.99600E-01  7.13880E-01  9.32680E-01


    3.   6.94    3.   6.94  1.00E+02  3.00E+01  2.43E-02

  1.81990E+00  4.92770E+00  9.26020E+00  1.56350E+01  2.60980E+01

  3.74860E-01  5.96310E-01  7.40780E-01  8.58470E-01  9.55530E-01
  3.41210E-01  5.85530E-01  7.32250E-01  8.42100E-01  9.54970E-01
  3.42580E-01  5.39210E-01  6.87450E-01  8.01550E-01  9.29500E-01
  3.08050E-01  5.01260E-01  6.33280E-01  7.56230E-01  8.96200E-01
  2.75000E-01  4.17210E-01  5.20890E-01  6.47040E-01  7.88360E-01

 -7.32160E-01 -2.86570E-02  4.50340E-01  7.75810E-01  9.66140E-01
 -6.29340E-01 -7.60000E-02  5.34480E-01  8.82990E-01  9.86160E-01
 -8.51210E-01 -1.54120E-01  2.92730E-01  7.84880E-01  9.64570E-01
 -8.46990E-01 -2.62320E-01  2.95040E-01  7.89720E-01  9.80520E-01
 -8.82730E-01 -2.72360E-01  3.22140E-01  7.14260E-01  9.70300E-01
 -3.38260E-01  2.50040E-01  6.93460E-01  8.98330E-01  9.91440E-01
 -4.31460E-01  2.92010E-01  7.07290E-01  8.57320E-01  9.83890E-01
 -3.59860E-01  3.14950E-01  6.19040E-01  8.42780E-01  9.77980E-01
 -5.44990E-01  5.84500E-02  5.34870E-01  8.66770E-01  9.88480E-01
 -8.54140E-01 -2.85010E-01  2.69180E-01  6.68710E-01  9.27410E-01
 -5.05790E-02  5.15660E-01  7.60280E-01  9.38530E-01  9.93320E-01
 -3.36700E-02  5.10310E-01  7.71870E-01  9.09320E-01  9.85550E-01
 -9.22200E-02  3.85590E-01  6.93000E-01  8.72000E-01  9.86950E-01
 -2.66380E-01  3.83640E-01  6.20490E-01  8.59230E-01  9.84070E-01
 -5.84600E-01  1.01020E-01  5.87970E-01  8.89760E-01  9.89960E-01
  3.50930E-01  7.24100E-01  8.79700E-01  9.41950E-01  9.93210E-01
  3.06770E-01  6.54490E-01  8.61570E-01  9.60210E-01  9.94400E-01
  1.78550E-01  5.42550E-01  8.41580E-01  9.37490E-01  9.93010E-01
  2.22360E-01  5.67950E-01  7.64600E-01  9.19210E-01  9.95220E-01
 -3.40580E-01  3.29020E-01  6.40690E-01  9.03110E-01  9.88410E-01
  6.45080E-01  8.51740E-01  9.30680E-01  9.79260E-01  9.98040E-01
  5.53860E-01  7.57570E-01  9.07750E-01  9.66360E-01  9.94650E-01
  4.29510E-01  7.61820E-01  8.80820E-01  9.62330E-01  9.97100E-01
  3.49680E-01  7.11520E-01  8.78850E-01  9.68100E-01  9.96370E-01
  2.46610E-01  7.17290E-01  8.86440E-01  9.68570E-01  9.99100E-01


    3.   6.94    3.   6.94  1.00E+02  4.50E+01  7.09E-02

  2.84320E+00  8.35650E+00  1.57380E+01  2.57250E+01  4.09920E+01

  3.46380E-01  5.84690E-01  7.32700E-01  8.49190E-01  9.52610E-01
  3.50780E-01  5.64970E-01  7.11620E-01  8.29390E-01  9.43380E-01
  3.17990E-01  5.19000E-01  6.49460E-01  7.68290E-01  9.07970E-01
  2.59820E-01  4.24320E-01  5.60190E-01  6.73120E-01  8.29910E-01
  1.86720E-01  3.15480E-01  4.17170E-01  5.28460E-01  6.72880E-01

 -6.32220E-01  8.23000E-02  5.03060E-01  8.49020E-01  9.85030E-01
 -5.68080E-01  1.65480E-02  4.53020E-01  8.14900E-01  9.79110E-01
 -6.70240E-01  6.82990E-02  5.30080E-01  8.50430E-01  9.84280E-01
 -7.92290E-01 -5.65770E-02  3.86520E-01  7.54480E-01  9.69160E-01
 -8.63690E-01 -2.67510E-01  3.07900E-01  7.35440E-01  9.65590E-01
 -1.11110E-02  4.86770E-01  7.48200E-01  9.28140E-01  9.88820E-01
 -3.36880E-02  4.40160E-01  7.49620E-01  9.21280E-01  9.91170E-01
 -2.49170E-01  3.91960E-01  7.07240E-01  8.97180E-01  9.80910E-01
 -4.80390E-01  1.94970E-01  6.49900E-01  8.68100E-01  9.87420E-01
 -7.62700E-01  5.76540E-02  5.57860E-01  8.30760E-01  9.83830E-01
  2.98950E-01  6.54800E-01  8.50440E-01  9.47030E-01  9.95770E-01
  1.28240E-01  5.82740E-01  8.03440E-01  9.38680E-01  9.91740E-01
  6.23580E-02  5.56670E-01  7.99320E-01  9.34760E-01  9.93470E-01
  8.03410E-02  5.97330E-01  8.00930E-01  9.30750E-01  9.91950E-01
 -2.31820E-01  3.57020E-01  6.89570E-01  8.85010E-01  9.85280E-01
  5.40700E-01  7.86740E-01  8.99400E-01  9.65300E-01  9.95980E-01
  4.35000E-01  7.22300E-01  8.67040E-01  9.61710E-01  9.94390E-01
  4.31170E-01  7.38860E-01  8.77200E-01  9.50380E-01  9.92880E-01
  4.50490E-01  7.13040E-01  8.71860E-01  9.59830E-01  9.94590E-01
  2.84780E-01  7.06880E-01  8.63390E-01  9.52360E-01  9.93720E-01
  7.71040E-01  9.04850E-01  9.58720E-01  9.83610E-01  9.98230E-01
  7.13440E-01  8.71740E-01  9.39560E-01  9.80550E-01  9.98210E-01
  7.07040E-01  8.69890E-01  9.41950E-01  9.78510E-01  9.97250E-01
  6.66460E-01  8.67460E-01  9.35230E-01  9.78380E-01  9.98120E-01
  6.15580E-01  8.41130E-01  9.41900E-01  9.78980E-01  9.97180E-01


    3.   6.94    3.   6.94  1.00E+02  6.00E+01  1.94E-01

  4.79600E+00  1.52670E+01  2.83500E+01  4.37960E+01  6.23100E+01

  3.68760E-01  5.93230E-01  7.34740E-01  8.49170E-01  9.51670E-01
  3.55750E-01  5.29030E-01  6.54740E-01  7.77600E-01  9.09750E-01
  2.92670E-01  4.41030E-01  5.58290E-01  6.73980E-01  8.21420E-01
  2.25980E-01  3.45920E-01  4.46880E-01  5.47600E-01  6.83590E-01
  1.32620E-01  2.30060E-01  3.03890E-01  3.82850E-01  5.01180E-01

 -4.54210E-01  2.53420E-01  6.42040E-01  8.62810E-01  9.85320E-01
 -4.96880E-01  1.18100E-01  5.39190E-01  8.40220E-01  9.81030E-01
 -6.10330E-01  1.09950E-01  5.72080E-01  8.48570E-01  9.84020E-01
 -6.27860E-01  6.34140E-02  5.62080E-01  8.37580E-01  9.81100E-01
 -8.64880E-01 -2.53700E-01  3.27300E-01  7.59340E-01  9.74720E-01
  3.56870E-02  5.20560E-01  7.34490E-01  8.76010E-01  9.83470E-01
  1.04380E-01  5.60980E-01  7.82650E-01  9.27130E-01  9.90320E-01
  4.35320E-02  5.26860E-01  7.74600E-01  9.25930E-01  9.91860E-01
 -3.14800E-02  5.09220E-01  7.83250E-01  9.25450E-01  9.91400E-01
 -2.64430E-01  4.06050E-01  7.08070E-01  8.98520E-01  9.89450E-01
  4.10210E-01  7.02690E-01  8.28290E-01  9.18930E-01  9.82490E-01
  4.01550E-01  7.49170E-01  8.86310E-01  9.63950E-01  9.96270E-01
  3.71970E-01  7.02910E-01  8.57680E-01  9.52140E-01  9.93000E-01
  4.16820E-01  7.32780E-01  8.85620E-01  9.59340E-01  9.95710E-01
  3.43650E-01  7.19360E-01  8.73350E-01  9.56800E-01  9.95480E-01
  6.61420E-01  8.37650E-01  9.15980E-01  9.60610E-01  9.94550E-01
  6.18330E-01  8.33060E-01  9.30100E-01  9.76400E-01  9.98160E-01
  6.25940E-01  8.23740E-01  9.22620E-01  9.70850E-01  9.96040E-01
  6.54390E-01  8.45550E-01  9.33390E-01  9.81110E-01  9.97720E-01
  6.72460E-01  8.56610E-01  9.35520E-01  9.77360E-01  9.97250E-01
  8.64810E-01  9.41370E-01  9.73490E-01  9.90680E-01  9.99080E-01
  8.49410E-01  9.35080E-01  9.72520E-01  9.90630E-01  9.98940E-01
  8.27080E-01  9.29900E-01  9.68400E-01  9.89570E-01  9.99020E-01
  8.33170E-01  9.31490E-01  9.70520E-01  9.90230E-01  9.99120E-01
  8.21060E-01  9.28510E-01  9.68960E-01  9.90040E-01  9.98840E-01


    3.   6.94    3.   6.94  1.00E+02  7.00E+01  3.75E-01

  8.40640E+00  2.79240E+01  4.76080E+01  6.50670E+01  7.96720E+01

  3.53810E-01  5.65120E-01  6.97250E-01  8.15330E-01  9.29100E-01
  3.03850E-01  4.66100E-01  5.72700E-01  6.76980E-01  8.09880E-01
  2.36080E-01  3.60700E-01  4.46430E-01  5.40900E-01  6.68370E-01
  1.66560E-01  2.58920E-01  3.31660E-01  4.08070E-01  5.14680E-01
  9.11110E-02  1.61070E-01  2.14270E-01  2.71430E-01  3.53060E-01

 -3.17080E-01  2.50460E-01  5.97900E-01  8.22900E-01  9.76390E-01
 -3.01470E-01  2.97910E-01  6.42220E-01  8.26840E-01  9.76470E-01
 -2.85820E-01  3.50150E-01  6.80670E-01  8.97590E-01  9.88960E-01
 -3.67290E-01  2.53490E-01  6.47850E-01  8.62700E-01  9.83280E-01
 -6.34720E-01  9.18560E-02  5.58010E-01  8.30930E-01  9.83000E-01
  3.06060E-01  6.01720E-01  7.47800E-01  8.75800E-01  9.84440E-01
  3.35500E-01  6.64760E-01  8.24920E-01  9.19450E-01  9.89530E-01
  3.98210E-01  7.16550E-01  8.72530E-01  9.56650E-01  9.94760E-01
  3.73670E-01  7.13990E-01  8.67170E-01  9.54170E-01  9.94350E-01
  3.96950E-01  7.35220E-01  8.86360E-01  9.61920E-01  9.95450E-01
  5.97560E-01  7.69350E-01  8.51980E-01  9.12470E-01  9.86210E-01
  6.30500E-01  8.30370E-01  9.15480E-01  9.64640E-01  9.94410E-01
  6.66740E-01  8.41180E-01  9.28850E-01  9.75250E-01  9.96900E-01
  6.71220E-01  8.51640E-01  9.33940E-01  9.78980E-01  9.98110E-01
  7.26690E-01  8.80530E-01  9.47590E-01  9.82750E-01  9.98520E-01
  7.95170E-01  8.93430E-01  9.37680E-01  9.66520E-01  9.93280E-01
  8.08650E-01  9.13500E-01  9.61820E-01  9.87000E-01  9.98500E-01
  8.11740E-01  9.13710E-01  9.58590E-01  9.86470E-01  9.98730E-01
  8.31490E-01  9.22580E-01  9.65880E-01  9.87920E-01  9.98620E-01
  8.47690E-01  9.35440E-01  9.70370E-01  9.89790E-01  9.98900E-01
  9.33300E-01  9.71290E-01  9.86590E-01  9.95400E-01  9.99560E-01
  9.23180E-01  9.67360E-01  9.85650E-01  9.95200E-01  9.99470E-01
  9.27940E-01  9.68660E-01  9.86330E-01  9.95270E-01  9.99470E-01
  9.28690E-01  9.71480E-01  9.86920E-01  9.95840E-01  9.99500E-01
  9.31250E-01  9.71780E-01  9.87830E-01  9.96000E-01  9.99590E-01


    3.   6.94    3.   6.94  1.00E+02  8.00E+01  7.28E-01

  2.68900E+01  6.37440E+01  7.95980E+01  8.73230E+01  9.22530E+01

  2.77150E-01  4.54260E-01  5.83860E-01  6.94330E-01  8.14520E-01
  1.82020E-01  2.98010E-01  3.80060E-01  4.54290E-01  5.54240E-01
  1.24450E-01  2.05250E-01  2.62510E-01  3.21560E-01  4.01230E-01
  8.40410E-02  1.45080E-01  1.91400E-01  2.38240E-01  3.01490E-01
  5.34170E-02  9.41260E-02  1.25930E-01  1.59460E-01  2.04970E-01

  1.92950E-01  5.17040E-01  6.59720E-01  7.96150E-01  9.69860E-01
  2.04250E-01  5.56750E-01  7.09580E-01  8.46990E-01  9.79000E-01
  2.31670E-01  6.30040E-01  7.87890E-01  8.96880E-01  9.84970E-01
  3.20960E-01  7.04490E-01  8.60810E-01  9.47310E-01  9.94300E-01
  1.35760E-01  6.30300E-01  8.43130E-01  9.50220E-01  9.94380E-01
  7.15920E-01  8.21780E-01  8.71020E-01  9.17090E-01  9.86520E-01
  7.37760E-01  8.54600E-01  9.06580E-01  9.47330E-01  9.90130E-01
  7.86360E-01  8.95170E-01  9.42970E-01  9.75870E-01  9.96360E-01
  8.22370E-01  9.19320E-01  9.63060E-01  9.87170E-01  9.98520E-01
  8.58510E-01  9.40980E-01  9.74320E-01  9.91500E-01  9.99080E-01
  8.81380E-01  9.32620E-01  9.57080E-01  9.78150E-01  9.97020E-01
  8.91440E-01  9.42190E-01  9.69450E-01  9.86050E-01  9.97980E-01
  9.00110E-01  9.53890E-01  9.78100E-01  9.92010E-01  9.99090E-01
  9.12880E-01  9.62720E-01  9.82590E-01  9.94100E-01  9.99410E-01
  9.33420E-01  9.71860E-01  9.87560E-01  9.95780E-01  9.99500E-01
  9.49140E-01  9.75000E-01  9.86770E-01  9.95140E-01  9.99380E-01
  9.48340E-01  9.75060E-01  9.88180E-01  9.95720E-01  9.99520E-01
  9.49590E-01  9.77130E-01  9.88920E-01  9.96150E-01  9.99640E-01
  9.55180E-01  9.81150E-01  9.91760E-01  9.97080E-01  9.99690E-01
  9.63110E-01  9.84400E-01  9.93130E-01  9.97850E-01  9.99760E-01
  9.78790E-01  9.91180E-01  9.96070E-01  9.98670E-01  9.99870E-01
  9.78820E-01  9.91000E-01  9.95900E-01  9.98650E-01  9.99860E-01
  9.79610E-01  9.91310E-01  9.96410E-01  9.98710E-01  9.99860E-01
  9.80970E-01  9.92010E-01  9.96460E-01  9.98810E-01  9.99890E-01
  9.83210E-01  9.93080E-01  9.96950E-01  9.98930E-01  9.99880E-01


    3.   6.94    3.   6.94  1.00E+02  8.50E+01  9.12E-01

  5.56710E+01  8.18810E+01  8.89410E+01  9.25710E+01  9.52610E+01

  1.97900E-01  3.40820E-01  4.51450E-01  5.44080E-01  6.62200E-01
  1.05460E-01  1.89960E-01  2.53540E-01  3.10680E-01  3.85760E-01
  7.63850E-02  1.35500E-01  1.81020E-01  2.26740E-01  2.87000E-01
  5.94510E-02  1.04260E-01  1.40360E-01  1.76020E-01  2.24320E-01
  3.96240E-02  7.08440E-02  9.61890E-02  1.21540E-01  1.57530E-01

  5.77290E-01  7.30750E-01  8.09560E-01  8.76270E-01  9.74540E-01
  5.82150E-01  7.54670E-01  8.40470E-01  9.03690E-01  9.81080E-01
  6.26830E-01  8.10420E-01  8.96300E-01  9.48260E-01  9.90050E-01
  6.87930E-01  8.68910E-01  9.41480E-01  9.78850E-01  9.97400E-01
  5.81290E-01  8.51900E-01  9.37510E-01  9.79250E-01  9.97830E-01
  9.00460E-01  9.43420E-01  9.69590E-01  9.89900E-01  9.98980E-01
  9.05040E-01  9.46100E-01  9.66620E-01  9.84170E-01  9.98170E-01
  9.17890E-01  9.58040E-01  9.77350E-01  9.90590E-01  9.98780E-01
  9.31630E-01  9.70420E-01  9.86270E-01  9.95210E-01  9.99460E-01
  9.49720E-01  9.79260E-01  9.90740E-01  9.97030E-01  9.99690E-01
  9.55480E-01  9.77970E-01  9.89630E-01  9.96520E-01  9.99620E-01
  9.54770E-01  9.77690E-01  9.88740E-01  9.95860E-01  9.99500E-01
  9.58450E-01  9.80200E-01  9.90680E-01  9.96830E-01  9.99630E-01
  9.63270E-01  9.83670E-01  9.92520E-01  9.97310E-01  9.99710E-01
  9.72070E-01  9.88150E-01  9.94780E-01  9.98120E-01  9.99800E-01
  9.76720E-01  9.89480E-01  9.95250E-01  9.98370E-01  9.99820E-01
  9.76990E-01  9.89470E-01  9.95130E-01  9.98330E-01  9.99820E-01
  9.77080E-01  9.90070E-01  9.95420E-01  9.98420E-01  9.99820E-01
  9.80080E-01  9.91280E-01  9.96160E-01  9.98780E-01  9.99870E-01
  9.83850E-01  9.93520E-01  9.97150E-01  9.99090E-01  9.99910E-01
  9.89390E-01  9.95420E-01  9.98010E-01  9.99350E-01  9.99930E-01
  9.89460E-01  9.95410E-01  9.97930E-01  9.99270E-01  9.99910E-01
  9.90080E-01  9.95840E-01  9.98160E-01  9.99370E-01  9.99920E-01
  9.90500E-01  9.95940E-01  9.98210E-01  9.99420E-01  9.99930E-01
  9.91790E-01  9.96620E-01  9.98520E-01  9.99520E-01  9.99950E-01


    3.   6.94    3.   6.94  2.00E+02  0.00E+00  5.09E-03

  1.72250E+00  4.95150E+00  8.66020E+00  1.50200E+01  2.65060E+01

  3.50440E-01  6.06710E-01  7.41380E-01  8.47490E-01  9.57110E-01
  4.46590E-01  6.53130E-01  7.97880E-01  8.99970E-01  9.80140E-01
  4.19140E-01  6.09140E-01  7.36470E-01  8.68970E-01  9.63150E-01
  4.14240E-01  6.22740E-01  7.52960E-01  8.59540E-01  9.65600E-01
  3.65400E-01  5.45020E-01  6.51220E-01  7.79440E-01  9.18220E-01

 -9.81370E-01 -5.12510E-01  8.35530E-02  3.80000E-01  9.39130E-01
 -7.63720E-01 -2.84060E-01  2.51550E-01  6.65380E-01  9.39830E-01
 -5.86420E-01  6.90700E-02  7.13310E-01  8.72260E-01  9.74830E-01
 -9.06050E-01 -4.46410E-01  1.97910E-01  7.22580E-01  9.66250E-01
 -9.04460E-01 -7.24080E-01 -1.39820E-01  5.02890E-01  8.68210E-01
 -5.78940E-01 -1.79400E-01 -1.75000E-04  6.57680E-01  9.74290E-01
 -5.45230E-01 -1.20950E-01  2.55490E-01  6.09970E-01  8.44970E-01
 -6.06010E-01 -1.47330E-01  2.92950E-01  7.51020E-01  8.85150E-01
 -7.69850E-01 -3.87220E-01  1.38480E-01  7.45080E-01  9.06310E-01
 -8.54340E-01 -7.23000E-01 -1.49680E-01  2.10980E-01  7.86470E-01
 -8.99670E-01 -5.36150E-01  1.64030E-01  4.74670E-01  9.70620E-01
 -7.76700E-01 -1.84990E-01  4.72930E-01  9.09760E-01  9.79380E-01
 -9.00020E-01 -6.13660E-01 -4.86370E-02  4.93250E-01  8.95550E-01
 -7.03610E-01 -4.47790E-01  7.09120E-02  6.25640E-01  9.28910E-01
 -6.97730E-01 -8.09420E-02  2.86560E-01  7.57590E-01  9.63070E-01
 -9.29480E-01 -6.73620E-01  4.84410E-02  5.35640E-01  7.20850E-01
 -9.57700E-01 -7.80670E-01 -3.51300E-01  2.26820E-01  8.96180E-01
 -8.46880E-01 -3.66240E-01  2.65300E-01  5.74850E-01  9.02070E-01
 -8.84980E-01 -4.12360E-01  1.37190E-01  7.73850E-01  9.46080E-01
 -8.36870E-01 -4.93410E-01 -8.82570E-02  7.03190E-01  9.10940E-01
 -8.64220E-01 -4.42340E-01  3.59260E-01  8.25470E-01  9.81500E-01
 -9.24720E-01 -3.47040E-01  5.99200E-02  8.09390E-01  9.84980E-01
 -4.98010E-01 -3.97800E-01 -1.24770E-01  4.20470E-01  9.42210E-01
 -7.24520E-01 -3.43750E-01  2.59680E-01  6.31110E-01  9.89720E-01
 -8.53890E-01 -5.54240E-01  1.08910E-01  7.55790E-01  9.78830E-01


    3.   6.94    3.   6.94  2.00E+02  3.00E+01  2.00E-02

  2.84290E+00  9.13400E+00  1.78520E+01  3.04020E+01  5.22270E+01

  3.70830E-01  5.97600E-01  7.50830E-01  8.66610E-01  9.63370E-01
  4.19560E-01  6.19010E-01  7.49380E-01  8.46940E-01  9.55640E-01
  3.75870E-01  6.02640E-01  7.19160E-01  8.16180E-01  9.28270E-01
  3.26760E-01  5.44210E-01  6.68590E-01  7.80860E-01  9.16200E-01
  2.84780E-01  4.41110E-01  5.55100E-01  6.73110E-01  8.15710E-01

 -7.97020E-01 -2.62630E-01  2.97720E-01  7.72070E-01  9.76290E-01
 -7.47640E-01 -2.89260E-01  2.81340E-01  6.74220E-01  9.75080E-01
 -7.75130E-01 -2.92570E-01  4.11390E-01  7.62740E-01  9.65730E-01
 -9.00480E-01 -4.04600E-01  2.74490E-01  7.02330E-01  9.48060E-01
 -9.40180E-01 -5.61500E-01 -5.49660E-02  6.48670E-01  9.53840E-01
 -1.88190E-01  3.33140E-01  7.19950E-01  8.93130E-01  9.89850E-01
 -4.63240E-01  3.35680E-01  6.30730E-01  8.56470E-01  9.85790E-01
 -7.34620E-01  7.93850E-03  5.38750E-01  8.61880E-01  9.80840E-01
 -6.55520E-01 -4.70750E-02  4.92370E-01  8.34390E-01  9.79650E-01
 -9.06210E-01 -4.19120E-01  2.02830E-01  5.73370E-01  9.27390E-01
 -2.51190E-02  5.06020E-01  7.91850E-01  9.33170E-01  9.89230E-01
 -8.45090E-02  4.12290E-01  7.78570E-01  9.39920E-01  9.92020E-01
 -2.21150E-01  3.71960E-01  6.43640E-01  8.96230E-01  9.92020E-01
 -4.52170E-01  2.14640E-01  6.34190E-01  8.26070E-01  9.71340E-01
 -7.84680E-01  1.70680E-01  5.95450E-01  8.67160E-01  9.75780E-01
  3.13210E-01  6.73070E-01  8.30840E-01  9.43340E-01  9.94710E-01
  5.60490E-02  5.79760E-01  8.20590E-01  9.30830E-01  9.95240E-01
  3.56010E-02  5.95900E-01  8.10890E-01  9.37090E-01  9.93510E-01
 -2.06000E-01  5.08970E-01  7.54720E-01  9.05450E-01  9.88560E-01
 -5.55740E-01  2.69430E-01  7.31920E-01  9.15860E-01  9.88320E-01
  6.20990E-01  8.33950E-01  9.23430E-01  9.84210E-01  9.98720E-01
  5.41570E-01  7.87850E-01  9.04380E-01  9.67490E-01  9.96950E-01
  5.09620E-01  7.55990E-01  8.88110E-01  9.68510E-01  9.91540E-01
  4.67460E-01  7.32170E-01  8.78520E-01  9.57500E-01  9.92990E-01
  2.73770E-01  6.36500E-01  8.33840E-01  9.52900E-01  9.91730E-01


    3.   6.94    3.   6.94  2.00E+02  4.50E+01  5.79E-02

  4.38910E+00  1.45330E+01  2.85750E+01  4.78620E+01  7.80190E+01

  3.85180E-01  6.10790E-01  7.57880E-01  8.67290E-01  9.57310E-01
  3.92590E-01  6.02810E-01  7.45380E-01  8.54130E-01  9.58760E-01
  3.32550E-01  5.19170E-01  6.59020E-01  7.81570E-01  9.14640E-01
  2.90630E-01  4.61560E-01  5.90200E-01  7.10420E-01  8.55870E-01
  2.17130E-01  3.47640E-01  4.51890E-01  5.63410E-01  7.17150E-01

 -6.15430E-01  1.54150E-02  5.77300E-01  8.41360E-01  9.78980E-01
 -8.48950E-01 -1.65010E-01  4.74340E-01  8.40200E-01  9.81580E-01
 -7.32640E-01 -1.17340E-01  4.70290E-01  8.43910E-01  9.75690E-01
 -8.98900E-01 -3.43080E-01  2.19580E-01  6.81730E-01  9.55950E-01
 -9.39240E-01 -4.52640E-01  1.84660E-01  6.82660E-01  9.67630E-01
 -1.97640E-01  3.98120E-01  7.20060E-01  8.90090E-01  9.87990E-01
 -3.01300E-01  2.94000E-01  7.20690E-01  8.98890E-01  9.89920E-01
 -4.85050E-01  2.43180E-01  6.52000E-01  8.54100E-01  9.88530E-01
 -5.64920E-01  1.69950E-01  6.20690E-01  8.51800E-01  9.84320E-01
 -8.69010E-01 -1.42530E-01  4.54810E-01  7.94040E-01  9.73620E-01
  2.04620E-01  6.05920E-01  8.01800E-01  9.21660E-01  9.90050E-01
  1.54470E-01  5.93670E-01  7.97490E-01  9.44260E-01  9.90900E-01
  4.03290E-02  5.68610E-01  8.10610E-01  9.25060E-01  9.89210E-01
 -1.30930E-01  4.35420E-01  7.21830E-01  9.06160E-01  9.87710E-01
 -4.91110E-01  3.05180E-01  6.79290E-01  8.88880E-01  9.87890E-01
  4.50360E-01  7.59520E-01  8.88990E-01  9.61690E-01  9.95500E-01
  2.76310E-01  6.97340E-01  8.43540E-01  9.46240E-01  9.92600E-01
  2.84410E-01  7.22450E-01  9.05510E-01  9.65840E-01  9.96480E-01
  2.24550E-01  6.36690E-01  8.43200E-01  9.52500E-01  9.95820E-01
  1.42540E-01  5.92950E-01  8.31040E-01  9.41040E-01  9.94320E-01
  7.69070E-01  8.95190E-01  9.48520E-01  9.85130E-01  9.98090E-01
  6.16450E-01  8.52880E-01  9.36750E-01  9.68960E-01  9.95560E-01
  6.26780E-01  8.48410E-01  9.38920E-01  9.79090E-01  9.97980E-01
  5.98600E-01  8.34610E-01  9.25830E-01  9.76990E-01  9.97950E-01
  5.74470E-01  8.16770E-01  9.23690E-01  9.65780E-01  9.97070E-01


    3.   6.94    3.   6.94  2.00E+02  6.00E+01  1.56E-01

  7.21820E+00  2.60750E+01  5.02290E+01  7.95940E+01  1.16650E+02

  3.96020E-01  6.12130E-01  7.46910E-01  8.60960E-01  9.56490E-01
  3.77060E-01  5.69250E-01  6.93280E-01  8.06740E-01  9.26900E-01
  3.21600E-01  4.72770E-01  5.94740E-01  7.14550E-01  8.54540E-01
  2.58370E-01  3.81640E-01  4.86520E-01  5.92180E-01  7.36030E-01
  1.47430E-01  2.41580E-01  3.24380E-01  4.13410E-01  5.43800E-01

 -5.97630E-01  8.87120E-02  5.54590E-01  8.23460E-01  9.74590E-01
 -6.75170E-01  2.20600E-02  5.08890E-01  8.42260E-01  9.84900E-01
 -6.84380E-01 -2.70970E-02  4.75240E-01  8.03230E-01  9.76870E-01
 -7.94900E-01 -1.60820E-01  4.02150E-01  7.72110E-01  9.80380E-01
 -8.82750E-01 -3.59520E-01  2.25740E-01  7.27980E-01  9.72800E-01
 -1.17480E-02  4.56060E-01  7.23990E-01  8.88740E-01  9.84580E-01
 -4.10400E-02  4.83390E-01  7.67330E-01  9.23800E-01  9.91530E-01
 -1.30620E-01  4.51780E-01  7.66150E-01  9.14370E-01  9.90850E-01
 -1.72700E-01  4.06320E-01  7.32410E-01  8.99010E-01  9.89120E-01
 -4.93510E-01  2.02230E-01  6.09970E-01  8.84640E-01  9.86520E-01
  3.24290E-01  6.41100E-01  8.14470E-01  9.17240E-01  9.91200E-01
  3.33960E-01  6.83930E-01  8.62600E-01  9.56050E-01  9.95360E-01
  2.93930E-01  6.67790E-01  8.42010E-01  9.44390E-01  9.94480E-01
  2.70870E-01  6.70920E-01  8.49090E-01  9.47230E-01  9.94980E-01
  2.03840E-01  6.26450E-01  8.34740E-01  9.49010E-01  9.94090E-01
  6.05040E-01  8.05490E-01  8.98620E-01  9.51200E-01  9.92110E-01
  5.85080E-01  8.15810E-01  9.19960E-01  9.75900E-01  9.97120E-01
  5.68220E-01  8.12120E-01  9.12480E-01  9.71310E-01  9.96870E-01
  6.01790E-01  8.06760E-01  9.09750E-01  9.67020E-01  9.95500E-01
  5.86110E-01  8.14850E-01  9.16960E-01  9.75060E-01  9.97630E-01
  8.36850E-01  9.31260E-01  9.65870E-01  9.86500E-01  9.98890E-01
  8.12610E-01  9.23880E-01  9.66900E-01  9.89570E-01  9.98970E-01
  8.13370E-01  9.19010E-01  9.64320E-01  9.87060E-01  9.98620E-01
  7.77720E-01  9.10550E-01  9.63530E-01  9.88930E-01  9.98450E-01
  7.79840E-01  9.11970E-01  9.62890E-01  9.87730E-01  9.98520E-01


    3.   6.94    3.   6.94  2.00E+02  7.00E+01  2.90E-01

  1.18180E+01  4.29300E+01  7.81830E+01  1.14350E+02  1.50590E+02

  3.97330E-01  6.02150E-01  7.34740E-01  8.43250E-01  9.47760E-01
  3.40800E-01  5.10960E-01  6.24110E-01  7.38080E-01  8.73320E-01
  2.72530E-01  4.06140E-01  5.02100E-01  6.02420E-01  7.40180E-01
  1.95630E-01  2.96580E-01  3.75410E-01  4.60120E-01  5.81100E-01
  9.49360E-02  1.62360E-01  2.20240E-01  2.83950E-01  3.82380E-01

 -4.29800E-01  1.68760E-01  5.49190E-01  8.28620E-01  9.80630E-01
 -4.37350E-01  1.47150E-01  5.58130E-01  8.22340E-01  9.77710E-01
 -5.28100E-01  1.35810E-01  5.82950E-01  8.50770E-01  9.83160E-01
 -5.70630E-01  4.60820E-02  5.25780E-01  8.29010E-01  9.80980E-01
 -7.80190E-01 -1.74700E-01  3.61630E-01  7.66120E-01  9.76670E-01
  1.95950E-01  5.56250E-01  7.39590E-01  8.98090E-01  9.88860E-01
  1.89780E-01  5.89640E-01  7.81690E-01  9.07820E-01  9.89530E-01
  2.03270E-01  6.29620E-01  8.46540E-01  9.46000E-01  9.92670E-01
  1.99250E-01  6.46650E-01  8.34210E-01  9.43870E-01  9.92000E-01
  3.11300E-02  5.76590E-01  8.13820E-01  9.49360E-01  9.95290E-01
  4.79870E-01  7.17700E-01  8.18260E-01  9.17540E-01  9.90290E-01
  5.23050E-01  7.74170E-01  8.83990E-01  9.51610E-01  9.94380E-01
  5.59010E-01  8.06870E-01  9.17150E-01  9.72950E-01  9.97560E-01
  5.75970E-01  8.01250E-01  9.11300E-01  9.71910E-01  9.97400E-01
  5.62950E-01  8.26520E-01  9.23380E-01  9.75400E-01  9.97550E-01
  7.14380E-01  8.48000E-01  9.02720E-01  9.51240E-01  9.94080E-01
  7.52690E-01  8.87600E-01  9.49240E-01  9.79810E-01  9.97690E-01
  7.49840E-01  8.88230E-01  9.51850E-01  9.83920E-01  9.98110E-01
  7.64490E-01  9.00950E-01  9.56750E-01  9.86730E-01  9.98520E-01
  7.85900E-01  9.07380E-01  9.56000E-01  9.86450E-01  9.98740E-01
  9.04790E-01  9.55610E-01  9.77060E-01  9.90220E-01  9.98900E-01
  9.06680E-01  9.59430E-01  9.82760E-01  9.93960E-01  9.99300E-01
  8.93850E-01  9.54340E-01  9.80570E-01  9.93290E-01  9.99310E-01
  8.98360E-01  9.60540E-01  9.81980E-01  9.93480E-01  9.99280E-01
  9.07000E-01  9.61690E-01  9.83180E-01  9.93930E-01  9.99280E-01


    3.   6.94    3.   6.94  2.00E+02  8.00E+01  5.56E-01

  3.04490E+01  9.49210E+01  1.40410E+02  1.66940E+02  1.82150E+02

  3.41350E-01  5.25430E-01  6.56280E-01  7.71720E-01  8.91410E-01
  2.29280E-01  3.62820E-01  4.66710E-01  5.59090E-01  6.73320E-01
  1.48140E-01  2.45010E-01  3.17490E-01  3.84480E-01  4.81210E-01
  9.71650E-02  1.61560E-01  2.08670E-01  2.59790E-01  3.33850E-01
  5.06860E-02  8.99120E-02  1.22250E-01  1.57210E-01  2.08450E-01

 -6.75000E-02  3.75530E-01  5.85330E-01  8.21650E-01  9.79010E-01
 -1.00300E-01  4.22100E-01  6.61240E-01  8.59970E-01  9.82980E-01
 -9.22770E-02  4.41110E-01  6.95920E-01  8.69690E-01  9.79970E-01
 -8.77680E-02  5.02570E-01  7.62550E-01  9.04840E-01  9.88360E-01
 -2.63360E-01  3.51320E-01  7.00070E-01  9.00350E-01  9.88840E-01
  5.42560E-01  7.12050E-01  7.94440E-01  8.92750E-01  9.83810E-01
  5.80030E-01  7.66280E-01  8.55640E-01  9.32490E-01  9.92310E-01
  6.30150E-01  8.18690E-01  8.91360E-01  9.51180E-01  9.93710E-01
  6.80900E-01  8.56900E-01  9.33110E-01  9.76040E-01  9.97210E-01
  7.10610E-01  8.82650E-01  9.50240E-01  9.83620E-01  9.98300E-01
  7.89480E-01  8.71910E-01  9.10900E-01  9.54400E-01  9.94290E-01
  8.15660E-01  8.98660E-01  9.38210E-01  9.68500E-01  9.95760E-01
  8.40430E-01  9.26150E-01  9.62650E-01  9.83520E-01  9.97610E-01
  8.59690E-01  9.40000E-01  9.74340E-01  9.91070E-01  9.99010E-01
  8.89990E-01  9.53840E-01  9.79660E-01  9.93230E-01  9.99250E-01
  9.08720E-01  9.48430E-01  9.67050E-01  9.82170E-01  9.97590E-01
  9.18920E-01  9.60120E-01  9.78750E-01  9.90810E-01  9.98770E-01
  9.25820E-01  9.67460E-01  9.85370E-01  9.94970E-01  9.99500E-01
  9.36120E-01  9.71200E-01  9.86610E-01  9.95760E-01  9.99500E-01
  9.50240E-01  9.79500E-01  9.90730E-01  9.97030E-01  9.99630E-01
  9.72120E-01  9.87670E-01  9.94270E-01  9.97890E-01  9.99790E-01
  9.72520E-01  9.88330E-01  9.94760E-01  9.98230E-01  9.99840E-01
  9.73520E-01  9.88030E-01  9.94670E-01  9.98160E-01  9.99790E-01
  9.74210E-01  9.88800E-01  9.95260E-01  9.98410E-01  9.99820E-01
  9.77730E-01  9.90370E-01  9.95780E-01  9.98650E-01  9.99860E-01


    3.   6.94    3.   6.94  2.00E+02  8.50E+01  7.71E-01

  6.95470E+01  1.48880E+02  1.74020E+02  1.84190E+02  1.90470E+02

  2.52970E-01  4.15720E-01  5.43950E-01  6.55240E-01  7.76440E-01
  1.28040E-01  2.27530E-01  3.05770E-01  3.73000E-01  4.54320E-01
  8.50970E-02  1.49900E-01  1.98300E-01  2.42990E-01  3.04180E-01
  5.70830E-02  1.01370E-01  1.35120E-01  1.70180E-01  2.17370E-01
  3.46300E-02  6.28480E-02  8.59450E-02  1.10050E-01  1.45000E-01

  2.97340E-01  5.63870E-01  6.84070E-01  8.13400E-01  9.69660E-01
  3.18740E-01  6.06960E-01  7.47860E-01  8.72190E-01  9.85730E-01
  3.34540E-01  6.60370E-01  7.98360E-01  9.00090E-01  9.86270E-01
  3.62460E-01  7.27060E-01  8.67840E-01  9.52240E-01  9.94200E-01
  2.01920E-01  6.63900E-01  8.59940E-01  9.53620E-01  9.94370E-01
  8.05780E-01  8.74970E-01  9.09800E-01  9.48290E-01  9.91650E-01
  8.25290E-01  8.97300E-01  9.31320E-01  9.62830E-01  9.95480E-01
  8.56390E-01  9.21990E-01  9.53070E-01  9.75890E-01  9.96090E-01
  8.99550E-01  9.52070E-01  9.75930E-01  9.91060E-01  9.99060E-01
  9.25980E-01  9.70660E-01  9.87120E-01  9.95910E-01  9.99550E-01
  9.25940E-01  9.55630E-01  9.70900E-01  9.87320E-01  9.98180E-01
  9.32980E-01  9.61910E-01  9.76690E-01  9.88750E-01  9.98460E-01
  9.45990E-01  9.72400E-01  9.85550E-01  9.94010E-01  9.99130E-01
  9.55040E-01  9.80720E-01  9.91230E-01  9.97070E-01  9.99690E-01
  9.66050E-01  9.85730E-01  9.93660E-01  9.97960E-01  9.99780E-01
  9.68640E-01  9.82720E-01  9.90290E-01  9.96110E-01  9.99570E-01
  9.70280E-01  9.85300E-01  9.92690E-01  9.97260E-01  9.99670E-01
  9.73560E-01  9.87340E-01  9.94180E-01  9.97940E-01  9.99750E-01
  9.76260E-01  9.89200E-01  9.95280E-01  9.98350E-01  9.99820E-01
  9.81850E-01  9.92360E-01  9.96700E-01  9.98920E-01  9.99880E-01
  9.87690E-01  9.94730E-01  9.97600E-01  9.99140E-01  9.99900E-01
  9.88600E-01  9.95120E-01  9.97830E-01  9.99290E-01  9.99930E-01
  9.88820E-01  9.95190E-01  9.97870E-01  9.99270E-01  9.99920E-01
  9.89480E-01  9.95590E-01  9.98080E-01  9.99340E-01  9.99930E-01
  9.91080E-01  9.96270E-01  9.98430E-01  9.99480E-01  9.99950E-01


    3.   6.94    3.   6.94  5.00E+02  0.00E+00  3.25E-03

  3.28090E+00  1.06870E+01  2.16340E+01  3.62040E+01  7.01340E+01

  4.34400E-01  6.29800E-01  7.56620E-01  8.53120E-01  9.71060E-01
  3.77600E-01  6.40930E-01  7.26610E-01  8.86210E-01  9.65270E-01
  4.44020E-01  6.47430E-01  7.46400E-01  8.55350E-01  9.53170E-01
  4.37230E-01  6.20380E-01  7.60060E-01  8.49070E-01  9.68500E-01
  3.58550E-01  5.78240E-01  6.90850E-01  8.16740E-01  9.24010E-01

 -2.12880E-01 -2.12880E-01 -2.12880E-01 -2.12880E-01 -2.12880E-01
  3.56180E-01  3.56180E-01  3.56180E-01  3.56180E-01  3.56180E-01
 -1.16060E-01 -1.16060E-01 -1.16060E-01 -1.16060E-01 -1.16060E-01
 -1.58680E-01 -1.58680E-01 -1.58680E-01 -1.58680E-01 -1.58680E-01
 -5.41640E-01 -5.41640E-01 -5.41640E-01 -5.41640E-01 -5.41640E-01
  5.30130E-01  5.30130E-01  5.30130E-01  5.30130E-01  5.30130E-01
 -1.29760E-02 -1.29760E-02 -1.29760E-02 -1.29760E-02 -1.29760E-02
  5.73280E-01  5.73280E-01  5.73280E-01  5.73280E-01  5.73280E-01
  2.39060E-01  2.39060E-01  2.39060E-01  2.39060E-01  2.39060E-01
 -9.06470E-02 -9.06470E-02 -9.06470E-02 -9.06470E-02 -9.06470E-02
 -7.45520E-03 -7.45520E-03 -7.45520E-03 -7.45520E-03 -7.45520E-03
 -3.87410E-01 -3.87410E-01 -3.87410E-01 -3.87410E-01 -3.87410E-01
  5.01920E-02  5.01920E-02  5.01920E-02  5.01920E-02  5.01920E-02
  7.37510E-01  7.37510E-01  7.37510E-01  7.37510E-01  7.37510E-01
  2.64720E-01  2.64720E-01  2.64720E-01  2.64720E-01  2.64720E-01
  5.44090E-01  5.44090E-01  5.44090E-01  5.44090E-01  5.44090E-01
  6.92050E-01  6.92050E-01  6.92050E-01  6.92050E-01  6.92050E-01
 -4.98540E-01 -4.98540E-01 -4.98540E-01 -4.98540E-01 -4.98540E-01
  3.63580E-01  3.63580E-01  3.63580E-01  3.63580E-01  3.63580E-01
  2.11530E-01  2.11530E-01  2.11530E-01  2.11530E-01  2.11530E-01
  2.63730E-01  2.63730E-01  2.63730E-01  2.63730E-01  2.63730E-01
 -4.99850E-01 -4.99850E-01 -4.99850E-01 -4.99850E-01 -4.99850E-01
 -1.64690E-01 -1.64690E-01 -1.64690E-01 -1.64690E-01 -1.64690E-01
 -7.00850E-01 -7.00850E-01 -7.00850E-01 -7.00850E-01 -7.00850E-01
 -3.98440E-01 -3.98440E-01 -3.98440E-01 -3.98440E-01 -3.98440E-01


    3.   6.94    3.   6.94  5.00E+02  3.00E+01  1.49E-02

  6.51020E+00  2.18860E+01  4.46200E+01  7.77340E+01  1.33720E+02

  4.18890E-01  6.41560E-01  7.74730E-01  8.72720E-01  9.67050E-01
  4.40180E-01  6.34810E-01  7.62430E-01  8.74720E-01  9.62910E-01
  3.79740E-01  5.86960E-01  7.11750E-01  8.32080E-01  9.39110E-01
  3.09320E-01  4.90420E-01  6.55120E-01  7.77530E-01  9.20970E-01
  2.53500E-01  3.99090E-01  5.47700E-01  6.67620E-01  8.25870E-01

 -7.57790E-01 -1.40770E-01  3.24260E-01  8.76650E-01  9.84620E-01
 -6.67980E-01 -1.60710E-01  2.51450E-01  7.36860E-01  9.80940E-01
 -6.42800E-01  1.73090E-01  5.03980E-01  8.85480E-01  9.83430E-01
 -6.84370E-01 -3.15210E-01  3.38980E-01  8.02420E-01  9.60340E-01
 -8.51290E-01 -2.88580E-01  3.71850E-01  7.71210E-01  9.74610E-01
 -4.30770E-01  2.96750E-01  7.26690E-01  8.59550E-01  9.76810E-01
 -2.69390E-01  3.38440E-01  5.93710E-01  8.79820E-01  9.80770E-01
 -1.79970E-01  2.91590E-01  5.84460E-01  8.15240E-01  9.81960E-01
 -8.43450E-01 -7.76350E-02  3.20950E-01  7.08780E-01  9.64420E-01
 -7.92740E-01 -2.73600E-01  2.21000E-01  7.55610E-01  9.35880E-01
  1.40190E-01  5.90980E-01  8.81640E-01  9.52850E-01  9.84940E-01
 -7.41460E-02  4.07520E-01  7.29620E-01  8.92070E-01  9.92480E-01
 -4.31250E-01  3.59410E-01  6.60100E-01  8.65210E-01  9.80490E-01
 -5.94220E-01  6.34140E-02  3.65360E-01  7.29170E-01  9.90840E-01
 -5.94160E-01 -4.29270E-02  4.35650E-01  8.83030E-01  9.95530E-01
  4.64510E-01  7.36200E-01  8.67880E-01  9.71820E-01  9.94140E-01
  7.78730E-03  6.40880E-01  8.45880E-01  9.54770E-01  9.95590E-01
  2.04910E-01  5.66330E-01  8.09510E-01  9.26470E-01  9.92920E-01
  1.40830E-01  6.00380E-01  7.48840E-01  9.55190E-01  9.96290E-01
 -4.67550E-01  3.08450E-01  6.63990E-01  8.65450E-01  9.85120E-01
  5.60250E-01  8.12950E-01  9.23830E-01  9.64850E-01  9.91440E-01
  5.15170E-01  8.53540E-01  9.10750E-01  9.57410E-01  9.94690E-01
  5.53140E-01  8.15280E-01  9.36730E-01  9.65140E-01  9.98680E-01
  4.67820E-01  7.26300E-01  8.90600E-01  9.57310E-01  9.98400E-01
  3.09370E-01  7.64600E-01  8.73620E-01  9.58630E-01  9.96960E-01


    3.   6.94    3.   6.94  5.00E+02  4.50E+01  4.41E-02

  9.12180E+00  3.70790E+01  7.27910E+01  1.21950E+02  1.95700E+02

  4.12170E-01  6.36230E-01  7.71070E-01  8.77530E-01  9.61910E-01
  4.21460E-01  6.16280E-01  7.40790E-01  8.59080E-01  9.58530E-01
  3.55150E-01  5.42640E-01  6.71800E-01  7.93330E-01  9.22380E-01
  2.75200E-01  4.55170E-01  5.83500E-01  7.03580E-01  8.60130E-01
  1.97730E-01  3.43940E-01  4.59740E-01  5.74760E-01  7.17790E-01

 -7.82320E-01 -3.46670E-02  4.94680E-01  8.58680E-01  9.85710E-01
 -7.81200E-01 -1.20080E-01  3.71960E-01  7.29390E-01  9.75560E-01
 -8.20000E-01 -1.50300E-01  3.97830E-01  7.92830E-01  9.81320E-01
 -8.77220E-01 -4.03800E-01  2.81430E-01  7.49470E-01  9.82060E-01
 -9.02130E-01 -3.87450E-01  2.87200E-01  7.08520E-01  9.39780E-01
 -1.74820E-01  3.82990E-01  6.92280E-01  8.76820E-01  9.80790E-01
 -4.78860E-01  3.31350E-01  6.96300E-01  8.93840E-01  9.83280E-01
 -4.87630E-01  2.31830E-01  6.02570E-01  8.53490E-01  9.82840E-01
 -6.83140E-01  5.80600E-02  5.28980E-01  8.32000E-01  9.85050E-01
 -8.35810E-01 -1.82100E-01  3.03280E-01  7.59620E-01  9.79210E-01
  1.03130E-01  5.55460E-01  7.84370E-01  9.41810E-01  9.91660E-01
  2.19250E-01  6.42700E-01  8.45600E-01  9.57010E-01  9.91560E-01
 -5.36820E-02  5.32600E-01  7.54840E-01  9.03020E-01  9.89390E-01
 -1.03600E-03  4.81670E-01  7.38120E-01  9.04790E-01  9.93230E-01
 -3.03160E-01  2.28340E-01  5.98170E-01  8.61960E-01  9.83220E-01
  4.27740E-01  7.52510E-01  8.87810E-01  9.66440E-01  9.95840E-01
  4.53960E-01  7.27070E-01  8.92150E-01  9.59870E-01  9.95700E-01
  3.22770E-01  6.92000E-01  8.38710E-01  9.40100E-01  9.96150E-01
  2.77480E-01  6.94500E-01  8.56780E-01  9.58610E-01  9.96430E-01
  2.25640E-01  6.22340E-01  8.01920E-01  9.47190E-01  9.96170E-01
  6.71870E-01  8.76410E-01  9.40060E-01  9.75660E-01  9.96210E-01
  6.15610E-01  8.02980E-01  9.28090E-01  9.74440E-01  9.97280E-01
  6.03190E-01  8.11540E-01  9.13380E-01  9.75030E-01  9.98150E-01
  6.39020E-01  8.47810E-01  9.32010E-01  9.73910E-01  9.97660E-01
  6.17230E-01  7.99880E-01  9.15980E-01  9.69660E-01  9.94400E-01


    3.   6.94    3.   6.94  5.00E+02  6.00E+01  1.30E-01

  1.74020E+01  6.43970E+01  1.23230E+02  1.93520E+02  2.85980E+02

  4.22030E-01  6.28840E-01  7.65800E-01  8.71870E-01  9.60210E-01
  3.66360E-01  5.56680E-01  6.91610E-01  8.12510E-01  9.30140E-01
  3.09120E-01  4.69790E-01  5.88210E-01  7.14610E-01  8.62170E-01
  2.42100E-01  3.73770E-01  4.82920E-01  5.97540E-01  7.46130E-01
  1.52150E-01  2.50270E-01  3.33360E-01  4.21550E-01  5.52760E-01

 -6.81270E-01  6.60940E-02  5.43630E-01  8.24940E-01  9.81360E-01
 -7.05590E-01 -5.63640E-02  4.54670E-01  7.91860E-01  9.79930E-01
 -8.11010E-01 -1.13300E-01  4.43790E-01  8.09090E-01  9.80030E-01
 -7.95350E-01 -1.90470E-01  3.59700E-01  7.78690E-01  9.79160E-01
 -9.31730E-01 -3.97460E-01  2.21890E-01  7.28710E-01  9.76000E-01
  2.18720E-02  4.87640E-01  7.18770E-01  8.82160E-01  9.87030E-01
 -3.54980E-03  4.69960E-01  7.72080E-01  9.18880E-01  9.89220E-01
 -2.00350E-01  3.85810E-01  7.14020E-01  9.11030E-01  9.92320E-01
 -1.98360E-01  3.73080E-01  7.01410E-01  8.99290E-01  9.87330E-01
 -6.04410E-01  1.16670E-01  6.09370E-01  8.55540E-01  9.84130E-01
  3.46570E-01  6.55350E-01  8.18500E-01  9.29540E-01  9.92290E-01
  3.28250E-01  6.83390E-01  8.47670E-01  9.52760E-01  9.95670E-01
  2.99180E-01  6.93020E-01  8.70430E-01  9.54480E-01  9.95080E-01
  2.54590E-01  6.66950E-01  8.52730E-01  9.46630E-01  9.93970E-01
  1.39110E-01  5.91030E-01  8.06590E-01  9.41780E-01  9.93600E-01
  5.93060E-01  8.04360E-01  8.93170E-01  9.55200E-01  9.95310E-01
  5.77920E-01  8.28940E-01  9.29990E-01  9.78990E-01  9.98170E-01
  5.49720E-01  7.97850E-01  9.10030E-01  9.71980E-01  9.96630E-01
  5.23790E-01  7.91330E-01  9.10700E-01  9.70640E-01  9.96440E-01
  5.79840E-01  8.36090E-01  9.22540E-01  9.72580E-01  9.96710E-01
  8.24370E-01  9.19070E-01  9.58600E-01  9.84310E-01  9.97570E-01
  8.02160E-01  9.08990E-01  9.61760E-01  9.88100E-01  9.98500E-01
  7.97330E-01  9.12750E-01  9.62750E-01  9.87110E-01  9.98760E-01
  7.64110E-01  9.15000E-01  9.67120E-01  9.88510E-01  9.98480E-01
  7.85530E-01  9.10640E-01  9.59650E-01  9.87500E-01  9.98630E-01


    3.   6.94    3.   6.94  5.00E+02  7.00E+01  2.53E-01

  2.78060E+01  1.03650E+02  1.87870E+02  2.73690E+02  3.66240E+02

  4.25810E-01  6.19430E-01  7.46800E-01  8.52300E-01  9.52260E-01
  3.29640E-01  5.00670E-01  6.24880E-01  7.41910E-01  8.80850E-01
  2.50100E-01  3.89140E-01  4.95260E-01  6.03230E-01  7.53880E-01
  1.95980E-01  3.03640E-01  3.84210E-01  4.76860E-01  6.07840E-01
  1.13500E-01  1.84150E-01  2.42850E-01  3.10370E-01  4.09360E-01

 -4.66240E-01  1.48360E-01  5.58570E-01  8.21880E-01  9.82640E-01
 -5.94410E-01  7.42750E-02  5.51610E-01  8.45720E-01  9.82270E-01
 -5.71850E-01  3.81470E-02  5.08830E-01  8.17020E-01  9.78140E-01
 -6.67490E-01  1.63510E-02  5.13600E-01  8.20170E-01  9.82070E-01
 -8.63520E-01 -2.68140E-01  3.06770E-01  7.44700E-01  9.76270E-01
  1.80730E-01  5.54590E-01  7.61710E-01  9.10130E-01  9.89930E-01
  1.69150E-01  6.10080E-01  7.92480E-01  9.23380E-01  9.91460E-01
  1.74180E-01  6.24100E-01  8.29090E-01  9.34990E-01  9.91680E-01
  1.59500E-01  5.99430E-01  8.31970E-01  9.40340E-01  9.93710E-01
 -1.06730E-01  4.66710E-01  7.71610E-01  9.25830E-01  9.91870E-01
  5.01910E-01  7.30150E-01  8.40410E-01  9.41750E-01  9.92860E-01
  4.90590E-01  7.54920E-01  8.72900E-01  9.53810E-01  9.95430E-01
  5.19270E-01  8.07220E-01  9.08100E-01  9.69860E-01  9.97050E-01
  5.31830E-01  7.99730E-01  9.14660E-01  9.71010E-01  9.96760E-01
  5.41560E-01  7.92050E-01  9.04080E-01  9.69570E-01  9.95680E-01
  6.91370E-01  8.39300E-01  9.03810E-01  9.61340E-01  9.96050E-01
  7.01300E-01  8.74130E-01  9.37800E-01  9.77320E-01  9.97480E-01
  7.36390E-01  8.85350E-01  9.52820E-01  9.84630E-01  9.97980E-01
  7.45700E-01  8.92180E-01  9.52090E-01  9.83570E-01  9.97880E-01
  7.56660E-01  8.93970E-01  9.52370E-01  9.85350E-01  9.98540E-01
  8.90040E-01  9.48940E-01  9.72570E-01  9.87580E-01  9.98480E-01
  8.99960E-01  9.57690E-01  9.82510E-01  9.94150E-01  9.99430E-01
  8.91100E-01  9.56160E-01  9.80340E-01  9.93930E-01  9.99390E-01
  8.92390E-01  9.58530E-01  9.80270E-01  9.93290E-01  9.99280E-01
  8.86650E-01  9.53320E-01  9.79620E-01  9.93220E-01  9.99190E-01


    3.   6.94    3.   6.94  5.00E+02  8.00E+01  4.81E-01

  6.33920E+01  2.09940E+02  3.25310E+02  4.02900E+02  4.55390E+02

  3.54470E-01  5.42050E-01  6.76730E-01  7.93770E-01  9.10090E-01
  2.25980E-01  3.66640E-01  4.74170E-01  5.80510E-01  7.09770E-01
  1.61190E-01  2.57560E-01  3.35230E-01  4.15020E-01  5.21940E-01
  1.14360E-01  1.82190E-01  2.32360E-01  2.85220E-01  3.64830E-01
  5.76470E-02  9.59540E-02  1.25530E-01  1.58840E-01  2.12690E-01

 -1.94230E-01  3.28580E-01  6.06840E-01  8.47430E-01  9.81310E-01
 -1.90680E-01  3.43330E-01  6.38670E-01  8.58990E-01  9.84040E-01
 -2.13030E-01  3.63560E-01  6.73920E-01  8.76790E-01  9.86600E-01
 -2.98930E-01  3.29500E-01  6.81390E-01  8.80290E-01  9.87160E-01
 -4.08090E-01  1.82620E-01  6.09210E-01  8.58590E-01  9.85460E-01
  4.90790E-01  7.02610E-01  8.15360E-01  9.35390E-01  9.92740E-01
  5.19140E-01  7.45420E-01  8.61890E-01  9.51500E-01  9.94370E-01
  5.59080E-01  7.78600E-01  8.78930E-01  9.53130E-01  9.94420E-01
  6.09030E-01  8.26620E-01  9.19560E-01  9.67310E-01  9.96280E-01
  6.50130E-01  8.57110E-01  9.38270E-01  9.79930E-01  9.97950E-01
  7.43030E-01  8.49720E-01  9.07380E-01  9.65520E-01  9.96290E-01
  7.76390E-01  8.79290E-01  9.31860E-01  9.75720E-01  9.97440E-01
  7.94260E-01  8.97890E-01  9.42440E-01  9.77110E-01  9.97990E-01
  8.30040E-01  9.27680E-01  9.66470E-01  9.87000E-01  9.98410E-01
  8.51550E-01  9.37760E-01  9.73470E-01  9.91940E-01  9.99030E-01
  8.87640E-01  9.33160E-01  9.55910E-01  9.81480E-01  9.98200E-01
  9.00670E-01  9.50140E-01  9.71560E-01  9.88570E-01  9.98850E-01
  9.12120E-01  9.59590E-01  9.80150E-01  9.92510E-01  9.99150E-01
  9.24800E-01  9.68600E-01  9.86730E-01  9.95580E-01  9.99540E-01
  9.32460E-01  9.71360E-01  9.88230E-01  9.96170E-01  9.99570E-01
  9.68510E-01  9.83380E-01  9.90820E-01  9.95500E-01  9.99400E-01
  9.71180E-01  9.87030E-01  9.93920E-01  9.97780E-01  9.99790E-01
  9.71520E-01  9.88060E-01  9.94460E-01  9.98160E-01  9.99790E-01
  9.73010E-01  9.88550E-01  9.95210E-01  9.98410E-01  9.99820E-01
  9.75570E-01  9.90100E-01  9.96060E-01  9.98740E-01  9.99850E-01


    3.   6.94    3.   6.94  5.00E+02  8.50E+01  7.17E-01

  1.66590E+02  3.77670E+02  4.47540E+02  4.71410E+02  4.83270E+02

  2.48930E-01  4.09630E-01  5.36250E-01  6.56120E-01  7.87270E-01
  1.22490E-01  2.07750E-01  2.81030E-01  3.54890E-01  4.42200E-01
  7.68710E-02  1.31920E-01  1.75670E-01  2.16890E-01  2.71080E-01
  4.98330E-02  8.53150E-02  1.13070E-01  1.39650E-01  1.78390E-01
  2.83940E-02  4.93140E-02  6.57970E-02  8.38580E-02  1.10110E-01

  2.73200E-01  5.71900E-01  7.16020E-01  8.73850E-01  9.84760E-01
  2.78020E-01  6.15340E-01  7.74380E-01  9.06900E-01  9.89310E-01
  2.70140E-01  6.44070E-01  8.04940E-01  9.17020E-01  9.90770E-01
  2.71720E-01  6.82260E-01  8.43630E-01  9.41140E-01  9.93430E-01
  1.14060E-01  5.71990E-01  8.15020E-01  9.44040E-01  9.94360E-01
  8.24650E-01  8.85030E-01  9.20460E-01  9.63930E-01  9.95400E-01
  8.43390E-01  9.05110E-01  9.38920E-01  9.74620E-01  9.97090E-01
  8.65040E-01  9.24160E-01  9.53320E-01  9.79580E-01  9.97790E-01
  8.90700E-01  9.45000E-01  9.70350E-01  9.88320E-01  9.98560E-01
  9.23630E-01  9.67380E-01  9.84600E-01  9.94790E-01  9.99410E-01
  9.40760E-01  9.62820E-01  9.75930E-01  9.90040E-01  9.98760E-01
  9.45340E-01  9.68100E-01  9.80080E-01  9.90740E-01  9.98960E-01
  9.53950E-01  9.76580E-01  9.86500E-01  9.94110E-01  9.99210E-01
  9.66200E-01  9.84440E-01  9.92260E-01  9.97110E-01  9.99700E-01
  9.73680E-01  9.89280E-01  9.95210E-01  9.98400E-01  9.99850E-01
  9.78030E-01  9.87260E-01  9.93290E-01  9.97680E-01  9.99750E-01
  9.79100E-01  9.88980E-01  9.93670E-01  9.97580E-01  9.99710E-01
  9.82390E-01  9.91370E-01  9.95790E-01  9.98440E-01  9.99820E-01
  9.84820E-01  9.93140E-01  9.96990E-01  9.98970E-01  9.99880E-01
  9.88140E-01  9.94920E-01  9.97780E-01  9.99280E-01  9.99920E-01
  9.92990E-01  9.96840E-01  9.98560E-01  9.99500E-01  9.99950E-01
  9.93030E-01  9.96960E-01  9.98650E-01  9.99540E-01  9.99950E-01
  9.93710E-01  9.97260E-01  9.98780E-01  9.99580E-01  9.99950E-01
  9.93820E-01  9.97480E-01  9.98870E-01  9.99610E-01  9.99960E-01
  9.94900E-01  9.97810E-01  9.99060E-01  9.99700E-01  9.99960E-01


    3.   6.94    3.   6.94  1.00E+03  0.00E+00  2.27E-03

  6.41160E+00  2.44660E+01  4.83070E+01  8.12500E+01  1.53820E+02

  4.00620E-01  6.78080E-01  7.63930E-01  8.51280E-01  9.52610E-01
  3.78770E-01  5.93270E-01  7.58790E-01  8.57770E-01  9.56370E-01
  4.74420E-01  6.34710E-01  7.78240E-01  8.70020E-01  9.60050E-01
  4.40710E-01  5.85670E-01  7.28060E-01  8.07130E-01  9.11180E-01
  3.80330E-01  5.50550E-01  6.64400E-01  7.69880E-01  8.64250E-01

  3.31490E-01  3.31490E-01  3.31490E-01  3.31490E-01  3.31490E-01
 -1.96760E-01 -1.96760E-01 -1.96760E-01 -1.96760E-01 -1.96760E-01
  2.44290E-01  2.44290E-01  2.44290E-01  2.44290E-01  2.44290E-01
  5.17950E-01  5.17950E-01  5.17950E-01  5.17950E-01  5.17950E-01
  2.24750E-01  2.24750E-01  2.24750E-01  2.24750E-01  2.24750E-01
  7.85090E-01  7.85090E-01  7.85090E-01  7.85090E-01  7.85090E-01
 -1.90430E-01 -1.90430E-01 -1.90430E-01 -1.90430E-01 -1.90430E-01
 -2.20440E-01 -2.20440E-01 -2.20440E-01 -2.20440E-01 -2.20440E-01
 -9.49250E-03 -9.49250E-03 -9.49250E-03 -9.49250E-03 -9.49250E-03
 -3.00240E-01 -3.00240E-01 -3.00240E-01 -3.00240E-01 -3.00240E-01
 -4.24170E-01 -4.24170E-01 -4.24170E-01 -4.24170E-01 -4.24170E-01
 -2.35920E-01 -2.35920E-01 -2.35920E-01 -2.35920E-01 -2.35920E-01
 -3.82160E-01 -3.82160E-01 -3.82160E-01 -3.82160E-01 -3.82160E-01
  1.51370E-01  1.51370E-01  1.51370E-01  1.51370E-01  1.51370E-01
 -4.20770E-01 -4.20770E-01 -4.20770E-01 -4.20770E-01 -4.20770E-01
 -5.44740E-01 -5.44740E-01 -5.44740E-01 -5.44740E-01 -5.44740E-01
 -6.20770E-01 -6.20770E-01 -6.20770E-01 -6.20770E-01 -6.20770E-01
  1.27180E-01  1.27180E-01  1.27180E-01  1.27180E-01  1.27180E-01
 -4.05160E-01 -4.05160E-01 -4.05160E-01 -4.05160E-01 -4.05160E-01
 -5.05150E-01 -5.05150E-01 -5.05150E-01 -5.05150E-01 -5.05150E-01
  1.68480E-01  1.68480E-01  1.68480E-01  1.68480E-01  1.68480E-01
  4.46830E-01  4.46830E-01  4.46830E-01  4.46830E-01  4.46830E-01
  5.10110E-01  5.10110E-01  5.10110E-01  5.10110E-01  5.10110E-01
 -2.46080E-01 -2.46080E-01 -2.46080E-01 -2.46080E-01 -2.46080E-01
 -4.90690E-01 -4.90690E-01 -4.90690E-01 -4.90690E-01 -4.90690E-01


    3.   6.94    3.   6.94  1.00E+03  3.00E+01  1.07E-02

  1.34060E+01  5.11690E+01  9.91600E+01  1.62510E+02  2.76810E+02

  3.87040E-01  6.49560E-01  7.63640E-01  8.58710E-01  9.55890E-01
  4.12330E-01  6.16330E-01  7.44960E-01  8.64740E-01  9.53230E-01
  3.81010E-01  5.66500E-01  7.10050E-01  8.20930E-01  9.35550E-01
  2.93050E-01  5.15430E-01  6.49930E-01  7.83630E-01  9.03190E-01
  2.63350E-01  4.15270E-01  5.33150E-01  6.45550E-01  8.23080E-01

 -8.27260E-01 -1.70620E-01  4.07210E-01  7.79190E-01  9.75710E-01
 -7.52840E-01 -2.48340E-01  1.90880E-01  6.45020E-01  9.32840E-01
 -8.63800E-01 -3.24590E-01  3.98360E-01  7.79960E-01  9.66930E-01
 -8.66300E-01 -2.88150E-01  4.12530E-01  8.05860E-01  9.77860E-01
 -8.28300E-01 -4.87560E-01  8.06750E-02  5.38040E-01  9.45990E-01
 -4.71290E-01  3.12140E-01  6.49940E-01  8.60030E-01  9.77450E-01
 -2.95090E-01  3.74490E-01  6.39130E-01  8.66450E-01  9.80990E-01
 -4.50430E-01  2.28570E-01  5.17420E-01  7.71870E-01  9.85530E-01
 -5.97800E-01 -1.21170E-01  4.14800E-01  6.86840E-01  9.73230E-01
 -7.97300E-01 -3.48820E-02  3.89370E-01  7.37380E-01  9.49930E-01
 -3.30110E-02  4.82520E-01  6.64950E-01  8.48860E-01  9.85200E-01
 -1.74320E-02  5.74810E-01  7.65140E-01  8.98370E-01  9.88150E-01
 -4.12360E-01  3.53740E-01  6.61360E-01  8.53700E-01  9.77380E-01
 -3.54400E-01  3.09370E-01  7.96640E-01  8.95110E-01  9.91390E-01
 -8.66940E-01  1.15100E-01  5.53670E-01  7.74520E-01  9.61910E-01
  4.38900E-01  7.05770E-01  8.39670E-01  9.30140E-01  9.95080E-01
  9.19160E-02  6.13620E-01  8.50010E-01  9.32580E-01  9.98270E-01
  2.55620E-01  6.33450E-01  8.38190E-01  9.47470E-01  9.91620E-01
 -3.06450E-01  4.21880E-01  6.00660E-01  8.95330E-01  9.90950E-01
 -3.31900E-01  2.48830E-01  5.28820E-01  8.24000E-01  9.97440E-01
  5.13660E-01  7.61260E-01  9.25230E-01  9.78680E-01  9.95500E-01
  4.49240E-01  7.79690E-01  9.30480E-01  9.69470E-01  9.98010E-01
  3.00120E-01  7.17250E-01  8.93640E-01  9.60020E-01  9.96560E-01
  5.39710E-01  8.27860E-01  9.02050E-01  9.70040E-01  9.92930E-01
  2.78630E-01  6.28170E-01  8.35790E-01  9.47720E-01  9.91230E-01


    3.   6.94    3.   6.94  1.00E+03  4.50E+01  3.50E-02

  2.11650E+01  7.98670E+01  1.53840E+02  2.48090E+02  3.98000E+02

  4.39830E-01  6.28070E-01  7.55960E-01  8.64240E-01  9.57880E-01
  4.09870E-01  6.01290E-01  7.40740E-01  8.47730E-01  9.45710E-01
  3.18080E-01  5.04410E-01  6.52480E-01  8.01560E-01  9.25440E-01
  2.84170E-01  4.46680E-01  5.83770E-01  7.12520E-01  8.63800E-01
  1.97610E-01  3.42150E-01  4.47810E-01  5.54750E-01  6.98290E-01

 -6.24760E-01  6.56400E-02  4.74830E-01  7.83670E-01  9.75510E-01
 -8.31340E-01 -1.61960E-01  3.32880E-01  7.96970E-01  9.89930E-01
 -8.95280E-01 -1.78510E-01  3.37760E-01  7.38930E-01  9.60140E-01
 -8.53350E-01 -3.46230E-01  2.48040E-01  7.65330E-01  9.68760E-01
 -9.52810E-01 -5.76140E-01 -1.51000E-03  5.61420E-01  9.64760E-01
 -2.26340E-01  3.89920E-01  7.45650E-01  8.63770E-01  9.87040E-01
 -3.89450E-01  3.79040E-01  6.63370E-01  8.75490E-01  9.81220E-01
 -6.10710E-01  2.51100E-01  6.70640E-01  8.61210E-01  9.90300E-01
 -6.18830E-01  1.93810E-01  5.94480E-01  8.91960E-01  9.83620E-01
 -8.58300E-01 -2.12340E-01  4.60770E-01  8.09880E-01  9.73630E-01
  1.41250E-01  5.81330E-01  7.90940E-01  9.28560E-01  9.89280E-01
  7.81360E-02  5.82030E-01  8.03450E-01  9.17220E-01  9.92460E-01
 -1.44030E-01  3.91010E-01  7.38840E-01  9.27130E-01  9.91320E-01
 -7.05740E-02  5.61500E-01  7.99720E-01  9.14870E-01  9.88850E-01
 -4.87800E-01  1.94790E-01  6.24250E-01  8.72720E-01  9.94510E-01
  5.63200E-01  7.77640E-01  9.16570E-01  9.69240E-01  9.96500E-01
  3.78670E-01  7.44480E-01  8.74130E-01  9.48450E-01  9.92600E-01
  3.92630E-01  7.16680E-01  8.62670E-01  9.51950E-01  9.97270E-01
  2.72190E-01  6.82410E-01  8.58610E-01  9.54160E-01  9.95070E-01
  1.87410E-01  5.61860E-01  8.33330E-01  9.53560E-01  9.92440E-01
  6.65980E-01  8.83980E-01  9.50120E-01  9.83820E-01  9.97510E-01
  6.78870E-01  8.64870E-01  9.42400E-01  9.77480E-01  9.95620E-01
  6.90340E-01  8.61110E-01  9.49970E-01  9.82590E-01  9.97470E-01
  6.12410E-01  8.35100E-01  9.21650E-01  9.67150E-01  9.96130E-01
  5.66080E-01  8.08150E-01  9.06660E-01  9.69650E-01  9.96550E-01


    3.   6.94    3.   6.94  1.00E+03  6.00E+01  1.13E-01

  3.67280E+01  1.36490E+02  2.53590E+02  3.87360E+02  5.62290E+02

  4.35480E-01  6.34160E-01  7.60050E-01  8.66300E-01  9.54740E-01
  3.58050E-01  5.52080E-01  6.87730E-01  8.08040E-01  9.27480E-01
  3.01270E-01  4.62260E-01  5.83220E-01  7.09960E-01  8.55540E-01
  2.36200E-01  3.71320E-01  4.73150E-01  5.88340E-01  7.35620E-01
  1.50930E-01  2.49150E-01  3.32290E-01  4.25170E-01  5.56780E-01

 -6.28400E-01  3.88200E-02  5.08230E-01  8.08220E-01  9.74980E-01
 -6.99920E-01 -3.13370E-02  4.12570E-01  7.95900E-01  9.78460E-01
 -8.11560E-01 -1.73520E-01  4.31330E-01  7.98540E-01  9.66390E-01
 -8.59140E-01 -2.41260E-01  3.70760E-01  7.94480E-01  9.77080E-01
 -9.21040E-01 -3.67390E-01  2.86550E-01  7.45720E-01  9.60660E-01
 -6.67500E-02  5.10630E-01  7.33450E-01  9.04600E-01  9.91720E-01
 -4.07170E-02  5.11850E-01  7.77940E-01  9.22660E-01  9.91720E-01
 -3.62130E-02  5.21030E-01  7.51940E-01  9.02030E-01  9.92800E-01
 -2.69740E-01  3.90280E-01  7.01750E-01  8.92820E-01  9.90890E-01
 -5.22870E-01  1.40090E-01  5.91060E-01  8.23020E-01  9.76450E-01
  3.38030E-01  6.70070E-01  8.30980E-01  9.32500E-01  9.92580E-01
  3.58200E-01  7.04020E-01  8.70160E-01  9.54870E-01  9.95930E-01
  3.39240E-01  6.85100E-01  8.36210E-01  9.46650E-01  9.93270E-01
  3.19560E-01  6.83480E-01  8.53720E-01  9.52170E-01  9.94780E-01
  2.29840E-01  6.65620E-01  8.51230E-01  9.39970E-01  9.94900E-01
  5.89180E-01  7.92650E-01  8.95210E-01  9.60560E-01  9.93790E-01
  5.53250E-01  8.42440E-01  9.33290E-01  9.78770E-01  9.98120E-01
  5.54020E-01  8.15350E-01  9.17110E-01  9.69190E-01  9.96170E-01
  5.85290E-01  8.22500E-01  9.22350E-01  9.75010E-01  9.97600E-01
  5.82250E-01  8.11510E-01  9.27940E-01  9.73050E-01  9.97480E-01
  8.12180E-01  9.19900E-01  9.62170E-01  9.87440E-01  9.98480E-01
  8.11050E-01  9.21860E-01  9.70510E-01  9.89160E-01  9.98470E-01
  7.98460E-01  9.05290E-01  9.58430E-01  9.86960E-01  9.98920E-01
  7.80490E-01  9.11660E-01  9.63620E-01  9.86120E-01  9.98930E-01
  7.68460E-01  9.09860E-01  9.58900E-01  9.86680E-01  9.98400E-01


    3.   6.94    3.   6.94  1.00E+03  7.00E+01  2.27E-01

  5.90840E+01  2.11010E+02  3.72040E+02  5.33450E+02  7.13360E+02

  4.15090E-01  6.16440E-01  7.46960E-01  8.54770E-01  9.51560E-01
  3.02160E-01  4.84390E-01  6.14950E-01  7.35410E-01  8.81040E-01
  2.45950E-01  3.86650E-01  4.97020E-01  6.05670E-01  7.54160E-01
  1.89500E-01  3.01260E-01  3.86920E-01  4.79430E-01  6.10830E-01
  1.17570E-01  1.88510E-01  2.44940E-01  3.13150E-01  4.17520E-01

 -4.76430E-01  1.56180E-01  5.55440E-01  8.33790E-01  9.81420E-01
 -5.04800E-01  1.62030E-01  5.76940E-01  8.33860E-01  9.76690E-01
 -5.68310E-01  2.01070E-02  5.10480E-01  8.12690E-01  9.78600E-01
 -6.97540E-01 -5.25930E-02  4.62930E-01  8.20450E-01  9.79360E-01
 -8.48450E-01 -2.40240E-01  3.91140E-01  7.85810E-01  9.75180E-01
  1.80320E-01  5.60040E-01  7.68640E-01  9.11230E-01  9.90160E-01
  1.46420E-01  5.86410E-01  7.96340E-01  9.23110E-01  9.90880E-01
  2.05020E-01  6.37200E-01  8.28220E-01  9.36390E-01  9.93380E-01
  1.53490E-01  6.06830E-01  8.27320E-01  9.42220E-01  9.93250E-01
 -8.53420E-02  4.43120E-01  7.75340E-01  9.21220E-01  9.90840E-01
  4.80920E-01  7.42730E-01  8.71580E-01  9.52210E-01  9.94400E-01
  5.40800E-01  7.71900E-01  8.87650E-01  9.56150E-01  9.95780E-01
  5.53010E-01  8.03150E-01  9.09680E-01  9.69070E-01  9.96280E-01
  5.62920E-01  8.01760E-01  9.16110E-01  9.72860E-01  9.97060E-01
  5.35600E-01  7.97660E-01  9.13290E-01  9.71890E-01  9.96670E-01
  6.92720E-01  8.41020E-01  9.19260E-01  9.73500E-01  9.97090E-01
  7.08240E-01  8.58600E-01  9.36050E-01  9.76950E-01  9.97480E-01
  7.27290E-01  8.91560E-01  9.53720E-01  9.84120E-01  9.97870E-01
  7.37980E-01  8.90090E-01  9.50930E-01  9.82110E-01  9.98150E-01
  7.50320E-01  8.92380E-01  9.54910E-01  9.85150E-01  9.98500E-01
  8.86870E-01  9.46030E-01  9.73790E-01  9.89960E-01  9.98900E-01
  8.86600E-01  9.51510E-01  9.78320E-01  9.92370E-01  9.98900E-01
  8.82560E-01  9.50580E-01  9.77750E-01  9.92920E-01  9.99140E-01
  8.80500E-01  9.50270E-01  9.79250E-01  9.92820E-01  9.99190E-01
  8.91240E-01  9.54050E-01  9.80570E-01  9.93250E-01  9.99140E-01


    3.   6.94    3.   6.94  1.00E+03  8.00E+01  4.37E-01

  1.25020E+02  4.00400E+02  6.17940E+02  7.74520E+02  8.93550E+02

  3.53210E-01  5.43030E-01  6.75110E-01  7.92900E-01  9.16170E-01
  2.24090E-01  3.61460E-01  4.75420E-01  5.84080E-01  7.20030E-01
  1.60870E-01  2.57440E-01  3.39250E-01  4.22280E-01  5.34160E-01
  1.18900E-01  1.87910E-01  2.43990E-01  3.01160E-01  3.85070E-01
  6.63020E-02  1.05070E-01  1.36980E-01  1.72010E-01  2.29020E-01

 -1.67340E-01  3.30630E-01  6.30380E-01  8.57570E-01  9.83410E-01
 -1.96580E-01  3.51800E-01  6.55500E-01  8.71150E-01  9.85540E-01
 -2.45780E-01  3.40270E-01  6.72750E-01  8.77920E-01  9.85050E-01
 -2.57870E-01  3.29130E-01  6.71910E-01  8.76040E-01  9.84190E-01
 -4.37730E-01  2.02140E-01  6.03750E-01  8.51150E-01  9.85120E-01
  4.83570E-01  7.10510E-01  8.45320E-01  9.45180E-01  9.93360E-01
  4.82060E-01  7.40470E-01  8.61880E-01  9.51240E-01  9.94170E-01
  5.41050E-01  7.83620E-01  8.82800E-01  9.59290E-01  9.96060E-01
  5.97610E-01  8.18710E-01  9.16240E-01  9.67140E-01  9.95680E-01
  6.17390E-01  8.36540E-01  9.27550E-01  9.76190E-01  9.97570E-01
  7.40180E-01  8.51680E-01  9.23370E-01  9.73540E-01  9.97250E-01
  7.57050E-01  8.70870E-01  9.36770E-01  9.77850E-01  9.97620E-01
  7.88290E-01  8.96750E-01  9.47950E-01  9.81490E-01  9.98020E-01
  8.13060E-01  9.21150E-01  9.59940E-01  9.84710E-01  9.98400E-01
  8.33060E-01  9.31050E-01  9.70910E-01  9.90360E-01  9.99030E-01
  8.76180E-01  9.27510E-01  9.60080E-01  9.86000E-01  9.98410E-01
  8.91730E-01  9.43800E-01  9.71110E-01  9.89120E-01  9.98900E-01
  8.98140E-01  9.51630E-01  9.74750E-01  9.90580E-01  9.98900E-01
  9.11870E-01  9.63510E-01  9.82990E-01  9.94170E-01  9.99340E-01
  9.24120E-01  9.69020E-01  9.86600E-01  9.95660E-01  9.99530E-01
  9.61910E-01  9.79280E-01  9.88900E-01  9.95940E-01  9.99430E-01
  9.63880E-01  9.83400E-01  9.92040E-01  9.97020E-01  9.99710E-01
  9.68310E-01  9.85910E-01  9.93460E-01  9.97750E-01  9.99780E-01
  9.67140E-01  9.87410E-01  9.94850E-01  9.98200E-01  9.99790E-01
  9.69810E-01  9.87250E-01  9.94830E-01  9.98290E-01  9.99840E-01


    3.   6.94    3.   6.94  1.00E+03  8.50E+01  6.50E-01

  2.76040E+02  6.85160E+02  8.63080E+02  9.35700E+02  9.67580E+02

  2.59040E-01  4.28980E-01  5.53510E-01  6.79300E-01  8.14920E-01
  1.34190E-01  2.21180E-01  2.99160E-01  3.84660E-01  4.91130E-01
  8.55260E-02  1.39070E-01  1.85910E-01  2.37500E-01  3.02660E-01
  5.51920E-02  8.88080E-02  1.17910E-01  1.47870E-01  1.88560E-01
  2.82310E-02  4.79440E-02  6.36110E-02  7.99870E-02  1.05580E-01

  2.37470E-01  5.58370E-01  7.34890E-01  8.99020E-01  9.88430E-01
  1.92460E-01  5.84750E-01  7.72370E-01  9.19000E-01  9.90490E-01
  1.75020E-01  5.94410E-01  7.87700E-01  9.20790E-01  9.90440E-01
  1.02030E-01  6.12520E-01  8.06380E-01  9.31070E-01  9.92980E-01
 -4.42830E-02  5.02800E-01  7.80930E-01  9.30240E-01  9.91300E-01
  7.83280E-01  8.63110E-01  9.20540E-01  9.69660E-01  9.96260E-01
  7.93310E-01  8.82960E-01  9.39540E-01  9.77470E-01  9.97690E-01
  8.10190E-01  8.95010E-01  9.40790E-01  9.79730E-01  9.97960E-01
  8.49640E-01  9.21720E-01  9.58390E-01  9.83590E-01  9.98220E-01
  8.85500E-01  9.53020E-01  9.79200E-01  9.92640E-01  9.99280E-01
  9.22650E-01  9.50750E-01  9.72360E-01  9.90170E-01  9.98970E-01
  9.31310E-01  9.59610E-01  9.78560E-01  9.92020E-01  9.99150E-01
  9.39340E-01  9.66010E-01  9.81500E-01  9.93450E-01  9.99260E-01
  9.50100E-01  9.74640E-01  9.86810E-01  9.94960E-01  9.99400E-01
  9.63700E-01  9.84850E-01  9.93280E-01  9.97830E-01  9.99770E-01
  9.72350E-01  9.83180E-01  9.91120E-01  9.96930E-01  9.99660E-01
  9.75330E-01  9.86250E-01  9.93000E-01  9.97600E-01  9.99720E-01
  9.78370E-01  9.89270E-01  9.94280E-01  9.97880E-01  9.99730E-01
  9.81910E-01  9.91990E-01  9.96250E-01  9.98670E-01  9.99860E-01
  9.85790E-01  9.94040E-01  9.97370E-01  9.99140E-01  9.99910E-01
  9.92870E-01  9.96460E-01  9.98330E-01  9.99460E-01  9.99940E-01
  9.93090E-01  9.96750E-01  9.98490E-01  9.99490E-01  9.99940E-01
  9.93820E-01  9.97280E-01  9.98740E-01  9.99570E-01  9.99950E-01
  9.93980E-01  9.97570E-01  9.98960E-01  9.99650E-01  9.99960E-01
  9.94580E-01  9.97840E-01  9.99070E-01  9.99700E-01  9.99970E-01


    3.   6.94    3.   6.94  2.00E+03  0.00E+00  1.34E-03

  1.32360E+01  4.44450E+01  8.32440E+01  1.59110E+02  2.82150E+02

  5.32970E-01  6.81020E-01  8.50340E-01  8.96640E-01  9.76990E-01
  4.59340E-01  6.76780E-01  7.90750E-01  9.01040E-01  9.50770E-01
  5.32240E-01  6.49850E-01  7.80460E-01  8.67250E-01  9.92810E-01
  4.26900E-01  6.44980E-01  7.79370E-01  8.87500E-01  9.74500E-01
  2.71240E-01  4.86280E-01  6.41370E-01  8.13530E-01  9.47380E-01

  6.58920E-01  6.58920E-01  6.58920E-01  6.58920E-01  6.58920E-01
  2.48810E-01  2.48810E-01  2.48810E-01  2.48810E-01  2.48810E-01
  7.03780E-01  7.03780E-01  7.03780E-01  7.03780E-01  7.03780E-01
 -2.14370E-01 -2.14370E-01 -2.14370E-01 -2.14370E-01 -2.14370E-01
 -1.90350E-01 -1.90350E-01 -1.90350E-01 -1.90350E-01 -1.90350E-01
  3.83620E-02  3.83620E-02  3.83620E-02  3.83620E-02  3.83620E-02
  4.31430E-01  4.31430E-01  4.31430E-01  4.31430E-01  4.31430E-01
  6.73800E-02  6.73800E-02  6.73800E-02  6.73800E-02  6.73800E-02
 -4.00600E-01 -4.00600E-01 -4.00600E-01 -4.00600E-01 -4.00600E-01
 -3.54770E-01 -3.54770E-01 -3.54770E-01 -3.54770E-01 -3.54770E-01
  2.64840E-01  2.64840E-01  2.64840E-01  2.64840E-01  2.64840E-01
 -4.29150E-01 -4.29150E-01 -4.29150E-01 -4.29150E-01 -4.29150E-01
 -4.22720E-01 -4.22720E-01 -4.22720E-01 -4.22720E-01 -4.22720E-01
 -7.22380E-01 -7.22380E-01 -7.22380E-01 -7.22380E-01 -7.22380E-01
  2.73300E-01  2.73300E-01  2.73300E-01  2.73300E-01  2.73300E-01
  9.26720E-02  9.26720E-02  9.26720E-02  9.26720E-02  9.26720E-02
 -4.18620E-01 -4.18620E-01 -4.18620E-01 -4.18620E-01 -4.18620E-01
 -2.43970E-01 -2.43970E-01 -2.43970E-01 -2.43970E-01 -2.43970E-01
  1.93750E-01  1.93750E-01  1.93750E-01  1.93750E-01  1.93750E-01
  3.17560E-01  3.17560E-01  3.17560E-01  3.17560E-01  3.17560E-01
  2.01660E-01  2.01660E-01  2.01660E-01  2.01660E-01  2.01660E-01
 -1.51510E-01 -1.51510E-01 -1.51510E-01 -1.51510E-01 -1.51510E-01
 -2.46620E-02 -2.46620E-02 -2.46620E-02 -2.46620E-02 -2.46620E-02
  5.86320E-01  5.86320E-01  5.86320E-01  5.86320E-01  5.86320E-01
  5.31270E-02  5.31270E-02  5.31270E-02  5.31270E-02  5.31270E-02


    3.   6.94    3.   6.94  2.00E+03  3.00E+01  7.26E-03

  3.01800E+01  1.12950E+02  2.04700E+02  3.21450E+02  5.39150E+02

  4.19300E-01  6.35140E-01  7.75260E-01  8.85940E-01  9.63860E-01
  3.84990E-01  5.92550E-01  7.31010E-01  8.60270E-01  9.50360E-01
  3.07240E-01  5.70620E-01  6.90710E-01  8.29980E-01  9.43340E-01
  3.03340E-01  5.31240E-01  6.52160E-01  7.85690E-01  9.33710E-01
  2.62360E-01  4.19340E-01  5.46850E-01  6.64240E-01  8.08070E-01

 -6.29030E-01 -4.22750E-01  3.51370E-01  6.97920E-01  9.44770E-01
 -8.03100E-01 -2.82810E-01  4.63410E-02  5.76080E-01  8.50370E-01
 -6.75610E-01 -7.97580E-03  5.14010E-01  7.68140E-01  9.62750E-01
 -7.60720E-01 -3.49300E-01  3.68380E-01  9.03080E-01  9.72190E-01
 -8.36840E-01 -3.66000E-01 -1.91230E-02  4.63480E-01  9.62680E-01
  7.39130E-02  5.29530E-01  6.55100E-01  8.91780E-01  9.60790E-01
 -1.44470E-01  2.84380E-01  5.93880E-01  8.85300E-01  9.80730E-01
 -3.92660E-01  2.00800E-01  5.22390E-01  7.78080E-01  9.70700E-01
 -3.98630E-01  1.84840E-01  5.32530E-01  7.96190E-01  9.99280E-01
 -2.99470E-01  1.57770E-01  6.95280E-01  8.57730E-01  9.93090E-01
  1.85930E-01  4.52460E-01  7.26910E-01  8.87140E-01  9.81460E-01
  2.75290E-01  5.62930E-01  7.68230E-01  9.03120E-01  9.95110E-01
  2.63620E-01  5.31970E-01  7.90390E-01  9.44500E-01  9.96850E-01
 -1.68350E-01  2.51110E-01  6.83660E-01  8.59150E-01  9.88310E-01
 -2.10390E-01  4.15540E-01  7.70290E-01  9.06660E-01  9.69440E-01
  4.58560E-01  7.48260E-01  9.24030E-01  9.88200E-01  9.99890E-01
  4.09680E-01  7.34090E-01  8.43870E-01  9.60640E-01  9.91910E-01
  2.59630E-01  5.23290E-01  8.11320E-01  9.13550E-01  9.92480E-01
  8.78220E-03  4.16340E-01  7.06380E-01  8.76040E-01  9.95770E-01
 -1.32380E-01  3.40930E-01  7.13120E-01  9.37410E-01  9.95340E-01
  5.77710E-01  7.76620E-01  8.85180E-01  9.89060E-01  9.99790E-01
  6.37870E-01  9.15140E-01  9.49810E-01  9.87800E-01  9.98550E-01
  6.32350E-01  7.96220E-01  9.03880E-01  9.51310E-01  9.87080E-01
  5.24350E-01  8.33340E-01  8.70030E-01  9.76590E-01  9.91890E-01
  2.46950E-01  6.75660E-01  8.53000E-01  9.72100E-01  9.99060E-01


    3.   6.94    3.   6.94  2.00E+03  4.50E+01  2.70E-02

  4.83660E+01  1.70410E+02  3.16510E+02  4.88220E+02  7.60540E+02

  4.63390E-01  6.34980E-01  7.71030E-01  8.78570E-01  9.61700E-01
  3.80500E-01  5.99460E-01  7.42230E-01  8.57760E-01  9.48760E-01
  3.20020E-01  5.15110E-01  6.62560E-01  8.02650E-01  9.22170E-01
  2.62950E-01  4.31440E-01  5.71450E-01  7.01060E-01  8.63990E-01
  2.07070E-01  3.36440E-01  4.53370E-01  5.59930E-01  7.13980E-01

 -6.01340E-01 -4.32830E-02  4.74060E-01  8.05540E-01  9.71280E-01
 -5.77770E-01  6.14310E-02  5.49130E-01  8.43620E-01  9.58140E-01
 -9.10160E-01 -3.20040E-01  2.69020E-01  7.65210E-01  9.74710E-01
 -8.28760E-01 -2.35450E-01  3.06040E-01  7.24530E-01  9.85140E-01
 -9.26650E-01 -4.46880E-01  2.48730E-01  6.90130E-01  9.64960E-01
 -6.23950E-02  4.05170E-01  7.27490E-01  9.04210E-01  9.90420E-01
 -3.37540E-01  3.42160E-01  7.09270E-01  8.77230E-01  9.86740E-01
 -2.90000E-01  2.55830E-01  6.36570E-01  8.33970E-01  9.80460E-01
 -3.77820E-01  2.32910E-01  6.24390E-01  8.45860E-01  9.79370E-01
 -8.31000E-01 -2.28980E-01  3.94870E-01  8.00580E-01  9.75080E-01
  2.49280E-01  6.88680E-01  8.71120E-01  9.69970E-01  9.95710E-01
  1.07710E-01  5.59470E-01  7.96030E-01  9.45180E-01  9.92870E-01
  2.26500E-01  6.01890E-01  8.22540E-01  9.29350E-01  9.90060E-01
  8.04270E-02  5.78740E-01  7.56180E-01  9.36010E-01  9.96330E-01
 -4.91790E-01  2.07270E-01  6.56020E-01  9.00500E-01  9.92260E-01
  4.73460E-01  7.58320E-01  9.03840E-01  9.68300E-01  9.97740E-01
  4.87920E-01  7.69850E-01  8.98850E-01  9.72880E-01  9.94460E-01
  2.12090E-01  6.94530E-01  8.97670E-01  9.58400E-01  9.96480E-01
  4.63680E-01  7.32660E-01  8.74920E-01  9.66750E-01  9.96830E-01
  2.10840E-01  6.28620E-01  8.39920E-01  9.34440E-01  9.95470E-01
  7.29750E-01  9.02210E-01  9.61660E-01  9.86380E-01  9.98440E-01
  6.46700E-01  8.74040E-01  9.33930E-01  9.74850E-01  9.97770E-01
  6.38600E-01  8.51920E-01  9.32400E-01  9.75800E-01  9.97780E-01
  6.60410E-01  8.23500E-01  9.24710E-01  9.81970E-01  9.98180E-01
  6.74680E-01  8.39870E-01  9.23530E-01  9.71030E-01  9.96460E-01


    3.   6.94    3.   6.94  2.00E+03  6.00E+01  9.35E-02

  8.57510E+01  2.86180E+02  5.07580E+02  7.62060E+02  1.09460E+03

  4.17630E-01  6.28750E-01  7.62320E-01  8.60920E-01  9.53980E-01
  3.48020E-01  5.39610E-01  6.71510E-01  8.01310E-01  9.29080E-01
  2.88840E-01  4.58220E-01  5.90610E-01  7.15310E-01  8.57760E-01
  2.36700E-01  3.66150E-01  4.80120E-01  5.88700E-01  7.38380E-01
  1.52130E-01  2.51630E-01  3.38410E-01  4.25950E-01  5.57510E-01

 -6.28690E-01 -2.55000E-03  5.21110E-01  8.48250E-01  9.78290E-01
 -6.91820E-01 -3.06020E-02  4.93380E-01  7.89160E-01  9.62600E-01
 -7.41420E-01 -4.23700E-02  4.46280E-01  7.92690E-01  9.78140E-01
 -8.13500E-01 -1.62590E-01  4.07740E-01  7.54940E-01  9.78200E-01
 -8.74300E-01 -3.50390E-01  2.43290E-01  6.58630E-01  9.69000E-01
  7.08470E-02  5.10870E-01  7.51230E-01  9.16680E-01  9.91860E-01
  6.46420E-02  5.72070E-01  8.07730E-01  9.37520E-01  9.94120E-01
 -7.13600E-02  5.03700E-01  7.81260E-01  9.26370E-01  9.91450E-01
 -1.88730E-01  4.57370E-01  7.88180E-01  9.30000E-01  9.91380E-01
 -4.98650E-01  2.28640E-01  6.37020E-01  8.84700E-01  9.83920E-01
  4.04160E-01  6.78530E-01  8.32850E-01  9.40850E-01  9.91380E-01
  3.07750E-01  7.14360E-01  8.65700E-01  9.55690E-01  9.95600E-01
  3.40090E-01  7.02490E-01  8.60120E-01  9.53790E-01  9.94910E-01
  3.16140E-01  6.83660E-01  8.55290E-01  9.48140E-01  9.95250E-01
  1.82890E-01  6.31620E-01  8.47940E-01  9.49580E-01  9.94560E-01
  5.64130E-01  8.08030E-01  8.97850E-01  9.65180E-01  9.96600E-01
  6.22180E-01  8.31300E-01  9.27580E-01  9.75300E-01  9.97400E-01
  6.34160E-01  8.50510E-01  9.30280E-01  9.74810E-01  9.96740E-01
  6.09470E-01  8.30780E-01  9.16200E-01  9.72160E-01  9.97850E-01
  5.89430E-01  8.18920E-01  9.23730E-01  9.77690E-01  9.97910E-01
  8.22370E-01  9.13800E-01  9.60610E-01  9.87670E-01  9.98820E-01
  8.04910E-01  9.07020E-01  9.57950E-01  9.87330E-01  9.98500E-01
  8.08550E-01  9.18370E-01  9.62420E-01  9.87640E-01  9.98450E-01
  8.09570E-01  9.12690E-01  9.60740E-01  9.84210E-01  9.98390E-01
  7.91100E-01  9.12880E-01  9.63370E-01  9.91260E-01  9.98990E-01


    3.   6.94    3.   6.94  2.00E+03  7.00E+01  2.01E-01

  1.33180E+02  4.31260E+02  7.29850E+02  1.03550E+03  1.38910E+03

  3.89650E-01  5.99260E-01  7.32340E-01  8.47680E-01  9.49280E-01
  3.03630E-01  4.82310E-01  6.14170E-01  7.33840E-01  8.72230E-01
  2.43180E-01  3.85160E-01  4.89650E-01  5.95840E-01  7.41710E-01
  1.84900E-01  3.00840E-01  3.86400E-01  4.74440E-01  6.10110E-01
  1.17110E-01  1.89970E-01  2.51340E-01  3.19610E-01  4.21750E-01

 -4.12580E-01  2.00950E-01  5.91830E-01  8.57320E-01  9.85680E-01
 -4.76240E-01  1.45840E-01  5.51780E-01  8.47480E-01  9.83170E-01
 -5.61860E-01  1.28020E-01  5.83980E-01  8.46940E-01  9.83840E-01
 -5.96800E-01  4.07650E-02  5.20260E-01  8.31800E-01  9.83180E-01
 -8.06980E-01 -2.32470E-01  3.57950E-01  7.60650E-01  9.68140E-01
  2.41580E-01  6.00330E-01  7.95880E-01  9.25150E-01  9.93150E-01
  2.25120E-01  6.22270E-01  8.26600E-01  9.45980E-01  9.94310E-01
  2.21950E-01  6.62660E-01  8.45930E-01  9.50000E-01  9.93390E-01
  1.93860E-01  6.35280E-01  8.33020E-01  9.45340E-01  9.91770E-01
 -2.50050E-02  5.34320E-01  7.76620E-01  9.32820E-01  9.92740E-01
  4.93230E-01  7.34150E-01  8.66360E-01  9.55450E-01  9.96320E-01
  5.56370E-01  7.82350E-01  8.88220E-01  9.60660E-01  9.95800E-01
  5.77450E-01  8.02410E-01  9.05930E-01  9.67530E-01  9.96260E-01
  5.60420E-01  8.07480E-01  9.15120E-01  9.71060E-01  9.96920E-01
  5.49660E-01  7.88810E-01  9.10780E-01  9.72100E-01  9.97210E-01
  7.02900E-01  8.49880E-01  9.29190E-01  9.76530E-01  9.97660E-01
  7.15290E-01  8.80860E-01  9.41870E-01  9.79160E-01  9.97500E-01
  7.49850E-01  8.90330E-01  9.52250E-01  9.82740E-01  9.98430E-01
  7.46060E-01  8.90250E-01  9.53200E-01  9.84020E-01  9.98540E-01
  7.57410E-01  8.97290E-01  9.56800E-01  9.85920E-01  9.98630E-01
  8.88460E-01  9.42770E-01  9.72430E-01  9.90590E-01  9.98990E-01
  8.88060E-01  9.51730E-01  9.78160E-01  9.92520E-01  9.98960E-01
  8.82390E-01  9.52780E-01  9.78360E-01  9.93060E-01  9.99030E-01
  8.82630E-01  9.50800E-01  9.78520E-01  9.92430E-01  9.99210E-01
  8.96410E-01  9.57770E-01  9.81410E-01  9.93510E-01  9.99320E-01


    3.   6.94    3.   6.94  2.00E+03  8.00E+01  4.05E-01

  2.54320E+02  7.63940E+02  1.17610E+03  1.48860E+03  1.74170E+03

  3.36970E-01  5.30290E-01  6.64040E-01  7.85380E-01  9.10830E-01
  2.15480E-01  3.54910E-01  4.65180E-01  5.76080E-01  7.15950E-01
  1.58430E-01  2.57170E-01  3.39670E-01  4.27510E-01  5.44260E-01
  1.16140E-01  1.86000E-01  2.42830E-01  3.06100E-01  3.94240E-01
  6.91140E-02  1.10320E-01  1.45260E-01  1.83110E-01  2.44680E-01

 -1.06930E-01  4.04970E-01  6.87110E-01  8.80050E-01  9.87200E-01
 -1.87510E-01  3.90890E-01  6.88830E-01  8.81350E-01  9.87140E-01
 -2.17150E-01  3.40740E-01  6.79920E-01  8.81610E-01  9.88130E-01
 -3.08800E-01  3.42900E-01  6.86200E-01  8.86070E-01  9.88570E-01
 -4.46940E-01  2.06140E-01  6.20450E-01  8.58170E-01  9.83320E-01
  5.01800E-01  7.33520E-01  8.64090E-01  9.55240E-01  9.95090E-01
  5.19580E-01  7.55680E-01  8.79360E-01  9.58540E-01  9.95030E-01
  5.48820E-01  7.73980E-01  8.88580E-01  9.59730E-01  9.95210E-01
  5.83450E-01  8.06650E-01  9.08610E-01  9.67210E-01  9.96260E-01
  6.17440E-01  8.34610E-01  9.28510E-01  9.75840E-01  9.97150E-01
  7.52910E-01  8.69860E-01  9.38040E-01  9.77690E-01  9.97350E-01
  7.64190E-01  8.76990E-01  9.42040E-01  9.78520E-01  9.97640E-01
  7.85120E-01  8.92500E-01  9.46440E-01  9.82230E-01  9.98150E-01
  7.96810E-01  9.11930E-01  9.57650E-01  9.85380E-01  9.98630E-01
  8.21800E-01  9.28100E-01  9.69440E-01  9.90300E-01  9.98910E-01
  8.72990E-01  9.32580E-01  9.69060E-01  9.89470E-01  9.98650E-01
  8.77640E-01  9.40420E-01  9.71960E-01  9.89630E-01  9.98970E-01
  8.88840E-01  9.45030E-01  9.74330E-01  9.90620E-01  9.99100E-01
  8.97680E-01  9.58420E-01  9.80880E-01  9.93330E-01  9.99360E-01
  9.13750E-01  9.65340E-01  9.85420E-01  9.95100E-01  9.99480E-01
  9.54860E-01  9.77840E-01  9.90270E-01  9.96750E-01  9.99670E-01
  9.58170E-01  9.80030E-01  9.91060E-01  9.96800E-01  9.99680E-01
  9.62440E-01  9.83990E-01  9.92740E-01  9.97320E-01  9.99700E-01
  9.63570E-01  9.85330E-01  9.93840E-01  9.97840E-01  9.99790E-01
  9.65430E-01  9.86120E-01  9.94230E-01  9.98240E-01  9.99800E-01


    3.   6.94    3.   6.94  2.00E+03  8.50E+01  5.95E-01

  4.85860E+02  1.23300E+03  1.61710E+03  1.81150E+03  1.92150E+03

  2.69110E-01  4.35970E-01  5.67000E-01  6.90780E-01  8.32040E-01
  1.37580E-01  2.33320E-01  3.14070E-01  4.06190E-01  5.28210E-01
  9.18140E-02  1.49660E-01  2.01500E-01  2.61400E-01  3.44650E-01
  6.42940E-02  1.00350E-01  1.32930E-01  1.70290E-01  2.23220E-01
  3.36120E-02  5.44910E-02  7.16410E-02  9.14340E-02  1.21820E-01

  1.82060E-01  5.56430E-01  7.50130E-01  9.11430E-01  9.89560E-01
  2.02270E-01  5.91890E-01  7.89130E-01  9.27170E-01  9.93330E-01
  1.25740E-01  5.89190E-01  7.92810E-01  9.28030E-01  9.92300E-01
  8.59530E-02  5.95580E-01  8.02210E-01  9.30390E-01  9.91600E-01
 -8.36300E-02  4.67180E-01  7.58830E-01  9.20840E-01  9.92050E-01
  7.50740E-01  8.55460E-01  9.28830E-01  9.75680E-01  9.97110E-01
  7.57400E-01  8.63310E-01  9.34830E-01  9.79060E-01  9.97520E-01
  7.78870E-01  8.81940E-01  9.42890E-01  9.82350E-01  9.98230E-01
  8.11500E-01  9.08300E-01  9.53820E-01  9.83270E-01  9.98340E-01
  8.47460E-01  9.37270E-01  9.71430E-01  9.90060E-01  9.99020E-01
  9.00160E-01  9.45180E-01  9.74270E-01  9.91750E-01  9.99110E-01
  9.08270E-01  9.51480E-01  9.78430E-01  9.93180E-01  9.99330E-01
  9.16070E-01  9.55910E-01  9.80410E-01  9.93180E-01  9.99180E-01
  9.29840E-01  9.64240E-01  9.82230E-01  9.93570E-01  9.99330E-01
  9.50710E-01  9.79040E-01  9.89970E-01  9.96760E-01  9.99650E-01
  9.61350E-01  9.78770E-01  9.90840E-01  9.97030E-01  9.99680E-01
  9.64230E-01  9.82070E-01  9.92080E-01  9.97460E-01  9.99710E-01
  9.68040E-01  9.83880E-01  9.92360E-01  9.97610E-01  9.99750E-01
  9.72340E-01  9.86300E-01  9.93280E-01  9.97730E-01  9.99770E-01
  9.78630E-01  9.90950E-01  9.96020E-01  9.98620E-01  9.99870E-01
  9.89740E-01  9.94880E-01  9.97740E-01  9.99300E-01  9.99910E-01
  9.89950E-01  9.95400E-01  9.97970E-01  9.99370E-01  9.99930E-01
  9.90690E-01  9.95750E-01  9.98180E-01  9.99380E-01  9.99940E-01
  9.91630E-01  9.96250E-01  9.98420E-01  9.99480E-01  9.99940E-01
  9.92440E-01  9.96920E-01  9.98680E-01  9.99550E-01  9.99950E-01


    3.   6.94    3.   6.94  5.00E+03  0.00E+00  4.90E-04

  5.88190E+01  1.60640E+02  2.84550E+02  4.42460E+02  6.27770E+02

  5.55630E-01  5.55630E-01  5.55630E-01  5.55630E-01  5.55630E-01
  5.38970E-01  5.38970E-01  5.38970E-01  5.38970E-01  5.38970E-01
  7.72580E-01  7.72580E-01  7.72580E-01  7.72580E-01  7.72580E-01
  6.30640E-01  6.30640E-01  6.30640E-01  6.30640E-01  6.30640E-01
  9.38500E-01  9.38500E-01  9.38500E-01  9.38500E-01  9.38500E-01

  5.28860E-01  5.28860E-01  5.28860E-01  5.28860E-01  5.28860E-01
  5.28860E-01  5.28860E-01  5.28860E-01  5.28860E-01  5.28860E-01
  5.28860E-01  5.28860E-01  5.28860E-01  5.28860E-01  5.28860E-01
  5.28860E-01  5.28860E-01  5.28860E-01  5.28860E-01  5.28860E-01
  5.28860E-01  5.28860E-01  5.28860E-01  5.28860E-01  5.28860E-01
 -6.87290E-01 -6.87290E-01 -6.87290E-01 -6.87290E-01 -6.87290E-01
 -6.87290E-01 -6.87290E-01 -6.87290E-01 -6.87290E-01 -6.87290E-01
 -6.87290E-01 -6.87290E-01 -6.87290E-01 -6.87290E-01 -6.87290E-01
 -6.87290E-01 -6.87290E-01 -6.87290E-01 -6.87290E-01 -6.87290E-01
 -6.87290E-01 -6.87290E-01 -6.87290E-01 -6.87290E-01 -6.87290E-01
 -3.59790E-01 -3.59790E-01 -3.59790E-01 -3.59790E-01 -3.59790E-01
 -3.59790E-01 -3.59790E-01 -3.59790E-01 -3.59790E-01 -3.59790E-01
 -3.59790E-01 -3.59790E-01 -3.59790E-01 -3.59790E-01 -3.59790E-01
 -3.59790E-01 -3.59790E-01 -3.59790E-01 -3.59790E-01 -3.59790E-01
 -3.59790E-01 -3.59790E-01 -3.59790E-01 -3.59790E-01 -3.59790E-01
 -5.04550E-01 -5.04550E-01 -5.04550E-01 -5.04550E-01 -5.04550E-01
 -5.04550E-01 -5.04550E-01 -5.04550E-01 -5.04550E-01 -5.04550E-01
 -5.04550E-01 -5.04550E-01 -5.04550E-01 -5.04550E-01 -5.04550E-01
 -5.04550E-01 -5.04550E-01 -5.04550E-01 -5.04550E-01 -5.04550E-01
 -5.04550E-01 -5.04550E-01 -5.04550E-01 -5.04550E-01 -5.04550E-01
  3.34550E-02  3.34550E-02  3.34550E-02  3.34550E-02  3.34550E-02
  3.34550E-02  3.34550E-02  3.34550E-02  3.34550E-02  3.34550E-02
  3.34550E-02  3.34550E-02  3.34550E-02  3.34550E-02  3.34550E-02
  3.34550E-02  3.34550E-02  3.34550E-02  3.34550E-02  3.34550E-02
  3.34550E-02  3.34550E-02  3.34550E-02  3.34550E-02  3.34550E-02


    3.   6.94    3.   6.94  5.00E+03  3.00E+01  3.25E-03

  7.96410E+01  2.74560E+02  4.89980E+02  7.77620E+02  1.25250E+03

  4.44290E-01  6.21690E-01  7.72520E-01  8.69840E-01  9.64240E-01
  4.03110E-01  6.89690E-01  7.81210E-01  8.74230E-01  9.71760E-01
  3.56050E-01  5.64080E-01  6.83130E-01  8.10200E-01  9.44140E-01
  2.68440E-01  4.40440E-01  6.32890E-01  7.65310E-01  9.13460E-01
  2.57990E-01  4.27200E-01  5.43220E-01  6.52870E-01  7.83490E-01

 -1.24250E-03 -1.24250E-03 -1.24250E-03 -1.24250E-03 -1.24250E-03
  8.67250E-03  8.67250E-03  8.67250E-03  8.67250E-03  8.67250E-03
  1.71240E-01  1.71240E-01  1.71240E-01  1.71240E-01  1.71240E-01
  8.79750E-02  8.79750E-02  8.79750E-02  8.79750E-02  8.79750E-02
  5.05250E-03  5.05250E-03  5.05250E-03  5.05250E-03  5.05250E-03
  4.67810E-01  4.67810E-01  4.67810E-01  4.67810E-01  4.67810E-01
  8.42360E-01  8.42360E-01  8.42360E-01  8.42360E-01  8.42360E-01
  9.53500E-02  9.53500E-02  9.53500E-02  9.53500E-02  9.53500E-02
  6.41500E-01  6.41500E-01  6.41500E-01  6.41500E-01  6.41500E-01
 -2.87050E-01 -2.87050E-01 -2.87050E-01 -2.87050E-01 -2.87050E-01
  7.05370E-01  7.05370E-01  7.05370E-01  7.05370E-01  7.05370E-01
  7.74680E-01  7.74680E-01  7.74680E-01  7.74680E-01  7.74680E-01
  7.25850E-01  7.25850E-01  7.25850E-01  7.25850E-01  7.25850E-01
  7.11900E-01  7.11900E-01  7.11900E-01  7.11900E-01  7.11900E-01
  3.89330E-01  3.89330E-01  3.89330E-01  3.89330E-01  3.89330E-01
  8.65930E-01  8.65930E-01  8.65930E-01  8.65930E-01  8.65930E-01
  7.01090E-01  7.01090E-01  7.01090E-01  7.01090E-01  7.01090E-01
  3.90760E-01  3.90760E-01  3.90760E-01  3.90760E-01  3.90760E-01
  4.66200E-01  4.66200E-01  4.66200E-01  4.66200E-01  4.66200E-01
  6.55270E-01  6.55270E-01  6.55270E-01  6.55270E-01  6.55270E-01
  7.47250E-01  7.47250E-01  7.47250E-01  7.47250E-01  7.47250E-01
  7.92190E-01  7.92190E-01  7.92190E-01  7.92190E-01  7.92190E-01
  9.91850E-01  9.91850E-01  9.91850E-01  9.91850E-01  9.91850E-01
  6.69230E-01  6.69230E-01  6.69230E-01  6.69230E-01  6.69230E-01
  5.40400E-01  5.40400E-01  5.40400E-01  5.40400E-01  5.40400E-01


    3.   6.94    3.   6.94  5.00E+03  4.50E+01  1.47E-02

  1.32870E+02  4.31140E+02  7.63430E+02  1.18590E+03  1.81140E+03

  4.14540E-01  6.28510E-01  7.68240E-01  8.87020E-01  9.55080E-01
  3.85500E-01  5.89640E-01  7.16790E-01  8.48010E-01  9.44480E-01
  3.30690E-01  5.01960E-01  6.32610E-01  7.67840E-01  9.14130E-01
  2.69880E-01  4.40830E-01  5.48900E-01  6.88430E-01  8.49470E-01
  1.92140E-01  3.35950E-01  4.31490E-01  5.47390E-01  6.98730E-01

 -3.11590E-01  2.44530E-01  5.31880E-01  9.01420E-01  9.82420E-01
 -6.47210E-01  2.05310E-01  7.81240E-01  9.24400E-01  9.93770E-01
 -6.22860E-01 -1.97050E-01  5.00570E-01  8.11560E-01  9.86380E-01
 -8.60910E-01 -1.85300E-01  4.84180E-01  7.60280E-01  8.92750E-01
 -6.57160E-01  2.51190E-02  4.22630E-01  7.86600E-01  9.84110E-01
  1.41830E-01  4.27280E-01  7.45550E-01  8.60140E-01  9.86420E-01
 -2.03630E-02  3.58830E-01  8.02150E-01  9.52870E-01  9.96930E-01
 -2.86460E-02  4.66920E-01  7.35700E-01  9.19230E-01  9.96500E-01
 -4.08960E-01  3.03570E-01  7.30890E-01  9.05170E-01  9.91950E-01
 -6.03720E-01  4.33580E-02  4.81670E-01  7.65250E-01  9.61640E-01
  2.92260E-01  6.47580E-01  8.40870E-01  9.44210E-01  9.90410E-01
  1.89890E-01  6.31480E-01  8.13590E-01  9.56980E-01  9.93370E-01
  2.25420E-01  5.96670E-01  8.64920E-01  9.40970E-01  9.87930E-01
  2.25920E-01  5.04880E-01  7.48640E-01  9.04720E-01  9.78510E-01
 -1.44980E-01  6.00710E-01  8.35890E-01  9.39550E-01  9.92490E-01
  6.62230E-01  8.20440E-01  9.03070E-01  9.70440E-01  9.98150E-01
  5.01530E-01  7.55190E-01  8.57570E-01  9.45210E-01  9.97910E-01
  5.32130E-01  7.32920E-01  8.80830E-01  9.65220E-01  9.91940E-01
  4.96010E-01  7.48890E-01  8.60980E-01  9.23170E-01  9.88100E-01
  4.96460E-01  7.53670E-01  8.43640E-01  9.52010E-01  9.96990E-01
  7.86040E-01  8.87210E-01  9.51760E-01  9.91670E-01  9.99260E-01
  7.03610E-01  8.38700E-01  9.13630E-01  9.68580E-01  9.92850E-01
  6.41760E-01  8.44700E-01  9.08630E-01  9.80770E-01  9.96120E-01
  6.49370E-01  7.74650E-01  8.84270E-01  9.65800E-01  9.96120E-01
  6.15550E-01  8.38330E-01  9.20760E-01  9.80980E-01  9.91370E-01


    3.   6.94    3.   6.94  5.00E+03  6.00E+01  6.63E-02

  2.18760E+02  6.71230E+02  1.15250E+03  1.69610E+03  2.51720E+03

  4.01280E-01  6.22550E-01  7.57760E-01  8.64620E-01  9.53300E-01
  3.38270E-01  5.34210E-01  6.65780E-01  7.94700E-01  9.18560E-01
  2.94960E-01  4.66020E-01  5.82740E-01  7.06450E-01  8.51520E-01
  2.37800E-01  3.78950E-01  4.80340E-01  5.89270E-01  7.37160E-01
  1.51350E-01  2.52320E-01  3.34490E-01  4.25710E-01  5.56440E-01

 -5.41020E-01  1.50130E-01  5.62520E-01  8.43490E-01  9.77960E-01
 -6.00640E-01  5.60170E-02  4.92160E-01  7.98340E-01  9.82450E-01
 -7.17960E-01 -3.85880E-03  4.58690E-01  7.85260E-01  9.83010E-01
 -8.31370E-01 -2.34860E-01  3.84730E-01  7.97000E-01  9.78940E-01
 -9.03700E-01 -3.61410E-01  3.16860E-01  6.90910E-01  9.64570E-01
  1.30160E-01  6.07870E-01  8.16900E-01  9.33440E-01  9.88140E-01
  8.62420E-02  5.29370E-01  7.76500E-01  9.20710E-01  9.92730E-01
 -3.56430E-02  5.70320E-01  8.00540E-01  9.31820E-01  9.94440E-01
  1.12480E-02  5.22720E-01  7.91240E-01  9.18570E-01  9.90300E-01
 -3.86220E-01  2.19520E-01  6.26010E-01  8.51870E-01  9.88010E-01
  4.02620E-01  7.62370E-01  8.84010E-01  9.58500E-01  9.94930E-01
  4.49560E-01  7.17210E-01  8.72160E-01  9.60830E-01  9.96110E-01
  4.16720E-01  7.16940E-01  8.70580E-01  9.51930E-01  9.94940E-01
  3.66400E-01  7.17600E-01  8.71710E-01  9.51320E-01  9.94810E-01
  2.37890E-01  6.81150E-01  8.63280E-01  9.49490E-01  9.93880E-01
  6.04170E-01  8.26770E-01  9.26490E-01  9.73330E-01  9.97470E-01
  6.07390E-01  8.23430E-01  9.22880E-01  9.76020E-01  9.97080E-01
  6.55540E-01  8.63260E-01  9.44360E-01  9.82550E-01  9.97660E-01
  6.51120E-01  8.39340E-01  9.24360E-01  9.75560E-01  9.96430E-01
  5.93280E-01  8.15770E-01  9.19920E-01  9.76150E-01  9.98450E-01
  8.24250E-01  9.27380E-01  9.67530E-01  9.88810E-01  9.98830E-01
  8.02250E-01  9.35740E-01  9.68870E-01  9.89400E-01  9.98740E-01
  7.91650E-01  9.05480E-01  9.66290E-01  9.89580E-01  9.98900E-01
  8.07640E-01  9.19820E-01  9.63400E-01  9.88800E-01  9.98400E-01
  7.69900E-01  8.95380E-01  9.59660E-01  9.87720E-01  9.98110E-01


    3.   6.94    3.   6.94  5.00E+03  7.00E+01  1.64E-01

  3.29150E+02  9.80920E+02  1.64600E+03  2.34650E+03  3.21720E+03

  3.88390E-01  5.90960E-01  7.26660E-01  8.45250E-01  9.46630E-01
  2.96720E-01  4.67810E-01  5.95550E-01  7.17220E-01  8.62470E-01
  2.33390E-01  3.78310E-01  4.85420E-01  5.95250E-01  7.38450E-01
  1.78090E-01  2.92850E-01  3.83770E-01  4.72310E-01  6.03500E-01
  1.17580E-01  1.93690E-01  2.53990E-01  3.24430E-01  4.32960E-01

 -3.46240E-01  2.89750E-01  6.35720E-01  8.66510E-01  9.81700E-01
 -4.08480E-01  2.48300E-01  6.54360E-01  8.83280E-01  9.92820E-01
 -5.46740E-01  1.09350E-01  5.87290E-01  8.58810E-01  9.84420E-01
 -5.16650E-01  1.15490E-01  6.00850E-01  8.54410E-01  9.84380E-01
 -7.67900E-01 -1.82680E-01  3.77910E-01  7.83190E-01  9.70830E-01
  2.94740E-01  6.64750E-01  8.38650E-01  9.48900E-01  9.94360E-01
  3.12610E-01  6.70420E-01  8.49810E-01  9.52860E-01  9.94590E-01
  3.01740E-01  6.49240E-01  8.50240E-01  9.51540E-01  9.94820E-01
  3.01880E-01  6.95270E-01  8.61510E-01  9.55020E-01  9.95820E-01
  1.08180E-01  5.98860E-01  8.24780E-01  9.47260E-01  9.94650E-01
  5.38660E-01  7.90420E-01  9.04260E-01  9.69180E-01  9.96840E-01
  6.06250E-01  8.14010E-01  9.15970E-01  9.67400E-01  9.96770E-01
  5.67630E-01  8.19630E-01  9.17290E-01  9.72420E-01  9.97720E-01
  6.03770E-01  8.25480E-01  9.27670E-01  9.77600E-01  9.97750E-01
  5.95350E-01  8.34440E-01  9.24730E-01  9.74080E-01  9.96820E-01
  7.46200E-01  8.76590E-01  9.41870E-01  9.82850E-01  9.97940E-01
  7.57620E-01  8.88480E-01  9.47970E-01  9.82740E-01  9.97630E-01
  7.52560E-01  8.89290E-01  9.49860E-01  9.84090E-01  9.98260E-01
  7.69080E-01  8.97140E-01  9.58530E-01  9.84740E-01  9.98750E-01
  7.64580E-01  9.06250E-01  9.56410E-01  9.86350E-01  9.98670E-01
  8.73940E-01  9.46900E-01  9.75070E-01  9.92140E-01  9.99370E-01
  8.88980E-01  9.50110E-01  9.77040E-01  9.92490E-01  9.98990E-01
  8.89450E-01  9.54830E-01  9.78380E-01  9.93110E-01  9.99250E-01
  8.79190E-01  9.55890E-01  9.82560E-01  9.94630E-01  9.99400E-01
  8.89690E-01  9.57710E-01  9.82320E-01  9.93790E-01  9.99380E-01


    3.   6.94    3.   6.94  5.00E+03  8.00E+01  3.68E-01

  6.18790E+02  1.74930E+03  2.67630E+03  3.46220E+03  4.16720E+03

  3.23470E-01  5.15920E-01  6.57750E-01  7.77360E-01  9.04150E-01
  2.05160E-01  3.36490E-01  4.45710E-01  5.58220E-01  7.06660E-01
  1.49800E-01  2.45910E-01  3.24470E-01  4.15840E-01  5.40260E-01
  1.10240E-01  1.80110E-01  2.41060E-01  3.06640E-01  3.97240E-01
  6.99470E-02  1.12840E-01  1.50610E-01  1.93740E-01  2.59750E-01

 -5.85600E-02  4.58910E-01  7.39920E-01  9.13770E-01  9.90030E-01
 -8.26980E-02  4.35890E-01  7.28400E-01  9.04340E-01  9.89250E-01
 -1.61220E-01  4.35150E-01  7.34720E-01  9.02030E-01  9.88550E-01
 -1.82550E-01  4.04680E-01  7.19730E-01  8.99960E-01  9.85720E-01
 -3.91700E-01  2.25250E-01  6.18660E-01  8.72120E-01  9.86850E-01
  5.62290E-01  7.77400E-01  9.03930E-01  9.66550E-01  9.96690E-01
  5.73490E-01  7.98890E-01  9.08410E-01  9.68160E-01  9.96610E-01
  6.00290E-01  8.17680E-01  9.13310E-01  9.72180E-01  9.97220E-01
  6.10990E-01  8.22600E-01  9.15710E-01  9.72570E-01  9.97200E-01
  6.20370E-01  8.37560E-01  9.25790E-01  9.75160E-01  9.97110E-01
  7.65240E-01  8.82720E-01  9.50740E-01  9.84180E-01  9.97970E-01
  7.77690E-01  8.98020E-01  9.53490E-01  9.83960E-01  9.98320E-01
  7.85600E-01  8.98940E-01  9.57440E-01  9.85320E-01  9.98430E-01
  8.00600E-01  9.07640E-01  9.59070E-01  9.86150E-01  9.98460E-01
  8.22990E-01  9.25080E-01  9.67720E-01  9.88950E-01  9.98790E-01
  8.76260E-01  9.43980E-01  9.76120E-01  9.92630E-01  9.99380E-01
  8.88420E-01  9.48650E-01  9.77920E-01  9.93240E-01  9.99200E-01
  8.83740E-01  9.45810E-01  9.76810E-01  9.92220E-01  9.99110E-01
  8.92420E-01  9.52550E-01  9.78030E-01  9.92350E-01  9.99180E-01
  9.08860E-01  9.63370E-01  9.84630E-01  9.95060E-01  9.99430E-01
  9.52920E-01  9.79860E-01  9.91340E-01  9.97280E-01  9.99730E-01
  9.55330E-01  9.80320E-01  9.91700E-01  9.97230E-01  9.99700E-01
  9.55530E-01  9.79810E-01  9.91330E-01  9.96930E-01  9.99720E-01
  9.59180E-01  9.82710E-01  9.92360E-01  9.97420E-01  9.99710E-01
  9.59570E-01  9.84520E-01  9.93430E-01  9.97750E-01  9.99750E-01


    3.   6.94    3.   6.94  5.00E+03  8.50E+01  5.42E-01

  1.09410E+03  2.73260E+03  3.70460E+03  4.29140E+03  4.68580E+03

  2.61190E-01  4.24970E-01  5.54230E-01  6.80560E-01  8.26760E-01
  1.38270E-01  2.26790E-01  3.06580E-01  3.98200E-01  5.30900E-01
  8.90110E-02  1.47150E-01  1.99760E-01  2.64590E-01  3.70140E-01
  6.28130E-02  1.00960E-01  1.36930E-01  1.80210E-01  2.53000E-01
  3.88480E-02  6.08630E-02  8.18150E-02  1.07680E-01  1.48270E-01

  2.62480E-01  6.14520E-01  8.17440E-01  9.39320E-01  9.93070E-01
  2.19510E-01  6.29420E-01  8.30040E-01  9.38950E-01  9.93190E-01
  1.91230E-01  5.97530E-01  8.14590E-01  9.37940E-01  9.92390E-01
  1.15530E-01  6.19430E-01  8.19750E-01  9.33280E-01  9.93250E-01
 -6.42830E-02  4.75870E-01  7.54270E-01  9.19330E-01  9.93160E-01
  7.63540E-01  8.85400E-01  9.48260E-01  9.83030E-01  9.98290E-01
  7.60550E-01  8.89520E-01  9.51290E-01  9.82550E-01  9.98190E-01
  7.66570E-01  8.91450E-01  9.52160E-01  9.83770E-01  9.98430E-01
  7.91230E-01  9.03190E-01  9.54730E-01  9.84310E-01  9.98440E-01
  8.27610E-01  9.26080E-01  9.65310E-01  9.88020E-01  9.98810E-01
  8.91930E-01  9.52550E-01  9.79600E-01  9.93520E-01  9.99280E-01
  8.98770E-01  9.56100E-01  9.81300E-01  9.93980E-01  9.99280E-01
  9.05350E-01  9.58240E-01  9.81770E-01  9.94020E-01  9.99350E-01
  9.07820E-01  9.58170E-01  9.81240E-01  9.93880E-01  9.99450E-01
  9.30520E-01  9.67520E-01  9.85450E-01  9.95170E-01  9.99460E-01
  9.53450E-01  9.81650E-01  9.92040E-01  9.97450E-01  9.99740E-01
  9.55160E-01  9.82810E-01  9.92730E-01  9.97650E-01  9.99740E-01
  9.57580E-01  9.82760E-01  9.92390E-01  9.97260E-01  9.99720E-01
  9.59320E-01  9.81820E-01  9.92070E-01  9.97460E-01  9.99750E-01
  9.69010E-01  9.86040E-01  9.93550E-01  9.97740E-01  9.99740E-01
  9.85250E-01  9.94520E-01  9.97680E-01  9.99300E-01  9.99930E-01
  9.85220E-01  9.94580E-01  9.97680E-01  9.99250E-01  9.99920E-01
  9.85360E-01  9.93880E-01  9.97390E-01  9.99180E-01  9.99910E-01
  9.86190E-01  9.93930E-01  9.97270E-01  9.99090E-01  9.99900E-01
  9.87880E-01  9.95000E-01  9.97820E-01  9.99240E-01  9.99910E-01



