Ne_on_W   
 
 
 
 
 
   10.  20.18   74. 183.85  1.00E+00  0.00E+00  3.15E-01

  4.78360E-01  5.15680E-01  5.40090E-01  5.66690E-01  6.13810E-01

  6.24850E-01  7.87760E-01  8.70530E-01  9.29810E-01  9.78220E-01
  4.45050E-01  6.60240E-01  7.87710E-01  8.85390E-01  9.61400E-01
  4.20780E-01  6.32990E-01  7.69690E-01  8.81600E-01  9.67230E-01
  4.01530E-01  6.06530E-01  7.50220E-01  8.67010E-01  9.63650E-01
  2.89200E-01  4.79800E-01  6.08810E-01  7.18800E-01  8.27880E-01

 -9.50510E-01 -6.14290E-01 -4.34680E-03  6.04910E-01  9.52040E-01
 -9.51870E-01 -6.09160E-01 -2.20590E-02  5.57740E-01  9.42610E-01
 -9.50310E-01 -6.07130E-01  1.08020E-02  5.78010E-01  9.48650E-01
 -9.45600E-01 -5.86410E-01 -9.07770E-04  5.86050E-01  9.50370E-01
 -9.48580E-01 -5.56060E-01  8.45200E-03  5.91370E-01  9.54890E-01
 -9.51900E-01 -5.93480E-01  1.87900E-02  6.10400E-01  9.62820E-01
 -9.45520E-01 -5.75400E-01 -1.01590E-02  5.65960E-01  9.49420E-01
 -9.42850E-01 -5.77490E-01  3.45310E-03  5.90240E-01  9.45460E-01
 -9.33290E-01 -5.68130E-01 -3.94310E-03  6.19330E-01  9.56720E-01
 -9.45090E-01 -5.91810E-01 -3.16760E-02  5.57700E-01  9.45570E-01
 -9.50900E-01 -6.03310E-01  2.29850E-03  6.13220E-01  9.49170E-01
 -9.55660E-01 -6.13470E-01 -3.65150E-02  5.82150E-01  9.56130E-01
 -9.41450E-01 -5.80430E-01 -3.44460E-03  6.09010E-01  9.56970E-01
 -9.56840E-01 -6.12030E-01 -6.58600E-02  5.68620E-01  9.51520E-01
 -9.46340E-01 -5.41210E-01  5.23170E-02  6.11760E-01  9.61890E-01
 -9.44690E-01 -5.97610E-01  4.47870E-03  5.86820E-01  9.38370E-01
 -9.55500E-01 -5.95430E-01 -2.24650E-02  5.68080E-01  9.44440E-01
 -9.50270E-01 -5.97720E-01  2.54110E-02  5.89680E-01  9.49430E-01
 -9.43290E-01 -5.58990E-01 -7.14420E-03  5.72450E-01  9.53070E-01
 -9.58770E-01 -6.02190E-01 -3.43710E-02  5.68100E-01  9.49090E-01
 -9.46070E-01 -5.96080E-01 -2.83660E-02  5.73680E-01  9.49480E-01
 -9.42880E-01 -5.46350E-01  1.08420E-02  5.85580E-01  9.51610E-01
 -9.47160E-01 -5.77050E-01 -1.93810E-02  5.59950E-01  9.51350E-01
 -9.53960E-01 -5.90000E-01  9.05360E-03  6.08240E-01  9.55210E-01
 -9.51490E-01 -5.96120E-01  1.99940E-02  5.97710E-01  9.59580E-01


   10.  20.18   74. 183.85  1.00E+00  3.00E+01  4.97E-01

  5.08620E-01  5.50870E-01  5.95950E-01  6.60660E-01  7.94910E-01

  4.68420E-01  6.83940E-01  7.99100E-01  8.87190E-01  9.63730E-01
  3.79090E-01  5.89710E-01  7.30880E-01  8.45550E-01  9.48150E-01
  3.99460E-01  6.01440E-01  7.40390E-01  8.55190E-01  9.54100E-01
  3.67110E-01  5.74420E-01  7.28670E-01  8.50790E-01  9.51150E-01
  3.44320E-01  4.99800E-01  6.18640E-01  7.26810E-01  8.44030E-01

 -9.82320E-01 -8.45590E-01 -5.15060E-01  3.36010E-02  8.34740E-01
 -9.78190E-01 -7.93910E-01 -3.98370E-01  2.20920E-01  8.66740E-01
 -9.73820E-01 -7.71290E-01 -3.56260E-01  2.84310E-01  9.02090E-01
 -9.63440E-01 -7.28510E-01 -2.84350E-01  3.68950E-01  9.21530E-01
 -9.62940E-01 -6.84680E-01 -1.47530E-01  4.85370E-01  9.33160E-01
 -9.88500E-01 -8.77330E-01 -5.88760E-01 -2.63280E-02  7.81000E-01
 -9.82940E-01 -8.30290E-01 -4.88180E-01  7.83870E-02  8.51200E-01
 -9.85010E-01 -8.41630E-01 -4.55770E-01  2.07540E-01  8.77130E-01
 -9.80820E-01 -8.28970E-01 -3.74570E-01  2.96360E-01  8.99900E-01
 -9.72300E-01 -7.49980E-01 -2.40310E-01  4.09500E-01  9.31690E-01
 -9.71830E-01 -7.83780E-01 -3.72450E-01  2.69660E-01  8.80960E-01
 -9.44170E-01 -7.36830E-01 -3.01470E-01  4.14580E-01  9.18600E-01
 -9.60170E-01 -6.97930E-01 -3.20060E-01  3.10620E-01  9.08140E-01
 -9.49580E-01 -5.95820E-01 -1.85600E-01  3.92130E-01  9.01930E-01
 -9.06010E-01 -4.28260E-01 -1.35180E-02  5.23240E-01  9.42750E-01
 -6.13610E-01 -1.74150E-01  1.43690E-01  5.54570E-01  9.07820E-01
 -6.03840E-01 -7.58940E-02  3.14550E-01  6.65810E-01  9.57240E-01
 -6.96390E-01 -1.34680E-01  2.89770E-01  6.45910E-01  9.48450E-01
 -8.22330E-01 -1.91590E-01  3.07360E-01  7.12990E-01  9.67580E-01
 -9.10180E-01 -5.56950E-01  2.43330E-02  6.00950E-01  9.55890E-01
  9.95240E-02  4.42820E-01  6.70550E-01  8.32600E-01  9.66020E-01
  2.16570E-01  5.83410E-01  7.95790E-01  9.31070E-01  9.92030E-01
  2.05500E-01  5.85510E-01  7.84640E-01  9.16160E-01  9.90020E-01
  2.47500E-01  6.22150E-01  8.24010E-01  9.42260E-01  9.93500E-01
 -7.40050E-03  5.24610E-01  7.87160E-01  9.28820E-01  9.93000E-01


   10.  20.18   74. 183.85  1.00E+00  4.50E+01  6.56E-01

  5.29280E-01  5.97520E-01  6.71400E-01  7.86290E-01  8.60550E-01

  3.99490E-01  6.22550E-01  7.59590E-01  8.62570E-01  9.56260E-01
  3.94540E-01  5.91940E-01  7.24510E-01  8.37720E-01  9.47530E-01
  4.19680E-01  6.23540E-01  7.59550E-01  8.70870E-01  9.53560E-01
  4.96690E-01  6.76560E-01  7.82790E-01  8.71420E-01  9.42890E-01
  3.07160E-01  4.29750E-01  5.44990E-01  6.45530E-01  7.41620E-01

 -9.88940E-01 -9.03270E-01 -6.62640E-01 -2.23580E-01  6.57400E-01
 -9.86380E-01 -8.85200E-01 -6.12180E-01 -9.15880E-02  7.53500E-01
 -9.83080E-01 -8.50480E-01 -5.19630E-01  4.42500E-02  8.13630E-01
 -9.79700E-01 -8.16290E-01 -4.37750E-01  2.10940E-01  8.79010E-01
 -9.72660E-01 -7.28550E-01 -2.42020E-01  3.97070E-01  9.17000E-01
 -9.69830E-01 -8.27120E-01 -5.72040E-01  2.91120E-02  7.52790E-01
 -9.77160E-01 -7.92360E-01 -4.87830E-01  1.67790E-01  8.40620E-01
 -9.73950E-01 -7.44540E-01 -3.94300E-01  2.82410E-01  8.81120E-01
 -9.45330E-01 -6.83480E-01 -3.10550E-01  3.65910E-01  9.26060E-01
 -9.31020E-01 -6.69700E-01 -2.28770E-01  4.11750E-01  9.24970E-01
 -6.99170E-01 -2.35590E-01  1.39130E-01  5.19900E-01  8.88960E-01
 -7.89280E-01 -3.02460E-01  1.69970E-01  6.12810E-01  9.52210E-01
 -8.74480E-01 -5.12300E-01 -1.60890E-02  4.48570E-01  9.21340E-01
 -9.48070E-01 -6.87680E-01 -1.71080E-01  3.68070E-01  8.59560E-01
 -9.66190E-01 -7.12520E-01 -1.40960E-01  4.50390E-01  9.22510E-01
 -1.59840E-01  1.76280E-01  3.85210E-01  5.64590E-01  8.18620E-01
 -6.29980E-02  3.59260E-01  6.48800E-01  8.35010E-01  9.50800E-01
 -2.49570E-02  3.44510E-01  6.28680E-01  8.54020E-01  9.84210E-01
 -2.59370E-02  4.17540E-01  6.78460E-01  8.76770E-01  9.85910E-01
 -2.96100E-01  3.64800E-01  6.84400E-01  8.78370E-01  9.86840E-01
  5.38200E-01  7.92610E-01  8.84010E-01  9.37560E-01  9.80800E-01
  5.52850E-01  8.12570E-01  9.30970E-01  9.75970E-01  9.97550E-01
  5.52390E-01  7.36740E-01  8.56840E-01  9.45190E-01  9.94110E-01
  6.69320E-01  8.28640E-01  9.16680E-01  9.69100E-01  9.96400E-01
  7.17450E-01  8.86570E-01  9.48450E-01  9.83630E-01  9.98310E-01


   10.  20.18   74. 183.85  1.00E+00  6.00E+01  8.26E-01

  5.75890E-01  6.99490E-01  8.16790E-01  8.71350E-01  9.23550E-01

  3.86570E-01  5.91490E-01  7.32360E-01  8.44340E-01  9.48440E-01
  4.91620E-01  6.86860E-01  8.00910E-01  8.85190E-01  9.58510E-01
  5.45470E-01  7.17570E-01  8.02160E-01  8.82560E-01  9.51450E-01
  4.33210E-01  5.54200E-01  6.31700E-01  7.44380E-01  8.26090E-01
  1.91310E-01  2.68320E-01  3.41250E-01  4.46920E-01  5.92800E-01

 -9.89480E-01 -9.03400E-01 -6.88210E-01 -2.63480E-01  5.74670E-01
 -9.88930E-01 -8.74460E-01 -6.11210E-01 -4.64040E-02  7.46490E-01
 -9.73980E-01 -8.05210E-01 -4.78180E-01  1.68370E-01  8.66380E-01
 -9.69470E-01 -7.68380E-01 -3.84270E-01  2.73500E-01  8.74400E-01
 -9.63940E-01 -7.13910E-01 -2.31900E-01  4.47090E-01  9.21870E-01
 -7.44660E-01 -4.07430E-01 -3.41740E-02  3.93810E-01  8.08760E-01
 -8.22210E-01 -5.38360E-01 -1.54310E-01  3.04920E-01  8.48140E-01
 -8.99460E-01 -6.38740E-01 -2.71060E-01  2.20440E-01  7.87500E-01
 -9.62570E-01 -7.12760E-01 -2.87900E-01  3.19460E-01  8.69260E-01
 -9.63810E-01 -7.01570E-01 -2.28920E-01  4.04330E-01  9.20990E-01
 -5.18830E-02  2.80910E-01  4.62380E-01  5.82580E-01  8.44920E-01
  4.69740E-02  4.32440E-01  6.81260E-01  8.01970E-01  9.22960E-01
  1.08670E-01  4.56840E-01  7.87260E-01  9.31720E-01  9.91640E-01
  1.09650E-01  4.37220E-01  6.69650E-01  8.75290E-01  9.87300E-01
 -6.96570E-02  5.19270E-01  7.60130E-01  9.06610E-01  9.89550E-01
  3.93030E-01  7.07440E-01  7.70870E-01  8.22180E-01  9.15270E-01
  5.25790E-01  8.78100E-01  9.33620E-01  9.68460E-01  9.92410E-01
  5.20960E-01  7.73550E-01  8.96340E-01  9.78500E-01  9.98120E-01
  6.25000E-01  7.54570E-01  8.51100E-01  9.40850E-01  9.93070E-01
  7.79770E-01  8.94390E-01  9.47100E-01  9.81340E-01  9.97950E-01
  8.68930E-01  9.19030E-01  9.45140E-01  9.64400E-01  9.80980E-01
  9.02700E-01  9.51970E-01  9.78520E-01  9.92900E-01  9.99120E-01
  8.28930E-01  9.29760E-01  9.78380E-01  9.94050E-01  9.99320E-01
  8.24540E-01  9.06290E-01  9.53630E-01  9.82880E-01  9.98270E-01
  8.88010E-01  9.46210E-01  9.75290E-01  9.91550E-01  9.99130E-01


   10.  20.18   74. 183.85  1.00E+00  7.00E+01  9.26E-01

  6.44680E-01  8.12030E-01  8.72270E-01  9.20080E-01  9.57980E-01

  4.32890E-01  6.16930E-01  7.48850E-01  8.53350E-01  9.48780E-01
  5.86930E-01  7.69430E-01  8.57910E-01  9.16490E-01  9.73970E-01
  5.02170E-01  6.43390E-01  7.06250E-01  7.79120E-01  8.82380E-01
  3.44750E-01  4.43750E-01  4.88880E-01  5.43830E-01  6.96370E-01
  1.52890E-01  2.02660E-01  2.32790E-01  2.66440E-01  3.10490E-01

 -9.53650E-01 -7.88400E-01 -5.09820E-01 -2.62260E-02  7.02280E-01
 -9.82540E-01 -8.45070E-01 -5.39730E-01  2.82150E-03  7.53160E-01
 -9.80540E-01 -8.30660E-01 -4.96700E-01 -8.34080E-03  7.38060E-01
 -9.79110E-01 -8.30040E-01 -5.10560E-01  5.48340E-02  8.24300E-01
 -9.73600E-01 -7.77260E-01 -3.65170E-01  1.76210E-01  8.19410E-01
 -1.99570E-01  1.13130E-01  3.01720E-01  4.41000E-01  7.80980E-01
 -1.84980E-01  1.89980E-01  4.52850E-01  6.20150E-01  8.08620E-01
 -1.74680E-01  3.29170E-01  6.05010E-01  8.03760E-01  9.35330E-01
 -2.56340E-01  1.92420E-01  5.59760E-01  8.51360E-01  9.85290E-01
 -3.72310E-01  9.08060E-02  4.75890E-01  7.98970E-01  9.79700E-01
  3.16950E-01  6.30470E-01  6.89800E-01  7.41350E-01  8.79430E-01
  4.32860E-01  7.98270E-01  8.59940E-01  9.03100E-01  9.48410E-01
  5.50340E-01  8.97330E-01  9.52280E-01  9.83920E-01  9.98320E-01
  5.06330E-01  7.05690E-01  8.70590E-01  9.54390E-01  9.95130E-01
  6.86430E-01  8.21530E-01  9.03630E-01  9.62160E-01  9.96310E-01
  7.81550E-01  8.23620E-01  8.50570E-01  8.74770E-01  9.03790E-01
  8.79950E-01  9.24050E-01  9.49480E-01  9.68120E-01  9.83810E-01
  9.22030E-01  9.59080E-01  9.81200E-01  9.93750E-01  9.99310E-01
  7.94590E-01  9.28810E-01  9.73420E-01  9.94450E-01  9.99410E-01
  8.31450E-01  9.06100E-01  9.50790E-01  9.82190E-01  9.98090E-01
  9.05740E-01  9.32490E-01  9.47730E-01  9.59250E-01  9.70960E-01
  9.39710E-01  9.67770E-01  9.82520E-01  9.91170E-01  9.96550E-01
  9.49870E-01  9.74350E-01  9.88080E-01  9.96110E-01  9.99550E-01
  9.63360E-01  9.80410E-01  9.90770E-01  9.96780E-01  9.99690E-01
  9.54250E-01  9.82700E-01  9.94000E-01  9.98080E-01  9.99810E-01


   10.  20.18   74. 183.85  1.00E+00  8.00E+01  9.92E-01

  8.03580E-01  8.81950E-01  9.28500E-01  9.52610E-01  9.68970E-01

  5.88360E-01  7.64790E-01  8.60110E-01  9.24740E-01  9.78290E-01
  5.68170E-01  7.04510E-01  7.63670E-01  8.06920E-01  8.94350E-01
  4.25340E-01  5.28920E-01  5.76360E-01  6.05890E-01  6.48720E-01
  3.15160E-01  3.95890E-01  4.34120E-01  4.56010E-01  4.83060E-01
  2.25110E-01  2.88200E-01  3.18650E-01  3.35930E-01  3.57850E-01

 -5.37490E-01 -2.76290E-01 -3.10940E-02  2.18110E-01  6.66510E-01
 -5.24140E-01 -2.18400E-01  5.48620E-02  3.15350E-01  6.47040E-01
 -4.98940E-01 -1.16190E-01  1.84010E-01  4.50520E-01  7.16830E-01
 -5.51660E-01 -1.91860E-01  1.48800E-01  4.59030E-01  7.26190E-01
 -7.79620E-01 -3.56430E-01  1.06280E-01  5.77140E-01  8.86500E-01
  4.26140E-01  6.18080E-01  6.70300E-01  7.12890E-01  8.11690E-01
  5.45340E-01  7.65420E-01  8.23280E-01  8.64540E-01  9.07520E-01
  6.56700E-01  8.82090E-01  9.38970E-01  9.73710E-01  9.94940E-01
  6.30130E-01  8.73340E-01  9.57710E-01  9.85700E-01  9.98530E-01
  5.43420E-01  7.53400E-01  8.80560E-01  9.53250E-01  9.94160E-01
  7.81400E-01  8.09830E-01  8.30400E-01  8.48750E-01  8.71520E-01
  8.68480E-01  8.96070E-01  9.17060E-01  9.33490E-01  9.50550E-01
  9.17380E-01  9.50210E-01  9.72130E-01  9.85660E-01  9.95070E-01
  9.44980E-01  9.69060E-01  9.84960E-01  9.94810E-01  9.99430E-01
  8.78020E-01  9.45910E-01  9.78720E-01  9.94000E-01  9.99490E-01
  8.69980E-01  8.87120E-01  8.98350E-01  9.09250E-01  9.22090E-01
  9.24860E-01  9.38550E-01  9.49390E-01  9.58260E-01  9.66830E-01
  9.53000E-01  9.69240E-01  9.80410E-01  9.88160E-01  9.93980E-01
  9.69350E-01  9.83050E-01  9.91860E-01  9.97070E-01  9.99690E-01
  9.75070E-01  9.90870E-01  9.95700E-01  9.98510E-01  9.99830E-01
  9.21550E-01  9.31530E-01  9.38730E-01  9.45260E-01  9.53050E-01
  9.54530E-01  9.62770E-01  9.69700E-01  9.75100E-01  9.80520E-01
  9.71580E-01  9.81470E-01  9.88430E-01  9.93350E-01  9.96810E-01
  9.80890E-01  9.89200E-01  9.94650E-01  9.98140E-01  9.99800E-01
  9.90440E-01  9.94830E-01  9.97430E-01  9.99090E-01  9.99900E-01


   10.  20.18   74. 183.85  1.00E+00  8.50E+01  1.00E+00

  8.64480E-01  9.25150E-01  9.47830E-01  9.61850E-01  9.71290E-01

  6.91480E-01  8.11420E-01  8.59780E-01  8.99720E-01  9.57160E-01
  5.30010E-01  6.22120E-01  6.61990E-01  6.86260E-01  7.17970E-01
  4.31280E-01  5.08900E-01  5.44110E-01  5.62670E-01  5.84120E-01
  3.54810E-01  4.23100E-01  4.55310E-01  4.71930E-01  4.89470E-01
  2.96630E-01  3.55430E-01  3.84040E-01  3.98770E-01  4.13580E-01

 -1.19290E-01  2.58010E-01  4.97640E-01  6.22670E-01  7.12750E-01
  2.07950E-02  4.24970E-01  6.83700E-01  7.99000E-01  8.73960E-01
  1.40500E-01  6.05100E-01  8.47890E-01  9.46700E-01  9.92120E-01
 -4.87350E-02  4.34750E-01  7.21790E-01  9.20840E-01  9.91180E-01
 -2.11660E-01  2.11300E-01  5.81440E-01  8.37280E-01  9.83230E-01
  7.67430E-01  8.00150E-01  8.23200E-01  8.43940E-01  8.67690E-01
  8.57400E-01  8.91060E-01  9.14280E-01  9.32280E-01  9.49370E-01
  9.07580E-01  9.47040E-01  9.70450E-01  9.85350E-01  9.94380E-01
  9.33150E-01  9.64950E-01  9.82540E-01  9.94190E-01  9.99340E-01
  9.18580E-01  9.77230E-01  9.89670E-01  9.96610E-01  9.99640E-01
  8.59380E-01  8.77370E-01  8.89180E-01  8.99360E-01  9.12360E-01
  9.22820E-01  9.35660E-01  9.45210E-01  9.53140E-01  9.61970E-01
  9.52710E-01  9.67640E-01  9.77810E-01  9.85140E-01  9.91700E-01
  9.69450E-01  9.82940E-01  9.91760E-01  9.97120E-01  9.99700E-01
  9.82300E-01  9.91490E-01  9.95940E-01  9.98550E-01  9.99840E-01
  9.01720E-01  9.13790E-01  9.21310E-01  9.28440E-01  9.37090E-01
  9.47040E-01  9.54700E-01  9.60750E-01  9.65980E-01  9.71960E-01
  9.68630E-01  9.76810E-01  9.83070E-01  9.88040E-01  9.92620E-01
  9.81130E-01  9.89370E-01  9.94670E-01  9.98150E-01  9.99810E-01
  9.90490E-01  9.94820E-01  9.97540E-01  9.99170E-01  9.99910E-01
  9.29080E-01  9.37500E-01  9.43200E-01  9.47940E-01  9.54170E-01
  9.62280E-01  9.67300E-01  9.71310E-01  9.74840E-01  9.79100E-01
  9.77990E-01  9.83160E-01  9.87500E-01  9.90780E-01  9.93820E-01
  9.87020E-01  9.92740E-01  9.96380E-01  9.98670E-01  9.99850E-01
  9.93690E-01  9.96560E-01  9.98300E-01  9.99400E-01  9.99940E-01


   10.  20.18   74. 183.85  2.00E+00  0.00E+00  7.18E-01

  6.58000E-01  9.19230E-01  1.03970E+00  1.14760E+00  1.27010E+00

  5.25600E-01  7.07560E-01  8.20660E-01  8.99650E-01  9.68030E-01
  4.47650E-01  6.45720E-01  7.73230E-01  8.71030E-01  9.59120E-01
  4.43400E-01  6.55930E-01  7.81520E-01  8.75290E-01  9.60440E-01
  4.54980E-01  6.54810E-01  7.81520E-01  8.83020E-01  9.66280E-01
  3.38420E-01  5.20570E-01  6.51930E-01  7.65540E-01  8.82260E-01

 -9.46430E-01 -5.89380E-01  4.75590E-03  5.85990E-01  9.52030E-01
 -9.50080E-01 -5.99350E-01  2.19680E-02  6.31020E-01  9.56830E-01
 -9.52910E-01 -6.21230E-01 -3.29330E-02  5.65850E-01  9.47570E-01
 -9.48030E-01 -5.88120E-01  8.44850E-03  6.02490E-01  9.50130E-01
 -9.52090E-01 -5.95890E-01 -5.91440E-03  5.74440E-01  9.54410E-01
 -9.55780E-01 -5.98390E-01 -2.35220E-02  5.81010E-01  9.46850E-01
 -9.51600E-01 -5.90330E-01 -9.37210E-03  5.93800E-01  9.49690E-01
 -9.53560E-01 -5.95060E-01  1.20760E-02  5.89460E-01  9.55120E-01
 -9.54730E-01 -5.99290E-01  9.48620E-04  5.87710E-01  9.45370E-01
 -9.48600E-01 -5.75820E-01 -8.05320E-03  5.68690E-01  9.44490E-01
 -9.48810E-01 -5.77940E-01  2.83960E-03  5.98480E-01  9.55520E-01
 -9.52810E-01 -6.05760E-01 -2.68340E-02  5.62150E-01  9.52660E-01
 -9.44980E-01 -5.80590E-01 -2.08780E-02  5.74020E-01  9.45180E-01
 -9.52230E-01 -5.81350E-01  9.98220E-03  6.09440E-01  9.58010E-01
 -9.52580E-01 -5.94460E-01 -7.39750E-03  5.79320E-01  9.57020E-01
 -9.50480E-01 -5.76450E-01  1.16350E-03  6.03830E-01  9.46270E-01
 -9.43110E-01 -5.80870E-01  5.80390E-03  5.74530E-01  9.48780E-01
 -9.47790E-01 -5.89810E-01  2.35320E-02  6.14420E-01  9.49920E-01
 -9.52920E-01 -5.88050E-01 -2.63270E-02  5.85870E-01  9.54430E-01
 -9.49680E-01 -5.59360E-01  4.37000E-02  6.04400E-01  9.57890E-01
 -9.48420E-01 -5.69420E-01  1.01680E-03  5.77590E-01  9.50610E-01
 -9.55310E-01 -6.08340E-01  2.27640E-03  5.80020E-01  9.50910E-01
 -9.47680E-01 -5.63270E-01  4.99320E-03  5.97590E-01  9.55870E-01
 -9.45850E-01 -5.89700E-01 -2.65410E-03  6.04050E-01  9.49910E-01
 -9.47870E-01 -5.58000E-01  2.06870E-02  5.97670E-01  9.51040E-01


   10.  20.18   74. 183.85  2.00E+00  3.00E+01  7.95E-01

  7.13890E-01  1.00100E+00  1.14870E+00  1.27780E+00  1.50410E+00

  5.17030E-01  6.98020E-01  8.08200E-01  8.94340E-01  9.67370E-01
  4.20390E-01  6.20810E-01  7.51970E-01  8.58250E-01  9.54120E-01
  4.30570E-01  6.27510E-01  7.55100E-01  8.59350E-01  9.54450E-01
  4.19500E-01  6.17220E-01  7.47330E-01  8.54950E-01  9.50150E-01
  3.04510E-01  4.74740E-01  6.07450E-01  7.34290E-01  8.88120E-01

 -9.48940E-01 -5.92370E-01 -2.15350E-02  5.73620E-01  9.43950E-01
 -9.51420E-01 -5.87830E-01 -1.17770E-02  5.70640E-01  9.51980E-01
 -9.47380E-01 -5.93000E-01 -2.48920E-02  5.74910E-01  9.52650E-01
 -9.45480E-01 -5.67860E-01  3.27730E-02  5.95260E-01  9.50030E-01
 -9.46260E-01 -5.75830E-01  4.37400E-03  5.87630E-01  9.51470E-01
 -9.82750E-01 -8.40400E-01 -5.26850E-01 -3.94790E-02  7.58210E-01
 -9.77380E-01 -7.86210E-01 -4.04870E-01  2.03130E-01  8.64160E-01
 -9.69760E-01 -7.51240E-01 -3.11050E-01  3.12920E-01  8.94960E-01
 -9.68220E-01 -7.31930E-01 -2.67790E-01  3.46390E-01  9.12080E-01
 -9.57540E-01 -6.56640E-01 -1.48180E-01  4.84660E-01  9.36310E-01
 -9.84920E-01 -8.56400E-01 -5.32550E-01  5.90990E-02  8.26410E-01
 -9.82820E-01 -8.49220E-01 -5.01420E-01  1.41400E-01  8.70310E-01
 -9.81140E-01 -8.24570E-01 -4.56230E-01  2.03360E-01  8.70390E-01
 -9.80910E-01 -8.23820E-01 -4.54770E-01  2.30400E-01  8.95860E-01
 -9.76440E-01 -7.76140E-01 -3.22340E-01  3.32370E-01  9.16270E-01
 -8.54990E-01 -5.19970E-01 -1.42090E-01  4.08110E-01  8.99610E-01
 -7.93620E-01 -4.15210E-01 -1.59720E-02  4.85420E-01  9.15010E-01
 -7.52570E-01 -2.83090E-01  1.47770E-01  5.98200E-01  9.49930E-01
 -7.69410E-01 -2.36000E-01  2.14250E-01  6.54890E-01  9.50810E-01
 -8.78760E-01 -3.21830E-01  2.28600E-01  6.91140E-01  9.62620E-01
  2.53840E-02  4.74230E-01  7.01740E-01  8.71800E-01  9.80380E-01
  6.07010E-02  4.88180E-01  7.37510E-01  9.02930E-01  9.89410E-01
  2.58440E-02  4.92230E-01  7.42260E-01  9.09390E-01  9.90190E-01
 -1.19250E-03  4.69360E-01  7.49900E-01  9.10620E-01  9.90640E-01
 -2.42540E-01  3.53250E-01  6.89850E-01  8.93350E-01  9.88310E-01


   10.  20.18   74. 183.85  2.00E+00  4.50E+01  8.53E-01

  8.15740E-01  1.12640E+00  1.29050E+00  1.46710E+00  1.71980E+00

  4.90620E-01  6.77280E-01  7.95180E-01  8.85590E-01  9.63400E-01
  4.00240E-01  5.98180E-01  7.26390E-01  8.36100E-01  9.43630E-01
  4.47650E-01  6.42000E-01  7.69700E-01  8.69770E-01  9.58340E-01
  4.30590E-01  6.20090E-01  7.49230E-01  8.60310E-01  9.56510E-01
  3.20300E-01  4.53960E-01  5.56670E-01  6.55100E-01  7.75930E-01

 -9.59080E-01 -6.64150E-01 -2.03460E-01  3.12370E-01  8.59590E-01
 -9.61380E-01 -6.54460E-01 -1.41350E-01  4.26920E-01  9.26580E-01
 -9.61620E-01 -6.59340E-01 -1.20160E-01  4.46300E-01  9.23690E-01
 -9.59340E-01 -6.28740E-01 -1.03350E-01  5.02380E-01  9.25760E-01
 -9.58990E-01 -6.15830E-01 -6.95880E-02  5.32210E-01  9.42020E-01
 -9.91290E-01 -9.17130E-01 -7.34090E-01 -3.04130E-01  5.59730E-01
 -9.88540E-01 -8.92620E-01 -6.65360E-01 -1.56030E-01  7.44520E-01
 -9.85470E-01 -8.79700E-01 -6.10870E-01 -2.86580E-02  8.08050E-01
 -9.82440E-01 -8.33690E-01 -5.27760E-01  8.94570E-02  8.54670E-01
 -9.76530E-01 -7.82690E-01 -3.45460E-01  3.20120E-01  9.02770E-01
 -8.40350E-01 -5.41170E-01 -2.51180E-01  2.04390E-01  8.23730E-01
 -8.70920E-01 -5.20540E-01 -1.71910E-01  2.97880E-01  8.75180E-01
 -9.10860E-01 -5.01400E-01 -1.13590E-01  3.47310E-01  8.80700E-01
 -9.27530E-01 -5.05360E-01 -4.68010E-02  4.62300E-01  9.22040E-01
 -9.32550E-01 -5.37960E-01 -1.58340E-02  5.30950E-01  9.37260E-01
 -3.18490E-01  1.35460E-01  4.46670E-01  7.21380E-01  9.50870E-01
 -3.00690E-01  1.94520E-01  5.51630E-01  8.03800E-01  9.71080E-01
 -3.33290E-01  1.99310E-01  5.79680E-01  8.39340E-01  9.82370E-01
 -4.54810E-01  1.03220E-01  5.32770E-01  8.22840E-01  9.78830E-01
 -7.30030E-01 -1.27800E-01  3.56470E-01  7.63100E-01  9.73990E-01
  5.08450E-01  7.30240E-01  8.43730E-01  9.12020E-01  9.68280E-01
  5.30780E-01  7.70870E-01  8.90590E-01  9.60820E-01  9.95980E-01
  5.31730E-01  7.68880E-01  8.91640E-01  9.63480E-01  9.95600E-01
  5.62810E-01  8.01400E-01  9.10890E-01  9.70760E-01  9.96880E-01
  5.27390E-01  7.86690E-01  9.07270E-01  9.68730E-01  9.96720E-01


   10.  20.18   74. 183.85  2.00E+00  6.00E+01  9.29E-01

  1.03440E+00  1.35360E+00  1.58550E+00  1.75050E+00  1.85020E+00

  4.45510E-01  6.29010E-01  7.50920E-01  8.51430E-01  9.48500E-01
  4.72580E-01  6.49370E-01  7.68430E-01  8.66050E-01  9.54950E-01
  5.01710E-01  6.91280E-01  8.02900E-01  8.92600E-01  9.63150E-01
  4.38830E-01  5.57440E-01  6.52410E-01  7.42860E-01  8.26780E-01
  2.14130E-01  3.09960E-01  4.02320E-01  4.95370E-01  5.86980E-01

 -9.79150E-01 -8.22580E-01 -5.28140E-01 -5.64360E-02  6.67820E-01
 -9.75490E-01 -7.93240E-01 -4.64890E-01  7.34920E-02  7.72430E-01
 -9.74780E-01 -7.80450E-01 -4.19790E-01  1.46150E-01  8.34000E-01
 -9.75310E-01 -7.73520E-01 -3.55380E-01  2.52940E-01  8.91580E-01
 -9.68630E-01 -7.19960E-01 -2.24970E-01  4.05150E-01  9.25800E-01
 -8.23770E-01 -5.09070E-01 -1.81840E-01  2.09540E-01  7.91660E-01
 -9.06350E-01 -5.76000E-01 -1.91060E-01  2.35070E-01  8.13680E-01
 -9.34370E-01 -6.56840E-01 -2.35300E-01  2.57780E-01  8.43730E-01
 -9.58350E-01 -7.05340E-01 -2.37400E-01  3.32690E-01  8.83180E-01
 -9.70040E-01 -7.31070E-01 -2.48210E-01  3.43650E-01  8.97610E-01
 -1.64900E-01  1.90630E-01  4.46300E-01  6.70040E-01  8.81460E-01
 -1.25910E-01  2.62070E-01  5.58900E-01  8.04750E-01  9.64530E-01
 -1.83770E-01  2.25320E-01  5.35330E-01  7.59780E-01  9.52860E-01
 -2.58940E-01  2.18920E-01  5.55480E-01  8.17660E-01  9.78160E-01
 -5.03320E-01  5.34060E-02  4.74860E-01  7.88030E-01  9.74900E-01
  4.19950E-01  6.94540E-01  7.86270E-01  8.49640E-01  9.27590E-01
  5.35170E-01  8.14150E-01  9.30770E-01  9.73150E-01  9.96350E-01
  5.43180E-01  7.08260E-01  8.40990E-01  9.45810E-01  9.94800E-01
  6.41730E-01  8.16050E-01  9.02460E-01  9.61430E-01  9.95120E-01
  6.42940E-01  8.57200E-01  9.37210E-01  9.79090E-01  9.97990E-01
  8.14870E-01  9.22770E-01  9.53460E-01  9.73780E-01  9.89290E-01
  8.11070E-01  9.33700E-01  9.74550E-01  9.91530E-01  9.99140E-01
  8.04960E-01  8.95910E-01  9.45380E-01  9.81850E-01  9.98000E-01
  8.43000E-01  9.23960E-01  9.64810E-01  9.87740E-01  9.98880E-01
  8.77230E-01  9.49980E-01  9.78080E-01  9.92720E-01  9.99160E-01


   10.  20.18   74. 183.85  2.00E+00  7.00E+01  9.74E-01

  1.27590E+00  1.62150E+00  1.77260E+00  1.85450E+00  1.92350E+00

  4.54020E-01  6.33500E-01  7.53050E-01  8.53390E-01  9.49490E-01
  5.47860E-01  7.32890E-01  8.33180E-01  9.06390E-01  9.66860E-01
  4.83720E-01  6.11500E-01  6.77040E-01  7.67000E-01  8.49710E-01
  3.39350E-01  4.25670E-01  4.84820E-01  5.87680E-01  6.70180E-01
  1.27230E-01  1.80590E-01  2.28200E-01  3.05560E-01  4.25530E-01

 -9.64380E-01 -7.95090E-01 -5.16700E-01 -6.38240E-02  6.80130E-01
 -9.77430E-01 -8.01450E-01 -4.85670E-01  5.45760E-02  7.87740E-01
 -9.79830E-01 -8.23880E-01 -4.83580E-01  7.59540E-02  8.12710E-01
 -9.80740E-01 -8.09360E-01 -4.10350E-01  1.91280E-01  8.45440E-01
 -9.76150E-01 -7.60050E-01 -3.30920E-01  3.22220E-01  9.13610E-01
 -1.78590E-01  1.51750E-01  3.78180E-01  6.05450E-01  8.80070E-01
 -1.86700E-01  1.78940E-01  4.50840E-01  6.53370E-01  9.05690E-01
 -2.15110E-01  1.96090E-01  4.94480E-01  7.37290E-01  9.29560E-01
 -2.90110E-01  1.57550E-01  4.87490E-01  7.84600E-01  9.72960E-01
 -4.40880E-01  8.32180E-02  4.53360E-01  7.69260E-01  9.74270E-01
  4.10860E-01  6.82090E-01  7.53450E-01  8.03120E-01  9.07870E-01
  5.48590E-01  8.41260E-01  9.05140E-01  9.45960E-01  9.78350E-01
  5.82760E-01  8.30010E-01  9.45170E-01  9.82810E-01  9.98060E-01
  6.35580E-01  7.71530E-01  8.67700E-01  9.52220E-01  9.94820E-01
  6.90170E-01  8.67950E-01  9.40460E-01  9.78240E-01  9.97570E-01
  7.53550E-01  8.62340E-01  8.90610E-01  9.14910E-01  9.45920E-01
  8.39670E-01  9.46620E-01  9.72080E-01  9.88160E-01  9.97880E-01
  7.83110E-01  9.30850E-01  9.80170E-01  9.93600E-01  9.99350E-01
  8.03580E-01  8.79800E-01  9.30730E-01  9.73510E-01  9.97190E-01
  8.92410E-01  9.49090E-01  9.76700E-01  9.91910E-01  9.99110E-01
  9.41950E-01  9.62310E-01  9.73820E-01  9.81890E-01  9.89180E-01
  9.55080E-01  9.78880E-01  9.90540E-01  9.96750E-01  9.99640E-01
  9.45640E-01  9.83010E-01  9.92470E-01  9.97410E-01  9.99720E-01
  9.32020E-01  9.63130E-01  9.80780E-01  9.93880E-01  9.99440E-01
  9.40210E-01  9.71430E-01  9.87730E-01  9.96450E-01  9.99640E-01


   10.  20.18   74. 183.85  2.00E+00  8.00E+01  9.98E-01

  1.65200E+00  1.81200E+00  1.88920E+00  1.93310E+00  1.96280E+00

  5.80780E-01  7.47030E-01  8.35030E-01  9.06150E-01  9.67180E-01
  5.22050E-01  6.41240E-01  6.93360E-01  7.50770E-01  8.50730E-01
  3.68480E-01  4.55730E-01  4.92790E-01  5.30540E-01  6.44740E-01
  2.48210E-01  3.11580E-01  3.38210E-01  3.61700E-01  4.22480E-01
  1.42350E-01  1.83310E-01  2.01460E-01  2.18640E-01  2.40250E-01

 -4.00880E-01 -1.46880E-01  1.22760E-01  3.85950E-01  7.41650E-01
 -3.52010E-01 -5.11800E-02  2.38670E-01  4.90010E-01  7.75420E-01
 -3.00690E-01  6.68800E-03  3.02370E-01  5.69800E-01  7.86690E-01
 -3.11430E-01  2.11870E-02  3.50950E-01  6.43920E-01  8.68710E-01
 -3.45940E-01  2.27350E-02  3.95660E-01  7.54400E-01  9.72830E-01
  5.44330E-01  7.31380E-01  7.76700E-01  8.13640E-01  8.75300E-01
  6.76250E-01  8.61250E-01  9.08980E-01  9.38580E-01  9.67310E-01
  7.22280E-01  9.22720E-01  9.63840E-01  9.87410E-01  9.98660E-01
  6.72650E-01  8.42610E-01  9.27600E-01  9.78650E-01  9.98340E-01
  7.81420E-01  8.85670E-01  9.42450E-01  9.78950E-01  9.97590E-01
  8.43000E-01  8.71450E-01  8.90430E-01  9.05770E-01  9.24770E-01
  9.11410E-01  9.38710E-01  9.56400E-01  9.69430E-01  9.81160E-01
  9.41620E-01  9.70580E-01  9.85870E-01  9.95080E-01  9.99400E-01
  9.31520E-01  9.80590E-01  9.90970E-01  9.97010E-01  9.99680E-01
  8.70100E-01  9.26540E-01  9.66780E-01  9.90590E-01  9.99140E-01
  9.18460E-01  9.31710E-01  9.41310E-01  9.49320E-01  9.58540E-01
  9.54960E-01  9.67190E-01  9.76230E-01  9.82650E-01  9.88550E-01
  9.71500E-01  9.84800E-01  9.92480E-01  9.97350E-01  9.99690E-01
  9.80870E-01  9.89520E-01  9.94730E-01  9.98150E-01  9.99800E-01
  9.38700E-01  9.80050E-01  9.93100E-01  9.97530E-01  9.99730E-01
  9.57620E-01  9.65270E-01  9.70940E-01  9.75510E-01  9.80470E-01
  9.74030E-01  9.82400E-01  9.87590E-01  9.91490E-01  9.94680E-01
  9.82260E-01  9.90810E-01  9.95670E-01  9.98540E-01  9.99840E-01
  9.86410E-01  9.92710E-01  9.96470E-01  9.98790E-01  9.99860E-01
  9.93190E-01  9.96370E-01  9.98260E-01  9.99380E-01  9.99930E-01


   10.  20.18   74. 183.85  2.00E+00  8.50E+01  1.00E+00

  1.78600E+00  1.88910E+00  1.93030E+00  1.95320E+00  1.96790E+00

  6.46510E-01  7.52470E-01  8.00160E-01  8.53990E-01  9.27460E-01
  4.53330E-01  5.31550E-01  5.63190E-01  5.91460E-01  6.36270E-01
  3.43140E-01  4.04030E-01  4.30680E-01  4.48240E-01  4.72190E-01
  2.62230E-01  3.12330E-01  3.35610E-01  3.49110E-01  3.65780E-01
  2.01220E-01  2.42130E-01  2.61880E-01  2.73100E-01  2.86560E-01

  1.30600E-01  5.62790E-01  7.08520E-01  7.74570E-01  8.37420E-01
  4.44990E-01  7.73780E-01  8.90370E-01  9.43310E-01  9.74270E-01
  4.00350E-01  7.61530E-01  9.11910E-01  9.71860E-01  9.96620E-01
  1.63700E-01  6.88620E-01  8.66640E-01  9.55780E-01  9.94960E-01
  5.40200E-02  5.70550E-01  8.03630E-01  9.36430E-01  9.92870E-01
  8.40780E-01  8.70880E-01  8.89540E-01  9.05300E-01  9.22840E-01
  9.06550E-01  9.37930E-01  9.55860E-01  9.68280E-01  9.79080E-01
  9.36500E-01  9.68670E-01  9.85000E-01  9.94360E-01  9.99230E-01
  9.52970E-01  9.75210E-01  9.88400E-01  9.96160E-01  9.99580E-01
  9.07240E-01  9.61660E-01  9.83840E-01  9.94560E-01  9.99510E-01
  9.14960E-01  9.27490E-01  9.35750E-01  9.43460E-01  9.52550E-01
  9.53360E-01  9.63300E-01  9.71040E-01  9.76850E-01  9.82510E-01
  9.71450E-01  9.83150E-01  9.90490E-01  9.95220E-01  9.98380E-01
  9.80490E-01  9.89130E-01  9.94780E-01  9.98230E-01  9.99800E-01
  9.62710E-01  9.89380E-01  9.96480E-01  9.98870E-01  9.99890E-01
  9.44770E-01  9.52780E-01  9.57690E-01  9.62420E-01  9.68130E-01
  9.70150E-01  9.75790E-01  9.80060E-01  9.83750E-01  9.87260E-01
  9.81330E-01  9.88000E-01  9.92630E-01  9.95750E-01  9.97970E-01
  9.87550E-01  9.93180E-01  9.96710E-01  9.98830E-01  9.99870E-01
  9.93760E-01  9.96640E-01  9.98370E-01  9.99440E-01  9.99950E-01
  9.63740E-01  9.68670E-01  9.71890E-01  9.74890E-01  9.78530E-01
  9.80090E-01  9.83660E-01  9.86510E-01  9.88830E-01  9.91240E-01
  9.87880E-01  9.91990E-01  9.94850E-01  9.96890E-01  9.98410E-01
  9.91990E-01  9.95520E-01  9.97870E-01  9.99240E-01  9.99920E-01
  9.96130E-01  9.97880E-01  9.98940E-01  9.99640E-01  9.99960E-01


   10.  20.18   74. 183.85  5.00E+00  0.00E+00  7.88E-01

  1.29270E+00  2.27870E+00  2.75290E+00  3.04990E+00  3.44970E+00

  5.64300E-01  7.31560E-01  8.33570E-01  9.10120E-01  9.72190E-01
  5.34400E-01  7.07910E-01  8.14890E-01  8.98200E-01  9.68660E-01
  4.98140E-01  6.84880E-01  7.98970E-01  8.89860E-01  9.64770E-01
  4.61050E-01  6.49350E-01  7.70740E-01  8.66410E-01  9.51490E-01
  3.40210E-01  4.91230E-01  5.99620E-01  7.02790E-01  8.28860E-01

 -9.47210E-01 -5.93470E-01  8.18020E-03  5.93450E-01  9.49580E-01
 -9.58940E-01 -5.96140E-01 -1.97620E-02  5.81560E-01  9.52270E-01
 -9.46100E-01 -5.75450E-01  8.22530E-03  5.84220E-01  9.57520E-01
 -9.53660E-01 -5.86730E-01 -1.04090E-02  5.73820E-01  9.49250E-01
 -9.51320E-01 -5.70220E-01  7.26730E-04  5.99880E-01  9.53140E-01
 -9.55500E-01 -5.87920E-01 -3.06130E-02  5.83230E-01  9.48580E-01
 -9.48130E-01 -5.84570E-01 -5.72940E-03  5.87080E-01  9.45400E-01
 -9.48320E-01 -5.79470E-01 -9.46640E-03  5.89850E-01  9.51890E-01
 -9.53370E-01 -6.02340E-01  2.95690E-02  5.92280E-01  9.50250E-01
 -9.56200E-01 -6.03780E-01 -2.91590E-02  5.83360E-01  9.51970E-01
 -9.56320E-01 -5.91940E-01 -5.63040E-03  5.86510E-01  9.50460E-01
 -9.48760E-01 -5.73970E-01  6.41780E-03  5.87220E-01  9.50300E-01
 -9.45800E-01 -5.72330E-01  3.17520E-02  5.99960E-01  9.59630E-01
 -9.57450E-01 -5.96780E-01 -2.18370E-02  5.64030E-01  9.45870E-01
 -9.52460E-01 -5.85330E-01  7.24140E-03  5.87500E-01  9.48830E-01
 -9.51460E-01 -5.81840E-01 -9.76380E-03  5.81870E-01  9.50300E-01
 -9.50670E-01 -5.92810E-01 -1.61630E-02  5.72660E-01  9.46340E-01
 -9.52030E-01 -5.69220E-01  3.03370E-02  5.96110E-01  9.54910E-01
 -9.51920E-01 -6.01080E-01 -4.41120E-02  5.62580E-01  9.52890E-01
 -9.48690E-01 -5.66990E-01  5.75720E-03  5.87450E-01  9.56270E-01
 -9.49310E-01 -5.79220E-01  7.45440E-03  5.93750E-01  9.52630E-01
 -9.52030E-01 -5.87160E-01 -4.80240E-03  5.90470E-01  9.57780E-01
 -9.55730E-01 -5.95360E-01 -1.28310E-02  5.81210E-01  9.54330E-01
 -9.56140E-01 -5.87120E-01 -1.91660E-03  5.86440E-01  9.49010E-01
 -9.46700E-01 -5.67320E-01  3.35110E-02  6.03560E-01  9.49280E-01


   10.  20.18   74. 183.85  5.00E+00  3.00E+01  8.55E-01

  1.51450E+00  2.53460E+00  2.98760E+00  3.38690E+00  3.84130E+00

  5.58010E-01  7.26330E-01  8.28490E-01  9.06300E-01  9.72130E-01
  4.99210E-01  6.75790E-01  7.89360E-01  8.80960E-01  9.61070E-01
  4.64760E-01  6.48920E-01  7.70830E-01  8.70700E-01  9.58450E-01
  4.36090E-01  6.17140E-01  7.39430E-01  8.43150E-01  9.43940E-01
  3.08650E-01  4.53170E-01  5.64020E-01  6.71070E-01  8.18370E-01

 -9.45060E-01 -5.41170E-01  2.69610E-02  6.00080E-01  9.52490E-01
 -9.47570E-01 -5.79260E-01  1.94930E-02  5.98710E-01  9.51080E-01
 -9.50060E-01 -5.67500E-01  2.68850E-02  5.91440E-01  9.51720E-01
 -9.42660E-01 -5.83150E-01 -6.94430E-03  5.69980E-01  9.56810E-01
 -9.45270E-01 -5.96490E-01  2.39310E-02  6.09600E-01  9.51230E-01
 -9.75940E-01 -7.87200E-01 -4.28170E-01  9.27250E-02  7.92170E-01
 -9.74120E-01 -7.59850E-01 -3.17640E-01  2.98640E-01  9.02240E-01
 -9.68340E-01 -7.11040E-01 -2.66890E-01  3.67320E-01  9.17300E-01
 -9.65190E-01 -7.01650E-01 -2.05590E-01  3.94150E-01  9.15290E-01
 -9.64760E-01 -6.77890E-01 -1.47090E-01  4.83990E-01  9.41830E-01
 -9.82650E-01 -8.48170E-01 -5.59630E-01 -1.69890E-02  7.66440E-01
 -9.75270E-01 -8.02300E-01 -4.63520E-01  1.28760E-01  8.42110E-01
 -9.70210E-01 -7.77650E-01 -3.91550E-01  2.01040E-01  8.74910E-01
 -9.71900E-01 -7.73260E-01 -3.67260E-01  2.69920E-01  8.82370E-01
 -9.64740E-01 -7.09850E-01 -2.19930E-01  4.05930E-01  9.18920E-01
 -7.60200E-01 -3.72920E-01 -2.23830E-03  4.50390E-01  9.06870E-01
 -6.43900E-01 -1.90810E-01  2.04410E-01  6.30300E-01  9.49790E-01
 -5.63030E-01 -6.26810E-02  3.58440E-01  7.17890E-01  9.64070E-01
 -5.12730E-01  4.72790E-02  4.57650E-01  7.82750E-01  9.75420E-01
 -6.69370E-01 -2.31730E-02  4.71010E-01  8.08310E-01  9.78120E-01
  4.90930E-02  4.49550E-01  6.86470E-01  8.64450E-01  9.81930E-01
  1.16250E-01  5.14800E-01  7.51760E-01  9.09160E-01  9.89210E-01
  1.77680E-01  5.80100E-01  7.94620E-01  9.23340E-01  9.90910E-01
  2.40690E-01  6.20680E-01  8.22420E-01  9.39210E-01  9.93450E-01
  1.59410E-01  6.33960E-01  8.36270E-01  9.44140E-01  9.93860E-01


   10.  20.18   74. 183.85  5.00E+00  4.50E+01  8.97E-01

  1.80620E+00  2.86960E+00  3.34460E+00  3.74950E+00  4.28080E+00

  5.49510E-01  7.19540E-01  8.20230E-01  9.01930E-01  9.69630E-01
  4.45980E-01  6.28090E-01  7.47460E-01  8.51740E-01  9.50470E-01
  4.66830E-01  6.56320E-01  7.81310E-01  8.78790E-01  9.62960E-01
  4.32100E-01  6.03700E-01  7.18110E-01  8.22680E-01  9.31320E-01
  2.85560E-01  4.16290E-01  5.20990E-01  6.33670E-01  7.82830E-01

 -9.54560E-01 -6.32710E-01 -7.20720E-02  5.21940E-01  9.37950E-01
 -9.51400E-01 -5.69340E-01  2.46580E-03  5.82580E-01  9.43110E-01
 -9.56710E-01 -6.24470E-01 -5.97360E-02  5.31090E-01  9.44950E-01
 -9.51700E-01 -5.91630E-01 -4.44810E-02  5.59230E-01  9.50450E-01
 -9.49940E-01 -5.91150E-01 -9.46030E-03  5.75570E-01  9.51940E-01
 -9.91720E-01 -9.20160E-01 -7.50180E-01 -3.77780E-01  5.15790E-01
 -9.88040E-01 -8.93450E-01 -6.77010E-01 -1.90230E-01  7.07920E-01
 -9.84240E-01 -8.55540E-01 -5.78570E-01 -4.20260E-02  8.10190E-01
 -9.78730E-01 -8.29500E-01 -5.14090E-01  8.48600E-02  8.21900E-01
 -9.75910E-01 -7.83770E-01 -3.50840E-01  3.05750E-01  8.91360E-01
 -7.32800E-01 -4.35690E-01 -1.37810E-01  2.62470E-01  8.25470E-01
 -7.42960E-01 -3.94300E-01 -7.22120E-02  3.44600E-01  8.78720E-01
 -7.71030E-01 -3.52720E-01  3.45850E-02  4.67070E-01  9.18800E-01
 -8.12250E-01 -3.63360E-01  8.67440E-02  5.47570E-01  9.26090E-01
 -9.16480E-01 -4.72050E-01  5.48030E-02  5.64090E-01  9.34710E-01
 -2.16840E-01  1.35400E-01  3.95570E-01  6.66740E-01  9.39590E-01
 -1.44700E-01  2.71040E-01  5.45890E-01  7.99940E-01  9.68790E-01
 -8.14620E-02  3.52530E-01  6.27270E-01  8.39180E-01  9.80770E-01
 -1.11810E-01  4.06020E-01  6.94040E-01  8.82100E-01  9.87750E-01
 -4.10170E-01  2.58590E-01  6.56780E-01  8.80070E-01  9.87330E-01
  4.78300E-01  7.05820E-01  8.31520E-01  9.15900E-01  9.86120E-01
  5.18410E-01  7.74710E-01  8.89870E-01  9.61470E-01  9.95840E-01
  5.16760E-01  7.76970E-01  8.96340E-01  9.62410E-01  9.95730E-01
  5.06330E-01  7.67630E-01  8.96480E-01  9.65730E-01  9.96210E-01
  4.87240E-01  7.67600E-01  8.97070E-01  9.63430E-01  9.95840E-01


   10.  20.18   74. 183.85  5.00E+00  6.00E+01  9.56E-01

  2.54730E+00  3.46200E+00  3.93810E+00  4.39080E+00  4.67250E+00

  4.83630E-01  6.57380E-01  7.70890E-01  8.65910E-01  9.55220E-01
  4.84440E-01  6.66380E-01  7.82990E-01  8.77990E-01  9.61960E-01
  4.73340E-01  6.44990E-01  7.65590E-01  8.65700E-01  9.55890E-01
  4.02000E-01  5.36610E-01  6.33490E-01  7.25080E-01  8.33760E-01
  2.14310E-01  3.09970E-01  3.90970E-01  4.64250E-01  5.68270E-01

 -9.70730E-01 -7.64650E-01 -4.14630E-01  2.14790E-02  6.55070E-01
 -9.77240E-01 -7.77260E-01 -4.05910E-01  9.36690E-02  7.81820E-01
 -9.69950E-01 -7.39760E-01 -3.54830E-01  1.89960E-01  8.55720E-01
 -9.66400E-01 -7.21900E-01 -2.87810E-01  3.08310E-01  8.76370E-01
 -9.66020E-01 -6.73490E-01 -1.61620E-01  4.55920E-01  9.26830E-01
 -7.41040E-01 -4.50240E-01 -1.79600E-01  1.95400E-01  7.84170E-01
 -8.08060E-01 -4.85510E-01 -1.59180E-01  2.35470E-01  8.35150E-01
 -8.72240E-01 -5.35950E-01 -2.00340E-01  2.39920E-01  8.32990E-01
 -9.29000E-01 -6.08060E-01 -2.19580E-01  2.79960E-01  8.85750E-01
 -9.51700E-01 -6.68750E-01 -1.87940E-01  3.97140E-01  9.09430E-01
 -1.17340E-01  2.35710E-01  4.79640E-01  7.09190E-01  9.39510E-01
 -8.50630E-02  3.10570E-01  5.62450E-01  7.93870E-01  9.64440E-01
 -1.22610E-01  3.37460E-01  6.24550E-01  8.29650E-01  9.77340E-01
 -2.30110E-01  3.05590E-01  6.43780E-01  8.67060E-01  9.82560E-01
 -5.19570E-01  1.27300E-01  5.40410E-01  8.29490E-01  9.80770E-01
  4.57030E-01  6.59490E-01  7.67610E-01  8.53290E-01  9.56000E-01
  5.20920E-01  7.54160E-01  8.69020E-01  9.49860E-01  9.93600E-01
  5.48010E-01  7.63830E-01  8.87720E-01  9.60170E-01  9.95850E-01
  5.68760E-01  7.98250E-01  9.05740E-01  9.67000E-01  9.96640E-01
  5.87540E-01  8.19430E-01  9.20180E-01  9.72550E-01  9.96880E-01
  8.28270E-01  9.26430E-01  9.61090E-01  9.83400E-01  9.96720E-01
  8.29240E-01  9.18720E-01  9.64770E-01  9.88820E-01  9.98740E-01
  8.40700E-01  9.27630E-01  9.66940E-01  9.88530E-01  9.98690E-01
  8.48310E-01  9.37920E-01  9.73610E-01  9.91020E-01  9.99040E-01
  8.51190E-01  9.39170E-01  9.74000E-01  9.91700E-01  9.99070E-01


   10.  20.18   74. 183.85  5.00E+00  7.00E+01  9.87E-01

  3.30700E+00  4.06890E+00  4.50490E+00  4.69460E+00  4.83030E+00

  4.80620E-01  6.54350E-01  7.70390E-01  8.68890E-01  9.57960E-01
  5.05760E-01  6.89490E-01  8.03380E-01  8.88220E-01  9.60420E-01
  4.42040E-01  5.61560E-01  6.40690E-01  7.20390E-01  8.11940E-01
  3.14850E-01  3.96910E-01  4.79690E-01  5.47090E-01  6.30390E-01
  1.39100E-01  2.07150E-01  2.75250E-01  3.35290E-01  4.06000E-01

 -8.88330E-01 -6.90760E-01 -4.40480E-01 -4.18650E-02  7.11200E-01
 -9.50190E-01 -7.40820E-01 -4.47390E-01  3.32690E-02  7.74350E-01
 -9.69920E-01 -7.77710E-01 -4.50830E-01  5.12930E-02  7.95590E-01
 -9.77080E-01 -7.89880E-01 -4.30880E-01  1.35750E-01  8.18700E-01
 -9.71020E-01 -7.31960E-01 -2.75830E-01  3.23870E-01  8.94160E-01
 -7.14560E-02  2.50090E-01  4.57080E-01  6.92450E-01  9.35990E-01
 -5.82410E-02  2.91050E-01  5.20970E-01  7.38790E-01  9.51510E-01
 -8.49700E-02  3.20850E-01  5.84610E-01  7.90950E-01  9.71060E-01
 -2.14100E-01  2.83810E-01  5.96200E-01  8.31490E-01  9.76260E-01
 -4.22290E-01  1.23450E-01  5.32990E-01  8.09550E-01  9.74620E-01
  5.42770E-01  7.15510E-01  7.88340E-01  8.47830E-01  9.12630E-01
  6.38130E-01  8.28070E-01  9.12980E-01  9.66000E-01  9.92750E-01
  6.57480E-01  8.24200E-01  9.17430E-01  9.69400E-01  9.96450E-01
  7.05080E-01  8.65620E-01  9.35940E-01  9.77330E-01  9.97700E-01
  7.07700E-01  8.81190E-01  9.48640E-01  9.81380E-01  9.98260E-01
  7.88680E-01  9.01050E-01  9.31520E-01  9.54150E-01  9.77310E-01
  8.14810E-01  9.25280E-01  9.74510E-01  9.92230E-01  9.99100E-01
  8.24270E-01  9.00790E-01  9.44990E-01  9.77630E-01  9.97710E-01
  8.70020E-01  9.43880E-01  9.73610E-01  9.91000E-01  9.98910E-01
  8.69060E-01  9.48120E-01  9.79020E-01  9.92900E-01  9.99240E-01
  9.42500E-01  9.72880E-01  9.84870E-01  9.92260E-01  9.97490E-01
  9.31390E-01  9.71430E-01  9.88990E-01  9.96690E-01  9.99670E-01
  9.31050E-01  9.67140E-01  9.83590E-01  9.93860E-01  9.99370E-01
  9.43140E-01  9.75900E-01  9.89320E-01  9.96430E-01  9.99610E-01
  9.46020E-01  9.79080E-01  9.91640E-01  9.97290E-01  9.99680E-01


   10.  20.18   74. 183.85  5.00E+00  8.00E+01  9.99E-01

  4.25760E+00  4.66510E+00  4.80280E+00  4.89150E+00  4.94540E+00

  5.56880E-01  7.15190E-01  8.02430E-01  8.71530E-01  9.34680E-01
  4.40610E-01  5.36120E-01  5.90310E-01  6.60730E-01  7.39620E-01
  3.08260E-01  3.73130E-01  4.16160E-01  4.87600E-01  5.56360E-01
  1.86720E-01  2.27940E-01  2.57380E-01  3.21880E-01  3.81630E-01
  6.52010E-02  8.84180E-02  1.09020E-01  1.38700E-01  1.84240E-01

 -2.43260E-01  5.03230E-02  3.27500E-01  5.52620E-01  8.14720E-01
 -1.75400E-01  1.48100E-01  4.31730E-01  6.59160E-01  8.57980E-01
 -1.45800E-01  2.09820E-01  5.19090E-01  7.48690E-01  9.10780E-01
 -1.28980E-01  2.35770E-01  5.67940E-01  8.20650E-01  9.78360E-01
 -1.52850E-01  2.09410E-01  5.58510E-01  8.22120E-01  9.79970E-01
  7.15860E-01  8.34560E-01  8.71540E-01  8.99610E-01  9.31970E-01
  8.05160E-01  9.24630E-01  9.59380E-01  9.80140E-01  9.93750E-01
  8.12060E-01  9.32700E-01  9.74440E-01  9.91240E-01  9.99160E-01
  8.29280E-01  9.09450E-01  9.56800E-01  9.85280E-01  9.98530E-01
  8.67470E-01  9.44570E-01  9.76010E-01  9.91760E-01  9.99130E-01
  8.92510E-01  9.27690E-01  9.42980E-01  9.55750E-01  9.70200E-01
  9.37420E-01  9.73330E-01  9.86790E-01  9.94350E-01  9.98980E-01
  9.03380E-01  9.73620E-01  9.91190E-01  9.97230E-01  9.99720E-01
  9.10070E-01  9.49410E-01  9.72230E-01  9.91110E-01  9.99080E-01
  9.43460E-01  9.75690E-01  9.89170E-01  9.96350E-01  9.99660E-01
  9.57410E-01  9.68130E-01  9.75080E-01  9.80600E-01  9.86860E-01
  9.78530E-01  9.88960E-01  9.94600E-01  9.97830E-01  9.99710E-01
  9.77500E-01  9.92700E-01  9.96640E-01  9.98860E-01  9.99890E-01
  9.50860E-01  9.72820E-01  9.87470E-01  9.96820E-01  9.99690E-01
  9.73230E-01  9.87990E-01  9.94720E-01  9.98250E-01  9.99790E-01
  9.85610E-01  9.90930E-01  9.93650E-01  9.95490E-01  9.97350E-01
  9.89370E-01  9.95190E-01  9.97820E-01  9.99290E-01  9.99920E-01
  9.90840E-01  9.95480E-01  9.98000E-01  9.99350E-01  9.99930E-01
  9.83900E-01  9.93960E-01  9.97230E-01  9.99040E-01  9.99900E-01
  9.89870E-01  9.95530E-01  9.98040E-01  9.99360E-01  9.99930E-01


   10.  20.18   74. 183.85  5.00E+00  8.50E+01  1.00E+00

  4.63730E+00  4.82770E+00  4.90640E+00  4.94410E+00  4.96810E+00

  5.49550E-01  6.30970E-01  6.89440E-01  7.53340E-01  8.39820E-01
  3.50350E-01  4.05540E-01  4.35050E-01  4.72900E-01  5.59260E-01
  2.34920E-01  2.75170E-01  2.92290E-01  3.12320E-01  3.90120E-01
  1.55250E-01  1.84890E-01  1.97920E-01  2.10760E-01  2.48410E-01
  9.32760E-02  1.13650E-01  1.22710E-01  1.31220E-01  1.42010E-01

  6.67320E-01  8.22080E-01  8.73060E-01  9.07220E-01  9.40810E-01
  7.75600E-01  9.12220E-01  9.64360E-01  9.87750E-01  9.98430E-01
  7.21840E-01  9.00830E-01  9.58060E-01  9.85850E-01  9.98390E-01
  5.82170E-01  8.75880E-01  9.47900E-01  9.82740E-01  9.98370E-01
  1.70970E-01  6.17490E-01  8.49220E-01  9.57760E-01  9.96600E-01
  9.16190E-01  9.37200E-01  9.49750E-01  9.59750E-01  9.70310E-01
  9.54000E-01  9.75750E-01  9.86780E-01  9.93310E-01  9.97840E-01
  9.60840E-01  9.82310E-01  9.92150E-01  9.97340E-01  9.99710E-01
  9.42710E-01  9.79050E-01  9.90540E-01  9.97290E-01  9.99700E-01
  9.41710E-01  9.72290E-01  9.87720E-01  9.96250E-01  9.99600E-01
  9.60670E-01  9.68490E-01  9.73790E-01  9.78140E-01  9.83000E-01
  9.79790E-01  9.87310E-01  9.91870E-01  9.94880E-01  9.97340E-01
  9.86590E-01  9.93060E-01  9.96780E-01  9.98880E-01  9.99880E-01
  9.91940E-01  9.95730E-01  9.97930E-01  9.99260E-01  9.99910E-01
  9.68510E-01  9.83930E-01  9.93500E-01  9.98490E-01  9.99840E-01
  9.77980E-01  9.82190E-01  9.85010E-01  9.87330E-01  9.90010E-01
  9.87810E-01  9.91880E-01  9.94530E-01  9.96360E-01  9.97900E-01
  9.91840E-01  9.95840E-01  9.98040E-01  9.99330E-01  9.99930E-01
  9.94310E-01  9.96830E-01  9.98460E-01  9.99460E-01  9.99940E-01
  9.86920E-01  9.96470E-01  9.98440E-01  9.99460E-01  9.99950E-01
  9.88390E-01  9.90560E-01  9.92110E-01  9.93390E-01  9.94720E-01
  9.92980E-01  9.95380E-01  9.96800E-01  9.97860E-01  9.98700E-01
  9.95230E-01  9.97540E-01  9.98870E-01  9.99620E-01  9.99960E-01
  9.96410E-01  9.98030E-01  9.99080E-01  9.99660E-01  9.99960E-01
  9.98160E-01  9.99020E-01  9.99540E-01  9.99840E-01  9.99980E-01


   10.  20.18   74. 183.85  1.00E+01  0.00E+00  7.71E-01

  2.32790E+00  4.61940E+00  5.68570E+00  6.25100E+00  7.04820E+00

  5.80980E-01  7.42150E-01  8.40780E-01  9.15260E-01  9.74890E-01
  5.53920E-01  7.18230E-01  8.21510E-01  9.02260E-01  9.70050E-01
  5.36450E-01  7.13290E-01  8.20100E-01  9.01330E-01  9.70140E-01
  4.79520E-01  6.56430E-01  7.73070E-01  8.63220E-01  9.46750E-01
  3.34700E-01  4.72590E-01  5.74610E-01  6.73250E-01  8.10550E-01

 -9.44650E-01 -5.97120E-01 -1.98690E-02  5.69540E-01  9.51860E-01
 -9.47220E-01 -6.00550E-01 -1.21700E-02  5.78130E-01  9.48990E-01
 -9.49650E-01 -6.05750E-01 -3.60120E-02  5.51820E-01  9.54770E-01
 -9.48290E-01 -5.90410E-01  1.79710E-02  6.23600E-01  9.51830E-01
 -9.52920E-01 -6.04910E-01  4.29560E-03  5.71870E-01  9.48020E-01
 -9.50260E-01 -5.69480E-01  1.12790E-02  6.13190E-01  9.52260E-01
 -9.51180E-01 -5.76390E-01  5.69770E-03  5.87970E-01  9.51820E-01
 -9.50490E-01 -5.63160E-01  1.18020E-02  5.76990E-01  9.49100E-01
 -9.59190E-01 -5.98490E-01 -1.01350E-02  5.84850E-01  9.50770E-01
 -9.44960E-01 -5.74770E-01  4.25420E-03  5.82620E-01  9.53330E-01
 -9.52870E-01 -6.11960E-01 -3.75260E-02  5.73610E-01  9.49930E-01
 -9.57140E-01 -5.90960E-01  1.34010E-02  5.79780E-01  9.51440E-01
 -9.50300E-01 -5.79580E-01  1.10430E-02  6.03860E-01  9.47620E-01
 -9.54010E-01 -6.07800E-01 -3.33850E-02  5.73960E-01  9.50240E-01
 -9.58140E-01 -6.10350E-01  5.24920E-03  6.03070E-01  9.54540E-01
 -9.44540E-01 -5.74690E-01 -4.77110E-04  5.69430E-01  9.46150E-01
 -9.51160E-01 -5.74980E-01  1.07770E-02  6.07220E-01  9.53830E-01
 -9.46070E-01 -5.71100E-01  2.18360E-02  6.16360E-01  9.55120E-01
 -9.53090E-01 -5.70540E-01 -1.17890E-02  5.66260E-01  9.49820E-01
 -9.46220E-01 -5.91530E-01 -1.13350E-02  5.59860E-01  9.48860E-01
 -9.54160E-01 -5.91930E-01  1.67550E-02  5.92750E-01  9.49320E-01
 -9.45350E-01 -5.66860E-01  3.11790E-02  6.10760E-01  9.55130E-01
 -9.51090E-01 -6.16010E-01 -2.20600E-02  5.93370E-01  9.47610E-01
 -9.44210E-01 -5.76250E-01  3.98480E-03  5.94440E-01  9.47700E-01
 -9.48790E-01 -5.88710E-01  1.03620E-02  5.89040E-01  9.49880E-01


   10.  20.18   74. 183.85  1.00E+01  3.00E+01  8.34E-01

  2.85790E+00  5.20150E+00  6.12920E+00  6.94910E+00  7.91990E+00

  5.73220E-01  7.36780E-01  8.35850E-01  9.11620E-01  9.73670E-01
  5.27180E-01  6.94090E-01  8.01840E-01  8.90430E-01  9.65380E-01
  4.86030E-01  6.62960E-01  7.79940E-01  8.75710E-01  9.60480E-01
  4.36460E-01  6.06880E-01  7.23800E-01  8.24890E-01  9.30370E-01
  2.95540E-01  4.26980E-01  5.26140E-01  6.26120E-01  7.59750E-01

 -9.46840E-01 -5.54330E-01  4.82350E-02  6.14380E-01  9.54130E-01
 -9.50380E-01 -5.56040E-01  4.19410E-02  6.14800E-01  9.56990E-01
 -9.43770E-01 -5.59330E-01  3.08460E-02  6.16850E-01  9.58190E-01
 -9.48310E-01 -5.61410E-01  2.71990E-02  6.17650E-01  9.50220E-01
 -9.42140E-01 -5.37010E-01  5.18720E-02  6.00540E-01  9.50890E-01
 -9.76000E-01 -7.73450E-01 -3.91960E-01  1.65560E-01  8.41270E-01
 -9.72800E-01 -7.51730E-01 -3.06760E-01  2.74540E-01  8.88760E-01
 -9.70450E-01 -7.23340E-01 -2.53650E-01  3.52680E-01  9.03690E-01
 -9.62900E-01 -6.98710E-01 -1.96110E-01  4.28310E-01  9.18180E-01
 -9.53570E-01 -6.49340E-01 -1.11860E-01  5.08380E-01  9.33570E-01
 -9.78150E-01 -8.47570E-01 -5.72290E-01 -2.94040E-02  7.80610E-01
 -9.67500E-01 -7.86280E-01 -4.50840E-01  1.49520E-01  8.54030E-01
 -9.47520E-01 -7.36030E-01 -3.74370E-01  2.32040E-01  8.92050E-01
 -9.45600E-01 -7.03380E-01 -3.08350E-01  3.05160E-01  8.98410E-01
 -9.50790E-01 -6.70550E-01 -1.97930E-01  4.52040E-01  9.21430E-01
 -6.70040E-01 -2.88720E-01  5.37290E-02  4.68930E-01  9.08500E-01
 -5.23050E-01 -6.06050E-02  2.98560E-01  6.56470E-01  9.53690E-01
 -4.08200E-01  8.22780E-02  4.47650E-01  7.62300E-01  9.68620E-01
 -3.49900E-01  1.94400E-01  5.55530E-01  8.20500E-01  9.79160E-01
 -5.15140E-01  1.48630E-01  5.63920E-01  8.42980E-01  9.82140E-01
  1.70450E-01  5.34030E-01  7.35310E-01  8.79330E-01  9.82230E-01
  2.67310E-01  6.11820E-01  8.04050E-01  9.26760E-01  9.92330E-01
  3.00310E-01  6.66710E-01  8.39700E-01  9.43470E-01  9.93970E-01
  3.52930E-01  6.95750E-01  8.63030E-01  9.54100E-01  9.94740E-01
  3.81380E-01  7.18790E-01  8.70220E-01  9.56040E-01  9.95590E-01


   10.  20.18   74. 183.85  1.00E+01  4.50E+01  8.86E-01

  3.56810E+00  5.87560E+00  6.83990E+00  7.68610E+00  8.52390E+00

  5.65000E-01  7.28150E-01  8.27660E-01  9.06500E-01  9.71700E-01
  4.69210E-01  6.42850E-01  7.61650E-01  8.60850E-01  9.52720E-01
  4.75050E-01  6.61810E-01  7.83810E-01  8.81360E-01  9.62250E-01
  4.22640E-01  5.80430E-01  6.90820E-01  7.90300E-01  9.01730E-01
  2.73970E-01  3.95850E-01  4.90590E-01  5.90230E-01  7.33200E-01

 -9.57150E-01 -6.20140E-01 -4.97670E-02  5.46600E-01  9.42830E-01
 -9.51640E-01 -5.90170E-01 -2.70000E-02  5.65630E-01  9.44280E-01
 -9.46940E-01 -5.43230E-01  5.06830E-02  5.88710E-01  9.51090E-01
 -9.52830E-01 -5.84030E-01  8.13240E-03  5.89620E-01  9.52190E-01
 -9.53980E-01 -5.72500E-01  2.68120E-02  5.94690E-01  9.54730E-01
 -9.91240E-01 -9.23100E-01 -7.63170E-01 -4.11870E-01  5.21190E-01
 -9.89800E-01 -9.02330E-01 -6.80940E-01 -2.20250E-01  6.77840E-01
 -9.86070E-01 -8.50920E-01 -5.73980E-01 -3.13410E-02  7.98420E-01
 -9.80470E-01 -8.23260E-01 -4.72040E-01  1.19390E-01  8.58560E-01
 -9.69620E-01 -7.51380E-01 -3.02260E-01  3.35470E-01  9.16040E-01
 -6.57250E-01 -3.71510E-01 -1.20060E-01  2.61210E-01  7.98630E-01
 -6.48430E-01 -2.92510E-01  2.10640E-02  4.19590E-01  9.08310E-01
 -6.45430E-01 -2.34860E-01  1.04620E-01  5.10480E-01  9.24920E-01
 -6.94850E-01 -2.19830E-01  1.82580E-01  5.85700E-01  9.36570E-01
 -8.41470E-01 -3.32840E-01  1.67700E-01  6.28980E-01  9.57510E-01
 -1.09230E-01  2.11870E-01  4.46920E-01  6.80660E-01  9.36990E-01
 -1.14250E-02  3.64130E-01  6.05890E-01  8.15300E-01  9.74310E-01
  6.04940E-02  4.63640E-01  7.01220E-01  8.79060E-01  9.84410E-01
  1.19060E-01  5.35090E-01  7.76360E-01  9.15930E-01  9.89440E-01
 -8.86030E-02  4.88350E-01  7.65870E-01  9.18030E-01  9.91300E-01
  4.97390E-01  7.26350E-01  8.43700E-01  9.32850E-01  9.90460E-01
  5.37390E-01  7.79140E-01  8.92360E-01  9.57110E-01  9.94750E-01
  5.55530E-01  7.94500E-01  9.11030E-01  9.70070E-01  9.96230E-01
  5.46950E-01  7.93830E-01  9.11240E-01  9.69860E-01  9.96750E-01
  5.79320E-01  8.15080E-01  9.21150E-01  9.74690E-01  9.97360E-01


   10.  20.18   74. 183.85  1.00E+01  6.00E+01  9.51E-01

  5.10370E+00  7.02010E+00  7.96130E+00  8.67750E+00  9.37190E+00

  4.98200E-01  6.67390E-01  7.76540E-01  8.68590E-01  9.55890E-01
  4.86290E-01  6.68430E-01  7.87150E-01  8.83200E-01  9.62390E-01
  4.60700E-01  6.32580E-01  7.43810E-01  8.39730E-01  9.39630E-01
  3.75750E-01  5.11590E-01  6.08520E-01  7.07440E-01  8.29560E-01
  2.08460E-01  3.01040E-01  3.79440E-01  4.60270E-01  5.72280E-01

 -9.72350E-01 -7.74840E-01 -4.49010E-01 -1.04150E-04  6.50360E-01
 -9.73520E-01 -7.69020E-01 -4.06350E-01  1.03540E-01  7.90480E-01
 -9.73010E-01 -7.47300E-01 -3.40160E-01  1.96500E-01  8.45440E-01
 -9.72220E-01 -7.51550E-01 -3.12360E-01  2.77850E-01  8.98740E-01
 -9.67940E-01 -6.90950E-01 -1.62310E-01  4.35770E-01  9.30340E-01
 -6.62920E-01 -3.91020E-01 -1.53840E-01  1.69250E-01  7.58500E-01
 -7.20950E-01 -4.06780E-01 -1.27200E-01  2.52900E-01  8.20750E-01
 -7.60980E-01 -3.98570E-01 -7.08070E-02  3.11640E-01  8.68510E-01
 -8.57570E-01 -4.75760E-01 -9.04750E-02  3.63220E-01  8.70780E-01
 -9.36030E-01 -5.77660E-01 -8.99640E-02  4.46400E-01  9.17320E-01
 -5.79440E-02  2.38680E-01  4.38840E-01  6.61540E-01  9.29540E-01
  8.87680E-03  3.46830E-01  5.66820E-01  7.73350E-01  9.61900E-01
  4.39860E-02  4.36980E-01  6.58010E-01  8.45130E-01  9.79220E-01
  3.09530E-02  4.75320E-01  7.29190E-01  8.90570E-01  9.86950E-01
 -2.87050E-01  3.26420E-01  6.87640E-01  8.85340E-01  9.85930E-01
  4.23170E-01  6.40350E-01  7.60320E-01  8.73100E-01  9.72980E-01
  4.87650E-01  7.33240E-01  8.52130E-01  9.38430E-01  9.91370E-01
  5.12390E-01  7.64220E-01  8.90880E-01  9.62380E-01  9.95560E-01
  5.43840E-01  7.81480E-01  9.01130E-01  9.65380E-01  9.96280E-01
  5.62480E-01  8.07150E-01  9.12780E-01  9.71160E-01  9.96950E-01
  8.40500E-01  9.23610E-01  9.59500E-01  9.83210E-01  9.97850E-01
  8.40870E-01  9.30430E-01  9.69860E-01  9.89880E-01  9.98880E-01
  8.35370E-01  9.31240E-01  9.69000E-01  9.88850E-01  9.98690E-01
  8.30480E-01  9.29730E-01  9.68570E-01  9.89720E-01  9.98880E-01
  8.48840E-01  9.36580E-01  9.72430E-01  9.90900E-01  9.98990E-01


   10.  20.18   74. 183.85  1.00E+01  7.00E+01  9.87E-01

  6.72660E+00  8.20330E+00  8.96910E+00  9.43710E+00  9.69340E+00

  4.85690E-01  6.61480E-01  7.76400E-01  8.73470E-01  9.59760E-01
  4.96580E-01  6.71640E-01  7.87470E-01  8.76170E-01  9.55870E-01
  4.08260E-01  5.43820E-01  6.31750E-01  7.13950E-01  8.14110E-01
  2.95170E-01  3.80170E-01  4.53000E-01  5.21110E-01  6.15500E-01
  1.42390E-01  2.13250E-01  2.67660E-01  3.20230E-01  3.97710E-01

 -8.24830E-01 -6.21070E-01 -4.00530E-01 -4.81300E-02  7.22000E-01
 -8.84200E-01 -6.58890E-01 -3.88090E-01  5.25770E-02  7.99300E-01
 -9.35980E-01 -6.90750E-01 -3.64850E-01  1.41680E-01  8.16410E-01
 -9.67660E-01 -7.40430E-01 -3.60800E-01  2.05630E-01  8.46800E-01
 -9.61820E-01 -7.08270E-01 -2.47050E-01  3.55110E-01  8.96780E-01
 -2.76780E-03  2.79340E-01  4.54930E-01  6.65050E-01  9.22540E-01
  1.80460E-02  3.53570E-01  5.47600E-01  7.38940E-01  9.51940E-01
  1.85600E-02  3.97740E-01  6.27520E-01  8.10670E-01  9.66630E-01
 -4.43380E-02  4.04750E-01  6.81260E-01  8.68220E-01  9.82060E-01
 -3.27330E-01  2.56380E-01  6.26790E-01  8.63660E-01  9.81520E-01
  5.24990E-01  6.94000E-01  7.85660E-01  8.71580E-01  9.60330E-01
  5.92410E-01  7.84050E-01  8.72670E-01  9.39570E-01  9.89910E-01
  6.42160E-01  8.30070E-01  9.21080E-01  9.69430E-01  9.96900E-01
  6.56400E-01  8.46870E-01  9.31650E-01  9.77040E-01  9.97130E-01
  6.83860E-01  8.67380E-01  9.38300E-01  9.79850E-01  9.98070E-01
  8.19150E-01  9.04390E-01  9.40850E-01  9.64240E-01  9.84960E-01
  8.39110E-01  9.23390E-01  9.65480E-01  9.87710E-01  9.98670E-01
  8.50540E-01  9.32090E-01  9.66650E-01  9.87850E-01  9.98780E-01
  8.58920E-01  9.42270E-01  9.73520E-01  9.91110E-01  9.99070E-01
  8.76870E-01  9.46620E-01  9.77350E-01  9.92420E-01  9.99190E-01
  9.42340E-01  9.74970E-01  9.87640E-01  9.94880E-01  9.99330E-01
  9.33920E-01  9.69600E-01  9.85560E-01  9.95120E-01  9.99490E-01
  9.40220E-01  9.74450E-01  9.88740E-01  9.96370E-01  9.99630E-01
  9.43290E-01  9.76100E-01  9.89720E-01  9.96580E-01  9.99650E-01
  9.44740E-01  9.77250E-01  9.90300E-01  9.96720E-01  9.99650E-01


   10.  20.18   74. 183.85  1.00E+01  8.00E+01  1.00E+00

  8.66900E+00  9.46150E+00  9.68870E+00  9.81940E+00  9.90580E+00

  5.34980E-01  6.92140E-01  7.81600E-01  8.50400E-01  9.23430E-01
  3.89720E-01  4.71770E-01  5.28210E-01  5.87420E-01  6.65350E-01
  2.74670E-01  3.30110E-01  3.86570E-01  4.36100E-01  5.00470E-01
  1.69700E-01  2.10120E-01  2.60720E-01  2.96870E-01  3.44110E-01
  6.35150E-02  9.47730E-02  1.30320E-01  1.62050E-01  1.97450E-01

 -1.70130E-01  1.90580E-01  4.50110E-01  6.32440E-01  8.38150E-01
 -9.10470E-02  3.24700E-01  5.81580E-01  7.58670E-01  8.92000E-01
 -4.25630E-02  4.08020E-01  6.65770E-01  8.44190E-01  9.69560E-01
 -4.18950E-02  4.46620E-01  7.15010E-01  8.91060E-01  9.85410E-01
 -1.21230E-01  3.04790E-01  6.50980E-01  8.66580E-01  9.84590E-01
  8.01490E-01  8.76100E-01  9.08330E-01  9.32730E-01  9.57790E-01
  8.61270E-01  9.37730E-01  9.68380E-01  9.87730E-01  9.98230E-01
  8.71510E-01  9.42270E-01  9.73580E-01  9.90890E-01  9.99020E-01
  8.84450E-01  9.49300E-01  9.77100E-01  9.92430E-01  9.99270E-01
  8.96180E-01  9.57930E-01  9.82310E-01  9.94120E-01  9.99380E-01
  9.14180E-01  9.53790E-01  9.66910E-01  9.76660E-01  9.87200E-01
  9.27010E-01  9.76360E-01  9.90560E-01  9.96670E-01  9.99660E-01
  9.27510E-01  9.62610E-01  9.81230E-01  9.93330E-01  9.99320E-01
  9.46210E-01  9.76680E-01  9.89310E-01  9.96330E-01  9.99600E-01
  9.50470E-01  9.80180E-01  9.91180E-01  9.96960E-01  9.99670E-01
  9.69750E-01  9.81800E-01  9.87730E-01  9.92210E-01  9.96130E-01
  9.63570E-01  9.89690E-01  9.95840E-01  9.98500E-01  9.99820E-01
  9.64590E-01  9.80880E-01  9.89830E-01  9.96250E-01  9.99630E-01
  9.75490E-01  9.89050E-01  9.95040E-01  9.98300E-01  9.99810E-01
  9.76290E-01  9.90310E-01  9.95820E-01  9.98660E-01  9.99860E-01
  9.90370E-01  9.94770E-01  9.97030E-01  9.98450E-01  9.99550E-01
  9.90020E-01  9.96560E-01  9.98500E-01  9.99510E-01  9.99940E-01
  9.86930E-01  9.93850E-01  9.96900E-01  9.98880E-01  9.99870E-01
  9.88920E-01  9.95200E-01  9.97980E-01  9.99330E-01  9.99930E-01
  9.90390E-01  9.96190E-01  9.98430E-01  9.99480E-01  9.99940E-01


   10.  20.18   74. 183.85  1.00E+01  8.50E+01  1.00E+00

  9.47610E+00  9.77010E+00  9.88130E+00  9.93150E+00  9.96530E+00

  4.65030E-01  5.36130E-01  5.94740E-01  6.59430E-01  7.63830E-01
  2.80500E-01  3.21400E-01  3.55850E-01  4.03060E-01  4.59400E-01
  1.72330E-01  1.99710E-01  2.20050E-01  2.59980E-01  3.03810E-01
  1.05820E-01  1.23890E-01  1.37340E-01  1.65920E-01  2.02540E-01
  4.07040E-02  4.99330E-02  5.79580E-02  6.70750E-02  8.56960E-02

  8.19920E-01  8.98780E-01  9.34180E-01  9.56600E-01  9.76310E-01
  8.64490E-01  9.43440E-01  9.75050E-01  9.91670E-01  9.99170E-01
  8.54630E-01  9.45430E-01  9.76520E-01  9.92460E-01  9.99170E-01
  7.62770E-01  9.27940E-01  9.71570E-01  9.90790E-01  9.99060E-01
  2.95120E-01  7.16390E-01  8.94120E-01  9.65350E-01  9.96570E-01
  9.50790E-01  9.66590E-01  9.75550E-01  9.82270E-01  9.89100E-01
  9.69730E-01  9.86750E-01  9.94150E-01  9.97980E-01  9.99800E-01
  9.63400E-01  9.88320E-01  9.94900E-01  9.98270E-01  9.99800E-01
  9.59910E-01  9.80770E-01  9.91510E-01  9.97290E-01  9.99730E-01
  9.70790E-01  9.87870E-01  9.94850E-01  9.98360E-01  9.99800E-01
  9.79470E-01  9.85140E-01  9.88300E-01  9.90930E-01  9.93770E-01
  9.89530E-01  9.95070E-01  9.97640E-01  9.99100E-01  9.99880E-01
  9.90750E-01  9.96440E-01  9.98350E-01  9.99450E-01  9.99940E-01
  9.79250E-01  9.89400E-01  9.96200E-01  9.98820E-01  9.99860E-01
  9.87360E-01  9.94500E-01  9.97520E-01  9.99140E-01  9.99910E-01
  9.89960E-01  9.92540E-01  9.94200E-01  9.95520E-01  9.96990E-01
  9.94910E-01  9.97460E-01  9.98760E-01  9.99540E-01  9.99940E-01
  9.96590E-01  9.98220E-01  9.99160E-01  9.99710E-01  9.99970E-01
  9.89290E-01  9.95170E-01  9.98120E-01  9.99360E-01  9.99930E-01
  9.94280E-01  9.97300E-01  9.98760E-01  9.99570E-01  9.99960E-01
  9.95940E-01  9.97420E-01  9.98160E-01  9.98710E-01  9.99210E-01
  9.97090E-01  9.98700E-01  9.99440E-01  9.99810E-01  9.99980E-01
  9.97420E-01  9.98770E-01  9.99460E-01  9.99820E-01  9.99980E-01
  9.98020E-01  9.99000E-01  9.99530E-01  9.99830E-01  9.99980E-01
  9.98040E-01  9.99100E-01  9.99600E-01  9.99870E-01  9.99990E-01


   10.  20.18   74. 183.85  2.00E+01  0.00E+00  7.16E-01

  3.95540E+00  9.05880E+00  1.15390E+01  1.27080E+01  1.41470E+01

  5.92480E-01  7.49820E-01  8.45690E-01  9.16820E-01  9.75250E-01
  5.52920E-01  7.17380E-01  8.18880E-01  9.01700E-01  9.69570E-01
  5.69360E-01  7.39880E-01  8.40050E-01  9.14550E-01  9.74660E-01
  4.98470E-01  6.64680E-01  7.71960E-01  8.57900E-01  9.43770E-01
  3.36860E-01  4.72480E-01  5.70810E-01  6.73070E-01  8.18450E-01

 -9.55580E-01 -6.14870E-01 -1.67680E-02  5.81560E-01  9.50650E-01
 -9.50380E-01 -5.95550E-01  1.27730E-02  5.87170E-01  9.51850E-01
 -9.51590E-01 -5.78300E-01  1.37900E-02  5.82250E-01  9.50000E-01
 -9.49150E-01 -5.75540E-01  1.23340E-02  5.94450E-01  9.47610E-01
 -9.51120E-01 -6.00990E-01 -2.76210E-02  5.58530E-01  9.46360E-01
 -9.46010E-01 -5.54410E-01  3.78990E-02  5.99220E-01  9.49890E-01
 -9.49560E-01 -5.91470E-01  6.44100E-04  6.06860E-01  9.59290E-01
 -9.53120E-01 -5.91340E-01 -6.22900E-03  5.83380E-01  9.41290E-01
 -9.50890E-01 -6.27330E-01 -2.54180E-02  5.71210E-01  9.45040E-01
 -9.52060E-01 -5.79860E-01 -7.68540E-03  6.00050E-01  9.53510E-01
 -9.51410E-01 -5.86220E-01 -1.75150E-02  5.71180E-01  9.47470E-01
 -9.49810E-01 -5.62490E-01  2.94370E-02  6.04260E-01  9.48480E-01
 -9.46090E-01 -5.66170E-01  3.57160E-02  5.92800E-01  9.54860E-01
 -9.52700E-01 -5.96190E-01  3.35370E-02  6.16520E-01  9.51550E-01
 -9.49990E-01 -5.56970E-01  3.80010E-02  6.06790E-01  9.48480E-01
 -9.50440E-01 -6.06480E-01 -7.97930E-03  5.90460E-01  9.43850E-01
 -9.44890E-01 -5.52500E-01  2.24930E-02  5.96190E-01  9.46200E-01
 -9.48740E-01 -5.80000E-01 -2.40260E-03  6.09790E-01  9.59400E-01
 -9.46870E-01 -5.85870E-01 -1.07100E-02  5.88510E-01  9.45740E-01
 -9.52000E-01 -5.91830E-01 -4.34200E-02  5.58030E-01  9.45580E-01
 -9.49510E-01 -5.99370E-01  4.81820E-03  6.02090E-01  9.53980E-01
 -9.45190E-01 -5.74450E-01  1.02430E-02  5.82840E-01  9.52780E-01
 -9.51060E-01 -5.90230E-01 -2.78060E-03  5.78580E-01  9.51860E-01
 -9.44900E-01 -5.95470E-01 -1.49930E-02  5.90430E-01  9.49620E-01
 -9.53510E-01 -5.90160E-01  8.38720E-03  5.81990E-01  9.49310E-01


   10.  20.18   74. 183.85  2.00E+01  3.00E+01  7.87E-01

  5.09520E+00  1.03940E+01  1.24430E+01  1.40470E+01  1.60390E+01

  5.87000E-01  7.42830E-01  8.38780E-01  9.13580E-01  9.74230E-01
  5.41510E-01  7.09620E-01  8.12360E-01  8.96380E-01  9.67760E-01
  4.93130E-01  6.70360E-01  7.84240E-01  8.80600E-01  9.62360E-01
  4.39660E-01  6.05180E-01  7.19230E-01  8.17670E-01  9.22940E-01
  2.88650E-01  4.08260E-01  5.02500E-01  6.02830E-01  7.43240E-01

 -9.43610E-01 -5.45430E-01  2.66490E-02  6.22460E-01  9.55790E-01
 -9.45650E-01 -5.63640E-01  3.17680E-02  6.13140E-01  9.56690E-01
 -9.50460E-01 -5.59610E-01  1.98180E-02  5.91010E-01  9.52610E-01
 -9.50740E-01 -5.83730E-01 -2.48260E-03  6.02640E-01  9.54630E-01
 -9.44270E-01 -5.56930E-01  5.68880E-02  6.09770E-01  9.53850E-01
 -9.69830E-01 -7.43510E-01 -3.38960E-01  2.15120E-01  8.80010E-01
 -9.67940E-01 -7.25900E-01 -2.84080E-01  3.38580E-01  9.02080E-01
 -9.65470E-01 -7.07150E-01 -2.27010E-01  3.98070E-01  9.21320E-01
 -9.67350E-01 -6.83210E-01 -1.72540E-01  4.53420E-01  9.27570E-01
 -9.55740E-01 -6.54210E-01 -9.23590E-02  4.99320E-01  9.40550E-01
 -9.85800E-01 -8.75070E-01 -6.44000E-01 -1.55520E-01  7.20570E-01
 -9.66970E-01 -7.90540E-01 -4.90490E-01  8.15950E-02  8.43070E-01
 -9.44170E-01 -7.23550E-01 -3.93080E-01  1.64900E-01  8.58740E-01
 -9.37420E-01 -6.71310E-01 -3.10130E-01  2.63470E-01  8.81180E-01
 -9.49300E-01 -6.42860E-01 -1.62880E-01  4.42510E-01  9.32270E-01
 -6.15940E-01 -2.47410E-01  8.17460E-02  4.74900E-01  9.17370E-01
 -4.67690E-01 -1.85210E-02  3.18420E-01  6.72530E-01  9.51040E-01
 -3.92650E-01  1.26570E-01  4.82410E-01  7.69550E-01  9.74400E-01
 -3.36200E-01  2.49580E-01  5.99940E-01  8.44000E-01  9.80020E-01
 -5.09600E-01  1.94900E-01  6.12950E-01  8.62890E-01  9.83650E-01
  2.80150E-01  5.98850E-01  7.71300E-01  8.88700E-01  9.85710E-01
  3.31950E-01  6.57090E-01  8.32160E-01  9.37000E-01  9.91770E-01
  3.70430E-01  7.04300E-01  8.58980E-01  9.49410E-01  9.94820E-01
  3.91370E-01  7.12650E-01  8.65890E-01  9.55950E-01  9.95710E-01
  3.69800E-01  7.16650E-01  8.73250E-01  9.57450E-01  9.95770E-01


   10.  20.18   74. 183.85  2.00E+01  4.50E+01  8.50E-01

  6.85290E+00  1.18810E+01  1.38290E+01  1.55710E+01  1.72300E+01

  5.67920E-01  7.28800E-01  8.31690E-01  9.07480E-01  9.72340E-01
  4.82440E-01  6.53220E-01  7.68150E-01  8.64240E-01  9.53390E-01
  4.71080E-01  6.57240E-01  7.78120E-01  8.75980E-01  9.61530E-01
  4.11080E-01  5.65880E-01  6.69900E-01  7.64290E-01  8.77350E-01
  2.60820E-01  3.67850E-01  4.50820E-01  5.38400E-01  6.66290E-01

 -9.52850E-01 -5.84240E-01  1.02280E-02  5.64860E-01  9.45580E-01
 -9.49120E-01 -5.49700E-01  2.43960E-02  5.79880E-01  9.47830E-01
 -9.40790E-01 -5.70960E-01 -2.02010E-02  5.77580E-01  9.50440E-01
 -9.49670E-01 -5.88280E-01 -3.49560E-03  5.75080E-01  9.48760E-01
 -9.48560E-01 -5.81090E-01 -7.51190E-03  5.91720E-01  9.52370E-01
 -9.91990E-01 -9.22390E-01 -7.58570E-01 -3.73310E-01  5.96760E-01
 -9.88890E-01 -8.90740E-01 -6.60090E-01 -1.61760E-01  7.44820E-01
 -9.87070E-01 -8.74320E-01 -6.14890E-01 -4.81730E-02  8.29310E-01
 -9.81790E-01 -8.34040E-01 -5.00690E-01  1.30720E-01  8.66750E-01
 -9.72870E-01 -7.43100E-01 -3.06650E-01  3.24370E-01  9.19380E-01
 -6.40660E-01 -3.55870E-01 -1.10870E-01  2.45660E-01  8.39110E-01
 -5.69140E-01 -2.18230E-01  7.73290E-02  4.77480E-01  9.26580E-01
 -5.84940E-01 -1.66150E-01  1.56120E-01  5.27480E-01  9.27910E-01
 -6.08720E-01 -1.18040E-01  2.69280E-01  6.37920E-01  9.46700E-01
 -7.96540E-01 -2.27660E-01  2.64780E-01  6.80200E-01  9.58490E-01
 -3.56520E-02  2.66140E-01  4.65930E-01  6.69120E-01  9.30920E-01
  9.10330E-02  4.30260E-01  6.43080E-01  8.19050E-01  9.72520E-01
  1.75420E-01  5.38390E-01  7.52180E-01  8.99480E-01  9.86660E-01
  2.23140E-01  6.07680E-01  8.12410E-01  9.34830E-01  9.92540E-01
  9.57320E-02  5.90100E-01  8.06410E-01  9.35010E-01  9.93520E-01
  5.45990E-01  7.51440E-01  8.55080E-01  9.30450E-01  9.89050E-01
  5.97830E-01  8.09500E-01  9.09570E-01  9.68370E-01  9.96280E-01
  6.25160E-01  8.25620E-01  9.19250E-01  9.71470E-01  9.96340E-01
  6.37890E-01  8.34680E-01  9.26280E-01  9.74970E-01  9.97150E-01
  6.58690E-01  8.50660E-01  9.35330E-01  9.79260E-01  9.97870E-01


   10.  20.18   74. 183.85  2.00E+01  6.00E+01  9.33E-01

  9.94640E+00  1.40610E+01  1.60030E+01  1.73540E+01  1.86470E+01

  5.08010E-01  6.69060E-01  7.79450E-01  8.72760E-01  9.58770E-01
  4.79940E-01  6.65320E-01  7.87940E-01  8.84560E-01  9.64220E-01
  4.47250E-01  6.15420E-01  7.26040E-01  8.18890E-01  9.19590E-01
  3.64110E-01  4.92950E-01  5.82360E-01  6.73170E-01  7.95960E-01
  2.12290E-01  3.01190E-01  3.75950E-01  4.58030E-01  5.71460E-01

 -9.68260E-01 -7.61920E-01 -4.24110E-01  1.21330E-02  6.89180E-01
 -9.69760E-01 -7.60670E-01 -4.04040E-01  8.86450E-02  8.20240E-01
 -9.66570E-01 -7.31920E-01 -3.18620E-01  2.46680E-01  8.78050E-01
 -9.68960E-01 -7.39930E-01 -2.91830E-01  3.25270E-01  9.09360E-01
 -9.60600E-01 -6.55220E-01 -1.00480E-01  5.03540E-01  9.28880E-01
 -6.37920E-01 -3.82620E-01 -1.64960E-01  1.37510E-01  7.59570E-01
 -6.64780E-01 -3.71860E-01 -9.34930E-02  2.57070E-01  8.59560E-01
 -7.12810E-01 -3.82200E-01 -9.47180E-02  2.90980E-01  8.68660E-01
 -7.70430E-01 -4.13350E-01 -5.23340E-02  3.61020E-01  8.81610E-01
 -9.07610E-01 -5.12640E-01 -4.29190E-02  4.58410E-01  9.11700E-01
  9.01520E-03  2.63600E-01  4.36720E-01  6.26830E-01  9.14220E-01
  8.68150E-02  3.72810E-01  5.67650E-01  7.48490E-01  9.52850E-01
  1.70650E-01  4.97180E-01  6.93010E-01  8.52340E-01  9.78780E-01
  2.02490E-01  5.69670E-01  7.77650E-01  9.13560E-01  9.89800E-01
 -4.07060E-02  5.07260E-01  7.71100E-01  9.18470E-01  9.92000E-01
  4.35160E-01  6.37190E-01  7.47380E-01  8.61840E-01  9.72380E-01
  5.12360E-01  7.42800E-01  8.48870E-01  9.34090E-01  9.90830E-01
  5.62180E-01  7.78980E-01  8.91990E-01  9.59110E-01  9.95010E-01
  5.90940E-01  8.10110E-01  9.15100E-01  9.70420E-01  9.96650E-01
  6.12210E-01  8.32930E-01  9.24010E-01  9.74450E-01  9.97050E-01
  8.14470E-01  8.99480E-01  9.40680E-01  9.70570E-01  9.93780E-01
  8.14770E-01  9.16750E-01  9.60360E-01  9.85520E-01  9.98260E-01
  8.14340E-01  9.17280E-01  9.61700E-01  9.87120E-01  9.98690E-01
  8.27190E-01  9.23190E-01  9.64930E-01  9.88330E-01  9.98690E-01
  8.43780E-01  9.34600E-01  9.71460E-01  9.90310E-01  9.98990E-01


   10.  20.18   74. 183.85  2.00E+01  7.00E+01  9.81E-01

  1.33730E+01  1.64460E+01  1.78290E+01  1.88380E+01  1.94220E+01

  4.78360E-01  6.54780E-01  7.72680E-01  8.72950E-01  9.59880E-01
  4.63510E-01  6.41440E-01  7.59420E-01  8.54350E-01  9.41410E-01
  3.96580E-01  5.35520E-01  6.24440E-01  7.10400E-01  8.17020E-01
  2.85330E-01  3.74510E-01  4.45320E-01  5.18470E-01  6.14320E-01
  1.42140E-01  2.06160E-01  2.58120E-01  3.13330E-01  3.91970E-01

 -8.08020E-01 -6.27870E-01 -4.29980E-01 -1.02060E-01  6.87840E-01
 -8.48350E-01 -6.32190E-01 -3.81810E-01  2.94690E-02  8.00830E-01
 -9.24820E-01 -6.71630E-01 -3.38810E-01  1.64740E-01  8.38180E-01
 -9.61060E-01 -7.08950E-01 -3.18250E-01  2.32670E-01  8.42980E-01
 -9.60750E-01 -6.88250E-01 -2.00400E-01  4.16400E-01  9.17530E-01
  5.42560E-02  2.98730E-01  4.53760E-01  6.35770E-01  9.10640E-01
  1.09820E-01  3.74350E-01  5.44660E-01  7.16340E-01  9.43730E-01
  1.44400E-01  4.51580E-01  6.46130E-01  8.10800E-01  9.71800E-01
  1.47690E-01  5.18890E-01  7.36310E-01  8.85950E-01  9.86050E-01
 -6.88320E-02  4.60350E-01  7.38310E-01  9.07480E-01  9.90670E-01
  4.95940E-01  6.75560E-01  7.65800E-01  8.59400E-01  9.72310E-01
  5.64840E-01  7.58500E-01  8.49660E-01  9.22440E-01  9.85880E-01
  6.10700E-01  8.09600E-01  9.09460E-01  9.64710E-01  9.95650E-01
  6.54040E-01  8.32830E-01  9.23550E-01  9.74950E-01  9.97140E-01
  6.85910E-01  8.62590E-01  9.39670E-01  9.80020E-01  9.97930E-01
  8.01230E-01  8.81650E-01  9.19600E-01  9.51380E-01  9.84050E-01
  8.29440E-01  9.18060E-01  9.59750E-01  9.84160E-01  9.98130E-01
  8.35160E-01  9.23240E-01  9.65140E-01  9.88310E-01  9.98700E-01
  8.47530E-01  9.31140E-01  9.67740E-01  9.89020E-01  9.98870E-01
  8.77440E-01  9.46420E-01  9.76840E-01  9.92260E-01  9.99200E-01
  9.49760E-01  9.76480E-01  9.88640E-01  9.95530E-01  9.99440E-01
  9.43790E-01  9.75770E-01  9.88800E-01  9.96310E-01  9.99650E-01
  9.42580E-01  9.76500E-01  9.90060E-01  9.96680E-01  9.99600E-01
  9.41950E-01  9.75170E-01  9.89540E-01  9.96590E-01  9.99640E-01
  9.47600E-01  9.78490E-01  9.90480E-01  9.96940E-01  9.99660E-01


   10.  20.18   74. 183.85  2.00E+01  8.00E+01  9.99E-01

  1.75300E+01  1.90380E+01  1.94730E+01  1.96800E+01  1.98230E+01

  5.14350E-01  6.77430E-01  7.68840E-01  8.40400E-01  9.15470E-01
  3.60230E-01  4.38580E-01  4.92390E-01  5.47820E-01  6.25560E-01
  2.43200E-01  2.97700E-01  3.45680E-01  3.92310E-01  4.56630E-01
  1.56230E-01  2.05770E-01  2.42560E-01  2.77240E-01  3.27060E-01
  6.84720E-02  1.04480E-01  1.31300E-01  1.56490E-01  1.95050E-01

 -1.15630E-01  3.09040E-01  5.31580E-01  6.80760E-01  8.70310E-01
 -3.07230E-02  4.14500E-01  6.39370E-01  7.94350E-01  9.18610E-01
  3.17000E-02  5.30710E-01  7.48700E-01  8.89280E-01  9.80380E-01
  4.22570E-02  5.53130E-01  7.85760E-01  9.19550E-01  9.91040E-01
 -6.29390E-02  4.08440E-01  7.18440E-01  9.07930E-01  9.89530E-01
  8.30390E-01  8.88370E-01  9.19200E-01  9.43220E-01  9.69780E-01
  8.78580E-01  9.37770E-01  9.66240E-01  9.87280E-01  9.98560E-01
  8.89370E-01  9.50950E-01  9.76810E-01  9.92160E-01  9.99070E-01
  9.02210E-01  9.57840E-01  9.81570E-01  9.94190E-01  9.99420E-01
  9.03540E-01  9.61630E-01  9.83890E-01  9.94870E-01  9.99460E-01
  9.30050E-01  9.60220E-01  9.74010E-01  9.83890E-01  9.92670E-01
  9.42910E-01  9.73350E-01  9.87940E-01  9.95640E-01  9.99550E-01
  9.47600E-01  9.76230E-01  9.89050E-01  9.96230E-01  9.99630E-01
  9.53510E-01  9.80680E-01  9.91420E-01  9.97020E-01  9.99680E-01
  9.57230E-01  9.82770E-01  9.92720E-01  9.97650E-01  9.99720E-01
  9.67310E-01  9.84280E-01  9.90900E-01  9.95370E-01  9.98890E-01
  9.69290E-01  9.85120E-01  9.92910E-01  9.97530E-01  9.99720E-01
  9.73520E-01  9.88550E-01  9.94820E-01  9.98270E-01  9.99790E-01
  9.75770E-01  9.89970E-01  9.95660E-01  9.98560E-01  9.99830E-01
  9.79640E-01  9.91390E-01  9.96280E-01  9.98820E-01  9.99870E-01
  9.90550E-01  9.95850E-01  9.97970E-01  9.99240E-01  9.99910E-01
  9.89590E-01  9.95330E-01  9.97870E-01  9.99290E-01  9.99920E-01
  9.89860E-01  9.95720E-01  9.98120E-01  9.99380E-01  9.99940E-01
  9.90290E-01  9.95990E-01  9.98350E-01  9.99450E-01  9.99940E-01
  9.90400E-01  9.96100E-01  9.98320E-01  9.99470E-01  9.99940E-01


   10.  20.18   74. 183.85  2.00E+01  8.50E+01  1.00E+00

  1.92290E+01  1.96830E+01  1.98240E+01  1.98950E+01  1.99370E+01

  3.89380E-01  4.54120E-01  5.09860E-01  5.79250E-01  6.91120E-01
  2.25250E-01  2.62120E-01  2.95430E-01  3.29130E-01  3.75550E-01
  1.41180E-01  1.67010E-01  1.95600E-01  2.18030E-01  2.49060E-01
  8.41450E-02  1.02300E-01  1.27120E-01  1.42020E-01  1.63000E-01
  3.16170E-02  4.62600E-02  6.21760E-02  7.61180E-02  9.04800E-02

  8.89480E-01  9.39500E-01  9.61980E-01  9.77160E-01  9.90330E-01
  9.12950E-01  9.64820E-01  9.84220E-01  9.94770E-01  9.99340E-01
  8.98820E-01  9.64720E-01  9.85040E-01  9.95090E-01  9.99500E-01
  8.38190E-01  9.44550E-01  9.78510E-01  9.92970E-01  9.99200E-01
  5.80910E-01  8.54510E-01  9.42800E-01  9.82550E-01  9.98240E-01
  9.69190E-01  9.82270E-01  9.88520E-01  9.92800E-01  9.96470E-01
  9.75010E-01  9.90060E-01  9.95430E-01  9.98310E-01  9.99820E-01
  9.76350E-01  9.89500E-01  9.95580E-01  9.98620E-01  9.99850E-01
  9.79260E-01  9.91320E-01  9.96310E-01  9.98770E-01  9.99870E-01
  9.81340E-01  9.92540E-01  9.96830E-01  9.98970E-01  9.99900E-01
  9.87780E-01  9.92780E-01  9.95370E-01  9.97180E-01  9.98660E-01
  9.88080E-01  9.95720E-01  9.98260E-01  9.99420E-01  9.99930E-01
  9.88650E-01  9.94510E-01  9.97350E-01  9.99090E-01  9.99900E-01
  9.90540E-01  9.96280E-01  9.98410E-01  9.99480E-01  9.99940E-01
  9.91500E-01  9.96570E-01  9.98550E-01  9.99520E-01  9.99940E-01
  9.94990E-01  9.96920E-01  9.98010E-01  9.98830E-01  9.99490E-01
  9.94720E-01  9.98060E-01  9.99330E-01  9.99780E-01  9.99980E-01
  9.94400E-01  9.97120E-01  9.98490E-01  9.99420E-01  9.99920E-01
  9.96080E-01  9.98330E-01  9.99300E-01  9.99760E-01  9.99970E-01
  9.96220E-01  9.98510E-01  9.99350E-01  9.99780E-01  9.99980E-01
  9.98100E-01  9.98980E-01  9.99410E-01  9.99720E-01  9.99930E-01
  9.97950E-01  9.99260E-01  9.99680E-01  9.99900E-01  9.99990E-01
  9.97750E-01  9.99000E-01  9.99500E-01  9.99830E-01  9.99980E-01
  9.97870E-01  9.99080E-01  9.99600E-01  9.99870E-01  9.99990E-01
  9.98440E-01  9.99360E-01  9.99730E-01  9.99910E-01  9.99990E-01


   10.  20.18   74. 183.85  5.00E+01  0.00E+00  6.16E-01

  7.52620E+00  2.04340E+01  2.81550E+01  3.19900E+01  3.54250E+01

  5.95100E-01  7.51550E-01  8.46560E-01  9.18140E-01  9.75640E-01
  5.56840E-01  7.19120E-01  8.21370E-01  9.03170E-01  9.70940E-01
  5.64630E-01  7.35990E-01  8.36620E-01  9.12370E-01  9.73170E-01
  5.50950E-01  7.07940E-01  7.99430E-01  8.70420E-01  9.49420E-01
  3.36110E-01  4.60630E-01  5.53600E-01  6.62890E-01  8.12880E-01

 -9.54470E-01 -6.07030E-01 -1.11040E-02  5.74300E-01  9.50730E-01
 -9.58150E-01 -5.85440E-01  1.51180E-02  6.07650E-01  9.55400E-01
 -9.53180E-01 -5.95740E-01 -1.60650E-02  5.99770E-01  9.49310E-01
 -9.49670E-01 -5.56920E-01  8.23190E-03  5.79490E-01  9.47150E-01
 -9.46210E-01 -5.85700E-01  2.11850E-02  6.07980E-01  9.52550E-01
 -9.45460E-01 -5.86760E-01 -2.53730E-02  5.85260E-01  9.43860E-01
 -9.50820E-01 -5.97680E-01 -7.37820E-03  5.79030E-01  9.54360E-01
 -9.47210E-01 -6.00660E-01 -2.16630E-03  5.91540E-01  9.53060E-01
 -9.51660E-01 -5.90170E-01  2.23760E-02  5.93780E-01  9.57820E-01
 -9.57090E-01 -5.61360E-01 -1.06170E-02  5.71310E-01  9.49110E-01
 -9.48150E-01 -5.62590E-01  2.01660E-02  5.85560E-01  9.48610E-01
 -9.44960E-01 -5.89220E-01  1.88610E-02  5.83660E-01  9.42970E-01
 -9.51940E-01 -5.77480E-01  2.15670E-02  5.62520E-01  9.48190E-01
 -9.50610E-01 -5.73580E-01  1.26140E-02  5.95580E-01  9.53920E-01
 -9.46470E-01 -5.67070E-01  1.34070E-02  6.08990E-01  9.59280E-01
 -9.52910E-01 -5.97930E-01 -6.07070E-03  5.80120E-01  9.54740E-01
 -9.55410E-01 -6.03680E-01  1.17640E-02  5.90650E-01  9.50060E-01
 -9.39950E-01 -5.77300E-01  2.04730E-02  5.81420E-01  9.51680E-01
 -9.47600E-01 -5.98420E-01  1.28510E-02  6.06570E-01  9.49800E-01
 -9.52620E-01 -5.68990E-01  2.20310E-02  6.00060E-01  9.55970E-01
 -9.51490E-01 -5.87460E-01  1.78800E-03  5.89540E-01  9.53130E-01
 -9.47560E-01 -5.87700E-01 -3.89740E-03  5.99730E-01  9.49510E-01
 -9.46980E-01 -5.79140E-01 -7.79170E-03  5.90240E-01  9.55660E-01
 -9.44990E-01 -5.99090E-01 -1.96010E-02  5.89290E-01  9.52330E-01
 -9.50390E-01 -5.98890E-01 -3.23270E-02  5.63220E-01  9.48630E-01


   10.  20.18   74. 183.85  5.00E+01  3.00E+01  6.90E-01

  9.95210E+00  2.43540E+01  3.10250E+01  3.49570E+01  3.97960E+01

  5.90640E-01  7.46150E-01  8.39050E-01  9.14480E-01  9.74860E-01
  5.41600E-01  7.09890E-01  8.14030E-01  8.96410E-01  9.67390E-01
  5.11770E-01  6.84040E-01  7.97750E-01  8.90720E-01  9.66250E-01
  4.31530E-01  6.12870E-01  7.27040E-01  8.25440E-01  9.27500E-01
  2.96390E-01  4.14040E-01  5.07910E-01  6.08030E-01  7.50980E-01

 -9.41150E-01 -5.68170E-01  2.89640E-02  6.14390E-01  9.53290E-01
 -9.47910E-01 -5.69740E-01  7.48090E-03  5.82340E-01  9.48820E-01
 -9.49260E-01 -6.04980E-01 -2.33490E-02  6.04930E-01  9.54690E-01
 -9.51720E-01 -6.03540E-01 -9.31530E-03  5.97060E-01  9.52450E-01
 -9.52350E-01 -5.78820E-01  3.66810E-02  6.13800E-01  9.58210E-01
 -9.60100E-01 -6.58710E-01 -1.60880E-01  4.41660E-01  9.30070E-01
 -9.54180E-01 -6.56730E-01 -1.42090E-01  4.71240E-01  9.24230E-01
 -9.58280E-01 -6.34870E-01 -1.09380E-01  4.94290E-01  9.30560E-01
 -9.49690E-01 -6.03440E-01 -6.05120E-02  5.51630E-01  9.43980E-01
 -9.48040E-01 -6.06440E-01 -3.25970E-02  5.40960E-01  9.39880E-01
 -9.88970E-01 -9.00090E-01 -6.85130E-01 -1.84770E-01  7.42900E-01
 -9.80510E-01 -8.61800E-01 -6.08180E-01 -4.71350E-02  7.94800E-01
 -9.61820E-01 -7.82820E-01 -5.06430E-01  2.75460E-02  8.40350E-01
 -9.38370E-01 -7.39910E-01 -4.40140E-01  9.45490E-02  8.51410E-01
 -9.57600E-01 -6.69230E-01 -1.96190E-01  3.88200E-01  9.04480E-01
 -6.79740E-01 -3.59410E-01 -1.05580E-01  2.59840E-01  8.25610E-01
 -4.91290E-01 -6.05950E-02  2.53830E-01  5.76970E-01  9.34820E-01
 -4.06990E-01  1.20850E-01  4.56920E-01  7.42550E-01  9.70990E-01
 -3.47460E-01  2.42070E-01  5.93950E-01  8.37110E-01  9.79610E-01
 -4.80170E-01  1.65160E-01  6.09110E-01  8.57370E-01  9.83830E-01
  2.78710E-01  5.70270E-01  7.43260E-01  8.68080E-01  9.74350E-01
  3.48340E-01  6.65030E-01  8.23810E-01  9.32880E-01  9.91340E-01
  3.45630E-01  6.98480E-01  8.61980E-01  9.48950E-01  9.94090E-01
  3.70570E-01  7.11930E-01  8.65570E-01  9.56670E-01  9.95530E-01
  3.73140E-01  7.12350E-01  8.68200E-01  9.56190E-01  9.94680E-01


   10.  20.18   74. 183.85  5.00E+01  4.50E+01  7.75E-01

  1.39900E+01  2.88530E+01  3.43130E+01  3.89040E+01  4.31700E+01

  5.74030E-01  7.33480E-01  8.30780E-01  9.09270E-01  9.72430E-01
  4.95350E-01  6.62490E-01  7.75450E-01  8.71030E-01  9.57400E-01
  4.60000E-01  6.48880E-01  7.77430E-01  8.78100E-01  9.61060E-01
  4.04910E-01  5.60300E-01  6.63120E-01  7.57470E-01  8.73930E-01
  2.50530E-01  3.48850E-01  4.29110E-01  5.15880E-01  6.48930E-01

 -9.45850E-01 -5.33320E-01  5.74190E-02  6.08710E-01  9.57420E-01
 -9.50520E-01 -5.73970E-01  2.61550E-02  5.88530E-01  9.45280E-01
 -9.49820E-01 -5.77800E-01  3.87170E-02  6.12320E-01  9.53090E-01
 -9.47110E-01 -5.50940E-01  4.77630E-02  6.18460E-01  9.51000E-01
 -9.52330E-01 -6.03310E-01  5.40790E-03  6.02310E-01  9.52920E-01
 -9.88660E-01 -8.82450E-01 -6.64860E-01 -1.93770E-01  7.29410E-01
 -9.82350E-01 -8.50970E-01 -5.79550E-01 -6.17170E-02  8.02470E-01
 -9.79580E-01 -8.27200E-01 -5.15900E-01  3.59250E-02  8.22340E-01
 -9.77850E-01 -8.15150E-01 -4.72680E-01  1.46390E-01  8.76710E-01
 -9.67230E-01 -7.43950E-01 -2.73570E-01  3.49450E-01  9.18600E-01
 -7.10660E-01 -4.65270E-01 -2.32540E-01  9.87380E-02  7.97960E-01
 -6.48360E-01 -3.26820E-01 -5.67520E-02  3.22880E-01  8.79110E-01
 -6.21250E-01 -2.33500E-01  6.74060E-02  4.52300E-01  9.13130E-01
 -6.38480E-01 -1.90110E-01  1.64990E-01  5.46550E-01  9.27940E-01
 -8.11060E-01 -2.78180E-01  2.08760E-01  6.47700E-01  9.47580E-01
 -3.32000E-02  2.39950E-01  4.22060E-01  6.30090E-01  9.21910E-01
  5.96020E-02  4.21710E-01  6.20160E-01  7.98590E-01  9.65660E-01
  1.73190E-01  5.59960E-01  7.61200E-01  8.97060E-01  9.87170E-01
  1.94060E-01  6.19230E-01  8.17150E-01  9.31610E-01  9.92590E-01
  1.45610E-01  5.89160E-01  8.13870E-01  9.36580E-01  9.94410E-01
  6.16640E-01  7.82220E-01  8.69140E-01  9.31060E-01  9.88730E-01
  6.44610E-01  8.31590E-01  9.18060E-01  9.69940E-01  9.96420E-01
  6.61670E-01  8.53450E-01  9.31980E-01  9.76110E-01  9.97240E-01
  6.65940E-01  8.52030E-01  9.33470E-01  9.78360E-01  9.97470E-01
  6.73650E-01  8.57360E-01  9.34310E-01  9.77850E-01  9.97610E-01


   10.  20.18   74. 183.85  5.00E+01  6.00E+01  8.85E-01

  2.27120E+01  3.46140E+01  3.98930E+01  4.34410E+01  4.64640E+01

  5.16420E-01  6.84070E-01  7.94260E-01  8.83790E-01  9.63920E-01
  4.56510E-01  6.36490E-01  7.65290E-01  8.70750E-01  9.60240E-01
  4.22640E-01  5.90700E-01  7.07010E-01  8.02220E-01  9.02320E-01
  3.45730E-01  4.67960E-01  5.51440E-01  6.32900E-01  7.50740E-01
  2.00420E-01  2.79050E-01  3.40350E-01  4.10610E-01  5.18860E-01

 -9.67510E-01 -7.34220E-01 -3.52590E-01  1.48240E-01  8.24200E-01
 -9.73390E-01 -7.29200E-01 -2.91790E-01  2.83330E-01  8.90260E-01
 -9.69740E-01 -7.19390E-01 -2.41360E-01  3.91170E-01  9.09720E-01
 -9.62980E-01 -6.56040E-01 -1.34530E-01  4.66550E-01  9.31350E-01
 -9.57160E-01 -6.32980E-01 -7.80140E-02  5.37970E-01  9.42100E-01
 -7.16030E-01 -5.13510E-01 -3.12620E-01 -2.22100E-02  7.34360E-01
 -7.28720E-01 -4.85500E-01 -2.46140E-01  1.04650E-01  8.02610E-01
 -7.22200E-01 -4.53490E-01 -1.87760E-01  1.62460E-01  8.41420E-01
 -7.83840E-01 -4.64940E-01 -1.55920E-01  2.50570E-01  8.68560E-01
 -8.83720E-01 -4.79290E-01 -5.90310E-02  4.32430E-01  9.15390E-01
 -1.62050E-03  2.38510E-01  3.90330E-01  5.88070E-01  9.17500E-01
  7.70180E-02  3.63840E-01  5.34390E-01  7.08530E-01  9.50290E-01
  1.72930E-01  4.91860E-01  6.74440E-01  8.26880E-01  9.73620E-01
  2.65780E-01  6.23800E-01  7.91780E-01  9.16180E-01  9.90840E-01
  1.71770E-01  6.23420E-01  8.26120E-01  9.41820E-01  9.93510E-01
  4.85120E-01  6.45240E-01  7.39520E-01  8.37560E-01  9.63680E-01
  5.63110E-01  7.53800E-01  8.48250E-01  9.25320E-01  9.87920E-01
  6.26280E-01  8.15960E-01  9.06400E-01  9.63860E-01  9.96280E-01
  6.49420E-01  8.40490E-01  9.28080E-01  9.74340E-01  9.97410E-01
  6.71060E-01  8.49880E-01  9.34340E-01  9.78000E-01  9.97760E-01
  8.10170E-01  8.96820E-01  9.41940E-01  9.70320E-01  9.94000E-01
  8.29830E-01  9.24360E-01  9.63420E-01  9.86740E-01  9.98470E-01
  8.37130E-01  9.29340E-01  9.69010E-01  9.89480E-01  9.98780E-01
  8.38630E-01  9.29230E-01  9.68720E-01  9.89650E-01  9.98890E-01
  8.46920E-01  9.34720E-01  9.72330E-01  9.90900E-01  9.99040E-01


   10.  20.18   74. 183.85  5.00E+01  7.00E+01  9.61E-01

  3.20450E+01  4.06040E+01  4.43270E+01  4.66400E+01  4.83740E+01

  4.55330E-01  6.34770E-01  7.60310E-01  8.66450E-01  9.58980E-01
  4.31430E-01  6.13050E-01  7.38670E-01  8.39710E-01  9.29790E-01
  3.66620E-01  5.02090E-01  5.91890E-01  6.73840E-01  7.81720E-01
  2.80200E-01  3.72640E-01  4.40860E-01  5.13010E-01  6.15060E-01
  1.51990E-01  2.12200E-01  2.61970E-01  3.16960E-01  3.93840E-01

 -8.72950E-01 -7.17170E-01 -5.34610E-01 -1.78460E-01  7.21860E-01
 -9.09520E-01 -7.22280E-01 -4.42630E-01  4.48580E-02  8.07380E-01
 -9.43430E-01 -7.05850E-01 -3.30010E-01  2.11240E-01  8.36930E-01
 -9.64520E-01 -7.25330E-01 -2.95670E-01  2.36990E-01  8.32030E-01
 -9.61880E-01 -6.81890E-01 -2.13830E-01  3.59190E-01  8.99720E-01
  3.09630E-02  2.40820E-01  3.85410E-01  5.64700E-01  9.05520E-01
  6.91960E-02  3.18440E-01  4.82810E-01  6.55090E-01  9.25890E-01
  1.32440E-01  4.12120E-01  5.85780E-01  7.50690E-01  9.54210E-01
  2.17150E-01  5.19050E-01  7.11530E-01  8.67120E-01  9.80390E-01
  6.28140E-02  5.38830E-01  7.73160E-01  9.17540E-01  9.91370E-01
  5.08450E-01  6.49130E-01  7.36580E-01  8.31840E-01  9.68020E-01
  5.86450E-01  7.43960E-01  8.29390E-01  9.03430E-01  9.84830E-01
  6.55900E-01  8.17930E-01  9.00120E-01  9.57310E-01  9.94270E-01
  6.83830E-01  8.56290E-01  9.33850E-01  9.76490E-01  9.97520E-01
  7.28370E-01  8.75010E-01  9.41440E-01  9.81250E-01  9.98020E-01
  7.55320E-01  8.46780E-01  8.93520E-01  9.35620E-01  9.85210E-01
  7.95670E-01  8.97010E-01  9.45880E-01  9.76780E-01  9.96650E-01
  8.14580E-01  9.12630E-01  9.59300E-01  9.85920E-01  9.98570E-01
  8.35790E-01  9.24600E-01  9.64970E-01  9.87860E-01  9.98660E-01
  8.59080E-01  9.41470E-01  9.74380E-01  9.91320E-01  9.98960E-01
  9.32840E-01  9.64470E-01  9.80150E-01  9.90230E-01  9.98220E-01
  9.31310E-01  9.69620E-01  9.85760E-01  9.94830E-01  9.99430E-01
  9.34110E-01  9.70190E-01  9.86560E-01  9.95270E-01  9.99450E-01
  9.36130E-01  9.72890E-01  9.88160E-01  9.95960E-01  9.99540E-01
  9.46010E-01  9.77330E-01  9.90320E-01  9.96700E-01  9.99640E-01


   10.  20.18   74. 183.85  5.00E+01  8.00E+01  9.99E-01

  4.37530E+01  4.73930E+01  4.86990E+01  4.92460E+01  4.95550E+01

  4.62970E-01  6.35180E-01  7.39810E-01  8.16170E-01  8.92440E-01
  3.47860E-01  4.43560E-01  5.01780E-01  5.59620E-01  6.39260E-01
  2.29400E-01  2.85440E-01  3.28240E-01  3.72740E-01  4.30970E-01
  1.46540E-01  1.88750E-01  2.22390E-01  2.56060E-01  3.00150E-01
  7.45060E-02  1.04280E-01  1.26820E-01  1.49490E-01  1.81720E-01

 -1.01690E-01  3.27500E-01  5.32920E-01  6.76160E-01  8.66790E-01
 -4.98760E-02  3.98230E-01  6.21740E-01  7.64540E-01  9.12880E-01
  3.98250E-02  5.26900E-01  7.47720E-01  8.79960E-01  9.67430E-01
  7.04300E-02  5.78960E-01  8.08210E-01  9.31270E-01  9.91280E-01
 -1.53090E-02  4.60150E-01  7.54520E-01  9.19850E-01  9.90270E-01
  8.02700E-01  8.66860E-01  9.00500E-01  9.30590E-01  9.74400E-01
  8.50440E-01  9.19850E-01  9.53810E-01  9.78800E-01  9.96660E-01
  8.70510E-01  9.41630E-01  9.72490E-01  9.89880E-01  9.98820E-01
  8.92460E-01  9.52620E-01  9.78690E-01  9.93040E-01  9.99170E-01
  9.07120E-01  9.61280E-01  9.83450E-01  9.94420E-01  9.99420E-01
  9.31020E-01  9.57530E-01  9.70980E-01  9.82210E-01  9.93040E-01
  9.43440E-01  9.73840E-01  9.87160E-01  9.95130E-01  9.99390E-01
  9.49070E-01  9.77550E-01  9.89510E-01  9.96270E-01  9.99540E-01
  9.55310E-01  9.80650E-01  9.91170E-01  9.97010E-01  9.99690E-01
  9.62930E-01  9.84330E-01  9.93330E-01  9.97800E-01  9.99760E-01
  9.72450E-01  9.85100E-01  9.91470E-01  9.95930E-01  9.99330E-01
  9.74650E-01  9.88200E-01  9.94560E-01  9.98060E-01  9.99790E-01
  9.76370E-01  9.89340E-01  9.95270E-01  9.98400E-01  9.99830E-01
  9.79240E-01  9.91270E-01  9.96090E-01  9.98700E-01  9.99850E-01
  9.82300E-01  9.92810E-01  9.96860E-01  9.98980E-01  9.99900E-01
  9.91480E-01  9.96050E-01  9.98110E-01  9.99320E-01  9.99920E-01
  9.90890E-01  9.96110E-01  9.98290E-01  9.99430E-01  9.99940E-01
  9.91160E-01  9.96100E-01  9.98330E-01  9.99440E-01  9.99940E-01
  9.91480E-01  9.96510E-01  9.98540E-01  9.99510E-01  9.99950E-01
  9.92190E-01  9.96770E-01  9.98620E-01  9.99560E-01  9.99950E-01


   10.  20.18   74. 183.85  5.00E+01  8.50E+01  1.00E+00

  4.84670E+01  4.93960E+01  4.96340E+01  4.97540E+01  4.98400E+01

  3.35290E-01  3.95970E-01  4.48230E-01  5.11720E-01  6.11670E-01
  1.80620E-01  2.13640E-01  2.38880E-01  2.64680E-01  3.01380E-01
  1.19880E-01  1.46700E-01  1.64860E-01  1.83010E-01  2.07860E-01
  7.85990E-02  9.89100E-02  1.11740E-01  1.24130E-01  1.41030E-01
  3.71740E-02  5.09870E-02  6.06680E-02  6.98750E-02  8.25700E-02

  9.16280E-01  9.56110E-01  9.73420E-01  9.85760E-01  9.95880E-01
  9.32380E-01  9.72380E-01  9.88070E-01  9.95960E-01  9.99530E-01
  9.19540E-01  9.71150E-01  9.88380E-01  9.96180E-01  9.99640E-01
  8.99160E-01  9.63340E-01  9.85980E-01  9.95600E-01  9.99530E-01
  7.32870E-01  9.19000E-01  9.69320E-01  9.90550E-01  9.99010E-01
  9.79230E-01  9.87630E-01  9.92050E-01  9.95790E-01  9.98990E-01
  9.84450E-01  9.92730E-01  9.96550E-01  9.98780E-01  9.99870E-01
  9.86210E-01  9.94110E-01  9.97470E-01  9.99180E-01  9.99910E-01
  9.87420E-01  9.94830E-01  9.97690E-01  9.99230E-01  9.99920E-01
  9.88650E-01  9.95350E-01  9.97980E-01  9.99330E-01  9.99940E-01
  9.90290E-01  9.94930E-01  9.97120E-01  9.98710E-01  9.99810E-01
  9.92220E-01  9.96310E-01  9.98240E-01  9.99410E-01  9.99930E-01
  9.93000E-01  9.97010E-01  9.98680E-01  9.99580E-01  9.99950E-01
  9.93810E-01  9.97390E-01  9.98830E-01  9.99620E-01  9.99960E-01
  9.94830E-01  9.97910E-01  9.99100E-01  9.99700E-01  9.99970E-01
  9.95100E-01  9.97530E-01  9.98760E-01  9.99520E-01  9.99940E-01
  9.95890E-01  9.98140E-01  9.99140E-01  9.99710E-01  9.99970E-01
  9.96520E-01  9.98460E-01  9.99320E-01  9.99780E-01  9.99970E-01
  9.96890E-01  9.98700E-01  9.99430E-01  9.99800E-01  9.99980E-01
  9.97480E-01  9.98940E-01  9.99550E-01  9.99850E-01  9.99990E-01
  9.98320E-01  9.99250E-01  9.99650E-01  9.99880E-01  9.99980E-01
  9.98340E-01  9.99300E-01  9.99690E-01  9.99890E-01  9.99990E-01
  9.98530E-01  9.99380E-01  9.99730E-01  9.99910E-01  9.99990E-01
  9.98620E-01  9.99430E-01  9.99760E-01  9.99920E-01  9.99990E-01
  9.98790E-01  9.99490E-01  9.99780E-01  9.99930E-01  9.99990E-01


   10.  20.18   74. 183.85  1.00E+02  0.00E+00  5.44E-01

  1.21740E+01  3.64910E+01  5.36120E+01  6.36120E+01  7.08390E+01

  5.92840E-01  7.47580E-01  8.43370E-01  9.18380E-01  9.74840E-01
  5.51400E-01  7.18400E-01  8.21520E-01  9.02250E-01  9.68940E-01
  5.39610E-01  7.10480E-01  8.17690E-01  8.99180E-01  9.68560E-01
  5.71980E-01  7.35290E-01  8.22010E-01  8.86520E-01  9.55460E-01
  3.37140E-01  4.51900E-01  5.43930E-01  6.53440E-01  8.06530E-01

 -9.53890E-01 -5.75370E-01  1.14820E-02  5.96070E-01  9.52150E-01
 -9.47340E-01 -5.75890E-01  6.05930E-03  5.92010E-01  9.45420E-01
 -9.41040E-01 -5.68140E-01  2.44870E-02  5.98250E-01  9.55510E-01
 -9.53490E-01 -5.69560E-01  7.68480E-03  6.12290E-01  9.56060E-01
 -9.54060E-01 -6.01380E-01 -1.23970E-03  5.88750E-01  9.57800E-01
 -9.50890E-01 -5.81740E-01 -8.12910E-03  5.66090E-01  9.48060E-01
 -9.49410E-01 -5.84010E-01  2.89610E-02  6.05690E-01  9.51420E-01
 -9.55350E-01 -5.64490E-01  1.19330E-02  6.03900E-01  9.55770E-01
 -9.48900E-01 -6.07560E-01  1.11480E-03  5.80040E-01  9.49630E-01
 -9.46770E-01 -5.58160E-01  5.27850E-02  5.98290E-01  9.49390E-01
 -9.54110E-01 -5.93810E-01  2.34200E-03  6.02830E-01  9.61110E-01
 -9.50560E-01 -6.11980E-01 -2.18300E-02  5.62790E-01  9.49160E-01
 -9.51270E-01 -6.10690E-01  2.69690E-03  5.93570E-01  9.52930E-01
 -9.56370E-01 -6.13720E-01 -3.04270E-02  5.68480E-01  9.48520E-01
 -9.53860E-01 -6.12360E-01 -2.18780E-03  5.85500E-01  9.51290E-01
 -9.47600E-01 -5.76960E-01 -5.99110E-03  5.97370E-01  9.54190E-01
 -9.43960E-01 -5.74860E-01 -2.34560E-02  5.58250E-01  9.50050E-01
 -9.42380E-01 -5.68510E-01  2.16500E-03  5.75620E-01  9.41310E-01
 -9.48650E-01 -5.77840E-01 -3.52760E-04  5.99800E-01  9.55220E-01
 -9.44770E-01 -5.97040E-01 -2.83150E-02  5.77810E-01  9.51290E-01
 -9.44350E-01 -5.56730E-01  4.53800E-02  6.07420E-01  9.56840E-01
 -9.45940E-01 -5.75840E-01  5.25080E-03  5.85500E-01  9.51030E-01
 -9.40880E-01 -5.63200E-01  3.50100E-02  6.00060E-01  9.51910E-01
 -9.51940E-01 -5.92230E-01 -3.31070E-02  5.67450E-01  9.51550E-01
 -9.55280E-01 -6.08830E-01 -2.02610E-02  5.70860E-01  9.51060E-01


   10.  20.18   74. 183.85  1.00E+02  3.00E+01  6.14E-01

  1.56790E+01  4.35060E+01  5.99060E+01  6.85290E+01  7.85310E+01

  5.88030E-01  7.44150E-01  8.38470E-01  9.14740E-01  9.74590E-01
  5.41380E-01  7.07430E-01  8.10770E-01  8.95570E-01  9.67940E-01
  5.29230E-01  6.96870E-01  8.06390E-01  8.94640E-01  9.67780E-01
  4.31710E-01  6.11540E-01  7.38790E-01  8.40880E-01  9.38110E-01
  2.96410E-01  4.22080E-01  5.15860E-01  6.17850E-01  7.63930E-01

 -9.48790E-01 -5.63080E-01  1.58100E-02  5.95010E-01  9.48680E-01
 -9.48670E-01 -5.53540E-01  3.46110E-02  6.08990E-01  9.51080E-01
 -9.48440E-01 -5.68680E-01  1.14530E-02  5.80230E-01  9.44090E-01
 -9.48720E-01 -5.70240E-01  1.61830E-02  5.90420E-01  9.47150E-01
 -9.53560E-01 -5.92870E-01  4.62440E-03  5.96470E-01  9.57190E-01
 -9.59560E-01 -6.20780E-01 -6.13620E-02  5.33610E-01  9.41060E-01
 -9.49260E-01 -5.64840E-01  1.66500E-02  6.00590E-01  9.54680E-01
 -9.57690E-01 -5.93750E-01  1.60700E-02  5.97690E-01  9.52730E-01
 -9.58650E-01 -6.24710E-01 -5.02240E-02  5.70000E-01  9.50650E-01
 -9.37620E-01 -5.76790E-01 -7.74010E-03  5.79960E-01  9.54530E-01
 -9.86460E-01 -8.68340E-01 -5.71840E-01  7.46450E-02  8.60310E-01
 -9.83280E-01 -8.42520E-01 -5.25500E-01  5.99020E-02  8.34670E-01
 -9.82180E-01 -8.25090E-01 -4.66860E-01  7.39290E-02  8.41630E-01
 -9.76000E-01 -8.05750E-01 -4.11040E-01  1.98230E-01  8.68260E-01
 -9.70980E-01 -7.23620E-01 -2.63990E-01  3.51070E-01  9.00130E-01
 -7.88850E-01 -5.52830E-01 -3.35420E-01 -1.63450E-02  7.17080E-01
 -6.44180E-01 -2.84350E-01  1.82400E-02  3.54820E-01  8.74680E-01
 -5.51880E-01 -6.33490E-02  2.57010E-01  5.86600E-01  9.28530E-01
 -5.08330E-01  9.63580E-02  4.85380E-01  7.66420E-01  9.65580E-01
 -5.75640E-01  6.69260E-02  5.33490E-01  8.34950E-01  9.81220E-01
  1.96500E-01  4.89790E-01  6.65710E-01  8.08670E-01  9.60750E-01
  2.72570E-01  6.24340E-01  7.98350E-01  9.16450E-01  9.90620E-01
  3.27240E-01  6.87620E-01  8.53960E-01  9.47830E-01  9.94700E-01
  3.12080E-01  6.82320E-01  8.53800E-01  9.52400E-01  9.95750E-01
  3.39210E-01  6.87910E-01  8.59290E-01  9.52240E-01  9.94730E-01


   10.  20.18   74. 183.85  1.00E+02  4.50E+01  7.01E-01

  2.19130E+01  5.27310E+01  6.63400E+01  7.64120E+01  8.55090E+01

  5.76850E-01  7.36360E-01  8.33640E-01  9.10420E-01  9.73680E-01
  5.11270E-01  6.79200E-01  7.92160E-01  8.84270E-01  9.63740E-01
  4.48800E-01  6.38570E-01  7.67650E-01  8.73980E-01  9.60820E-01
  4.03550E-01  5.71760E-01  6.84620E-01  7.77660E-01  8.87880E-01
  2.55130E-01  3.57340E-01  4.38700E-01  5.28380E-01  6.61170E-01

 -9.41100E-01 -5.78230E-01  1.65510E-02  6.01010E-01  9.57340E-01
 -9.47040E-01 -5.82660E-01 -3.31510E-03  5.83830E-01  9.51690E-01
 -9.52800E-01 -5.96160E-01  8.21350E-03  6.01630E-01  9.55740E-01
 -9.55370E-01 -5.97040E-01 -5.46590E-03  5.91780E-01  9.52640E-01
 -9.43160E-01 -5.63180E-01  3.92850E-02  6.16630E-01  9.56500E-01
 -9.72610E-01 -7.84940E-01 -4.15980E-01  2.17610E-01  8.91160E-01
 -9.70490E-01 -7.62100E-01 -3.20270E-01  3.06830E-01  8.98930E-01
 -9.67210E-01 -7.20070E-01 -2.56610E-01  3.90230E-01  9.18980E-01
 -9.64260E-01 -7.07490E-01 -1.94820E-01  4.41830E-01  9.24390E-01
 -9.62550E-01 -6.65580E-01 -1.16330E-01  5.12270E-01  9.39560E-01
 -8.43580E-01 -6.76350E-01 -4.86890E-01 -1.75980E-01  7.16510E-01
 -8.10870E-01 -5.78620E-01 -3.46300E-01  3.68210E-02  8.55000E-01
 -8.05910E-01 -5.25800E-01 -2.57360E-01  1.85390E-01  8.53650E-01
 -8.06700E-01 -4.39980E-01 -1.06960E-01  3.00630E-01  8.66950E-01
 -8.76320E-01 -4.44780E-01 -1.74640E-02  4.52000E-01  8.99440E-01
 -1.38640E-01  1.42860E-01  3.19060E-01  5.31020E-01  9.13820E-01
 -3.39110E-02  3.17330E-01  5.16860E-01  7.22330E-01  9.58540E-01
  5.67190E-02  4.71590E-01  6.87330E-01  8.48220E-01  9.77090E-01
  1.09930E-01  5.66960E-01  7.98170E-01  9.25910E-01  9.92090E-01
  4.87130E-02  5.34890E-01  7.88040E-01  9.28970E-01  9.92340E-01
  5.82370E-01  7.49730E-01  8.40270E-01  9.11920E-01  9.81770E-01
  6.26470E-01  8.13790E-01  9.01690E-01  9.63380E-01  9.95770E-01
  6.34150E-01  8.39320E-01  9.25170E-01  9.74300E-01  9.97220E-01
  6.46130E-01  8.37920E-01  9.27040E-01  9.76050E-01  9.97410E-01
  6.68310E-01  8.53210E-01  9.34070E-01  9.76740E-01  9.97280E-01


   10.  20.18   74. 183.85  1.00E+02  6.00E+01  8.30E-01

  3.87040E+01  6.66720E+01  7.86040E+01  8.61860E+01  9.25520E+01

  5.37750E-01  7.04960E-01  8.12060E-01  8.97520E-01  9.69700E-01
  4.31370E-01  6.12780E-01  7.45180E-01  8.56770E-01  9.52810E-01
  4.07790E-01  5.83500E-01  7.09140E-01  8.10050E-01  9.06610E-01
  3.34910E-01  4.63090E-01  5.50580E-01  6.30310E-01  7.46430E-01
  1.96250E-01  2.69460E-01  3.28190E-01  3.95460E-01  5.07200E-01

 -9.61710E-01 -6.68160E-01 -1.55210E-01  4.51990E-01  9.32580E-01
 -9.62300E-01 -6.48250E-01 -1.27430E-01  4.93910E-01  9.35990E-01
 -9.61530E-01 -6.61850E-01 -1.04520E-01  4.74400E-01  9.32790E-01
 -9.55730E-01 -6.51490E-01 -9.27600E-02  5.12340E-01  9.49670E-01
 -9.56660E-01 -6.02210E-01 -3.51740E-02  5.45910E-01  9.45000E-01
 -8.12660E-01 -6.59300E-01 -4.92240E-01 -1.91680E-01  6.83380E-01
 -8.05680E-01 -6.23400E-01 -4.16460E-01 -3.40470E-02  8.05350E-01
 -8.16260E-01 -6.12060E-01 -3.76400E-01  4.20390E-02  8.24540E-01
 -8.82390E-01 -6.33000E-01 -3.46140E-01  1.26760E-01  8.56250E-01
 -9.49820E-01 -6.65790E-01 -2.06820E-01  3.63650E-01  9.04670E-01
 -8.21160E-02  1.58860E-01  3.12510E-01  5.15170E-01  8.99370E-01
 -1.30110E-02  2.84660E-01  4.56900E-01  6.55350E-01  9.49810E-01
  6.69900E-02  3.93150E-01  5.81510E-01  7.51240E-01  9.56490E-01
  1.85270E-01  5.44980E-01  7.43810E-01  8.80730E-01  9.82190E-01
  7.84900E-02  5.63050E-01  7.93750E-01  9.26960E-01  9.91320E-01
  4.48780E-01  6.13890E-01  7.09580E-01  8.12080E-01  9.67440E-01
  5.35040E-01  7.25820E-01  8.22710E-01  9.02900E-01  9.83480E-01
  6.05020E-01  7.99820E-01  8.91960E-01  9.53840E-01  9.93400E-01
  6.43650E-01  8.33880E-01  9.26130E-01  9.75160E-01  9.97190E-01
  6.69630E-01  8.55740E-01  9.37900E-01  9.79690E-01  9.97980E-01
  8.21520E-01  8.98480E-01  9.39140E-01  9.68350E-01  9.94950E-01
  8.40750E-01  9.25730E-01  9.64260E-01  9.87560E-01  9.98770E-01
  8.46250E-01  9.34570E-01  9.70150E-01  9.90120E-01  9.99040E-01
  8.43910E-01  9.35850E-01  9.73050E-01  9.91120E-01  9.98990E-01
  8.53620E-01  9.35930E-01  9.71720E-01  9.90750E-01  9.99000E-01


   10.  20.18   74. 183.85  1.00E+02  7.00E+01  9.31E-01

  6.01530E+01  7.95350E+01  8.78010E+01  9.27840E+01  9.64600E+01

  4.49750E-01  6.25530E-01  7.50180E-01  8.56970E-01  9.52570E-01
  4.11420E-01  5.91360E-01  7.28880E-01  8.42920E-01  9.32330E-01
  3.46870E-01  4.86460E-01  5.83630E-01  6.64590E-01  7.67160E-01
  2.68260E-01  3.61180E-01  4.25320E-01  4.92290E-01  5.95340E-01
  1.49630E-01  2.04740E-01  2.49700E-01  3.00720E-01  3.78370E-01

 -9.78130E-01 -8.30590E-01 -5.16980E-01 -3.18620E-02  6.74020E-01
 -9.72650E-01 -7.65920E-01 -4.04440E-01  9.47700E-02  7.75990E-01
 -9.71690E-01 -7.46880E-01 -3.28020E-01  1.88870E-01  8.44020E-01
 -9.66140E-01 -7.23960E-01 -3.01300E-01  1.96260E-01  8.49840E-01
 -9.71830E-01 -7.15630E-01 -2.77690E-01  2.55860E-01  8.88880E-01
 -7.92990E-02  1.34610E-01  2.82420E-01  4.73580E-01  8.86560E-01
 -3.25720E-02  2.01910E-01  3.68050E-01  5.63300E-01  9.15330E-01
  1.19610E-02  2.83460E-01  4.63730E-01  6.48440E-01  9.34870E-01
  8.37910E-02  4.02370E-01  6.08140E-01  7.88100E-01  9.60740E-01
 -4.99360E-02  4.06620E-01  6.79040E-01  8.81990E-01  9.86310E-01
  4.83320E-01  6.22090E-01  7.11340E-01  8.20830E-01  9.69840E-01
  5.59370E-01  7.07540E-01  7.92650E-01  8.76490E-01  9.79840E-01
  6.30760E-01  7.87950E-01  8.72020E-01  9.35610E-01  9.89630E-01
  6.88860E-01  8.57350E-01  9.29310E-01  9.73890E-01  9.96900E-01
  7.33930E-01  8.83610E-01  9.47220E-01  9.83440E-01  9.98040E-01
  7.56430E-01  8.37140E-01  8.83170E-01  9.29340E-01  9.86380E-01
  7.99590E-01  8.90900E-01  9.38520E-01  9.72260E-01  9.96440E-01
  8.34640E-01  9.21100E-01  9.61450E-01  9.85890E-01  9.98450E-01
  8.41130E-01  9.31580E-01  9.70440E-01  9.89920E-01  9.98990E-01
  8.62620E-01  9.41610E-01  9.73580E-01  9.90910E-01  9.98990E-01
  9.26780E-01  9.60580E-01  9.77570E-01  9.89480E-01  9.97950E-01
  9.29200E-01  9.67800E-01  9.84630E-01  9.94560E-01  9.99400E-01
  9.34130E-01  9.71370E-01  9.87030E-01  9.95590E-01  9.99580E-01
  9.32860E-01  9.71160E-01  9.87490E-01  9.95780E-01  9.99530E-01
  9.41370E-01  9.76340E-01  9.89530E-01  9.96570E-01  9.99630E-01


   10.  20.18   74. 183.85  1.00E+02  8.00E+01  9.97E-01

  8.60620E+01  9.44180E+01  9.69890E+01  9.83000E+01  9.90020E+01

  4.16950E-01  6.00810E-01  7.21300E-01  8.09180E-01  8.91210E-01
  3.20760E-01  4.26910E-01  4.89710E-01  5.46050E-01  6.23220E-01
  2.37070E-01  2.98730E-01  3.42430E-01  3.85610E-01  4.44950E-01
  1.53540E-01  1.93380E-01  2.25520E-01  2.56510E-01  2.98400E-01
  7.89750E-02  1.06620E-01  1.27470E-01  1.48610E-01  1.77980E-01

 -1.66940E-01  2.28780E-01  4.61900E-01  6.21580E-01  8.63540E-01
 -1.15390E-01  2.90420E-01  5.37720E-01  6.85250E-01  8.77760E-01
 -5.64880E-02  4.02210E-01  6.43530E-01  7.97430E-01  9.28440E-01
  2.22430E-02  5.11450E-01  7.61290E-01  9.02150E-01  9.86390E-01
 -1.89010E-02  3.94030E-01  7.13880E-01  9.06270E-01  9.89620E-01
  7.88850E-01  8.50630E-01  8.86370E-01  9.21440E-01  9.81580E-01
  8.35290E-01  8.99370E-01  9.34640E-01  9.64200E-01  9.90900E-01
  8.71750E-01  9.34530E-01  9.65860E-01  9.85720E-01  9.98380E-01
  8.89300E-01  9.51720E-01  9.77830E-01  9.92380E-01  9.99150E-01
  9.11620E-01  9.63530E-01  9.84320E-01  9.94720E-01  9.99480E-01
  9.11250E-01  9.42770E-01  9.59730E-01  9.74070E-01  9.91350E-01
  9.33320E-01  9.65680E-01  9.82250E-01  9.92900E-01  9.99030E-01
  9.42670E-01  9.73470E-01  9.87360E-01  9.95790E-01  9.99460E-01
  9.51970E-01  9.78630E-01  9.90410E-01  9.96780E-01  9.99650E-01
  9.61220E-01  9.83300E-01  9.92860E-01  9.97670E-01  9.99740E-01
  9.66750E-01  9.80920E-01  9.88240E-01  9.93770E-01  9.98490E-01
  9.71010E-01  9.86090E-01  9.93000E-01  9.97510E-01  9.99720E-01
  9.75830E-01  9.88840E-01  9.94750E-01  9.98210E-01  9.99820E-01
  9.78820E-01  9.90920E-01  9.95950E-01  9.98600E-01  9.99840E-01
  9.82380E-01  9.92530E-01  9.96780E-01  9.98940E-01  9.99880E-01
  9.90870E-01  9.95660E-01  9.97850E-01  9.99200E-01  9.99910E-01
  9.90960E-01  9.95960E-01  9.98190E-01  9.99390E-01  9.99920E-01
  9.91510E-01  9.96130E-01  9.98340E-01  9.99450E-01  9.99930E-01
  9.91600E-01  9.96490E-01  9.98500E-01  9.99480E-01  9.99950E-01
  9.92990E-01  9.97140E-01  9.98710E-01  9.99580E-01  9.99960E-01


   10.  20.18   74. 183.85  1.00E+02  8.50E+01  1.00E+00

  9.69660E+01  9.88260E+01  9.92620E+01  9.94750E+01  9.96290E+01

  3.20740E-01  3.80110E-01  4.28840E-01  4.86980E-01  5.91080E-01
  1.68190E-01  1.97110E-01  2.18990E-01  2.41050E-01  2.72590E-01
  1.12290E-01  1.34060E-01  1.49920E-01  1.64710E-01  1.84350E-01
  7.74880E-02  9.34020E-02  1.04160E-01  1.14040E-01  1.27150E-01
  4.04700E-02  5.19660E-02  5.98070E-02  6.72270E-02  7.73770E-02

  9.11250E-01  9.54000E-01  9.70980E-01  9.83150E-01  9.94460E-01
  9.37280E-01  9.73830E-01  9.88910E-01  9.96210E-01  9.99580E-01
  9.33240E-01  9.75280E-01  9.89600E-01  9.96640E-01  9.99620E-01
  9.14990E-01  9.70130E-01  9.87920E-01  9.96220E-01  9.99610E-01
  7.73220E-01  9.25230E-01  9.70660E-01  9.91220E-01  9.99140E-01
  9.81750E-01  9.88920E-01  9.92880E-01  9.95920E-01  9.98900E-01
  9.86780E-01  9.93700E-01  9.96890E-01  9.98860E-01  9.99860E-01
  9.88230E-01  9.94870E-01  9.97640E-01  9.99190E-01  9.99910E-01
  9.89800E-01  9.95660E-01  9.98140E-01  9.99380E-01  9.99930E-01
  9.90750E-01  9.96310E-01  9.98440E-01  9.99500E-01  9.99950E-01
  9.91750E-01  9.95440E-01  9.97250E-01  9.98640E-01  9.99740E-01
  9.93450E-01  9.96900E-01  9.98550E-01  9.99510E-01  9.99950E-01
  9.94200E-01  9.97510E-01  9.98860E-01  9.99620E-01  9.99960E-01
  9.95120E-01  9.97940E-01  9.99090E-01  9.99690E-01  9.99970E-01
  9.96170E-01  9.98460E-01  9.99340E-01  9.99780E-01  9.99970E-01
  9.95780E-01  9.97730E-01  9.98760E-01  9.99500E-01  9.99940E-01
  9.96590E-01  9.98400E-01  9.99260E-01  9.99750E-01  9.99970E-01
  9.97170E-01  9.98750E-01  9.99450E-01  9.99820E-01  9.99980E-01
  9.97610E-01  9.99000E-01  9.99580E-01  9.99860E-01  9.99980E-01
  9.98190E-01  9.99250E-01  9.99670E-01  9.99890E-01  9.99990E-01
  9.98490E-01  9.99290E-01  9.99660E-01  9.99880E-01  9.99990E-01
  9.98620E-01  9.99380E-01  9.99730E-01  9.99910E-01  9.99990E-01
  9.98690E-01  9.99430E-01  9.99740E-01  9.99920E-01  9.99990E-01
  9.98820E-01  9.99500E-01  9.99780E-01  9.99920E-01  9.99990E-01
  9.99060E-01  9.99620E-01  9.99830E-01  9.99940E-01  9.99990E-01


   10.  20.18   74. 183.85  2.00E+02  0.00E+00  4.83E-01

  2.12780E+01  6.64350E+01  1.01310E+02  1.24930E+02  1.41300E+02

  5.85840E-01  7.43070E-01  8.37950E-01  9.13450E-01  9.73920E-01
  5.37830E-01  7.04500E-01  8.11210E-01  8.96520E-01  9.67410E-01
  5.17830E-01  6.91050E-01  8.01270E-01  8.88140E-01  9.66060E-01
  5.66510E-01  7.37900E-01  8.34640E-01  9.06700E-01  9.64830E-01
  3.46520E-01  4.57710E-01  5.46840E-01  6.48820E-01  8.01200E-01

 -9.47530E-01 -5.31650E-01  5.01330E-02  6.03380E-01  9.54350E-01
 -9.54610E-01 -5.94870E-01  8.07500E-03  5.78710E-01  9.47290E-01
 -9.48910E-01 -5.87300E-01 -3.42450E-02  5.41240E-01  9.43540E-01
 -9.51640E-01 -6.13760E-01 -3.71300E-02  5.57010E-01  9.50730E-01
 -9.43090E-01 -5.76230E-01  1.92070E-02  5.89160E-01  9.46600E-01
 -9.48940E-01 -5.80010E-01  2.16830E-02  5.91240E-01  9.56980E-01
 -9.45490E-01 -5.81660E-01 -2.63470E-02  5.86260E-01  9.48640E-01
 -9.57360E-01 -5.82800E-01  2.12540E-02  5.65420E-01  9.47740E-01
 -9.49320E-01 -5.77600E-01 -1.59090E-02  5.96810E-01  9.55950E-01
 -9.53770E-01 -5.87010E-01  4.43050E-03  5.81290E-01  9.45100E-01
 -9.53640E-01 -6.04830E-01  1.96660E-02  5.78720E-01  9.49960E-01
 -9.58830E-01 -5.95290E-01 -1.27910E-02  5.90380E-01  9.51890E-01
 -9.45690E-01 -5.63260E-01  1.66510E-02  6.12070E-01  9.53850E-01
 -9.55250E-01 -5.90870E-01  9.76080E-03  6.01400E-01  9.53740E-01
 -9.55660E-01 -6.00180E-01 -4.51090E-02  5.78300E-01  9.48690E-01
 -9.47170E-01 -5.62570E-01  3.62690E-02  6.19970E-01  9.60450E-01
 -9.42780E-01 -5.76880E-01  2.21030E-02  5.97010E-01  9.49620E-01
 -9.52250E-01 -5.79640E-01  5.40670E-03  6.07060E-01  9.53520E-01
 -9.42280E-01 -5.95480E-01 -2.32500E-02  5.87140E-01  9.53770E-01
 -9.54500E-01 -5.86690E-01  2.33300E-02  5.87920E-01  9.48360E-01
 -9.36660E-01 -5.70810E-01  3.65940E-02  6.24780E-01  9.57750E-01
 -9.48950E-01 -5.89920E-01  1.10250E-02  5.76850E-01  9.48130E-01
 -9.49830E-01 -5.87970E-01  2.49030E-02  6.25130E-01  9.65590E-01
 -9.49960E-01 -5.81830E-01  1.94910E-02  5.94280E-01  9.51360E-01
 -9.49640E-01 -5.76690E-01 -1.01130E-02  5.85180E-01  9.52680E-01


   10.  20.18   74. 183.85  2.00E+02  3.00E+01  5.45E-01

  2.60140E+01  7.73040E+01  1.12260E+02  1.33070E+02  1.54910E+02

  5.77300E-01  7.36430E-01  8.35490E-01  9.11680E-01  9.73220E-01
  5.27940E-01  6.97500E-01  8.07710E-01  8.94310E-01  9.66260E-01
  5.12500E-01  6.91230E-01  8.00230E-01  8.86520E-01  9.64130E-01
  4.38490E-01  6.27990E-01  7.58770E-01  8.61440E-01  9.51530E-01
  2.99170E-01  4.34430E-01  5.33760E-01  6.33420E-01  7.78760E-01

 -9.46500E-01 -5.89460E-01 -5.39570E-02  5.64320E-01  9.47750E-01
 -9.47640E-01 -5.76490E-01 -1.70260E-02  5.61850E-01  9.52530E-01
 -9.53210E-01 -5.80370E-01 -1.84080E-04  5.82000E-01  9.47440E-01
 -9.49080E-01 -5.63430E-01  5.03930E-04  5.85010E-01  9.50830E-01
 -9.49840E-01 -5.85120E-01  1.38750E-03  5.76550E-01  9.50450E-01
 -9.48940E-01 -5.88490E-01  3.47200E-03  5.71390E-01  9.45170E-01
 -9.49220E-01 -6.05520E-01 -2.85250E-03  5.90030E-01  9.53630E-01
 -9.45490E-01 -5.79140E-01  8.38870E-03  5.98080E-01  9.47300E-01
 -9.49440E-01 -6.07840E-01 -9.55020E-03  5.72670E-01  9.44930E-01
 -9.50110E-01 -5.85770E-01  1.09920E-03  5.85890E-01  9.45850E-01
 -9.74290E-01 -7.52990E-01 -3.10160E-01  3.45160E-01  9.17350E-01
 -9.77790E-01 -7.68680E-01 -2.90800E-01  3.81400E-01  9.18460E-01
 -9.74520E-01 -7.62510E-01 -3.07610E-01  3.75760E-01  9.17860E-01
 -9.68780E-01 -7.32620E-01 -2.83360E-01  3.51720E-01  9.07010E-01
 -9.62970E-01 -6.65450E-01 -1.59370E-01  4.85070E-01  9.34510E-01
 -9.24830E-01 -7.53050E-01 -5.43710E-01 -1.12500E-01  7.93760E-01
 -8.18120E-01 -5.44550E-01 -2.36410E-01  2.36460E-01  8.99530E-01
 -7.25850E-01 -3.48800E-01 -1.03500E-02  3.98820E-01  9.00890E-01
 -6.44110E-01 -1.76000E-01  1.96620E-01  5.74310E-01  9.41600E-01
 -7.26820E-01 -1.83890E-01  2.80900E-01  7.04510E-01  9.58790E-01
  1.06940E-01  3.97390E-01  5.80450E-01  7.36810E-01  9.33920E-01
  1.96160E-01  5.51720E-01  7.41170E-01  8.88310E-01  9.84520E-01
  2.51180E-01  6.44260E-01  8.22570E-01  9.32970E-01  9.92050E-01
  2.58600E-01  6.48640E-01  8.47780E-01  9.47190E-01  9.94340E-01
  2.40140E-01  6.41550E-01  8.40150E-01  9.43140E-01  9.93740E-01


   10.  20.18   74. 183.85  2.00E+02  4.50E+01  6.29E-01

  3.52610E+01  9.40230E+01  1.26470E+02  1.48290E+02  1.68820E+02

  5.68150E-01  7.27090E-01  8.28880E-01  9.06890E-01  9.71870E-01
  5.08530E-01  6.81750E-01  7.95680E-01  8.87140E-01  9.64770E-01
  4.51060E-01  6.34330E-01  7.60480E-01  8.66330E-01  9.58010E-01
  4.08020E-01  5.85910E-01  7.08580E-01  8.10460E-01  9.12100E-01
  2.59130E-01  3.70530E-01  4.53960E-01  5.45160E-01  6.77310E-01

 -9.50920E-01 -5.86790E-01  2.66290E-02  5.89110E-01  9.45170E-01
 -9.42890E-01 -5.62120E-01  1.11800E-02  5.74020E-01  9.42140E-01
 -9.51760E-01 -5.84030E-01 -2.17420E-02  5.92500E-01  9.52330E-01
 -9.48650E-01 -5.58790E-01  5.13660E-02  6.28240E-01  9.55880E-01
 -9.50230E-01 -5.93910E-01 -3.81580E-02  5.66870E-01  9.50270E-01
 -9.62920E-01 -6.38100E-01 -1.27340E-01  4.61420E-01  9.38240E-01
 -9.60130E-01 -6.48850E-01 -1.02830E-01  4.91020E-01  9.30670E-01
 -9.53600E-01 -6.27140E-01 -7.26640E-02  5.25440E-01  9.44440E-01
 -9.56630E-01 -6.37680E-01 -1.00060E-01  5.05270E-01  9.37060E-01
 -9.52930E-01 -6.10090E-01 -4.10640E-02  5.55550E-01  9.46890E-01
 -9.61610E-01 -8.49690E-01 -6.65030E-01 -1.11440E-01  7.92990E-01
 -9.13520E-01 -7.52350E-01 -5.23280E-01  6.27480E-02  8.49400E-01
 -9.15940E-01 -7.27110E-01 -4.49090E-01  1.67370E-01  8.81830E-01
 -9.37400E-01 -7.31960E-01 -3.68270E-01  2.44440E-01  9.03670E-01
 -9.59610E-01 -6.85150E-01 -1.75140E-01  4.45260E-01  9.15910E-01
 -3.06360E-01 -3.26110E-02  1.61460E-01  4.31580E-01  9.06350E-01
 -2.43990E-01  1.47090E-01  3.75070E-01  6.23810E-01  9.46970E-01
 -1.32810E-01  2.91310E-01  5.35680E-01  7.46810E-01  9.63130E-01
 -4.60520E-02  4.33370E-01  6.95970E-01  8.68590E-01  9.84120E-01
 -1.93240E-01  3.97010E-01  7.25210E-01  9.02790E-01  9.86940E-01
  5.15600E-01  6.96720E-01  7.97820E-01  8.76380E-01  9.70510E-01
  5.76910E-01  7.80220E-01  8.85020E-01  9.51810E-01  9.93260E-01
  6.10210E-01  8.18920E-01  9.10460E-01  9.68100E-01  9.96640E-01
  5.96210E-01  8.20000E-01  9.19990E-01  9.73630E-01  9.96780E-01
  6.45170E-01  8.36330E-01  9.25150E-01  9.74400E-01  9.96970E-01


   10.  20.18   74. 183.85  2.00E+02  6.00E+01  7.62E-01

  5.96310E+01  1.24140E+02  1.51270E+02  1.69690E+02  1.83220E+02

  5.47970E-01  7.11330E-01  8.15720E-01  8.98850E-01  9.69290E-01
  4.26910E-01  6.07140E-01  7.37020E-01  8.48220E-01  9.50790E-01
  4.04930E-01  5.90820E-01  7.27120E-01  8.39980E-01  9.35190E-01
  3.30230E-01  4.72140E-01  5.68700E-01  6.54930E-01  7.66270E-01
  1.96930E-01  2.73530E-01  3.34760E-01  4.00950E-01  5.07080E-01

 -9.44680E-01 -5.42730E-01  2.18990E-02  5.97800E-01  9.54310E-01
 -9.54060E-01 -5.95690E-01 -2.61230E-02  5.54470E-01  9.43150E-01
 -9.48310E-01 -5.71520E-01  1.73830E-02  5.88900E-01  9.48080E-01
 -9.56640E-01 -5.94190E-01 -1.13110E-02  5.79890E-01  9.51030E-01
 -9.46150E-01 -5.66470E-01  2.38310E-02  5.75690E-01  9.50820E-01
 -9.71580E-01 -8.58670E-01 -6.61450E-01 -2.22530E-01  7.61040E-01
 -9.65920E-01 -8.20930E-01 -5.39010E-01  1.44180E-02  8.44760E-01
 -9.74000E-01 -8.15150E-01 -4.86830E-01  1.22410E-01  8.61150E-01
 -9.71510E-01 -7.81360E-01 -4.12650E-01  1.96110E-01  8.82390E-01
 -9.67480E-01 -7.28720E-01 -3.02060E-01  3.30830E-01  9.13090E-01
 -2.70150E-01 -2.11520E-02  1.50450E-01  4.22510E-01  8.96810E-01
 -2.34430E-01  6.61840E-02  2.77780E-01  5.47340E-01  9.34320E-01
 -1.73980E-01  1.70660E-01  3.99960E-01  6.41290E-01  9.45660E-01
 -9.15230E-02  3.11840E-01  5.48120E-01  7.57250E-01  9.62400E-01
 -2.21520E-01  3.14340E-01  6.47920E-01  8.59980E-01  9.85650E-01
  3.58910E-01  5.39760E-01  6.38550E-01  7.62340E-01  9.59570E-01
  4.37160E-01  6.49580E-01  7.57480E-01  8.58480E-01  9.76950E-01
  5.22400E-01  7.53670E-01  8.56310E-01  9.33690E-01  9.89380E-01
  5.93230E-01  8.17140E-01  9.13620E-01  9.69780E-01  9.96470E-01
  6.31250E-01  8.34950E-01  9.28820E-01  9.76760E-01  9.97560E-01
  7.94220E-01  8.78820E-01  9.23190E-01  9.59400E-01  9.93690E-01
  8.24710E-01  9.12800E-01  9.55500E-01  9.82740E-01  9.97960E-01
  8.33970E-01  9.26720E-01  9.65440E-01  9.87870E-01  9.98540E-01
  8.41930E-01  9.35340E-01  9.71100E-01  9.90750E-01  9.99030E-01
  8.52820E-01  9.38830E-01  9.72940E-01  9.90680E-01  9.98950E-01


   10.  20.18   74. 183.85  2.00E+02  7.00E+01  8.84E-01

  1.01920E+02  1.53140E+02  1.72930E+02  1.83920E+02  1.92190E+02

  4.60160E-01  6.30060E-01  7.49000E-01  8.51310E-01  9.48410E-01
  3.91430E-01  5.79030E-01  7.25370E-01  8.51060E-01  9.47430E-01
  3.32570E-01  4.80560E-01  5.93180E-01  6.81000E-01  7.77740E-01
  2.55700E-01  3.53640E-01  4.20800E-01  4.85850E-01  5.85360E-01
  1.44500E-01  1.97000E-01  2.39340E-01  2.89650E-01  3.68140E-01

 -9.68540E-01 -7.37910E-01 -3.82430E-01  4.61750E-02  7.30070E-01
 -9.70830E-01 -7.37680E-01 -3.50420E-01  1.38850E-01  8.56300E-01
 -9.66650E-01 -7.27860E-01 -3.18440E-01  2.41440E-01  8.81200E-01
 -9.70040E-01 -7.48220E-01 -3.30190E-01  3.10080E-01  9.12420E-01
 -9.61530E-01 -6.58310E-01 -1.54510E-01  4.81670E-01  9.35270E-01
 -2.93560E-01 -6.16650E-02  1.05960E-01  3.31930E-01  8.40690E-01
 -2.64840E-01 -6.01030E-03  1.92610E-01  4.62160E-01  9.07900E-01
 -2.27680E-01  5.16060E-02  2.64260E-01  5.19300E-01  9.21820E-01
 -2.72150E-01  6.73700E-02  3.37560E-01  5.85140E-01  9.16790E-01
 -3.21370E-01  6.45570E-02  4.15510E-01  7.08200E-01  9.45170E-01
  4.07140E-01  5.53160E-01  6.41640E-01  7.70460E-01  9.60750E-01
  4.70630E-01  6.35840E-01  7.33050E-01  8.35920E-01  9.73020E-01
  5.54920E-01  7.27920E-01  8.17400E-01  8.93950E-01  9.81680E-01
  6.43870E-01  8.24710E-01  9.06540E-01  9.62140E-01  9.94840E-01
  7.15040E-01  8.75050E-01  9.44600E-01  9.82410E-01  9.98020E-01
  7.39730E-01  8.19000E-01  8.67380E-01  9.28590E-01  9.90820E-01
  7.81830E-01  8.70650E-01  9.18990E-01  9.59590E-01  9.94840E-01
  8.22650E-01  9.11570E-01  9.54680E-01  9.82030E-01  9.97630E-01
  8.40570E-01  9.33940E-01  9.70460E-01  9.90150E-01  9.98940E-01
  8.61160E-01  9.39910E-01  9.73680E-01  9.91030E-01  9.99010E-01
  9.23060E-01  9.57070E-01  9.74080E-01  9.86920E-01  9.97510E-01
  9.27870E-01  9.67550E-01  9.84020E-01  9.93940E-01  9.99300E-01
  9.32780E-01  9.71000E-01  9.87060E-01  9.95580E-01  9.99500E-01
  9.34760E-01  9.71740E-01  9.87590E-01  9.95810E-01  9.99520E-01
  9.39210E-01  9.74500E-01  9.88750E-01  9.96360E-01  9.99600E-01


   10.  20.18   74. 183.85  2.00E+02  8.00E+01  9.90E-01

  1.66520E+02  1.86760E+02  1.93100E+02  1.95930E+02  1.97570E+02

  3.75850E-01  5.64260E-01  7.03480E-01  8.14470E-01  9.05630E-01
  2.92820E-01  4.11690E-01  4.90200E-01  5.53480E-01  6.29500E-01
  2.21340E-01  2.91910E-01  3.37740E-01  3.82750E-01  4.43880E-01
  1.58760E-01  2.00820E-01  2.31220E-01  2.62330E-01  3.05140E-01
  8.52720E-02  1.10680E-01  1.30230E-01  1.50630E-01  1.78930E-01

 -2.60050E-01  3.89910E-02  3.02230E-01  4.94130E-01  8.20780E-01
 -2.23220E-01  9.48020E-02  3.63910E-01  5.52780E-01  8.43190E-01
 -1.61280E-01  1.84310E-01  4.63860E-01  6.50210E-01  8.75060E-01
 -1.18450E-01  2.61310E-01  5.62970E-01  7.60930E-01  9.26950E-01
 -8.25290E-02  3.06080E-01  6.68490E-01  8.73740E-01  9.83380E-01
  7.55800E-01  8.19340E-01  8.65990E-01  9.28060E-01  9.91430E-01
  7.99250E-01  8.63260E-01  9.03850E-01  9.40380E-01  9.90130E-01
  8.40760E-01  9.06110E-01  9.44500E-01  9.74170E-01  9.95990E-01
  8.76290E-01  9.39940E-01  9.71350E-01  9.89540E-01  9.98870E-01
  9.05330E-01  9.60120E-01  9.82640E-01  9.94390E-01  9.99370E-01
  8.99710E-01  9.31630E-01  9.49130E-01  9.67740E-01  9.93750E-01
  9.23780E-01  9.56930E-01  9.73850E-01  9.87170E-01  9.97540E-01
  9.39090E-01  9.70000E-01  9.85030E-01  9.94120E-01  9.99270E-01
  9.48180E-01  9.76940E-01  9.89520E-01  9.96340E-01  9.99630E-01
  9.57390E-01  9.81580E-01  9.91900E-01  9.97310E-01  9.99700E-01
  9.57790E-01  9.72960E-01  9.81700E-01  9.88820E-01  9.96490E-01
  9.66380E-01  9.83210E-01  9.91550E-01  9.96730E-01  9.99610E-01
  9.71280E-01  9.86590E-01  9.93730E-01  9.97770E-01  9.99760E-01
  9.76100E-01  9.89420E-01  9.95400E-01  9.98490E-01  9.99850E-01
  9.81050E-01  9.91960E-01  9.96530E-01  9.98850E-01  9.99880E-01
  9.88330E-01  9.93800E-01  9.96590E-01  9.98460E-01  9.99750E-01
  9.89090E-01  9.95050E-01  9.97710E-01  9.99200E-01  9.99920E-01
  9.90220E-01  9.95550E-01  9.98030E-01  9.99320E-01  9.99930E-01
  9.91140E-01  9.96160E-01  9.98310E-01  9.99410E-01  9.99940E-01
  9.92420E-01  9.96870E-01  9.98670E-01  9.99540E-01  9.99950E-01


   10.  20.18   74. 183.85  2.00E+02  8.50E+01  1.00E+00

  1.93800E+02  1.97310E+02  1.98310E+02  1.98770E+02  1.99090E+02

  3.03170E-01  3.65880E-01  4.12650E-01  4.70280E-01  5.77660E-01
  1.69380E-01  1.99980E-01  2.20780E-01  2.40610E-01  2.69100E-01
  1.12480E-01  1.31760E-01  1.45180E-01  1.57490E-01  1.74110E-01
  7.82120E-02  9.14710E-02  1.00320E-01  1.08420E-01  1.19010E-01
  4.34330E-02  5.30970E-02  5.96150E-02  6.58910E-02  7.42050E-02

  9.03850E-01  9.46910E-01  9.64160E-01  9.77430E-01  9.90250E-01
  9.34290E-01  9.72040E-01  9.87090E-01  9.95300E-01  9.99450E-01
  9.30040E-01  9.74630E-01  9.89140E-01  9.96650E-01  9.99610E-01
  9.02300E-01  9.68550E-01  9.86920E-01  9.95850E-01  9.99530E-01
  6.82790E-01  9.10550E-01  9.66830E-01  9.89680E-01  9.98990E-01
  9.78430E-01  9.86190E-01  9.90560E-01  9.94100E-01  9.97910E-01
  9.85330E-01  9.92460E-01  9.96190E-01  9.98530E-01  9.99830E-01
  9.87640E-01  9.94440E-01  9.97440E-01  9.99120E-01  9.99900E-01
  9.89680E-01  9.95640E-01  9.98110E-01  9.99400E-01  9.99930E-01
  9.91330E-01  9.96370E-01  9.98460E-01  9.99490E-01  9.99950E-01
  9.91230E-01  9.94600E-01  9.96650E-01  9.98180E-01  9.99610E-01
  9.93890E-01  9.97000E-01  9.98540E-01  9.99470E-01  9.99940E-01
  9.95020E-01  9.97710E-01  9.98930E-01  9.99620E-01  9.99950E-01
  9.95720E-01  9.98190E-01  9.99220E-01  9.99730E-01  9.99970E-01
  9.96690E-01  9.98630E-01  9.99400E-01  9.99810E-01  9.99980E-01
  9.95640E-01  9.97490E-01  9.98540E-01  9.99310E-01  9.99890E-01
  9.96860E-01  9.98510E-01  9.99270E-01  9.99740E-01  9.99970E-01
  9.97540E-01  9.98870E-01  9.99490E-01  9.99820E-01  9.99980E-01
  9.97930E-01  9.99120E-01  9.99590E-01  9.99860E-01  9.99990E-01
  9.98430E-01  9.99340E-01  9.99710E-01  9.99900E-01  9.99990E-01
  9.98440E-01  9.99230E-01  9.99600E-01  9.99840E-01  9.99980E-01
  9.98720E-01  9.99420E-01  9.99740E-01  9.99910E-01  9.99990E-01
  9.98850E-01  9.99480E-01  9.99770E-01  9.99930E-01  9.99990E-01
  9.98970E-01  9.99560E-01  9.99800E-01  9.99940E-01  9.99990E-01
  9.99210E-01  9.99660E-01  9.99850E-01  9.99950E-01  9.99990E-01


   10.  20.18   74. 183.85  5.00E+02  0.00E+00  4.22E-01

  4.78370E+01  1.50480E+02  2.37210E+02  3.01110E+02  3.49310E+02

  5.62650E-01  7.23480E-01  8.25150E-01  9.04640E-01  9.70910E-01
  5.10060E-01  6.85260E-01  7.97260E-01  8.87980E-01  9.64360E-01
  4.83260E-01  6.64200E-01  7.83660E-01  8.81200E-01  9.63200E-01
  5.17580E-01  7.08600E-01  8.22690E-01  9.03020E-01  9.70440E-01
  3.61440E-01  4.77860E-01  5.69020E-01  6.67020E-01  8.15160E-01

 -9.42860E-01 -5.95120E-01 -6.61900E-03  5.65050E-01  9.47350E-01
 -9.53140E-01 -5.70350E-01  3.78150E-02  6.01610E-01  9.55720E-01
 -9.47680E-01 -5.90510E-01  7.88160E-04  5.86180E-01  9.52360E-01
 -9.52180E-01 -5.78570E-01 -4.41960E-03  5.87380E-01  9.50340E-01
 -9.34970E-01 -5.45890E-01  5.57970E-02  6.05650E-01  9.52700E-01
 -9.41350E-01 -5.74270E-01 -2.26380E-02  5.87450E-01  9.51130E-01
 -9.47110E-01 -5.68610E-01  1.29430E-02  5.99410E-01  9.56340E-01
 -9.47190E-01 -5.55440E-01 -2.19380E-03  5.80020E-01  9.52630E-01
 -9.48380E-01 -5.78360E-01  1.77000E-02  5.95490E-01  9.50950E-01
 -9.48190E-01 -5.73630E-01  6.15070E-02  6.05190E-01  9.43150E-01
 -9.44540E-01 -5.97690E-01 -7.90330E-03  5.55430E-01  9.47450E-01
 -9.48750E-01 -5.66020E-01  1.35830E-03  6.01140E-01  9.60620E-01
 -9.58020E-01 -5.92690E-01  6.81480E-04  5.82310E-01  9.44120E-01
 -9.55710E-01 -5.98610E-01 -1.14870E-02  5.81200E-01  9.49110E-01
 -9.46500E-01 -5.88820E-01  2.47140E-02  5.93660E-01  9.38490E-01
 -9.46430E-01 -5.96380E-01 -4.13550E-03  5.95680E-01  9.57450E-01
 -9.42160E-01 -5.63590E-01  2.63140E-02  6.06880E-01  9.52460E-01
 -9.57100E-01 -6.01340E-01 -1.35480E-03  6.12640E-01  9.53150E-01
 -9.48500E-01 -6.02120E-01 -3.36230E-02  6.03800E-01  9.43110E-01
 -9.48550E-01 -5.64150E-01  1.26830E-02  5.93320E-01  9.56460E-01
 -9.53030E-01 -5.63370E-01  1.86920E-03  5.79600E-01  9.53440E-01
 -9.42750E-01 -5.48150E-01  4.74840E-02  6.08630E-01  9.51550E-01
 -9.48610E-01 -6.01750E-01 -4.47150E-02  5.27840E-01  9.45230E-01
 -9.47690E-01 -5.51930E-01  6.22040E-03  6.20600E-01  9.48730E-01
 -9.52040E-01 -5.78380E-01  4.00050E-03  6.03710E-01  9.49460E-01


   10.  20.18   74. 183.85  5.00E+02  3.00E+01  4.77E-01

  5.67050E+01  1.71730E+02  2.59270E+02  3.19600E+02  3.77390E+02

  5.52480E-01  7.18610E-01  8.23330E-01  9.06090E-01  9.72240E-01
  4.97490E-01  6.77340E-01  7.92500E-01  8.85450E-01  9.64750E-01
  4.77740E-01  6.57320E-01  7.76960E-01  8.76820E-01  9.59580E-01
  4.54220E-01  6.36490E-01  7.64730E-01  8.66030E-01  9.56910E-01
  2.96120E-01  4.44020E-01  5.53970E-01  6.61150E-01  8.02800E-01

 -9.55400E-01 -5.84650E-01 -2.72660E-02  5.54000E-01  9.58670E-01
 -9.47150E-01 -5.60470E-01  1.11420E-02  5.78150E-01  9.48280E-01
 -9.40710E-01 -5.58740E-01  3.94020E-02  5.85720E-01  9.46900E-01
 -9.50180E-01 -5.71380E-01  2.18150E-02  6.27140E-01  9.59910E-01
 -9.49000E-01 -5.83720E-01  1.70990E-02  5.74740E-01  9.43890E-01
 -9.41330E-01 -5.83030E-01  1.08950E-02  6.08740E-01  9.50470E-01
 -9.46690E-01 -5.69980E-01  2.14460E-02  6.02410E-01  9.53020E-01
 -9.42320E-01 -5.79070E-01  4.12160E-02  6.22250E-01  9.58590E-01
 -9.54960E-01 -5.65920E-01  6.03140E-04  5.70290E-01  9.41290E-01
 -9.53360E-01 -6.09810E-01 -3.76810E-02  5.67440E-01  9.51700E-01
 -9.67570E-01 -6.96930E-01 -1.54030E-01  4.93150E-01  9.37870E-01
 -9.59740E-01 -6.70670E-01 -1.57010E-01  4.96590E-01  9.31180E-01
 -9.58690E-01 -6.64040E-01 -1.15480E-01  5.10920E-01  9.35400E-01
 -9.59750E-01 -6.38280E-01 -7.33650E-02  5.41480E-01  9.40350E-01
 -9.50630E-01 -6.21800E-01 -7.04700E-02  5.19860E-01  9.37020E-01
 -9.83800E-01 -8.17410E-01 -4.44120E-01  2.03410E-01  9.00680E-01
 -9.39160E-01 -7.20840E-01 -3.42780E-01  3.16930E-01  9.29000E-01
 -8.75690E-01 -6.08060E-01 -2.52490E-01  3.41170E-01  9.08510E-01
 -8.13570E-01 -4.87300E-01 -1.02320E-01  4.44560E-01  9.28650E-01
 -8.60210E-01 -4.30400E-01  3.47450E-02  5.84110E-01  9.48280E-01
 -1.48630E-01  2.04020E-01  4.51240E-01  6.70380E-01  9.61720E-01
  5.69420E-03  3.62280E-01  6.17080E-01  8.06300E-01  9.72560E-01
  9.79790E-02  5.09370E-01  7.40860E-01  9.02240E-01  9.89950E-01
  1.07320E-01  6.00200E-01  8.01280E-01  9.30500E-01  9.90810E-01
  1.11050E-01  5.62280E-01  8.04210E-01  9.37950E-01  9.93050E-01


   10.  20.18   74. 183.85  5.00E+02  4.50E+01  5.51E-01

  7.18390E+01  2.04210E+02  2.93280E+02  3.51420E+02  4.12580E+02

  5.46750E-01  7.12420E-01  8.15750E-01  8.98930E-01  9.68510E-01
  4.86450E-01  6.67670E-01  7.83800E-01  8.80160E-01  9.62260E-01
  4.53860E-01  6.33220E-01  7.56720E-01  8.60550E-01  9.53730E-01
  4.02560E-01  5.94230E-01  7.29540E-01  8.42370E-01  9.42100E-01
  2.62320E-01  3.88860E-01  4.82290E-01  5.74500E-01  7.09640E-01

 -9.48240E-01 -5.72460E-01  2.90470E-02  6.21730E-01  9.56950E-01
 -9.53050E-01 -5.99510E-01 -9.67690E-03  5.62740E-01  9.44630E-01
 -9.51330E-01 -5.98280E-01 -3.36460E-02  5.82940E-01  9.53490E-01
 -9.48850E-01 -5.82550E-01  1.07000E-02  5.97540E-01  9.50120E-01
 -9.49610E-01 -5.77640E-01  7.92970E-03  6.00260E-01  9.52540E-01
 -9.55110E-01 -5.85620E-01 -2.44860E-02  5.72840E-01  9.53930E-01
 -9.40590E-01 -5.71230E-01 -3.48510E-03  6.09870E-01  9.54430E-01
 -9.54150E-01 -5.81550E-01  2.07670E-03  5.93420E-01  9.48830E-01
 -9.52950E-01 -6.06850E-01 -3.14860E-02  5.67840E-01  9.53580E-01
 -9.45350E-01 -5.64160E-01  3.30240E-02  5.81660E-01  9.43550E-01
 -9.84340E-01 -8.51720E-01 -5.25290E-01  1.86730E-01  8.80030E-01
 -9.77150E-01 -7.98180E-01 -4.09830E-01  3.01360E-01  9.02690E-01
 -9.80070E-01 -7.86470E-01 -3.67620E-01  3.40480E-01  9.24680E-01
 -9.69300E-01 -7.55210E-01 -3.12410E-01  4.21740E-01  9.27380E-01
 -9.66430E-01 -7.00740E-01 -2.02310E-01  4.66300E-01  9.33850E-01
 -6.00310E-01 -3.45480E-01 -8.98090E-02  3.59130E-01  9.00900E-01
 -4.73610E-01 -1.38870E-01  1.48080E-01  5.94600E-01  9.52100E-01
 -4.17520E-01 -1.34620E-02  2.97710E-01  6.50400E-01  9.56490E-01
 -3.81190E-01  9.54500E-02  4.20920E-01  7.32150E-01  9.69850E-01
 -5.60930E-01  4.86000E-03  4.37930E-01  7.70150E-01  9.68380E-01
  3.88960E-01  6.00330E-01  7.27770E-01  8.31120E-01  9.77330E-01
  4.57950E-01  6.83820E-01  8.20740E-01  9.15330E-01  9.87840E-01
  4.99850E-01  7.52360E-01  8.73140E-01  9.52620E-01  9.94680E-01
  5.35930E-01  7.90650E-01  9.03640E-01  9.66410E-01  9.96040E-01
  5.44470E-01  7.94520E-01  9.09290E-01  9.71540E-01  9.96960E-01


   10.  20.18   74. 183.85  5.00E+02  6.00E+01  6.69E-01

  1.09890E+02  2.67470E+02  3.48180E+02  4.07940E+02  4.51250E+02

  5.32820E-01  6.99060E-01  8.09380E-01  8.95810E-01  9.67870E-01
  4.37030E-01  6.14670E-01  7.40320E-01  8.51400E-01  9.51470E-01
  3.93530E-01  5.91870E-01  7.34190E-01  8.52030E-01  9.54570E-01
  3.33210E-01  4.95440E-01  6.16230E-01  7.17750E-01  8.28030E-01
  1.98300E-01  2.84770E-01  3.52270E-01  4.22480E-01  5.30600E-01

 -9.52720E-01 -5.82250E-01  1.45860E-02  6.06740E-01  9.49440E-01
 -9.48180E-01 -5.86580E-01 -3.63330E-03  5.91680E-01  9.43940E-01
 -9.53990E-01 -5.93000E-01 -1.14210E-02  5.66540E-01  9.45240E-01
 -9.46850E-01 -5.88160E-01  3.13960E-02  5.90030E-01  9.52610E-01
 -9.53000E-01 -5.71430E-01  1.56540E-02  6.16630E-01  9.55650E-01
 -9.79330E-01 -8.17570E-01 -4.48010E-01  1.60310E-01  8.85660E-01
 -9.73560E-01 -7.68170E-01 -3.49700E-01  3.27780E-01  9.12510E-01
 -9.73150E-01 -7.27830E-01 -2.64650E-01  3.94030E-01  9.16820E-01
 -9.66160E-01 -7.00960E-01 -1.77600E-01  4.45610E-01  9.26460E-01
 -9.58490E-01 -6.31660E-01 -9.12220E-02  5.21160E-01  9.41510E-01
 -6.56510E-01 -4.24940E-01 -1.86170E-01  2.70670E-01  8.80480E-01
 -6.15990E-01 -3.23790E-01 -3.17600E-02  4.98520E-01  9.38240E-01
 -6.25140E-01 -3.23440E-01 -1.36230E-02  4.76760E-01  9.33180E-01
 -6.41100E-01 -2.99460E-01  4.25730E-02  4.98450E-01  9.31990E-01
 -7.60600E-01 -3.05110E-01  1.15150E-01  5.96040E-01  9.50180E-01
  1.46890E-01  3.57700E-01  4.93930E-01  6.94760E-01  9.55510E-01
  2.26210E-01  4.80340E-01  6.28820E-01  7.93810E-01  9.76200E-01
  3.29010E-01  5.91480E-01  7.32480E-01  8.61930E-01  9.80600E-01
  4.27380E-01  7.04890E-01  8.41910E-01  9.37140E-01  9.91750E-01
  4.69600E-01  7.61420E-01  8.88530E-01  9.62020E-01  9.96040E-01
  7.40480E-01  8.36250E-01  8.92080E-01  9.38440E-01  9.92010E-01
  7.76690E-01  8.75700E-01  9.29620E-01  9.68150E-01  9.95480E-01
  7.98150E-01  9.01920E-01  9.50400E-01  9.82640E-01  9.97710E-01
  8.13200E-01  9.18330E-01  9.63440E-01  9.88200E-01  9.98710E-01
  8.31160E-01  9.27100E-01  9.67100E-01  9.89060E-01  9.98850E-01


   10.  20.18   74. 183.85  5.00E+02  7.00E+01  7.97E-01

  1.84450E+02  3.45660E+02  4.14270E+02  4.51060E+02  4.74700E+02

  4.89680E-01  6.65710E-01  7.84840E-01  8.78520E-01  9.62350E-01
  3.62890E-01  5.53230E-01  7.01240E-01  8.34200E-01  9.46940E-01
  3.25680E-01  4.98050E-01  6.28800E-01  7.47500E-01  8.50850E-01
  2.52800E-01  3.65690E-01  4.50110E-01  5.25960E-01  6.19890E-01
  1.47920E-01  2.05240E-01  2.49750E-01  2.97320E-01  3.73760E-01

 -9.59060E-01 -6.72260E-01 -1.33330E-01  4.94340E-01  9.34220E-01
 -9.54040E-01 -6.25760E-01 -8.17330E-02  5.52620E-01  9.45760E-01
 -9.57530E-01 -6.37130E-01 -5.16040E-02  5.48900E-01  9.44220E-01
 -9.55870E-01 -6.39540E-01 -8.12670E-02  5.48990E-01  9.47720E-01
 -9.53690E-01 -6.01830E-01 -4.45290E-02  5.61280E-01  9.50390E-01
 -7.14250E-01 -5.37760E-01 -3.37940E-01 -6.78780E-03  8.00820E-01
 -7.04440E-01 -4.86460E-01 -2.43560E-01  2.19340E-01  8.78250E-01
 -6.97320E-01 -4.57130E-01 -1.87340E-01  3.28980E-01  9.02070E-01
 -7.30550E-01 -4.64830E-01 -1.64740E-01  3.41510E-01  9.17230E-01
 -9.03890E-01 -5.64520E-01 -6.19190E-02  5.16030E-01  9.29300E-01
  1.78330E-01  3.58110E-01  4.79320E-01  6.76220E-01  9.53530E-01
  2.30340E-01  4.41760E-01  5.76320E-01  7.60160E-01  9.70930E-01
  3.04090E-01  5.25470E-01  6.62720E-01  7.97160E-01  9.71300E-01
  4.52900E-01  6.62650E-01  7.98410E-01  8.99360E-01  9.84040E-01
  5.39310E-01  7.84300E-01  8.94980E-01  9.62600E-01  9.95640E-01
  6.53480E-01  7.47100E-01  8.11510E-01  8.98870E-01  9.87880E-01
  7.04380E-01  8.07910E-01  8.69680E-01  9.34770E-01  9.91840E-01
  7.56660E-01  8.60320E-01  9.15170E-01  9.57560E-01  9.93630E-01
  8.12060E-01  9.09450E-01  9.56710E-01  9.84080E-01  9.98300E-01
  8.45990E-01  9.36050E-01  9.72610E-01  9.91100E-01  9.99030E-01
  9.02340E-01  9.42550E-01  9.64420E-01  9.84000E-01  9.98160E-01
  9.12690E-01  9.54470E-01  9.76350E-01  9.90850E-01  9.98790E-01
  9.23550E-01  9.65030E-01  9.83430E-01  9.94180E-01  9.99340E-01
  9.33820E-01  9.71370E-01  9.87230E-01  9.95550E-01  9.99560E-01
  9.36250E-01  9.73300E-01  9.88520E-01  9.96400E-01  9.99590E-01


   10.  20.18   74. 183.85  5.00E+02  8.00E+01  9.64E-01

  3.82480E+02  4.56090E+02  4.76580E+02  4.86880E+02  4.92310E+02

  3.41210E-01  5.39950E-01  7.01700E-01  8.29840E-01  9.37920E-01
  2.59390E-01  3.94770E-01  5.02130E-01  5.90490E-01  6.77520E-01
  1.99940E-01  2.82320E-01  3.45840E-01  3.97870E-01  4.64330E-01
  1.52030E-01  1.99390E-01  2.32250E-01  2.64510E-01  3.10800E-01
  8.52760E-02  1.08910E-01  1.27220E-01  1.46310E-01  1.74260E-01

 -4.54360E-01 -2.13280E-01  1.66790E-02  2.45520E-01  7.62790E-01
 -4.36630E-01 -1.91830E-01  6.25670E-02  3.25530E-01  8.70200E-01
 -3.94680E-01 -1.10620E-01  1.74740E-01  4.70720E-01  9.01470E-01
 -3.35140E-01 -3.35650E-02  2.46670E-01  5.49120E-01  9.38050E-01
 -3.47580E-01 -3.91240E-02  2.60680E-01  5.79470E-01  9.44000E-01
  6.51840E-01  7.42200E-01  8.15650E-01  9.08920E-01  9.87020E-01
  6.89310E-01  7.74690E-01  8.33310E-01  9.05010E-01  9.87280E-01
  7.47940E-01  8.26640E-01  8.83000E-01  9.30310E-01  9.89200E-01
  8.25460E-01  9.02570E-01  9.48140E-01  9.78680E-01  9.97360E-01
  8.80420E-01  9.41950E-01  9.72750E-01  9.90800E-01  9.99140E-01
  8.69870E-01  9.06700E-01  9.41770E-01  9.79930E-01  9.97870E-01
  8.91750E-01  9.29250E-01  9.53890E-01  9.78720E-01  9.97490E-01
  9.13610E-01  9.51790E-01  9.71600E-01  9.86950E-01  9.98310E-01
  9.33870E-01  9.68320E-01  9.84220E-01  9.94280E-01  9.99370E-01
  9.51170E-01  9.79280E-01  9.90900E-01  9.96920E-01  9.99660E-01
  9.47120E-01  9.63800E-01  9.74360E-01  9.84100E-01  9.97170E-01
  9.59200E-01  9.77130E-01  9.86610E-01  9.93780E-01  9.99010E-01
  9.66270E-01  9.83760E-01  9.92100E-01  9.97050E-01  9.99640E-01
  9.70930E-01  9.87170E-01  9.94140E-01  9.98040E-01  9.99790E-01
  9.78070E-01  9.90760E-01  9.95820E-01  9.98640E-01  9.99860E-01
  9.86320E-01  9.91880E-01  9.94920E-01  9.97300E-01  9.99390E-01
  9.88290E-01  9.94140E-01  9.97160E-01  9.98990E-01  9.99880E-01
  9.89500E-01  9.95180E-01  9.97810E-01  9.99270E-01  9.99930E-01
  9.90420E-01  9.95740E-01  9.98170E-01  9.99390E-01  9.99940E-01
  9.92350E-01  9.96720E-01  9.98600E-01  9.99540E-01  9.99950E-01


   10.  20.18   74. 183.85  5.00E+02  8.50E+01  1.00E+00

  4.79980E+02  4.91540E+02  4.94320E+02  4.95750E+02  4.96800E+02

  2.80450E-01  3.71830E-01  4.24990E-01  4.91780E-01  6.07900E-01
  1.64810E-01  2.01860E-01  2.22710E-01  2.41970E-01  2.69040E-01
  1.14880E-01  1.36410E-01  1.49140E-01  1.61110E-01  1.76700E-01
  8.15950E-02  9.44910E-02  1.02550E-01  1.10140E-01  1.20410E-01
  4.72530E-02  5.60380E-02  6.20220E-02  6.78700E-02  7.55990E-02

  7.81780E-01  9.02760E-01  9.34290E-01  9.55500E-01  9.86820E-01
  8.69730E-01  9.50830E-01  9.75570E-01  9.88650E-01  9.97950E-01
  8.78820E-01  9.61480E-01  9.84270E-01  9.94590E-01  9.99360E-01
  8.21000E-01  9.43770E-01  9.78560E-01  9.93010E-01  9.99300E-01
  4.57320E-01  8.15620E-01  9.33520E-01  9.80240E-01  9.97800E-01
  9.72780E-01  9.80850E-01  9.85760E-01  9.90120E-01  9.96750E-01
  9.82180E-01  9.89700E-01  9.94080E-01  9.97180E-01  9.99540E-01
  9.86540E-01  9.93370E-01  9.96630E-01  9.98790E-01  9.99860E-01
  9.89230E-01  9.95270E-01  9.97830E-01  9.99260E-01  9.99920E-01
  9.91340E-01  9.96350E-01  9.98520E-01  9.99510E-01  9.99950E-01
  9.88460E-01  9.92030E-01  9.94300E-01  9.96430E-01  9.99020E-01
  9.92530E-01  9.95830E-01  9.97660E-01  9.98940E-01  9.99860E-01
  9.94380E-01  9.97110E-01  9.98630E-01  9.99510E-01  9.99940E-01
  9.95470E-01  9.97930E-01  9.99110E-01  9.99700E-01  9.99970E-01
  9.96790E-01  9.98660E-01  9.99410E-01  9.99810E-01  9.99980E-01
  9.94550E-01  9.96530E-01  9.97730E-01  9.98780E-01  9.99790E-01
  9.96380E-01  9.98080E-01  9.98970E-01  9.99600E-01  9.99950E-01
  9.97230E-01  9.98680E-01  9.99360E-01  9.99780E-01  9.99970E-01
  9.97760E-01  9.99000E-01  9.99540E-01  9.99850E-01  9.99980E-01
  9.98430E-01  9.99350E-01  9.99720E-01  9.99900E-01  9.99990E-01
  9.98150E-01  9.99000E-01  9.99460E-01  9.99770E-01  9.99970E-01
  9.98550E-01  9.99350E-01  9.99700E-01  9.99900E-01  9.99990E-01
  9.98720E-01  9.99460E-01  9.99760E-01  9.99920E-01  9.99990E-01
  9.98890E-01  9.99530E-01  9.99790E-01  9.99930E-01  9.99990E-01
  9.99180E-01  9.99650E-01  9.99850E-01  9.99950E-01  9.99990E-01


   10.  20.18   74. 183.85  1.00E+03  0.00E+00  3.86E-01

  9.06110E+01  2.86380E+02  4.52090E+02  5.83810E+02  6.89050E+02

  5.44240E-01  7.09630E-01  8.19980E-01  9.02490E-01  9.70280E-01
  4.86790E-01  6.69600E-01  7.87280E-01  8.82650E-01  9.62400E-01
  4.61090E-01  6.47190E-01  7.68530E-01  8.72570E-01  9.59560E-01
  4.81670E-01  6.74790E-01  8.02420E-01  8.96760E-01  9.68430E-01
  3.46550E-01  4.90020E-01  5.87500E-01  6.84110E-01  8.21800E-01

 -9.40280E-01 -5.89530E-01 -4.30150E-02  5.89960E-01  9.56360E-01
 -9.50150E-01 -6.13750E-01 -1.09060E-02  5.88820E-01  9.54510E-01
 -9.46190E-01 -5.86010E-01  4.02730E-02  6.01880E-01  9.49560E-01
 -9.52720E-01 -6.13380E-01 -3.03240E-02  5.81010E-01  9.45340E-01
 -9.44940E-01 -6.03200E-01  2.12960E-02  6.13350E-01  9.60830E-01
 -9.50840E-01 -5.77980E-01  8.35340E-03  6.06380E-01  9.57490E-01
 -9.50490E-01 -5.91500E-01  9.12420E-03  5.84090E-01  9.49690E-01
 -9.54700E-01 -6.01980E-01 -2.47770E-02  5.81040E-01  9.46430E-01
 -9.39480E-01 -5.56110E-01  7.51960E-02  6.10220E-01  9.51720E-01
 -9.52820E-01 -5.98280E-01 -4.33640E-02  5.70730E-01  9.47440E-01
 -9.53320E-01 -5.75970E-01 -4.49340E-02  5.33590E-01  9.44360E-01
 -9.52380E-01 -5.56050E-01  3.76580E-02  6.16830E-01  9.53860E-01
 -9.47600E-01 -5.75020E-01  4.05850E-03  5.86950E-01  9.52730E-01
 -9.41050E-01 -5.53770E-01  1.19740E-02  5.89020E-01  9.52390E-01
 -9.48880E-01 -6.09310E-01 -7.20410E-03  5.60460E-01  9.38130E-01
 -9.48000E-01 -6.10310E-01 -4.35920E-03  5.95930E-01  9.45080E-01
 -9.50820E-01 -5.93500E-01  3.91690E-04  5.79850E-01  9.39920E-01
 -9.51620E-01 -5.67860E-01 -8.34960E-03  5.93890E-01  9.51690E-01
 -9.60280E-01 -6.09940E-01 -2.40640E-02  5.60970E-01  9.41960E-01
 -9.35370E-01 -5.81900E-01  2.46330E-02  5.81010E-01  9.52160E-01
 -9.54220E-01 -5.57370E-01  2.63510E-02  5.69010E-01  9.53880E-01
 -9.52290E-01 -5.73100E-01  1.79010E-02  6.01980E-01  9.57510E-01
 -9.54190E-01 -5.83150E-01 -2.05260E-03  6.08720E-01  9.55650E-01
 -9.48710E-01 -5.63710E-01 -3.69190E-03  5.90960E-01  9.42040E-01
 -9.54640E-01 -5.93730E-01  1.66420E-02  5.89710E-01  9.47490E-01


   10.  20.18   74. 183.85  1.00E+03  3.00E+01  4.36E-01

  1.04380E+02  3.19150E+02  4.93390E+02  6.23170E+02  7.40270E+02

  5.39580E-01  7.08130E-01  8.13890E-01  8.99540E-01  9.68490E-01
  4.75600E-01  6.59480E-01  7.80330E-01  8.79000E-01  9.61740E-01
  4.56160E-01  6.39650E-01  7.67030E-01  8.70700E-01  9.59990E-01
  4.42610E-01  6.34750E-01  7.64550E-01  8.67530E-01  9.59220E-01
  2.90930E-01  4.44210E-01  5.67360E-01  6.80390E-01  8.20770E-01

 -9.49050E-01 -5.64300E-01  1.13300E-02  6.17050E-01  9.51530E-01
 -9.53010E-01 -5.92500E-01 -2.83650E-02  5.68480E-01  9.45880E-01
 -9.44490E-01 -5.66070E-01  2.11650E-02  6.01760E-01  9.51920E-01
 -9.43120E-01 -5.59480E-01  2.24520E-02  5.87530E-01  9.54960E-01
 -9.51770E-01 -5.94570E-01 -2.55020E-02  5.73580E-01  9.43120E-01
 -9.50490E-01 -5.87710E-01 -8.02290E-03  5.68680E-01  9.45280E-01
 -9.52630E-01 -6.08070E-01 -2.03850E-02  6.06310E-01  9.53870E-01
 -9.45190E-01 -5.83210E-01  1.47560E-02  5.70650E-01  9.47950E-01
 -9.48090E-01 -5.69210E-01 -1.76540E-03  5.55460E-01  9.44440E-01
 -9.51490E-01 -5.87910E-01 -1.50600E-02  5.64240E-01  9.50040E-01
 -9.51930E-01 -6.52440E-01 -1.06190E-01  5.14230E-01  9.45580E-01
 -9.60780E-01 -6.71470E-01 -9.47480E-02  5.34030E-01  9.40610E-01
 -9.60690E-01 -6.51350E-01 -9.42410E-02  5.07870E-01  9.36410E-01
 -9.63490E-01 -6.22890E-01 -7.73130E-02  5.53370E-01  9.38790E-01
 -9.61200E-01 -6.00290E-01 -7.69560E-03  5.71020E-01  9.45880E-01
 -9.75730E-01 -7.65530E-01 -2.60840E-01  4.33300E-01  9.26530E-01
 -9.67950E-01 -7.40270E-01 -2.49190E-01  4.27690E-01  9.22420E-01
 -9.54890E-01 -6.73170E-01 -2.09680E-01  4.41630E-01  9.33610E-01
 -9.48040E-01 -6.71200E-01 -1.75650E-01  3.94230E-01  9.18700E-01
 -9.40890E-01 -5.54810E-01  4.79720E-03  5.79100E-01  9.49580E-01
 -3.02870E-01  9.91150E-02  3.68420E-01  6.40960E-01  9.51530E-01
 -1.35540E-01  2.89300E-01  5.71280E-01  8.13680E-01  9.78380E-01
  8.35850E-03  4.15100E-01  6.93610E-01  8.69190E-01  9.84360E-01
  4.68340E-02  5.20550E-01  7.72360E-01  9.18660E-01  9.91440E-01
 -4.00610E-02  5.13180E-01  7.76570E-01  9.23960E-01  9.91680E-01


   10.  20.18   74. 183.85  1.00E+03  4.50E+01  5.07E-01

  1.31890E+02  3.75600E+02  5.53080E+02  6.75740E+02  8.06660E+02

  5.27570E-01  6.99310E-01  8.08630E-01  8.94150E-01  9.67370E-01
  4.67900E-01  6.54670E-01  7.75980E-01  8.74330E-01  9.60760E-01
  4.40040E-01  6.25670E-01  7.53390E-01  8.59380E-01  9.54470E-01
  3.99380E-01  5.94120E-01  7.31070E-01  8.46550E-01  9.51660E-01
  2.61170E-01  3.98300E-01  5.03660E-01  6.05220E-01  7.43760E-01

 -9.49350E-01 -6.05350E-01  4.33890E-02  5.83580E-01  9.51180E-01
 -9.50870E-01 -5.93330E-01 -2.63680E-02  5.81300E-01  9.53650E-01
 -9.39940E-01 -5.70200E-01  3.69750E-02  6.12330E-01  9.55040E-01
 -9.48100E-01 -5.90290E-01 -5.69020E-03  6.09630E-01  9.51730E-01
 -9.49250E-01 -5.74370E-01  1.01490E-02  5.79140E-01  9.51910E-01
 -9.47780E-01 -5.90010E-01 -1.13570E-02  5.85150E-01  9.52030E-01
 -9.52820E-01 -5.85720E-01 -2.55950E-02  5.51560E-01  9.51440E-01
 -9.55540E-01 -6.15020E-01 -6.33520E-02  5.45410E-01  9.38590E-01
 -9.60260E-01 -6.17490E-01 -4.53030E-02  5.50680E-01  9.49460E-01
 -9.55720E-01 -5.95970E-01 -2.14200E-02  5.85010E-01  9.47840E-01
 -9.69030E-01 -7.25940E-01 -2.13880E-01  4.49200E-01  9.19410E-01
 -9.68740E-01 -7.39260E-01 -2.32180E-01  4.61030E-01  9.37210E-01
 -9.72020E-01 -7.29950E-01 -2.41090E-01  4.33550E-01  9.16410E-01
 -9.62420E-01 -6.86440E-01 -1.70890E-01  4.91590E-01  9.35690E-01
 -9.59860E-01 -6.46250E-01 -1.03140E-01  5.15070E-01  9.42100E-01
 -7.51550E-01 -5.05380E-01 -1.68510E-01  4.25670E-01  9.17710E-01
 -6.95260E-01 -3.64650E-01 -2.10610E-03  5.45300E-01  9.43020E-01
 -6.47260E-01 -2.58500E-01  1.01100E-01  6.00190E-01  9.49660E-01
 -6.02770E-01 -2.02280E-01  1.88520E-01  5.90920E-01  9.49510E-01
 -7.60520E-01 -2.54300E-01  2.07150E-01  6.54140E-01  9.55900E-01
  2.62950E-01  5.17190E-01  6.70540E-01  8.29980E-01  9.82850E-01
  3.47820E-01  6.22880E-01  7.73860E-01  9.02560E-01  9.90200E-01
  4.02980E-01  6.83700E-01  8.40520E-01  9.41240E-01  9.93170E-01
  4.41650E-01  7.40220E-01  8.76000E-01  9.60010E-01  9.96230E-01
  4.47920E-01  7.66150E-01  8.92320E-01  9.65030E-01  9.95850E-01


   10.  20.18   74. 183.85  1.00E+03  6.00E+01  6.15E-01

  1.86880E+02  4.79390E+02  6.53530E+02  7.81110E+02  8.89680E+02

  5.09010E-01  6.84650E-01  7.97790E-01  8.90330E-01  9.66230E-01
  4.40200E-01  6.26080E-01  7.54540E-01  8.59770E-01  9.55650E-01
  3.84730E-01  5.76930E-01  7.16950E-01  8.39460E-01  9.49150E-01
  3.42040E-01  5.17420E-01  6.50260E-01  7.68260E-01  8.84040E-01
  2.02940E-01  3.01510E-01  3.79350E-01  4.58220E-01  5.67680E-01

 -9.51410E-01 -5.87560E-01  1.44970E-03  5.98090E-01  9.54330E-01
 -9.59850E-01 -5.84400E-01  3.29370E-03  6.01880E-01  9.52920E-01
 -9.45460E-01 -5.88480E-01 -1.32190E-02  5.84900E-01  9.48810E-01
 -9.51260E-01 -6.04750E-01  3.37430E-03  5.96030E-01  9.54830E-01
 -9.55960E-01 -5.90380E-01 -4.47970E-03  5.78800E-01  9.49970E-01
 -9.64050E-01 -6.84060E-01 -1.74330E-01  4.45100E-01  9.28160E-01
 -9.61140E-01 -6.49350E-01 -1.31340E-01  4.84680E-01  9.40750E-01
 -9.59210E-01 -6.48030E-01 -9.90880E-02  5.16950E-01  9.41100E-01
 -9.55730E-01 -6.37550E-01 -1.05620E-01  5.17660E-01  9.38300E-01
 -9.60850E-01 -6.26200E-01 -5.60370E-02  5.33420E-01  9.40500E-01
 -8.29250E-01 -6.60650E-01 -3.88150E-01  2.64200E-01  8.92700E-01
 -8.13290E-01 -5.75170E-01 -2.05480E-01  4.44500E-01  9.34430E-01
 -8.17350E-01 -5.53780E-01 -1.19810E-01  4.96340E-01  9.42030E-01
 -8.68130E-01 -5.75720E-01 -1.35420E-01  4.66210E-01  9.40110E-01
 -9.51000E-01 -6.05680E-01 -8.52710E-02  4.87740E-01  9.34630E-01
 -4.43790E-02  1.83530E-01  3.81680E-01  7.12020E-01  9.67400E-01
  3.22910E-02  3.15800E-01  5.38630E-01  7.98850E-01  9.79040E-01
  1.11270E-01  4.12180E-01  6.18170E-01  8.17670E-01  9.78030E-01
  1.93900E-01  5.21030E-01  7.22670E-01  8.82530E-01  9.85480E-01
  1.63770E-01  6.00980E-01  8.07590E-01  9.27060E-01  9.92180E-01
  6.67650E-01  7.94520E-01  8.62060E-01  9.24050E-01  9.90160E-01
  6.95070E-01  8.29680E-01  9.02690E-01  9.54820E-01  9.93800E-01
  7.47570E-01  8.71490E-01  9.38760E-01  9.77830E-01  9.97330E-01
  7.70800E-01  8.93880E-01  9.48390E-01  9.80940E-01  9.97960E-01
  7.92830E-01  9.14050E-01  9.63250E-01  9.87670E-01  9.98650E-01


   10.  20.18   74. 183.85  1.00E+03  7.00E+01  7.29E-01

  2.87770E+02  6.22950E+02  7.80200E+02  8.80100E+02  9.39970E+02

  4.85570E-01  6.65860E-01  7.85180E-01  8.78970E-01  9.62390E-01
  3.71440E-01  5.58650E-01  7.03950E-01  8.26550E-01  9.41750E-01
  3.30010E-01  5.11180E-01  6.62270E-01  7.98530E-01  9.16960E-01
  2.55370E-01  3.87100E-01  4.91630E-01  5.85420E-01  6.88080E-01
  1.46500E-01  2.10230E-01  2.61970E-01  3.16470E-01  3.93870E-01

 -9.42770E-01 -5.66410E-01 -3.77620E-03  5.95420E-01  9.51870E-01
 -9.52050E-01 -5.88420E-01 -6.75290E-03  5.73010E-01  9.42540E-01
 -9.50670E-01 -5.87810E-01 -1.14450E-02  5.55390E-01  9.50190E-01
 -9.51150E-01 -6.00840E-01 -2.69730E-02  5.72240E-01  9.53970E-01
 -9.46040E-01 -5.93660E-01  2.57360E-02  5.99990E-01  9.51880E-01
 -9.46370E-01 -7.90960E-01 -5.15860E-01  9.80200E-02  8.66590E-01
 -9.44260E-01 -7.29600E-01 -3.59220E-01  3.13250E-01  9.06190E-01
 -9.50760E-01 -7.04720E-01 -2.89350E-01  3.99570E-01  9.16100E-01
 -9.64100E-01 -7.12370E-01 -2.70640E-01  4.14890E-01  9.18620E-01
 -9.64800E-01 -7.09140E-01 -2.24380E-01  4.66110E-01  9.43260E-01
 -1.25730E-01  9.70420E-02  2.91810E-01  6.20310E-01  9.46520E-01
 -6.77100E-02  1.92650E-01  4.20610E-01  7.53180E-01  9.70130E-01
 -2.18310E-02  2.45420E-01  4.79430E-01  7.69920E-01  9.74010E-01
  3.96990E-02  3.52390E-01  5.73030E-01  7.86390E-01  9.73730E-01
 -5.96620E-02  3.60960E-01  6.33760E-01  8.44320E-01  9.82170E-01
  5.27650E-01  6.48670E-01  7.35470E-01  8.68470E-01  9.80950E-01
  5.78240E-01  7.10530E-01  8.02200E-01  9.08670E-01  9.89090E-01
  6.50150E-01  7.80250E-01  8.58790E-01  9.31790E-01  9.90840E-01
  7.23780E-01  8.55940E-01  9.21370E-01  9.68380E-01  9.95910E-01
  7.78640E-01  9.04710E-01  9.56560E-01  9.84710E-01  9.98430E-01
  8.68920E-01  9.20210E-01  9.50610E-01  9.79190E-01  9.97690E-01
  8.85310E-01  9.37500E-01  9.65910E-01  9.86060E-01  9.98390E-01
  9.02240E-01  9.51400E-01  9.76240E-01  9.91210E-01  9.98970E-01
  9.17290E-01  9.60490E-01  9.80760E-01  9.93820E-01  9.99320E-01
  9.28330E-01  9.70250E-01  9.86820E-01  9.95530E-01  9.99460E-01


   10.  20.18   74. 183.85  1.00E+03  8.00E+01  9.21E-01

  6.66520E+02  8.84240E+02  9.39410E+02  9.65360E+02  9.80950E+02

  3.39520E-01  5.41870E-01  7.01950E-01  8.39150E-01  9.52460E-01
  2.49120E-01  4.05330E-01  5.40950E-01  6.61840E-01  7.64600E-01
  1.84930E-01  2.72580E-01  3.53130E-01  4.28580E-01  5.05050E-01
  1.45810E-01  2.02270E-01  2.45720E-01  2.85510E-01  3.36130E-01
  8.55610E-02  1.10930E-01  1.30700E-01  1.50640E-01  1.79790E-01

 -7.22790E-01 -5.12120E-01 -3.02470E-01  8.64210E-02  8.18120E-01
 -7.26000E-01 -4.69860E-01 -1.65370E-01  3.44800E-01  8.96780E-01
 -7.71660E-01 -4.43940E-01 -2.97680E-02  4.46670E-01  9.13890E-01
 -8.75830E-01 -4.47660E-01  6.11350E-02  5.23130E-01  9.09670E-01
 -9.20560E-01 -4.40340E-01  1.25280E-01  6.30200E-01  9.52610E-01
  4.66550E-01  5.93120E-01  6.89020E-01  8.17890E-01  9.69230E-01
  5.07510E-01  6.32350E-01  7.21870E-01  8.36520E-01  9.75480E-01
  5.69820E-01  6.94530E-01  7.79120E-01  8.59490E-01  9.75570E-01
  6.69930E-01  8.00200E-01  8.81050E-01  9.41350E-01  9.89820E-01
  7.77050E-01  8.87540E-01  9.48690E-01  9.82710E-01  9.98070E-01
  8.21940E-01  8.80590E-01  9.40430E-01  9.81310E-01  9.98340E-01
  8.41740E-01  8.94270E-01  9.40490E-01  9.78920E-01  9.97840E-01
  8.68910E-01  9.12430E-01  9.44130E-01  9.74840E-01  9.97250E-01
  9.05460E-01  9.46230E-01  9.70160E-01  9.86820E-01  9.98150E-01
  9.38210E-01  9.72140E-01  9.87090E-01  9.95580E-01  9.99520E-01
  9.26460E-01  9.50920E-01  9.73140E-01  9.90500E-01  9.99020E-01
  9.40630E-01  9.62540E-01  9.77050E-01  9.90530E-01  9.98840E-01
  9.52830E-01  9.73390E-01  9.85280E-01  9.93730E-01  9.99240E-01
  9.64110E-01  9.82690E-01  9.91470E-01  9.96960E-01  9.99640E-01
  9.72770E-01  9.88490E-01  9.95030E-01  9.98290E-01  9.99820E-01
  9.81890E-01  9.88890E-01  9.92860E-01  9.96080E-01  9.99390E-01
  9.84690E-01  9.92020E-01  9.95880E-01  9.98450E-01  9.99830E-01
  9.87050E-01  9.93860E-01  9.97100E-01  9.98970E-01  9.99900E-01
  9.89070E-01  9.95110E-01  9.97730E-01  9.99240E-01  9.99920E-01
  9.90910E-01  9.96150E-01  9.98400E-01  9.99450E-01  9.99950E-01


   10.  20.18   74. 183.85  1.00E+03  8.50E+01  9.97E-01

  9.44450E+02  9.78250E+02  9.85700E+02  9.89190E+02  9.91800E+02

  2.41000E-01  3.82950E-01  4.62460E-01  5.38360E-01  6.59410E-01
  1.56830E-01  2.06940E-01  2.34870E-01  2.58670E-01  2.89260E-01
  1.11110E-01  1.36980E-01  1.52230E-01  1.65100E-01  1.81210E-01
  7.93330E-02  9.43140E-02  1.03720E-01  1.11840E-01  1.22450E-01
  4.69000E-02  5.59090E-02  6.23440E-02  6.85180E-02  7.66380E-02

  4.98620E-01  8.10330E-01  8.82730E-01  9.31740E-01  9.88740E-01
  5.95440E-01  8.66680E-01  9.25970E-01  9.55450E-01  9.86310E-01
  7.39600E-01  9.24250E-01  9.68150E-01  9.88910E-01  9.98560E-01
  5.82550E-01  8.90950E-01  9.58650E-01  9.87610E-01  9.98740E-01
  2.73610E-01  6.89280E-01  8.76360E-01  9.60320E-01  9.95990E-01
  9.61940E-01  9.72450E-01  9.79560E-01  9.87930E-01  9.98310E-01
  9.72840E-01  9.82360E-01  9.88230E-01  9.93180E-01  9.98430E-01
  9.80640E-01  9.89840E-01  9.94740E-01  9.97920E-01  9.99740E-01
  9.85280E-01  9.92960E-01  9.96740E-01  9.98840E-01  9.99870E-01
  9.89570E-01  9.95340E-01  9.97940E-01  9.99310E-01  9.99930E-01
  9.85760E-01  9.89750E-01  9.92800E-01  9.96080E-01  9.99420E-01
  9.90220E-01  9.93860E-01  9.96020E-01  9.98050E-01  9.99750E-01
  9.93130E-01  9.96200E-01  9.97980E-01  9.99220E-01  9.99900E-01
  9.94880E-01  9.97610E-01  9.98860E-01  9.99580E-01  9.99960E-01
  9.96490E-01  9.98480E-01  9.99340E-01  9.99770E-01  9.99980E-01
  9.93570E-01  9.95690E-01  9.97350E-01  9.98820E-01  9.99840E-01
  9.95590E-01  9.97390E-01  9.98520E-01  9.99420E-01  9.99930E-01
  9.96760E-01  9.98310E-01  9.99170E-01  9.99680E-01  9.99970E-01
  9.97560E-01  9.98820E-01  9.99450E-01  9.99810E-01  9.99980E-01
  9.98360E-01  9.99290E-01  9.99690E-01  9.99900E-01  9.99990E-01
  9.97840E-01  9.98850E-01  9.99380E-01  9.99770E-01  9.99970E-01
  9.98200E-01  9.99170E-01  9.99610E-01  9.99860E-01  9.99980E-01
  9.98500E-01  9.99320E-01  9.99690E-01  9.99900E-01  9.99990E-01
  9.98740E-01  9.99440E-01  9.99750E-01  9.99920E-01  9.99990E-01
  9.99140E-01  9.99610E-01  9.99830E-01  9.99940E-01  9.99990E-01


   10.  20.18   74. 183.85  2.00E+03  0.00E+00  3.56E-01

  1.73990E+02  5.51490E+02  8.74460E+02  1.13710E+03  1.35950E+03

  5.14050E-01  6.94140E-01  8.06190E-01  8.93410E-01  9.67000E-01
  4.63390E-01  6.54610E-01  7.76820E-01  8.74410E-01  9.61520E-01
  4.43770E-01  6.35400E-01  7.65170E-01  8.70120E-01  9.60250E-01
  4.51810E-01  6.50140E-01  7.79860E-01  8.80050E-01  9.63490E-01
  3.35720E-01  5.02870E-01  6.10350E-01  7.11030E-01  8.45550E-01

 -9.47110E-01 -5.47220E-01  4.93010E-02  5.99050E-01  9.57630E-01
 -9.38590E-01 -6.04030E-01 -7.56900E-03  5.78150E-01  9.36720E-01
 -9.44340E-01 -5.42130E-01  3.67780E-02  6.12290E-01  9.53070E-01
 -9.52510E-01 -5.93410E-01 -2.54280E-02  5.46670E-01  9.55020E-01
 -9.39730E-01 -5.55300E-01  2.55990E-02  5.80560E-01  9.50710E-01
 -9.52110E-01 -6.02830E-01  1.48270E-03  5.71090E-01  9.50150E-01
 -9.56300E-01 -6.37060E-01 -2.20060E-02  5.83030E-01  9.54460E-01
 -9.41860E-01 -5.59840E-01  1.01820E-02  5.83660E-01  9.51320E-01
 -9.55510E-01 -5.90390E-01 -9.11300E-03  6.01960E-01  9.55190E-01
 -9.47900E-01 -5.73400E-01  2.70280E-02  5.98810E-01  9.54720E-01
 -9.51330E-01 -5.76980E-01  1.21820E-02  5.90970E-01  9.49900E-01
 -9.49270E-01 -6.04460E-01 -1.77500E-02  5.87800E-01  9.50020E-01
 -9.47440E-01 -5.75600E-01 -5.24600E-03  5.94490E-01  9.43900E-01
 -9.54850E-01 -5.73670E-01  2.54570E-02  5.99280E-01  9.45260E-01
 -9.40240E-01 -5.66840E-01  1.38290E-02  5.97620E-01  9.47670E-01
 -9.58020E-01 -5.67350E-01  2.91960E-02  5.78750E-01  9.52700E-01
 -9.54380E-01 -5.44740E-01  3.46540E-02  6.14150E-01  9.55680E-01
 -9.52100E-01 -6.11670E-01 -1.61640E-02  5.78950E-01  9.54160E-01
 -9.51850E-01 -5.73250E-01  1.42890E-02  6.14540E-01  9.48730E-01
 -9.49910E-01 -5.68170E-01  3.23340E-02  6.32080E-01  9.57470E-01
 -9.47380E-01 -6.09900E-01 -5.70050E-02  5.34020E-01  9.45360E-01
 -9.45840E-01 -5.82940E-01  6.09450E-03  5.81210E-01  9.52030E-01
 -9.50320E-01 -5.54420E-01  1.52160E-02  5.85830E-01  9.48760E-01
 -9.48430E-01 -5.87220E-01  3.66500E-02  6.10440E-01  9.45890E-01
 -9.59260E-01 -6.09450E-01 -2.10550E-02  5.81370E-01  9.52700E-01


   10.  20.18   74. 183.85  2.00E+03  3.00E+01  4.05E-01

  2.02060E+02  6.09060E+02  9.46000E+02  1.21300E+03  1.45500E+03

  5.10040E-01  6.90030E-01  8.04240E-01  8.91700E-01  9.66970E-01
  4.52910E-01  6.44560E-01  7.73860E-01  8.74350E-01  9.58870E-01
  4.31190E-01  6.29300E-01  7.62990E-01  8.69350E-01  9.57780E-01
  4.36740E-01  6.27380E-01  7.59990E-01  8.67640E-01  9.59470E-01
  2.85880E-01  4.50090E-01  5.71870E-01  6.92290E-01  8.33480E-01

 -9.55010E-01 -5.66360E-01  3.88370E-02  5.87470E-01  9.45670E-01
 -9.51690E-01 -5.83460E-01 -1.16070E-02  5.88710E-01  9.48620E-01
 -9.46960E-01 -5.41740E-01  1.79410E-02  5.99690E-01  9.60530E-01
 -9.56290E-01 -6.03640E-01 -2.91080E-02  5.83620E-01  9.54940E-01
 -9.57580E-01 -5.89120E-01  7.67020E-03  5.68890E-01  9.45770E-01
 -9.54410E-01 -6.33720E-01 -1.08950E-02  5.88830E-01  9.51160E-01
 -9.55950E-01 -6.03190E-01 -2.67130E-02  5.48860E-01  9.37620E-01
 -9.42230E-01 -5.74520E-01  4.42540E-02  6.40220E-01  9.58710E-01
 -9.55690E-01 -5.97110E-01 -7.23290E-03  5.94740E-01  9.55560E-01
 -9.56420E-01 -5.98800E-01 -5.40630E-02  5.54140E-01  9.48560E-01
 -9.59260E-01 -6.47570E-01 -9.01960E-02  5.20050E-01  9.35620E-01
 -9.54430E-01 -6.25060E-01 -5.95380E-02  5.23180E-01  9.38440E-01
 -9.60080E-01 -5.77640E-01 -3.33680E-02  5.56070E-01  9.45310E-01
 -9.50780E-01 -6.04880E-01  1.34310E-02  5.80090E-01  9.48080E-01
 -9.58040E-01 -6.08680E-01 -4.04520E-02  5.45220E-01  9.41790E-01
 -9.67880E-01 -6.96530E-01 -1.47820E-01  5.21370E-01  9.41260E-01
 -9.57580E-01 -6.80570E-01 -1.59210E-01  4.89850E-01  9.48660E-01
 -9.63860E-01 -7.09330E-01 -1.91070E-01  4.69740E-01  9.26540E-01
 -9.52380E-01 -6.49110E-01 -1.45070E-01  4.96540E-01  9.29180E-01
 -9.55940E-01 -6.05190E-01 -5.72530E-02  5.35440E-01  9.40410E-01
 -4.04890E-01  5.40730E-03  3.33800E-01  6.87660E-01  9.63330E-01
 -2.42320E-01  2.13820E-01  5.43050E-01  8.26720E-01  9.77670E-01
 -1.19100E-01  3.43610E-01  6.32340E-01  8.47290E-01  9.84220E-01
  3.12890E-02  4.85470E-01  7.50540E-01  9.10460E-01  9.90190E-01
 -1.30410E-01  4.73000E-01  7.56550E-01  9.16220E-01  9.91370E-01


   10.  20.18   74. 183.85  2.00E+03  4.50E+01  4.69E-01

  2.50090E+02  7.13620E+02  1.06050E+03  1.31510E+03  1.58400E+03

  5.00320E-01  6.81690E-01  7.96900E-01  8.88670E-01  9.65650E-01
  4.42170E-01  6.36750E-01  7.64080E-01  8.70990E-01  9.59540E-01
  4.20610E-01  6.17310E-01  7.49130E-01  8.60840E-01  9.54910E-01
  3.89440E-01  5.82290E-01  7.23350E-01  8.44500E-01  9.49820E-01
  2.62280E-01  4.03810E-01  5.19140E-01  6.29120E-01  7.65870E-01

 -9.49030E-01 -5.57200E-01  4.38990E-02  5.97470E-01  9.58070E-01
 -9.47140E-01 -5.45550E-01  9.36100E-02  6.35880E-01  9.58010E-01
 -9.41470E-01 -5.59840E-01  3.79720E-03  5.69730E-01  9.49970E-01
 -9.51420E-01 -6.36870E-01 -3.45070E-02  5.22740E-01  9.44270E-01
 -9.50110E-01 -6.10770E-01 -6.88460E-03  5.94880E-01  9.50170E-01
 -9.61940E-01 -6.28680E-01 -4.51930E-02  5.74660E-01  9.45900E-01
 -9.45400E-01 -5.82130E-01 -2.18430E-02  6.03670E-01  9.51080E-01
 -9.51410E-01 -5.85340E-01 -2.52080E-02  5.88300E-01  9.49130E-01
 -9.54440E-01 -5.78250E-01  4.98830E-03  5.64650E-01  9.45780E-01
 -9.52980E-01 -5.89460E-01  1.15740E-02  5.94620E-01  9.55050E-01
 -9.67910E-01 -7.17270E-01 -1.73310E-01  5.12140E-01  9.44040E-01
 -9.56810E-01 -6.79240E-01 -1.43910E-01  5.09110E-01  9.36370E-01
 -9.62360E-01 -6.20230E-01 -1.14810E-01  5.23850E-01  9.37450E-01
 -9.58250E-01 -6.72080E-01 -1.34050E-01  5.11860E-01  9.35700E-01
 -9.50740E-01 -6.25800E-01 -6.24130E-02  5.53600E-01  9.43070E-01
 -8.27950E-01 -5.81080E-01 -1.29900E-01  5.03940E-01  9.42110E-01
 -7.49630E-01 -4.32490E-01  1.94940E-02  5.84500E-01  9.56300E-01
 -7.09070E-01 -3.59990E-01  8.68930E-02  6.37040E-01  9.54740E-01
 -7.19860E-01 -3.36570E-01  1.06910E-01  6.57880E-01  9.55980E-01
 -8.32240E-01 -3.99120E-01  1.06970E-01  6.25270E-01  9.51920E-01
  1.79830E-01  4.81680E-01  6.59710E-01  8.55560E-01  9.81510E-01
  2.68440E-01  5.62670E-01  7.40040E-01  8.91990E-01  9.88680E-01
  3.31560E-01  6.28860E-01  8.08770E-01  9.23450E-01  9.90410E-01
  3.80750E-01  6.89300E-01  8.53550E-01  9.48420E-01  9.93360E-01
  3.42050E-01  7.24280E-01  8.76920E-01  9.60240E-01  9.95500E-01


   10.  20.18   74. 183.85  2.00E+03  6.00E+01  5.72E-01

  3.35010E+02  8.86640E+02  1.24430E+03  1.50350E+03  1.74650E+03

  4.93630E-01  6.74390E-01  7.88960E-01  8.83130E-01  9.63610E-01
  4.23660E-01  6.15530E-01  7.48880E-01  8.59060E-01  9.54870E-01
  3.77480E-01  5.71160E-01  7.11060E-01  8.33090E-01  9.46780E-01
  3.41230E-01  5.20100E-01  6.61190E-01  7.91640E-01  9.14890E-01
  2.03500E-01  3.12600E-01  4.06040E-01  4.95680E-01  6.19450E-01

 -9.49750E-01 -5.69230E-01  2.30790E-02  5.89230E-01  9.53150E-01
 -9.57930E-01 -6.17450E-01 -5.20420E-02  5.57440E-01  9.45700E-01
 -9.45600E-01 -5.62930E-01 -9.36910E-03  6.05040E-01  9.50260E-01
 -9.51560E-01 -5.72510E-01  1.02160E-02  5.98600E-01  9.54980E-01
 -9.57980E-01 -5.86230E-01  8.74820E-03  5.81640E-01  9.51540E-01
 -9.66490E-01 -6.52410E-01 -1.56280E-01  5.11610E-01  9.25800E-01
 -9.54820E-01 -6.26810E-01 -5.57590E-02  5.24330E-01  9.34360E-01
 -9.56510E-01 -6.69140E-01 -6.13880E-02  5.54880E-01  9.38690E-01
 -9.53480E-01 -6.05290E-01 -3.64350E-02  5.69810E-01  9.46370E-01
 -9.59640E-01 -6.39550E-01 -6.46870E-02  5.49220E-01  9.44360E-01
 -9.51940E-01 -7.49860E-01 -3.10070E-01  3.51500E-01  9.12870E-01
 -9.25750E-01 -6.63160E-01 -1.51140E-01  4.93990E-01  9.34910E-01
 -9.43430E-01 -6.72100E-01 -1.49750E-01  4.65340E-01  9.44570E-01
 -9.50840E-01 -6.45810E-01 -1.28610E-01  5.13910E-01  9.41960E-01
 -9.62410E-01 -6.62870E-01 -1.23180E-01  5.13110E-01  9.39000E-01
 -2.06190E-01  7.54220E-02  3.97620E-01  7.72590E-01  9.75830E-01
 -1.54060E-01  1.90940E-01  5.05270E-01  8.04580E-01  9.78130E-01
 -7.84740E-02  2.64610E-01  5.42580E-01  8.17790E-01  9.81070E-01
 -3.06290E-02  3.44010E-01  6.07070E-01  8.40290E-01  9.82780E-01
 -1.41270E-01  3.52840E-01  6.65850E-01  8.68540E-01  9.84260E-01
  5.93550E-01  7.51560E-01  8.39710E-01  9.32820E-01  9.92730E-01
  6.25110E-01  7.88870E-01  8.80240E-01  9.48870E-01  9.94220E-01
  6.75730E-01  8.25000E-01  9.13090E-01  9.64640E-01  9.95380E-01
  7.17290E-01  8.61510E-01  9.37120E-01  9.78230E-01  9.97510E-01
  7.43090E-01  8.91070E-01  9.50780E-01  9.83570E-01  9.98190E-01


   10.  20.18   74. 183.85  2.00E+03  7.00E+01  6.76E-01

  4.83380E+02  1.12320E+03  1.46380E+03  1.70150E+03  1.86010E+03

  4.70330E-01  6.55590E-01  7.79550E-01  8.80090E-01  9.63430E-01
  3.71200E-01  5.61260E-01  6.97700E-01  8.22320E-01  9.41780E-01
  3.29680E-01  5.22260E-01  6.76110E-01  8.15450E-01  9.40820E-01
  2.64810E-01  4.10800E-01  5.32500E-01  6.47830E-01  7.67840E-01
  1.49800E-01  2.24580E-01  2.86580E-01  3.50330E-01  4.38060E-01

 -9.49700E-01 -5.94890E-01 -1.91300E-02  5.83630E-01  9.48440E-01
 -9.47400E-01 -5.94920E-01 -8.90530E-03  5.80670E-01  9.48820E-01
 -9.52800E-01 -5.76530E-01  4.92330E-02  6.32840E-01  9.55880E-01
 -9.52580E-01 -5.88430E-01 -1.41200E-02  5.72740E-01  9.58260E-01
 -9.52110E-01 -5.82770E-01  2.09880E-02  5.81460E-01  9.46920E-01
 -9.78370E-01 -8.06150E-01 -4.42500E-01  2.32020E-01  9.03830E-01
 -9.74870E-01 -7.67840E-01 -3.00730E-01  4.06600E-01  9.14060E-01
 -9.67060E-01 -7.40180E-01 -2.40870E-01  4.05440E-01  9.24570E-01
 -9.71450E-01 -7.30160E-01 -1.86390E-01  4.81750E-01  9.38580E-01
 -9.61540E-01 -6.22340E-01 -4.86980E-02  5.50300E-01  9.51090E-01
 -4.06440E-01 -1.30130E-01  1.93480E-01  6.34500E-01  9.55440E-01
 -3.66090E-01 -3.75140E-02  3.26550E-01  7.20200E-01  9.67400E-01
 -3.68290E-01 -2.08260E-02  3.38660E-01  7.28240E-01  9.67330E-01
 -4.07610E-01 -3.22470E-02  3.00530E-01  7.09110E-01  9.64750E-01
 -5.19860E-01 -8.59420E-02  2.85080E-01  6.66060E-01  9.65490E-01
  3.67270E-01  5.35330E-01  6.85220E-01  8.66550E-01  9.84380E-01
  4.31950E-01  6.08040E-01  7.50050E-01  9.01810E-01  9.88990E-01
  4.87440E-01  6.68440E-01  7.94190E-01  9.18280E-01  9.90310E-01
  5.91910E-01  7.60610E-01  8.63000E-01  9.44370E-01  9.92560E-01
  6.70760E-01  8.48790E-01  9.30000E-01  9.75780E-01  9.97440E-01
  8.25940E-01  8.93630E-01  9.35270E-01  9.74290E-01  9.96780E-01
  8.45850E-01  9.11350E-01  9.47980E-01  9.79030E-01  9.97560E-01
  8.66250E-01  9.31950E-01  9.64830E-01  9.86160E-01  9.98370E-01
  8.85200E-01  9.44940E-01  9.75010E-01  9.91960E-01  9.99180E-01
  9.07100E-01  9.61130E-01  9.82970E-01  9.93820E-01  9.99450E-01


   10.  20.18   74. 183.85  2.00E+03  8.00E+01  8.60E-01

  1.05390E+03  1.66080E+03  1.84220E+03  1.90940E+03  1.95220E+03

  3.69860E-01  5.61910E-01  7.04060E-01  8.28040E-01  9.41810E-01
  2.59210E-01  4.33090E-01  5.93870E-01  7.46260E-01  8.75180E-01
  1.82420E-01  2.90410E-01  3.92340E-01  4.94570E-01  5.89740E-01
  1.35360E-01  1.96490E-01  2.53590E-01  3.12490E-01  3.77290E-01
  8.44900E-02  1.15030E-01  1.39640E-01  1.64410E-01  1.99780E-01

 -9.68060E-01 -7.21270E-01 -3.00300E-01  2.06220E-01  8.55280E-01
 -9.53660E-01 -6.69170E-01 -2.18420E-01  3.98770E-01  9.12470E-01
 -9.57150E-01 -6.34330E-01 -1.93570E-01  4.49940E-01  9.31220E-01
 -9.56970E-01 -6.47320E-01 -1.47910E-01  4.85810E-01  9.43060E-01
 -9.58400E-01 -6.52330E-01 -1.21190E-01  4.99980E-01  9.40430E-01
  1.04460E-01  3.09590E-01  4.58440E-01  6.94870E-01  9.54340E-01
  1.52530E-01  3.82340E-01  5.44390E-01  7.93040E-01  9.73030E-01
  1.94810E-01  4.14330E-01  5.75220E-01  7.84720E-01  9.71730E-01
  2.31240E-01  4.87000E-01  6.55960E-01  8.06470E-01  9.73860E-01
  1.69920E-01  5.22040E-01  7.66720E-01  9.10510E-01  9.87630E-01
  7.27010E-01  8.07870E-01  8.86440E-01  9.55960E-01  9.95580E-01
  7.50190E-01  8.23500E-01  8.93520E-01  9.58520E-01  9.95320E-01
  7.82470E-01  8.51690E-01  9.00230E-01  9.56460E-01  9.94690E-01
  8.42650E-01  9.04320E-01  9.43380E-01  9.72430E-01  9.96570E-01
  9.06730E-01  9.54440E-01  9.79560E-01  9.93150E-01  9.99220E-01
  9.00140E-01  9.45840E-01  9.79180E-01  9.93790E-01  9.99260E-01
  9.12100E-01  9.47850E-01  9.76640E-01  9.92750E-01  9.99200E-01
  9.21760E-01  9.52920E-01  9.74040E-01  9.90810E-01  9.99080E-01
  9.42960E-01  9.68490E-01  9.82920E-01  9.92970E-01  9.99180E-01
  9.64440E-01  9.83690E-01  9.92320E-01  9.97370E-01  9.99730E-01
  9.73070E-01  9.84310E-01  9.90680E-01  9.96580E-01  9.99630E-01
  9.76100E-01  9.87320E-01  9.93100E-01  9.97050E-01  9.99650E-01
  9.80430E-01  9.90420E-01  9.95410E-01  9.98360E-01  9.99810E-01
  9.83480E-01  9.92280E-01  9.96560E-01  9.98870E-01  9.99880E-01
  9.87970E-01  9.94810E-01  9.97740E-01  9.99260E-01  9.99920E-01


   10.  20.18   74. 183.85  2.00E+03  8.50E+01  9.88E-01

  1.83410E+03  1.93760E+03  1.96240E+03  1.97220E+03  1.97900E+03

  2.10020E-01  3.74330E-01  5.11340E-01  6.11180E-01  7.32770E-01
  1.34560E-01  2.02840E-01  2.58930E-01  3.01360E-01  3.46740E-01
  1.07420E-01  1.41210E-01  1.64940E-01  1.83890E-01  2.05460E-01
  7.71350E-02  9.46140E-02  1.07100E-01  1.18730E-01  1.32580E-01
  4.64260E-02  5.62940E-02  6.37650E-02  7.12770E-02  8.17770E-02

  1.37800E-01  5.91900E-01  7.77700E-01  8.65020E-01  9.70030E-01
  1.38940E-01  6.29680E-01  7.94300E-01  8.77870E-01  9.61500E-01
  2.54370E-01  7.22180E-01  8.65730E-01  9.34210E-01  9.82500E-01
  2.11940E-01  7.55470E-01  9.13500E-01  9.74470E-01  9.97360E-01
  7.23950E-02  4.98930E-01  7.90970E-01  9.32340E-01  9.92900E-01
  9.38820E-01  9.64590E-01  9.85750E-01  9.95940E-01  9.99630E-01
  9.44420E-01  9.62800E-01  9.76660E-01  9.91220E-01  9.99060E-01
  9.56640E-01  9.72820E-01  9.82520E-01  9.90570E-01  9.98640E-01
  9.70300E-01  9.85430E-01  9.92860E-01  9.97210E-01  9.99640E-01
  9.80990E-01  9.91290E-01  9.95990E-01  9.98630E-01  9.99850E-01
  9.78770E-01  9.85130E-01  9.91050E-01  9.96560E-01  9.99570E-01
  9.84000E-01  9.89470E-01  9.93470E-01  9.97250E-01  9.99660E-01
  9.88340E-01  9.93030E-01  9.95950E-01  9.98260E-01  9.99770E-01
  9.92010E-01  9.95930E-01  9.98040E-01  9.99300E-01  9.99920E-01
  9.94890E-01  9.97600E-01  9.98930E-01  9.99610E-01  9.99960E-01
  9.91590E-01  9.94830E-01  9.97170E-01  9.98920E-01  9.99880E-01
  9.93650E-01  9.96390E-01  9.98210E-01  9.99330E-01  9.99930E-01
  9.95100E-01  9.97290E-01  9.98640E-01  9.99520E-01  9.99940E-01
  9.96330E-01  9.98170E-01  9.99110E-01  9.99680E-01  9.99960E-01
  9.97750E-01  9.98970E-01  9.99510E-01  9.99840E-01  9.99980E-01
  9.97470E-01  9.98760E-01  9.99410E-01  9.99790E-01  9.99980E-01
  9.97730E-01  9.98960E-01  9.99540E-01  9.99850E-01  9.99980E-01
  9.97990E-01  9.99080E-01  9.99600E-01  9.99870E-01  9.99990E-01
  9.98250E-01  9.99220E-01  9.99650E-01  9.99880E-01  9.99990E-01
  9.98750E-01  9.99440E-01  9.99760E-01  9.99920E-01  9.99990E-01


   10.  20.18   74. 183.85  5.00E+03  0.00E+00  3.17E-01

  4.34240E+02  1.31610E+03  2.08860E+03  2.74800E+03  3.33110E+03

  4.89970E-01  6.72710E-01  7.91640E-01  8.85870E-01  9.64010E-01
  4.29960E-01  6.28130E-01  7.60160E-01  8.66950E-01  9.58170E-01
  4.16760E-01  6.17120E-01  7.54470E-01  8.60600E-01  9.55200E-01
  4.23770E-01  6.28940E-01  7.61580E-01  8.70100E-01  9.61060E-01
  3.16290E-01  4.96540E-01  6.18920E-01  7.29150E-01  8.58090E-01

 -9.44130E-01 -5.72430E-01  1.32890E-02  6.08270E-01  9.54940E-01
 -9.50540E-01 -5.87300E-01 -2.74500E-02  5.46220E-01  9.38240E-01
 -9.50850E-01 -5.62070E-01  1.57190E-02  5.62660E-01  9.45830E-01
 -9.52170E-01 -5.78690E-01 -1.25240E-02  5.83420E-01  9.51030E-01
 -9.50460E-01 -5.50910E-01  3.99210E-02  6.11460E-01  9.52340E-01
 -9.45890E-01 -5.93270E-01  3.83990E-02  5.86250E-01  9.46490E-01
 -9.49740E-01 -5.89510E-01  1.80670E-02  6.14380E-01  9.59530E-01
 -9.42940E-01 -5.94620E-01  2.11490E-02  5.89770E-01  9.44940E-01
 -9.50120E-01 -6.02090E-01 -3.01830E-02  5.64250E-01  9.60300E-01
 -9.55890E-01 -5.99290E-01 -2.19010E-02  5.54990E-01  9.51500E-01
 -9.45710E-01 -5.83150E-01  1.05020E-02  5.64650E-01  9.46010E-01
 -9.45700E-01 -5.90220E-01  5.92930E-03  5.94840E-01  9.57740E-01
 -9.50970E-01 -5.25850E-01  3.91350E-02  6.36840E-01  9.47460E-01
 -9.54660E-01 -6.16150E-01 -2.32930E-02  5.63440E-01  9.41720E-01
 -9.48810E-01 -6.05050E-01 -2.70540E-02  5.86110E-01  9.50360E-01
 -9.51370E-01 -5.69300E-01 -6.58050E-03  5.89610E-01  9.50060E-01
 -9.48270E-01 -5.95010E-01  3.24750E-02  6.05160E-01  9.58160E-01
 -9.41380E-01 -5.66120E-01  3.52490E-02  6.09730E-01  9.43140E-01
 -9.38370E-01 -5.70460E-01  1.65340E-02  5.66620E-01  9.40790E-01
 -9.41720E-01 -5.87990E-01 -1.59670E-02  5.82360E-01  9.51060E-01
 -9.43230E-01 -5.70430E-01  2.71420E-02  5.73170E-01  9.51030E-01
 -9.49510E-01 -5.75300E-01 -1.00860E-03  5.81820E-01  9.36620E-01
 -9.55370E-01 -6.24170E-01 -7.05460E-02  5.58150E-01  9.49390E-01
 -9.53730E-01 -5.80560E-01  4.08260E-02  5.67650E-01  9.49760E-01
 -9.47050E-01 -6.18920E-01 -7.99950E-02  5.47510E-01  9.44190E-01


   10.  20.18   74. 183.85  5.00E+03  3.00E+01  3.65E-01

  4.90000E+02  1.45640E+03  2.26460E+03  2.94420E+03  3.57090E+03

  4.80830E-01  6.70700E-01  7.88450E-01  8.84640E-01  9.65230E-01
  4.28010E-01  6.25860E-01  7.61580E-01  8.68430E-01  9.59560E-01
  4.05350E-01  6.09910E-01  7.50840E-01  8.61230E-01  9.56470E-01
  4.06270E-01  6.11060E-01  7.47940E-01  8.58590E-01  9.55650E-01
  2.79640E-01  4.44390E-01  5.78250E-01  6.99820E-01  8.43850E-01

 -9.51730E-01 -5.89460E-01  2.07370E-02  5.96750E-01  9.55810E-01
 -9.51490E-01 -6.21430E-01 -5.07930E-02  5.71680E-01  9.58080E-01
 -9.50000E-01 -5.93650E-01  3.18590E-02  6.07060E-01  9.56240E-01
 -9.54140E-01 -5.81610E-01 -1.93520E-02  5.67150E-01  9.47290E-01
 -9.48470E-01 -5.74050E-01  2.45220E-02  6.00730E-01  9.43450E-01
 -9.41520E-01 -5.81200E-01  8.02360E-03  5.88290E-01  9.56730E-01
 -9.46410E-01 -5.86870E-01  6.78540E-03  5.87150E-01  9.61380E-01
 -9.47190E-01 -5.59770E-01  1.53850E-03  6.20040E-01  9.53370E-01
 -9.50590E-01 -5.86530E-01  5.41570E-02  6.29850E-01  9.58770E-01
 -9.54810E-01 -6.20510E-01 -1.19650E-02  5.55730E-01  9.42310E-01
 -9.50390E-01 -6.34730E-01 -7.42700E-02  5.21620E-01  9.41210E-01
 -9.55720E-01 -6.25980E-01 -5.31930E-02  5.43560E-01  9.44770E-01
 -9.42610E-01 -5.76820E-01  3.69290E-02  5.97120E-01  9.49100E-01
 -9.47640E-01 -6.06600E-01 -5.97770E-02  5.44990E-01  9.44540E-01
 -9.51030E-01 -6.04170E-01 -4.01720E-02  5.37400E-01  9.42860E-01
 -9.57540E-01 -6.23560E-01 -1.12860E-02  5.56050E-01  9.44840E-01
 -9.66560E-01 -6.79260E-01 -1.19720E-01  5.62150E-01  9.41510E-01
 -9.52420E-01 -6.44170E-01 -5.90860E-02  5.57660E-01  9.38030E-01
 -9.59570E-01 -6.08660E-01 -5.47390E-02  5.62970E-01  9.46530E-01
 -9.66150E-01 -6.34920E-01 -8.06590E-02  5.39590E-01  9.37050E-01
 -4.75430E-01 -1.17400E-02  4.17060E-01  7.75340E-01  9.72730E-01
 -3.23590E-01  1.93610E-01  5.53450E-01  8.35530E-01  9.83770E-01
 -2.14350E-01  2.94930E-01  6.00780E-01  8.40490E-01  9.82100E-01
 -1.10250E-01  3.84500E-01  6.86160E-01  8.83720E-01  9.85930E-01
 -1.27530E-01  3.96310E-01  7.17710E-01  9.04730E-01  9.89730E-01


   10.  20.18   74. 183.85  5.00E+03  4.50E+01  4.29E-01

  5.97490E+02  1.68870E+03  2.53700E+03  3.19610E+03  3.87560E+03

  4.74230E-01  6.63210E-01  7.85830E-01  8.79570E-01  9.61280E-01
  4.20730E-01  6.26230E-01  7.61840E-01  8.68290E-01  9.58390E-01
  3.98190E-01  5.98120E-01  7.35610E-01  8.52630E-01  9.53080E-01
  3.69290E-01  5.70430E-01  7.14890E-01  8.37780E-01  9.47610E-01
  2.54650E-01  4.03050E-01  5.23550E-01  6.43340E-01  7.90030E-01

 -9.46890E-01 -5.68640E-01  2.26990E-02  5.91680E-01  9.50540E-01
 -9.60100E-01 -5.96910E-01  2.11090E-02  6.05380E-01  9.52000E-01
 -9.39270E-01 -5.60090E-01  6.15760E-03  5.78960E-01  9.48910E-01
 -9.42610E-01 -5.80630E-01  3.94640E-02  6.34930E-01  9.56740E-01
 -9.40860E-01 -5.54450E-01 -1.61100E-03  5.81190E-01  9.53540E-01
 -9.57390E-01 -5.87360E-01  2.64960E-02  5.93940E-01  9.43060E-01
 -9.49630E-01 -5.64830E-01  2.44690E-02  5.77020E-01  9.46460E-01
 -9.52790E-01 -6.18520E-01 -1.29980E-02  5.84570E-01  9.47580E-01
 -9.56180E-01 -6.15930E-01 -3.02740E-02  5.80840E-01  9.51920E-01
 -9.48200E-01 -5.98800E-01  1.10060E-04  5.80350E-01  9.48400E-01
 -9.48700E-01 -6.35190E-01 -8.31370E-02  5.16290E-01  9.43790E-01
 -9.48040E-01 -6.23710E-01 -6.01370E-02  5.63240E-01  9.44440E-01
 -9.60540E-01 -6.59100E-01 -5.17520E-02  5.43300E-01  9.48140E-01
 -9.54590E-01 -6.19760E-01 -4.83230E-02  5.64710E-01  9.39940E-01
 -9.57730E-01 -6.24780E-01 -4.60500E-02  5.64360E-01  9.44110E-01
 -8.97180E-01 -5.63360E-01  1.98000E-02  6.21390E-01  9.51780E-01
 -8.23950E-01 -4.44150E-01  1.13240E-01  6.39050E-01  9.65710E-01
 -8.06130E-01 -4.33760E-01  1.12690E-01  6.47930E-01  9.47590E-01
 -8.03240E-01 -3.56570E-01  1.69840E-01  6.78650E-01  9.61110E-01
 -8.76640E-01 -4.22920E-01  1.35360E-01  6.65470E-01  9.66450E-01
  8.25030E-02  4.41850E-01  6.97490E-01  8.83850E-01  9.88020E-01
  1.81440E-01  5.28280E-01  7.52320E-01  9.07160E-01  9.89210E-01
  2.44320E-01  5.83490E-01  7.87490E-01  9.20010E-01  9.91710E-01
  3.03850E-01  6.44980E-01  8.24200E-01  9.35100E-01  9.92350E-01
  2.47210E-01  6.62320E-01  8.46840E-01  9.51670E-01  9.94480E-01


   10.  20.18   74. 183.85  5.00E+03  6.00E+01  5.25E-01

  7.91050E+02  2.07860E+03  2.96840E+03  3.62000E+03  4.26380E+03

  4.60260E-01  6.51170E-01  7.77240E-01  8.77240E-01  9.62740E-01
  4.03860E-01  6.04120E-01  7.40600E-01  8.53560E-01  9.52970E-01
  3.59680E-01  5.54950E-01  7.00430E-01  8.24330E-01  9.41870E-01
  3.29050E-01  5.19090E-01  6.65450E-01  7.97840E-01  9.27080E-01
  2.03190E-01  3.23600E-01  4.23000E-01  5.26440E-01  6.64530E-01

 -9.52130E-01 -5.95030E-01  7.26970E-04  6.04790E-01  9.45960E-01
 -9.48160E-01 -5.95830E-01 -1.37530E-02  6.09010E-01  9.44400E-01
 -9.47720E-01 -5.60050E-01  3.22480E-02  5.88270E-01  9.47820E-01
 -9.49240E-01 -5.72830E-01 -1.40830E-02  5.79910E-01  9.49530E-01
 -9.43020E-01 -5.82120E-01 -7.10280E-03  5.85330E-01  9.49710E-01
 -9.57540E-01 -6.25000E-01 -6.96360E-02  5.41610E-01  9.40810E-01
 -9.54090E-01 -6.03510E-01 -4.56980E-02  5.64560E-01  9.46710E-01
 -9.48420E-01 -5.89730E-01 -6.58730E-03  5.63860E-01  9.52560E-01
 -9.49750E-01 -6.18410E-01 -7.97730E-02  5.32870E-01  9.40960E-01
 -9.56050E-01 -6.06890E-01 -2.74360E-02  5.73550E-01  9.55750E-01
 -9.63230E-01 -7.15610E-01 -1.85840E-01  4.77430E-01  9.39900E-01
 -9.63990E-01 -6.69160E-01 -9.40610E-02  5.69480E-01  9.50340E-01
 -9.54240E-01 -6.18910E-01  1.62200E-02  6.07190E-01  9.56390E-01
 -9.58010E-01 -6.32740E-01 -4.94040E-02  5.44700E-01  9.45170E-01
 -9.59920E-01 -6.30470E-01 -5.80180E-02  5.57020E-01  9.43160E-01
 -3.43820E-01  3.92830E-03  4.44000E-01  7.86710E-01  9.77160E-01
 -2.59740E-01  1.38200E-01  5.54700E-01  8.32120E-01  9.78920E-01
 -2.56270E-01  1.57900E-01  5.18040E-01  8.23770E-01  9.79950E-01
 -2.51760E-01  1.93250E-01  5.37290E-01  8.40960E-01  9.80420E-01
 -4.20850E-01  1.06600E-01  4.91550E-01  7.89530E-01  9.76220E-01
  4.97410E-01  7.08030E-01  8.53190E-01  9.49620E-01  9.94970E-01
  5.44440E-01  7.51480E-01  8.73890E-01  9.54110E-01  9.95220E-01
  5.88790E-01  7.86530E-01  8.89880E-01  9.64050E-01  9.95870E-01
  6.38530E-01  8.21570E-01  9.16620E-01  9.69170E-01  9.96750E-01
  6.62090E-01  8.46100E-01  9.29530E-01  9.76600E-01  9.97120E-01


   10.  20.18   74. 183.85  5.00E+03  7.00E+01  6.16E-01

  1.05040E+03  2.54080E+03  3.41990E+03  4.07310E+03  4.57190E+03

  4.41230E-01  6.36390E-01  7.68550E-01  8.74150E-01  9.60830E-01
  3.66080E-01  5.67620E-01  7.10450E-01  8.33090E-01  9.45590E-01
  3.21280E-01  5.15530E-01  6.67780E-01  8.06420E-01  9.40500E-01
  2.61300E-01  4.17260E-01  5.52210E-01  6.88250E-01  8.32970E-01
  1.51140E-01  2.37290E-01  3.12360E-01  3.93000E-01  5.03790E-01

 -9.43270E-01 -5.83360E-01  2.34400E-02  6.15930E-01  9.48100E-01
 -9.55430E-01 -5.83080E-01  9.29270E-03  6.05900E-01  9.56350E-01
 -9.54400E-01 -5.85850E-01  3.84100E-05  5.87500E-01  9.48360E-01
 -9.46150E-01 -5.94260E-01 -2.32570E-03  5.87810E-01  9.48530E-01
 -9.52530E-01 -5.94200E-01 -3.07970E-02  5.87340E-01  9.53230E-01
 -9.68620E-01 -7.25650E-01 -2.04740E-01  4.67730E-01  9.30170E-01
 -9.65200E-01 -6.94650E-01 -1.23560E-01  4.99800E-01  9.39720E-01
 -9.61850E-01 -6.58190E-01 -9.89010E-02  5.38280E-01  9.41870E-01
 -9.55690E-01 -6.35660E-01 -1.10350E-02  5.81560E-01  9.54620E-01
 -9.57400E-01 -6.12420E-01 -1.35920E-02  5.85450E-01  9.44480E-01
 -6.78990E-01 -3.46130E-01  9.61600E-02  6.23670E-01  9.54970E-01
 -6.65770E-01 -2.89730E-01  2.07050E-01  6.77470E-01  9.59710E-01
 -6.41750E-01 -2.33730E-01  2.64480E-01  7.11800E-01  9.71320E-01
 -6.87260E-01 -2.96710E-01  1.97820E-01  6.83140E-01  9.65820E-01
 -8.45280E-01 -3.91920E-01  1.28570E-01  6.57930E-01  9.59550E-01
  1.98790E-01  4.38010E-01  7.04210E-01  8.89110E-01  9.89410E-01
  2.65030E-01  5.29510E-01  7.61880E-01  9.17160E-01  9.91620E-01
  3.10920E-01  5.61860E-01  7.65040E-01  9.15720E-01  9.90450E-01
  3.76770E-01  6.26830E-01  7.88230E-01  9.19870E-01  9.91020E-01
  4.43180E-01  7.31860E-01  8.68410E-01  9.53070E-01  9.95060E-01
  7.60100E-01  8.62090E-01  9.24920E-01  9.74520E-01  9.96820E-01
  7.84860E-01  8.85310E-01  9.43390E-01  9.80790E-01  9.97950E-01
  8.05470E-01  9.00710E-01  9.48630E-01  9.80740E-01  9.97940E-01
  8.32170E-01  9.17010E-01  9.63260E-01  9.87070E-01  9.98510E-01
  8.65900E-01  9.42070E-01  9.73000E-01  9.90380E-01  9.98810E-01


   10.  20.18   74. 183.85  5.00E+03  8.00E+01  7.73E-01

  1.86490E+03  3.61580E+03  4.36380E+03  4.68610E+03  4.84230E+03

  4.05670E-01  6.00690E-01  7.37690E-01  8.53040E-01  9.52500E-01
  2.78210E-01  4.63570E-01  6.20610E-01  7.77910E-01  9.30060E-01
  2.01360E-01  3.33540E-01  4.64050E-01  6.06960E-01  7.53630E-01
  1.36670E-01  2.14030E-01  2.91680E-01  3.79640E-01  4.78120E-01
  7.98680E-02  1.16830E-01  1.52080E-01  1.91180E-01  2.46450E-01

 -9.59420E-01 -6.56490E-01 -1.59660E-01  4.72080E-01  9.40990E-01
 -9.57590E-01 -6.22430E-01 -6.76130E-02  5.45970E-01  9.49580E-01
 -9.58610E-01 -6.37440E-01 -8.08750E-02  5.57470E-01  9.44820E-01
 -9.52520E-01 -6.18880E-01 -4.29600E-02  5.55670E-01  9.48660E-01
 -9.53360E-01 -5.99320E-01 -3.39250E-02  5.63060E-01  9.40820E-01
 -5.48020E-01 -2.70230E-01  4.30950E-02  5.39520E-01  9.39830E-01
 -4.98400E-01 -1.37540E-01  3.00680E-01  7.27200E-01  9.67140E-01
 -5.22330E-01 -1.48460E-01  2.73840E-01  7.09010E-01  9.68020E-01
 -5.32390E-01 -1.61410E-01  2.54670E-01  7.10820E-01  9.66840E-01
 -6.87060E-01 -2.55020E-01  2.08080E-01  6.61980E-01  9.63630E-01
  4.56010E-01  6.15030E-01  7.74400E-01  9.16800E-01  9.91020E-01
  4.90830E-01  6.62850E-01  8.20380E-01  9.37690E-01  9.93560E-01
  5.24750E-01  6.82890E-01  8.16060E-01  9.37340E-01  9.93060E-01
  5.88760E-01  7.38580E-01  8.37660E-01  9.32770E-01  9.92220E-01
  7.26970E-01  8.53590E-01  9.25490E-01  9.72300E-01  9.96680E-01
  8.21420E-01  8.98180E-01  9.56660E-01  9.86240E-01  9.98570E-01
  8.35830E-01  9.04110E-01  9.57810E-01  9.86250E-01  9.98380E-01
  8.56120E-01  9.08440E-01  9.52720E-01  9.83750E-01  9.98100E-01
  8.84020E-01  9.30820E-01  9.61200E-01  9.84960E-01  9.98290E-01
  9.32950E-01  9.67210E-01  9.85020E-01  9.94980E-01  9.99420E-01
  9.58820E-01  9.80510E-01  9.92210E-01  9.97660E-01  9.99760E-01
  9.59700E-01  9.80210E-01  9.91040E-01  9.97210E-01  9.99710E-01
  9.62130E-01  9.80610E-01  9.90520E-01  9.96720E-01  9.99660E-01
  9.69100E-01  9.85210E-01  9.93290E-01  9.97620E-01  9.99720E-01
  9.77960E-01  9.90110E-01  9.95720E-01  9.98640E-01  9.99860E-01


   10.  20.18   74. 183.85  5.00E+03  8.50E+01  9.45E-01

  4.05580E+03  4.73940E+03  4.84810E+03  4.90130E+03  4.92960E+03

  2.29960E-01  4.19990E-01  5.85080E-01  7.36320E-01  8.75310E-01
  1.14830E-01  1.86860E-01  2.73530E-01  3.75110E-01  4.74200E-01
  9.15580E-02  1.34270E-01  1.82150E-01  2.36230E-01  2.90960E-01
  7.38990E-02  9.86560E-02  1.20810E-01  1.44810E-01  1.74440E-01
  4.50280E-02  5.67270E-02  6.69820E-02  7.90400E-02  9.73030E-02

 -2.54830E-01  7.16620E-02  3.43140E-01  5.97920E-01  9.40790E-01
 -2.48050E-01  8.44320E-02  3.86510E-01  6.80340E-01  9.64800E-01
 -2.30550E-01  1.05700E-01  4.24380E-01  7.19180E-01  9.65060E-01
 -1.89180E-01  1.51630E-01  4.55330E-01  7.19380E-01  9.70960E-01
 -1.69770E-01  1.49570E-01  4.93650E-01  7.68750E-01  9.69280E-01
  8.65810E-01  9.36950E-01  9.76790E-01  9.93610E-01  9.99370E-01
  8.59670E-01  9.23150E-01  9.68040E-01  9.90050E-01  9.99050E-01
  8.67690E-01  9.15380E-01  9.52150E-01  9.82770E-01  9.98270E-01
  8.98270E-01  9.37530E-01  9.62710E-01  9.83740E-01  9.97790E-01
  9.45330E-01  9.73610E-01  9.87620E-01  9.95790E-01  9.99580E-01
  9.57460E-01  9.85900E-01  9.95060E-01  9.98710E-01  9.99870E-01
  9.54910E-01  9.79610E-01  9.92340E-01  9.97730E-01  9.99780E-01
  9.58800E-01  9.75960E-01  9.88780E-01  9.96520E-01  9.99650E-01
  9.68770E-01  9.81610E-01  9.89550E-01  9.95710E-01  9.99510E-01
  9.83020E-01  9.91990E-01  9.96280E-01  9.98670E-01  9.99860E-01
  9.84140E-01  9.92270E-01  9.96630E-01  9.98910E-01  9.99890E-01
  9.86080E-01  9.93150E-01  9.96920E-01  9.98960E-01  9.99890E-01
  9.87400E-01  9.93650E-01  9.97090E-01  9.99050E-01  9.99890E-01
  9.89980E-01  9.94880E-01  9.97570E-01  9.99150E-01  9.99910E-01
  9.93810E-01  9.97240E-01  9.98730E-01  9.99570E-01  9.99960E-01
  9.96480E-01  9.98610E-01  9.99410E-01  9.99800E-01  9.99980E-01
  9.96430E-01  9.98550E-01  9.99410E-01  9.99810E-01  9.99980E-01
  9.96470E-01  9.98590E-01  9.99390E-01  9.99790E-01  9.99980E-01
  9.96570E-01  9.98540E-01  9.99400E-01  9.99800E-01  9.99980E-01
  9.97390E-01  9.98860E-01  9.99500E-01  9.99830E-01  9.99980E-01



