T_on_C_1.00  also includes: pdf boundaries emin,emax, angmin, angmax....   
 
*  projectile surface binding energy parameter: 1.00 eV     
*  parameter esbparm only added in first of the 84 blocks   
 
 
    1.   3.02    6.  12.01  1.00E+00  0.00E+00  0.00E+00  0.00E+00  1.00E+00   5   0.00

  0.00000E+00  0.00000E+00  0.00000E+00  0.00000E+00  0.00000E+00       0.00000E+00  0.00000E+00

  0.00000E+00  0.00000E+00  0.00000E+00  0.00000E+00  0.00000E+00       0.00000E+00  0.00000E+00
  0.00000E+00  0.00000E+00  0.00000E+00  0.00000E+00  0.00000E+00       0.00000E+00  0.00000E+00
  0.00000E+00  0.00000E+00  0.00000E+00  0.00000E+00  0.00000E+00       0.00000E+00  0.00000E+00
  0.00000E+00  0.00000E+00  0.00000E+00  0.00000E+00  0.00000E+00       0.00000E+00  0.00000E+00
  0.00000E+00  0.00000E+00  0.00000E+00  0.00000E+00  0.00000E+00       0.00000E+00  0.00000E+00

  0.00000E+00  0.00000E+00  0.00000E+00  0.00000E+00  0.00000E+00       0.00000E+00  0.00000E+00
  0.00000E+00  0.00000E+00  0.00000E+00  0.00000E+00  0.00000E+00       0.00000E+00  0.00000E+00
  0.00000E+00  0.00000E+00  0.00000E+00  0.00000E+00  0.00000E+00       0.00000E+00  0.00000E+00
  0.00000E+00  0.00000E+00  0.00000E+00  0.00000E+00  0.00000E+00       0.00000E+00  0.00000E+00
  0.00000E+00  0.00000E+00  0.00000E+00  0.00000E+00  0.00000E+00       0.00000E+00  0.00000E+00
  0.00000E+00  0.00000E+00  0.00000E+00  0.00000E+00  0.00000E+00       0.00000E+00  0.00000E+00
  0.00000E+00  0.00000E+00  0.00000E+00  0.00000E+00  0.00000E+00       0.00000E+00  0.00000E+00
  0.00000E+00  0.00000E+00  0.00000E+00  0.00000E+00  0.00000E+00       0.00000E+00  0.00000E+00
  0.00000E+00  0.00000E+00  0.00000E+00  0.00000E+00  0.00000E+00       0.00000E+00  0.00000E+00
  0.00000E+00  0.00000E+00  0.00000E+00  0.00000E+00  0.00000E+00       0.00000E+00  0.00000E+00
  0.00000E+00  0.00000E+00  0.00000E+00  0.00000E+00  0.00000E+00       0.00000E+00  0.00000E+00
  0.00000E+00  0.00000E+00  0.00000E+00  0.00000E+00  0.00000E+00       0.00000E+00  0.00000E+00
  0.00000E+00  0.00000E+00  0.00000E+00  0.00000E+00  0.00000E+00       0.00000E+00  0.00000E+00
  0.00000E+00  0.00000E+00  0.00000E+00  0.00000E+00  0.00000E+00       0.00000E+00  0.00000E+00
  0.00000E+00  0.00000E+00  0.00000E+00  0.00000E+00  0.00000E+00       0.00000E+00  0.00000E+00
  0.00000E+00  0.00000E+00  0.00000E+00  0.00000E+00  0.00000E+00       0.00000E+00  0.00000E+00
  0.00000E+00  0.00000E+00  0.00000E+00  0.00000E+00  0.00000E+00       0.00000E+00  0.00000E+00
  0.00000E+00  0.00000E+00  0.00000E+00  0.00000E+00  0.00000E+00       0.00000E+00  0.00000E+00
  0.00000E+00  0.00000E+00  0.00000E+00  0.00000E+00  0.00000E+00       0.00000E+00  0.00000E+00
  0.00000E+00  0.00000E+00  0.00000E+00  0.00000E+00  0.00000E+00       0.00000E+00  0.00000E+00
  0.00000E+00  0.00000E+00  0.00000E+00  0.00000E+00  0.00000E+00       0.00000E+00  0.00000E+00
  0.00000E+00  0.00000E+00  0.00000E+00  0.00000E+00  0.00000E+00       0.00000E+00  0.00000E+00
  0.00000E+00  0.00000E+00  0.00000E+00  0.00000E+00  0.00000E+00       0.00000E+00  0.00000E+00
  0.00000E+00  0.00000E+00  0.00000E+00  0.00000E+00  0.00000E+00       0.00000E+00  0.00000E+00
  0.00000E+00  0.00000E+00  0.00000E+00  0.00000E+00  0.00000E+00       0.00000E+00  0.00000E+00


    1.   3.02    6.  12.01  1.00E+00  3.00E+01  1.41E-03  1.88E-04     5   0.00

  4.38050E-02  8.29900E-02  1.22920E-01  1.67020E-01  2.40300E-01       3.80650E-03  3.93660E-01

  3.08145E-01  5.25295E-01  6.69840E-01  8.15810E-01  9.40970E-01       2.63610E-02  9.99080E-01
  2.87970E-01  5.08535E-01  6.56155E-01  7.84350E-01  9.22105E-01       1.22890E-02  9.93960E-01
  2.42110E-01  4.26020E-01  5.72675E-01  7.21435E-01  8.93080E-01       5.73700E-02  9.99800E-01
  2.27590E-01  4.33225E-01  5.64845E-01  6.93650E-01  8.57860E-01       2.61390E-02  9.99640E-01
  1.88665E-01  3.60140E-01  4.86115E-01  6.08090E-01  7.87025E-01       6.66900E-03  9.95920E-01

 -5.66937E-01  1.61035E-01  6.57593E-01  8.30495E-01  9.69530E-01      -9.99960E-01  9.60390E-01
 -3.66148E-01  1.91779E-01  5.81697E-01  7.57925E-01  9.85913E-01      -9.99060E-01  9.97890E-01
 -5.94732E-01  2.01882E-01  5.58820E-01  8.31455E-01  9.75508E-01      -9.99690E-01  9.96750E-01
 -6.12970E-01  5.74615E-02  5.59663E-01  8.46620E-01  9.65015E-01      -9.99950E-01  9.64440E-01
 -7.56180E-01 -3.75540E-01  1.99406E-01  6.40657E-01  9.53017E-01      -9.99350E-01  9.34310E-01
 -1.52526E-01  6.12833E-01  8.25380E-01  9.36420E-01  9.96740E-01      -6.66540E-01  9.95130E-01
  1.08031E-01  5.21798E-01  8.30368E-01  9.51533E-01  9.91935E-01      -9.29300E-01  9.93850E-01
 -1.94765E-02  4.85300E-01  7.49140E-01  9.21550E-01  9.87190E-01      -7.06950E-01  9.92360E-01
 -4.98880E-01  1.40717E-01  6.01703E-01  9.34305E-01  9.95080E-01      -9.89620E-01  9.95370E-01
 -2.57235E-01  4.15847E-01  7.27692E-01  9.10815E-01  9.93677E-01      -9.64330E-01  9.93300E-01
  1.45410E-01  5.33735E-01  8.14982E-01  9.29887E-01  9.97465E-01      -6.18380E-01  9.95160E-01
  3.40475E-01  6.38068E-01  8.50973E-01  9.55660E-01  9.98270E-01      -7.68470E-01  9.97220E-01
  2.15543E-01  5.21122E-01  7.61060E-01  8.78868E-01  9.63982E-01      -6.44730E-01  9.96780E-01
  1.45395E-01  6.42060E-01  8.12635E-01  9.24935E-01  9.95490E-01      -9.25410E-01  9.92290E-01
 -8.49348E-02  4.59377E-01  7.18042E-01  9.38480E-01  9.89310E-01      -9.97040E-01  9.98970E-01
  1.61751E-01  6.21045E-01  8.13675E-01  9.28473E-01  9.82747E-01      -4.82410E-01  9.78120E-01
  3.65850E-01  6.58895E-01  8.61552E-01  9.46845E-01  9.96047E-01      -2.12110E-01  9.98040E-01
  3.03190E-01  7.20070E-01  8.74202E-01  9.50778E-01  9.96823E-01      -3.00930E-02  9.94030E-01
  2.07563E-01  6.75157E-01  8.47892E-01  9.54353E-01  9.95317E-01      -8.62990E-01  9.98540E-01
  2.60125E-01  7.09027E-01  8.38115E-01  9.48485E-01  9.94630E-01      -3.57040E-01  9.98750E-01
  6.79802E-01  7.96865E-01  8.84150E-01  9.51365E-01  9.89428E-01       1.68320E-01  9.86610E-01
  5.69975E-01  8.10667E-01  9.22660E-01  9.76225E-01  9.97883E-01      -4.03030E-03  9.99420E-01
  5.79855E-01  7.85107E-01  8.83820E-01  9.64693E-01  9.92250E-01      -6.70930E-02  9.97320E-01
  5.59780E-01  7.38897E-01  8.80670E-01  9.58495E-01  9.93200E-01      -1.30710E-01  9.93300E-01
  5.57853E-01  8.01923E-01  9.14797E-01  9.58428E-01  9.95988E-01      -5.50600E-01  9.94250E-01


    1.   3.02    6.  12.01  1.00E+00  4.50E+01  4.84E-03  8.57E-04     5   0.00

  5.84250E-02  1.13710E-01  1.64770E-01  2.24070E-01  3.16490E-01       1.01950E-03  5.27870E-01

  3.10175E-01  5.38200E-01  7.01830E-01  8.27120E-01  9.44070E-01       2.68530E-02  9.99660E-01
  2.69830E-01  4.91510E-01  6.59285E-01  7.92840E-01  9.25760E-01       8.42160E-03  9.99850E-01
  2.47315E-01  4.46165E-01  5.96570E-01  7.40870E-01  8.97190E-01       1.32950E-02  9.99770E-01
  2.26910E-01  3.99635E-01  5.46895E-01  6.96830E-01  8.73235E-01       1.34820E-02  9.96940E-01
  2.01275E-01  3.45320E-01  4.82790E-01  6.14115E-01  7.82040E-01       6.62040E-03  9.95900E-01

 -6.70108E-01  6.58210E-02  5.47420E-01  8.72563E-01  9.78605E-01      -9.99720E-01  9.97920E-01
 -6.98685E-01  9.92472E-02  5.95295E-01  8.54235E-01  9.74700E-01      -9.99840E-01  9.98670E-01
 -6.10847E-01  4.50220E-02  5.37620E-01  8.33582E-01  9.76935E-01      -9.99880E-01  9.99560E-01
 -7.69775E-01 -2.41953E-01  2.66702E-01  7.39370E-01  9.81555E-01      -9.98940E-01  9.97130E-01
 -8.46360E-01 -2.62691E-01  3.54734E-01  7.92763E-01  9.61450E-01      -1.00000E+00  9.99100E-01
 -7.13194E-02  4.90970E-01  7.25222E-01  9.14577E-01  9.89912E-01      -9.65450E-01  9.99940E-01
 -2.31096E-01  3.48260E-01  7.07540E-01  9.10818E-01  9.92440E-01      -9.65450E-01  9.99650E-01
 -1.92574E-01  4.57748E-01  7.70480E-01  9.11210E-01  9.88700E-01      -9.96630E-01  9.99930E-01
 -4.34969E-01  3.19686E-01  6.92863E-01  8.83983E-01  9.79383E-01      -1.00000E+00  9.99980E-01
 -5.82255E-01  4.18108E-02  5.68665E-01  8.81940E-01  9.89515E-01      -9.99860E-01  9.99790E-01
  1.99096E-01  6.80482E-01  8.46278E-01  9.40040E-01  9.89510E-01      -8.63820E-01  9.98470E-01
  8.10938E-02  6.09670E-01  8.16480E-01  9.32203E-01  9.92552E-01      -9.99580E-01  9.98130E-01
  1.02466E-01  6.11377E-01  8.09065E-01  9.22540E-01  9.92903E-01      -9.76430E-01  9.99660E-01
  9.76493E-02  5.58338E-01  7.70065E-01  9.11855E-01  9.90170E-01      -9.35350E-01  9.98720E-01
 -3.93490E-01  2.68413E-01  6.62385E-01  8.98258E-01  9.86025E-01      -9.97580E-01  9.99940E-01
  2.45113E-01  6.76563E-01  8.68685E-01  9.59137E-01  9.95445E-01      -6.97050E-01  9.99970E-01
  3.97295E-01  7.31137E-01  8.59705E-01  9.67535E-01  9.95337E-01      -6.59810E-01  9.99450E-01
  3.71175E-01  7.25282E-01  8.75305E-01  9.52608E-01  9.96305E-01      -3.81240E-01  9.99950E-01
  2.30612E-01  6.49263E-01  8.48070E-01  9.58400E-01  9.95790E-01      -6.62980E-01  9.99990E-01
 -6.54925E-02  5.61688E-01  8.21692E-01  9.47195E-01  9.89990E-01      -9.97990E-01  9.99790E-01
  5.62110E-01  8.12690E-01  9.14312E-01  9.66342E-01  9.96243E-01      -4.10100E-01  9.99920E-01
  5.34147E-01  7.80265E-01  9.08935E-01  9.67830E-01  9.96600E-01      -6.53980E-01  9.99970E-01
  5.56295E-01  7.90022E-01  9.11945E-01  9.74723E-01  9.97282E-01      -2.74620E-01  9.99940E-01
  6.19420E-01  8.06882E-01  9.13648E-01  9.75662E-01  9.97768E-01      -3.94030E-01  9.99980E-01
  4.62245E-01  7.95510E-01  9.12200E-01  9.68105E-01  9.96955E-01      -7.63660E-01  9.98830E-01


    1.   3.02    6.  12.01  1.00E+00  6.00E+01  1.26E-02  2.66E-03     5   0.00

  7.14540E-02  1.37530E-01  1.99930E-01  2.68770E-01  3.68580E-01       8.12470E-04  5.92570E-01

  3.03590E-01  5.25360E-01  6.78580E-01  8.14110E-01  9.37060E-01       7.15920E-03  9.99890E-01
  2.71785E-01  4.87130E-01  6.47110E-01  7.91710E-01  9.27900E-01       7.36390E-03  1.00000E+00
  2.40410E-01  4.32885E-01  5.97980E-01  7.57060E-01  9.09385E-01       3.79410E-03  9.99940E-01
  2.23275E-01  4.08780E-01  5.53550E-01  6.94935E-01  8.69255E-01       5.71090E-03  9.99110E-01
  1.97520E-01  3.44860E-01  4.75240E-01  6.01670E-01  7.74960E-01       1.07150E-02  9.99920E-01

 -5.89063E-01  1.40391E-01  6.36450E-01  8.71622E-01  9.83255E-01      -1.00000E+00  9.99950E-01
 -6.69230E-01  1.37049E-01  6.27972E-01  8.86413E-01  9.87225E-01      -9.99750E-01  9.99920E-01
 -6.88567E-01  3.00125E-02  5.48235E-01  8.56530E-01  9.84448E-01      -9.99990E-01  9.99960E-01
 -8.07057E-01 -1.47671E-01  4.15278E-01  7.88955E-01  9.77605E-01      -9.99940E-01  9.99880E-01
 -8.65193E-01 -3.12960E-01  2.59273E-01  7.48170E-01  9.62120E-01      -9.99990E-01  9.99700E-01
 -7.08350E-02  5.37262E-01  7.83920E-01  9.17238E-01  9.90788E-01      -9.99950E-01  9.99940E-01
 -4.54823E-02  4.76657E-01  7.94350E-01  9.34698E-01  9.93097E-01      -9.97560E-01  1.00000E+00
 -2.52765E-01  4.14120E-01  7.58010E-01  9.17660E-01  9.89005E-01      -9.98580E-01  9.99910E-01
 -4.38947E-01  2.96630E-01  6.55085E-01  8.76390E-01  9.84810E-01      -9.99940E-01  9.99960E-01
 -7.86320E-01 -8.70463E-02  4.74745E-01  8.14352E-01  9.77905E-01      -1.00000E+00  9.99680E-01
  1.74080E-01  6.36415E-01  8.41245E-01  9.53553E-01  9.95178E-01      -8.56000E-01  9.99990E-01
  1.97608E-01  6.04908E-01  8.12565E-01  9.48030E-01  9.94555E-01      -9.40570E-01  9.99920E-01
  6.32715E-02  6.05822E-01  8.34170E-01  9.42693E-01  9.94440E-01      -9.76490E-01  9.99990E-01
 -1.49383E-02  5.68377E-01  8.10142E-01  9.22443E-01  9.91780E-01      -9.94940E-01  9.99980E-01
 -5.01144E-01  2.22243E-01  6.55520E-01  8.75038E-01  9.86228E-01      -9.99940E-01  9.99580E-01
  3.91587E-01  7.37592E-01  8.76380E-01  9.61002E-01  9.95490E-01      -7.59430E-01  9.99970E-01
  3.82422E-01  7.16765E-01  8.73475E-01  9.66030E-01  9.95770E-01      -6.25450E-01  9.99980E-01
  3.54235E-01  7.03327E-01  8.56095E-01  9.52085E-01  9.94435E-01      -7.37310E-01  9.99950E-01
  2.86917E-01  6.79380E-01  8.59527E-01  9.58442E-01  9.94490E-01      -9.24000E-01  9.99810E-01
  5.17980E-02  5.61275E-01  8.08353E-01  9.34975E-01  9.93618E-01      -9.94180E-01  1.00000E+00
  6.01300E-01  8.45440E-01  9.29032E-01  9.77457E-01  9.97415E-01      -2.14530E-01  9.99980E-01
  5.43820E-01  8.07308E-01  9.09870E-01  9.70878E-01  9.96913E-01      -4.60920E-01  9.99970E-01
  5.56512E-01  8.00585E-01  9.10165E-01  9.67780E-01  9.96180E-01      -1.22440E-02  1.00000E+00
  5.67010E-01  7.99510E-01  9.11635E-01  9.69610E-01  9.95738E-01      -3.56890E-01  9.99980E-01
  5.37850E-01  7.92880E-01  9.05835E-01  9.64227E-01  9.96595E-01      -9.92180E-01  9.99970E-01


    1.   3.02    6.  12.01  1.00E+00  7.00E+01  1.98E-02  4.53E-03     5   0.00

  7.77680E-02  1.51950E-01  2.18870E-01  2.94420E-01  3.95960E-01       1.19540E-03  5.94400E-01

  3.09560E-01  5.25785E-01  6.81695E-01  8.19380E-01  9.44330E-01       1.71190E-02  9.99750E-01
  2.76300E-01  4.98785E-01  6.58760E-01  7.95520E-01  9.30815E-01       7.02380E-03  9.99990E-01
  2.54625E-01  4.54855E-01  6.04430E-01  7.49225E-01  9.08120E-01       7.01130E-03  9.99640E-01
  2.29030E-01  4.13645E-01  5.60190E-01  7.03595E-01  8.75345E-01       3.50970E-03  9.99870E-01
  1.92285E-01  3.40850E-01  4.68425E-01  5.95760E-01  7.74355E-01       7.80060E-03  9.99270E-01

 -6.37235E-01  1.24284E-01  5.82253E-01  8.69430E-01  9.84807E-01      -9.99880E-01  9.99990E-01
 -6.76182E-01  7.55475E-02  5.95105E-01  8.63080E-01  9.84095E-01      -9.99990E-01  9.99970E-01
 -7.12190E-01  7.71750E-03  5.39205E-01  8.40085E-01  9.80678E-01      -9.99990E-01  9.99980E-01
 -8.56095E-01 -7.76312E-02  5.05685E-01  8.33470E-01  9.84807E-01      -1.00000E+00  9.99700E-01
 -9.06245E-01 -3.99615E-01  2.58053E-01  7.55100E-01  9.73990E-01      -1.00000E+00  9.99810E-01
 -3.03323E-02  5.46950E-01  7.88780E-01  9.24352E-01  9.92663E-01      -9.82450E-01  9.99980E-01
 -2.17335E-01  4.21685E-01  7.28685E-01  9.08710E-01  9.89790E-01      -9.99980E-01  1.00000E+00
 -2.86263E-01  4.07625E-01  7.35555E-01  9.04150E-01  9.88820E-01      -9.99280E-01  9.99990E-01
 -4.81990E-01  2.75187E-01  6.73247E-01  8.99722E-01  9.89170E-01      -9.99990E-01  9.99950E-01
 -7.71787E-01 -4.03175E-02  4.53380E-01  7.96910E-01  9.74855E-01      -9.99990E-01  9.99570E-01
  2.11495E-01  6.62500E-01  8.53550E-01  9.50670E-01  9.94817E-01      -9.04880E-01  9.99910E-01
  2.10395E-01  6.63670E-01  8.46175E-01  9.52568E-01  9.94925E-01      -9.08930E-01  9.99970E-01
  1.54733E-01  6.08625E-01  8.30685E-01  9.50398E-01  9.93795E-01      -9.99530E-01  9.99970E-01
  5.70864E-02  5.54567E-01  8.12002E-01  9.34180E-01  9.94395E-01      -9.99830E-01  9.99990E-01
 -4.79322E-01  2.21545E-01  6.52330E-01  8.85412E-01  9.89115E-01      -9.99990E-01  9.99990E-01
  4.01003E-01  7.38963E-01  8.81110E-01  9.62325E-01  9.96067E-01      -7.99750E-01  9.99990E-01
  3.81638E-01  7.26792E-01  8.92738E-01  9.67887E-01  9.97428E-01      -5.71410E-01  1.00000E+00
  3.42225E-01  7.37935E-01  8.86013E-01  9.62427E-01  9.95833E-01      -5.97230E-01  9.99990E-01
  2.98588E-01  6.77965E-01  8.60120E-01  9.47545E-01  9.93540E-01      -9.13470E-01  9.99970E-01
  9.90755E-02  5.76685E-01  8.11033E-01  9.31105E-01  9.92280E-01      -9.99290E-01  1.00000E+00
  5.93018E-01  8.27480E-01  9.18370E-01  9.72550E-01  9.97067E-01      -3.40260E-01  9.99990E-01
  5.78220E-01  8.31392E-01  9.25585E-01  9.71337E-01  9.96970E-01      -2.71700E-01  1.00000E+00
  5.93347E-01  8.36562E-01  9.25870E-01  9.73100E-01  9.97595E-01      -2.78210E-01  9.99990E-01
  5.61913E-01  8.03765E-01  9.12528E-01  9.70812E-01  9.96872E-01      -5.09300E-01  1.00000E+00
  5.56083E-01  8.00545E-01  9.07390E-01  9.71112E-01  9.97355E-01      -9.95490E-01  1.00000E+00


    1.   3.02    6.  12.01  1.00E+00  8.00E+01  2.56E-02  6.15E-03     5   0.00

  8.29910E-02  1.61010E-01  2.30770E-01  3.09500E-01  4.12870E-01       8.77240E-04  6.12750E-01

  3.05895E-01  5.37680E-01  6.88495E-01  8.19845E-01  9.41835E-01       1.73010E-02  9.99950E-01
  2.83140E-01  5.01615E-01  6.56155E-01  7.95430E-01  9.31345E-01       8.65880E-03  9.99870E-01
  2.53365E-01  4.56310E-01  6.08620E-01  7.50225E-01  9.06305E-01       4.70800E-03  9.99980E-01
  2.38240E-01  4.17610E-01  5.59790E-01  6.96825E-01  8.68025E-01       8.92610E-03  9.99980E-01
  1.92160E-01  3.49920E-01  4.71370E-01  6.04380E-01  7.70235E-01       1.09230E-02  9.99420E-01

 -6.02437E-01  1.19973E-01  5.61265E-01  8.35098E-01  9.83025E-01      -1.00000E+00  1.00000E+00
 -6.56423E-01  3.73275E-02  5.21892E-01  8.28680E-01  9.80748E-01      -1.00000E+00  9.99980E-01
 -7.71713E-01 -1.13868E-02  5.26652E-01  8.38360E-01  9.82217E-01      -1.00000E+00  9.99970E-01
 -8.35975E-01 -1.03779E-01  4.53228E-01  8.17480E-01  9.84457E-01      -1.00000E+00  9.99970E-01
 -9.10952E-01 -3.38325E-01  2.79247E-01  7.57177E-01  9.71500E-01      -1.00000E+00  9.99950E-01
 -6.70255E-02  4.85100E-01  7.46008E-01  9.09293E-01  9.89878E-01      -9.99300E-01  9.99980E-01
 -1.19591E-01  4.61053E-01  7.38730E-01  9.06258E-01  9.89487E-01      -9.99820E-01  9.99980E-01
 -1.96583E-01  4.67152E-01  7.50580E-01  9.12648E-01  9.90047E-01      -9.99850E-01  9.99960E-01
 -4.38538E-01  3.14230E-01  7.23592E-01  9.03528E-01  9.88695E-01      -9.99980E-01  1.00000E+00
 -7.35985E-01 -3.83200E-02  4.70782E-01  8.18177E-01  9.80155E-01      -1.00000E+00  9.99990E-01
  2.04007E-01  6.42613E-01  8.37360E-01  9.47770E-01  9.94760E-01      -9.29470E-01  9.99990E-01
  2.61275E-01  6.67628E-01  8.47247E-01  9.45305E-01  9.94247E-01      -9.54930E-01  9.99980E-01
  1.81845E-01  6.41987E-01  8.41152E-01  9.45675E-01  9.93997E-01      -9.99610E-01  9.99990E-01
  4.58147E-02  6.02825E-01  8.40063E-01  9.44962E-01  9.92880E-01      -9.99390E-01  9.99990E-01
 -4.39670E-01  2.76854E-01  6.65417E-01  8.88405E-01  9.89610E-01      -9.99720E-01  9.99990E-01
  4.41615E-01  7.45380E-01  8.80633E-01  9.59955E-01  9.95425E-01      -7.47510E-01  9.99990E-01
  4.41348E-01  7.52722E-01  8.78785E-01  9.56242E-01  9.94653E-01      -7.62230E-01  9.99970E-01
  3.59043E-01  7.30667E-01  8.86197E-01  9.63978E-01  9.95103E-01      -5.07990E-01  9.99990E-01
  3.06642E-01  7.09305E-01  8.70332E-01  9.54473E-01  9.94372E-01      -7.37840E-01  9.99990E-01
  4.90550E-02  5.58150E-01  7.97750E-01  9.38348E-01  9.91553E-01      -9.99960E-01  9.99990E-01
  6.10063E-01  8.26558E-01  9.26992E-01  9.72410E-01  9.96768E-01      -4.68650E-01  1.00000E+00
  6.12308E-01  8.42618E-01  9.25830E-01  9.74010E-01  9.97267E-01      -1.41380E-01  9.99990E-01
  5.71097E-01  8.32990E-01  9.22508E-01  9.74243E-01  9.97540E-01      -3.29520E-01  9.99990E-01
  5.80402E-01  8.15080E-01  9.21525E-01  9.73023E-01  9.97240E-01      -2.56110E-01  1.00000E+00
  5.69422E-01  7.97965E-01  9.09220E-01  9.68975E-01  9.96322E-01      -6.26980E-01  9.99940E-01


    1.   3.02    6.  12.01  1.00E+00  8.50E+01  2.74E-02  6.67E-03     5   0.00

  8.49610E-02  1.63150E-01  2.33630E-01  3.11350E-01  4.16830E-01       7.81430E-04  6.18470E-01

  3.10885E-01  5.36450E-01  6.91300E-01  8.23510E-01  9.41735E-01       1.14050E-02  9.99930E-01
  2.82430E-01  4.99975E-01  6.57200E-01  7.97370E-01  9.30930E-01       2.40800E-03  9.99960E-01
  2.59700E-01  4.61495E-01  6.10655E-01  7.51385E-01  9.06870E-01       5.14990E-03  9.99970E-01
  2.37980E-01  4.22225E-01  5.63470E-01  7.03175E-01  8.68045E-01       5.64510E-03  9.99850E-01
  1.94050E-01  3.47770E-01  4.72765E-01  6.00710E-01  7.68095E-01       2.96550E-03  9.98540E-01

 -6.21907E-01  9.16473E-02  5.21810E-01  8.30915E-01  9.79612E-01      -1.00000E+00  9.99970E-01
 -7.10550E-01  6.10875E-02  5.60220E-01  8.38540E-01  9.81648E-01      -1.00000E+00  9.99940E-01
 -7.07227E-01  1.85638E-02  5.12472E-01  8.26577E-01  9.78807E-01      -1.00000E+00  9.99990E-01
 -8.19088E-01 -1.99683E-01  4.29805E-01  8.00295E-01  9.81730E-01      -1.00000E+00  9.99690E-01
 -8.74892E-01 -3.36599E-01  3.10165E-01  7.74830E-01  9.73585E-01      -1.00000E+00  9.99990E-01
 -8.86240E-02  4.76742E-01  7.33690E-01  8.93990E-01  9.87670E-01      -9.82170E-01  9.99990E-01
 -9.27790E-02  4.77633E-01  7.53070E-01  9.05270E-01  9.88387E-01      -9.99590E-01  9.99900E-01
 -2.86204E-01  4.19227E-01  7.32435E-01  8.99930E-01  9.87550E-01      -9.99890E-01  9.99990E-01
 -4.50937E-01  2.78905E-01  6.99575E-01  9.01337E-01  9.87677E-01      -9.99990E-01  1.00000E+00
 -7.95422E-01 -7.02695E-02  4.80435E-01  8.23710E-01  9.79675E-01      -1.00000E+00  9.99940E-01
  2.80597E-01  6.44952E-01  8.26297E-01  9.44365E-01  9.94142E-01      -8.11260E-01  1.00000E+00
  2.59233E-01  6.58803E-01  8.39020E-01  9.41153E-01  9.92202E-01      -8.83330E-01  9.99990E-01
  2.23090E-01  6.53365E-01  8.47672E-01  9.44093E-01  9.93798E-01      -9.99930E-01  9.99990E-01
  7.98650E-03  5.97272E-01  8.25855E-01  9.39987E-01  9.93300E-01      -9.99350E-01  9.99990E-01
 -4.54491E-01  2.79273E-01  6.56428E-01  8.88255E-01  9.87215E-01      -1.00000E+00  9.99960E-01
  4.21318E-01  7.43935E-01  8.78135E-01  9.54828E-01  9.94852E-01      -5.85980E-01  9.99990E-01
  4.12345E-01  7.52282E-01  8.84160E-01  9.59258E-01  9.95408E-01      -7.24620E-01  1.00000E+00
  3.86918E-01  7.48385E-01  8.86657E-01  9.65235E-01  9.96070E-01      -6.94350E-01  9.99990E-01
  3.13920E-01  7.14397E-01  8.69215E-01  9.56520E-01  9.94480E-01      -6.97650E-01  9.99970E-01
  9.54675E-02  5.64237E-01  8.02815E-01  9.31180E-01  9.92463E-01      -1.00000E+00  1.00000E+00
  6.04248E-01  8.27590E-01  9.27607E-01  9.75865E-01  9.97348E-01      -1.47560E-01  1.00000E+00
  5.95438E-01  8.34917E-01  9.23183E-01  9.75333E-01  9.97227E-01      -2.69220E-01  9.99990E-01
  5.78355E-01  8.24047E-01  9.17160E-01  9.73893E-01  9.97325E-01      -3.59940E-01  9.99990E-01
  5.69830E-01  8.03512E-01  9.19105E-01  9.73438E-01  9.97407E-01      -2.69560E-01  9.99990E-01
  5.80510E-01  8.02100E-01  9.12187E-01  9.68843E-01  9.96493E-01      -5.36590E-01  1.00000E+00


    1.   3.02    6.  12.01  2.00E+00  0.00E+00  3.67E-02  6.66E-03     5   0.00

  1.21610E-01  2.35390E-01  3.41690E-01  4.60670E-01  6.39920E-01       1.81080E-03  1.04610E+00

  3.15550E-01  5.46110E-01  7.04025E-01  8.35990E-01  9.49700E-01       1.20100E-03  9.99980E-01
  3.12585E-01  5.43235E-01  6.99515E-01  8.29485E-01  9.44585E-01       4.15270E-03  9.99990E-01
  2.98355E-01  5.16370E-01  6.78140E-01  8.08960E-01  9.37270E-01       6.98910E-03  9.99990E-01
  2.64285E-01  4.70395E-01  6.26460E-01  7.65340E-01  9.09635E-01       8.00180E-03  9.99960E-01
  2.07755E-01  3.77225E-01  5.07565E-01  6.32890E-01  8.03820E-01       9.55570E-03  9.99520E-01

 -9.43843E-01 -5.56562E-01  5.51250E-03  6.03395E-01  9.40225E-01      -1.00000E+00  9.99990E-01
 -9.51410E-01 -5.92202E-01  3.30242E-02  6.15797E-01  9.51400E-01      -1.00000E+00  9.99990E-01
 -9.51735E-01 -5.62563E-01  3.85650E-03  6.01278E-01  9.55555E-01      -1.00000E+00  9.99900E-01
 -9.48345E-01 -5.78300E-01 -3.09200E-03  5.71603E-01  9.46897E-01      -1.00000E+00  9.99980E-01
 -9.40883E-01 -5.66145E-01  2.50532E-02  6.00483E-01  9.48642E-01      -1.00000E+00  9.99950E-01
 -9.44715E-01 -5.57233E-01  1.88642E-02  5.87645E-01  9.49435E-01      -1.00000E+00  9.99950E-01
 -9.49815E-01 -5.58005E-01  1.47479E-02  5.94952E-01  9.47710E-01      -1.00000E+00  1.00000E+00
 -9.48212E-01 -5.92102E-01  2.03275E-03  5.85790E-01  9.47898E-01      -1.00000E+00  9.99940E-01
 -9.42015E-01 -5.67745E-01 -1.30785E-02  5.63322E-01  9.40757E-01      -9.99990E-01  9.99950E-01
 -9.50000E-01 -5.64472E-01  5.22191E-02  6.17475E-01  9.55758E-01      -1.00000E+00  9.99980E-01
 -9.44203E-01 -5.77357E-01 -1.81525E-03  5.76307E-01  9.47070E-01      -1.00000E+00  9.99950E-01
 -9.44793E-01 -5.56460E-01  1.96285E-02  6.06747E-01  9.57492E-01      -1.00000E+00  9.99960E-01
 -9.51833E-01 -5.61328E-01  1.81928E-02  5.90000E-01  9.55405E-01      -1.00000E+00  9.99910E-01
 -9.56448E-01 -6.25795E-01 -4.23490E-02  5.70538E-01  9.50188E-01      -1.00000E+00  9.99990E-01
 -9.47285E-01 -5.52710E-01  1.17100E-03  6.13840E-01  9.47485E-01      -1.00000E+00  9.99970E-01
 -9.60265E-01 -6.18105E-01 -1.28350E-02  5.79075E-01  9.46290E-01      -1.00000E+00  9.99960E-01
 -9.46857E-01 -5.62430E-01  1.33185E-02  5.79775E-01  9.46887E-01      -1.00000E+00  9.99940E-01
 -9.48680E-01 -5.88440E-01 -1.52534E-02  5.48525E-01  9.40750E-01      -1.00000E+00  9.99940E-01
 -9.53258E-01 -5.80215E-01  2.06610E-02  5.88795E-01  9.52762E-01      -1.00000E+00  9.99960E-01
 -9.47313E-01 -6.15038E-01  1.08535E-02  6.06058E-01  9.41955E-01      -1.00000E+00  9.99970E-01
 -9.44425E-01 -5.67835E-01  7.05863E-03  6.28120E-01  9.57242E-01      -1.00000E+00  9.99970E-01
 -9.50547E-01 -5.53862E-01  3.21013E-02  5.78190E-01  9.51477E-01      -1.00000E+00  9.99980E-01
 -9.44185E-01 -5.92803E-01  2.02433E-02  5.70990E-01  9.54075E-01      -1.00000E+00  9.99990E-01
 -9.41353E-01 -5.70340E-01  2.66500E-02  6.11958E-01  9.52958E-01      -1.00000E+00  9.99990E-01
 -9.40265E-01 -5.66188E-01  4.93170E-02  6.38118E-01  9.56298E-01      -1.00000E+00  9.99960E-01


    1.   3.02    6.  12.01  2.00E+00  3.00E+01  8.22E-02  2.01E-02     5   0.00

  1.61230E-01  3.21040E-01  4.67970E-01  6.32340E-01  8.48200E-01       7.88090E-04  1.30040E+00

  3.08430E-01  5.37620E-01  6.97340E-01  8.26185E-01  9.44585E-01       2.80630E-03  9.99990E-01
  2.92965E-01  5.15505E-01  6.76860E-01  8.14370E-01  9.39405E-01       6.41980E-03  9.99980E-01
  2.71650E-01  4.89190E-01  6.50035E-01  7.89180E-01  9.29465E-01       2.96900E-03  9.99850E-01
  2.46185E-01  4.39460E-01  5.87485E-01  7.32295E-01  8.93135E-01       4.11710E-03  9.99980E-01
  1.97285E-01  3.56215E-01  4.88180E-01  6.16735E-01  7.85440E-01       2.82500E-03  9.99870E-01

 -8.86343E-01 -3.17985E-01  2.59130E-01  7.17125E-01  9.64225E-01      -1.00000E+00  1.00000E+00
 -9.00520E-01 -3.40060E-01  2.67245E-01  7.14925E-01  9.66912E-01      -1.00000E+00  9.99990E-01
 -9.20790E-01 -3.56718E-01  2.81253E-01  7.20947E-01  9.65413E-01      -1.00000E+00  9.99990E-01
 -9.11787E-01 -4.06012E-01  2.25915E-01  7.02797E-01  9.64250E-01      -1.00000E+00  9.99990E-01
 -9.38547E-01 -5.05992E-01  1.19156E-01  6.56048E-01  9.59350E-01      -1.00000E+00  9.99990E-01
 -7.71493E-01 -1.39480E-02  5.11075E-01  8.22608E-01  9.80410E-01      -1.00000E+00  9.99980E-01
 -8.07647E-01 -4.62695E-02  4.79392E-01  8.24728E-01  9.77760E-01      -1.00000E+00  9.99980E-01
 -8.42718E-01 -1.40812E-01  4.31800E-01  8.03085E-01  9.78940E-01      -1.00000E+00  9.99990E-01
 -8.73897E-01 -2.26939E-01  3.81140E-01  7.74047E-01  9.74692E-01      -1.00000E+00  9.99990E-01
 -9.08985E-01 -3.79052E-01  2.38340E-01  7.19873E-01  9.66292E-01      -1.00000E+00  1.00000E+00
 -4.82640E-01  2.46690E-01  6.25185E-01  8.78112E-01  9.86168E-01      -1.00000E+00  1.00000E+00
 -5.07252E-01  2.02775E-01  6.14960E-01  8.63970E-01  9.85425E-01      -9.99990E-01  9.99990E-01
 -5.51643E-01  1.61146E-01  6.15302E-01  8.65380E-01  9.86090E-01      -1.00000E+00  1.00000E+00
 -6.68972E-01  4.26880E-02  5.50902E-01  8.47917E-01  9.84832E-01      -1.00000E+00  1.00000E+00
 -8.32967E-01 -1.53660E-01  4.10653E-01  7.90075E-01  9.80490E-01      -1.00000E+00  1.00000E+00
 -1.23039E-01  4.48965E-01  7.40903E-01  9.07600E-01  9.89178E-01      -9.99950E-01  1.00000E+00
 -1.19146E-01  4.52122E-01  7.58068E-01  9.17330E-01  9.91035E-01      -9.99500E-01  1.00000E+00
 -1.52589E-01  4.42698E-01  7.44387E-01  9.14328E-01  9.90682E-01      -9.96610E-01  1.00000E+00
 -1.65302E-01  4.07570E-01  7.16965E-01  9.03922E-01  9.90005E-01      -9.99840E-01  1.00000E+00
 -4.25370E-01  2.60013E-01  6.63015E-01  8.81243E-01  9.87292E-01      -1.00000E+00  1.00000E+00
  2.83785E-01  6.69933E-01  8.54870E-01  9.50695E-01  9.94980E-01      -8.87090E-01  1.00000E+00
  2.82637E-01  6.55945E-01  8.45985E-01  9.49790E-01  9.94505E-01      -9.70600E-01  1.00000E+00
  2.51347E-01  6.50550E-01  8.42520E-01  9.45972E-01  9.94528E-01      -8.97540E-01  1.00000E+00
  2.96893E-01  6.82582E-01  8.53252E-01  9.51923E-01  9.94490E-01      -9.11270E-01  1.00000E+00
  2.85875E-01  6.70867E-01  8.49640E-01  9.45185E-01  9.93923E-01      -9.97590E-01  1.00000E+00


    1.   3.02    6.  12.01  2.00E+00  4.50E+01  1.41E-01  4.13E-02     5   0.00

  2.06180E-01  4.00360E-01  5.72910E-01  7.54070E-01  9.78010E-01       5.33850E-04  1.49350E+00

  3.21715E-01  5.52380E-01  7.07385E-01  8.36375E-01  9.48005E-01       3.57430E-03  1.00000E+00
  2.95565E-01  5.17880E-01  6.75390E-01  8.11280E-01  9.37860E-01       5.05160E-03  1.00000E+00
  2.73410E-01  4.80215E-01  6.34540E-01  7.80450E-01  9.22780E-01       2.40470E-03  9.99980E-01
  2.43890E-01  4.34920E-01  5.81320E-01  7.18875E-01  8.81150E-01       2.23420E-03  9.99950E-01
  1.93130E-01  3.44910E-01  4.67055E-01  5.93200E-01  7.58615E-01       4.60360E-03  9.99810E-01

 -8.67620E-01 -2.95878E-01  2.11272E-01  6.72055E-01  9.61170E-01      -1.00000E+00  1.00000E+00
 -8.82090E-01 -3.37105E-01  1.89579E-01  6.69898E-01  9.59190E-01      -1.00000E+00  1.00000E+00
 -8.99165E-01 -3.48658E-01  1.96589E-01  6.79485E-01  9.63535E-01      -1.00000E+00  9.99990E-01
 -9.07525E-01 -3.90432E-01  1.96517E-01  6.72632E-01  9.59865E-01      -1.00000E+00  1.00000E+00
 -9.33780E-01 -4.78038E-01  1.37950E-01  6.50810E-01  9.59580E-01      -1.00000E+00  1.00000E+00
 -5.43733E-01  1.67568E-01  5.58553E-01  8.40403E-01  9.80220E-01      -1.00000E+00  1.00000E+00
 -6.36845E-01  7.53228E-02  5.33420E-01  8.23878E-01  9.80583E-01      -1.00000E+00  1.00000E+00
 -6.95490E-01  5.54144E-02  5.32900E-01  8.33058E-01  9.80620E-01      -1.00000E+00  1.00000E+00
 -7.81585E-01 -4.86608E-02  4.88053E-01  8.23612E-01  9.80693E-01      -1.00000E+00  1.00000E+00
 -8.93158E-01 -3.17065E-01  2.94787E-01  7.51372E-01  9.72117E-01      -1.00000E+00  1.00000E+00
 -2.34088E-01  3.44782E-01  6.86775E-01  8.81317E-01  9.86925E-01      -9.99990E-01  1.00000E+00
 -2.65125E-01  3.48310E-01  6.88805E-01  8.90092E-01  9.87542E-01      -1.00000E+00  1.00000E+00
 -3.04182E-01  3.40143E-01  6.89725E-01  8.93282E-01  9.88707E-01      -1.00000E+00  1.00000E+00
 -3.93678E-01  2.67553E-01  6.54513E-01  8.79060E-01  9.85165E-01      -1.00000E+00  9.99990E-01
 -7.20985E-01 -8.78600E-03  5.22980E-01  8.38110E-01  9.82855E-01      -1.00000E+00  1.00000E+00
  8.47645E-02  5.57460E-01  7.93782E-01  9.30887E-01  9.92345E-01      -9.92740E-01  1.00000E+00
  7.66025E-02  5.44865E-01  7.77225E-01  9.25163E-01  9.91862E-01      -9.46510E-01  1.00000E+00
  8.51541E-02  5.53172E-01  7.92110E-01  9.25723E-01  9.91567E-01      -9.99470E-01  1.00000E+00
  4.04893E-02  5.35458E-01  7.90145E-01  9.28912E-01  9.92032E-01      -9.99160E-01  1.00000E+00
 -2.19803E-01  4.29520E-01  7.42145E-01  9.13310E-01  9.90348E-01      -1.00000E+00  1.00000E+00
  4.58430E-01  7.50920E-01  8.84988E-01  9.59520E-01  9.95947E-01      -5.81150E-01  1.00000E+00
  4.69435E-01  7.63275E-01  8.92225E-01  9.62543E-01  9.95990E-01      -6.35710E-01  1.00000E+00
  4.55692E-01  7.59248E-01  8.93818E-01  9.64517E-01  9.96520E-01      -8.50910E-01  1.00000E+00
  4.71758E-01  7.60415E-01  8.93620E-01  9.66620E-01  9.96510E-01      -6.56650E-01  1.00000E+00
  4.44323E-01  7.56655E-01  8.90607E-01  9.62945E-01  9.95633E-01      -9.98120E-01  1.00000E+00


    1.   3.02    6.  12.01  2.00E+00  6.00E+01  2.24E-01  7.77E-02     5   0.00

  2.64080E-01  4.95480E-01  6.90750E-01  8.84340E-01  1.12360E+00       1.74550E-03  1.59490E+00

  3.21500E-01  5.55175E-01  7.14765E-01  8.42410E-01  9.51175E-01       1.69220E-03  1.00000E+00
  3.02020E-01  5.23730E-01  6.82020E-01  8.17205E-01  9.39790E-01       1.35960E-03  9.99990E-01
  2.73055E-01  4.81935E-01  6.35275E-01  7.73755E-01  9.19975E-01       1.99870E-03  1.00000E+00
  2.39815E-01  4.24050E-01  5.69410E-01  7.10075E-01  8.70940E-01       7.63280E-04  9.99950E-01
  1.85210E-01  3.32650E-01  4.52105E-01  5.71005E-01  7.35005E-01       2.22670E-03  9.99800E-01

 -8.57738E-01 -3.49315E-01  1.55961E-01  6.39007E-01  9.56257E-01      -1.00000E+00  9.99990E-01
 -8.63143E-01 -3.69673E-01  1.38446E-01  6.33165E-01  9.53012E-01      -1.00000E+00  1.00000E+00
 -8.94437E-01 -3.83765E-01  1.44667E-01  6.40497E-01  9.54767E-01      -1.00000E+00  1.00000E+00
 -9.10427E-01 -4.35028E-01  1.14460E-01  6.26345E-01  9.54562E-01      -1.00000E+00  1.00000E+00
 -9.32740E-01 -5.08645E-01  8.20008E-02  6.21648E-01  9.55715E-01      -1.00000E+00  1.00000E+00
 -4.54535E-01  1.73072E-01  5.59272E-01  8.23207E-01  9.77392E-01      -1.00000E+00  1.00000E+00
 -4.96900E-01  1.52608E-01  5.53130E-01  8.35557E-01  9.81572E-01      -1.00000E+00  1.00000E+00
 -5.82002E-01  9.53123E-02  5.34650E-01  8.30830E-01  9.79472E-01      -1.00000E+00  1.00000E+00
 -6.84403E-01  4.11803E-02  5.23330E-01  8.23343E-01  9.79188E-01      -1.00000E+00  1.00000E+00
 -8.55975E-01 -2.19091E-01  3.69407E-01  7.74452E-01  9.74345E-01      -1.00000E+00  1.00000E+00
 -7.56912E-02  4.23290E-01  6.97915E-01  8.88490E-01  9.88167E-01      -9.99710E-01  1.00000E+00
 -9.97330E-02  4.19100E-01  7.13113E-01  8.88308E-01  9.87308E-01      -1.00000E+00  1.00000E+00
 -1.46548E-01  4.21160E-01  7.29460E-01  9.02938E-01  9.89772E-01      -1.00000E+00  1.00000E+00
 -2.53105E-01  3.74893E-01  7.00582E-01  8.97463E-01  9.89507E-01      -9.99980E-01  1.00000E+00
 -6.10528E-01  1.09485E-01  5.78878E-01  8.53085E-01  9.83640E-01      -1.00000E+00  1.00000E+00
  2.25250E-01  6.10958E-01  8.13593E-01  9.33028E-01  9.92923E-01      -8.71680E-01  1.00000E+00
  2.25820E-01  6.17053E-01  8.29120E-01  9.40788E-01  9.93665E-01      -8.83670E-01  1.00000E+00
  2.23062E-01  6.19487E-01  8.18858E-01  9.38715E-01  9.93070E-01      -9.33380E-01  1.00000E+00
  2.22685E-01  6.39062E-01  8.33775E-01  9.42012E-01  9.93745E-01      -9.97840E-01  1.00000E+00
 -2.37174E-02  5.22305E-01  7.85232E-01  9.28923E-01  9.92533E-01      -1.00000E+00  1.00000E+00
  5.67855E-01  8.02053E-01  9.11763E-01  9.71113E-01  9.96897E-01      -5.06400E-01  1.00000E+00
  5.76202E-01  8.08233E-01  9.13728E-01  9.71248E-01  9.97032E-01      -4.26070E-01  1.00000E+00
  5.89950E-01  8.17643E-01  9.16643E-01  9.71128E-01  9.96910E-01      -3.65900E-01  1.00000E+00
  5.91233E-01  8.20620E-01  9.18233E-01  9.72605E-01  9.97150E-01      -4.31340E-01  1.00000E+00
  5.70905E-01  8.13890E-01  9.16885E-01  9.72392E-01  9.97245E-01      -9.95450E-01  1.00000E+00


    1.   3.02    6.  12.01  2.00E+00  7.00E+01  2.78E-01  1.06E-01     5   0.00

  3.00510E-01  5.55960E-01  7.63740E-01  9.63280E-01  1.20900E+00       4.12890E-04  1.64690E+00

  3.20670E-01  5.52940E-01  7.13240E-01  8.41465E-01  9.51285E-01       1.79320E-03  1.00000E+00
  3.06065E-01  5.27005E-01  6.86060E-01  8.20850E-01  9.41790E-01       3.13530E-03  9.99990E-01
  2.72280E-01  4.83165E-01  6.39120E-01  7.76150E-01  9.19690E-01       3.08120E-03  9.99960E-01
  2.38050E-01  4.19515E-01  5.61160E-01  6.97235E-01  8.58525E-01       6.85010E-04  9.99990E-01
  1.78940E-01  3.23985E-01  4.41785E-01  5.60550E-01  7.19780E-01       6.40300E-04  9.99480E-01

 -8.56433E-01 -3.73565E-01  1.26935E-01  6.35777E-01  9.55982E-01      -1.00000E+00  1.00000E+00
 -8.68252E-01 -3.80757E-01  1.31006E-01  6.21247E-01  9.54668E-01      -1.00000E+00  1.00000E+00
 -8.98595E-01 -4.13407E-01  1.24075E-01  6.20915E-01  9.51072E-01      -1.00000E+00  1.00000E+00
 -9.10722E-01 -4.47985E-01  1.10025E-01  6.17530E-01  9.53952E-01      -1.00000E+00  1.00000E+00
 -9.38605E-01 -5.28975E-01  5.20072E-02  6.09202E-01  9.55322E-01      -1.00000E+00  1.00000E+00
 -3.95010E-01  1.71751E-01  5.48515E-01  8.02463E-01  9.75735E-01      -9.99990E-01  1.00000E+00
 -4.57870E-01  1.78310E-01  5.64118E-01  8.32567E-01  9.78513E-01      -1.00000E+00  1.00000E+00
 -5.16455E-01  1.55602E-01  5.48620E-01  8.31965E-01  9.81635E-01      -1.00000E+00  1.00000E+00
 -6.68493E-01  5.10280E-02  5.23335E-01  8.18663E-01  9.80060E-01      -1.00000E+00  1.00000E+00
 -8.39470E-01 -1.84310E-01  3.92690E-01  7.76483E-01  9.74510E-01      -1.00000E+00  1.00000E+00
  4.04575E-03  4.52720E-01  7.14900E-01  8.99338E-01  9.88790E-01      -9.99840E-01  1.00000E+00
 -1.60800E-02  4.58105E-01  7.19875E-01  8.93460E-01  9.88120E-01      -1.00000E+00  1.00000E+00
 -3.78747E-02  4.70042E-01  7.45883E-01  9.06895E-01  9.89727E-01      -1.00000E+00  1.00000E+00
 -1.26176E-01  4.29165E-01  7.33495E-01  9.08130E-01  9.89655E-01      -1.00000E+00  1.00000E+00
 -5.58220E-01  1.73973E-01  6.11862E-01  8.68255E-01  9.85267E-01      -1.00000E+00  1.00000E+00
  3.06740E-01  6.51535E-01  8.28095E-01  9.36200E-01  9.92947E-01      -9.14700E-01  1.00000E+00
  3.13150E-01  6.60730E-01  8.44675E-01  9.44913E-01  9.93833E-01      -8.38550E-01  1.00000E+00
  3.21975E-01  6.69593E-01  8.48313E-01  9.48290E-01  9.94315E-01      -8.06150E-01  1.00000E+00
  3.18690E-01  6.76230E-01  8.46685E-01  9.48192E-01  9.94375E-01      -8.88670E-01  1.00000E+00
  1.31680E-01  5.99382E-01  8.18433E-01  9.38185E-01  9.93200E-01      -1.00000E+00  1.00000E+00
  6.22955E-01  8.32067E-01  9.25175E-01  9.75348E-01  9.97380E-01      -6.48350E-01  1.00000E+00
  6.32327E-01  8.32785E-01  9.25677E-01  9.75050E-01  9.97205E-01      -4.91410E-01  1.00000E+00
  6.37713E-01  8.36495E-01  9.25820E-01  9.75222E-01  9.97490E-01      -4.17520E-01  1.00000E+00
  6.43640E-01  8.47538E-01  9.32337E-01  9.77103E-01  9.97472E-01      -4.31180E-01  1.00000E+00
  6.19082E-01  8.38928E-01  9.30723E-01  9.77220E-01  9.97603E-01      -9.36590E-01  1.00000E+00


    1.   3.02    6.  12.01  2.00E+00  8.00E+01  3.17E-01  1.27E-01     5   0.00

  3.26250E-01  5.97320E-01  8.12170E-01  1.01550E+00  1.26320E+00       1.34370E-03  1.67410E+00

  3.16065E-01  5.48635E-01  7.10775E-01  8.40045E-01  9.50355E-01       3.03300E-03  1.00000E+00
  3.05285E-01  5.31380E-01  6.90470E-01  8.22950E-01  9.42660E-01       3.75290E-03  1.00000E+00
  2.72750E-01  4.82815E-01  6.38985E-01  7.76540E-01  9.18835E-01       2.80370E-03  1.00000E+00
  2.37040E-01  4.20460E-01  5.59775E-01  6.95130E-01  8.52530E-01       1.45680E-03  1.00000E+00
  1.77190E-01  3.20950E-01  4.36115E-01  5.54085E-01  7.08780E-01       1.78190E-03  9.98400E-01

 -8.34975E-01 -3.38298E-01  1.60272E-01  6.56305E-01  9.60723E-01      -1.00000E+00  1.00000E+00
 -8.68795E-01 -3.88343E-01  1.24992E-01  6.29957E-01  9.53383E-01      -1.00000E+00  1.00000E+00
 -8.90767E-01 -4.02892E-01  1.11355E-01  6.14535E-01  9.54282E-01      -1.00000E+00  1.00000E+00
 -9.09770E-01 -4.39458E-01  1.12909E-01  6.22840E-01  9.54205E-01      -1.00000E+00  1.00000E+00
 -9.37647E-01 -5.25885E-01  6.49808E-02  6.08560E-01  9.54632E-01      -1.00000E+00  1.00000E+00
 -3.30902E-01  1.96304E-01  5.47853E-01  8.02770E-01  9.74870E-01      -1.00000E+00  1.00000E+00
 -3.83753E-01  2.01111E-01  5.73105E-01  8.31202E-01  9.78615E-01      -1.00000E+00  1.00000E+00
 -4.68550E-01  1.63963E-01  5.52638E-01  8.35247E-01  9.80595E-01      -1.00000E+00  1.00000E+00
 -6.20695E-01  8.36375E-02  5.36895E-01  8.26155E-01  9.79385E-01      -1.00000E+00  1.00000E+00
 -8.24712E-01 -1.64711E-01  4.05278E-01  7.84158E-01  9.76015E-01      -1.00000E+00  1.00000E+00
  3.59142E-02  4.82448E-01  7.31950E-01  9.07830E-01  9.89783E-01      -9.80910E-01  1.00000E+00
  3.32237E-02  4.87040E-01  7.32152E-01  8.98528E-01  9.89030E-01      -1.00000E+00  1.00000E+00
  2.09175E-02  5.05005E-01  7.53587E-01  9.07563E-01  9.89332E-01      -9.99980E-01  1.00000E+00
 -6.68210E-02  4.69102E-01  7.51312E-01  9.14527E-01  9.90885E-01      -9.99990E-01  1.00000E+00
 -4.83030E-01  2.26829E-01  6.45123E-01  8.80308E-01  9.86950E-01      -1.00000E+00  1.00000E+00
  3.34953E-01  6.68545E-01  8.35932E-01  9.39697E-01  9.92835E-01      -7.41280E-01  1.00000E+00
  3.61177E-01  6.89723E-01  8.53490E-01  9.47618E-01  9.94265E-01      -7.41180E-01  1.00000E+00
  3.71852E-01  6.93665E-01  8.59715E-01  9.52805E-01  9.94943E-01      -7.57230E-01  1.00000E+00
  3.64985E-01  6.98573E-01  8.58330E-01  9.51362E-01  9.94635E-01      -9.88070E-01  1.00000E+00
  2.33253E-01  6.58558E-01  8.48168E-01  9.50113E-01  9.94845E-01      -1.00000E+00  1.00000E+00
  6.53397E-01  8.48517E-01  9.33690E-01  9.76992E-01  9.97390E-01      -4.09860E-01  1.00000E+00
  6.64743E-01  8.52047E-01  9.35367E-01  9.78098E-01  9.97713E-01      -2.81000E-01  1.00000E+00
  6.71030E-01  8.48917E-01  9.31817E-01  9.77882E-01  9.97628E-01      -3.67080E-01  1.00000E+00
  6.71725E-01  8.58723E-01  9.37582E-01  9.78805E-01  9.97812E-01      -2.36840E-01  1.00000E+00
  6.64687E-01  8.59563E-01  9.38808E-01  9.79745E-01  9.97875E-01      -4.96640E-01  1.00000E+00


    1.   3.02    6.  12.01  2.00E+00  8.50E+01  3.27E-01  1.33E-01     5   0.00

  3.34880E-01  6.09500E-01  8.26240E-01  1.02910E+00  1.27750E+00       1.37060E-03  1.67220E+00

  3.15745E-01  5.51305E-01  7.12240E-01  8.41530E-01  9.50450E-01       7.03000E-04  9.99990E-01
  3.05580E-01  5.32930E-01  6.91940E-01  8.24480E-01  9.43120E-01       1.67290E-03  1.00000E+00
  2.73785E-01  4.83950E-01  6.41650E-01  7.77905E-01  9.19450E-01       2.66210E-03  1.00000E+00
  2.37620E-01  4.22280E-01  5.60070E-01  6.95285E-01  8.52280E-01       1.61700E-03  9.99970E-01
  1.78585E-01  3.20080E-01  4.34100E-01  5.50535E-01  7.05950E-01       6.03970E-04  9.97220E-01

 -8.26723E-01 -3.34628E-01  1.58414E-01  6.47648E-01  9.56450E-01      -1.00000E+00  1.00000E+00
 -8.53750E-01 -3.69692E-01  1.30938E-01  6.31145E-01  9.56722E-01      -1.00000E+00  1.00000E+00
 -8.91728E-01 -4.13300E-01  1.08002E-01  6.10868E-01  9.53280E-01      -1.00000E+00  1.00000E+00
 -9.13020E-01 -4.54015E-01  9.49103E-02  6.18058E-01  9.53745E-01      -1.00000E+00  1.00000E+00
 -9.37872E-01 -5.25515E-01  5.66057E-02  6.05242E-01  9.53135E-01      -1.00000E+00  1.00000E+00
 -3.23427E-01  2.00268E-01  5.55480E-01  8.08635E-01  9.75193E-01      -1.00000E+00  1.00000E+00
 -3.71325E-01  2.03132E-01  5.64230E-01  8.30583E-01  9.77950E-01      -1.00000E+00  1.00000E+00
 -4.59358E-01  1.81109E-01  5.62490E-01  8.40897E-01  9.81000E-01      -1.00000E+00  1.00000E+00
 -6.08935E-01  9.48135E-02  5.31390E-01  8.26277E-01  9.82215E-01      -1.00000E+00  1.00000E+00
 -8.17748E-01 -1.55444E-01  4.02760E-01  7.78900E-01  9.74400E-01      -1.00000E+00  1.00000E+00
  5.38467E-02  4.87008E-01  7.37768E-01  9.10570E-01  9.89740E-01      -9.95130E-01  1.00000E+00
  4.60530E-02  4.91003E-01  7.39035E-01  9.02153E-01  9.89625E-01      -9.99230E-01  1.00000E+00
  1.92065E-02  5.08432E-01  7.62053E-01  9.11110E-01  9.90270E-01      -9.99980E-01  1.00000E+00
 -5.62723E-02  4.76437E-01  7.55048E-01  9.16750E-01  9.90803E-01      -1.00000E+00  1.00000E+00
 -4.78705E-01  2.35419E-01  6.46617E-01  8.78575E-01  9.86705E-01      -1.00000E+00  1.00000E+00
  3.51345E-01  6.72720E-01  8.35175E-01  9.36588E-01  9.92652E-01      -6.85680E-01  1.00000E+00
  3.77130E-01  6.97870E-01  8.56990E-01  9.47815E-01  9.93877E-01      -6.49770E-01  1.00000E+00
  3.89475E-01  7.02830E-01  8.65330E-01  9.55480E-01  9.95097E-01      -7.39490E-01  1.00000E+00
  3.81962E-01  7.06290E-01  8.62210E-01  9.51770E-01  9.94680E-01      -8.58730E-01  1.00000E+00
  2.51291E-01  6.60855E-01  8.48920E-01  9.49855E-01  9.94598E-01      -1.00000E+00  1.00000E+00
  6.68665E-01  8.56105E-01  9.36585E-01  9.78897E-01  9.97735E-01      -4.58600E-01  1.00000E+00
  6.68958E-01  8.54105E-01  9.37458E-01  9.79390E-01  9.97957E-01      -2.21080E-01  1.00000E+00
  6.76693E-01  8.53042E-01  9.35595E-01  9.78618E-01  9.97742E-01      -3.10990E-01  1.00000E+00
  6.79990E-01  8.62670E-01  9.38945E-01  9.79825E-01  9.97772E-01      -3.29540E-01  1.00000E+00
  6.73805E-01  8.61950E-01  9.39690E-01  9.80645E-01  9.97982E-01      -4.24760E-01  1.00000E+00


    1.   3.02    6.  12.01  5.00E+00  0.00E+00  2.65E-01  6.69E-02     5   0.00

  5.00190E-01  8.91110E-01  1.19480E+00  1.56340E+00  2.11810E+00       2.50120E-03  3.35430E+00

  3.31950E-01  5.67620E-01  7.24605E-01  8.48135E-01  9.53450E-01       1.30040E-03  9.99990E-01
  3.59970E-01  6.02050E-01  7.52065E-01  8.65495E-01  9.58660E-01       3.61910E-03  1.00000E+00
  3.22235E-01  5.46790E-01  6.99400E-01  8.24400E-01  9.41440E-01       1.31280E-03  9.99990E-01
  2.90310E-01  5.01120E-01  6.55845E-01  7.97830E-01  9.33150E-01       7.89920E-04  9.99990E-01
  2.42245E-01  4.32330E-01  5.75015E-01  7.09550E-01  8.64155E-01       6.73430E-04  9.99970E-01

 -9.53390E-01 -5.94770E-01 -9.65000E-04  5.87453E-01  9.50263E-01      -1.00000E+00  1.00000E+00
 -9.47612E-01 -5.85653E-01 -1.25517E-03  5.88330E-01  9.50078E-01      -1.00000E+00  1.00000E+00
 -9.50283E-01 -5.88035E-01 -6.24450E-04  5.85592E-01  9.50645E-01      -1.00000E+00  1.00000E+00
 -9.49338E-01 -5.89965E-01 -4.55900E-03  5.83307E-01  9.51838E-01      -1.00000E+00  1.00000E+00
 -9.53263E-01 -5.89750E-01  2.97726E-03  5.93727E-01  9.51265E-01      -1.00000E+00  1.00000E+00
 -9.52010E-01 -5.94390E-01  5.58320E-03  5.90550E-01  9.50807E-01      -1.00000E+00  1.00000E+00
 -9.48435E-01 -5.82450E-01  1.74277E-02  5.98005E-01  9.51213E-01      -1.00000E+00  1.00000E+00
 -9.48490E-01 -5.76867E-01  6.75993E-03  5.87272E-01  9.50608E-01      -1.00000E+00  1.00000E+00
 -9.52107E-01 -5.86135E-01  4.62295E-03  5.93063E-01  9.49398E-01      -1.00000E+00  1.00000E+00
 -9.50743E-01 -5.93732E-01 -7.78850E-03  5.89345E-01  9.50542E-01      -1.00000E+00  1.00000E+00
 -9.52950E-01 -5.75172E-01  1.78905E-02  5.93575E-01  9.52380E-01      -1.00000E+00  1.00000E+00
 -9.49420E-01 -5.87685E-01  1.33915E-02  6.00067E-01  9.52068E-01      -1.00000E+00  1.00000E+00
 -9.51140E-01 -5.87480E-01 -1.62934E-02  5.77313E-01  9.49223E-01      -1.00000E+00  1.00000E+00
 -9.52255E-01 -5.85565E-01  6.94065E-03  5.98845E-01  9.51672E-01      -1.00000E+00  1.00000E+00
 -9.48012E-01 -5.66277E-01  1.56294E-02  5.97880E-01  9.48205E-01      -1.00000E+00  1.00000E+00
 -9.51968E-01 -5.75020E-01  9.51900E-04  5.94465E-01  9.51392E-01      -1.00000E+00  1.00000E+00
 -9.49285E-01 -5.76213E-01  5.05340E-03  5.80680E-01  9.45250E-01      -1.00000E+00  1.00000E+00
 -9.52257E-01 -5.92793E-01 -5.47980E-03  5.78477E-01  9.48907E-01      -1.00000E+00  1.00000E+00
 -9.50975E-01 -5.81547E-01  4.14670E-03  5.91000E-01  9.51040E-01      -1.00000E+00  1.00000E+00
 -9.52040E-01 -5.85273E-01  3.55280E-03  5.97673E-01  9.51690E-01      -1.00000E+00  1.00000E+00
 -9.51210E-01 -5.85600E-01 -9.56750E-04  5.81803E-01  9.51663E-01      -1.00000E+00  1.00000E+00
 -9.55537E-01 -5.89618E-01 -1.18369E-02  5.86638E-01  9.52122E-01      -1.00000E+00  1.00000E+00
 -9.51213E-01 -5.83143E-01  1.30182E-02  5.95747E-01  9.50120E-01      -1.00000E+00  1.00000E+00
 -9.51383E-01 -5.88453E-01 -3.66175E-03  5.93508E-01  9.50955E-01      -1.00000E+00  1.00000E+00
 -9.53785E-01 -5.92535E-01  3.87803E-03  5.91387E-01  9.51087E-01      -1.00000E+00  1.00000E+00


    1.   3.02    6.  12.01  5.00E+00  3.00E+01  3.70E-01  1.26E-01     5   0.00

  6.28330E-01  1.15250E+00  1.64250E+00  2.17900E+00  2.85940E+00       1.78520E-03  4.07600E+00

  3.29445E-01  5.62280E-01  7.20520E-01  8.46190E-01  9.52630E-01       1.12120E-03  9.99990E-01
  3.32770E-01  5.68955E-01  7.24320E-01  8.48680E-01  9.52740E-01       3.49740E-03  1.00000E+00
  3.17835E-01  5.42705E-01  6.94270E-01  8.20215E-01  9.39895E-01       5.76170E-04  1.00000E+00
  2.74335E-01  4.75210E-01  6.23450E-01  7.60210E-01  9.07775E-01       2.59910E-03  1.00000E+00
  2.06765E-01  3.70280E-01  4.97410E-01  6.22020E-01  7.80710E-01       2.31110E-03  9.99940E-01

 -9.72227E-01 -7.48032E-01 -2.86158E-01  3.59052E-01  9.09808E-01      -1.00000E+00  1.00000E+00
 -9.69142E-01 -7.30205E-01 -2.59522E-01  3.89835E-01  9.22200E-01      -1.00000E+00  1.00000E+00
 -9.68707E-01 -7.04690E-01 -2.11539E-01  4.18845E-01  9.22780E-01      -1.00000E+00  1.00000E+00
 -9.63935E-01 -6.86712E-01 -1.63327E-01  4.75523E-01  9.34173E-01      -1.00000E+00  1.00000E+00
 -9.57087E-01 -6.32970E-01 -8.64858E-02  5.27373E-01  9.39770E-01      -1.00000E+00  1.00000E+00
 -9.44292E-01 -6.54435E-01 -1.93805E-01  4.01605E-01  9.16498E-01      -1.00000E+00  1.00000E+00
 -9.41190E-01 -6.17748E-01 -1.56144E-01  4.42538E-01  9.29442E-01      -1.00000E+00  1.00000E+00
 -9.45720E-01 -5.99945E-01 -1.17565E-01  4.70255E-01  9.32585E-01      -1.00000E+00  1.00000E+00
 -9.45180E-01 -5.84817E-01 -7.53480E-02  5.10870E-01  9.37520E-01      -1.00000E+00  1.00000E+00
 -9.42958E-01 -5.40915E-01  1.70325E-02  5.76778E-01  9.47173E-01      -1.00000E+00  1.00000E+00
 -7.24193E-01 -1.40838E-01  3.09425E-01  7.07525E-01  9.65305E-01      -1.00000E+00  1.00000E+00
 -7.29095E-01 -8.63562E-02  3.76652E-01  7.42968E-01  9.69087E-01      -1.00000E+00  1.00000E+00
 -7.41020E-01 -4.84270E-02  4.35983E-01  7.82225E-01  9.74765E-01      -1.00000E+00  1.00000E+00
 -7.87675E-01 -9.90678E-02  4.30960E-01  7.89780E-01  9.76748E-01      -1.00000E+00  1.00000E+00
 -8.84973E-01 -3.10015E-01  3.03663E-01  7.50730E-01  9.71993E-01      -1.00000E+00  1.00000E+00
 -2.47498E-01  3.33835E-01  6.61015E-01  8.74675E-01  9.86058E-01      -9.99990E-01  1.00000E+00
 -2.79088E-01  3.49910E-01  6.81410E-01  8.88052E-01  9.87190E-01      -1.00000E+00  1.00000E+00
 -2.98117E-01  3.36825E-01  6.86407E-01  8.91695E-01  9.88187E-01      -1.00000E+00  1.00000E+00
 -3.32170E-01  3.01355E-01  6.70605E-01  8.87155E-01  9.86777E-01      -1.00000E+00  1.00000E+00
 -5.26918E-01  1.68478E-01  5.94592E-01  8.59135E-01  9.84277E-01      -1.00000E+00  1.00000E+00
  2.95884E-01  6.83405E-01  8.57197E-01  9.51440E-01  9.94718E-01      -9.32980E-01  1.00000E+00
  2.97067E-01  6.80545E-01  8.55125E-01  9.51980E-01  9.95062E-01      -9.33770E-01  1.00000E+00
  2.73747E-01  6.61735E-01  8.48290E-01  9.49605E-01  9.94522E-01      -9.62810E-01  1.00000E+00
  2.84285E-01  6.69303E-01  8.50515E-01  9.49565E-01  9.94300E-01      -9.92780E-01  1.00000E+00
  2.56065E-01  6.54580E-01  8.47043E-01  9.48447E-01  9.94375E-01      -9.99970E-01  1.00000E+00


    1.   3.02    6.  12.01  5.00E+00  4.50E+01  4.96E-01  2.09E-01     5   0.00

  8.12180E-01  1.53880E+00  2.14870E+00  2.71320E+00  3.33190E+00       2.08030E-03  4.32710E+00

  3.19980E-01  5.49525E-01  7.07060E-01  8.35510E-01  9.47695E-01       1.37970E-03  1.00000E+00
  3.34095E-01  5.68720E-01  7.24745E-01  8.48805E-01  9.52595E-01       1.86750E-03  1.00000E+00
  3.05175E-01  5.20255E-01  6.66045E-01  7.94140E-01  9.25395E-01       3.78970E-03  1.00000E+00
  2.51870E-01  4.35370E-01  5.74300E-01  7.05675E-01  8.62490E-01       1.63940E-03  9.99990E-01
  1.82295E-01  3.24940E-01  4.38225E-01  5.51935E-01  7.02505E-01       8.91150E-04  9.98500E-01

 -9.76460E-01 -7.89077E-01 -3.74547E-01  2.67603E-01  8.96765E-01      -1.00000E+00  1.00000E+00
 -9.75038E-01 -7.72617E-01 -3.49855E-01  3.12640E-01  9.08735E-01      -1.00000E+00  1.00000E+00
 -9.72777E-01 -7.58835E-01 -3.06155E-01  3.43468E-01  9.11625E-01      -1.00000E+00  1.00000E+00
 -9.68732E-01 -7.19598E-01 -2.23618E-01  4.22372E-01  9.24203E-01      -1.00000E+00  1.00000E+00
 -9.64333E-01 -6.71843E-01 -1.36778E-01  4.97383E-01  9.40485E-01      -1.00000E+00  1.00000E+00
 -7.71313E-01 -3.20715E-01  8.55540E-02  5.74575E-01  9.47215E-01      -1.00000E+00  1.00000E+00
 -8.02998E-01 -3.21452E-01  1.14443E-01  5.86285E-01  9.45503E-01      -1.00000E+00  1.00000E+00
 -8.31865E-01 -3.02510E-01  1.39587E-01  6.03352E-01  9.51345E-01      -1.00000E+00  1.00000E+00
 -8.65903E-01 -3.26760E-01  1.67779E-01  6.25543E-01  9.53337E-01      -1.00000E+00  1.00000E+00
 -9.09632E-01 -4.25293E-01  1.59310E-01  6.51922E-01  9.57520E-01      -1.00000E+00  1.00000E+00
 -3.22355E-01  1.94197E-01  5.16420E-01  7.96228E-01  9.74705E-01      -1.00000E+00  1.00000E+00
 -3.08850E-01  2.47248E-01  5.77018E-01  8.22713E-01  9.78520E-01      -1.00000E+00  1.00000E+00
 -3.25450E-01  2.90948E-01  6.34907E-01  8.60350E-01  9.84035E-01      -1.00000E+00  1.00000E+00
 -3.73550E-01  2.80085E-01  6.51555E-01  8.74175E-01  9.86047E-01      -1.00000E+00  1.00000E+00
 -6.59517E-01  3.07860E-02  5.14877E-01  8.29525E-01  9.81790E-01      -1.00000E+00  1.00000E+00
  1.27030E-01  5.50165E-01  7.72018E-01  9.17253E-01  9.90207E-01      -9.56390E-01  1.00000E+00
  1.21155E-01  5.62667E-01  7.87667E-01  9.24658E-01  9.91667E-01      -9.96880E-01  1.00000E+00
  1.16717E-01  5.67405E-01  8.00180E-01  9.30320E-01  9.92278E-01      -9.99950E-01  1.00000E+00
  1.13102E-01  5.72630E-01  8.03152E-01  9.33097E-01  9.92773E-01      -9.92320E-01  1.00000E+00
 -6.43850E-03  5.29155E-01  7.84680E-01  9.26843E-01  9.92047E-01      -9.99970E-01  1.00000E+00
  5.53253E-01  7.97185E-01  9.08325E-01  9.68668E-01  9.96607E-01      -6.27610E-01  1.00000E+00
  5.42347E-01  7.95570E-01  9.08185E-01  9.69615E-01  9.96663E-01      -6.44280E-01  1.00000E+00
  5.49577E-01  7.98475E-01  9.08825E-01  9.68945E-01  9.96708E-01      -6.31510E-01  1.00000E+00
  5.53878E-01  7.98270E-01  9.10800E-01  9.70215E-01  9.96817E-01      -7.26960E-01  1.00000E+00
  5.70442E-01  8.10957E-01  9.15763E-01  9.71313E-01  9.97003E-01      -8.12060E-01  1.00000E+00


    1.   3.02    6.  12.01  5.00E+00  6.00E+01  6.57E-01  3.36E-01     5   0.00

  1.11940E+00  2.03940E+00  2.69450E+00  3.22680E+00  3.75750E+00       6.17710E-04  4.53450E+00

  3.13575E-01  5.43540E-01  7.01415E-01  8.32230E-01  9.47055E-01       2.28710E-03  1.00000E+00
  3.20890E-01  5.51180E-01  7.10145E-01  8.36830E-01  9.47570E-01       1.90870E-03  1.00000E+00
  2.79775E-01  4.82910E-01  6.23785E-01  7.51325E-01  8.94350E-01       2.48590E-03  9.99990E-01
  2.25995E-01  3.96265E-01  5.24460E-01  6.47355E-01  8.03520E-01       1.78390E-03  9.99910E-01
  1.60780E-01  2.86425E-01  3.86990E-01  4.89265E-01  6.30020E-01       7.11830E-04  9.98660E-01

 -9.44703E-01 -7.05712E-01 -2.97190E-01  3.44835E-01  9.12783E-01      -1.00000E+00  1.00000E+00
 -9.56087E-01 -7.10028E-01 -2.85495E-01  3.55935E-01  9.14843E-01      -1.00000E+00  1.00000E+00
 -9.63775E-01 -7.13145E-01 -2.61667E-01  3.69090E-01  9.12605E-01      -1.00000E+00  1.00000E+00
 -9.65668E-01 -6.96725E-01 -2.29072E-01  4.05735E-01  9.23357E-01      -1.00000E+00  1.00000E+00
 -9.60302E-01 -6.67510E-01 -1.47283E-01  4.75017E-01  9.33367E-01      -1.00000E+00  1.00000E+00
 -4.67567E-01 -1.27825E-02  3.33345E-01  7.09650E-01  9.64830E-01      -1.00000E+00  1.00000E+00
 -4.93163E-01 -3.47750E-03  3.43855E-01  7.00732E-01  9.63305E-01      -1.00000E+00  1.00000E+00
 -5.15238E-01  1.36150E-02  3.85465E-01  7.17065E-01  9.63517E-01      -1.00000E+00  1.00000E+00
 -5.91330E-01  2.19825E-02  4.33075E-01  7.53122E-01  9.69270E-01      -1.00000E+00  1.00000E+00
 -7.85948E-01 -1.55335E-01  3.78195E-01  7.63323E-01  9.71870E-01      -1.00000E+00  1.00000E+00
  1.63910E-02  4.17557E-01  6.58187E-01  8.50112E-01  9.82375E-01      -9.97980E-01  1.00000E+00
  3.94225E-02  4.60782E-01  7.03140E-01  8.76850E-01  9.84575E-01      -9.93620E-01  1.00000E+00
  6.41280E-02  5.05562E-01  7.47315E-01  9.05805E-01  9.89615E-01      -9.98310E-01  1.00000E+00
  6.30577E-02  5.33358E-01  7.74660E-01  9.19545E-01  9.91042E-01      -9.99660E-01  1.00000E+00
 -1.71340E-01  4.26915E-01  7.37885E-01  9.10017E-01  9.90545E-01      -1.00000E+00  1.00000E+00
  3.86260E-01  6.80333E-01  8.38055E-01  9.40013E-01  9.93073E-01      -7.46190E-01  1.00000E+00
  3.95317E-01  6.99605E-01  8.53725E-01  9.46620E-01  9.93820E-01      -8.00930E-01  1.00000E+00
  4.10323E-01  7.19690E-01  8.66252E-01  9.52882E-01  9.94877E-01      -8.94010E-01  1.00000E+00
  4.30935E-01  7.32930E-01  8.77908E-01  9.58148E-01  9.95433E-01      -7.10020E-01  1.00000E+00
  4.24780E-01  7.37125E-01  8.81620E-01  9.60323E-01  9.95720E-01      -9.99610E-01  1.00000E+00
  6.99375E-01  8.61810E-01  9.37662E-01  9.78770E-01  9.97660E-01      -2.44470E-01  1.00000E+00
  6.96055E-01  8.62420E-01  9.38205E-01  9.78998E-01  9.97795E-01      -2.13320E-01  1.00000E+00
  7.04623E-01  8.69830E-01  9.41322E-01  9.80215E-01  9.97842E-01      -2.91980E-01  1.00000E+00
  7.12300E-01  8.74280E-01  9.43530E-01  9.81235E-01  9.97995E-01      -2.02380E-01  1.00000E+00
  7.39657E-01  8.87505E-01  9.50573E-01  9.83647E-01  9.98215E-01      -1.66190E-01  1.00000E+00


    1.   3.02    6.  12.01  5.00E+00  7.00E+01  7.58E-01  4.31E-01     5   0.00

  1.36510E+00  2.37890E+00  3.02710E+00  3.52640E+00  3.99600E+00       1.58170E-03  4.59870E+00

  3.12850E-01  5.40620E-01  7.00210E-01  8.32155E-01  9.46710E-01       9.03600E-04  1.00000E+00
  3.06870E-01  5.30275E-01  6.87955E-01  8.20250E-01  9.38360E-01       1.94740E-04  1.00000E+00
  2.64365E-01  4.57030E-01  5.94165E-01  7.20075E-01  8.66885E-01       8.17340E-04  1.00000E+00
  2.12375E-01  3.72800E-01  4.93940E-01  6.11925E-01  7.62225E-01       8.59050E-04  9.99410E-01
  1.47115E-01  2.63435E-01  3.56755E-01  4.51515E-01  5.83025E-01       1.01360E-03  9.79390E-01

 -8.69080E-01 -5.75743E-01 -1.76393E-01  4.22763E-01  9.22700E-01      -1.00000E+00  1.00000E+00
 -8.95465E-01 -5.99365E-01 -1.85920E-01  4.14450E-01  9.21423E-01      -1.00000E+00  1.00000E+00
 -9.27432E-01 -6.28565E-01 -1.85861E-01  4.07290E-01  9.22953E-01      -1.00000E+00  1.00000E+00
 -9.50105E-01 -6.55397E-01 -1.72675E-01  4.30937E-01  9.26392E-01      -1.00000E+00  1.00000E+00
 -9.58228E-01 -6.43705E-01 -1.14255E-01  4.96117E-01  9.35340E-01      -1.00000E+00  1.00000E+00
 -2.45058E-01  1.73545E-01  4.76487E-01  7.77633E-01  9.73768E-01      -9.99880E-01  1.00000E+00
 -2.47563E-01  1.85407E-01  4.83755E-01  7.69587E-01  9.71075E-01      -1.00000E+00  1.00000E+00
 -2.52864E-01  2.23237E-01  5.27833E-01  7.85587E-01  9.71270E-01      -9.99990E-01  1.00000E+00
 -2.97931E-01  2.53896E-01  5.85052E-01  8.30982E-01  9.79210E-01      -1.00000E+00  1.00000E+00
 -5.97255E-01  8.54754E-02  5.33890E-01  8.28565E-01  9.80542E-01      -1.00000E+00  1.00000E+00
  2.14003E-01  5.35795E-01  7.33095E-01  8.85840E-01  9.86210E-01      -8.46280E-01  1.00000E+00
  2.33788E-01  5.74962E-01  7.70610E-01  9.06305E-01  9.88467E-01      -8.73970E-01  1.00000E+00
  2.69840E-01  6.17600E-01  8.06255E-01  9.26783E-01  9.91520E-01      -9.05920E-01  1.00000E+00
  2.93268E-01  6.49715E-01  8.31897E-01  9.40590E-01  9.93635E-01      -9.04790E-01  1.00000E+00
  1.78333E-01  6.25345E-01  8.29990E-01  9.41845E-01  9.93507E-01      -1.00000E+00  1.00000E+00
  5.19325E-01  7.53000E-01  8.77718E-01  9.54787E-01  9.94540E-01      -4.85330E-01  1.00000E+00
  5.35593E-01  7.67517E-01  8.87105E-01  9.59647E-01  9.95578E-01      -6.16110E-01  1.00000E+00
  5.53580E-01  7.83515E-01  8.96672E-01  9.64017E-01  9.96060E-01      -5.49600E-01  1.00000E+00
  5.78620E-01  8.03343E-01  9.08932E-01  9.68732E-01  9.96498E-01      -4.47020E-01  1.00000E+00
  6.02285E-01  8.21413E-01  9.22165E-01  9.73680E-01  9.97267E-01      -7.60550E-01  1.00000E+00
  7.71283E-01  8.98605E-01  9.53680E-01  9.84177E-01  9.98293E-01      -6.36580E-02  1.00000E+00
  7.76755E-01  8.99875E-01  9.55285E-01  9.84727E-01  9.98398E-01      -1.92510E-01  1.00000E+00
  7.85310E-01  9.04580E-01  9.57283E-01  9.85672E-01  9.98450E-01      -1.57740E-01  1.00000E+00
  7.93880E-01  9.10205E-01  9.60040E-01  9.86648E-01  9.98455E-01      -1.76320E-02  1.00000E+00
  8.10438E-01  9.19210E-01  9.65085E-01  9.88475E-01  9.98792E-01       1.30090E-01  1.00000E+00


    1.   3.02    6.  12.01  5.00E+00  8.00E+01  8.27E-01  5.05E-01     5   0.00

  1.58040E+00  2.64170E+00  3.27000E+00  3.73100E+00  4.16100E+00       4.09910E-03  4.65480E+00

  3.10165E-01  5.38645E-01  6.99330E-01  8.32775E-01  9.47695E-01       6.72200E-04  1.00000E+00
  2.94010E-01  5.12365E-01  6.68705E-01  8.02225E-01  9.27020E-01       9.22800E-04  1.00000E+00
  2.49450E-01  4.35590E-01  5.68800E-01  6.93840E-01  8.41545E-01       2.06550E-03  9.99990E-01
  2.01560E-01  3.54355E-01  4.70445E-01  5.84070E-01  7.29400E-01       9.66940E-04  9.98100E-01
  1.38095E-01  2.46585E-01  3.33820E-01  4.22165E-01  5.45260E-01       6.87060E-04  9.22570E-01

 -7.80127E-01 -4.68200E-01 -6.56225E-02  4.85622E-01  9.33250E-01      -1.00000E+00  1.00000E+00
 -8.10842E-01 -4.84030E-01 -7.89475E-02  4.76413E-01  9.31440E-01      -1.00000E+00  1.00000E+00
 -8.52940E-01 -5.11290E-01 -9.62925E-02  4.69550E-01  9.31230E-01      -1.00000E+00  1.00000E+00
 -9.14077E-01 -5.58655E-01 -9.18580E-02  4.73977E-01  9.32833E-01      -1.00000E+00  1.00000E+00
 -9.48500E-01 -6.03985E-01 -6.78513E-02  5.19720E-01  9.39383E-01      -1.00000E+00  1.00000E+00
 -6.54215E-02  3.18377E-01  5.83720E-01  8.30840E-01  9.80167E-01      -9.99740E-01  1.00000E+00
 -6.29145E-02  3.27755E-01  5.83732E-01  8.19152E-01  9.77652E-01      -9.99990E-01  1.00000E+00
 -4.37065E-02  3.64130E-01  6.22048E-01  8.33810E-01  9.79245E-01      -1.00000E+00  1.00000E+00
 -4.97675E-02  4.16263E-01  6.86908E-01  8.76233E-01  9.85335E-01      -9.99980E-01  1.00000E+00
 -3.51975E-01  2.98484E-01  6.59790E-01  8.79045E-01  9.86573E-01      -1.00000E+00  1.00000E+00
  3.51023E-01  6.31128E-01  7.93532E-01  9.16365E-01  9.90365E-01      -6.91510E-01  1.00000E+00
  3.73592E-01  6.57165E-01  8.17930E-01  9.26560E-01  9.91025E-01      -7.65380E-01  1.00000E+00
  4.03285E-01  6.92180E-01  8.45220E-01  9.43470E-01  9.93567E-01      -7.87340E-01  1.00000E+00
  4.41068E-01  7.29365E-01  8.69925E-01  9.54020E-01  9.94880E-01      -7.83330E-01  1.00000E+00
  4.01775E-01  7.30410E-01  8.78997E-01  9.59143E-01  9.95683E-01      -1.00000E+00  1.00000E+00
  6.08117E-01  8.05607E-01  9.05110E-01  9.65853E-01  9.96160E-01      -2.36380E-01  1.00000E+00
  6.20472E-01  8.13130E-01  9.10355E-01  9.67965E-01  9.96465E-01      -3.70240E-01  1.00000E+00
  6.36763E-01  8.26915E-01  9.18883E-01  9.72000E-01  9.96958E-01      -4.02880E-01  1.00000E+00
  6.68245E-01  8.47027E-01  9.29903E-01  9.75960E-01  9.97350E-01      -3.63240E-01  1.00000E+00
  6.96310E-01  8.67698E-01  9.40878E-01  9.80265E-01  9.97907E-01      -8.29130E-01  1.00000E+00
  8.24018E-01  9.22023E-01  9.64958E-01  9.87910E-01  9.98670E-01       8.76960E-02  1.00000E+00
  8.27658E-01  9.25037E-01  9.66890E-01  9.88835E-01  9.98762E-01       1.46670E-01  1.00000E+00
  8.32928E-01  9.28365E-01  9.68370E-01  9.89435E-01  9.98845E-01       1.50620E-01  1.00000E+00
  8.40235E-01  9.32218E-01  9.70200E-01  9.90120E-01  9.98913E-01       2.20490E-01  1.00000E+00
  8.54765E-01  9.39555E-01  9.73897E-01  9.91333E-01  9.99065E-01       1.37290E-01  1.00000E+00


    1.   3.02    6.  12.01  5.00E+00  8.50E+01  8.44E-01  5.25E-01     5   0.00

  1.64530E+00  2.71470E+00  3.33350E+00  3.78270E+00  4.20500E+00       3.03490E-03  4.67350E+00

  3.09400E-01  5.36800E-01  6.97745E-01  8.32275E-01  9.48340E-01       2.35480E-03  1.00000E+00
  2.89460E-01  5.05850E-01  6.61860E-01  7.95620E-01  9.23080E-01       8.53250E-04  1.00000E+00
  2.45525E-01  4.28630E-01  5.61065E-01  6.86045E-01  8.33475E-01       1.36920E-03  1.00000E+00
  1.98650E-01  3.49000E-01  4.63755E-01  5.75325E-01  7.20575E-01       8.33130E-04  9.96870E-01
  1.34205E-01  2.40725E-01  3.25845E-01  4.12905E-01  5.34265E-01       5.73990E-04  9.12340E-01

 -7.49877E-01 -4.26783E-01 -2.66900E-02  5.14207E-01  9.37520E-01      -1.00000E+00  1.00000E+00
 -7.75530E-01 -4.40455E-01 -3.83625E-02  4.99692E-01  9.35165E-01      -1.00000E+00  1.00000E+00
 -8.17597E-01 -4.68333E-01 -4.86425E-02  4.97545E-01  9.32052E-01      -1.00000E+00  1.00000E+00
 -8.93162E-01 -5.29193E-01 -6.79900E-02  4.89000E-01  9.34018E-01      -1.00000E+00  1.00000E+00
 -9.43132E-01 -5.83545E-01 -4.32225E-02  5.37270E-01  9.42045E-01      -1.00000E+00  1.00000E+00
 -2.33000E-02  3.51825E-01  6.12155E-01  8.46153E-01  9.81655E-01      -9.99730E-01  1.00000E+00
 -1.03875E-02  3.69382E-01  6.17202E-01  8.39720E-01  9.80662E-01      -9.99390E-01  1.00000E+00
  4.47250E-03  3.99680E-01  6.49802E-01  8.48623E-01  9.80805E-01      -1.00000E+00  1.00000E+00
  1.59300E-02  4.52373E-01  7.08660E-01  8.84977E-01  9.85662E-01      -1.00000E+00  1.00000E+00
 -2.51745E-01  3.68094E-01  6.99510E-01  8.92340E-01  9.88225E-01      -1.00000E+00  1.00000E+00
  3.80410E-01  6.53930E-01  8.08590E-01  9.24578E-01  9.91290E-01      -7.05420E-01  1.00000E+00
  4.04435E-01  6.77233E-01  8.30847E-01  9.31982E-01  9.91425E-01      -8.40190E-01  1.00000E+00
  4.37702E-01  7.09983E-01  8.55123E-01  9.47995E-01  9.94065E-01      -8.15410E-01  1.00000E+00
  4.68668E-01  7.45592E-01  8.79792E-01  9.57418E-01  9.95302E-01      -6.86000E-01  1.00000E+00
  4.51367E-01  7.55305E-01  8.89393E-01  9.62335E-01  9.95790E-01      -9.99970E-01  1.00000E+00
  6.31852E-01  8.17535E-01  9.13010E-01  9.68723E-01  9.96393E-01      -2.63350E-01  1.00000E+00
  6.43695E-01  8.25782E-01  9.16063E-01  9.70487E-01  9.96705E-01      -4.01960E-01  1.00000E+00
  6.63985E-01  8.40347E-01  9.25195E-01  9.74343E-01  9.97178E-01      -2.29850E-01  1.00000E+00
  6.87500E-01  8.57347E-01  9.35515E-01  9.78132E-01  9.97605E-01      -1.85280E-01  1.00000E+00
  7.17263E-01  8.77690E-01  9.45525E-01  9.81762E-01  9.98028E-01      -2.58430E-01  1.00000E+00
  8.36807E-01  9.28160E-01  9.68135E-01  9.89300E-01  9.98825E-01       1.02430E-01  1.00000E+00
  8.39473E-01  9.29780E-01  9.68853E-01  9.89445E-01  9.98893E-01       2.50310E-01  1.00000E+00
  8.45120E-01  9.32830E-01  9.70295E-01  9.90210E-01  9.98925E-01       1.39000E-01  1.00000E+00
  8.52542E-01  9.37205E-01  9.72375E-01  9.90770E-01  9.99018E-01       2.15800E-01  1.00000E+00
  8.63045E-01  9.43290E-01  9.75680E-01  9.92012E-01  9.99105E-01       2.51310E-01  1.00000E+00


    1.   3.02    6.  12.01  1.00E+01  0.00E+00  2.87E-01  8.47E-02     5   0.00

  1.08640E+00  2.25520E+00  2.97890E+00  3.68360E+00  4.68700E+00       3.29920E-03  7.16890E+00

  3.61350E-01  5.98165E-01  7.48305E-01  8.63395E-01  9.58230E-01       1.24020E-03  1.00000E+00
  4.41010E-01  6.75175E-01  8.06260E-01  8.99380E-01  9.70410E-01       4.30780E-03  1.00000E+00
  4.34505E-01  6.49575E-01  7.71610E-01  8.66075E-01  9.55530E-01       7.36620E-03  1.00000E+00
  3.22120E-01  5.23940E-01  6.64845E-01  7.99625E-01  9.32090E-01       4.60900E-03  9.99980E-01
  2.50795E-01  4.37710E-01  5.79110E-01  7.14105E-01  8.70545E-01       1.66260E-03  1.00000E+00

 -9.53228E-01 -5.88987E-01 -9.39568E-03  5.78847E-01  9.51568E-01      -1.00000E+00  1.00000E+00
 -9.53640E-01 -5.88740E-01 -9.04318E-03  5.84838E-01  9.48210E-01      -1.00000E+00  1.00000E+00
 -9.51105E-01 -5.86100E-01  8.90950E-03  5.96383E-01  9.52420E-01      -1.00000E+00  1.00000E+00
 -9.50055E-01 -5.98688E-01 -7.35931E-03  5.81753E-01  9.48215E-01      -1.00000E+00  1.00000E+00
 -9.49355E-01 -5.93067E-01 -2.13513E-02  5.93380E-01  9.51615E-01      -1.00000E+00  1.00000E+00
 -9.50862E-01 -5.90190E-01 -1.38262E-02  5.86480E-01  9.48352E-01      -1.00000E+00  1.00000E+00
 -9.48970E-01 -5.78895E-01  5.37487E-03  5.93065E-01  9.52335E-01      -1.00000E+00  1.00000E+00
 -9.46242E-01 -5.82468E-01 -3.99294E-03  5.83622E-01  9.49747E-01      -1.00000E+00  1.00000E+00
 -9.48770E-01 -5.91912E-01 -1.22363E-03  5.88967E-01  9.50530E-01      -1.00000E+00  1.00000E+00
 -9.51170E-01 -5.99895E-01 -2.11012E-02  5.67140E-01  9.48405E-01      -1.00000E+00  1.00000E+00
 -9.51880E-01 -5.85175E-01  1.19021E-02  5.94185E-01  9.52457E-01      -1.00000E+00  1.00000E+00
 -9.50238E-01 -5.90533E-01 -2.71105E-03  5.78735E-01  9.48025E-01      -1.00000E+00  1.00000E+00
 -9.48680E-01 -5.82315E-01  2.36150E-04  5.96813E-01  9.51525E-01      -1.00000E+00  1.00000E+00
 -9.54005E-01 -5.94245E-01 -5.56020E-03  5.93380E-01  9.51440E-01      -1.00000E+00  1.00000E+00
 -9.46965E-01 -5.79120E-01  2.92020E-03  5.87823E-01  9.51320E-01      -1.00000E+00  1.00000E+00
 -9.50500E-01 -5.87028E-01  7.13422E-03  6.00627E-01  9.53245E-01      -1.00000E+00  1.00000E+00
 -9.52788E-01 -5.96298E-01 -2.92240E-03  5.90143E-01  9.52810E-01      -1.00000E+00  1.00000E+00
 -9.50525E-01 -5.87425E-01 -5.13405E-03  5.85665E-01  9.53650E-01      -1.00000E+00  1.00000E+00
 -9.50967E-01 -5.81322E-01  5.51471E-03  5.81187E-01  9.49913E-01      -1.00000E+00  1.00000E+00
 -9.47403E-01 -5.76812E-01  8.40600E-03  5.98995E-01  9.53485E-01      -1.00000E+00  1.00000E+00
 -9.52407E-01 -5.85065E-01 -2.34425E-04  5.84775E-01  9.53425E-01      -1.00000E+00  1.00000E+00
 -9.47273E-01 -5.69813E-01  6.70150E-03  5.82955E-01  9.51622E-01      -1.00000E+00  1.00000E+00
 -9.50265E-01 -5.94923E-01 -7.45812E-03  5.76893E-01  9.49505E-01      -1.00000E+00  1.00000E+00
 -9.50865E-01 -5.85180E-01  4.67775E-04  5.92243E-01  9.51703E-01      -1.00000E+00  1.00000E+00
 -9.51860E-01 -5.88175E-01 -4.53455E-03  5.87583E-01  9.51385E-01      -1.00000E+00  1.00000E+00


    1.   3.02    6.  12.01  1.00E+01  3.00E+01  3.88E-01  1.47E-01     5   0.00

  1.34390E+00  2.71220E+00  3.72520E+00  4.88180E+00  6.26080E+00       1.27830E-03  8.45580E+00

  3.69140E-01  6.06230E-01  7.53860E-01  8.67470E-01  9.60115E-01       4.99090E-03  1.00000E+00
  3.99060E-01  6.31560E-01  7.70375E-01  8.76775E-01  9.63095E-01       2.49820E-03  1.00000E+00
  3.76065E-01  6.02355E-01  7.41010E-01  8.50925E-01  9.51300E-01       1.78660E-03  9.99990E-01
  3.20070E-01  5.15780E-01  6.50670E-01  7.76700E-01  9.12860E-01       1.47370E-03  1.00000E+00
  2.20990E-01  3.82720E-01  5.06065E-01  6.26295E-01  7.77850E-01       3.36170E-04  1.00000E+00

 -9.59248E-01 -6.49118E-01 -1.10585E-01  4.90575E-01  9.31333E-01      -1.00000E+00  1.00000E+00
 -9.59448E-01 -6.40995E-01 -9.91117E-02  5.22822E-01  9.39083E-01      -1.00000E+00  1.00000E+00
 -9.56530E-01 -6.20638E-01 -6.60517E-02  5.43843E-01  9.44700E-01      -1.00000E+00  1.00000E+00
 -9.52260E-01 -6.15610E-01 -4.49422E-02  5.49573E-01  9.48172E-01      -1.00000E+00  1.00000E+00
 -9.52052E-01 -5.97843E-01 -1.93214E-02  5.62553E-01  9.49747E-01      -1.00000E+00  1.00000E+00
 -9.86438E-01 -8.74180E-01 -6.06840E-01 -3.91067E-02  8.23112E-01      -1.00000E+00  1.00000E+00
 -9.79725E-01 -8.34310E-01 -5.21493E-01  8.59375E-02  8.53918E-01      -1.00000E+00  1.00000E+00
 -9.74290E-01 -7.90575E-01 -4.33978E-01  1.63803E-01  8.67180E-01      -1.00000E+00  1.00000E+00
 -9.70850E-01 -7.51698E-01 -3.37905E-01  2.96325E-01  9.02560E-01      -1.00000E+00  1.00000E+00
 -9.63645E-01 -6.83173E-01 -1.81287E-01  4.37345E-01  9.30837E-01      -1.00000E+00  1.00000E+00
 -8.31100E-01 -4.28673E-01 -7.37308E-02  3.72195E-01  8.93165E-01      -1.00000E+00  1.00000E+00
 -8.05375E-01 -2.81170E-01  1.32208E-01  5.57305E-01  9.32617E-01      -1.00000E+00  1.00000E+00
 -7.91925E-01 -1.89713E-01  2.78185E-01  6.72732E-01  9.55017E-01      -1.00000E+00  1.00000E+00
 -8.18410E-01 -1.80758E-01  3.66553E-01  7.48020E-01  9.69130E-01      -1.00000E+00  1.00000E+00
 -8.96742E-01 -3.49475E-01  2.69193E-01  7.31715E-01  9.68873E-01      -1.00000E+00  1.00000E+00
 -2.67219E-01  2.42046E-01  5.43482E-01  7.92913E-01  9.71022E-01      -1.00000E+00  1.00000E+00
 -2.59098E-01  3.28973E-01  6.63162E-01  8.67062E-01  9.84525E-01      -1.00000E+00  1.00000E+00
 -2.58795E-01  3.33008E-01  6.84360E-01  8.88167E-01  9.87837E-01      -1.00000E+00  1.00000E+00
 -3.11032E-01  3.02997E-01  6.61795E-01  8.82915E-01  9.87000E-01      -1.00000E+00  1.00000E+00
 -4.89260E-01  1.94129E-01  6.10812E-01  8.61255E-01  9.84227E-01      -1.00000E+00  1.00000E+00
  3.81165E-01  7.16037E-01  8.69470E-01  9.54572E-01  9.95017E-01      -9.87300E-01  1.00000E+00
  3.41133E-01  6.97742E-01  8.66090E-01  9.55185E-01  9.95225E-01      -9.61660E-01  1.00000E+00
  3.36950E-01  6.97732E-01  8.64070E-01  9.54727E-01  9.95248E-01      -9.84050E-01  1.00000E+00
  3.30338E-01  6.96930E-01  8.64037E-01  9.54282E-01  9.95188E-01      -9.98130E-01  1.00000E+00
  2.96316E-01  6.85987E-01  8.61720E-01  9.53145E-01  9.94927E-01      -9.99360E-01  1.00000E+00


    1.   3.02    6.  12.01  1.00E+01  4.50E+01  5.30E-01  2.52E-01     5   0.00

  1.75600E+00  3.49180E+00  4.95100E+00  6.20300E+00  7.37990E+00       3.72270E-03  9.02940E+00

  3.60465E-01  5.94420E-01  7.43195E-01  8.59960E-01  9.57310E-01       3.49990E-03  1.00000E+00
  3.82865E-01  6.13445E-01  7.57390E-01  8.68215E-01  9.59535E-01       3.60860E-03  1.00000E+00
  3.52015E-01  5.63345E-01  6.95625E-01  8.09045E-01  9.27490E-01       2.50480E-03  1.00000E+00
  2.74155E-01  4.48480E-01  5.72875E-01  6.94340E-01  8.39125E-01       2.11690E-04  9.99980E-01
  1.80465E-01  3.17535E-01  4.22565E-01  5.27510E-01  6.66485E-01       1.74740E-03  9.95250E-01

 -9.75207E-01 -7.77297E-01 -3.90112E-01  2.05545E-01  8.75942E-01      -1.00000E+00  1.00000E+00
 -9.72215E-01 -7.52182E-01 -3.24561E-01  3.01255E-01  9.02532E-01      -1.00000E+00  1.00000E+00
 -9.68138E-01 -7.30487E-01 -2.62753E-01  3.71645E-01  9.12040E-01      -1.00000E+00  1.00000E+00
 -9.65150E-01 -6.97280E-01 -1.99687E-01  4.23375E-01  9.25410E-01      -1.00000E+00  1.00000E+00
 -9.59390E-01 -6.50008E-01 -1.05918E-01  5.17113E-01  9.39850E-01      -1.00000E+00  1.00000E+00
 -8.67870E-01 -5.82820E-01 -3.00599E-01  1.56199E-01  8.45000E-01      -1.00000E+00  9.99990E-01
 -8.78775E-01 -5.38350E-01 -2.14690E-01  2.62593E-01  8.82737E-01      -1.00000E+00  1.00000E+00
 -8.90838E-01 -5.10887E-01 -1.31277E-01  3.56980E-01  9.02207E-01      -1.00000E+00  1.00000E+00
 -9.09190E-01 -5.00770E-01 -4.88375E-02  4.49453E-01  9.19412E-01      -1.00000E+00  1.00000E+00
 -9.31177E-01 -5.17398E-01  1.89500E-02  5.40795E-01  9.39203E-01      -1.00000E+00  1.00000E+00
 -3.42667E-01  9.78128E-02  3.72440E-01  6.53137E-01  9.45560E-01      -9.99990E-01  1.00000E+00
 -3.16210E-01  1.95589E-01  5.00657E-01  7.55000E-01  9.65740E-01      -1.00000E+00  1.00000E+00
 -2.84672E-01  2.83253E-01  6.15160E-01  8.38647E-01  9.78030E-01      -1.00000E+00  1.00000E+00
 -3.06638E-01  3.01225E-01  6.60412E-01  8.76720E-01  9.86627E-01      -1.00000E+00  1.00000E+00
 -5.53535E-01  1.11460E-01  5.68725E-01  8.51180E-01  9.83605E-01      -1.00000E+00  1.00000E+00
  2.11518E-01  5.70375E-01  7.60795E-01  8.93760E-01  9.86233E-01      -9.98040E-01  1.00000E+00
  2.21180E-01  6.08592E-01  8.07487E-01  9.29635E-01  9.92053E-01      -9.48260E-01  1.00000E+00
  2.23637E-01  6.20947E-01  8.24742E-01  9.39370E-01  9.93407E-01      -9.95710E-01  1.00000E+00
  2.29820E-01  6.18167E-01  8.21585E-01  9.38825E-01  9.93457E-01      -9.98380E-01  1.00000E+00
  2.23460E-01  6.39907E-01  8.34850E-01  9.42945E-01  9.94137E-01      -9.99420E-01  1.00000E+00
  6.44650E-01  8.42253E-01  9.28127E-01  9.75392E-01  9.97463E-01      -4.44140E-01  1.00000E+00
  6.31402E-01  8.34890E-01  9.27130E-01  9.75363E-01  9.97252E-01      -5.38540E-01  1.00000E+00
  6.27167E-01  8.31797E-01  9.25455E-01  9.75178E-01  9.97237E-01      -6.21610E-01  1.00000E+00
  6.32517E-01  8.35870E-01  9.26703E-01  9.75100E-01  9.97408E-01      -4.39910E-01  1.00000E+00
  6.50310E-01  8.50757E-01  9.34605E-01  9.78347E-01  9.97668E-01      -4.11810E-01  1.00000E+00


    1.   3.02    6.  12.01  1.00E+01  6.00E+01  7.24E-01  4.30E-01     5   0.00

  2.63750E+00  5.00790E+00  6.48790E+00  7.47280E+00  8.31010E+00       3.24590E-03  9.38740E+00

  3.47560E-01  5.76745E-01  7.27515E-01  8.48935E-01  9.52745E-01       1.34260E-03  1.00000E+00
  3.59755E-01  5.80475E-01  7.24265E-01  8.40135E-01  9.43330E-01       1.16510E-03  1.00000E+00
  2.92855E-01  4.78930E-01  6.00225E-01  7.11460E-01  8.47985E-01       1.17630E-03  1.00000E+00
  2.18505E-01  3.69455E-01  4.80005E-01  5.87285E-01  7.25895E-01       1.12830E-03  9.99560E-01
  1.41815E-01  2.51440E-01  3.37335E-01  4.24515E-01  5.44420E-01       1.89260E-04  9.50660E-01

 -9.75980E-01 -8.01017E-01 -4.67380E-01  8.80762E-02  8.41430E-01      -1.00000E+00  1.00000E+00
 -9.74110E-01 -7.79413E-01 -4.10193E-01  1.75981E-01  8.66755E-01      -1.00000E+00  1.00000E+00
 -9.73055E-01 -7.62477E-01 -3.55637E-01  2.39592E-01  8.84437E-01      -1.00000E+00  1.00000E+00
 -9.69840E-01 -7.35260E-01 -3.04260E-01  3.18438E-01  9.04140E-01      -1.00000E+00  1.00000E+00
 -9.64640E-01 -6.92667E-01 -1.91183E-01  4.22770E-01  9.23270E-01      -1.00000E+00  1.00000E+00
 -4.06583E-01 -2.05400E-02  2.35552E-01  5.48772E-01  9.30020E-01      -1.00000E+00  1.00000E+00
 -3.99455E-01  3.76500E-02  3.14597E-01  6.07432E-01  9.38875E-01      -1.00000E+00  1.00000E+00
 -3.88433E-01  9.94600E-02  4.03942E-01  6.87485E-01  9.51967E-01      -1.00000E+00  1.00000E+00
 -4.03130E-01  1.55520E-01  5.08550E-01  7.77575E-01  9.69060E-01      -1.00000E+00  1.00000E+00
 -6.11047E-01  3.11900E-02  4.92683E-01  8.03140E-01  9.76780E-01      -1.00000E+00  1.00000E+00
  1.80805E-01  4.96625E-01  6.71625E-01  8.29923E-01  9.76355E-01      -9.96490E-01  1.00000E+00
  2.16791E-01  5.58890E-01  7.47147E-01  8.83025E-01  9.83513E-01      -9.71990E-01  1.00000E+00
  2.63732E-01  6.20698E-01  8.07850E-01  9.27750E-01  9.91460E-01      -9.55970E-01  1.00000E+00
  3.01053E-01  6.60982E-01  8.41002E-01  9.44488E-01  9.94003E-01      -9.67590E-01  1.00000E+00
  2.91442E-01  6.67482E-01  8.48140E-01  9.48435E-01  9.94360E-01      -9.99640E-01  1.00000E+00
  5.50505E-01  7.65860E-01  8.76513E-01  9.49850E-01  9.93900E-01      -4.06790E-01  1.00000E+00
  5.59965E-01  7.84817E-01  8.95683E-01  9.62125E-01  9.95812E-01      -4.67990E-01  1.00000E+00
  5.75603E-01  8.01038E-01  9.07863E-01  9.68005E-01  9.96505E-01      -5.67280E-01  1.00000E+00
  5.92727E-01  8.13963E-01  9.15660E-01  9.71265E-01  9.96840E-01      -3.89930E-01  1.00000E+00
  6.39625E-01  8.40050E-01  9.29385E-01  9.76187E-01  9.97478E-01      -4.02590E-01  1.00000E+00
  7.98372E-01  9.09307E-01  9.59050E-01  9.86097E-01  9.98477E-01      -8.70510E-02  1.00000E+00
  7.97038E-01  9.10488E-01  9.59670E-01  9.86472E-01  9.98530E-01       3.35020E-02  1.00000E+00
  8.00430E-01  9.13485E-01  9.61880E-01  9.87367E-01  9.98635E-01      -8.28960E-05  1.00000E+00
  8.05542E-01  9.15860E-01  9.62885E-01  9.87650E-01  9.98647E-01       1.77990E-01  1.00000E+00
  8.27350E-01  9.26828E-01  9.68122E-01  9.89352E-01  9.98842E-01       2.19490E-01  1.00000E+00


    1.   3.02    6.  12.01  1.00E+01  7.00E+01  8.54E-01  5.80E-01     5   0.00

  3.65130E+00  6.22140E+00  7.42570E+00  8.17440E+00  8.79990E+00       4.04200E-03  9.51140E+00

  3.44880E-01  5.69775E-01  7.21985E-01  8.47735E-01  9.53360E-01       1.00410E-03  1.00000E+00
  3.16410E-01  5.20330E-01  6.58720E-01  7.74265E-01  8.94235E-01       1.96770E-03  1.00000E+00
  2.45675E-01  4.11945E-01  5.23665E-01  6.29820E-01  7.65300E-01       1.22770E-03  9.99330E-01
  1.82960E-01  3.15715E-01  4.14935E-01  5.11530E-01  6.38745E-01       3.53280E-04  9.77050E-01
  1.20945E-01  2.14925E-01  2.88790E-01  3.64490E-01  4.69090E-01       5.76650E-04  8.63070E-01

 -7.99818E-01 -5.56763E-01 -2.88067E-01  1.57096E-01  8.55205E-01      -1.00000E+00  1.00000E+00
 -8.14167E-01 -5.51687E-01 -2.60230E-01  2.16036E-01  8.72297E-01      -1.00000E+00  1.00000E+00
 -8.42802E-01 -5.51750E-01 -2.16827E-01  2.84527E-01  8.85220E-01      -1.00000E+00  1.00000E+00
 -9.00597E-01 -5.72967E-01 -1.60874E-01  3.87870E-01  9.08178E-01      -1.00000E+00  1.00000E+00
 -9.44335E-01 -5.96955E-01 -6.62630E-02  5.12267E-01  9.36277E-01      -1.00000E+00  1.00000E+00
  2.43850E-02  3.39932E-01  5.34435E-01  7.48808E-01  9.64975E-01      -9.99600E-01  1.00000E+00
  4.82850E-02  3.87930E-01  5.86573E-01  7.72850E-01  9.65788E-01      -9.91680E-01  1.00000E+00
  1.17968E-01  4.76712E-01  6.79390E-01  8.43325E-01  9.76212E-01      -9.99990E-01  1.00000E+00
  1.81490E-01  5.70307E-01  7.73848E-01  9.09322E-01  9.88945E-01      -9.99800E-01  1.00000E+00
  9.31374E-02  5.73142E-01  8.01000E-01  9.31180E-01  9.92280E-01      -9.99990E-01  1.00000E+00
  4.76567E-01  6.92435E-01  8.14468E-01  9.16523E-01  9.89605E-01      -6.50420E-01  1.00000E+00
  5.07128E-01  7.35003E-01  8.54425E-01  9.39060E-01  9.91915E-01      -4.81990E-01  1.00000E+00
  5.44550E-01  7.71992E-01  8.86310E-01  9.57708E-01  9.95270E-01      -4.81330E-01  1.00000E+00
  5.78045E-01  8.01618E-01  9.07417E-01  9.68098E-01  9.96480E-01      -7.39480E-01  1.00000E+00
  6.16465E-01  8.29333E-01  9.24310E-01  9.74927E-01  9.97355E-01      -9.64990E-01  1.00000E+00
  7.14345E-01  8.56757E-01  9.28495E-01  9.73015E-01  9.96815E-01      -1.41480E-02  1.00000E+00
  7.22827E-01  8.64435E-01  9.35500E-01  9.77185E-01  9.97505E-01      -4.10280E-02  1.00000E+00
  7.34470E-01  8.74770E-01  9.41873E-01  9.79705E-01  9.97815E-01      -1.48070E-02  1.00000E+00
  7.54990E-01  8.89077E-01  9.49302E-01  9.83010E-01  9.98132E-01      -2.66150E-02  1.00000E+00
  7.90970E-01  9.09585E-01  9.59882E-01  9.86520E-01  9.98578E-01      -1.70910E-01  1.00000E+00
  8.68790E-01  9.41677E-01  9.73650E-01  9.91078E-01  9.99055E-01       2.80220E-01  1.00000E+00
  8.73123E-01  9.44500E-01  9.74813E-01  9.91605E-01  9.99100E-01       3.04020E-01  1.00000E+00
  8.74358E-01  9.45515E-01  9.75923E-01  9.91972E-01  9.99108E-01       3.07900E-01  1.00000E+00
  8.80777E-01  9.48485E-01  9.77487E-01  9.92520E-01  9.99220E-01       3.74230E-01  1.00000E+00
  8.94543E-01  9.55680E-01  9.81002E-01  9.93757E-01  9.99323E-01       4.14650E-01  1.00000E+00


    1.   3.02    6.  12.01  1.00E+01  8.00E+01  9.38E-01  7.05E-01     5   0.00

  4.93880E+00  7.19330E+00  8.09420E+00  8.65550E+00  9.12670E+00       7.55470E-03  9.60520E+00

  3.32630E-01  5.52885E-01  7.05950E-01  8.35680E-01  9.47265E-01       2.02620E-03  9.99990E-01
  2.66190E-01  4.52205E-01  5.79355E-01  6.91015E-01  8.17725E-01       2.01820E-03  9.99900E-01
  2.04545E-01  3.51460E-01  4.55420E-01  5.55125E-01  6.83525E-01       7.53490E-04  9.80380E-01
  1.56795E-01  2.74135E-01  3.63325E-01  4.50055E-01  5.64590E-01       6.12780E-04  9.20430E-01
  1.02521E-01  1.84050E-01  2.48550E-01  3.14670E-01  4.06180E-01       1.89180E-04  7.65150E-01

 -5.46283E-01 -2.52128E-01  4.12050E-02  3.97875E-01  8.86530E-01      -1.00000E+00  1.00000E+00
 -5.42272E-01 -2.32888E-01  6.46075E-02  4.06317E-01  8.93757E-01      -1.00000E+00  1.00000E+00
 -5.22916E-01 -2.00310E-01  1.11790E-01  4.61745E-01  9.10960E-01      -1.00000E+00  1.00000E+00
 -4.97909E-01 -1.56227E-01  1.73633E-01  5.25805E-01  9.22615E-01      -1.00000E+00  1.00000E+00
 -6.22506E-01 -1.72747E-01  2.17920E-01  6.07668E-01  9.42735E-01      -1.00000E+00  1.00000E+00
  3.78848E-01  6.11463E-01  7.57770E-01  9.00732E-01  9.88733E-01      -7.71580E-01  1.00000E+00
  3.99645E-01  6.37280E-01  7.74730E-01  8.93373E-01  9.86888E-01      -7.84890E-01  1.00000E+00
  4.59232E-01  6.99460E-01  8.29848E-01  9.24950E-01  9.89625E-01      -8.30810E-01  1.00000E+00
  5.31513E-01  7.67607E-01  8.85593E-01  9.57738E-01  9.95405E-01      -6.39640E-01  1.00000E+00
  5.69040E-01  8.07212E-01  9.14177E-01  9.71020E-01  9.96910E-01      -9.73510E-01  1.00000E+00
  6.70510E-01  8.22342E-01  9.04428E-01  9.63703E-01  9.96015E-01      -1.51270E-01  1.00000E+00
  6.87420E-01  8.38620E-01  9.17175E-01  9.67870E-01  9.96155E-01      -1.16560E-01  1.00000E+00
  7.13070E-01  8.60723E-01  9.32145E-01  9.75695E-01  9.97302E-01      -2.90650E-01  1.00000E+00
  7.38753E-01  8.80400E-01  9.45542E-01  9.81143E-01  9.97965E-01      -6.16160E-02  1.00000E+00
  7.73827E-01  9.03635E-01  9.57600E-01  9.85818E-01  9.98530E-01      -3.22230E-02  1.00000E+00
  8.15473E-01  9.12555E-01  9.58882E-01  9.85545E-01  9.98358E-01       2.01470E-01  1.00000E+00
  8.20497E-01  9.15445E-01  9.60260E-01  9.86297E-01  9.98502E-01       2.55800E-01  1.00000E+00
  8.32070E-01  9.22173E-01  9.64263E-01  9.87670E-01  9.98628E-01       2.55020E-01  1.00000E+00
  8.43577E-01  9.30655E-01  9.69093E-01  9.89625E-01  9.98885E-01       3.29580E-01  1.00000E+00
  8.70602E-01  9.44830E-01  9.76058E-01  9.92033E-01  9.99193E-01       3.78070E-01  1.00000E+00
  9.16368E-01  9.63460E-01  9.83753E-01  9.94462E-01  9.99433E-01       5.01210E-01  1.00000E+00
  9.18255E-01  9.64940E-01  9.84545E-01  9.94782E-01  9.99433E-01       5.17200E-01  1.00000E+00
  9.20897E-01  9.65927E-01  9.85135E-01  9.94945E-01  9.99447E-01       5.63740E-01  1.00000E+00
  9.24825E-01  9.68658E-01  9.86172E-01  9.95455E-01  9.99517E-01       4.98080E-01  1.00000E+00
  9.32002E-01  9.72100E-01  9.88017E-01  9.96070E-01  9.99568E-01       5.50370E-01  1.00000E+00


    1.   3.02    6.  12.01  1.00E+01  8.50E+01  9.56E-01  7.38E-01     5   0.00

  5.38830E+00  7.45210E+00  8.26530E+00  8.77620E+00  9.21300E+00       1.23070E-02  9.62850E+00

  3.25055E-01  5.43940E-01  6.96995E-01  8.26810E-01  9.39730E-01       2.92600E-03  1.00000E+00
  2.48860E-01  4.27505E-01  5.51970E-01  6.61790E-01  7.89340E-01       2.22570E-04  9.99960E-01
  1.90890E-01  3.32675E-01  4.34525E-01  5.32015E-01  6.58540E-01       7.47360E-04  9.85070E-01
  1.48365E-01  2.61805E-01  3.47910E-01  4.31840E-01  5.42240E-01       5.44170E-04  8.90940E-01
  9.85990E-02  1.75370E-01  2.36700E-01  2.99535E-01  3.86905E-01       1.20360E-04  6.81260E-01

 -4.57549E-01 -1.28905E-01  1.72198E-01  5.08382E-01  9.09570E-01      -1.00000E+00  1.00000E+00
 -4.49273E-01 -1.12005E-01  1.90107E-01  5.06265E-01  9.10970E-01      -1.00000E+00  1.00000E+00
 -4.24698E-01 -7.91125E-02  2.32665E-01  5.41268E-01  9.21878E-01      -1.00000E+00  1.00000E+00
 -3.86512E-01 -2.87650E-02  3.00643E-01  6.11320E-01  9.33972E-01      -1.00000E+00  1.00000E+00
 -4.29730E-01 -1.58125E-02  3.51421E-01  6.88392E-01  9.53448E-01      -1.00000E+00  1.00000E+00
  4.77155E-01  6.86145E-01  8.21467E-01  9.34867E-01  9.93002E-01      -6.13360E-01  1.00000E+00
  4.91440E-01  7.01758E-01  8.22700E-01  9.22215E-01  9.90552E-01      -6.05530E-01  1.00000E+00
  5.42570E-01  7.51345E-01  8.63420E-01  9.42710E-01  9.92760E-01      -5.20700E-01  1.00000E+00
  6.03935E-01  8.09405E-01  9.07065E-01  9.66195E-01  9.96270E-01      -6.40980E-01  1.00000E+00
  6.47640E-01  8.44555E-01  9.30892E-01  9.76445E-01  9.97397E-01      -8.55030E-01  1.00000E+00
  7.19737E-01  8.56118E-01  9.26203E-01  9.73602E-01  9.97133E-01      -9.51830E-02  1.00000E+00
  7.33348E-01  8.65672E-01  9.31913E-01  9.74643E-01  9.97000E-01      -5.69110E-02  1.00000E+00
  7.49635E-01  8.79180E-01  9.42423E-01  9.79360E-01  9.97663E-01       6.93440E-02  1.00000E+00
  7.75868E-01  8.97660E-01  9.53222E-01  9.84028E-01  9.98247E-01       2.60840E-02  1.00000E+00
  8.09683E-01  9.18330E-01  9.64220E-01  9.88107E-01  9.98742E-01       2.49870E-02  1.00000E+00
  8.41515E-01  9.26955E-01  9.66235E-01  9.88325E-01  9.98695E-01       3.08600E-01  1.00000E+00
  8.44015E-01  9.28495E-01  9.66853E-01  9.88530E-01  9.98745E-01       3.47180E-01  1.00000E+00
  8.52415E-01  9.32638E-01  9.69238E-01  9.89490E-01  9.98840E-01       1.82120E-01  1.00000E+00
  8.64297E-01  9.40300E-01  9.73562E-01  9.90962E-01  9.99035E-01       4.11390E-01  1.00000E+00
  8.88385E-01  9.52563E-01  9.79430E-01  9.93205E-01  9.99278E-01       4.20060E-01  1.00000E+00
  9.27725E-01  9.68803E-01  9.86480E-01  9.95517E-01  9.99530E-01       6.14890E-01  1.00000E+00
  9.29525E-01  9.69820E-01  9.86590E-01  9.95535E-01  9.99517E-01       6.05800E-01  1.00000E+00
  9.31505E-01  9.70657E-01  9.87178E-01  9.95765E-01  9.99550E-01       5.62970E-01  1.00000E+00
  9.35318E-01  9.72762E-01  9.88295E-01  9.96093E-01  9.99572E-01       5.46360E-01  1.00000E+00
  9.42015E-01  9.75725E-01  9.89590E-01  9.96563E-01  9.99628E-01       6.69720E-01  1.00000E+00


    1.   3.02    6.  12.01  2.00E+01  0.00E+00  2.40E-01  7.26E-02     5   0.00

  1.81920E+00  4.30280E+00  6.30630E+00  7.87660E+00  9.83770E+00       3.94150E-03  1.44480E+01

  4.01700E-01  6.35840E-01  7.74720E-01  8.78370E-01  9.63720E-01       1.01350E-03  1.00000E+00
  4.81950E-01  6.85060E-01  8.04015E-01  8.94220E-01  9.68180E-01       4.27880E-03  9.99990E-01
  5.51880E-01  7.41570E-01  8.42295E-01  9.12535E-01  9.71120E-01       1.59600E-02  1.00000E+00
  4.18690E-01  5.81155E-01  6.96730E-01  8.14060E-01  9.35875E-01       2.18560E-04  1.00000E+00
  2.60370E-01  4.35625E-01  5.74375E-01  7.07530E-01  8.67770E-01       1.43440E-03  9.99990E-01

 -9.53238E-01 -5.84765E-01  9.17500E-05  5.86585E-01  9.47265E-01      -1.00000E+00  1.00000E+00
 -9.52840E-01 -5.95908E-01  7.42735E-03  5.98110E-01  9.50240E-01      -1.00000E+00  1.00000E+00
 -9.54540E-01 -5.98217E-01 -1.35976E-02  5.70750E-01  9.51480E-01      -1.00000E+00  1.00000E+00
 -9.49083E-01 -5.86985E-01  3.64220E-03  5.92330E-01  9.50790E-01      -1.00000E+00  1.00000E+00
 -9.53580E-01 -5.92503E-01 -4.19423E-03  5.72002E-01  9.51867E-01      -1.00000E+00  1.00000E+00
 -9.52827E-01 -5.93858E-01 -6.43335E-03  5.76367E-01  9.50082E-01      -1.00000E+00  1.00000E+00
 -9.51218E-01 -5.85487E-01  4.39370E-03  5.93725E-01  9.53390E-01      -1.00000E+00  1.00000E+00
 -9.48338E-01 -5.85098E-01  5.96995E-03  5.84635E-01  9.52155E-01      -1.00000E+00  9.99990E-01
 -9.48072E-01 -5.91853E-01  2.35317E-03  5.95585E-01  9.55103E-01      -1.00000E+00  1.00000E+00
 -9.51967E-01 -5.90980E-01  3.37725E-03  5.89078E-01  9.51630E-01      -1.00000E+00  1.00000E+00
 -9.51795E-01 -6.00100E-01 -1.16244E-02  5.79125E-01  9.50900E-01      -1.00000E+00  1.00000E+00
 -9.48278E-01 -5.88027E-01 -1.13073E-02  5.79503E-01  9.49390E-01      -1.00000E+00  1.00000E+00
 -9.53880E-01 -5.96205E-01 -2.04192E-02  5.64083E-01  9.48945E-01      -1.00000E+00  1.00000E+00
 -9.51885E-01 -5.91660E-01 -8.85852E-03  5.85383E-01  9.52755E-01      -1.00000E+00  1.00000E+00
 -9.55618E-01 -5.86382E-01  7.18475E-03  5.86472E-01  9.49667E-01      -1.00000E+00  1.00000E+00
 -9.50465E-01 -5.83477E-01 -1.16839E-02  5.78370E-01  9.52105E-01      -1.00000E+00  1.00000E+00
 -9.52832E-01 -5.89842E-01  4.49622E-03  5.85687E-01  9.51277E-01      -1.00000E+00  1.00000E+00
 -9.52105E-01 -5.88313E-01 -1.02223E-02  5.85730E-01  9.47253E-01      -1.00000E+00  1.00000E+00
 -9.52487E-01 -5.87360E-01 -4.14375E-03  5.82618E-01  9.50225E-01      -1.00000E+00  1.00000E+00
 -9.53158E-01 -5.92178E-01 -9.22150E-03  5.80445E-01  9.51372E-01      -1.00000E+00  1.00000E+00
 -9.49000E-01 -5.85512E-01 -1.58463E-03  5.82195E-01  9.49703E-01      -1.00000E+00  1.00000E+00
 -9.51170E-01 -5.85975E-01  1.01998E-02  6.01260E-01  9.52457E-01      -1.00000E+00  1.00000E+00
 -9.49990E-01 -5.85738E-01  2.69047E-03  5.88672E-01  9.53595E-01      -1.00000E+00  1.00000E+00
 -9.52512E-01 -5.88508E-01  1.81240E-02  5.89160E-01  9.53180E-01      -1.00000E+00  1.00000E+00
 -9.47747E-01 -5.87455E-01  2.45740E-03  5.88337E-01  9.50603E-01      -1.00000E+00  1.00000E+00


    1.   3.02    6.  12.01  2.00E+01  3.00E+01  3.22E-01  1.21E-01     5   0.00

  2.23920E+00  5.26630E+00  7.42470E+00  9.77780E+00  1.26990E+01       4.36060E-03  1.70720E+01

  4.15885E-01  6.43930E-01  7.79170E-01  8.82025E-01  9.64905E-01       3.60220E-03  1.00000E+00
  4.86050E-01  6.87290E-01  8.04535E-01  8.93480E-01  9.67640E-01       7.48350E-03  9.99990E-01
  4.36815E-01  6.47055E-01  7.78065E-01  8.78765E-01  9.61955E-01       2.93530E-03  1.00000E+00
  3.85480E-01  5.71075E-01  6.92245E-01  8.05470E-01  9.27380E-01       4.44250E-03  9.99990E-01
  2.48180E-01  4.02950E-01  5.22945E-01  6.42390E-01  7.91835E-01       2.75680E-03  1.00000E+00

 -9.51915E-01 -5.87828E-01 -2.04353E-03  5.78285E-01  9.48665E-01      -1.00000E+00  1.00000E+00
 -9.50900E-01 -5.90215E-01 -7.76378E-03  5.93988E-01  9.50477E-01      -1.00000E+00  1.00000E+00
 -9.50000E-01 -5.81952E-01  1.25775E-02  5.86915E-01  9.48183E-01      -1.00000E+00  1.00000E+00
 -9.52960E-01 -5.83265E-01  5.95565E-03  5.98205E-01  9.51022E-01      -1.00000E+00  1.00000E+00
 -9.51902E-01 -5.96820E-01 -1.94628E-02  5.82398E-01  9.47572E-01      -1.00000E+00  1.00000E+00
 -9.77488E-01 -7.90548E-01 -3.62185E-01  3.10125E-01  9.08528E-01      -1.00000E+00  1.00000E+00
 -9.74545E-01 -7.76083E-01 -3.37475E-01  3.42665E-01  9.13875E-01      -1.00000E+00  1.00000E+00
 -9.72185E-01 -7.57323E-01 -3.11687E-01  3.66297E-01  9.20542E-01      -1.00000E+00  1.00000E+00
 -9.67088E-01 -7.26892E-01 -2.55499E-01  3.97125E-01  9.17890E-01      -1.00000E+00  1.00000E+00
 -9.60808E-01 -6.64687E-01 -1.36175E-01  4.97387E-01  9.36693E-01      -1.00000E+00  1.00000E+00
 -9.52767E-01 -7.43228E-01 -4.89843E-01 -4.11027E-02  8.30695E-01      -1.00000E+00  1.00000E+00
 -9.12168E-01 -5.54957E-01 -1.96404E-01  2.95425E-01  9.00012E-01      -1.00000E+00  1.00000E+00
 -8.84528E-01 -4.28325E-01  7.25000E-04  4.59195E-01  9.26257E-01      -1.00000E+00  1.00000E+00
 -8.80985E-01 -3.45995E-01  1.56924E-01  5.94170E-01  9.47113E-01      -1.00000E+00  1.00000E+00
 -9.19545E-01 -4.47725E-01  1.38769E-01  6.51577E-01  9.57678E-01      -1.00000E+00  1.00000E+00
 -4.49795E-01  1.23500E-02  2.93142E-01  5.73760E-01  9.15648E-01      -1.00000E+00  1.00000E+00
 -3.79953E-01  2.10872E-01  5.56530E-01  7.99780E-01  9.70365E-01      -1.00000E+00  1.00000E+00
 -3.68868E-01  2.68035E-01  6.50923E-01  8.71542E-01  9.86173E-01      -9.99980E-01  1.00000E+00
 -4.30322E-01  2.14567E-01  6.26040E-01  8.71110E-01  9.85393E-01      -1.00000E+00  1.00000E+00
 -6.17855E-01  6.84822E-02  5.35700E-01  8.37278E-01  9.81743E-01      -1.00000E+00  1.00000E+00
  3.82803E-01  6.93133E-01  8.40170E-01  9.36083E-01  9.91295E-01      -9.22170E-01  1.00000E+00
  3.43838E-01  6.90612E-01  8.60520E-01  9.52412E-01  9.94633E-01      -9.92530E-01  1.00000E+00
  3.05950E-01  6.74625E-01  8.53480E-01  9.50107E-01  9.94655E-01      -9.73690E-01  1.00000E+00
  3.15488E-01  6.82068E-01  8.53250E-01  9.50600E-01  9.94595E-01      -9.98610E-01  1.00000E+00
  2.40444E-01  6.62717E-01  8.50135E-01  9.48822E-01  9.94683E-01      -9.99380E-01  1.00000E+00


    1.   3.02    6.  12.01  2.00E+01  4.50E+01  4.48E-01  2.11E-01     5   0.00

  3.00570E+00  6.68980E+00  9.70670E+00  1.25540E+01  1.51420E+01       4.50430E-03  1.82040E+01

  4.27045E-01  6.49925E-01  7.82210E-01  8.82450E-01  9.64840E-01       1.88400E-03  1.00000E+00
  4.35865E-01  6.45375E-01  7.75370E-01  8.78030E-01  9.63030E-01       4.15710E-03  9.99990E-01
  4.18415E-01  6.19470E-01  7.44180E-01  8.45795E-01  9.45155E-01       4.27350E-03  1.00000E+00
  3.35985E-01  4.97390E-01  6.08900E-01  7.20420E-01  8.55565E-01       2.38570E-03  9.99980E-01
  2.00650E-01  3.32010E-01  4.32540E-01  5.33030E-01  6.66525E-01       8.83690E-04  9.93080E-01

 -9.55473E-01 -6.41925E-01 -1.07347E-01  4.95780E-01  9.36440E-01      -1.00000E+00  1.00000E+00
 -9.55600E-01 -6.25587E-01 -7.60616E-02  5.28382E-01  9.42438E-01      -1.00000E+00  1.00000E+00
 -9.55468E-01 -6.13770E-01 -5.00493E-02  5.48230E-01  9.42058E-01      -1.00000E+00  1.00000E+00
 -9.54852E-01 -6.14618E-01 -4.45190E-02  5.52093E-01  9.47010E-01      -1.00000E+00  1.00000E+00
 -9.49202E-01 -6.01282E-01 -3.07220E-02  5.60353E-01  9.45360E-01      -1.00000E+00  1.00000E+00
 -9.56990E-01 -8.07310E-01 -5.94413E-01 -7.28355E-02  8.24547E-01      -1.00000E+00  1.00000E+00
 -9.52915E-01 -7.47788E-01 -4.49667E-01  1.83154E-01  8.82458E-01      -1.00000E+00  1.00000E+00
 -9.54650E-01 -7.18830E-01 -3.55605E-01  2.81427E-01  9.00783E-01      -1.00000E+00  1.00000E+00
 -9.56697E-01 -7.03653E-01 -2.70583E-01  3.48630E-01  9.15675E-01      -1.00000E+00  1.00000E+00
 -9.57915E-01 -6.57607E-01 -1.32198E-01  4.74675E-01  9.33025E-01      -1.00000E+00  1.00000E+00
 -5.04485E-01 -1.02930E-01  1.49837E-01  4.68680E-01  9.16912E-01      -1.00000E+00  1.00000E+00
 -4.89725E-01  2.85550E-02  3.45808E-01  6.47528E-01  9.49585E-01      -1.00000E+00  1.00000E+00
 -4.51365E-01  1.31027E-01  4.84758E-01  7.53755E-01  9.63960E-01      -1.00000E+00  1.00000E+00
 -4.88325E-01  1.54986E-01  5.67268E-01  8.32185E-01  9.78415E-01      -1.00000E+00  1.00000E+00
 -6.86888E-01 -1.92700E-02  4.93237E-01  8.17402E-01  9.79720E-01      -1.00000E+00  1.00000E+00
  1.22647E-01  4.64235E-01  6.44752E-01  7.98485E-01  9.63770E-01      -9.98540E-01  1.00000E+00
  1.69075E-01  5.72572E-01  7.80348E-01  9.10305E-01  9.88583E-01      -9.95020E-01  1.00000E+00
  1.73551E-01  5.86640E-01  8.06907E-01  9.34278E-01  9.92872E-01      -9.98830E-01  1.00000E+00
  1.91905E-01  5.98115E-01  8.10860E-01  9.35345E-01  9.93092E-01      -9.99840E-01  1.00000E+00
  1.55864E-01  6.09722E-01  8.20100E-01  9.40272E-01  9.93413E-01      -9.99950E-01  1.00000E+00
  6.73365E-01  8.46577E-01  9.24870E-01  9.72275E-01  9.96870E-01      -4.10390E-01  1.00000E+00
  6.46257E-01  8.40650E-01  9.28600E-01  9.75910E-01  9.97247E-01      -4.96260E-01  1.00000E+00
  6.31565E-01  8.33883E-01  9.24850E-01  9.74727E-01  9.97365E-01      -5.76940E-01  1.00000E+00
  6.44038E-01  8.39660E-01  9.28370E-01  9.75893E-01  9.97470E-01      -6.94310E-01  1.00000E+00
  6.57593E-01  8.50067E-01  9.33735E-01  9.78237E-01  9.97683E-01      -5.56980E-01  1.00000E+00


    1.   3.02    6.  12.01  2.00E+01  6.00E+01  6.61E-01  4.06E-01     5   0.00

  4.96980E+00  1.01530E+01  1.36180E+01  1.57700E+01  1.73060E+01       7.57890E-03  1.88980E+01

  4.04470E-01  6.22795E-01  7.58150E-01  8.65040E-01  9.57405E-01       5.09370E-04  1.00000E+00
  4.05910E-01  6.09095E-01  7.44390E-01  8.53525E-01  9.49065E-01       4.05130E-03  1.00000E+00
  3.32660E-01  5.00895E-01  6.10115E-01  7.10595E-01  8.36565E-01       4.98640E-03  9.99990E-01
  2.40980E-01  3.73670E-01  4.69070E-01  5.63950E-01  6.86135E-01       5.66650E-04  9.69910E-01
  1.40375E-01  2.40630E-01  3.16590E-01  3.93405E-01  4.98350E-01       4.45390E-04  8.72170E-01

 -9.74390E-01 -7.75820E-01 -4.17750E-01  9.60950E-02  8.28323E-01      -1.00000E+00  1.00000E+00
 -9.71607E-01 -7.53507E-01 -3.55150E-01  2.43963E-01  8.88670E-01      -1.00000E+00  1.00000E+00
 -9.69712E-01 -7.36045E-01 -3.12383E-01  3.23587E-01  9.06872E-01      -1.00000E+00  1.00000E+00
 -9.64955E-01 -7.15605E-01 -2.45958E-01  4.15990E-01  9.24015E-01      -1.00000E+00  1.00000E+00
 -9.62640E-01 -6.68585E-01 -1.32171E-01  5.04983E-01  9.39235E-01      -1.00000E+00  1.00000E+00
 -4.86218E-01 -1.35180E-01  9.85017E-02  4.04200E-01  8.96068E-01      -1.00000E+00  1.00000E+00
 -4.74495E-01 -6.79775E-02  2.09518E-01  5.33740E-01  9.32435E-01      -1.00000E+00  1.00000E+00
 -4.70365E-01 -1.41850E-02  3.02020E-01  6.18770E-01  9.46703E-01      -1.00000E+00  1.00000E+00
 -4.87432E-01  2.22000E-02  3.82513E-01  6.96993E-01  9.55932E-01      -1.00000E+00  1.00000E+00
 -6.34208E-01 -6.36500E-02  3.93352E-01  7.51810E-01  9.69797E-01      -1.00000E+00  1.00000E+00
  1.82565E-01  4.67360E-01  6.16305E-01  7.57517E-01  9.52725E-01      -9.18860E-01  1.00000E+00
  2.32276E-01  5.59423E-01  7.30847E-01  8.58698E-01  9.76325E-01      -9.83300E-01  1.00000E+00
  2.90940E-01  6.33560E-01  8.11922E-01  9.24347E-01  9.90400E-01      -9.26170E-01  1.00000E+00
  3.42697E-01  6.78215E-01  8.51222E-01  9.48163E-01  9.93822E-01      -9.65940E-01  1.00000E+00
  3.76943E-01  7.10738E-01  8.66742E-01  9.54758E-01  9.95008E-01      -9.99570E-01  1.00000E+00
  6.05510E-01  7.79927E-01  8.68440E-01  9.34832E-01  9.89397E-01      -2.78570E-01  1.00000E+00
  6.20400E-01  8.14128E-01  9.08865E-01  9.66318E-01  9.96047E-01      -3.36910E-01  1.00000E+00
  6.32225E-01  8.23577E-01  9.18802E-01  9.71662E-01  9.96970E-01      -5.06530E-01  1.00000E+00
  6.55800E-01  8.38792E-01  9.25338E-01  9.74710E-01  9.97265E-01      -4.19540E-01  1.00000E+00
  7.12752E-01  8.73902E-01  9.43445E-01  9.80858E-01  9.97845E-01      -1.99650E-01  1.00000E+00
  8.47508E-01  9.32045E-01  9.68910E-01  9.89248E-01  9.98810E-01       2.06860E-01  1.00000E+00
  8.44150E-01  9.31522E-01  9.69153E-01  9.89740E-01  9.98858E-01       4.40320E-02  1.00000E+00
  8.43000E-01  9.30643E-01  9.69360E-01  9.89535E-01  9.98892E-01       1.91930E-01  1.00000E+00
  8.51542E-01  9.35745E-01  9.71432E-01  9.90410E-01  9.98965E-01       2.41360E-01  1.00000E+00
  8.67370E-01  9.43632E-01  9.75578E-01  9.91938E-01  9.99108E-01       2.72930E-01  1.00000E+00


    1.   3.02    6.  12.01  2.00E+01  7.00E+01  8.35E-01  6.09E-01     5   0.00

  7.88040E+00  1.37870E+01  1.62010E+01  1.74400E+01  1.83470E+01       6.14210E-03  1.92600E+01

  3.80805E-01  5.93185E-01  7.36260E-01  8.56000E-01  9.55835E-01       1.18510E-03  1.00000E+00
  3.32045E-01  5.12000E-01  6.34755E-01  7.39290E-01  8.54995E-01       1.27600E-03  9.99980E-01
  2.48520E-01  3.87880E-01  4.80700E-01  5.69495E-01  6.86510E-01       7.98480E-04  9.67140E-01
  1.73495E-01  2.84280E-01  3.64300E-01  4.43135E-01  5.46655E-01       7.32240E-04  8.72300E-01
  1.03844E-01  1.81930E-01  2.42610E-01  3.04020E-01  3.89295E-01       4.16160E-04  7.44260E-01

 -7.80045E-01 -5.59022E-01 -3.10775E-01  1.04273E-01  8.26465E-01      -1.00000E+00  1.00000E+00
 -7.84617E-01 -5.32245E-01 -2.35301E-01  2.51378E-01  8.85080E-01      -1.00000E+00  1.00000E+00
 -8.12555E-01 -5.21300E-01 -1.62525E-01  3.59840E-01  9.03165E-01      -1.00000E+00  1.00000E+00
 -8.69480E-01 -5.10053E-01 -6.59500E-02  4.60137E-01  9.19790E-01      -1.00000E+00  1.00000E+00
 -9.31427E-01 -5.36245E-01  2.31045E-02  5.77340E-01  9.48002E-01      -1.00000E+00  1.00000E+00
  1.43315E-01  4.03317E-01  5.49855E-01  7.02230E-01  9.43018E-01      -9.37510E-01  1.00000E+00
  1.86472E-01  4.75050E-01  6.33223E-01  7.77822E-01  9.58857E-01      -9.74500E-01  1.00000E+00
  2.65157E-01  5.66135E-01  7.30553E-01  8.63255E-01  9.76555E-01      -9.97390E-01  1.00000E+00
  3.60588E-01  6.70385E-01  8.25870E-01  9.31822E-01  9.91490E-01      -9.99620E-01  1.00000E+00
  3.86960E-01  7.21970E-01  8.71715E-01  9.55475E-01  9.95185E-01      -9.99910E-01  1.00000E+00
  5.96220E-01  7.55313E-01  8.40597E-01  9.14932E-01  9.87383E-01      -2.67960E-01  1.00000E+00
  6.30580E-01  8.00835E-01  8.87810E-01  9.48825E-01  9.92263E-01      -2.14680E-01  1.00000E+00
  6.68605E-01  8.36533E-01  9.20415E-01  9.70372E-01  9.96530E-01      -2.05550E-01  1.00000E+00
  7.01677E-01  8.60582E-01  9.36485E-01  9.78485E-01  9.97665E-01      -2.23120E-01  1.00000E+00
  7.54855E-01  8.91460E-01  9.51880E-01  9.83715E-01  9.98245E-01      -2.65890E-01  1.00000E+00
  8.08400E-01  9.00998E-01  9.48267E-01  9.79435E-01  9.97605E-01       1.95380E-01  1.00000E+00
  8.12320E-01  9.09443E-01  9.56670E-01  9.84450E-01  9.98228E-01       1.51060E-01  1.00000E+00
  8.22775E-01  9.18127E-01  9.62670E-01  9.87012E-01  9.98522E-01       2.67550E-01  1.00000E+00
  8.39417E-01  9.27575E-01  9.67375E-01  9.88970E-01  9.98838E-01       3.55680E-01  1.00000E+00
  8.69242E-01  9.43638E-01  9.75228E-01  9.91752E-01  9.99082E-01       3.78200E-01  1.00000E+00
  9.18075E-01  9.64427E-01  9.84113E-01  9.94675E-01  9.99435E-01       4.75970E-01  1.00000E+00
  9.18422E-01  9.65178E-01  9.84592E-01  9.94798E-01  9.99435E-01       5.17870E-01  1.00000E+00
  9.20480E-01  9.65675E-01  9.84953E-01  9.94973E-01  9.99492E-01       5.70460E-01  1.00000E+00
  9.24527E-01  9.67900E-01  9.85853E-01  9.95332E-01  9.99487E-01       5.83870E-01  1.00000E+00
  9.33970E-01  9.71965E-01  9.87755E-01  9.95980E-01  9.99572E-01       5.65380E-01  1.00000E+00


    1.   3.02    6.  12.01  2.00E+01  8.00E+01  9.58E-01  8.03E-01     5   0.00

  1.28810E+01  1.67310E+01  1.78700E+01  1.85050E+01  1.90030E+01       1.34250E-02  1.94570E+01

  3.36820E-01  5.36030E-01  6.74745E-01  7.93345E-01  9.02405E-01       5.00320E-04  1.00000E+00
  2.24205E-01  3.74230E-01  4.72460E-01  5.57390E-01  6.65095E-01       1.06010E-03  9.56630E-01
  1.59350E-01  2.73100E-01  3.52390E-01  4.27915E-01  5.26305E-01       4.40750E-04  8.54740E-01
  1.20150E-01  2.09070E-01  2.75470E-01  3.40315E-01  4.24715E-01       5.30180E-04  7.18070E-01
  7.84370E-02  1.38715E-01  1.85240E-01  2.32010E-01  2.95835E-01       1.44430E-04  5.89290E-01

 -3.14500E-01  2.23300E-02  2.90359E-01  5.20493E-01  8.73383E-01      -1.00000E+00  1.00000E+00
 -2.86288E-01  6.51675E-02  3.47355E-01  5.73905E-01  8.98583E-01      -1.00000E+00  1.00000E+00
 -2.48402E-01  1.22243E-01  4.16813E-01  6.52800E-01  9.23663E-01      -1.00000E+00  1.00000E+00
 -1.90438E-01  1.93692E-01  5.12230E-01  7.46877E-01  9.46738E-01      -1.00000E+00  1.00000E+00
 -1.58525E-01  2.33678E-01  5.84928E-01  8.37233E-01  9.79275E-01      -1.00000E+00  1.00000E+00
  6.73322E-01  8.00048E-01  8.81403E-01  9.54313E-01  9.94983E-01      -1.78730E-01  1.00000E+00
  6.90917E-01  8.18757E-01  8.88802E-01  9.45943E-01  9.92750E-01      -3.99950E-01  1.00000E+00
  7.32730E-01  8.60533E-01  9.24235E-01  9.68655E-01  9.96035E-01      -1.10550E-01  1.00000E+00
  7.76315E-01  8.95693E-01  9.50135E-01  9.82017E-01  9.98010E-01      -1.36010E-01  1.00000E+00
  8.17702E-01  9.23162E-01  9.66270E-01  9.88695E-01  9.98805E-01       4.38320E-03  1.00000E+00
  8.44410E-01  9.19640E-01  9.60235E-01  9.85950E-01  9.98517E-01       4.14590E-01  1.00000E+00
  8.49545E-01  9.24530E-01  9.62030E-01  9.85583E-01  9.98295E-01       3.82710E-01  1.00000E+00
  8.61515E-01  9.35190E-01  9.69165E-01  9.89025E-01  9.98818E-01       4.16250E-01  1.00000E+00
  8.76737E-01  9.44687E-01  9.75038E-01  9.91500E-01  9.99043E-01       4.24810E-01  1.00000E+00
  8.99833E-01  9.57362E-01  9.81295E-01  9.93862E-01  9.99358E-01       4.61440E-01  1.00000E+00
  9.14443E-01  9.60747E-01  9.81762E-01  9.93818E-01  9.99308E-01       5.51160E-01  1.00000E+00
  9.14508E-01  9.60870E-01  9.81840E-01  9.93825E-01  9.99297E-01       6.16570E-01  1.00000E+00
  9.20133E-01  9.63848E-01  9.83668E-01  9.94482E-01  9.99390E-01       5.53320E-01  1.00000E+00
  9.27347E-01  9.68193E-01  9.85765E-01  9.95235E-01  9.99467E-01       6.13170E-01  1.00000E+00
  9.40377E-01  9.74838E-01  9.88970E-01  9.96370E-01  9.99605E-01       6.71940E-01  1.00000E+00
  9.59273E-01  9.82695E-01  9.92328E-01  9.97415E-01  9.99722E-01       7.69880E-01  1.00000E+00
  9.60198E-01  9.82785E-01  9.92428E-01  9.97437E-01  9.99725E-01       7.37570E-01  1.00000E+00
  9.61947E-01  9.83557E-01  9.92903E-01  9.97595E-01  9.99740E-01       8.04230E-01  1.00000E+00
  9.65052E-01  9.85270E-01  9.93498E-01  9.97855E-01  9.99765E-01       8.04820E-01  1.00000E+00
  9.70122E-01  9.87627E-01  9.94640E-01  9.98245E-01  9.99815E-01       8.30080E-01  1.00000E+00


    1.   3.02    6.  12.01  2.00E+01  8.50E+01  9.81E-01  8.53E-01     5   0.00

  1.46600E+01  1.73880E+01  1.82470E+01  1.87550E+01  1.91630E+01       8.82040E-03  1.95110E+01

  3.03965E-01  4.95715E-01  6.28540E-01  7.39380E-01  8.49255E-01       1.70050E-03  1.00000E+00
  1.77560E-01  3.13445E-01  4.08915E-01  4.91820E-01  5.95870E-01       1.07380E-03  9.15170E-01
  1.33840E-01  2.37550E-01  3.13570E-01  3.85970E-01  4.79705E-01       5.12020E-05  7.86820E-01
  1.06685E-01  1.89260E-01  2.52160E-01  3.12385E-01  3.89320E-01       3.36530E-04  6.38960E-01
  7.11315E-02  1.25746E-01  1.67370E-01  2.08850E-01  2.65340E-01       1.64510E-04  4.77110E-01

 -1.08145E-01  3.29395E-01  5.68568E-01  7.39135E-01  9.38167E-01      -1.00000E+00  1.00000E+00
 -8.56050E-02  3.58881E-01  5.93182E-01  7.57068E-01  9.42072E-01      -1.00000E+00  1.00000E+00
 -4.41275E-02  4.31818E-01  6.72815E-01  8.28270E-01  9.61295E-01      -1.00000E+00  1.00000E+00
  1.11075E-02  5.34230E-01  7.83303E-01  9.16095E-01  9.89155E-01      -1.00000E+00  1.00000E+00
 -2.46075E-02  4.31300E-01  7.43640E-01  9.16380E-01  9.91227E-01      -1.00000E+00  1.00000E+00
  7.91895E-01  8.92523E-01  9.52180E-01  9.84797E-01  9.98472E-01       2.28490E-01  1.00000E+00
  7.91735E-01  8.84590E-01  9.36982E-01  9.76215E-01  9.97455E-01       2.06470E-01  1.00000E+00
  8.15532E-01  9.05363E-01  9.51145E-01  9.81228E-01  9.97790E-01       2.03640E-01  1.00000E+00
  8.41580E-01  9.27165E-01  9.65727E-01  9.87803E-01  9.98622E-01       2.53120E-01  1.00000E+00
  8.72727E-01  9.46873E-01  9.76787E-01  9.92267E-01  9.99185E-01       2.97520E-01  1.00000E+00
  8.94278E-01  9.50597E-01  9.77665E-01  9.92653E-01  9.99210E-01       5.26740E-01  1.00000E+00
  8.91130E-01  9.47990E-01  9.75032E-01  9.91170E-01  9.99000E-01       5.10720E-01  1.00000E+00
  8.98685E-01  9.53190E-01  9.78300E-01  9.92363E-01  9.99165E-01       5.59680E-01  1.00000E+00
  9.08443E-01  9.59795E-01  9.81980E-01  9.93840E-01  9.99332E-01       5.99410E-01  1.00000E+00
  9.25185E-01  9.68395E-01  9.86320E-01  9.95427E-01  9.99515E-01       5.76250E-01  1.00000E+00
  9.37098E-01  9.72470E-01  9.87773E-01  9.95935E-01  9.99555E-01       6.91510E-01  1.00000E+00
  9.36410E-01  9.71450E-01  9.87208E-01  9.95697E-01  9.99535E-01       6.77020E-01  1.00000E+00
  9.38655E-01  9.72905E-01  9.87880E-01  9.95830E-01  9.99565E-01       6.72570E-01  1.00000E+00
  9.44988E-01  9.76298E-01  9.89488E-01  9.96522E-01  9.99630E-01       7.30470E-01  1.00000E+00
  9.55468E-01  9.81480E-01  9.91982E-01  9.97325E-01  9.99712E-01       7.55510E-01  1.00000E+00
  9.69025E-01  9.86573E-01  9.94117E-01  9.98047E-01  9.99790E-01       8.20810E-01  1.00000E+00
  9.70272E-01  9.87152E-01  9.94317E-01  9.98103E-01  9.99787E-01       8.26710E-01  1.00000E+00
  9.71695E-01  9.88045E-01  9.94770E-01  9.98252E-01  9.99812E-01       8.43760E-01  1.00000E+00
  9.73727E-01  9.89082E-01  9.95267E-01  9.98422E-01  9.99830E-01       8.44840E-01  1.00000E+00
  9.77345E-01  9.90640E-01  9.95988E-01  9.98670E-01  9.99860E-01       8.58910E-01  1.00000E+00


    1.   3.02    6.  12.01  5.00E+01  0.00E+00  1.84E-01  5.39E-02     5   0.00

  3.70580E+00  9.71050E+00  1.50280E+01  1.95480E+01  2.50150E+01       4.31000E-03  3.65170E+01

  4.53165E-01  6.70150E-01  7.95915E-01  8.90915E-01  9.67845E-01       1.02610E-03  1.00000E+00
  5.08840E-01  6.93965E-01  8.06035E-01  8.95115E-01  9.67405E-01       1.51380E-02  9.99990E-01
  5.38480E-01  7.19835E-01  8.30755E-01  9.11700E-01  9.73480E-01       1.01640E-02  1.00000E+00
  5.17350E-01  6.65610E-01  7.58710E-01  8.51200E-01  9.47195E-01       1.60880E-02  1.00000E+00
  3.00910E-01  4.48765E-01  5.77755E-01  7.09860E-01  8.68495E-01       1.21130E-03  1.00000E+00

 -9.49468E-01 -5.91485E-01  8.12453E-03  5.89557E-01  9.53830E-01      -1.00000E+00  1.00000E+00
 -9.50952E-01 -5.83460E-01  1.03346E-02  5.93115E-01  9.51805E-01      -1.00000E+00  1.00000E+00
 -9.49900E-01 -6.04792E-01 -2.15893E-02  5.80000E-01  9.47420E-01      -1.00000E+00  1.00000E+00
 -9.53295E-01 -5.95375E-01  2.23460E-03  5.88383E-01  9.51307E-01      -1.00000E+00  1.00000E+00
 -9.47708E-01 -5.85897E-01 -4.64900E-03  5.84965E-01  9.46090E-01      -1.00000E+00  1.00000E+00
 -9.46682E-01 -5.89618E-01 -1.69971E-02  5.82333E-01  9.52048E-01      -1.00000E+00  1.00000E+00
 -9.48640E-01 -5.95245E-01 -4.76185E-03  5.68255E-01  9.51710E-01      -1.00000E+00  1.00000E+00
 -9.51635E-01 -5.92690E-01 -1.58396E-02  5.84873E-01  9.51362E-01      -1.00000E+00  1.00000E+00
 -9.49445E-01 -5.94897E-01  5.48380E-03  5.80418E-01  9.47905E-01      -1.00000E+00  1.00000E+00
 -9.53985E-01 -6.01977E-01 -2.37158E-02  5.84075E-01  9.52405E-01      -1.00000E+00  1.00000E+00
 -9.47728E-01 -5.99055E-01  3.86000E-04  5.85910E-01  9.50385E-01      -1.00000E+00  1.00000E+00
 -9.49150E-01 -5.87480E-01 -1.07037E-02  5.89147E-01  9.49115E-01      -1.00000E+00  9.99990E-01
 -9.51798E-01 -5.88750E-01 -7.48550E-03  5.77433E-01  9.45900E-01      -1.00000E+00  1.00000E+00
 -9.48722E-01 -5.76728E-01  1.63643E-02  6.10662E-01  9.54435E-01      -1.00000E+00  1.00000E+00
 -9.51597E-01 -5.99163E-01 -1.14631E-02  5.81170E-01  9.51580E-01      -1.00000E+00  1.00000E+00
 -9.52973E-01 -5.82875E-01  8.11285E-03  6.01335E-01  9.50147E-01      -1.00000E+00  1.00000E+00
 -9.50187E-01 -5.83375E-01 -1.06897E-02  5.73642E-01  9.47878E-01      -1.00000E+00  1.00000E+00
 -9.51832E-01 -6.02125E-01 -2.40455E-02  5.79990E-01  9.49838E-01      -1.00000E+00  1.00000E+00
 -9.47492E-01 -5.86693E-01 -3.06475E-03  5.80320E-01  9.48935E-01      -1.00000E+00  1.00000E+00
 -9.54107E-01 -5.95352E-01 -5.75000E-06  5.84145E-01  9.49480E-01      -1.00000E+00  1.00000E+00
 -9.46000E-01 -5.74043E-01  1.18654E-02  5.99870E-01  9.54638E-01      -1.00000E+00  1.00000E+00
 -9.53860E-01 -5.85817E-01  1.07820E-02  5.97548E-01  9.49820E-01      -1.00000E+00  1.00000E+00
 -9.52183E-01 -5.90710E-01 -3.46545E-03  5.78820E-01  9.50063E-01      -1.00000E+00  1.00000E+00
 -9.45855E-01 -5.82778E-01 -8.11425E-04  5.85135E-01  9.47675E-01      -1.00000E+00  9.99990E-01
 -9.49260E-01 -5.95135E-01 -7.91332E-03  5.85087E-01  9.47137E-01      -1.00000E+00  9.99990E-01


    1.   3.02    6.  12.01  5.00E+01  3.00E+01  2.46E-01  8.64E-02     5   0.00

  4.44250E+00  1.15670E+01  1.74650E+01  2.30820E+01  3.08270E+01       3.79450E-03  4.22810E+01

  4.60975E-01  6.73935E-01  7.97270E-01  8.91460E-01  9.67605E-01       9.36530E-03  1.00000E+00
  5.10955E-01  6.93220E-01  8.05535E-01  8.93835E-01  9.67745E-01       2.30000E-03  1.00000E+00
  5.02975E-01  6.81715E-01  7.97320E-01  8.88490E-01  9.65520E-01       1.94160E-02  1.00000E+00
  4.28675E-01  6.11850E-01  7.32480E-01  8.34945E-01  9.40885E-01       8.18380E-03  1.00000E+00
  2.95890E-01  4.35180E-01  5.46590E-01  6.65890E-01  8.16955E-01       1.54820E-03  9.99980E-01

 -9.52335E-01 -6.05500E-01 -2.62116E-02  5.75310E-01  9.49115E-01      -1.00000E+00  1.00000E+00
 -9.52597E-01 -5.85302E-01  4.12822E-03  5.76017E-01  9.51153E-01      -1.00000E+00  1.00000E+00
 -9.49070E-01 -5.79967E-01 -3.79295E-03  5.82858E-01  9.50677E-01      -1.00000E+00  1.00000E+00
 -9.49660E-01 -5.76215E-01  2.25550E-03  5.88345E-01  9.49675E-01      -1.00000E+00  1.00000E+00
 -9.51150E-01 -5.95753E-01 -1.47320E-02  5.80738E-01  9.50432E-01      -1.00000E+00  1.00000E+00
 -9.58753E-01 -6.53585E-01 -1.11725E-01  5.03197E-01  9.36632E-01      -1.00000E+00  1.00000E+00
 -9.59140E-01 -6.38903E-01 -8.13915E-02  5.44700E-01  9.40692E-01      -1.00000E+00  1.00000E+00
 -9.53020E-01 -6.17893E-01 -5.06723E-02  5.43605E-01  9.44348E-01      -1.00000E+00  1.00000E+00
 -9.55330E-01 -6.10740E-01 -3.61382E-02  5.67420E-01  9.46455E-01      -1.00000E+00  1.00000E+00
 -9.50018E-01 -5.90332E-01 -1.53380E-02  5.71748E-01  9.49895E-01      -1.00000E+00  1.00000E+00
 -9.74138E-01 -7.63088E-01 -3.31005E-01  3.85295E-01  9.31300E-01      -1.00000E+00  1.00000E+00
 -9.60955E-01 -7.19775E-01 -2.59497E-01  4.27392E-01  9.29172E-01      -1.00000E+00  1.00000E+00
 -9.47785E-01 -6.49705E-01 -1.80169E-01  4.46765E-01  9.33257E-01      -1.00000E+00  1.00000E+00
 -9.43615E-01 -6.26823E-01 -1.54162E-01  4.53860E-01  9.31020E-01      -1.00000E+00  1.00000E+00
 -9.43795E-01 -5.90105E-01 -5.73775E-02  5.30575E-01  9.40425E-01      -1.00000E+00  1.00000E+00
 -7.20995E-01 -3.14145E-01  8.25000E-04  4.50705E-01  9.32110E-01      -1.00000E+00  1.00000E+00
 -6.07042E-01 -2.27750E-02  3.48347E-01  6.99400E-01  9.59547E-01      -1.00000E+00  1.00000E+00
 -5.66638E-01  9.48267E-02  5.06615E-01  7.89020E-01  9.72400E-01      -1.00000E+00  1.00000E+00
 -6.05345E-01  1.04439E-01  5.72228E-01  8.44318E-01  9.82795E-01      -1.00000E+00  1.00000E+00
 -7.81712E-01 -1.16511E-01  4.40987E-01  8.08995E-01  9.79195E-01      -1.00000E+00  1.00000E+00
  2.64598E-01  5.82055E-01  7.50585E-01  8.80280E-01  9.79747E-01      -9.85200E-01  1.00000E+00
  2.47081E-01  6.45813E-01  8.35977E-01  9.38845E-01  9.93413E-01      -9.99610E-01  1.00000E+00
  2.15354E-01  6.30385E-01  8.36735E-01  9.45377E-01  9.94420E-01      -9.99970E-01  1.00000E+00
  1.87304E-01  6.20580E-01  8.25010E-01  9.39180E-01  9.93343E-01      -9.99870E-01  1.00000E+00
  6.68762E-02  5.70647E-01  8.09837E-01  9.35270E-01  9.93590E-01      -1.00000E+00  1.00000E+00


    1.   3.02    6.  12.01  5.00E+01  4.50E+01  3.41E-01  1.46E-01     5   0.00

  5.70430E+00  1.45140E+01  2.14430E+01  2.88530E+01  3.68400E+01       1.27080E-02  4.47570E+01

  4.74870E-01  6.78875E-01  7.98980E-01  8.91780E-01  9.67665E-01       4.51280E-03  1.00000E+00
  4.93560E-01  6.74610E-01  7.89885E-01  8.82910E-01  9.63060E-01       5.45430E-03  1.00000E+00
  4.56600E-01  6.46405E-01  7.72140E-01  8.74670E-01  9.60645E-01       1.07750E-02  1.00000E+00
  3.98275E-01  5.62295E-01  6.73500E-01  7.76165E-01  9.01355E-01       4.64810E-03  1.00000E+00
  2.47285E-01  3.66370E-01  4.60360E-01  5.62285E-01  7.01150E-01       6.30850E-03  9.99280E-01

 -9.55240E-01 -5.91732E-01 -9.28863E-03  5.71273E-01  9.49670E-01      -1.00000E+00  1.00000E+00
 -9.52077E-01 -6.01410E-01 -2.11067E-02  5.67890E-01  9.47682E-01      -1.00000E+00  1.00000E+00
 -9.53025E-01 -5.94998E-01 -1.40808E-02  5.76410E-01  9.50770E-01      -1.00000E+00  1.00000E+00
 -9.52505E-01 -5.89035E-01 -7.44853E-03  5.86595E-01  9.49777E-01      -1.00000E+00  1.00000E+00
 -9.51065E-01 -5.88747E-01  7.20927E-03  5.96237E-01  9.53290E-01      -1.00000E+00  1.00000E+00
 -9.77573E-01 -7.92767E-01 -3.48050E-01  3.64140E-01  9.20303E-01      -1.00000E+00  1.00000E+00
 -9.73515E-01 -7.54673E-01 -2.85058E-01  4.04858E-01  9.28805E-01      -1.00000E+00  1.00000E+00
 -9.72338E-01 -7.33275E-01 -2.19085E-01  4.50223E-01  9.30595E-01      -1.00000E+00  1.00000E+00
 -9.65915E-01 -7.16553E-01 -1.81697E-01  4.76268E-01  9.36937E-01      -1.00000E+00  1.00000E+00
 -9.62480E-01 -6.49552E-01 -7.56830E-02  5.37510E-01  9.41532E-01      -1.00000E+00  1.00000E+00
 -7.69615E-01 -4.35067E-01 -1.03673E-01  4.88080E-01  9.40650E-01      -1.00000E+00  1.00000E+00
 -7.46485E-01 -2.89155E-01  1.05796E-01  6.22082E-01  9.54995E-01      -1.00000E+00  1.00000E+00
 -7.49453E-01 -2.28430E-01  1.89634E-01  6.45695E-01  9.57193E-01      -1.00000E+00  1.00000E+00
 -7.77088E-01 -2.11448E-01  2.41484E-01  6.69607E-01  9.61230E-01      -1.00000E+00  1.00000E+00
 -8.84332E-01 -3.39560E-01  2.26182E-01  6.80450E-01  9.61823E-01      -1.00000E+00  1.00000E+00
 -1.26385E-01  2.50634E-01  4.66065E-01  7.19067E-01  9.61253E-01      -1.00000E+00  1.00000E+00
 -6.34460E-02  4.07910E-01  6.50330E-01  8.41445E-01  9.80187E-01      -9.99990E-01  1.00000E+00
 -2.64725E-02  4.85992E-01  7.43003E-01  9.00515E-01  9.87785E-01      -9.99960E-01  1.00000E+00
 -2.56375E-02  4.83510E-01  7.62333E-01  9.20415E-01  9.91535E-01      -9.99970E-01  1.00000E+00
 -2.26745E-01  3.82205E-01  7.07207E-01  9.01353E-01  9.88865E-01      -1.00000E+00  1.00000E+00
  5.92228E-01  7.81815E-01  8.73363E-01  9.37230E-01  9.89378E-01      -6.89150E-01  1.00000E+00
  5.85777E-01  8.12987E-01  9.14710E-01  9.69813E-01  9.96775E-01      -6.10640E-01  1.00000E+00
  5.64307E-01  8.01902E-01  9.12625E-01  9.71365E-01  9.96935E-01      -7.31870E-01  1.00000E+00
  5.57847E-01  8.04980E-01  9.12370E-01  9.71267E-01  9.96857E-01      -7.30700E-01  1.00000E+00
  5.66067E-01  8.12067E-01  9.17565E-01  9.72243E-01  9.96980E-01      -9.43820E-01  1.00000E+00


    1.   3.02    6.  12.01  5.00E+01  6.00E+01  5.19E-01  2.95E-01     5   0.00

  9.09510E+00  2.11690E+01  3.07770E+01  3.81200E+01  4.33030E+01       4.30250E-03  4.76450E+01

  4.73490E-01  6.70900E-01  7.91335E-01  8.85195E-01  9.65420E-01       5.76740E-03  1.00000E+00
  4.36320E-01  6.26715E-01  7.56325E-01  8.64725E-01  9.58120E-01       5.07700E-03  1.00000E+00
  3.84155E-01  5.53945E-01  6.75460E-01  7.80680E-01  8.96240E-01       4.24470E-03  1.00000E+00
  2.98250E-01  4.24675E-01  5.13495E-01  6.05080E-01  7.30135E-01       2.38290E-03  9.98980E-01
  1.72830E-01  2.62065E-01  3.31600E-01  4.03095E-01  5.04665E-01       9.35380E-04  8.74260E-01

 -9.64828E-01 -6.85538E-01 -1.67081E-01  4.56635E-01  9.30658E-01      -1.00000E+00  1.00000E+00
 -9.63485E-01 -6.60640E-01 -1.25621E-01  4.95450E-01  9.38820E-01      -1.00000E+00  1.00000E+00
 -9.60338E-01 -6.52382E-01 -9.32028E-02  5.16340E-01  9.43398E-01      -1.00000E+00  1.00000E+00
 -9.57903E-01 -6.36362E-01 -7.43088E-02  5.49115E-01  9.46045E-01      -1.00000E+00  1.00000E+00
 -9.56395E-01 -6.17862E-01 -4.97308E-02  5.51200E-01  9.44425E-01      -1.00000E+00  1.00000E+00
 -7.89832E-01 -5.28303E-01 -2.27844E-01  3.36140E-01  9.07820E-01      -1.00000E+00  1.00000E+00
 -7.86415E-01 -4.53232E-01 -7.90700E-02  5.07520E-01  9.39123E-01      -1.00000E+00  1.00000E+00
 -8.03590E-01 -4.33503E-01 -1.53675E-02  5.51430E-01  9.44705E-01      -1.00000E+00  1.00000E+00
 -8.40402E-01 -4.42940E-01  1.92000E-03  5.46490E-01  9.45442E-01      -1.00000E+00  1.00000E+00
 -9.16625E-01 -4.93712E-01  3.36600E-02  5.96588E-01  9.48910E-01      -1.00000E+00  1.00000E+00
 -8.39897E-02  2.44130E-01  4.35132E-01  7.00402E-01  9.61918E-01      -9.99810E-01  1.00000E+00
 -3.63925E-02  3.56170E-01  5.74905E-01  8.02068E-01  9.75653E-01      -9.98660E-01  1.00000E+00
  2.34975E-02  4.49000E-01  6.71630E-01  8.49898E-01  9.81050E-01      -9.99730E-01  1.00000E+00
  8.17125E-02  5.30658E-01  7.61625E-01  9.08107E-01  9.88857E-01      -9.99990E-01  1.00000E+00
 -1.21023E-02  5.04082E-01  7.71720E-01  9.22292E-01  9.91598E-01      -1.00000E+00  1.00000E+00
  4.68023E-01  6.68882E-01  7.69868E-01  8.60258E-01  9.77075E-01      -6.75810E-01  1.00000E+00
  5.13870E-01  7.45578E-01  8.60285E-01  9.37215E-01  9.91067E-01      -6.10530E-01  1.00000E+00
  5.44937E-01  7.83108E-01  8.97760E-01  9.63392E-01  9.95897E-01      -4.75850E-01  1.00000E+00
  5.74132E-01  8.00490E-01  9.09100E-01  9.69507E-01  9.96822E-01      -5.98910E-01  1.00000E+00
  6.31297E-01  8.35778E-01  9.26480E-01  9.75435E-01  9.97370E-01      -4.60230E-01  1.00000E+00
  8.37110E-01  9.19373E-01  9.55990E-01  9.80525E-01  9.97040E-01       8.68960E-02  1.00000E+00
  8.32483E-01  9.24540E-01  9.65435E-01  9.87780E-01  9.98690E-01       1.48000E-01  1.00000E+00
  8.31745E-01  9.24898E-01  9.66602E-01  9.88882E-01  9.98770E-01       1.17990E-01  1.00000E+00
  8.41245E-01  9.29698E-01  9.68900E-01  9.89503E-01  9.98842E-01      -1.34170E-02  1.00000E+00
  8.56747E-01  9.39805E-01  9.73810E-01  9.91117E-01  9.99065E-01       2.37620E-01  1.00000E+00


    1.   3.02    6.  12.01  5.00E+01  7.00E+01  7.22E-01  5.15E-01     5   0.00

  1.61720E+01  3.24050E+01  4.05180E+01  4.43110E+01  4.65190E+01       5.92540E-03  4.83980E+01

  4.32470E-01  6.26425E-01  7.54700E-01  8.62640E-01  9.57135E-01       4.86580E-03  1.00000E+00
  3.55195E-01  5.27045E-01  6.58250E-01  7.75440E-01  8.90450E-01       1.44150E-03  1.00000E+00
  2.74835E-01  4.00775E-01  4.91185E-01  5.74690E-01  6.86195E-01       2.00010E-03  9.73000E-01
  2.03640E-01  2.92735E-01  3.57820E-01  4.24165E-01  5.13225E-01       2.00800E-03  8.02780E-01
  1.11964E-01  1.77275E-01  2.25970E-01  2.75660E-01  3.45670E-01       6.81100E-04  6.26670E-01

 -9.59658E-01 -7.15690E-01 -3.08692E-01  2.54109E-01  8.84697E-01      -1.00000E+00  9.99990E-01
 -9.48858E-01 -6.53045E-01 -1.96220E-01  4.21243E-01  9.25592E-01      -1.00000E+00  1.00000E+00
 -9.48967E-01 -6.27833E-01 -1.38093E-01  4.70645E-01  9.37995E-01      -1.00000E+00  1.00000E+00
 -9.51657E-01 -6.27143E-01 -1.29365E-01  4.86545E-01  9.37198E-01      -1.00000E+00  1.00000E+00
 -9.56552E-01 -6.29910E-01 -1.01848E-01  4.93875E-01  9.39280E-01      -1.00000E+00  1.00000E+00
 -3.86225E-02  2.40262E-01  4.16073E-01  6.36915E-01  9.43800E-01      -9.99860E-01  1.00000E+00
  6.13250E-03  3.22165E-01  5.25555E-01  7.53480E-01  9.67360E-01      -9.99870E-01  1.00000E+00
  5.99275E-02  3.93075E-01  6.01272E-01  7.97952E-01  9.74268E-01      -9.99990E-01  1.00000E+00
  1.41990E-01  5.01150E-01  7.10645E-01  8.71012E-01  9.83252E-01      -9.99280E-01  1.00000E+00
  7.64900E-02  5.37655E-01  7.73622E-01  9.18303E-01  9.90548E-01      -1.00000E+00  1.00000E+00
  5.43048E-01  7.01197E-01  7.82890E-01  8.64380E-01  9.76970E-01      -4.32370E-01  1.00000E+00
  5.84388E-01  7.58328E-01  8.47780E-01  9.18802E-01  9.87935E-01      -3.52010E-01  1.00000E+00
  6.41103E-01  8.16545E-01  9.02748E-01  9.58620E-01  9.94452E-01      -5.35670E-01  1.00000E+00
  6.92965E-01  8.54838E-01  9.32675E-01  9.76008E-01  9.97357E-01      -3.84470E-01  1.00000E+00
  7.53245E-01  8.90598E-01  9.51195E-01  9.83755E-01  9.98235E-01      -2.75140E-01  1.00000E+00
  8.06885E-01  8.87343E-01  9.29197E-01  9.63163E-01  9.94578E-01       3.08970E-01  1.00000E+00
  8.26645E-01  9.11683E-01  9.55137E-01  9.82328E-01  9.97873E-01       3.17340E-01  1.00000E+00
  8.40908E-01  9.23007E-01  9.63988E-01  9.87457E-01  9.98637E-01       2.68650E-01  1.00000E+00
  8.60365E-01  9.35152E-01  9.70055E-01  9.89863E-01  9.98880E-01       2.76960E-01  1.00000E+00
  8.89917E-01  9.52240E-01  9.79080E-01  9.93077E-01  9.99253E-01       4.41480E-01  1.00000E+00
  9.37262E-01  9.70945E-01  9.86017E-01  9.94895E-01  9.99408E-01       7.10020E-01  1.00000E+00
  9.37240E-01  9.72240E-01  9.87500E-01  9.95720E-01  9.99543E-01       6.90200E-01  1.00000E+00
  9.39588E-01  9.73482E-01  9.88163E-01  9.96018E-01  9.99565E-01       6.86690E-01  1.00000E+00
  9.44425E-01  9.76062E-01  9.89348E-01  9.96468E-01  9.99635E-01       6.38720E-01  1.00000E+00
  9.51415E-01  9.79718E-01  9.91092E-01  9.97060E-01  9.99683E-01       7.65710E-01  1.00000E+00


    1.   3.02    6.  12.01  5.00E+01  8.00E+01  9.47E-01  8.34E-01     5   0.00

  3.61030E+01  4.48620E+01  4.67980E+01  4.77610E+01  4.84220E+01       1.48760E-02  4.89450E+01

  3.09880E-01  4.83820E-01  6.17870E-01  7.34615E-01  8.47690E-01       9.65160E-04  1.00000E+00
  1.92015E-01  3.07630E-01  3.84420E-01  4.51495E-01  5.34830E-01       7.22340E-04  8.27060E-01
  1.36595E-01  2.21425E-01  2.75870E-01  3.28125E-01  3.97520E-01       2.21550E-04  6.30590E-01
  9.97340E-02  1.64525E-01  2.09965E-01  2.53065E-01  3.07815E-01       1.25850E-04  5.14240E-01
  6.26995E-02  1.04583E-01  1.34565E-01  1.63500E-01  2.01985E-01       4.37480E-05  3.66940E-01

 -1.68995E-01  2.22435E-01  4.55823E-01  6.28518E-01  9.02490E-01      -1.00000E+00  1.00000E+00
 -1.56335E-01  2.42020E-01  5.06927E-01  6.90282E-01  9.37420E-01      -1.00000E+00  1.00000E+00
 -1.26962E-01  2.86612E-01  5.71863E-01  7.61235E-01  9.48352E-01      -1.00000E+00  1.00000E+00
 -7.89625E-02  3.72476E-01  6.77468E-01  8.60442E-01  9.76110E-01      -1.00000E+00  1.00000E+00
 -6.62550E-02  3.26965E-01  6.71323E-01  8.85158E-01  9.87645E-01      -1.00000E+00  1.00000E+00
  8.03250E-01  8.76810E-01  9.28748E-01  9.71633E-01  9.96927E-01       2.66900E-01  1.00000E+00
  8.16472E-01  8.88447E-01  9.27135E-01  9.61547E-01  9.94522E-01       3.28390E-01  1.00000E+00
  8.47962E-01  9.19652E-01  9.55095E-01  9.80487E-01  9.97335E-01       2.73950E-01  1.00000E+00
  8.79022E-01  9.43140E-01  9.72630E-01  9.90110E-01  9.98860E-01       4.04190E-01  1.00000E+00
  9.09202E-01  9.61065E-01  9.82962E-01  9.94327E-01  9.99390E-01       4.86290E-01  1.00000E+00
  9.19517E-01  9.57405E-01  9.79862E-01  9.93195E-01  9.99285E-01       6.59220E-01  1.00000E+00
  9.21805E-01  9.59283E-01  9.78242E-01  9.91622E-01  9.99038E-01       6.89220E-01  1.00000E+00
  9.31667E-01  9.67562E-01  9.84505E-01  9.94478E-01  9.99400E-01       6.69430E-01  1.00000E+00
  9.40298E-01  9.72722E-01  9.87610E-01  9.95807E-01  9.99545E-01       7.24170E-01  1.00000E+00
  9.53980E-01  9.80158E-01  9.91362E-01  9.97110E-01  9.99688E-01       7.80730E-01  1.00000E+00
  9.58670E-01  9.80662E-01  9.91000E-01  9.96988E-01  9.99675E-01       8.12820E-01  1.00000E+00
  9.58852E-01  9.80820E-01  9.91097E-01  9.96897E-01  9.99648E-01       7.97350E-01  1.00000E+00
  9.61832E-01  9.82742E-01  9.92130E-01  9.97325E-01  9.99710E-01       8.23650E-01  1.00000E+00
  9.67018E-01  9.85213E-01  9.93385E-01  9.97768E-01  9.99758E-01       8.38360E-01  1.00000E+00
  9.74775E-01  9.89275E-01  9.95302E-01  9.98440E-01  9.99835E-01       8.76060E-01  1.00000E+00
  9.80345E-01  9.91055E-01  9.95860E-01  9.98570E-01  9.99845E-01       9.07760E-01  1.00000E+00
  9.81787E-01  9.91910E-01  9.96300E-01  9.98757E-01  9.99870E-01       8.96520E-01  1.00000E+00
  9.83478E-01  9.92725E-01  9.96763E-01  9.98915E-01  9.99877E-01       9.13840E-01  1.00000E+00
  9.85252E-01  9.93715E-01  9.97253E-01  9.99087E-01  9.99907E-01       9.17890E-01  1.00000E+00
  9.88040E-01  9.95008E-01  9.97827E-01  9.99285E-01  9.99923E-01       9.28560E-01  1.00000E+00


    1.   3.02    6.  12.01  5.00E+01  8.50E+01  9.90E-01  9.24E-01     5   0.00

  4.38680E+01  4.69970E+01  4.79330E+01  4.84620E+01  4.88270E+01       5.21470E-02  4.91310E+01

  1.84215E-01  3.40675E-01  4.55895E-01  5.52235E-01  6.82445E-01       7.20780E-04  1.00000E+00
  9.78965E-02  1.92480E-01  2.64270E-01  3.25095E-01  3.97000E-01       1.75770E-04  6.30940E-01
  8.46305E-02  1.54755E-01  2.07770E-01  2.56385E-01  3.13105E-01       1.82930E-04  4.92670E-01
  8.36620E-02  1.39830E-01  1.74305E-01  2.04130E-01  2.40625E-01       6.84570E-04  3.75280E-01
  4.75760E-02  7.88905E-02  1.01259E-01  1.22587E-01  1.50270E-01       2.30390E-04  2.52760E-01

  5.83575E-01  8.29515E-01  9.19065E-01  9.64118E-01  9.96630E-01      -1.00000E+00  1.00000E+00
  4.80646E-01  7.87813E-01  8.83842E-01  9.39310E-01  9.88642E-01      -1.00000E+00  1.00000E+00
  5.41868E-01  8.45680E-01  9.24570E-01  9.68668E-01  9.95698E-01      -1.00000E+00  1.00000E+00
  4.86699E-01  8.55537E-01  9.44160E-01  9.81832E-01  9.98113E-01      -1.00000E+00  1.00000E+00
  1.85412E-01  6.58698E-01  8.66935E-01  9.59880E-01  9.95725E-01      -1.00000E+00  1.00000E+00
  9.51677E-01  9.84278E-01  9.94062E-01  9.98133E-01  9.99807E-01       6.86960E-01  1.00000E+00
  9.29570E-01  9.64668E-01  9.84700E-01  9.95305E-01  9.99507E-01       7.20100E-01  1.00000E+00
  9.35435E-01  9.66803E-01  9.82865E-01  9.93718E-01  9.99300E-01       6.94130E-01  1.00000E+00
  9.45518E-01  9.75165E-01  9.88287E-01  9.95870E-01  9.99543E-01       7.36310E-01  1.00000E+00
  9.58765E-01  9.82612E-01  9.92438E-01  9.97460E-01  9.99735E-01       7.40140E-01  1.00000E+00
  9.69935E-01  9.88350E-01  9.95327E-01  9.98505E-01  9.99842E-01       8.08370E-01  1.00000E+00
  9.63685E-01  9.83530E-01  9.92652E-01  9.97575E-01  9.99740E-01       8.40140E-01  1.00000E+00
  9.64760E-01  9.83753E-01  9.92445E-01  9.97402E-01  9.99713E-01       8.31820E-01  1.00000E+00
  9.69230E-01  9.86333E-01  9.93768E-01  9.97853E-01  9.99775E-01       8.47290E-01  1.00000E+00
  9.77270E-01  9.90307E-01  9.95770E-01  9.98598E-01  9.99850E-01       8.80500E-01  1.00000E+00
  9.76400E-01  9.88988E-01  9.94945E-01  9.98280E-01  9.99807E-01       8.98800E-01  1.00000E+00
  9.77583E-01  9.89125E-01  9.94750E-01  9.98132E-01  9.99790E-01       9.13340E-01  1.00000E+00
  9.81080E-01  9.91220E-01  9.95935E-01  9.98605E-01  9.99848E-01       9.22930E-01  1.00000E+00
  9.84495E-01  9.93110E-01  9.96873E-01  9.98945E-01  9.99885E-01       9.20140E-01  1.00000E+00
  9.88532E-01  9.95155E-01  9.97897E-01  9.99297E-01  9.99925E-01       9.32070E-01  1.00000E+00
  9.89000E-01  9.94900E-01  9.97623E-01  9.99170E-01  9.99907E-01       9.49600E-01  1.00000E+00
  9.90415E-01  9.95725E-01  9.98047E-01  9.99348E-01  9.99930E-01       9.55110E-01  1.00000E+00
  9.91542E-01  9.96285E-01  9.98355E-01  9.99452E-01  9.99940E-01       9.60380E-01  1.00000E+00
  9.92600E-01  9.96862E-01  9.98622E-01  9.99548E-01  9.99950E-01       9.63620E-01  1.00000E+00
  9.94333E-01  9.97620E-01  9.98975E-01  9.99657E-01  9.99963E-01       9.65230E-01  1.00000E+00


    1.   3.02    6.  12.01  1.00E+02  0.00E+00  1.50E-01  4.33E-02     5   0.00

  7.05080E+00  1.88740E+01  2.92930E+01  3.85220E+01  4.99730E+01       4.11760E-04  7.33300E+01

  4.83905E-01  6.83295E-01  8.02270E-01  8.93585E-01  9.68160E-01       5.51820E-03  1.00000E+00
  5.07770E-01  6.84835E-01  7.99190E-01  8.89910E-01  9.66400E-01       3.13410E-03  1.00000E+00
  5.14000E-01  6.94740E-01  8.08565E-01  8.95255E-01  9.68390E-01       4.30680E-02  1.00000E+00
  5.01585E-01  6.71720E-01  7.75460E-01  8.64085E-01  9.53560E-01       4.52870E-02  9.99990E-01
  3.00085E-01  4.46985E-01  5.76640E-01  7.13750E-01  8.73675E-01       2.18310E-03  9.99960E-01

 -9.53412E-01 -5.90710E-01 -2.36837E-03  5.91502E-01  9.48982E-01      -1.00000E+00  1.00000E+00
 -9.53558E-01 -5.96600E-01 -1.00095E-02  5.79675E-01  9.50687E-01      -1.00000E+00  1.00000E+00
 -9.47415E-01 -5.91190E-01  9.07938E-03  6.00598E-01  9.49155E-01      -1.00000E+00  9.99990E-01
 -9.51495E-01 -5.89798E-01 -2.33675E-02  5.90695E-01  9.52945E-01      -1.00000E+00  1.00000E+00
 -9.46928E-01 -5.85833E-01  1.56795E-02  6.06793E-01  9.56375E-01      -1.00000E+00  1.00000E+00
 -9.52752E-01 -5.96863E-01 -1.36795E-02  5.81445E-01  9.52242E-01      -1.00000E+00  1.00000E+00
 -9.50822E-01 -6.09363E-01 -1.93141E-02  5.97042E-01  9.54930E-01      -1.00000E+00  1.00000E+00
 -9.50497E-01 -5.86360E-01  1.47387E-02  5.94097E-01  9.51310E-01      -1.00000E+00  1.00000E+00
 -9.55150E-01 -5.96257E-01 -2.06924E-02  5.78570E-01  9.47083E-01      -1.00000E+00  1.00000E+00
 -9.52233E-01 -5.98195E-01 -2.30796E-02  5.86535E-01  9.51285E-01      -1.00000E+00  9.99990E-01
 -9.50528E-01 -5.80947E-01  1.07043E-02  6.07718E-01  9.53793E-01      -1.00000E+00  1.00000E+00
 -9.50952E-01 -5.98285E-01 -8.12910E-03  5.82762E-01  9.50232E-01      -1.00000E+00  9.99990E-01
 -9.54152E-01 -5.88108E-01 -3.61952E-03  5.86270E-01  9.46920E-01      -1.00000E+00  1.00000E+00
 -9.50770E-01 -5.91097E-01  2.01789E-03  5.93135E-01  9.51435E-01      -1.00000E+00  1.00000E+00
 -9.52152E-01 -5.80975E-01  1.61130E-03  5.78862E-01  9.49395E-01      -1.00000E+00  1.00000E+00
 -9.54405E-01 -6.00910E-01 -1.23861E-02  5.98797E-01  9.53167E-01      -1.00000E+00  1.00000E+00
 -9.51538E-01 -5.95140E-01 -8.37195E-03  5.90705E-01  9.52617E-01      -1.00000E+00  1.00000E+00
 -9.48315E-01 -5.76998E-01  3.51603E-03  5.77673E-01  9.50340E-01      -1.00000E+00  1.00000E+00
 -9.50115E-01 -5.97322E-01  1.22825E-03  5.91762E-01  9.53570E-01      -1.00000E+00  1.00000E+00
 -9.53250E-01 -5.99650E-01 -1.85966E-02  5.70782E-01  9.46970E-01      -1.00000E+00  1.00000E+00
 -9.55405E-01 -6.02430E-01 -3.57385E-03  5.78445E-01  9.48275E-01      -1.00000E+00  1.00000E+00
 -9.47120E-01 -5.85245E-01  4.66184E-03  5.92810E-01  9.53418E-01      -1.00000E+00  9.99990E-01
 -9.51647E-01 -5.85105E-01 -2.07494E-02  5.76332E-01  9.45915E-01      -1.00000E+00  1.00000E+00
 -9.51160E-01 -5.86543E-01 -8.03293E-03  5.96565E-01  9.54917E-01      -1.00000E+00  1.00000E+00
 -9.50138E-01 -5.82607E-01 -2.99063E-03  5.97110E-01  9.52985E-01      -1.00000E+00  1.00000E+00


    1.   3.02    6.  12.01  1.00E+02  3.00E+01  2.01E-01  6.82E-02     5   0.00

  8.29580E+00  2.20310E+01  3.38540E+01  4.46930E+01  6.00250E+01       4.66480E-03  8.30030E+01

  4.89195E-01  6.85120E-01  8.02625E-01  8.92885E-01  9.67040E-01       1.23840E-02  9.99990E-01
  5.01655E-01  6.81005E-01  7.95690E-01  8.87385E-01  9.66145E-01       1.25540E-02  1.00000E+00
  4.97385E-01  6.76710E-01  7.94515E-01  8.87765E-01  9.65600E-01       2.56570E-02  1.00000E+00
  4.23095E-01  6.08385E-01  7.35845E-01  8.42040E-01  9.44540E-01       4.30900E-03  1.00000E+00
  2.64510E-01  4.19210E-01  5.38240E-01  6.65245E-01  8.26150E-01       2.77830E-03  9.99990E-01

 -9.51058E-01 -5.78993E-01  1.26687E-02  5.94485E-01  9.50943E-01      -1.00000E+00  1.00000E+00
 -9.52365E-01 -5.97032E-01 -1.02225E-03  5.79800E-01  9.52708E-01      -1.00000E+00  1.00000E+00
 -9.52742E-01 -5.95913E-01  2.08831E-02  5.92378E-01  9.49528E-01      -1.00000E+00  9.99990E-01
 -9.50083E-01 -5.79265E-01  1.32621E-02  6.12575E-01  9.52940E-01      -1.00000E+00  1.00000E+00
 -9.50642E-01 -6.00470E-01 -2.09810E-02  5.99765E-01  9.53440E-01      -1.00000E+00  1.00000E+00
 -9.57585E-01 -6.24215E-01 -7.98175E-02  5.36885E-01  9.43395E-01      -1.00000E+00  1.00000E+00
 -9.55790E-01 -6.22820E-01 -3.24190E-02  5.63248E-01  9.48545E-01      -1.00000E+00  1.00000E+00
 -9.52785E-01 -6.12962E-01 -4.85770E-02  5.62102E-01  9.47377E-01      -1.00000E+00  1.00000E+00
 -9.54242E-01 -6.13038E-01 -5.23757E-02  5.51408E-01  9.45782E-01      -1.00000E+00  1.00000E+00
 -9.50225E-01 -6.04545E-01 -3.63368E-02  5.57905E-01  9.50813E-01      -1.00000E+00  1.00000E+00
 -9.62880E-01 -6.65587E-01 -8.26072E-02  5.44148E-01  9.45532E-01      -1.00000E+00  1.00000E+00
 -9.60008E-01 -6.79285E-01 -1.40750E-01  5.25010E-01  9.44148E-01      -1.00000E+00  1.00000E+00
 -9.63672E-01 -6.80060E-01 -1.50977E-01  5.01613E-01  9.37950E-01      -1.00000E+00  9.99990E-01
 -9.57055E-01 -6.49943E-01 -1.05115E-01  5.06405E-01  9.39250E-01      -1.00000E+00  1.00000E+00
 -9.55315E-01 -6.26583E-01 -5.78600E-02  5.43790E-01  9.39560E-01      -1.00000E+00  1.00000E+00
 -8.06468E-01 -4.37280E-01 -3.39425E-02  5.49980E-01  9.48647E-01      -1.00000E+00  1.00000E+00
 -7.05647E-01 -1.39729E-01  2.70159E-01  6.93217E-01  9.66645E-01      -1.00000E+00  1.00000E+00
 -6.85730E-01 -1.31375E-02  4.20347E-01  7.64417E-01  9.73355E-01      -9.99990E-01  1.00000E+00
 -7.00587E-01  1.57675E-02  4.99370E-01  8.09805E-01  9.75972E-01      -1.00000E+00  1.00000E+00
 -8.45422E-01 -1.82292E-01  3.97295E-01  7.79425E-01  9.74475E-01      -1.00000E+00  1.00000E+00
  1.50280E-01  5.06382E-01  7.06795E-01  8.66425E-01  9.83938E-01      -9.99930E-01  1.00000E+00
  1.50070E-01  6.08700E-01  8.10440E-01  9.30007E-01  9.92208E-01      -9.99980E-01  1.00000E+00
  1.35235E-01  6.07270E-01  8.26615E-01  9.42445E-01  9.94025E-01      -1.00000E+00  1.00000E+00
  6.78425E-02  5.67315E-01  8.03240E-01  9.33917E-01  9.93185E-01      -9.99950E-01  1.00000E+00
 -6.99275E-02  4.86077E-01  7.64543E-01  9.17288E-01  9.91733E-01      -1.00000E+00  1.00000E+00


    1.   3.02    6.  12.01  1.00E+02  4.50E+01  2.76E-01  1.12E-01     5   0.00

  1.03310E+01  2.68180E+01  4.00540E+01  5.40550E+01  7.02680E+01       4.92140E-03  8.88020E+01

  4.89765E-01  6.82720E-01  7.99635E-01  8.90540E-01  9.66945E-01       6.45590E-03  1.00000E+00
  4.91180E-01  6.70195E-01  7.87065E-01  8.82000E-01  9.63215E-01       3.90720E-02  1.00000E+00
  4.55385E-01  6.40025E-01  7.68380E-01  8.72510E-01  9.60650E-01       1.52170E-02  1.00000E+00
  3.75550E-01  5.58775E-01  6.85550E-01  7.95275E-01  9.18030E-01       8.80050E-03  9.99990E-01
  2.27855E-01  3.61810E-01  4.66025E-01  5.78720E-01  7.36460E-01       2.19500E-03  9.99830E-01

 -9.48315E-01 -5.81270E-01  7.66900E-03  5.89688E-01  9.50045E-01      -1.00000E+00  1.00000E+00
 -9.49940E-01 -5.84410E-01  2.94570E-03  5.87690E-01  9.47280E-01      -1.00000E+00  1.00000E+00
 -9.50618E-01 -5.91170E-01 -2.99512E-02  5.75722E-01  9.47573E-01      -1.00000E+00  1.00000E+00
 -9.51892E-01 -5.90453E-01  3.65982E-03  5.96345E-01  9.50790E-01      -1.00000E+00  1.00000E+00
 -9.53187E-01 -5.90085E-01  2.65985E-03  5.83095E-01  9.49950E-01      -1.00000E+00  1.00000E+00
 -9.62373E-01 -6.64587E-01 -1.10267E-01  5.24315E-01  9.44007E-01      -1.00000E+00  1.00000E+00
 -9.64927E-01 -6.71295E-01 -1.24402E-01  5.10990E-01  9.41958E-01      -1.00000E+00  1.00000E+00
 -9.60787E-01 -6.43610E-01 -9.63815E-02  5.39095E-01  9.43798E-01      -1.00000E+00  1.00000E+00
 -9.57785E-01 -6.36728E-01 -7.57560E-02  5.37205E-01  9.41795E-01      -1.00000E+00  1.00000E+00
 -9.56987E-01 -6.16130E-01 -5.43370E-02  5.53680E-01  9.46785E-01      -1.00000E+00  1.00000E+00
 -8.76850E-01 -5.75237E-01 -8.75823E-02  5.63210E-01  9.49802E-01      -1.00000E+00  1.00000E+00
 -8.56737E-01 -4.53250E-01  5.91250E-02  6.16995E-01  9.55788E-01      -1.00000E+00  1.00000E+00
 -8.64740E-01 -4.21905E-01  6.82450E-02  6.17065E-01  9.56105E-01      -1.00000E+00  1.00000E+00
 -8.85310E-01 -4.21133E-01  8.09775E-02  6.08362E-01  9.51025E-01      -1.00000E+00  1.00000E+00
 -9.20903E-01 -4.54760E-01  9.76845E-02  6.28000E-01  9.55495E-01      -1.00000E+00  1.00000E+00
 -2.91442E-01  1.20021E-01  4.23357E-01  7.73355E-01  9.74967E-01      -9.99980E-01  1.00000E+00
 -2.16170E-01  2.84915E-01  5.70348E-01  8.29650E-01  9.80450E-01      -9.99990E-01  1.00000E+00
 -1.98571E-01  3.63760E-01  6.54755E-01  8.62147E-01  9.83840E-01      -1.00000E+00  1.00000E+00
 -2.28911E-01  3.92682E-01  7.10067E-01  8.95490E-01  9.87380E-01      -1.00000E+00  1.00000E+00
 -4.83295E-01  2.04000E-01  6.26872E-01  8.70105E-01  9.86395E-01      -1.00000E+00  1.00000E+00
  4.74747E-01  7.02832E-01  8.24318E-01  9.19517E-01  9.90997E-01      -8.03830E-01  1.00000E+00
  4.90220E-01  7.69235E-01  8.87582E-01  9.60135E-01  9.95170E-01      -9.21170E-01  1.00000E+00
  4.83630E-01  7.73815E-01  9.01162E-01  9.65890E-01  9.96160E-01      -9.25040E-01  1.00000E+00
  4.69610E-01  7.61820E-01  8.92003E-01  9.62752E-01  9.96173E-01      -9.86270E-01  1.00000E+00
  4.28965E-01  7.55120E-01  8.90570E-01  9.64247E-01  9.96215E-01      -9.99900E-01  1.00000E+00


    1.   3.02    6.  12.01  1.00E+02  6.00E+01  4.06E-01  2.06E-01     5   0.00

  1.44640E+01  3.56600E+01  5.29080E+01  6.85680E+01  8.28540E+01       1.34600E-03  9.41950E+01

  4.91245E-01  6.78965E-01  7.95985E-01  8.88295E-01  9.65830E-01       5.08250E-03  1.00000E+00
  4.50245E-01  6.34165E-01  7.59815E-01  8.64730E-01  9.56860E-01       1.68000E-02  1.00000E+00
  3.82770E-01  5.72205E-01  7.09635E-01  8.28975E-01  9.38445E-01       8.22720E-03  1.00000E+00
  2.93965E-01  4.55385E-01  5.70800E-01  6.76870E-01  8.13410E-01       6.77540E-03  9.99830E-01
  1.66190E-01  2.66535E-01  3.44445E-01  4.29480E-01  5.57775E-01       9.49020E-04  9.56220E-01

 -9.55773E-01 -6.08483E-01 -3.35191E-02  5.67848E-01  9.46352E-01      -1.00000E+00  1.00000E+00
 -9.55080E-01 -6.14175E-01 -4.94339E-02  5.50770E-01  9.47357E-01      -1.00000E+00  1.00000E+00
 -9.52232E-01 -5.94692E-01 -2.32275E-02  5.76175E-01  9.49120E-01      -1.00000E+00  1.00000E+00
 -9.54222E-01 -6.14160E-01 -5.16495E-02  5.58625E-01  9.47665E-01      -1.00000E+00  1.00000E+00
 -9.52182E-01 -6.04145E-01 -1.82605E-02  5.76183E-01  9.49585E-01      -1.00000E+00  1.00000E+00
 -9.36092E-01 -7.07473E-01 -2.43417E-01  4.42037E-01  9.29555E-01      -1.00000E+00  1.00000E+00
 -9.33760E-01 -6.51458E-01 -1.22346E-01  5.04470E-01  9.39128E-01      -1.00000E+00  1.00000E+00
 -9.49650E-01 -6.33930E-01 -1.03151E-01  5.29922E-01  9.44867E-01      -1.00000E+00  1.00000E+00
 -9.51680E-01 -6.24385E-01 -9.09505E-02  5.42425E-01  9.47310E-01      -1.00000E+00  1.00000E+00
 -9.57055E-01 -6.31257E-01 -7.04160E-02  5.50550E-01  9.45300E-01      -1.00000E+00  1.00000E+00
 -3.87965E-01  1.70500E-03  3.55917E-01  7.44620E-01  9.69607E-01      -1.00000E+00  1.00000E+00
 -3.64163E-01  9.85457E-02  4.52925E-01  7.89688E-01  9.75695E-01      -9.99990E-01  1.00000E+00
 -3.50847E-01  1.54477E-01  4.84967E-01  7.95365E-01  9.77327E-01      -1.00000E+00  1.00000E+00
 -3.94425E-01  1.86404E-01  5.20130E-01  7.96582E-01  9.76985E-01      -1.00000E+00  1.00000E+00
 -5.89460E-01  8.70665E-02  5.23150E-01  8.18927E-01  9.79830E-01      -1.00000E+00  1.00000E+00
  2.19998E-01  4.95775E-01  6.61525E-01  8.63542E-01  9.83175E-01      -9.55900E-01  1.00000E+00
  2.62770E-01  5.93315E-01  7.54675E-01  8.97228E-01  9.87345E-01      -9.11180E-01  1.00000E+00
  3.32525E-01  6.68772E-01  8.21725E-01  9.27445E-01  9.91130E-01      -9.80530E-01  1.00000E+00
  3.74503E-01  7.17865E-01  8.72062E-01  9.55535E-01  9.95382E-01      -9.65960E-01  1.00000E+00
  3.58030E-01  7.10630E-01  8.67838E-01  9.55758E-01  9.95180E-01      -9.99940E-01  1.00000E+00
  7.34195E-01  8.52350E-01  9.10865E-01  9.55272E-01  9.94350E-01      -1.28030E-01  1.00000E+00
  7.49077E-01  8.85748E-01  9.45040E-01  9.79733E-01  9.97517E-01      -3.39060E-01  1.00000E+00
  7.60687E-01  8.98022E-01  9.55202E-01  9.84768E-01  9.98310E-01      -1.15140E-01  1.00000E+00
  7.58750E-01  8.94475E-01  9.54908E-01  9.85572E-01  9.98438E-01      -2.24500E-01  1.00000E+00
  7.75850E-01  9.03795E-01  9.57625E-01  9.85640E-01  9.98387E-01      -1.27090E-01  1.00000E+00


    1.   3.02    6.  12.01  1.00E+02  7.00E+01  5.49E-01  3.40E-01     5   0.00

  2.11200E+01  4.84210E+01  6.85740E+01  8.23160E+01  9.10380E+01       1.68490E-02  9.68670E+01

  4.68650E-01  6.55275E-01  7.76715E-01  8.75475E-01  9.61035E-01       8.28370E-03  1.00000E+00
  3.88005E-01  5.80550E-01  7.18915E-01  8.40220E-01  9.50070E-01       6.92630E-03  1.00000E+00
  2.90880E-01  4.59625E-01  5.88840E-01  7.08115E-01  8.35790E-01       3.03190E-03  1.00000E+00
  2.11900E-01  3.35120E-01  4.24035E-01  5.07335E-01  6.24845E-01       8.09720E-04  9.77590E-01
  1.08831E-01  1.78605E-01  2.32435E-01  2.90910E-01  3.78980E-01       9.87870E-04  7.39380E-01

 -9.70450E-01 -7.34800E-01 -2.55848E-01  4.04958E-01  9.23747E-01      -1.00000E+00  1.00000E+00
 -9.64468E-01 -6.85490E-01 -1.55806E-01  4.95132E-01  9.37925E-01      -1.00000E+00  1.00000E+00
 -9.60738E-01 -6.50867E-01 -9.65127E-02  5.29435E-01  9.45468E-01      -1.00000E+00  1.00000E+00
 -9.57250E-01 -6.35795E-01 -7.73320E-02  5.46840E-01  9.45027E-01      -1.00000E+00  1.00000E+00
 -9.52975E-01 -6.04492E-01 -2.32722E-02  5.70437E-01  9.48712E-01      -1.00000E+00  1.00000E+00
 -5.88037E-01 -2.45855E-01  1.03035E-01  6.06175E-01  9.51898E-01      -1.00000E+00  1.00000E+00
 -5.96137E-01 -1.93188E-01  2.31372E-01  6.89433E-01  9.64797E-01      -1.00000E+00  1.00000E+00
 -6.19070E-01 -1.93537E-01  2.34488E-01  6.92763E-01  9.63595E-01      -1.00000E+00  1.00000E+00
 -6.40123E-01 -2.03645E-01  2.25161E-01  6.78443E-01  9.62282E-01      -1.00000E+00  1.00000E+00
 -7.88172E-01 -2.83826E-01  1.98625E-01  6.62162E-01  9.58960E-01      -1.00000E+00  1.00000E+00
  1.46385E-01  4.14720E-01  5.93627E-01  8.33745E-01  9.80872E-01      -9.87630E-01  1.00000E+00
  1.93611E-01  4.98897E-01  6.80608E-01  8.76865E-01  9.85942E-01      -9.41220E-01  1.00000E+00
  2.62570E-01  5.72660E-01  7.42340E-01  8.93585E-01  9.87720E-01      -9.99860E-01  1.00000E+00
  3.46855E-01  6.62300E-01  8.18840E-01  9.25032E-01  9.90890E-01      -9.89460E-01  1.00000E+00
  3.79888E-01  7.19968E-01  8.75025E-01  9.56392E-01  9.95235E-01      -9.99920E-01  1.00000E+00
  6.03235E-01  7.48510E-01  8.25935E-01  9.16040E-01  9.89572E-01      -3.42940E-01  1.00000E+00
  6.48593E-01  8.05290E-01  8.79872E-01  9.44395E-01  9.92795E-01      -2.62800E-01  1.00000E+00
  6.93952E-01  8.52492E-01  9.22433E-01  9.68712E-01  9.96003E-01      -3.21550E-01  1.00000E+00
  7.32300E-01  8.82785E-01  9.47345E-01  9.81890E-01  9.98000E-01      -2.15360E-01  1.00000E+00
  7.72063E-01  9.01173E-01  9.57327E-01  9.85953E-01  9.98502E-01      -3.79100E-01  1.00000E+00
  8.86730E-01  9.38290E-01  9.63380E-01  9.82365E-01  9.97400E-01       3.59010E-01  1.00000E+00
  8.94238E-01  9.51277E-01  9.76425E-01  9.91290E-01  9.99003E-01       5.06510E-01  1.00000E+00
  9.00402E-01  9.56610E-01  9.80673E-01  9.93297E-01  9.99248E-01       4.66380E-01  1.00000E+00
  9.06815E-01  9.59402E-01  9.81725E-01  9.93903E-01  9.99350E-01       4.80830E-01  1.00000E+00
  9.19945E-01  9.66195E-01  9.85253E-01  9.95188E-01  9.99480E-01       4.46360E-01  1.00000E+00


    1.   3.02    6.  12.01  1.00E+02  8.00E+01  7.83E-01  6.21E-01     5   0.00

  4.27210E+01  7.83540E+01  8.96930E+01  9.38910E+01  9.64330E+01       6.24230E-03  9.82530E+01

  3.73855E-01  5.70990E-01  7.14935E-01  8.39865E-01  9.50495E-01       4.69790E-03  1.00000E+00
  2.28915E-01  3.81540E-01  5.07730E-01  6.26960E-01  7.48015E-01       6.81880E-04  9.98960E-01
  1.57725E-01  2.60310E-01  3.39110E-01  4.08245E-01  4.94570E-01       2.55060E-03  7.90080E-01
  1.05489E-01  1.75315E-01  2.24915E-01  2.71960E-01  3.40280E-01       6.06470E-04  5.76710E-01
  5.59645E-02  9.75130E-02  1.30495E-01  1.66435E-01  2.17400E-01       4.98670E-04  4.10830E-01

 -6.97307E-01 -4.34815E-01 -1.34582E-01  3.76755E-01  9.12670E-01      -1.00000E+00  1.00000E+00
 -6.94620E-01 -3.66542E-01  3.35175E-02  5.68125E-01  9.48140E-01      -1.00000E+00  1.00000E+00
 -7.14518E-01 -3.45815E-01  9.53675E-02  6.04728E-01  9.51480E-01      -1.00000E+00  1.00000E+00
 -7.65973E-01 -3.31440E-01  1.49631E-01  6.16625E-01  9.53542E-01      -1.00000E+00  1.00000E+00
 -8.92932E-01 -3.87578E-01  1.77063E-01  6.65715E-01  9.59507E-01      -1.00000E+00  1.00000E+00
  3.98265E-01  5.72410E-01  6.84135E-01  8.25965E-01  9.76725E-01      -8.84930E-01  1.00000E+00
  4.40530E-01  6.29505E-01  7.45422E-01  8.78467E-01  9.85343E-01      -7.97520E-01  1.00000E+00
  5.06530E-01  6.88527E-01  7.98610E-01  8.99243E-01  9.87570E-01      -6.97830E-01  1.00000E+00
  6.04293E-01  7.77872E-01  8.75385E-01  9.44890E-01  9.91962E-01      -6.85220E-01  1.00000E+00
  7.00762E-01  8.59345E-01  9.34898E-01  9.77837E-01  9.97565E-01      -9.86290E-01  1.00000E+00
  7.81110E-01  8.55272E-01  8.99842E-01  9.52830E-01  9.93772E-01       2.24620E-01  1.00000E+00
  8.05763E-01  8.81467E-01  9.22013E-01  9.61885E-01  9.95320E-01       3.69270E-01  1.00000E+00
  8.39527E-01  9.12795E-01  9.47850E-01  9.74800E-01  9.96460E-01       2.58970E-01  1.00000E+00
  8.75800E-01  9.41865E-01  9.71395E-01  9.89543E-01  9.98778E-01       4.01620E-01  1.00000E+00
  9.07375E-01  9.60063E-01  9.82530E-01  9.94207E-01  9.99355E-01       4.08030E-01  1.00000E+00
  9.11412E-01  9.47215E-01  9.69292E-01  9.88557E-01  9.98765E-01       7.21740E-01  1.00000E+00
  9.22042E-01  9.57975E-01  9.75668E-01  9.89945E-01  9.98825E-01       6.63740E-01  1.00000E+00
  9.34503E-01  9.68762E-01  9.84598E-01  9.94167E-01  9.99285E-01       7.35870E-01  1.00000E+00
  9.43483E-01  9.74413E-01  9.88838E-01  9.96235E-01  9.99600E-01       7.20620E-01  1.00000E+00
  9.56772E-01  9.81175E-01  9.91750E-01  9.97252E-01  9.99708E-01       7.89640E-01  1.00000E+00
  9.69577E-01  9.85390E-01  9.92670E-01  9.97270E-01  9.99697E-01       8.31600E-01  1.00000E+00
  9.71835E-01  9.87712E-01  9.94298E-01  9.98025E-01  9.99780E-01       8.35580E-01  1.00000E+00
  9.73418E-01  9.88450E-01  9.94980E-01  9.98298E-01  9.99810E-01       8.61250E-01  1.00000E+00
  9.75480E-01  9.89230E-01  9.95240E-01  9.98400E-01  9.99835E-01       8.50660E-01  1.00000E+00
  9.79657E-01  9.91397E-01  9.96255E-01  9.98775E-01  9.99867E-01       8.99850E-01  1.00000E+00


    1.   3.02    6.  12.01  1.00E+02  8.50E+01  9.07E-01  7.99E-01     5   0.00

  6.85900E+01  9.05460E+01  9.46390E+01  9.65370E+01  9.78270E+01       9.34290E-03  9.86560E+01

  2.73535E-01  4.59430E-01  6.08765E-01  7.37215E-01  8.61025E-01       9.82900E-04  1.00000E+00
  1.53350E-01  2.59935E-01  3.45610E-01  4.20500E-01  5.02965E-01       5.19270E-04  8.10570E-01
  1.00152E-01  1.72375E-01  2.27505E-01  2.76435E-01  3.39785E-01       2.46340E-04  5.62390E-01
  6.92225E-02  1.22655E-01  1.61830E-01  1.99780E-01  2.51380E-01       3.70710E-04  4.13280E-01
  4.26705E-02  7.48140E-02  1.00462E-01  1.26690E-01  1.60540E-01       1.47890E-04  2.97580E-01

 -2.18665E-01  1.52067E-01  4.00017E-01  6.04777E-01  9.28985E-01      -1.00000E+00  1.00000E+00
 -2.15990E-01  1.68455E-01  4.55325E-01  6.92292E-01  9.59222E-01      -1.00000E+00  1.00000E+00
 -1.88590E-01  1.99853E-01  5.10508E-01  7.36500E-01  9.62945E-01      -1.00000E+00  1.00000E+00
 -1.42495E-01  2.43732E-01  5.72497E-01  7.92338E-01  9.69018E-01      -1.00000E+00  1.00000E+00
 -1.10893E-01  2.48595E-01  6.08263E-01  8.55743E-01  9.82277E-01      -1.00000E+00  1.00000E+00
  7.90372E-01  8.57285E-01  9.04023E-01  9.55058E-01  9.94075E-01       2.27930E-01  1.00000E+00
  8.14297E-01  8.79925E-01  9.19338E-01  9.61067E-01  9.94868E-01       2.66760E-01  1.00000E+00
  8.48002E-01  9.09013E-01  9.42900E-01  9.70405E-01  9.95648E-01       3.35090E-01  1.00000E+00
  8.89670E-01  9.43735E-01  9.71222E-01  9.88918E-01  9.98628E-01       3.25560E-01  1.00000E+00
  9.23812E-01  9.67618E-01  9.85347E-01  9.95097E-01  9.99467E-01       4.71630E-01  1.00000E+00
  9.21123E-01  9.53210E-01  9.77085E-01  9.92298E-01  9.99200E-01       6.90440E-01  1.00000E+00
  9.28477E-01  9.58813E-01  9.76922E-01  9.91815E-01  9.99110E-01       7.39580E-01  1.00000E+00
  9.39128E-01  9.67905E-01  9.81785E-01  9.92477E-01  9.99112E-01       7.84220E-01  1.00000E+00
  9.52773E-01  9.78750E-01  9.90123E-01  9.96550E-01  9.99613E-01       7.82580E-01  1.00000E+00
  9.63893E-01  9.84493E-01  9.93230E-01  9.97782E-01  9.99758E-01       7.96220E-01  1.00000E+00
  9.62510E-01  9.79883E-01  9.90805E-01  9.97008E-01  9.99680E-01       8.55780E-01  1.00000E+00
  9.64840E-01  9.82322E-01  9.90627E-01  9.96630E-01  9.99637E-01       8.49330E-01  1.00000E+00
  9.69730E-01  9.86440E-01  9.93453E-01  9.97553E-01  9.99720E-01       8.56680E-01  1.00000E+00
  9.73322E-01  9.88130E-01  9.94730E-01  9.98228E-01  9.99813E-01       8.79290E-01  1.00000E+00
  9.80195E-01  9.91475E-01  9.96220E-01  9.98730E-01  9.99860E-01       9.02170E-01  1.00000E+00
  9.84517E-01  9.93020E-01  9.96598E-01  9.98755E-01  9.99863E-01       9.35340E-01  1.00000E+00
  9.85522E-01  9.93850E-01  9.97310E-01  9.99095E-01  9.99903E-01       9.40750E-01  1.00000E+00
  9.86710E-01  9.94008E-01  9.97360E-01  9.99120E-01  9.99905E-01       9.39350E-01  1.00000E+00
  9.88627E-01  9.94973E-01  9.97710E-01  9.99223E-01  9.99915E-01       9.46290E-01  1.00000E+00
  9.91433E-01  9.96317E-01  9.98395E-01  9.99457E-01  9.99942E-01       9.53310E-01  1.00000E+00


    1.   3.02    6.  12.01  2.00E+02  0.00E+00  1.24E-01  3.56E-02     5   0.00

  1.43320E+01  3.79500E+01  5.84970E+01  7.65140E+01  9.90630E+01       2.63780E-02  1.46470E+02

  4.98640E-01  6.84085E-01  8.00415E-01  8.91900E-01  9.66820E-01       6.01890E-03  1.00000E+00
  4.84730E-01  6.70550E-01  7.90115E-01  8.84850E-01  9.64390E-01       1.06090E-02  1.00000E+00
  4.53070E-01  6.53985E-01  7.82400E-01  8.82800E-01  9.64255E-01       1.15330E-02  1.00000E+00
  4.38930E-01  6.37340E-01  7.58760E-01  8.54270E-01  9.50210E-01       3.06510E-03  1.00000E+00
  2.90335E-01  4.41500E-01  5.72455E-01  7.11320E-01  8.74395E-01       1.07070E-02  9.99960E-01

 -9.49360E-01 -6.05352E-01 -2.20930E-03  5.86755E-01  9.46182E-01      -1.00000E+00  9.99980E-01
 -9.50303E-01 -5.95938E-01 -3.02543E-02  5.90790E-01  9.51263E-01      -1.00000E+00  1.00000E+00
 -9.53927E-01 -5.88963E-01  1.93297E-02  5.91398E-01  9.47865E-01      -1.00000E+00  1.00000E+00
 -9.48180E-01 -6.01675E-01 -1.99448E-02  5.64755E-01  9.48020E-01      -1.00000E+00  9.99990E-01
 -9.55255E-01 -5.99175E-01  8.66795E-03  5.70223E-01  9.49693E-01      -1.00000E+00  9.99990E-01
 -9.53035E-01 -5.95473E-01 -2.28826E-02  5.84488E-01  9.51978E-01      -1.00000E+00  1.00000E+00
 -9.48450E-01 -5.95565E-01 -7.93017E-03  5.91287E-01  9.54160E-01      -1.00000E+00  1.00000E+00
 -9.45705E-01 -5.74935E-01 -4.56830E-04  5.99940E-01  9.55303E-01      -1.00000E+00  9.99990E-01
 -9.53337E-01 -5.77063E-01 -2.20515E-02  5.70850E-01  9.48798E-01      -1.00000E+00  1.00000E+00
 -9.47845E-01 -5.59057E-01  7.19518E-03  5.94498E-01  9.54710E-01      -1.00000E+00  9.99990E-01
 -9.49905E-01 -5.84623E-01  7.43652E-03  5.92420E-01  9.53955E-01      -1.00000E+00  1.00000E+00
 -9.44392E-01 -5.68395E-01  1.67402E-02  6.08162E-01  9.56058E-01      -1.00000E+00  1.00000E+00
 -9.56265E-01 -6.12387E-01 -3.21317E-02  5.78980E-01  9.48568E-01      -1.00000E+00  1.00000E+00
 -9.51635E-01 -5.78287E-01  7.23825E-03  5.80645E-01  9.54133E-01      -1.00000E+00  1.00000E+00
 -9.53880E-01 -5.93670E-01 -7.15208E-03  5.83720E-01  9.45610E-01      -1.00000E+00  1.00000E+00
 -9.51618E-01 -5.79043E-01  8.03727E-03  6.00853E-01  9.57078E-01      -1.00000E+00  1.00000E+00
 -9.52163E-01 -5.93865E-01  8.01275E-04  5.81133E-01  9.48640E-01      -1.00000E+00  1.00000E+00
 -9.44725E-01 -5.61195E-01  1.38242E-02  5.98143E-01  9.54390E-01      -1.00000E+00  1.00000E+00
 -9.47070E-01 -5.68980E-01  2.79835E-02  6.08032E-01  9.48423E-01      -1.00000E+00  9.99990E-01
 -9.50990E-01 -5.73980E-01  1.54457E-02  6.03035E-01  9.56352E-01      -1.00000E+00  9.99990E-01
 -9.54577E-01 -5.90148E-01 -7.20438E-03  5.91707E-01  9.50632E-01      -1.00000E+00  1.00000E+00
 -9.46490E-01 -5.78455E-01  1.17400E-02  5.89548E-01  9.54398E-01      -1.00000E+00  1.00000E+00
 -9.46925E-01 -5.78690E-01  1.05800E-02  5.89122E-01  9.47795E-01      -1.00000E+00  9.99990E-01
 -9.49265E-01 -5.77028E-01  2.13922E-03  5.82440E-01  9.47218E-01      -1.00000E+00  9.99990E-01
 -9.55080E-01 -6.01683E-01 -2.83078E-02  5.73770E-01  9.48745E-01      -1.00000E+00  1.00000E+00


    1.   3.02    6.  12.01  2.00E+02  3.00E+01  1.71E-01  5.75E-02     5   0.00

  1.68260E+01  4.42640E+01  6.70640E+01  8.83310E+01  1.18030E+02       2.18840E-02  1.68780E+02

  4.97070E-01  6.83765E-01  7.98550E-01  8.90005E-01  9.66070E-01       9.66910E-03  1.00000E+00
  4.69685E-01  6.57740E-01  7.81525E-01  8.79680E-01  9.62680E-01       5.73170E-03  9.99990E-01
  4.35415E-01  6.37915E-01  7.68785E-01  8.72580E-01  9.61055E-01       1.02050E-02  9.99980E-01
  3.84680E-01  5.81085E-01  7.18405E-01  8.32540E-01  9.42175E-01       1.34920E-02  9.99990E-01
  2.74990E-01  4.31035E-01  5.50090E-01  6.75340E-01  8.35090E-01       7.51420E-03  9.99990E-01

 -9.48422E-01 -5.90457E-01  9.55665E-04  5.99932E-01  9.49880E-01      -1.00000E+00  1.00000E+00
 -9.50160E-01 -5.84995E-01 -7.89468E-03  5.80558E-01  9.49568E-01      -1.00000E+00  1.00000E+00
 -9.50870E-01 -5.67803E-01  1.14635E-02  5.83777E-01  9.49295E-01      -1.00000E+00  1.00000E+00
 -9.52790E-01 -5.81040E-01  1.00428E-02  5.85038E-01  9.49480E-01      -1.00000E+00  1.00000E+00
 -9.49407E-01 -5.94620E-01 -1.12706E-02  5.66270E-01  9.45480E-01      -1.00000E+00  1.00000E+00
 -9.57882E-01 -6.27370E-01 -3.69369E-02  5.64210E-01  9.50350E-01      -1.00000E+00  1.00000E+00
 -9.54795E-01 -6.22537E-01 -3.81453E-02  5.69167E-01  9.47875E-01      -1.00000E+00  1.00000E+00
 -9.56975E-01 -6.03812E-01 -2.99881E-02  5.62325E-01  9.46698E-01      -1.00000E+00  1.00000E+00
 -9.53530E-01 -6.10330E-01 -2.86678E-02  5.80388E-01  9.49865E-01      -1.00000E+00  1.00000E+00
 -9.50085E-01 -5.74097E-01  2.45137E-02  5.99640E-01  9.54075E-01      -1.00000E+00  1.00000E+00
 -9.57882E-01 -5.96305E-01  1.16917E-02  5.76893E-01  9.50577E-01      -1.00000E+00  1.00000E+00
 -9.60847E-01 -6.53242E-01 -5.64502E-02  5.58872E-01  9.50350E-01      -1.00000E+00  1.00000E+00
 -9.57492E-01 -6.52857E-01 -6.61490E-02  5.61442E-01  9.50125E-01      -1.00000E+00  1.00000E+00
 -9.53400E-01 -6.16720E-01 -6.85140E-02  5.50597E-01  9.44483E-01      -1.00000E+00  1.00000E+00
 -9.52352E-01 -6.02735E-01 -3.63333E-02  5.59813E-01  9.41830E-01      -1.00000E+00  1.00000E+00
 -8.20372E-01 -3.98448E-01  1.37072E-01  6.69903E-01  9.62820E-01      -1.00000E+00  1.00000E+00
 -7.13130E-01 -1.51843E-01  3.13040E-01  7.36472E-01  9.69665E-01      -1.00000E+00  1.00000E+00
 -6.81752E-01 -4.01425E-02  4.13335E-01  7.71173E-01  9.75038E-01      -1.00000E+00  1.00000E+00
 -7.19560E-01 -1.71750E-03  4.65893E-01  7.91375E-01  9.75895E-01      -1.00000E+00  1.00000E+00
 -8.38037E-01 -1.90630E-01  3.98770E-01  7.87347E-01  9.75733E-01      -1.00000E+00  1.00000E+00
  8.03700E-02  4.63862E-01  7.00313E-01  8.81108E-01  9.87032E-01      -9.99960E-01  1.00000E+00
  1.06362E-01  5.73512E-01  7.85620E-01  9.23010E-01  9.90228E-01      -1.00000E+00  1.00000E+00
  8.21700E-02  5.99485E-01  8.18120E-01  9.36488E-01  9.93557E-01      -9.99440E-01  1.00000E+00
  3.53725E-02  5.52432E-01  8.01998E-01  9.33210E-01  9.92610E-01      -9.99930E-01  1.00000E+00
 -1.02895E-01  4.68638E-01  7.54143E-01  9.17517E-01  9.91028E-01      -1.00000E+00  1.00000E+00


    1.   3.02    6.  12.01  2.00E+02  4.50E+01  2.41E-01  9.55E-02     5   0.00

  2.06930E+01  5.32540E+01  7.87460E+01  1.05160E+02  1.37470E+02       4.65500E-03  1.79090E+02

  4.93525E-01  6.79435E-01  7.96120E-01  8.88655E-01  9.65775E-01       1.05110E-02  1.00000E+00
  4.45215E-01  6.41150E-01  7.69640E-01  8.71660E-01  9.59790E-01       6.55840E-03  1.00000E+00
  4.04970E-01  6.08270E-01  7.46155E-01  8.60080E-01  9.56545E-01       4.58960E-03  9.99990E-01
  3.59610E-01  5.47525E-01  6.81235E-01  7.96345E-01  9.19260E-01       2.78460E-03  1.00000E+00
  2.40965E-01  3.78010E-01  4.82630E-01  5.94275E-01  7.51385E-01       3.96680E-03  9.99900E-01

 -9.48685E-01 -5.86028E-01 -1.62532E-02  5.86053E-01  9.53920E-01      -1.00000E+00  1.00000E+00
 -9.50595E-01 -5.93527E-01 -1.86010E-02  5.69037E-01  9.46072E-01      -1.00000E+00  9.99990E-01
 -9.51270E-01 -5.89198E-01  6.76787E-03  5.86315E-01  9.52152E-01      -1.00000E+00  1.00000E+00
 -9.49005E-01 -5.87720E-01  9.66815E-03  5.94423E-01  9.49235E-01      -1.00000E+00  1.00000E+00
 -9.52945E-01 -5.98440E-01 -8.90038E-03  5.76213E-01  9.44105E-01      -1.00000E+00  1.00000E+00
 -9.58260E-01 -6.28915E-01 -5.06462E-02  5.67200E-01  9.48145E-01      -1.00000E+00  1.00000E+00
 -9.58805E-01 -6.24150E-01 -3.07967E-02  5.75063E-01  9.45628E-01      -1.00000E+00  1.00000E+00
 -9.54130E-01 -6.16740E-01 -2.97955E-02  5.78758E-01  9.51472E-01      -1.00000E+00  1.00000E+00
 -9.55335E-01 -6.16295E-01 -3.56810E-02  5.63390E-01  9.46180E-01      -1.00000E+00  1.00000E+00
 -9.55198E-01 -6.14892E-01 -3.14195E-02  5.73625E-01  9.46813E-01      -1.00000E+00  1.00000E+00
 -8.72582E-01 -5.01777E-01  9.30415E-02  6.56665E-01  9.58650E-01      -1.00000E+00  1.00000E+00
 -8.54217E-01 -4.29962E-01  1.36471E-01  6.63123E-01  9.58305E-01      -1.00000E+00  1.00000E+00
 -8.63818E-01 -3.97623E-01  1.42572E-01  6.66157E-01  9.61623E-01      -1.00000E+00  1.00000E+00
 -8.80003E-01 -4.06035E-01  1.21074E-01  6.43593E-01  9.61257E-01      -1.00000E+00  1.00000E+00
 -9.20625E-01 -4.69102E-01  9.22255E-02  6.26130E-01  9.57555E-01      -1.00000E+00  1.00000E+00
 -3.07760E-01  1.28641E-01  5.19760E-01  8.24733E-01  9.80068E-01      -1.00000E+00  1.00000E+00
 -2.80008E-01  2.44325E-01  5.85842E-01  8.48885E-01  9.82768E-01      -1.00000E+00  1.00000E+00
 -2.50822E-01  3.23037E-01  6.28032E-01  8.58435E-01  9.83358E-01      -9.99990E-01  1.00000E+00
 -2.80148E-01  3.57345E-01  6.79627E-01  8.78400E-01  9.86868E-01      -1.00000E+00  1.00000E+00
 -5.45423E-01  1.67302E-01  6.07755E-01  8.65305E-01  9.85000E-01      -1.00000E+00  1.00000E+00
  4.40323E-01  6.84993E-01  8.27705E-01  9.37435E-01  9.93252E-01      -7.67500E-01  1.00000E+00
  4.58750E-01  7.42875E-01  8.78300E-01  9.55862E-01  9.94768E-01      -9.91230E-01  1.00000E+00
  4.46562E-01  7.63888E-01  8.96182E-01  9.64910E-01  9.96420E-01      -9.94220E-01  1.00000E+00
  4.27470E-01  7.49793E-01  8.89345E-01  9.64015E-01  9.96150E-01      -9.08810E-01  1.00000E+00
  3.78275E-01  7.27328E-01  8.80560E-01  9.60408E-01  9.95733E-01      -9.99990E-01  1.00000E+00


    1.   3.02    6.  12.01  2.00E+02  6.00E+01  3.61E-01  1.77E-01     5   0.00

  2.82880E+01  6.90790E+01  1.01190E+02  1.31580E+02  1.61600E+02       1.04750E-02  1.88100E+02

  4.82490E-01  6.68150E-01  7.87535E-01  8.81960E-01  9.63895E-01       1.74850E-02  1.00000E+00
  3.97855E-01  6.00990E-01  7.37600E-01  8.51895E-01  9.52770E-01       5.82760E-03  1.00000E+00
  3.64130E-01  5.59285E-01  7.00925E-01  8.26080E-01  9.40800E-01       5.92960E-03  9.99990E-01
  3.00010E-01  4.61870E-01  5.84455E-01  6.98460E-01  8.35600E-01       4.42130E-03  9.99940E-01
  1.84490E-01  2.89180E-01  3.71530E-01  4.59265E-01  5.94965E-01       3.28380E-04  9.85480E-01

 -9.52657E-01 -6.05420E-01 -3.38981E-02  5.52292E-01  9.48422E-01      -1.00000E+00  1.00000E+00
 -9.55008E-01 -6.08380E-01 -3.58439E-02  5.64087E-01  9.44802E-01      -1.00000E+00  1.00000E+00
 -9.56298E-01 -6.14328E-01 -3.09034E-02  5.62588E-01  9.48685E-01      -1.00000E+00  1.00000E+00
 -9.53588E-01 -6.00395E-01 -2.67525E-02  5.75788E-01  9.48770E-01      -1.00000E+00  1.00000E+00
 -9.53785E-01 -6.01863E-01 -1.89475E-02  5.80105E-01  9.50162E-01      -1.00000E+00  1.00000E+00
 -9.50127E-01 -6.45820E-01 -5.54240E-02  5.71198E-01  9.49550E-01      -1.00000E+00  1.00000E+00
 -9.41588E-01 -6.12262E-01 -1.90328E-02  5.82702E-01  9.51763E-01      -1.00000E+00  1.00000E+00
 -9.47612E-01 -5.90002E-01 -8.15375E-03  5.86435E-01  9.50112E-01      -1.00000E+00  1.00000E+00
 -9.48440E-01 -6.03637E-01 -2.15018E-02  5.76618E-01  9.51580E-01      -1.00000E+00  1.00000E+00
 -9.53233E-01 -5.95342E-01 -1.06235E-02  5.81608E-01  9.49782E-01      -1.00000E+00  1.00000E+00
 -4.16430E-01  2.07500E-03  4.46700E-01  7.96207E-01  9.76493E-01      -1.00000E+00  1.00000E+00
 -4.08197E-01  8.30778E-02  4.90287E-01  8.06400E-01  9.78815E-01      -1.00000E+00  1.00000E+00
 -4.17695E-01  1.15802E-01  5.02555E-01  8.15905E-01  9.79315E-01      -1.00000E+00  1.00000E+00
 -4.81272E-01  1.12473E-01  5.03125E-01  8.10650E-01  9.77912E-01      -1.00000E+00  1.00000E+00
 -6.89418E-01 -4.23637E-02  4.36447E-01  7.83222E-01  9.75705E-01      -1.00000E+00  1.00000E+00
  1.70451E-01  4.75260E-01  7.12117E-01  8.95172E-01  9.87982E-01      -9.65510E-01  1.00000E+00
  2.09380E-01  5.61915E-01  7.60780E-01  9.11590E-01  9.90463E-01      -9.96590E-01  1.00000E+00
  2.49445E-01  6.15282E-01  7.93173E-01  9.18925E-01  9.90317E-01      -9.60660E-01  1.00000E+00
  2.99285E-01  6.76493E-01  8.46077E-01  9.43290E-01  9.93710E-01      -9.99030E-01  1.00000E+00
  2.42456E-01  6.60870E-01  8.49967E-01  9.49852E-01  9.94358E-01      -9.99980E-01  1.00000E+00
  6.93173E-01  8.30135E-01  9.04360E-01  9.64782E-01  9.96260E-01      -3.86600E-01  1.00000E+00
  7.09388E-01  8.62997E-01  9.31875E-01  9.74145E-01  9.97092E-01      -4.60160E-01  1.00000E+00
  7.21723E-01  8.81060E-01  9.45398E-01  9.80975E-01  9.97953E-01      -2.79250E-01  1.00000E+00
  7.23070E-01  8.83260E-01  9.50700E-01  9.83998E-01  9.98335E-01      -3.41660E-01  1.00000E+00
  7.32772E-01  8.86792E-01  9.50512E-01  9.83622E-01  9.98190E-01      -4.47570E-01  1.00000E+00


    1.   3.02    6.  12.01  2.00E+02  7.00E+01  4.88E-01  2.89E-01     5   0.00

  3.93620E+01  9.00660E+01  1.28490E+02  1.57650E+02  1.79820E+02       9.79930E-03  1.93900E+02

  4.50085E-01  6.41180E-01  7.67720E-01  8.70445E-01  9.59420E-01       9.95400E-03  1.00000E+00
  3.62295E-01  5.61090E-01  7.05760E-01  8.31560E-01  9.47210E-01       4.61040E-03  1.00000E+00
  2.99715E-01  4.68705E-01  6.01280E-01  7.30005E-01  8.68725E-01       1.84150E-03  1.00000E+00
  2.30465E-01  3.55690E-01  4.54785E-01  5.51155E-01  6.76375E-01       6.61420E-03  9.90280E-01
  1.26079E-01  1.99650E-01  2.57165E-01  3.18330E-01  4.15245E-01       7.24800E-04  8.35660E-01

 -9.62172E-01 -6.65095E-01 -9.94070E-02  5.28240E-01  9.44590E-01      -1.00000E+00  1.00000E+00
 -9.60350E-01 -6.40105E-01 -7.13922E-02  5.49295E-01  9.48493E-01      -1.00000E+00  1.00000E+00
 -9.58162E-01 -6.24960E-01 -5.91810E-02  5.48850E-01  9.47690E-01      -1.00000E+00  1.00000E+00
 -9.56483E-01 -6.13247E-01 -4.47429E-02  5.58610E-01  9.46168E-01      -1.00000E+00  1.00000E+00
 -9.55705E-01 -6.07995E-01 -1.44260E-02  5.74207E-01  9.50217E-01      -1.00000E+00  1.00000E+00
 -6.93730E-01 -3.18480E-01  1.73335E-01  6.67188E-01  9.60605E-01      -1.00000E+00  1.00000E+00
 -6.80285E-01 -2.45549E-01  2.66408E-01  7.18865E-01  9.67470E-01      -1.00000E+00  1.00000E+00
 -6.93252E-01 -2.47402E-01  2.63889E-01  7.13355E-01  9.67880E-01      -1.00000E+00  1.00000E+00
 -7.48117E-01 -2.91425E-01  2.25520E-01  7.01295E-01  9.64982E-01      -1.00000E+00  1.00000E+00
 -8.79615E-01 -4.20413E-01  1.49759E-01  6.52670E-01  9.59553E-01      -1.00000E+00  1.00000E+00
  5.42008E-02  3.66278E-01  6.43775E-01  8.70197E-01  9.85785E-01      -9.99750E-01  1.00000E+00
  1.00359E-01  4.44485E-01  7.00092E-01  8.91690E-01  9.87715E-01      -9.99500E-01  1.00000E+00
  1.39072E-01  4.92055E-01  7.14557E-01  8.94465E-01  9.88415E-01      -1.00000E+00  1.00000E+00
  1.73565E-01  5.52107E-01  7.51920E-01  9.05045E-01  9.89337E-01      -9.99940E-01  1.00000E+00
  1.45212E-01  6.06275E-01  8.15908E-01  9.36943E-01  9.92730E-01      -1.00000E+00  1.00000E+00
  5.34040E-01  7.03550E-01  8.29037E-01  9.38172E-01  9.93335E-01      -6.32130E-01  1.00000E+00
  5.73825E-01  7.59617E-01  8.65193E-01  9.51433E-01  9.94890E-01      -4.92290E-01  1.00000E+00
  6.12195E-01  8.01960E-01  8.92722E-01  9.59050E-01  9.95465E-01      -5.44620E-01  1.00000E+00
  6.62197E-01  8.48032E-01  9.26697E-01  9.73750E-01  9.96993E-01      -5.85400E-01  1.00000E+00
  7.06175E-01  8.74900E-01  9.45093E-01  9.81753E-01  9.98023E-01      -4.99780E-01  1.00000E+00
  8.58502E-01  9.20130E-01  9.53270E-01  9.80673E-01  9.97745E-01       2.19880E-01  1.00000E+00
  8.69085E-01  9.37092E-01  9.68468E-01  9.87995E-01  9.98607E-01       3.44480E-01  1.00000E+00
  8.78085E-01  9.46673E-01  9.75293E-01  9.91535E-01  9.99085E-01       3.20490E-01  1.00000E+00
  8.84090E-01  9.51640E-01  9.79330E-01  9.93162E-01  9.99225E-01       2.90170E-01  1.00000E+00
  8.94855E-01  9.55580E-01  9.81098E-01  9.93785E-01  9.99310E-01       4.06650E-01  1.00000E+00


    1.   3.02    6.  12.01  2.00E+02  8.00E+01  7.16E-01  5.54E-01     5   0.00

  7.56720E+01  1.47850E+02  1.77150E+02  1.88000E+02  1.93390E+02       2.93500E-02  1.96970E+02

  3.69585E-01  5.70125E-01  7.14525E-01  8.37920E-01  9.49645E-01       4.21650E-03  1.00000E+00
  2.37440E-01  3.88185E-01  5.15755E-01  6.48420E-01  7.94380E-01       3.66390E-03  9.99990E-01
  1.61300E-01  2.57515E-01  3.40340E-01  4.24460E-01  5.21450E-01       2.53020E-03  8.85380E-01
  1.07875E-01  1.70915E-01  2.21025E-01  2.69830E-01  3.35390E-01       4.33770E-04  6.27410E-01
  5.57615E-02  9.38405E-02  1.23025E-01  1.53615E-01  2.00550E-01       8.85410E-05  3.95950E-01

 -8.05805E-01 -4.96220E-01 -6.42330E-02  5.23818E-01  9.41157E-01      -1.00000E+00  1.00000E+00
 -7.94888E-01 -3.99740E-01  1.01031E-01  6.32288E-01  9.54318E-01      -1.00000E+00  1.00000E+00
 -8.29388E-01 -3.83568E-01  1.35891E-01  6.47590E-01  9.57795E-01      -1.00000E+00  1.00000E+00
 -8.72920E-01 -4.09623E-01  1.17184E-01  6.45875E-01  9.57862E-01      -1.00000E+00  1.00000E+00
 -9.22178E-01 -4.72320E-01  9.05663E-02  6.22762E-01  9.56495E-01      -1.00000E+00  1.00000E+00
  2.89090E-01  5.04545E-01  6.72450E-01  8.67260E-01  9.84082E-01      -9.62050E-01  1.00000E+00
  3.33525E-01  5.71952E-01  7.52675E-01  9.08200E-01  9.89990E-01      -8.89060E-01  1.00000E+00
  3.79545E-01  6.16443E-01  7.73852E-01  9.17545E-01  9.90423E-01      -9.68640E-01  1.00000E+00
  4.46597E-01  6.76120E-01  8.12485E-01  9.21593E-01  9.91045E-01      -9.18170E-01  1.00000E+00
  5.46430E-01  7.73195E-01  8.90115E-01  9.60380E-01  9.95640E-01      -9.99090E-01  1.00000E+00
  7.54715E-01  8.34728E-01  8.93992E-01  9.58173E-01  9.95270E-01       1.14670E-01  1.00000E+00
  7.78320E-01  8.63542E-01  9.18527E-01  9.70212E-01  9.96847E-01       1.26290E-01  1.00000E+00
  8.07615E-01  8.87962E-01  9.33253E-01  9.72330E-01  9.96878E-01       2.12630E-01  1.00000E+00
  8.48720E-01  9.21895E-01  9.58765E-01  9.83635E-01  9.98005E-01       2.22690E-01  1.00000E+00
  8.90630E-01  9.53690E-01  9.79083E-01  9.92937E-01  9.99242E-01       2.20000E-01  1.00000E+00
  9.10918E-01  9.45418E-01  9.71230E-01  9.89983E-01  9.98950E-01       6.97740E-01  1.00000E+00
  9.20217E-01  9.54555E-01  9.75137E-01  9.90988E-01  9.98973E-01       6.72750E-01  1.00000E+00
  9.31880E-01  9.64275E-01  9.80715E-01  9.92340E-01  9.99127E-01       7.30620E-01  1.00000E+00
  9.43550E-01  9.74413E-01  9.87818E-01  9.95698E-01  9.99507E-01       7.41110E-01  1.00000E+00
  9.56877E-01  9.81547E-01  9.91960E-01  9.97360E-01  9.99713E-01       7.50790E-01  1.00000E+00
  9.72838E-01  9.86503E-01  9.93753E-01  9.97930E-01  9.99783E-01       8.66740E-01  1.00000E+00
  9.74970E-01  9.88205E-01  9.94493E-01  9.98032E-01  9.99780E-01       8.59570E-01  1.00000E+00
  9.77265E-01  9.89900E-01  9.95425E-01  9.98440E-01  9.99837E-01       8.74190E-01  1.00000E+00
  9.79038E-01  9.91138E-01  9.96173E-01  9.98703E-01  9.99860E-01       8.89080E-01  1.00000E+00
  9.81690E-01  9.92428E-01  9.96755E-01  9.98920E-01  9.99883E-01       8.93120E-01  1.00000E+00


    1.   3.02    6.  12.01  2.00E+02  8.50E+01  8.97E-01  8.05E-01     5   0.00

  1.45020E+02  1.86260E+02  1.92190E+02  1.95000E+02  1.96790E+02       1.41630E-02  1.97870E+02

  2.38855E-01  4.09780E-01  5.52170E-01  6.84530E-01  8.19840E-01       1.61690E-03  1.00000E+00
  1.17495E-01  1.97140E-01  2.69000E-01  3.42085E-01  4.20910E-01       5.68840E-04  7.14310E-01
  7.53640E-02  1.28595E-01  1.72550E-01  2.18500E-01  2.74285E-01       5.07090E-04  4.46000E-01
  5.35070E-02  9.52160E-02  1.27980E-01  1.59320E-01  1.99800E-01       7.15690E-05  3.29390E-01
  3.47945E-02  6.01940E-02  7.84455E-02  9.60270E-02  1.19775E-01       1.06940E-04  2.16730E-01

 -1.00955E-01  3.14949E-01  5.41750E-01  7.47395E-01  9.66817E-01      -1.00000E+00  1.00000E+00
 -1.08410E-01  3.35983E-01  6.00853E-01  8.24307E-01  9.79165E-01      -1.00000E+00  1.00000E+00
 -1.12403E-01  3.32313E-01  6.21845E-01  8.23958E-01  9.79312E-01      -1.00000E+00  1.00000E+00
 -8.52225E-02  3.35345E-01  6.58690E-01  8.49592E-01  9.80093E-01      -1.00000E+00  1.00000E+00
 -7.80200E-02  2.92880E-01  6.41705E-01  8.74215E-01  9.85353E-01      -1.00000E+00  1.00000E+00
  8.66297E-01  9.15395E-01  9.51185E-01  9.81002E-01  9.97795E-01       4.44640E-01  1.00000E+00
  8.76667E-01  9.22432E-01  9.53625E-01  9.81670E-01  9.97888E-01       5.28510E-01  1.00000E+00
  8.94115E-01  9.35435E-01  9.60987E-01  9.82855E-01  9.97892E-01       5.13870E-01  1.00000E+00
  9.20962E-01  9.57468E-01  9.77147E-01  9.90485E-01  9.98808E-01       6.26690E-01  1.00000E+00
  9.48510E-01  9.77255E-01  9.89628E-01  9.96503E-01  9.99625E-01       6.43060E-01  1.00000E+00
  9.54580E-01  9.79673E-01  9.91705E-01  9.97368E-01  9.99725E-01       8.44020E-01  1.00000E+00
  9.56582E-01  9.77590E-01  9.90298E-01  9.96850E-01  9.99672E-01       8.15580E-01  1.00000E+00
  9.60690E-01  9.78755E-01  9.89580E-01  9.96545E-01  9.99632E-01       8.51020E-01  1.00000E+00
  9.68095E-01  9.84267E-01  9.92000E-01  9.97045E-01  9.99683E-01       8.70170E-01  1.00000E+00
  9.77590E-01  9.90380E-01  9.95740E-01  9.98562E-01  9.99848E-01       8.93930E-01  1.00000E+00
  9.78110E-01  9.90660E-01  9.96275E-01  9.98810E-01  9.99877E-01       9.13820E-01  1.00000E+00
  9.78403E-01  9.88988E-01  9.95080E-01  9.98408E-01  9.99828E-01       9.10270E-01  1.00000E+00
  9.80700E-01  9.90407E-01  9.95243E-01  9.98310E-01  9.99810E-01       9.22290E-01  1.00000E+00
  9.83940E-01  9.92615E-01  9.96580E-01  9.98812E-01  9.99865E-01       9.20680E-01  1.00000E+00
  9.88275E-01  9.94842E-01  9.97737E-01  9.99238E-01  9.99918E-01       9.42540E-01  1.00000E+00
  9.90663E-01  9.95385E-01  9.97840E-01  9.99273E-01  9.99930E-01       9.65560E-01  1.00000E+00
  9.91822E-01  9.96080E-01  9.98113E-01  9.99318E-01  9.99923E-01       9.67280E-01  1.00000E+00
  9.92908E-01  9.96770E-01  9.98518E-01  9.99482E-01  9.99945E-01       9.71410E-01  1.00000E+00
  9.93920E-01  9.97300E-01  9.98805E-01  9.99602E-01  9.99958E-01       9.75280E-01  1.00000E+00
  9.95448E-01  9.98050E-01  9.99152E-01  9.99725E-01  9.99970E-01       9.78650E-01  1.00000E+00


    1.   3.02    6.  12.01  5.00E+02  0.00E+00  8.89E-02  2.48E-02     5   0.00

  3.74630E+01  9.26420E+01  1.39630E+02  1.84070E+02  2.40180E+02       3.24330E-02  3.69250E+02

  4.72940E-01  6.63880E-01  7.84850E-01  8.82305E-01  9.63125E-01       1.05860E-02  1.00000E+00
  4.28870E-01  6.35775E-01  7.67200E-01  8.72770E-01  9.61435E-01       8.93770E-03  9.99990E-01
  4.34155E-01  6.41720E-01  7.74425E-01  8.76165E-01  9.62425E-01       3.16820E-02  1.00000E+00
  4.21565E-01  6.26440E-01  7.56230E-01  8.58285E-01  9.49770E-01       3.73250E-02  9.99980E-01
  2.94385E-01  4.50695E-01  5.78380E-01  7.11035E-01  8.71965E-01       1.87490E-02  9.99940E-01

 -9.53318E-01 -5.99890E-01 -2.12171E-02  5.79425E-01  9.46575E-01      -1.00000E+00  9.99970E-01
 -9.44640E-01 -5.79363E-01  1.59513E-02  5.87372E-01  9.51902E-01      -1.00000E+00  9.99990E-01
 -9.42610E-01 -5.82265E-01  1.08076E-02  6.20768E-01  9.53410E-01      -1.00000E+00  1.00000E+00
 -9.48630E-01 -5.93570E-01 -1.67592E-02  5.97610E-01  9.50695E-01      -1.00000E+00  1.00000E+00
 -9.48890E-01 -5.65610E-01  1.83519E-02  5.98637E-01  9.53928E-01      -1.00000E+00  9.99980E-01
 -9.50803E-01 -5.80535E-01  1.22865E-03  5.90230E-01  9.48473E-01      -1.00000E+00  1.00000E+00
 -9.55550E-01 -5.92755E-01  8.19076E-03  5.79943E-01  9.48048E-01      -1.00000E+00  9.99990E-01
 -9.48685E-01 -5.98662E-01  2.38551E-02  6.15375E-01  9.56585E-01      -1.00000E+00  9.99990E-01
 -9.54205E-01 -6.08935E-01 -1.72905E-02  5.68810E-01  9.51257E-01      -1.00000E+00  9.99990E-01
 -9.48295E-01 -5.83987E-01 -6.74282E-03  5.74785E-01  9.51045E-01      -1.00000E+00  1.00000E+00
 -9.45843E-01 -5.64385E-01 -1.62734E-02  5.88647E-01  9.48712E-01      -1.00000E+00  9.99990E-01
 -9.48083E-01 -5.88362E-01 -2.65500E-04  5.84280E-01  9.54875E-01      -1.00000E+00  1.00000E+00
 -9.45070E-01 -5.82383E-01  7.21368E-03  5.89817E-01  9.50667E-01      -1.00000E+00  9.99990E-01
 -9.52243E-01 -5.93797E-01 -2.28995E-02  5.72540E-01  9.49233E-01      -1.00000E+00  9.99980E-01
 -9.56722E-01 -6.07607E-01  2.12437E-02  6.11747E-01  9.57598E-01      -1.00000E+00  1.00000E+00
 -9.52817E-01 -5.88597E-01 -1.09202E-02  5.77585E-01  9.49480E-01      -1.00000E+00  9.99980E-01
 -9.47625E-01 -5.77808E-01  1.90869E-02  5.86483E-01  9.46180E-01      -1.00000E+00  1.00000E+00
 -9.48395E-01 -5.77800E-01 -2.42595E-02  5.55757E-01  9.48418E-01      -1.00000E+00  9.99990E-01
 -9.53722E-01 -5.90815E-01  3.26751E-03  5.72388E-01  9.46695E-01      -1.00000E+00  1.00000E+00
 -9.52518E-01 -5.71670E-01  2.41515E-02  5.94840E-01  9.52273E-01      -1.00000E+00  1.00000E+00
 -9.51817E-01 -5.75275E-01  2.26074E-02  5.96523E-01  9.59195E-01      -1.00000E+00  9.99980E-01
 -9.49453E-01 -5.74383E-01  2.00847E-02  6.06867E-01  9.54233E-01      -1.00000E+00  9.99990E-01
 -9.55750E-01 -5.83140E-01  2.91730E-03  5.93570E-01  9.57080E-01      -1.00000E+00  9.99990E-01
 -9.49340E-01 -5.81415E-01 -7.97700E-04  5.87473E-01  9.52263E-01      -1.00000E+00  9.99990E-01
 -9.44970E-01 -5.83063E-01  6.18102E-04  5.84507E-01  9.56622E-01      -1.00000E+00  9.99960E-01


    1.   3.02    6.  12.01  5.00E+02  3.00E+01  1.31E-01  4.26E-02     5   0.00

  4.41590E+01  1.07500E+02  1.60880E+02  2.12920E+02  2.86080E+02       2.84950E-02  4.19230E+02

  4.65780E-01  6.59415E-01  7.82325E-01  8.80840E-01  9.62925E-01       1.08180E-02  9.99980E-01
  4.27940E-01  6.33610E-01  7.69200E-01  8.71685E-01  9.60905E-01       1.98190E-02  1.00000E+00
  4.21920E-01  6.30165E-01  7.64680E-01  8.70145E-01  9.59425E-01       1.61260E-02  9.99990E-01
  3.73855E-01  5.76360E-01  7.14945E-01  8.31445E-01  9.42005E-01       2.51990E-02  9.99980E-01
  2.72810E-01  4.29960E-01  5.49435E-01  6.71885E-01  8.29550E-01       8.16470E-03  9.99980E-01

 -9.50770E-01 -5.84078E-01  7.70825E-03  5.97875E-01  9.51880E-01      -1.00000E+00  1.00000E+00
 -9.50015E-01 -5.79622E-01  2.12078E-02  5.83862E-01  9.50748E-01      -1.00000E+00  1.00000E+00
 -9.49207E-01 -5.59770E-01  3.24366E-02  5.94795E-01  9.52505E-01      -1.00000E+00  9.99990E-01
 -9.46357E-01 -5.64910E-01  2.66237E-02  5.85510E-01  9.46775E-01      -1.00000E+00  9.99990E-01
 -9.45695E-01 -5.70567E-01  6.18798E-03  5.73565E-01  9.53248E-01      -1.00000E+00  1.00000E+00
 -9.44115E-01 -5.70005E-01  2.37885E-03  5.92098E-01  9.55653E-01      -1.00000E+00  1.00000E+00
 -9.49720E-01 -5.97067E-01 -1.52039E-02  5.79283E-01  9.47405E-01      -1.00000E+00  1.00000E+00
 -9.48930E-01 -5.84503E-01  5.59212E-03  6.02167E-01  9.49660E-01      -1.00000E+00  1.00000E+00
 -9.49870E-01 -5.88770E-01  2.65035E-02  6.02472E-01  9.53658E-01      -1.00000E+00  1.00000E+00
 -9.51020E-01 -6.00225E-01 -3.54472E-03  5.72125E-01  9.46787E-01      -1.00000E+00  9.99990E-01
 -9.40655E-01 -5.05762E-01  1.41936E-01  6.66423E-01  9.63607E-01      -1.00000E+00  1.00000E+00
 -9.46695E-01 -5.47793E-01  1.02851E-01  6.37738E-01  9.59067E-01      -1.00000E+00  1.00000E+00
 -9.49522E-01 -5.57227E-01  5.86620E-02  6.15255E-01  9.57970E-01      -1.00000E+00  9.99980E-01
 -9.47240E-01 -5.64412E-01  4.06386E-02  6.10385E-01  9.54590E-01      -1.00000E+00  1.00000E+00
 -9.51468E-01 -5.75667E-01  3.63049E-02  6.06737E-01  9.54995E-01      -1.00000E+00  1.00000E+00
 -8.09765E-01 -2.93545E-01  3.14590E-01  7.57955E-01  9.73453E-01      -1.00000E+00  1.00000E+00
 -7.26422E-01 -1.49269E-01  3.71985E-01  7.62215E-01  9.73002E-01      -1.00000E+00  1.00000E+00
 -6.87630E-01 -4.60825E-02  4.18975E-01  7.89300E-01  9.75545E-01      -1.00000E+00  1.00000E+00
 -6.93712E-01 -7.94250E-03  4.64845E-01  7.95848E-01  9.75200E-01      -1.00000E+00  1.00000E+00
 -8.33943E-01 -1.70291E-01  3.86965E-01  7.75425E-01  9.75035E-01      -1.00000E+00  1.00000E+00
  7.31800E-02  4.71160E-01  7.28910E-01  9.02065E-01  9.90085E-01      -9.99990E-01  1.00000E+00
  9.96350E-02  5.59913E-01  7.90090E-01  9.26300E-01  9.92138E-01      -9.99900E-01  1.00000E+00
  1.07673E-01  5.91005E-01  8.11220E-01  9.35518E-01  9.92927E-01      -9.99990E-01  1.00000E+00
  6.76475E-02  5.80610E-01  8.15322E-01  9.38245E-01  9.93428E-01      -9.99960E-01  1.00000E+00
 -9.63975E-02  4.85365E-01  7.67015E-01  9.22482E-01  9.91637E-01      -1.00000E+00  1.00000E+00


    1.   3.02    6.  12.01  5.00E+02  4.50E+01  1.96E-01  7.51E-02     5   0.00

  5.37520E+01  1.28610E+02  1.89820E+02  2.52850E+02  3.31790E+02       6.03440E-02  4.46340E+02

  4.53405E-01  6.50940E-01  7.77170E-01  8.76890E-01  9.62035E-01       1.68360E-02  1.00000E+00
  4.15810E-01  6.22345E-01  7.58585E-01  8.64900E-01  9.57685E-01       1.36730E-02  9.99990E-01
  3.91335E-01  5.98360E-01  7.39140E-01  8.53645E-01  9.53555E-01       1.17570E-02  9.99990E-01
  3.48765E-01  5.37510E-01  6.73605E-01  7.93570E-01  9.19470E-01       1.26240E-02  1.00000E+00
  2.40715E-01  3.78835E-01  4.88230E-01  5.99695E-01  7.56270E-01       5.38780E-03  9.99950E-01

 -9.50370E-01 -5.95335E-01 -5.35037E-03  5.82538E-01  9.54832E-01      -1.00000E+00  1.00000E+00
 -9.48415E-01 -5.89377E-01  5.95707E-03  5.95788E-01  9.51692E-01      -1.00000E+00  9.99990E-01
 -9.50118E-01 -5.89847E-01 -4.21200E-03  5.89195E-01  9.50518E-01      -1.00000E+00  1.00000E+00
 -9.53207E-01 -5.92110E-01 -1.22931E-02  5.81708E-01  9.53060E-01      -1.00000E+00  1.00000E+00
 -9.48677E-01 -5.97725E-01 -8.54578E-03  5.74165E-01  9.47402E-01      -1.00000E+00  1.00000E+00
 -9.48917E-01 -5.52488E-01  6.30543E-02  6.27555E-01  9.55372E-01      -1.00000E+00  1.00000E+00
 -9.47900E-01 -5.70470E-01  1.46675E-02  6.13138E-01  9.53225E-01      -1.00000E+00  1.00000E+00
 -9.49945E-01 -5.76850E-01  2.04906E-02  6.00973E-01  9.54855E-01      -1.00000E+00  1.00000E+00
 -9.46330E-01 -5.65755E-01  5.12314E-02  6.29380E-01  9.57735E-01      -1.00000E+00  1.00000E+00
 -9.48850E-01 -5.92427E-01 -2.64410E-03  5.91627E-01  9.55120E-01      -1.00000E+00  1.00000E+00
 -8.64758E-01 -3.23865E-01  2.92392E-01  7.40880E-01  9.73198E-01      -1.00000E+00  1.00000E+00
 -8.21660E-01 -3.02390E-01  2.96168E-01  7.46393E-01  9.71580E-01      -1.00000E+00  1.00000E+00
 -8.38645E-01 -3.24995E-01  2.57695E-01  7.21150E-01  9.65523E-01      -1.00000E+00  1.00000E+00
 -8.65627E-01 -3.45882E-01  2.37312E-01  7.14915E-01  9.68342E-01      -1.00000E+00  1.00000E+00
 -9.15560E-01 -4.60845E-01  1.44042E-01  6.65482E-01  9.61220E-01      -1.00000E+00  1.00000E+00
 -2.99353E-01  2.10614E-01  6.14138E-01  8.66293E-01  9.84495E-01      -9.99990E-01  1.00000E+00
 -2.29435E-01  2.89277E-01  6.50852E-01  8.77673E-01  9.85542E-01      -1.00000E+00  1.00000E+00
 -2.22334E-01  3.29650E-01  6.64930E-01  8.79890E-01  9.87062E-01      -9.99970E-01  1.00000E+00
 -2.52403E-01  3.53782E-01  6.77397E-01  8.85812E-01  9.86970E-01      -1.00000E+00  1.00000E+00
 -5.35175E-01  1.75803E-01  6.15193E-01  8.64515E-01  9.84450E-01      -1.00000E+00  1.00000E+00
  4.02955E-01  6.84345E-01  8.53962E-01  9.50287E-01  9.94705E-01      -9.73990E-01  1.00000E+00
  4.30447E-01  7.27812E-01  8.68820E-01  9.53168E-01  9.94985E-01      -8.94620E-01  1.00000E+00
  4.47187E-01  7.55605E-01  8.87822E-01  9.60267E-01  9.96145E-01      -9.29270E-01  1.00000E+00
  4.28248E-01  7.49760E-01  8.91720E-01  9.62530E-01  9.96170E-01      -9.61220E-01  1.00000E+00
  3.79312E-01  7.26845E-01  8.82060E-01  9.60097E-01  9.95722E-01      -9.99970E-01  1.00000E+00


    1.   3.02    6.  12.01  5.00E+02  6.00E+01  3.11E-01  1.47E-01     5   0.00

  7.14470E+01  1.65380E+02  2.41050E+02  3.13720E+02  3.89900E+02       4.32070E-02  4.72110E+02

  4.42235E-01  6.41655E-01  7.69240E-01  8.72440E-01  9.60000E-01       9.49430E-03  1.00000E+00
  3.87905E-01  5.92725E-01  7.32590E-01  8.47990E-01  9.51425E-01       5.94730E-03  1.00000E+00
  3.49245E-01  5.43365E-01  6.86700E-01  8.14280E-01  9.36230E-01       1.48660E-02  1.00000E+00
  2.89755E-01  4.51740E-01  5.77210E-01  6.97325E-01  8.40085E-01       6.65190E-03  1.00000E+00
  1.88910E-01  2.98350E-01  3.85370E-01  4.77775E-01  6.15195E-01       3.42320E-03  9.95220E-01

 -9.52595E-01 -5.96470E-01 -1.65722E-02  5.77310E-01  9.51830E-01      -1.00000E+00  1.00000E+00
 -9.48060E-01 -5.84885E-01  1.22144E-02  5.95120E-01  9.53365E-01      -1.00000E+00  1.00000E+00
 -9.49618E-01 -5.86858E-01 -9.53235E-03  5.84108E-01  9.53507E-01      -1.00000E+00  1.00000E+00
 -9.52298E-01 -5.91857E-01 -1.30088E-02  5.75143E-01  9.51473E-01      -1.00000E+00  1.00000E+00
 -9.50242E-01 -5.83997E-01  5.84007E-03  5.86097E-01  9.50380E-01      -1.00000E+00  1.00000E+00
 -9.29562E-01 -4.74058E-01  1.51786E-01  6.70998E-01  9.61923E-01      -1.00000E+00  1.00000E+00
 -9.27342E-01 -4.69858E-01  1.37726E-01  6.69920E-01  9.64098E-01      -1.00000E+00  1.00000E+00
 -9.35175E-01 -5.01735E-01  1.12786E-01  6.62342E-01  9.61142E-01      -1.00000E+00  1.00000E+00
 -9.37408E-01 -5.05983E-01  1.18968E-01  6.51940E-01  9.60510E-01      -1.00000E+00  1.00000E+00
 -9.42862E-01 -5.44863E-01  6.98207E-02  6.36335E-01  9.55967E-01      -1.00000E+00  1.00000E+00
 -4.06913E-01  1.27683E-01  5.57000E-01  8.42262E-01  9.82748E-01      -1.00000E+00  1.00000E+00
 -3.77647E-01  1.56612E-01  5.83830E-01  8.53522E-01  9.84547E-01      -1.00000E+00  1.00000E+00
 -3.97320E-01  1.72157E-01  5.82720E-01  8.51350E-01  9.84457E-01      -1.00000E+00  1.00000E+00
 -4.70020E-01  1.13007E-01  5.35480E-01  8.36722E-01  9.82293E-01      -1.00000E+00  1.00000E+00
 -6.94085E-01 -6.10890E-02  4.33418E-01  7.83540E-01  9.74562E-01      -1.00000E+00  1.00000E+00
  1.72477E-01  5.27417E-01  7.78012E-01  9.25382E-01  9.91660E-01      -9.67880E-01  1.00000E+00
  2.00618E-01  5.66777E-01  7.93898E-01  9.30283E-01  9.92395E-01      -9.45230E-01  1.00000E+00
  2.35235E-01  6.06458E-01  8.09435E-01  9.32150E-01  9.92427E-01      -9.91100E-01  1.00000E+00
  2.59420E-01  6.41253E-01  8.25967E-01  9.38718E-01  9.92985E-01      -9.99910E-01  1.00000E+00
  1.82798E-01  6.29625E-01  8.34527E-01  9.44440E-01  9.94107E-01      -9.99990E-01  1.00000E+00
  6.64578E-01  8.27440E-01  9.18140E-01  9.73190E-01  9.97180E-01      -5.64800E-01  1.00000E+00
  6.84595E-01  8.48360E-01  9.29913E-01  9.76575E-01  9.97375E-01      -4.32550E-01  1.00000E+00
  6.98175E-01  8.64795E-01  9.36495E-01  9.78222E-01  9.97632E-01      -4.60530E-01  1.00000E+00
  7.02730E-01  8.76645E-01  9.45153E-01  9.81958E-01  9.98025E-01      -6.54350E-01  1.00000E+00
  7.02995E-01  8.74667E-01  9.45420E-01  9.82160E-01  9.98123E-01      -5.30340E-01  1.00000E+00


    1.   3.02    6.  12.01  5.00E+02  7.00E+01  4.29E-01  2.41E-01     5   0.00

  9.33010E+01  2.09700E+02  2.99620E+02  3.72440E+02  4.34730E+02       3.02860E-02  4.85450E+02

  4.20210E-01  6.23295E-01  7.56755E-01  8.64270E-01  9.57630E-01       9.05140E-03  1.00000E+00
  3.53145E-01  5.51715E-01  6.94910E-01  8.23250E-01  9.42435E-01       5.30250E-03  1.00000E+00
  2.89420E-01  4.59765E-01  5.95090E-01  7.28155E-01  8.79895E-01       3.95330E-03  1.00000E+00
  2.26560E-01  3.55740E-01  4.61390E-01  5.71495E-01  7.11585E-01       7.63580E-04  9.99790E-01
  1.38945E-01  2.17640E-01  2.84755E-01  3.56570E-01  4.64775E-01       1.40940E-03  9.06050E-01

 -9.56480E-01 -6.08513E-01 -1.49293E-02  5.83398E-01  9.52490E-01      -1.00000E+00  1.00000E+00
 -9.53782E-01 -6.05812E-01 -1.51343E-02  5.91023E-01  9.48995E-01      -1.00000E+00  1.00000E+00
 -9.47638E-01 -5.82050E-01  1.00358E-02  5.95755E-01  9.51980E-01      -1.00000E+00  1.00000E+00
 -9.49585E-01 -5.81885E-01  7.19052E-03  5.87890E-01  9.51990E-01      -1.00000E+00  1.00000E+00
 -9.48920E-01 -5.81442E-01  1.71308E-02  5.94110E-01  9.53205E-01      -1.00000E+00  1.00000E+00
 -7.02925E-01 -2.12654E-01  3.36427E-01  7.56085E-01  9.72175E-01      -1.00000E+00  1.00000E+00
 -6.94412E-01 -1.80214E-01  3.61940E-01  7.67575E-01  9.73875E-01      -1.00000E+00  1.00000E+00
 -7.25028E-01 -1.91814E-01  3.53307E-01  7.56862E-01  9.73248E-01      -1.00000E+00  1.00000E+00
 -7.81975E-01 -2.44081E-01  3.25715E-01  7.58927E-01  9.73332E-01      -1.00000E+00  1.00000E+00
 -8.99420E-01 -4.11445E-01  1.87165E-01  6.91265E-01  9.64542E-01      -1.00000E+00  1.00000E+00
  1.73600E-02  4.29372E-01  7.24407E-01  9.05415E-01  9.89712E-01      -9.98450E-01  1.00000E+00
  6.21203E-02  4.67842E-01  7.45685E-01  9.12807E-01  9.90410E-01      -1.00000E+00  1.00000E+00
  7.60650E-02  4.76365E-01  7.47675E-01  9.12953E-01  9.89938E-01      -9.99830E-01  1.00000E+00
  8.65878E-02  4.92808E-01  7.48205E-01  9.11195E-01  9.90270E-01      -9.99940E-01  1.00000E+00
 -3.35675E-02  4.94727E-01  7.55617E-01  9.13207E-01  9.90580E-01      -9.99990E-01  1.00000E+00
  4.83893E-01  7.19625E-01  8.73483E-01  9.55897E-01  9.95118E-01      -6.14550E-01  1.00000E+00
  5.22307E-01  7.46390E-01  8.81567E-01  9.59640E-01  9.95498E-01      -5.30990E-01  1.00000E+00
  5.53770E-01  7.68060E-01  8.88098E-01  9.60923E-01  9.95687E-01      -6.11890E-01  1.00000E+00
  5.95368E-01  8.02635E-01  9.04303E-01  9.65990E-01  9.96352E-01      -8.53590E-01  1.00000E+00
  6.28305E-01  8.41842E-01  9.29695E-01  9.76150E-01  9.97405E-01      -9.99990E-01  1.00000E+00
  8.19285E-01  9.09062E-01  9.58688E-01  9.86383E-01  9.98502E-01       8.06390E-02  1.00000E+00
  8.32340E-01  9.20093E-01  9.63058E-01  9.87550E-01  9.98692E-01       1.76840E-01  1.00000E+00
  8.42550E-01  9.28310E-01  9.66420E-01  9.88407E-01  9.98717E-01       1.22570E-01  1.00000E+00
  8.53505E-01  9.37373E-01  9.71842E-01  9.90515E-01  9.98950E-01       1.79270E-01  1.00000E+00
  8.60615E-01  9.43090E-01  9.75793E-01  9.91995E-01  9.99140E-01       2.29080E-01  1.00000E+00


    1.   3.02    6.  12.01  5.00E+02  8.00E+01  6.23E-01  4.49E-01     5   0.00

  1.54520E+02  3.18120E+02  4.08080E+02  4.54720E+02  4.79980E+02       1.69170E-02  4.93660E+02

  3.73855E-01  5.75865E-01  7.17095E-01  8.37295E-01  9.46830E-01       5.53620E-03  1.00000E+00
  2.55965E-01  4.15665E-01  5.49910E-01  6.90265E-01  8.59740E-01       3.37330E-03  1.00000E+00
  1.78575E-01  2.82840E-01  3.77015E-01  4.84325E-01  6.31595E-01       3.44870E-03  9.70730E-01
  1.25740E-01  1.92390E-01  2.52975E-01  3.23070E-01  4.18030E-01       1.36720E-03  7.74740E-01
  6.70730E-02  1.05214E-01  1.37825E-01  1.74250E-01  2.28905E-01       2.07750E-04  4.95690E-01

 -9.11452E-01 -5.05288E-01  7.08005E-02  6.27980E-01  9.58483E-01      -1.00000E+00  1.00000E+00
 -8.97758E-01 -4.51135E-01  1.47776E-01  6.68315E-01  9.60675E-01      -1.00000E+00  1.00000E+00
 -9.00463E-01 -4.47952E-01  1.48396E-01  6.65697E-01  9.60015E-01      -1.00000E+00  1.00000E+00
 -9.23660E-01 -4.74850E-01  1.23054E-01  6.51645E-01  9.58052E-01      -1.00000E+00  1.00000E+00
 -9.40705E-01 -5.28185E-01  8.22061E-02  6.31047E-01  9.55770E-01      -1.00000E+00  1.00000E+00
  6.00600E-02  4.12965E-01  7.04932E-01  8.97425E-01  9.89005E-01      -9.99970E-01  1.00000E+00
  1.11268E-01  4.78730E-01  7.49007E-01  9.13865E-01  9.90265E-01      -9.99990E-01  1.00000E+00
  1.24087E-01  4.90425E-01  7.52450E-01  9.15703E-01  9.90997E-01      -9.98160E-01  1.00000E+00
  1.35817E-01  4.98783E-01  7.50545E-01  9.13095E-01  9.90640E-01      -1.00000E+00  1.00000E+00
  5.43600E-02  4.81895E-01  7.36365E-01  9.02767E-01  9.88955E-01      -1.00000E+00  1.00000E+00
  6.22120E-01  7.84958E-01  9.01940E-01  9.67375E-01  9.96570E-01      -3.09780E-01  1.00000E+00
  6.52593E-01  8.16097E-01  9.16500E-01  9.72182E-01  9.97082E-01      -4.40140E-01  1.00000E+00
  6.72495E-01  8.23305E-01  9.18680E-01  9.72782E-01  9.96975E-01      -6.18870E-01  1.00000E+00
  7.10443E-01  8.42278E-01  9.20192E-01  9.72355E-01  9.97098E-01      -1.68120E-01  1.00000E+00
  7.86195E-01  8.99980E-01  9.51955E-01  9.82547E-01  9.98040E-01      -1.04000E-01  1.00000E+00
  8.52015E-01  9.19242E-01  9.64967E-01  9.88712E-01  9.98860E-01       4.12700E-01  1.00000E+00
  8.66573E-01  9.32410E-01  9.70430E-01  9.90295E-01  9.98953E-01       4.51770E-01  1.00000E+00
  8.79732E-01  9.36688E-01  9.70640E-01  9.90363E-01  9.98995E-01       4.81830E-01  1.00000E+00
  8.96640E-01  9.46943E-01  9.73602E-01  9.90575E-01  9.98953E-01       4.85770E-01  1.00000E+00
  9.23700E-01  9.66815E-01  9.84850E-01  9.94878E-01  9.99437E-01       3.63160E-01  1.00000E+00
  9.61483E-01  9.81640E-01  9.92188E-01  9.97537E-01  9.99742E-01       7.93620E-01  1.00000E+00
  9.63655E-01  9.83105E-01  9.92622E-01  9.97625E-01  9.99742E-01       7.92430E-01  1.00000E+00
  9.66080E-01  9.83997E-01  9.92575E-01  9.97480E-01  9.99723E-01       7.82150E-01  1.00000E+00
  9.70037E-01  9.86347E-01  9.93773E-01  9.97883E-01  9.99765E-01       8.23570E-01  1.00000E+00
  9.74623E-01  9.89525E-01  9.95410E-01  9.98452E-01  9.99832E-01       8.20760E-01  1.00000E+00


    1.   3.02    6.  12.01  5.00E+02  8.50E+01  8.36E-01  7.34E-01     5   0.00

  3.10270E+02  4.58580E+02  4.80110E+02  4.87580E+02  4.92890E+02       5.74650E-02  4.96040E+02

  2.54940E-01  4.21485E-01  5.59780E-01  6.99175E-01  8.53755E-01       2.12400E-03  1.00000E+00
  1.10648E-01  1.78935E-01  2.49350E-01  3.39880E-01  4.56200E-01       6.08380E-04  8.51390E-01
  6.81535E-02  1.07317E-01  1.44235E-01  1.92430E-01  2.64040E-01       4.13050E-04  4.77130E-01
  4.93550E-02  8.06805E-02  1.07600E-01  1.39375E-01  1.85000E-01       3.21230E-04  3.41060E-01
  3.02240E-02  5.11655E-02  6.76055E-02  8.45980E-02  1.08150E-01       9.90070E-05  2.19340E-01

 -2.14013E-01  2.14425E-01  5.36682E-01  8.29597E-01  9.81480E-01      -1.00000E+00  1.00000E+00
 -2.05463E-01  2.50080E-01  5.97465E-01  8.59370E-01  9.83287E-01      -1.00000E+00  1.00000E+00
 -2.08925E-01  2.42765E-01  5.92978E-01  8.52577E-01  9.83823E-01      -1.00000E+00  1.00000E+00
 -2.14188E-01  2.08505E-01  5.54595E-01  8.31153E-01  9.81202E-01      -1.00000E+00  1.00000E+00
 -2.10697E-01  1.69077E-01  5.32563E-01  8.11817E-01  9.79080E-01      -1.00000E+00  1.00000E+00
  8.34090E-01  9.03980E-01  9.53127E-01  9.84853E-01  9.98450E-01       3.36250E-01  1.00000E+00
  8.44740E-01  9.15453E-01  9.61870E-01  9.87715E-01  9.98685E-01       3.41210E-01  1.00000E+00
  8.53485E-01  9.18315E-01  9.59602E-01  9.86603E-01  9.98573E-01       2.45000E-01  1.00000E+00
  8.73475E-01  9.30375E-01  9.61645E-01  9.85232E-01  9.98322E-01       3.18850E-01  1.00000E+00
  9.18297E-01  9.62017E-01  9.82410E-01  9.93920E-01  9.99295E-01       4.36060E-01  1.00000E+00
  9.59840E-01  9.85367E-01  9.94510E-01  9.98355E-01  9.99830E-01       8.34010E-01  1.00000E+00
  9.59258E-01  9.83805E-01  9.93663E-01  9.98018E-01  9.99790E-01       8.17350E-01  1.00000E+00
  9.58985E-01  9.81380E-01  9.92343E-01  9.97557E-01  9.99740E-01       8.44130E-01  1.00000E+00
  9.63125E-01  9.80313E-01  9.90910E-01  9.96968E-01  9.99672E-01       8.18150E-01  1.00000E+00
  9.75880E-01  9.88452E-01  9.94358E-01  9.97992E-01  9.99775E-01       8.76580E-01  1.00000E+00
  9.83208E-01  9.94582E-01  9.97910E-01  9.99355E-01  9.99935E-01       9.11540E-01  1.00000E+00
  9.81878E-01  9.93247E-01  9.97343E-01  9.99175E-01  9.99912E-01       9.23710E-01  1.00000E+00
  9.81793E-01  9.92133E-01  9.96752E-01  9.98978E-01  9.99893E-01       9.20910E-01  1.00000E+00
  9.83595E-01  9.91940E-01  9.96400E-01  9.98815E-01  9.99877E-01       9.24780E-01  1.00000E+00
  9.88317E-01  9.94755E-01  9.97583E-01  9.99173E-01  9.99908E-01       9.34130E-01  1.00000E+00
  9.93265E-01  9.97335E-01  9.98938E-01  9.99665E-01  9.99965E-01       9.60440E-01  1.00000E+00
  9.93428E-01  9.97060E-01  9.98755E-01  9.99603E-01  9.99957E-01       9.66930E-01  1.00000E+00
  9.93950E-01  9.97257E-01  9.98758E-01  9.99582E-01  9.99955E-01       9.68150E-01  1.00000E+00
  9.94750E-01  9.97675E-01  9.98960E-01  9.99653E-01  9.99962E-01       9.74110E-01  1.00000E+00
  9.95850E-01  9.98243E-01  9.99223E-01  9.99742E-01  9.99970E-01       9.76420E-01  1.00000E+00


    1.   3.02    6.  12.01  1.00E+03  0.00E+00  6.27E-02  1.67E-02     5   0.00

  7.33540E+01  1.75070E+02  2.62470E+02  3.51110E+02  4.62450E+02       1.01400E-01  7.27580E+02

  4.43485E-01  6.39115E-01  7.72660E-01  8.75825E-01  9.62550E-01       1.82060E-02  9.99980E-01
  4.18670E-01  6.34160E-01  7.68660E-01  8.73725E-01  9.61235E-01       1.18090E-02  1.00000E+00
  4.25920E-01  6.38900E-01  7.70415E-01  8.75300E-01  9.61105E-01       2.32990E-02  9.99990E-01
  4.10885E-01  6.21145E-01  7.52690E-01  8.58040E-01  9.53155E-01       3.98810E-02  9.99990E-01
  2.86175E-01  4.44535E-01  5.65880E-01  6.92630E-01  8.55775E-01       9.45740E-03  9.99870E-01

 -9.54647E-01 -5.89687E-01  7.04720E-03  5.87447E-01  9.51313E-01      -1.00000E+00  1.00000E+00
 -9.42088E-01 -5.87880E-01 -2.23800E-03  6.10460E-01  9.58638E-01      -1.00000E+00  9.99990E-01
 -9.55295E-01 -6.03378E-01 -5.67558E-02  5.66688E-01  9.47623E-01      -1.00000E+00  1.00000E+00
 -9.54515E-01 -6.00800E-01  8.23835E-03  5.85820E-01  9.52290E-01      -1.00000E+00  9.99990E-01
 -9.50438E-01 -6.01363E-01 -1.47348E-02  5.76948E-01  9.43978E-01      -1.00000E+00  9.99970E-01
 -9.50757E-01 -5.71440E-01 -1.53969E-02  5.82350E-01  9.52503E-01      -1.00000E+00  9.99960E-01
 -9.51100E-01 -5.83785E-01  4.50575E-03  5.70515E-01  9.48195E-01      -1.00000E+00  9.99990E-01
 -9.48307E-01 -5.57325E-01  2.92003E-02  6.11485E-01  9.54263E-01      -1.00000E+00  9.99940E-01
 -9.52308E-01 -5.86465E-01 -2.42552E-02  5.88597E-01  9.45802E-01      -1.00000E+00  9.99990E-01
 -9.44632E-01 -5.84250E-01 -7.49925E-03  5.76805E-01  9.51432E-01      -1.00000E+00  9.99970E-01
 -9.48665E-01 -5.60268E-01  3.01895E-02  6.15762E-01  9.53773E-01      -1.00000E+00  9.99990E-01
 -9.53050E-01 -5.70867E-01  3.91423E-02  6.10015E-01  9.54237E-01      -1.00000E+00  9.99990E-01
 -9.46590E-01 -5.80263E-01  8.79425E-03  5.82855E-01  9.50603E-01      -1.00000E+00  9.99920E-01
 -9.52225E-01 -5.93555E-01 -1.79835E-02  5.77335E-01  9.52477E-01      -1.00000E+00  9.99990E-01
 -9.50660E-01 -5.79978E-01  4.95495E-02  6.23030E-01  9.47650E-01      -1.00000E+00  9.99990E-01
 -9.52763E-01 -5.99757E-01 -2.43128E-02  5.86008E-01  9.50975E-01      -1.00000E+00  9.99960E-01
 -9.51595E-01 -5.73257E-01  5.75950E-03  5.82160E-01  9.50730E-01      -1.00000E+00  1.00000E+00
 -9.56820E-01 -5.96732E-01 -1.71767E-02  6.01278E-01  9.54190E-01      -1.00000E+00  9.99870E-01
 -9.54600E-01 -6.16235E-01 -2.54910E-02  5.79935E-01  9.46673E-01      -1.00000E+00  9.99980E-01
 -9.48117E-01 -5.65573E-01  3.10930E-02  6.05160E-01  9.42303E-01      -1.00000E+00  9.99990E-01
 -9.52815E-01 -5.80778E-01  1.00199E-02  5.75688E-01  9.44125E-01      -1.00000E+00  9.99990E-01
 -9.47800E-01 -5.57060E-01  1.77280E-02  5.95652E-01  9.52815E-01      -1.00000E+00  9.99970E-01
 -9.55473E-01 -5.98155E-01  2.39562E-02  5.87685E-01  9.51338E-01      -1.00000E+00  9.99990E-01
 -9.51430E-01 -5.91010E-01  1.38350E-02  5.89018E-01  9.54893E-01      -1.00000E+00  9.99990E-01
 -9.50200E-01 -6.00755E-01 -8.99635E-03  5.70277E-01  9.51210E-01      -1.00000E+00  9.99990E-01


    1.   3.02    6.  12.01  1.00E+03  3.00E+01  9.92E-02  3.08E-02     5   0.00

  8.58920E+01  2.02210E+02  3.03090E+02  4.04260E+02  5.47850E+02       5.33780E-02  8.34710E+02

  4.36855E-01  6.42080E-01  7.73085E-01  8.75245E-01  9.61660E-01       1.46230E-02  9.99990E-01
  4.18415E-01  6.29595E-01  7.65415E-01  8.70945E-01  9.59830E-01       3.32240E-02  9.99990E-01
  4.07305E-01  6.20470E-01  7.57285E-01  8.66095E-01  9.58220E-01       1.86460E-02  1.00000E+00
  3.67170E-01  5.73090E-01  7.10020E-01  8.26995E-01  9.41905E-01       4.57770E-02  1.00000E+00
  2.64520E-01  4.24285E-01  5.43910E-01  6.66520E-01  8.28265E-01       1.76920E-02  9.99960E-01

 -9.46725E-01 -5.71472E-01 -1.89927E-02  5.78958E-01  9.49295E-01      -1.00000E+00  1.00000E+00
 -9.47715E-01 -5.70620E-01  1.83352E-02  5.97948E-01  9.51590E-01      -1.00000E+00  1.00000E+00
 -9.48375E-01 -6.03038E-01 -1.54795E-02  5.81783E-01  9.52260E-01      -1.00000E+00  1.00000E+00
 -9.53430E-01 -5.78280E-01 -1.63165E-02  5.81815E-01  9.54505E-01      -1.00000E+00  9.99990E-01
 -9.46700E-01 -5.76802E-01  5.35029E-03  6.01075E-01  9.51485E-01      -1.00000E+00  9.99980E-01
 -9.51720E-01 -5.37630E-01  7.78345E-02  6.26560E-01  9.54560E-01      -1.00000E+00  1.00000E+00
 -9.41192E-01 -5.16488E-01  7.40760E-02  6.31622E-01  9.55420E-01      -1.00000E+00  9.99980E-01
 -9.51280E-01 -5.48315E-01  6.44017E-02  6.23950E-01  9.55030E-01      -1.00000E+00  9.99990E-01
 -9.50200E-01 -5.70960E-01  5.45638E-02  6.16127E-01  9.56852E-01      -1.00000E+00  1.00000E+00
 -9.47428E-01 -5.73972E-01  7.74912E-03  6.05830E-01  9.50900E-01      -1.00000E+00  1.00000E+00
 -9.05558E-01 -3.80120E-01  2.69760E-01  7.27970E-01  9.69815E-01      -1.00000E+00  1.00000E+00
 -9.18605E-01 -4.35712E-01  2.07850E-01  6.97310E-01  9.62472E-01      -1.00000E+00  1.00000E+00
 -9.33490E-01 -4.76347E-01  1.65662E-01  6.84980E-01  9.61635E-01      -1.00000E+00  1.00000E+00
 -9.31895E-01 -4.75840E-01  1.42651E-01  6.80980E-01  9.60055E-01      -1.00000E+00  9.99990E-01
 -9.53102E-01 -5.47750E-01  7.04412E-02  6.32953E-01  9.56373E-01      -1.00000E+00  1.00000E+00
 -8.15787E-01 -1.59464E-01  4.17262E-01  7.80787E-01  9.76888E-01      -1.00000E+00  1.00000E+00
 -7.17222E-01 -8.84187E-02  4.38217E-01  7.96813E-01  9.78185E-01      -1.00000E+00  1.00000E+00
 -6.74148E-01 -3.59275E-02  4.77525E-01  8.03810E-01  9.79938E-01      -1.00000E+00  1.00000E+00
 -6.73870E-01 -2.99500E-02  4.53735E-01  8.01130E-01  9.77020E-01      -1.00000E+00  1.00000E+00
 -8.29187E-01 -1.75432E-01  3.79703E-01  7.72735E-01  9.75010E-01      -1.00000E+00  1.00000E+00
  5.15250E-03  4.68095E-01  7.43900E-01  9.16417E-01  9.89918E-01      -9.99990E-01  1.00000E+00
  9.67150E-02  5.34880E-01  7.79097E-01  9.23388E-01  9.91590E-01      -1.00000E+00  1.00000E+00
  1.33436E-01  5.82247E-01  8.11475E-01  9.37348E-01  9.93505E-01      -9.96820E-01  1.00000E+00
  1.11021E-01  6.04750E-01  8.25533E-01  9.43832E-01  9.94053E-01      -9.99840E-01  1.00000E+00
 -7.89150E-02  5.11458E-01  7.87550E-01  9.32300E-01  9.92425E-01      -9.99990E-01  1.00000E+00


    1.   3.02    6.  12.01  1.00E+03  4.50E+01  1.60E-01  5.83E-02     5   0.00

  1.04160E+02  2.41200E+02  3.58240E+02  4.78230E+02  6.37810E+02       8.52830E-02  8.92490E+02

  4.32895E-01  6.35780E-01  7.68270E-01  8.72235E-01  9.60195E-01       1.32600E-02  1.00000E+00
  4.06720E-01  6.16770E-01  7.55330E-01  8.65220E-01  9.58485E-01       2.77550E-02  9.99980E-01
  3.84960E-01  5.93215E-01  7.31905E-01  8.47585E-01  9.51515E-01       1.67810E-02  1.00000E+00
  3.38705E-01  5.28305E-01  6.67520E-01  7.92190E-01  9.18585E-01       1.59810E-02  9.99990E-01
  2.36760E-01  3.76760E-01  4.88195E-01  6.02640E-01  7.55965E-01       3.50480E-03  9.99980E-01

 -9.45500E-01 -5.63430E-01  2.90100E-02  6.04542E-01  9.49543E-01      -1.00000E+00  1.00000E+00
 -9.47062E-01 -5.59810E-01  2.37140E-02  6.05287E-01  9.52850E-01      -1.00000E+00  1.00000E+00
 -9.50925E-01 -5.88867E-01 -5.72700E-04  5.88010E-01  9.50627E-01      -1.00000E+00  9.99990E-01
 -9.48647E-01 -5.75843E-01  2.74225E-02  6.03343E-01  9.55668E-01      -1.00000E+00  1.00000E+00
 -9.49415E-01 -5.76118E-01  9.91852E-03  5.96448E-01  9.52412E-01      -1.00000E+00  1.00000E+00
 -9.31937E-01 -4.71930E-01  1.49402E-01  6.63098E-01  9.63303E-01      -1.00000E+00  1.00000E+00
 -9.37148E-01 -4.78775E-01  1.56189E-01  6.74990E-01  9.64880E-01      -1.00000E+00  1.00000E+00
 -9.37592E-01 -4.98970E-01  1.10324E-01  6.50168E-01  9.60245E-01      -1.00000E+00  1.00000E+00
 -9.44678E-01 -5.22297E-01  1.03081E-01  6.42505E-01  9.56015E-01      -1.00000E+00  1.00000E+00
 -9.51367E-01 -5.62488E-01  3.47995E-02  6.19472E-01  9.54165E-01      -1.00000E+00  1.00000E+00
 -8.29493E-01 -1.64627E-01  4.24860E-01  7.88108E-01  9.73850E-01      -1.00000E+00  1.00000E+00
 -8.40815E-01 -1.95097E-01  3.86575E-01  7.85780E-01  9.77370E-01      -1.00000E+00  9.99990E-01
 -8.35352E-01 -2.33733E-01  3.71220E-01  7.72122E-01  9.74205E-01      -1.00000E+00  1.00000E+00
 -8.52165E-01 -2.86177E-01  3.15447E-01  7.51633E-01  9.73857E-01      -1.00000E+00  1.00000E+00
 -9.11382E-01 -4.16787E-01  1.88648E-01  6.81965E-01  9.62848E-01      -1.00000E+00  1.00000E+00
 -2.87683E-01  2.90005E-01  6.72732E-01  8.88460E-01  9.88150E-01      -9.99980E-01  1.00000E+00
 -2.12012E-01  3.26550E-01  6.75505E-01  8.86267E-01  9.87575E-01      -9.99950E-01  1.00000E+00
 -2.01210E-01  3.36450E-01  6.82125E-01  8.88323E-01  9.88530E-01      -9.99990E-01  1.00000E+00
 -2.50337E-01  3.48907E-01  6.92360E-01  8.91548E-01  9.88280E-01      -9.99950E-01  1.00000E+00
 -5.25103E-01  2.09900E-01  6.21820E-01  8.62870E-01  9.85278E-01      -1.00000E+00  1.00000E+00
  3.93112E-01  6.98100E-01  8.62572E-01  9.53357E-01  9.95087E-01      -9.87580E-01  1.00000E+00
  4.29623E-01  7.20768E-01  8.73335E-01  9.58070E-01  9.95258E-01      -9.96650E-01  1.00000E+00
  4.45565E-01  7.47280E-01  8.86462E-01  9.60948E-01  9.96040E-01      -9.47760E-01  1.00000E+00
  4.25148E-01  7.51200E-01  8.91127E-01  9.64492E-01  9.96360E-01      -9.97430E-01  1.00000E+00
  3.67547E-01  7.27540E-01  8.81785E-01  9.61082E-01  9.95648E-01      -9.99840E-01  1.00000E+00


    1.   3.02    6.  12.01  1.00E+03  6.00E+01  2.71E-01  1.22E-01     5   0.00

  1.37650E+02  3.11680E+02  4.55060E+02  5.95190E+02  7.51600E+02       2.38410E-02  9.44560E+02

  4.20585E-01  6.26105E-01  7.61250E-01  8.68400E-01  9.58500E-01       2.01710E-02  1.00000E+00
  3.77625E-01  5.86100E-01  7.28270E-01  8.45715E-01  9.50085E-01       1.65040E-02  1.00000E+00
  3.37165E-01  5.31505E-01  6.73635E-01  8.02315E-01  9.31450E-01       1.85530E-02  9.99990E-01
  2.77315E-01  4.40575E-01  5.67040E-01  6.91665E-01  8.42245E-01       1.19840E-02  9.99960E-01
  1.84465E-01  2.97200E-01  3.89450E-01  4.86035E-01  6.25460E-01       1.56950E-03  9.95650E-01

 -9.44727E-01 -5.69480E-01  3.84227E-02  6.15067E-01  9.55773E-01      -1.00000E+00  1.00000E+00
 -9.46118E-01 -5.64460E-01  4.10510E-02  6.15175E-01  9.54930E-01      -1.00000E+00  1.00000E+00
 -9.47773E-01 -5.65695E-01  2.61038E-02  6.20725E-01  9.54830E-01      -1.00000E+00  1.00000E+00
 -9.48862E-01 -5.76900E-01  2.79883E-02  6.05167E-01  9.52305E-01      -1.00000E+00  1.00000E+00
 -9.49880E-01 -5.70360E-01  3.00973E-02  6.03385E-01  9.51272E-01      -1.00000E+00  1.00000E+00
 -8.98532E-01 -3.20057E-01  3.08670E-01  7.50505E-01  9.70272E-01      -1.00000E+00  1.00000E+00
 -8.87717E-01 -3.19032E-01  2.76445E-01  7.38775E-01  9.72472E-01      -1.00000E+00  1.00000E+00
 -9.06033E-01 -3.46498E-01  2.65915E-01  7.26428E-01  9.67643E-01      -1.00000E+00  1.00000E+00
 -9.13727E-01 -3.82690E-01  2.31332E-01  7.11490E-01  9.68507E-01      -1.00000E+00  1.00000E+00
 -9.31807E-01 -4.93758E-01  1.28633E-01  6.64977E-01  9.63315E-01      -1.00000E+00  1.00000E+00
 -3.68515E-01  2.53682E-01  6.48295E-01  8.78543E-01  9.86838E-01      -1.00000E+00  1.00000E+00
 -3.36483E-01  2.59263E-01  6.47478E-01  8.76925E-01  9.86457E-01      -9.99990E-01  1.00000E+00
 -3.60303E-01  2.37292E-01  6.30858E-01  8.75412E-01  9.85890E-01      -1.00000E+00  1.00000E+00
 -4.51355E-01  1.67297E-01  5.97330E-01  8.55765E-01  9.84993E-01      -1.00000E+00  1.00000E+00
 -6.89752E-01 -3.33282E-02  4.55857E-01  7.99110E-01  9.78035E-01      -1.00000E+00  1.00000E+00
  1.82679E-01  5.91073E-01  8.16590E-01  9.38377E-01  9.93362E-01      -9.76770E-01  1.00000E+00
  2.19439E-01  5.99052E-01  8.18263E-01  9.39007E-01  9.93600E-01      -9.99680E-01  1.00000E+00
  2.40655E-01  6.14380E-01  8.22442E-01  9.40300E-01  9.93420E-01      -9.88080E-01  1.00000E+00
  2.62470E-01  6.26475E-01  8.24875E-01  9.39455E-01  9.93570E-01      -1.00000E+00  1.00000E+00
  1.60191E-01  6.21277E-01  8.24677E-01  9.41210E-01  9.93675E-01      -9.99930E-01  1.00000E+00
  6.51480E-01  8.30797E-01  9.26952E-01  9.76172E-01  9.97260E-01      -5.66410E-01  1.00000E+00
  6.65295E-01  8.47145E-01  9.31890E-01  9.77968E-01  9.97487E-01      -3.98380E-01  1.00000E+00
  6.85163E-01  8.57440E-01  9.36585E-01  9.78485E-01  9.97652E-01      -5.08950E-01  1.00000E+00
  6.90980E-01  8.64485E-01  9.40953E-01  9.80145E-01  9.97748E-01      -5.18840E-01  1.00000E+00
  6.86117E-01  8.71220E-01  9.44780E-01  9.81662E-01  9.97877E-01      -4.41410E-01  1.00000E+00


    1.   3.02    6.  12.01  1.00E+03  7.00E+01  3.89E-01  2.09E-01     5   0.00

  1.79070E+02  3.95550E+02  5.66220E+02  7.10780E+02  8.44120E+02       7.86910E-02  9.71300E+02

  4.06190E-01  6.13875E-01  7.50810E-01  8.60920E-01  9.56340E-01       1.29870E-02  1.00000E+00
  3.40610E-01  5.39135E-01  6.83565E-01  8.13450E-01  9.37515E-01       1.50680E-02  1.00000E+00
  2.77370E-01  4.44385E-01  5.77720E-01  7.13060E-01  8.74490E-01       7.64390E-03  1.00000E+00
  2.15740E-01  3.44855E-01  4.52835E-01  5.66965E-01  7.21395E-01       1.38640E-02  9.98470E-01
  1.39030E-01  2.20565E-01  2.90860E-01  3.69575E-01  4.86045E-01       8.26590E-04  9.33210E-01

 -9.45013E-01 -5.40968E-01  8.06118E-02  6.46165E-01  9.60540E-01      -1.00000E+00  1.00000E+00
 -9.40172E-01 -5.33848E-01  6.87825E-02  6.21638E-01  9.57037E-01      -1.00000E+00  1.00000E+00
 -9.43445E-01 -5.51508E-01  5.74229E-02  6.30182E-01  9.58110E-01      -1.00000E+00  1.00000E+00
 -9.46808E-01 -5.54865E-01  4.26389E-02  6.18907E-01  9.55843E-01      -1.00000E+00  1.00000E+00
 -9.46500E-01 -5.66285E-01  3.69266E-02  6.06872E-01  9.53503E-01      -1.00000E+00  1.00000E+00
 -6.57803E-01 -2.17325E-02  5.02490E-01  8.28852E-01  9.80562E-01      -1.00000E+00  1.00000E+00
 -6.48950E-01 -3.72750E-03  5.01358E-01  8.23743E-01  9.79828E-01      -1.00000E+00  1.00000E+00
 -6.73015E-01 -3.33175E-02  4.90588E-01  8.21562E-01  9.79093E-01      -1.00000E+00  1.00000E+00
 -7.46845E-01 -1.16233E-01  4.37415E-01  7.94893E-01  9.77550E-01      -1.00000E+00  1.00000E+00
 -8.83310E-01 -3.28080E-01  2.79972E-01  7.39155E-01  9.71480E-01      -1.00000E+00  1.00000E+00
  4.56683E-02  5.18950E-01  7.83448E-01  9.26220E-01  9.92158E-01      -9.98110E-01  1.00000E+00
  7.07498E-02  5.34567E-01  7.84940E-01  9.26953E-01  9.91862E-01      -9.96130E-01  1.00000E+00
  8.38327E-02  5.24262E-01  7.79133E-01  9.25267E-01  9.91955E-01      -9.98180E-01  1.00000E+00
  8.98400E-02  5.19493E-01  7.78095E-01  9.23155E-01  9.91615E-01      -1.00000E+00  1.00000E+00
 -7.14775E-02  4.46162E-01  7.34927E-01  9.07505E-01  9.89818E-01      -1.00000E+00  1.00000E+00
  4.86413E-01  7.56873E-01  8.95643E-01  9.65393E-01  9.96138E-01      -9.39300E-01  1.00000E+00
  5.12757E-01  7.69035E-01  8.97463E-01  9.65795E-01  9.96275E-01      -5.34560E-01  1.00000E+00
  5.40328E-01  7.80023E-01  9.00848E-01  9.66925E-01  9.96500E-01      -7.28030E-01  1.00000E+00
  5.66895E-01  7.87730E-01  9.01263E-01  9.67063E-01  9.96465E-01      -7.01460E-01  1.00000E+00
  5.95592E-01  8.21430E-01  9.19687E-01  9.72155E-01  9.96992E-01      -9.98060E-01  1.00000E+00
  8.07492E-01  9.15510E-01  9.63118E-01  9.88302E-01  9.98752E-01      -3.93650E-02  1.00000E+00
  8.15650E-01  9.16923E-01  9.64765E-01  9.88563E-01  9.98783E-01      -3.07430E-02  1.00000E+00
  8.20542E-01  9.20170E-01  9.64468E-01  9.88633E-01  9.98768E-01      -2.79840E-02  1.00000E+00
  8.33593E-01  9.24898E-01  9.66215E-01  9.88235E-01  9.98830E-01       1.09110E-01  1.00000E+00
  8.44472E-01  9.36743E-01  9.72198E-01  9.90625E-01  9.99020E-01       9.21580E-02  1.00000E+00


    1.   3.02    6.  12.01  1.00E+03  8.00E+01  5.70E-01  3.89E-01     5   0.00

  2.76790E+02  5.78590E+02  7.62170E+02  8.71450E+02  9.44640E+02       5.98790E-02  9.88460E+02

  3.66530E-01  5.69080E-01  7.11805E-01  8.33555E-01  9.45215E-01       4.84320E-03  1.00000E+00
  2.55010E-01  4.14650E-01  5.48270E-01  6.88490E-01  8.65415E-01       6.25940E-03  1.00000E+00
  1.76410E-01  2.85375E-01  3.83300E-01  4.97350E-01  6.70015E-01       8.28590E-03  9.99450E-01
  1.28325E-01  1.99915E-01  2.67095E-01  3.47780E-01  4.74135E-01       5.23400E-03  8.59460E-01
  7.67195E-02  1.17829E-01  1.55895E-01  2.01775E-01  2.75000E-01       1.68240E-04  6.37570E-01

 -8.95432E-01 -3.98367E-01  2.05543E-01  6.98613E-01  9.64647E-01      -1.00000E+00  1.00000E+00
 -8.85995E-01 -3.56047E-01  2.36290E-01  7.10995E-01  9.67537E-01      -1.00000E+00  1.00000E+00
 -8.97308E-01 -3.67843E-01  2.35874E-01  7.08172E-01  9.66923E-01      -1.00000E+00  1.00000E+00
 -9.10473E-01 -4.08810E-01  1.97392E-01  6.91310E-01  9.65322E-01      -1.00000E+00  1.00000E+00
 -9.33893E-01 -4.88115E-01  1.27146E-01  6.58510E-01  9.61365E-01      -1.00000E+00  1.00000E+00
  9.32750E-03  4.70125E-01  7.61273E-01  9.20645E-01  9.91645E-01      -9.99640E-01  1.00000E+00
  4.93325E-02  5.08835E-01  7.77990E-01  9.23910E-01  9.91980E-01      -9.99940E-01  1.00000E+00
  5.97625E-02  5.14150E-01  7.79630E-01  9.25000E-01  9.91545E-01      -9.99960E-01  1.00000E+00
  3.21100E-02  4.83080E-01  7.62555E-01  9.19732E-01  9.91320E-01      -1.00000E+00  1.00000E+00
 -1.55785E-01  3.38952E-01  6.64880E-01  8.82035E-01  9.87007E-01      -1.00000E+00  1.00000E+00
  5.70620E-01  8.05075E-01  9.17543E-01  9.73278E-01  9.97113E-01      -3.31250E-01  1.00000E+00
  6.00358E-01  8.16635E-01  9.21127E-01  9.74268E-01  9.97300E-01      -5.91890E-01  1.00000E+00
  6.09335E-01  8.15852E-01  9.20117E-01  9.74655E-01  9.97192E-01      -5.94170E-01  1.00000E+00
  6.28657E-01  8.15605E-01  9.17228E-01  9.72803E-01  9.97070E-01      -5.06980E-01  1.00000E+00
  6.93970E-01  8.49733E-01  9.29778E-01  9.75683E-01  9.97355E-01      -4.74720E-01  1.00000E+00
  8.15525E-01  9.24685E-01  9.69137E-01  9.90103E-01  9.98925E-01       3.37390E-01  1.00000E+00
  8.30992E-01  9.28487E-01  9.70230E-01  9.90465E-01  9.98997E-01       2.92510E-01  1.00000E+00
  8.36228E-01  9.26135E-01  9.68795E-01  9.89833E-01  9.98888E-01       9.32030E-02  1.00000E+00
  8.46413E-01  9.24153E-01  9.66078E-01  9.88800E-01  9.98857E-01       2.90940E-01  1.00000E+00
  8.80055E-01  9.44613E-01  9.74525E-01  9.91252E-01  9.99070E-01       2.32020E-01  1.00000E+00
  9.43435E-01  9.77200E-01  9.90897E-01  9.97105E-01  9.99710E-01       6.74820E-01  1.00000E+00
  9.47102E-01  9.78645E-01  9.91187E-01  9.97230E-01  9.99710E-01       6.43400E-01  1.00000E+00
  9.47867E-01  9.77465E-01  9.90498E-01  9.96968E-01  9.99677E-01       5.76940E-01  1.00000E+00
  9.50840E-01  9.77963E-01  9.90137E-01  9.96707E-01  9.99655E-01       7.08990E-01  1.00000E+00
  9.58850E-01  9.82610E-01  9.92347E-01  9.97510E-01  9.99742E-01       6.62750E-01  1.00000E+00


    1.   3.02    6.  12.01  1.00E+03  8.50E+01  7.59E-01  6.33E-01     5   0.00

  4.83530E+02  8.40470E+02  9.37750E+02  9.67220E+02  9.83310E+02       8.06220E-02  9.93420E+02

  2.82895E-01  4.60640E-01  6.00755E-01  7.39395E-01  8.96330E-01       5.18400E-03  1.00000E+00
  1.32155E-01  2.14815E-01  2.97340E-01  4.03755E-01  5.77540E-01       2.28680E-03  9.96380E-01
  7.96680E-02  1.22010E-01  1.66345E-01  2.28700E-01  3.38385E-01       2.31750E-03  6.76210E-01
  5.39640E-02  8.05760E-02  1.06971E-01  1.43110E-01  2.09510E-01       1.74720E-04  4.19370E-01
  3.31965E-02  5.26005E-02  6.96855E-02  9.08725E-02  1.25676E-01       1.81340E-04  2.95830E-01

 -3.81892E-01  8.88200E-02  5.31593E-01  8.36083E-01  9.82415E-01      -1.00000E+00  1.00000E+00
 -3.62505E-01  1.38298E-01  5.63750E-01  8.43162E-01  9.82703E-01      -1.00000E+00  1.00000E+00
 -3.67878E-01  1.17278E-01  5.46650E-01  8.38560E-01  9.81818E-01      -1.00000E+00  1.00000E+00
 -3.98910E-01  6.93750E-02  5.07698E-01  8.20183E-01  9.79733E-01      -1.00000E+00  1.00000E+00
 -5.39567E-01 -1.88425E-02  4.35989E-01  7.87837E-01  9.75227E-01      -1.00000E+00  1.00000E+00
  7.03472E-01  8.62545E-01  9.45450E-01  9.82805E-01  9.98190E-01      -2.65490E-01  1.00000E+00
  7.27305E-01  8.81575E-01  9.51500E-01  9.84452E-01  9.98352E-01      -3.91550E-01  1.00000E+00
  7.33623E-01  8.77683E-01  9.48198E-01  9.83260E-01  9.98182E-01      -1.25270E-01  1.00000E+00
  7.36785E-01  8.68597E-01  9.41678E-01  9.80573E-01  9.97930E-01      -3.38490E-01  1.00000E+00
  7.89858E-01  8.96695E-01  9.50700E-01  9.82713E-01  9.98088E-01      -4.82490E-02  1.00000E+00
  9.21783E-01  9.70772E-01  9.89178E-01  9.96755E-01  9.99672E-01       6.58530E-01  1.00000E+00
  9.26640E-01  9.72670E-01  9.89495E-01  9.96725E-01  9.99660E-01       5.22110E-01  1.00000E+00
  9.25105E-01  9.69580E-01  9.87875E-01  9.96167E-01  9.99588E-01       6.47310E-01  1.00000E+00
  9.26273E-01  9.63780E-01  9.84372E-01  9.95075E-01  9.99478E-01       6.44690E-01  1.00000E+00
  9.48987E-01  9.74187E-01  9.87402E-01  9.95560E-01  9.99515E-01       7.01440E-01  1.00000E+00
  9.79085E-01  9.93593E-01  9.97620E-01  9.99273E-01  9.99925E-01       8.46190E-01  1.00000E+00
  9.77208E-01  9.92590E-01  9.97155E-01  9.99123E-01  9.99907E-01       8.81080E-01  1.00000E+00
  9.74952E-01  9.90950E-01  9.96422E-01  9.98895E-01  9.99887E-01       8.81100E-01  1.00000E+00
  9.73620E-01  9.88635E-01  9.95390E-01  9.98515E-01  9.99842E-01       8.87740E-01  1.00000E+00
  9.80155E-01  9.90405E-01  9.95553E-01  9.98485E-01  9.99830E-01       8.95130E-01  1.00000E+00
  9.92797E-01  9.97648E-01  9.99095E-01  9.99718E-01  9.99970E-01       9.44670E-01  1.00000E+00
  9.91847E-01  9.97110E-01  9.98850E-01  9.99630E-01  9.99962E-01       9.41940E-01  1.00000E+00
  9.91387E-01  9.96650E-01  9.98660E-01  9.99573E-01  9.99953E-01       9.42370E-01  1.00000E+00
  9.91340E-01  9.96275E-01  9.98403E-01  9.99478E-01  9.99945E-01       9.49450E-01  1.00000E+00
  9.92895E-01  9.96925E-01  9.98635E-01  9.99545E-01  9.99953E-01       9.53950E-01  1.00000E+00


    1.   3.02    6.  12.01  2.00E+03  0.00E+00  3.83E-02  9.45E-03     5   0.00

  1.34820E+02  3.15900E+02  4.76080E+02  6.47850E+02  8.73580E+02       2.70910E-01  1.41190E+03

  4.31835E-01  6.35310E-01  7.70285E-01  8.74550E-01  9.61360E-01       3.60650E-02  9.99960E-01
  4.12110E-01  6.22580E-01  7.65165E-01  8.70515E-01  9.61105E-01       2.27800E-02  9.99950E-01
  4.24255E-01  6.34170E-01  7.67590E-01  8.73605E-01  9.60525E-01       3.53110E-02  9.99970E-01
  3.95925E-01  6.05250E-01  7.44460E-01  8.53560E-01  9.51170E-01       4.40940E-02  9.99980E-01
  2.71995E-01  4.36075E-01  5.58850E-01  6.74245E-01  8.30275E-01       1.32030E-02  9.99620E-01

 -9.50708E-01 -5.91648E-01  2.31133E-02  6.04382E-01  9.56757E-01      -1.00000E+00  9.99980E-01
 -9.51388E-01 -6.01273E-01  1.19760E-02  6.04365E-01  9.52920E-01      -1.00000E+00  9.99770E-01
 -9.51750E-01 -5.86620E-01  7.08090E-03  5.98827E-01  9.54007E-01      -1.00000E+00  9.99980E-01
 -9.55612E-01 -5.97468E-01  2.33887E-02  5.89200E-01  9.57050E-01      -1.00000E+00  9.99980E-01
 -9.55600E-01 -5.93435E-01 -2.93172E-02  6.03420E-01  9.56328E-01      -1.00000E+00  9.99980E-01
 -9.49675E-01 -6.17135E-01 -1.97313E-02  5.68202E-01  9.51875E-01      -1.00000E+00  9.99960E-01
 -9.47710E-01 -5.62190E-01  5.99328E-02  6.23298E-01  9.57502E-01      -1.00000E+00  9.99970E-01
 -9.51530E-01 -5.61890E-01  2.95137E-02  6.14928E-01  9.45125E-01      -1.00000E+00  9.99960E-01
 -9.42085E-01 -5.92250E-01  8.74300E-03  5.90548E-01  9.51890E-01      -1.00000E+00  9.99960E-01
 -9.46320E-01 -5.61535E-01 -1.84650E-03  5.74050E-01  9.57977E-01      -1.00000E+00  9.99930E-01
 -9.39125E-01 -5.72008E-01  1.50582E-02  6.09295E-01  9.54705E-01      -1.00000E+00  9.99970E-01
 -9.45692E-01 -5.29238E-01  4.54150E-02  5.98513E-01  9.45780E-01      -1.00000E+00  9.99920E-01
 -9.32887E-01 -5.54808E-01  1.49365E-02  6.11880E-01  9.51890E-01      -9.99990E-01  9.99970E-01
 -9.54763E-01 -5.69725E-01  1.64629E-02  5.90047E-01  9.57270E-01      -1.00000E+00  9.99990E-01
 -9.49240E-01 -5.80603E-01  2.83620E-02  6.19555E-01  9.55645E-01      -9.99990E-01  9.99980E-01
 -9.44050E-01 -5.94785E-01 -1.91250E-04  5.96750E-01  9.46975E-01      -1.00000E+00  9.99910E-01
 -9.58443E-01 -6.13642E-01 -9.75205E-03  5.70720E-01  9.50555E-01      -1.00000E+00  9.99990E-01
 -9.56635E-01 -5.62638E-01  2.82449E-02  6.14900E-01  9.49372E-01      -1.00000E+00  9.99980E-01
 -9.42290E-01 -5.81638E-01 -1.60870E-02  5.71190E-01  9.53313E-01      -1.00000E+00  9.99940E-01
 -9.55137E-01 -6.06540E-01 -3.70023E-02  5.75908E-01  9.49780E-01      -1.00000E+00  9.99910E-01
 -9.55167E-01 -5.91243E-01 -4.08125E-02  5.56058E-01  9.45503E-01      -1.00000E+00  9.99970E-01
 -9.52723E-01 -6.18602E-01 -3.46696E-02  5.90763E-01  9.50143E-01      -1.00000E+00  9.99970E-01
 -9.48608E-01 -5.67982E-01  5.36238E-02  6.18228E-01  9.50910E-01      -1.00000E+00  9.99920E-01
 -9.42018E-01 -5.59333E-01  7.26400E-02  6.32585E-01  9.59703E-01      -1.00000E+00  9.99940E-01
 -9.38320E-01 -5.59203E-01  1.45055E-02  5.61935E-01  9.41630E-01      -1.00000E+00  9.99970E-01


    1.   3.02    6.  12.01  2.00E+03  3.00E+01  6.73E-02  1.92E-02     5   0.00

  1.59530E+02  3.61960E+02  5.44250E+02  7.40570E+02  1.02220E+03       6.02860E-02  1.60860E+03

  4.25775E-01  6.35670E-01  7.68090E-01  8.72905E-01  9.59770E-01       1.69210E-02  9.99970E-01
  4.14530E-01  6.25110E-01  7.63075E-01  8.69550E-01  9.59410E-01       3.98440E-02  9.99940E-01
  4.07565E-01  6.22260E-01  7.56805E-01  8.66525E-01  9.57595E-01       3.79110E-02  9.99970E-01
  3.71500E-01  5.71780E-01  7.10160E-01  8.27300E-01  9.40325E-01       2.09930E-02  9.99970E-01
  2.61525E-01  4.17940E-01  5.40750E-01  6.60340E-01  8.17425E-01       3.11750E-02  1.00000E+00

 -9.43280E-01 -5.53005E-01  3.14593E-02  6.13170E-01  9.54600E-01      -1.00000E+00  9.99990E-01
 -9.48035E-01 -5.79163E-01  2.35455E-02  6.19312E-01  9.59180E-01      -1.00000E+00  1.00000E+00
 -9.48810E-01 -5.42283E-01  5.66617E-02  6.16407E-01  9.55125E-01      -1.00000E+00  9.99990E-01
 -9.48897E-01 -5.65862E-01  5.29152E-02  6.31058E-01  9.58708E-01      -1.00000E+00  1.00000E+00
 -9.47727E-01 -5.84300E-01  3.20447E-02  6.23607E-01  9.57495E-01      -1.00000E+00  1.00000E+00
 -9.30690E-01 -4.44882E-01  1.90005E-01  6.92130E-01  9.64893E-01      -1.00000E+00  1.00000E+00
 -9.46425E-01 -5.08103E-01  1.17409E-01  6.63140E-01  9.60547E-01      -1.00000E+00  1.00000E+00
 -9.36055E-01 -5.12600E-01  1.12858E-01  6.28070E-01  9.61440E-01      -1.00000E+00  1.00000E+00
 -9.47095E-01 -5.38095E-01  7.05777E-02  6.51320E-01  9.60967E-01      -1.00000E+00  1.00000E+00
 -9.42558E-01 -5.52085E-01  2.02844E-02  6.00302E-01  9.53510E-01      -1.00000E+00  9.99960E-01
 -8.80082E-01 -2.53510E-01  3.65718E-01  7.73425E-01  9.73905E-01      -1.00000E+00  1.00000E+00
 -8.83907E-01 -2.54565E-01  3.51620E-01  7.62298E-01  9.71765E-01      -1.00000E+00  9.99980E-01
 -8.98762E-01 -3.62252E-01  2.69250E-01  7.29695E-01  9.68235E-01      -1.00000E+00  9.99990E-01
 -9.22785E-01 -3.79165E-01  2.38445E-01  7.23958E-01  9.71090E-01      -1.00000E+00  1.00000E+00
 -9.39153E-01 -4.87843E-01  1.21206E-01  6.53423E-01  9.58718E-01      -1.00000E+00  9.99980E-01
 -7.74088E-01 -3.87294E-02  5.00005E-01  8.22623E-01  9.82910E-01      -1.00000E+00  9.99990E-01
 -7.30483E-01 -1.00003E-02  5.25423E-01  8.34060E-01  9.82470E-01      -1.00000E+00  1.00000E+00
 -7.07767E-01 -1.02800E-02  5.17892E-01  8.40398E-01  9.83343E-01      -1.00000E+00  1.00000E+00
 -6.90172E-01 -4.42750E-03  5.03328E-01  8.27313E-01  9.81170E-01      -1.00000E+00  9.99990E-01
 -8.08828E-01 -2.22110E-01  3.74173E-01  7.67087E-01  9.76893E-01      -1.00000E+00  9.99990E-01
 -7.00875E-02  4.52097E-01  7.48418E-01  9.15417E-01  9.90195E-01      -9.99980E-01  1.00000E+00
  5.06800E-02  5.07723E-01  7.80747E-01  9.26063E-01  9.92242E-01      -9.99910E-01  9.99990E-01
  8.77363E-02  5.69518E-01  8.02063E-01  9.31560E-01  9.93232E-01      -9.99590E-01  1.00000E+00
  1.19642E-01  5.88185E-01  8.20140E-01  9.38763E-01  9.93687E-01      -9.99980E-01  1.00000E+00
 -2.23750E-03  5.41275E-01  7.96303E-01  9.33110E-01  9.92213E-01      -9.99990E-01  1.00000E+00


    1.   3.02    6.  12.01  2.00E+03  4.50E+01  1.19E-01  3.99E-02     5   0.00

  1.88350E+02  4.27860E+02  6.39750E+02  8.68500E+02  1.18960E+03       4.08510E-02  1.76600E+03

  4.20235E-01  6.30210E-01  7.62785E-01  8.69595E-01  9.60555E-01       1.52960E-02  9.99980E-01
  4.02785E-01  6.17600E-01  7.55310E-01  8.62965E-01  9.56955E-01       1.81470E-02  9.99990E-01
  3.80295E-01  5.89260E-01  7.27190E-01  8.45420E-01  9.49480E-01       2.32470E-02  9.99990E-01
  3.34810E-01  5.25720E-01  6.63765E-01  7.88850E-01  9.19055E-01       1.51490E-02  9.99970E-01
  2.32315E-01  3.75245E-01  4.88005E-01  6.02530E-01  7.59595E-01       1.72760E-02  9.99640E-01

 -9.47290E-01 -5.54885E-01  6.71280E-02  6.32938E-01  9.55410E-01      -1.00000E+00  1.00000E+00
 -9.48595E-01 -5.75082E-01  4.31465E-02  6.06888E-01  9.49445E-01      -1.00000E+00  1.00000E+00
 -9.50248E-01 -5.64370E-01  4.00015E-02  5.95870E-01  9.50760E-01      -1.00000E+00  9.99990E-01
 -9.45192E-01 -5.36858E-01  6.66917E-02  6.13650E-01  9.54290E-01      -1.00000E+00  9.99990E-01
 -9.46140E-01 -5.69157E-01  2.91726E-02  6.08847E-01  9.54820E-01      -1.00000E+00  1.00000E+00
 -8.88625E-01 -3.30052E-01  2.89420E-01  7.27395E-01  9.67865E-01      -1.00000E+00  1.00000E+00
 -9.07810E-01 -3.84895E-01  2.52315E-01  7.23340E-01  9.70555E-01      -1.00000E+00  1.00000E+00
 -9.17545E-01 -4.00992E-01  2.24945E-01  7.09267E-01  9.65483E-01      -1.00000E+00  1.00000E+00
 -9.34535E-01 -4.67430E-01  1.74497E-01  6.89333E-01  9.64085E-01      -1.00000E+00  1.00000E+00
 -9.36312E-01 -4.93638E-01  1.25482E-01  6.62623E-01  9.58500E-01      -1.00000E+00  9.99990E-01
 -7.56455E-01  2.89022E-02  5.46490E-01  8.46185E-01  9.82560E-01      -1.00000E+00  1.00000E+00
 -7.77408E-01 -3.21002E-02  4.98605E-01  8.25407E-01  9.82962E-01      -1.00000E+00  1.00000E+00
 -7.98195E-01 -1.00613E-01  4.63315E-01  8.14877E-01  9.80783E-01      -1.00000E+00  9.99990E-01
 -8.45685E-01 -1.62307E-01  4.14602E-01  7.95988E-01  9.76990E-01      -1.00000E+00  1.00000E+00
 -9.05270E-01 -3.83157E-01  2.36470E-01  7.17875E-01  9.66147E-01      -1.00000E+00  1.00000E+00
 -3.14665E-01  3.63472E-01  7.13662E-01  9.07622E-01  9.89575E-01      -1.00000E+00  1.00000E+00
 -2.20039E-01  3.93912E-01  7.25048E-01  9.05668E-01  9.90125E-01      -9.99990E-01  1.00000E+00
 -2.37789E-01  3.73815E-01  7.05882E-01  9.03288E-01  9.89097E-01      -9.99950E-01  1.00000E+00
 -2.63998E-01  3.40352E-01  6.92940E-01  8.91745E-01  9.88117E-01      -9.99990E-01  1.00000E+00
 -5.54067E-01  1.62855E-01  5.92805E-01  8.56563E-01  9.83388E-01      -1.00000E+00  1.00000E+00
  3.59903E-01  7.04555E-01  8.72235E-01  9.61058E-01  9.95713E-01      -9.75250E-01  1.00000E+00
  4.05975E-01  7.24605E-01  8.76918E-01  9.59570E-01  9.95120E-01      -8.97000E-01  1.00000E+00
  4.27002E-01  7.31145E-01  8.77748E-01  9.56763E-01  9.95548E-01      -8.92120E-01  1.00000E+00
  4.49208E-01  7.56507E-01  8.88138E-01  9.62398E-01  9.95530E-01      -9.90710E-01  1.00000E+00
  3.55003E-01  7.27818E-01  8.83463E-01  9.61415E-01  9.95910E-01      -9.99820E-01  1.00000E+00


    1.   3.02    6.  12.01  2.00E+03  6.00E+01  2.27E-01  9.38E-02     5   0.00

  2.44430E+02  5.50830E+02  8.15730E+02  1.08830E+03  1.42120E+03       5.87280E-02  1.88270E+03

  4.07315E-01  6.19405E-01  7.57690E-01  8.64875E-01  9.58390E-01       4.92200E-03  1.00000E+00
  3.75120E-01  5.82840E-01  7.24890E-01  8.42330E-01  9.48345E-01       3.65710E-02  1.00000E+00
  3.26655E-01  5.19815E-01  6.60300E-01  7.89530E-01  9.25120E-01       4.20980E-02  9.99980E-01
  2.71140E-01  4.35040E-01  5.60695E-01  6.88460E-01  8.47770E-01       2.38570E-02  1.00000E+00
  1.83940E-01  2.96445E-01  3.91020E-01  4.92455E-01  6.39870E-01       3.65360E-03  9.99980E-01

 -9.43838E-01 -5.14200E-01  1.00442E-01  6.42525E-01  9.58622E-01      -1.00000E+00  1.00000E+00
 -9.40005E-01 -5.26382E-01  9.76798E-02  6.47065E-01  9.62015E-01      -1.00000E+00  1.00000E+00
 -9.38653E-01 -5.18330E-01  7.32837E-02  6.21042E-01  9.55037E-01      -1.00000E+00  1.00000E+00
 -9.44705E-01 -5.40785E-01  6.42888E-02  6.22302E-01  9.56137E-01      -1.00000E+00  1.00000E+00
 -9.49582E-01 -5.57362E-01  3.14636E-02  6.18542E-01  9.55905E-01      -1.00000E+00  1.00000E+00
 -8.02950E-01 -1.05911E-01  4.64193E-01  8.16043E-01  9.79085E-01      -1.00000E+00  1.00000E+00
 -8.12777E-01 -1.18567E-01  4.47450E-01  8.08968E-01  9.79120E-01      -1.00000E+00  1.00000E+00
 -8.53977E-01 -1.77505E-01  3.95040E-01  7.76512E-01  9.74442E-01      -1.00000E+00  9.99990E-01
 -8.70370E-01 -2.56115E-01  3.60422E-01  7.68680E-01  9.74138E-01      -1.00000E+00  1.00000E+00
 -9.17035E-01 -4.11115E-01  2.05345E-01  7.01075E-01  9.67315E-01      -1.00000E+00  1.00000E+00
 -3.07245E-01  3.84937E-01  7.24080E-01  9.10045E-01  9.90573E-01      -1.00000E+00  1.00000E+00
 -3.29685E-01  3.50870E-01  7.02320E-01  9.04432E-01  9.90520E-01      -9.99990E-01  1.00000E+00
 -3.66647E-01  3.25928E-01  6.94967E-01  8.98317E-01  9.89253E-01      -1.00000E+00  1.00000E+00
 -4.55497E-01  2.57394E-01  6.54527E-01  8.83873E-01  9.87482E-01      -1.00000E+00  1.00000E+00
 -7.13060E-01 -2.75507E-02  4.94422E-01  8.28062E-01  9.81468E-01      -1.00000E+00  1.00000E+00
  2.20655E-01  6.60160E-01  8.48002E-01  9.49225E-01  9.94785E-01      -9.54470E-01  1.00000E+00
  2.26550E-01  6.51440E-01  8.49952E-01  9.50525E-01  9.94635E-01      -9.62300E-01  1.00000E+00
  2.43977E-01  6.52795E-01  8.50597E-01  9.51060E-01  9.94892E-01      -9.97610E-01  1.00000E+00
  2.33492E-01  6.29795E-01  8.36062E-01  9.45445E-01  9.94135E-01      -9.99570E-01  1.00000E+00
  1.06879E-01  5.91113E-01  8.12057E-01  9.37943E-01  9.93275E-01      -9.99930E-01  1.00000E+00
  6.33857E-01  8.47967E-01  9.35640E-01  9.79387E-01  9.97692E-01      -5.25390E-01  1.00000E+00
  6.58320E-01  8.51032E-01  9.35367E-01  9.79322E-01  9.97853E-01      -4.37900E-01  1.00000E+00
  6.63148E-01  8.51903E-01  9.37530E-01  9.79660E-01  9.97817E-01      -7.17510E-01  1.00000E+00
  6.72780E-01  8.57302E-01  9.37550E-01  9.78717E-01  9.97745E-01      -5.51480E-01  1.00000E+00
  6.76392E-01  8.63822E-01  9.41107E-01  9.80485E-01  9.97990E-01      -6.32660E-01  1.00000E+00


    1.   3.02    6.  12.01  2.00E+03  7.00E+01  3.46E-01  1.72E-01     5   0.00

  3.19280E+02  7.07020E+02  1.02720E+03  1.31780E+03  1.61730E+03       3.93670E-02  1.93700E+03

  3.95950E-01  6.07410E-01  7.45980E-01  8.57410E-01  9.55165E-01       1.13120E-02  1.00000E+00
  3.29520E-01  5.25715E-01  6.69800E-01  7.99800E-01  9.29830E-01       1.71300E-02  1.00000E+00
  2.64050E-01  4.28200E-01  5.59030E-01  6.94275E-01  8.66110E-01       1.71730E-02  9.99980E-01
  2.07860E-01  3.36390E-01  4.43645E-01  5.60395E-01  7.30735E-01       1.24310E-02  9.99960E-01
  1.36385E-01  2.21130E-01  2.95085E-01  3.78890E-01  5.08325E-01       2.55030E-03  9.50600E-01

 -9.23872E-01 -4.28512E-01  1.92827E-01  6.88685E-01  9.66565E-01      -1.00000E+00  1.00000E+00
 -9.22475E-01 -4.42433E-01  1.69941E-01  6.80253E-01  9.62167E-01      -1.00000E+00  1.00000E+00
 -9.28782E-01 -4.74180E-01  1.46556E-01  6.70413E-01  9.61940E-01      -1.00000E+00  1.00000E+00
 -9.35535E-01 -4.88100E-01  1.16629E-01  6.51327E-01  9.60492E-01      -1.00000E+00  1.00000E+00
 -9.43527E-01 -5.24165E-01  7.97589E-02  6.34522E-01  9.58668E-01      -1.00000E+00  1.00000E+00
 -5.58323E-01  2.04110E-01  6.38380E-01  8.78280E-01  9.87785E-01      -1.00000E+00  1.00000E+00
 -5.49150E-01  1.89235E-01  6.22450E-01  8.71720E-01  9.86208E-01      -1.00000E+00  1.00000E+00
 -6.19007E-01  1.29494E-01  5.96420E-01  8.63518E-01  9.85097E-01      -1.00000E+00  1.00000E+00
 -7.09420E-01  3.02225E-02  5.45360E-01  8.40628E-01  9.82425E-01      -1.00000E+00  1.00000E+00
 -8.63892E-01 -2.24794E-01  3.68143E-01  7.75343E-01  9.74910E-01      -1.00000E+00  1.00000E+00
  1.18855E-01  6.10740E-01  8.33465E-01  9.44720E-01  9.94365E-01      -9.98090E-01  1.00000E+00
  1.28302E-01  6.12825E-01  8.31222E-01  9.43682E-01  9.94003E-01      -9.99990E-01  1.00000E+00
  1.04453E-01  5.91910E-01  8.18730E-01  9.40333E-01  9.93705E-01      -9.99990E-01  1.00000E+00
  6.28863E-02  5.55657E-01  8.03277E-01  9.34407E-01  9.92752E-01      -9.99730E-01  1.00000E+00
 -1.69782E-01  3.93962E-01  7.18320E-01  9.03568E-01  9.89748E-01      -1.00000E+00  1.00000E+00
  5.09500E-01  7.98090E-01  9.15393E-01  9.72525E-01  9.97088E-01      -6.51240E-01  1.00000E+00
  5.20892E-01  7.97238E-01  9.14133E-01  9.72350E-01  9.97132E-01      -7.00730E-01  1.00000E+00
  5.28550E-01  7.99183E-01  9.14033E-01  9.72485E-01  9.97027E-01      -7.47540E-01  1.00000E+00
  5.27640E-01  7.88412E-01  9.07023E-01  9.69698E-01  9.96702E-01      -7.80610E-01  1.00000E+00
  5.44073E-01  7.90690E-01  9.05663E-01  9.68652E-01  9.96618E-01      -1.00000E+00  1.00000E+00
  8.02467E-01  9.22388E-01  9.67995E-01  9.89638E-01  9.98865E-01       5.44930E-02  1.00000E+00
  8.06165E-01  9.20235E-01  9.67190E-01  9.89762E-01  9.98943E-01      -1.04480E-01  1.00000E+00
  8.05687E-01  9.17737E-01  9.64985E-01  9.88900E-01  9.98807E-01      -8.39650E-02  1.00000E+00
  8.09383E-01  9.18810E-01  9.64808E-01  9.88387E-01  9.98927E-01      -1.48890E-01  1.00000E+00
  8.23000E-01  9.24607E-01  9.67355E-01  9.89317E-01  9.98883E-01       1.00260E-01  1.00000E+00


    1.   3.02    6.  12.01  2.00E+03  8.00E+01  5.27E-01  3.37E-01     5   0.00

  4.84380E+02  1.03770E+03  1.40930E+03  1.65700E+03  1.84300E+03       6.19770E-02  1.97730E+03

  3.58935E-01  5.62520E-01  7.05425E-01  8.27680E-01  9.43000E-01       1.00270E-02  1.00000E+00
  2.42245E-01  3.99160E-01  5.29475E-01  6.67920E-01  8.52795E-01       7.74560E-03  9.99970E-01
  1.67310E-01  2.74730E-01  3.72175E-01  4.88325E-01  6.74405E-01       3.84190E-03  9.99980E-01
  1.22435E-01  1.95930E-01  2.65040E-01  3.51565E-01  4.98280E-01       9.47820E-03  9.25020E-01
  7.84015E-02  1.23371E-01  1.66545E-01  2.20340E-01  3.13055E-01       6.73170E-04  7.64220E-01

 -8.48923E-01 -2.28265E-01  3.56167E-01  7.61110E-01  9.73240E-01      -1.00000E+00  1.00000E+00
 -8.37132E-01 -2.19627E-01  3.52840E-01  7.64103E-01  9.73685E-01      -1.00000E+00  1.00000E+00
 -8.63488E-01 -2.44636E-01  3.30767E-01  7.52327E-01  9.71988E-01      -1.00000E+00  1.00000E+00
 -8.80490E-01 -3.09123E-01  2.95068E-01  7.40585E-01  9.70097E-01      -1.00000E+00  1.00000E+00
 -9.13253E-01 -4.08260E-01  1.99592E-01  6.86915E-01  9.64047E-01      -1.00000E+00  1.00000E+00
  6.36500E-02  5.88567E-01  8.21848E-01  9.41612E-01  9.93698E-01      -9.99900E-01  1.00000E+00
  8.88950E-02  5.89745E-01  8.22462E-01  9.41603E-01  9.93617E-01      -9.99940E-01  1.00000E+00
  7.33325E-02  5.87772E-01  8.22987E-01  9.40670E-01  9.93858E-01      -9.99960E-01  1.00000E+00
 -8.40000E-03  5.31520E-01  7.92197E-01  9.30748E-01  9.92490E-01      -1.00000E+00  1.00000E+00
 -2.69171E-01  3.13395E-01  6.78542E-01  8.91612E-01  9.88860E-01      -1.00000E+00  1.00000E+00
  5.97520E-01  8.43387E-01  9.33727E-01  9.78500E-01  9.97777E-01      -5.41650E-01  1.00000E+00
  6.02612E-01  8.42912E-01  9.34482E-01  9.78920E-01  9.97703E-01      -4.60240E-01  1.00000E+00
  5.94372E-01  8.34035E-01  9.29595E-01  9.77565E-01  9.97662E-01      -4.54140E-01  1.00000E+00
  5.84137E-01  8.20175E-01  9.24250E-01  9.75653E-01  9.97405E-01      -6.40560E-01  1.00000E+00
  5.95677E-01  8.07000E-01  9.12287E-01  9.70555E-01  9.96810E-01      -9.93740E-01  1.00000E+00
  8.19695E-01  9.34342E-01  9.73760E-01  9.91687E-01  9.99167E-01       1.20340E-01  1.00000E+00
  8.25785E-01  9.34485E-01  9.72965E-01  9.91187E-01  9.99085E-01       1.25070E-01  1.00000E+00
  8.15515E-01  9.28915E-01  9.70455E-01  9.90535E-01  9.98950E-01       1.18910E-01  1.00000E+00
  8.11920E-01  9.21070E-01  9.66320E-01  9.88995E-01  9.98842E-01       1.39210E-01  1.00000E+00
  8.35122E-01  9.24427E-01  9.66677E-01  9.89088E-01  9.98787E-01      -1.67640E-01  1.00000E+00
  9.36835E-01  9.77642E-01  9.91153E-01  9.97255E-01  9.99707E-01       6.07290E-01  1.00000E+00
  9.37117E-01  9.76710E-01  9.90585E-01  9.96965E-01  9.99687E-01       5.92100E-01  1.00000E+00
  9.34590E-01  9.75232E-01  9.89993E-01  9.96790E-01  9.99670E-01       6.01540E-01  1.00000E+00
  9.33110E-01  9.71863E-01  9.87988E-01  9.96127E-01  9.99583E-01       4.42900E-01  1.00000E+00
  9.41485E-01  9.74615E-01  9.89113E-01  9.96347E-01  9.99620E-01       6.27160E-01  1.00000E+00


    1.   3.02    6.  12.01  2.00E+03  8.50E+01  6.89E-01  5.35E-01     5   0.00

  7.64410E+02  1.47200E+03  1.76080E+03  1.88690E+03  1.95220E+03       8.98800E-02  1.98890E+03

  2.94660E-01  4.77395E-01  6.17495E-01  7.53100E-01  9.06010E-01       4.89760E-03  1.00000E+00
  1.45695E-01  2.40830E-01  3.31950E-01  4.46600E-01  6.45120E-01       3.67220E-03  9.99730E-01
  8.99615E-02  1.42155E-01  1.96220E-01  2.70470E-01  4.16050E-01       6.25380E-03  8.25320E-01
  6.31730E-02  9.46650E-02  1.27945E-01  1.75675E-01  2.71315E-01       1.38730E-03  5.89240E-01
  3.77025E-02  5.68485E-02  7.61040E-02  1.02877E-01  1.54490E-01       1.12840E-04  3.87430E-01

 -4.61822E-01  1.39230E-01  5.90310E-01  8.62790E-01  9.84655E-01      -1.00000E+00  1.00000E+00
 -4.41778E-01  1.66480E-01  5.96320E-01  8.62580E-01  9.85410E-01      -1.00000E+00  1.00000E+00
 -4.63606E-01  1.17485E-01  5.67728E-01  8.50182E-01  9.83582E-01      -1.00000E+00  1.00000E+00
 -5.25703E-01  6.54800E-02  5.25118E-01  8.29605E-01  9.81155E-01      -1.00000E+00  1.00000E+00
 -7.38920E-01 -1.54976E-01  3.83675E-01  7.71510E-01  9.73692E-01      -1.00000E+00  1.00000E+00
  6.20035E-01  8.59838E-01  9.42903E-01  9.81772E-01  9.98115E-01      -5.40830E-01  1.00000E+00
  6.36435E-01  8.58493E-01  9.41270E-01  9.81173E-01  9.97995E-01      -6.18100E-01  1.00000E+00
  6.22820E-01  8.50555E-01  9.37310E-01  9.79647E-01  9.97807E-01      -7.71800E-01  1.00000E+00
  5.99513E-01  8.32498E-01  9.29455E-01  9.77190E-01  9.97603E-01      -7.68890E-01  1.00000E+00
  5.95635E-01  8.02305E-01  9.09815E-01  9.70160E-01  9.96607E-01      -9.67830E-01  1.00000E+00
  8.87077E-01  9.63095E-01  9.85665E-01  9.95505E-01  9.99522E-01       4.32210E-01  1.00000E+00
  8.90648E-01  9.62527E-01  9.85190E-01  9.95205E-01  9.99500E-01       2.46130E-01  1.00000E+00
  8.79968E-01  9.56873E-01  9.82855E-01  9.94710E-01  9.99455E-01       3.54030E-01  1.00000E+00
  8.65040E-01  9.46928E-01  9.78455E-01  9.93230E-01  9.99278E-01       2.55060E-01  1.00000E+00
  8.77858E-01  9.43182E-01  9.74990E-01  9.91663E-01  9.99143E-01       4.30590E-01  1.00000E+00
  9.59795E-01  9.87940E-01  9.95518E-01  9.98617E-01  9.99853E-01       7.46600E-01  1.00000E+00
  9.61120E-01  9.87400E-01  9.95113E-01  9.98480E-01  9.99837E-01       7.38000E-01  1.00000E+00
  9.54780E-01  9.84608E-01  9.94017E-01  9.98123E-01  9.99800E-01       7.40360E-01  1.00000E+00
  9.48887E-01  9.80555E-01  9.92210E-01  9.97510E-01  9.99740E-01       7.28680E-01  1.00000E+00
  9.55150E-01  9.79360E-01  9.91150E-01  9.97103E-01  9.99690E-01       7.27280E-01  1.00000E+00
  9.89683E-01  9.96927E-01  9.98857E-01  9.99648E-01  9.99965E-01       9.13600E-01  1.00000E+00
  9.88478E-01  9.96248E-01  9.98552E-01  9.99550E-01  9.99953E-01       9.13580E-01  1.00000E+00
  9.86197E-01  9.95232E-01  9.98112E-01  9.99410E-01  9.99937E-01       8.60170E-01  1.00000E+00
  9.84413E-01  9.93982E-01  9.97560E-01  9.99245E-01  9.99920E-01       9.07680E-01  1.00000E+00
  9.86015E-01  9.93953E-01  9.97363E-01  9.99110E-01  9.99910E-01       9.17910E-01  1.00000E+00


    1.   3.02    6.  12.01  5.00E+03  0.00E+00  1.46E-02  3.17E-03     5   0.00

  2.88330E+02  6.48210E+02  1.00650E+03  1.42440E+03  2.00890E+03       9.34880E-01  3.33060E+03

  4.21055E-01  6.30025E-01  7.62425E-01  8.70535E-01  9.58050E-01       3.92570E-02  9.99950E-01
  4.23720E-01  6.31645E-01  7.69805E-01  8.71680E-01  9.60450E-01       3.69300E-02  9.99960E-01
  4.03310E-01  6.17595E-01  7.66660E-01  8.69230E-01  9.56865E-01       6.05760E-02  9.99950E-01
  3.66415E-01  5.73380E-01  7.15885E-01  8.30325E-01  9.42710E-01       4.51930E-02  9.99960E-01
  2.55525E-01  4.22905E-01  5.41510E-01  6.56910E-01  7.99595E-01       2.42900E-02  9.99850E-01

 -9.49880E-01 -6.00545E-01 -5.16895E-03  5.76838E-01  9.32220E-01      -1.00000E+00  9.99940E-01
 -9.45795E-01 -6.08997E-01  5.91400E-03  6.15783E-01  9.52237E-01      -9.99980E-01  9.98770E-01
 -9.50120E-01 -6.06835E-01 -7.01242E-02  4.95670E-01  9.44538E-01      -1.00000E+00  9.99770E-01
 -9.30078E-01 -5.73452E-01 -1.30998E-02  5.71400E-01  9.46665E-01      -1.00000E+00  9.99410E-01
 -9.47407E-01 -5.68895E-01  1.63177E-02  5.83357E-01  9.42257E-01      -1.00000E+00  9.99840E-01
 -9.40873E-01 -5.12062E-01  6.42605E-02  6.11920E-01  9.42982E-01      -9.99990E-01  9.99350E-01
 -9.30578E-01 -5.62698E-01  7.27848E-02  5.99605E-01  9.51788E-01      -1.00000E+00  9.99960E-01
 -9.57530E-01 -6.06022E-01  7.13640E-03  6.26158E-01  9.54472E-01      -1.00000E+00  9.99940E-01
 -9.47630E-01 -5.54635E-01  4.88105E-02  6.45848E-01  9.60030E-01      -1.00000E+00  9.99680E-01
 -9.33830E-01 -5.90375E-01 -1.41425E-02  5.57117E-01  9.53213E-01      -9.99980E-01  9.99860E-01
 -9.51898E-01 -5.44550E-01  5.95467E-02  6.00615E-01  9.55470E-01      -9.99990E-01  9.99850E-01
 -9.57240E-01 -5.60237E-01  4.26370E-02  6.04155E-01  9.33902E-01      -1.00000E+00  9.99960E-01
 -9.39852E-01 -5.24703E-01  3.42625E-02  5.43815E-01  9.42038E-01      -1.00000E+00  9.99670E-01
 -9.46227E-01 -5.63858E-01  7.05650E-03  5.34838E-01  9.44770E-01      -1.00000E+00  9.99970E-01
 -9.41763E-01 -6.08663E-01 -2.14185E-02  5.81838E-01  9.61392E-01      -9.99990E-01  9.99940E-01
 -9.50808E-01 -5.93635E-01  7.88720E-02  5.98770E-01  9.47538E-01      -1.00000E+00  9.99750E-01
 -9.47915E-01 -6.05093E-01 -2.88577E-02  5.69667E-01  9.53533E-01      -1.00000E+00  9.99910E-01
 -9.37912E-01 -6.09498E-01 -6.54500E-02  5.50955E-01  9.43415E-01      -1.00000E+00  9.99630E-01
 -9.49285E-01 -5.88285E-01 -3.76910E-02  5.79777E-01  9.46278E-01      -1.00000E+00  9.99860E-01
 -9.40852E-01 -5.55260E-01  3.76860E-02  6.04337E-01  9.58797E-01      -1.00000E+00  9.99820E-01
 -9.57670E-01 -5.71270E-01 -2.46997E-02  5.74980E-01  9.51295E-01      -9.99990E-01  9.99780E-01
 -9.44433E-01 -5.44032E-01 -1.34183E-02  6.15908E-01  9.50342E-01      -9.99960E-01  9.99710E-01
 -9.60685E-01 -6.58983E-01 -9.92308E-02  5.50107E-01  9.47547E-01      -1.00000E+00  9.99390E-01
 -9.42932E-01 -6.12010E-01 -6.11188E-02  5.00985E-01  9.40712E-01      -1.00000E+00  9.99860E-01
 -9.49812E-01 -5.99278E-01  3.84955E-02  6.16680E-01  9.45980E-01      -1.00000E+00  9.99830E-01


    1.   3.02    6.  12.01  5.00E+03  3.00E+01  3.01E-02  7.16E-03     5   0.00

  3.04310E+02  6.93630E+02  1.07480E+03  1.53890E+03  2.25610E+03       2.48250E-01  3.95630E+03

  4.18060E-01  6.29020E-01  7.63075E-01  8.70965E-01  9.58280E-01       6.82490E-02  1.00000E+00
  4.18190E-01  6.32780E-01  7.67235E-01  8.74525E-01  9.61310E-01       3.91250E-02  9.99980E-01
  4.04005E-01  6.18365E-01  7.56090E-01  8.63470E-01  9.55575E-01       5.01300E-02  9.99970E-01
  3.60745E-01  5.66775E-01  7.02175E-01  8.21905E-01  9.35760E-01       3.72280E-02  9.99920E-01
  2.45320E-01  4.02540E-01  5.28460E-01  6.53375E-01  8.09455E-01       2.48470E-02  9.99980E-01

 -9.32405E-01 -5.39628E-01  3.29427E-02  6.27855E-01  9.57305E-01      -1.00000E+00  9.99990E-01
 -9.31913E-01 -5.35135E-01  4.98193E-02  6.29272E-01  9.56927E-01      -1.00000E+00  9.99960E-01
 -9.41293E-01 -5.45673E-01  5.98418E-02  6.08407E-01  9.47880E-01      -1.00000E+00  9.99850E-01
 -9.40627E-01 -5.35405E-01  3.09698E-02  6.31798E-01  9.62840E-01      -1.00000E+00  9.99990E-01
 -9.55533E-01 -6.07463E-01 -3.13560E-02  5.61475E-01  9.47095E-01      -1.00000E+00  9.99870E-01
 -8.97767E-01 -3.60050E-01  2.15480E-01  7.03350E-01  9.74123E-01      -1.00000E+00  9.99950E-01
 -9.08605E-01 -4.36457E-01  2.36185E-01  7.32515E-01  9.66275E-01      -1.00000E+00  9.99960E-01
 -9.23068E-01 -3.91537E-01  2.20557E-01  7.11362E-01  9.68920E-01      -1.00000E+00  1.00000E+00
 -9.40560E-01 -4.84485E-01  1.62351E-01  6.82785E-01  9.59280E-01      -1.00000E+00  1.00000E+00
 -9.50958E-01 -5.55200E-01  7.19897E-02  6.29417E-01  9.59908E-01      -1.00000E+00  9.99880E-01
 -7.70873E-01 -1.40775E-02  5.22802E-01  8.37613E-01  9.82203E-01      -9.99990E-01  9.99970E-01
 -8.42718E-01 -1.44232E-01  4.53735E-01  8.06647E-01  9.77170E-01      -1.00000E+00  9.99960E-01
 -8.53060E-01 -1.42903E-01  4.34265E-01  8.08680E-01  9.79087E-01      -1.00000E+00  9.99970E-01
 -8.84802E-01 -2.89610E-01  3.11195E-01  7.49493E-01  9.71740E-01      -1.00000E+00  9.99920E-01
 -9.14960E-01 -4.37907E-01  1.53305E-01  6.78247E-01  9.67985E-01      -9.99990E-01  9.99990E-01
 -7.53392E-01  4.08943E-02  5.46607E-01  8.40830E-01  9.79818E-01      -1.00000E+00  9.99840E-01
 -6.68577E-01  1.45928E-01  5.96195E-01  8.64760E-01  9.85137E-01      -9.99990E-01  9.99990E-01
 -6.81000E-01  8.23093E-02  5.82995E-01  8.51100E-01  9.85060E-01      -9.99990E-01  1.00000E+00
 -7.69587E-01 -1.96485E-02  4.90618E-01  8.22215E-01  9.81120E-01      -9.99990E-01  1.00000E+00
 -8.89967E-01 -2.65332E-01  3.13858E-01  7.70240E-01  9.73193E-01      -1.00000E+00  1.00000E+00
 -2.22468E-01  4.17360E-01  7.57718E-01  9.20925E-01  9.92160E-01      -1.00000E+00  1.00000E+00
 -1.50992E-01  4.63980E-01  7.62628E-01  9.19740E-01  9.90525E-01      -9.99390E-01  9.99990E-01
 -2.19500E-02  4.88685E-01  7.79398E-01  9.19898E-01  9.93435E-01      -9.99970E-01  1.00000E+00
  9.25000E-04  5.25948E-01  7.85975E-01  9.27515E-01  9.91637E-01      -9.91340E-01  9.99980E-01
 -5.84000E-03  5.36840E-01  7.71753E-01  9.24755E-01  9.93395E-01      -1.00000E+00  9.99980E-01


    1.   3.02    6.  12.01  5.00E+03  4.50E+01  6.56E-02  1.77E-02     5   0.00

  3.46510E+02  7.86480E+02  1.21820E+03  1.73390E+03  2.57670E+03       3.91150E-01  4.40660E+03

  4.12910E-01  6.28395E-01  7.64240E-01  8.68995E-01  9.60075E-01       1.02470E-02  9.99980E-01
  4.00450E-01  6.18675E-01  7.54745E-01  8.64910E-01  9.56975E-01       3.90940E-02  9.99980E-01
  3.74860E-01  5.86115E-01  7.26990E-01  8.43510E-01  9.49075E-01       3.04380E-02  9.99950E-01
  3.32300E-01  5.26935E-01  6.63340E-01  7.89620E-01  9.20285E-01       3.01640E-02  9.99990E-01
  2.24605E-01  3.71385E-01  4.91020E-01  6.09245E-01  7.69250E-01       1.22680E-02  9.99980E-01

 -9.25060E-01 -4.58323E-01  1.56643E-01  6.78982E-01  9.63445E-01      -1.00000E+00  9.99980E-01
 -9.41363E-01 -5.18020E-01  9.60905E-02  6.42792E-01  9.56785E-01      -1.00000E+00  9.99990E-01
 -9.36675E-01 -5.18718E-01  9.40745E-02  6.32685E-01  9.56130E-01      -1.00000E+00  9.99970E-01
 -9.36510E-01 -5.31795E-01  9.03681E-02  6.36125E-01  9.56168E-01      -1.00000E+00  1.00000E+00
 -9.54628E-01 -5.89140E-01  1.58305E-02  6.00743E-01  9.52160E-01      -1.00000E+00  9.99970E-01
 -8.12230E-01 -1.25462E-01  4.50645E-01  8.07515E-01  9.78710E-01      -1.00000E+00  9.99990E-01
 -8.36800E-01 -2.02108E-01  3.93390E-01  7.87202E-01  9.76618E-01      -1.00000E+00  1.00000E+00
 -8.85923E-01 -2.83048E-01  3.15823E-01  7.67125E-01  9.76105E-01      -1.00000E+00  1.00000E+00
 -9.08317E-01 -3.50268E-01  2.67555E-01  7.16708E-01  9.66855E-01      -1.00000E+00  1.00000E+00
 -9.29942E-01 -4.95265E-01  1.42133E-01  6.77073E-01  9.60900E-01      -1.00000E+00  9.99960E-01
 -5.78343E-01  2.06888E-01  6.46810E-01  8.80330E-01  9.86317E-01      -1.00000E+00  1.00000E+00
 -6.20993E-01  1.50718E-01  6.25495E-01  8.75580E-01  9.86568E-01      -9.99990E-01  1.00000E+00
 -7.06242E-01  8.90621E-02  5.87342E-01  8.65677E-01  9.86363E-01      -9.99980E-01  1.00000E+00
 -7.78398E-01  2.36898E-02  5.38543E-01  8.36762E-01  9.83895E-01      -1.00000E+00  9.99990E-01
 -8.68592E-01 -2.72299E-01  3.36475E-01  7.61125E-01  9.72643E-01      -1.00000E+00  9.99990E-01
 -3.28878E-01  4.76932E-01  7.72010E-01  9.30323E-01  9.91688E-01      -9.99990E-01  1.00000E+00
 -2.75083E-01  4.44900E-01  7.77655E-01  9.30092E-01  9.92610E-01      -9.99990E-01  1.00000E+00
 -3.00268E-01  4.17687E-01  7.55630E-01  9.22597E-01  9.91230E-01      -1.00000E+00  1.00000E+00
 -3.82583E-01  3.53265E-01  7.14168E-01  9.08115E-01  9.90082E-01      -9.99940E-01  1.00000E+00
 -6.75118E-01  6.12062E-02  5.69280E-01  8.51150E-01  9.83747E-01      -9.99950E-01  1.00000E+00
  2.82533E-01  7.23348E-01  8.82125E-01  9.61480E-01  9.95837E-01      -9.64220E-01  1.00000E+00
  3.65025E-01  7.37842E-01  8.87077E-01  9.64600E-01  9.95935E-01      -8.65440E-01  1.00000E+00
  3.62727E-01  7.31705E-01  8.84625E-01  9.60025E-01  9.96138E-01      -9.46700E-01  1.00000E+00
  3.66300E-01  7.14645E-01  8.73705E-01  9.60932E-01  9.96232E-01      -9.59930E-01  1.00000E+00
  3.13962E-01  6.92932E-01  8.59960E-01  9.49875E-01  9.94202E-01      -9.99360E-01  1.00000E+00


    1.   3.02    6.  12.01  5.00E+03  6.00E+01  1.56E-01  5.21E-02     5   0.00

  4.40670E+02  1.00250E+03  1.54670E+03  2.17720E+03  3.09710E+03       1.24560E-01  4.69020E+03

  4.05670E-01  6.20155E-01  7.57570E-01  8.66485E-01  9.58950E-01       1.89520E-02  9.99980E-01
  3.73370E-01  5.83665E-01  7.25665E-01  8.43795E-01  9.49990E-01       2.35430E-02  9.99980E-01
  3.25345E-01  5.16795E-01  6.56120E-01  7.82195E-01  9.20005E-01       2.56090E-02  1.00000E+00
  2.72120E-01  4.34835E-01  5.61320E-01  6.89200E-01  8.55930E-01       2.08350E-02  9.99950E-01
  1.81850E-01  2.98600E-01  3.98140E-01  5.07970E-01  6.69645E-01       1.33940E-02  9.99860E-01

 -9.09810E-01 -3.97518E-01  2.17605E-01  7.02767E-01  9.68237E-01      -1.00000E+00  1.00000E+00
 -9.19950E-01 -4.39093E-01  1.74295E-01  6.72570E-01  9.63483E-01      -1.00000E+00  1.00000E+00
 -9.20325E-01 -4.38578E-01  1.89815E-01  6.91350E-01  9.65928E-01      -1.00000E+00  1.00000E+00
 -9.38040E-01 -4.86342E-01  1.12319E-01  6.45493E-01  9.57507E-01      -1.00000E+00  1.00000E+00
 -9.41468E-01 -5.14950E-01  8.38735E-02  6.34040E-01  9.57350E-01      -1.00000E+00  9.99990E-01
 -6.24302E-01  1.61095E-01  6.22895E-01  8.72750E-01  9.86530E-01      -1.00000E+00  1.00000E+00
 -6.95735E-01  1.15221E-01  5.90607E-01  8.54565E-01  9.84202E-01      -1.00000E+00  1.00000E+00
 -7.54348E-01  1.41250E-03  5.28493E-01  8.36555E-01  9.81620E-01      -1.00000E+00  1.00000E+00
 -8.09800E-01 -8.19633E-02  4.73568E-01  8.15487E-01  9.79662E-01      -1.00000E+00  1.00000E+00
 -8.88535E-01 -3.22880E-01  2.87668E-01  7.45542E-01  9.71373E-01      -1.00000E+00  1.00000E+00
 -1.64439E-01  5.10742E-01  7.84800E-01  9.30435E-01  9.93105E-01      -1.00000E+00  1.00000E+00
 -2.20872E-01  4.93115E-01  7.80485E-01  9.28458E-01  9.91975E-01      -9.99990E-01  1.00000E+00
 -2.98567E-01  4.35832E-01  7.53020E-01  9.20778E-01  9.90970E-01      -1.00000E+00  1.00000E+00
 -4.05787E-01  3.57185E-01  7.13873E-01  9.02905E-01  9.89490E-01      -1.00000E+00  1.00000E+00
 -7.01995E-01  3.85187E-02  5.65600E-01  8.54040E-01  9.84990E-01      -1.00000E+00  1.00000E+00
  2.76000E-01  7.18718E-01  8.79345E-01  9.61015E-01  9.95840E-01      -9.97830E-01  1.00000E+00
  2.81975E-01  7.12980E-01  8.78555E-01  9.60622E-01  9.95757E-01      -9.95010E-01  1.00000E+00
  2.56302E-01  7.01905E-01  8.76780E-01  9.59140E-01  9.95372E-01      -9.99710E-01  1.00000E+00
  1.82248E-01  6.56778E-01  8.53155E-01  9.52025E-01  9.94757E-01      -9.98780E-01  1.00000E+00
 -1.47353E-01  4.67158E-01  7.65335E-01  9.23735E-01  9.91927E-01      -1.00000E+00  1.00000E+00
  6.35217E-01  8.61565E-01  9.44110E-01  9.81790E-01  9.98247E-01      -4.60910E-01  1.00000E+00
  6.45800E-01  8.60707E-01  9.40050E-01  9.80503E-01  9.98100E-01      -4.87960E-01  1.00000E+00
  6.23230E-01  8.52468E-01  9.38945E-01  9.79028E-01  9.97655E-01      -7.81440E-01  1.00000E+00
  6.15892E-01  8.44735E-01  9.34220E-01  9.79105E-01  9.97807E-01      -6.38020E-01  1.00000E+00
  6.02920E-01  8.27730E-01  9.23040E-01  9.74598E-01  9.97287E-01      -8.63010E-01  1.00000E+00


    1.   3.02    6.  12.01  5.00E+03  7.00E+01  2.74E-01  1.13E-01     5   0.00

  5.73010E+02  1.31380E+03  2.00430E+03  2.73330E+03  3.64210E+03       5.18190E-02  4.82780E+03

  3.89945E-01  6.02620E-01  7.42940E-01  8.56750E-01  9.54520E-01       2.05100E-02  1.00000E+00
  3.22875E-01  5.14975E-01  6.59080E-01  7.89655E-01  9.23175E-01       3.03930E-03  1.00000E+00
  2.58890E-01  4.20515E-01  5.49195E-01  6.81550E-01  8.55235E-01       2.23570E-02  9.99970E-01
  2.02940E-01  3.31160E-01  4.37010E-01  5.55635E-01  7.40465E-01       2.08880E-02  9.99930E-01
  1.34815E-01  2.24480E-01  3.02555E-01  3.93955E-01  5.44535E-01       1.40970E-02  9.84930E-01

 -8.67953E-01 -2.76412E-01  3.15113E-01  7.49915E-01  9.69680E-01      -1.00000E+00  1.00000E+00
 -8.76912E-01 -2.98920E-01  3.06177E-01  7.42310E-01  9.71635E-01      -1.00000E+00  1.00000E+00
 -8.96150E-01 -3.42142E-01  2.60354E-01  7.16683E-01  9.68778E-01      -1.00000E+00  1.00000E+00
 -9.19520E-01 -4.19945E-01  2.06193E-01  7.01377E-01  9.65665E-01      -1.00000E+00  1.00000E+00
 -9.36755E-01 -4.84295E-01  1.31148E-01  6.60143E-01  9.59758E-01      -1.00000E+00  1.00000E+00
 -2.87356E-01  4.28395E-01  7.50780E-01  9.17737E-01  9.91093E-01      -1.00000E+00  1.00000E+00
 -3.59658E-01  3.87408E-01  7.27930E-01  9.09558E-01  9.90453E-01      -1.00000E+00  1.00000E+00
 -4.28460E-01  3.36570E-01  7.02005E-01  8.99903E-01  9.89747E-01      -1.00000E+00  1.00000E+00
 -5.73128E-01  2.38987E-01  6.58280E-01  8.84702E-01  9.87533E-01      -1.00000E+00  1.00000E+00
 -7.92332E-01 -9.32212E-02  4.73700E-01  8.18405E-01  9.79365E-01      -1.00000E+00  1.00000E+00
  2.58447E-01  7.11213E-01  8.76690E-01  9.61885E-01  9.95793E-01      -9.99970E-01  1.00000E+00
  2.30179E-01  6.91650E-01  8.68980E-01  9.57410E-01  9.95520E-01      -1.00000E+00  1.00000E+00
  1.85927E-01  6.75042E-01  8.62557E-01  9.54695E-01  9.95335E-01      -9.99940E-01  1.00000E+00
  7.84813E-02  6.14702E-01  8.35000E-01  9.47295E-01  9.94255E-01      -1.00000E+00  1.00000E+00
 -3.59087E-01  3.77077E-01  7.32492E-01  9.09550E-01  9.90023E-01      -1.00000E+00  1.00000E+00
  5.87585E-01  8.43217E-01  9.35392E-01  9.79673E-01  9.97812E-01      -9.58640E-01  1.00000E+00
  5.70102E-01  8.36515E-01  9.33000E-01  9.78235E-01  9.97805E-01      -6.57380E-01  1.00000E+00
  5.49415E-01  8.30163E-01  9.27565E-01  9.76102E-01  9.97440E-01      -8.95890E-01  1.00000E+00
  4.96218E-01  7.99820E-01  9.17998E-01  9.73395E-01  9.97235E-01      -7.08350E-01  1.00000E+00
  3.73078E-01  7.28425E-01  8.81865E-01  9.60627E-01  9.95940E-01      -9.99030E-01  1.00000E+00
  8.00425E-01  9.29240E-01  9.71097E-01  9.90590E-01  9.99060E-01      -1.81360E-01  1.00000E+00
  8.04675E-01  9.28937E-01  9.71390E-01  9.90960E-01  9.98998E-01      -1.26490E-01  1.00000E+00
  7.93053E-01  9.20605E-01  9.67110E-01  9.89360E-01  9.98910E-01      -1.37440E-01  1.00000E+00
  7.73493E-01  9.12540E-01  9.64113E-01  9.88557E-01  9.98722E-01      -3.42770E-01  1.00000E+00
  7.65070E-01  9.01140E-01  9.58005E-01  9.86245E-01  9.98502E-01      -1.38050E-01  1.00000E+00


    1.   3.02    6.  12.01  5.00E+03  8.00E+01  4.66E-01  2.60E-01     5   0.00

  8.96810E+02  2.04680E+03  2.96440E+03  3.70430E+03  4.37010E+03       9.72090E-02  4.94340E+03

  3.48265E-01  5.51690E-01  6.94765E-01  8.19395E-01  9.38680E-01       2.55670E-02  1.00000E+00
  2.27785E-01  3.76615E-01  5.00880E-01  6.34665E-01  8.24555E-01       1.47990E-02  1.00000E+00
  1.57535E-01  2.61450E-01  3.54510E-01  4.66005E-01  6.62120E-01       1.44420E-02  9.99970E-01
  1.14920E-01  1.88845E-01  2.56845E-01  3.43910E-01  5.08070E-01       1.44330E-02  9.84910E-01
  7.66895E-02  1.24890E-01  1.71355E-01  2.31875E-01  3.46365E-01       6.02400E-03  8.20360E-01

 -6.54460E-01  4.49725E-02  5.34155E-01  8.34773E-01  9.82008E-01      -1.00000E+00  1.00000E+00
 -6.75140E-01  2.71500E-03  5.11325E-01  8.28195E-01  9.80822E-01      -1.00000E+00  1.00000E+00
 -7.21285E-01 -4.28075E-02  4.62620E-01  8.09730E-01  9.78793E-01      -1.00000E+00  1.00000E+00
 -7.91843E-01 -1.37300E-01  4.11990E-01  7.88268E-01  9.77428E-01      -1.00000E+00  1.00000E+00
 -8.76315E-01 -3.31189E-01  2.72504E-01  7.27907E-01  9.71390E-01      -1.00000E+00  1.00000E+00
  2.63224E-01  7.17310E-01  8.82130E-01  9.62120E-01  9.95930E-01      -9.99980E-01  1.00000E+00
  2.57394E-01  7.08093E-01  8.76805E-01  9.59900E-01  9.95800E-01      -9.99990E-01  1.00000E+00
  1.92070E-01  6.84503E-01  8.69520E-01  9.58613E-01  9.95528E-01      -9.99990E-01  1.00000E+00
  8.89267E-02  6.31555E-01  8.46228E-01  9.48577E-01  9.94838E-01      -1.00000E+00  1.00000E+00
 -3.43255E-01  3.92370E-01  7.39037E-01  9.13963E-01  9.91265E-01      -1.00000E+00  1.00000E+00
  6.90848E-01  8.88152E-01  9.54910E-01  9.85313E-01  9.98417E-01      -7.52350E-01  1.00000E+00
  6.81235E-01  8.83210E-01  9.51917E-01  9.84505E-01  9.98438E-01      -5.43090E-01  1.00000E+00
  6.50130E-01  8.71310E-01  9.47110E-01  9.83315E-01  9.98265E-01      -7.43120E-01  1.00000E+00
  6.10278E-01  8.51013E-01  9.38740E-01  9.79950E-01  9.97985E-01      -6.57940E-01  1.00000E+00
  4.52688E-01  7.64440E-01  9.00735E-01  9.67558E-01  9.96590E-01      -9.99190E-01  1.00000E+00
  8.52320E-01  9.49615E-01  9.79715E-01  9.93602E-01  9.99337E-01       7.24620E-02  1.00000E+00
  8.47085E-01  9.45983E-01  9.77953E-01  9.93005E-01  9.99263E-01      -1.43650E-01  1.00000E+00
  8.34118E-01  9.40138E-01  9.75585E-01  9.91982E-01  9.99170E-01      -1.11280E-01  1.00000E+00
  8.06530E-01  9.30078E-01  9.70980E-01  9.90717E-01  9.99020E-01      -1.29090E-01  1.00000E+00
  7.57060E-01  9.01092E-01  9.58008E-01  9.86195E-01  9.98532E-01      -2.28780E-01  1.00000E+00
  9.38065E-01  9.79187E-01  9.91768E-01  9.97393E-01  9.99728E-01       3.41690E-01  1.00000E+00
  9.33830E-01  9.77563E-01  9.91200E-01  9.97258E-01  9.99715E-01       5.39560E-01  1.00000E+00
  9.27590E-01  9.74285E-01  9.89562E-01  9.96727E-01  9.99665E-01       5.01690E-01  1.00000E+00
  9.15797E-01  9.69497E-01  9.87535E-01  9.95945E-01  9.99580E-01       4.17180E-01  1.00000E+00
  9.07358E-01  9.62433E-01  9.84182E-01  9.94807E-01  9.99450E-01       5.18760E-01  1.00000E+00


    1.   3.02    6.  12.01  5.00E+03  8.50E+01  6.21E-01  4.31E-01     5   0.00

  1.36560E+03  2.98270E+03  3.90470E+03  4.42230E+03  4.77000E+03       1.76090E-01  4.97380E+03

  2.91940E-01  4.73955E-01  6.11250E-01  7.44500E-01  8.96170E-01       2.14160E-02  1.00000E+00
  1.44390E-01  2.42265E-01  3.33320E-01  4.45825E-01  6.49425E-01       1.61860E-02  9.99960E-01
  8.87980E-02  1.46030E-01  2.02425E-01  2.78855E-01  4.42175E-01       8.23770E-03  9.46200E-01
  6.38205E-02  1.00377E-01  1.38015E-01  1.91545E-01  3.11205E-01       5.19220E-03  7.59570E-01
  4.22885E-02  6.50700E-02  8.94625E-02  1.24495E-01  1.98800E-01       5.79930E-04  5.72790E-01

 -3.43956E-01  3.55055E-01  7.15610E-01  9.08670E-01  9.90538E-01      -1.00000E+00  1.00000E+00
 -3.51107E-01  3.08009E-01  6.88065E-01  8.94695E-01  9.88710E-01      -1.00000E+00  1.00000E+00
 -4.06077E-01  2.40777E-01  6.51235E-01  8.79572E-01  9.86967E-01      -1.00000E+00  1.00000E+00
 -4.94986E-01  1.58660E-01  5.97372E-01  8.60607E-01  9.84555E-01      -1.00000E+00  1.00000E+00
 -7.34173E-01 -7.34585E-02  4.55545E-01  8.04148E-01  9.79087E-01      -1.00000E+00  1.00000E+00
  6.76310E-01  8.88515E-01  9.54925E-01  9.85652E-01  9.98500E-01      -8.45980E-01  1.00000E+00
  6.70375E-01  8.81490E-01  9.52368E-01  9.84655E-01  9.98445E-01      -6.61340E-01  1.00000E+00
  6.39320E-01  8.68313E-01  9.46167E-01  9.82920E-01  9.98208E-01      -8.08710E-01  1.00000E+00
  5.79113E-01  8.46395E-01  9.36967E-01  9.79893E-01  9.97900E-01      -8.93480E-01  1.00000E+00
  3.52866E-01  7.27307E-01  8.87000E-01  9.63290E-01  9.96088E-01      -1.00000E+00  1.00000E+00
  8.94753E-01  9.64507E-01  9.85855E-01  9.95512E-01  9.99555E-01       5.75740E-02  1.00000E+00
  8.86983E-01  9.61987E-01  9.84868E-01  9.95173E-01  9.99507E-01       9.43020E-02  1.00000E+00
  8.73302E-01  9.56932E-01  9.82648E-01  9.94407E-01  9.99400E-01       1.31820E-01  1.00000E+00
  8.44942E-01  9.45810E-01  9.78140E-01  9.93058E-01  9.99252E-01       7.43790E-02  1.00000E+00
  7.90250E-01  9.15318E-01  9.64642E-01  9.88515E-01  9.98762E-01       4.39320E-02  1.00000E+00
  9.57445E-01  9.86627E-01  9.94820E-01  9.98377E-01  9.99833E-01       5.63830E-01  1.00000E+00
  9.54595E-01  9.85240E-01  9.94173E-01  9.98173E-01  9.99810E-01       6.15220E-01  1.00000E+00
  9.47592E-01  9.82785E-01  9.93105E-01  9.97862E-01  9.99768E-01       5.88050E-01  1.00000E+00
  9.31305E-01  9.76525E-01  9.90702E-01  9.97103E-01  9.99700E-01       5.22500E-01  1.00000E+00
  9.09300E-01  9.64383E-01  9.85067E-01  9.95130E-01  9.99475E-01       5.03040E-01  1.00000E+00
  9.84638E-01  9.95333E-01  9.98197E-01  9.99445E-01  9.99942E-01       8.40230E-01  1.00000E+00
  9.82513E-01  9.94420E-01  9.97842E-01  9.99333E-01  9.99932E-01       7.79260E-01  1.00000E+00
  9.79355E-01  9.93000E-01  9.97285E-01  9.99145E-01  9.99910E-01       8.34550E-01  1.00000E+00
  9.73510E-01  9.90757E-01  9.96272E-01  9.98850E-01  9.99880E-01       7.98100E-01  1.00000E+00
  9.67953E-01  9.87295E-01  9.94657E-01  9.98282E-01  9.99820E-01       7.61430E-01  1.00000E+00



