W_on_W_8.79  also includes: pdf boundaries emin,emax, angmin, angmax.... 
 
*  projectile surface binding energy parameter: 8.79 eV     
*  parameter esbparm only added in first of the 84 blocks  
 
 
   74. 183.84   74. 183.84  1.00E+00  0.00E+00  0.00E+00  0.00E+00  8.79E+00   5.   0.00

  0.00000E+00  0.00000E+00  0.00000E+00  0.00000E+00  0.00000E+00       0.00000E+00  0.00000E+00

  0.00000E+00  0.00000E+00  0.00000E+00  0.00000E+00  0.00000E+00       0.00000E+00  0.00000E+00
  0.00000E+00  0.00000E+00  0.00000E+00  0.00000E+00  0.00000E+00       0.00000E+00  0.00000E+00
  0.00000E+00  0.00000E+00  0.00000E+00  0.00000E+00  0.00000E+00       0.00000E+00  0.00000E+00
  0.00000E+00  0.00000E+00  0.00000E+00  0.00000E+00  0.00000E+00       0.00000E+00  0.00000E+00
  0.00000E+00  0.00000E+00  0.00000E+00  0.00000E+00  0.00000E+00       0.00000E+00  0.00000E+00

  0.00000E+00  0.00000E+00  0.00000E+00  0.00000E+00  0.00000E+00       0.00000E+00  0.00000E+00
  0.00000E+00  0.00000E+00  0.00000E+00  0.00000E+00  0.00000E+00       0.00000E+00  0.00000E+00
  0.00000E+00  0.00000E+00  0.00000E+00  0.00000E+00  0.00000E+00       0.00000E+00  0.00000E+00
  0.00000E+00  0.00000E+00  0.00000E+00  0.00000E+00  0.00000E+00       0.00000E+00  0.00000E+00
  0.00000E+00  0.00000E+00  0.00000E+00  0.00000E+00  0.00000E+00       0.00000E+00  0.00000E+00
  0.00000E+00  0.00000E+00  0.00000E+00  0.00000E+00  0.00000E+00       0.00000E+00  0.00000E+00
  0.00000E+00  0.00000E+00  0.00000E+00  0.00000E+00  0.00000E+00       0.00000E+00  0.00000E+00
  0.00000E+00  0.00000E+00  0.00000E+00  0.00000E+00  0.00000E+00       0.00000E+00  0.00000E+00
  0.00000E+00  0.00000E+00  0.00000E+00  0.00000E+00  0.00000E+00       0.00000E+00  0.00000E+00
  0.00000E+00  0.00000E+00  0.00000E+00  0.00000E+00  0.00000E+00       0.00000E+00  0.00000E+00
  0.00000E+00  0.00000E+00  0.00000E+00  0.00000E+00  0.00000E+00       0.00000E+00  0.00000E+00
  0.00000E+00  0.00000E+00  0.00000E+00  0.00000E+00  0.00000E+00       0.00000E+00  0.00000E+00
  0.00000E+00  0.00000E+00  0.00000E+00  0.00000E+00  0.00000E+00       0.00000E+00  0.00000E+00
  0.00000E+00  0.00000E+00  0.00000E+00  0.00000E+00  0.00000E+00       0.00000E+00  0.00000E+00
  0.00000E+00  0.00000E+00  0.00000E+00  0.00000E+00  0.00000E+00       0.00000E+00  0.00000E+00
  0.00000E+00  0.00000E+00  0.00000E+00  0.00000E+00  0.00000E+00       0.00000E+00  0.00000E+00
  0.00000E+00  0.00000E+00  0.00000E+00  0.00000E+00  0.00000E+00       0.00000E+00  0.00000E+00
  0.00000E+00  0.00000E+00  0.00000E+00  0.00000E+00  0.00000E+00       0.00000E+00  0.00000E+00
  0.00000E+00  0.00000E+00  0.00000E+00  0.00000E+00  0.00000E+00       0.00000E+00  0.00000E+00
  0.00000E+00  0.00000E+00  0.00000E+00  0.00000E+00  0.00000E+00       0.00000E+00  0.00000E+00
  0.00000E+00  0.00000E+00  0.00000E+00  0.00000E+00  0.00000E+00       0.00000E+00  0.00000E+00
  0.00000E+00  0.00000E+00  0.00000E+00  0.00000E+00  0.00000E+00       0.00000E+00  0.00000E+00
  0.00000E+00  0.00000E+00  0.00000E+00  0.00000E+00  0.00000E+00       0.00000E+00  0.00000E+00
  0.00000E+00  0.00000E+00  0.00000E+00  0.00000E+00  0.00000E+00       0.00000E+00  0.00000E+00
  0.00000E+00  0.00000E+00  0.00000E+00  0.00000E+00  0.00000E+00       0.00000E+00  0.00000E+00


   74. 183.84   74. 183.84  1.00E+00  3.00E+01  0.00E+00  0.00E+00     5   0.00

  0.00000E+00  0.00000E+00  0.00000E+00  0.00000E+00  0.00000E+00       0.00000E+00  0.00000E+00

  0.00000E+00  0.00000E+00  0.00000E+00  0.00000E+00  0.00000E+00       0.00000E+00  0.00000E+00
  0.00000E+00  0.00000E+00  0.00000E+00  0.00000E+00  0.00000E+00       0.00000E+00  0.00000E+00
  0.00000E+00  0.00000E+00  0.00000E+00  0.00000E+00  0.00000E+00       0.00000E+00  0.00000E+00
  0.00000E+00  0.00000E+00  0.00000E+00  0.00000E+00  0.00000E+00       0.00000E+00  0.00000E+00
  0.00000E+00  0.00000E+00  0.00000E+00  0.00000E+00  0.00000E+00       0.00000E+00  0.00000E+00

  0.00000E+00  0.00000E+00  0.00000E+00  0.00000E+00  0.00000E+00       0.00000E+00  0.00000E+00
  0.00000E+00  0.00000E+00  0.00000E+00  0.00000E+00  0.00000E+00       0.00000E+00  0.00000E+00
  0.00000E+00  0.00000E+00  0.00000E+00  0.00000E+00  0.00000E+00       0.00000E+00  0.00000E+00
  0.00000E+00  0.00000E+00  0.00000E+00  0.00000E+00  0.00000E+00       0.00000E+00  0.00000E+00
  0.00000E+00  0.00000E+00  0.00000E+00  0.00000E+00  0.00000E+00       0.00000E+00  0.00000E+00
  0.00000E+00  0.00000E+00  0.00000E+00  0.00000E+00  0.00000E+00       0.00000E+00  0.00000E+00
  0.00000E+00  0.00000E+00  0.00000E+00  0.00000E+00  0.00000E+00       0.00000E+00  0.00000E+00
  0.00000E+00  0.00000E+00  0.00000E+00  0.00000E+00  0.00000E+00       0.00000E+00  0.00000E+00
  0.00000E+00  0.00000E+00  0.00000E+00  0.00000E+00  0.00000E+00       0.00000E+00  0.00000E+00
  0.00000E+00  0.00000E+00  0.00000E+00  0.00000E+00  0.00000E+00       0.00000E+00  0.00000E+00
  0.00000E+00  0.00000E+00  0.00000E+00  0.00000E+00  0.00000E+00       0.00000E+00  0.00000E+00
  0.00000E+00  0.00000E+00  0.00000E+00  0.00000E+00  0.00000E+00       0.00000E+00  0.00000E+00
  0.00000E+00  0.00000E+00  0.00000E+00  0.00000E+00  0.00000E+00       0.00000E+00  0.00000E+00
  0.00000E+00  0.00000E+00  0.00000E+00  0.00000E+00  0.00000E+00       0.00000E+00  0.00000E+00
  0.00000E+00  0.00000E+00  0.00000E+00  0.00000E+00  0.00000E+00       0.00000E+00  0.00000E+00
  0.00000E+00  0.00000E+00  0.00000E+00  0.00000E+00  0.00000E+00       0.00000E+00  0.00000E+00
  0.00000E+00  0.00000E+00  0.00000E+00  0.00000E+00  0.00000E+00       0.00000E+00  0.00000E+00
  0.00000E+00  0.00000E+00  0.00000E+00  0.00000E+00  0.00000E+00       0.00000E+00  0.00000E+00
  0.00000E+00  0.00000E+00  0.00000E+00  0.00000E+00  0.00000E+00       0.00000E+00  0.00000E+00
  0.00000E+00  0.00000E+00  0.00000E+00  0.00000E+00  0.00000E+00       0.00000E+00  0.00000E+00
  0.00000E+00  0.00000E+00  0.00000E+00  0.00000E+00  0.00000E+00       0.00000E+00  0.00000E+00
  0.00000E+00  0.00000E+00  0.00000E+00  0.00000E+00  0.00000E+00       0.00000E+00  0.00000E+00
  0.00000E+00  0.00000E+00  0.00000E+00  0.00000E+00  0.00000E+00       0.00000E+00  0.00000E+00
  0.00000E+00  0.00000E+00  0.00000E+00  0.00000E+00  0.00000E+00       0.00000E+00  0.00000E+00
  0.00000E+00  0.00000E+00  0.00000E+00  0.00000E+00  0.00000E+00       0.00000E+00  0.00000E+00


   74. 183.84   74. 183.84  1.00E+00  4.50E+01  0.00E+00  0.00E+00     5   0.00

  0.00000E+00  0.00000E+00  0.00000E+00  0.00000E+00  0.00000E+00       0.00000E+00  0.00000E+00

  0.00000E+00  0.00000E+00  0.00000E+00  0.00000E+00  0.00000E+00       0.00000E+00  0.00000E+00
  0.00000E+00  0.00000E+00  0.00000E+00  0.00000E+00  0.00000E+00       0.00000E+00  0.00000E+00
  0.00000E+00  0.00000E+00  0.00000E+00  0.00000E+00  0.00000E+00       0.00000E+00  0.00000E+00
  0.00000E+00  0.00000E+00  0.00000E+00  0.00000E+00  0.00000E+00       0.00000E+00  0.00000E+00
  0.00000E+00  0.00000E+00  0.00000E+00  0.00000E+00  0.00000E+00       0.00000E+00  0.00000E+00

  0.00000E+00  0.00000E+00  0.00000E+00  0.00000E+00  0.00000E+00       0.00000E+00  0.00000E+00
  0.00000E+00  0.00000E+00  0.00000E+00  0.00000E+00  0.00000E+00       0.00000E+00  0.00000E+00
  0.00000E+00  0.00000E+00  0.00000E+00  0.00000E+00  0.00000E+00       0.00000E+00  0.00000E+00
  0.00000E+00  0.00000E+00  0.00000E+00  0.00000E+00  0.00000E+00       0.00000E+00  0.00000E+00
  0.00000E+00  0.00000E+00  0.00000E+00  0.00000E+00  0.00000E+00       0.00000E+00  0.00000E+00
  0.00000E+00  0.00000E+00  0.00000E+00  0.00000E+00  0.00000E+00       0.00000E+00  0.00000E+00
  0.00000E+00  0.00000E+00  0.00000E+00  0.00000E+00  0.00000E+00       0.00000E+00  0.00000E+00
  0.00000E+00  0.00000E+00  0.00000E+00  0.00000E+00  0.00000E+00       0.00000E+00  0.00000E+00
  0.00000E+00  0.00000E+00  0.00000E+00  0.00000E+00  0.00000E+00       0.00000E+00  0.00000E+00
  0.00000E+00  0.00000E+00  0.00000E+00  0.00000E+00  0.00000E+00       0.00000E+00  0.00000E+00
  0.00000E+00  0.00000E+00  0.00000E+00  0.00000E+00  0.00000E+00       0.00000E+00  0.00000E+00
  0.00000E+00  0.00000E+00  0.00000E+00  0.00000E+00  0.00000E+00       0.00000E+00  0.00000E+00
  0.00000E+00  0.00000E+00  0.00000E+00  0.00000E+00  0.00000E+00       0.00000E+00  0.00000E+00
  0.00000E+00  0.00000E+00  0.00000E+00  0.00000E+00  0.00000E+00       0.00000E+00  0.00000E+00
  0.00000E+00  0.00000E+00  0.00000E+00  0.00000E+00  0.00000E+00       0.00000E+00  0.00000E+00
  0.00000E+00  0.00000E+00  0.00000E+00  0.00000E+00  0.00000E+00       0.00000E+00  0.00000E+00
  0.00000E+00  0.00000E+00  0.00000E+00  0.00000E+00  0.00000E+00       0.00000E+00  0.00000E+00
  0.00000E+00  0.00000E+00  0.00000E+00  0.00000E+00  0.00000E+00       0.00000E+00  0.00000E+00
  0.00000E+00  0.00000E+00  0.00000E+00  0.00000E+00  0.00000E+00       0.00000E+00  0.00000E+00
  0.00000E+00  0.00000E+00  0.00000E+00  0.00000E+00  0.00000E+00       0.00000E+00  0.00000E+00
  0.00000E+00  0.00000E+00  0.00000E+00  0.00000E+00  0.00000E+00       0.00000E+00  0.00000E+00
  0.00000E+00  0.00000E+00  0.00000E+00  0.00000E+00  0.00000E+00       0.00000E+00  0.00000E+00
  0.00000E+00  0.00000E+00  0.00000E+00  0.00000E+00  0.00000E+00       0.00000E+00  0.00000E+00
  0.00000E+00  0.00000E+00  0.00000E+00  0.00000E+00  0.00000E+00       0.00000E+00  0.00000E+00
  0.00000E+00  0.00000E+00  0.00000E+00  0.00000E+00  0.00000E+00       0.00000E+00  0.00000E+00


   74. 183.84   74. 183.84  1.00E+00  6.00E+01  0.00E+00  0.00E+00     5   0.00

  0.00000E+00  0.00000E+00  0.00000E+00  0.00000E+00  0.00000E+00       0.00000E+00  0.00000E+00

  0.00000E+00  0.00000E+00  0.00000E+00  0.00000E+00  0.00000E+00       0.00000E+00  0.00000E+00
  0.00000E+00  0.00000E+00  0.00000E+00  0.00000E+00  0.00000E+00       0.00000E+00  0.00000E+00
  0.00000E+00  0.00000E+00  0.00000E+00  0.00000E+00  0.00000E+00       0.00000E+00  0.00000E+00
  0.00000E+00  0.00000E+00  0.00000E+00  0.00000E+00  0.00000E+00       0.00000E+00  0.00000E+00
  0.00000E+00  0.00000E+00  0.00000E+00  0.00000E+00  0.00000E+00       0.00000E+00  0.00000E+00

  0.00000E+00  0.00000E+00  0.00000E+00  0.00000E+00  0.00000E+00       0.00000E+00  0.00000E+00
  0.00000E+00  0.00000E+00  0.00000E+00  0.00000E+00  0.00000E+00       0.00000E+00  0.00000E+00
  0.00000E+00  0.00000E+00  0.00000E+00  0.00000E+00  0.00000E+00       0.00000E+00  0.00000E+00
  0.00000E+00  0.00000E+00  0.00000E+00  0.00000E+00  0.00000E+00       0.00000E+00  0.00000E+00
  0.00000E+00  0.00000E+00  0.00000E+00  0.00000E+00  0.00000E+00       0.00000E+00  0.00000E+00
  0.00000E+00  0.00000E+00  0.00000E+00  0.00000E+00  0.00000E+00       0.00000E+00  0.00000E+00
  0.00000E+00  0.00000E+00  0.00000E+00  0.00000E+00  0.00000E+00       0.00000E+00  0.00000E+00
  0.00000E+00  0.00000E+00  0.00000E+00  0.00000E+00  0.00000E+00       0.00000E+00  0.00000E+00
  0.00000E+00  0.00000E+00  0.00000E+00  0.00000E+00  0.00000E+00       0.00000E+00  0.00000E+00
  0.00000E+00  0.00000E+00  0.00000E+00  0.00000E+00  0.00000E+00       0.00000E+00  0.00000E+00
  0.00000E+00  0.00000E+00  0.00000E+00  0.00000E+00  0.00000E+00       0.00000E+00  0.00000E+00
  0.00000E+00  0.00000E+00  0.00000E+00  0.00000E+00  0.00000E+00       0.00000E+00  0.00000E+00
  0.00000E+00  0.00000E+00  0.00000E+00  0.00000E+00  0.00000E+00       0.00000E+00  0.00000E+00
  0.00000E+00  0.00000E+00  0.00000E+00  0.00000E+00  0.00000E+00       0.00000E+00  0.00000E+00
  0.00000E+00  0.00000E+00  0.00000E+00  0.00000E+00  0.00000E+00       0.00000E+00  0.00000E+00
  0.00000E+00  0.00000E+00  0.00000E+00  0.00000E+00  0.00000E+00       0.00000E+00  0.00000E+00
  0.00000E+00  0.00000E+00  0.00000E+00  0.00000E+00  0.00000E+00       0.00000E+00  0.00000E+00
  0.00000E+00  0.00000E+00  0.00000E+00  0.00000E+00  0.00000E+00       0.00000E+00  0.00000E+00
  0.00000E+00  0.00000E+00  0.00000E+00  0.00000E+00  0.00000E+00       0.00000E+00  0.00000E+00
  0.00000E+00  0.00000E+00  0.00000E+00  0.00000E+00  0.00000E+00       0.00000E+00  0.00000E+00
  0.00000E+00  0.00000E+00  0.00000E+00  0.00000E+00  0.00000E+00       0.00000E+00  0.00000E+00
  0.00000E+00  0.00000E+00  0.00000E+00  0.00000E+00  0.00000E+00       0.00000E+00  0.00000E+00
  0.00000E+00  0.00000E+00  0.00000E+00  0.00000E+00  0.00000E+00       0.00000E+00  0.00000E+00
  0.00000E+00  0.00000E+00  0.00000E+00  0.00000E+00  0.00000E+00       0.00000E+00  0.00000E+00
  0.00000E+00  0.00000E+00  0.00000E+00  0.00000E+00  0.00000E+00       0.00000E+00  0.00000E+00


   74. 183.84   74. 183.84  1.00E+00  7.00E+01  0.00E+00  0.00E+00     5   0.00

  0.00000E+00  0.00000E+00  0.00000E+00  0.00000E+00  0.00000E+00       0.00000E+00  0.00000E+00

  0.00000E+00  0.00000E+00  0.00000E+00  0.00000E+00  0.00000E+00       0.00000E+00  0.00000E+00
  0.00000E+00  0.00000E+00  0.00000E+00  0.00000E+00  0.00000E+00       0.00000E+00  0.00000E+00
  0.00000E+00  0.00000E+00  0.00000E+00  0.00000E+00  0.00000E+00       0.00000E+00  0.00000E+00
  0.00000E+00  0.00000E+00  0.00000E+00  0.00000E+00  0.00000E+00       0.00000E+00  0.00000E+00
  0.00000E+00  0.00000E+00  0.00000E+00  0.00000E+00  0.00000E+00       0.00000E+00  0.00000E+00

  0.00000E+00  0.00000E+00  0.00000E+00  0.00000E+00  0.00000E+00       0.00000E+00  0.00000E+00
  0.00000E+00  0.00000E+00  0.00000E+00  0.00000E+00  0.00000E+00       0.00000E+00  0.00000E+00
  0.00000E+00  0.00000E+00  0.00000E+00  0.00000E+00  0.00000E+00       0.00000E+00  0.00000E+00
  0.00000E+00  0.00000E+00  0.00000E+00  0.00000E+00  0.00000E+00       0.00000E+00  0.00000E+00
  0.00000E+00  0.00000E+00  0.00000E+00  0.00000E+00  0.00000E+00       0.00000E+00  0.00000E+00
  0.00000E+00  0.00000E+00  0.00000E+00  0.00000E+00  0.00000E+00       0.00000E+00  0.00000E+00
  0.00000E+00  0.00000E+00  0.00000E+00  0.00000E+00  0.00000E+00       0.00000E+00  0.00000E+00
  0.00000E+00  0.00000E+00  0.00000E+00  0.00000E+00  0.00000E+00       0.00000E+00  0.00000E+00
  0.00000E+00  0.00000E+00  0.00000E+00  0.00000E+00  0.00000E+00       0.00000E+00  0.00000E+00
  0.00000E+00  0.00000E+00  0.00000E+00  0.00000E+00  0.00000E+00       0.00000E+00  0.00000E+00
  0.00000E+00  0.00000E+00  0.00000E+00  0.00000E+00  0.00000E+00       0.00000E+00  0.00000E+00
  0.00000E+00  0.00000E+00  0.00000E+00  0.00000E+00  0.00000E+00       0.00000E+00  0.00000E+00
  0.00000E+00  0.00000E+00  0.00000E+00  0.00000E+00  0.00000E+00       0.00000E+00  0.00000E+00
  0.00000E+00  0.00000E+00  0.00000E+00  0.00000E+00  0.00000E+00       0.00000E+00  0.00000E+00
  0.00000E+00  0.00000E+00  0.00000E+00  0.00000E+00  0.00000E+00       0.00000E+00  0.00000E+00
  0.00000E+00  0.00000E+00  0.00000E+00  0.00000E+00  0.00000E+00       0.00000E+00  0.00000E+00
  0.00000E+00  0.00000E+00  0.00000E+00  0.00000E+00  0.00000E+00       0.00000E+00  0.00000E+00
  0.00000E+00  0.00000E+00  0.00000E+00  0.00000E+00  0.00000E+00       0.00000E+00  0.00000E+00
  0.00000E+00  0.00000E+00  0.00000E+00  0.00000E+00  0.00000E+00       0.00000E+00  0.00000E+00
  0.00000E+00  0.00000E+00  0.00000E+00  0.00000E+00  0.00000E+00       0.00000E+00  0.00000E+00
  0.00000E+00  0.00000E+00  0.00000E+00  0.00000E+00  0.00000E+00       0.00000E+00  0.00000E+00
  0.00000E+00  0.00000E+00  0.00000E+00  0.00000E+00  0.00000E+00       0.00000E+00  0.00000E+00
  0.00000E+00  0.00000E+00  0.00000E+00  0.00000E+00  0.00000E+00       0.00000E+00  0.00000E+00
  0.00000E+00  0.00000E+00  0.00000E+00  0.00000E+00  0.00000E+00       0.00000E+00  0.00000E+00
  0.00000E+00  0.00000E+00  0.00000E+00  0.00000E+00  0.00000E+00       0.00000E+00  0.00000E+00


   74. 183.84   74. 183.84  1.00E+00  8.00E+01  0.00E+00  0.00E+00     5   0.00

  0.00000E+00  0.00000E+00  0.00000E+00  0.00000E+00  0.00000E+00       0.00000E+00  0.00000E+00

  0.00000E+00  0.00000E+00  0.00000E+00  0.00000E+00  0.00000E+00       0.00000E+00  0.00000E+00
  0.00000E+00  0.00000E+00  0.00000E+00  0.00000E+00  0.00000E+00       0.00000E+00  0.00000E+00
  0.00000E+00  0.00000E+00  0.00000E+00  0.00000E+00  0.00000E+00       0.00000E+00  0.00000E+00
  0.00000E+00  0.00000E+00  0.00000E+00  0.00000E+00  0.00000E+00       0.00000E+00  0.00000E+00
  0.00000E+00  0.00000E+00  0.00000E+00  0.00000E+00  0.00000E+00       0.00000E+00  0.00000E+00

  0.00000E+00  0.00000E+00  0.00000E+00  0.00000E+00  0.00000E+00       0.00000E+00  0.00000E+00
  0.00000E+00  0.00000E+00  0.00000E+00  0.00000E+00  0.00000E+00       0.00000E+00  0.00000E+00
  0.00000E+00  0.00000E+00  0.00000E+00  0.00000E+00  0.00000E+00       0.00000E+00  0.00000E+00
  0.00000E+00  0.00000E+00  0.00000E+00  0.00000E+00  0.00000E+00       0.00000E+00  0.00000E+00
  0.00000E+00  0.00000E+00  0.00000E+00  0.00000E+00  0.00000E+00       0.00000E+00  0.00000E+00
  0.00000E+00  0.00000E+00  0.00000E+00  0.00000E+00  0.00000E+00       0.00000E+00  0.00000E+00
  0.00000E+00  0.00000E+00  0.00000E+00  0.00000E+00  0.00000E+00       0.00000E+00  0.00000E+00
  0.00000E+00  0.00000E+00  0.00000E+00  0.00000E+00  0.00000E+00       0.00000E+00  0.00000E+00
  0.00000E+00  0.00000E+00  0.00000E+00  0.00000E+00  0.00000E+00       0.00000E+00  0.00000E+00
  0.00000E+00  0.00000E+00  0.00000E+00  0.00000E+00  0.00000E+00       0.00000E+00  0.00000E+00
  0.00000E+00  0.00000E+00  0.00000E+00  0.00000E+00  0.00000E+00       0.00000E+00  0.00000E+00
  0.00000E+00  0.00000E+00  0.00000E+00  0.00000E+00  0.00000E+00       0.00000E+00  0.00000E+00
  0.00000E+00  0.00000E+00  0.00000E+00  0.00000E+00  0.00000E+00       0.00000E+00  0.00000E+00
  0.00000E+00  0.00000E+00  0.00000E+00  0.00000E+00  0.00000E+00       0.00000E+00  0.00000E+00
  0.00000E+00  0.00000E+00  0.00000E+00  0.00000E+00  0.00000E+00       0.00000E+00  0.00000E+00
  0.00000E+00  0.00000E+00  0.00000E+00  0.00000E+00  0.00000E+00       0.00000E+00  0.00000E+00
  0.00000E+00  0.00000E+00  0.00000E+00  0.00000E+00  0.00000E+00       0.00000E+00  0.00000E+00
  0.00000E+00  0.00000E+00  0.00000E+00  0.00000E+00  0.00000E+00       0.00000E+00  0.00000E+00
  0.00000E+00  0.00000E+00  0.00000E+00  0.00000E+00  0.00000E+00       0.00000E+00  0.00000E+00
  0.00000E+00  0.00000E+00  0.00000E+00  0.00000E+00  0.00000E+00       0.00000E+00  0.00000E+00
  0.00000E+00  0.00000E+00  0.00000E+00  0.00000E+00  0.00000E+00       0.00000E+00  0.00000E+00
  0.00000E+00  0.00000E+00  0.00000E+00  0.00000E+00  0.00000E+00       0.00000E+00  0.00000E+00
  0.00000E+00  0.00000E+00  0.00000E+00  0.00000E+00  0.00000E+00       0.00000E+00  0.00000E+00
  0.00000E+00  0.00000E+00  0.00000E+00  0.00000E+00  0.00000E+00       0.00000E+00  0.00000E+00
  0.00000E+00  0.00000E+00  0.00000E+00  0.00000E+00  0.00000E+00       0.00000E+00  0.00000E+00


   74. 183.84   74. 183.84  1.00E+00  8.50E+01  0.00E+00  0.00E+00     5   0.00

  0.00000E+00  0.00000E+00  0.00000E+00  0.00000E+00  0.00000E+00       0.00000E+00  0.00000E+00

  0.00000E+00  0.00000E+00  0.00000E+00  0.00000E+00  0.00000E+00       0.00000E+00  0.00000E+00
  0.00000E+00  0.00000E+00  0.00000E+00  0.00000E+00  0.00000E+00       0.00000E+00  0.00000E+00
  0.00000E+00  0.00000E+00  0.00000E+00  0.00000E+00  0.00000E+00       0.00000E+00  0.00000E+00
  0.00000E+00  0.00000E+00  0.00000E+00  0.00000E+00  0.00000E+00       0.00000E+00  0.00000E+00
  0.00000E+00  0.00000E+00  0.00000E+00  0.00000E+00  0.00000E+00       0.00000E+00  0.00000E+00

  0.00000E+00  0.00000E+00  0.00000E+00  0.00000E+00  0.00000E+00       0.00000E+00  0.00000E+00
  0.00000E+00  0.00000E+00  0.00000E+00  0.00000E+00  0.00000E+00       0.00000E+00  0.00000E+00
  0.00000E+00  0.00000E+00  0.00000E+00  0.00000E+00  0.00000E+00       0.00000E+00  0.00000E+00
  0.00000E+00  0.00000E+00  0.00000E+00  0.00000E+00  0.00000E+00       0.00000E+00  0.00000E+00
  0.00000E+00  0.00000E+00  0.00000E+00  0.00000E+00  0.00000E+00       0.00000E+00  0.00000E+00
  0.00000E+00  0.00000E+00  0.00000E+00  0.00000E+00  0.00000E+00       0.00000E+00  0.00000E+00
  0.00000E+00  0.00000E+00  0.00000E+00  0.00000E+00  0.00000E+00       0.00000E+00  0.00000E+00
  0.00000E+00  0.00000E+00  0.00000E+00  0.00000E+00  0.00000E+00       0.00000E+00  0.00000E+00
  0.00000E+00  0.00000E+00  0.00000E+00  0.00000E+00  0.00000E+00       0.00000E+00  0.00000E+00
  0.00000E+00  0.00000E+00  0.00000E+00  0.00000E+00  0.00000E+00       0.00000E+00  0.00000E+00
  0.00000E+00  0.00000E+00  0.00000E+00  0.00000E+00  0.00000E+00       0.00000E+00  0.00000E+00
  0.00000E+00  0.00000E+00  0.00000E+00  0.00000E+00  0.00000E+00       0.00000E+00  0.00000E+00
  0.00000E+00  0.00000E+00  0.00000E+00  0.00000E+00  0.00000E+00       0.00000E+00  0.00000E+00
  0.00000E+00  0.00000E+00  0.00000E+00  0.00000E+00  0.00000E+00       0.00000E+00  0.00000E+00
  0.00000E+00  0.00000E+00  0.00000E+00  0.00000E+00  0.00000E+00       0.00000E+00  0.00000E+00
  0.00000E+00  0.00000E+00  0.00000E+00  0.00000E+00  0.00000E+00       0.00000E+00  0.00000E+00
  0.00000E+00  0.00000E+00  0.00000E+00  0.00000E+00  0.00000E+00       0.00000E+00  0.00000E+00
  0.00000E+00  0.00000E+00  0.00000E+00  0.00000E+00  0.00000E+00       0.00000E+00  0.00000E+00
  0.00000E+00  0.00000E+00  0.00000E+00  0.00000E+00  0.00000E+00       0.00000E+00  0.00000E+00
  0.00000E+00  0.00000E+00  0.00000E+00  0.00000E+00  0.00000E+00       0.00000E+00  0.00000E+00
  0.00000E+00  0.00000E+00  0.00000E+00  0.00000E+00  0.00000E+00       0.00000E+00  0.00000E+00
  0.00000E+00  0.00000E+00  0.00000E+00  0.00000E+00  0.00000E+00       0.00000E+00  0.00000E+00
  0.00000E+00  0.00000E+00  0.00000E+00  0.00000E+00  0.00000E+00       0.00000E+00  0.00000E+00
  0.00000E+00  0.00000E+00  0.00000E+00  0.00000E+00  0.00000E+00       0.00000E+00  0.00000E+00
  0.00000E+00  0.00000E+00  0.00000E+00  0.00000E+00  0.00000E+00       0.00000E+00  0.00000E+00


   74. 183.84   74. 183.84  2.00E+00  0.00E+00  0.00E+00  0.00E+00     5   0.00

  0.00000E+00  0.00000E+00  0.00000E+00  0.00000E+00  0.00000E+00       0.00000E+00  0.00000E+00

  0.00000E+00  0.00000E+00  0.00000E+00  0.00000E+00  0.00000E+00       0.00000E+00  0.00000E+00
  0.00000E+00  0.00000E+00  0.00000E+00  0.00000E+00  0.00000E+00       0.00000E+00  0.00000E+00
  0.00000E+00  0.00000E+00  0.00000E+00  0.00000E+00  0.00000E+00       0.00000E+00  0.00000E+00
  0.00000E+00  0.00000E+00  0.00000E+00  0.00000E+00  0.00000E+00       0.00000E+00  0.00000E+00
  0.00000E+00  0.00000E+00  0.00000E+00  0.00000E+00  0.00000E+00       0.00000E+00  0.00000E+00

  0.00000E+00  0.00000E+00  0.00000E+00  0.00000E+00  0.00000E+00       0.00000E+00  0.00000E+00
  0.00000E+00  0.00000E+00  0.00000E+00  0.00000E+00  0.00000E+00       0.00000E+00  0.00000E+00
  0.00000E+00  0.00000E+00  0.00000E+00  0.00000E+00  0.00000E+00       0.00000E+00  0.00000E+00
  0.00000E+00  0.00000E+00  0.00000E+00  0.00000E+00  0.00000E+00       0.00000E+00  0.00000E+00
  0.00000E+00  0.00000E+00  0.00000E+00  0.00000E+00  0.00000E+00       0.00000E+00  0.00000E+00
  0.00000E+00  0.00000E+00  0.00000E+00  0.00000E+00  0.00000E+00       0.00000E+00  0.00000E+00
  0.00000E+00  0.00000E+00  0.00000E+00  0.00000E+00  0.00000E+00       0.00000E+00  0.00000E+00
  0.00000E+00  0.00000E+00  0.00000E+00  0.00000E+00  0.00000E+00       0.00000E+00  0.00000E+00
  0.00000E+00  0.00000E+00  0.00000E+00  0.00000E+00  0.00000E+00       0.00000E+00  0.00000E+00
  0.00000E+00  0.00000E+00  0.00000E+00  0.00000E+00  0.00000E+00       0.00000E+00  0.00000E+00
  0.00000E+00  0.00000E+00  0.00000E+00  0.00000E+00  0.00000E+00       0.00000E+00  0.00000E+00
  0.00000E+00  0.00000E+00  0.00000E+00  0.00000E+00  0.00000E+00       0.00000E+00  0.00000E+00
  0.00000E+00  0.00000E+00  0.00000E+00  0.00000E+00  0.00000E+00       0.00000E+00  0.00000E+00
  0.00000E+00  0.00000E+00  0.00000E+00  0.00000E+00  0.00000E+00       0.00000E+00  0.00000E+00
  0.00000E+00  0.00000E+00  0.00000E+00  0.00000E+00  0.00000E+00       0.00000E+00  0.00000E+00
  0.00000E+00  0.00000E+00  0.00000E+00  0.00000E+00  0.00000E+00       0.00000E+00  0.00000E+00
  0.00000E+00  0.00000E+00  0.00000E+00  0.00000E+00  0.00000E+00       0.00000E+00  0.00000E+00
  0.00000E+00  0.00000E+00  0.00000E+00  0.00000E+00  0.00000E+00       0.00000E+00  0.00000E+00
  0.00000E+00  0.00000E+00  0.00000E+00  0.00000E+00  0.00000E+00       0.00000E+00  0.00000E+00
  0.00000E+00  0.00000E+00  0.00000E+00  0.00000E+00  0.00000E+00       0.00000E+00  0.00000E+00
  0.00000E+00  0.00000E+00  0.00000E+00  0.00000E+00  0.00000E+00       0.00000E+00  0.00000E+00
  0.00000E+00  0.00000E+00  0.00000E+00  0.00000E+00  0.00000E+00       0.00000E+00  0.00000E+00
  0.00000E+00  0.00000E+00  0.00000E+00  0.00000E+00  0.00000E+00       0.00000E+00  0.00000E+00
  0.00000E+00  0.00000E+00  0.00000E+00  0.00000E+00  0.00000E+00       0.00000E+00  0.00000E+00
  0.00000E+00  0.00000E+00  0.00000E+00  0.00000E+00  0.00000E+00       0.00000E+00  0.00000E+00


   74. 183.84   74. 183.84  2.00E+00  3.00E+01  0.00E+00  0.00E+00     5   0.00

  0.00000E+00  0.00000E+00  0.00000E+00  0.00000E+00  0.00000E+00       0.00000E+00  0.00000E+00

  0.00000E+00  0.00000E+00  0.00000E+00  0.00000E+00  0.00000E+00       0.00000E+00  0.00000E+00
  0.00000E+00  0.00000E+00  0.00000E+00  0.00000E+00  0.00000E+00       0.00000E+00  0.00000E+00
  0.00000E+00  0.00000E+00  0.00000E+00  0.00000E+00  0.00000E+00       0.00000E+00  0.00000E+00
  0.00000E+00  0.00000E+00  0.00000E+00  0.00000E+00  0.00000E+00       0.00000E+00  0.00000E+00
  0.00000E+00  0.00000E+00  0.00000E+00  0.00000E+00  0.00000E+00       0.00000E+00  0.00000E+00

  0.00000E+00  0.00000E+00  0.00000E+00  0.00000E+00  0.00000E+00       0.00000E+00  0.00000E+00
  0.00000E+00  0.00000E+00  0.00000E+00  0.00000E+00  0.00000E+00       0.00000E+00  0.00000E+00
  0.00000E+00  0.00000E+00  0.00000E+00  0.00000E+00  0.00000E+00       0.00000E+00  0.00000E+00
  0.00000E+00  0.00000E+00  0.00000E+00  0.00000E+00  0.00000E+00       0.00000E+00  0.00000E+00
  0.00000E+00  0.00000E+00  0.00000E+00  0.00000E+00  0.00000E+00       0.00000E+00  0.00000E+00
  0.00000E+00  0.00000E+00  0.00000E+00  0.00000E+00  0.00000E+00       0.00000E+00  0.00000E+00
  0.00000E+00  0.00000E+00  0.00000E+00  0.00000E+00  0.00000E+00       0.00000E+00  0.00000E+00
  0.00000E+00  0.00000E+00  0.00000E+00  0.00000E+00  0.00000E+00       0.00000E+00  0.00000E+00
  0.00000E+00  0.00000E+00  0.00000E+00  0.00000E+00  0.00000E+00       0.00000E+00  0.00000E+00
  0.00000E+00  0.00000E+00  0.00000E+00  0.00000E+00  0.00000E+00       0.00000E+00  0.00000E+00
  0.00000E+00  0.00000E+00  0.00000E+00  0.00000E+00  0.00000E+00       0.00000E+00  0.00000E+00
  0.00000E+00  0.00000E+00  0.00000E+00  0.00000E+00  0.00000E+00       0.00000E+00  0.00000E+00
  0.00000E+00  0.00000E+00  0.00000E+00  0.00000E+00  0.00000E+00       0.00000E+00  0.00000E+00
  0.00000E+00  0.00000E+00  0.00000E+00  0.00000E+00  0.00000E+00       0.00000E+00  0.00000E+00
  0.00000E+00  0.00000E+00  0.00000E+00  0.00000E+00  0.00000E+00       0.00000E+00  0.00000E+00
  0.00000E+00  0.00000E+00  0.00000E+00  0.00000E+00  0.00000E+00       0.00000E+00  0.00000E+00
  0.00000E+00  0.00000E+00  0.00000E+00  0.00000E+00  0.00000E+00       0.00000E+00  0.00000E+00
  0.00000E+00  0.00000E+00  0.00000E+00  0.00000E+00  0.00000E+00       0.00000E+00  0.00000E+00
  0.00000E+00  0.00000E+00  0.00000E+00  0.00000E+00  0.00000E+00       0.00000E+00  0.00000E+00
  0.00000E+00  0.00000E+00  0.00000E+00  0.00000E+00  0.00000E+00       0.00000E+00  0.00000E+00
  0.00000E+00  0.00000E+00  0.00000E+00  0.00000E+00  0.00000E+00       0.00000E+00  0.00000E+00
  0.00000E+00  0.00000E+00  0.00000E+00  0.00000E+00  0.00000E+00       0.00000E+00  0.00000E+00
  0.00000E+00  0.00000E+00  0.00000E+00  0.00000E+00  0.00000E+00       0.00000E+00  0.00000E+00
  0.00000E+00  0.00000E+00  0.00000E+00  0.00000E+00  0.00000E+00       0.00000E+00  0.00000E+00
  0.00000E+00  0.00000E+00  0.00000E+00  0.00000E+00  0.00000E+00       0.00000E+00  0.00000E+00


   74. 183.84   74. 183.84  2.00E+00  4.50E+01  0.00E+00  0.00E+00     5   0.00

  0.00000E+00  0.00000E+00  0.00000E+00  0.00000E+00  0.00000E+00       0.00000E+00  0.00000E+00

  0.00000E+00  0.00000E+00  0.00000E+00  0.00000E+00  0.00000E+00       0.00000E+00  0.00000E+00
  0.00000E+00  0.00000E+00  0.00000E+00  0.00000E+00  0.00000E+00       0.00000E+00  0.00000E+00
  0.00000E+00  0.00000E+00  0.00000E+00  0.00000E+00  0.00000E+00       0.00000E+00  0.00000E+00
  0.00000E+00  0.00000E+00  0.00000E+00  0.00000E+00  0.00000E+00       0.00000E+00  0.00000E+00
  0.00000E+00  0.00000E+00  0.00000E+00  0.00000E+00  0.00000E+00       0.00000E+00  0.00000E+00

  0.00000E+00  0.00000E+00  0.00000E+00  0.00000E+00  0.00000E+00       0.00000E+00  0.00000E+00
  0.00000E+00  0.00000E+00  0.00000E+00  0.00000E+00  0.00000E+00       0.00000E+00  0.00000E+00
  0.00000E+00  0.00000E+00  0.00000E+00  0.00000E+00  0.00000E+00       0.00000E+00  0.00000E+00
  0.00000E+00  0.00000E+00  0.00000E+00  0.00000E+00  0.00000E+00       0.00000E+00  0.00000E+00
  0.00000E+00  0.00000E+00  0.00000E+00  0.00000E+00  0.00000E+00       0.00000E+00  0.00000E+00
  0.00000E+00  0.00000E+00  0.00000E+00  0.00000E+00  0.00000E+00       0.00000E+00  0.00000E+00
  0.00000E+00  0.00000E+00  0.00000E+00  0.00000E+00  0.00000E+00       0.00000E+00  0.00000E+00
  0.00000E+00  0.00000E+00  0.00000E+00  0.00000E+00  0.00000E+00       0.00000E+00  0.00000E+00
  0.00000E+00  0.00000E+00  0.00000E+00  0.00000E+00  0.00000E+00       0.00000E+00  0.00000E+00
  0.00000E+00  0.00000E+00  0.00000E+00  0.00000E+00  0.00000E+00       0.00000E+00  0.00000E+00
  0.00000E+00  0.00000E+00  0.00000E+00  0.00000E+00  0.00000E+00       0.00000E+00  0.00000E+00
  0.00000E+00  0.00000E+00  0.00000E+00  0.00000E+00  0.00000E+00       0.00000E+00  0.00000E+00
  0.00000E+00  0.00000E+00  0.00000E+00  0.00000E+00  0.00000E+00       0.00000E+00  0.00000E+00
  0.00000E+00  0.00000E+00  0.00000E+00  0.00000E+00  0.00000E+00       0.00000E+00  0.00000E+00
  0.00000E+00  0.00000E+00  0.00000E+00  0.00000E+00  0.00000E+00       0.00000E+00  0.00000E+00
  0.00000E+00  0.00000E+00  0.00000E+00  0.00000E+00  0.00000E+00       0.00000E+00  0.00000E+00
  0.00000E+00  0.00000E+00  0.00000E+00  0.00000E+00  0.00000E+00       0.00000E+00  0.00000E+00
  0.00000E+00  0.00000E+00  0.00000E+00  0.00000E+00  0.00000E+00       0.00000E+00  0.00000E+00
  0.00000E+00  0.00000E+00  0.00000E+00  0.00000E+00  0.00000E+00       0.00000E+00  0.00000E+00
  0.00000E+00  0.00000E+00  0.00000E+00  0.00000E+00  0.00000E+00       0.00000E+00  0.00000E+00
  0.00000E+00  0.00000E+00  0.00000E+00  0.00000E+00  0.00000E+00       0.00000E+00  0.00000E+00
  0.00000E+00  0.00000E+00  0.00000E+00  0.00000E+00  0.00000E+00       0.00000E+00  0.00000E+00
  0.00000E+00  0.00000E+00  0.00000E+00  0.00000E+00  0.00000E+00       0.00000E+00  0.00000E+00
  0.00000E+00  0.00000E+00  0.00000E+00  0.00000E+00  0.00000E+00       0.00000E+00  0.00000E+00
  0.00000E+00  0.00000E+00  0.00000E+00  0.00000E+00  0.00000E+00       0.00000E+00  0.00000E+00


   74. 183.84   74. 183.84  2.00E+00  6.00E+01  0.00E+00  0.00E+00     5   0.00

  0.00000E+00  0.00000E+00  0.00000E+00  0.00000E+00  0.00000E+00       0.00000E+00  0.00000E+00

  0.00000E+00  0.00000E+00  0.00000E+00  0.00000E+00  0.00000E+00       0.00000E+00  0.00000E+00
  0.00000E+00  0.00000E+00  0.00000E+00  0.00000E+00  0.00000E+00       0.00000E+00  0.00000E+00
  0.00000E+00  0.00000E+00  0.00000E+00  0.00000E+00  0.00000E+00       0.00000E+00  0.00000E+00
  0.00000E+00  0.00000E+00  0.00000E+00  0.00000E+00  0.00000E+00       0.00000E+00  0.00000E+00
  0.00000E+00  0.00000E+00  0.00000E+00  0.00000E+00  0.00000E+00       0.00000E+00  0.00000E+00

  0.00000E+00  0.00000E+00  0.00000E+00  0.00000E+00  0.00000E+00       0.00000E+00  0.00000E+00
  0.00000E+00  0.00000E+00  0.00000E+00  0.00000E+00  0.00000E+00       0.00000E+00  0.00000E+00
  0.00000E+00  0.00000E+00  0.00000E+00  0.00000E+00  0.00000E+00       0.00000E+00  0.00000E+00
  0.00000E+00  0.00000E+00  0.00000E+00  0.00000E+00  0.00000E+00       0.00000E+00  0.00000E+00
  0.00000E+00  0.00000E+00  0.00000E+00  0.00000E+00  0.00000E+00       0.00000E+00  0.00000E+00
  0.00000E+00  0.00000E+00  0.00000E+00  0.00000E+00  0.00000E+00       0.00000E+00  0.00000E+00
  0.00000E+00  0.00000E+00  0.00000E+00  0.00000E+00  0.00000E+00       0.00000E+00  0.00000E+00
  0.00000E+00  0.00000E+00  0.00000E+00  0.00000E+00  0.00000E+00       0.00000E+00  0.00000E+00
  0.00000E+00  0.00000E+00  0.00000E+00  0.00000E+00  0.00000E+00       0.00000E+00  0.00000E+00
  0.00000E+00  0.00000E+00  0.00000E+00  0.00000E+00  0.00000E+00       0.00000E+00  0.00000E+00
  0.00000E+00  0.00000E+00  0.00000E+00  0.00000E+00  0.00000E+00       0.00000E+00  0.00000E+00
  0.00000E+00  0.00000E+00  0.00000E+00  0.00000E+00  0.00000E+00       0.00000E+00  0.00000E+00
  0.00000E+00  0.00000E+00  0.00000E+00  0.00000E+00  0.00000E+00       0.00000E+00  0.00000E+00
  0.00000E+00  0.00000E+00  0.00000E+00  0.00000E+00  0.00000E+00       0.00000E+00  0.00000E+00
  0.00000E+00  0.00000E+00  0.00000E+00  0.00000E+00  0.00000E+00       0.00000E+00  0.00000E+00
  0.00000E+00  0.00000E+00  0.00000E+00  0.00000E+00  0.00000E+00       0.00000E+00  0.00000E+00
  0.00000E+00  0.00000E+00  0.00000E+00  0.00000E+00  0.00000E+00       0.00000E+00  0.00000E+00
  0.00000E+00  0.00000E+00  0.00000E+00  0.00000E+00  0.00000E+00       0.00000E+00  0.00000E+00
  0.00000E+00  0.00000E+00  0.00000E+00  0.00000E+00  0.00000E+00       0.00000E+00  0.00000E+00
  0.00000E+00  0.00000E+00  0.00000E+00  0.00000E+00  0.00000E+00       0.00000E+00  0.00000E+00
  0.00000E+00  0.00000E+00  0.00000E+00  0.00000E+00  0.00000E+00       0.00000E+00  0.00000E+00
  0.00000E+00  0.00000E+00  0.00000E+00  0.00000E+00  0.00000E+00       0.00000E+00  0.00000E+00
  0.00000E+00  0.00000E+00  0.00000E+00  0.00000E+00  0.00000E+00       0.00000E+00  0.00000E+00
  0.00000E+00  0.00000E+00  0.00000E+00  0.00000E+00  0.00000E+00       0.00000E+00  0.00000E+00
  0.00000E+00  0.00000E+00  0.00000E+00  0.00000E+00  0.00000E+00       0.00000E+00  0.00000E+00


   74. 183.84   74. 183.84  2.00E+00  7.00E+01  0.00E+00  0.00E+00     5   0.00

  0.00000E+00  0.00000E+00  0.00000E+00  0.00000E+00  0.00000E+00       0.00000E+00  0.00000E+00

  0.00000E+00  0.00000E+00  0.00000E+00  0.00000E+00  0.00000E+00       0.00000E+00  0.00000E+00
  0.00000E+00  0.00000E+00  0.00000E+00  0.00000E+00  0.00000E+00       0.00000E+00  0.00000E+00
  0.00000E+00  0.00000E+00  0.00000E+00  0.00000E+00  0.00000E+00       0.00000E+00  0.00000E+00
  0.00000E+00  0.00000E+00  0.00000E+00  0.00000E+00  0.00000E+00       0.00000E+00  0.00000E+00
  0.00000E+00  0.00000E+00  0.00000E+00  0.00000E+00  0.00000E+00       0.00000E+00  0.00000E+00

  0.00000E+00  0.00000E+00  0.00000E+00  0.00000E+00  0.00000E+00       0.00000E+00  0.00000E+00
  0.00000E+00  0.00000E+00  0.00000E+00  0.00000E+00  0.00000E+00       0.00000E+00  0.00000E+00
  0.00000E+00  0.00000E+00  0.00000E+00  0.00000E+00  0.00000E+00       0.00000E+00  0.00000E+00
  0.00000E+00  0.00000E+00  0.00000E+00  0.00000E+00  0.00000E+00       0.00000E+00  0.00000E+00
  0.00000E+00  0.00000E+00  0.00000E+00  0.00000E+00  0.00000E+00       0.00000E+00  0.00000E+00
  0.00000E+00  0.00000E+00  0.00000E+00  0.00000E+00  0.00000E+00       0.00000E+00  0.00000E+00
  0.00000E+00  0.00000E+00  0.00000E+00  0.00000E+00  0.00000E+00       0.00000E+00  0.00000E+00
  0.00000E+00  0.00000E+00  0.00000E+00  0.00000E+00  0.00000E+00       0.00000E+00  0.00000E+00
  0.00000E+00  0.00000E+00  0.00000E+00  0.00000E+00  0.00000E+00       0.00000E+00  0.00000E+00
  0.00000E+00  0.00000E+00  0.00000E+00  0.00000E+00  0.00000E+00       0.00000E+00  0.00000E+00
  0.00000E+00  0.00000E+00  0.00000E+00  0.00000E+00  0.00000E+00       0.00000E+00  0.00000E+00
  0.00000E+00  0.00000E+00  0.00000E+00  0.00000E+00  0.00000E+00       0.00000E+00  0.00000E+00
  0.00000E+00  0.00000E+00  0.00000E+00  0.00000E+00  0.00000E+00       0.00000E+00  0.00000E+00
  0.00000E+00  0.00000E+00  0.00000E+00  0.00000E+00  0.00000E+00       0.00000E+00  0.00000E+00
  0.00000E+00  0.00000E+00  0.00000E+00  0.00000E+00  0.00000E+00       0.00000E+00  0.00000E+00
  0.00000E+00  0.00000E+00  0.00000E+00  0.00000E+00  0.00000E+00       0.00000E+00  0.00000E+00
  0.00000E+00  0.00000E+00  0.00000E+00  0.00000E+00  0.00000E+00       0.00000E+00  0.00000E+00
  0.00000E+00  0.00000E+00  0.00000E+00  0.00000E+00  0.00000E+00       0.00000E+00  0.00000E+00
  0.00000E+00  0.00000E+00  0.00000E+00  0.00000E+00  0.00000E+00       0.00000E+00  0.00000E+00
  0.00000E+00  0.00000E+00  0.00000E+00  0.00000E+00  0.00000E+00       0.00000E+00  0.00000E+00
  0.00000E+00  0.00000E+00  0.00000E+00  0.00000E+00  0.00000E+00       0.00000E+00  0.00000E+00
  0.00000E+00  0.00000E+00  0.00000E+00  0.00000E+00  0.00000E+00       0.00000E+00  0.00000E+00
  0.00000E+00  0.00000E+00  0.00000E+00  0.00000E+00  0.00000E+00       0.00000E+00  0.00000E+00
  0.00000E+00  0.00000E+00  0.00000E+00  0.00000E+00  0.00000E+00       0.00000E+00  0.00000E+00
  0.00000E+00  0.00000E+00  0.00000E+00  0.00000E+00  0.00000E+00       0.00000E+00  0.00000E+00


   74. 183.84   74. 183.84  2.00E+00  8.00E+01  0.00E+00  0.00E+00     5   0.00

  0.00000E+00  0.00000E+00  0.00000E+00  0.00000E+00  0.00000E+00       0.00000E+00  0.00000E+00

  0.00000E+00  0.00000E+00  0.00000E+00  0.00000E+00  0.00000E+00       0.00000E+00  0.00000E+00
  0.00000E+00  0.00000E+00  0.00000E+00  0.00000E+00  0.00000E+00       0.00000E+00  0.00000E+00
  0.00000E+00  0.00000E+00  0.00000E+00  0.00000E+00  0.00000E+00       0.00000E+00  0.00000E+00
  0.00000E+00  0.00000E+00  0.00000E+00  0.00000E+00  0.00000E+00       0.00000E+00  0.00000E+00
  0.00000E+00  0.00000E+00  0.00000E+00  0.00000E+00  0.00000E+00       0.00000E+00  0.00000E+00

  0.00000E+00  0.00000E+00  0.00000E+00  0.00000E+00  0.00000E+00       0.00000E+00  0.00000E+00
  0.00000E+00  0.00000E+00  0.00000E+00  0.00000E+00  0.00000E+00       0.00000E+00  0.00000E+00
  0.00000E+00  0.00000E+00  0.00000E+00  0.00000E+00  0.00000E+00       0.00000E+00  0.00000E+00
  0.00000E+00  0.00000E+00  0.00000E+00  0.00000E+00  0.00000E+00       0.00000E+00  0.00000E+00
  0.00000E+00  0.00000E+00  0.00000E+00  0.00000E+00  0.00000E+00       0.00000E+00  0.00000E+00
  0.00000E+00  0.00000E+00  0.00000E+00  0.00000E+00  0.00000E+00       0.00000E+00  0.00000E+00
  0.00000E+00  0.00000E+00  0.00000E+00  0.00000E+00  0.00000E+00       0.00000E+00  0.00000E+00
  0.00000E+00  0.00000E+00  0.00000E+00  0.00000E+00  0.00000E+00       0.00000E+00  0.00000E+00
  0.00000E+00  0.00000E+00  0.00000E+00  0.00000E+00  0.00000E+00       0.00000E+00  0.00000E+00
  0.00000E+00  0.00000E+00  0.00000E+00  0.00000E+00  0.00000E+00       0.00000E+00  0.00000E+00
  0.00000E+00  0.00000E+00  0.00000E+00  0.00000E+00  0.00000E+00       0.00000E+00  0.00000E+00
  0.00000E+00  0.00000E+00  0.00000E+00  0.00000E+00  0.00000E+00       0.00000E+00  0.00000E+00
  0.00000E+00  0.00000E+00  0.00000E+00  0.00000E+00  0.00000E+00       0.00000E+00  0.00000E+00
  0.00000E+00  0.00000E+00  0.00000E+00  0.00000E+00  0.00000E+00       0.00000E+00  0.00000E+00
  0.00000E+00  0.00000E+00  0.00000E+00  0.00000E+00  0.00000E+00       0.00000E+00  0.00000E+00
  0.00000E+00  0.00000E+00  0.00000E+00  0.00000E+00  0.00000E+00       0.00000E+00  0.00000E+00
  0.00000E+00  0.00000E+00  0.00000E+00  0.00000E+00  0.00000E+00       0.00000E+00  0.00000E+00
  0.00000E+00  0.00000E+00  0.00000E+00  0.00000E+00  0.00000E+00       0.00000E+00  0.00000E+00
  0.00000E+00  0.00000E+00  0.00000E+00  0.00000E+00  0.00000E+00       0.00000E+00  0.00000E+00
  0.00000E+00  0.00000E+00  0.00000E+00  0.00000E+00  0.00000E+00       0.00000E+00  0.00000E+00
  0.00000E+00  0.00000E+00  0.00000E+00  0.00000E+00  0.00000E+00       0.00000E+00  0.00000E+00
  0.00000E+00  0.00000E+00  0.00000E+00  0.00000E+00  0.00000E+00       0.00000E+00  0.00000E+00
  0.00000E+00  0.00000E+00  0.00000E+00  0.00000E+00  0.00000E+00       0.00000E+00  0.00000E+00
  0.00000E+00  0.00000E+00  0.00000E+00  0.00000E+00  0.00000E+00       0.00000E+00  0.00000E+00
  0.00000E+00  0.00000E+00  0.00000E+00  0.00000E+00  0.00000E+00       0.00000E+00  0.00000E+00


   74. 183.84   74. 183.84  2.00E+00  8.50E+01  0.00E+00  0.00E+00     5   0.00

  0.00000E+00  0.00000E+00  0.00000E+00  0.00000E+00  0.00000E+00       0.00000E+00  0.00000E+00

  0.00000E+00  0.00000E+00  0.00000E+00  0.00000E+00  0.00000E+00       0.00000E+00  0.00000E+00
  0.00000E+00  0.00000E+00  0.00000E+00  0.00000E+00  0.00000E+00       0.00000E+00  0.00000E+00
  0.00000E+00  0.00000E+00  0.00000E+00  0.00000E+00  0.00000E+00       0.00000E+00  0.00000E+00
  0.00000E+00  0.00000E+00  0.00000E+00  0.00000E+00  0.00000E+00       0.00000E+00  0.00000E+00
  0.00000E+00  0.00000E+00  0.00000E+00  0.00000E+00  0.00000E+00       0.00000E+00  0.00000E+00

  0.00000E+00  0.00000E+00  0.00000E+00  0.00000E+00  0.00000E+00       0.00000E+00  0.00000E+00
  0.00000E+00  0.00000E+00  0.00000E+00  0.00000E+00  0.00000E+00       0.00000E+00  0.00000E+00
  0.00000E+00  0.00000E+00  0.00000E+00  0.00000E+00  0.00000E+00       0.00000E+00  0.00000E+00
  0.00000E+00  0.00000E+00  0.00000E+00  0.00000E+00  0.00000E+00       0.00000E+00  0.00000E+00
  0.00000E+00  0.00000E+00  0.00000E+00  0.00000E+00  0.00000E+00       0.00000E+00  0.00000E+00
  0.00000E+00  0.00000E+00  0.00000E+00  0.00000E+00  0.00000E+00       0.00000E+00  0.00000E+00
  0.00000E+00  0.00000E+00  0.00000E+00  0.00000E+00  0.00000E+00       0.00000E+00  0.00000E+00
  0.00000E+00  0.00000E+00  0.00000E+00  0.00000E+00  0.00000E+00       0.00000E+00  0.00000E+00
  0.00000E+00  0.00000E+00  0.00000E+00  0.00000E+00  0.00000E+00       0.00000E+00  0.00000E+00
  0.00000E+00  0.00000E+00  0.00000E+00  0.00000E+00  0.00000E+00       0.00000E+00  0.00000E+00
  0.00000E+00  0.00000E+00  0.00000E+00  0.00000E+00  0.00000E+00       0.00000E+00  0.00000E+00
  0.00000E+00  0.00000E+00  0.00000E+00  0.00000E+00  0.00000E+00       0.00000E+00  0.00000E+00
  0.00000E+00  0.00000E+00  0.00000E+00  0.00000E+00  0.00000E+00       0.00000E+00  0.00000E+00
  0.00000E+00  0.00000E+00  0.00000E+00  0.00000E+00  0.00000E+00       0.00000E+00  0.00000E+00
  0.00000E+00  0.00000E+00  0.00000E+00  0.00000E+00  0.00000E+00       0.00000E+00  0.00000E+00
  0.00000E+00  0.00000E+00  0.00000E+00  0.00000E+00  0.00000E+00       0.00000E+00  0.00000E+00
  0.00000E+00  0.00000E+00  0.00000E+00  0.00000E+00  0.00000E+00       0.00000E+00  0.00000E+00
  0.00000E+00  0.00000E+00  0.00000E+00  0.00000E+00  0.00000E+00       0.00000E+00  0.00000E+00
  0.00000E+00  0.00000E+00  0.00000E+00  0.00000E+00  0.00000E+00       0.00000E+00  0.00000E+00
  0.00000E+00  0.00000E+00  0.00000E+00  0.00000E+00  0.00000E+00       0.00000E+00  0.00000E+00
  0.00000E+00  0.00000E+00  0.00000E+00  0.00000E+00  0.00000E+00       0.00000E+00  0.00000E+00
  0.00000E+00  0.00000E+00  0.00000E+00  0.00000E+00  0.00000E+00       0.00000E+00  0.00000E+00
  0.00000E+00  0.00000E+00  0.00000E+00  0.00000E+00  0.00000E+00       0.00000E+00  0.00000E+00
  0.00000E+00  0.00000E+00  0.00000E+00  0.00000E+00  0.00000E+00       0.00000E+00  0.00000E+00
  0.00000E+00  0.00000E+00  0.00000E+00  0.00000E+00  0.00000E+00       0.00000E+00  0.00000E+00


   74. 183.84   74. 183.84  5.00E+00  0.00E+00  0.00E+00  0.00E+00     5   0.00

  0.00000E+00  0.00000E+00  0.00000E+00  0.00000E+00  0.00000E+00       0.00000E+00  0.00000E+00

  0.00000E+00  0.00000E+00  0.00000E+00  0.00000E+00  0.00000E+00       0.00000E+00  0.00000E+00
  0.00000E+00  0.00000E+00  0.00000E+00  0.00000E+00  0.00000E+00       0.00000E+00  0.00000E+00
  0.00000E+00  0.00000E+00  0.00000E+00  0.00000E+00  0.00000E+00       0.00000E+00  0.00000E+00
  0.00000E+00  0.00000E+00  0.00000E+00  0.00000E+00  0.00000E+00       0.00000E+00  0.00000E+00
  0.00000E+00  0.00000E+00  0.00000E+00  0.00000E+00  0.00000E+00       0.00000E+00  0.00000E+00

  0.00000E+00  0.00000E+00  0.00000E+00  0.00000E+00  0.00000E+00       0.00000E+00  0.00000E+00
  0.00000E+00  0.00000E+00  0.00000E+00  0.00000E+00  0.00000E+00       0.00000E+00  0.00000E+00
  0.00000E+00  0.00000E+00  0.00000E+00  0.00000E+00  0.00000E+00       0.00000E+00  0.00000E+00
  0.00000E+00  0.00000E+00  0.00000E+00  0.00000E+00  0.00000E+00       0.00000E+00  0.00000E+00
  0.00000E+00  0.00000E+00  0.00000E+00  0.00000E+00  0.00000E+00       0.00000E+00  0.00000E+00
  0.00000E+00  0.00000E+00  0.00000E+00  0.00000E+00  0.00000E+00       0.00000E+00  0.00000E+00
  0.00000E+00  0.00000E+00  0.00000E+00  0.00000E+00  0.00000E+00       0.00000E+00  0.00000E+00
  0.00000E+00  0.00000E+00  0.00000E+00  0.00000E+00  0.00000E+00       0.00000E+00  0.00000E+00
  0.00000E+00  0.00000E+00  0.00000E+00  0.00000E+00  0.00000E+00       0.00000E+00  0.00000E+00
  0.00000E+00  0.00000E+00  0.00000E+00  0.00000E+00  0.00000E+00       0.00000E+00  0.00000E+00
  0.00000E+00  0.00000E+00  0.00000E+00  0.00000E+00  0.00000E+00       0.00000E+00  0.00000E+00
  0.00000E+00  0.00000E+00  0.00000E+00  0.00000E+00  0.00000E+00       0.00000E+00  0.00000E+00
  0.00000E+00  0.00000E+00  0.00000E+00  0.00000E+00  0.00000E+00       0.00000E+00  0.00000E+00
  0.00000E+00  0.00000E+00  0.00000E+00  0.00000E+00  0.00000E+00       0.00000E+00  0.00000E+00
  0.00000E+00  0.00000E+00  0.00000E+00  0.00000E+00  0.00000E+00       0.00000E+00  0.00000E+00
  0.00000E+00  0.00000E+00  0.00000E+00  0.00000E+00  0.00000E+00       0.00000E+00  0.00000E+00
  0.00000E+00  0.00000E+00  0.00000E+00  0.00000E+00  0.00000E+00       0.00000E+00  0.00000E+00
  0.00000E+00  0.00000E+00  0.00000E+00  0.00000E+00  0.00000E+00       0.00000E+00  0.00000E+00
  0.00000E+00  0.00000E+00  0.00000E+00  0.00000E+00  0.00000E+00       0.00000E+00  0.00000E+00
  0.00000E+00  0.00000E+00  0.00000E+00  0.00000E+00  0.00000E+00       0.00000E+00  0.00000E+00
  0.00000E+00  0.00000E+00  0.00000E+00  0.00000E+00  0.00000E+00       0.00000E+00  0.00000E+00
  0.00000E+00  0.00000E+00  0.00000E+00  0.00000E+00  0.00000E+00       0.00000E+00  0.00000E+00
  0.00000E+00  0.00000E+00  0.00000E+00  0.00000E+00  0.00000E+00       0.00000E+00  0.00000E+00
  0.00000E+00  0.00000E+00  0.00000E+00  0.00000E+00  0.00000E+00       0.00000E+00  0.00000E+00
  0.00000E+00  0.00000E+00  0.00000E+00  0.00000E+00  0.00000E+00       0.00000E+00  0.00000E+00


   74. 183.84   74. 183.84  5.00E+00  3.00E+01  0.00E+00  0.00E+00     5   0.00

  0.00000E+00  0.00000E+00  0.00000E+00  0.00000E+00  0.00000E+00       0.00000E+00  0.00000E+00

  0.00000E+00  0.00000E+00  0.00000E+00  0.00000E+00  0.00000E+00       0.00000E+00  0.00000E+00
  0.00000E+00  0.00000E+00  0.00000E+00  0.00000E+00  0.00000E+00       0.00000E+00  0.00000E+00
  0.00000E+00  0.00000E+00  0.00000E+00  0.00000E+00  0.00000E+00       0.00000E+00  0.00000E+00
  0.00000E+00  0.00000E+00  0.00000E+00  0.00000E+00  0.00000E+00       0.00000E+00  0.00000E+00
  0.00000E+00  0.00000E+00  0.00000E+00  0.00000E+00  0.00000E+00       0.00000E+00  0.00000E+00

  0.00000E+00  0.00000E+00  0.00000E+00  0.00000E+00  0.00000E+00       0.00000E+00  0.00000E+00
  0.00000E+00  0.00000E+00  0.00000E+00  0.00000E+00  0.00000E+00       0.00000E+00  0.00000E+00
  0.00000E+00  0.00000E+00  0.00000E+00  0.00000E+00  0.00000E+00       0.00000E+00  0.00000E+00
  0.00000E+00  0.00000E+00  0.00000E+00  0.00000E+00  0.00000E+00       0.00000E+00  0.00000E+00
  0.00000E+00  0.00000E+00  0.00000E+00  0.00000E+00  0.00000E+00       0.00000E+00  0.00000E+00
  0.00000E+00  0.00000E+00  0.00000E+00  0.00000E+00  0.00000E+00       0.00000E+00  0.00000E+00
  0.00000E+00  0.00000E+00  0.00000E+00  0.00000E+00  0.00000E+00       0.00000E+00  0.00000E+00
  0.00000E+00  0.00000E+00  0.00000E+00  0.00000E+00  0.00000E+00       0.00000E+00  0.00000E+00
  0.00000E+00  0.00000E+00  0.00000E+00  0.00000E+00  0.00000E+00       0.00000E+00  0.00000E+00
  0.00000E+00  0.00000E+00  0.00000E+00  0.00000E+00  0.00000E+00       0.00000E+00  0.00000E+00
  0.00000E+00  0.00000E+00  0.00000E+00  0.00000E+00  0.00000E+00       0.00000E+00  0.00000E+00
  0.00000E+00  0.00000E+00  0.00000E+00  0.00000E+00  0.00000E+00       0.00000E+00  0.00000E+00
  0.00000E+00  0.00000E+00  0.00000E+00  0.00000E+00  0.00000E+00       0.00000E+00  0.00000E+00
  0.00000E+00  0.00000E+00  0.00000E+00  0.00000E+00  0.00000E+00       0.00000E+00  0.00000E+00
  0.00000E+00  0.00000E+00  0.00000E+00  0.00000E+00  0.00000E+00       0.00000E+00  0.00000E+00
  0.00000E+00  0.00000E+00  0.00000E+00  0.00000E+00  0.00000E+00       0.00000E+00  0.00000E+00
  0.00000E+00  0.00000E+00  0.00000E+00  0.00000E+00  0.00000E+00       0.00000E+00  0.00000E+00
  0.00000E+00  0.00000E+00  0.00000E+00  0.00000E+00  0.00000E+00       0.00000E+00  0.00000E+00
  0.00000E+00  0.00000E+00  0.00000E+00  0.00000E+00  0.00000E+00       0.00000E+00  0.00000E+00
  0.00000E+00  0.00000E+00  0.00000E+00  0.00000E+00  0.00000E+00       0.00000E+00  0.00000E+00
  0.00000E+00  0.00000E+00  0.00000E+00  0.00000E+00  0.00000E+00       0.00000E+00  0.00000E+00
  0.00000E+00  0.00000E+00  0.00000E+00  0.00000E+00  0.00000E+00       0.00000E+00  0.00000E+00
  0.00000E+00  0.00000E+00  0.00000E+00  0.00000E+00  0.00000E+00       0.00000E+00  0.00000E+00
  0.00000E+00  0.00000E+00  0.00000E+00  0.00000E+00  0.00000E+00       0.00000E+00  0.00000E+00
  0.00000E+00  0.00000E+00  0.00000E+00  0.00000E+00  0.00000E+00       0.00000E+00  0.00000E+00


   74. 183.84   74. 183.84  5.00E+00  4.50E+01  0.00E+00  0.00E+00     5   0.00

  0.00000E+00  0.00000E+00  0.00000E+00  0.00000E+00  0.00000E+00       0.00000E+00  0.00000E+00

  0.00000E+00  0.00000E+00  0.00000E+00  0.00000E+00  0.00000E+00       0.00000E+00  0.00000E+00
  0.00000E+00  0.00000E+00  0.00000E+00  0.00000E+00  0.00000E+00       0.00000E+00  0.00000E+00
  0.00000E+00  0.00000E+00  0.00000E+00  0.00000E+00  0.00000E+00       0.00000E+00  0.00000E+00
  0.00000E+00  0.00000E+00  0.00000E+00  0.00000E+00  0.00000E+00       0.00000E+00  0.00000E+00
  0.00000E+00  0.00000E+00  0.00000E+00  0.00000E+00  0.00000E+00       0.00000E+00  0.00000E+00

  0.00000E+00  0.00000E+00  0.00000E+00  0.00000E+00  0.00000E+00       0.00000E+00  0.00000E+00
  0.00000E+00  0.00000E+00  0.00000E+00  0.00000E+00  0.00000E+00       0.00000E+00  0.00000E+00
  0.00000E+00  0.00000E+00  0.00000E+00  0.00000E+00  0.00000E+00       0.00000E+00  0.00000E+00
  0.00000E+00  0.00000E+00  0.00000E+00  0.00000E+00  0.00000E+00       0.00000E+00  0.00000E+00
  0.00000E+00  0.00000E+00  0.00000E+00  0.00000E+00  0.00000E+00       0.00000E+00  0.00000E+00
  0.00000E+00  0.00000E+00  0.00000E+00  0.00000E+00  0.00000E+00       0.00000E+00  0.00000E+00
  0.00000E+00  0.00000E+00  0.00000E+00  0.00000E+00  0.00000E+00       0.00000E+00  0.00000E+00
  0.00000E+00  0.00000E+00  0.00000E+00  0.00000E+00  0.00000E+00       0.00000E+00  0.00000E+00
  0.00000E+00  0.00000E+00  0.00000E+00  0.00000E+00  0.00000E+00       0.00000E+00  0.00000E+00
  0.00000E+00  0.00000E+00  0.00000E+00  0.00000E+00  0.00000E+00       0.00000E+00  0.00000E+00
  0.00000E+00  0.00000E+00  0.00000E+00  0.00000E+00  0.00000E+00       0.00000E+00  0.00000E+00
  0.00000E+00  0.00000E+00  0.00000E+00  0.00000E+00  0.00000E+00       0.00000E+00  0.00000E+00
  0.00000E+00  0.00000E+00  0.00000E+00  0.00000E+00  0.00000E+00       0.00000E+00  0.00000E+00
  0.00000E+00  0.00000E+00  0.00000E+00  0.00000E+00  0.00000E+00       0.00000E+00  0.00000E+00
  0.00000E+00  0.00000E+00  0.00000E+00  0.00000E+00  0.00000E+00       0.00000E+00  0.00000E+00
  0.00000E+00  0.00000E+00  0.00000E+00  0.00000E+00  0.00000E+00       0.00000E+00  0.00000E+00
  0.00000E+00  0.00000E+00  0.00000E+00  0.00000E+00  0.00000E+00       0.00000E+00  0.00000E+00
  0.00000E+00  0.00000E+00  0.00000E+00  0.00000E+00  0.00000E+00       0.00000E+00  0.00000E+00
  0.00000E+00  0.00000E+00  0.00000E+00  0.00000E+00  0.00000E+00       0.00000E+00  0.00000E+00
  0.00000E+00  0.00000E+00  0.00000E+00  0.00000E+00  0.00000E+00       0.00000E+00  0.00000E+00
  0.00000E+00  0.00000E+00  0.00000E+00  0.00000E+00  0.00000E+00       0.00000E+00  0.00000E+00
  0.00000E+00  0.00000E+00  0.00000E+00  0.00000E+00  0.00000E+00       0.00000E+00  0.00000E+00
  0.00000E+00  0.00000E+00  0.00000E+00  0.00000E+00  0.00000E+00       0.00000E+00  0.00000E+00
  0.00000E+00  0.00000E+00  0.00000E+00  0.00000E+00  0.00000E+00       0.00000E+00  0.00000E+00
  0.00000E+00  0.00000E+00  0.00000E+00  0.00000E+00  0.00000E+00       0.00000E+00  0.00000E+00


   74. 183.84   74. 183.84  5.00E+00  6.00E+01  0.00E+00  0.00E+00     5   0.00

  0.00000E+00  0.00000E+00  0.00000E+00  0.00000E+00  0.00000E+00       0.00000E+00  0.00000E+00

  0.00000E+00  0.00000E+00  0.00000E+00  0.00000E+00  0.00000E+00       0.00000E+00  0.00000E+00
  0.00000E+00  0.00000E+00  0.00000E+00  0.00000E+00  0.00000E+00       0.00000E+00  0.00000E+00
  0.00000E+00  0.00000E+00  0.00000E+00  0.00000E+00  0.00000E+00       0.00000E+00  0.00000E+00
  0.00000E+00  0.00000E+00  0.00000E+00  0.00000E+00  0.00000E+00       0.00000E+00  0.00000E+00
  0.00000E+00  0.00000E+00  0.00000E+00  0.00000E+00  0.00000E+00       0.00000E+00  0.00000E+00

  0.00000E+00  0.00000E+00  0.00000E+00  0.00000E+00  0.00000E+00       0.00000E+00  0.00000E+00
  0.00000E+00  0.00000E+00  0.00000E+00  0.00000E+00  0.00000E+00       0.00000E+00  0.00000E+00
  0.00000E+00  0.00000E+00  0.00000E+00  0.00000E+00  0.00000E+00       0.00000E+00  0.00000E+00
  0.00000E+00  0.00000E+00  0.00000E+00  0.00000E+00  0.00000E+00       0.00000E+00  0.00000E+00
  0.00000E+00  0.00000E+00  0.00000E+00  0.00000E+00  0.00000E+00       0.00000E+00  0.00000E+00
  0.00000E+00  0.00000E+00  0.00000E+00  0.00000E+00  0.00000E+00       0.00000E+00  0.00000E+00
  0.00000E+00  0.00000E+00  0.00000E+00  0.00000E+00  0.00000E+00       0.00000E+00  0.00000E+00
  0.00000E+00  0.00000E+00  0.00000E+00  0.00000E+00  0.00000E+00       0.00000E+00  0.00000E+00
  0.00000E+00  0.00000E+00  0.00000E+00  0.00000E+00  0.00000E+00       0.00000E+00  0.00000E+00
  0.00000E+00  0.00000E+00  0.00000E+00  0.00000E+00  0.00000E+00       0.00000E+00  0.00000E+00
  0.00000E+00  0.00000E+00  0.00000E+00  0.00000E+00  0.00000E+00       0.00000E+00  0.00000E+00
  0.00000E+00  0.00000E+00  0.00000E+00  0.00000E+00  0.00000E+00       0.00000E+00  0.00000E+00
  0.00000E+00  0.00000E+00  0.00000E+00  0.00000E+00  0.00000E+00       0.00000E+00  0.00000E+00
  0.00000E+00  0.00000E+00  0.00000E+00  0.00000E+00  0.00000E+00       0.00000E+00  0.00000E+00
  0.00000E+00  0.00000E+00  0.00000E+00  0.00000E+00  0.00000E+00       0.00000E+00  0.00000E+00
  0.00000E+00  0.00000E+00  0.00000E+00  0.00000E+00  0.00000E+00       0.00000E+00  0.00000E+00
  0.00000E+00  0.00000E+00  0.00000E+00  0.00000E+00  0.00000E+00       0.00000E+00  0.00000E+00
  0.00000E+00  0.00000E+00  0.00000E+00  0.00000E+00  0.00000E+00       0.00000E+00  0.00000E+00
  0.00000E+00  0.00000E+00  0.00000E+00  0.00000E+00  0.00000E+00       0.00000E+00  0.00000E+00
  0.00000E+00  0.00000E+00  0.00000E+00  0.00000E+00  0.00000E+00       0.00000E+00  0.00000E+00
  0.00000E+00  0.00000E+00  0.00000E+00  0.00000E+00  0.00000E+00       0.00000E+00  0.00000E+00
  0.00000E+00  0.00000E+00  0.00000E+00  0.00000E+00  0.00000E+00       0.00000E+00  0.00000E+00
  0.00000E+00  0.00000E+00  0.00000E+00  0.00000E+00  0.00000E+00       0.00000E+00  0.00000E+00
  0.00000E+00  0.00000E+00  0.00000E+00  0.00000E+00  0.00000E+00       0.00000E+00  0.00000E+00
  0.00000E+00  0.00000E+00  0.00000E+00  0.00000E+00  0.00000E+00       0.00000E+00  0.00000E+00


   74. 183.84   74. 183.84  5.00E+00  7.00E+01  0.00E+00  0.00E+00     5   0.00

  0.00000E+00  0.00000E+00  0.00000E+00  0.00000E+00  0.00000E+00       0.00000E+00  0.00000E+00

  0.00000E+00  0.00000E+00  0.00000E+00  0.00000E+00  0.00000E+00       0.00000E+00  0.00000E+00
  0.00000E+00  0.00000E+00  0.00000E+00  0.00000E+00  0.00000E+00       0.00000E+00  0.00000E+00
  0.00000E+00  0.00000E+00  0.00000E+00  0.00000E+00  0.00000E+00       0.00000E+00  0.00000E+00
  0.00000E+00  0.00000E+00  0.00000E+00  0.00000E+00  0.00000E+00       0.00000E+00  0.00000E+00
  0.00000E+00  0.00000E+00  0.00000E+00  0.00000E+00  0.00000E+00       0.00000E+00  0.00000E+00

  0.00000E+00  0.00000E+00  0.00000E+00  0.00000E+00  0.00000E+00       0.00000E+00  0.00000E+00
  0.00000E+00  0.00000E+00  0.00000E+00  0.00000E+00  0.00000E+00       0.00000E+00  0.00000E+00
  0.00000E+00  0.00000E+00  0.00000E+00  0.00000E+00  0.00000E+00       0.00000E+00  0.00000E+00
  0.00000E+00  0.00000E+00  0.00000E+00  0.00000E+00  0.00000E+00       0.00000E+00  0.00000E+00
  0.00000E+00  0.00000E+00  0.00000E+00  0.00000E+00  0.00000E+00       0.00000E+00  0.00000E+00
  0.00000E+00  0.00000E+00  0.00000E+00  0.00000E+00  0.00000E+00       0.00000E+00  0.00000E+00
  0.00000E+00  0.00000E+00  0.00000E+00  0.00000E+00  0.00000E+00       0.00000E+00  0.00000E+00
  0.00000E+00  0.00000E+00  0.00000E+00  0.00000E+00  0.00000E+00       0.00000E+00  0.00000E+00
  0.00000E+00  0.00000E+00  0.00000E+00  0.00000E+00  0.00000E+00       0.00000E+00  0.00000E+00
  0.00000E+00  0.00000E+00  0.00000E+00  0.00000E+00  0.00000E+00       0.00000E+00  0.00000E+00
  0.00000E+00  0.00000E+00  0.00000E+00  0.00000E+00  0.00000E+00       0.00000E+00  0.00000E+00
  0.00000E+00  0.00000E+00  0.00000E+00  0.00000E+00  0.00000E+00       0.00000E+00  0.00000E+00
  0.00000E+00  0.00000E+00  0.00000E+00  0.00000E+00  0.00000E+00       0.00000E+00  0.00000E+00
  0.00000E+00  0.00000E+00  0.00000E+00  0.00000E+00  0.00000E+00       0.00000E+00  0.00000E+00
  0.00000E+00  0.00000E+00  0.00000E+00  0.00000E+00  0.00000E+00       0.00000E+00  0.00000E+00
  0.00000E+00  0.00000E+00  0.00000E+00  0.00000E+00  0.00000E+00       0.00000E+00  0.00000E+00
  0.00000E+00  0.00000E+00  0.00000E+00  0.00000E+00  0.00000E+00       0.00000E+00  0.00000E+00
  0.00000E+00  0.00000E+00  0.00000E+00  0.00000E+00  0.00000E+00       0.00000E+00  0.00000E+00
  0.00000E+00  0.00000E+00  0.00000E+00  0.00000E+00  0.00000E+00       0.00000E+00  0.00000E+00
  0.00000E+00  0.00000E+00  0.00000E+00  0.00000E+00  0.00000E+00       0.00000E+00  0.00000E+00
  0.00000E+00  0.00000E+00  0.00000E+00  0.00000E+00  0.00000E+00       0.00000E+00  0.00000E+00
  0.00000E+00  0.00000E+00  0.00000E+00  0.00000E+00  0.00000E+00       0.00000E+00  0.00000E+00
  0.00000E+00  0.00000E+00  0.00000E+00  0.00000E+00  0.00000E+00       0.00000E+00  0.00000E+00
  0.00000E+00  0.00000E+00  0.00000E+00  0.00000E+00  0.00000E+00       0.00000E+00  0.00000E+00
  0.00000E+00  0.00000E+00  0.00000E+00  0.00000E+00  0.00000E+00       0.00000E+00  0.00000E+00


   74. 183.84   74. 183.84  5.00E+00  8.00E+01  0.00E+00  0.00E+00     5   0.00

  0.00000E+00  0.00000E+00  0.00000E+00  0.00000E+00  0.00000E+00       0.00000E+00  0.00000E+00

  0.00000E+00  0.00000E+00  0.00000E+00  0.00000E+00  0.00000E+00       0.00000E+00  0.00000E+00
  0.00000E+00  0.00000E+00  0.00000E+00  0.00000E+00  0.00000E+00       0.00000E+00  0.00000E+00
  0.00000E+00  0.00000E+00  0.00000E+00  0.00000E+00  0.00000E+00       0.00000E+00  0.00000E+00
  0.00000E+00  0.00000E+00  0.00000E+00  0.00000E+00  0.00000E+00       0.00000E+00  0.00000E+00
  0.00000E+00  0.00000E+00  0.00000E+00  0.00000E+00  0.00000E+00       0.00000E+00  0.00000E+00

  0.00000E+00  0.00000E+00  0.00000E+00  0.00000E+00  0.00000E+00       0.00000E+00  0.00000E+00
  0.00000E+00  0.00000E+00  0.00000E+00  0.00000E+00  0.00000E+00       0.00000E+00  0.00000E+00
  0.00000E+00  0.00000E+00  0.00000E+00  0.00000E+00  0.00000E+00       0.00000E+00  0.00000E+00
  0.00000E+00  0.00000E+00  0.00000E+00  0.00000E+00  0.00000E+00       0.00000E+00  0.00000E+00
  0.00000E+00  0.00000E+00  0.00000E+00  0.00000E+00  0.00000E+00       0.00000E+00  0.00000E+00
  0.00000E+00  0.00000E+00  0.00000E+00  0.00000E+00  0.00000E+00       0.00000E+00  0.00000E+00
  0.00000E+00  0.00000E+00  0.00000E+00  0.00000E+00  0.00000E+00       0.00000E+00  0.00000E+00
  0.00000E+00  0.00000E+00  0.00000E+00  0.00000E+00  0.00000E+00       0.00000E+00  0.00000E+00
  0.00000E+00  0.00000E+00  0.00000E+00  0.00000E+00  0.00000E+00       0.00000E+00  0.00000E+00
  0.00000E+00  0.00000E+00  0.00000E+00  0.00000E+00  0.00000E+00       0.00000E+00  0.00000E+00
  0.00000E+00  0.00000E+00  0.00000E+00  0.00000E+00  0.00000E+00       0.00000E+00  0.00000E+00
  0.00000E+00  0.00000E+00  0.00000E+00  0.00000E+00  0.00000E+00       0.00000E+00  0.00000E+00
  0.00000E+00  0.00000E+00  0.00000E+00  0.00000E+00  0.00000E+00       0.00000E+00  0.00000E+00
  0.00000E+00  0.00000E+00  0.00000E+00  0.00000E+00  0.00000E+00       0.00000E+00  0.00000E+00
  0.00000E+00  0.00000E+00  0.00000E+00  0.00000E+00  0.00000E+00       0.00000E+00  0.00000E+00
  0.00000E+00  0.00000E+00  0.00000E+00  0.00000E+00  0.00000E+00       0.00000E+00  0.00000E+00
  0.00000E+00  0.00000E+00  0.00000E+00  0.00000E+00  0.00000E+00       0.00000E+00  0.00000E+00
  0.00000E+00  0.00000E+00  0.00000E+00  0.00000E+00  0.00000E+00       0.00000E+00  0.00000E+00
  0.00000E+00  0.00000E+00  0.00000E+00  0.00000E+00  0.00000E+00       0.00000E+00  0.00000E+00
  0.00000E+00  0.00000E+00  0.00000E+00  0.00000E+00  0.00000E+00       0.00000E+00  0.00000E+00
  0.00000E+00  0.00000E+00  0.00000E+00  0.00000E+00  0.00000E+00       0.00000E+00  0.00000E+00
  0.00000E+00  0.00000E+00  0.00000E+00  0.00000E+00  0.00000E+00       0.00000E+00  0.00000E+00
  0.00000E+00  0.00000E+00  0.00000E+00  0.00000E+00  0.00000E+00       0.00000E+00  0.00000E+00
  0.00000E+00  0.00000E+00  0.00000E+00  0.00000E+00  0.00000E+00       0.00000E+00  0.00000E+00
  0.00000E+00  0.00000E+00  0.00000E+00  0.00000E+00  0.00000E+00       0.00000E+00  0.00000E+00


   74. 183.84   74. 183.84  5.00E+00  8.50E+01  0.00E+00  0.00E+00     5   0.00

  0.00000E+00  0.00000E+00  0.00000E+00  0.00000E+00  0.00000E+00       0.00000E+00  0.00000E+00

  0.00000E+00  0.00000E+00  0.00000E+00  0.00000E+00  0.00000E+00       0.00000E+00  0.00000E+00
  0.00000E+00  0.00000E+00  0.00000E+00  0.00000E+00  0.00000E+00       0.00000E+00  0.00000E+00
  0.00000E+00  0.00000E+00  0.00000E+00  0.00000E+00  0.00000E+00       0.00000E+00  0.00000E+00
  0.00000E+00  0.00000E+00  0.00000E+00  0.00000E+00  0.00000E+00       0.00000E+00  0.00000E+00
  0.00000E+00  0.00000E+00  0.00000E+00  0.00000E+00  0.00000E+00       0.00000E+00  0.00000E+00

  0.00000E+00  0.00000E+00  0.00000E+00  0.00000E+00  0.00000E+00       0.00000E+00  0.00000E+00
  0.00000E+00  0.00000E+00  0.00000E+00  0.00000E+00  0.00000E+00       0.00000E+00  0.00000E+00
  0.00000E+00  0.00000E+00  0.00000E+00  0.00000E+00  0.00000E+00       0.00000E+00  0.00000E+00
  0.00000E+00  0.00000E+00  0.00000E+00  0.00000E+00  0.00000E+00       0.00000E+00  0.00000E+00
  0.00000E+00  0.00000E+00  0.00000E+00  0.00000E+00  0.00000E+00       0.00000E+00  0.00000E+00
  0.00000E+00  0.00000E+00  0.00000E+00  0.00000E+00  0.00000E+00       0.00000E+00  0.00000E+00
  0.00000E+00  0.00000E+00  0.00000E+00  0.00000E+00  0.00000E+00       0.00000E+00  0.00000E+00
  0.00000E+00  0.00000E+00  0.00000E+00  0.00000E+00  0.00000E+00       0.00000E+00  0.00000E+00
  0.00000E+00  0.00000E+00  0.00000E+00  0.00000E+00  0.00000E+00       0.00000E+00  0.00000E+00
  0.00000E+00  0.00000E+00  0.00000E+00  0.00000E+00  0.00000E+00       0.00000E+00  0.00000E+00
  0.00000E+00  0.00000E+00  0.00000E+00  0.00000E+00  0.00000E+00       0.00000E+00  0.00000E+00
  0.00000E+00  0.00000E+00  0.00000E+00  0.00000E+00  0.00000E+00       0.00000E+00  0.00000E+00
  0.00000E+00  0.00000E+00  0.00000E+00  0.00000E+00  0.00000E+00       0.00000E+00  0.00000E+00
  0.00000E+00  0.00000E+00  0.00000E+00  0.00000E+00  0.00000E+00       0.00000E+00  0.00000E+00
  0.00000E+00  0.00000E+00  0.00000E+00  0.00000E+00  0.00000E+00       0.00000E+00  0.00000E+00
  0.00000E+00  0.00000E+00  0.00000E+00  0.00000E+00  0.00000E+00       0.00000E+00  0.00000E+00
  0.00000E+00  0.00000E+00  0.00000E+00  0.00000E+00  0.00000E+00       0.00000E+00  0.00000E+00
  0.00000E+00  0.00000E+00  0.00000E+00  0.00000E+00  0.00000E+00       0.00000E+00  0.00000E+00
  0.00000E+00  0.00000E+00  0.00000E+00  0.00000E+00  0.00000E+00       0.00000E+00  0.00000E+00
  0.00000E+00  0.00000E+00  0.00000E+00  0.00000E+00  0.00000E+00       0.00000E+00  0.00000E+00
  0.00000E+00  0.00000E+00  0.00000E+00  0.00000E+00  0.00000E+00       0.00000E+00  0.00000E+00
  0.00000E+00  0.00000E+00  0.00000E+00  0.00000E+00  0.00000E+00       0.00000E+00  0.00000E+00
  0.00000E+00  0.00000E+00  0.00000E+00  0.00000E+00  0.00000E+00       0.00000E+00  0.00000E+00
  0.00000E+00  0.00000E+00  0.00000E+00  0.00000E+00  0.00000E+00       0.00000E+00  0.00000E+00
  0.00000E+00  0.00000E+00  0.00000E+00  0.00000E+00  0.00000E+00       0.00000E+00  0.00000E+00


   74. 183.84   74. 183.84  1.00E+01  0.00E+00  0.00E+00  0.00E+00     5   0.00

  0.00000E+00  0.00000E+00  0.00000E+00  0.00000E+00  0.00000E+00       0.00000E+00  0.00000E+00

  0.00000E+00  0.00000E+00  0.00000E+00  0.00000E+00  0.00000E+00       0.00000E+00  0.00000E+00
  0.00000E+00  0.00000E+00  0.00000E+00  0.00000E+00  0.00000E+00       0.00000E+00  0.00000E+00
  0.00000E+00  0.00000E+00  0.00000E+00  0.00000E+00  0.00000E+00       0.00000E+00  0.00000E+00
  0.00000E+00  0.00000E+00  0.00000E+00  0.00000E+00  0.00000E+00       0.00000E+00  0.00000E+00
  0.00000E+00  0.00000E+00  0.00000E+00  0.00000E+00  0.00000E+00       0.00000E+00  0.00000E+00

  0.00000E+00  0.00000E+00  0.00000E+00  0.00000E+00  0.00000E+00       0.00000E+00  0.00000E+00
  0.00000E+00  0.00000E+00  0.00000E+00  0.00000E+00  0.00000E+00       0.00000E+00  0.00000E+00
  0.00000E+00  0.00000E+00  0.00000E+00  0.00000E+00  0.00000E+00       0.00000E+00  0.00000E+00
  0.00000E+00  0.00000E+00  0.00000E+00  0.00000E+00  0.00000E+00       0.00000E+00  0.00000E+00
  0.00000E+00  0.00000E+00  0.00000E+00  0.00000E+00  0.00000E+00       0.00000E+00  0.00000E+00
  0.00000E+00  0.00000E+00  0.00000E+00  0.00000E+00  0.00000E+00       0.00000E+00  0.00000E+00
  0.00000E+00  0.00000E+00  0.00000E+00  0.00000E+00  0.00000E+00       0.00000E+00  0.00000E+00
  0.00000E+00  0.00000E+00  0.00000E+00  0.00000E+00  0.00000E+00       0.00000E+00  0.00000E+00
  0.00000E+00  0.00000E+00  0.00000E+00  0.00000E+00  0.00000E+00       0.00000E+00  0.00000E+00
  0.00000E+00  0.00000E+00  0.00000E+00  0.00000E+00  0.00000E+00       0.00000E+00  0.00000E+00
  0.00000E+00  0.00000E+00  0.00000E+00  0.00000E+00  0.00000E+00       0.00000E+00  0.00000E+00
  0.00000E+00  0.00000E+00  0.00000E+00  0.00000E+00  0.00000E+00       0.00000E+00  0.00000E+00
  0.00000E+00  0.00000E+00  0.00000E+00  0.00000E+00  0.00000E+00       0.00000E+00  0.00000E+00
  0.00000E+00  0.00000E+00  0.00000E+00  0.00000E+00  0.00000E+00       0.00000E+00  0.00000E+00
  0.00000E+00  0.00000E+00  0.00000E+00  0.00000E+00  0.00000E+00       0.00000E+00  0.00000E+00
  0.00000E+00  0.00000E+00  0.00000E+00  0.00000E+00  0.00000E+00       0.00000E+00  0.00000E+00
  0.00000E+00  0.00000E+00  0.00000E+00  0.00000E+00  0.00000E+00       0.00000E+00  0.00000E+00
  0.00000E+00  0.00000E+00  0.00000E+00  0.00000E+00  0.00000E+00       0.00000E+00  0.00000E+00
  0.00000E+00  0.00000E+00  0.00000E+00  0.00000E+00  0.00000E+00       0.00000E+00  0.00000E+00
  0.00000E+00  0.00000E+00  0.00000E+00  0.00000E+00  0.00000E+00       0.00000E+00  0.00000E+00
  0.00000E+00  0.00000E+00  0.00000E+00  0.00000E+00  0.00000E+00       0.00000E+00  0.00000E+00
  0.00000E+00  0.00000E+00  0.00000E+00  0.00000E+00  0.00000E+00       0.00000E+00  0.00000E+00
  0.00000E+00  0.00000E+00  0.00000E+00  0.00000E+00  0.00000E+00       0.00000E+00  0.00000E+00
  0.00000E+00  0.00000E+00  0.00000E+00  0.00000E+00  0.00000E+00       0.00000E+00  0.00000E+00
  0.00000E+00  0.00000E+00  0.00000E+00  0.00000E+00  0.00000E+00       0.00000E+00  0.00000E+00


   74. 183.84   74. 183.84  1.00E+01  3.00E+01  0.00E+00  0.00E+00     5   0.00

  0.00000E+00  0.00000E+00  0.00000E+00  0.00000E+00  0.00000E+00       0.00000E+00  0.00000E+00

  0.00000E+00  0.00000E+00  0.00000E+00  0.00000E+00  0.00000E+00       0.00000E+00  0.00000E+00
  0.00000E+00  0.00000E+00  0.00000E+00  0.00000E+00  0.00000E+00       0.00000E+00  0.00000E+00
  0.00000E+00  0.00000E+00  0.00000E+00  0.00000E+00  0.00000E+00       0.00000E+00  0.00000E+00
  0.00000E+00  0.00000E+00  0.00000E+00  0.00000E+00  0.00000E+00       0.00000E+00  0.00000E+00
  0.00000E+00  0.00000E+00  0.00000E+00  0.00000E+00  0.00000E+00       0.00000E+00  0.00000E+00

  0.00000E+00  0.00000E+00  0.00000E+00  0.00000E+00  0.00000E+00       0.00000E+00  0.00000E+00
  0.00000E+00  0.00000E+00  0.00000E+00  0.00000E+00  0.00000E+00       0.00000E+00  0.00000E+00
  0.00000E+00  0.00000E+00  0.00000E+00  0.00000E+00  0.00000E+00       0.00000E+00  0.00000E+00
  0.00000E+00  0.00000E+00  0.00000E+00  0.00000E+00  0.00000E+00       0.00000E+00  0.00000E+00
  0.00000E+00  0.00000E+00  0.00000E+00  0.00000E+00  0.00000E+00       0.00000E+00  0.00000E+00
  0.00000E+00  0.00000E+00  0.00000E+00  0.00000E+00  0.00000E+00       0.00000E+00  0.00000E+00
  0.00000E+00  0.00000E+00  0.00000E+00  0.00000E+00  0.00000E+00       0.00000E+00  0.00000E+00
  0.00000E+00  0.00000E+00  0.00000E+00  0.00000E+00  0.00000E+00       0.00000E+00  0.00000E+00
  0.00000E+00  0.00000E+00  0.00000E+00  0.00000E+00  0.00000E+00       0.00000E+00  0.00000E+00
  0.00000E+00  0.00000E+00  0.00000E+00  0.00000E+00  0.00000E+00       0.00000E+00  0.00000E+00
  0.00000E+00  0.00000E+00  0.00000E+00  0.00000E+00  0.00000E+00       0.00000E+00  0.00000E+00
  0.00000E+00  0.00000E+00  0.00000E+00  0.00000E+00  0.00000E+00       0.00000E+00  0.00000E+00
  0.00000E+00  0.00000E+00  0.00000E+00  0.00000E+00  0.00000E+00       0.00000E+00  0.00000E+00
  0.00000E+00  0.00000E+00  0.00000E+00  0.00000E+00  0.00000E+00       0.00000E+00  0.00000E+00
  0.00000E+00  0.00000E+00  0.00000E+00  0.00000E+00  0.00000E+00       0.00000E+00  0.00000E+00
  0.00000E+00  0.00000E+00  0.00000E+00  0.00000E+00  0.00000E+00       0.00000E+00  0.00000E+00
  0.00000E+00  0.00000E+00  0.00000E+00  0.00000E+00  0.00000E+00       0.00000E+00  0.00000E+00
  0.00000E+00  0.00000E+00  0.00000E+00  0.00000E+00  0.00000E+00       0.00000E+00  0.00000E+00
  0.00000E+00  0.00000E+00  0.00000E+00  0.00000E+00  0.00000E+00       0.00000E+00  0.00000E+00
  0.00000E+00  0.00000E+00  0.00000E+00  0.00000E+00  0.00000E+00       0.00000E+00  0.00000E+00
  0.00000E+00  0.00000E+00  0.00000E+00  0.00000E+00  0.00000E+00       0.00000E+00  0.00000E+00
  0.00000E+00  0.00000E+00  0.00000E+00  0.00000E+00  0.00000E+00       0.00000E+00  0.00000E+00
  0.00000E+00  0.00000E+00  0.00000E+00  0.00000E+00  0.00000E+00       0.00000E+00  0.00000E+00
  0.00000E+00  0.00000E+00  0.00000E+00  0.00000E+00  0.00000E+00       0.00000E+00  0.00000E+00
  0.00000E+00  0.00000E+00  0.00000E+00  0.00000E+00  0.00000E+00       0.00000E+00  0.00000E+00


   74. 183.84   74. 183.84  1.00E+01  4.50E+01  0.00E+00  0.00E+00     5   0.00

  0.00000E+00  0.00000E+00  0.00000E+00  0.00000E+00  0.00000E+00       0.00000E+00  0.00000E+00

  0.00000E+00  0.00000E+00  0.00000E+00  0.00000E+00  0.00000E+00       0.00000E+00  0.00000E+00
  0.00000E+00  0.00000E+00  0.00000E+00  0.00000E+00  0.00000E+00       0.00000E+00  0.00000E+00
  0.00000E+00  0.00000E+00  0.00000E+00  0.00000E+00  0.00000E+00       0.00000E+00  0.00000E+00
  0.00000E+00  0.00000E+00  0.00000E+00  0.00000E+00  0.00000E+00       0.00000E+00  0.00000E+00
  0.00000E+00  0.00000E+00  0.00000E+00  0.00000E+00  0.00000E+00       0.00000E+00  0.00000E+00

  0.00000E+00  0.00000E+00  0.00000E+00  0.00000E+00  0.00000E+00       0.00000E+00  0.00000E+00
  0.00000E+00  0.00000E+00  0.00000E+00  0.00000E+00  0.00000E+00       0.00000E+00  0.00000E+00
  0.00000E+00  0.00000E+00  0.00000E+00  0.00000E+00  0.00000E+00       0.00000E+00  0.00000E+00
  0.00000E+00  0.00000E+00  0.00000E+00  0.00000E+00  0.00000E+00       0.00000E+00  0.00000E+00
  0.00000E+00  0.00000E+00  0.00000E+00  0.00000E+00  0.00000E+00       0.00000E+00  0.00000E+00
  0.00000E+00  0.00000E+00  0.00000E+00  0.00000E+00  0.00000E+00       0.00000E+00  0.00000E+00
  0.00000E+00  0.00000E+00  0.00000E+00  0.00000E+00  0.00000E+00       0.00000E+00  0.00000E+00
  0.00000E+00  0.00000E+00  0.00000E+00  0.00000E+00  0.00000E+00       0.00000E+00  0.00000E+00
  0.00000E+00  0.00000E+00  0.00000E+00  0.00000E+00  0.00000E+00       0.00000E+00  0.00000E+00
  0.00000E+00  0.00000E+00  0.00000E+00  0.00000E+00  0.00000E+00       0.00000E+00  0.00000E+00
  0.00000E+00  0.00000E+00  0.00000E+00  0.00000E+00  0.00000E+00       0.00000E+00  0.00000E+00
  0.00000E+00  0.00000E+00  0.00000E+00  0.00000E+00  0.00000E+00       0.00000E+00  0.00000E+00
  0.00000E+00  0.00000E+00  0.00000E+00  0.00000E+00  0.00000E+00       0.00000E+00  0.00000E+00
  0.00000E+00  0.00000E+00  0.00000E+00  0.00000E+00  0.00000E+00       0.00000E+00  0.00000E+00
  0.00000E+00  0.00000E+00  0.00000E+00  0.00000E+00  0.00000E+00       0.00000E+00  0.00000E+00
  0.00000E+00  0.00000E+00  0.00000E+00  0.00000E+00  0.00000E+00       0.00000E+00  0.00000E+00
  0.00000E+00  0.00000E+00  0.00000E+00  0.00000E+00  0.00000E+00       0.00000E+00  0.00000E+00
  0.00000E+00  0.00000E+00  0.00000E+00  0.00000E+00  0.00000E+00       0.00000E+00  0.00000E+00
  0.00000E+00  0.00000E+00  0.00000E+00  0.00000E+00  0.00000E+00       0.00000E+00  0.00000E+00
  0.00000E+00  0.00000E+00  0.00000E+00  0.00000E+00  0.00000E+00       0.00000E+00  0.00000E+00
  0.00000E+00  0.00000E+00  0.00000E+00  0.00000E+00  0.00000E+00       0.00000E+00  0.00000E+00
  0.00000E+00  0.00000E+00  0.00000E+00  0.00000E+00  0.00000E+00       0.00000E+00  0.00000E+00
  0.00000E+00  0.00000E+00  0.00000E+00  0.00000E+00  0.00000E+00       0.00000E+00  0.00000E+00
  0.00000E+00  0.00000E+00  0.00000E+00  0.00000E+00  0.00000E+00       0.00000E+00  0.00000E+00
  0.00000E+00  0.00000E+00  0.00000E+00  0.00000E+00  0.00000E+00       0.00000E+00  0.00000E+00


   74. 183.84   74. 183.84  1.00E+01  6.00E+01  0.00E+00  0.00E+00     5   0.00

  0.00000E+00  0.00000E+00  0.00000E+00  0.00000E+00  0.00000E+00       0.00000E+00  0.00000E+00

  0.00000E+00  0.00000E+00  0.00000E+00  0.00000E+00  0.00000E+00       0.00000E+00  0.00000E+00
  0.00000E+00  0.00000E+00  0.00000E+00  0.00000E+00  0.00000E+00       0.00000E+00  0.00000E+00
  0.00000E+00  0.00000E+00  0.00000E+00  0.00000E+00  0.00000E+00       0.00000E+00  0.00000E+00
  0.00000E+00  0.00000E+00  0.00000E+00  0.00000E+00  0.00000E+00       0.00000E+00  0.00000E+00
  0.00000E+00  0.00000E+00  0.00000E+00  0.00000E+00  0.00000E+00       0.00000E+00  0.00000E+00

  0.00000E+00  0.00000E+00  0.00000E+00  0.00000E+00  0.00000E+00       0.00000E+00  0.00000E+00
  0.00000E+00  0.00000E+00  0.00000E+00  0.00000E+00  0.00000E+00       0.00000E+00  0.00000E+00
  0.00000E+00  0.00000E+00  0.00000E+00  0.00000E+00  0.00000E+00       0.00000E+00  0.00000E+00
  0.00000E+00  0.00000E+00  0.00000E+00  0.00000E+00  0.00000E+00       0.00000E+00  0.00000E+00
  0.00000E+00  0.00000E+00  0.00000E+00  0.00000E+00  0.00000E+00       0.00000E+00  0.00000E+00
  0.00000E+00  0.00000E+00  0.00000E+00  0.00000E+00  0.00000E+00       0.00000E+00  0.00000E+00
  0.00000E+00  0.00000E+00  0.00000E+00  0.00000E+00  0.00000E+00       0.00000E+00  0.00000E+00
  0.00000E+00  0.00000E+00  0.00000E+00  0.00000E+00  0.00000E+00       0.00000E+00  0.00000E+00
  0.00000E+00  0.00000E+00  0.00000E+00  0.00000E+00  0.00000E+00       0.00000E+00  0.00000E+00
  0.00000E+00  0.00000E+00  0.00000E+00  0.00000E+00  0.00000E+00       0.00000E+00  0.00000E+00
  0.00000E+00  0.00000E+00  0.00000E+00  0.00000E+00  0.00000E+00       0.00000E+00  0.00000E+00
  0.00000E+00  0.00000E+00  0.00000E+00  0.00000E+00  0.00000E+00       0.00000E+00  0.00000E+00
  0.00000E+00  0.00000E+00  0.00000E+00  0.00000E+00  0.00000E+00       0.00000E+00  0.00000E+00
  0.00000E+00  0.00000E+00  0.00000E+00  0.00000E+00  0.00000E+00       0.00000E+00  0.00000E+00
  0.00000E+00  0.00000E+00  0.00000E+00  0.00000E+00  0.00000E+00       0.00000E+00  0.00000E+00
  0.00000E+00  0.00000E+00  0.00000E+00  0.00000E+00  0.00000E+00       0.00000E+00  0.00000E+00
  0.00000E+00  0.00000E+00  0.00000E+00  0.00000E+00  0.00000E+00       0.00000E+00  0.00000E+00
  0.00000E+00  0.00000E+00  0.00000E+00  0.00000E+00  0.00000E+00       0.00000E+00  0.00000E+00
  0.00000E+00  0.00000E+00  0.00000E+00  0.00000E+00  0.00000E+00       0.00000E+00  0.00000E+00
  0.00000E+00  0.00000E+00  0.00000E+00  0.00000E+00  0.00000E+00       0.00000E+00  0.00000E+00
  0.00000E+00  0.00000E+00  0.00000E+00  0.00000E+00  0.00000E+00       0.00000E+00  0.00000E+00
  0.00000E+00  0.00000E+00  0.00000E+00  0.00000E+00  0.00000E+00       0.00000E+00  0.00000E+00
  0.00000E+00  0.00000E+00  0.00000E+00  0.00000E+00  0.00000E+00       0.00000E+00  0.00000E+00
  0.00000E+00  0.00000E+00  0.00000E+00  0.00000E+00  0.00000E+00       0.00000E+00  0.00000E+00
  0.00000E+00  0.00000E+00  0.00000E+00  0.00000E+00  0.00000E+00       0.00000E+00  0.00000E+00


   74. 183.84   74. 183.84  1.00E+01  7.00E+01  0.00E+00  0.00E+00     5   0.00

  0.00000E+00  0.00000E+00  0.00000E+00  0.00000E+00  0.00000E+00       0.00000E+00  0.00000E+00

  0.00000E+00  0.00000E+00  0.00000E+00  0.00000E+00  0.00000E+00       0.00000E+00  0.00000E+00
  0.00000E+00  0.00000E+00  0.00000E+00  0.00000E+00  0.00000E+00       0.00000E+00  0.00000E+00
  0.00000E+00  0.00000E+00  0.00000E+00  0.00000E+00  0.00000E+00       0.00000E+00  0.00000E+00
  0.00000E+00  0.00000E+00  0.00000E+00  0.00000E+00  0.00000E+00       0.00000E+00  0.00000E+00
  0.00000E+00  0.00000E+00  0.00000E+00  0.00000E+00  0.00000E+00       0.00000E+00  0.00000E+00

  0.00000E+00  0.00000E+00  0.00000E+00  0.00000E+00  0.00000E+00       0.00000E+00  0.00000E+00
  0.00000E+00  0.00000E+00  0.00000E+00  0.00000E+00  0.00000E+00       0.00000E+00  0.00000E+00
  0.00000E+00  0.00000E+00  0.00000E+00  0.00000E+00  0.00000E+00       0.00000E+00  0.00000E+00
  0.00000E+00  0.00000E+00  0.00000E+00  0.00000E+00  0.00000E+00       0.00000E+00  0.00000E+00
  0.00000E+00  0.00000E+00  0.00000E+00  0.00000E+00  0.00000E+00       0.00000E+00  0.00000E+00
  0.00000E+00  0.00000E+00  0.00000E+00  0.00000E+00  0.00000E+00       0.00000E+00  0.00000E+00
  0.00000E+00  0.00000E+00  0.00000E+00  0.00000E+00  0.00000E+00       0.00000E+00  0.00000E+00
  0.00000E+00  0.00000E+00  0.00000E+00  0.00000E+00  0.00000E+00       0.00000E+00  0.00000E+00
  0.00000E+00  0.00000E+00  0.00000E+00  0.00000E+00  0.00000E+00       0.00000E+00  0.00000E+00
  0.00000E+00  0.00000E+00  0.00000E+00  0.00000E+00  0.00000E+00       0.00000E+00  0.00000E+00
  0.00000E+00  0.00000E+00  0.00000E+00  0.00000E+00  0.00000E+00       0.00000E+00  0.00000E+00
  0.00000E+00  0.00000E+00  0.00000E+00  0.00000E+00  0.00000E+00       0.00000E+00  0.00000E+00
  0.00000E+00  0.00000E+00  0.00000E+00  0.00000E+00  0.00000E+00       0.00000E+00  0.00000E+00
  0.00000E+00  0.00000E+00  0.00000E+00  0.00000E+00  0.00000E+00       0.00000E+00  0.00000E+00
  0.00000E+00  0.00000E+00  0.00000E+00  0.00000E+00  0.00000E+00       0.00000E+00  0.00000E+00
  0.00000E+00  0.00000E+00  0.00000E+00  0.00000E+00  0.00000E+00       0.00000E+00  0.00000E+00
  0.00000E+00  0.00000E+00  0.00000E+00  0.00000E+00  0.00000E+00       0.00000E+00  0.00000E+00
  0.00000E+00  0.00000E+00  0.00000E+00  0.00000E+00  0.00000E+00       0.00000E+00  0.00000E+00
  0.00000E+00  0.00000E+00  0.00000E+00  0.00000E+00  0.00000E+00       0.00000E+00  0.00000E+00
  0.00000E+00  0.00000E+00  0.00000E+00  0.00000E+00  0.00000E+00       0.00000E+00  0.00000E+00
  0.00000E+00  0.00000E+00  0.00000E+00  0.00000E+00  0.00000E+00       0.00000E+00  0.00000E+00
  0.00000E+00  0.00000E+00  0.00000E+00  0.00000E+00  0.00000E+00       0.00000E+00  0.00000E+00
  0.00000E+00  0.00000E+00  0.00000E+00  0.00000E+00  0.00000E+00       0.00000E+00  0.00000E+00
  0.00000E+00  0.00000E+00  0.00000E+00  0.00000E+00  0.00000E+00       0.00000E+00  0.00000E+00
  0.00000E+00  0.00000E+00  0.00000E+00  0.00000E+00  0.00000E+00       0.00000E+00  0.00000E+00


   74. 183.84   74. 183.84  1.00E+01  8.00E+01  0.00E+00  0.00E+00     5   0.00

  0.00000E+00  0.00000E+00  0.00000E+00  0.00000E+00  0.00000E+00       0.00000E+00  0.00000E+00

  0.00000E+00  0.00000E+00  0.00000E+00  0.00000E+00  0.00000E+00       0.00000E+00  0.00000E+00
  0.00000E+00  0.00000E+00  0.00000E+00  0.00000E+00  0.00000E+00       0.00000E+00  0.00000E+00
  0.00000E+00  0.00000E+00  0.00000E+00  0.00000E+00  0.00000E+00       0.00000E+00  0.00000E+00
  0.00000E+00  0.00000E+00  0.00000E+00  0.00000E+00  0.00000E+00       0.00000E+00  0.00000E+00
  0.00000E+00  0.00000E+00  0.00000E+00  0.00000E+00  0.00000E+00       0.00000E+00  0.00000E+00

  0.00000E+00  0.00000E+00  0.00000E+00  0.00000E+00  0.00000E+00       0.00000E+00  0.00000E+00
  0.00000E+00  0.00000E+00  0.00000E+00  0.00000E+00  0.00000E+00       0.00000E+00  0.00000E+00
  0.00000E+00  0.00000E+00  0.00000E+00  0.00000E+00  0.00000E+00       0.00000E+00  0.00000E+00
  0.00000E+00  0.00000E+00  0.00000E+00  0.00000E+00  0.00000E+00       0.00000E+00  0.00000E+00
  0.00000E+00  0.00000E+00  0.00000E+00  0.00000E+00  0.00000E+00       0.00000E+00  0.00000E+00
  0.00000E+00  0.00000E+00  0.00000E+00  0.00000E+00  0.00000E+00       0.00000E+00  0.00000E+00
  0.00000E+00  0.00000E+00  0.00000E+00  0.00000E+00  0.00000E+00       0.00000E+00  0.00000E+00
  0.00000E+00  0.00000E+00  0.00000E+00  0.00000E+00  0.00000E+00       0.00000E+00  0.00000E+00
  0.00000E+00  0.00000E+00  0.00000E+00  0.00000E+00  0.00000E+00       0.00000E+00  0.00000E+00
  0.00000E+00  0.00000E+00  0.00000E+00  0.00000E+00  0.00000E+00       0.00000E+00  0.00000E+00
  0.00000E+00  0.00000E+00  0.00000E+00  0.00000E+00  0.00000E+00       0.00000E+00  0.00000E+00
  0.00000E+00  0.00000E+00  0.00000E+00  0.00000E+00  0.00000E+00       0.00000E+00  0.00000E+00
  0.00000E+00  0.00000E+00  0.00000E+00  0.00000E+00  0.00000E+00       0.00000E+00  0.00000E+00
  0.00000E+00  0.00000E+00  0.00000E+00  0.00000E+00  0.00000E+00       0.00000E+00  0.00000E+00
  0.00000E+00  0.00000E+00  0.00000E+00  0.00000E+00  0.00000E+00       0.00000E+00  0.00000E+00
  0.00000E+00  0.00000E+00  0.00000E+00  0.00000E+00  0.00000E+00       0.00000E+00  0.00000E+00
  0.00000E+00  0.00000E+00  0.00000E+00  0.00000E+00  0.00000E+00       0.00000E+00  0.00000E+00
  0.00000E+00  0.00000E+00  0.00000E+00  0.00000E+00  0.00000E+00       0.00000E+00  0.00000E+00
  0.00000E+00  0.00000E+00  0.00000E+00  0.00000E+00  0.00000E+00       0.00000E+00  0.00000E+00
  0.00000E+00  0.00000E+00  0.00000E+00  0.00000E+00  0.00000E+00       0.00000E+00  0.00000E+00
  0.00000E+00  0.00000E+00  0.00000E+00  0.00000E+00  0.00000E+00       0.00000E+00  0.00000E+00
  0.00000E+00  0.00000E+00  0.00000E+00  0.00000E+00  0.00000E+00       0.00000E+00  0.00000E+00
  0.00000E+00  0.00000E+00  0.00000E+00  0.00000E+00  0.00000E+00       0.00000E+00  0.00000E+00
  0.00000E+00  0.00000E+00  0.00000E+00  0.00000E+00  0.00000E+00       0.00000E+00  0.00000E+00
  0.00000E+00  0.00000E+00  0.00000E+00  0.00000E+00  0.00000E+00       0.00000E+00  0.00000E+00


   74. 183.84   74. 183.84  1.00E+01  8.50E+01  0.00E+00  0.00E+00     5   0.00

  0.00000E+00  0.00000E+00  0.00000E+00  0.00000E+00  0.00000E+00       0.00000E+00  0.00000E+00

  0.00000E+00  0.00000E+00  0.00000E+00  0.00000E+00  0.00000E+00       0.00000E+00  0.00000E+00
  0.00000E+00  0.00000E+00  0.00000E+00  0.00000E+00  0.00000E+00       0.00000E+00  0.00000E+00
  0.00000E+00  0.00000E+00  0.00000E+00  0.00000E+00  0.00000E+00       0.00000E+00  0.00000E+00
  0.00000E+00  0.00000E+00  0.00000E+00  0.00000E+00  0.00000E+00       0.00000E+00  0.00000E+00
  0.00000E+00  0.00000E+00  0.00000E+00  0.00000E+00  0.00000E+00       0.00000E+00  0.00000E+00

  0.00000E+00  0.00000E+00  0.00000E+00  0.00000E+00  0.00000E+00       0.00000E+00  0.00000E+00
  0.00000E+00  0.00000E+00  0.00000E+00  0.00000E+00  0.00000E+00       0.00000E+00  0.00000E+00
  0.00000E+00  0.00000E+00  0.00000E+00  0.00000E+00  0.00000E+00       0.00000E+00  0.00000E+00
  0.00000E+00  0.00000E+00  0.00000E+00  0.00000E+00  0.00000E+00       0.00000E+00  0.00000E+00
  0.00000E+00  0.00000E+00  0.00000E+00  0.00000E+00  0.00000E+00       0.00000E+00  0.00000E+00
  0.00000E+00  0.00000E+00  0.00000E+00  0.00000E+00  0.00000E+00       0.00000E+00  0.00000E+00
  0.00000E+00  0.00000E+00  0.00000E+00  0.00000E+00  0.00000E+00       0.00000E+00  0.00000E+00
  0.00000E+00  0.00000E+00  0.00000E+00  0.00000E+00  0.00000E+00       0.00000E+00  0.00000E+00
  0.00000E+00  0.00000E+00  0.00000E+00  0.00000E+00  0.00000E+00       0.00000E+00  0.00000E+00
  0.00000E+00  0.00000E+00  0.00000E+00  0.00000E+00  0.00000E+00       0.00000E+00  0.00000E+00
  0.00000E+00  0.00000E+00  0.00000E+00  0.00000E+00  0.00000E+00       0.00000E+00  0.00000E+00
  0.00000E+00  0.00000E+00  0.00000E+00  0.00000E+00  0.00000E+00       0.00000E+00  0.00000E+00
  0.00000E+00  0.00000E+00  0.00000E+00  0.00000E+00  0.00000E+00       0.00000E+00  0.00000E+00
  0.00000E+00  0.00000E+00  0.00000E+00  0.00000E+00  0.00000E+00       0.00000E+00  0.00000E+00
  0.00000E+00  0.00000E+00  0.00000E+00  0.00000E+00  0.00000E+00       0.00000E+00  0.00000E+00
  0.00000E+00  0.00000E+00  0.00000E+00  0.00000E+00  0.00000E+00       0.00000E+00  0.00000E+00
  0.00000E+00  0.00000E+00  0.00000E+00  0.00000E+00  0.00000E+00       0.00000E+00  0.00000E+00
  0.00000E+00  0.00000E+00  0.00000E+00  0.00000E+00  0.00000E+00       0.00000E+00  0.00000E+00
  0.00000E+00  0.00000E+00  0.00000E+00  0.00000E+00  0.00000E+00       0.00000E+00  0.00000E+00
  0.00000E+00  0.00000E+00  0.00000E+00  0.00000E+00  0.00000E+00       0.00000E+00  0.00000E+00
  0.00000E+00  0.00000E+00  0.00000E+00  0.00000E+00  0.00000E+00       0.00000E+00  0.00000E+00
  0.00000E+00  0.00000E+00  0.00000E+00  0.00000E+00  0.00000E+00       0.00000E+00  0.00000E+00
  0.00000E+00  0.00000E+00  0.00000E+00  0.00000E+00  0.00000E+00       0.00000E+00  0.00000E+00
  0.00000E+00  0.00000E+00  0.00000E+00  0.00000E+00  0.00000E+00       0.00000E+00  0.00000E+00
  0.00000E+00  0.00000E+00  0.00000E+00  0.00000E+00  0.00000E+00       0.00000E+00  0.00000E+00


   74. 183.84   74. 183.84  2.00E+01  0.00E+00  0.00E+00  0.00E+00     5   0.00

  0.00000E+00  0.00000E+00  0.00000E+00  0.00000E+00  0.00000E+00       0.00000E+00  0.00000E+00

  0.00000E+00  0.00000E+00  0.00000E+00  0.00000E+00  0.00000E+00       0.00000E+00  0.00000E+00
  0.00000E+00  0.00000E+00  0.00000E+00  0.00000E+00  0.00000E+00       0.00000E+00  0.00000E+00
  0.00000E+00  0.00000E+00  0.00000E+00  0.00000E+00  0.00000E+00       0.00000E+00  0.00000E+00
  0.00000E+00  0.00000E+00  0.00000E+00  0.00000E+00  0.00000E+00       0.00000E+00  0.00000E+00
  0.00000E+00  0.00000E+00  0.00000E+00  0.00000E+00  0.00000E+00       0.00000E+00  0.00000E+00

  0.00000E+00  0.00000E+00  0.00000E+00  0.00000E+00  0.00000E+00       0.00000E+00  0.00000E+00
  0.00000E+00  0.00000E+00  0.00000E+00  0.00000E+00  0.00000E+00       0.00000E+00  0.00000E+00
  0.00000E+00  0.00000E+00  0.00000E+00  0.00000E+00  0.00000E+00       0.00000E+00  0.00000E+00
  0.00000E+00  0.00000E+00  0.00000E+00  0.00000E+00  0.00000E+00       0.00000E+00  0.00000E+00
  0.00000E+00  0.00000E+00  0.00000E+00  0.00000E+00  0.00000E+00       0.00000E+00  0.00000E+00
  0.00000E+00  0.00000E+00  0.00000E+00  0.00000E+00  0.00000E+00       0.00000E+00  0.00000E+00
  0.00000E+00  0.00000E+00  0.00000E+00  0.00000E+00  0.00000E+00       0.00000E+00  0.00000E+00
  0.00000E+00  0.00000E+00  0.00000E+00  0.00000E+00  0.00000E+00       0.00000E+00  0.00000E+00
  0.00000E+00  0.00000E+00  0.00000E+00  0.00000E+00  0.00000E+00       0.00000E+00  0.00000E+00
  0.00000E+00  0.00000E+00  0.00000E+00  0.00000E+00  0.00000E+00       0.00000E+00  0.00000E+00
  0.00000E+00  0.00000E+00  0.00000E+00  0.00000E+00  0.00000E+00       0.00000E+00  0.00000E+00
  0.00000E+00  0.00000E+00  0.00000E+00  0.00000E+00  0.00000E+00       0.00000E+00  0.00000E+00
  0.00000E+00  0.00000E+00  0.00000E+00  0.00000E+00  0.00000E+00       0.00000E+00  0.00000E+00
  0.00000E+00  0.00000E+00  0.00000E+00  0.00000E+00  0.00000E+00       0.00000E+00  0.00000E+00
  0.00000E+00  0.00000E+00  0.00000E+00  0.00000E+00  0.00000E+00       0.00000E+00  0.00000E+00
  0.00000E+00  0.00000E+00  0.00000E+00  0.00000E+00  0.00000E+00       0.00000E+00  0.00000E+00
  0.00000E+00  0.00000E+00  0.00000E+00  0.00000E+00  0.00000E+00       0.00000E+00  0.00000E+00
  0.00000E+00  0.00000E+00  0.00000E+00  0.00000E+00  0.00000E+00       0.00000E+00  0.00000E+00
  0.00000E+00  0.00000E+00  0.00000E+00  0.00000E+00  0.00000E+00       0.00000E+00  0.00000E+00
  0.00000E+00  0.00000E+00  0.00000E+00  0.00000E+00  0.00000E+00       0.00000E+00  0.00000E+00
  0.00000E+00  0.00000E+00  0.00000E+00  0.00000E+00  0.00000E+00       0.00000E+00  0.00000E+00
  0.00000E+00  0.00000E+00  0.00000E+00  0.00000E+00  0.00000E+00       0.00000E+00  0.00000E+00
  0.00000E+00  0.00000E+00  0.00000E+00  0.00000E+00  0.00000E+00       0.00000E+00  0.00000E+00
  0.00000E+00  0.00000E+00  0.00000E+00  0.00000E+00  0.00000E+00       0.00000E+00  0.00000E+00
  0.00000E+00  0.00000E+00  0.00000E+00  0.00000E+00  0.00000E+00       0.00000E+00  0.00000E+00


   74. 183.84   74. 183.84  2.00E+01  3.00E+01  0.00E+00  0.00E+00     5   0.00

  0.00000E+00  0.00000E+00  0.00000E+00  0.00000E+00  0.00000E+00       0.00000E+00  0.00000E+00

  0.00000E+00  0.00000E+00  0.00000E+00  0.00000E+00  0.00000E+00       0.00000E+00  0.00000E+00
  0.00000E+00  0.00000E+00  0.00000E+00  0.00000E+00  0.00000E+00       0.00000E+00  0.00000E+00
  0.00000E+00  0.00000E+00  0.00000E+00  0.00000E+00  0.00000E+00       0.00000E+00  0.00000E+00
  0.00000E+00  0.00000E+00  0.00000E+00  0.00000E+00  0.00000E+00       0.00000E+00  0.00000E+00
  0.00000E+00  0.00000E+00  0.00000E+00  0.00000E+00  0.00000E+00       0.00000E+00  0.00000E+00

  0.00000E+00  0.00000E+00  0.00000E+00  0.00000E+00  0.00000E+00       0.00000E+00  0.00000E+00
  0.00000E+00  0.00000E+00  0.00000E+00  0.00000E+00  0.00000E+00       0.00000E+00  0.00000E+00
  0.00000E+00  0.00000E+00  0.00000E+00  0.00000E+00  0.00000E+00       0.00000E+00  0.00000E+00
  0.00000E+00  0.00000E+00  0.00000E+00  0.00000E+00  0.00000E+00       0.00000E+00  0.00000E+00
  0.00000E+00  0.00000E+00  0.00000E+00  0.00000E+00  0.00000E+00       0.00000E+00  0.00000E+00
  0.00000E+00  0.00000E+00  0.00000E+00  0.00000E+00  0.00000E+00       0.00000E+00  0.00000E+00
  0.00000E+00  0.00000E+00  0.00000E+00  0.00000E+00  0.00000E+00       0.00000E+00  0.00000E+00
  0.00000E+00  0.00000E+00  0.00000E+00  0.00000E+00  0.00000E+00       0.00000E+00  0.00000E+00
  0.00000E+00  0.00000E+00  0.00000E+00  0.00000E+00  0.00000E+00       0.00000E+00  0.00000E+00
  0.00000E+00  0.00000E+00  0.00000E+00  0.00000E+00  0.00000E+00       0.00000E+00  0.00000E+00
  0.00000E+00  0.00000E+00  0.00000E+00  0.00000E+00  0.00000E+00       0.00000E+00  0.00000E+00
  0.00000E+00  0.00000E+00  0.00000E+00  0.00000E+00  0.00000E+00       0.00000E+00  0.00000E+00
  0.00000E+00  0.00000E+00  0.00000E+00  0.00000E+00  0.00000E+00       0.00000E+00  0.00000E+00
  0.00000E+00  0.00000E+00  0.00000E+00  0.00000E+00  0.00000E+00       0.00000E+00  0.00000E+00
  0.00000E+00  0.00000E+00  0.00000E+00  0.00000E+00  0.00000E+00       0.00000E+00  0.00000E+00
  0.00000E+00  0.00000E+00  0.00000E+00  0.00000E+00  0.00000E+00       0.00000E+00  0.00000E+00
  0.00000E+00  0.00000E+00  0.00000E+00  0.00000E+00  0.00000E+00       0.00000E+00  0.00000E+00
  0.00000E+00  0.00000E+00  0.00000E+00  0.00000E+00  0.00000E+00       0.00000E+00  0.00000E+00
  0.00000E+00  0.00000E+00  0.00000E+00  0.00000E+00  0.00000E+00       0.00000E+00  0.00000E+00
  0.00000E+00  0.00000E+00  0.00000E+00  0.00000E+00  0.00000E+00       0.00000E+00  0.00000E+00
  0.00000E+00  0.00000E+00  0.00000E+00  0.00000E+00  0.00000E+00       0.00000E+00  0.00000E+00
  0.00000E+00  0.00000E+00  0.00000E+00  0.00000E+00  0.00000E+00       0.00000E+00  0.00000E+00
  0.00000E+00  0.00000E+00  0.00000E+00  0.00000E+00  0.00000E+00       0.00000E+00  0.00000E+00
  0.00000E+00  0.00000E+00  0.00000E+00  0.00000E+00  0.00000E+00       0.00000E+00  0.00000E+00
  0.00000E+00  0.00000E+00  0.00000E+00  0.00000E+00  0.00000E+00       0.00000E+00  0.00000E+00


   74. 183.84   74. 183.84  2.00E+01  4.50E+01  0.00E+00  0.00E+00     5   0.00

  0.00000E+00  0.00000E+00  0.00000E+00  0.00000E+00  0.00000E+00       0.00000E+00  0.00000E+00

  0.00000E+00  0.00000E+00  0.00000E+00  0.00000E+00  0.00000E+00       0.00000E+00  0.00000E+00
  0.00000E+00  0.00000E+00  0.00000E+00  0.00000E+00  0.00000E+00       0.00000E+00  0.00000E+00
  0.00000E+00  0.00000E+00  0.00000E+00  0.00000E+00  0.00000E+00       0.00000E+00  0.00000E+00
  0.00000E+00  0.00000E+00  0.00000E+00  0.00000E+00  0.00000E+00       0.00000E+00  0.00000E+00
  0.00000E+00  0.00000E+00  0.00000E+00  0.00000E+00  0.00000E+00       0.00000E+00  0.00000E+00

  0.00000E+00  0.00000E+00  0.00000E+00  0.00000E+00  0.00000E+00       0.00000E+00  0.00000E+00
  0.00000E+00  0.00000E+00  0.00000E+00  0.00000E+00  0.00000E+00       0.00000E+00  0.00000E+00
  0.00000E+00  0.00000E+00  0.00000E+00  0.00000E+00  0.00000E+00       0.00000E+00  0.00000E+00
  0.00000E+00  0.00000E+00  0.00000E+00  0.00000E+00  0.00000E+00       0.00000E+00  0.00000E+00
  0.00000E+00  0.00000E+00  0.00000E+00  0.00000E+00  0.00000E+00       0.00000E+00  0.00000E+00
  0.00000E+00  0.00000E+00  0.00000E+00  0.00000E+00  0.00000E+00       0.00000E+00  0.00000E+00
  0.00000E+00  0.00000E+00  0.00000E+00  0.00000E+00  0.00000E+00       0.00000E+00  0.00000E+00
  0.00000E+00  0.00000E+00  0.00000E+00  0.00000E+00  0.00000E+00       0.00000E+00  0.00000E+00
  0.00000E+00  0.00000E+00  0.00000E+00  0.00000E+00  0.00000E+00       0.00000E+00  0.00000E+00
  0.00000E+00  0.00000E+00  0.00000E+00  0.00000E+00  0.00000E+00       0.00000E+00  0.00000E+00
  0.00000E+00  0.00000E+00  0.00000E+00  0.00000E+00  0.00000E+00       0.00000E+00  0.00000E+00
  0.00000E+00  0.00000E+00  0.00000E+00  0.00000E+00  0.00000E+00       0.00000E+00  0.00000E+00
  0.00000E+00  0.00000E+00  0.00000E+00  0.00000E+00  0.00000E+00       0.00000E+00  0.00000E+00
  0.00000E+00  0.00000E+00  0.00000E+00  0.00000E+00  0.00000E+00       0.00000E+00  0.00000E+00
  0.00000E+00  0.00000E+00  0.00000E+00  0.00000E+00  0.00000E+00       0.00000E+00  0.00000E+00
  0.00000E+00  0.00000E+00  0.00000E+00  0.00000E+00  0.00000E+00       0.00000E+00  0.00000E+00
  0.00000E+00  0.00000E+00  0.00000E+00  0.00000E+00  0.00000E+00       0.00000E+00  0.00000E+00
  0.00000E+00  0.00000E+00  0.00000E+00  0.00000E+00  0.00000E+00       0.00000E+00  0.00000E+00
  0.00000E+00  0.00000E+00  0.00000E+00  0.00000E+00  0.00000E+00       0.00000E+00  0.00000E+00
  0.00000E+00  0.00000E+00  0.00000E+00  0.00000E+00  0.00000E+00       0.00000E+00  0.00000E+00
  0.00000E+00  0.00000E+00  0.00000E+00  0.00000E+00  0.00000E+00       0.00000E+00  0.00000E+00
  0.00000E+00  0.00000E+00  0.00000E+00  0.00000E+00  0.00000E+00       0.00000E+00  0.00000E+00
  0.00000E+00  0.00000E+00  0.00000E+00  0.00000E+00  0.00000E+00       0.00000E+00  0.00000E+00
  0.00000E+00  0.00000E+00  0.00000E+00  0.00000E+00  0.00000E+00       0.00000E+00  0.00000E+00
  0.00000E+00  0.00000E+00  0.00000E+00  0.00000E+00  0.00000E+00       0.00000E+00  0.00000E+00


   74. 183.84   74. 183.84  2.00E+01  6.00E+01  0.00E+00  0.00E+00     5   0.00

  0.00000E+00  0.00000E+00  0.00000E+00  0.00000E+00  0.00000E+00       0.00000E+00  0.00000E+00

  0.00000E+00  0.00000E+00  0.00000E+00  0.00000E+00  0.00000E+00       0.00000E+00  0.00000E+00
  0.00000E+00  0.00000E+00  0.00000E+00  0.00000E+00  0.00000E+00       0.00000E+00  0.00000E+00
  0.00000E+00  0.00000E+00  0.00000E+00  0.00000E+00  0.00000E+00       0.00000E+00  0.00000E+00
  0.00000E+00  0.00000E+00  0.00000E+00  0.00000E+00  0.00000E+00       0.00000E+00  0.00000E+00
  0.00000E+00  0.00000E+00  0.00000E+00  0.00000E+00  0.00000E+00       0.00000E+00  0.00000E+00

  0.00000E+00  0.00000E+00  0.00000E+00  0.00000E+00  0.00000E+00       0.00000E+00  0.00000E+00
  0.00000E+00  0.00000E+00  0.00000E+00  0.00000E+00  0.00000E+00       0.00000E+00  0.00000E+00
  0.00000E+00  0.00000E+00  0.00000E+00  0.00000E+00  0.00000E+00       0.00000E+00  0.00000E+00
  0.00000E+00  0.00000E+00  0.00000E+00  0.00000E+00  0.00000E+00       0.00000E+00  0.00000E+00
  0.00000E+00  0.00000E+00  0.00000E+00  0.00000E+00  0.00000E+00       0.00000E+00  0.00000E+00
  0.00000E+00  0.00000E+00  0.00000E+00  0.00000E+00  0.00000E+00       0.00000E+00  0.00000E+00
  0.00000E+00  0.00000E+00  0.00000E+00  0.00000E+00  0.00000E+00       0.00000E+00  0.00000E+00
  0.00000E+00  0.00000E+00  0.00000E+00  0.00000E+00  0.00000E+00       0.00000E+00  0.00000E+00
  0.00000E+00  0.00000E+00  0.00000E+00  0.00000E+00  0.00000E+00       0.00000E+00  0.00000E+00
  0.00000E+00  0.00000E+00  0.00000E+00  0.00000E+00  0.00000E+00       0.00000E+00  0.00000E+00
  0.00000E+00  0.00000E+00  0.00000E+00  0.00000E+00  0.00000E+00       0.00000E+00  0.00000E+00
  0.00000E+00  0.00000E+00  0.00000E+00  0.00000E+00  0.00000E+00       0.00000E+00  0.00000E+00
  0.00000E+00  0.00000E+00  0.00000E+00  0.00000E+00  0.00000E+00       0.00000E+00  0.00000E+00
  0.00000E+00  0.00000E+00  0.00000E+00  0.00000E+00  0.00000E+00       0.00000E+00  0.00000E+00
  0.00000E+00  0.00000E+00  0.00000E+00  0.00000E+00  0.00000E+00       0.00000E+00  0.00000E+00
  0.00000E+00  0.00000E+00  0.00000E+00  0.00000E+00  0.00000E+00       0.00000E+00  0.00000E+00
  0.00000E+00  0.00000E+00  0.00000E+00  0.00000E+00  0.00000E+00       0.00000E+00  0.00000E+00
  0.00000E+00  0.00000E+00  0.00000E+00  0.00000E+00  0.00000E+00       0.00000E+00  0.00000E+00
  0.00000E+00  0.00000E+00  0.00000E+00  0.00000E+00  0.00000E+00       0.00000E+00  0.00000E+00
  0.00000E+00  0.00000E+00  0.00000E+00  0.00000E+00  0.00000E+00       0.00000E+00  0.00000E+00
  0.00000E+00  0.00000E+00  0.00000E+00  0.00000E+00  0.00000E+00       0.00000E+00  0.00000E+00
  0.00000E+00  0.00000E+00  0.00000E+00  0.00000E+00  0.00000E+00       0.00000E+00  0.00000E+00
  0.00000E+00  0.00000E+00  0.00000E+00  0.00000E+00  0.00000E+00       0.00000E+00  0.00000E+00
  0.00000E+00  0.00000E+00  0.00000E+00  0.00000E+00  0.00000E+00       0.00000E+00  0.00000E+00
  0.00000E+00  0.00000E+00  0.00000E+00  0.00000E+00  0.00000E+00       0.00000E+00  0.00000E+00


   74. 183.84   74. 183.84  2.00E+01  7.00E+01  0.00E+00  0.00E+00     5   0.00

  0.00000E+00  0.00000E+00  0.00000E+00  0.00000E+00  0.00000E+00       0.00000E+00  0.00000E+00

  0.00000E+00  0.00000E+00  0.00000E+00  0.00000E+00  0.00000E+00       0.00000E+00  0.00000E+00
  0.00000E+00  0.00000E+00  0.00000E+00  0.00000E+00  0.00000E+00       0.00000E+00  0.00000E+00
  0.00000E+00  0.00000E+00  0.00000E+00  0.00000E+00  0.00000E+00       0.00000E+00  0.00000E+00
  0.00000E+00  0.00000E+00  0.00000E+00  0.00000E+00  0.00000E+00       0.00000E+00  0.00000E+00
  0.00000E+00  0.00000E+00  0.00000E+00  0.00000E+00  0.00000E+00       0.00000E+00  0.00000E+00

  0.00000E+00  0.00000E+00  0.00000E+00  0.00000E+00  0.00000E+00       0.00000E+00  0.00000E+00
  0.00000E+00  0.00000E+00  0.00000E+00  0.00000E+00  0.00000E+00       0.00000E+00  0.00000E+00
  0.00000E+00  0.00000E+00  0.00000E+00  0.00000E+00  0.00000E+00       0.00000E+00  0.00000E+00
  0.00000E+00  0.00000E+00  0.00000E+00  0.00000E+00  0.00000E+00       0.00000E+00  0.00000E+00
  0.00000E+00  0.00000E+00  0.00000E+00  0.00000E+00  0.00000E+00       0.00000E+00  0.00000E+00
  0.00000E+00  0.00000E+00  0.00000E+00  0.00000E+00  0.00000E+00       0.00000E+00  0.00000E+00
  0.00000E+00  0.00000E+00  0.00000E+00  0.00000E+00  0.00000E+00       0.00000E+00  0.00000E+00
  0.00000E+00  0.00000E+00  0.00000E+00  0.00000E+00  0.00000E+00       0.00000E+00  0.00000E+00
  0.00000E+00  0.00000E+00  0.00000E+00  0.00000E+00  0.00000E+00       0.00000E+00  0.00000E+00
  0.00000E+00  0.00000E+00  0.00000E+00  0.00000E+00  0.00000E+00       0.00000E+00  0.00000E+00
  0.00000E+00  0.00000E+00  0.00000E+00  0.00000E+00  0.00000E+00       0.00000E+00  0.00000E+00
  0.00000E+00  0.00000E+00  0.00000E+00  0.00000E+00  0.00000E+00       0.00000E+00  0.00000E+00
  0.00000E+00  0.00000E+00  0.00000E+00  0.00000E+00  0.00000E+00       0.00000E+00  0.00000E+00
  0.00000E+00  0.00000E+00  0.00000E+00  0.00000E+00  0.00000E+00       0.00000E+00  0.00000E+00
  0.00000E+00  0.00000E+00  0.00000E+00  0.00000E+00  0.00000E+00       0.00000E+00  0.00000E+00
  0.00000E+00  0.00000E+00  0.00000E+00  0.00000E+00  0.00000E+00       0.00000E+00  0.00000E+00
  0.00000E+00  0.00000E+00  0.00000E+00  0.00000E+00  0.00000E+00       0.00000E+00  0.00000E+00
  0.00000E+00  0.00000E+00  0.00000E+00  0.00000E+00  0.00000E+00       0.00000E+00  0.00000E+00
  0.00000E+00  0.00000E+00  0.00000E+00  0.00000E+00  0.00000E+00       0.00000E+00  0.00000E+00
  0.00000E+00  0.00000E+00  0.00000E+00  0.00000E+00  0.00000E+00       0.00000E+00  0.00000E+00
  0.00000E+00  0.00000E+00  0.00000E+00  0.00000E+00  0.00000E+00       0.00000E+00  0.00000E+00
  0.00000E+00  0.00000E+00  0.00000E+00  0.00000E+00  0.00000E+00       0.00000E+00  0.00000E+00
  0.00000E+00  0.00000E+00  0.00000E+00  0.00000E+00  0.00000E+00       0.00000E+00  0.00000E+00
  0.00000E+00  0.00000E+00  0.00000E+00  0.00000E+00  0.00000E+00       0.00000E+00  0.00000E+00
  0.00000E+00  0.00000E+00  0.00000E+00  0.00000E+00  0.00000E+00       0.00000E+00  0.00000E+00


   74. 183.84   74. 183.84  2.00E+01  8.00E+01  0.00E+00  0.00E+00     5   0.00

  0.00000E+00  0.00000E+00  0.00000E+00  0.00000E+00  0.00000E+00       0.00000E+00  0.00000E+00

  0.00000E+00  0.00000E+00  0.00000E+00  0.00000E+00  0.00000E+00       0.00000E+00  0.00000E+00
  0.00000E+00  0.00000E+00  0.00000E+00  0.00000E+00  0.00000E+00       0.00000E+00  0.00000E+00
  0.00000E+00  0.00000E+00  0.00000E+00  0.00000E+00  0.00000E+00       0.00000E+00  0.00000E+00
  0.00000E+00  0.00000E+00  0.00000E+00  0.00000E+00  0.00000E+00       0.00000E+00  0.00000E+00
  0.00000E+00  0.00000E+00  0.00000E+00  0.00000E+00  0.00000E+00       0.00000E+00  0.00000E+00

  0.00000E+00  0.00000E+00  0.00000E+00  0.00000E+00  0.00000E+00       0.00000E+00  0.00000E+00
  0.00000E+00  0.00000E+00  0.00000E+00  0.00000E+00  0.00000E+00       0.00000E+00  0.00000E+00
  0.00000E+00  0.00000E+00  0.00000E+00  0.00000E+00  0.00000E+00       0.00000E+00  0.00000E+00
  0.00000E+00  0.00000E+00  0.00000E+00  0.00000E+00  0.00000E+00       0.00000E+00  0.00000E+00
  0.00000E+00  0.00000E+00  0.00000E+00  0.00000E+00  0.00000E+00       0.00000E+00  0.00000E+00
  0.00000E+00  0.00000E+00  0.00000E+00  0.00000E+00  0.00000E+00       0.00000E+00  0.00000E+00
  0.00000E+00  0.00000E+00  0.00000E+00  0.00000E+00  0.00000E+00       0.00000E+00  0.00000E+00
  0.00000E+00  0.00000E+00  0.00000E+00  0.00000E+00  0.00000E+00       0.00000E+00  0.00000E+00
  0.00000E+00  0.00000E+00  0.00000E+00  0.00000E+00  0.00000E+00       0.00000E+00  0.00000E+00
  0.00000E+00  0.00000E+00  0.00000E+00  0.00000E+00  0.00000E+00       0.00000E+00  0.00000E+00
  0.00000E+00  0.00000E+00  0.00000E+00  0.00000E+00  0.00000E+00       0.00000E+00  0.00000E+00
  0.00000E+00  0.00000E+00  0.00000E+00  0.00000E+00  0.00000E+00       0.00000E+00  0.00000E+00
  0.00000E+00  0.00000E+00  0.00000E+00  0.00000E+00  0.00000E+00       0.00000E+00  0.00000E+00
  0.00000E+00  0.00000E+00  0.00000E+00  0.00000E+00  0.00000E+00       0.00000E+00  0.00000E+00
  0.00000E+00  0.00000E+00  0.00000E+00  0.00000E+00  0.00000E+00       0.00000E+00  0.00000E+00
  0.00000E+00  0.00000E+00  0.00000E+00  0.00000E+00  0.00000E+00       0.00000E+00  0.00000E+00
  0.00000E+00  0.00000E+00  0.00000E+00  0.00000E+00  0.00000E+00       0.00000E+00  0.00000E+00
  0.00000E+00  0.00000E+00  0.00000E+00  0.00000E+00  0.00000E+00       0.00000E+00  0.00000E+00
  0.00000E+00  0.00000E+00  0.00000E+00  0.00000E+00  0.00000E+00       0.00000E+00  0.00000E+00
  0.00000E+00  0.00000E+00  0.00000E+00  0.00000E+00  0.00000E+00       0.00000E+00  0.00000E+00
  0.00000E+00  0.00000E+00  0.00000E+00  0.00000E+00  0.00000E+00       0.00000E+00  0.00000E+00
  0.00000E+00  0.00000E+00  0.00000E+00  0.00000E+00  0.00000E+00       0.00000E+00  0.00000E+00
  0.00000E+00  0.00000E+00  0.00000E+00  0.00000E+00  0.00000E+00       0.00000E+00  0.00000E+00
  0.00000E+00  0.00000E+00  0.00000E+00  0.00000E+00  0.00000E+00       0.00000E+00  0.00000E+00
  0.00000E+00  0.00000E+00  0.00000E+00  0.00000E+00  0.00000E+00       0.00000E+00  0.00000E+00


   74. 183.84   74. 183.84  2.00E+01  8.50E+01  0.00E+00  0.00E+00     5   0.00

  0.00000E+00  0.00000E+00  0.00000E+00  0.00000E+00  0.00000E+00       0.00000E+00  0.00000E+00

  0.00000E+00  0.00000E+00  0.00000E+00  0.00000E+00  0.00000E+00       0.00000E+00  0.00000E+00
  0.00000E+00  0.00000E+00  0.00000E+00  0.00000E+00  0.00000E+00       0.00000E+00  0.00000E+00
  0.00000E+00  0.00000E+00  0.00000E+00  0.00000E+00  0.00000E+00       0.00000E+00  0.00000E+00
  0.00000E+00  0.00000E+00  0.00000E+00  0.00000E+00  0.00000E+00       0.00000E+00  0.00000E+00
  0.00000E+00  0.00000E+00  0.00000E+00  0.00000E+00  0.00000E+00       0.00000E+00  0.00000E+00

  0.00000E+00  0.00000E+00  0.00000E+00  0.00000E+00  0.00000E+00       0.00000E+00  0.00000E+00
  0.00000E+00  0.00000E+00  0.00000E+00  0.00000E+00  0.00000E+00       0.00000E+00  0.00000E+00
  0.00000E+00  0.00000E+00  0.00000E+00  0.00000E+00  0.00000E+00       0.00000E+00  0.00000E+00
  0.00000E+00  0.00000E+00  0.00000E+00  0.00000E+00  0.00000E+00       0.00000E+00  0.00000E+00
  0.00000E+00  0.00000E+00  0.00000E+00  0.00000E+00  0.00000E+00       0.00000E+00  0.00000E+00
  0.00000E+00  0.00000E+00  0.00000E+00  0.00000E+00  0.00000E+00       0.00000E+00  0.00000E+00
  0.00000E+00  0.00000E+00  0.00000E+00  0.00000E+00  0.00000E+00       0.00000E+00  0.00000E+00
  0.00000E+00  0.00000E+00  0.00000E+00  0.00000E+00  0.00000E+00       0.00000E+00  0.00000E+00
  0.00000E+00  0.00000E+00  0.00000E+00  0.00000E+00  0.00000E+00       0.00000E+00  0.00000E+00
  0.00000E+00  0.00000E+00  0.00000E+00  0.00000E+00  0.00000E+00       0.00000E+00  0.00000E+00
  0.00000E+00  0.00000E+00  0.00000E+00  0.00000E+00  0.00000E+00       0.00000E+00  0.00000E+00
  0.00000E+00  0.00000E+00  0.00000E+00  0.00000E+00  0.00000E+00       0.00000E+00  0.00000E+00
  0.00000E+00  0.00000E+00  0.00000E+00  0.00000E+00  0.00000E+00       0.00000E+00  0.00000E+00
  0.00000E+00  0.00000E+00  0.00000E+00  0.00000E+00  0.00000E+00       0.00000E+00  0.00000E+00
  0.00000E+00  0.00000E+00  0.00000E+00  0.00000E+00  0.00000E+00       0.00000E+00  0.00000E+00
  0.00000E+00  0.00000E+00  0.00000E+00  0.00000E+00  0.00000E+00       0.00000E+00  0.00000E+00
  0.00000E+00  0.00000E+00  0.00000E+00  0.00000E+00  0.00000E+00       0.00000E+00  0.00000E+00
  0.00000E+00  0.00000E+00  0.00000E+00  0.00000E+00  0.00000E+00       0.00000E+00  0.00000E+00
  0.00000E+00  0.00000E+00  0.00000E+00  0.00000E+00  0.00000E+00       0.00000E+00  0.00000E+00
  0.00000E+00  0.00000E+00  0.00000E+00  0.00000E+00  0.00000E+00       0.00000E+00  0.00000E+00
  0.00000E+00  0.00000E+00  0.00000E+00  0.00000E+00  0.00000E+00       0.00000E+00  0.00000E+00
  0.00000E+00  0.00000E+00  0.00000E+00  0.00000E+00  0.00000E+00       0.00000E+00  0.00000E+00
  0.00000E+00  0.00000E+00  0.00000E+00  0.00000E+00  0.00000E+00       0.00000E+00  0.00000E+00
  0.00000E+00  0.00000E+00  0.00000E+00  0.00000E+00  0.00000E+00       0.00000E+00  0.00000E+00
  0.00000E+00  0.00000E+00  0.00000E+00  0.00000E+00  0.00000E+00       0.00000E+00  0.00000E+00


   74. 183.84   74. 183.84  5.00E+01  0.00E+00  0.00E+00  0.00E+00     5   0.00

  0.00000E+00  0.00000E+00  0.00000E+00  0.00000E+00  0.00000E+00       0.00000E+00  0.00000E+00

  0.00000E+00  0.00000E+00  0.00000E+00  0.00000E+00  0.00000E+00       0.00000E+00  0.00000E+00
  0.00000E+00  0.00000E+00  0.00000E+00  0.00000E+00  0.00000E+00       0.00000E+00  0.00000E+00
  0.00000E+00  0.00000E+00  0.00000E+00  0.00000E+00  0.00000E+00       0.00000E+00  0.00000E+00
  0.00000E+00  0.00000E+00  0.00000E+00  0.00000E+00  0.00000E+00       0.00000E+00  0.00000E+00
  0.00000E+00  0.00000E+00  0.00000E+00  0.00000E+00  0.00000E+00       0.00000E+00  0.00000E+00

  0.00000E+00  0.00000E+00  0.00000E+00  0.00000E+00  0.00000E+00       0.00000E+00  0.00000E+00
  0.00000E+00  0.00000E+00  0.00000E+00  0.00000E+00  0.00000E+00       0.00000E+00  0.00000E+00
  0.00000E+00  0.00000E+00  0.00000E+00  0.00000E+00  0.00000E+00       0.00000E+00  0.00000E+00
  0.00000E+00  0.00000E+00  0.00000E+00  0.00000E+00  0.00000E+00       0.00000E+00  0.00000E+00
  0.00000E+00  0.00000E+00  0.00000E+00  0.00000E+00  0.00000E+00       0.00000E+00  0.00000E+00
  0.00000E+00  0.00000E+00  0.00000E+00  0.00000E+00  0.00000E+00       0.00000E+00  0.00000E+00
  0.00000E+00  0.00000E+00  0.00000E+00  0.00000E+00  0.00000E+00       0.00000E+00  0.00000E+00
  0.00000E+00  0.00000E+00  0.00000E+00  0.00000E+00  0.00000E+00       0.00000E+00  0.00000E+00
  0.00000E+00  0.00000E+00  0.00000E+00  0.00000E+00  0.00000E+00       0.00000E+00  0.00000E+00
  0.00000E+00  0.00000E+00  0.00000E+00  0.00000E+00  0.00000E+00       0.00000E+00  0.00000E+00
  0.00000E+00  0.00000E+00  0.00000E+00  0.00000E+00  0.00000E+00       0.00000E+00  0.00000E+00
  0.00000E+00  0.00000E+00  0.00000E+00  0.00000E+00  0.00000E+00       0.00000E+00  0.00000E+00
  0.00000E+00  0.00000E+00  0.00000E+00  0.00000E+00  0.00000E+00       0.00000E+00  0.00000E+00
  0.00000E+00  0.00000E+00  0.00000E+00  0.00000E+00  0.00000E+00       0.00000E+00  0.00000E+00
  0.00000E+00  0.00000E+00  0.00000E+00  0.00000E+00  0.00000E+00       0.00000E+00  0.00000E+00
  0.00000E+00  0.00000E+00  0.00000E+00  0.00000E+00  0.00000E+00       0.00000E+00  0.00000E+00
  0.00000E+00  0.00000E+00  0.00000E+00  0.00000E+00  0.00000E+00       0.00000E+00  0.00000E+00
  0.00000E+00  0.00000E+00  0.00000E+00  0.00000E+00  0.00000E+00       0.00000E+00  0.00000E+00
  0.00000E+00  0.00000E+00  0.00000E+00  0.00000E+00  0.00000E+00       0.00000E+00  0.00000E+00
  0.00000E+00  0.00000E+00  0.00000E+00  0.00000E+00  0.00000E+00       0.00000E+00  0.00000E+00
  0.00000E+00  0.00000E+00  0.00000E+00  0.00000E+00  0.00000E+00       0.00000E+00  0.00000E+00
  0.00000E+00  0.00000E+00  0.00000E+00  0.00000E+00  0.00000E+00       0.00000E+00  0.00000E+00
  0.00000E+00  0.00000E+00  0.00000E+00  0.00000E+00  0.00000E+00       0.00000E+00  0.00000E+00
  0.00000E+00  0.00000E+00  0.00000E+00  0.00000E+00  0.00000E+00       0.00000E+00  0.00000E+00
  0.00000E+00  0.00000E+00  0.00000E+00  0.00000E+00  0.00000E+00       0.00000E+00  0.00000E+00


   74. 183.84   74. 183.84  5.00E+01  3.00E+01  0.00E+00  0.00E+00     5   0.00

  0.00000E+00  0.00000E+00  0.00000E+00  0.00000E+00  0.00000E+00       0.00000E+00  0.00000E+00

  0.00000E+00  0.00000E+00  0.00000E+00  0.00000E+00  0.00000E+00       0.00000E+00  0.00000E+00
  0.00000E+00  0.00000E+00  0.00000E+00  0.00000E+00  0.00000E+00       0.00000E+00  0.00000E+00
  0.00000E+00  0.00000E+00  0.00000E+00  0.00000E+00  0.00000E+00       0.00000E+00  0.00000E+00
  0.00000E+00  0.00000E+00  0.00000E+00  0.00000E+00  0.00000E+00       0.00000E+00  0.00000E+00
  0.00000E+00  0.00000E+00  0.00000E+00  0.00000E+00  0.00000E+00       0.00000E+00  0.00000E+00

  0.00000E+00  0.00000E+00  0.00000E+00  0.00000E+00  0.00000E+00       0.00000E+00  0.00000E+00
  0.00000E+00  0.00000E+00  0.00000E+00  0.00000E+00  0.00000E+00       0.00000E+00  0.00000E+00
  0.00000E+00  0.00000E+00  0.00000E+00  0.00000E+00  0.00000E+00       0.00000E+00  0.00000E+00
  0.00000E+00  0.00000E+00  0.00000E+00  0.00000E+00  0.00000E+00       0.00000E+00  0.00000E+00
  0.00000E+00  0.00000E+00  0.00000E+00  0.00000E+00  0.00000E+00       0.00000E+00  0.00000E+00
  0.00000E+00  0.00000E+00  0.00000E+00  0.00000E+00  0.00000E+00       0.00000E+00  0.00000E+00
  0.00000E+00  0.00000E+00  0.00000E+00  0.00000E+00  0.00000E+00       0.00000E+00  0.00000E+00
  0.00000E+00  0.00000E+00  0.00000E+00  0.00000E+00  0.00000E+00       0.00000E+00  0.00000E+00
  0.00000E+00  0.00000E+00  0.00000E+00  0.00000E+00  0.00000E+00       0.00000E+00  0.00000E+00
  0.00000E+00  0.00000E+00  0.00000E+00  0.00000E+00  0.00000E+00       0.00000E+00  0.00000E+00
  0.00000E+00  0.00000E+00  0.00000E+00  0.00000E+00  0.00000E+00       0.00000E+00  0.00000E+00
  0.00000E+00  0.00000E+00  0.00000E+00  0.00000E+00  0.00000E+00       0.00000E+00  0.00000E+00
  0.00000E+00  0.00000E+00  0.00000E+00  0.00000E+00  0.00000E+00       0.00000E+00  0.00000E+00
  0.00000E+00  0.00000E+00  0.00000E+00  0.00000E+00  0.00000E+00       0.00000E+00  0.00000E+00
  0.00000E+00  0.00000E+00  0.00000E+00  0.00000E+00  0.00000E+00       0.00000E+00  0.00000E+00
  0.00000E+00  0.00000E+00  0.00000E+00  0.00000E+00  0.00000E+00       0.00000E+00  0.00000E+00
  0.00000E+00  0.00000E+00  0.00000E+00  0.00000E+00  0.00000E+00       0.00000E+00  0.00000E+00
  0.00000E+00  0.00000E+00  0.00000E+00  0.00000E+00  0.00000E+00       0.00000E+00  0.00000E+00
  0.00000E+00  0.00000E+00  0.00000E+00  0.00000E+00  0.00000E+00       0.00000E+00  0.00000E+00
  0.00000E+00  0.00000E+00  0.00000E+00  0.00000E+00  0.00000E+00       0.00000E+00  0.00000E+00
  0.00000E+00  0.00000E+00  0.00000E+00  0.00000E+00  0.00000E+00       0.00000E+00  0.00000E+00
  0.00000E+00  0.00000E+00  0.00000E+00  0.00000E+00  0.00000E+00       0.00000E+00  0.00000E+00
  0.00000E+00  0.00000E+00  0.00000E+00  0.00000E+00  0.00000E+00       0.00000E+00  0.00000E+00
  0.00000E+00  0.00000E+00  0.00000E+00  0.00000E+00  0.00000E+00       0.00000E+00  0.00000E+00
  0.00000E+00  0.00000E+00  0.00000E+00  0.00000E+00  0.00000E+00       0.00000E+00  0.00000E+00


   74. 183.84   74. 183.84  5.00E+01  4.50E+01  9.64E-03  1.85E-03     5   0.00

  3.74950E+00  6.61080E+00  9.09610E+00  1.18800E+01  1.61840E+01       7.78910E-02  2.91240E+01

  1.90010E-01  3.56900E-01  4.87115E-01  6.24860E-01  7.78365E-01       1.12840E-02  9.98250E-01
  1.70620E-01  3.12880E-01  4.28120E-01  5.41335E-01  6.95785E-01       8.36220E-03  9.83330E-01
  1.54245E-01  2.80470E-01  3.82660E-01  4.85725E-01  6.39910E-01       4.98070E-03  9.59380E-01
  1.42585E-01  2.50755E-01  3.42990E-01  4.41810E-01  5.79990E-01       5.19400E-03  8.86090E-01
  1.17265E-01  2.06475E-01  2.80795E-01  3.62835E-01  4.88890E-01       2.24470E-03  8.21060E-01

  5.19942E-01  7.99453E-01  9.03362E-01  9.67315E-01  9.96617E-01      -5.00440E-01  9.99960E-01
  5.21752E-01  7.66113E-01  9.01260E-01  9.67193E-01  9.97313E-01      -2.69830E-01  9.99970E-01
  4.49715E-01  7.52035E-01  8.95905E-01  9.63660E-01  9.95322E-01      -4.09310E-01  9.99900E-01
  4.97787E-01  7.80405E-01  9.08135E-01  9.71470E-01  9.97267E-01      -5.49260E-01  9.99970E-01
  3.47239E-01  7.26878E-01  8.68560E-01  9.57952E-01  9.95237E-01      -8.83600E-01  9.99990E-01
  6.33045E-01  8.49105E-01  9.28548E-01  9.72448E-01  9.97125E-01      -5.97540E-02  9.99890E-01
  6.07040E-01  8.34362E-01  9.27267E-01  9.77860E-01  9.97973E-01      -4.45450E-02  9.99990E-01
  5.90873E-01  8.03737E-01  9.10825E-01  9.71312E-01  9.96855E-01      -9.28220E-02  9.99980E-01
  6.49810E-01  8.43483E-01  9.17760E-01  9.72650E-01  9.96328E-01       2.69110E-02  1.00000E+00
  6.46953E-01  8.44697E-01  9.35813E-01  9.77573E-01  9.97200E-01      -1.74540E-01  9.99980E-01
  6.64863E-01  8.46795E-01  9.27473E-01  9.75322E-01  9.96695E-01       1.75360E-01  9.99960E-01
  6.79145E-01  8.42957E-01  9.31808E-01  9.74880E-01  9.96875E-01      -3.70420E-03  9.99990E-01
  6.90830E-01  8.53780E-01  9.39132E-01  9.78677E-01  9.97878E-01      -2.43220E-01  1.00000E+00
  6.69852E-01  8.67725E-01  9.45383E-01  9.83363E-01  9.97795E-01      -8.60390E-02  1.00000E+00
  7.34738E-01  8.71652E-01  9.42540E-01  9.82433E-01  9.98430E-01       2.74580E-01  9.99970E-01
  7.15008E-01  8.68845E-01  9.48030E-01  9.83587E-01  9.98100E-01       1.06110E-01  9.99970E-01
  7.45035E-01  8.82758E-01  9.54862E-01  9.84378E-01  9.97827E-01       1.77730E-01  9.99990E-01
  7.27253E-01  8.70405E-01  9.45402E-01  9.83592E-01  9.98630E-01       1.10920E-01  9.99960E-01
  7.30653E-01  8.99962E-01  9.56322E-01  9.84043E-01  9.98280E-01       3.34330E-01  9.99990E-01
  7.92915E-01  9.13020E-01  9.60220E-01  9.87248E-01  9.98890E-01       3.30230E-01  9.99990E-01
  8.09172E-01  9.16658E-01  9.64865E-01  9.87685E-01  9.98270E-01       2.41550E-01  9.99950E-01
  8.24582E-01  9.19770E-01  9.63217E-01  9.88733E-01  9.98750E-01       1.32530E-01  1.00000E+00
  8.21605E-01  9.31210E-01  9.69355E-01  9.88200E-01  9.98915E-01       2.44720E-01  9.99970E-01
  8.24457E-01  9.21808E-01  9.65342E-01  9.90135E-01  9.98995E-01       4.29930E-01  1.00000E+00
  8.29380E-01  9.29242E-01  9.71318E-01  9.91217E-01  9.99173E-01       4.01340E-01  9.99970E-01


   74. 183.84   74. 183.84  5.00E+01  6.00E+01  4.71E-02  1.23E-02     5   0.00

  5.22170E+00  9.23840E+00  1.26560E+01  1.63700E+01  2.15930E+01       1.41510E-01  3.67570E+01

  1.99660E-01  3.56020E-01  4.83435E-01  6.09310E-01  7.71350E-01       6.28740E-03  9.99110E-01
  1.73630E-01  3.12515E-01  4.25460E-01  5.38580E-01  6.94590E-01       4.65740E-03  9.81570E-01
  1.56515E-01  2.82280E-01  3.84260E-01  4.90845E-01  6.34675E-01       3.80800E-03  9.42690E-01
  1.37785E-01  2.47400E-01  3.39710E-01  4.36290E-01  5.73070E-01       3.79300E-03  9.08970E-01
  1.10981E-01  1.98250E-01  2.71295E-01  3.52145E-01  4.68550E-01       2.91240E-03  8.15420E-01

  5.01155E-01  7.76338E-01  9.03355E-01  9.66857E-01  9.96273E-01      -5.38420E-01  1.00000E+00
  5.14885E-01  7.84565E-01  9.02397E-01  9.67720E-01  9.96350E-01      -4.77400E-01  1.00000E+00
  4.99973E-01  7.86875E-01  9.06923E-01  9.67805E-01  9.96268E-01      -5.48940E-01  1.00000E+00
  5.21863E-01  7.91728E-01  9.10478E-01  9.71375E-01  9.96273E-01      -8.43090E-01  1.00000E+00
  4.58108E-01  7.70705E-01  9.00558E-01  9.64368E-01  9.95598E-01      -9.99770E-01  9.99990E-01
  6.02942E-01  8.26392E-01  9.22713E-01  9.74593E-01  9.97290E-01      -2.82740E-01  1.00000E+00
  6.16365E-01  8.27788E-01  9.24955E-01  9.74255E-01  9.97320E-01      -3.65020E-01  1.00000E+00
  6.30012E-01  8.31230E-01  9.26035E-01  9.74707E-01  9.97137E-01      -1.04130E-01  1.00000E+00
  6.42175E-01  8.40785E-01  9.30657E-01  9.76932E-01  9.97173E-01      -1.46020E-01  1.00000E+00
  6.53938E-01  8.42187E-01  9.31505E-01  9.76953E-01  9.97185E-01      -2.64250E-01  1.00000E+00
  6.95730E-01  8.62260E-01  9.37023E-01  9.79117E-01  9.97845E-01      -1.22730E-01  1.00000E+00
  7.01497E-01  8.68582E-01  9.42762E-01  9.80317E-01  9.97933E-01      -1.26380E-01  1.00000E+00
  7.05575E-01  8.69710E-01  9.44248E-01  9.81240E-01  9.98097E-01       9.58140E-02  1.00000E+00
  7.32130E-01  8.81580E-01  9.44715E-01  9.81515E-01  9.98140E-01       1.10310E-02  1.00000E+00
  7.37568E-01  8.89123E-01  9.49785E-01  9.82520E-01  9.98222E-01       1.32590E-01  1.00000E+00
  7.44770E-01  8.89528E-01  9.52817E-01  9.84475E-01  9.98285E-01       1.78330E-01  1.00000E+00
  7.63305E-01  8.97828E-01  9.54155E-01  9.83990E-01  9.98363E-01       2.67280E-01  1.00000E+00
  7.77040E-01  9.02240E-01  9.57543E-01  9.85818E-01  9.98488E-01       1.85400E-01  1.00000E+00
  7.72433E-01  9.06582E-01  9.57987E-01  9.84935E-01  9.98500E-01       1.81220E-01  1.00000E+00
  7.97083E-01  9.13520E-01  9.62320E-01  9.86938E-01  9.98550E-01       2.27070E-01  1.00000E+00
  8.38738E-01  9.32625E-01  9.71252E-01  9.90737E-01  9.99035E-01       4.11510E-01  1.00000E+00
  8.41143E-01  9.33715E-01  9.70980E-01  9.90447E-01  9.98938E-01       4.53680E-01  1.00000E+00
  8.49555E-01  9.35238E-01  9.72927E-01  9.91090E-01  9.99058E-01       4.47030E-01  1.00000E+00
  8.54492E-01  9.37890E-01  9.72215E-01  9.90320E-01  9.99067E-01       4.31150E-01  1.00000E+00
  8.61535E-01  9.47125E-01  9.76202E-01  9.92155E-01  9.99270E-01       4.44450E-01  1.00000E+00


   74. 183.84   74. 183.84  5.00E+01  7.00E+01  9.27E-02  2.90E-02     5   0.00

  6.31940E+00  1.12210E+01  1.53360E+01  1.95920E+01  2.54190E+01       8.40510E-02  4.05670E+01

  1.95995E-01  3.53020E-01  4.78530E-01  6.06965E-01  7.71475E-01       4.01330E-03  9.99830E-01
  1.74915E-01  3.12215E-01  4.23555E-01  5.38475E-01  6.90600E-01       9.32300E-04  9.88950E-01
  1.56610E-01  2.80740E-01  3.83290E-01  4.88600E-01  6.32160E-01       3.02360E-03  9.40370E-01
  1.36775E-01  2.45915E-01  3.35375E-01  4.29545E-01  5.63105E-01       1.96680E-03  8.93930E-01
  1.05520E-01  1.91770E-01  2.63810E-01  3.39915E-01  4.54285E-01       1.52820E-03  8.77370E-01

  4.92885E-01  7.79452E-01  9.00110E-01  9.66948E-01  9.96360E-01      -7.65010E-01  1.00000E+00
  5.14795E-01  7.80425E-01  8.98795E-01  9.66417E-01  9.96383E-01      -6.09900E-01  1.00000E+00
  5.19070E-01  7.82712E-01  9.04265E-01  9.67130E-01  9.96270E-01      -7.35620E-01  1.00000E+00
  5.20242E-01  7.86455E-01  9.05585E-01  9.68633E-01  9.96572E-01      -8.59570E-01  1.00000E+00
  4.74765E-01  7.77727E-01  9.01695E-01  9.67857E-01  9.96627E-01      -9.95830E-01  1.00000E+00
  6.24425E-01  8.25280E-01  9.19717E-01  9.73105E-01  9.97070E-01      -2.35530E-01  1.00000E+00
  6.33570E-01  8.35130E-01  9.25928E-01  9.74948E-01  9.97228E-01      -1.98090E-01  1.00000E+00
  6.59098E-01  8.47750E-01  9.32688E-01  9.77172E-01  9.97683E-01      -9.04230E-02  1.00000E+00
  6.63138E-01  8.53655E-01  9.34948E-01  9.78978E-01  9.97665E-01      -1.12970E-01  1.00000E+00
  6.78923E-01  8.58160E-01  9.37607E-01  9.79530E-01  9.98015E-01      -1.68320E-01  1.00000E+00
  7.12395E-01  8.67210E-01  9.39860E-01  9.80115E-01  9.97930E-01      -2.16190E-02  1.00000E+00
  7.13217E-01  8.70003E-01  9.41785E-01  9.80727E-01  9.97798E-01      -2.05470E-02  1.00000E+00
  7.21500E-01  8.73350E-01  9.45810E-01  9.81830E-01  9.98145E-01       1.56850E-01  1.00000E+00
  7.38072E-01  8.86912E-01  9.50425E-01  9.83045E-01  9.98310E-01       1.27370E-01  1.00000E+00
  7.68090E-01  8.99913E-01  9.56915E-01  9.85592E-01  9.98488E-01       5.49820E-02  1.00000E+00
  7.75597E-01  9.02205E-01  9.57542E-01  9.85907E-01  9.98475E-01       1.86720E-01  1.00000E+00
  7.86452E-01  9.03805E-01  9.57875E-01  9.85585E-01  9.98425E-01       1.41400E-01  1.00000E+00
  7.89940E-01  9.07633E-01  9.59172E-01  9.86337E-01  9.98493E-01       2.17210E-01  1.00000E+00
  7.96600E-01  9.12945E-01  9.60880E-01  9.86680E-01  9.98478E-01       2.73510E-01  1.00000E+00
  8.18452E-01  9.22547E-01  9.65490E-01  9.88733E-01  9.98790E-01       2.68020E-01  1.00000E+00
  8.58912E-01  9.40725E-01  9.74368E-01  9.91560E-01  9.99138E-01       4.51900E-01  1.00000E+00
  8.61870E-01  9.41220E-01  9.73975E-01  9.91032E-01  9.98978E-01       3.20780E-01  1.00000E+00
  8.65692E-01  9.43187E-01  9.75267E-01  9.91565E-01  9.99152E-01       3.96860E-01  1.00000E+00
  8.77495E-01  9.47275E-01  9.76988E-01  9.92213E-01  9.99192E-01       5.07490E-01  1.00000E+00
  8.86010E-01  9.52120E-01  9.79130E-01  9.92958E-01  9.99298E-01       5.29420E-01  1.00000E+00


   74. 183.84   74. 183.84  5.00E+01  8.00E+01  1.43E-01  5.14E-02     5   0.00

  7.46390E+00  1.31360E+01  1.77840E+01  2.24890E+01  2.85660E+01       7.06720E-02  4.24560E+01

  1.90945E-01  3.44935E-01  4.69330E-01  5.96450E-01  7.58960E-01       2.41000E-03  9.99660E-01
  1.67135E-01  3.04355E-01  4.14570E-01  5.27810E-01  6.79455E-01       2.40840E-03  9.86270E-01
  1.48715E-01  2.72520E-01  3.72265E-01  4.75340E-01  6.18085E-01       2.74290E-03  9.35210E-01
  1.31705E-01  2.38530E-01  3.26705E-01  4.18255E-01  5.49255E-01       1.08940E-04  8.90310E-01
  1.01153E-01  1.84705E-01  2.54680E-01  3.29080E-01  4.37310E-01       1.15670E-03  8.08670E-01

  5.29605E-01  7.90170E-01  9.05103E-01  9.67660E-01  9.96117E-01      -4.36840E-01  1.00000E+00
  5.44332E-01  7.88077E-01  9.07218E-01  9.69168E-01  9.96518E-01      -5.61700E-01  1.00000E+00
  5.34912E-01  7.99170E-01  9.09720E-01  9.69380E-01  9.96428E-01      -8.16860E-01  1.00000E+00
  5.41915E-01  7.97200E-01  9.09458E-01  9.69055E-01  9.96478E-01      -9.05740E-01  1.00000E+00
  5.12437E-01  7.85743E-01  9.05745E-01  9.67277E-01  9.96532E-01      -9.99100E-01  1.00000E+00
  6.54175E-01  8.48228E-01  9.32737E-01  9.78420E-01  9.97542E-01      -1.30220E-01  1.00000E+00
  6.59820E-01  8.47748E-01  9.31675E-01  9.77592E-01  9.97613E-01      -6.40130E-02  1.00000E+00
  6.78445E-01  8.56745E-01  9.35670E-01  9.79312E-01  9.97677E-01      -1.19460E-01  1.00000E+00
  6.88125E-01  8.62100E-01  9.39680E-01  9.78792E-01  9.97862E-01      -2.56270E-01  1.00000E+00
  7.10513E-01  8.74600E-01  9.46985E-01  9.82380E-01  9.98160E-01      -1.82090E-01  1.00000E+00
  7.37208E-01  8.81548E-01  9.45945E-01  9.81572E-01  9.98003E-01       5.66030E-02  1.00000E+00
  7.40108E-01  8.85425E-01  9.49108E-01  9.82862E-01  9.98233E-01       5.77320E-02  1.00000E+00
  7.47625E-01  8.93295E-01  9.51815E-01  9.84088E-01  9.98220E-01       5.64640E-02  1.00000E+00
  7.61125E-01  8.97525E-01  9.55050E-01  9.84565E-01  9.98400E-01       1.47520E-01  1.00000E+00
  7.84770E-01  9.06443E-01  9.59923E-01  9.87035E-01  9.98478E-01       1.16990E-01  1.00000E+00
  8.01638E-01  9.09900E-01  9.59388E-01  9.86235E-01  9.98445E-01       2.68800E-01  1.00000E+00
  8.07767E-01  9.14632E-01  9.62722E-01  9.87662E-01  9.98605E-01       2.32630E-01  1.00000E+00
  8.16335E-01  9.19535E-01  9.63130E-01  9.87715E-01  9.98780E-01       2.49360E-01  1.00000E+00
  8.26620E-01  9.25995E-01  9.67355E-01  9.89388E-01  9.98832E-01       3.19190E-01  1.00000E+00
  8.48037E-01  9.35605E-01  9.71235E-01  9.90317E-01  9.99060E-01       3.96750E-01  1.00000E+00
  8.79563E-01  9.49270E-01  9.77712E-01  9.92652E-01  9.99243E-01       5.13930E-01  1.00000E+00
  8.81137E-01  9.49558E-01  9.78285E-01  9.92727E-01  9.99245E-01       4.41070E-01  1.00000E+00
  8.84297E-01  9.51925E-01  9.78662E-01  9.92982E-01  9.99152E-01       3.08440E-01  1.00000E+00
  8.93903E-01  9.55635E-01  9.80747E-01  9.93745E-01  9.99310E-01       5.66020E-01  1.00000E+00
  8.98410E-01  9.58920E-01  9.82478E-01  9.94273E-01  9.99365E-01       5.56920E-01  1.00000E+00


   74. 183.84   74. 183.84  5.00E+01  8.50E+01  1.62E-01  6.05E-02     5   0.00

  7.82490E+00  1.37680E+01  1.85750E+01  2.33900E+01  2.95260E+01       7.16730E-02  4.32470E+01

  1.89245E-01  3.42590E-01  4.66305E-01  5.91065E-01  7.51865E-01       1.42870E-03  9.99940E-01
  1.65895E-01  3.00865E-01  4.10810E-01  5.22440E-01  6.73780E-01       2.31130E-03  9.73640E-01
  1.48610E-01  2.70480E-01  3.70285E-01  4.73580E-01  6.12990E-01       1.44370E-03  9.44810E-01
  1.30855E-01  2.36770E-01  3.23770E-01  4.15130E-01  5.43760E-01       1.82350E-03  8.96000E-01
  1.00441E-01  1.82235E-01  2.51105E-01  3.24850E-01  4.32170E-01       3.35030E-03  8.52540E-01

  5.51188E-01  8.02710E-01  9.11235E-01  9.70447E-01  9.96783E-01      -6.97230E-01  1.00000E+00
  5.50380E-01  7.96358E-01  9.08588E-01  9.70375E-01  9.97032E-01      -7.96120E-01  1.00000E+00
  5.50728E-01  8.06593E-01  9.13450E-01  9.71532E-01  9.96978E-01      -6.86130E-01  1.00000E+00
  5.41918E-01  7.99050E-01  9.11585E-01  9.70235E-01  9.96670E-01      -7.93830E-01  1.00000E+00
  5.22350E-01  7.94515E-01  9.08535E-01  9.71298E-01  9.96888E-01      -9.93850E-01  1.00000E+00
  6.68458E-01  8.57460E-01  9.37275E-01  9.78313E-01  9.97640E-01      -1.20160E-01  1.00000E+00
  6.75035E-01  8.57145E-01  9.37173E-01  9.78602E-01  9.97750E-01      -3.55780E-01  1.00000E+00
  6.82248E-01  8.58202E-01  9.37825E-01  9.79143E-01  9.97835E-01      -8.60660E-02  1.00000E+00
  6.93555E-01  8.67130E-01  9.42130E-01  9.80987E-01  9.97845E-01      -1.88440E-01  1.00000E+00
  7.16410E-01  8.77582E-01  9.46207E-01  9.82042E-01  9.98097E-01      -1.56310E-01  1.00000E+00
  7.49085E-01  8.85293E-01  9.49620E-01  9.82760E-01  9.98085E-01       8.22130E-02  1.00000E+00
  7.48910E-01  8.88907E-01  9.50603E-01  9.83890E-01  9.98423E-01       8.85980E-02  1.00000E+00
  7.52805E-01  8.92825E-01  9.51955E-01  9.84365E-01  9.98252E-01      -5.83210E-02  1.00000E+00
  7.72668E-01  9.00305E-01  9.55657E-01  9.84995E-01  9.98317E-01       1.25660E-01  1.00000E+00
  7.94067E-01  9.12630E-01  9.62490E-01  9.87523E-01  9.98690E-01       2.14160E-01  1.00000E+00
  8.09630E-01  9.16102E-01  9.62933E-01  9.88227E-01  9.98675E-01       1.38960E-01  1.00000E+00
  8.14100E-01  9.17288E-01  9.63420E-01  9.87698E-01  9.98615E-01       2.89460E-01  1.00000E+00
  8.24045E-01  9.24063E-01  9.66670E-01  9.89070E-01  9.98760E-01       9.80780E-02  1.00000E+00
  8.37260E-01  9.30100E-01  9.68445E-01  9.89795E-01  9.98840E-01       2.71350E-01  1.00000E+00
  8.59435E-01  9.39693E-01  9.73897E-01  9.91413E-01  9.99110E-01       3.80010E-01  1.00000E+00
  8.86628E-01  9.52792E-01  9.79553E-01  9.92928E-01  9.99278E-01       4.02130E-01  1.00000E+00
  8.89675E-01  9.52495E-01  9.79307E-01  9.93263E-01  9.99245E-01       5.03670E-01  1.00000E+00
  8.91925E-01  9.54277E-01  9.79922E-01  9.93003E-01  9.99298E-01       5.06690E-01  1.00000E+00
  8.98065E-01  9.56850E-01  9.81540E-01  9.94047E-01  9.99282E-01       5.17290E-01  1.00000E+00
  9.05712E-01  9.61318E-01  9.83208E-01  9.94615E-01  9.99485E-01       4.93390E-01  1.00000E+00


   74. 183.84   74. 183.84  1.00E+02  0.00E+00  0.00E+00  0.00E+00     5   0.00

  0.00000E+00  0.00000E+00  0.00000E+00  0.00000E+00  0.00000E+00       0.00000E+00  0.00000E+00

  0.00000E+00  0.00000E+00  0.00000E+00  0.00000E+00  0.00000E+00       0.00000E+00  0.00000E+00
  0.00000E+00  0.00000E+00  0.00000E+00  0.00000E+00  0.00000E+00       0.00000E+00  0.00000E+00
  0.00000E+00  0.00000E+00  0.00000E+00  0.00000E+00  0.00000E+00       0.00000E+00  0.00000E+00
  0.00000E+00  0.00000E+00  0.00000E+00  0.00000E+00  0.00000E+00       0.00000E+00  0.00000E+00
  0.00000E+00  0.00000E+00  0.00000E+00  0.00000E+00  0.00000E+00       0.00000E+00  0.00000E+00

  0.00000E+00  0.00000E+00  0.00000E+00  0.00000E+00  0.00000E+00       0.00000E+00  0.00000E+00
  0.00000E+00  0.00000E+00  0.00000E+00  0.00000E+00  0.00000E+00       0.00000E+00  0.00000E+00
  0.00000E+00  0.00000E+00  0.00000E+00  0.00000E+00  0.00000E+00       0.00000E+00  0.00000E+00
  0.00000E+00  0.00000E+00  0.00000E+00  0.00000E+00  0.00000E+00       0.00000E+00  0.00000E+00
  0.00000E+00  0.00000E+00  0.00000E+00  0.00000E+00  0.00000E+00       0.00000E+00  0.00000E+00
  0.00000E+00  0.00000E+00  0.00000E+00  0.00000E+00  0.00000E+00       0.00000E+00  0.00000E+00
  0.00000E+00  0.00000E+00  0.00000E+00  0.00000E+00  0.00000E+00       0.00000E+00  0.00000E+00
  0.00000E+00  0.00000E+00  0.00000E+00  0.00000E+00  0.00000E+00       0.00000E+00  0.00000E+00
  0.00000E+00  0.00000E+00  0.00000E+00  0.00000E+00  0.00000E+00       0.00000E+00  0.00000E+00
  0.00000E+00  0.00000E+00  0.00000E+00  0.00000E+00  0.00000E+00       0.00000E+00  0.00000E+00
  0.00000E+00  0.00000E+00  0.00000E+00  0.00000E+00  0.00000E+00       0.00000E+00  0.00000E+00
  0.00000E+00  0.00000E+00  0.00000E+00  0.00000E+00  0.00000E+00       0.00000E+00  0.00000E+00
  0.00000E+00  0.00000E+00  0.00000E+00  0.00000E+00  0.00000E+00       0.00000E+00  0.00000E+00
  0.00000E+00  0.00000E+00  0.00000E+00  0.00000E+00  0.00000E+00       0.00000E+00  0.00000E+00
  0.00000E+00  0.00000E+00  0.00000E+00  0.00000E+00  0.00000E+00       0.00000E+00  0.00000E+00
  0.00000E+00  0.00000E+00  0.00000E+00  0.00000E+00  0.00000E+00       0.00000E+00  0.00000E+00
  0.00000E+00  0.00000E+00  0.00000E+00  0.00000E+00  0.00000E+00       0.00000E+00  0.00000E+00
  0.00000E+00  0.00000E+00  0.00000E+00  0.00000E+00  0.00000E+00       0.00000E+00  0.00000E+00
  0.00000E+00  0.00000E+00  0.00000E+00  0.00000E+00  0.00000E+00       0.00000E+00  0.00000E+00
  0.00000E+00  0.00000E+00  0.00000E+00  0.00000E+00  0.00000E+00       0.00000E+00  0.00000E+00
  0.00000E+00  0.00000E+00  0.00000E+00  0.00000E+00  0.00000E+00       0.00000E+00  0.00000E+00
  0.00000E+00  0.00000E+00  0.00000E+00  0.00000E+00  0.00000E+00       0.00000E+00  0.00000E+00
  0.00000E+00  0.00000E+00  0.00000E+00  0.00000E+00  0.00000E+00       0.00000E+00  0.00000E+00
  0.00000E+00  0.00000E+00  0.00000E+00  0.00000E+00  0.00000E+00       0.00000E+00  0.00000E+00
  0.00000E+00  0.00000E+00  0.00000E+00  0.00000E+00  0.00000E+00       0.00000E+00  0.00000E+00


   74. 183.84   74. 183.84  1.00E+02  3.00E+01  1.66E-02  2.33E-03     5   0.00

  4.37010E+00  8.66410E+00  1.27470E+01  1.76540E+01  2.55930E+01       3.52060E-02  5.30540E+01

  2.45345E-01  4.27255E-01  5.69630E-01  7.09835E-01  8.70365E-01       3.42300E-03  9.99540E-01
  2.06900E-01  3.70895E-01  4.96560E-01  6.26095E-01  8.04100E-01       1.65870E-03  9.98250E-01
  1.85160E-01  3.37270E-01  4.55555E-01  5.80860E-01  7.46310E-01       2.48020E-03  9.99510E-01
  1.68465E-01  3.05160E-01  4.18660E-01  5.31365E-01  6.87955E-01       6.19040E-03  9.88140E-01
  1.37530E-01  2.51995E-01  3.48295E-01  4.41545E-01  5.85660E-01       3.18520E-03  9.77390E-01

  1.05063E-01  5.93102E-01  8.10680E-01  9.37820E-01  9.91410E-01      -9.91720E-01  9.99790E-01
  9.67357E-02  5.97222E-01  8.28623E-01  9.44840E-01  9.93008E-01      -9.99990E-01  1.00000E+00
  6.41733E-02  5.93545E-01  7.97752E-01  9.31832E-01  9.92085E-01      -9.88330E-01  9.99980E-01
  1.46832E-02  5.69267E-01  7.97760E-01  9.34113E-01  9.92847E-01      -9.97600E-01  9.99930E-01
 -2.19037E-01  4.19387E-01  7.44785E-01  9.14855E-01  9.90905E-01      -9.99560E-01  9.99940E-01
  3.13320E-01  7.23917E-01  8.79613E-01  9.59285E-01  9.95418E-01      -5.91060E-01  9.99960E-01
  3.54265E-01  7.08662E-01  8.78235E-01  9.62028E-01  9.96575E-01      -8.61080E-01  1.00000E+00
  3.27165E-01  6.95690E-01  8.54053E-01  9.49365E-01  9.94132E-01      -8.98750E-01  9.99990E-01
  3.09795E-01  6.86422E-01  8.65185E-01  9.52073E-01  9.94217E-01      -8.04750E-01  9.99980E-01
  2.56930E-01  6.79957E-01  8.64977E-01  9.52987E-01  9.94427E-01      -8.41910E-01  9.99990E-01
  4.15115E-01  7.52170E-01  8.85482E-01  9.62950E-01  9.96612E-01      -4.04410E-01  1.00000E+00
  4.53620E-01  7.43615E-01  8.92698E-01  9.68415E-01  9.96595E-01      -3.92450E-01  9.99990E-01
  4.78800E-01  7.62895E-01  8.91450E-01  9.60705E-01  9.94280E-01      -6.37190E-01  9.99980E-01
  4.36117E-01  7.75068E-01  8.99982E-01  9.66183E-01  9.97567E-01      -4.11300E-01  9.99990E-01
  4.25513E-01  7.45343E-01  8.89080E-01  9.63373E-01  9.96330E-01      -6.56220E-01  9.99990E-01
  5.42192E-01  8.04875E-01  9.13528E-01  9.73413E-01  9.96877E-01      -2.55840E-01  1.00000E+00
  5.37550E-01  7.94695E-01  9.15668E-01  9.73865E-01  9.97598E-01      -2.61740E-01  1.00000E+00
  5.83503E-01  8.00213E-01  9.05025E-01  9.67647E-01  9.96668E-01      -1.43990E-01  1.00000E+00
  5.44910E-01  8.07315E-01  9.16417E-01  9.72333E-01  9.96233E-01      -2.28320E-01  9.99980E-01
  5.73195E-01  8.15062E-01  9.20625E-01  9.73527E-01  9.97315E-01      -5.69630E-01  9.99990E-01
  7.04765E-01  8.76385E-01  9.43968E-01  9.81535E-01  9.98210E-01       1.13460E-01  1.00000E+00
  6.88087E-01  8.66055E-01  9.42978E-01  9.80190E-01  9.97807E-01      -2.85710E-02  9.99990E-01
  6.80515E-01  8.60320E-01  9.42392E-01  9.80390E-01  9.98552E-01       4.75740E-02  9.99980E-01
  6.99165E-01  8.67032E-01  9.40960E-01  9.81275E-01  9.98500E-01       1.28150E-01  9.99990E-01
  7.09375E-01  8.79873E-01  9.47137E-01  9.81508E-01  9.97953E-01      -6.90780E-03  9.99990E-01


   74. 183.84   74. 183.84  1.00E+02  4.50E+01  7.77E-02  1.66E-02     5   0.00

  6.91400E+00  1.36540E+01  1.99520E+01  2.71320E+01  3.78160E+01       4.91490E-02  6.87210E+01

  2.18000E-01  3.96950E-01  5.35270E-01  6.71630E-01  8.38420E-01       3.75620E-03  9.99950E-01
  1.97435E-01  3.50890E-01  4.73445E-01  5.97125E-01  7.57225E-01       2.11330E-03  9.99630E-01
  1.77245E-01  3.19945E-01  4.29455E-01  5.46195E-01  7.01650E-01       1.00920E-03  9.82520E-01
  1.59050E-01  2.85500E-01  3.87490E-01  4.90285E-01  6.38205E-01       3.66090E-03  9.78620E-01
  1.24245E-01  2.24730E-01  3.08365E-01  3.97220E-01  5.24030E-01       2.14680E-03  9.49880E-01

  2.45377E-01  6.65870E-01  8.50503E-01  9.47065E-01  9.94295E-01      -8.84680E-01  1.00000E+00
  2.45378E-01  6.49005E-01  8.42427E-01  9.44530E-01  9.94232E-01      -9.96590E-01  1.00000E+00
  2.47392E-01  6.56967E-01  8.45155E-01  9.48150E-01  9.94775E-01      -9.66150E-01  1.00000E+00
  2.11121E-01  6.50615E-01  8.41873E-01  9.47943E-01  9.94905E-01      -9.95970E-01  1.00000E+00
  4.19263E-02  5.58680E-01  8.08175E-01  9.40353E-01  9.94095E-01      -9.99930E-01  1.00000E+00
  4.04373E-01  7.29865E-01  8.75770E-01  9.57810E-01  9.95400E-01      -6.48330E-01  1.00000E+00
  4.31080E-01  7.39618E-01  8.79990E-01  9.56170E-01  9.95390E-01      -6.62590E-01  1.00000E+00
  4.25395E-01  7.42750E-01  8.87293E-01  9.62705E-01  9.95993E-01      -8.32710E-01  1.00000E+00
  4.54995E-01  7.53088E-01  8.90425E-01  9.63655E-01  9.96005E-01      -7.08080E-01  1.00000E+00
  4.01015E-01  7.42422E-01  8.87567E-01  9.59832E-01  9.95867E-01      -9.44510E-01  1.00000E+00
  5.43960E-01  7.92965E-01  9.03890E-01  9.68680E-01  9.96485E-01      -4.68140E-01  1.00000E+00
  5.50255E-01  7.93813E-01  9.08475E-01  9.67703E-01  9.96505E-01      -4.79290E-01  1.00000E+00
  5.27648E-01  8.05287E-01  9.12755E-01  9.69768E-01  9.96570E-01      -5.22540E-01  1.00000E+00
  5.42728E-01  8.03443E-01  9.14378E-01  9.72913E-01  9.97237E-01      -7.10660E-01  1.00000E+00
  5.64770E-01  8.08340E-01  9.14645E-01  9.71867E-01  9.96900E-01      -4.53410E-01  1.00000E+00
  6.55095E-01  8.47115E-01  9.28600E-01  9.76438E-01  9.97355E-01      -4.39720E-01  1.00000E+00
  6.50057E-01  8.44110E-01  9.31415E-01  9.76655E-01  9.97348E-01      -3.04630E-01  1.00000E+00
  6.51070E-01  8.50953E-01  9.32740E-01  9.79470E-01  9.97715E-01      -1.13970E-01  1.00000E+00
  6.58840E-01  8.51720E-01  9.35383E-01  9.78028E-01  9.97792E-01      -4.02630E-01  1.00000E+00
  6.70828E-01  8.55938E-01  9.39528E-01  9.79855E-01  9.97713E-01      -1.72680E-01  1.00000E+00
  7.82617E-01  9.04287E-01  9.58333E-01  9.85385E-01  9.98640E-01       2.30300E-02  1.00000E+00
  7.80373E-01  9.08652E-01  9.59640E-01  9.85798E-01  9.98507E-01       1.46810E-01  1.00000E+00
  7.69883E-01  9.05605E-01  9.61520E-01  9.87548E-01  9.98545E-01       1.66510E-01  1.00000E+00
  7.80475E-01  9.09602E-01  9.61590E-01  9.87082E-01  9.98647E-01       2.53560E-01  1.00000E+00
  7.93630E-01  9.13532E-01  9.63580E-01  9.87672E-01  9.98640E-01       2.28870E-01  1.00000E+00


   74. 183.84   74. 183.84  1.00E+02  6.00E+01  2.30E-01  7.13E-02     5   0.00

  1.04640E+01  2.08490E+01  3.00930E+01  3.98830E+01  5.29010E+01       5.78190E-02  8.09640E+01

  2.16915E-01  3.90280E-01  5.25490E-01  6.56200E-01  8.15080E-01       2.92950E-03  9.99980E-01
  1.89115E-01  3.40690E-01  4.61235E-01  5.82370E-01  7.34765E-01       1.25160E-03  9.98790E-01
  1.69560E-01  3.07475E-01  4.16275E-01  5.24270E-01  6.67790E-01       1.89070E-03  9.92960E-01
  1.48355E-01  2.68570E-01  3.62325E-01  4.58400E-01  5.90490E-01       1.43200E-03  9.16180E-01
  1.10884E-01  2.00310E-01  2.73970E-01  3.53210E-01  4.66660E-01       4.51090E-04  8.85870E-01

  2.78747E-01  6.48968E-01  8.36955E-01  9.43107E-01  9.93737E-01      -9.94180E-01  1.00000E+00
  2.91920E-01  6.59460E-01  8.41363E-01  9.46345E-01  9.93985E-01      -9.81100E-01  1.00000E+00
  3.00785E-01  6.72243E-01  8.50633E-01  9.47657E-01  9.94202E-01      -9.97840E-01  1.00000E+00
  2.91428E-01  6.75665E-01  8.52463E-01  9.49407E-01  9.94360E-01      -9.99300E-01  1.00000E+00
  2.04685E-01  6.47570E-01  8.43122E-01  9.46532E-01  9.94042E-01      -9.99990E-01  1.00000E+00
  4.71220E-01  7.48715E-01  8.85705E-01  9.62190E-01  9.95838E-01      -6.90240E-01  1.00000E+00
  4.86220E-01  7.49812E-01  8.85805E-01  9.63137E-01  9.96115E-01      -5.71300E-01  1.00000E+00
  5.06420E-01  7.64135E-01  8.90588E-01  9.61978E-01  9.95840E-01      -6.85420E-01  1.00000E+00
  5.37385E-01  7.86965E-01  9.01267E-01  9.66273E-01  9.96378E-01      -4.70790E-01  1.00000E+00
  5.50148E-01  8.00172E-01  9.11395E-01  9.70478E-01  9.97037E-01      -6.99570E-01  1.00000E+00
  6.01562E-01  8.13865E-01  9.15922E-01  9.71870E-01  9.96915E-01      -3.50640E-01  1.00000E+00
  6.15178E-01  8.17510E-01  9.15975E-01  9.71980E-01  9.97243E-01      -2.06120E-01  1.00000E+00
  6.23592E-01  8.28993E-01  9.22295E-01  9.73872E-01  9.97180E-01      -2.84330E-01  1.00000E+00
  6.62283E-01  8.46332E-01  9.29770E-01  9.75775E-01  9.97505E-01      -2.20530E-01  1.00000E+00
  6.90750E-01  8.65825E-01  9.40600E-01  9.80293E-01  9.97840E-01      -1.82170E-01  1.00000E+00
  7.17183E-01  8.65810E-01  9.38910E-01  9.79410E-01  9.97785E-01       2.87880E-02  1.00000E+00
  7.23055E-01  8.74195E-01  9.42945E-01  9.81135E-01  9.97830E-01      -1.03630E-01  1.00000E+00
  7.32405E-01  8.80493E-01  9.46043E-01  9.81420E-01  9.97945E-01      -2.02520E-02  1.00000E+00
  7.55657E-01  8.93640E-01  9.52762E-01  9.83912E-01  9.98297E-01       1.53990E-01  1.00000E+00
  7.82810E-01  9.07833E-01  9.59495E-01  9.86457E-01  9.98542E-01      -1.44760E-01  1.00000E+00
  8.38292E-01  9.31657E-01  9.70505E-01  9.89772E-01  9.98957E-01       1.69590E-01  1.00000E+00
  8.44850E-01  9.33137E-01  9.70513E-01  9.90040E-01  9.98910E-01       3.31040E-01  1.00000E+00
  8.48497E-01  9.32813E-01  9.70500E-01  9.90198E-01  9.98958E-01       3.41350E-01  1.00000E+00
  8.52485E-01  9.38478E-01  9.72755E-01  9.90820E-01  9.99035E-01       3.45170E-01  1.00000E+00
  8.65300E-01  9.43588E-01  9.75557E-01  9.92112E-01  9.99138E-01       2.80550E-01  1.00000E+00


   74. 183.84   74. 183.84  1.00E+02  7.00E+01  3.88E-01  1.48E-01     5   0.00

  1.37430E+01  2.67380E+01  3.78430E+01  4.89970E+01  6.25680E+01       3.19280E-02  8.87300E+01

  2.03110E-01  3.66200E-01  4.96590E-01  6.27475E-01  7.92395E-01       3.22590E-03  9.99940E-01
  1.77795E-01  3.19655E-01  4.33960E-01  5.53000E-01  7.07315E-01       7.14150E-04  9.95250E-01
  1.57755E-01  2.85605E-01  3.89055E-01  4.96430E-01  6.38115E-01       1.05710E-03  9.74950E-01
  1.37675E-01  2.49290E-01  3.39585E-01  4.32130E-01  5.59545E-01       9.19250E-04  9.05780E-01
  1.01383E-01  1.83650E-01  2.52690E-01  3.25650E-01  4.31765E-01       8.71900E-04  8.41320E-01

  3.45762E-01  6.99043E-01  8.67313E-01  9.54955E-01  9.95135E-01      -9.99550E-01  1.00000E+00
  3.46485E-01  6.98377E-01  8.67875E-01  9.55192E-01  9.95335E-01      -9.92630E-01  1.00000E+00
  3.53925E-01  6.98615E-01  8.64730E-01  9.54000E-01  9.95103E-01      -9.97230E-01  1.00000E+00
  3.66232E-01  6.99805E-01  8.62540E-01  9.54425E-01  9.95328E-01      -1.00000E+00  1.00000E+00
  3.48895E-01  7.13517E-01  8.71260E-01  9.56620E-01  9.95097E-01      -9.99610E-01  1.00000E+00
  5.46750E-01  7.97720E-01  9.08027E-01  9.69305E-01  9.96887E-01      -5.57870E-01  1.00000E+00
  5.52980E-01  7.97550E-01  9.10820E-01  9.70408E-01  9.96883E-01      -5.44020E-01  1.00000E+00
  5.65588E-01  8.02312E-01  9.12870E-01  9.70575E-01  9.96655E-01      -4.77570E-01  1.00000E+00
  5.90815E-01  8.08485E-01  9.14310E-01  9.71320E-01  9.96827E-01      -4.52840E-01  1.00000E+00
  6.21095E-01  8.31147E-01  9.26600E-01  9.75715E-01  9.97423E-01      -6.36700E-01  1.00000E+00
  6.71385E-01  8.51705E-01  9.32920E-01  9.76525E-01  9.97563E-01      -1.46780E-01  1.00000E+00
  6.77902E-01  8.54235E-01  9.34817E-01  9.78193E-01  9.97648E-01      -2.61960E-01  1.00000E+00
  6.88520E-01  8.56285E-01  9.37420E-01  9.79218E-01  9.97692E-01      -2.36720E-01  1.00000E+00
  7.03522E-01  8.66610E-01  9.39730E-01  9.79610E-01  9.97910E-01      -2.86940E-01  1.00000E+00
  7.42962E-01  8.90975E-01  9.51100E-01  9.83677E-01  9.98115E-01      -5.07130E-02  1.00000E+00
  7.75807E-01  9.00572E-01  9.55397E-01  9.84808E-01  9.98298E-01       8.96050E-02  1.00000E+00
  7.74560E-01  9.00513E-01  9.56835E-01  9.85580E-01  9.98395E-01       5.38480E-02  1.00000E+00
  7.83410E-01  9.03062E-01  9.56363E-01  9.85725E-01  9.98395E-01       2.15920E-01  1.00000E+00
  8.02482E-01  9.12385E-01  9.61093E-01  9.86955E-01  9.98568E-01       2.17510E-01  1.00000E+00
  8.27963E-01  9.25042E-01  9.67620E-01  9.89322E-01  9.98920E-01       2.41170E-01  1.00000E+00
  8.78623E-01  9.48107E-01  9.77370E-01  9.92465E-01  9.99192E-01       4.30970E-01  1.00000E+00
  8.81405E-01  9.48877E-01  9.77563E-01  9.92548E-01  9.99200E-01       4.59160E-01  1.00000E+00
  8.80727E-01  9.49040E-01  9.77807E-01  9.92522E-01  9.99172E-01       3.73490E-01  1.00000E+00
  8.87393E-01  9.52080E-01  9.79353E-01  9.93200E-01  9.99343E-01       4.85670E-01  1.00000E+00
  8.98635E-01  9.58155E-01  9.82120E-01  9.94053E-01  9.99350E-01       4.53850E-01  1.00000E+00


   74. 183.84   74. 183.84  1.00E+02  8.00E+01  5.64E-01  2.54E-01     5   0.00

  1.72550E+01  3.31970E+01  4.57910E+01  5.75570E+01  7.09400E+01       8.22810E-02  9.32490E+01

  2.06805E-01  3.61715E-01  4.81130E-01  6.02060E-01  7.61560E-01       3.91480E-04  9.99980E-01
  1.82085E-01  3.13925E-01  4.17865E-01  5.26510E-01  6.75060E-01       6.94450E-04  9.86890E-01
  1.51035E-01  2.69295E-01  3.66270E-01  4.65875E-01  6.02760E-01       8.99900E-04  9.56530E-01
  1.28480E-01  2.31695E-01  3.15185E-01  4.01880E-01  5.22100E-01       1.11830E-03  8.71880E-01
  9.31580E-02  1.68710E-01  2.31810E-01  2.99015E-01  3.97855E-01       1.74250E-04  7.77400E-01

  4.00018E-01  7.16547E-01  8.54600E-01  9.36333E-01  9.91038E-01      -9.67930E-01  1.00000E+00
  4.41367E-01  7.54818E-01  8.88518E-01  9.61335E-01  9.95435E-01      -9.68290E-01  1.00000E+00
  4.51345E-01  7.64965E-01  8.95433E-01  9.64672E-01  9.96380E-01      -9.95710E-01  1.00000E+00
  4.65100E-01  7.72757E-01  9.03260E-01  9.67738E-01  9.96507E-01      -9.94350E-01  1.00000E+00
  4.49967E-01  7.58272E-01  8.95545E-01  9.66058E-01  9.96322E-01      -9.99290E-01  1.00000E+00
  6.06160E-01  8.07163E-01  8.98645E-01  9.52340E-01  9.92828E-01      -4.05480E-01  1.00000E+00
  6.35827E-01  8.40060E-01  9.26898E-01  9.75623E-01  9.97132E-01      -2.34590E-01  1.00000E+00
  6.48365E-01  8.44807E-01  9.30447E-01  9.76590E-01  9.97517E-01      -2.48610E-01  1.00000E+00
  6.69002E-01  8.57377E-01  9.37640E-01  9.79160E-01  9.97688E-01      -2.50210E-01  1.00000E+00
  6.97605E-01  8.68665E-01  9.41890E-01  9.80765E-01  9.97962E-01      -2.33630E-01  1.00000E+00
  7.43300E-01  8.79533E-01  9.43808E-01  9.79390E-01  9.97220E-01      -9.73320E-03  1.00000E+00
  7.47947E-01  8.85362E-01  9.46848E-01  9.82265E-01  9.98113E-01      -2.82040E-02  1.00000E+00
  7.57248E-01  8.94015E-01  9.52157E-01  9.83712E-01  9.98150E-01       9.10410E-02  1.00000E+00
  7.70482E-01  8.99670E-01  9.56605E-01  9.85553E-01  9.98460E-01       7.51590E-02  1.00000E+00
  8.01245E-01  9.13908E-01  9.62222E-01  9.87325E-01  9.98632E-01      -1.35350E-02  1.00000E+00
  8.23785E-01  9.19100E-01  9.62742E-01  9.87328E-01  9.98668E-01       2.56700E-01  1.00000E+00
  8.31203E-01  9.24240E-01  9.65495E-01  9.88255E-01  9.98757E-01       1.10600E-01  1.00000E+00
  8.36657E-01  9.27530E-01  9.67208E-01  9.88940E-01  9.98808E-01       3.25380E-01  1.00000E+00
  8.46000E-01  9.33690E-01  9.70947E-01  9.90502E-01  9.98978E-01       2.99770E-01  1.00000E+00
  8.68670E-01  9.44425E-01  9.76163E-01  9.92032E-01  9.99135E-01       3.88170E-01  1.00000E+00
  9.09037E-01  9.60728E-01  9.82533E-01  9.94110E-01  9.99362E-01       5.28030E-01  1.00000E+00
  9.09297E-01  9.61733E-01  9.83175E-01  9.94330E-01  9.99375E-01       5.13050E-01  1.00000E+00
  9.12813E-01  9.63593E-01  9.84000E-01  9.94680E-01  9.99417E-01       5.38420E-01  1.00000E+00
  9.15990E-01  9.64755E-01  9.84577E-01  9.94865E-01  9.99452E-01       5.24030E-01  1.00000E+00
  9.25567E-01  9.69303E-01  9.86858E-01  9.95692E-01  9.99540E-01       6.19930E-01  1.00000E+00


   74. 183.84   74. 183.84  1.00E+02  8.50E+01  6.22E-01  2.95E-01     5   0.00

  1.86270E+01  3.57550E+01  4.88210E+01  6.05890E+01  7.35920E+01       5.78880E-02  9.36180E+01

  2.09980E-01  3.68570E-01  4.82795E-01  5.99460E-01  7.51940E-01       1.35730E-03  9.99990E-01
  1.82445E-01  3.17595E-01  4.17020E-01  5.20325E-01  6.62460E-01       4.74590E-04  9.66080E-01
  1.53235E-01  2.66715E-01  3.60110E-01  4.56260E-01  5.88395E-01       1.37470E-03  9.27420E-01
  1.25215E-01  2.26510E-01  3.07420E-01  3.90865E-01  5.07290E-01       5.42400E-04  8.54490E-01
  8.99190E-02  1.63525E-01  2.24560E-01  2.89955E-01  3.85310E-01       6.81460E-04  7.48060E-01

  4.13782E-01  7.08965E-01  8.42348E-01  9.24972E-01  9.90528E-01      -8.57730E-01  1.00000E+00
  4.57128E-01  7.50815E-01  8.77887E-01  9.51577E-01  9.93420E-01      -8.66000E-01  1.00000E+00
  4.93737E-01  7.82905E-01  9.02967E-01  9.67035E-01  9.96332E-01      -9.90400E-01  1.00000E+00
  5.04263E-01  7.92292E-01  9.11322E-01  9.70555E-01  9.96860E-01      -8.67480E-01  1.00000E+00
  4.91067E-01  7.82140E-01  9.06215E-01  9.69590E-01  9.96723E-01      -9.99820E-01  1.00000E+00
  6.24513E-01  8.07447E-01  8.92805E-01  9.47300E-01  9.93157E-01      -2.00460E-01  1.00000E+00
  6.62895E-01  8.42985E-01  9.24925E-01  9.70982E-01  9.95977E-01      -2.65470E-01  1.00000E+00
  6.83855E-01  8.62720E-01  9.36330E-01  9.78967E-01  9.97658E-01      -2.96470E-01  1.00000E+00
  7.01693E-01  8.72880E-01  9.44527E-01  9.81585E-01  9.98043E-01      -1.64930E-01  1.00000E+00
  7.24867E-01  8.82278E-01  9.49013E-01  9.83320E-01  9.98263E-01      -3.05710E-01  1.00000E+00
  7.60110E-01  8.84020E-01  9.43820E-01  9.76143E-01  9.96600E-01       7.13050E-02  1.00000E+00
  7.73290E-01  8.97945E-01  9.53450E-01  9.84233E-01  9.98260E-01      -1.05330E-02  1.00000E+00
  7.78680E-01  9.02353E-01  9.55860E-01  9.84967E-01  9.98265E-01       1.29100E-01  1.00000E+00
  7.92617E-01  9.11728E-01  9.61415E-01  9.87265E-01  9.98595E-01       1.03250E-01  1.00000E+00
  8.20870E-01  9.23720E-01  9.67060E-01  9.89143E-01  9.98827E-01       2.08690E-01  1.00000E+00
  8.43810E-01  9.28905E-01  9.67568E-01  9.89042E-01  9.98822E-01       2.83630E-01  1.00000E+00
  8.49867E-01  9.32108E-01  9.68952E-01  9.89302E-01  9.98820E-01       3.48240E-01  1.00000E+00
  8.54880E-01  9.36098E-01  9.71483E-01  9.90295E-01  9.98960E-01       3.60160E-01  1.00000E+00
  8.66152E-01  9.42292E-01  9.74437E-01  9.91495E-01  9.99097E-01       3.81770E-01  1.00000E+00
  8.81223E-01  9.50612E-01  9.78513E-01  9.92940E-01  9.99265E-01       3.29770E-01  1.00000E+00
  9.19253E-01  9.65165E-01  9.84660E-01  9.94780E-01  9.99455E-01       6.12320E-01  1.00000E+00
  9.21852E-01  9.66613E-01  9.85120E-01  9.95162E-01  9.99470E-01       6.15320E-01  1.00000E+00
  9.21798E-01  9.67453E-01  9.85793E-01  9.95248E-01  9.99485E-01       5.90590E-01  1.00000E+00
  9.25940E-01  9.69612E-01  9.86827E-01  9.95680E-01  9.99532E-01       5.67780E-01  1.00000E+00
  9.32995E-01  9.72593E-01  9.88233E-01  9.96178E-01  9.99575E-01       6.07880E-01  1.00000E+00


   74. 183.84   74. 183.84  2.00E+02  0.00E+00  4.47E-03  2.35E-04     5   0.00

  2.80170E+00  5.77460E+00  8.97500E+00  1.31090E+01  2.04930E+01       1.04470E-01  5.21860E+01

  2.96150E-01  5.10375E-01  6.60545E-01  8.00710E-01  9.29715E-01       1.40110E-02  9.99360E-01
  2.81605E-01  4.77110E-01  6.24940E-01  7.63015E-01  9.15660E-01       1.80740E-02  9.99610E-01
  2.44275E-01  4.36885E-01  5.77080E-01  7.13630E-01  8.84095E-01       7.30820E-03  9.99690E-01
  2.29385E-01  4.08420E-01  5.57270E-01  6.91980E-01  8.64710E-01       1.21300E-02  9.98670E-01
  2.18995E-01  4.03040E-01  5.24510E-01  6.41270E-01  8.05145E-01       1.13810E-02  9.99990E-01

 -9.36720E-01 -5.69760E-01 -1.86678E-02  5.44628E-01  9.18712E-01      -1.00000E+00  9.86880E-01
 -9.18930E-01 -5.14033E-01  1.35523E-02  6.52380E-01  9.64913E-01      -9.99960E-01  9.96040E-01
 -9.26992E-01 -5.67080E-01 -5.11700E-02  5.07378E-01  9.43630E-01      -1.00000E+00  9.93540E-01
 -9.56565E-01 -5.82357E-01 -1.89850E-02  5.68937E-01  9.32778E-01      -9.99970E-01  9.99140E-01
 -9.30235E-01 -5.27787E-01  5.17018E-02  6.27538E-01  9.53425E-01      -9.99980E-01  9.99460E-01
 -9.10283E-01 -5.31730E-01 -6.15800E-02  5.95272E-01  9.46898E-01      -9.99750E-01  9.99780E-01
 -9.28028E-01 -5.12290E-01  1.62187E-01  6.11435E-01  9.59370E-01      -9.99890E-01  9.97660E-01
 -9.13693E-01 -4.86585E-01  1.18097E-01  6.83673E-01  9.54637E-01      -9.99960E-01  9.85730E-01
 -9.52180E-01 -6.48400E-01 -1.19795E-02  6.71925E-01  9.40040E-01      -9.99950E-01  9.97440E-01
 -9.21393E-01 -4.80175E-01  7.05815E-02  6.50938E-01  9.71187E-01      -9.99970E-01  9.98910E-01
 -9.43248E-01 -4.92507E-01  7.40203E-02  6.30897E-01  9.63207E-01      -9.99990E-01  9.97800E-01
 -9.71742E-01 -6.17302E-01  2.16712E-02  5.56185E-01  9.35740E-01      -9.99960E-01  9.96910E-01
 -9.30143E-01 -4.27903E-01  2.14453E-01  6.98685E-01  9.58545E-01      -1.00000E+00  9.99260E-01
 -9.43625E-01 -5.32500E-01  1.99500E-02  6.49382E-01  9.44870E-01      -9.99190E-01  9.98680E-01
 -9.09005E-01 -4.63405E-01  1.30225E-01  6.74050E-01  9.35902E-01      -1.00000E+00  9.65410E-01
 -9.28720E-01 -5.35467E-01  2.66545E-01  7.25267E-01  9.66010E-01      -9.99990E-01  9.99790E-01
 -9.46235E-01 -6.03750E-01 -5.89761E-02  5.29165E-01  9.59597E-01      -1.00000E+00  9.96950E-01
 -9.04992E-01 -5.67292E-01  4.12020E-02  5.90430E-01  9.64310E-01      -9.99970E-01  9.99430E-01
 -9.16532E-01 -5.92515E-01 -1.35090E-01  4.51245E-01  9.19188E-01      -9.99980E-01  9.99070E-01
 -9.02395E-01 -4.30735E-01  2.11096E-01  6.62203E-01  9.74747E-01      -9.99760E-01  9.97040E-01
 -9.15602E-01 -5.13985E-01  3.46822E-02  5.77020E-01  9.66140E-01      -1.00000E+00  9.96560E-01
 -9.26685E-01 -6.22938E-01 -4.96900E-02  4.78988E-01  9.20578E-01      -1.00000E+00  9.93060E-01
 -9.37745E-01 -4.77390E-01  6.79155E-02  5.65407E-01  9.38765E-01      -9.99940E-01  9.99720E-01
 -9.09667E-01 -5.94180E-01 -1.24276E-01  5.81843E-01  9.27832E-01      -9.99940E-01  9.96510E-01
 -9.61448E-01 -6.26585E-01 -3.61595E-02  5.24612E-01  9.15072E-01      -9.99940E-01  9.94120E-01


   74. 183.84   74. 183.84  2.00E+02  3.00E+01  4.84E-02  6.38E-03     5   0.00

  6.51590E+00  1.43250E+01  2.27630E+01  3.35690E+01  5.14540E+01       1.44050E-02  1.12640E+02

  2.57710E-01  4.64930E-01  6.19180E-01  7.60575E-01  9.08385E-01       2.18550E-03  1.00000E+00
  2.35495E-01  4.17865E-01  5.59980E-01  6.96505E-01  8.63280E-01       3.97290E-03  9.99970E-01
  2.20595E-01  3.87440E-01  5.20510E-01  6.52680E-01  8.14940E-01       1.42320E-03  9.99680E-01
  1.95380E-01  3.50455E-01  4.70595E-01  5.94810E-01  7.53135E-01       2.49740E-03  9.99210E-01
  1.55200E-01  2.81895E-01  3.87750E-01  4.96815E-01  6.49635E-01       2.68040E-03  9.77880E-01

 -1.86016E-01  4.22233E-01  7.34803E-01  9.09398E-01  9.90583E-01      -9.99960E-01  1.00000E+00
 -2.08926E-01  4.29165E-01  7.38637E-01  9.14482E-01  9.90865E-01      -9.99630E-01  1.00000E+00
 -2.47540E-01  3.80383E-01  7.33060E-01  9.13533E-01  9.90613E-01      -1.00000E+00  9.99970E-01
 -3.37172E-01  3.55607E-01  6.91205E-01  8.98258E-01  9.89598E-01      -1.00000E+00  9.99990E-01
 -5.81952E-01  1.07247E-01  5.75125E-01  8.50707E-01  9.81452E-01      -9.99970E-01  9.99980E-01
  1.31891E-01  5.92215E-01  8.12377E-01  9.37005E-01  9.93295E-01      -9.98910E-01  1.00000E+00
  1.26154E-01  5.97922E-01  8.16998E-01  9.38105E-01  9.92875E-01      -9.79230E-01  1.00000E+00
  7.37390E-02  5.74327E-01  8.12123E-01  9.37890E-01  9.93457E-01      -9.94270E-01  1.00000E+00
  6.48486E-02  5.61508E-01  8.02098E-01  9.33280E-01  9.92980E-01      -9.97640E-01  1.00000E+00
 -1.32242E-01  5.01725E-01  7.74487E-01  9.24630E-01  9.91105E-01      -9.99930E-01  1.00000E+00
  3.23883E-01  6.98470E-01  8.59893E-01  9.51170E-01  9.94787E-01      -9.31010E-01  1.00000E+00
  3.13447E-01  6.93670E-01  8.65278E-01  9.55347E-01  9.95723E-01      -9.55010E-01  1.00000E+00
  2.82745E-01  6.89395E-01  8.59280E-01  9.53352E-01  9.94435E-01      -9.60570E-01  1.00000E+00
  2.41968E-01  6.56183E-01  8.49737E-01  9.48725E-01  9.94518E-01      -9.10230E-01  1.00000E+00
  1.80579E-01  6.34320E-01  8.36537E-01  9.43280E-01  9.93740E-01      -9.99720E-01  1.00000E+00
  4.92263E-01  7.49713E-01  8.91057E-01  9.63808E-01  9.96013E-01      -8.01670E-01  1.00000E+00
  4.40848E-01  7.62933E-01  8.92120E-01  9.66130E-01  9.96343E-01      -7.16200E-01  1.00000E+00
  4.44603E-01  7.49090E-01  8.89405E-01  9.64773E-01  9.96068E-01      -6.45800E-01  1.00000E+00
  4.13540E-01  7.48495E-01  8.84440E-01  9.61435E-01  9.95845E-01      -5.94730E-01  1.00000E+00
  3.95852E-01  7.41663E-01  8.85870E-01  9.62380E-01  9.95427E-01      -8.89610E-01  9.99990E-01
  6.71808E-01  8.62800E-01  9.40930E-01  9.80775E-01  9.97987E-01      -1.91960E-01  1.00000E+00
  6.50855E-01  8.51768E-01  9.33527E-01  9.76480E-01  9.97872E-01      -1.64970E-01  1.00000E+00
  6.13373E-01  8.40565E-01  9.32787E-01  9.77980E-01  9.97715E-01      -3.56340E-01  1.00000E+00
  6.21432E-01  8.35035E-01  9.29345E-01  9.77033E-01  9.97812E-01      -4.14640E-01  1.00000E+00
  6.30315E-01  8.39803E-01  9.30970E-01  9.74633E-01  9.97385E-01      -6.23780E-01  1.00000E+00


   74. 183.84   74. 183.84  2.00E+02  4.50E+01  1.54E-01  3.28E-02     5   0.00

  1.05660E+01  2.43420E+01  3.87890E+01  5.59540E+01  8.08560E+01       3.04250E-02  1.49000E+02

  2.57230E-01  4.54675E-01  6.02860E-01  7.40790E-01  8.89705E-01       1.05690E-03  9.99970E-01
  2.32085E-01  4.06565E-01  5.41100E-01  6.68205E-01  8.22100E-01       2.43510E-03  9.99850E-01
  2.07645E-01  3.67065E-01  4.88410E-01  6.05170E-01  7.57155E-01       7.85130E-04  9.99490E-01
  1.83010E-01  3.22385E-01  4.29730E-01  5.34210E-01  6.81015E-01       2.73680E-03  9.98690E-01
  1.37800E-01  2.43945E-01  3.30985E-01  4.21970E-01  5.54620E-01       2.10620E-03  9.56030E-01

 -4.53290E-02  4.67625E-01  7.40822E-01  9.10335E-01  9.90413E-01      -1.00000E+00  1.00000E+00
 -5.90420E-02  4.72235E-01  7.51002E-01  9.13345E-01  9.91180E-01      -1.00000E+00  1.00000E+00
 -7.31748E-02  4.78688E-01  7.53483E-01  9.13758E-01  9.91410E-01      -1.00000E+00  1.00000E+00
 -1.11672E-01  4.64305E-01  7.49240E-01  9.14550E-01  9.90862E-01      -1.00000E+00  1.00000E+00
 -3.79887E-01  3.12656E-01  6.83035E-01  8.93195E-01  9.87202E-01      -1.00000E+00  1.00000E+00
  2.35375E-01  6.08850E-01  8.23638E-01  9.41670E-01  9.93810E-01      -9.15700E-01  1.00000E+00
  2.41702E-01  6.28760E-01  8.22195E-01  9.39257E-01  9.93135E-01      -8.59550E-01  1.00000E+00
  2.42878E-01  6.37535E-01  8.29930E-01  9.40527E-01  9.93650E-01      -9.72680E-01  1.00000E+00
  2.59045E-01  6.69900E-01  8.50790E-01  9.49137E-01  9.94233E-01      -9.64540E-01  1.00000E+00
  2.02780E-01  6.35210E-01  8.39105E-01  9.47600E-01  9.94310E-01      -9.99850E-01  1.00000E+00
  4.12438E-01  7.13255E-01  8.68485E-01  9.56255E-01  9.95448E-01      -7.57260E-01  1.00000E+00
  4.23377E-01  7.21718E-01  8.68035E-01  9.54108E-01  9.95173E-01      -5.98850E-01  1.00000E+00
  4.33528E-01  7.38517E-01  8.76748E-01  9.58143E-01  9.95325E-01      -8.08810E-01  1.00000E+00
  4.54490E-01  7.57770E-01  8.91830E-01  9.62775E-01  9.95938E-01      -8.68550E-01  1.00000E+00
  4.48915E-01  7.57302E-01  8.92568E-01  9.63745E-01  9.96282E-01      -9.95630E-01  1.00000E+00
  5.83905E-01  8.05212E-01  9.09495E-01  9.69468E-01  9.96985E-01      -3.69530E-01  1.00000E+00
  5.96270E-01  8.11355E-01  9.13493E-01  9.71552E-01  9.97213E-01      -4.24790E-01  1.00000E+00
  5.89017E-01  8.20017E-01  9.21560E-01  9.73117E-01  9.97282E-01      -4.57990E-01  1.00000E+00
  6.07258E-01  8.30183E-01  9.24620E-01  9.75030E-01  9.97310E-01      -3.53100E-01  1.00000E+00
  6.20245E-01  8.33138E-01  9.28265E-01  9.75520E-01  9.97507E-01      -6.15900E-01  1.00000E+00
  7.69555E-01  8.98382E-01  9.54690E-01  9.84918E-01  9.98363E-01      -4.97680E-02  1.00000E+00
  7.63410E-01  8.99967E-01  9.56498E-01  9.85440E-01  9.98447E-01      -6.18160E-02  1.00000E+00
  7.63672E-01  9.00455E-01  9.56505E-01  9.85938E-01  9.98510E-01      -2.99050E-01  1.00000E+00
  7.67408E-01  9.01238E-01  9.58217E-01  9.85947E-01  9.98500E-01      -4.90850E-02  1.00000E+00
  7.66827E-01  9.03705E-01  9.58515E-01  9.86168E-01  9.98490E-01      -4.94250E-02  1.00000E+00


   74. 183.84   74. 183.84  2.00E+02  6.00E+01  3.82E-01  1.28E-01     5   0.00

  1.85050E+01  4.23880E+01  6.52560E+01  8.88530E+01  1.17950E+02       1.40560E-02  1.73590E+02

  2.37610E-01  4.24640E-01  5.70955E-01  7.07065E-01  8.60150E-01       2.54220E-03  9.99970E-01
  2.07155E-01  3.62775E-01  4.92525E-01  6.18425E-01  7.67830E-01       1.89050E-03  9.98990E-01
  1.74795E-01  3.19365E-01  4.34310E-01  5.47670E-01  6.86930E-01       6.57770E-04  9.86160E-01
  1.51755E-01  2.75230E-01  3.74335E-01  4.70040E-01  5.95625E-01       1.58920E-03  9.43460E-01
  1.09997E-01  1.99955E-01  2.72315E-01  3.47350E-01  4.56320E-01       8.57630E-04  8.55080E-01

  9.64757E-02  5.50445E-01  7.98768E-01  9.35647E-01  9.92640E-01      -9.99790E-01  1.00000E+00
  6.33597E-02  5.19342E-01  7.71637E-01  9.21200E-01  9.91552E-01      -9.99730E-01  1.00000E+00
  6.08750E-02  5.25030E-01  7.75855E-01  9.22803E-01  9.91750E-01      -9.99970E-01  1.00000E+00
  6.54503E-02  5.45107E-01  7.90820E-01  9.26323E-01  9.91910E-01      -1.00000E+00  1.00000E+00
 -5.24475E-02  5.02733E-01  7.72880E-01  9.23883E-01  9.92025E-01      -1.00000E+00  1.00000E+00
  4.01100E-01  7.25568E-01  8.79827E-01  9.56147E-01  9.93765E-01      -8.30210E-01  1.00000E+00
  3.81980E-01  6.98850E-01  8.65267E-01  9.55990E-01  9.95517E-01      -7.54620E-01  1.00000E+00
  3.84065E-01  6.90902E-01  8.55152E-01  9.50065E-01  9.94425E-01      -9.31990E-01  1.00000E+00
  4.24520E-01  7.19900E-01  8.67155E-01  9.54172E-01  9.94868E-01      -8.26880E-01  1.00000E+00
  4.77575E-01  7.66528E-01  8.95352E-01  9.64592E-01  9.96230E-01      -9.88850E-01  1.00000E+00
  5.84060E-01  8.15198E-01  9.23070E-01  9.74762E-01  9.97167E-01      -5.14620E-01  1.00000E+00
  5.66333E-01  7.91908E-01  9.07823E-01  9.69630E-01  9.96762E-01      -5.45460E-01  1.00000E+00
  5.75955E-01  7.92193E-01  9.03785E-01  9.66255E-01  9.96328E-01      -4.57110E-01  1.00000E+00
  6.06750E-01  8.17607E-01  9.15480E-01  9.70635E-01  9.96738E-01      -5.46180E-01  1.00000E+00
  6.54002E-01  8.52358E-01  9.35080E-01  9.77938E-01  9.97517E-01      -4.17640E-01  1.00000E+00
  7.16562E-01  8.73010E-01  9.44102E-01  9.81245E-01  9.97928E-01      -2.30740E-02  1.00000E+00
  7.13958E-01  8.63803E-01  9.38450E-01  9.78930E-01  9.97737E-01      -2.60100E-02  1.00000E+00
  7.20932E-01  8.70253E-01  9.39723E-01  9.79527E-01  9.97965E-01      -7.61690E-02  1.00000E+00
  7.46835E-01  8.89247E-01  9.50377E-01  9.83378E-01  9.98180E-01       1.77300E-02  1.00000E+00
  7.73288E-01  9.04918E-01  9.58578E-01  9.85907E-01  9.98445E-01      -1.24560E-01  1.00000E+00
  8.55438E-01  9.36725E-01  9.72535E-01  9.91123E-01  9.99015E-01       3.27550E-01  1.00000E+00
  8.54035E-01  9.36625E-01  9.70832E-01  9.90455E-01  9.98985E-01       3.07920E-01  1.00000E+00
  8.57595E-01  9.39085E-01  9.73570E-01  9.90858E-01  9.98947E-01       2.11770E-01  1.00000E+00
  8.66198E-01  9.42920E-01  9.74955E-01  9.91633E-01  9.99115E-01       2.49870E-01  1.00000E+00
  8.74170E-01  9.46665E-01  9.77320E-01  9.92538E-01  9.99180E-01       3.00660E-01  1.00000E+00


   74. 183.84   74. 183.84  2.00E+02  7.00E+01  6.04E-01  2.66E-01     5   0.00

  2.75480E+01  6.25340E+01  9.06440E+01  1.15510E+02  1.42870E+02       6.80520E-02  1.84540E+02

  2.47325E-01  4.26635E-01  5.46620E-01  6.71200E-01  8.24195E-01       7.54090E-04  9.99950E-01
  2.17470E-01  3.65905E-01  4.66725E-01  5.76215E-01  7.18665E-01       1.50370E-03  9.99970E-01
  1.78820E-01  2.97370E-01  3.93195E-01  4.93805E-01  6.24990E-01       1.05670E-03  9.42330E-01
  1.32015E-01  2.35955E-01  3.21945E-01  4.09785E-01  5.26395E-01       9.30240E-04  8.88000E-01
  9.16465E-02  1.66780E-01  2.29375E-01  2.95845E-01  3.91320E-01       2.93460E-04  7.40020E-01

  1.38990E-01  5.41312E-01  7.41425E-01  8.55058E-01  9.77608E-01      -9.99980E-01  1.00000E+00
  1.95983E-01  6.10847E-01  8.14975E-01  9.20457E-01  9.85300E-01      -9.99980E-01  1.00000E+00
  2.30831E-01  6.46322E-01  8.49620E-01  9.52120E-01  9.94827E-01      -9.96740E-01  1.00000E+00
  2.31844E-01  6.28548E-01  8.31430E-01  9.43827E-01  9.93923E-01      -9.98840E-01  1.00000E+00
  1.86674E-01  6.26885E-01  8.32492E-01  9.43245E-01  9.93580E-01      -1.00000E+00  1.00000E+00
  4.63012E-01  7.14172E-01  8.29828E-01  8.97265E-01  9.81442E-01      -5.96310E-01  1.00000E+00
  5.26822E-01  7.83480E-01  8.97973E-01  9.57290E-01  9.92042E-01      -5.61120E-01  1.00000E+00
  5.42530E-01  7.93133E-01  9.10573E-01  9.71110E-01  9.97035E-01      -5.58580E-01  1.00000E+00
  5.63095E-01  7.94095E-01  9.06565E-01  9.68323E-01  9.96557E-01      -5.48760E-01  1.00000E+00
  6.26865E-01  8.31395E-01  9.23418E-01  9.74047E-01  9.97160E-01      -5.72870E-01  1.00000E+00
  6.75890E-01  8.39970E-01  9.11950E-01  9.53523E-01  9.90705E-01      -3.14630E-01  1.00000E+00
  7.00437E-01  8.69360E-01  9.42593E-01  9.81015E-01  9.97850E-01      -1.56070E-01  1.00000E+00
  7.03843E-01  8.63158E-01  9.39390E-01  9.79920E-01  9.97818E-01      -1.52800E-01  1.00000E+00
  7.22370E-01  8.70505E-01  9.40753E-01  9.79750E-01  9.97925E-01      -1.54990E-01  1.00000E+00
  7.70428E-01  9.00397E-01  9.55272E-01  9.84698E-01  9.98372E-01      -1.61850E-01  1.00000E+00
  8.09287E-01  9.16438E-01  9.62143E-01  9.86275E-01  9.98250E-01       1.69220E-01  1.00000E+00
  8.08875E-01  9.14068E-01  9.61763E-01  9.87095E-01  9.98555E-01       2.28060E-01  1.00000E+00
  8.14268E-01  9.14380E-01  9.61803E-01  9.87252E-01  9.98635E-01       2.40590E-01  1.00000E+00
  8.26855E-01  9.22600E-01  9.65410E-01  9.88093E-01  9.98795E-01       1.79850E-01  1.00000E+00
  8.53560E-01  9.38317E-01  9.72970E-01  9.90918E-01  9.99012E-01       3.00060E-01  1.00000E+00
  9.07367E-01  9.60678E-01  9.82235E-01  9.93950E-01  9.99345E-01       4.14070E-01  1.00000E+00
  9.04693E-01  9.59615E-01  9.82237E-01  9.94035E-01  9.99352E-01       5.34990E-01  1.00000E+00
  9.05772E-01  9.59263E-01  9.82150E-01  9.94145E-01  9.99370E-01       5.01770E-01  1.00000E+00
  9.11150E-01  9.62792E-01  9.83750E-01  9.94665E-01  9.99430E-01       4.55040E-01  1.00000E+00
  9.20257E-01  9.66607E-01  9.85365E-01  9.95117E-01  9.99467E-01       4.90870E-01  1.00000E+00


   74. 183.84   74. 183.84  2.00E+02  8.00E+01  8.20E-01  4.58E-01     5   0.00

  4.42280E+01  9.03430E+01  1.19830E+02  1.42190E+02  1.63740E+02       1.98750E-02  1.92060E+02

  2.49645E-01  4.31250E-01  5.55630E-01  6.54075E-01  7.80260E-01       5.45730E-04  9.99820E-01
  2.09960E-01  3.53640E-01  4.45005E-01  5.29540E-01  6.49250E-01       1.56850E-03  9.66900E-01
  1.66245E-01  2.76795E-01  3.52610E-01  4.33175E-01  5.46645E-01       3.77630E-04  8.70600E-01
  1.18260E-01  2.04645E-01  2.75255E-01  3.48895E-01  4.50265E-01       8.27580E-04  7.91350E-01
  7.64375E-02  1.39575E-01  1.91625E-01  2.47460E-01  3.29180E-01       3.14680E-04  6.49650E-01

  2.63890E-01  5.73730E-01  7.06552E-01  8.10755E-01  9.70548E-01      -9.99640E-01  1.00000E+00
  3.24373E-01  6.35950E-01  7.69003E-01  8.53745E-01  9.72635E-01      -9.99700E-01  1.00000E+00
  4.15133E-01  7.25925E-01  8.53030E-01  9.25342E-01  9.85110E-01      -9.98230E-01  1.00000E+00
  4.92250E-01  7.95525E-01  9.12778E-01  9.70870E-01  9.96763E-01      -9.99300E-01  1.00000E+00
  4.65202E-01  7.80100E-01  9.08147E-01  9.70285E-01  9.96805E-01      -9.99930E-01  1.00000E+00
  6.20785E-01  7.75238E-01  8.46450E-01  9.03125E-01  9.85177E-01      -2.66370E-01  1.00000E+00
  6.65297E-01  8.27200E-01  8.96497E-01  9.40817E-01  9.87555E-01      -3.36740E-01  1.00000E+00
  7.22900E-01  8.78402E-01  9.43405E-01  9.78835E-01  9.97335E-01      -3.02330E-01  1.00000E+00
  7.42208E-01  8.93362E-01  9.53353E-01  9.84333E-01  9.98330E-01      -2.48910E-01  1.00000E+00
  7.73907E-01  9.03280E-01  9.58440E-01  9.86213E-01  9.98502E-01      -1.06720E-01  1.00000E+00
  7.83695E-01  8.79993E-01  9.24073E-01  9.55937E-01  9.93443E-01       1.92160E-01  1.00000E+00
  8.15362E-01  9.12963E-01  9.56460E-01  9.81542E-01  9.97085E-01       2.40630E-01  1.00000E+00
  8.27322E-01  9.25268E-01  9.66952E-01  9.88932E-01  9.98792E-01       2.08940E-01  1.00000E+00
  8.39958E-01  9.30043E-01  9.69535E-01  9.89907E-01  9.98883E-01       3.05420E-01  1.00000E+00
  8.64100E-01  9.41610E-01  9.74355E-01  9.91615E-01  9.99115E-01       3.75300E-01  1.00000E+00
  8.82418E-01  9.42990E-01  9.71115E-01  9.87365E-01  9.98135E-01       3.05790E-01  1.00000E+00
  8.87617E-01  9.49572E-01  9.77542E-01  9.92437E-01  9.99205E-01       4.87960E-01  1.00000E+00
  8.92775E-01  9.52118E-01  9.78287E-01  9.92630E-01  9.99220E-01       5.09160E-01  1.00000E+00
  8.98602E-01  9.56277E-01  9.80738E-01  9.93725E-01  9.99302E-01       4.64420E-01  1.00000E+00
  9.14932E-01  9.64055E-01  9.84343E-01  9.94830E-01  9.99445E-01       5.19020E-01  1.00000E+00
  9.44057E-01  9.75815E-01  9.89125E-01  9.96315E-01  9.99613E-01       6.94000E-01  1.00000E+00
  9.44705E-01  9.76258E-01  9.89497E-01  9.96462E-01  9.99628E-01       6.87310E-01  1.00000E+00
  9.46452E-01  9.77298E-01  9.89958E-01  9.96680E-01  9.99650E-01       6.92130E-01  1.00000E+00
  9.47672E-01  9.77932E-01  9.90447E-01  9.96862E-01  9.99663E-01       6.49330E-01  1.00000E+00
  9.52880E-01  9.80633E-01  9.91683E-01  9.97270E-01  9.99707E-01       6.92540E-01  1.00000E+00


   74. 183.84   74. 183.84  2.00E+02  8.50E+01  8.87E-01  5.40E-01     5   0.00

  5.47250E+01  1.03470E+02  1.31460E+02  1.51750E+02  1.70480E+02       1.15860E-01  1.93840E+02

  2.49655E-01  4.29345E-01  5.53575E-01  6.48955E-01  7.61265E-01       1.01010E-03  9.99860E-01
  2.02570E-01  3.41650E-01  4.28265E-01  5.05355E-01  6.14235E-01       4.72830E-04  9.57710E-01
  1.57125E-01  2.63065E-01  3.32995E-01  4.07025E-01  5.11005E-01       6.86170E-04  8.57760E-01
  1.11273E-01  1.91895E-01  2.57215E-01  3.24800E-01  4.18410E-01       5.53860E-04  7.53400E-01
  7.17765E-02  1.30070E-01  1.78435E-01  2.29665E-01  3.05050E-01       2.85070E-04  6.49140E-01

  3.45195E-01  6.05965E-01  7.16302E-01  8.17465E-01  9.71792E-01      -9.86040E-01  1.00000E+00
  4.09840E-01  6.69515E-01  7.76025E-01  8.56780E-01  9.74357E-01      -9.97300E-01  1.00000E+00
  5.08572E-01  7.57735E-01  8.57225E-01  9.23028E-01  9.84640E-01      -9.99700E-01  1.00000E+00
  5.98977E-01  8.39657E-01  9.25710E-01  9.72420E-01  9.96707E-01      -9.93990E-01  1.00000E+00
  5.95850E-01  8.43668E-01  9.34952E-01  9.78903E-01  9.97753E-01      -1.00000E+00  1.00000E+00
  6.90082E-01  8.11375E-01  8.66808E-01  9.19548E-01  9.88552E-01      -1.02040E-01  1.00000E+00
  7.34960E-01  8.57062E-01  9.11073E-01  9.47802E-01  9.90467E-01      -6.37760E-02  1.00000E+00
  7.85800E-01  9.03513E-01  9.52840E-01  9.80865E-01  9.97402E-01      -1.44850E-01  1.00000E+00
  8.07468E-01  9.21195E-01  9.65680E-01  9.88425E-01  9.98765E-01       8.16590E-02  1.00000E+00
  8.29015E-01  9.29207E-01  9.69658E-01  9.90140E-01  9.98935E-01      -3.83490E-02  1.00000E+00
  8.26900E-01  9.01553E-01  9.36635E-01  9.65140E-01  9.95353E-01       3.34470E-01  1.00000E+00
  8.55558E-01  9.29385E-01  9.63020E-01  9.82980E-01  9.97317E-01       2.83920E-01  1.00000E+00
  8.68607E-01  9.42238E-01  9.73950E-01  9.91122E-01  9.99037E-01       3.48330E-01  1.00000E+00
  8.77975E-01  9.48062E-01  9.76855E-01  9.92215E-01  9.99175E-01       4.43250E-01  1.00000E+00
  8.96010E-01  9.56352E-01  9.81263E-01  9.93803E-01  9.99333E-01       4.84150E-01  1.00000E+00
  9.05438E-01  9.53847E-01  9.76232E-01  9.89350E-01  9.98525E-01       5.83880E-01  1.00000E+00
  9.13042E-01  9.60893E-01  9.82230E-01  9.93900E-01  9.99330E-01       4.86750E-01  1.00000E+00
  9.16270E-01  9.63002E-01  9.83208E-01  9.94293E-01  9.99365E-01       6.03710E-01  1.00000E+00
  9.23268E-01  9.67310E-01  9.85428E-01  9.95043E-01  9.99467E-01       5.59880E-01  1.00000E+00
  9.33250E-01  9.72375E-01  9.88030E-01  9.96080E-01  9.99580E-01       6.44650E-01  1.00000E+00
  9.56220E-01  9.80755E-01  9.91450E-01  9.97175E-01  9.99685E-01       7.11100E-01  1.00000E+00
  9.56952E-01  9.81432E-01  9.91855E-01  9.97267E-01  9.99705E-01       7.63190E-01  1.00000E+00
  9.57987E-01  9.82112E-01  9.92090E-01  9.97360E-01  9.99713E-01       7.61560E-01  1.00000E+00
  9.59523E-01  9.83425E-01  9.92775E-01  9.97613E-01  9.99750E-01       7.78790E-01  1.00000E+00
  9.63627E-01  9.85152E-01  9.93600E-01  9.97875E-01  9.99780E-01       7.85050E-01  1.00000E+00


   74. 183.84   74. 183.84  5.00E+02  0.00E+00  1.63E-02  7.37E-04     5   0.00

  4.68270E+00  1.08290E+01  1.79530E+01  2.79530E+01  4.72150E+01       3.23380E-02  1.48230E+02

  3.14465E-01  5.44755E-01  7.04495E-01  8.34975E-01  9.48175E-01       5.01800E-03  9.99980E-01
  3.11235E-01  5.36175E-01  6.87300E-01  8.22800E-01  9.42790E-01       6.84080E-03  9.99900E-01
  3.01590E-01  5.15900E-01  6.71670E-01  8.02875E-01  9.35815E-01       5.15170E-03  9.99970E-01
  2.87850E-01  4.97980E-01  6.50230E-01  7.80730E-01  9.18100E-01       6.47030E-03  9.99960E-01
  2.94760E-01  4.81395E-01  6.09835E-01  7.33405E-01  8.76370E-01       1.08380E-02  9.99800E-01

 -9.48895E-01 -5.35025E-01 -8.65575E-03  6.32360E-01  9.54748E-01      -9.99990E-01  9.99880E-01
 -9.49870E-01 -5.44042E-01  6.75317E-04  6.26335E-01  9.51770E-01      -1.00000E+00  9.99870E-01
 -9.53882E-01 -5.51242E-01  8.22725E-04  6.03523E-01  9.51682E-01      -9.99980E-01  9.99990E-01
 -9.41933E-01 -5.32350E-01  4.18521E-02  5.95450E-01  9.52410E-01      -1.00000E+00  9.99950E-01
 -9.45765E-01 -5.86635E-01 -7.37775E-03  5.76902E-01  9.44985E-01      -1.00000E+00  9.99860E-01
 -9.48240E-01 -6.02660E-01  1.47317E-02  5.83392E-01  9.61893E-01      -1.00000E+00  9.99970E-01
 -9.59755E-01 -5.63198E-01 -2.48273E-02  5.28807E-01  9.33512E-01      -1.00000E+00  9.99970E-01
 -9.46497E-01 -5.82157E-01  3.11455E-02  6.04577E-01  9.49553E-01      -1.00000E+00  9.99770E-01
 -9.59430E-01 -6.05610E-01 -9.10833E-02  5.19965E-01  9.38775E-01      -1.00000E+00  9.99700E-01
 -9.21498E-01 -5.75398E-01  1.39100E-04  6.02840E-01  9.62295E-01      -1.00000E+00  9.99640E-01
 -9.49638E-01 -5.70420E-01  7.02089E-02  6.27735E-01  9.52350E-01      -9.99990E-01  9.99650E-01
 -9.44960E-01 -5.88500E-01  2.46050E-03  5.79860E-01  9.46700E-01      -9.99990E-01  9.98690E-01
 -9.45887E-01 -5.72102E-01  3.34145E-02  6.05815E-01  9.62133E-01      -1.00000E+00  9.99710E-01
 -9.33925E-01 -5.44377E-01  1.90673E-02  6.01855E-01  9.57242E-01      -1.00000E+00  9.99670E-01
 -9.38340E-01 -5.93840E-01 -2.05763E-02  5.88122E-01  9.39935E-01      -1.00000E+00  9.99770E-01
 -9.49212E-01 -5.59840E-01  3.23635E-02  6.08200E-01  9.45863E-01      -1.00000E+00  9.99780E-01
 -9.36315E-01 -5.12462E-01  5.79167E-02  5.96653E-01  9.53585E-01      -1.00000E+00  9.99880E-01
 -9.45353E-01 -5.56858E-01  6.73297E-02  6.40425E-01  9.46633E-01      -1.00000E+00  9.99830E-01
 -9.55467E-01 -6.32568E-01 -3.07480E-02  5.99573E-01  9.47768E-01      -1.00000E+00  9.99480E-01
 -9.47405E-01 -5.73913E-01 -8.46805E-02  5.22942E-01  9.45873E-01      -1.00000E+00  9.99830E-01
 -9.53860E-01 -6.01983E-01 -2.68910E-02  5.77923E-01  9.62512E-01      -9.99900E-01  9.99960E-01
 -9.48910E-01 -5.79843E-01 -4.40005E-02  5.90558E-01  9.44775E-01      -1.00000E+00  9.99680E-01
 -9.53767E-01 -5.70457E-01  2.88342E-02  5.67527E-01  9.46145E-01      -1.00000E+00  9.99780E-01
 -9.52802E-01 -5.81433E-01  1.82859E-02  6.22402E-01  9.51915E-01      -1.00000E+00  9.99950E-01
 -9.42647E-01 -5.67102E-01  4.83917E-02  6.25308E-01  9.61975E-01      -1.00000E+00  9.99880E-01


   74. 183.84   74. 183.84  5.00E+02  3.00E+01  7.25E-02  8.20E-03     5   0.00

  9.60670E+00  2.51300E+01  4.50550E+01  7.30030E+01  1.21860E+02       1.73600E-02  2.96810E+02

  3.14820E-01  5.41340E-01  6.94195E-01  8.23720E-01  9.44270E-01       5.07380E-03  9.99940E-01
  2.99770E-01  5.10050E-01  6.56135E-01  7.87420E-01  9.22640E-01       4.46930E-03  9.99990E-01
  2.77625E-01  4.75225E-01  6.10030E-01  7.39735E-01  8.87580E-01       7.61330E-03  9.99960E-01
  2.46070E-01  4.21875E-01  5.49300E-01  6.72215E-01  8.27565E-01       4.05390E-03  9.99880E-01
  1.99435E-01  3.38530E-01  4.44630E-01  5.56350E-01  7.11995E-01       3.32070E-03  9.99510E-01

 -5.10487E-01  1.88101E-01  6.15740E-01  8.62957E-01  9.82920E-01      -1.00000E+00  1.00000E+00
 -6.05500E-01  1.34698E-01  5.74210E-01  8.49038E-01  9.81947E-01      -1.00000E+00  1.00000E+00
 -6.67048E-01  6.55820E-02  5.56453E-01  8.32847E-01  9.81963E-01      -1.00000E+00  1.00000E+00
 -7.52343E-01 -4.24448E-02  5.03188E-01  8.19272E-01  9.80773E-01      -1.00000E+00  9.99990E-01
 -8.79498E-01 -2.73836E-01  3.12045E-01  7.25930E-01  9.67828E-01      -1.00000E+00  9.99990E-01
 -1.39887E-01  4.08987E-01  7.20897E-01  9.01565E-01  9.88235E-01      -9.99890E-01  1.00000E+00
 -1.92837E-01  4.11705E-01  7.23778E-01  9.00913E-01  9.87292E-01      -9.99960E-01  1.00000E+00
 -2.47748E-01  3.87053E-01  7.22820E-01  9.04930E-01  9.89210E-01      -9.99910E-01  1.00000E+00
 -3.83290E-01  3.14912E-01  6.89245E-01  8.95050E-01  9.89070E-01      -9.99960E-01  1.00000E+00
 -6.50815E-01  8.78123E-02  5.85322E-01  8.51733E-01  9.85048E-01      -1.00000E+00  9.99990E-01
  1.21895E-01  5.59685E-01  7.88645E-01  9.28445E-01  9.91830E-01      -9.98390E-01  1.00000E+00
  8.33347E-02  5.54312E-01  7.87152E-01  9.27418E-01  9.91768E-01      -9.99350E-01  1.00000E+00
  2.28352E-02  5.46730E-01  7.90712E-01  9.30218E-01  9.92348E-01      -9.99700E-01  1.00000E+00
 -3.05027E-02  5.13335E-01  7.81168E-01  9.27963E-01  9.92273E-01      -9.99990E-01  1.00000E+00
 -2.42354E-01  4.13017E-01  7.31307E-01  9.08203E-01  9.91258E-01      -9.99980E-01  1.00000E+00
  3.62372E-01  7.00760E-01  8.66878E-01  9.55235E-01  9.95457E-01      -8.57520E-01  1.00000E+00
  3.25553E-01  6.85512E-01  8.55905E-01  9.49978E-01  9.94088E-01      -9.34560E-01  1.00000E+00
  2.70875E-01  6.80560E-01  8.59892E-01  9.54505E-01  9.94393E-01      -9.37350E-01  1.00000E+00
  2.41835E-01  6.57580E-01  8.47727E-01  9.48580E-01  9.94748E-01      -9.75790E-01  1.00000E+00
  1.44780E-01  6.06548E-01  8.25615E-01  9.40550E-01  9.93070E-01      -9.99250E-01  1.00000E+00
  6.21138E-01  8.35160E-01  9.29415E-01  9.76635E-01  9.96950E-01      -5.21550E-01  1.00000E+00
  6.08580E-01  8.30168E-01  9.24280E-01  9.75147E-01  9.97290E-01      -3.96070E-01  1.00000E+00
  5.69978E-01  8.19130E-01  9.23220E-01  9.74973E-01  9.97455E-01      -3.87280E-01  1.00000E+00
  5.40878E-01  8.02330E-01  9.13050E-01  9.73205E-01  9.97050E-01      -7.42120E-01  1.00000E+00
  5.07810E-01  7.97795E-01  9.12443E-01  9.71090E-01  9.96838E-01      -8.54130E-01  1.00000E+00


   74. 183.84   74. 183.84  5.00E+02  4.50E+01  1.79E-01  3.49E-02     5   0.00

  1.58870E+01  4.59110E+01  8.35740E+01  1.32060E+02  2.03040E+02       1.30060E-02  3.63950E+02

  3.13245E-01  5.37530E-01  6.91125E-01  8.18750E-01  9.38605E-01       4.25910E-03  1.00000E+00
  2.72775E-01  4.83240E-01  6.28570E-01  7.55980E-01  8.93295E-01       2.65070E-03  1.00000E+00
  2.35655E-01  4.26990E-01  5.60750E-01  6.81960E-01  8.26925E-01       4.12020E-03  9.99990E-01
  2.05180E-01  3.65300E-01  4.82115E-01  5.90400E-01  7.34455E-01       4.05580E-03  9.99220E-01
  1.55935E-01  2.71905E-01  3.61440E-01  4.54320E-01  5.87865E-01       7.63250E-04  9.75490E-01

 -4.08910E-01  2.21023E-01  6.07583E-01  8.53128E-01  9.85165E-01      -9.99990E-01  1.00000E+00
 -4.61222E-01  1.81607E-01  5.89098E-01  8.56612E-01  9.84290E-01      -1.00000E+00  1.00000E+00
 -5.00855E-01  1.70147E-01  5.78867E-01  8.50360E-01  9.82730E-01      -1.00000E+00  1.00000E+00
 -5.70558E-01  1.36096E-01  5.80305E-01  8.49695E-01  9.83758E-01      -1.00000E+00  1.00000E+00
 -7.91177E-01 -9.78165E-02  4.59535E-01  8.07525E-01  9.79420E-01      -1.00000E+00  1.00000E+00
  4.31520E-02  5.31385E-01  7.91452E-01  9.31350E-01  9.93400E-01      -9.85650E-01  1.00000E+00
 -1.19933E-02  4.59330E-01  7.35633E-01  9.06513E-01  9.90470E-01      -9.99950E-01  1.00000E+00
 -4.12660E-02  4.65002E-01  7.37777E-01  9.05505E-01  9.89407E-01      -9.99480E-01  1.00000E+00
 -2.32135E-02  5.05045E-01  7.64570E-01  9.18445E-01  9.89853E-01      -9.99810E-01  1.00000E+00
 -2.34194E-01  4.09625E-01  7.25640E-01  9.06133E-01  9.89587E-01      -1.00000E+00  1.00000E+00
  3.23238E-01  6.93220E-01  8.64825E-01  9.57255E-01  9.96008E-01      -8.88870E-01  1.00000E+00
  2.66833E-01  6.22090E-01  8.23542E-01  9.40020E-01  9.93387E-01      -9.67960E-01  1.00000E+00
  2.74207E-01  6.43505E-01  8.29225E-01  9.39035E-01  9.93438E-01      -9.86760E-01  1.00000E+00
  2.75818E-01  6.77140E-01  8.55250E-01  9.51050E-01  9.94435E-01      -9.35190E-01  1.00000E+00
  2.33058E-01  6.49792E-01  8.48917E-01  9.49395E-01  9.94335E-01      -9.99850E-01  1.00000E+00
  5.40632E-01  7.99905E-01  9.14138E-01  9.71665E-01  9.96860E-01      -6.72970E-01  1.00000E+00
  5.03360E-01  7.54580E-01  8.84683E-01  9.60228E-01  9.95670E-01      -5.51090E-01  1.00000E+00
  5.25625E-01  7.77350E-01  8.95735E-01  9.63610E-01  9.96025E-01      -5.80840E-01  1.00000E+00
  5.10173E-01  7.89367E-01  9.08987E-01  9.68823E-01  9.96535E-01      -6.60100E-01  1.00000E+00
  5.17753E-01  7.87623E-01  9.10175E-01  9.69575E-01  9.96792E-01      -8.40090E-01  1.00000E+00
  7.64782E-01  9.00780E-01  9.57045E-01  9.85895E-01  9.98340E-01      -2.10440E-01  1.00000E+00
  7.50605E-01  8.90873E-01  9.50403E-01  9.83400E-01  9.98180E-01      -5.79080E-02  1.00000E+00
  7.45017E-01  8.91657E-01  9.52255E-01  9.83862E-01  9.98318E-01      -4.08290E-01  1.00000E+00
  7.38725E-01  8.87660E-01  9.51450E-01  9.84012E-01  9.98387E-01      -2.32590E-01  1.00000E+00
  7.34783E-01  8.86648E-01  9.50538E-01  9.83407E-01  9.98320E-01      -2.97250E-01  1.00000E+00


   74. 183.84   74. 183.84  5.00E+02  6.00E+01  3.98E-01  1.33E-01     5   0.00

  3.03940E+01  9.34230E+01  1.62800E+02  2.33300E+02  3.11980E+02       5.41920E-02  4.43960E+02

  3.09185E-01  5.10755E-01  6.52355E-01  7.84365E-01  9.15615E-01       1.35630E-03  9.99990E-01
  2.86020E-01  4.49715E-01  5.66385E-01  6.87870E-01  8.27120E-01       4.55980E-03  9.99950E-01
  2.38285E-01  3.67050E-01  4.78545E-01  5.89350E-01  7.21665E-01       2.97320E-03  9.97270E-01
  1.70735E-01  2.85900E-01  3.86410E-01  4.82145E-01  6.04575E-01       8.24860E-04  9.53310E-01
  1.07578E-01  1.97530E-01  2.69495E-01  3.42800E-01  4.48925E-01       6.43630E-04  8.55560E-01

 -2.46898E-01  3.15572E-01  6.51963E-01  8.21385E-01  9.70255E-01      -1.00000E+00  1.00000E+00
 -2.28303E-01  3.71587E-01  7.29302E-01  9.10518E-01  9.86108E-01      -1.00000E+00  1.00000E+00
 -2.73346E-01  3.10200E-01  6.67535E-01  8.86523E-01  9.88112E-01      -9.99990E-01  1.00000E+00
 -3.07375E-01  3.13927E-01  6.67955E-01  8.83282E-01  9.86603E-01      -1.00000E+00  1.00000E+00
 -4.89980E-01  1.88933E-01  6.13715E-01  8.69363E-01  9.85278E-01      -1.00000E+00  1.00000E+00
  1.97780E-01  5.68825E-01  7.53470E-01  8.43002E-01  9.63048E-01      -9.08950E-01  1.00000E+00
  2.64660E-01  6.54467E-01  8.62180E-01  9.51365E-01  9.92038E-01      -9.92490E-01  1.00000E+00
  2.42407E-01  6.12988E-01  8.18567E-01  9.39370E-01  9.93788E-01      -9.66160E-01  1.00000E+00
  2.69213E-01  6.34597E-01  8.26530E-01  9.40210E-01  9.93523E-01      -9.99200E-01  1.00000E+00
  3.03900E-01  6.83822E-01  8.55530E-01  9.50595E-01  9.94563E-01      -9.99920E-01  1.00000E+00
  5.01770E-01  7.55735E-01  8.61505E-01  9.15895E-01  9.75692E-01      -5.43410E-01  1.00000E+00
  5.19942E-01  7.84015E-01  9.13565E-01  9.72907E-01  9.97155E-01      -5.17080E-01  1.00000E+00
  5.09042E-01  7.50175E-01  8.82055E-01  9.59318E-01  9.95427E-01      -6.75600E-01  1.00000E+00
  5.52275E-01  7.83013E-01  8.97112E-01  9.64403E-01  9.96028E-01      -5.67730E-01  1.00000E+00
  6.11875E-01  8.30418E-01  9.24925E-01  9.74850E-01  9.97330E-01      -5.47960E-01  1.00000E+00
  7.27900E-01  8.83217E-01  9.42235E-01  9.73257E-01  9.94053E-01      -1.57660E-01  1.00000E+00
  7.03113E-01  8.59142E-01  9.38472E-01  9.80130E-01  9.97850E-01      -9.35580E-03  1.00000E+00
  7.05978E-01  8.55575E-01  9.32845E-01  9.76785E-01  9.97410E-01      -7.31940E-02  1.00000E+00
  7.35998E-01  8.78770E-01  9.42997E-01  9.80128E-01  9.97907E-01      -4.93800E-02  1.00000E+00
  7.65940E-01  9.01203E-01  9.57027E-01  9.85868E-01  9.98432E-01      -8.34070E-02  1.00000E+00
  8.76285E-01  9.50555E-01  9.78917E-01  9.93108E-01  9.99238E-01       2.80280E-01  1.00000E+00
  8.61890E-01  9.38725E-01  9.73577E-01  9.91232E-01  9.99045E-01       3.40520E-01  1.00000E+00
  8.64827E-01  9.40298E-01  9.73133E-01  9.91073E-01  9.99020E-01       3.78590E-01  1.00000E+00
  8.65240E-01  9.44413E-01  9.75700E-01  9.91720E-01  9.99158E-01       3.59500E-01  1.00000E+00
  8.76862E-01  9.48775E-01  9.77928E-01  9.92765E-01  9.99253E-01       3.75000E-01  1.00000E+00


   74. 183.84   74. 183.84  5.00E+02  7.00E+01  6.26E-01  2.96E-01     5   0.00

  5.60140E+01  1.62450E+02  2.50610E+02  3.21980E+02  3.88100E+02       2.07860E-02  4.72410E+02

  3.04780E-01  5.02190E-01  6.32025E-01  7.39525E-01  8.74370E-01       2.31270E-03  1.00000E+00
  2.65205E-01  4.20060E-01  5.15665E-01  6.12360E-01  7.43770E-01       1.59630E-03  9.97100E-01
  2.15605E-01  3.32480E-01  4.11705E-01  5.04190E-01  6.21750E-01       1.10380E-03  9.29980E-01
  1.51705E-01  2.39270E-01  3.15500E-01  3.95930E-01  4.97160E-01       1.57200E-03  8.15200E-01
  8.21690E-02  1.50065E-01  2.07060E-01  2.65965E-01  3.49865E-01       1.99120E-04  6.78820E-01

 -1.04942E-01  3.64970E-01  6.00255E-01  7.35945E-01  9.59908E-01      -9.99990E-01  1.00000E+00
 -5.65368E-02  4.26802E-01  6.83228E-01  8.12960E-01  9.66720E-01      -9.99990E-01  1.00000E+00
  3.76125E-02  5.41935E-01  8.00795E-01  9.19065E-01  9.85265E-01      -1.00000E+00  1.00000E+00
  2.46300E-02  5.29122E-01  7.90000E-01  9.32257E-01  9.93250E-01      -9.99990E-01  1.00000E+00
 -1.04255E-01  4.66390E-01  7.54960E-01  9.18030E-01  9.91353E-01      -1.00000E+00  1.00000E+00
  4.00435E-01  6.48510E-01  7.58698E-01  8.24747E-01  9.60007E-01      -7.72510E-01  1.00000E+00
  4.53937E-01  7.20380E-01  8.48487E-01  9.10952E-01  9.77190E-01      -7.49670E-01  1.00000E+00
  5.20970E-01  7.90658E-01  9.15673E-01  9.70633E-01  9.96443E-01      -8.36370E-01  1.00000E+00
  5.38382E-01  7.77425E-01  8.98668E-01  9.66960E-01  9.96510E-01      -6.79170E-01  1.00000E+00
  6.07668E-01  8.23120E-01  9.19940E-01  9.72598E-01  9.97113E-01      -6.29380E-01  1.00000E+00
  6.56813E-01  8.09587E-01  8.73343E-01  9.11443E-01  9.71390E-01      -1.05140E-01  1.00000E+00
  7.08672E-01  8.71525E-01  9.41105E-01  9.73623E-01  9.94973E-01      -2.81880E-01  1.00000E+00
  7.14635E-01  8.67120E-01  9.43893E-01  9.82442E-01  9.98150E-01      -9.44820E-02  1.00000E+00
  7.35047E-01  8.71135E-01  9.40487E-01  9.79720E-01  9.97750E-01      -4.41260E-02  1.00000E+00
  7.89525E-01  9.10165E-01  9.59655E-01  9.86692E-01  9.98585E-01      -1.10870E-01  1.00000E+00
  8.26492E-01  9.15210E-01  9.50010E-01  9.71580E-01  9.91472E-01       3.05900E-01  1.00000E+00
  8.35185E-01  9.30077E-01  9.70585E-01  9.90260E-01  9.98973E-01       2.68790E-01  1.00000E+00
  8.35660E-01  9.21302E-01  9.64052E-01  9.88100E-01  9.98795E-01       3.13750E-01  1.00000E+00
  8.54073E-01  9.31965E-01  9.68255E-01  9.89085E-01  9.98782E-01       1.70840E-01  1.00000E+00
  8.80002E-01  9.49410E-01  9.77840E-01  9.92578E-01  9.99213E-01       3.52710E-01  1.00000E+00
  9.32683E-01  9.72412E-01  9.87930E-01  9.95783E-01  9.99547E-01       6.52860E-01  1.00000E+00
  9.26395E-01  9.68465E-01  9.86625E-01  9.95560E-01  9.99507E-01       5.48030E-01  1.00000E+00
  9.26537E-01  9.68195E-01  9.85723E-01  9.95300E-01  9.99472E-01       6.43750E-01  1.00000E+00
  9.31383E-01  9.70847E-01  9.87165E-01  9.95710E-01  9.99548E-01       5.43460E-01  1.00000E+00
  9.36890E-01  9.74167E-01  9.88827E-01  9.96317E-01  9.99618E-01       5.81280E-01  1.00000E+00


   74. 183.84   74. 183.84  5.00E+02  8.00E+01  8.84E-01  5.78E-01     5   0.00

  1.35800E+02  2.84680E+02  3.62750E+02  4.11630E+02  4.49410E+02       1.05160E-01  4.88750E+02

  2.80580E-01  4.63185E-01  5.87620E-01  6.84085E-01  7.90910E-01       1.75110E-03  1.00000E+00
  2.29700E-01  3.60335E-01  4.37520E-01  5.04790E-01  6.04025E-01       4.76010E-04  9.14080E-01
  1.72215E-01  2.64095E-01  3.21565E-01  3.84935E-01  4.74725E-01       1.31410E-03  8.05660E-01
  1.10415E-01  1.76440E-01  2.29295E-01  2.86165E-01  3.64585E-01       9.23590E-04  6.88460E-01
  5.81130E-02  1.06218E-01  1.46490E-01  1.89560E-01  2.52515E-01       3.07290E-04  5.14180E-01

  2.31407E-01  5.30363E-01  6.41455E-01  7.34245E-01  9.40757E-01      -9.99740E-01  1.00000E+00
  2.90907E-01  5.97065E-01  7.13590E-01  8.02293E-01  9.51740E-01      -9.99890E-01  1.00000E+00
  3.91910E-01  6.89775E-01  8.04475E-01  8.85945E-01  9.70757E-01      -9.99990E-01  1.00000E+00
  5.00870E-01  7.93368E-01  8.96955E-01  9.59542E-01  9.94935E-01      -9.99420E-01  1.00000E+00
  4.72808E-01  8.04480E-01  9.19917E-01  9.74182E-01  9.97275E-01      -1.00000E+00  1.00000E+00
  6.90540E-01  8.05670E-01  8.50272E-01  8.85420E-01  9.62492E-01      -1.28020E-01  1.00000E+00
  7.39980E-01  8.59535E-01  9.07850E-01  9.39723E-01  9.78842E-01      -1.08690E-01  1.00000E+00
  7.98138E-01  9.11850E-01  9.55577E-01  9.81145E-01  9.97180E-01      -1.18600E-01  1.00000E+00
  8.16198E-01  9.24748E-01  9.68060E-01  9.89387E-01  9.98840E-01      -6.42930E-02  1.00000E+00
  8.47557E-01  9.35775E-01  9.72175E-01  9.90948E-01  9.99027E-01       7.96660E-02  1.00000E+00
  8.46223E-01  9.06575E-01  9.32525E-01  9.51950E-01  9.83770E-01       4.37210E-01  1.00000E+00
  8.76528E-01  9.41410E-01  9.68002E-01  9.84090E-01  9.96578E-01       4.87340E-01  1.00000E+00
  8.91393E-01  9.54138E-01  9.79910E-01  9.93170E-01  9.99250E-01       3.67130E-01  1.00000E+00
  8.97115E-01  9.54640E-01  9.80127E-01  9.93350E-01  9.99292E-01       4.73840E-01  1.00000E+00
  9.18857E-01  9.64958E-01  9.84490E-01  9.94850E-01  9.99455E-01       5.59050E-01  1.00000E+00
  9.27310E-01  9.61600E-01  9.76692E-01  9.87218E-01  9.97440E-01       6.34470E-01  1.00000E+00
  9.35950E-01  9.71692E-01  9.87097E-01  9.95350E-01  9.99460E-01       7.06570E-01  1.00000E+00
  9.37180E-01  9.72812E-01  9.88040E-01  9.95988E-01  9.99565E-01       6.94430E-01  1.00000E+00
  9.41740E-01  9.74300E-01  9.88600E-01  9.96195E-01  9.99595E-01       7.27160E-01  1.00000E+00
  9.51697E-01  9.79738E-01  9.91070E-01  9.97055E-01  9.99680E-01       6.73360E-01  1.00000E+00
  9.71278E-01  9.87905E-01  9.94595E-01  9.98198E-01  9.99807E-01       8.18230E-01  1.00000E+00
  9.70640E-01  9.87443E-01  9.94520E-01  9.98167E-01  9.99800E-01       8.29450E-01  1.00000E+00
  9.70768E-01  9.87610E-01  9.94588E-01  9.98190E-01  9.99800E-01       7.89400E-01  1.00000E+00
  9.71435E-01  9.88177E-01  9.94868E-01  9.98298E-01  9.99815E-01       8.30620E-01  1.00000E+00
  9.73925E-01  9.89302E-01  9.95435E-01  9.98517E-01  9.99843E-01       8.26390E-01  1.00000E+00


   74. 183.84   74. 183.84  5.00E+02  8.50E+01  9.63E-01  7.21E-01     5   0.00

  2.17550E+02  3.53970E+02  4.10740E+02  4.43180E+02  4.67750E+02       2.24160E-01  4.92610E+02

  2.76660E-01  4.45125E-01  5.51965E-01  6.31230E-01  7.28135E-01       1.01250E-03  9.99900E-01
  2.08385E-01  3.16245E-01  3.76035E-01  4.29885E-01  5.08940E-01       9.62960E-04  8.14920E-01
  1.41920E-01  2.17910E-01  2.65810E-01  3.17450E-01  3.91385E-01       1.29540E-03  6.60450E-01
  8.64275E-02  1.43095E-01  1.88320E-01  2.36135E-01  3.02045E-01       9.47270E-04  5.50890E-01
  4.88525E-02  8.90465E-02  1.22550E-01  1.58440E-01  2.10520E-01       2.65600E-04  4.36420E-01

  4.70297E-01  6.51670E-01  7.35062E-01  7.98942E-01  9.29163E-01      -9.99950E-01  1.00000E+00
  5.41385E-01  7.19285E-01  8.03745E-01  8.64885E-01  9.45412E-01      -9.99990E-01  1.00000E+00
  6.40690E-01  8.11823E-01  8.91062E-01  9.44412E-01  9.85555E-01      -9.97140E-01  1.00000E+00
  7.13858E-01  8.72760E-01  9.41600E-01  9.79285E-01  9.97690E-01      -9.99970E-01  1.00000E+00
  7.23597E-01  8.91470E-01  9.53443E-01  9.84610E-01  9.98308E-01      -9.99980E-01  1.00000E+00
  8.24640E-01  8.84570E-01  9.10193E-01  9.32100E-01  9.76100E-01       3.96570E-01  1.00000E+00
  8.66128E-01  9.25970E-01  9.50928E-01  9.70238E-01  9.90112E-01       3.67610E-01  1.00000E+00
  8.97745E-01  9.54647E-01  9.77002E-01  9.90788E-01  9.98798E-01       4.25060E-01  1.00000E+00
  9.08737E-01  9.63360E-01  9.84025E-01  9.94620E-01  9.99413E-01       4.55120E-01  1.00000E+00
  9.20228E-01  9.67160E-01  9.86138E-01  9.95452E-01  9.99522E-01       4.98650E-01  1.00000E+00
  9.15375E-01  9.47675E-01  9.62930E-01  9.76293E-01  9.95310E-01       6.22690E-01  1.00000E+00
  9.34613E-01  9.67980E-01  9.82430E-01  9.91828E-01  9.98628E-01       6.81260E-01  1.00000E+00
  9.42260E-01  9.75230E-01  9.88845E-01  9.96135E-01  9.99585E-01       7.12310E-01  1.00000E+00
  9.45617E-01  9.77202E-01  9.89953E-01  9.96722E-01  9.99650E-01       6.85510E-01  1.00000E+00
  9.53700E-01  9.80787E-01  9.91728E-01  9.97245E-01  9.99705E-01       7.40060E-01  1.00000E+00
  9.59472E-01  9.79000E-01  9.88028E-01  9.94387E-01  9.99255E-01       7.77980E-01  1.00000E+00
  9.63053E-01  9.83695E-01  9.92430E-01  9.97332E-01  9.99695E-01       7.90070E-01  1.00000E+00
  9.64978E-01  9.84812E-01  9.93252E-01  9.97703E-01  9.99750E-01       7.80310E-01  1.00000E+00
  9.67048E-01  9.86067E-01  9.93905E-01  9.97977E-01  9.99785E-01       8.06750E-01  1.00000E+00
  9.71522E-01  9.88230E-01  9.94925E-01  9.98305E-01  9.99812E-01       8.49820E-01  1.00000E+00
  9.82792E-01  9.92655E-01  9.96708E-01  9.98895E-01  9.99883E-01       8.86330E-01  1.00000E+00
  9.82620E-01  9.92678E-01  9.96790E-01  9.98927E-01  9.99883E-01       8.77110E-01  1.00000E+00
  9.82740E-01  9.92817E-01  9.96865E-01  9.98955E-01  9.99885E-01       8.79680E-01  1.00000E+00
  9.83145E-01  9.93000E-01  9.97000E-01  9.99008E-01  9.99895E-01       8.85220E-01  1.00000E+00
  9.84620E-01  9.93730E-01  9.97287E-01  9.99117E-01  9.99905E-01       8.94920E-01  1.00000E+00


   74. 183.84   74. 183.84  1.00E+03  0.00E+00  2.35E-02  9.69E-04     5   0.00

  6.79830E+00  1.71930E+01  3.07550E+01  5.06050E+01  9.11940E+01       5.38730E-02  2.93460E+02

  3.33690E-01  5.71470E-01  7.27265E-01  8.49690E-01  9.51110E-01       1.55260E-02  9.99960E-01
  3.25455E-01  5.67015E-01  7.21070E-01  8.47190E-01  9.52090E-01       1.57020E-02  9.99980E-01
  3.33005E-01  5.59500E-01  7.11905E-01  8.33415E-01  9.44890E-01       1.60000E-02  9.99970E-01
  3.29620E-01  5.46785E-01  6.86350E-01  8.13725E-01  9.33435E-01       9.19870E-03  9.99950E-01
  3.40405E-01  5.27235E-01  6.53085E-01  7.69490E-01  9.03205E-01       1.06810E-02  9.99850E-01

 -9.33367E-01 -5.74145E-01  2.17752E-02  6.17675E-01  9.54880E-01      -1.00000E+00  9.99970E-01
 -9.43765E-01 -5.45557E-01  1.85813E-02  6.12548E-01  9.57132E-01      -1.00000E+00  9.99880E-01
 -9.41167E-01 -5.91450E-01  4.81025E-03  6.05317E-01  9.42335E-01      -1.00000E+00  9.99990E-01
 -9.54237E-01 -5.84258E-01  3.39605E-03  6.04380E-01  9.56492E-01      -1.00000E+00  9.99430E-01
 -9.48245E-01 -5.69880E-01  2.14768E-02  6.03067E-01  9.40283E-01      -9.99990E-01  9.99990E-01
 -9.51540E-01 -5.45022E-01  6.69915E-02  6.20270E-01  9.55427E-01      -1.00000E+00  9.99880E-01
 -9.53857E-01 -5.76477E-01 -9.83590E-03  5.62107E-01  9.43517E-01      -1.00000E+00  9.99960E-01
 -9.38300E-01 -5.72618E-01 -6.00900E-03  5.56948E-01  9.49588E-01      -1.00000E+00  9.99740E-01
 -9.45533E-01 -5.80310E-01  5.91275E-02  5.84812E-01  9.57638E-01      -1.00000E+00  9.99960E-01
 -9.46168E-01 -5.91390E-01 -1.07175E-03  5.70935E-01  9.52805E-01      -9.99990E-01  9.99750E-01
 -9.57188E-01 -5.86328E-01 -2.04407E-02  5.77273E-01  9.42788E-01      -1.00000E+00  9.99930E-01
 -9.32993E-01 -5.53652E-01  1.07683E-02  6.20598E-01  9.54538E-01      -1.00000E+00  9.99980E-01
 -9.54295E-01 -6.35733E-01 -3.97005E-02  5.76667E-01  9.42858E-01      -1.00000E+00  9.99910E-01
 -9.55917E-01 -5.85157E-01  5.44612E-02  5.95518E-01  9.48662E-01      -1.00000E+00  9.99760E-01
 -9.44773E-01 -5.61998E-01 -4.03078E-02  5.30622E-01  9.46163E-01      -1.00000E+00  9.99930E-01
 -9.52788E-01 -5.80348E-01  4.56628E-02  6.27110E-01  9.49235E-01      -1.00000E+00  9.99900E-01
 -9.45752E-01 -5.43710E-01  4.32763E-02  6.06208E-01  9.45470E-01      -9.99980E-01  9.99780E-01
 -9.47272E-01 -5.99623E-01 -2.97685E-02  5.50107E-01  9.52245E-01      -9.99990E-01  9.99940E-01
 -9.60282E-01 -6.05460E-01 -3.69275E-03  6.32460E-01  9.56810E-01      -1.00000E+00  9.99900E-01
 -9.55130E-01 -6.19945E-01 -3.43603E-02  5.65540E-01  9.40597E-01      -1.00000E+00  9.99860E-01
 -9.58628E-01 -5.71920E-01  4.97925E-03  6.18353E-01  9.49917E-01      -1.00000E+00  9.99950E-01
 -9.42685E-01 -5.99293E-01 -2.73620E-02  5.70397E-01  9.51092E-01      -1.00000E+00  9.99880E-01
 -9.56958E-01 -5.82622E-01 -5.49825E-02  5.82588E-01  9.55327E-01      -1.00000E+00  9.99760E-01
 -9.45943E-01 -5.71022E-01  6.89655E-02  6.16232E-01  9.54878E-01      -1.00000E+00  9.99960E-01
 -9.40615E-01 -5.40000E-01  6.98210E-02  6.04117E-01  9.50618E-01      -1.00000E+00  9.99900E-01


   74. 183.84   74. 183.84  1.00E+03  3.00E+01  7.56E-02  7.58E-03     5   0.00

  1.26050E+01  3.73120E+01  7.34100E+01  1.28820E+02  2.30600E+02       3.69510E-02  5.52530E+02

  3.41380E-01  5.75720E-01  7.29185E-01  8.49150E-01  9.53550E-01       2.50810E-03  9.99980E-01
  3.45180E-01  5.65740E-01  7.11060E-01  8.31330E-01  9.44950E-01       4.03740E-03  1.00000E+00
  3.22410E-01  5.29445E-01  6.69170E-01  7.89615E-01  9.19655E-01       3.49750E-03  9.99960E-01
  2.81305E-01  4.65485E-01  5.93400E-01  7.16715E-01  8.69455E-01       9.48490E-03  9.99940E-01
  2.30450E-01  3.72690E-01  4.82820E-01  5.96445E-01  7.52005E-01       9.38400E-03  9.99340E-01

 -7.20375E-01 -5.58625E-02  4.53898E-01  7.96837E-01  9.77315E-01      -1.00000E+00  1.00000E+00
 -7.78180E-01 -1.18832E-01  4.17480E-01  7.89038E-01  9.76627E-01      -1.00000E+00  1.00000E+00
 -8.43492E-01 -1.70131E-01  3.88325E-01  7.76275E-01  9.75630E-01      -1.00000E+00  1.00000E+00
 -8.82010E-01 -2.42440E-01  3.69818E-01  7.77200E-01  9.75960E-01      -1.00000E+00  1.00000E+00
 -9.19285E-01 -4.20910E-01  1.96509E-01  6.96220E-01  9.64875E-01      -1.00000E+00  9.99990E-01
 -3.33678E-01  2.88210E-01  6.56338E-01  8.86378E-01  9.87723E-01      -1.00000E+00  1.00000E+00
 -4.84378E-01  2.24288E-01  6.21065E-01  8.71837E-01  9.85202E-01      -1.00000E+00  1.00000E+00
 -5.19898E-01  2.18540E-01  6.08485E-01  8.57660E-01  9.85313E-01      -1.00000E+00  1.00000E+00
 -6.51722E-01  8.15865E-02  5.66980E-01  8.48080E-01  9.84557E-01      -9.99990E-01  1.00000E+00
 -8.56415E-01 -1.96455E-01  3.87228E-01  7.80297E-01  9.77010E-01      -1.00000E+00  1.00000E+00
 -2.08710E-02  4.88990E-01  7.68510E-01  9.19170E-01  9.90962E-01      -9.99990E-01  1.00000E+00
 -1.42206E-01  4.43945E-01  7.27433E-01  9.03253E-01  9.88692E-01      -9.99370E-01  9.99990E-01
 -1.68595E-01  4.33430E-01  7.46043E-01  9.11960E-01  9.91232E-01      -9.99990E-01  1.00000E+00
 -2.59213E-01  3.75177E-01  7.11535E-01  9.03635E-01  9.90517E-01      -1.00000E+00  9.99990E-01
 -5.80525E-01  1.47915E-01  6.00017E-01  8.66942E-01  9.85947E-01      -1.00000E+00  1.00000E+00
  2.60818E-01  6.54473E-01  8.51720E-01  9.47675E-01  9.94422E-01      -9.48530E-01  1.00000E+00
  2.10375E-01  6.36663E-01  8.25775E-01  9.39142E-01  9.93637E-01      -9.90060E-01  1.00000E+00
  1.69273E-01  6.23020E-01  8.30470E-01  9.39120E-01  9.93310E-01      -9.71380E-01  1.00000E+00
  8.00404E-02  5.63730E-01  8.02668E-01  9.36288E-01  9.93325E-01      -9.96520E-01  1.00000E+00
 -9.44780E-02  4.87695E-01  7.74913E-01  9.22840E-01  9.91867E-01      -9.99970E-01  1.00000E+00
  6.10250E-01  8.27692E-01  9.27395E-01  9.75105E-01  9.97260E-01      -7.50390E-01  1.00000E+00
  5.50950E-01  8.08723E-01  9.14865E-01  9.71545E-01  9.97308E-01      -7.44480E-01  1.00000E+00
  5.01420E-01  7.89925E-01  9.08062E-01  9.68415E-01  9.96873E-01      -7.62940E-01  1.00000E+00
  4.65660E-01  7.63458E-01  8.97003E-01  9.63248E-01  9.95997E-01      -9.99630E-01  1.00000E+00
  3.94552E-01  7.37180E-01  8.76385E-01  9.57630E-01  9.95648E-01      -9.59900E-01  1.00000E+00


   74. 183.84   74. 183.84  1.00E+03  4.50E+01  1.68E-01  2.97E-02     5   0.00

  2.07520E+01  6.94760E+01  1.41160E+02  2.42020E+02  3.92580E+02       6.35730E-02  7.21270E+02

  3.43810E-01  5.81150E-01  7.32435E-01  8.51095E-01  9.53290E-01       3.41690E-03  9.99980E-01
  3.25955E-01  5.43325E-01  6.88285E-01  8.09265E-01  9.29155E-01       4.15720E-03  9.99990E-01
  2.86475E-01  4.79490E-01  6.14895E-01  7.36000E-01  8.74070E-01       2.57570E-03  9.99970E-01
  2.21870E-01  3.95265E-01  5.18310E-01  6.30720E-01  7.75595E-01       1.45770E-03  9.99570E-01
  1.61570E-01  2.86480E-01  3.78620E-01  4.72925E-01  6.14570E-01       1.12800E-03  9.92340E-01

 -5.96727E-01  8.31362E-02  5.40698E-01  8.42400E-01  9.81450E-01      -1.00000E+00  1.00000E+00
 -6.79120E-01  1.26342E-02  4.95955E-01  8.18293E-01  9.79113E-01      -1.00000E+00  1.00000E+00
 -7.23683E-01 -1.96650E-02  4.72367E-01  8.10563E-01  9.79048E-01      -1.00000E+00  1.00000E+00
 -7.99333E-01 -1.25380E-01  4.26130E-01  7.87663E-01  9.74087E-01      -1.00000E+00  1.00000E+00
 -8.84357E-01 -3.00694E-01  2.94303E-01  7.43095E-01  9.72530E-01      -1.00000E+00  1.00000E+00
 -1.04141E-01  4.58817E-01  7.67950E-01  9.15077E-01  9.87705E-01      -9.99510E-01  1.00000E+00
 -2.01065E-01  3.47433E-01  6.78447E-01  8.86532E-01  9.86910E-01      -9.99990E-01  1.00000E+00
 -2.41010E-01  3.45907E-01  6.76682E-01  8.86645E-01  9.87540E-01      -1.00000E+00  1.00000E+00
 -3.23383E-01  3.33453E-01  6.72063E-01  8.80615E-01  9.87257E-01      -1.00000E+00  1.00000E+00
 -5.75220E-01  1.44506E-01  6.00405E-01  8.67418E-01  9.86085E-01      -1.00000E+00  1.00000E+00
  2.31540E-01  6.54205E-01  8.42965E-01  9.41457E-01  9.91855E-01      -9.73070E-01  1.00000E+00
  1.34249E-01  5.43425E-01  7.81617E-01  9.26292E-01  9.92187E-01      -9.89750E-01  1.00000E+00
  1.15917E-01  5.61022E-01  7.89353E-01  9.24313E-01  9.91812E-01      -9.57030E-01  1.00000E+00
  1.20627E-01  5.87498E-01  8.10970E-01  9.32445E-01  9.91955E-01      -9.89620E-01  1.00000E+00
 -2.17900E-02  5.24667E-01  7.91980E-01  9.30210E-01  9.92880E-01      -1.00000E+00  1.00000E+00
  5.29795E-01  7.98507E-01  9.11175E-01  9.69185E-01  9.96463E-01      -5.58730E-01  1.00000E+00
  4.25970E-01  7.12742E-01  8.66760E-01  9.53628E-01  9.95070E-01      -9.10780E-01  1.00000E+00
  4.35417E-01  7.37060E-01  8.74032E-01  9.55802E-01  9.95092E-01      -8.27540E-01  1.00000E+00
  4.42937E-01  7.56497E-01  8.95858E-01  9.65375E-01  9.95985E-01      -9.93260E-01  1.00000E+00
  4.08832E-01  7.38193E-01  8.85478E-01  9.62150E-01  9.96015E-01      -9.99420E-01  1.00000E+00
  7.71565E-01  9.07185E-01  9.60515E-01  9.87560E-01  9.98625E-01      -1.27110E-01  1.00000E+00
  7.27397E-01  8.77840E-01  9.44120E-01  9.81017E-01  9.97933E-01      -3.35540E-01  1.00000E+00
  7.15232E-01  8.79570E-01  9.45675E-01  9.81245E-01  9.97840E-01      -3.19860E-01  1.00000E+00
  7.08367E-01  8.78685E-01  9.48380E-01  9.83008E-01  9.98040E-01      -3.09000E-01  1.00000E+00
  6.99963E-01  8.70280E-01  9.43123E-01  9.80873E-01  9.97965E-01      -4.74190E-01  1.00000E+00


   74. 183.84   74. 183.84  1.00E+03  6.00E+01  3.60E-01  1.13E-01     5   0.00

  3.99660E+01  1.50300E+02  2.92420E+02  4.48840E+02  6.22890E+02       3.77870E-02  8.78240E+02

  3.61425E-01  5.72510E-01  7.07235E-01  8.28560E-01  9.41040E-01       4.57000E-04  1.00000E+00
  3.38450E-01  5.07790E-01  6.19905E-01  7.39805E-01  8.73665E-01       3.72070E-03  9.99970E-01
  2.77025E-01  4.10240E-01  5.17040E-01  6.29475E-01  7.63435E-01       3.99510E-03  9.99930E-01
  2.06105E-01  3.10515E-01  4.10210E-01  5.07015E-01  6.29600E-01       1.05260E-03  9.61320E-01
  1.13270E-01  2.00430E-01  2.73550E-01  3.47210E-01  4.54110E-01       1.26170E-03  8.55620E-01

 -4.57120E-01  1.69091E-01  5.54013E-01  7.64075E-01  9.66130E-01      -1.00000E+00  1.00000E+00
 -4.26668E-01  2.21988E-01  6.50865E-01  8.78683E-01  9.82337E-01      -1.00000E+00  1.00000E+00
 -5.02435E-01  1.55889E-01  5.80257E-01  8.55190E-01  9.85192E-01      -1.00000E+00  1.00000E+00
 -5.65462E-01  9.71542E-02  5.50647E-01  8.44660E-01  9.82328E-01      -1.00000E+00  1.00000E+00
 -7.41080E-01 -8.12884E-02  4.45540E-01  7.98747E-01  9.77302E-01      -1.00000E+00  1.00000E+00
  6.59120E-02  4.89260E-01  6.91320E-01  7.94227E-01  9.62593E-01      -9.99630E-01  1.00000E+00
  1.33173E-01  5.87173E-01  8.27295E-01  9.28337E-01  9.85595E-01      -9.99910E-01  1.00000E+00
  1.19077E-01  5.46678E-01  7.92860E-01  9.33957E-01  9.93195E-01      -1.00000E+00  1.00000E+00
  1.04369E-01  5.52148E-01  7.84673E-01  9.25623E-01  9.91900E-01      -9.99970E-01  1.00000E+00
  5.80599E-02  5.66462E-01  8.01172E-01  9.31675E-01  9.92422E-01      -1.00000E+00  1.00000E+00
  4.11733E-01  6.94237E-01  8.13878E-01  8.74867E-01  9.64905E-01      -6.91980E-01  1.00000E+00
  4.64925E-01  7.65678E-01  9.09885E-01  9.69032E-01  9.95775E-01      -7.00360E-01  1.00000E+00
  4.42255E-01  7.13910E-01  8.64923E-01  9.55388E-01  9.94932E-01      -8.06580E-01  1.00000E+00
  4.74013E-01  7.46223E-01  8.79565E-01  9.58092E-01  9.95460E-01      -7.88040E-01  1.00000E+00
  5.25983E-01  7.90935E-01  9.05158E-01  9.68673E-01  9.96545E-01      -8.83520E-01  1.00000E+00
  6.90955E-01  8.55923E-01  9.16178E-01  9.49843E-01  9.83177E-01      -2.25240E-01  1.00000E+00
  6.77513E-01  8.53648E-01  9.39843E-01  9.81683E-01  9.98100E-01      -3.36440E-01  1.00000E+00
  6.77248E-01  8.38780E-01  9.23942E-01  9.74172E-01  9.97140E-01      -2.73980E-01  1.00000E+00
  7.01638E-01  8.64212E-01  9.35582E-01  9.77923E-01  9.97490E-01      -2.58650E-01  1.00000E+00
  7.34590E-01  8.89050E-01  9.52403E-01  9.84287E-01  9.98330E-01      -1.91370E-01  1.00000E+00
  8.85683E-01  9.53525E-01  9.78925E-01  9.92265E-01  9.99067E-01       2.79370E-01  1.00000E+00
  8.57997E-01  9.37023E-01  9.72302E-01  9.90595E-01  9.99000E-01       2.26700E-01  1.00000E+00
  8.57787E-01  9.35408E-01  9.71435E-01  9.90138E-01  9.98880E-01       2.67100E-01  1.00000E+00
  8.61762E-01  9.42303E-01  9.73668E-01  9.91313E-01  9.99085E-01       2.68050E-01  1.00000E+00
  8.66433E-01  9.44705E-01  9.75970E-01  9.92090E-01  9.99215E-01       1.92850E-01  1.00000E+00


   74. 183.84   74. 183.84  1.00E+03  7.00E+01  5.78E-01  2.66E-01     5   0.00

  8.11940E+01  2.90850E+02  4.85990E+02  6.46990E+02  7.88530E+02       6.42200E-02  9.50860E+02

  3.46040E-01  5.48680E-01  6.79530E-01  7.84825E-01  9.07065E-01       2.49730E-03  1.00000E+00
  2.96730E-01  4.52540E-01  5.52465E-01  6.44670E-01  7.75520E-01       3.05220E-03  9.99660E-01
  2.35970E-01  3.54405E-01  4.30455E-01  5.20635E-01  6.39650E-01       3.76550E-03  9.45680E-01
  1.71835E-01  2.54110E-01  3.23410E-01  4.01190E-01  5.01335E-01       2.06170E-03  8.38040E-01
  8.56310E-02  1.48740E-01  2.03130E-01  2.59745E-01  3.39495E-01       4.05330E-04  6.72960E-01

 -2.59733E-01  2.60940E-01  5.32778E-01  7.08880E-01  9.59970E-01      -1.00000E+00  1.00000E+00
 -2.35793E-01  3.18680E-01  6.22285E-01  7.80950E-01  9.69248E-01      -1.00000E+00  1.00000E+00
 -1.73514E-01  4.13510E-01  7.26665E-01  8.81707E-01  9.79243E-01      -1.00000E+00  1.00000E+00
 -1.96985E-01  4.02172E-01  7.31360E-01  9.16205E-01  9.91050E-01      -1.00000E+00  1.00000E+00
 -3.62432E-01  2.69217E-01  6.56767E-01  8.80003E-01  9.86765E-01      -1.00000E+00  1.00000E+00
  3.18603E-01  6.00027E-01  7.16112E-01  7.90677E-01  9.57562E-01      -9.31370E-01  1.00000E+00
  3.64093E-01  6.68360E-01  8.11848E-01  8.83698E-01  9.75650E-01      -7.83810E-01  1.00000E+00
  4.56570E-01  7.63385E-01  9.01965E-01  9.60275E-01  9.93792E-01      -8.70700E-01  1.00000E+00
  4.74407E-01  7.53140E-01  8.90812E-01  9.65682E-01  9.96450E-01      -8.61330E-01  1.00000E+00
  5.29558E-01  7.86898E-01  9.03945E-01  9.68212E-01  9.96607E-01      -9.98850E-01  1.00000E+00
  6.20108E-01  7.83235E-01  8.47983E-01  8.88585E-01  9.63590E-01      -2.45680E-01  1.00000E+00
  6.71375E-01  8.45675E-01  9.23800E-01  9.59567E-01  9.89700E-01      -2.84670E-01  1.00000E+00
  6.95447E-01  8.64998E-01  9.46520E-01  9.83575E-01  9.98320E-01      -2.42070E-01  1.00000E+00
  7.12870E-01  8.60753E-01  9.35340E-01  9.78505E-01  9.97590E-01      -1.25400E-01  1.00000E+00
  7.69550E-01  8.99847E-01  9.54830E-01  9.84552E-01  9.98335E-01      -2.94310E-01  1.00000E+00
  8.15890E-01  9.03177E-01  9.36597E-01  9.58295E-01  9.84015E-01       1.93120E-01  1.00000E+00
  8.31785E-01  9.28418E-01  9.70025E-01  9.89432E-01  9.98768E-01       2.08710E-01  1.00000E+00
  8.29010E-01  9.18035E-01  9.62633E-01  9.87602E-01  9.98702E-01       2.98380E-01  1.00000E+00
  8.47257E-01  9.28500E-01  9.66358E-01  9.88598E-01  9.98760E-01       2.42710E-01  1.00000E+00
  8.74650E-01  9.47540E-01  9.76665E-01  9.92277E-01  9.99167E-01       1.97490E-01  1.00000E+00
  9.40660E-01  9.74003E-01  9.87125E-01  9.94810E-01  9.99300E-01       6.07970E-01  1.00000E+00
  9.30690E-01  9.70205E-01  9.87005E-01  9.95697E-01  9.99545E-01       5.93670E-01  1.00000E+00
  9.29218E-01  9.68812E-01  9.85855E-01  9.95247E-01  9.99485E-01       6.09260E-01  1.00000E+00
  9.33250E-01  9.71570E-01  9.87230E-01  9.95735E-01  9.99533E-01       6.43380E-01  1.00000E+00
  9.40142E-01  9.75255E-01  9.89433E-01  9.96425E-01  9.99620E-01       5.08310E-01  1.00000E+00


   74. 183.84   74. 183.84  1.00E+03  8.00E+01  8.73E-01  5.91E-01     5   0.00

  2.67000E+02  5.95760E+02  7.60200E+02  8.57880E+02  9.24940E+02       1.63130E-01  9.80930E+02

  2.94015E-01  4.71910E-01  5.98580E-01  6.98335E-01  8.03965E-01       1.82960E-03  9.99990E-01
  2.29170E-01  3.53115E-01  4.31560E-01  4.96825E-01  5.90090E-01       2.85550E-03  8.95180E-01
  1.74790E-01  2.58380E-01  3.09995E-01  3.67155E-01  4.48185E-01       1.54390E-03  7.19600E-01
  1.12873E-01  1.69260E-01  2.13660E-01  2.63120E-01  3.29935E-01       3.36270E-04  5.68130E-01
  5.12960E-02  9.20605E-02  1.26500E-01  1.63285E-01  2.16900E-01       3.90090E-04  4.39710E-01

  1.89684E-01  4.94690E-01  6.12585E-01  7.11328E-01  9.34425E-01      -1.00000E+00  1.00000E+00
  2.31010E-01  5.59048E-01  6.85588E-01  7.83788E-01  9.52340E-01      -9.99950E-01  1.00000E+00
  3.28915E-01  6.47705E-01  7.71670E-01  8.66868E-01  9.67237E-01      -1.00000E+00  1.00000E+00
  4.36525E-01  7.58350E-01  8.75495E-01  9.51220E-01  9.93760E-01      -1.00000E+00  1.00000E+00
  3.73505E-01  7.70787E-01  9.06540E-01  9.69050E-01  9.96675E-01      -1.00000E+00  1.00000E+00
  7.00260E-01  8.07628E-01  8.48510E-01  8.81572E-01  9.57425E-01      -1.81180E-01  1.00000E+00
  7.45335E-01  8.58187E-01  9.02177E-01  9.32925E-01  9.74530E-01      -6.86710E-02  1.00000E+00
  8.02465E-01  9.10327E-01  9.50677E-01  9.76995E-01  9.95798E-01       7.80600E-03  1.00000E+00
  8.32435E-01  9.31698E-01  9.70647E-01  9.89960E-01  9.98860E-01       1.29640E-01  1.00000E+00
  8.60073E-01  9.41890E-01  9.75172E-01  9.91748E-01  9.99110E-01       1.53360E-01  1.00000E+00
  8.60760E-01  9.13695E-01  9.35130E-01  9.51537E-01  9.78013E-01       5.02560E-01  1.00000E+00
  8.88042E-01  9.45605E-01  9.68400E-01  9.83005E-01  9.95517E-01       5.72410E-01  1.00000E+00
  9.04050E-01  9.59715E-01  9.82715E-01  9.93953E-01  9.99313E-01       4.49000E-01  1.00000E+00
  9.11053E-01  9.60295E-01  9.82452E-01  9.94212E-01  9.99385E-01       5.78530E-01  1.00000E+00
  9.32565E-01  9.71090E-01  9.87250E-01  9.95827E-01  9.99550E-01       4.90100E-01  1.00000E+00
  9.39812E-01  9.66285E-01  9.77687E-01  9.86180E-01  9.95467E-01       7.56570E-01  1.00000E+00
  9.48305E-01  9.77445E-01  9.89575E-01  9.96075E-01  9.99537E-01       7.71380E-01  1.00000E+00
  9.48960E-01  9.77235E-01  9.89945E-01  9.96650E-01  9.99637E-01       7.25010E-01  1.00000E+00
  9.53922E-01  9.79345E-01  9.90675E-01  9.96920E-01  9.99663E-01       7.15270E-01  1.00000E+00
  9.63093E-01  9.84720E-01  9.93323E-01  9.97820E-01  9.99760E-01       7.65340E-01  1.00000E+00
  9.80355E-01  9.91478E-01  9.96077E-01  9.98583E-01  9.99840E-01       8.29260E-01  1.00000E+00
  9.78815E-01  9.91108E-01  9.96095E-01  9.98682E-01  9.99857E-01       8.58890E-01  1.00000E+00
  9.78560E-01  9.90873E-01  9.96020E-01  9.98672E-01  9.99857E-01       8.61980E-01  1.00000E+00
  9.79530E-01  9.91432E-01  9.96282E-01  9.98755E-01  9.99865E-01       8.66190E-01  1.00000E+00
  9.80912E-01  9.92290E-01  9.96700E-01  9.98918E-01  9.99883E-01       8.83440E-01  1.00000E+00


   74. 183.84   74. 183.84  1.00E+03  8.50E+01  9.75E-01  7.88E-01     5   0.00

  5.28310E+02  7.91610E+02  8.85660E+02  9.32350E+02  9.62900E+02       9.27780E-02  9.90730E+02

  2.69440E-01  4.25755E-01  5.21585E-01  5.95405E-01  6.92670E-01       3.22140E-03  9.99740E-01
  1.93470E-01  2.81570E-01  3.29935E-01  3.74600E-01  4.40915E-01       3.49910E-04  6.95860E-01
  1.27710E-01  1.84910E-01  2.21625E-01  2.62675E-01  3.21445E-01       2.17510E-04  5.68150E-01
  7.13655E-02  1.14505E-01  1.49415E-01  1.86555E-01  2.37375E-01       6.33660E-04  4.16580E-01
  3.75390E-02  6.83660E-02  9.36940E-02  1.21005E-01  1.60570E-01       1.83230E-04  3.61410E-01

  5.40867E-01  7.00025E-01  7.76957E-01  8.30295E-01  9.20332E-01      -9.99900E-01  1.00000E+00
  6.08640E-01  7.71925E-01  8.45410E-01  8.94655E-01  9.47122E-01      -9.99990E-01  1.00000E+00
  6.97277E-01  8.54065E-01  9.21830E-01  9.62775E-01  9.91395E-01      -9.99980E-01  1.00000E+00
  7.41350E-01  8.96385E-01  9.54373E-01  9.84665E-01  9.98275E-01      -9.99960E-01  1.00000E+00
  7.33630E-01  8.92937E-01  9.54647E-01  9.85052E-01  9.98345E-01      -9.99990E-01  1.00000E+00
  8.80510E-01  9.19140E-01  9.36092E-01  9.50590E-01  9.74695E-01       4.96080E-01  1.00000E+00
  9.12780E-01  9.51233E-01  9.67693E-01  9.80557E-01  9.93273E-01       5.91990E-01  1.00000E+00
  9.33697E-01  9.70208E-01  9.84638E-01  9.94058E-01  9.99273E-01       5.72330E-01  1.00000E+00
  9.41775E-01  9.76485E-01  9.89732E-01  9.96523E-01  9.99618E-01       6.65870E-01  1.00000E+00
  9.49457E-01  9.79500E-01  9.91360E-01  9.97215E-01  9.99707E-01       6.17020E-01  1.00000E+00
  9.48527E-01  9.67502E-01  9.76355E-01  9.84042E-01  9.95355E-01       7.85220E-01  1.00000E+00
  9.61248E-01  9.81350E-01  9.89902E-01  9.95605E-01  9.99382E-01       7.56440E-01  1.00000E+00
  9.64938E-01  9.85448E-01  9.93460E-01  9.97770E-01  9.99755E-01       7.81080E-01  1.00000E+00
  9.67472E-01  9.86263E-01  9.93945E-01  9.97992E-01  9.99783E-01       8.26270E-01  1.00000E+00
  9.72605E-01  9.88762E-01  9.95093E-01  9.98393E-01  9.99830E-01       8.35600E-01  1.00000E+00
  9.77768E-01  9.88142E-01  9.93095E-01  9.96793E-01  9.99570E-01       8.80990E-01  1.00000E+00
  9.79675E-01  9.90962E-01  9.95807E-01  9.98530E-01  9.99833E-01       8.93450E-01  1.00000E+00
  9.79975E-01  9.91362E-01  9.96145E-01  9.98707E-01  9.99857E-01       8.98780E-01  1.00000E+00
  9.81302E-01  9.91987E-01  9.96467E-01  9.98818E-01  9.99875E-01       8.88820E-01  1.00000E+00
  9.84040E-01  9.93428E-01  9.97145E-01  9.99047E-01  9.99895E-01       9.09200E-01  1.00000E+00
  9.91077E-01  9.96255E-01  9.98332E-01  9.99440E-01  9.99940E-01       9.29240E-01  1.00000E+00
  9.90630E-01  9.96103E-01  9.98302E-01  9.99435E-01  9.99940E-01       9.32310E-01  1.00000E+00
  9.90742E-01  9.96130E-01  9.98333E-01  9.99455E-01  9.99940E-01       9.24650E-01  1.00000E+00
  9.90868E-01  9.96237E-01  9.98363E-01  9.99467E-01  9.99945E-01       9.44220E-01  1.00000E+00
  9.91572E-01  9.96565E-01  9.98535E-01  9.99520E-01  9.99950E-01       9.40870E-01  1.00000E+00


   74. 183.84   74. 183.84  2.00E+03  0.00E+00  2.66E-02  1.00E-03     5   0.00

  9.61740E+00  2.65680E+01  5.09100E+01  9.13390E+01  1.76900E+02       8.82610E-02  6.28140E+02

  3.52355E-01  5.88385E-01  7.36925E-01  8.58030E-01  9.56910E-01       6.78190E-03  9.99990E-01
  3.79625E-01  6.07700E-01  7.56430E-01  8.68595E-01  9.59765E-01       1.13500E-02  1.00000E+00
  3.86235E-01  6.02480E-01  7.45100E-01  8.59280E-01  9.55055E-01       1.32030E-02  9.99970E-01
  3.86465E-01  5.89145E-01  7.23205E-01  8.39550E-01  9.47270E-01       1.50190E-02  9.99800E-01
  3.78105E-01  5.57380E-01  6.82580E-01  7.96405E-01  9.17025E-01       9.28570E-03  9.99750E-01

 -9.60592E-01 -5.79198E-01 -8.99050E-03  6.05403E-01  9.40605E-01      -1.00000E+00  9.99770E-01
 -9.48482E-01 -5.62675E-01  5.00107E-02  6.22208E-01  9.54788E-01      -9.99990E-01  9.99940E-01
 -9.53570E-01 -6.19312E-01 -2.01991E-02  5.64327E-01  9.49230E-01      -1.00000E+00  9.99410E-01
 -9.46205E-01 -5.87118E-01  7.90053E-03  5.85645E-01  9.48705E-01      -1.00000E+00  9.99980E-01
 -9.59083E-01 -5.67268E-01  4.43455E-02  6.18040E-01  9.49143E-01      -1.00000E+00  9.99940E-01
 -9.43610E-01 -5.71415E-01  2.69702E-02  5.72348E-01  9.45060E-01      -1.00000E+00  9.99960E-01
 -9.45945E-01 -5.68180E-01 -7.91410E-03  6.10328E-01  9.53673E-01      -1.00000E+00  9.99960E-01
 -9.49213E-01 -5.63658E-01  1.85312E-02  5.91565E-01  9.50247E-01      -1.00000E+00  9.99120E-01
 -9.34377E-01 -5.45238E-01  6.93264E-02  6.49250E-01  9.65755E-01      -1.00000E+00  9.99950E-01
 -9.54165E-01 -6.12965E-01  2.05300E-03  5.79880E-01  9.51603E-01      -1.00000E+00  9.99970E-01
 -9.44433E-01 -6.02860E-01 -3.64073E-03  5.93293E-01  9.59318E-01      -1.00000E+00  9.99770E-01
 -9.56540E-01 -5.88830E-01 -4.19285E-02  5.84020E-01  9.51155E-01      -1.00000E+00  9.99940E-01
 -9.40543E-01 -5.47937E-01  5.18395E-02  6.07865E-01  9.50882E-01      -1.00000E+00  9.99840E-01
 -9.49898E-01 -5.40933E-01  4.48793E-02  6.20225E-01  9.58303E-01      -9.99990E-01  9.99940E-01
 -9.43270E-01 -5.88642E-01 -1.16695E-02  5.60175E-01  9.49300E-01      -9.99990E-01  9.99690E-01
 -9.45420E-01 -5.79247E-01 -2.26952E-02  5.89367E-01  9.56748E-01      -9.99990E-01  9.99970E-01
 -9.45118E-01 -5.96073E-01 -5.83783E-02  5.82327E-01  9.47277E-01      -9.99990E-01  9.99990E-01
 -9.48265E-01 -5.93400E-01 -1.82940E-03  5.60805E-01  9.46913E-01      -1.00000E+00  9.99450E-01
 -9.48030E-01 -6.24520E-01 -8.93145E-02  5.39948E-01  9.40687E-01      -1.00000E+00  9.99930E-01
 -9.41747E-01 -5.90095E-01  1.41465E-02  6.16320E-01  9.56348E-01      -1.00000E+00  9.99880E-01
 -9.47937E-01 -5.87075E-01 -2.30493E-02  5.76215E-01  9.45462E-01      -1.00000E+00  9.99870E-01
 -9.40172E-01 -5.44253E-01  7.98972E-02  6.31605E-01  9.55412E-01      -9.99970E-01  9.99990E-01
 -9.59230E-01 -5.98632E-01 -6.19418E-02  5.45710E-01  9.49303E-01      -1.00000E+00  9.99960E-01
 -9.52495E-01 -6.17095E-01 -1.09062E-02  5.75990E-01  9.48865E-01      -9.99990E-01  9.99800E-01
 -9.46690E-01 -6.04290E-01 -3.04545E-02  6.12415E-01  9.49345E-01      -1.00000E+00  9.99970E-01


   74. 183.84   74. 183.84  2.00E+03  3.00E+01  7.18E-02  6.46E-03     5   0.00

  1.67360E+01  5.62510E+01  1.21680E+02  2.29010E+02  4.36000E+02       4.13170E-02  1.09700E+03

  3.72775E-01  6.07960E-01  7.57220E-01  8.66265E-01  9.59655E-01       9.25060E-03  9.99980E-01
  3.95955E-01  6.16735E-01  7.52150E-01  8.59755E-01  9.53865E-01       4.24150E-03  1.00000E+00
  3.65790E-01  5.69280E-01  7.06630E-01  8.22070E-01  9.38740E-01       4.66980E-03  9.99990E-01
  3.07890E-01  4.96230E-01  6.27820E-01  7.49745E-01  8.94045E-01       3.14320E-03  9.99970E-01
  2.48615E-01  3.94990E-01  5.07820E-01  6.24760E-01  7.80905E-01       4.86300E-03  9.98790E-01

 -8.30533E-01 -1.77180E-01  3.88328E-01  7.74795E-01  9.75490E-01      -1.00000E+00  9.99990E-01
 -8.78442E-01 -2.72390E-01  3.09057E-01  7.40113E-01  9.72643E-01      -1.00000E+00  9.99990E-01
 -8.94305E-01 -3.35897E-01  2.93210E-01  7.41690E-01  9.68400E-01      -1.00000E+00  1.00000E+00
 -9.15647E-01 -3.99070E-01  2.47570E-01  7.23527E-01  9.63450E-01      -1.00000E+00  9.99990E-01
 -9.33022E-01 -4.96698E-01  1.18826E-01  6.47015E-01  9.62522E-01      -1.00000E+00  9.99990E-01
 -5.15525E-01  1.87935E-01  6.12923E-01  8.60405E-01  9.83248E-01      -1.00000E+00  9.99990E-01
 -6.52470E-01  5.59472E-02  5.24060E-01  8.23185E-01  9.82435E-01      -1.00000E+00  1.00000E+00
 -7.10193E-01  8.59825E-03  5.22425E-01  8.32250E-01  9.78772E-01      -1.00000E+00  1.00000E+00
 -7.97810E-01 -9.56532E-02  4.59657E-01  8.07312E-01  9.79208E-01      -1.00000E+00  9.99990E-01
 -8.92482E-01 -3.30572E-01  2.85023E-01  7.37268E-01  9.71658E-01      -1.00000E+00  1.00000E+00
 -1.66192E-01  4.29963E-01  7.35613E-01  9.12508E-01  9.91575E-01      -9.99960E-01  1.00000E+00
 -2.76902E-01  3.40827E-01  6.83775E-01  8.94528E-01  9.88992E-01      -9.99670E-01  1.00000E+00
 -3.71123E-01  3.02652E-01  6.70332E-01  8.85735E-01  9.88185E-01      -1.00000E+00  1.00000E+00
 -4.99718E-01  2.13150E-01  6.32095E-01  8.74518E-01  9.86967E-01      -1.00000E+00  1.00000E+00
 -7.44150E-01 -3.10268E-02  4.88697E-01  8.26402E-01  9.82077E-01      -1.00000E+00  1.00000E+00
  2.32143E-01  6.45227E-01  8.37895E-01  9.46937E-01  9.94800E-01      -9.98520E-01  1.00000E+00
  8.13244E-02  5.78050E-01  8.02840E-01  9.29442E-01  9.91312E-01      -9.99340E-01  1.00000E+00
  1.44503E-02  5.48118E-01  7.90203E-01  9.29482E-01  9.91588E-01      -9.98930E-01  1.00000E+00
 -5.13788E-02  5.05278E-01  7.70810E-01  9.23842E-01  9.91862E-01      -9.99760E-01  1.00000E+00
 -3.47211E-01  3.49345E-01  6.96660E-01  8.98623E-01  9.89440E-01      -9.99980E-01  1.00000E+00
  5.92780E-01  8.33005E-01  9.27520E-01  9.75360E-01  9.97357E-01      -6.16350E-01  1.00000E+00
  4.91500E-01  7.75382E-01  8.99955E-01  9.65782E-01  9.96375E-01      -9.06390E-01  1.00000E+00
  4.40738E-01  7.63427E-01  8.97147E-01  9.66000E-01  9.95695E-01      -8.02210E-01  1.00000E+00
  4.00095E-01  7.32950E-01  8.82920E-01  9.62853E-01  9.95970E-01      -9.52130E-01  1.00000E+00
  3.00115E-01  6.98830E-01  8.71750E-01  9.58435E-01  9.95362E-01      -9.98230E-01  1.00000E+00


   74. 183.84   74. 183.84  2.00E+03  4.50E+01  1.52E-01  2.42E-02     5   0.00

  2.68550E+01  1.04480E+02  2.34650E+02  4.33960E+02  7.51560E+02       5.80010E-02  1.42890E+03

  3.81675E-01  6.13030E-01  7.56270E-01  8.67090E-01  9.59360E-01       4.31600E-03  1.00000E+00
  3.91555E-01  5.91250E-01  7.28380E-01  8.40870E-01  9.45870E-01       7.43650E-03  9.99980E-01
  3.36335E-01  5.18795E-01  6.54840E-01  7.74255E-01  9.04195E-01       5.12840E-03  9.99960E-01
  2.54930E-01  4.28495E-01  5.52515E-01  6.68035E-01  8.15465E-01       4.73900E-03  9.99960E-01
  1.69175E-01  2.98260E-01  3.94965E-01  4.94930E-01  6.41465E-01       2.41470E-03  9.95280E-01

 -7.26125E-01 -5.10775E-02  4.81690E-01  8.13007E-01  9.78695E-01      -1.00000E+00  1.00000E+00
 -7.91948E-01 -1.54397E-01  3.88810E-01  7.77655E-01  9.73530E-01      -1.00000E+00  1.00000E+00
 -8.39790E-01 -2.19110E-01  3.53205E-01  7.62077E-01  9.72997E-01      -1.00000E+00  1.00000E+00
 -8.80587E-01 -2.87778E-01  2.96655E-01  7.34255E-01  9.71213E-01      -1.00000E+00  1.00000E+00
 -9.16800E-01 -4.23945E-01  1.98062E-01  7.06025E-01  9.68330E-01      -1.00000E+00  1.00000E+00
 -2.62575E-01  3.79795E-01  7.25768E-01  8.92540E-01  9.78950E-01      -9.99980E-01  1.00000E+00
 -4.03405E-01  2.31868E-01  6.25323E-01  8.70315E-01  9.85765E-01      -1.00000E+00  1.00000E+00
 -4.68452E-01  2.05710E-01  5.96162E-01  8.57815E-01  9.84475E-01      -1.00000E+00  1.00000E+00
 -5.68530E-01  1.56482E-01  5.75727E-01  8.53298E-01  9.83890E-01      -1.00000E+00  1.00000E+00
 -7.96602E-01 -1.01051E-01  4.60175E-01  8.11157E-01  9.79710E-01      -1.00000E+00  1.00000E+00
  1.36439E-01  6.03640E-01  8.15070E-01  9.22160E-01  9.82360E-01      -9.99020E-01  1.00000E+00
  5.67925E-03  4.95727E-01  7.53815E-01  9.12195E-01  9.90143E-01      -9.99940E-01  1.00000E+00
 -1.58342E-02  4.96160E-01  7.59900E-01  9.19950E-01  9.90975E-01      -9.99680E-01  1.00000E+00
 -5.66855E-02  5.02997E-01  7.69037E-01  9.22085E-01  9.90700E-01      -1.00000E+00  1.00000E+00
 -3.01914E-01  3.69585E-01  7.08910E-01  9.03688E-01  9.89528E-01      -1.00000E+00  1.00000E+00
  4.68135E-01  7.70753E-01  8.90813E-01  9.59775E-01  9.94890E-01      -7.99680E-01  1.00000E+00
  3.45165E-01  6.78503E-01  8.46170E-01  9.46830E-01  9.94435E-01      -9.46980E-01  1.00000E+00
  3.40220E-01  6.90505E-01  8.52320E-01  9.49970E-01  9.94825E-01      -8.55090E-01  1.00000E+00
  3.39445E-01  7.08553E-01  8.72013E-01  9.56330E-01  9.95167E-01      -8.54570E-01  1.00000E+00
  2.57152E-01  6.72465E-01  8.54222E-01  9.52655E-01  9.95308E-01      -9.96370E-01  1.00000E+00
  7.62948E-01  9.03325E-01  9.58082E-01  9.85993E-01  9.98348E-01      -4.51330E-01  1.00000E+00
  6.89705E-01  8.60380E-01  9.38927E-01  9.79708E-01  9.97563E-01      -7.43900E-01  1.00000E+00
  6.79248E-01  8.64988E-01  9.38925E-01  9.79725E-01  9.97842E-01      -3.98420E-01  1.00000E+00
  6.67390E-01  8.56920E-01  9.37840E-01  9.79958E-01  9.97885E-01      -4.95730E-01  1.00000E+00
  6.43163E-01  8.49343E-01  9.34478E-01  9.78517E-01  9.97700E-01      -8.36830E-01  1.00000E+00


   74. 183.84   74. 183.84  2.00E+03  6.00E+01  3.18E-01  9.12E-02     5   0.00

  5.25620E+01  2.32310E+02  5.03120E+02  8.31630E+02  1.21850E+03       2.43750E-02  1.72570E+03

  3.98435E-01  6.11480E-01  7.43150E-01  8.54950E-01  9.53765E-01       3.46820E-03  1.00000E+00
  3.77150E-01  5.51140E-01  6.64920E-01  7.82170E-01  9.07275E-01       7.84070E-03  9.99990E-01
  3.12320E-01  4.50940E-01  5.55365E-01  6.69410E-01  8.06990E-01       8.08270E-04  9.99850E-01
  2.32020E-01  3.35420E-01  4.33690E-01  5.35745E-01  6.64365E-01       3.26250E-03  9.79240E-01
  1.24978E-01  2.06755E-01  2.80700E-01  3.57630E-01  4.67765E-01       1.24180E-03  8.89520E-01

 -6.03705E-01  4.12025E-02  4.83490E-01  7.43908E-01  9.66567E-01      -1.00000E+00  1.00000E+00
 -6.14320E-01  8.56895E-02  5.65445E-01  8.44653E-01  9.77927E-01      -1.00000E+00  1.00000E+00
 -6.75265E-01  4.98750E-03  4.93165E-01  8.27300E-01  9.82313E-01      -1.00000E+00  1.00000E+00
 -7.64085E-01 -1.05185E-01  4.26767E-01  7.88890E-01  9.76788E-01      -1.00000E+00  1.00000E+00
 -8.68660E-01 -2.70612E-01  3.11105E-01  7.48792E-01  9.72708E-01      -1.00000E+00  1.00000E+00
 -4.96613E-02  4.18955E-01  6.51053E-01  7.77578E-01  9.69775E-01      -9.99940E-01  1.00000E+00
 -2.32380E-02  5.07665E-01  7.85523E-01  9.08325E-01  9.84398E-01      -9.99930E-01  1.00000E+00
 -4.26033E-02  4.67433E-01  7.55480E-01  9.21490E-01  9.92173E-01      -9.99930E-01  1.00000E+00
 -9.09840E-02  4.61875E-01  7.41853E-01  9.09930E-01  9.89853E-01      -1.00000E+00  1.00000E+00
 -2.80761E-01  3.68520E-01  7.05093E-01  9.00138E-01  9.89120E-01      -1.00000E+00  1.00000E+00
  3.14145E-01  6.34282E-01  7.72815E-01  8.48572E-01  9.67662E-01      -8.96530E-01  1.00000E+00
  3.80947E-01  7.30950E-01  8.97065E-01  9.60167E-01  9.93715E-01      -9.71520E-01  1.00000E+00
  3.47150E-01  6.78190E-01  8.51385E-01  9.50620E-01  9.94670E-01      -8.95730E-01  1.00000E+00
  3.72695E-01  6.96865E-01  8.56783E-01  9.49967E-01  9.94590E-01      -9.80690E-01  1.00000E+00
  3.91600E-01  7.29463E-01  8.79897E-01  9.59673E-01  9.95775E-01      -9.99530E-01  1.00000E+00
  6.28058E-01  8.16573E-01  8.88262E-01  9.28403E-01  9.76087E-01      -5.70950E-01  1.00000E+00
  6.35622E-01  8.43465E-01  9.39667E-01  9.81775E-01  9.98038E-01      -5.04310E-01  1.00000E+00
  6.27538E-01  8.16915E-01  9.14710E-01  9.70150E-01  9.96713E-01      -5.06610E-01  1.00000E+00
  6.57220E-01  8.38923E-01  9.23945E-01  9.74120E-01  9.97085E-01      -4.70920E-01  1.00000E+00
  6.80643E-01  8.64000E-01  9.40325E-01  9.80313E-01  9.97873E-01      -5.01770E-01  1.00000E+00
  8.80105E-01  9.47167E-01  9.72765E-01  9.87742E-01  9.98050E-01       1.82250E-01  1.00000E+00
  8.48487E-01  9.33847E-01  9.71725E-01  9.91003E-01  9.99092E-01       8.23090E-02  1.00000E+00
  8.40577E-01  9.29640E-01  9.68250E-01  9.89080E-01  9.98812E-01       1.88540E-01  1.00000E+00
  8.49147E-01  9.34815E-01  9.70935E-01  9.89918E-01  9.98890E-01       1.71640E-01  1.00000E+00
  8.51105E-01  9.37965E-01  9.73523E-01  9.91360E-01  9.99075E-01       2.19790E-01  1.00000E+00


   74. 183.84   74. 183.84  2.00E+03  7.00E+01  5.16E-01  2.23E-01     5   0.00

  1.09660E+02  4.83680E+02  8.92930E+02  1.25370E+03  1.57090E+03       8.50760E-02  1.89640E+03

  3.83810E-01  5.87735E-01  7.18165E-01  8.22430E-01  9.33580E-01       4.19130E-03  1.00000E+00
  3.21065E-01  4.82265E-01  5.90440E-01  6.84885E-01  8.16910E-01       4.15950E-03  9.99960E-01
  2.54605E-01  3.79185E-01  4.58275E-01  5.47080E-01  6.70620E-01       6.85240E-03  9.93310E-01
  1.87750E-01  2.70945E-01  3.35485E-01  4.14345E-01  5.19000E-01       3.28270E-03  8.66400E-01
  9.53745E-02  1.52555E-01  2.04865E-01  2.60570E-01  3.41645E-01       3.58330E-04  6.69170E-01

 -4.17580E-01  1.54010E-01  4.78360E-01  7.14615E-01  9.62922E-01      -1.00000E+00  1.00000E+00
 -4.12210E-01  1.92539E-01  5.58520E-01  7.69128E-01  9.71123E-01      -1.00000E+00  1.00000E+00
 -3.98328E-01  2.53166E-01  6.46355E-01  8.51350E-01  9.77138E-01      -1.00000E+00  1.00000E+00
 -4.29729E-01  2.35843E-01  6.47868E-01  8.85240E-01  9.88285E-01      -1.00000E+00  1.00000E+00
 -6.21725E-01  4.18275E-02  5.20285E-01  8.26402E-01  9.80735E-01      -1.00000E+00  1.00000E+00
  2.13240E-01  5.41613E-01  6.71800E-01  7.72200E-01  9.65847E-01      -9.99980E-01  1.00000E+00
  2.60073E-01  6.05555E-01  7.72995E-01  8.59838E-01  9.76475E-01      -9.66090E-01  1.00000E+00
  3.46735E-01  7.01325E-01  8.69743E-01  9.43865E-01  9.90430E-01      -9.69210E-01  1.00000E+00
  3.67790E-01  7.05405E-01  8.75110E-01  9.60073E-01  9.95888E-01      -9.77230E-01  1.00000E+00
  3.85535E-01  7.22625E-01  8.75898E-01  9.58443E-01  9.95688E-01      -1.00000E+00  1.00000E+00
  5.61113E-01  7.46290E-01  8.17887E-01  8.65408E-01  9.67542E-01      -3.39570E-01  1.00000E+00
  6.10777E-01  8.11878E-01  8.99105E-01  9.41972E-01  9.86093E-01      -3.91920E-01  1.00000E+00
  6.61648E-01  8.56320E-01  9.44965E-01  9.81755E-01  9.97985E-01      -5.19220E-01  1.00000E+00
  6.68570E-01  8.43092E-01  9.28490E-01  9.76920E-01  9.97585E-01      -4.77470E-01  1.00000E+00
  7.21985E-01  8.79430E-01  9.45390E-01  9.81527E-01  9.97985E-01      -5.76800E-01  1.00000E+00
  7.85470E-01  8.82038E-01  9.18827E-01  9.44053E-01  9.77975E-01       1.07560E-02  1.00000E+00
  8.13195E-01  9.21503E-01  9.64958E-01  9.85565E-01  9.97815E-01       1.22910E-01  1.00000E+00
  8.13752E-01  9.13083E-01  9.63267E-01  9.88498E-01  9.98855E-01       1.24480E-01  1.00000E+00
  8.27603E-01  9.17710E-01  9.61835E-01  9.87058E-01  9.98633E-01       1.58430E-01  1.00000E+00
  8.61617E-01  9.41418E-01  9.73760E-01  9.91143E-01  9.99027E-01       3.03900E-01  1.00000E+00
  9.36447E-01  9.69870E-01  9.83275E-01  9.92025E-01  9.98463E-01       6.27790E-01  1.00000E+00
  9.29255E-01  9.69143E-01  9.86838E-01  9.95673E-01  9.99540E-01       5.96230E-01  1.00000E+00
  9.25935E-01  9.66615E-01  9.84770E-01  9.94940E-01  9.99450E-01       5.59490E-01  1.00000E+00
  9.29503E-01  9.68947E-01  9.86258E-01  9.95380E-01  9.99490E-01       6.15010E-01  1.00000E+00
  9.37185E-01  9.73980E-01  9.88735E-01  9.96315E-01  9.99610E-01       6.26290E-01  1.00000E+00


   74. 183.84   74. 183.84  2.00E+03  8.00E+01  8.32E-01  5.58E-01     5   0.00

  4.51900E+02  1.16240E+03  1.52520E+03  1.73180E+03  1.86780E+03       5.31900E-02  1.96940E+03

  3.06620E-01  4.85005E-01  6.15865E-01  7.22305E-01  8.29160E-01       1.63530E-03  9.99990E-01
  2.27535E-01  3.52780E-01  4.38650E-01  5.06460E-01  5.98545E-01       3.04670E-03  9.19610E-01
  1.74725E-01  2.58560E-01  3.10705E-01  3.64550E-01  4.45185E-01       1.32650E-03  7.03840E-01
  1.19985E-01  1.71100E-01  2.10635E-01  2.56175E-01  3.18140E-01       1.35460E-03  5.58860E-01
  5.20000E-02  8.80990E-02  1.18558E-01  1.51100E-01  1.98705E-01       3.56760E-04  4.00900E-01

  1.02387E-01  4.44468E-01  5.73603E-01  6.89207E-01  9.36250E-01      -1.00000E+00  1.00000E+00
  1.25735E-01  4.99663E-01  6.45107E-01  7.64972E-01  9.61990E-01      -1.00000E+00  1.00000E+00
  1.96650E-01  5.81332E-01  7.30032E-01  8.41827E-01  9.68488E-01      -1.00000E+00  1.00000E+00
  2.97893E-01  6.97272E-01  8.41810E-01  9.36357E-01  9.91000E-01      -1.00000E+00  1.00000E+00
  1.78204E-01  6.77878E-01  8.68070E-01  9.57370E-01  9.95575E-01      -1.00000E+00  1.00000E+00
  6.75385E-01  7.87405E-01  8.31277E-01  8.67853E-01  9.58152E-01      -1.26800E-01  1.00000E+00
  7.13643E-01  8.35658E-01  8.82437E-01  9.17560E-01  9.73047E-01      -1.64900E-01  1.00000E+00
  7.80783E-01  8.94657E-01  9.37035E-01  9.67228E-01  9.91502E-01      -3.27180E-02  1.00000E+00
  8.25013E-01  9.27910E-01  9.67640E-01  9.88175E-01  9.98640E-01      -3.43090E-02  1.00000E+00
  8.54185E-01  9.40273E-01  9.74832E-01  9.91735E-01  9.99122E-01      -1.39430E-01  1.00000E+00
  8.54762E-01  9.07313E-01  9.29143E-01  9.46180E-01  9.77932E-01       3.98130E-01  1.00000E+00
  8.80455E-01  9.38515E-01  9.62128E-01  9.77610E-01  9.92818E-01       3.56470E-01  1.00000E+00
  9.02140E-01  9.58740E-01  9.81232E-01  9.92960E-01  9.99152E-01       5.37760E-01  1.00000E+00
  9.12082E-01  9.60773E-01  9.82912E-01  9.94478E-01  9.99413E-01       5.79240E-01  1.00000E+00
  9.31787E-01  9.70857E-01  9.87265E-01  9.95650E-01  9.99540E-01       5.43800E-01  1.00000E+00
  9.39218E-01  9.64558E-01  9.75230E-01  9.83528E-01  9.93287E-01       7.39590E-01  1.00000E+00
  9.48995E-01  9.77005E-01  9.89032E-01  9.95680E-01  9.99448E-01       7.73460E-01  1.00000E+00
  9.50987E-01  9.77988E-01  9.90468E-01  9.96795E-01  9.99650E-01       7.71380E-01  1.00000E+00
  9.56245E-01  9.80210E-01  9.90925E-01  9.96957E-01  9.99665E-01       7.69180E-01  1.00000E+00
  9.66005E-01  9.85692E-01  9.93785E-01  9.97915E-01  9.99775E-01       7.99000E-01  1.00000E+00
  9.83315E-01  9.92197E-01  9.96080E-01  9.98457E-01  9.99810E-01       8.97050E-01  1.00000E+00
  9.81843E-01  9.92293E-01  9.96657E-01  9.98895E-01  9.99880E-01       8.81020E-01  1.00000E+00
  9.81255E-01  9.91900E-01  9.96468E-01  9.98820E-01  9.99877E-01       8.86050E-01  1.00000E+00
  9.82240E-01  9.92552E-01  9.96750E-01  9.98912E-01  9.99883E-01       8.86960E-01  1.00000E+00
  9.83700E-01  9.93378E-01  9.97180E-01  9.99070E-01  9.99903E-01       8.82930E-01  1.00000E+00


   74. 183.84   74. 183.84  2.00E+03  8.50E+01  9.74E-01  8.15E-01     5   0.00

  1.14070E+03  1.66670E+03  1.83280E+03  1.90830E+03  1.95120E+03       2.36600E-01  1.98480E+03

  2.54725E-01  4.04710E-01  5.00780E-01  5.74670E-01  6.75550E-01       3.47040E-03  1.00000E+00
  1.74655E-01  2.53895E-01  2.98195E-01  3.38940E-01  3.97225E-01       2.14220E-03  6.28870E-01
  1.16935E-01  1.62740E-01  1.93515E-01  2.27795E-01  2.76255E-01       6.36970E-04  4.65640E-01
  6.32540E-02  9.77190E-02  1.25510E-01  1.54985E-01  1.94950E-01       2.69910E-04  3.64910E-01
  3.01725E-02  5.49875E-02  7.51080E-02  9.63010E-02  1.26940E-01       1.79200E-04  2.66210E-01

  5.68178E-01  7.22678E-01  7.95633E-01  8.44972E-01  9.25347E-01      -1.00000E+00  1.00000E+00
  6.19298E-01  7.81108E-01  8.55708E-01  9.02667E-01  9.51000E-01      -9.99890E-01  1.00000E+00
  7.00568E-01  8.62840E-01  9.27955E-01  9.66840E-01  9.92325E-01      -9.98430E-01  1.00000E+00
  7.38167E-01  8.98705E-01  9.56848E-01  9.85752E-01  9.98437E-01      -1.00000E+00  1.00000E+00
  7.01623E-01  8.83337E-01  9.51505E-01  9.84460E-01  9.98393E-01      -9.99980E-01  1.00000E+00
  9.05170E-01  9.34122E-01  9.47715E-01  9.59387E-01  9.78047E-01       6.19050E-01  1.00000E+00
  9.29985E-01  9.59735E-01  9.73090E-01  9.83663E-01  9.93885E-01       6.48280E-01  1.00000E+00
  9.47595E-01  9.75365E-01  9.87132E-01  9.94932E-01  9.99395E-01       6.52840E-01  1.00000E+00
  9.55622E-01  9.81763E-01  9.91875E-01  9.97248E-01  9.99698E-01       6.61030E-01  1.00000E+00
  9.62010E-01  9.84718E-01  9.93505E-01  9.97880E-01  9.99775E-01       7.53670E-01  1.00000E+00
  9.63008E-01  9.76403E-01  9.82617E-01  9.87975E-01  9.95340E-01       8.52250E-01  1.00000E+00
  9.71917E-01  9.86522E-01  9.92722E-01  9.96845E-01  9.99540E-01       8.44480E-01  1.00000E+00
  9.75033E-01  9.89372E-01  9.95265E-01  9.98380E-01  9.99823E-01       8.69830E-01  1.00000E+00
  9.77180E-01  9.90200E-01  9.95675E-01  9.98570E-01  9.99845E-01       8.65610E-01  1.00000E+00
  9.81530E-01  9.92285E-01  9.96630E-01  9.98897E-01  9.99880E-01       8.70720E-01  1.00000E+00
  9.85642E-01  9.92202E-01  9.95352E-01  9.97735E-01  9.99660E-01       9.23760E-01  1.00000E+00
  9.86573E-01  9.94117E-01  9.97313E-01  9.99055E-01  9.99895E-01       9.29030E-01  1.00000E+00
  9.86703E-01  9.94190E-01  9.97453E-01  9.99140E-01  9.99910E-01       9.26290E-01  1.00000E+00
  9.87880E-01  9.94810E-01  9.97715E-01  9.99245E-01  9.99920E-01       9.33790E-01  1.00000E+00
  9.89750E-01  9.95767E-01  9.98177E-01  9.99400E-01  9.99933E-01       9.36750E-01  1.00000E+00
  9.94880E-01  9.97833E-01  9.99058E-01  9.99682E-01  9.99967E-01       9.66200E-01  1.00000E+00
  9.94477E-01  9.97683E-01  9.98980E-01  9.99663E-01  9.99965E-01       9.60630E-01  1.00000E+00
  9.94355E-01  9.97655E-01  9.98960E-01  9.99652E-01  9.99962E-01       9.57790E-01  1.00000E+00
  9.94525E-01  9.97730E-01  9.99012E-01  9.99670E-01  9.99965E-01       9.65990E-01  1.00000E+00
  9.94845E-01  9.97910E-01  9.99112E-01  9.99707E-01  9.99970E-01       9.61330E-01  1.00000E+00


   74. 183.84   74. 183.84  5.00E+03  0.00E+00  2.63E-02  9.45E-04     5   0.00

  1.49710E+01  4.92600E+01  1.07080E+02  2.09380E+02  4.51540E+02       1.14190E-01  1.72700E+03

  3.85585E-01  6.21840E-01  7.63755E-01  8.72200E-01  9.61655E-01       5.25790E-03  9.99980E-01
  4.33205E-01  6.48275E-01  7.79020E-01  8.77745E-01  9.62775E-01       1.57410E-02  1.00000E+00
  4.42960E-01  6.37445E-01  7.67605E-01  8.72245E-01  9.58895E-01       9.50770E-03  9.99920E-01
  4.25660E-01  6.19420E-01  7.46385E-01  8.53825E-01  9.52675E-01       1.40730E-02  9.99990E-01
  3.96715E-01  5.69715E-01  6.87065E-01  7.95865E-01  9.21755E-01       3.27260E-02  9.99900E-01

 -9.57298E-01 -6.07762E-01 -1.04408E-02  5.59545E-01  9.54552E-01      -1.00000E+00  9.99890E-01
 -9.41538E-01 -5.60437E-01  1.33260E-02  5.79012E-01  9.44330E-01      -1.00000E+00  9.99960E-01
 -9.53470E-01 -6.16875E-01 -5.47773E-02  5.39810E-01  9.42040E-01      -1.00000E+00  9.99860E-01
 -9.38325E-01 -5.32075E-01  6.49118E-02  6.36023E-01  9.51377E-01      -1.00000E+00  9.99930E-01
 -9.46625E-01 -5.72620E-01  8.24770E-03  5.88267E-01  9.43465E-01      -9.99990E-01  9.99930E-01
 -9.51215E-01 -5.94980E-01  1.16963E-02  6.08853E-01  9.46703E-01      -1.00000E+00  9.99980E-01
 -9.53897E-01 -5.41713E-01  4.22800E-02  6.20655E-01  9.56098E-01      -1.00000E+00  9.99850E-01
 -9.43312E-01 -5.57988E-01  6.36650E-03  5.97635E-01  9.52167E-01      -1.00000E+00  9.99950E-01
 -9.52290E-01 -5.81050E-01  5.29025E-03  5.60190E-01  9.50800E-01      -1.00000E+00  9.99990E-01
 -9.47890E-01 -5.55070E-01 -4.39983E-03  5.93550E-01  9.50473E-01      -1.00000E+00  9.99960E-01
 -9.53792E-01 -5.63650E-01  4.30037E-02  6.18932E-01  9.60915E-01      -1.00000E+00  9.99300E-01
 -9.47095E-01 -5.61323E-01  5.05973E-02  6.03490E-01  9.54187E-01      -1.00000E+00  9.99820E-01
 -9.46150E-01 -5.93955E-01 -2.92070E-03  5.90892E-01  9.53838E-01      -1.00000E+00  9.99960E-01
 -9.44397E-01 -5.11273E-01  5.97023E-02  6.08127E-01  9.55477E-01      -1.00000E+00  9.99850E-01
 -9.41660E-01 -6.07680E-01 -3.78185E-02  5.58870E-01  9.40810E-01      -1.00000E+00  9.99970E-01
 -9.49622E-01 -5.90465E-01  1.44397E-02  5.79835E-01  9.44770E-01      -1.00000E+00  9.99680E-01
 -9.47097E-01 -5.76493E-01  2.39300E-02  5.89760E-01  9.41202E-01      -1.00000E+00  9.99990E-01
 -9.61655E-01 -6.42877E-01 -2.95736E-02  5.65793E-01  9.55923E-01      -1.00000E+00  9.99950E-01
 -9.47885E-01 -5.60530E-01  1.50546E-02  6.01552E-01  9.52168E-01      -9.99990E-01  9.99910E-01
 -9.40650E-01 -5.79313E-01  6.37973E-03  5.80693E-01  9.47852E-01      -1.00000E+00  9.99900E-01
 -9.42878E-01 -6.05508E-01 -3.04883E-02  5.64298E-01  9.47840E-01      -1.00000E+00  9.99970E-01
 -9.51383E-01 -6.05115E-01 -2.39588E-02  5.71945E-01  9.51250E-01      -1.00000E+00  9.99970E-01
 -9.32745E-01 -5.57740E-01 -3.71257E-02  5.92910E-01  9.55187E-01      -9.99920E-01  9.99960E-01
 -9.48447E-01 -5.88060E-01 -2.06258E-02  5.92390E-01  9.56850E-01      -1.00000E+00  9.99990E-01
 -9.47410E-01 -5.83800E-01 -2.57075E-03  6.24190E-01  9.57950E-01      -1.00000E+00  9.99750E-01


   74. 183.84   74. 183.84  5.00E+03  3.00E+01  6.44E-02  5.20E-03     5   0.00

  2.58460E+01  1.04180E+02  2.48540E+02  5.05250E+02  1.02930E+03       9.23270E-02  2.95830E+03

  4.10530E-01  6.41270E-01  7.74945E-01  8.79755E-01  9.63270E-01       2.89150E-03  9.99990E-01
  4.42820E-01  6.47190E-01  7.73825E-01  8.76330E-01  9.60145E-01       3.52230E-03  1.00000E+00
  4.00400E-01  6.05090E-01  7.37930E-01  8.47135E-01  9.50605E-01       9.50830E-03  9.99990E-01
  3.31815E-01  5.29350E-01  6.62180E-01  7.83865E-01  9.16315E-01       5.39520E-03  1.00000E+00
  2.59720E-01  4.12060E-01  5.30700E-01  6.46550E-01  8.02275E-01       8.22330E-03  9.99680E-01

 -8.94778E-01 -3.05770E-01  2.66327E-01  7.23350E-01  9.71313E-01      -1.00000E+00  1.00000E+00
 -9.09728E-01 -3.64705E-01  2.39412E-01  7.17763E-01  9.67407E-01      -1.00000E+00  9.99990E-01
 -9.29383E-01 -4.29427E-01  1.91922E-01  6.77360E-01  9.61970E-01      -1.00000E+00  9.99990E-01
 -9.21930E-01 -4.89397E-01  1.12488E-01  6.73118E-01  9.62180E-01      -1.00000E+00  9.99980E-01
 -9.26805E-01 -5.14295E-01  1.06732E-01  6.58033E-01  9.60063E-01      -1.00000E+00  9.99980E-01
 -6.44813E-01  6.45030E-02  5.62860E-01  8.46942E-01  9.85945E-01      -1.00000E+00  1.00000E+00
 -7.96215E-01 -8.77020E-02  4.49600E-01  7.95472E-01  9.75065E-01      -1.00000E+00  9.99990E-01
 -8.37712E-01 -1.82010E-01  3.90973E-01  7.89017E-01  9.77697E-01      -1.00000E+00  9.99990E-01
 -8.76233E-01 -2.91355E-01  3.41758E-01  7.58103E-01  9.74992E-01      -1.00000E+00  1.00000E+00
 -9.18620E-01 -4.01170E-01  2.10937E-01  7.01640E-01  9.65595E-01      -1.00000E+00  1.00000E+00
 -3.17088E-01  3.56935E-01  7.09685E-01  8.97458E-01  9.87770E-01      -1.00000E+00  1.00000E+00
 -4.66772E-01  2.42270E-01  6.45068E-01  8.75362E-01  9.87453E-01      -1.00000E+00  1.00000E+00
 -5.46225E-01  1.92497E-01  6.28267E-01  8.70090E-01  9.84645E-01      -1.00000E+00  9.99990E-01
 -6.87638E-01  4.92695E-02  5.41180E-01  8.38757E-01  9.81237E-01      -1.00000E+00  9.99990E-01
 -8.64260E-01 -2.47010E-01  3.31437E-01  7.57930E-01  9.69525E-01      -1.00000E+00  1.00000E+00
  1.06641E-01  6.07067E-01  8.27767E-01  9.43372E-01  9.93517E-01      -9.99860E-01  1.00000E+00
 -8.01641E-02  4.60885E-01  7.41143E-01  9.09585E-01  9.90202E-01      -9.99850E-01  1.00000E+00
 -1.27126E-01  4.77150E-01  7.58835E-01  9.21760E-01  9.90707E-01      -9.99950E-01  1.00000E+00
 -2.38980E-01  4.12172E-01  7.20250E-01  9.03598E-01  9.89900E-01      -1.00000E+00  9.99990E-01
 -5.44538E-01  2.18149E-01  6.47060E-01  8.83005E-01  9.86595E-01      -1.00000E+00  1.00000E+00
  5.61695E-01  8.15455E-01  9.19703E-01  9.74145E-01  9.96907E-01      -9.61120E-01  1.00000E+00
  4.21075E-01  7.45192E-01  8.85033E-01  9.61515E-01  9.96097E-01      -8.90170E-01  1.00000E+00
  3.80962E-01  7.34840E-01  8.82240E-01  9.58538E-01  9.95565E-01      -8.80170E-01  1.00000E+00
  3.07399E-01  6.96978E-01  8.66463E-01  9.57157E-01  9.95430E-01      -9.11610E-01  9.99990E-01
  1.79888E-01  6.52650E-01  8.45083E-01  9.52985E-01  9.95408E-01      -9.99490E-01  1.00000E+00


   74. 183.84   74. 183.84  5.00E+03  4.50E+01  1.31E-01  1.86E-02     5   0.00

  4.16550E+01  1.94510E+02  4.80680E+02  9.50390E+02  1.76570E+03       9.47010E-03  3.57390E+03

  4.24500E-01  6.42380E-01  7.75315E-01  8.76880E-01  9.62380E-01       6.56620E-03  9.99990E-01
  4.38180E-01  6.26545E-01  7.56150E-01  8.61270E-01  9.54410E-01       8.73340E-03  9.99990E-01
  3.78520E-01  5.55090E-01  6.86210E-01  8.03975E-01  9.25405E-01       2.11540E-02  9.99980E-01
  2.89775E-01  4.56890E-01  5.87865E-01  7.08155E-01  8.52255E-01       1.12190E-02  9.99930E-01
  1.81765E-01  3.11425E-01  4.14190E-01  5.21745E-01  6.76950E-01       4.17870E-03  9.99720E-01

 -8.26090E-01 -1.97828E-01  3.77928E-01  7.77810E-01  9.71905E-01      -1.00000E+00  1.00000E+00
 -8.81060E-01 -2.85278E-01  3.17917E-01  7.59630E-01  9.70105E-01      -1.00000E+00  1.00000E+00
 -9.01370E-01 -3.35512E-01  2.80810E-01  7.24935E-01  9.66317E-01      -1.00000E+00  1.00000E+00
 -9.16530E-01 -4.13075E-01  2.19502E-01  7.04642E-01  9.63972E-01      -1.00000E+00  1.00000E+00
 -9.32332E-01 -4.81700E-01  1.15642E-01  6.37707E-01  9.58997E-01      -1.00000E+00  1.00000E+00
 -4.36695E-01  2.73338E-01  6.51340E-01  8.62597E-01  9.80063E-01      -1.00000E+00  1.00000E+00
 -5.63370E-01  1.37339E-01  5.66472E-01  8.45822E-01  9.81738E-01      -1.00000E+00  1.00000E+00
 -6.53360E-01  7.03290E-02  5.43890E-01  8.35823E-01  9.80545E-01      -1.00000E+00  1.00000E+00
 -7.61670E-01 -6.34588E-02  4.60315E-01  8.07713E-01  9.78805E-01      -1.00000E+00  1.00000E+00
 -8.69522E-01 -2.67954E-01  3.29798E-01  7.59305E-01  9.73358E-01      -1.00000E+00  1.00000E+00
  6.36775E-03  5.16613E-01  7.65288E-01  9.05185E-01  9.81468E-01      -9.99850E-01  1.00000E+00
 -1.32954E-01  4.21177E-01  7.29342E-01  9.08338E-01  9.90077E-01      -9.99940E-01  1.00000E+00
 -1.77830E-01  4.08065E-01  7.12553E-01  9.02288E-01  9.89577E-01      -1.00000E+00  1.00000E+00
 -2.52008E-01  3.76787E-01  7.07610E-01  8.97765E-01  9.88363E-01      -1.00000E+00  1.00000E+00
 -5.74390E-01  1.74322E-01  6.23028E-01  8.70130E-01  9.85782E-01      -1.00000E+00  1.00000E+00
  3.78740E-01  7.26218E-01  8.67375E-01  9.46418E-01  9.91548E-01      -9.84920E-01  1.00000E+00
  2.70260E-01  6.46393E-01  8.39400E-01  9.43327E-01  9.93293E-01      -9.99990E-01  1.00000E+00
  2.29538E-01  6.42390E-01  8.33385E-01  9.43520E-01  9.94100E-01      -9.97510E-01  1.00000E+00
  2.18335E-01  6.50208E-01  8.45527E-01  9.48125E-01  9.94428E-01      -9.90640E-01  1.00000E+00
  6.30370E-02  5.83830E-01  8.16308E-01  9.39345E-01  9.93458E-01      -9.99990E-01  1.00000E+00
  7.49465E-01  8.94145E-01  9.53460E-01  9.83635E-01  9.98140E-01      -7.34650E-01  1.00000E+00
  6.45853E-01  8.45400E-01  9.30972E-01  9.76900E-01  9.97633E-01      -4.42490E-01  1.00000E+00
  6.26675E-01  8.40810E-01  9.29377E-01  9.75598E-01  9.97330E-01      -7.07970E-01  1.00000E+00
  6.15515E-01  8.37573E-01  9.28115E-01  9.77222E-01  9.97680E-01      -4.46050E-01  1.00000E+00
  5.75025E-01  8.21422E-01  9.20835E-01  9.73440E-01  9.97127E-01      -8.77920E-01  1.00000E+00


   74. 183.84   74. 183.84  5.00E+03  6.00E+01  2.71E-01  6.90E-02     5   0.00

  8.04100E+01  4.30010E+02  1.02990E+03  1.84000E+03  2.90300E+03       8.25690E-02  4.26010E+03

  4.38205E-01  6.45165E-01  7.69250E-01  8.71895E-01  9.60450E-01       5.29040E-03  1.00000E+00
  4.07320E-01  5.85110E-01  7.03105E-01  8.16655E-01  9.32715E-01       3.23100E-03  9.99990E-01
  3.36935E-01  4.87430E-01  5.95425E-01  7.13660E-01  8.52485E-01       1.90130E-02  9.99990E-01
  2.55660E-01  3.68835E-01  4.67590E-01  5.75855E-01  7.15535E-01       7.77590E-03  9.95630E-01
  1.41520E-01  2.17680E-01  2.93740E-01  3.78205E-01  4.99890E-01       1.18650E-03  9.30990E-01

 -7.41898E-01 -1.09554E-01  3.97020E-01  7.35337E-01  9.69750E-01      -1.00000E+00  1.00000E+00
 -7.81367E-01 -1.25627E-01  4.27553E-01  7.90690E-01  9.70665E-01      -1.00000E+00  9.99990E-01
 -8.16965E-01 -1.71361E-01  3.96670E-01  7.88058E-01  9.77797E-01      -1.00000E+00  1.00000E+00
 -8.67200E-01 -2.67139E-01  3.15885E-01  7.50112E-01  9.71005E-01      -1.00000E+00  1.00000E+00
 -9.17435E-01 -3.98945E-01  1.95568E-01  6.92623E-01  9.66808E-01      -1.00000E+00  1.00000E+00
 -2.11640E-01  3.38168E-01  6.11368E-01  7.95247E-01  9.76832E-01      -1.00000E+00  1.00000E+00
 -1.98404E-01  3.90735E-01  7.23250E-01  8.82443E-01  9.83348E-01      -9.99980E-01  1.00000E+00
 -2.47506E-01  3.61407E-01  7.09200E-01  9.09177E-01  9.90535E-01      -1.00000E+00  1.00000E+00
 -3.27735E-01  3.08855E-01  6.74355E-01  8.86513E-01  9.86945E-01      -1.00000E+00  1.00000E+00
 -5.94830E-01  1.26468E-01  5.74358E-01  8.47425E-01  9.83523E-01      -1.00000E+00  1.00000E+00
  2.15940E-01  5.90692E-01  7.42098E-01  8.43820E-01  9.79442E-01      -9.83640E-01  1.00000E+00
  2.70738E-01  6.66715E-01  8.63050E-01  9.44435E-01  9.91038E-01      -9.76420E-01  1.00000E+00
  2.28365E-01  6.34450E-01  8.38485E-01  9.49418E-01  9.94683E-01      -9.98380E-01  1.00000E+00
  2.33417E-01  6.31112E-01  8.28638E-01  9.41078E-01  9.93858E-01      -9.99560E-01  1.00000E+00
  1.50185E-01  6.12862E-01  8.28018E-01  9.42575E-01  9.93877E-01      -9.99950E-01  1.00000E+00
  5.50485E-01  7.70675E-01  8.55730E-01  9.07845E-01  9.78435E-01      -6.68760E-01  1.00000E+00
  5.85488E-01  8.29858E-01  9.34972E-01  9.77413E-01  9.97375E-01      -6.31840E-01  1.00000E+00
  5.58485E-01  7.88933E-01  9.05630E-01  9.68527E-01  9.96702E-01      -4.59390E-01  1.00000E+00
  5.74988E-01  8.07327E-01  9.11728E-01  9.69553E-01  9.96818E-01      -6.23680E-01  1.00000E+00
  5.96020E-01  8.27590E-01  9.25063E-01  9.75363E-01  9.97413E-01      -9.79760E-01  1.00000E+00
  8.52802E-01  9.32038E-01  9.61680E-01  9.81638E-01  9.96365E-01      -1.23180E-02  1.00000E+00
  8.26137E-01  9.29542E-01  9.71785E-01  9.91030E-01  9.99085E-01       1.32380E-01  1.00000E+00
  8.12875E-01  9.18188E-01  9.63353E-01  9.87965E-01  9.98755E-01      -1.78810E-01  1.00000E+00
  8.20695E-01  9.23015E-01  9.66300E-01  9.88600E-01  9.98805E-01      -3.85750E-02  1.00000E+00
  8.23063E-01  9.26855E-01  9.68312E-01  9.89455E-01  9.98815E-01      -9.56520E-02  1.00000E+00


   74. 183.84   74. 183.84  5.00E+03  7.00E+01  4.37E-01  1.70E-01     5   0.00

  1.65000E+02  8.99410E+02  1.89590E+03  2.89850E+03  3.83660E+03       1.75200E-01  4.68120E+03

  4.21900E-01  6.22510E-01  7.50240E-01  8.51955E-01  9.50800E-01       4.68690E-03  1.00000E+00
  3.48660E-01  5.15360E-01  6.33385E-01  7.33705E-01  8.68045E-01       1.11870E-02  9.99990E-01
  2.73555E-01  4.08475E-01  4.99900E-01  5.90940E-01  7.24105E-01       4.98610E-03  9.99640E-01
  2.00625E-01  2.95045E-01  3.61090E-01  4.42410E-01  5.58855E-01       5.92090E-03  9.34290E-01
  1.07350E-01  1.61215E-01  2.10580E-01  2.69055E-01  3.55720E-01       9.72780E-04  7.54350E-01

 -5.75875E-01  3.68125E-02  4.28248E-01  7.40405E-01  9.68348E-01      -1.00000E+00  1.00000E+00
 -6.07137E-01  3.81875E-02  4.87630E-01  7.66587E-01  9.73535E-01      -1.00000E+00  1.00000E+00
 -6.24665E-01  3.44875E-02  5.18985E-01  8.06098E-01  9.72232E-01      -1.00000E+00  1.00000E+00
 -6.51620E-01  2.45000E-04  5.13107E-01  8.36307E-01  9.83047E-01      -1.00000E+00  1.00000E+00
 -8.26462E-01 -2.18540E-01  3.52475E-01  7.63977E-01  9.74782E-01      -1.00000E+00  1.00000E+00
  7.54605E-02  4.71808E-01  6.28505E-01  7.96070E-01  9.74977E-01      -9.99520E-01  1.00000E+00
  1.11923E-01  5.30857E-01  7.29120E-01  8.52223E-01  9.81940E-01      -1.00000E+00  1.00000E+00
  1.83331E-01  6.16613E-01  8.26930E-01  9.22322E-01  9.89025E-01      -9.99970E-01  1.00000E+00
  1.87982E-01  6.22788E-01  8.35452E-01  9.49677E-01  9.94948E-01      -9.99570E-01  1.00000E+00
  7.98443E-02  5.73675E-01  8.08640E-01  9.34837E-01  9.93190E-01      -9.99990E-01  1.00000E+00
  4.67753E-01  6.91773E-01  7.77195E-01  8.49165E-01  9.77073E-01      -5.25610E-01  1.00000E+00
  5.11977E-01  7.55578E-01  8.61478E-01  9.18192E-01  9.86677E-01      -6.33390E-01  1.00000E+00
  5.74750E-01  8.21462E-01  9.26800E-01  9.71615E-01  9.96130E-01      -7.25850E-01  1.00000E+00
  5.80995E-01  8.06928E-01  9.16418E-01  9.73610E-01  9.97173E-01      -6.75460E-01  1.00000E+00
  6.24705E-01  8.37388E-01  9.27035E-01  9.75078E-01  9.97230E-01      -8.84830E-01  1.00000E+00
  7.29260E-01  8.46638E-01  8.90340E-01  9.22848E-01  9.79002E-01      -5.40990E-02  1.00000E+00
  7.66835E-01  8.96845E-01  9.47647E-01  9.75135E-01  9.95295E-01       2.02770E-02  1.00000E+00
  7.81482E-01  9.08832E-01  9.62978E-01  9.88152E-01  9.98700E-01      -8.53740E-02  1.00000E+00
  7.86353E-01  9.00295E-01  9.55210E-01  9.85060E-01  9.98385E-01       1.05490E-01  1.00000E+00
  8.21350E-01  9.24597E-01  9.66997E-01  9.88932E-01  9.98790E-01      -2.73730E-01  1.00000E+00
  9.22487E-01  9.60503E-01  9.76190E-01  9.87397E-01  9.96202E-01       5.07790E-01  1.00000E+00
  9.20075E-01  9.67382E-01  9.85823E-01  9.95107E-01  9.99443E-01       4.38710E-01  1.00000E+00
  9.14937E-01  9.62758E-01  9.83900E-01  9.94825E-01  9.99445E-01       4.74200E-01  1.00000E+00
  9.18595E-01  9.63968E-01  9.83945E-01  9.94485E-01  9.99413E-01       4.80470E-01  1.00000E+00
  9.26223E-01  9.69590E-01  9.86745E-01  9.95533E-01  9.99523E-01       5.26840E-01  1.00000E+00


   74. 183.84   74. 183.84  5.00E+03  8.00E+01  7.43E-01  4.73E-01     5   0.00

  7.39850E+02  2.57640E+03  3.66730E+03  4.28190E+03  4.65820E+03       1.19050E-01  4.92070E+03

  3.34810E-01  5.18245E-01  6.53335E-01  7.66560E-01  8.72280E-01       9.70600E-04  9.99990E-01
  2.28745E-01  3.61620E-01  4.63630E-01  5.44150E-01  6.39840E-01       8.77100E-03  9.85530E-01
  1.73255E-01  2.64235E-01  3.26150E-01  3.80920E-01  4.65190E-01       7.77510E-03  7.93220E-01
  1.25085E-01  1.78360E-01  2.16260E-01  2.59795E-01  3.23745E-01       2.92870E-03  5.73120E-01
  6.04430E-02  9.15030E-02  1.18039E-01  1.47780E-01  1.91915E-01       5.50500E-04  3.97590E-01

 -7.74450E-02  3.48395E-01  5.15100E-01  6.93115E-01  9.54785E-01      -1.00000E+00  1.00000E+00
 -6.93375E-02  3.93575E-01  5.87093E-01  7.68593E-01  9.70583E-01      -1.00000E+00  1.00000E+00
 -5.39775E-02  4.49002E-01  6.61892E-01  8.13825E-01  9.74150E-01      -1.00000E+00  1.00000E+00
  7.75500E-03  5.50605E-01  7.73087E-01  9.01975E-01  9.85833E-01      -1.00000E+00  1.00000E+00
 -8.81225E-02  4.77280E-01  7.74150E-01  9.26025E-01  9.92012E-01      -1.00000E+00  1.00000E+00
  5.94002E-01  7.34642E-01  7.88227E-01  8.38243E-01  9.64950E-01      -5.30970E-01  1.00000E+00
  6.32467E-01  7.84212E-01  8.41897E-01  8.90475E-01  9.79043E-01      -4.86610E-01  1.00000E+00
  7.01097E-01  8.46423E-01  9.01263E-01  9.42230E-01  9.86385E-01      -3.56470E-01  1.00000E+00
  7.78810E-01  9.06130E-01  9.53978E-01  9.82443E-01  9.97922E-01      -2.75350E-01  1.00000E+00
  8.07648E-01  9.23648E-01  9.68243E-01  9.89773E-01  9.98920E-01      -3.58780E-01  1.00000E+00
  8.20940E-01  8.84755E-01  9.09525E-01  9.30397E-01  9.79457E-01       2.34440E-01  1.00000E+00
  8.48412E-01  9.15573E-01  9.42368E-01  9.62592E-01  9.88558E-01       3.72570E-01  1.00000E+00
  8.82700E-01  9.47852E-01  9.72145E-01  9.87775E-01  9.97945E-01       4.26460E-01  1.00000E+00
  8.99493E-01  9.58143E-01  9.82487E-01  9.94192E-01  9.99365E-01       4.80170E-01  1.00000E+00
  9.18847E-01  9.65465E-01  9.84923E-01  9.94962E-01  9.99453E-01       4.86930E-01  1.00000E+00
  9.27320E-01  9.55363E-01  9.67420E-01  9.77060E-01  9.91085E-01       6.39470E-01  1.00000E+00
  9.39543E-01  9.71002E-01  9.84063E-01  9.92515E-01  9.98590E-01       7.02730E-01  1.00000E+00
  9.46365E-01  9.76648E-01  9.89877E-01  9.96495E-01  9.99603E-01       7.31360E-01  1.00000E+00
  9.51565E-01  9.78335E-01  9.90338E-01  9.96770E-01  9.99657E-01       7.58170E-01  1.00000E+00
  9.62580E-01  9.84065E-01  9.92947E-01  9.97607E-01  9.99742E-01       7.45580E-01  1.00000E+00
  9.81642E-01  9.90577E-01  9.94575E-01  9.97410E-01  9.99525E-01       8.95850E-01  1.00000E+00
  9.81560E-01  9.92030E-01  9.96402E-01  9.98757E-01  9.99860E-01       8.89620E-01  1.00000E+00
  9.81050E-01  9.91827E-01  9.96372E-01  9.98787E-01  9.99873E-01       8.90860E-01  1.00000E+00
  9.82313E-01  9.92375E-01  9.96660E-01  9.98877E-01  9.99883E-01       8.97610E-01  1.00000E+00
  9.84350E-01  9.93513E-01  9.97220E-01  9.99073E-01  9.99903E-01       8.96700E-01  1.00000E+00


   74. 183.84   74. 183.84  5.00E+03  8.50E+01  9.54E-01  7.98E-01     5   0.00

  2.72220E+03  4.20410E+03  4.62870E+03  4.81140E+03  4.90610E+03       1.79700E-01  4.96580E+03

  2.33585E-01  3.88080E-01  4.99685E-01  5.82540E-01  6.91430E-01       2.32750E-03  9.99980E-01
  1.56380E-01  2.37130E-01  2.86430E-01  3.27325E-01  3.82790E-01       4.25460E-03  6.21300E-01
  1.09135E-01  1.52195E-01  1.80190E-01  2.09975E-01  2.53500E-01       1.57430E-03  4.34630E-01
  6.59850E-02  9.31455E-02  1.15065E-01  1.38655E-01  1.71595E-01       3.99130E-04  3.09750E-01
  2.77500E-02  4.79725E-02  6.39475E-02  8.04750E-02  1.04383E-01       1.34800E-04  2.13210E-01

  5.32308E-01  6.93880E-01  7.71623E-01  8.26168E-01  9.29192E-01      -9.99940E-01  1.00000E+00
  5.59115E-01  7.39210E-01  8.23582E-01  8.79145E-01  9.51670E-01      -1.00000E+00  1.00000E+00
  6.35938E-01  8.22833E-01  9.00895E-01  9.47400E-01  9.83492E-01      -1.00000E+00  1.00000E+00
  6.82580E-01  8.76575E-01  9.46667E-01  9.82008E-01  9.98060E-01      -1.00000E+00  1.00000E+00
  5.64086E-01  8.44017E-01  9.34698E-01  9.78603E-01  9.97863E-01      -1.00000E+00  1.00000E+00
  9.02035E-01  9.30965E-01  9.44940E-01  9.57225E-01  9.81108E-01       6.14000E-01  1.00000E+00
  9.25453E-01  9.53477E-01  9.66892E-01  9.78038E-01  9.89985E-01       5.21860E-01  1.00000E+00
  9.46685E-01  9.72208E-01  9.84492E-01  9.93295E-01  9.99022E-01       7.04390E-01  1.00000E+00
  9.57280E-01  9.81315E-01  9.91202E-01  9.96883E-01  9.99642E-01       7.35790E-01  1.00000E+00
  9.65500E-01  9.86088E-01  9.94117E-01  9.98040E-01  9.99790E-01       7.33340E-01  1.00000E+00
  9.65417E-01  9.77090E-01  9.82735E-01  9.87750E-01  9.95858E-01       8.65410E-01  1.00000E+00
  9.73607E-01  9.86117E-01  9.91805E-01  9.95973E-01  9.99160E-01       8.64660E-01  1.00000E+00
  9.78125E-01  9.90205E-01  9.95358E-01  9.98282E-01  9.99805E-01       8.81230E-01  1.00000E+00
  9.80545E-01  9.91530E-01  9.96228E-01  9.98738E-01  9.99865E-01       8.90970E-01  1.00000E+00
  9.84452E-01  9.93490E-01  9.97215E-01  9.99067E-01  9.99897E-01       9.07900E-01  1.00000E+00
  9.87560E-01  9.92770E-01  9.95367E-01  9.97467E-01  9.99453E-01       9.41480E-01  1.00000E+00
  9.89045E-01  9.95015E-01  9.97630E-01  9.99143E-01  9.99900E-01       9.45580E-01  1.00000E+00
  9.89472E-01  9.95330E-01  9.97898E-01  9.99285E-01  9.99920E-01       9.43930E-01  1.00000E+00
  9.90625E-01  9.95900E-01  9.98172E-01  9.99385E-01  9.99933E-01       9.48850E-01  1.00000E+00
  9.92313E-01  9.96818E-01  9.98628E-01  9.99550E-01  9.99953E-01       9.46230E-01  1.00000E+00
  9.96630E-01  9.98528E-01  9.99323E-01  9.99762E-01  9.99975E-01       9.77160E-01  1.00000E+00
  9.96190E-01  9.98345E-01  9.99270E-01  9.99753E-01  9.99975E-01       9.74720E-01  1.00000E+00
  9.96113E-01  9.98332E-01  9.99265E-01  9.99750E-01  9.99970E-01       9.66630E-01  1.00000E+00
  9.96193E-01  9.98430E-01  9.99323E-01  9.99775E-01  9.99975E-01       9.75040E-01  1.00000E+00
  9.96557E-01  9.98603E-01  9.99400E-01  9.99800E-01  9.99977E-01       9.74360E-01  1.00000E+00



